"Protein","Weighted_Effect","CI_Lower","CI_Upper","Z_score","P_value","I_squared","LOO_Mean","LOO_CI_Lower","LOO_CI_Upper","N_Studies","Total_N","Studies","N_Unique_Studies","Unique_Study_Names","FDR_BH_Stratified"
"YWHAZ",0.426345969428643,0.376113490704152,0.476578448153134,13.5392202052067,9.17577851591363e-42,0.952039481020904,0.427540529565362,0.38630965235388,0.473160760930071,8,1228,"study_1_EOAD_vs_CN; study_10_EOAD_vs_CN; study_11_EOAD_vs_CN; study_2_EOAD_vs_CN; study_3_Soma_EOAD_vs_CN; study_4_EOAD_vs_CN; study_5_EOAD_vs_CN; study_7_EOAD_vs_CN",4,"study_1; study_11; study_4; study_7",7.23051347053994e-39
"YWHAG",0.433437600045952,0.38355506952281,0.483320130569095,13.0135194467477,1.02509887433067e-38,0.885530479753736,0.435878500770761,0.393135399336203,0.461712931955026,7,1030,"study_1_EOAD_vs_CN; study_11_EOAD_vs_CN; study_2_EOAD_vs_CN; study_3_Soma_EOAD_vs_CN; study_4_EOAD_vs_CN; study_5_EOAD_vs_CN; study_7_EOAD_vs_CN",4,"study_1; study_11; study_4; study_7",4.03888956486285e-36
"PEA15",0.292901551477328,0.243704356985451,0.342098745969205,12.7278573175497,4.14046309021077e-37,0.895413671556285,0.294202766542578,0.279135816616325,0.314681250285554,7,980,"study_1_EOAD_vs_CN; study_11_EOAD_vs_CN; study_2_EOAD_vs_CN; study_3_Soma_EOAD_vs_CN; study_4_EOAD_vs_CN; study_5_EOAD_vs_CN; study_7_EOAD_vs_CN",4,"study_1; study_11; study_4; study_7",1.08756163836203e-34
"YWHAE",0.345439425023188,0.295592136413442,0.395286713632935,12.4623443346622,1.19796449191161e-35,0.835330020090086,0.344594260673934,0.322462298687775,0.375444294685997,7,1014,"study_1_EOAD_vs_CN; study_11_EOAD_vs_CN; study_2_EOAD_vs_CN; study_3_Soma_EOAD_vs_CN; study_4_EOAD_vs_CN; study_5_EOAD_vs_CN; study_7_EOAD_vs_CN",4,"study_1; study_11; study_4; study_7",2.35999004906588e-33
"MAPT",0.551183690401895,0.459401199298013,0.642966181505776,12.071226467296,1.4988363900023e-33,0.874327995829055,0.555880150662485,0.477000826981446,0.651077271293803,8,1164,"study_1_EOAD_vs_CN; study_10_EOAD_vs_CN; study_11_EOAD_vs_CN; study_2_EOAD_vs_CN; study_3_Olink_EOAD_vs_CN; study_4_EOAD_vs_CN; study_5_EOAD_vs_CN; study_7_EOAD_vs_CN",4,"study_1; study_11; study_4; study_7",2.36216615064363e-31
"UCHL1",0.441923194171124,0.379731279991915,0.504115108350333,12.015755943747,2.93671691950003e-33,0.77164268001933,0.44412598456602,0.416251168400879,0.469042565275502,7,946,"study_1_EOAD_vs_CN; study_11_EOAD_vs_CN; study_2_EOAD_vs_CN; study_3_Soma_EOAD_vs_CN; study_4_EOAD_vs_CN; study_5_EOAD_vs_CN; study_7_EOAD_vs_CN",4,"study_1; study_11; study_4; study_7",3.85688822094337e-31
"PGAM1",0.208475010167966,0.171752186348091,0.24519783398784,11.8439764000123,2.31224265780503e-32,0.909695706272067,0.210450184425958,0.171929843907858,0.255027051725178,7,1019,"study_1_EOAD_vs_CN; study_11_EOAD_vs_CN; study_2_EOAD_vs_CN; study_3_Soma_EOAD_vs_CN; study_4_EOAD_vs_CN; study_5_EOAD_vs_CN; study_7_EOAD_vs_CN",4,"study_1; study_11; study_4; study_7",2.60292459192909e-30
"MIF",0.300799625237388,0.249034490262918,0.352564760211857,11.6500894372833,2.2921812773857e-31,0.775191233201763,0.301231938746924,0.238028205537476,0.350694377687911,10,1659,"study_1_EOAD_vs_CN; study_11_EOAD_vs_CN; study_2_EOAD_vs_CN; study_3_Olink_EOAD_vs_CN; study_3_Soma_EOAD_vs_CN; study_4_EOAD_vs_CN; study_5_EOAD_vs_CN; study_7_EOAD_vs_CN; study_8_EOAD_vs_CN; study_9_EOAD_vs_CN",5,"study_1; study_11; study_4; study_7; study_8",4.88234612083153e-29
"SMOC1",0.330137621790924,0.278042529607188,0.382232713974661,11.3266869330595,9.67972146961936e-30,0.894175155661567,0.329998909001457,0.288217981317617,0.358315614964645,9,1244,"study_1_EOAD_vs_CN; study_10_EOAD_vs_CN; study_11_EOAD_vs_CN; study_2_EOAD_vs_CN; study_3_Olink_EOAD_vs_CN; study_3_Soma_EOAD_vs_CN; study_4_EOAD_vs_CN; study_5_EOAD_vs_CN; study_7_EOAD_vs_CN",4,"study_1; study_11; study_4; study_7",9.53452564757507e-28
"DDAH1",0.216333343215083,0.178158345205228,0.254508341224938,11.2392870128468,2.61485651580305e-29,0.909769282717997,0.218239361040937,0.143690939847096,0.303453468254982,10,1626,"study_1_EOAD_vs_CN; study_11_EOAD_vs_CN; study_2_EOAD_vs_CN; study_3_Olink_EOAD_vs_CN; study_3_Soma_EOAD_vs_CN; study_4_EOAD_vs_CN; study_5_EOAD_vs_CN; study_7_EOAD_vs_CN; study_8_EOAD_vs_CN; study_9_EOAD_vs_CN",5,"study_1; study_11; study_4; study_7; study_8",2.78482218933025e-27
"GDI1",0.199785482245388,0.170431092830644,0.229139871660131,11.1203132944733,9.99204933808996e-29,0.946648090890788,0.20001980937745,0.176284311546242,0.220468653715831,7,968,"study_1_EOAD_vs_CN; study_11_EOAD_vs_CN; study_2_EOAD_vs_CN; study_3_Soma_EOAD_vs_CN; study_4_EOAD_vs_CN; study_5_EOAD_vs_CN; study_7_EOAD_vs_CN",4,"study_1; study_11; study_4; study_7",8.74859430934988e-27
"FABP3",0.39523136056953,0.327961758769218,0.462500962369841,11.0393718197518,2.46752172263475e-28,0.884220410729143,0.398984823704887,0.345955556713901,0.4671098276241,7,972,"study_1_EOAD_vs_CN; study_11_EOAD_vs_CN; study_2_EOAD_vs_CN; study_3_Soma_EOAD_vs_CN; study_4_EOAD_vs_CN; study_5_EOAD_vs_CN; study_7_EOAD_vs_CN",4,"study_1; study_11; study_4; study_7",1.94440711743619e-26
"PGK1",0.208151201421136,0.168247270501559,0.248055132340713,10.7622500114299,5.18875659153146e-27,0.879270303257545,0.211179792067978,0.178371240844345,0.251968368840224,8,1205,"study_1_EOAD_vs_CN; study_10_EOAD_vs_CN; study_11_EOAD_vs_CN; study_2_EOAD_vs_CN; study_3_Soma_EOAD_vs_CN; study_4_EOAD_vs_CN; study_5_EOAD_vs_CN; study_7_EOAD_vs_CN",4,"study_1; study_11; study_4; study_7",3.71703654011527e-25
"ENO2",0.186346984101909,0.146318388378871,0.226375579824946,10.4681479319806,1.20986901234749e-25,0.753206399854376,0.186286325575719,0.150344099062345,0.19955144189879,11,1834,"study_1_EOAD_vs_CN; study_10_EOAD_vs_CN; study_11_EOAD_vs_CN; study_2_EOAD_vs_CN; study_3_Olink_EOAD_vs_CN; study_3_Soma_EOAD_vs_CN; study_4_EOAD_vs_CN; study_5_EOAD_vs_CN; study_7_EOAD_vs_CN; study_8_EOAD_vs_CN; study_9_EOAD_vs_CN",5,"study_1; study_11; study_4; study_7; study_8",8.59006998766718e-24
"YWHAB",0.227745916975027,0.192252401456537,0.263239432493517,10.3183108640855,5.82386881608602e-25,0.914131161181275,0.230432546664245,0.189997154759358,0.27765734065381,7,1000,"study_1_EOAD_vs_CN; study_11_EOAD_vs_CN; study_2_EOAD_vs_CN; study_3_Soma_EOAD_vs_CN; study_4_EOAD_vs_CN; study_5_EOAD_vs_CN; study_7_EOAD_vs_CN",4,"study_1; study_11; study_4; study_7",3.82434052256315e-23
"ENO1",0.222424661349856,0.178372079139634,0.266477243560078,10.2997293988216,7.06597850370375e-25,0.879561718538891,0.221019176104082,0.206937984474501,0.241698988086879,8,1159,"study_1_EOAD_vs_CN; study_10_EOAD_vs_CN; study_11_EOAD_vs_CN; study_2_EOAD_vs_CN; study_3_Soma_EOAD_vs_CN; study_4_EOAD_vs_CN; study_5_EOAD_vs_CN; study_7_EOAD_vs_CN",4,"study_1; study_11; study_4; study_7",4.28307004686042e-23
"ITGB2",0.33184739632935,0.265815665859381,0.39787912679932,10.2703135494035,9.58924861677489e-25,0.915179003981928,0.338137357894653,0.229847461433798,0.464089045233116,8,1438,"study_1_EOAD_vs_CN; study_11_EOAD_vs_CN; study_2_EOAD_vs_CN; study_3_Olink_EOAD_vs_CN; study_3_Soma_EOAD_vs_CN; study_5_EOAD_vs_CN; study_8_EOAD_vs_CN; study_9_EOAD_vs_CN",3,"study_1; study_11; study_8",5.47546096017846e-22
"PPIA",0.217052920909105,0.17782957826423,0.256276263553981,10.1459648323188,3.45348758238084e-24,0.908504357938775,0.218198485811042,0.192605196955546,0.236631126528968,8,1230,"study_1_EOAD_vs_CN; study_10_EOAD_vs_CN; study_11_EOAD_vs_CN; study_2_EOAD_vs_CN; study_3_Soma_EOAD_vs_CN; study_4_EOAD_vs_CN; study_5_EOAD_vs_CN; study_7_EOAD_vs_CN",4,"study_1; study_11; study_4; study_7",1.9438201535115e-22
"PEBP1",0.182490587046212,0.143810214777913,0.22117095931451,10.1313777964047,4.00959327072725e-24,0.838842994546594,0.182930347817144,0.139330248700513,0.220392558163502,11,1852,"study_1_EOAD_vs_CN; study_10_EOAD_vs_CN; study_11_EOAD_vs_CN; study_2_EOAD_vs_CN; study_3_Olink_EOAD_vs_CN; study_3_Soma_EOAD_vs_CN; study_4_EOAD_vs_CN; study_5_EOAD_vs_CN; study_7_EOAD_vs_CN; study_8_EOAD_vs_CN; study_9_EOAD_vs_CN",5,"study_1; study_11; study_4; study_7; study_8",2.13510841666226e-22
"PARK7",0.211514291563279,0.154216004577132,0.268812578549425,10.1089011294421,5.04469099616572e-24,0.873741509588733,0.211960984729125,0.162321670089399,0.268411816568394,11,1851,"study_1_EOAD_vs_CN; study_10_EOAD_vs_CN; study_11_EOAD_vs_CN; study_2_EOAD_vs_CN; study_3_Olink_EOAD_vs_CN; study_3_Soma_EOAD_vs_CN; study_4_EOAD_vs_CN; study_5_EOAD_vs_CN; study_7_EOAD_vs_CN; study_8_EOAD_vs_CN; study_9_EOAD_vs_CN",5,"study_1; study_11; study_4; study_7; study_8",2.1490383643666e-22
"MDH1",0.23323829447089,0.187946933487349,0.278529655454431,10.0159046783708,1.29769155350243e-23,0.898168333327792,0.233652390975885,0.190079405086028,0.267895039203097,8,1229,"study_1_EOAD_vs_CN; study_10_EOAD_vs_CN; study_11_EOAD_vs_CN; study_2_EOAD_vs_CN; study_3_Soma_EOAD_vs_CN; study_4_EOAD_vs_CN; study_5_EOAD_vs_CN; study_7_EOAD_vs_CN",4,"study_1; study_11; study_4; study_7",6.81720629439941e-22
"GLO1",0.224446541447123,0.182634919321406,0.266258163572841,9.94245025813514,2.72051592288487e-23,0.912623921068749,0.225249982544069,0.167998893664047,0.279163388287434,10,1633,"study_1_EOAD_vs_CN; study_11_EOAD_vs_CN; study_2_EOAD_vs_CN; study_3_Olink_EOAD_vs_CN; study_3_Soma_EOAD_vs_CN; study_4_EOAD_vs_CN; study_5_EOAD_vs_CN; study_7_EOAD_vs_CN; study_8_EOAD_vs_CN; study_9_EOAD_vs_CN",5,"study_1; study_11; study_4; study_7; study_8",9.65783152624127e-22
"ABL1",0.395167614090289,0.32253703493522,0.467798193245358,9.55137800244526,1.27982473181526e-21,0,NA,NA,NA,3,622,"study_3_Olink_EOAD_vs_CN; study_8_EOAD_vs_CN; study_9_EOAD_vs_CN",2,"study_3_Olink; study_8",1.34125631894239e-18
"LDHA",0.203089070868761,0.152176577349648,0.254001564387873,9.40241529333882,5.33246781545748e-21,0.936577199516525,0.20430817762407,0.117952030817142,0.279644531607118,8,1230,"study_1_EOAD_vs_CN; study_10_EOAD_vs_CN; study_11_EOAD_vs_CN; study_2_EOAD_vs_CN; study_3_Soma_EOAD_vs_CN; study_4_EOAD_vs_CN; study_5_EOAD_vs_CN; study_7_EOAD_vs_CN",4,"study_1; study_11; study_4; study_7",2.51921623191758e-19
"ALDOA",0.232033498765936,0.178087570582952,0.28597942694892,9.40041443732859,5.43485735312168e-21,0.885929709755195,0.235852165508536,0.197653432187283,0.296596026699202,8,1231,"study_1_EOAD_vs_CN; study_10_EOAD_vs_CN; study_11_EOAD_vs_CN; study_2_EOAD_vs_CN; study_3_Soma_EOAD_vs_CN; study_4_EOAD_vs_CN; study_5_EOAD_vs_CN; study_7_EOAD_vs_CN",4,"study_1; study_11; study_4; study_7",2.51921623191758e-19
"PDXP",0.304179812689512,0.243964001372789,0.364395624006236,9.01946102776597,1.89016934357986e-19,0.821090453758636,0.311440255717245,0.230429262195855,0.405510418010366,6,860,"study_1_EOAD_vs_CN; study_11_EOAD_vs_CN; study_2_EOAD_vs_CN; study_3_Soma_EOAD_vs_CN; study_5_EOAD_vs_CN; study_7_EOAD_vs_CN",3,"study_1; study_11; study_7",5.39643347592049e-17
"PKM",0.212936956041287,0.158935654410433,0.266938257672142,8.97640362472185,2.79761643090779e-19,0.860889616309807,0.214193998756376,0.165975258336879,0.260188406735171,8,1231,"study_1_EOAD_vs_CN; study_10_EOAD_vs_CN; study_11_EOAD_vs_CN; study_2_EOAD_vs_CN; study_3_Soma_EOAD_vs_CN; study_4_EOAD_vs_CN; study_5_EOAD_vs_CN; study_7_EOAD_vs_CN",4,"study_1; study_11; study_4; study_7",1.22473430419741e-17
"PFN2",0.230929291177296,0.170678909458348,0.291179672896244,8.61006620862501,7.30183918499969e-18,0.62988773229166,0.231773779996046,0.19483919900665,0.263427337602414,6,891,"study_1_EOAD_vs_CN; study_11_EOAD_vs_CN; study_2_EOAD_vs_CN; study_3_Soma_EOAD_vs_CN; study_5_EOAD_vs_CN; study_7_EOAD_vs_CN",3,"study_1; study_11; study_7",1.38978339154494e-15
"GDA",0.234657198441374,0.16291262564103,0.306401771241718,8.4537111271618,2.82186969685332e-17,0.791130651820834,0.23792504455428,0.175978624559089,0.313048339342044,8,1229,"study_1_EOAD_vs_CN; study_10_EOAD_vs_CN; study_11_EOAD_vs_CN; study_2_EOAD_vs_CN; study_3_Soma_EOAD_vs_CN; study_4_EOAD_vs_CN; study_5_EOAD_vs_CN; study_7_EOAD_vs_CN",4,"study_1; study_11; study_4; study_7",1.17033332690548e-15
"HPRT1",0.203994913966187,0.15336518375262,0.254624644179753,8.29768174166932,1.06162618563195e-16,0.726768135685499,0.207705029408412,0.169255792330434,0.268307137087378,7,1017,"study_1_EOAD_vs_CN; study_11_EOAD_vs_CN; study_2_EOAD_vs_CN; study_3_Soma_EOAD_vs_CN; study_4_EOAD_vs_CN; study_5_EOAD_vs_CN; study_7_EOAD_vs_CN",4,"study_1; study_11; study_4; study_7",4.1828071713899e-15
"SYN1",0.341418775633479,0.248486796494113,0.434350754772846,8.27273166750386,1.30924133938805e-16,0.740570994235264,NA,NA,NA,4,810,"study_1_EOAD_vs_CN; study_11_EOAD_vs_CN; study_2_EOAD_vs_CN; study_5_EOAD_vs_CN",2,"study_1; study_11",6.86042461839339e-14
"SMOC2",0.213754160072306,0.11134850482166,0.316159815322952,8.26017055190301,1.45464471308867e-16,0.956682654220562,0.213714620239014,0.110524380576311,0.380297926004887,8,1322,"study_1_EOAD_vs_CN; study_11_EOAD_vs_CN; study_2_EOAD_vs_CN; study_3_Olink_EOAD_vs_CN; study_3_Soma_EOAD_vs_CN; study_5_EOAD_vs_CN; study_8_EOAD_vs_CN; study_9_EOAD_vs_CN",3,"study_1; study_11; study_8",2.07650532793407e-14
"PPP3CA",0.255340540619073,0.180160797112271,0.330520284125875,8.23343337041191,1.81922584982641e-16,0.631352399777983,0.259783401472364,0.206898964122338,0.316849628233976,6,809,"study_1_EOAD_vs_CN; study_11_EOAD_vs_CN; study_2_EOAD_vs_CN; study_3_Soma_EOAD_vs_CN; study_5_EOAD_vs_CN; study_7_EOAD_vs_CN",3,"study_1; study_11; study_7",2.07755592050176e-14
"CRYM",0.231052890167122,0.168822963441147,0.293282816893097,8.20136851365371,2.37665745573271e-16,0.89509850397691,0.232194374336809,0.151785074404455,0.303187019964998,6,917,"study_1_EOAD_vs_CN; study_11_EOAD_vs_CN; study_2_EOAD_vs_CN; study_4_EOAD_vs_CN; study_5_EOAD_vs_CN; study_7_EOAD_vs_CN",4,"study_1; study_11; study_4; study_7",8.9181241672256e-15
"DLD",0.147723502803123,0.106383420778972,0.189063584827273,8.13673795665513,4.06070305374376e-16,0.884931655073501,0.151823754851266,0.0991326027207206,0.228262038767646,7,1019,"study_1_EOAD_vs_CN; study_11_EOAD_vs_CN; study_2_EOAD_vs_CN; study_3_Soma_EOAD_vs_CN; study_4_EOAD_vs_CN; study_5_EOAD_vs_CN; study_7_EOAD_vs_CN",4,"study_1; study_11; study_4; study_7",1.4544700028864e-14
"NPTX2",-0.35119575916518,-0.444139533986282,-0.258251984344078,-8.09655091235017,5.65393208554981e-16,0.965129909808771,-0.34998690876366,-0.398860834652759,-0.320343445766812,8,1228,"study_1_EOAD_vs_CN; study_10_EOAD_vs_CN; study_11_EOAD_vs_CN; study_2_EOAD_vs_CN; study_3_Soma_EOAD_vs_CN; study_4_EOAD_vs_CN; study_5_EOAD_vs_CN; study_7_EOAD_vs_CN",4,"study_1; study_11; study_4; study_7",1.9370862971362e-14
"GPI",0.237116530967624,0.175990635130249,0.298242426804999,8.03741482535898,9.17536341308579e-16,0.689325838602122,0.240985052404307,0.21416240639863,0.27268355909997,7,1016,"study_1_EOAD_vs_CN; study_10_EOAD_vs_CN; study_11_EOAD_vs_CN; study_2_EOAD_vs_CN; study_3_Soma_EOAD_vs_CN; study_4_EOAD_vs_CN; study_5_EOAD_vs_CN",3,"study_1; study_11; study_4",8.73188751478665e-14
"TMSB10",0.71053625595265,0.544729321189336,0.876343190715964,7.85858785276957,3.88488204376004e-15,0,NA,NA,NA,3,622,"study_3_Olink_EOAD_vs_CN; study_8_EOAD_vs_CN; study_9_EOAD_vs_CN",2,"study_3_Olink; study_8",1.12990679069114e-12
"NEFM",0.341733561628657,0.249297841152929,0.434169282104385,7.84549118656714,4.31262133851582e-15,0,NA,NA,NA,4,810,"study_1_EOAD_vs_CN; study_11_EOAD_vs_CN; study_2_EOAD_vs_CN; study_5_EOAD_vs_CN",2,"study_1; study_11",1.12990679069114e-12
"GAP43",0.236724257227636,0.165064345160118,0.308384169295155,7.8182161131261,5.3577152210194e-15,0.820755091498989,0.242700888050037,0.172000844533694,0.326496394722975,7,1105,"study_1_EOAD_vs_CN; study_10_EOAD_vs_CN; study_11_EOAD_vs_CN; study_2_EOAD_vs_CN; study_3_Soma_EOAD_vs_CN; study_4_EOAD_vs_CN; study_5_EOAD_vs_CN",3,"study_1; study_11; study_4",4.3703648445744e-13
"GLOD4",0.152482573411647,0.115449928339777,0.189515218483517,7.80315554530379,6.03780543156349e-15,0.887799183641948,0.153817270860343,0.12210955690793,0.18836956798257,6,984,"study_1_EOAD_vs_CN; study_11_EOAD_vs_CN; study_2_EOAD_vs_CN; study_4_EOAD_vs_CN; study_5_EOAD_vs_CN; study_7_EOAD_vs_CN",4,"study_1; study_11; study_4; study_7",1.98241278336335e-13
"FKBP1A",0.157373969220429,0.117884805531294,0.196863132909564,7.74820512050684,9.32005044664108e-15,0.899671588235574,0.159971266503439,0.137834126777866,0.195528712212071,6,939,"study_1_EOAD_vs_CN; study_11_EOAD_vs_CN; study_2_EOAD_vs_CN; study_3_Soma_EOAD_vs_CN; study_4_EOAD_vs_CN; study_7_EOAD_vs_CN",4,"study_1; study_11; study_4; study_7",2.93767990078127e-13
"SPON1",0.162276113888892,0.116036964537144,0.20851526324064,7.71392908592833,1.22002280155295e-14,0.864545038289742,0.162256380885609,0.105925591050903,0.194340711200329,11,1852,"study_1_EOAD_vs_CN; study_10_EOAD_vs_CN; study_11_EOAD_vs_CN; study_2_EOAD_vs_CN; study_3_Olink_EOAD_vs_CN; study_3_Soma_EOAD_vs_CN; study_4_EOAD_vs_CN; study_5_EOAD_vs_CN; study_7_EOAD_vs_CN; study_8_EOAD_vs_CN; study_9_EOAD_vs_CN",5,"study_1; study_11; study_4; study_7; study_8",3.71235509615399e-13
"UBE2V1",0.147896751397954,0.105459825605393,0.190333677190514,7.65533424985814,1.92810085994456e-14,0.833299408489705,0.148597763485921,0.107969028425936,0.182756738250425,5,907,"study_1_EOAD_vs_CN; study_11_EOAD_vs_CN; study_3_Soma_EOAD_vs_CN; study_5_EOAD_vs_CN; study_7_EOAD_vs_CN",3,"study_1; study_11; study_7",1.37618198878543e-12
"CALM1",0.184404867859563,0.129225339016058,0.239584396703067,7.64299173256166,2.12231623357955e-14,0.740535549828914,0.187082430295539,0.1558468785426,0.232953367110653,5,1068,"study_1_EOAD_vs_CN; study_10_EOAD_vs_CN; study_11_EOAD_vs_CN; study_4_EOAD_vs_CN; study_7_EOAD_vs_CN",4,"study_1; study_11; study_4; study_7",6.43225073869493e-13
"STMN1",0.230905407500722,0.168282341600571,0.293528473400874,7.60518297975347,2.84501076407496e-14,0.854910440188257,0.229681716667015,0.179988174852381,0.258562347713056,6,955,"study_1_EOAD_vs_CN; study_11_EOAD_vs_CN; study_2_EOAD_vs_CN; study_3_Soma_EOAD_vs_CN; study_5_EOAD_vs_CN; study_7_EOAD_vs_CN",3,"study_1; study_11; study_7",1.805001273652e-12
"SOD2",0.149406627186048,0.105217667255578,0.193595587116518,7.51022217449435,5.90270989087695e-14,0.827530194598657,0.15028246236511,0.0959366123511597,0.196917235142863,11,1824,"study_1_EOAD_vs_CN; study_10_EOAD_vs_CN; study_11_EOAD_vs_CN; study_2_EOAD_vs_CN; study_3_Olink_EOAD_vs_CN; study_3_Soma_EOAD_vs_CN; study_4_EOAD_vs_CN; study_5_EOAD_vs_CN; study_7_EOAD_vs_CN; study_8_EOAD_vs_CN; study_9_EOAD_vs_CN",5,"study_1; study_11; study_4; study_7; study_8",1.57159650844599e-12
"NRGN",0.30404714601875,0.185337044549424,0.422757247488076,7.50861774324406,5.97549280006278e-14,0.974101539806646,NA,NA,NA,5,827,"study_1_EOAD_vs_CN; study_11_EOAD_vs_CN; study_2_EOAD_vs_CN; study_3_Soma_EOAD_vs_CN; study_5_EOAD_vs_CN",2,"study_1; study_11",1.25246329089316e-11
"NEFL_x",0.413062357962884,0.328258171157523,0.497866544768244,7.38607828544322,1.51222778111992e-13,0.901373347428431,0.397634780023049,0.264173815673279,0.499893584108621,3,724,"study_1_EOAD_vs_CN; study_11_EOAD_vs_CN; study_7_EOAD_vs_CN",3,"study_1; study_11; study_7",8.63482063019473e-12
"PCSK2",-0.22128828929123,-0.282763059219813,-0.159813519362647,-7.23161149755064,4.77295989503264e-13,0.49769600230229,-0.22157774759344,-0.237320743354165,-0.204972488777817,8,1140,"study_1_EOAD_vs_CN; study_10_EOAD_vs_CN; study_11_EOAD_vs_CN; study_2_EOAD_vs_CN; study_3_Soma_EOAD_vs_CN; study_4_EOAD_vs_CN; study_5_EOAD_vs_CN; study_7_EOAD_vs_CN",4,"study_1; study_11; study_4; study_7",1.3929971841799e-11
"LDHB",0.112697241186423,0.075101196937308,0.150293285435538,7.21963872550635,5.21258689928283e-13,0.907411923271249,0.11359589019598,0.0569515686960159,0.163545146561904,8,1231,"study_1_EOAD_vs_CN; study_10_EOAD_vs_CN; study_11_EOAD_vs_CN; study_2_EOAD_vs_CN; study_3_Soma_EOAD_vs_CN; study_4_EOAD_vs_CN; study_5_EOAD_vs_CN; study_7_EOAD_vs_CN",4,"study_1; study_11; study_4; study_7",1.46697088451245e-11
"NEDD8",0.158672254707475,0.114552707064088,0.202791802350861,7.19996079662501,6.02298741975719e-13,0.801487964631997,NA,NA,NA,4,775,"study_1_EOAD_vs_CN; study_11_EOAD_vs_CN; study_3_Soma_EOAD_vs_CN; study_5_EOAD_vs_CN",2,"study_1; study_11",1.05201513598426e-10
"GABARAPL2",0.136993488907717,0.101532500052045,0.172454477763389,7.16129121886833,7.99206632750029e-13,0.874973610153016,NA,NA,NA,5,820,"study_1_EOAD_vs_CN; study_11_EOAD_vs_CN; study_2_EOAD_vs_CN; study_3_Soma_EOAD_vs_CN; study_5_EOAD_vs_CN",2,"study_1; study_11",1.1965265016029e-10
"ENOPH1",0.18797169210643,0.134883847452327,0.241059536760534,7.08704212194636,1.3700869219244e-12,0.335092316207465,0.185461175452625,0.171711649342513,0.197023860162692,5,834,"study_1_EOAD_vs_CN; study_11_EOAD_vs_CN; study_2_EOAD_vs_CN; study_5_EOAD_vs_CN; study_7_EOAD_vs_CN",3,"study_1; study_11; study_7",7.11199665835304e-11
"DYNLL2",0.117909663646435,0.0791972377460546,0.156622089546815,7.0581614761516,1.68719935004061e-12,0.616695191442959,0.11898226773513,0.0958632905562771,0.14542461760639,8,1162,"study_1_EOAD_vs_CN; study_10_EOAD_vs_CN; study_11_EOAD_vs_CN; study_2_EOAD_vs_CN; study_3_Soma_EOAD_vs_CN; study_4_EOAD_vs_CN; study_5_EOAD_vs_CN; study_7_EOAD_vs_CN",4,"study_1; study_11; study_4; study_7",4.58452788907587e-11
"PPP3R1",0.314775024113626,0.218821354686679,0.410728693540574,7.03345152466516,2.01485997308348e-12,0,NA,NA,NA,5,578,"study_1_EOAD_vs_CN; study_11_EOAD_vs_CN; study_2_EOAD_vs_CN; study_3_Olink_EOAD_vs_CN; study_3_Soma_EOAD_vs_CN",2,"study_1; study_11",2.44318573917233e-10
"CLEC5A",0.605588274636747,0.452202284914593,0.758974264358902,7.02779985103507,2.0981556920373e-12,0.940017542149403,NA,NA,NA,4,650,"study_2_EOAD_vs_CN; study_3_Olink_EOAD_vs_CN; study_8_EOAD_vs_CN; study_9_EOAD_vs_CN",2,"study_2; study_8",2.44318573917233e-10
"CALB2",0.178569362577793,0.125930799509685,0.2312079256459,7.01009132890616,2.38162609814568e-12,0,0.178672871181372,0.17572594033132,0.183178562633356,6,910,"study_1_EOAD_vs_CN; study_11_EOAD_vs_CN; study_2_EOAD_vs_CN; study_3_Soma_EOAD_vs_CN; study_5_EOAD_vs_CN; study_7_EOAD_vs_CN",3,"study_1; study_11; study_7",1.13325708503432e-10
"SCRN1",0.205093624695632,0.135427801080592,0.274759448310671,6.89766697431715,5.28634921128901e-12,0.856414915113408,NA,NA,NA,4,808,"study_1_EOAD_vs_CN; study_11_EOAD_vs_CN; study_2_EOAD_vs_CN; study_5_EOAD_vs_CN",2,"study_1; study_11",5.54009397343088e-10
"HK1",0.125142931628018,0.0889037074507108,0.161382155805326,6.88237232955955,5.88639143690772e-12,0.679180151849214,0.125235401598256,0.114926746435185,0.134372148253287,6,938,"study_1_EOAD_vs_CN; study_11_EOAD_vs_CN; study_2_EOAD_vs_CN; study_4_EOAD_vs_CN; study_5_EOAD_vs_CN; study_7_EOAD_vs_CN",4,"study_1; study_11; study_4; study_7",1.54615881742776e-10
"SNCG",0.18608397001661,0.134051651952067,0.238116288081153,6.83371820053725,8.27414857266124e-12,0,0.184155777165384,0.172271728201825,0.194675066230437,8,973,"study_1_EOAD_vs_CN; study_11_EOAD_vs_CN; study_2_EOAD_vs_CN; study_3_Olink_EOAD_vs_CN; study_3_Soma_EOAD_vs_CN; study_4_EOAD_vs_CN; study_5_EOAD_vs_CN; study_7_EOAD_vs_CN",4,"study_1; study_11; study_4; study_7",2.10323518556679e-10
"UBE2N",0.153812262506063,0.104027593763453,0.203596931248672,6.81945982755792,9.138346261955e-12,0.881752864753086,0.153075925561994,0.0950661287034514,0.194956088261619,6,891,"study_1_EOAD_vs_CN; study_11_EOAD_vs_CN; study_2_EOAD_vs_CN; study_3_Soma_EOAD_vs_CN; study_5_EOAD_vs_CN; study_7_EOAD_vs_CN",3,"study_1; study_11; study_7",4.01384285813562e-10
"CHI3L1",0.190535230238196,0.139026135615236,0.242044324861156,6.78429072077748,1.16658205136356e-11,0.965259049728151,0.189543840398437,0.146040204488075,0.247549113357909,11,1853,"study_1_EOAD_vs_CN; study_10_EOAD_vs_CN; study_11_EOAD_vs_CN; study_2_EOAD_vs_CN; study_3_Olink_EOAD_vs_CN; study_3_Soma_EOAD_vs_CN; study_4_EOAD_vs_CN; study_5_EOAD_vs_CN; study_7_EOAD_vs_CN; study_8_EOAD_vs_CN; study_9_EOAD_vs_CN",5,"study_1; study_11; study_4; study_7; study_8",2.76091085489377e-10
"SDC4",0.215489593505676,0.140073364893485,0.290905822117867,6.78032957560981,1.19902041496095e-11,0.926727967775047,0.22882610534346,0.0749486197664273,0.39330770060538,6,1085,"study_11_EOAD_vs_CN; study_2_EOAD_vs_CN; study_3_Olink_EOAD_vs_CN; study_5_EOAD_vs_CN; study_8_EOAD_vs_CN; study_9_EOAD_vs_CN",3,"study_11; study_2; study_8",4.89029040673359e-10
"NPEPPS",0.0920591156559223,0.0575075753559756,0.126610655955869,6.78032761169706,1.19903671480494e-11,0.691287258032444,0.0948424934472267,0.0730111194242643,0.134582284183778,6,971,"study_1_EOAD_vs_CN; study_11_EOAD_vs_CN; study_2_EOAD_vs_CN; study_4_EOAD_vs_CN; study_5_EOAD_vs_CN; study_7_EOAD_vs_CN",4,"study_1; study_11; study_4; study_7",2.95262791020716e-10
"SOD1",0.0879673609160054,0.0503249163045827,0.125609805527428,6.66169512294286,2.70687107306131e-11,0.839009736506575,0.0892435752063476,0.0446215830434564,0.146091493890417,11,1852,"study_1_EOAD_vs_CN; study_10_EOAD_vs_CN; study_11_EOAD_vs_CN; study_2_EOAD_vs_CN; study_3_Olink_EOAD_vs_CN; study_3_Soma_EOAD_vs_CN; study_4_EOAD_vs_CN; study_5_EOAD_vs_CN; study_7_EOAD_vs_CN; study_8_EOAD_vs_CN; study_9_EOAD_vs_CN",5,"study_1; study_11; study_4; study_7; study_8",5.76563538562058e-10
"GOT2",0.141726601302477,0.0802523623265875,0.203200840278367,6.6615380304249,2.70976656969966e-11,0,0.143539299315823,0.131491895750075,0.160813239063103,8,1187,"study_1_EOAD_vs_CN; study_10_EOAD_vs_CN; study_11_EOAD_vs_CN; study_2_EOAD_vs_CN; study_3_Soma_EOAD_vs_CN; study_4_EOAD_vs_CN; study_5_EOAD_vs_CN; study_7_EOAD_vs_CN",4,"study_1; study_11; study_4; study_7",6.47059411188889e-10
"NME1",0.198861006783908,0.13333812494297,0.264383888624845,6.62675754602043,3.4314053817912e-11,0.651772288787078,NA,NA,NA,5,819,"study_1_EOAD_vs_CN; study_11_EOAD_vs_CN; study_2_EOAD_vs_CN; study_3_Soma_EOAD_vs_CN; study_5_EOAD_vs_CN",2,"study_1; study_11",3.26919349101562e-09
"CFL1",0.173527823902213,0.121242581687606,0.22581306611682,6.60346182995437,4.01665750527316e-11,0.851447603989594,0.174838969668916,0.152022881301257,0.203237430098973,7,982,"study_1_EOAD_vs_CN; study_11_EOAD_vs_CN; study_2_EOAD_vs_CN; study_3_Soma_EOAD_vs_CN; study_4_EOAD_vs_CN; study_5_EOAD_vs_CN; study_7_EOAD_vs_CN",4,"study_1; study_11; study_4; study_7",9.3091944533978e-10
"SNCB",0.224066877303076,0.153000490464685,0.295133264141467,6.60165290562184,4.06598595347849e-11,0.914001670664312,NA,NA,NA,4,810,"study_1_EOAD_vs_CN; study_11_EOAD_vs_CN; study_2_EOAD_vs_CN; study_5_EOAD_vs_CN",2,"study_1; study_11",3.55096106603788e-09
"TBCA",0.137732081827157,0.0891100910476742,0.18635407260664,6.5804503281974,4.69025507389792e-11,0.684681120918191,0.142755138399457,0.107975994271398,0.193278978818141,6,902,"study_1_EOAD_vs_CN; study_11_EOAD_vs_CN; study_2_EOAD_vs_CN; study_3_Soma_EOAD_vs_CN; study_4_EOAD_vs_CN; study_5_EOAD_vs_CN",3,"study_1; study_11; study_4",1.78542376479714e-09
"BASP1",0.169675417970709,0.109067437298893,0.230283398642526,6.5089042588872,7.5700948631168e-11,0.848703379112391,0.172630654371554,0.114527397969128,0.241282591849489,8,1219,"study_1_EOAD_vs_CN; study_10_EOAD_vs_CN; study_11_EOAD_vs_CN; study_2_EOAD_vs_CN; study_3_Soma_EOAD_vs_CN; study_4_EOAD_vs_CN; study_5_EOAD_vs_CN; study_7_EOAD_vs_CN",4,"study_1; study_11; study_4; study_7",1.70435278632458e-09
"CCN1",0.250419764056464,0.102936017563753,0.397903510549174,6.50108302338166,7.97438038743096e-11,0,0.249243967463744,0.213673277621888,0.274112441813091,6,1162,"study_1_EOAD_vs_CN; study_11_EOAD_vs_CN; study_2_EOAD_vs_CN; study_3_Olink_EOAD_vs_CN; study_8_EOAD_vs_CN; study_9_EOAD_vs_CN",3,"study_1; study_11; study_8",2.84585700076442e-09
"MAPK1",0.220932624366921,0.117194953635908,0.324670295097934,6.49349600655903,8.38669903738701e-11,0.634996584348992,NA,NA,NA,5,750,"study_1_EOAD_vs_CN; study_11_EOAD_vs_CN; study_2_EOAD_vs_CN; study_3_Soma_EOAD_vs_CN; study_5_EOAD_vs_CN",2,"study_1; study_11",6.7609696855243e-09
"PRDX3",0.147436793368256,0.0874819213745889,0.207391665361924,6.45809175016749,1.06031454475427e-10,0,0.150373090842867,0.133409585581159,0.176715853585009,6,875,"study_1_EOAD_vs_CN; study_11_EOAD_vs_CN; study_2_EOAD_vs_CN; study_3_Soma_EOAD_vs_CN; study_5_EOAD_vs_CN; study_7_EOAD_vs_CN",3,"study_1; study_11; study_7",3.56140944149815e-09
"KYAT1",0.314854889051049,0.220669653210775,0.409040124891323,6.45647538939352,1.07169600393347e-10,0.83354437096235,NA,NA,NA,4,650,"study_2_EOAD_vs_CN; study_3_Olink_EOAD_vs_CN; study_8_EOAD_vs_CN; study_9_EOAD_vs_CN",2,"study_2; study_8",8.02241008658767e-09
"RTN1",0.166541704574248,0.101771675896268,0.231311733252228,6.44421303162964,1.16201772569579e-10,0.898318520859367,0.172069444405399,0.0761938305918261,0.270119110054479,6,887,"study_1_EOAD_vs_CN; study_11_EOAD_vs_CN; study_2_EOAD_vs_CN; study_3_Soma_EOAD_vs_CN; study_5_EOAD_vs_CN; study_7_EOAD_vs_CN",3,"study_1; study_11; study_7",3.68617845206832e-09
"ATOX1",0.152796213871326,0.100097043852424,0.205495383890229,6.43391202169451,1.24360858954475e-10,0,NA,NA,NA,5,831,"study_1_EOAD_vs_CN; study_11_EOAD_vs_CN; study_2_EOAD_vs_CN; study_3_Soma_EOAD_vs_CN; study_5_EOAD_vs_CN",2,"study_1; study_11",8.68867867895268e-09
"JAG1",-0.110876877382681,-0.142514167648706,-0.0792395871166572,-6.37645441580795,1.81234659775818e-10,0,-0.111870267759533,-0.118184890824305,-0.107855862881402,6,894,"study_1_EOAD_vs_CN; study_11_EOAD_vs_CN; study_2_EOAD_vs_CN; study_3_Soma_EOAD_vs_CN; study_4_EOAD_vs_CN; study_5_EOAD_vs_CN",3,"study_1; study_11; study_4",5.44657845957854e-09
"YWHAH",0.172796190485719,0.118011530935121,0.227580850036317,6.34534852887217,2.2192245279034e-10,0.856544241082569,0.181279810047451,0.142648807288126,0.249552344410999,6,891,"study_1_EOAD_vs_CN; study_11_EOAD_vs_CN; study_2_EOAD_vs_CN; study_3_Soma_EOAD_vs_CN; study_4_EOAD_vs_CN; study_5_EOAD_vs_CN",3,"study_1; study_11; study_4",6.33588602716422e-09
"PNOC",-0.208997793411515,-0.26747549299817,-0.150520093824861,-6.31812063471039,2.64763308619347e-10,0.813606549275578,-0.216203831050716,-0.240384660917091,-0.174344924413451,6,1037,"study_1_EOAD_vs_CN; study_10_EOAD_vs_CN; study_11_EOAD_vs_CN; study_2_EOAD_vs_CN; study_4_EOAD_vs_CN; study_5_EOAD_vs_CN",3,"study_1; study_11; study_4",7.19904043912607e-09
"PCSK1",-0.295843023409828,-0.382292918923364,-0.209393127896292,-6.28521439334216,3.27401547891608e-10,0.591433070867213,-0.302371982148638,-0.33994656398154,-0.261223626460792,7,1106,"study_1_EOAD_vs_CN; study_10_EOAD_vs_CN; study_11_EOAD_vs_CN; study_2_EOAD_vs_CN; study_3_Soma_EOAD_vs_CN; study_4_EOAD_vs_CN; study_5_EOAD_vs_CN",3,"study_1; study_11; study_4",8.49755835664128e-09
"CHIT1",0.567037252965176,0.388714828607619,0.745359677322733,6.27525048109167,3.49071867289542e-10,0.914430876284581,0.565076486112019,0.43560411819438,0.631138705299059,10,1618,"study_1_EOAD_vs_CN; study_11_EOAD_vs_CN; study_2_EOAD_vs_CN; study_3_Olink_EOAD_vs_CN; study_3_Soma_EOAD_vs_CN; study_4_EOAD_vs_CN; study_5_EOAD_vs_CN; study_7_EOAD_vs_CN; study_8_EOAD_vs_CN; study_9_EOAD_vs_CN",5,"study_1; study_11; study_4; study_7; study_8",6.75930070297023e-09
"MARCKS",0.0855590716365343,0.0567548672413046,0.114363276031764,6.20114063491382,5.60553938689388e-10,0.843466323674633,0.0866482066238896,0.0491993376124738,0.1206310056194,6,1024,"study_1_EOAD_vs_CN; study_10_EOAD_vs_CN; study_11_EOAD_vs_CN; study_2_EOAD_vs_CN; study_4_EOAD_vs_CN; study_5_EOAD_vs_CN",3,"study_1; study_11; study_4",1.39163608257235e-08
"NME2",0.264486798099345,0.177323925171177,0.351649671027512,6.19228472538752,5.9298308685406e-10,0.90665314698574,0.319967598130995,0.207046456071504,0.501016499561469,4,562,"study_11_EOAD_vs_CN; study_3_Soma_EOAD_vs_CN; study_4_EOAD_vs_CN; study_5_EOAD_vs_CN",3,"study_11; study_4; study_5",1.41080559414029e-08
"RAD23B",0.131046184359001,0.0797987482099104,0.182293620508091,6.16790580268074,6.92003452398871e-10,0.764592047157368,0.134806550356546,0.0852402224378449,0.190112538990702,6,885,"study_1_EOAD_vs_CN; study_11_EOAD_vs_CN; study_2_EOAD_vs_CN; study_3_Soma_EOAD_vs_CN; study_4_EOAD_vs_CN; study_5_EOAD_vs_CN",3,"study_1; study_11; study_4",1.58053588527902e-08
"GLRX",0.115058988004924,0.0755076654604631,0.154610310549384,6.16605317602269,7.00155476206569e-10,0.716706486903624,0.116435547575605,0.0720958945656618,0.165436317861863,10,1626,"study_1_EOAD_vs_CN; study_11_EOAD_vs_CN; study_2_EOAD_vs_CN; study_3_Olink_EOAD_vs_CN; study_3_Soma_EOAD_vs_CN; study_4_EOAD_vs_CN; study_5_EOAD_vs_CN; study_7_EOAD_vs_CN; study_8_EOAD_vs_CN; study_9_EOAD_vs_CN",5,"study_1; study_11; study_4; study_7; study_8",1.24277597026666e-08
"VASN",0.101544859942587,0.0664527277096644,0.13663699217551,6.11780831308333,9.48710873959507e-10,0.174500349791299,0.101516846807564,0.0835968587932123,0.108973998897386,10,1659,"study_1_EOAD_vs_CN; study_11_EOAD_vs_CN; study_2_EOAD_vs_CN; study_3_Olink_EOAD_vs_CN; study_3_Soma_EOAD_vs_CN; study_4_EOAD_vs_CN; study_5_EOAD_vs_CN; study_7_EOAD_vs_CN; study_8_EOAD_vs_CN; study_9_EOAD_vs_CN",5,"study_1; study_11; study_4; study_7; study_8",1.55442627810288e-08
"VAPA",0.0881398758797428,0.0504027767635186,0.125876974995967,6.06254671628312,1.33982873574739e-09,0,0.088287207475194,0.0832751630848168,0.0915678232843092,7,1029,"study_1_EOAD_vs_CN; study_11_EOAD_vs_CN; study_2_EOAD_vs_CN; study_3_Soma_EOAD_vs_CN; study_4_EOAD_vs_CN; study_5_EOAD_vs_CN; study_7_EOAD_vs_CN",4,"study_1; study_11; study_4; study_7",2.9327362326915e-08
"SH3BGRL3",0.115026811615841,0.0785370579308882,0.151516565300795,6.03997148167003,1.54141468653518e-09,0.695689000793763,0.11434552664167,0.0830110944760131,0.131969453041884,7,1018,"study_1_EOAD_vs_CN; study_11_EOAD_vs_CN; study_2_EOAD_vs_CN; study_3_Soma_EOAD_vs_CN; study_4_EOAD_vs_CN; study_5_EOAD_vs_CN; study_7_EOAD_vs_CN",4,"study_1; study_11; study_4; study_7",3.282796683756e-08
"THOP1",0.211050181127739,0.127072748058082,0.295027614197396,6.03818939096116,1.5585307969662e-09,0.908641789106222,0.214292028556637,0.109585792198513,0.28611800999004,7,1348,"study_1_EOAD_vs_CN; study_11_EOAD_vs_CN; study_2_EOAD_vs_CN; study_3_Olink_EOAD_vs_CN; study_3_Soma_EOAD_vs_CN; study_8_EOAD_vs_CN; study_9_EOAD_vs_CN",3,"study_1; study_11; study_8",3.42277340410653e-08
"VGF",-0.294213160448303,-0.379096445724722,-0.209329875171883,-6.02006885718446,1.74342889156627e-09,0.945880032756509,-0.291519822515689,-0.343432099741832,-0.252397204310559,7,1204,"study_1_EOAD_vs_CN; study_10_EOAD_vs_CN; study_11_EOAD_vs_CN; study_2_EOAD_vs_CN; study_4_EOAD_vs_CN; study_5_EOAD_vs_CN; study_7_EOAD_vs_CN",4,"study_1; study_11; study_4; study_7",3.61532096461637e-08
"ITGAM",0.220307150166416,0.0945749429007608,0.346039357432072,6.01862994861801,1.75899473192808e-09,0.892809339570377,0.230970021016264,0.191183594134171,0.298145794130645,6,812,"study_1_EOAD_vs_CN; study_11_EOAD_vs_CN; study_2_EOAD_vs_CN; study_3_Olink_EOAD_vs_CN; study_4_EOAD_vs_CN; study_5_EOAD_vs_CN",3,"study_1; study_11; study_4",3.71994811826272e-08
"TREM1",0.348062711257876,0.239881632169033,0.456243790346719,5.9830217872279,2.19035455658198e-09,0,NA,NA,NA,4,649,"study_3_Olink_EOAD_vs_CN; study_3_Soma_EOAD_vs_CN; study_8_EOAD_vs_CN; study_9_EOAD_vs_CN",2,"study_3_Soma; study_8",1.4346822345612e-07
"UBE2L3",0.112518033493894,0.0686691877241933,0.156366879263595,5.98128874232881,2.21379043116743e-09,0,0.113952359713192,0.10292127981458,0.129406159908337,5,894,"study_1_EOAD_vs_CN; study_11_EOAD_vs_CN; study_2_EOAD_vs_CN; study_5_EOAD_vs_CN; study_7_EOAD_vs_CN",3,"study_1; study_11; study_7",4.51455120070215e-08
"GGCT",0.149020235923907,0.0899308153353042,0.20810965651251,5.94492499079429,2.76583478390209e-09,0.793375773900859,0.153630912269441,0.0986796328074459,0.230643856959643,7,931,"study_1_EOAD_vs_CN; study_11_EOAD_vs_CN; study_2_EOAD_vs_CN; study_3_Soma_EOAD_vs_CN; study_4_EOAD_vs_CN; study_5_EOAD_vs_CN; study_7_EOAD_vs_CN",4,"study_1; study_11; study_4; study_7",5.58840464029447e-08
"NPY",-0.199089534306454,-0.265369469555261,-0.132809599057647,-5.9325350644939,2.98292656968115e-09,0.802775538988329,-0.201226639558249,-0.24980534202451,-0.155114083018705,9,1208,"study_1_EOAD_vs_CN; study_10_EOAD_vs_CN; study_11_EOAD_vs_CN; study_2_EOAD_vs_CN; study_3_Olink_EOAD_vs_CN; study_3_Soma_EOAD_vs_CN; study_4_EOAD_vs_CN; study_5_EOAD_vs_CN; study_7_EOAD_vs_CN",4,"study_1; study_11; study_4; study_7",5.87636534227186e-08
"TAGLN3",0.134485093548972,0.08901364719667,0.179956539901274,5.89745497489909,3.69150953944628e-09,0.766180542331669,0.140997710166214,0.102244041104534,0.201716904750839,6,900,"study_1_EOAD_vs_CN; study_11_EOAD_vs_CN; study_2_EOAD_vs_CN; study_3_Soma_EOAD_vs_CN; study_4_EOAD_vs_CN; study_5_EOAD_vs_CN",3,"study_1; study_11; study_4",7.26845498973734e-08
"BLMH",0.141680043291428,0.0959164328654308,0.187443653717426,5.88182582467698,4.05765221613227e-09,0.590850959925286,0.142064779957582,0.0928471600964113,0.171651575874343,9,1569,"study_1_EOAD_vs_CN; study_11_EOAD_vs_CN; study_2_EOAD_vs_CN; study_3_Olink_EOAD_vs_CN; study_4_EOAD_vs_CN; study_5_EOAD_vs_CN; study_7_EOAD_vs_CN; study_8_EOAD_vs_CN; study_9_EOAD_vs_CN",5,"study_1; study_11; study_4; study_7; study_8",6.1734280145441e-08
"PTPA",0.231285703699917,0.152867946312545,0.30970346108729,5.86912211581135,4.38108673546802e-09,0.864739914121263,0.234111965348475,0.190338923715836,0.269547357113365,6,790,"study_1_EOAD_vs_CN; study_11_EOAD_vs_CN; study_2_EOAD_vs_CN; study_3_Soma_EOAD_vs_CN; study_5_EOAD_vs_CN; study_7_EOAD_vs_CN",3,"study_1; study_11; study_7",8.24452238684182e-08
"TPT1",0.13248161259106,0.0813902151565694,0.18357301002555,5.86556679093875,4.47601040266368e-09,0,0.134251656571018,0.124992385939889,0.142318347594814,5,842,"study_1_EOAD_vs_CN; study_11_EOAD_vs_CN; study_2_EOAD_vs_CN; study_3_Soma_EOAD_vs_CN; study_7_EOAD_vs_CN",3,"study_1; study_11; study_7",8.24452238684182e-08
"VSIG4",0.143684273094149,0.0948367485354908,0.192531797652808,5.83840825366805,5.27018905253152e-09,0.544218391244534,0.143399831375709,0.104312501577287,0.159658296888039,11,1788,"study_1_EOAD_vs_CN; study_10_EOAD_vs_CN; study_11_EOAD_vs_CN; study_2_EOAD_vs_CN; study_3_Olink_EOAD_vs_CN; study_3_Soma_EOAD_vs_CN; study_4_EOAD_vs_CN; study_5_EOAD_vs_CN; study_7_EOAD_vs_CN; study_8_EOAD_vs_CN; study_9_EOAD_vs_CN",5,"study_1; study_11; study_4; study_7; study_8",7.48366845459475e-08
"TMSB4X",0.16504545620722,0.0429809699054943,0.287109942508946,5.82322806481645,5.772170071227e-09,0.828401164913687,0.167866697467815,0.100713673567081,0.233153620170977,4,827,"study_1_EOAD_vs_CN; study_11_EOAD_vs_CN; study_2_EOAD_vs_CN; study_4_EOAD_vs_CN",3,"study_1; study_11; study_4",1.02997159708457e-07
"GSR",0.0914176817384865,0.0409412062883312,0.141894157188642,5.78700971655551,7.16504357389633e-09,0.862276877448681,0.0951008248373416,0.0522049521307356,0.156616471254983,7,998,"study_1_EOAD_vs_CN; study_11_EOAD_vs_CN; study_2_EOAD_vs_CN; study_3_Soma_EOAD_vs_CN; study_4_EOAD_vs_CN; study_5_EOAD_vs_CN; study_7_EOAD_vs_CN",4,"study_1; study_11; study_4; study_7",1.37708642347081e-07
"ACHE",0.328138667196652,0.240294749695524,0.415982584697779,5.75735436940151,8.54424243751608e-09,0.956024889751601,NA,NA,NA,5,837,"study_1_EOAD_vs_CN; study_11_EOAD_vs_CN; study_2_EOAD_vs_CN; study_3_Soma_EOAD_vs_CN; study_5_EOAD_vs_CN",2,"study_1; study_11",5.2672741614805e-07
"GOT1",0.129373176428195,0.0648595620244275,0.193886790831962,5.75179362228349,8.83015538858407e-09,0.806842753330854,0.133538021817296,0.0750321613236715,0.198968576775712,7,1109,"study_1_EOAD_vs_CN; study_10_EOAD_vs_CN; study_11_EOAD_vs_CN; study_2_EOAD_vs_CN; study_3_Soma_EOAD_vs_CN; study_4_EOAD_vs_CN; study_5_EOAD_vs_CN",3,"study_1; study_11; study_4",1.52788446269137e-07
"CKB",0.135990995994537,0.0891707288044005,0.182811263184673,5.71770903152527,1.07969816447437e-08,0.790700674386634,0.140031983949759,0.11003422706693,0.181581970487165,7,969,"study_1_EOAD_vs_CN; study_11_EOAD_vs_CN; study_2_EOAD_vs_CN; study_3_Soma_EOAD_vs_CN; study_4_EOAD_vs_CN; study_5_EOAD_vs_CN; study_7_EOAD_vs_CN",4,"study_1; study_11; study_4; study_7",2.02571941334716e-07
"FSCN1",0.112856585001503,0.0674544011810352,0.158258768821971,5.71312166672952,1.10922314170522e-08,0.523442662510475,0.114023272987244,0.0994236425162519,0.13252489243994,7,1010,"study_1_EOAD_vs_CN; study_11_EOAD_vs_CN; study_2_EOAD_vs_CN; study_3_Soma_EOAD_vs_CN; study_4_EOAD_vs_CN; study_5_EOAD_vs_CN; study_7_EOAD_vs_CN",4,"study_1; study_11; study_4; study_7",2.03271589689235e-07
"MMP10",0.301666019090246,0.201114207512786,0.402217830667707,5.68284566564342,1.32471805332184e-08,0.904202026422068,NA,NA,NA,4,649,"study_3_Olink_EOAD_vs_CN; study_3_Soma_EOAD_vs_CN; study_8_EOAD_vs_CN; study_9_EOAD_vs_CN",2,"study_3_Soma; study_8",7.71280288822939e-07
"HAGH",0.168183620000487,0.078550141789726,0.257817098211247,5.67371336073173,1.39734869966103e-08,0.892149009324069,0.171210587049223,0.0765507144862904,0.258541519545198,7,927,"study_1_EOAD_vs_CN; study_11_EOAD_vs_CN; study_2_EOAD_vs_CN; study_3_Olink_EOAD_vs_CN; study_3_Soma_EOAD_vs_CN; study_5_EOAD_vs_CN; study_7_EOAD_vs_CN",3,"study_1; study_11; study_7",2.3467238456072e-07
"CEND1",0.176180194673884,0.108908369844701,0.243452019503067,5.67085017925153,1.42090617544061e-08,0.356412173252615,NA,NA,NA,4,764,"study_1_EOAD_vs_CN; study_11_EOAD_vs_CN; study_2_EOAD_vs_CN; study_5_EOAD_vs_CN",2,"study_1; study_11",7.83741932558822e-07
"TAC1",-0.139001828980703,-0.206061250452689,-0.071942407508717,-5.66362517747844,1.48207961490702e-08,0.881966406701749,-0.14298758986434,-0.168135571928571,-0.12844122767169,6,875,"study_1_EOAD_vs_CN; study_11_EOAD_vs_CN; study_2_EOAD_vs_CN; study_3_Soma_EOAD_vs_CN; study_4_EOAD_vs_CN; study_5_EOAD_vs_CN",3,"study_1; study_11; study_4",2.41790702889117e-07
"PTPRN2",-0.171890439082059,-0.222841420834889,-0.120939457329228,-5.63291707267533,1.77186671632792e-08,0.799180409245318,-0.171462902820979,-0.193665707480815,-0.149855699714872,7,1179,"study_1_EOAD_vs_CN; study_10_EOAD_vs_CN; study_11_EOAD_vs_CN; study_2_EOAD_vs_CN; study_4_EOAD_vs_CN; study_5_EOAD_vs_CN; study_7_EOAD_vs_CN",4,"study_1; study_11; study_4; study_7",3.1732522101509e-07
"AQP4",0.11898677601723,0.0717429511316114,0.166230600902848,5.62869879177612,1.81574154809333e-08,0.789082259204577,0.115572573970108,0.0994386136554863,0.140275617424887,5,927,"study_1_EOAD_vs_CN; study_11_EOAD_vs_CN; study_2_EOAD_vs_CN; study_5_EOAD_vs_CN; study_7_EOAD_vs_CN",3,"study_1; study_11; study_7",2.87996784433692e-07
"SKP1",0.0848273707447278,0.0487926381029982,0.120862103386457,5.60672832095174,2.06186922928398e-08,0.738165774164679,0.0845862121295509,0.0579984824213343,0.0949435392546909,7,1514,"study_1_EOAD_vs_CN; study_11_EOAD_vs_CN; study_2_EOAD_vs_CN; study_5_EOAD_vs_CN; study_7_EOAD_vs_CN; study_8_EOAD_vs_CN; study_9_EOAD_vs_CN",4,"study_1; study_11; study_7; study_8",3.61056211705728e-07
"DPYSL2",0.150282189516725,0.0957469214296607,0.204817457603789,5.57993123443684,2.40613691286408e-08,0.794963801141527,0.153176080705423,0.135502557223032,0.174228034887491,6,891,"study_1_EOAD_vs_CN; study_11_EOAD_vs_CN; study_2_EOAD_vs_CN; study_3_Soma_EOAD_vs_CN; study_4_EOAD_vs_CN; study_5_EOAD_vs_CN",3,"study_1; study_11; study_4",3.71325453309565e-07
"CKMT1A",0.178837691722147,0.0997643416160695,0.257911041828225,5.52329287348734,3.32704455928821e-08,0.544009783122308,0.182059847427281,0.132867378038959,0.229440864957694,6,825,"study_1_EOAD_vs_CN; study_11_EOAD_vs_CN; study_2_EOAD_vs_CN; study_3_Soma_EOAD_vs_CN; study_4_EOAD_vs_CN; study_5_EOAD_vs_CN",3,"study_1; study_11; study_4",4.99932221935149e-07
"DDC",0.318218611405757,0.208582509538615,0.427854713272899,5.51132970088048,3.56132901675589e-08,0,NA,NA,NA,3,622,"study_3_Olink_EOAD_vs_CN; study_8_EOAD_vs_CN; study_9_EOAD_vs_CN",2,"study_3_Olink; study_8",1.86613640478009e-06
"IMPA1",0.106180663181365,0.0616101292810637,0.150751197081666,5.4767090681117,4.33308753596667e-08,0,0.108286971051131,0.0944831178283084,0.12862200321697,8,1051,"study_1_EOAD_vs_CN; study_11_EOAD_vs_CN; study_2_EOAD_vs_CN; study_3_Olink_EOAD_vs_CN; study_3_Soma_EOAD_vs_CN; study_4_EOAD_vs_CN; study_5_EOAD_vs_CN; study_7_EOAD_vs_CN",4,"study_1; study_11; study_4; study_7",7.42276734422116e-07
"COTL1",0.0987665382987242,0.0621749479372199,0.135358128660229,5.44692740312474,5.12473671013013e-08,0,0.0984556366790643,0.0889085353151375,0.107842610067545,8,1172,"study_1_EOAD_vs_CN; study_10_EOAD_vs_CN; study_11_EOAD_vs_CN; study_2_EOAD_vs_CN; study_3_Soma_EOAD_vs_CN; study_4_EOAD_vs_CN; study_5_EOAD_vs_CN; study_7_EOAD_vs_CN",4,"study_1; study_11; study_4; study_7",8.49345689745376e-07
"ALDOC",0.0893354692966421,0.0493109309484139,0.12936000764487,5.44523583118547,5.17367932839823e-08,0,0.0896613437843391,0.0773868849761829,0.10152634601224,8,1230,"study_1_EOAD_vs_CN; study_10_EOAD_vs_CN; study_11_EOAD_vs_CN; study_2_EOAD_vs_CN; study_3_Soma_EOAD_vs_CN; study_4_EOAD_vs_CN; study_5_EOAD_vs_CN; study_7_EOAD_vs_CN",4,"study_1; study_11; study_4; study_7",8.49345689745376e-07
"PPP1R2",0.281846696866957,0.176756175502728,0.386937218231186,5.43198161909236,5.57316645113046e-08,0.904101334974403,NA,NA,NA,4,649,"study_3_Olink_EOAD_vs_CN; study_3_Soma_EOAD_vs_CN; study_8_EOAD_vs_CN; study_9_EOAD_vs_CN",2,"study_3_Soma; study_8",2.78127544799273e-06
"GMFB",0.138487375861314,0.0827769391941609,0.194197812528468,5.38235856418924,7.35161367536352e-08,0.792894087105699,0.141211194314729,0.0782368459368835,0.202826957776714,7,1012,"study_1_EOAD_vs_CN; study_10_EOAD_vs_CN; study_11_EOAD_vs_CN; study_2_EOAD_vs_CN; study_3_Soma_EOAD_vs_CN; study_4_EOAD_vs_CN; study_5_EOAD_vs_CN",3,"study_1; study_11; study_4",1.07635164323912e-06
"PPP5C",0.0960277663374591,0.0591490946473388,0.132906438027579,5.37874251015208,7.50078954814899e-08,0.885104594607167,0.101098087031801,0.0570226254388714,0.175512405036439,6,957,"study_1_EOAD_vs_CN; study_11_EOAD_vs_CN; study_2_EOAD_vs_CN; study_4_EOAD_vs_CN; study_5_EOAD_vs_CN; study_7_EOAD_vs_CN",4,"study_1; study_11; study_4; study_7",1.20624942121253e-06
"TBCB",0.166450125889372,0.0720379992523106,0.260862252526434,5.37827190154057,7.52041821836404e-08,0,NA,NA,NA,6,749,"study_1_EOAD_vs_CN; study_11_EOAD_vs_CN; study_2_EOAD_vs_CN; study_3_Olink_EOAD_vs_CN; study_3_Soma_EOAD_vs_CN; study_5_EOAD_vs_CN",2,"study_1; study_11",3.58245376947523e-06
"PRDX1",0.108889671317089,0.0689756319412792,0.148803710692898,5.36333874501205,8.16975870145212e-08,0.259298327552716,0.109475197304169,0.0833170047324458,0.132241367013184,11,1757,"study_1_EOAD_vs_CN; study_10_EOAD_vs_CN; study_11_EOAD_vs_CN; study_2_EOAD_vs_CN; study_3_Olink_EOAD_vs_CN; study_3_Soma_EOAD_vs_CN; study_4_EOAD_vs_CN; study_5_EOAD_vs_CN; study_7_EOAD_vs_CN; study_8_EOAD_vs_CN; study_9_EOAD_vs_CN",5,"study_1; study_11; study_4; study_7; study_8",1.08759912713081e-06
"HSP90AA1",0.100821957284466,0.062738605122948,0.138905309445985,5.32401075233943,1.0150390264788e-07,0.743175351383955,0.100901902965793,0.0636661813587013,0.130157213155094,6,896,"study_1_EOAD_vs_CN; study_11_EOAD_vs_CN; study_2_EOAD_vs_CN; study_3_Soma_EOAD_vs_CN; study_5_EOAD_vs_CN; study_7_EOAD_vs_CN",3,"study_1; study_11; study_7",1.42402473818401e-06
"PPP1R7",0.214743588261662,0.101669826306896,0.327817350216429,5.32267833045097,1.02250462811811e-07,0.620162594309002,0.219093322579854,0.153831748289159,0.283557704642618,5,722,"study_1_EOAD_vs_CN; study_11_EOAD_vs_CN; study_2_EOAD_vs_CN; study_5_EOAD_vs_CN; study_7_EOAD_vs_CN",3,"study_1; study_11; study_7",1.42402473818401e-06
"CAMK2B",0.0840795544823189,0.0403691438868623,0.127789965077776,5.30269953594944,1.14102639334423e-07,0.759107642452418,0.0833234612886406,0.0530169930918953,0.101779388711473,8,1195,"study_1_EOAD_vs_CN; study_10_EOAD_vs_CN; study_11_EOAD_vs_CN; study_2_EOAD_vs_CN; study_3_Soma_EOAD_vs_CN; study_4_EOAD_vs_CN; study_5_EOAD_vs_CN; study_7_EOAD_vs_CN",4,"study_1; study_11; study_4; study_7",1.7982575959105e-06
"ANGPTL4",0.178379633323159,0.114356177309086,0.242403089337231,5.24086030941361,1.59829677273499e-07,0.678596161173952,0.18063229740175,0.137683285062612,0.226533955348934,7,1413,"study_1_EOAD_vs_CN; study_11_EOAD_vs_CN; study_2_EOAD_vs_CN; study_3_Olink_EOAD_vs_CN; study_5_EOAD_vs_CN; study_8_EOAD_vs_CN; study_9_EOAD_vs_CN",3,"study_1; study_11; study_8",2.17292251721828e-06
"CYRIB",0.0969873607750103,0.0517414084276151,0.142233313122406,5.21910586987851,1.79788974916126e-07,0.851748015077544,0.0999797609285066,0.0424268672683012,0.156320928592642,6,885,"study_1_EOAD_vs_CN; study_11_EOAD_vs_CN; study_2_EOAD_vs_CN; study_3_Soma_EOAD_vs_CN; study_5_EOAD_vs_CN; study_7_EOAD_vs_CN",3,"study_1; study_11; study_7",2.38743034132809e-06
"CSTB",0.140372446122482,0.091894136593798,0.188850755651165,5.05106228572633,4.39359763531436e-07,0.853028703119453,0.140758186197083,0.0721031204332735,0.174184822562215,10,1604,"study_1_EOAD_vs_CN; study_11_EOAD_vs_CN; study_2_EOAD_vs_CN; study_3_Olink_EOAD_vs_CN; study_3_Soma_EOAD_vs_CN; study_4_EOAD_vs_CN; study_5_EOAD_vs_CN; study_7_EOAD_vs_CN; study_8_EOAD_vs_CN; study_9_EOAD_vs_CN",5,"study_1; study_11; study_4; study_7; study_8",5.50491939012916e-06
"TNFRSF12A",0.103309616649113,0.062843298059246,0.143775935238979,5.04380173944369,4.56372173529465e-07,0.0768602808424699,0.103531201040004,0.0899864608996642,0.12260965002854,7,1440,"study_1_EOAD_vs_CN; study_11_EOAD_vs_CN; study_2_EOAD_vs_CN; study_3_Olink_EOAD_vs_CN; study_4_EOAD_vs_CN; study_8_EOAD_vs_CN; study_9_EOAD_vs_CN",4,"study_1; study_11; study_4; study_8",7.05139750472978e-06
"CCL3",0.2222117442894,0.132281649159055,0.312141839419744,5.02590917838892,5.01052991672045e-07,0.836077706856421,NA,NA,NA,3,621,"study_3_Olink_EOAD_vs_CN; study_8_EOAD_vs_CN; study_9_EOAD_vs_CN",2,"study_3_Olink; study_8",2.28305884901001e-05
"MAP1B",0.240243715540958,0.118124411007781,0.362363020074135,4.96540358534016,6.85583466651421e-07,0,NA,NA,NA,3,687,"study_1_EOAD_vs_CN; study_11_EOAD_vs_CN; study_2_EOAD_vs_CN",2,"study_1; study_11",2.99371447104454e-05
"CD109",0.110028005717757,0.066771867004603,0.15328414443091,4.950438112012,7.40466016643145e-07,0.467937292567179,0.110708739880167,0.0902067759909797,0.128116029689306,10,1657,"study_1_EOAD_vs_CN; study_11_EOAD_vs_CN; study_2_EOAD_vs_CN; study_3_Olink_EOAD_vs_CN; study_3_Soma_EOAD_vs_CN; study_4_EOAD_vs_CN; study_5_EOAD_vs_CN; study_7_EOAD_vs_CN; study_8_EOAD_vs_CN; study_9_EOAD_vs_CN",5,"study_1; study_11; study_4; study_7; study_8",8.76218119694388e-06
"CD69",0.296257561874977,0.181672323128066,0.410842800621889,4.9496624145556,7.43423173482377e-07,0,NA,NA,NA,3,622,"study_3_Olink_EOAD_vs_CN; study_8_EOAD_vs_CN; study_9_EOAD_vs_CN",2,"study_3_Olink; study_8",3.11642994323812e-05
"EPHA5",-0.107408330970001,-0.147996988592882,-0.0668196733471202,-4.9315769672004,8.15684158331881e-07,0,-0.109069675722623,-0.123030641112525,-0.101390857206801,6,909,"study_1_EOAD_vs_CN; study_11_EOAD_vs_CN; study_2_EOAD_vs_CN; study_3_Soma_EOAD_vs_CN; study_4_EOAD_vs_CN; study_5_EOAD_vs_CN",3,"study_1; study_11; study_4",1.03539673811459e-05
"DTD1",0.109315841618971,0.0476936833972205,0.170937999840722,4.93123447373804,8.17115819491111e-07,0.817454111166048,0.116238195968962,0.0549478650754634,0.193328528241036,6,870,"study_1_EOAD_vs_CN; study_11_EOAD_vs_CN; study_2_EOAD_vs_CN; study_3_Soma_EOAD_vs_CN; study_5_EOAD_vs_CN; study_7_EOAD_vs_CN",3,"study_1; study_11; study_7",1.03539673811459e-05
"SPP1",0.132940015135661,0.0777783451433454,0.188101685127976,4.92721022327571,8.34119964155359e-07,0,0.135996908188072,0.121506502765737,0.153940942137099,8,1136,"study_1_EOAD_vs_CN; study_10_EOAD_vs_CN; study_11_EOAD_vs_CN; study_2_EOAD_vs_CN; study_3_Olink_EOAD_vs_CN; study_3_Soma_EOAD_vs_CN; study_4_EOAD_vs_CN; study_5_EOAD_vs_CN",3,"study_1; study_11; study_4",1.03539673811459e-05
"SST",-0.218927742879655,-0.294235554099184,-0.143619931660126,-4.92131902308026,8.59628714142505e-07,0.909141183136654,-0.220999457839318,-0.257134441962026,-0.173246115568448,7,1033,"study_1_EOAD_vs_CN; study_11_EOAD_vs_CN; study_2_EOAD_vs_CN; study_3_Soma_EOAD_vs_CN; study_4_EOAD_vs_CN; study_5_EOAD_vs_CN; study_7_EOAD_vs_CN",4,"study_1; study_11; study_4; study_7",1.30266812835441e-05
"MOXD1",-0.140161934091229,-0.191659743851661,-0.0886641243307964,-4.89501640376554,9.82975288243104e-07,0.689676781891001,-0.135501483433057,-0.157152394861179,-0.0989970975550658,5,841,"study_1_EOAD_vs_CN; study_11_EOAD_vs_CN; study_2_EOAD_vs_CN; study_4_EOAD_vs_CN; study_5_EOAD_vs_CN",3,"study_1; study_11; study_4",1.1942104033762e-05
"LASP1",0.145506591053433,0.0272531988608063,0.26375998324606,4.86380366271895,1.15151141083382e-06,0.830431999003563,NA,NA,NA,5,661,"study_1_EOAD_vs_CN; study_11_EOAD_vs_CN; study_2_EOAD_vs_CN; study_3_Soma_EOAD_vs_CN; study_5_EOAD_vs_CN",2,"study_1; study_11",4.64147676366862e-05
"TXNRD1",0.193937771318468,-0.00275180982421677,0.390627352461153,4.85622435703246,1.19645134743247e-06,0,0.193021492789845,0.179949062621488,0.203530786728429,6,819,"study_1_EOAD_vs_CN; study_11_EOAD_vs_CN; study_2_EOAD_vs_CN; study_3_Soma_EOAD_vs_CN; study_5_EOAD_vs_CN; study_7_EOAD_vs_CN",3,"study_1; study_11; study_7",1.42327858204988e-05
"CAMK2D",0.0836750480768196,0.0363071522862507,0.131042943867389,4.84822630322462,1.24570247211853e-06,0.423032437070848,0.0836022191160733,0.0585387665449366,0.102089705753911,7,995,"study_1_EOAD_vs_CN; study_11_EOAD_vs_CN; study_2_EOAD_vs_CN; study_3_Soma_EOAD_vs_CN; study_4_EOAD_vs_CN; study_5_EOAD_vs_CN; study_7_EOAD_vs_CN",4,"study_1; study_11; study_4; study_7",1.85210103401773e-05
"TXN",0.0886338394269726,0.046228755331132,0.131038923522813,4.80496081816264,1.54781813616223e-06,0.605507528675049,0.089664963717036,0.0501864811983665,0.128375582026152,7,1160,"study_1_EOAD_vs_CN; study_10_EOAD_vs_CN; study_11_EOAD_vs_CN; study_2_EOAD_vs_CN; study_4_EOAD_vs_CN; study_5_EOAD_vs_CN; study_7_EOAD_vs_CN",4,"study_1; study_11; study_4; study_7",2.25866794684415e-05
"PRKAR1A",0.07783556324579,0.0205886178931607,0.135082508598419,4.79808287612259,1.60191499582198e-06,0.9009194367373,0.0838339861504073,0.0252940256323511,0.172872938224739,7,940,"study_1_EOAD_vs_CN; study_11_EOAD_vs_CN; study_2_EOAD_vs_CN; study_3_Soma_EOAD_vs_CN; study_4_EOAD_vs_CN; study_5_EOAD_vs_CN; study_7_EOAD_vs_CN",4,"study_1; study_11; study_4; study_7",2.29510730310495e-05
"GH1",0.568121658355765,0.335710557955062,0.800532758756468,4.79419744847122,1.63327351181689e-06,0,NA,NA,NA,3,621,"study_3_Olink_EOAD_vs_CN; study_8_EOAD_vs_CN; study_9_EOAD_vs_CN",2,"study_3_Olink; study_8",6.3395208903115e-05
"GAPDH",0.167517664845135,0.0669191463871444,0.268116183303126,4.78964887660734,1.67073403442768e-06,0.776493437298789,0.165815746156697,0.0808285077790333,0.215148431284363,8,1230,"study_1_EOAD_vs_CN; study_10_EOAD_vs_CN; study_11_EOAD_vs_CN; study_2_EOAD_vs_CN; study_3_Soma_EOAD_vs_CN; study_4_EOAD_vs_CN; study_5_EOAD_vs_CN; study_7_EOAD_vs_CN",4,"study_1; study_11; study_4; study_7",2.32157813453715e-05
"GSS",0.0829982003465891,0.0425886040143816,0.123407796678797,4.78862085970786,1.67931413285048e-06,0.846487863510942,0.0847457357969515,0.0281204715515225,0.143458561261004,7,1029,"study_1_EOAD_vs_CN; study_11_EOAD_vs_CN; study_2_EOAD_vs_CN; study_3_Soma_EOAD_vs_CN; study_4_EOAD_vs_CN; study_5_EOAD_vs_CN; study_7_EOAD_vs_CN",4,"study_1; study_11; study_4; study_7",2.32157813453715e-05
"NUDC",0.0982110017241146,0.0335542554595865,0.162867747988643,4.729002604703,2.25625489536364e-06,0.914803840885332,NA,NA,NA,5,786,"study_1_EOAD_vs_CN; study_11_EOAD_vs_CN; study_2_EOAD_vs_CN; study_3_Soma_EOAD_vs_CN; study_5_EOAD_vs_CN",2,"study_1; study_11",8.44483975121821e-05
"THY1",-0.115315879099667,-0.164927170140204,-0.0657045880591301,-4.70929118732432,2.48579731354381e-06,0.976330371903137,-0.113566920026021,-0.150460475359568,-0.0588441966893502,11,1852,"study_1_EOAD_vs_CN; study_10_EOAD_vs_CN; study_11_EOAD_vs_CN; study_2_EOAD_vs_CN; study_3_Olink_EOAD_vs_CN; study_3_Soma_EOAD_vs_CN; study_4_EOAD_vs_CN; study_5_EOAD_vs_CN; study_7_EOAD_vs_CN; study_8_EOAD_vs_CN; study_9_EOAD_vs_CN",5,"study_1; study_11; study_4; study_7; study_8",2.78670961992016e-05
"PFN1",0.114717609163757,0.0654462577317447,0.163988960595769,4.70379906691387,2.55364577322179e-06,0.488741243294906,0.114756561098695,0.0993819566513786,0.134289687955916,8,1201,"study_1_EOAD_vs_CN; study_10_EOAD_vs_CN; study_11_EOAD_vs_CN; study_2_EOAD_vs_CN; study_3_Soma_EOAD_vs_CN; study_4_EOAD_vs_CN; study_5_EOAD_vs_CN; study_7_EOAD_vs_CN",4,"study_1; study_11; study_4; study_7",3.43341370422847e-05
"FKBP4",0.182118357471551,0.0965177169562592,0.267718997986844,4.70244036507646,2.57070315418122e-06,0.845223126814614,0.18438392213189,0.0805708177684489,0.272861669060665,7,1174,"study_11_EOAD_vs_CN; study_2_EOAD_vs_CN; study_3_Olink_EOAD_vs_CN; study_3_Soma_EOAD_vs_CN; study_7_EOAD_vs_CN; study_8_EOAD_vs_CN; study_9_EOAD_vs_CN",4,"study_11; study_2; study_7; study_8",3.43341370422847e-05
"CHGB",-0.123103023537187,-0.182751589736557,-0.0634544573378165,-4.68918978656376,2.74288907021311e-06,0.924923525083532,-0.122217784975353,-0.15460767309806,-0.100548123244233,8,1212,"study_1_EOAD_vs_CN; study_10_EOAD_vs_CN; study_11_EOAD_vs_CN; study_2_EOAD_vs_CN; study_3_Soma_EOAD_vs_CN; study_4_EOAD_vs_CN; study_5_EOAD_vs_CN; study_7_EOAD_vs_CN",4,"study_1; study_11; study_4; study_7",3.60232764554655e-05
"NAXE",0.0652392878336453,0.0224597416798639,0.108018833987427,4.65155016631618,3.29449106004538e-06,0.718004260466513,0.0669731800279788,0.0328447624999928,0.107766884967886,7,1017,"study_1_EOAD_vs_CN; study_11_EOAD_vs_CN; study_2_EOAD_vs_CN; study_3_Soma_EOAD_vs_CN; study_4_EOAD_vs_CN; study_5_EOAD_vs_CN; study_7_EOAD_vs_CN",4,"study_1; study_11; study_4; study_7",4.25583435297666e-05
"SORCS3",-0.0749110770660585,-0.109243368372476,-0.0405787857596414,-4.61620413731053,3.90822527791951e-06,0.719047554932853,-0.0757899628509803,-0.0848772954123648,-0.0585196768904842,8,1191,"study_1_EOAD_vs_CN; study_10_EOAD_vs_CN; study_11_EOAD_vs_CN; study_2_EOAD_vs_CN; study_3_Soma_EOAD_vs_CN; study_4_EOAD_vs_CN; study_5_EOAD_vs_CN; study_7_EOAD_vs_CN",4,"study_1; study_11; study_4; study_7",4.96722825645254e-05
"METAP2",0.15723919508065,0.0856381476345442,0.228840242526756,4.61271722318133,3.97438838036152e-06,0,NA,NA,NA,4,649,"study_3_Olink_EOAD_vs_CN; study_3_Soma_EOAD_vs_CN; study_8_EOAD_vs_CN; study_9_EOAD_vs_CN",2,"study_3_Soma; study_8",0.000143626173193754
"S100B",0.108957216632831,0.0654770538325984,0.152437379433064,4.6051858873583,4.12097584110806e-06,0,0.109586157579435,0.10425616913938,0.116046614150141,5,914,"study_1_EOAD_vs_CN; study_11_EOAD_vs_CN; study_2_EOAD_vs_CN; study_5_EOAD_vs_CN; study_7_EOAD_vs_CN",3,"study_1; study_11; study_7",4.80219837810756e-05
"DCC",-0.097298804738757,-0.13511071824471,-0.0594868912328044,-4.59589047776537,4.3090500669482e-06,0.8226275783907,-0.0957020419040623,-0.115763042191441,-0.0743680588033089,7,1032,"study_1_EOAD_vs_CN; study_11_EOAD_vs_CN; study_2_EOAD_vs_CN; study_3_Soma_EOAD_vs_CN; study_4_EOAD_vs_CN; study_5_EOAD_vs_CN; study_7_EOAD_vs_CN",4,"study_1; study_11; study_4; study_7",5.38973246469076e-05
"ATP6AP2",0.0976542900956976,0.00999869227817067,0.185309887913225,4.5903464031257,4.42510993524387e-06,0.63169874306379,0.0930688220645102,0.0688450791767959,0.129990040129677,8,1218,"study_1_EOAD_vs_CN; study_10_EOAD_vs_CN; study_11_EOAD_vs_CN; study_2_EOAD_vs_CN; study_3_Olink_EOAD_vs_CN; study_4_EOAD_vs_CN; study_5_EOAD_vs_CN; study_7_EOAD_vs_CN",4,"study_1; study_11; study_4; study_7",5.44841660776902e-05
"RTN4RL2",-0.159580493634414,-0.232218119798315,-0.0869428674705125,-4.58531184645295,4.53309336772873e-06,0.77596979424837,-0.157960542196281,-0.179220034818824,-0.129241752287629,7,1175,"study_1_EOAD_vs_CN; study_10_EOAD_vs_CN; study_11_EOAD_vs_CN; study_2_EOAD_vs_CN; study_4_EOAD_vs_CN; study_5_EOAD_vs_CN; study_7_EOAD_vs_CN",4,"study_1; study_11; study_4; study_7",5.49550395964652e-05
"LGALS8",0.218768661609014,0.126059009752739,0.31147831346529,4.57600822099866,4.739319285806e-06,0,NA,NA,NA,4,638,"study_2_EOAD_vs_CN; study_3_Olink_EOAD_vs_CN; study_8_EOAD_vs_CN; study_9_EOAD_vs_CN",2,"study_2; study_8",0.000165560220384156
"PTPRN",-0.169465084925223,-0.237371892014672,-0.101558277835775,-4.57399058519642,4.78521350876968e-06,0.902574108373471,-0.168871602214289,-0.199646506520387,-0.146204082838041,7,1203,"study_1_EOAD_vs_CN; study_10_EOAD_vs_CN; study_11_EOAD_vs_CN; study_2_EOAD_vs_CN; study_4_EOAD_vs_CN; study_5_EOAD_vs_CN; study_7_EOAD_vs_CN",4,"study_1; study_11; study_4; study_7",5.71325491653108e-05
"HSPA8",0.0942943991756756,0.0391447030855284,0.149444095265823,4.56639316636839,4.96187734629559e-06,0.803108360101178,0.0923174161717615,0.0588943469150744,0.12305798599569,8,1195,"study_1_EOAD_vs_CN; study_10_EOAD_vs_CN; study_11_EOAD_vs_CN; study_2_EOAD_vs_CN; study_3_Soma_EOAD_vs_CN; study_4_EOAD_vs_CN; study_5_EOAD_vs_CN; study_7_EOAD_vs_CN",4,"study_1; study_11; study_4; study_7",5.83576022221034e-05
"GABARAP",0.107793716081791,0.0447743935881996,0.170813038575383,4.56562348871103,4.98011922891454e-06,0,NA,NA,NA,4,639,"study_1_EOAD_vs_CN; study_11_EOAD_vs_CN; study_3_Soma_EOAD_vs_CN; study_5_EOAD_vs_CN",2,"study_1; study_11",0.000168360159738788
"SCG2",-0.156200610265784,-0.220027020041924,-0.092374200489645,-4.55681954341596,5.19340059372494e-06,0.896722028664496,-0.154801097478816,-0.19420505444967,-0.131624005024198,8,1229,"study_1_EOAD_vs_CN; study_10_EOAD_vs_CN; study_11_EOAD_vs_CN; study_2_EOAD_vs_CN; study_3_Olink_EOAD_vs_CN; study_4_EOAD_vs_CN; study_5_EOAD_vs_CN; study_7_EOAD_vs_CN",4,"study_1; study_11; study_4; study_7",6.01823480566949e-05
"PGAM2",0.211365988590691,0.140014094901184,0.282717882280198,4.51278829955167,6.39808770859674e-06,0.886518034170334,NA,NA,NA,3,453,"study_11_EOAD_vs_CN; study_2_EOAD_vs_CN; study_3_Soma_EOAD_vs_CN",2,"study_11; study_2",0.000209537372456543
"ADGRL1",-0.069165617024977,-0.103495031185149,-0.0348362028648052,-4.51087518445437,6.45607026291294e-06,0.48956162368534,-0.0679554932932582,-0.0834877826541547,-0.0552746693001935,6,1010,"study_1_EOAD_vs_CN; study_11_EOAD_vs_CN; study_2_EOAD_vs_CN; study_4_EOAD_vs_CN; study_5_EOAD_vs_CN; study_7_EOAD_vs_CN",4,"study_1; study_11; study_4; study_7",7.36108862362755e-05
"CDH8",-0.143575576306653,-0.198986572475835,-0.0881645801374708,-4.5081660849403,6.53903811743564e-06,0.863211658625925,-0.140509674651377,-0.166675175881618,-0.0941116696952118,6,1003,"study_1_EOAD_vs_CN; study_11_EOAD_vs_CN; study_2_EOAD_vs_CN; study_4_EOAD_vs_CN; study_5_EOAD_vs_CN; study_7_EOAD_vs_CN",4,"study_1; study_11; study_4; study_7",7.36108862362755e-05
"GANAB",-0.0740806365160201,-0.106743541091079,-0.0414177319409611,-4.50103257164255,6.76241410973917e-06,0.910198272387612,-0.0734219322450914,-0.104403453187458,-0.054290744301184,6,1005,"study_1_EOAD_vs_CN; study_11_EOAD_vs_CN; study_2_EOAD_vs_CN; study_4_EOAD_vs_CN; study_5_EOAD_vs_CN; study_7_EOAD_vs_CN",4,"study_1; study_11; study_4; study_7",7.50532720911896e-05
"QDPR",0.0907222643102349,0.0485263628985124,0.132918165721957,4.50036522318084,6.78368057310254e-06,0.671083539843186,0.0907613263048338,0.0506975785606391,0.118490258216606,11,1844,"study_1_EOAD_vs_CN; study_10_EOAD_vs_CN; study_11_EOAD_vs_CN; study_2_EOAD_vs_CN; study_3_Olink_EOAD_vs_CN; study_3_Soma_EOAD_vs_CN; study_4_EOAD_vs_CN; study_5_EOAD_vs_CN; study_7_EOAD_vs_CN; study_8_EOAD_vs_CN; study_9_EOAD_vs_CN",5,"study_1; study_11; study_4; study_7; study_8",7.22461981035421e-05
"ME1",0.114425765336341,0.048394864567377,0.180456666105305,4.50010929363313,6.79185326622623e-06,0,0.117170972835068,0.0929502484702195,0.148963619331415,6,902,"study_1_EOAD_vs_CN; study_11_EOAD_vs_CN; study_2_EOAD_vs_CN; study_3_Soma_EOAD_vs_CN; study_5_EOAD_vs_CN; study_7_EOAD_vs_CN",3,"study_1; study_11; study_7",7.75629643003035e-05
"PLXNA4",-0.123492857248923,-0.178470490095088,-0.0685152244027587,-4.49207989802385,7.05309515961953e-06,0,NA,NA,NA,5,770,"study_1_EOAD_vs_CN; study_11_EOAD_vs_CN; study_2_EOAD_vs_CN; study_3_Olink_EOAD_vs_CN; study_3_Soma_EOAD_vs_CN",2,"study_1; study_11",0.000223989203857008
"PCDHGC5",-0.136544013758028,-0.18880838507507,-0.084279642440985,-4.4894437715667,7.1409393266277e-06,0.906494682297842,-0.136867263915849,-0.162266709415972,-0.109381606509631,6,1010,"study_1_EOAD_vs_CN; study_11_EOAD_vs_CN; study_2_EOAD_vs_CN; study_4_EOAD_vs_CN; study_5_EOAD_vs_CN; study_7_EOAD_vs_CN",4,"study_1; study_11; study_4; study_7",7.81536137414254e-05
"SELENBP1",-0.100933586267653,-0.147150437615786,-0.0547167349195191,-4.46900865600421,7.85829509714945e-06,0.0421177953168712,-0.0997124749415477,-0.112266214663359,-0.0871409761886636,7,1203,"study_1_EOAD_vs_CN; study_10_EOAD_vs_CN; study_11_EOAD_vs_CN; study_2_EOAD_vs_CN; study_4_EOAD_vs_CN; study_5_EOAD_vs_CN; study_7_EOAD_vs_CN",4,"study_1; study_11; study_4; study_7",8.48265278979969e-05
"PAPPA2",-0.0925838391199608,-0.140562493448549,-0.0446051847913722,-4.46824167363607,7.88651768859905e-06,0.571638395083094,-0.0925178971838423,-0.118915478719396,-0.0585412671767382,5,854,"study_1_EOAD_vs_CN; study_11_EOAD_vs_CN; study_2_EOAD_vs_CN; study_5_EOAD_vs_CN; study_7_EOAD_vs_CN",3,"study_1; study_11; study_7",8.82980705919619e-05
"PAM",-0.100766491895607,-0.147823686946071,-0.0537092968451425,-4.46817063092126,7.88913673984919e-06,0.819402740349815,-0.100337194097422,-0.133695006649746,-0.0757610441223215,11,1853,"study_1_EOAD_vs_CN; study_10_EOAD_vs_CN; study_11_EOAD_vs_CN; study_2_EOAD_vs_CN; study_3_Olink_EOAD_vs_CN; study_3_Soma_EOAD_vs_CN; study_4_EOAD_vs_CN; study_5_EOAD_vs_CN; study_7_EOAD_vs_CN; study_8_EOAD_vs_CN; study_9_EOAD_vs_CN",5,"study_1; study_11; study_4; study_7; study_8",8.0018386932756e-05
"CARTPT",-0.11550071420356,-0.172115455348295,-0.0588859730588244,-4.46146507959371,8.14012123844905e-06,0.503357099656961,-0.117142973789435,-0.13322889395421,-0.0967583724640958,7,1199,"study_1_EOAD_vs_CN; study_10_EOAD_vs_CN; study_11_EOAD_vs_CN; study_2_EOAD_vs_CN; study_4_EOAD_vs_CN; study_5_EOAD_vs_CN; study_7_EOAD_vs_CN",4,"study_1; study_11; study_4; study_7",8.66812910256466e-05
"LILRB4",0.103326183119477,0.058629419474231,0.148022946764723,4.45438123693618,8.41354852730177e-06,0,0.10378873308134,0.0798761406980581,0.117462134219964,9,1545,"study_1_EOAD_vs_CN; study_11_EOAD_vs_CN; study_2_EOAD_vs_CN; study_3_Olink_EOAD_vs_CN; study_3_Soma_EOAD_vs_CN; study_5_EOAD_vs_CN; study_7_EOAD_vs_CN; study_8_EOAD_vs_CN; study_9_EOAD_vs_CN",4,"study_1; study_11; study_7; study_8",8.8398349860184e-05
"NPTXR",-0.177245144521813,-0.238820172027393,-0.115670117016233,-4.45379313890349,8.43663880188825e-06,0.98434541795679,-0.176815824951427,-0.244819130223132,-0.134271854960212,11,1853,"study_1_EOAD_vs_CN; study_10_EOAD_vs_CN; study_11_EOAD_vs_CN; study_2_EOAD_vs_CN; study_3_Olink_EOAD_vs_CN; study_3_Soma_EOAD_vs_CN; study_4_EOAD_vs_CN; study_5_EOAD_vs_CN; study_7_EOAD_vs_CN; study_8_EOAD_vs_CN; study_9_EOAD_vs_CN",5,"study_1; study_11; study_4; study_7; study_8",8.16820029455544e-05
"OTUB1",0.128079884530159,0.059227668207986,0.196932100852332,4.43515482235467,9.20061423972467e-06,0.857494005655628,0.146876620890209,0.0550059183839317,0.262398754708379,4,674,"study_1_EOAD_vs_CN; study_11_EOAD_vs_CN; study_2_EOAD_vs_CN; study_7_EOAD_vs_CN",3,"study_1; study_11; study_7",0.000101029821747746
"TIGAR",0.134386324161679,0.0763996053028149,0.192373043020543,4.42190619139221,9.7833934015843e-06,0,NA,NA,NA,3,622,"study_3_Olink_EOAD_vs_CN; study_8_EOAD_vs_CN; study_9_EOAD_vs_CN",2,"study_3_Olink; study_8",0.000301558714260599
"IDH1",0.0760813383590984,0.0410182248972795,0.111144451820917,4.41450766290018,1.01240130138982e-05,0,0.076398691486462,0.0709197602006763,0.0806183668937296,7,981,"study_1_EOAD_vs_CN; study_11_EOAD_vs_CN; study_2_EOAD_vs_CN; study_3_Soma_EOAD_vs_CN; study_4_EOAD_vs_CN; study_5_EOAD_vs_CN; study_7_EOAD_vs_CN",4,"study_1; study_11; study_4; study_7",0.000104970029670418
"CHGA",-0.181505056880617,-0.25887708250305,-0.104133031258185,-4.39682716097285,1.09844744105938e-05,0.557949258200505,-0.179789913692863,-0.221836163215035,-0.13317449828258,8,1197,"study_1_EOAD_vs_CN; study_10_EOAD_vs_CN; study_11_EOAD_vs_CN; study_2_EOAD_vs_CN; study_3_Soma_EOAD_vs_CN; study_4_EOAD_vs_CN; study_5_EOAD_vs_CN; study_7_EOAD_vs_CN",4,"study_1; study_11; study_4; study_7",0.000112412543318805
"TWF2",0.156003497711915,0.0751972879979643,0.236809707425865,4.38133553172089,1.17954063485097e-05,0,NA,NA,NA,5,684,"study_1_EOAD_vs_CN; study_11_EOAD_vs_CN; study_2_EOAD_vs_CN; study_3_Soma_EOAD_vs_CN; study_5_EOAD_vs_CN",2,"study_1; study_11",0.000353188167235378
"TPI1",0.0906871333132775,0.0333691579394335,0.148005108687122,4.34937704161886,1.36524806550099e-05,0,0.0918691947661761,0.0781805090599518,0.111957824507606,8,1230,"study_1_EOAD_vs_CN; study_10_EOAD_vs_CN; study_11_EOAD_vs_CN; study_2_EOAD_vs_CN; study_3_Soma_EOAD_vs_CN; study_4_EOAD_vs_CN; study_5_EOAD_vs_CN; study_7_EOAD_vs_CN",4,"study_1; study_11; study_4; study_7",0.000137925060976254
"PRKAR1B",0.102415785936045,0.0394395006378889,0.165392071234201,4.33587349754854,1.45182425671034e-05,0.71674792387518,0.110371956982858,0.0559444745928104,0.175413940850514,6,818,"study_1_EOAD_vs_CN; study_11_EOAD_vs_CN; study_2_EOAD_vs_CN; study_3_Soma_EOAD_vs_CN; study_5_EOAD_vs_CN; study_7_EOAD_vs_CN",3,"study_1; study_11; study_7",0.000156413518977661
"CYCS",0.0700962946480236,0.0126510508532128,0.127541538442834,4.31832878913535,1.57215109054604e-05,0,0.07163699879475,0.0603154215338188,0.0941625851532693,8,1196,"study_1_EOAD_vs_CN; study_10_EOAD_vs_CN; study_11_EOAD_vs_CN; study_2_EOAD_vs_CN; study_3_Soma_EOAD_vs_CN; study_4_EOAD_vs_CN; study_5_EOAD_vs_CN; study_7_EOAD_vs_CN",4,"study_1; study_11; study_4; study_7",0.000156652369923993
"LINGO1",-0.11302920098058,-0.170531491474735,-0.0555269104864245,-4.31578329986743,1.5903793900913e-05,0.71955945940223,-0.112168800000265,-0.134135592078288,-0.0959934900066391,8,1185,"study_1_EOAD_vs_CN; study_10_EOAD_vs_CN; study_11_EOAD_vs_CN; study_2_EOAD_vs_CN; study_3_Soma_EOAD_vs_CN; study_4_EOAD_vs_CN; study_5_EOAD_vs_CN; study_7_EOAD_vs_CN",4,"study_1; study_11; study_4; study_7",0.000156652369923993
"TKT",0.0876858819888445,0.0395224621794985,0.13584930179819,4.29277694176767,1.7645225194583e-05,0.700187530144363,0.0877666380477698,0.0541510802831262,0.114154577020884,6,899,"study_1_EOAD_vs_CN; study_11_EOAD_vs_CN; study_2_EOAD_vs_CN; study_3_Soma_EOAD_vs_CN; study_5_EOAD_vs_CN; study_7_EOAD_vs_CN",3,"study_1; study_11; study_7",0.000186581918261239
"SUMO3",0.351147842882144,0.211661006854557,0.490634678909731,4.26806855743277,1.97172735895121e-05,0,NA,NA,NA,4,164,"study_2_EOAD_vs_CN; study_3_Soma_EOAD_vs_CN; study_4_EOAD_vs_CN; study_5_EOAD_vs_CN",2,"study_2; study_4",0.000573991742272463
"MDH2",0.0952833723666263,0.0365191767404521,0.154047567992801,4.25231006088086,2.11576645409021e-05,0,0.0946798132820543,0.0829707934756545,0.104829004444098,7,990,"study_1_EOAD_vs_CN; study_11_EOAD_vs_CN; study_2_EOAD_vs_CN; study_3_Soma_EOAD_vs_CN; study_4_EOAD_vs_CN; study_5_EOAD_vs_CN; study_7_EOAD_vs_CN",4,"study_1; study_11; study_4; study_7",0.000205830119237418
"RSPO3",0.28702031303184,0.164252805902111,0.409787820161568,4.24149342305967,2.22037397454204e-05,0.90541395225131,NA,NA,NA,4,649,"study_3_Olink_EOAD_vs_CN; study_3_Soma_EOAD_vs_CN; study_8_EOAD_vs_CN; study_9_EOAD_vs_CN",2,"study_3_Soma; study_8",0.000628905925762179
"GSTO1",0.0904787195631329,0.0393950965653496,0.141562342560916,4.23904531152078,2.2447235186238e-05,0.873636839752977,0.0964084458235877,0.0395023666803178,0.191444135605964,7,1027,"study_1_EOAD_vs_CN; study_11_EOAD_vs_CN; study_2_EOAD_vs_CN; study_3_Soma_EOAD_vs_CN; study_4_EOAD_vs_CN; study_5_EOAD_vs_CN; study_7_EOAD_vs_CN",4,"study_1; study_11; study_4; study_7",0.000215712455204336
"SPON2",-0.0788301487604841,-0.124485140279959,-0.033175157241009,-4.21820313113245,2.46256923064182e-05,0,-0.0793764059968614,-0.0946896052912847,-0.0702139196900821,10,1646,"study_1_EOAD_vs_CN; study_11_EOAD_vs_CN; study_2_EOAD_vs_CN; study_3_Olink_EOAD_vs_CN; study_3_Soma_EOAD_vs_CN; study_4_EOAD_vs_CN; study_5_EOAD_vs_CN; study_7_EOAD_vs_CN; study_8_EOAD_vs_CN; study_9_EOAD_vs_CN",5,"study_1; study_11; study_4; study_7; study_8",0.000228055324402916
"COCH",0.125898020456551,0.0633254246705096,0.188470616242592,4.18239059326707,2.88459840343458e-05,0.786379638171625,0.126553138558903,0.0521107113996043,0.182837914406826,11,1827,"study_1_EOAD_vs_CN; study_10_EOAD_vs_CN; study_11_EOAD_vs_CN; study_2_EOAD_vs_CN; study_3_Olink_EOAD_vs_CN; study_3_Soma_EOAD_vs_CN; study_4_EOAD_vs_CN; study_5_EOAD_vs_CN; study_7_EOAD_vs_CN; study_8_EOAD_vs_CN; study_9_EOAD_vs_CN",5,"study_1; study_11; study_4; study_7; study_8",0.000256008108304819
"LY6H",-0.169440921993931,-0.242081544330017,-0.0968002996578453,-4.16147779856751,3.16194742607786e-05,0.753762973941444,-0.166543525394104,-0.212836246986296,-0.102635814434296,7,1203,"study_1_EOAD_vs_CN; study_10_EOAD_vs_CN; study_11_EOAD_vs_CN; study_2_EOAD_vs_CN; study_4_EOAD_vs_CN; study_5_EOAD_vs_CN; study_7_EOAD_vs_CN",4,"study_1; study_11; study_4; study_7",0.000300194526716789
"NSF",0.0674987729167792,0.0211555701433706,0.113841975690188,4.15262143675158,3.28688230193235e-05,0.54484315407389,0.0703348032626196,0.052189637730972,0.109432653400595,7,1017,"study_1_EOAD_vs_CN; study_11_EOAD_vs_CN; study_2_EOAD_vs_CN; study_3_Soma_EOAD_vs_CN; study_4_EOAD_vs_CN; study_5_EOAD_vs_CN; study_7_EOAD_vs_CN",4,"study_1; study_11; study_4; study_7",0.000308340863562225
"BDNF",-0.178484385832,-0.280154237358156,-0.0768145343058443,-4.1417165010973,3.4471626801823e-05,0.910460221325921,-0.172765119033722,-0.20875061014266,-0.133863860595904,5,876,"study_1_EOAD_vs_CN; study_11_EOAD_vs_CN; study_2_EOAD_vs_CN; study_5_EOAD_vs_CN; study_7_EOAD_vs_CN",3,"study_1; study_11; study_7",0.000357878161888017
"CD44",0.0859807540417211,0.0394553152215587,0.132506192861883,4.13770243832001,3.50800901528537e-05,0,0.0864801253177308,0.0787253518032092,0.102701764435726,7,1204,"study_1_EOAD_vs_CN; study_10_EOAD_vs_CN; study_11_EOAD_vs_CN; study_2_EOAD_vs_CN; study_4_EOAD_vs_CN; study_5_EOAD_vs_CN; study_7_EOAD_vs_CN",4,"study_1; study_11; study_4; study_7",0.000325213071064102
"CAND1",0.136444651069121,0.0587428246326928,0.214146477505549,4.08657944450372,4.37779625650218e-05,0.931206652815656,NA,NA,NA,5,798,"study_1_EOAD_vs_CN; study_11_EOAD_vs_CN; study_2_EOAD_vs_CN; study_3_Soma_EOAD_vs_CN; study_5_EOAD_vs_CN",2,"study_1; study_11",0.00120735012547744
"TNFRSF1B",0.221124714206626,0.0762552005046096,0.365994227908642,4.08499942550911,4.40769256347152e-05,0.550343283499931,0.221917258680455,0.163930126821781,0.274501237846081,6,1023,"study_11_EOAD_vs_CN; study_2_EOAD_vs_CN; study_3_Olink_EOAD_vs_CN; study_3_Soma_EOAD_vs_CN; study_8_EOAD_vs_CN; study_9_EOAD_vs_CN",3,"study_11; study_2; study_8",0.000449427223882543
"VSTM2B",-0.116342548651003,-0.174003168218789,-0.0586819290832175,-4.05653818813871,4.98054222927491e-05,0.802077385352371,-0.115199193271886,-0.145177086015596,-0.0991368776338443,7,1203,"study_1_EOAD_vs_CN; study_10_EOAD_vs_CN; study_11_EOAD_vs_CN; study_2_EOAD_vs_CN; study_4_EOAD_vs_CN; study_5_EOAD_vs_CN; study_7_EOAD_vs_CN",4,"study_1; study_11; study_4; study_7",0.000456356660077748
"MAP1LC3B2",0.20078861041102,0.118661943144894,0.282915277677146,4.05301266885348,5.05622631890297e-05,0,NA,NA,NA,3,161,"study_2_EOAD_vs_CN; study_3_Soma_EOAD_vs_CN; study_7_EOAD_vs_CN",2,"study_2; study_7",0.00135869876466931
"EXTL2",-0.063028344554688,-0.0966269858967476,-0.0294297032126284,-4.04655160406951,5.19776702553064e-05,0.436783155243282,-0.0623927383460681,-0.0744059856091378,-0.054770146201031,7,1037,"study_1_EOAD_vs_CN; study_11_EOAD_vs_CN; study_2_EOAD_vs_CN; study_3_Soma_EOAD_vs_CN; study_4_EOAD_vs_CN; study_5_EOAD_vs_CN; study_7_EOAD_vs_CN",4,"study_1; study_11; study_4; study_7",0.000470786254726223
"FABP7",0.131480024609858,0.0299000698871776,0.233059979332538,4.02837249994347,5.61643060930232e-05,0,NA,NA,NA,4,774,"study_1_EOAD_vs_CN; study_11_EOAD_vs_CN; study_2_EOAD_vs_CN; study_5_EOAD_vs_CN",2,"study_1; study_11",0.00147150481963721
"ADGRB2",-0.129479345475382,-0.187268211689804,-0.0716904792609596,-4.01658402709125,5.90478161165948e-05,0.879133702704292,-0.127394989020365,-0.163533943922282,-0.100191663515022,8,1184,"study_1_EOAD_vs_CN; study_10_EOAD_vs_CN; study_11_EOAD_vs_CN; study_2_EOAD_vs_CN; study_3_Soma_EOAD_vs_CN; study_4_EOAD_vs_CN; study_5_EOAD_vs_CN; study_7_EOAD_vs_CN",4,"study_1; study_11; study_4; study_7",0.00052874635340769
"NPC2",0.0737750098516681,0.0307941298940428,0.116755889809293,4.01147304776754,6.03410666723351e-05,0,0.0718739090911399,0.0479573547650274,0.0876814775003817,7,1204,"study_1_EOAD_vs_CN; study_10_EOAD_vs_CN; study_11_EOAD_vs_CN; study_2_EOAD_vs_CN; study_4_EOAD_vs_CN; study_5_EOAD_vs_CN; study_7_EOAD_vs_CN",4,"study_1; study_11; study_4; study_7",0.000531116719370673
"ECM1",-0.0752118034689092,-0.11706369650192,-0.033359910435898,-4.0102264620355,6.0660539014417e-05,0,-0.0738153587995879,-0.0813357224848587,-0.0660772622315706,8,1228,"study_1_EOAD_vs_CN; study_10_EOAD_vs_CN; study_11_EOAD_vs_CN; study_2_EOAD_vs_CN; study_3_Soma_EOAD_vs_CN; study_4_EOAD_vs_CN; study_5_EOAD_vs_CN; study_7_EOAD_vs_CN",4,"study_1; study_11; study_4; study_7",0.000531116719370673
"ISLR",-0.0505399971070429,-0.0740230118917231,-0.0270569823223628,-4.00424657304255,6.22154465993288e-05,0,-0.0508485257168663,-0.0556909308877178,-0.0481493046777362,6,1068,"study_1_EOAD_vs_CN; study_10_EOAD_vs_CN; study_11_EOAD_vs_CN; study_2_EOAD_vs_CN; study_4_EOAD_vs_CN; study_5_EOAD_vs_CN",3,"study_1; study_11; study_4",0.000623245965056434
"LRFN2",-0.119335438239696,-0.193781980767149,-0.0448888957122429,-4.00292739935845,6.25635054096551e-05,0.661539385541888,NA,NA,NA,5,826,"study_1_EOAD_vs_CN; study_11_EOAD_vs_CN; study_2_EOAD_vs_CN; study_3_Soma_EOAD_vs_CN; study_5_EOAD_vs_CN",2,"study_1; study_11",0.00159918423583704
"MAP1LC3B",0.238372526712032,0.10627612770618,0.370468925717883,3.99844150263071,6.37609345607403e-05,0,0.235537042427063,0.225179863352223,0.244457313851063,3,504,"study_11_EOAD_vs_CN; study_3_Soma_EOAD_vs_CN; study_7_EOAD_vs_CN",3,"study_11; study_3_Soma; study_7",0.000627715407485909
"CDH6",-0.0476950031291375,-0.0829833947393867,-0.0124066115188883,-3.99282518013841,6.52907051527374e-05,0.74208786409806,-0.0471017514930994,-0.0727355601032413,-0.0236032565562984,10,1805,"study_1_EOAD_vs_CN; study_10_EOAD_vs_CN; study_11_EOAD_vs_CN; study_2_EOAD_vs_CN; study_3_Olink_EOAD_vs_CN; study_4_EOAD_vs_CN; study_5_EOAD_vs_CN; study_7_EOAD_vs_CN; study_8_EOAD_vs_CN; study_9_EOAD_vs_CN",5,"study_1; study_11; study_4; study_7; study_8",0.000556276807901323
"CCK",-0.170896417281575,-0.24305187533454,-0.0987409592286096,-3.99155330914113,6.56419283012394e-05,0.829930185056085,-0.179472854936057,-0.238317088339667,-0.12249069471494,6,911,"study_1_EOAD_vs_CN; study_11_EOAD_vs_CN; study_2_EOAD_vs_CN; study_3_Soma_EOAD_vs_CN; study_4_EOAD_vs_CN; study_5_EOAD_vs_CN",3,"study_1; study_11; study_4",0.000635280356949283
"CRELD1",-0.125820905235727,-0.17697386746031,-0.0746679430111434,-3.98196915511904,6.83466512407368e-05,0.884903663275848,-0.123665222353085,-0.189203725247295,-0.0629422209431962,6,916,"study_1_EOAD_vs_CN; study_11_EOAD_vs_CN; study_2_EOAD_vs_CN; study_3_Soma_EOAD_vs_CN; study_4_EOAD_vs_CN; study_5_EOAD_vs_CN",3,"study_1; study_11; study_4",0.000650432297641012
"UFM1",0.130002554806287,0.0400091483473792,0.219995961265196,3.97425387352352,7.06002267519899e-05,0.478259963909936,NA,NA,NA,5,674,"study_1_EOAD_vs_CN; study_11_EOAD_vs_CN; study_2_EOAD_vs_CN; study_3_Soma_EOAD_vs_CN; study_5_EOAD_vs_CN",2,"study_1; study_11",0.00176164375324013
"AKR1B1",0.100005542252691,0.041260166816619,0.158750917688762,3.9688466297008,7.22213442526113e-05,0.698292847191969,0.1094924994193,0.0661019479301146,0.160385656662726,7,930,"study_1_EOAD_vs_CN; study_11_EOAD_vs_CN; study_2_EOAD_vs_CN; study_3_Olink_EOAD_vs_CN; study_3_Soma_EOAD_vs_CN; study_4_EOAD_vs_CN; study_5_EOAD_vs_CN",3,"study_1; study_11; study_4",0.000676039140462969
"CPLX2",0.0958870206634211,0.0233812253176706,0.168392816009172,3.96071469767488,7.47257717500245e-05,0.371463065618313,0.0995599117262291,0.0685851111014499,0.1420873159317,6,916,"study_1_EOAD_vs_CN; study_11_EOAD_vs_CN; study_2_EOAD_vs_CN; study_3_Soma_EOAD_vs_CN; study_5_EOAD_vs_CN; study_7_EOAD_vs_CN",3,"study_1; study_11; study_7",0.000688200252730065
"FABP4",-0.231660521642631,-0.348500402742648,-0.114820640542613,-3.94784520472341,7.88577636277168e-05,0.213862592593253,-0.229068996337476,-0.268214652308301,-0.181982343929118,8,1415,"study_1_EOAD_vs_CN; study_11_EOAD_vs_CN; study_2_EOAD_vs_CN; study_3_Olink_EOAD_vs_CN; study_3_Soma_EOAD_vs_CN; study_5_EOAD_vs_CN; study_8_EOAD_vs_CN; study_9_EOAD_vs_CN",3,"study_1; study_11; study_8",0.000714726714784545
"MMRN2",-0.073356608081479,-0.105657944057157,-0.0410552721058007,-3.93675096793153,8.25922383257167e-05,0.872258360342995,-0.0690423564206246,-0.0891968783269619,-0.0221990386730175,7,1121,"study_1_EOAD_vs_CN; study_10_EOAD_vs_CN; study_11_EOAD_vs_CN; study_2_EOAD_vs_CN; study_4_EOAD_vs_CN; study_5_EOAD_vs_CN; study_7_EOAD_vs_CN",4,"study_1; study_11; study_4; study_7",0.000715194327479833
"PSMA1",0.215340161715557,0.0890390639244116,0.341641259506702,3.91925148589919,8.88243952663598e-05,0,NA,NA,NA,5,819,"study_1_EOAD_vs_CN; study_11_EOAD_vs_CN; study_2_EOAD_vs_CN; study_3_Olink_EOAD_vs_CN; study_5_EOAD_vs_CN",2,"study_1; study_11",0.0021469953945147
"CACNA2D1",-0.130765224395764,-0.191180973946189,-0.0703494748453388,-3.91823331137251,8.920034677782e-05,0.834227049358986,-0.128133096548446,-0.154626500376848,-0.0886767744626614,7,1204,"study_1_EOAD_vs_CN; study_10_EOAD_vs_CN; study_11_EOAD_vs_CN; study_2_EOAD_vs_CN; study_4_EOAD_vs_CN; study_5_EOAD_vs_CN; study_7_EOAD_vs_CN",4,"study_1; study_11; study_4; study_7",0.000757537078867193
"CHST10",-0.0858307917289387,-0.135239984229744,-0.0364215992281334,-3.91768141594516,8.94047567698591e-05,0.277989455440168,-0.0878728405071274,-0.10189099535605,-0.0761473911780642,6,991,"study_1_EOAD_vs_CN; study_11_EOAD_vs_CN; study_2_EOAD_vs_CN; study_4_EOAD_vs_CN; study_5_EOAD_vs_CN; study_7_EOAD_vs_CN",4,"study_1; study_11; study_4; study_7",0.000757537078867193
"TMEFF2",0.102765715885187,0.0489191026318263,0.156612329138549,3.91570335574331,9.0141028013976e-05,0,NA,NA,NA,4,788,"study_1_EOAD_vs_CN; study_11_EOAD_vs_CN; study_2_EOAD_vs_CN; study_5_EOAD_vs_CN",2,"study_1; study_11",0.0021469953945147
"SNAP91",0.362767773800987,0.0463674256520339,0.679168121949939,3.90523366728139,9.41343820118447e-05,0.931098995055533,NA,NA,NA,3,606,"study_1_EOAD_vs_CN; study_11_EOAD_vs_CN; study_2_EOAD_vs_CN",2,"study_1; study_11",0.00219228516329807
"CBLN4",-0.159923703966126,-0.229344742984097,-0.0905026649481552,-3.90010960358153,9.61491506387607e-05,0.922026769728247,-0.150696831085185,-0.198339053207522,-0.0733623893579689,8,1117,"study_1_EOAD_vs_CN; study_10_EOAD_vs_CN; study_11_EOAD_vs_CN; study_2_EOAD_vs_CN; study_3_Olink_EOAD_vs_CN; study_3_Soma_EOAD_vs_CN; study_5_EOAD_vs_CN; study_7_EOAD_vs_CN",3,"study_1; study_11; study_7",0.000857830703355193
"ADAMTS8",-0.0834444870275778,-0.119170670596414,-0.0477183034587412,-3.89471118875342,9.83158015550412e-05,0.73258144519299,-0.0811521989040908,-0.100740742781681,-0.0475546475835551,6,955,"study_1_EOAD_vs_CN; study_11_EOAD_vs_CN; study_2_EOAD_vs_CN; study_4_EOAD_vs_CN; study_5_EOAD_vs_CN; study_7_EOAD_vs_CN",4,"study_1; study_11; study_4; study_7",0.000824179272610346
"TNFRSF11A",0.186862947770055,0.0943128459758912,0.279413049564219,3.88491265871037,0.000102366682733453,0.433371826806732,NA,NA,NA,5,664,"study_2_EOAD_vs_CN; study_3_Olink_EOAD_vs_CN; study_3_Soma_EOAD_vs_CN; study_8_EOAD_vs_CN; study_9_EOAD_vs_CN",2,"study_2; study_8",0.00233218007618824
"IGSF1",-0.0675763568663212,-0.101205225590796,-0.0339474881418467,-3.87860708861314,0.00010505627809531,0.802026440638578,-0.0703908307545587,-0.0983522544843416,-0.0505546335985848,6,927,"study_1_EOAD_vs_CN; study_11_EOAD_vs_CN; study_2_EOAD_vs_CN; study_4_EOAD_vs_CN; study_5_EOAD_vs_CN; study_7_EOAD_vs_CN",4,"study_1; study_11; study_4; study_7",0.000871414180411625
"NRP1",-0.0548926600310349,-0.0820659106886149,-0.0277194093734549,-3.87024507152794,0.00010872599931848,0.820502534526262,-0.0528646830107113,-0.0666024888037452,-0.0281068331601814,8,1037,"study_1_EOAD_vs_CN; study_11_EOAD_vs_CN; study_2_EOAD_vs_CN; study_3_Olink_EOAD_vs_CN; study_3_Soma_EOAD_vs_CN; study_4_EOAD_vs_CN; study_5_EOAD_vs_CN; study_7_EOAD_vs_CN",4,"study_1; study_11; study_4; study_7",0.00089245924440586
"HPCAL1",0.24445232251173,0.143726402972362,0.345178242051098,3.8617159075523,0.000112593447756086,0.347591234886781,NA,NA,NA,3,447,"study_11_EOAD_vs_CN; study_2_EOAD_vs_CN; study_3_Soma_EOAD_vs_CN",2,"study_11; study_2",0.00249691993210451
"VWA7",-0.170333320978104,-0.251029240156025,-0.0896374018001833,-3.86105331278095,0.000112899263331552,0.649604124669356,-0.17719500157339,-0.224196549017607,-0.125069380012891,4,668,"study_1_EOAD_vs_CN; study_11_EOAD_vs_CN; study_2_EOAD_vs_CN; study_7_EOAD_vs_CN",3,"study_1; study_11; study_7",0.000991776605574093
"CAB39",0.167491772276791,0.0857791814578958,0.249204363095686,3.85790571458475,0.000114362744981886,0,NA,NA,NA,4,606,"study_1_EOAD_vs_CN; study_11_EOAD_vs_CN; study_2_EOAD_vs_CN; study_3_Soma_EOAD_vs_CN",2,"study_1; study_11",0.00249691993210451
"CD200",-0.073204468020314,-0.118950067955585,-0.0274588680850435,-3.85305591798008,0.000116652736511162,0.426106374230043,-0.0733305287435196,-0.0997087245324084,-0.0562624616465914,10,1657,"study_1_EOAD_vs_CN; study_11_EOAD_vs_CN; study_2_EOAD_vs_CN; study_3_Olink_EOAD_vs_CN; study_3_Soma_EOAD_vs_CN; study_4_EOAD_vs_CN; study_5_EOAD_vs_CN; study_7_EOAD_vs_CN; study_8_EOAD_vs_CN; study_9_EOAD_vs_CN",5,"study_1; study_11; study_4; study_7; study_8",0.000955655110649138
"GFAP",0.182336915701875,0.0750730513545729,0.289600780049176,3.84620442724329,0.000119961686708679,0,0.179150193086941,0.169742463892014,0.19211303348975,6,838,"study_1_EOAD_vs_CN; study_11_EOAD_vs_CN; study_2_EOAD_vs_CN; study_3_Soma_EOAD_vs_CN; study_5_EOAD_vs_CN; study_7_EOAD_vs_CN",3,"study_1; study_11; study_7",0.00103785035016145
"NICOL1",-0.131919343139332,-0.194570422840825,-0.0692682634378376,-3.84285237212146,0.00012161262650116,0.748541018384477,-0.129501901388437,-0.153292954651496,-0.0903123239628334,7,1197,"study_1_EOAD_vs_CN; study_10_EOAD_vs_CN; study_11_EOAD_vs_CN; study_2_EOAD_vs_CN; study_4_EOAD_vs_CN; study_5_EOAD_vs_CN; study_7_EOAD_vs_CN",4,"study_1; study_11; study_4; study_7",0.000987945873019737
"CAPG",0.09092944225465,0.0484741661286285,0.133384718380672,3.83991030399456,0.00012307926987988,0.958186593011606,0.089668779288385,0.0793554921911107,0.106325797183266,9,1511,"study_1_EOAD_vs_CN; study_11_EOAD_vs_CN; study_2_EOAD_vs_CN; study_3_Olink_EOAD_vs_CN; study_3_Soma_EOAD_vs_CN; study_5_EOAD_vs_CN; study_7_EOAD_vs_CN; study_8_EOAD_vs_CN; study_9_EOAD_vs_CN",4,"study_1; study_11; study_7; study_8",0.000989657802707604
"GALC",-0.134977295831457,-0.20882320376545,-0.0611313878974641,-3.82897867469568,0.00012867615515121,0,-0.131361561313947,-0.146647622627999,-0.101192090545874,6,957,"study_1_EOAD_vs_CN; study_11_EOAD_vs_CN; study_2_EOAD_vs_CN; study_4_EOAD_vs_CN; study_5_EOAD_vs_CN; study_7_EOAD_vs_CN",4,"study_1; study_11; study_4; study_7",0.00102421020463791
"APLP1",-0.0771923399066276,-0.115503102824406,-0.0388815769888491,-3.81923414936848,0.000133866647331041,0.554238682739453,-0.0768794450603641,-0.0858058012208641,-0.0601829778321462,11,1853,"study_1_EOAD_vs_CN; study_10_EOAD_vs_CN; study_11_EOAD_vs_CN; study_2_EOAD_vs_CN; study_3_Olink_EOAD_vs_CN; study_3_Soma_EOAD_vs_CN; study_4_EOAD_vs_CN; study_5_EOAD_vs_CN; study_7_EOAD_vs_CN; study_8_EOAD_vs_CN; study_9_EOAD_vs_CN",5,"study_1; study_11; study_4; study_7; study_8",0.00105605910672266
"HDHD2",0.0557783198955001,-0.00876634713392273,0.120322986924923,3.81194391938088,0.000137878163255162,0.916367323649764,0.0650668782441199,-0.00846160705059689,0.166556680822118,6,912,"study_1_EOAD_vs_CN; study_11_EOAD_vs_CN; study_2_EOAD_vs_CN; study_3_Soma_EOAD_vs_CN; study_5_EOAD_vs_CN; study_7_EOAD_vs_CN",3,"study_1; study_11; study_7",0.00117505121221936
"NCR3LG1",-0.113056272190756,-0.18199057684805,-0.0441219675334626,-3.81140554191459,0.000138178856879773,0,NA,NA,NA,4,800,"study_1_EOAD_vs_CN; study_11_EOAD_vs_CN; study_2_EOAD_vs_CN; study_5_EOAD_vs_CN",2,"study_1; study_11",0.00295533555122453
"CX3CL1",-0.169138030561398,-0.24312789218767,-0.0951481689351267,-3.80801171846455,0.000140088636084228,0.938694668179177,-0.165263577379356,-0.277259558282703,-0.0950451844404104,7,1418,"study_1_EOAD_vs_CN; study_11_EOAD_vs_CN; study_2_EOAD_vs_CN; study_3_Olink_EOAD_vs_CN; study_5_EOAD_vs_CN; study_8_EOAD_vs_CN; study_9_EOAD_vs_CN",3,"study_1; study_11; study_8",0.00117633251770727
"HTRA1",0.0527932822544549,0.0220316936272594,0.0835548708816505,3.80785273234463,0.000140178707865868,0.629108290281961,0.0525296683180126,0.041181809034676,0.0631965188615504,8,1152,"study_1_EOAD_vs_CN; study_10_EOAD_vs_CN; study_11_EOAD_vs_CN; study_2_EOAD_vs_CN; study_3_Soma_EOAD_vs_CN; study_4_EOAD_vs_CN; study_5_EOAD_vs_CN; study_7_EOAD_vs_CN",4,"study_1; study_11; study_4; study_7",0.00110460821798304
"SCAMP3",0.176265469709001,0.0823079749070267,0.270222964510975,3.80195691410153,0.000143557696407228,0,NA,NA,NA,3,622,"study_3_Olink_EOAD_vs_CN; study_8_EOAD_vs_CN; study_9_EOAD_vs_CN",2,"study_3_Olink; study_8",0.0030089693166955
"ZP2",-0.127083900063359,-0.213147498069191,-0.0410203020575266,-3.7943784719951,0.000148013755636198,0.519282010939277,-0.12960583975681,-0.190280250677012,-0.0774303223371112,7,1118,"study_1_EOAD_vs_CN; study_10_EOAD_vs_CN; study_11_EOAD_vs_CN; study_2_EOAD_vs_CN; study_4_EOAD_vs_CN; study_5_EOAD_vs_CN; study_7_EOAD_vs_CN",4,"study_1; study_11; study_4; study_7",0.00115480039050816
"TPBG",-0.0970126478733655,-0.148526628009601,-0.0454986677371303,-3.76180588888861,0.000168690948409959,0.725991388626061,-0.0928606024303058,-0.130981445454636,-0.0556837105733523,6,971,"study_1_EOAD_vs_CN; study_11_EOAD_vs_CN; study_2_EOAD_vs_CN; study_4_EOAD_vs_CN; study_5_EOAD_vs_CN; study_7_EOAD_vs_CN",4,"study_1; study_11; study_4; study_7",0.00130322026810831
"NRN1",-0.101404238736765,-0.153613081305455,-0.049195396168076,-3.75173686393644,0.000175613729696741,0.798111802478032,-0.100764266851562,-0.119799243760703,-0.0783527304781295,6,991,"study_1_EOAD_vs_CN; study_11_EOAD_vs_CN; study_2_EOAD_vs_CN; study_4_EOAD_vs_CN; study_5_EOAD_vs_CN; study_7_EOAD_vs_CN",4,"study_1; study_11; study_4; study_7",0.00134353028156342
"PIGR",0.129276844210639,0.0689979331542285,0.18955575526705,3.73240822370703,0.000189657807683286,0.75867170533902,0.133549246135055,0.090340856290851,0.16259645713831,8,1046,"study_1_EOAD_vs_CN; study_11_EOAD_vs_CN; study_2_EOAD_vs_CN; study_3_Olink_EOAD_vs_CN; study_3_Soma_EOAD_vs_CN; study_4_EOAD_vs_CN; study_5_EOAD_vs_CN; study_7_EOAD_vs_CN",4,"study_1; study_11; study_4; study_7",0.00143702261975413
"PRRT3",-0.0902667843954346,-0.134133210957365,-0.0464003578335038,-3.72610373273058,0.000194462401279423,0.8483281396194,-0.0885491188358843,-0.109214965820748,-0.060330502829638,7,1202,"study_1_EOAD_vs_CN; study_10_EOAD_vs_CN; study_11_EOAD_vs_CN; study_2_EOAD_vs_CN; study_4_EOAD_vs_CN; study_5_EOAD_vs_CN; study_7_EOAD_vs_CN",4,"study_1; study_11; study_4; study_7",0.00145939402103034
"ITM2C",-0.0796432230811228,-0.11787925681771,-0.0414071893445353,-3.72363406883725,0.000196375501541555,0.165872756773119,NA,NA,NA,4,810,"study_1_EOAD_vs_CN; study_11_EOAD_vs_CN; study_2_EOAD_vs_CN; study_5_EOAD_vs_CN",2,"study_1; study_11",0.00398428746158503
"PTHLH",-0.207273096867016,-0.326694586163371,-0.0878516075706599,-3.72194555856894,0.000197693652674066,0.437556307447079,NA,NA,NA,5,816,"study_1_EOAD_vs_CN; study_11_EOAD_vs_CN; study_2_EOAD_vs_CN; study_3_Soma_EOAD_vs_CN; study_5_EOAD_vs_CN",2,"study_1; study_11",0.00398428746158503
"PCSK1N",-0.0905964349124518,-0.137601511652766,-0.043591358172138,-3.71104416652299,0.000206406083424784,0.569845638921693,-0.0903609793051215,-0.10546738774468,-0.0762773658985661,8,1231,"study_1_EOAD_vs_CN; study_10_EOAD_vs_CN; study_11_EOAD_vs_CN; study_2_EOAD_vs_CN; study_3_Soma_EOAD_vs_CN; study_4_EOAD_vs_CN; study_5_EOAD_vs_CN; study_7_EOAD_vs_CN",4,"study_1; study_11; study_4; study_7",0.00153441503527103
"CCN3",0.0747479839486785,0.0360412711269996,0.113454696770357,3.68253572536983,0.00023092549396963,0.728258608191584,0.0744405431261326,0.0667502092908083,0.0876714067273201,11,1841,"study_1_EOAD_vs_CN; study_10_EOAD_vs_CN; study_11_EOAD_vs_CN; study_2_EOAD_vs_CN; study_3_Olink_EOAD_vs_CN; study_3_Soma_EOAD_vs_CN; study_4_EOAD_vs_CN; study_5_EOAD_vs_CN; study_7_EOAD_vs_CN; study_8_EOAD_vs_CN; study_9_EOAD_vs_CN",5,"study_1; study_11; study_4; study_7; study_8",0.00175668322198326
"SCN3B",-0.137885307311975,-0.211558970900247,-0.0642116437237021,-3.66549934125075,0.000246856446992283,0.772660091841459,-0.135439614933003,-0.158239990859027,-0.0956654422523126,7,1022,"study_1_EOAD_vs_CN; study_11_EOAD_vs_CN; study_2_EOAD_vs_CN; study_3_Soma_EOAD_vs_CN; study_4_EOAD_vs_CN; study_5_EOAD_vs_CN; study_7_EOAD_vs_CN",4,"study_1; study_11; study_4; study_7",0.00181797084327027
"TF",-0.0616876737143175,-0.111264688872129,-0.0121106585565064,-3.66488034578439,0.000247454245515112,0.749622424806517,-0.0565786067045197,-0.0878130099571735,-0.0329011651789977,7,1110,"study_1_EOAD_vs_CN; study_10_EOAD_vs_CN; study_11_EOAD_vs_CN; study_2_EOAD_vs_CN; study_3_Soma_EOAD_vs_CN; study_4_EOAD_vs_CN; study_5_EOAD_vs_CN",3,"study_1; study_11; study_4",0.00204777353897289
"BIN1",0.110641913433698,0.0261193974353842,0.195164429432012,3.64709241324435,0.000265224554474547,0.531344412259153,NA,NA,NA,5,808,"study_1_EOAD_vs_CN; study_11_EOAD_vs_CN; study_2_EOAD_vs_CN; study_3_Soma_EOAD_vs_CN; study_5_EOAD_vs_CN",2,"study_1; study_11",0.00520053165874554
"CD248",-0.0575748211945817,-0.0880936722611012,-0.0270559701280622,-3.64533108781183,0.000267047770635588,0.0785949926358291,-0.0561809864899457,-0.0646612424110419,-0.0367792413765912,7,1036,"study_1_EOAD_vs_CN; study_11_EOAD_vs_CN; study_2_EOAD_vs_CN; study_3_Soma_EOAD_vs_CN; study_4_EOAD_vs_CN; study_5_EOAD_vs_CN; study_7_EOAD_vs_CN",4,"study_1; study_11; study_4; study_7",0.00194845965982262
"MAP2K6",0.085608274697318,0.0397436648636157,0.13147288453102,3.64444797969808,0.000267966325927728,0,NA,NA,NA,3,622,"study_3_Olink_EOAD_vs_CN; study_8_EOAD_vs_CN; study_9_EOAD_vs_CN",2,"study_3_Olink; study_8",0.00520053165874554
"EFNA5",-0.0843289899902762,-0.132284118722293,-0.0363738612582595,-3.62466027303741,0.000289341542295519,0.352971938375183,-0.0824209274072776,-0.0956617536600986,-0.0750434364080568,6,952,"study_1_EOAD_vs_CN; study_11_EOAD_vs_CN; study_2_EOAD_vs_CN; study_3_Soma_EOAD_vs_CN; study_5_EOAD_vs_CN; study_7_EOAD_vs_CN",3,"study_1; study_11; study_7",0.00236020029501059
"SORCS1",-0.0883747369859018,-0.141159547749872,-0.0355899262219311,-3.62299689947801,0.000291209314373619,0.687947905414947,-0.0886328743189333,-0.108268343455418,-0.0642074780977287,7,1014,"study_1_EOAD_vs_CN; study_11_EOAD_vs_CN; study_2_EOAD_vs_CN; study_3_Soma_EOAD_vs_CN; study_4_EOAD_vs_CN; study_5_EOAD_vs_CN; study_7_EOAD_vs_CN",4,"study_1; study_11; study_4; study_7",0.00210525632776525
"LILRB1",0.114319713126071,0.0482023267515907,0.180437099500551,3.6183719364636,0.000296462135373944,0.830068020943331,0.114487052929477,0.0583331682965543,0.161462187818905,8,1301,"study_1_EOAD_vs_CN; study_11_EOAD_vs_CN; study_2_EOAD_vs_CN; study_3_Olink_EOAD_vs_CN; study_3_Soma_EOAD_vs_CN; study_5_EOAD_vs_CN; study_8_EOAD_vs_CN; study_9_EOAD_vs_CN",3,"study_1; study_11; study_8",0.00238422365209186
"CALM3",0.171007486351958,0.0284405623655472,0.313574410338368,3.61554230448679,0.000299719521953674,0.64700118132399,NA,NA,NA,2,138,"study_5_EOAD_vs_CN; study_7_EOAD_vs_CN",2,"study_5; study_7",0.00571101925468091
"WDR1",0.101759618032734,0.0465761712898476,0.15694306477562,3.61124191472909,0.00030473424205536,0.605130575272956,0.104056953460177,0.0784925563420407,0.141262617047704,6,925,"study_1_EOAD_vs_CN; study_11_EOAD_vs_CN; study_2_EOAD_vs_CN; study_4_EOAD_vs_CN; study_5_EOAD_vs_CN; study_7_EOAD_vs_CN",4,"study_1; study_11; study_4; study_7",0.00218300529763294
"NHERF1",0.116955876491518,0.0275550028267542,0.206356750156282,3.6110085233844,0.00030500863684717,0.465195986945321,0.114296986455303,0.096387777962303,0.123296200590648,6,860,"study_1_EOAD_vs_CN; study_11_EOAD_vs_CN; study_2_EOAD_vs_CN; study_3_Soma_EOAD_vs_CN; study_5_EOAD_vs_CN; study_7_EOAD_vs_CN",3,"study_1; study_11; study_7",0.00241888793944075
"PCP4L1",0.131146567262118,0.0454827490227981,0.216810385501439,3.60765692295882,0.000308974669142719,0,NA,NA,NA,4,455,"study_1_EOAD_vs_CN; study_11_EOAD_vs_CN; study_2_EOAD_vs_CN; study_3_Soma_EOAD_vs_CN",2,"study_1; study_11",0.00573756325417579
"GAS1",-0.121647313313746,-0.191250713381109,-0.0520439132463828,-3.60507555775582,0.000312062123557271,0.645140061392935,NA,NA,NA,5,737,"study_1_EOAD_vs_CN; study_11_EOAD_vs_CN; study_2_EOAD_vs_CN; study_3_Soma_EOAD_vs_CN; study_5_EOAD_vs_CN",2,"study_1; study_11",0.00573756325417579
"LHPP",0.0584777336886442,0.0146936969986504,0.102261770378638,3.60018054196568,0.000317996304148859,0.794139099043464,NA,NA,NA,4,810,"study_1_EOAD_vs_CN; study_11_EOAD_vs_CN; study_2_EOAD_vs_CN; study_5_EOAD_vs_CN",2,"study_1; study_11",0.00574586425427594
"UQCC4",-0.0931344966487952,-0.141704857168553,-0.0445641361290368,-3.5866967468352,0.000334893406147209,0.536155872845584,NA,NA,NA,4,782,"study_1_EOAD_vs_CN; study_11_EOAD_vs_CN; study_2_EOAD_vs_CN; study_5_EOAD_vs_CN",2,"study_1; study_11",0.00591982619431646
"CNR1",-0.10814660905055,-0.166727501559817,-0.0495657165412825,-3.58357657214556,0.000338921347002851,0.234716040245228,NA,NA,NA,4,799,"study_1_EOAD_vs_CN; study_11_EOAD_vs_CN; study_2_EOAD_vs_CN; study_5_EOAD_vs_CN",2,"study_1; study_11",0.00591982619431646
"MPI",0.079003494929097,0.028132878233132,0.129874111625062,3.57454210868722,0.000350841348004542,0,NA,NA,NA,5,837,"study_1_EOAD_vs_CN; study_11_EOAD_vs_CN; study_2_EOAD_vs_CN; study_3_Soma_EOAD_vs_CN; study_5_EOAD_vs_CN",2,"study_1; study_11",0.00602756938866819
"NT5E",-0.0951923675998785,-0.180271526227732,-0.010113208972025,-3.56950042388778,0.000357662638861199,0.475550485977077,NA,NA,NA,6,783,"study_1_EOAD_vs_CN; study_11_EOAD_vs_CN; study_2_EOAD_vs_CN; study_3_Olink_EOAD_vs_CN; study_3_Soma_EOAD_vs_CN; study_5_EOAD_vs_CN",2,"study_1; study_11",0.0060456523472022
"LRP8",-0.0666210422893333,-0.108810896589812,-0.0244311879888547,-3.56556302921437,0.00036307588774631,0,-0.0661565316641189,-0.0794733309404655,-0.0536867505117289,6,911,"study_1_EOAD_vs_CN; study_11_EOAD_vs_CN; study_2_EOAD_vs_CN; study_3_Soma_EOAD_vs_CN; study_4_EOAD_vs_CN; study_5_EOAD_vs_CN",3,"study_1; study_11; study_4",0.00283994975209785
"CAMK2A",0.100643783366718,0.0173704422794601,0.183917124453977,3.56478838461701,0.00036414987096369,0.696239853514738,0.0998585723337683,0.0303099337173443,0.146526303766405,7,1125,"study_1_EOAD_vs_CN; study_10_EOAD_vs_CN; study_11_EOAD_vs_CN; study_2_EOAD_vs_CN; study_4_EOAD_vs_CN; study_5_EOAD_vs_CN; study_7_EOAD_vs_CN",4,"study_1; study_11; study_4; study_7",0.00258513602089538
"CCER2",-0.117731397745449,-0.175640415370232,-0.0598223801206655,-3.55858326975218,0.000372860583880779,0.741488862718594,-0.114714340977618,-0.146012297909916,-0.0659270693453844,6,961,"study_1_EOAD_vs_CN; study_11_EOAD_vs_CN; study_2_EOAD_vs_CN; study_4_EOAD_vs_CN; study_5_EOAD_vs_CN; study_7_EOAD_vs_CN",4,"study_1; study_11; study_4; study_7",0.00262334053658977
"OPALIN",-0.183197389311564,-0.28768693807444,-0.0787078405486875,-3.55147332176775,0.000383080826007492,0,NA,NA,NA,3,715,"study_1_EOAD_vs_CN; study_11_EOAD_vs_CN; study_2_EOAD_vs_CN",2,"study_1; study_11",0.00637251913739446
"CXCL16",0.0700174825321813,0.0347754428511293,0.105259522213233,3.55045791145554,0.000384561620553596,0.608641377506078,0.0700213603796812,0.0447026230948307,0.0825621408983432,11,1840,"study_1_EOAD_vs_CN; study_10_EOAD_vs_CN; study_11_EOAD_vs_CN; study_2_EOAD_vs_CN; study_3_Olink_EOAD_vs_CN; study_3_Soma_EOAD_vs_CN; study_4_EOAD_vs_CN; study_5_EOAD_vs_CN; study_7_EOAD_vs_CN; study_8_EOAD_vs_CN; study_9_EOAD_vs_CN",5,"study_1; study_11; study_4; study_7; study_8",0.00282453879923848
"UBA52",0.161895594443523,0.0773480735551269,0.246443115331919,3.5407852745562,0.000398938103682166,0.32216715124956,NA,NA,NA,2,273,"study_10_EOAD_vs_CN; study_4_EOAD_vs_CN",2,"study_10; study_4",0.00649680736541988
"F11R",0.138704612408325,0.0603798725216762,0.217029352294974,3.53814360798064,0.000402950838504095,0,NA,NA,NA,6,949,"study_1_EOAD_vs_CN; study_2_EOAD_vs_CN; study_3_Olink_EOAD_vs_CN; study_5_EOAD_vs_CN; study_8_EOAD_vs_CN; study_9_EOAD_vs_CN",2,"study_1; study_8",0.00649680736541988
"CHI3L2",0.141296988483829,0.0817266931622447,0.200867283805414,3.52851265411072,0.000417901966417452,0.899480530812561,0.132622253177929,0.0341287121045795,0.176283234487142,7,1030,"study_1_EOAD_vs_CN; study_11_EOAD_vs_CN; study_2_EOAD_vs_CN; study_3_Soma_EOAD_vs_CN; study_4_EOAD_vs_CN; study_5_EOAD_vs_CN; study_7_EOAD_vs_CN",4,"study_1; study_11; study_4; study_7",0.00291421902245091
"PEDS1-UBE2V1",0.078623919801946,0.0214046413691275,0.135843198234765,3.52828154224357,0.000418267030452712,0,NA,NA,NA,2,126,"study_2_EOAD_vs_CN; study_7_EOAD_vs_CN",2,"study_2; study_7",0.00664157345324912
"LYNX1",-0.0871268603274071,-0.129181186799325,-0.0450725338554894,-3.51579173978852,0.000438444760243034,0.733891468646525,-0.0848057932549365,-0.12663286592573,-0.041316627609761,6,1082,"study_1_EOAD_vs_CN; study_10_EOAD_vs_CN; study_11_EOAD_vs_CN; study_2_EOAD_vs_CN; study_4_EOAD_vs_CN; study_5_EOAD_vs_CN",3,"study_1; study_11; study_4",0.00330063012927632
"TFPI",0.118725038665571,0.0492443085715492,0.188205768759593,3.51557901903653,0.000438796159262809,0,0.119019395484089,0.103602380844134,0.127223705308311,8,1417,"study_1_EOAD_vs_CN; study_11_EOAD_vs_CN; study_2_EOAD_vs_CN; study_3_Olink_EOAD_vs_CN; study_3_Soma_EOAD_vs_CN; study_5_EOAD_vs_CN; study_8_EOAD_vs_CN; study_9_EOAD_vs_CN",3,"study_1; study_11; study_8",0.00330063012927632
"ST13",0.0865186339035924,0.0311698344022767,0.141867433404908,3.51526625967071,0.000439313292162872,0.398281007733134,0.0869918299089636,0.0525420875251661,0.115021095534094,6,950,"study_1_EOAD_vs_CN; study_11_EOAD_vs_CN; study_2_EOAD_vs_CN; study_3_Soma_EOAD_vs_CN; study_5_EOAD_vs_CN; study_7_EOAD_vs_CN",3,"study_1; study_11; study_7",0.00330063012927632
"HGF",0.176002480377558,0.0811556977490098,0.270849263006106,3.51436368646798,0.000440808846127743,0.724329474305664,NA,NA,NA,4,649,"study_3_Olink_EOAD_vs_CN; study_3_Soma_EOAD_vs_CN; study_8_EOAD_vs_CN; study_9_EOAD_vs_CN",2,"study_3_Soma; study_8",0.00689503986181903
"PIK3IP1",-0.0568942231494443,-0.0899380029969996,-0.023850443301889,-3.51305011880385,0.000442993906561051,0,-0.0566068776465695,-0.0610286498364519,-0.0527909580549722,7,1177,"study_1_EOAD_vs_CN; study_10_EOAD_vs_CN; study_11_EOAD_vs_CN; study_2_EOAD_vs_CN; study_4_EOAD_vs_CN; study_5_EOAD_vs_CN; study_7_EOAD_vs_CN",4,"study_1; study_11; study_4; study_7",0.00306209823131674
"NAXD",0.0976100501155792,-0.0361332748741582,0.231353375105317,3.50739622265932,0.000452514817608416,0.961622030557326,NA,NA,NA,4,680,"study_1_EOAD_vs_CN; study_11_EOAD_vs_CN; study_2_EOAD_vs_CN; study_5_EOAD_vs_CN",2,"study_1; study_11",0.00697405189490617
"IGHV5-10-1",-0.239137664198666,-0.453660405108271,-0.0246149232890622,-3.50350758318636,0.000459173581485704,0.659102023329726,-0.244491878982808,-0.401940661038163,-0.096621183449112,5,973,"study_1_EOAD_vs_CN; study_11_EOAD_vs_CN; study_4_EOAD_vs_CN; study_5_EOAD_vs_CN; study_7_EOAD_vs_CN",4,"study_1; study_11; study_4; study_7",0.00314180986541981
"PSAT1",0.0571844427084243,0.0204875645447243,0.0938813208721243,3.50158470317475,0.000462499929427282,0.718429123179445,0.0590137148566925,0.021193948555691,0.104445677939719,7,1034,"study_1_EOAD_vs_CN; study_11_EOAD_vs_CN; study_2_EOAD_vs_CN; study_3_Soma_EOAD_vs_CN; study_4_EOAD_vs_CN; study_5_EOAD_vs_CN; study_7_EOAD_vs_CN",4,"study_1; study_11; study_4; study_7",0.00314180986541981
"HYOU1",-0.0393336564876596,-0.069762894791702,-0.00890441818361725,-3.49530876058951,0.000473513644157767,0.337656179295883,-0.0400304546616644,-0.0534232331446958,-0.0296293058326551,8,1227,"study_1_EOAD_vs_CN; study_10_EOAD_vs_CN; study_11_EOAD_vs_CN; study_2_EOAD_vs_CN; study_3_Soma_EOAD_vs_CN; study_4_EOAD_vs_CN; study_5_EOAD_vs_CN; study_7_EOAD_vs_CN",4,"study_1; study_11; study_4; study_7",0.00318913462902838
"C4B",0.218894557267503,0.123280051960977,0.314509062574028,3.49398547280638,0.00047586691190719,0.908528308814917,0.274247747417655,0.142202889410591,0.443547773931205,5,761,"study_10_EOAD_vs_CN; study_11_EOAD_vs_CN; study_2_EOAD_vs_CN; study_4_EOAD_vs_CN; study_5_EOAD_vs_CN",3,"study_11; study_2; study_4",0.00352883125583124
"ASRGL1",0.193727254903856,-0.00581689734693311,0.393271407154644,3.4937078527498,0.000476361999739976,0,NA,NA,NA,5,611,"study_1_EOAD_vs_CN; study_11_EOAD_vs_CN; study_2_EOAD_vs_CN; study_3_Soma_EOAD_vs_CN; study_5_EOAD_vs_CN",2,"study_1; study_11",0.00722095806041846
"DKK1",0.17525696376036,0.075365469067901,0.275148458452819,3.48914880151997,0.000484561328347897,0,NA,NA,NA,3,621,"study_3_Olink_EOAD_vs_CN; study_8_EOAD_vs_CN; study_9_EOAD_vs_CN",2,"study_3_Olink; study_8",0.00722095806041846
"NTNG1",-0.100461872379639,-0.153542249190054,-0.047381495569223,-3.48747524665953,0.000487604057511781,0.815341983374824,-0.0995284799712676,-0.129135771818125,-0.0804854348922396,8,1191,"study_1_EOAD_vs_CN; study_10_EOAD_vs_CN; study_11_EOAD_vs_CN; study_2_EOAD_vs_CN; study_3_Soma_EOAD_vs_CN; study_4_EOAD_vs_CN; study_5_EOAD_vs_CN; study_7_EOAD_vs_CN",4,"study_1; study_11; study_4; study_7",0.00325192766917216
"CRIP2",0.10492072261882,0.0488833497520099,0.160958095485631,3.48659798955119,0.000489206128139037,0,NA,NA,NA,5,763,"study_1_EOAD_vs_CN; study_11_EOAD_vs_CN; study_2_EOAD_vs_CN; study_3_Olink_EOAD_vs_CN; study_3_Soma_EOAD_vs_CN",2,"study_1; study_11",0.00722095806041846
"AP2B1",0.0502255823568208,0.00363419964846238,0.0968169650651791,3.48556951874908,0.000491090599786151,0.612559612721187,0.0514033398828029,0.0234523265621517,0.0835933354954473,7,1030,"study_1_EOAD_vs_CN; study_11_EOAD_vs_CN; study_2_EOAD_vs_CN; study_3_Soma_EOAD_vs_CN; study_4_EOAD_vs_CN; study_5_EOAD_vs_CN; study_7_EOAD_vs_CN",4,"study_1; study_11; study_4; study_7",0.00325192766917216
"PLAUR",0.101871655913824,0.0508209754648133,0.152922336362834,3.48405421606023,0.000493879433069952,0.827987770469054,0.10374254142822,0.041327880883817,0.140271425284631,8,1430,"study_1_EOAD_vs_CN; study_11_EOAD_vs_CN; study_2_EOAD_vs_CN; study_3_Olink_EOAD_vs_CN; study_3_Soma_EOAD_vs_CN; study_5_EOAD_vs_CN; study_8_EOAD_vs_CN; study_9_EOAD_vs_CN",3,"study_1; study_11; study_8",0.00361545072157619
"GFRA2",-0.0965512456814739,-0.142961793378683,-0.050140697984265,-3.48394400553284,0.000494082844657659,0.736648483353222,-0.0956045107168359,-0.121980724021739,-0.0639037647926744,11,1836,"study_1_EOAD_vs_CN; study_10_EOAD_vs_CN; study_11_EOAD_vs_CN; study_2_EOAD_vs_CN; study_3_Olink_EOAD_vs_CN; study_3_Soma_EOAD_vs_CN; study_4_EOAD_vs_CN; study_5_EOAD_vs_CN; study_7_EOAD_vs_CN; study_8_EOAD_vs_CN; study_9_EOAD_vs_CN",5,"study_1; study_11; study_4; study_7; study_8",0.00350798819706938
"PPIC",0.0730835665978031,0.0330546504629144,0.113112482732692,3.48282187240437,0.000496158376880288,0.491587582399007,0.0703175678627028,0.0350459864615987,0.083273407731883,8,1230,"study_1_EOAD_vs_CN; study_10_EOAD_vs_CN; study_11_EOAD_vs_CN; study_2_EOAD_vs_CN; study_3_Soma_EOAD_vs_CN; study_4_EOAD_vs_CN; study_5_EOAD_vs_CN; study_7_EOAD_vs_CN",4,"study_1; study_11; study_4; study_7",0.00325810667484722
"ADGRB1",-0.112071577074413,-0.178324170369859,-0.0458189837789674,-3.474874379292,0.000511092631630485,0.643566000990432,-0.118166662279566,-0.146857399810892,-0.0870578141089797,7,1028,"study_1_EOAD_vs_CN; study_10_EOAD_vs_CN; study_11_EOAD_vs_CN; study_2_EOAD_vs_CN; study_3_Soma_EOAD_vs_CN; study_4_EOAD_vs_CN; study_5_EOAD_vs_CN",3,"study_1; study_11; study_4",0.00369409990710135
"NXPH1",-0.103377985573555,-0.153050369943207,-0.0537056012039034,-3.4719154829154,0.000516758998462281,0.78499215998626,-0.107388894509078,-0.140650723150695,-0.0802787424975404,8,1050,"study_1_EOAD_vs_CN; study_11_EOAD_vs_CN; study_2_EOAD_vs_CN; study_3_Olink_EOAD_vs_CN; study_3_Soma_EOAD_vs_CN; study_4_EOAD_vs_CN; study_5_EOAD_vs_CN; study_7_EOAD_vs_CN",4,"study_1; study_11; study_4; study_7",0.00336533959329155
"SERPINE2",0.0431185777111617,-0.0133193278662356,0.099556483288559,3.46875847414225,0.000522869287810798,0.896513480566758,0.0387259130023481,-0.0130455995553549,0.0977356320447586,7,1033,"study_1_EOAD_vs_CN; study_11_EOAD_vs_CN; study_2_EOAD_vs_CN; study_3_Soma_EOAD_vs_CN; study_4_EOAD_vs_CN; study_5_EOAD_vs_CN; study_7_EOAD_vs_CN",4,"study_1; study_11; study_4; study_7",0.00337722130159761
"SELPLG",0.154454666422644,0.0716477302885109,0.237261602556778,3.45908426433677,0.000542015305722414,0.889760908261965,0.151630300643048,0.120674059215068,0.169787483983797,5,948,"study_11_EOAD_vs_CN; study_3_Olink_EOAD_vs_CN; study_3_Soma_EOAD_vs_CN; study_8_EOAD_vs_CN; study_9_EOAD_vs_CN",3,"study_11; study_3_Soma; study_8",0.00386863424459373
"PTPRG",-0.062459527011487,-0.0982318016542464,-0.0266872523687277,-3.45278653661313,0.000554827868471794,0.842156143077125,-0.0624629927818309,-0.075223395606178,-0.0499387393911242,7,1193,"study_1_EOAD_vs_CN; study_10_EOAD_vs_CN; study_11_EOAD_vs_CN; study_2_EOAD_vs_CN; study_4_EOAD_vs_CN; study_5_EOAD_vs_CN; study_7_EOAD_vs_CN",4,"study_1; study_11; study_4; study_7",0.00355450699476239
"NRXN2",-0.0696259889345136,-0.117453912453005,-0.0217980654160219,-3.44153833238852,0.000578416511390353,0.80102110208017,-0.0699556801185749,-0.0833742788740155,-0.0553320083842112,7,1203,"study_1_EOAD_vs_CN; study_10_EOAD_vs_CN; study_11_EOAD_vs_CN; study_2_EOAD_vs_CN; study_4_EOAD_vs_CN; study_5_EOAD_vs_CN; study_7_EOAD_vs_CN",4,"study_1; study_11; study_4; study_7",0.00363207756147333
"CGREF1",-0.0930975479844345,-0.140653167672921,-0.0455419282959475,-3.43902125308963,0.00058382139805136,0.788081619092128,-0.0932524771575391,-0.112288179607165,-0.0729056244776031,7,1202,"study_1_EOAD_vs_CN; study_10_EOAD_vs_CN; study_11_EOAD_vs_CN; study_3_Soma_EOAD_vs_CN; study_4_EOAD_vs_CN; study_5_EOAD_vs_CN; study_7_EOAD_vs_CN",4,"study_1; study_11; study_4; study_7",0.00363207756147333
"SH3BGRL",0.0533258311658602,0.0123528077876742,0.0942988545440462,3.43718323102923,0.000587797818231428,0.882477363761511,0.0561961087428997,0.0207170261205961,0.107091709257044,7,1031,"study_1_EOAD_vs_CN; study_11_EOAD_vs_CN; study_2_EOAD_vs_CN; study_3_Soma_EOAD_vs_CN; study_4_EOAD_vs_CN; study_5_EOAD_vs_CN; study_7_EOAD_vs_CN",4,"study_1; study_11; study_4; study_7",0.00363207756147333
"KIAA1549L",-0.112675756588947,-0.169878097782505,-0.055473415395389,-3.43681808520599,0.000588590779210707,0.560958568637143,-0.111861179478608,-0.141425230319632,-0.0803946583230331,7,1034,"study_1_EOAD_vs_CN; study_11_EOAD_vs_CN; study_2_EOAD_vs_CN; study_3_Soma_EOAD_vs_CN; study_4_EOAD_vs_CN; study_5_EOAD_vs_CN; study_7_EOAD_vs_CN",4,"study_1; study_11; study_4; study_7",0.00363207756147333
"PLXDC2",0.0428413794245127,-0.0102219658387872,0.0959047246878127,3.43617849026264,0.00058998214196521,0.699012321059675,0.0457935831563207,0.0145455068246536,0.0963965157901471,8,1230,"study_1_EOAD_vs_CN; study_10_EOAD_vs_CN; study_11_EOAD_vs_CN; study_2_EOAD_vs_CN; study_3_Soma_EOAD_vs_CN; study_4_EOAD_vs_CN; study_5_EOAD_vs_CN; study_7_EOAD_vs_CN",4,"study_1; study_11; study_4; study_7",0.00363207756147333
"HSPA2",0.0838647397740186,0.0313823250080599,0.136347154539977,3.41750761945612,0.000631973250829988,0,NA,NA,NA,5,833,"study_1_EOAD_vs_CN; study_11_EOAD_vs_CN; study_2_EOAD_vs_CN; study_3_Soma_EOAD_vs_CN; study_5_EOAD_vs_CN",2,"study_1; study_11",0.00919872176208094
"TPPP3",0.0969637979427204,0.00425789034327838,0.189669705542163,3.41380193460628,0.000640631299219494,0,0.0987858237501922,0.089514724438072,0.10509621745868,6,855,"study_1_EOAD_vs_CN; study_11_EOAD_vs_CN; study_2_EOAD_vs_CN; study_3_Soma_EOAD_vs_CN; study_4_EOAD_vs_CN; study_5_EOAD_vs_CN",3,"study_1; study_11; study_4",0.00451605520807816
"EZR",0.0765830084892232,0.0262575800490652,0.126908436929381,3.41209750620556,0.000644650496189305,0.507509777992171,0.0763488824336079,0.0444070923560315,0.088231252079985,9,1509,"study_1_EOAD_vs_CN; study_11_EOAD_vs_CN; study_2_EOAD_vs_CN; study_3_Olink_EOAD_vs_CN; study_3_Soma_EOAD_vs_CN; study_4_EOAD_vs_CN; study_5_EOAD_vs_CN; study_8_EOAD_vs_CN; study_9_EOAD_vs_CN",4,"study_1; study_11; study_4; study_8",0.00393786504648971
"HS6ST3",-0.115281623635875,-0.162224907062688,-0.0683383402090632,-3.39879624756776,0.000676831183302227,0.930994303336159,-0.112437296518795,-0.146798272573397,-0.0641440900909877,7,1037,"study_1_EOAD_vs_CN; study_11_EOAD_vs_CN; study_2_EOAD_vs_CN; study_3_Soma_EOAD_vs_CN; study_4_EOAD_vs_CN; study_5_EOAD_vs_CN; study_7_EOAD_vs_CN",4,"study_1; study_11; study_4; study_7",0.00410263824955504
"SCG3",-0.114040713629522,-0.181104561956064,-0.0469768653029787,-3.39582811660582,0.000684213113978408,0.561634556351935,-0.111902109462079,-0.139438986020346,-0.0895547941528022,8,1229,"study_1_EOAD_vs_CN; study_10_EOAD_vs_CN; study_11_EOAD_vs_CN; study_2_EOAD_vs_CN; study_3_Soma_EOAD_vs_CN; study_4_EOAD_vs_CN; study_5_EOAD_vs_CN; study_7_EOAD_vs_CN",4,"study_1; study_11; study_4; study_7",0.00411572468561058
"CNTFR",-0.0582507323869299,-0.0909416447962625,-0.0255598199775973,-3.38550074065039,0.000710485177925984,0.394256883301022,-0.0597580383188424,-0.0705161953767405,-0.0448867848028968,7,1027,"study_1_EOAD_vs_CN; study_11_EOAD_vs_CN; study_2_EOAD_vs_CN; study_3_Soma_EOAD_vs_CN; study_4_EOAD_vs_CN; study_5_EOAD_vs_CN; study_7_EOAD_vs_CN",4,"study_1; study_11; study_4; study_7",0.00424138121367936
"IGF2R",0.0515629882312086,0.0204294644908946,0.0826965119715225,3.37923126201754,0.000726888343519642,0.831938378721741,0.0518968878752205,0.0236820869814864,0.0667153632987502,10,1643,"study_1_EOAD_vs_CN; study_11_EOAD_vs_CN; study_2_EOAD_vs_CN; study_3_Olink_EOAD_vs_CN; study_3_Soma_EOAD_vs_CN; study_4_EOAD_vs_CN; study_5_EOAD_vs_CN; study_7_EOAD_vs_CN; study_8_EOAD_vs_CN; study_9_EOAD_vs_CN",5,"study_1; study_11; study_4; study_7; study_8",0.00499442636031238
"TMEM132D",-0.109835629408427,-0.169502170425367,-0.0501690883914874,-3.37755619823435,0.000731330075073272,0.564674845824656,-0.106651672093,-0.136696199352942,-0.0530354204992596,7,1033,"study_1_EOAD_vs_CN; study_11_EOAD_vs_CN; study_2_EOAD_vs_CN; study_3_Soma_EOAD_vs_CN; study_4_EOAD_vs_CN; study_5_EOAD_vs_CN; study_7_EOAD_vs_CN",4,"study_1; study_11; study_4; study_7",0.00433299322674991
"PSMB7",0.167173926036128,0.0571113781514401,0.277236473920816,3.37667926452517,0.000733665463661721,0,NA,NA,NA,5,699,"study_1_EOAD_vs_CN; study_11_EOAD_vs_CN; study_2_EOAD_vs_CN; study_3_Soma_EOAD_vs_CN; study_5_EOAD_vs_CN",2,"study_1; study_11",0.0105326219988696
"AMPH",0.155956472637366,0.0699635441700498,0.241949401104683,3.3749569973077,0.000738272260365155,0,0.160042388159794,0.151501372108743,0.169662916998987,4,472,"study_11_EOAD_vs_CN; study_2_EOAD_vs_CN; study_3_Soma_EOAD_vs_CN; study_7_EOAD_vs_CN",3,"study_11; study_2; study_7",0.00514089586181102
"LECT2",-0.21234027660153,-0.345125288076606,-0.0795552651264539,-3.36825305596606,0.000756461291482962,0.583390895197934,-0.205907390697297,-0.250720260679296,-0.142590430214816,6,866,"study_1_EOAD_vs_CN; study_11_EOAD_vs_CN; study_2_EOAD_vs_CN; study_3_Soma_EOAD_vs_CN; study_4_EOAD_vs_CN; study_5_EOAD_vs_CN",3,"study_1; study_11; study_4",0.00520408912574423
"GSTP1",0.0553488904781429,0.012134971600449,0.0985628093558368,3.36478233410691,0.000766040653727512,0,0.0561671633639692,0.0440035679683029,0.0721983884899974,8,1039,"study_1_EOAD_vs_CN; study_11_EOAD_vs_CN; study_2_EOAD_vs_CN; study_3_Olink_EOAD_vs_CN; study_3_Soma_EOAD_vs_CN; study_4_EOAD_vs_CN; study_5_EOAD_vs_CN; study_7_EOAD_vs_CN",4,"study_1; study_11; study_4; study_7",0.00450477638162149
"PDYN",-0.108232628314361,-0.169246972025616,-0.0472182846031061,-3.35880403713616,0.000782805568489346,0.840603061526833,-0.107727592345271,-0.132092085450527,-0.0889119889804831,7,1028,"study_1_EOAD_vs_CN; study_11_EOAD_vs_CN; study_2_EOAD_vs_CN; study_3_Soma_EOAD_vs_CN; study_4_EOAD_vs_CN; study_5_EOAD_vs_CN; study_7_EOAD_vs_CN",4,"study_1; study_11; study_4; study_7",0.00456926509607115
"NRG3",-0.119266974242686,-0.187347778675705,-0.0511861698096675,-3.35357442328422,0.000797749570112108,0.558815899108223,NA,NA,NA,5,833,"study_1_EOAD_vs_CN; study_11_EOAD_vs_CN; study_2_EOAD_vs_CN; study_3_Soma_EOAD_vs_CN; study_5_EOAD_vs_CN",2,"study_1; study_11",0.0112978587767228
"PLXNA2",-0.0703522390656175,-0.113631358316269,-0.0270731198149661,-3.34691392514946,0.000817165795721315,0.917091999677615,-0.0657545092788079,-0.097339464810618,-0.0313844513175294,5,887,"study_1_EOAD_vs_CN; study_11_EOAD_vs_CN; study_2_EOAD_vs_CN; study_5_EOAD_vs_CN; study_7_EOAD_vs_CN",3,"study_1; study_11; study_7",0.00555478177805799
"RNASE6",0.0817734595602136,0.0451760205229612,0.118370898597466,3.34284510310528,0.000829241735267451,0.849571463110734,0.0796513919747866,0.0312815521890572,0.116629830305092,8,1228,"study_1_EOAD_vs_CN; study_10_EOAD_vs_CN; study_11_EOAD_vs_CN; study_2_EOAD_vs_CN; study_3_Soma_EOAD_vs_CN; study_4_EOAD_vs_CN; study_5_EOAD_vs_CN; study_7_EOAD_vs_CN",4,"study_1; study_11; study_4; study_7",0.00480472417199082
"NELL2",-0.116652792446409,-0.170885226995668,-0.0624203578971503,-3.33762692704722,0.000844971190099982,0.932210142251069,-0.114210119144499,-0.141102114015396,-0.0751584294781762,8,1231,"study_1_EOAD_vs_CN; study_10_EOAD_vs_CN; study_11_EOAD_vs_CN; study_2_EOAD_vs_CN; study_3_Soma_EOAD_vs_CN; study_4_EOAD_vs_CN; study_5_EOAD_vs_CN; study_7_EOAD_vs_CN",4,"study_1; study_11; study_4; study_7",0.00486012626130501
"PREP",0.0525511388232522,0.0106748432272546,0.0944274344192497,3.33537832147547,0.000851834236730022,0.827833233743994,NA,NA,NA,5,837,"study_1_EOAD_vs_CN; study_11_EOAD_vs_CN; study_2_EOAD_vs_CN; study_3_Soma_EOAD_vs_CN; study_5_EOAD_vs_CN",2,"study_1; study_11",0.0117590560339135
"ACP5",0.20822105177689,0.0907817012132942,0.325660402340486,3.33507760532606,0.000852755971925028,0.8218060215296,NA,NA,NA,5,677,"study_2_EOAD_vs_CN; study_3_Olink_EOAD_vs_CN; study_3_Soma_EOAD_vs_CN; study_8_EOAD_vs_CN; study_9_EOAD_vs_CN",2,"study_2; study_8",0.0117590560339135
"RTN4RL1",-0.107550829032,-0.167818399704666,-0.047283258359334,-3.33291374777394,0.000859415807839777,0.868370949880491,-0.101278992022484,-0.138801634774718,-0.0595899273195232,7,988,"study_1_EOAD_vs_CN; study_11_EOAD_vs_CN; study_2_EOAD_vs_CN; study_3_Soma_EOAD_vs_CN; study_4_EOAD_vs_CN; study_5_EOAD_vs_CN; study_7_EOAD_vs_CN",4,"study_1; study_11; study_4; study_7",0.00490738881578076
"ARF3",0.125662543358426,0.0614030144931643,0.189922072223688,3.32620445395997,0.000880373267277853,0.605482115600822,0.153959339493283,0.103594827251815,0.253450236612493,6,565,"study_1_EOAD_vs_CN; study_2_EOAD_vs_CN; study_3_Soma_EOAD_vs_CN; study_4_EOAD_vs_CN; study_5_EOAD_vs_CN; study_7_EOAD_vs_CN",3,"study_1; study_4; study_7",0.00591403688959593
"CANT1",-0.035251082257891,-0.0614884519146808,-0.00901371260110108,-3.32396922623586,0.000887459882930046,0.756609588737867,-0.035140539108982,-0.0628927472087599,-0.0151468812146791,11,1806,"study_1_EOAD_vs_CN; study_10_EOAD_vs_CN; study_11_EOAD_vs_CN; study_2_EOAD_vs_CN; study_3_Olink_EOAD_vs_CN; study_3_Soma_EOAD_vs_CN; study_4_EOAD_vs_CN; study_5_EOAD_vs_CN; study_7_EOAD_vs_CN; study_8_EOAD_vs_CN; study_9_EOAD_vs_CN",5,"study_1; study_11; study_4; study_7; study_8",0.00590715484575312
"DBI",0.0539762496203408,0.0145505553355362,0.0934019439051453,3.32162118412788,0.00089496109097721,0.378679029461498,0.0545844425753348,0.0373225604356178,0.07194242066521,8,1226,"study_1_EOAD_vs_CN; study_10_EOAD_vs_CN; study_11_EOAD_vs_CN; study_2_EOAD_vs_CN; study_3_Soma_EOAD_vs_CN; study_4_EOAD_vs_CN; study_5_EOAD_vs_CN; study_7_EOAD_vs_CN",4,"study_1; study_11; study_4; study_7",0.0050735923718708
"MANF",0.102439260490157,0.0429886636216211,0.161889857358693,3.3174188038828,0.000908533186610577,0.671409572990998,0.101099182333215,0.0731124554173941,0.129472965964581,8,1405,"study_1_EOAD_vs_CN; study_11_EOAD_vs_CN; study_2_EOAD_vs_CN; study_3_Olink_EOAD_vs_CN; study_3_Soma_EOAD_vs_CN; study_5_EOAD_vs_CN; study_8_EOAD_vs_CN; study_9_EOAD_vs_CN",3,"study_1; study_11; study_8",0.00603223778551907
"PTPRT",-0.0856200165888548,-0.149821440767529,-0.0214185924101808,-3.30445971012149,0.000951596524933365,0,-0.0851585610401228,-0.0928633166065285,-0.0761560716855212,6,930,"study_1_EOAD_vs_CN; study_11_EOAD_vs_CN; study_2_EOAD_vs_CN; study_4_EOAD_vs_CN; study_5_EOAD_vs_CN; study_7_EOAD_vs_CN",4,"study_1; study_11; study_4; study_7",0.0053561290117678
"QPCT",-0.0657341481042208,-0.108982508697108,-0.0224857875113331,-3.2948723109194,0.00098466411193905,0.778662349829608,-0.0642732208396956,-0.0903144362633607,-0.0271313476761517,10,1659,"study_1_EOAD_vs_CN; study_11_EOAD_vs_CN; study_2_EOAD_vs_CN; study_3_Olink_EOAD_vs_CN; study_3_Soma_EOAD_vs_CN; study_4_EOAD_vs_CN; study_5_EOAD_vs_CN; study_7_EOAD_vs_CN; study_8_EOAD_vs_CN; study_9_EOAD_vs_CN",5,"study_1; study_11; study_4; study_7; study_8",0.00635555926797023
"UBB",0.0638163254814256,-0.00749311472695843,0.13512576568981,3.2945473633402,0.000985803300374135,0.933668737254406,NA,NA,NA,4,809,"study_1_EOAD_vs_CN; study_11_EOAD_vs_CN; study_3_Soma_EOAD_vs_CN; study_5_EOAD_vs_CN",2,"study_1; study_11",0.0134171669972999
"CSMD2",-0.0973376678216517,-0.171363356555326,-0.0233119790879779,-3.28928520501199,0.0010044218827723,0.537295993656655,-0.097679053515497,-0.113285064186482,-0.0791986913225193,6,845,"study_1_EOAD_vs_CN; study_11_EOAD_vs_CN; study_2_EOAD_vs_CN; study_3_Soma_EOAD_vs_CN; study_5_EOAD_vs_CN; study_7_EOAD_vs_CN",3,"study_1; study_11; study_7",0.00659224017313774
"MDGA2",-0.0714444461205324,-0.110814587423593,-0.0320743048174719,-3.28190882469028,0.00103106938198332,0.490293549180831,NA,NA,NA,5,837,"study_1_EOAD_vs_CN; study_11_EOAD_vs_CN; study_2_EOAD_vs_CN; study_3_Soma_EOAD_vs_CN; study_5_EOAD_vs_CN",2,"study_1; study_11",0.013853342465622
"LYVE1",-0.076805472721834,-0.122417642997267,-0.0311933024464006,-3.27488304153547,0.00105705727348317,0.514067571341368,-0.0755701778043678,-0.0990454744087553,-0.0320071893728356,11,1852,"study_1_EOAD_vs_CN; study_10_EOAD_vs_CN; study_11_EOAD_vs_CN; study_2_EOAD_vs_CN; study_3_Olink_EOAD_vs_CN; study_3_Soma_EOAD_vs_CN; study_4_EOAD_vs_CN; study_5_EOAD_vs_CN; study_7_EOAD_vs_CN; study_8_EOAD_vs_CN; study_9_EOAD_vs_CN",5,"study_1; study_11; study_4; study_7; study_8",0.00662215291917398
"ACTB",0.0986505958660036,0.0460686497280708,0.151232542003936,3.27372825525549,0.00106138629273138,0.714536670746026,0.0991466095499261,0.077062164683737,0.117540957128663,7,1191,"study_1_EOAD_vs_CN; study_10_EOAD_vs_CN; study_11_EOAD_vs_CN; study_2_EOAD_vs_CN; study_4_EOAD_vs_CN; study_5_EOAD_vs_CN; study_7_EOAD_vs_CN",4,"study_1; study_11; study_4; study_7",0.00593171913952003
"LAMP5",0.0466448694003311,-0.00678553167653353,0.100075270477196,3.26227146772138,0.00110523247580344,0.738243814012619,0.0478991309350083,0.00521762621733732,0.090172987008724,6,937,"study_1_EOAD_vs_CN; study_11_EOAD_vs_CN; study_2_EOAD_vs_CN; study_4_EOAD_vs_CN; study_5_EOAD_vs_CN; study_7_EOAD_vs_CN",4,"study_1; study_11; study_4; study_7",0.00613326190797964
"FRRS1L",-0.0946489683640247,-0.143829229037053,-0.0454687076909961,-3.25269077552442,0.00114317827859753,0.840008084378358,-0.092297535344613,-0.123426351847349,-0.0461755947502163,7,1152,"study_1_EOAD_vs_CN; study_10_EOAD_vs_CN; study_11_EOAD_vs_CN; study_2_EOAD_vs_CN; study_4_EOAD_vs_CN; study_5_EOAD_vs_CN; study_7_EOAD_vs_CN",4,"study_1; study_11; study_4; study_7",0.00626409738451475
"ATRN",-0.0427977918749814,-0.0769787838493611,-0.0086167999006017,-3.25231070513163,0.00114470815148493,0.67491016360157,-0.0413988818779214,-0.0600935163914689,-0.0275881531471724,8,1230,"study_1_EOAD_vs_CN; study_10_EOAD_vs_CN; study_11_EOAD_vs_CN; study_2_EOAD_vs_CN; study_3_Soma_EOAD_vs_CN; study_4_EOAD_vs_CN; study_5_EOAD_vs_CN; study_7_EOAD_vs_CN",4,"study_1; study_11; study_4; study_7",0.00626409738451475
"PILRA",0.129964486308483,0.0569248559159775,0.203004116700989,3.24488108394667,0.00117499680371609,0.749386555044954,0.127746131116917,0.0808240846049068,0.171703668003284,9,1526,"study_1_EOAD_vs_CN; study_11_EOAD_vs_CN; study_2_EOAD_vs_CN; study_3_Olink_EOAD_vs_CN; study_3_Soma_EOAD_vs_CN; study_4_EOAD_vs_CN; study_5_EOAD_vs_CN; study_8_EOAD_vs_CN; study_9_EOAD_vs_CN",4,"study_1; study_11; study_4; study_8",0.00636349436653037
"PITHD1",0.0527230777681478,0.00242592036706548,0.10302023516923,3.24390682610734,0.00117902306791045,0.828799592484926,0.0565935509436157,0.00119093086955129,0.131430140864256,6,963,"study_1_EOAD_vs_CN; study_11_EOAD_vs_CN; study_2_EOAD_vs_CN; study_4_EOAD_vs_CN; study_5_EOAD_vs_CN; study_7_EOAD_vs_CN",4,"study_1; study_11; study_4; study_7",0.00636349436653037
"PCDH1",-0.0416983370407377,-0.0825817700258238,-0.000814904055651509,-3.2365537948548,0.00120982420897133,0.909897053226444,-0.042169787924973,-0.0538039176846929,-0.0304390088006018,8,1062,"study_1_EOAD_vs_CN; study_11_EOAD_vs_CN; study_2_EOAD_vs_CN; study_3_Olink_EOAD_vs_CN; study_3_Soma_EOAD_vs_CN; study_4_EOAD_vs_CN; study_5_EOAD_vs_CN; study_7_EOAD_vs_CN",4,"study_1; study_11; study_4; study_7",0.00644145434504826
"PBXIP1",0.0323172696866245,-0.0105343965528655,0.0751689359261145,3.23563874959011,0.00121370882043682,0.801488550553279,0.0315659844099412,-0.0021504575330598,0.050994976616829,6,975,"study_1_EOAD_vs_CN; study_11_EOAD_vs_CN; study_2_EOAD_vs_CN; study_4_EOAD_vs_CN; study_5_EOAD_vs_CN; study_7_EOAD_vs_CN",4,"study_1; study_11; study_4; study_7",0.00644145434504826
"EFNA3",-0.0850178117190291,-0.138973617768294,-0.0310620056697637,-3.23402342973976,0.00122059441753387,0,-0.0869689718708647,-0.101775285971553,-0.0708689853016619,7,977,"study_1_EOAD_vs_CN; study_11_EOAD_vs_CN; study_2_EOAD_vs_CN; study_3_Soma_EOAD_vs_CN; study_4_EOAD_vs_CN; study_5_EOAD_vs_CN; study_7_EOAD_vs_CN",4,"study_1; study_11; study_4; study_7",0.00644145434504826
"PHPT1",0.116415781610904,0.0220901782447235,0.210741384977084,3.23334864700914,0.00122348147235043,0.397502926207468,NA,NA,NA,5,641,"study_1_EOAD_vs_CN; study_11_EOAD_vs_CN; study_2_EOAD_vs_CN; study_3_Soma_EOAD_vs_CN; study_5_EOAD_vs_CN",2,"study_1; study_11",0.0162304883926994
"EPHA10",-0.105107345405227,-0.159734543355561,-0.0504801474548928,-3.23272271260884,0.00122616516720462,0.634498846433315,-0.102623554836683,-0.139204117917427,-0.0531698036462965,8,1036,"study_1_EOAD_vs_CN; study_11_EOAD_vs_CN; study_2_EOAD_vs_CN; study_3_Olink_EOAD_vs_CN; study_3_Soma_EOAD_vs_CN; study_4_EOAD_vs_CN; study_5_EOAD_vs_CN; study_7_EOAD_vs_CN",4,"study_1; study_11; study_4; study_7",0.00644145434504826
"VCAM1",0.0692769404212377,0.0307555576044584,0.107798323238017,3.23148527922303,0.00123148667026288,0.663686396155029,0.0688013498187446,0.0541481937423956,0.0801033041719272,10,1658,"study_1_EOAD_vs_CN; study_11_EOAD_vs_CN; study_2_EOAD_vs_CN; study_3_Olink_EOAD_vs_CN; study_3_Soma_EOAD_vs_CN; study_4_EOAD_vs_CN; study_5_EOAD_vs_CN; study_7_EOAD_vs_CN; study_8_EOAD_vs_CN; study_9_EOAD_vs_CN",5,"study_1; study_11; study_4; study_7; study_8",0.00749447602188551
"SPOCK2",0.0653816490632591,0.0218937074715627,0.108869590654955,3.22511750413058,0.0012592097435354,0.282876669632216,0.0647685712980666,0.0575802073732322,0.0718567159161694,8,1214,"study_1_EOAD_vs_CN; study_10_EOAD_vs_CN; study_11_EOAD_vs_CN; study_2_EOAD_vs_CN; study_3_Soma_EOAD_vs_CN; study_4_EOAD_vs_CN; study_5_EOAD_vs_CN; study_7_EOAD_vs_CN",4,"study_1; study_11; study_4; study_7",0.00657124025103242
"WIF1",-0.118918650610814,-0.191773034597868,-0.0460642666237601,-3.22043468870592,0.00127996353879936,0,-0.116869446108626,-0.130815185283475,-0.0986732361184161,7,1133,"study_11_EOAD_vs_CN; study_2_EOAD_vs_CN; study_3_Olink_EOAD_vs_CN; study_3_Soma_EOAD_vs_CN; study_5_EOAD_vs_CN; study_8_EOAD_vs_CN; study_9_EOAD_vs_CN",3,"study_11; study_2; study_8",0.00830521796198224
"MMP3",0.152539235094055,0.0543886103313938,0.250689859856716,3.2166773758658,0.00129684341232911,0.0909490783002856,0.152481926107955,0.126477358532271,0.19749838467565,7,1254,"study_1_EOAD_vs_CN; study_11_EOAD_vs_CN; study_2_EOAD_vs_CN; study_3_Olink_EOAD_vs_CN; study_3_Soma_EOAD_vs_CN; study_8_EOAD_vs_CN; study_9_EOAD_vs_CN",3,"study_1; study_11; study_8",0.00832019762292048
"IGHV4-30-2",-0.285435802131388,-0.469709267687274,-0.101162336575502,-3.20149922315485,0.00136714443830096,0,-0.279140257643905,-0.308287715337174,-0.235166140816991,3,686,"study_1_EOAD_vs_CN; study_11_EOAD_vs_CN; study_7_EOAD_vs_CN",3,"study_1; study_11; study_7",0.00861106200816463
"CA11",-0.083496768448497,-0.138571797199686,-0.0284217396973076,-3.20040607828829,0.00137234088046056,0.234384889551404,-0.0877323427677776,-0.127035045045758,-0.0639911318029001,6,916,"study_1_EOAD_vs_CN; study_11_EOAD_vs_CN; study_2_EOAD_vs_CN; study_3_Soma_EOAD_vs_CN; study_4_EOAD_vs_CN; study_5_EOAD_vs_CN",3,"study_1; study_11; study_4",0.00861106200816463
"NPTX1",-0.104392672873343,-0.171809116926415,-0.036976228820271,-3.19888159398569,0.00137961818597791,0.925150757341898,-0.103254197481515,-0.134853160268256,-0.0875115914519102,8,1231,"study_1_EOAD_vs_CN; study_10_EOAD_vs_CN; study_11_EOAD_vs_CN; study_2_EOAD_vs_CN; study_3_Soma_EOAD_vs_CN; study_4_EOAD_vs_CN; study_5_EOAD_vs_CN; study_7_EOAD_vs_CN",4,"study_1; study_11; study_4; study_7",0.00715223112204337
"TOLLIP",0.0572000517065203,-0.00222148186852418,0.116621585281565,3.19485732671063,0.00139899981820892,0.741727529875555,0.062296268259742,0.0148118371292061,0.121536083733274,6,871,"study_1_EOAD_vs_CN; study_11_EOAD_vs_CN; study_2_EOAD_vs_CN; study_3_Soma_EOAD_vs_CN; study_5_EOAD_vs_CN; study_7_EOAD_vs_CN",3,"study_1; study_11; study_7",0.00865981118151673
"NRCAM",-0.066218155533348,-0.108272276727834,-0.0241640343388618,-3.19406773578135,0.00140283197760391,0.881579107007258,-0.0654029868893063,-0.0818843520116095,-0.0386954252530142,11,1853,"study_1_EOAD_vs_CN; study_10_EOAD_vs_CN; study_11_EOAD_vs_CN; study_2_EOAD_vs_CN; study_3_Olink_EOAD_vs_CN; study_3_Soma_EOAD_vs_CN; study_4_EOAD_vs_CN; study_5_EOAD_vs_CN; study_7_EOAD_vs_CN; study_8_EOAD_vs_CN; study_9_EOAD_vs_CN",5,"study_1; study_11; study_4; study_7; study_8",0.00830008920082316
"PSMB1",0.0929675096352699,0.0358485726002223,0.150086446670317,3.19045284646361,0.00142050019299796,0,0.0948220409556712,0.0839203165909786,0.102375912140819,6,868,"study_1_EOAD_vs_CN; study_11_EOAD_vs_CN; study_2_EOAD_vs_CN; study_3_Soma_EOAD_vs_CN; study_5_EOAD_vs_CN; study_7_EOAD_vs_CN",3,"study_1; study_11; study_7",0.00865981118151673
"IGFBP1",0.163167930849817,0.060857987819975,0.26547787387966,3.18941549136799,0.0014256081454686,0,0.161991109649632,0.14605636139436,0.175411332268835,5,727,"study_11_EOAD_vs_CN; study_2_EOAD_vs_CN; study_3_Olink_EOAD_vs_CN; study_3_Soma_EOAD_vs_CN; study_9_EOAD_vs_CN",3,"study_11; study_2; study_9",0.00865981118151673
"IGSF21",-0.0653251780179659,-0.114633125010478,-0.0160172310254541,-3.18387818092288,0.00145316153325326,0.00722551583372429,-0.0654129798080834,-0.0721971203991535,-0.0583586708448523,6,993,"study_1_EOAD_vs_CN; study_11_EOAD_vs_CN; study_2_EOAD_vs_CN; study_4_EOAD_vs_CN; study_5_EOAD_vs_CN; study_7_EOAD_vs_CN",4,"study_1; study_11; study_4; study_7",0.00748425678564424
"FBLN5",0.0303527716631042,-0.000534172752650067,0.0612397160788585,3.18012144423897,0.00147213342621349,0.72908925069836,0.0299042666240175,0.00484102250425765,0.0450086701951955,8,1230,"study_1_EOAD_vs_CN; study_10_EOAD_vs_CN; study_11_EOAD_vs_CN; study_2_EOAD_vs_CN; study_3_Soma_EOAD_vs_CN; study_4_EOAD_vs_CN; study_5_EOAD_vs_CN; study_7_EOAD_vs_CN",4,"study_1; study_11; study_4; study_7",0.00753273467439112
"IGLON5",-0.0436103242735415,-0.0726657428742879,-0.0145549056727952,-3.17484720104866,0.00149915421047606,0,-0.0433146569579834,-0.0481997176362772,-0.0399191957999344,8,1209,"study_1_EOAD_vs_CN; study_10_EOAD_vs_CN; study_11_EOAD_vs_CN; study_2_EOAD_vs_CN; study_3_Soma_EOAD_vs_CN; study_4_EOAD_vs_CN; study_5_EOAD_vs_CN; study_7_EOAD_vs_CN",4,"study_1; study_11; study_4; study_7",0.00762150656680733
"DDT",0.108699239968644,0.0251453967389373,0.192253083198351,3.16603816546683,0.00154530517010202,0.859995187928774,NA,NA,NA,4,804,"study_1_EOAD_vs_CN; study_11_EOAD_vs_CN; study_2_EOAD_vs_CN; study_5_EOAD_vs_CN",2,"study_1; study_11",0.0200161977832313
"MAT2A",0.0899843145062506,-0.00719702723012444,0.187165656242626,3.16570924877303,0.00154705345461998,0.699519322525439,NA,NA,NA,4,774,"study_1_EOAD_vs_CN; study_11_EOAD_vs_CN; study_2_EOAD_vs_CN; study_5_EOAD_vs_CN",2,"study_1; study_11",0.0200161977832313
"HSPE1",0.0658856906714217,0.0118129158682634,0.11995846547458,3.1638405198707,0.00155702089354003,0.622568771287051,0.0646873846673007,0.0330658422871916,0.0807535179447986,7,950,"study_1_EOAD_vs_CN; study_11_EOAD_vs_CN; study_2_EOAD_vs_CN; study_3_Soma_EOAD_vs_CN; study_4_EOAD_vs_CN; study_5_EOAD_vs_CN; study_7_EOAD_vs_CN",4,"study_1; study_11; study_4; study_7",0.00784878524399722
"MAN1A1",-0.0460504068400508,-0.0739121510434206,-0.0181886626366811,-3.16257940570715,0.00156378081638016,0.818099615295004,-0.045981083222109,-0.0578001703554202,-0.0371497011737566,7,1198,"study_1_EOAD_vs_CN; study_10_EOAD_vs_CN; study_11_EOAD_vs_CN; study_2_EOAD_vs_CN; study_4_EOAD_vs_CN; study_5_EOAD_vs_CN; study_7_EOAD_vs_CN",4,"study_1; study_11; study_4; study_7",0.00784878524399722
"CETP",-0.104019860491755,-0.181367797016908,-0.0266719239666026,-3.15799369179832,0.00158858995467319,0.766430130077139,-0.112437973091934,-0.206370947898324,-0.0487476897072954,5,911,"study_1_EOAD_vs_CN; study_11_EOAD_vs_CN; study_2_EOAD_vs_CN; study_5_EOAD_vs_CN; study_7_EOAD_vs_CN",3,"study_1; study_11; study_7",0.00954826172756202
"SIGLEC7",0.207093171337192,0.0817620570058953,0.332424285668489,3.15300794862956,0.00161597406591983,0.346003828362515,NA,NA,NA,4,649,"study_3_Olink_EOAD_vs_CN; study_3_Soma_EOAD_vs_CN; study_8_EOAD_vs_CN; study_9_EOAD_vs_CN",2,"study_3_Soma; study_8",0.0206529368424876
"NEGR1",-0.067392564109681,-0.112554156308737,-0.022230971910625,-3.15167200976615,0.00162338513891036,0.6596573389821,-0.0664123341500173,-0.0828199740124057,-0.056798220469309,8,1230,"study_1_EOAD_vs_CN; study_10_EOAD_vs_CN; study_11_EOAD_vs_CN; study_2_EOAD_vs_CN; study_3_Soma_EOAD_vs_CN; study_4_EOAD_vs_CN; study_5_EOAD_vs_CN; study_7_EOAD_vs_CN",4,"study_1; study_11; study_4; study_7",0.00809637651557823
"LPL",0.0927548729411133,0.0370337858360583,0.148475960046168,3.14924512489445,0.00163692827711656,0.584186193277319,0.0924621770410285,0.0649721709090448,0.112670768324196,8,1353,"study_1_EOAD_vs_CN; study_11_EOAD_vs_CN; study_2_EOAD_vs_CN; study_3_Olink_EOAD_vs_CN; study_3_Soma_EOAD_vs_CN; study_5_EOAD_vs_CN; study_8_EOAD_vs_CN; study_9_EOAD_vs_CN",3,"study_1; study_11; study_8",0.00973631298159956
"SPTAN1",0.226488907459996,0.0621222423542927,0.3908555725657,3.14332209765574,0.00167041919618271,0.364635383564512,NA,NA,NA,3,607,"study_1_EOAD_vs_CN; study_11_EOAD_vs_CN; study_2_EOAD_vs_CN",2,"study_1; study_11",0.0210915580433672
"CSPG5",-0.0844035053063296,-0.136568870305319,-0.0322381403073401,-3.14179874679489,0.00167913409617082,0.725386778281,-0.0807153861467945,-0.100739927464796,-0.0520511279702182,5,925,"study_1_EOAD_vs_CN; study_11_EOAD_vs_CN; study_2_EOAD_vs_CN; study_5_EOAD_vs_CN; study_7_EOAD_vs_CN",3,"study_1; study_11; study_7",0.009884387308387
"RTBDN",-0.0822357307920423,-0.130994203948231,-0.0334772576358538,-3.14053686332416,0.00168638482757955,0.761683813020572,-0.0820819132574426,-0.0986267913492238,-0.068190409804727,5,873,"study_1_EOAD_vs_CN; study_11_EOAD_vs_CN; study_4_EOAD_vs_CN; study_5_EOAD_vs_CN; study_7_EOAD_vs_CN",4,"study_1; study_11; study_4; study_7",0.00835768078070873
"SHISA7",-0.0712295352874577,-0.116287743615973,-0.0261713269589425,-3.13766204644631,0.00170301108568149,0.693801623961601,-0.07065544676677,-0.087070581245825,-0.056842929137338,7,1100,"study_1_EOAD_vs_CN; study_10_EOAD_vs_CN; study_11_EOAD_vs_CN; study_2_EOAD_vs_CN; study_4_EOAD_vs_CN; study_5_EOAD_vs_CN; study_7_EOAD_vs_CN",4,"study_1; study_11; study_4; study_7",0.00838732959698135
"PSMA6",0.104145951607324,0.0286741540260624,0.179617749188586,3.13011426127988,0.00174738321479271,0.683647553636028,0.114065398779568,0.0513348364053424,0.20179308886759,5,813,"study_1_EOAD_vs_CN; study_11_EOAD_vs_CN; study_2_EOAD_vs_CN; study_5_EOAD_vs_CN; study_7_EOAD_vs_CN",3,"study_1; study_11; study_7",0.0101811817923126
"RTN4R",-0.0582493117567103,-0.0964451599704394,-0.0200534635429811,-3.12874700232044,0.00175553392078037,0.692980622580172,-0.0583286708680369,-0.0790797081095316,-0.0414944625203434,11,1766,"study_1_EOAD_vs_CN; study_10_EOAD_vs_CN; study_11_EOAD_vs_CN; study_2_EOAD_vs_CN; study_3_Olink_EOAD_vs_CN; study_3_Soma_EOAD_vs_CN; study_4_EOAD_vs_CN; study_5_EOAD_vs_CN; study_7_EOAD_vs_CN; study_8_EOAD_vs_CN; study_9_EOAD_vs_CN",5,"study_1; study_11; study_4; study_7; study_8",0.0101061817601681
"SLC39A10",-0.101625673765252,-0.146002167854126,-0.057249179676377,-3.12844671185831,0.00175732873182112,0.930514129442931,-0.0984611521937691,-0.129581886604368,-0.045333650515123,7,1171,"study_1_EOAD_vs_CN; study_10_EOAD_vs_CN; study_11_EOAD_vs_CN; study_2_EOAD_vs_CN; study_4_EOAD_vs_CN; study_5_EOAD_vs_CN; study_7_EOAD_vs_CN",4,"study_1; study_11; study_4; study_7",0.00860108720916175
"OLFML3",0.0385602809855657,0.00813365343715567,0.0689869085339758,3.12194646014889,0.00179659608284544,0.853828724746918,0.0365594397826395,0.0259468181493916,0.0549892354391201,7,1037,"study_1_EOAD_vs_CN; study_11_EOAD_vs_CN; study_2_EOAD_vs_CN; study_3_Soma_EOAD_vs_CN; study_4_EOAD_vs_CN; study_5_EOAD_vs_CN; study_7_EOAD_vs_CN",4,"study_1; study_11; study_4; study_7",0.00873899823013709
"CHST8",-0.0593600997781942,-0.109038235689362,-0.00968196386702613,-3.11976654887913,0.00180994422445598,0.541300812693709,NA,NA,NA,4,805,"study_1_EOAD_vs_CN; study_11_EOAD_vs_CN; study_2_EOAD_vs_CN; study_5_EOAD_vs_CN",2,"study_1; study_11",0.0225812088955936
"VEGFA",-0.102924706681507,-0.162453242830645,-0.0433961705323692,-3.11479072919098,0.00184075455315484,0.27096833204182,-0.101219539037755,-0.133207478480823,-0.062114583743052,8,1302,"study_1_EOAD_vs_CN; study_11_EOAD_vs_CN; study_2_EOAD_vs_CN; study_3_Olink_EOAD_vs_CN; study_3_Soma_EOAD_vs_CN; study_5_EOAD_vs_CN; study_8_EOAD_vs_CN; study_9_EOAD_vs_CN",3,"study_1; study_11; study_8",0.0106168772712264
"CDH22",-0.0707365419336422,-0.122095297934309,-0.0193777859329756,-3.11416182080768,0.00184468287824184,0.856888160085955,-0.0730629996440572,-0.0873339187598479,-0.0497468902270208,6,1007,"study_1_EOAD_vs_CN; study_11_EOAD_vs_CN; study_2_EOAD_vs_CN; study_4_EOAD_vs_CN; study_5_EOAD_vs_CN; study_7_EOAD_vs_CN",4,"study_1; study_11; study_4; study_7",0.00891785342364766
"GLA",-0.084297847987049,-0.142572573294567,-0.0260231226795313,-3.11174151658579,0.00185987269488222,0.42757287345647,NA,NA,NA,5,837,"study_1_EOAD_vs_CN; study_11_EOAD_vs_CN; study_2_EOAD_vs_CN; study_3_Soma_EOAD_vs_CN; study_5_EOAD_vs_CN",2,"study_1; study_11",0.022743615856952
"IGF1R",0.105744442544821,-0.00717098392611211,0.218659869015755,3.11036999412212,0.00186853128634116,0.313059667113333,0.105271180735776,0.0565362575834268,0.151125240659034,6,979,"study_11_EOAD_vs_CN; study_2_EOAD_vs_CN; study_3_Olink_EOAD_vs_CN; study_3_Soma_EOAD_vs_CN; study_8_EOAD_vs_CN; study_9_EOAD_vs_CN",3,"study_11; study_2; study_8",0.0106604868361119
"ROBO4",-0.057793941068884,-0.0935206578998649,-0.022067224237903,-3.10853450327516,0.00188017690975753,0.327645523032876,-0.0602906145787825,-0.09153972879797,-0.0465391699082534,7,998,"study_1_EOAD_vs_CN; study_11_EOAD_vs_CN; study_2_EOAD_vs_CN; study_3_Soma_EOAD_vs_CN; study_4_EOAD_vs_CN; study_5_EOAD_vs_CN; study_7_EOAD_vs_CN",4,"study_1; study_11; study_4; study_7",0.0090340207615179
"STX8",0.0621113217245621,-0.0269864422629368,0.151209085712061,3.1076746536181,0.00188565528975008,0.811738047231672,0.0673453841097573,-0.000633733768929667,0.152260898043281,7,1254,"study_1_EOAD_vs_CN; study_11_EOAD_vs_CN; study_2_EOAD_vs_CN; study_3_Olink_EOAD_vs_CN; study_3_Soma_EOAD_vs_CN; study_8_EOAD_vs_CN; study_9_EOAD_vs_CN",3,"study_1; study_11; study_8",0.0106604868361119
"DPP6",0.0502733845479918,0.0155848160485678,0.0849619530474158,3.10738463585364,0.00188750639077206,0.561121807523396,0.0505951231578544,0.0207558240068903,0.0730274548589037,10,1778,"study_1_EOAD_vs_CN; study_10_EOAD_vs_CN; study_11_EOAD_vs_CN; study_2_EOAD_vs_CN; study_3_Olink_EOAD_vs_CN; study_4_EOAD_vs_CN; study_5_EOAD_vs_CN; study_7_EOAD_vs_CN; study_8_EOAD_vs_CN; study_9_EOAD_vs_CN",5,"study_1; study_11; study_4; study_7; study_8",0.0104487339670796
"CSRP1",0.116181232612791,0.029355381834814,0.203007083390768,3.10705341286931,0.00188962253457501,0,NA,NA,NA,5,799,"study_1_EOAD_vs_CN; study_11_EOAD_vs_CN; study_2_EOAD_vs_CN; study_3_Soma_EOAD_vs_CN; study_5_EOAD_vs_CN",2,"study_1; study_11",0.022743615856952
"LTBR",0.100643480936146,0.0350369844237809,0.166249977448512,3.10600466308327,0.00189633725211911,0.522292829078138,NA,NA,NA,6,998,"study_1_EOAD_vs_CN; study_2_EOAD_vs_CN; study_3_Olink_EOAD_vs_CN; study_5_EOAD_vs_CN; study_8_EOAD_vs_CN; study_9_EOAD_vs_CN",2,"study_1; study_8",0.022743615856952
"SUMO2",0.179800931242672,0.0593420495750084,0.300259812910337,3.10391695552649,0.00190976927043108,0.379874473903632,NA,NA,NA,3,431,"study_11_EOAD_vs_CN; study_2_EOAD_vs_CN; study_3_Soma_EOAD_vs_CN",2,"study_11; study_2",0.022743615856952
"JAM2",-0.0415634045766012,-0.0700480512283512,-0.0130787579248512,-3.10339385722436,0.00191314847284556,0.434693479702908,-0.0412203996111913,-0.0654699042890736,-0.0233851825386676,10,1633,"study_1_EOAD_vs_CN; study_11_EOAD_vs_CN; study_2_EOAD_vs_CN; study_3_Olink_EOAD_vs_CN; study_3_Soma_EOAD_vs_CN; study_4_EOAD_vs_CN; study_5_EOAD_vs_CN; study_7_EOAD_vs_CN; study_8_EOAD_vs_CN; study_9_EOAD_vs_CN",5,"study_1; study_11; study_4; study_7; study_8",0.0104487339670796
"PRKCSH",-0.0502749802835771,-0.0838885600561738,-0.0166614005109805,-3.09479994781775,0.00196945685133236,0.383986990919815,-0.0503266196622018,-0.0616513488077805,-0.0418302347573313,8,1206,"study_1_EOAD_vs_CN; study_10_EOAD_vs_CN; study_11_EOAD_vs_CN; study_2_EOAD_vs_CN; study_3_Soma_EOAD_vs_CN; study_4_EOAD_vs_CN; study_5_EOAD_vs_CN; study_7_EOAD_vs_CN",4,"study_1; study_11; study_4; study_7",0.00940564847787819
"STAB1",0.0584747534498552,0.0207011475578728,0.0962483593418375,3.08804364068133,0.00201478881147097,0.302966787040106,0.0567569790730669,0.0468404200941906,0.0680006699006188,5,895,"study_1_EOAD_vs_CN; study_11_EOAD_vs_CN; study_2_EOAD_vs_CN; study_5_EOAD_vs_CN; study_7_EOAD_vs_CN",3,"study_1; study_11; study_7",0.0112788667779404
"PEPD",-0.111913352134639,-0.171920565776227,-0.0519061384930504,-3.0788372701935,0.00207810158730563,0.789679800051963,-0.106709218565106,-0.16417983878898,-0.036274918456306,5,897,"study_1_EOAD_vs_CN; study_11_EOAD_vs_CN; study_2_EOAD_vs_CN; study_5_EOAD_vs_CN; study_7_EOAD_vs_CN",3,"study_1; study_11; study_7",0.0115203495762283
"PLXDC1",-0.0551943234935347,-0.0869394432171981,-0.0234492037698713,-3.07841404773911,0.00208105552376637,0.693682002466259,-0.055236080374715,-0.0769091939493639,-0.040342410734275,10,1655,"study_1_EOAD_vs_CN; study_11_EOAD_vs_CN; study_2_EOAD_vs_CN; study_3_Olink_EOAD_vs_CN; study_3_Soma_EOAD_vs_CN; study_4_EOAD_vs_CN; study_5_EOAD_vs_CN; study_7_EOAD_vs_CN; study_8_EOAD_vs_CN; study_9_EOAD_vs_CN",5,"study_1; study_11; study_4; study_7; study_8",0.0110816206640559
"LGALS1",0.0520818237544788,0.0169806626268168,0.0871829848821409,3.07829693919718,0.00208187357819467,0,0.0515067939076064,0.0448227544644678,0.0601088336790801,9,1223,"study_1_EOAD_vs_CN; study_10_EOAD_vs_CN; study_11_EOAD_vs_CN; study_2_EOAD_vs_CN; study_3_Olink_EOAD_vs_CN; study_3_Soma_EOAD_vs_CN; study_4_EOAD_vs_CN; study_5_EOAD_vs_CN; study_7_EOAD_vs_CN",4,"study_1; study_11; study_4; study_7",0.00988262879287592
"CLIC4",0.0694653968742224,0.0247316060538544,0.11419918769459,3.06888889247381,0.0021485648261704,0,0.0713769755276909,0.0551925572916601,0.0898961050408311,8,1130,"study_1_EOAD_vs_CN; study_10_EOAD_vs_CN; study_11_EOAD_vs_CN; study_2_EOAD_vs_CN; study_3_Soma_EOAD_vs_CN; study_4_EOAD_vs_CN; study_5_EOAD_vs_CN; study_7_EOAD_vs_CN",4,"study_1; study_11; study_4; study_7",0.0101381382216903
"MRC2",-0.0310867944039168,-0.0663642247031748,0.00419063589534127,-3.06527356922343,0.00217470977831687,0.427309054162345,-0.0307595925656744,-0.0424876224307808,-0.015034677440212,8,1040,"study_1_EOAD_vs_CN; study_11_EOAD_vs_CN; study_2_EOAD_vs_CN; study_3_Olink_EOAD_vs_CN; study_3_Soma_EOAD_vs_CN; study_4_EOAD_vs_CN; study_5_EOAD_vs_CN; study_7_EOAD_vs_CN",4,"study_1; study_11; study_4; study_7",0.010200424436391
"PSMB4",0.155527346631782,0.016571385765409,0.294483307498155,3.05865960491276,0.00222329613286138,0,NA,NA,NA,5,630,"study_1_EOAD_vs_CN; study_11_EOAD_vs_CN; study_2_EOAD_vs_CN; study_3_Soma_EOAD_vs_CN; study_5_EOAD_vs_CN",2,"study_1; study_11",0.0261799364858284
"CACNA2D3",-0.0778154841393085,-0.119877453468224,-0.0357535148103934,-3.05572093797733,0.00224520117416537,0.836475784167082,-0.075770035930668,-0.104205788717818,-0.042453328830577,7,1035,"study_1_EOAD_vs_CN; study_11_EOAD_vs_CN; study_2_EOAD_vs_CN; study_3_Soma_EOAD_vs_CN; study_4_EOAD_vs_CN; study_5_EOAD_vs_CN; study_7_EOAD_vs_CN",4,"study_1; study_11; study_4; study_7",0.0104683517749201
"NFASC",-0.0617425181739322,-0.096830154796033,-0.0266548815518314,-3.05396280899718,0.00225840076362491,0.861215080058978,-0.0610264728095929,-0.077315790009143,-0.0452719564880849,8,1231,"study_1_EOAD_vs_CN; study_10_EOAD_vs_CN; study_11_EOAD_vs_CN; study_2_EOAD_vs_CN; study_3_Soma_EOAD_vs_CN; study_4_EOAD_vs_CN; study_5_EOAD_vs_CN; study_7_EOAD_vs_CN",4,"study_1; study_11; study_4; study_7",0.0104683517749201
"PIANP",-0.13013828199253,-0.204263238283557,-0.0560133257015032,-3.05043404792517,0.00228510861165279,0.589708144146137,-0.127347481825179,-0.185247006902415,-0.0692619543606167,6,916,"study_1_EOAD_vs_CN; study_11_EOAD_vs_CN; study_2_EOAD_vs_CN; study_3_Soma_EOAD_vs_CN; study_4_EOAD_vs_CN; study_5_EOAD_vs_CN",3,"study_1; study_11; study_4",0.0125461251659014
"SFRP1",0.0954393016328864,0.0193903003568232,0.17148830290895,3.03967977952891,0.00236829807702679,0.442741756949864,0.0872704246458314,0.0395427518675953,0.113774479889993,7,855,"study_1_EOAD_vs_CN; study_11_EOAD_vs_CN; study_2_EOAD_vs_CN; study_3_Olink_EOAD_vs_CN; study_3_Soma_EOAD_vs_CN; study_4_EOAD_vs_CN; study_5_EOAD_vs_CN",3,"study_1; study_11; study_4",0.0128790304950695
"FAP",-0.16092974597416,-0.317291224670996,-0.00456826727732362,-3.03955745683558,0.00236926004950332,0,NA,NA,NA,5,603,"study_1_EOAD_vs_CN; study_11_EOAD_vs_CN; study_2_EOAD_vs_CN; study_3_Soma_EOAD_vs_CN; study_5_EOAD_vs_CN",2,"study_1; study_11",0.0275887170208831
"IGLV4-60",-0.293307004337454,-0.518077091971659,-0.0685369167032478,-3.03855263358518,0.00237717574962688,0.646060112663039,-0.282776237495119,-0.333998332705464,-0.231998332195332,5,911,"study_1_EOAD_vs_CN; study_11_EOAD_vs_CN; study_4_EOAD_vs_CN; study_5_EOAD_vs_CN; study_7_EOAD_vs_CN",4,"study_1; study_11; study_4; study_7",0.0109544707058829
"PAG1",0.114849414628671,0.0399396857304177,0.189759143526924,3.02132964254929,0.00251667211700143,0,NA,NA,NA,3,622,"study_3_Olink_EOAD_vs_CN; study_8_EOAD_vs_CN; study_9_EOAD_vs_CN",2,"study_3_Olink; study_8",0.0289832129518407
"GDF15",0.139858891871629,0.0295198881421394,0.250197895601119,3.01925292329425,0.00253398888077017,0,0.138459764801723,0.0898270325644719,0.177039595850034,7,1255,"study_1_EOAD_vs_CN; study_11_EOAD_vs_CN; study_2_EOAD_vs_CN; study_3_Olink_EOAD_vs_CN; study_3_Soma_EOAD_vs_CN; study_8_EOAD_vs_CN; study_9_EOAD_vs_CN",3,"study_1; study_11; study_8",0.0136500721784883
"CBR1",0.0720573253529025,0.0283118921656866,0.115802758540118,3.01642149377033,0.00255777441623083,0.386080917688194,0.0714825681342955,0.0548638981113567,0.0852061973569283,7,1018,"study_1_EOAD_vs_CN; study_11_EOAD_vs_CN; study_2_EOAD_vs_CN; study_3_Soma_EOAD_vs_CN; study_4_EOAD_vs_CN; study_5_EOAD_vs_CN; study_7_EOAD_vs_CN",4,"study_1; study_11; study_4; study_7",0.0117181758138947
"IGHV3-30-5",-0.14289347303206,-0.247710812787252,-0.0380761332768667,-3.00536555097374,0.00265261839335041,0.679968712519683,NA,NA,NA,2,183,"study_5_EOAD_vs_CN; study_7_EOAD_vs_CN",2,"study_5; study_7",0.030216783437296
"LRTM2",-0.091179994890341,-0.140173106482023,-0.042186883298659,-2.99396811191359,0.00275374723379596,0.890262960737196,-0.0920147595519724,-0.115550963529035,-0.0666348338336232,7,1011,"study_1_EOAD_vs_CN; study_11_EOAD_vs_CN; study_2_EOAD_vs_CN; study_3_Soma_EOAD_vs_CN; study_4_EOAD_vs_CN; study_5_EOAD_vs_CN; study_7_EOAD_vs_CN",4,"study_1; study_11; study_4; study_7",0.0124861636360128
"BTD",-0.0433070149252077,-0.0750999836520168,-0.0115140461983985,-2.99359716350515,0.00275709704653074,0.500530449851061,-0.0415887277537418,-0.0510271619175514,-0.029217076511106,8,1231,"study_1_EOAD_vs_CN; study_10_EOAD_vs_CN; study_11_EOAD_vs_CN; study_2_EOAD_vs_CN; study_3_Soma_EOAD_vs_CN; study_4_EOAD_vs_CN; study_5_EOAD_vs_CN; study_7_EOAD_vs_CN",4,"study_1; study_11; study_4; study_7",0.0124861636360128
"VPS29",-0.161238997071095,-0.251988887122153,-0.0704891070200361,-2.99356377753008,0.00275739871777034,0.910826485301318,NA,NA,NA,4,608,"study_1_EOAD_vs_CN; study_11_EOAD_vs_CN; study_2_EOAD_vs_CN; study_3_Soma_EOAD_vs_CN",2,"study_1; study_11",0.0310726221099281
"AEBP1",0.0502845395042996,0.0114103411318767,0.0891587378767225,2.98420185654717,0.00284319135191987,0,0.0499862307065291,0.0473716362367227,0.0530236951272499,7,1150,"study_1_EOAD_vs_CN; study_10_EOAD_vs_CN; study_11_EOAD_vs_CN; study_2_EOAD_vs_CN; study_4_EOAD_vs_CN; study_5_EOAD_vs_CN; study_7_EOAD_vs_CN",4,"study_1; study_11; study_4; study_7",0.012802484487502
"UBQLN1",0.233125285293575,0.08130095289441,0.384949617692741,2.9743633575775,0.00293597184567001,0,0.231092053721239,0.226069745813602,0.237821447481327,3,378,"study_11_EOAD_vs_CN; study_2_EOAD_vs_CN; study_7_EOAD_vs_CN",3,"study_11; study_2; study_7",0.0156676628399774
"DYNLL1",0.215916527508648,0.0181130937063932,0.413719961310903,2.96972793060119,0.00298063601498102,0.970854416255514,NA,NA,NA,2,422,"study_11_EOAD_vs_CN; study_7_EOAD_vs_CN",2,"study_11; study_7",0.0332309206776607
"NUTF2",0.045739784902314,-0.00219394473670803,0.093673514541336,2.9578553002516,0.00309787506986294,0.730094901435034,0.0478302994626478,0.00973344972416925,0.0940618129419251,7,1008,"study_1_EOAD_vs_CN; study_11_EOAD_vs_CN; study_2_EOAD_vs_CN; study_3_Soma_EOAD_vs_CN; study_4_EOAD_vs_CN; study_5_EOAD_vs_CN; study_7_EOAD_vs_CN",4,"study_1; study_11; study_4; study_7",0.0138700315627954
"WARS1",0.153684793270141,0.0526336588163619,0.254735927723921,2.95107931236104,0.00316665591898941,0,NA,NA,NA,3,453,"study_11_EOAD_vs_CN; study_2_EOAD_vs_CN; study_3_Soma_EOAD_vs_CN",2,"study_11; study_2",0.0343832246763871
"DNAJB2",0.0833523097656311,0.0201216608812622,0.14658295865,2.94974793181903,0.00318033285115427,0,NA,NA,NA,5,767,"study_1_EOAD_vs_CN; study_11_EOAD_vs_CN; study_2_EOAD_vs_CN; study_3_Soma_EOAD_vs_CN; study_5_EOAD_vs_CN",2,"study_1; study_11",0.0343832246763871
"DYNC1LI2",0.400811487397287,0.151101263195574,0.650521711598999,2.94954552938199,0.00318241678779537,0.862163771898933,NA,NA,NA,2,222,"study_11_EOAD_vs_CN; study_2_EOAD_vs_CN",2,"study_11; study_2",0.0343832246763871
"SLITRK1",-0.132530439030303,-0.201921088363512,-0.0631397896970943,-2.94416091361086,0.0032383158280489,0.89602183555147,-0.129377546064726,-0.171685898119481,-0.0661632727750285,8,1223,"study_1_EOAD_vs_CN; study_10_EOAD_vs_CN; study_11_EOAD_vs_CN; study_2_EOAD_vs_CN; study_3_Soma_EOAD_vs_CN; study_4_EOAD_vs_CN; study_5_EOAD_vs_CN; study_7_EOAD_vs_CN",4,"study_1; study_11; study_4; study_7",0.0144169088841951
"CDH9",-0.0607501361913067,-0.114265129199064,-0.00723514318354933,-2.93830164837014,0.00330015755664126,0.8046667202139,-0.0606830343878533,-0.0824519485249118,-0.0455884410573218,6,953,"study_1_EOAD_vs_CN; study_11_EOAD_vs_CN; study_2_EOAD_vs_CN; study_4_EOAD_vs_CN; study_5_EOAD_vs_CN; study_7_EOAD_vs_CN",4,"study_1; study_11; study_4; study_7",0.0145690439046409
"SULF2",-0.0467381761196708,-0.0835381618037568,-0.00993819043558485,-2.93742842544044,0.00330946555701869,0.658047534245118,-0.0485204202497114,-0.071864082995975,-0.0336675903923592,8,1208,"study_1_EOAD_vs_CN; study_10_EOAD_vs_CN; study_11_EOAD_vs_CN; study_2_EOAD_vs_CN; study_3_Soma_EOAD_vs_CN; study_4_EOAD_vs_CN; study_5_EOAD_vs_CN; study_7_EOAD_vs_CN",4,"study_1; study_11; study_4; study_7",0.0145690439046409
"EPHB2",-0.0443931563602449,-0.0756531946941461,-0.0131331180263438,-2.93295923443084,0.003357479731284,0,NA,NA,NA,5,837,"study_1_EOAD_vs_CN; study_11_EOAD_vs_CN; study_2_EOAD_vs_CN; study_3_Soma_EOAD_vs_CN; study_5_EOAD_vs_CN",2,"study_1; study_11",0.035904477126384
"CAMK2G",0.0596772110809456,0.0134902554806044,0.105864166681287,2.92959950750797,0.00339399125100534,0.70442251639009,0.0646170314222119,0.0380956403004414,0.11305389650165,5,921,"study_1_EOAD_vs_CN; study_11_EOAD_vs_CN; study_2_EOAD_vs_CN; study_5_EOAD_vs_CN; study_7_EOAD_vs_CN",3,"study_1; study_11; study_7",0.0179441574474449
"WFDC1",-0.126298696323405,-0.199142681772596,-0.0534547108742139,-2.92933356403721,0.00339689675058496,0.535791991717669,-0.125275590109125,-0.171126091407499,-0.0821175479440533,8,1184,"study_1_EOAD_vs_CN; study_10_EOAD_vs_CN; study_11_EOAD_vs_CN; study_2_EOAD_vs_CN; study_3_Soma_EOAD_vs_CN; study_4_EOAD_vs_CN; study_5_EOAD_vs_CN; study_7_EOAD_vs_CN",4,"study_1; study_11; study_4; study_7",0.0148708591081164
"FOXN4",-0.0761454695306436,-0.123573789201352,-0.0287171498599354,-2.92910805815886,0.0033993622332854,0,NA,NA,NA,2,425,"study_11_EOAD_vs_CN; study_3_Soma_EOAD_vs_CN",2,"study_11; study_3_Soma",0.0359851678836677
"CD83",0.114166453560109,0.0344484299072502,0.193884477212967,2.92624792038215,0.00343077414264348,0.834784004148925,0.115533304024733,0.0776885809133405,0.176152985630677,8,1249,"study_1_EOAD_vs_CN; study_11_EOAD_vs_CN; study_2_EOAD_vs_CN; study_3_Olink_EOAD_vs_CN; study_3_Soma_EOAD_vs_CN; study_5_EOAD_vs_CN; study_8_EOAD_vs_CN; study_9_EOAD_vs_CN",3,"study_1; study_11; study_8",0.0179722205087103
"MAP1LC3A",0.221304532222646,0.0782791973612761,0.364329867084016,2.92422713874422,0.00345312673483386,0.87840222324961,NA,NA,NA,2,76,"study_3_Soma_EOAD_vs_CN; study_7_EOAD_vs_CN",2,"study_3_Soma; study_7",0.0361887681810589
"NUDT5",0.0897351556684478,0.044027664142824,0.135442647194072,2.91798419688333,0.0035230220427413,0.863639007226042,0.0917770416270492,0.0248576161583293,0.137313239194475,9,1529,"study_1_EOAD_vs_CN; study_11_EOAD_vs_CN; study_2_EOAD_vs_CN; study_3_Olink_EOAD_vs_CN; study_3_Soma_EOAD_vs_CN; study_5_EOAD_vs_CN; study_7_EOAD_vs_CN; study_8_EOAD_vs_CN; study_9_EOAD_vs_CN",4,"study_1; study_11; study_7; study_8",0.0153377976225422
"YKT6",0.0655520664590488,-0.0181004295352257,0.149204562453323,2.91362550429747,0.00357258199275612,0.663246680552728,NA,NA,NA,4,711,"study_1_EOAD_vs_CN; study_11_EOAD_vs_CN; study_2_EOAD_vs_CN; study_5_EOAD_vs_CN",2,"study_1; study_11",0.0368992436212134
"ASTN1",-0.0593055521612283,-0.0955484117053254,-0.0230626926171313,-2.9119902374705,0.00359133859672116,0.570694459338245,NA,NA,NA,4,797,"study_1_EOAD_vs_CN; study_11_EOAD_vs_CN; study_2_EOAD_vs_CN; study_5_EOAD_vs_CN",2,"study_1; study_11",0.0368992436212134
"SIRT2",0.14780735828474,0.0529040889536738,0.242710627615806,2.90568360197749,0.00366451789061621,0.860400013936022,NA,NA,NA,4,649,"study_3_Olink_EOAD_vs_CN; study_3_Soma_EOAD_vs_CN; study_8_EOAD_vs_CN; study_9_EOAD_vs_CN",2,"study_3_Soma; study_8",0.03728558009093
"NIF3L1",0.0522422088121984,0.00106413573338833,0.103420281891009,2.90374895676055,0.00368723687096079,0.714762092178159,0.0560803491308495,0.00919941040164862,0.109833211307051,6,890,"study_1_EOAD_vs_CN; study_11_EOAD_vs_CN; study_2_EOAD_vs_CN; study_3_Soma_EOAD_vs_CN; study_5_EOAD_vs_CN; study_7_EOAD_vs_CN",3,"study_1; study_11; study_7",0.0191401113938056
"NBL1",-0.0550223465297069,-0.0905538017202085,-0.0194908913392054,-2.89632002678271,0.00377567142483236,0.512710649806548,-0.0545329696934783,-0.0710020600394945,-0.033204960583416,11,1852,"study_1_EOAD_vs_CN; study_10_EOAD_vs_CN; study_11_EOAD_vs_CN; study_2_EOAD_vs_CN; study_3_Olink_EOAD_vs_CN; study_3_Soma_EOAD_vs_CN; study_4_EOAD_vs_CN; study_5_EOAD_vs_CN; study_7_EOAD_vs_CN; study_8_EOAD_vs_CN; study_9_EOAD_vs_CN",5,"study_1; study_11; study_4; study_7; study_8",0.0196150734997388
"IFNAR2",-0.0625288709575278,-0.102672912134625,-0.0223848297804303,-2.88932491881633,0.00386069929289518,0.497548922531284,-0.0657539400676936,-0.0749715809213427,-0.0485170462047682,5,851,"study_1_EOAD_vs_CN; study_11_EOAD_vs_CN; study_2_EOAD_vs_CN; study_4_EOAD_vs_CN; study_5_EOAD_vs_CN",3,"study_1; study_11; study_4",0.0198599936598482
"CYBB",0.330535001827398,0.14386626313824,0.517203740516555,2.88725416682348,0.00388620159736507,0.722990651632567,NA,NA,NA,2,340,"study_11_EOAD_vs_CN; study_2_EOAD_vs_CN",2,"study_11; study_2",0.0391609545580634
"EDN3",-0.0690779544421898,-0.113041838793693,-0.0251140700906869,-2.88162785831135,0.00395626686126437,0.648878770061816,-0.068079711752808,-0.0834329049527079,-0.0539088605105715,7,1028,"study_1_EOAD_vs_CN; study_11_EOAD_vs_CN; study_2_EOAD_vs_CN; study_3_Soma_EOAD_vs_CN; study_4_EOAD_vs_CN; study_5_EOAD_vs_CN; study_7_EOAD_vs_CN",4,"study_1; study_11; study_4; study_7",0.0171293312454743
"TAGLN",0.0922710490108642,0.018604062278792,0.165938035742937,2.87848688993509,0.00399587889040527,0,0.0929751075667564,0.0857876652842673,0.104552631901147,8,1221,"study_1_EOAD_vs_CN; study_10_EOAD_vs_CN; study_11_EOAD_vs_CN; study_2_EOAD_vs_CN; study_3_Soma_EOAD_vs_CN; study_4_EOAD_vs_CN; study_5_EOAD_vs_CN; study_7_EOAD_vs_CN",4,"study_1; study_11; study_4; study_7",0.0172062981728926
"EFEMP1",0.0587872549900697,0.0210897564370073,0.0964847535431322,2.87252718734839,0.00407203039951797,0.817248786503584,0.0586887601828658,0.0222679644473153,0.0739936226526024,11,1853,"study_1_EOAD_vs_CN; study_10_EOAD_vs_CN; study_11_EOAD_vs_CN; study_2_EOAD_vs_CN; study_3_Olink_EOAD_vs_CN; study_3_Soma_EOAD_vs_CN; study_4_EOAD_vs_CN; study_5_EOAD_vs_CN; study_7_EOAD_vs_CN; study_8_EOAD_vs_CN; study_9_EOAD_vs_CN",5,"study_1; study_11; study_4; study_7; study_8",0.0206510113118412
"GALNT18",-0.0365892928561026,-0.0667952978098121,-0.00638328790239301,-2.86432929821965,0.00417893325952108,0.664661005332221,-0.0369414629504739,-0.0484780302983381,-0.0249482299955122,6,990,"study_1_EOAD_vs_CN; study_11_EOAD_vs_CN; study_2_EOAD_vs_CN; study_4_EOAD_vs_CN; study_5_EOAD_vs_CN; study_7_EOAD_vs_CN",4,"study_1; study_11; study_4; study_7",0.017896735915775
"TAC3",-0.108652488202837,-0.184162447609476,-0.0331425287961982,-2.86139294662899,0.00421783921996092,0,-0.111098216652843,-0.12696789557397,-0.101789664458671,5,858,"study_1_EOAD_vs_CN; study_11_EOAD_vs_CN; study_2_EOAD_vs_CN; study_4_EOAD_vs_CN; study_5_EOAD_vs_CN",3,"study_1; study_11; study_4",0.0215034481660508
"ACE",-0.043129875476149,-0.0872053371149427,0.000945586162644639,-2.85877141318814,0.00425285120294163,0.200798934924392,-0.0465034117886805,-0.0798718673222637,-0.0286461642306212,7,940,"study_1_EOAD_vs_CN; study_11_EOAD_vs_CN; study_2_EOAD_vs_CN; study_3_Soma_EOAD_vs_CN; study_4_EOAD_vs_CN; study_5_EOAD_vs_CN; study_7_EOAD_vs_CN",4,"study_1; study_11; study_4; study_7",0.0181148472860433
"SIGLEC9",0.110135292230045,0.032123721200019,0.188146863260071,2.85207284118651,0.00434351461747371,0.536168595975419,0.108506944665753,0.0691782994889151,0.145087606355892,8,1199,"study_1_EOAD_vs_CN; study_11_EOAD_vs_CN; study_2_EOAD_vs_CN; study_3_Olink_EOAD_vs_CN; study_3_Soma_EOAD_vs_CN; study_5_EOAD_vs_CN; study_8_EOAD_vs_CN; study_9_EOAD_vs_CN",3,"study_1; study_11; study_8",0.0219482021821017
"PSMB6",0.132671879275336,0.0339251583638668,0.231418600186805,2.8505823575986,0.00436392473366647,0.526956627102601,NA,NA,NA,3,577,"study_1_EOAD_vs_CN; study_11_EOAD_vs_CN; study_2_EOAD_vs_CN",2,"study_1; study_11",0.0432814898221241
"SERPINB8",0.199702001563915,0.0645267950614992,0.334877208066332,2.84744387850393,0.00440718641526378,0.613648254718025,NA,NA,NA,5,671,"study_2_EOAD_vs_CN; study_3_Olink_EOAD_vs_CN; study_3_Soma_EOAD_vs_CN; study_8_EOAD_vs_CN; study_9_EOAD_vs_CN",2,"study_2; study_8",0.0432814898221241
"MMP12",0.456721559549856,0.157620098372713,0.755823020726999,2.84659119018201,0.00441900707153367,0.926214154841578,NA,NA,NA,4,648,"study_3_Olink_EOAD_vs_CN; study_3_Soma_EOAD_vs_CN; study_8_EOAD_vs_CN; study_9_EOAD_vs_CN",2,"study_3_Soma; study_8",0.0432814898221241
"MTURN",0.514859525738669,0.215035863212069,0.81468318826527,2.83542004907716,0.0045765468511669,0.468427386415216,NA,NA,NA,2,269,"study_11_EOAD_vs_CN; study_2_EOAD_vs_CN",2,"study_11; study_2",0.0444094546298417
"ASPRV1",-0.0568134198572446,-0.148960041673474,0.0353332019589844,-2.83070783999016,0.00464451244396126,0.764172860920567,-0.0633746026649642,-0.138927084459454,0.000253489785798455,6,665,"study_1_EOAD_vs_CN; study_11_EOAD_vs_CN; study_2_EOAD_vs_CN; study_3_Soma_EOAD_vs_CN; study_5_EOAD_vs_CN; study_7_EOAD_vs_CN",3,"study_1; study_11; study_7",0.023263303557034
"DCHS1",-0.0685857743571533,-0.121890135664025,-0.0152814130502815,-2.82494592516928,0.00472885959387111,0,NA,NA,NA,4,777,"study_1_EOAD_vs_CN; study_11_EOAD_vs_CN; study_2_EOAD_vs_CN; study_5_EOAD_vs_CN",2,"study_1; study_11",0.0454664665539167
"FABP5",0.0613848636046685,0.0191831248005097,0.103586602408827,2.8137098613783,0.0048973407953858,0.604060749093125,0.0641145436488451,0.0430878330398989,0.103248347304277,6,999,"study_1_EOAD_vs_CN; study_11_EOAD_vs_CN; study_2_EOAD_vs_CN; study_4_EOAD_vs_CN; study_5_EOAD_vs_CN; study_7_EOAD_vs_CN",4,"study_1; study_11; study_4; study_7",0.0207478739073334
"IGSF11",-0.0805675087542028,-0.135331253317802,-0.0258037641906037,-2.8060414439529,0.00501542411699243,0.708836901223681,NA,NA,NA,3,697,"study_1_EOAD_vs_CN; study_11_EOAD_vs_CN; study_3_Soma_EOAD_vs_CN",2,"study_1; study_11",0.0476889725481208
"TNFSF13",0.0858589400338654,0.034909269461849,0.136808610605882,2.805871585041,0.00501806861388754,0.874448289662275,0.0869412931789515,0.0257533893438031,0.121438772762802,5,1302,"study_1_EOAD_vs_CN; study_11_EOAD_vs_CN; study_3_Olink_EOAD_vs_CN; study_8_EOAD_vs_CN; study_9_EOAD_vs_CN",3,"study_1; study_11; study_8",0.0249158015524329
"FSTL4",-0.0727065129708153,-0.131254372719572,-0.014158653222059,-2.80406134024181,0.00504633034183756,0.691928252659194,-0.0734997519125122,-0.0978071081303677,-0.0481086282789918,8,1230,"study_1_EOAD_vs_CN; study_10_EOAD_vs_CN; study_11_EOAD_vs_CN; study_2_EOAD_vs_CN; study_3_Soma_EOAD_vs_CN; study_4_EOAD_vs_CN; study_5_EOAD_vs_CN; study_7_EOAD_vs_CN",4,"study_1; study_11; study_4; study_7",0.0212647503174759
"PSMA3",0.099867488551357,0.0173557528176782,0.182379224285036,2.80376141527275,0.0050510266725586,0.767463179242608,NA,NA,NA,4,619,"study_1_EOAD_vs_CN; study_11_EOAD_vs_CN; study_2_EOAD_vs_CN; study_5_EOAD_vs_CN",2,"study_1; study_11",0.0476889725481208
"PLXNA1",-0.0441503806881473,-0.0860623163162248,-0.00223844506006978,-2.80167309744712,0.00508383597336072,0.815106683432577,-0.0376760315551384,-0.0837865847813001,0.0157600906077844,7,1010,"study_1_EOAD_vs_CN; study_11_EOAD_vs_CN; study_2_EOAD_vs_CN; study_3_Soma_EOAD_vs_CN; study_4_EOAD_vs_CN; study_5_EOAD_vs_CN; study_7_EOAD_vs_CN",4,"study_1; study_11; study_4; study_7",0.0213088443989801
"MAN1A2",-0.0443081038404652,-0.0747727715089825,-0.0138434361719479,-2.79046568242592,0.00526322794662561,0.155035851328152,-0.0418358758846673,-0.0529828957615034,-0.0210516041358613,6,914,"study_1_EOAD_vs_CN; study_11_EOAD_vs_CN; study_2_EOAD_vs_CN; study_3_Soma_EOAD_vs_CN; study_4_EOAD_vs_CN; study_5_EOAD_vs_CN",3,"study_1; study_11; study_4",0.0256973608800195
"RDX",0.0439846481341992,-0.0107071979790496,0.098676494247448,2.79032696282054,0.00526548375299874,0.854362361711072,0.039881290962617,-0.00459151254751447,0.0721340198056875,6,893,"study_1_EOAD_vs_CN; study_11_EOAD_vs_CN; study_2_EOAD_vs_CN; study_3_Soma_EOAD_vs_CN; study_5_EOAD_vs_CN; study_7_EOAD_vs_CN",3,"study_1; study_11; study_7",0.0256973608800195
"OPCML",-0.0871126334220276,-0.140791358477282,-0.0334339083667736,-2.78531142041234,0.00534763357473502,0.751227890527722,-0.0856738120374696,-0.10305173113151,-0.0592507120300578,8,1220,"study_1_EOAD_vs_CN; study_10_EOAD_vs_CN; study_11_EOAD_vs_CN; study_2_EOAD_vs_CN; study_3_Soma_EOAD_vs_CN; study_4_EOAD_vs_CN; study_5_EOAD_vs_CN; study_7_EOAD_vs_CN",4,"study_1; study_11; study_4; study_7",0.022295953740165
"B2M",0.0703913939368237,0.0220635944042721,0.118719193469375,2.78355338515077,0.00537670133746101,0.18755468175017,0.0677763395462566,0.0381073837289288,0.0895275329191012,7,1109,"study_1_EOAD_vs_CN; study_10_EOAD_vs_CN; study_11_EOAD_vs_CN; study_2_EOAD_vs_CN; study_3_Soma_EOAD_vs_CN; study_4_EOAD_vs_CN; study_5_EOAD_vs_CN",3,"study_1; study_11; study_4",0.0260177666414427
"MET",-0.0360620326535818,-0.0766911215208857,0.00456705621372207,-2.7749860952452,0.00552040679899066,0.301756822905363,-0.0355149405905209,-0.0545472578482117,-0.025128726309243,8,1459,"study_1_EOAD_vs_CN; study_11_EOAD_vs_CN; study_2_EOAD_vs_CN; study_3_Olink_EOAD_vs_CN; study_3_Soma_EOAD_vs_CN; study_5_EOAD_vs_CN; study_8_EOAD_vs_CN; study_9_EOAD_vs_CN",3,"study_1; study_11; study_8",0.0263041301678232
"ADA2",0.0971880116367856,0.0430360497948553,0.151339973478716,2.77491823509126,0.00552155877405566,0.795829261236014,0.0953516476250296,0.0465331465038344,0.136058037777869,7,1028,"study_1_EOAD_vs_CN; study_11_EOAD_vs_CN; study_2_EOAD_vs_CN; study_3_Soma_EOAD_vs_CN; study_4_EOAD_vs_CN; study_5_EOAD_vs_CN; study_7_EOAD_vs_CN",4,"study_1; study_11; study_4; study_7",0.0228999384945045
"IGFBPL1",0.0677907266642629,0.00451491690251669,0.131066536426009,2.77453824760876,0.00552801334525181,0.0594641144587224,0.0694515533234761,0.0441854950471966,0.103431642006661,8,1443,"study_1_EOAD_vs_CN; study_11_EOAD_vs_CN; study_2_EOAD_vs_CN; study_3_Olink_EOAD_vs_CN; study_3_Soma_EOAD_vs_CN; study_5_EOAD_vs_CN; study_8_EOAD_vs_CN; study_9_EOAD_vs_CN",3,"study_1; study_11; study_8",0.0263041301678232
"GPR180",-0.0719907792527756,-0.131035862135344,-0.0129456963702076,-2.76779134668517,0.00564375755934958,0,-0.0730672501684527,-0.0793854852395686,-0.0662258778787513,5,887,"study_1_EOAD_vs_CN; study_11_EOAD_vs_CN; study_2_EOAD_vs_CN; study_5_EOAD_vs_CN; study_7_EOAD_vs_CN",3,"study_1; study_11; study_7",0.0266329385651951
"PCP4",0.0352946365195864,-0.0106040750804084,0.0811933481195812,2.76506579451522,0.00569113155704245,0.811282968082857,0.0349216227980852,-0.00720423641858892,0.0635758373346888,6,957,"study_1_EOAD_vs_CN; study_11_EOAD_vs_CN; study_2_EOAD_vs_CN; study_4_EOAD_vs_CN; study_5_EOAD_vs_CN; study_7_EOAD_vs_CN",4,"study_1; study_11; study_4; study_7",0.0234796422353374
"MSN",0.059597824019992,0.0190322281588806,0.100163419881103,2.76294933611794,0.00572816570406104,0.46599395800622,0.0601017860371745,0.0482032186865883,0.0689846207082887,6,1005,"study_1_EOAD_vs_CN; study_11_EOAD_vs_CN; study_2_EOAD_vs_CN; study_4_EOAD_vs_CN; study_5_EOAD_vs_CN; study_7_EOAD_vs_CN",4,"study_1; study_11; study_4; study_7",0.0235093467437505
"GRN",0.0507054118302113,0.0108021950201736,0.090608628640249,2.76245671834111,0.00573681673310844,0,0.0508563734858105,0.0476860466103239,0.0531800132351874,10,1602,"study_1_EOAD_vs_CN; study_11_EOAD_vs_CN; study_2_EOAD_vs_CN; study_3_Olink_EOAD_vs_CN; study_3_Soma_EOAD_vs_CN; study_4_EOAD_vs_CN; study_5_EOAD_vs_CN; study_7_EOAD_vs_CN; study_8_EOAD_vs_CN; study_9_EOAD_vs_CN",5,"study_1; study_11; study_4; study_7; study_8",0.0282794531731789
"COLEC12",0.0424755261203678,0.00236353417669705,0.0825875180640386,2.7565333802381,0.00584176497474119,0,0.0427801135013497,0.0286044550134013,0.0585453124308649,11,1851,"study_1_EOAD_vs_CN; study_10_EOAD_vs_CN; study_11_EOAD_vs_CN; study_2_EOAD_vs_CN; study_3_Olink_EOAD_vs_CN; study_3_Soma_EOAD_vs_CN; study_4_EOAD_vs_CN; study_5_EOAD_vs_CN; study_7_EOAD_vs_CN; study_8_EOAD_vs_CN; study_9_EOAD_vs_CN",5,"study_1; study_11; study_4; study_7; study_8",0.0282794531731789
"PCSK7",-0.2388444974787,-0.420704702537257,-0.0569842924201432,-2.74999694646358,0.0059595820053908,0,NA,NA,NA,2,352,"study_11_EOAD_vs_CN; study_3_Soma_EOAD_vs_CN",2,"study_11; study_3_Soma",0.0557646601932996
"TRHDE",-0.0502138328187085,-0.104482378358309,0.00405471272089158,-2.74613439879458,0.0060302054744578,0.383334100548403,-0.0485830642743236,-0.0622706473751728,-0.029657569647469,5,908,"study_1_EOAD_vs_CN; study_11_EOAD_vs_CN; study_2_EOAD_vs_CN; study_5_EOAD_vs_CN; study_7_EOAD_vs_CN",3,"study_1; study_11; study_7",0.0282233387370115
"SEMA6D",-0.04769632448357,-0.0828998627051411,-0.012492786261999,-2.7460134920158,0.00603242827391864,0.504834891453779,-0.0472103855779106,-0.0623758709168119,-0.0387241737078133,8,1202,"study_1_EOAD_vs_CN; study_10_EOAD_vs_CN; study_11_EOAD_vs_CN; study_2_EOAD_vs_CN; study_3_Soma_EOAD_vs_CN; study_4_EOAD_vs_CN; study_5_EOAD_vs_CN; study_7_EOAD_vs_CN",4,"study_1; study_11; study_4; study_7",0.0246298107764139
"SEMA3E",-0.0753619087442033,-0.148312081486005,-0.00241173600240134,-2.74191173770442,0.00610827525096559,0.69768629960135,-0.076361889618496,-0.129658686473996,-0.0128021208505787,6,921,"study_1_EOAD_vs_CN; study_11_EOAD_vs_CN; study_2_EOAD_vs_CN; study_3_Soma_EOAD_vs_CN; study_5_EOAD_vs_CN; study_7_EOAD_vs_CN",3,"study_1; study_11; study_7",0.0283563021813118
"IGLV1-47",-0.0726723870094818,-0.154901786539895,0.0095570125209314,-2.73808529086041,0.0061798046558953,0.624227607534315,-0.0771192936292662,-0.134438888495919,-0.0353390406761046,5,931,"study_1_EOAD_vs_CN; study_11_EOAD_vs_CN; study_2_EOAD_vs_CN; study_5_EOAD_vs_CN; study_7_EOAD_vs_CN",3,"study_1; study_11; study_7",0.0284570036977114
"TGFBR1",0.232356666689816,0.0588141707011933,0.405899162678438,2.72454322514172,0.00643905011197852,0,NA,NA,NA,3,440,"study_11_EOAD_vs_CN; study_2_EOAD_vs_CN; study_5_EOAD_vs_CN",2,"study_11; study_2",0.0593123870978794
"CORO1B",0.0824180054855106,-0.0813730952526821,0.246209106223703,2.7238838128844,0.00645191997057085,0.818206156622867,NA,NA,NA,2,463,"study_1_EOAD_vs_CN; study_11_EOAD_vs_CN",2,"study_1; study_11",0.0593123870978794
"LDLR",-0.044614013137193,-0.092789792057947,0.00356176578356109,-2.72297816897999,0.00646963329010742,0.659310008087676,-0.0432179845637495,-0.0681529034981816,-0.018121730658999,8,1501,"study_1_EOAD_vs_CN; study_11_EOAD_vs_CN; study_2_EOAD_vs_CN; study_3_Olink_EOAD_vs_CN; study_4_EOAD_vs_CN; study_5_EOAD_vs_CN; study_8_EOAD_vs_CN; study_9_EOAD_vs_CN",4,"study_1; study_11; study_4; study_8",0.0262787166629105
"PPT1",0.0644009240445479,0.0184525779887587,0.110349270100337,2.71953406956557,0.0065373960046622,0.745364375653868,0.0647131302565229,0.0406754489424786,0.0990405027837241,6,921,"study_1_EOAD_vs_CN; study_11_EOAD_vs_CN; study_2_EOAD_vs_CN; study_3_Soma_EOAD_vs_CN; study_5_EOAD_vs_CN; study_7_EOAD_vs_CN",3,"study_1; study_11; study_7",0.0297393974193013
"TGFA",0.12373326389848,0.0384606253097318,0.209005902487227,2.71826835223242,0.00656245897518733,0.406940820671531,0.119757334482322,0.0609392807386494,0.170863809995613,4,976,"study_11_EOAD_vs_CN; study_3_Olink_EOAD_vs_CN; study_8_EOAD_vs_CN; study_9_EOAD_vs_CN",3,"study_11; study_3_Olink; study_8",0.0297393974193013
"PSMA4",0.119858965773115,-0.019960553648066,0.259678485194295,2.71736124678085,0.00658047405062353,0,NA,NA,NA,4,799,"study_1_EOAD_vs_CN; study_11_EOAD_vs_CN; study_2_EOAD_vs_CN; study_5_EOAD_vs_CN",2,"study_1; study_11",0.0599681461308997
"HEG1",-0.0480511560096349,-0.083975758187685,-0.0121265538315848,-2.71449999616578,0.00663759011063731,0.268749603905571,-0.0456532854854568,-0.061735181287786,-0.0217122256637873,6,991,"study_1_EOAD_vs_CN; study_11_EOAD_vs_CN; study_2_EOAD_vs_CN; study_4_EOAD_vs_CN; study_5_EOAD_vs_CN; study_7_EOAD_vs_CN",4,"study_1; study_11; study_4; study_7",0.0268226718317036
"B3GNT2",-0.0261719679626932,-0.0531867228783544,0.000842786952967998,-2.70618783099114,0.0068060538037934,0.682991391421501,-0.0241868469102239,-0.0472939445123746,-0.0088881419993542,8,1134,"study_1_EOAD_vs_CN; study_10_EOAD_vs_CN; study_11_EOAD_vs_CN; study_2_EOAD_vs_CN; study_3_Soma_EOAD_vs_CN; study_4_EOAD_vs_CN; study_5_EOAD_vs_CN; study_7_EOAD_vs_CN",4,"study_1; study_11; study_4; study_7",0.0273631142723939
"LRP1",0.0422797352699225,0.011177066075353,0.0733824044644921,2.70196687406904,0.00689306295583363,0,0.0428357286368833,0.0386223653198213,0.0463889608611038,8,907,"study_10_EOAD_vs_CN; study_11_EOAD_vs_CN; study_2_EOAD_vs_CN; study_3_Olink_EOAD_vs_CN; study_3_Soma_EOAD_vs_CN; study_4_EOAD_vs_CN; study_5_EOAD_vs_CN; study_7_EOAD_vs_CN",4,"study_11; study_2; study_4; study_7",0.0275722518233345
"CCDC80",0.0720228087861175,0.0144626546609866,0.129582962911248,2.69471791776824,0.00704482432320024,0.541264545050948,0.0730811051186157,0.0309655882789767,0.104824275345775,8,1370,"study_1_EOAD_vs_CN; study_11_EOAD_vs_CN; study_2_EOAD_vs_CN; study_3_Olink_EOAD_vs_CN; study_3_Soma_EOAD_vs_CN; study_5_EOAD_vs_CN; study_8_EOAD_vs_CN; study_9_EOAD_vs_CN",3,"study_1; study_11; study_8",0.0316739739255696
"PCDH7",-0.0729735773681008,-0.122680716628327,-0.0232664381078748,-2.69351495390468,0.0070702973728476,0.730465730934182,-0.06997959180823,-0.0915904155823139,-0.0323179561980783,6,983,"study_1_EOAD_vs_CN; study_11_EOAD_vs_CN; study_2_EOAD_vs_CN; study_4_EOAD_vs_CN; study_5_EOAD_vs_CN; study_7_EOAD_vs_CN",4,"study_1; study_11; study_4; study_7",0.0281383552010298
"MARCKSL1",0.0823449884349649,-0.000365875989959658,0.165055852859889,2.69086706680437,0.00712665860420122,0.607343673693872,0.0789441853453298,0.0533630885319533,0.110710874948873,6,798,"study_1_EOAD_vs_CN; study_11_EOAD_vs_CN; study_2_EOAD_vs_CN; study_3_Soma_EOAD_vs_CN; study_5_EOAD_vs_CN; study_7_EOAD_vs_CN",3,"study_1; study_11; study_7",0.0317915786171789
"APMAP",-0.0728453260141159,-0.134279669768069,-0.0114109822601631,-2.6870584644785,0.00720843344223154,0.625264393752883,-0.067851501761353,-0.0993274711978234,-0.0442296473168225,7,1001,"study_1_EOAD_vs_CN; study_11_EOAD_vs_CN; study_2_EOAD_vs_CN; study_3_Soma_EOAD_vs_CN; study_4_EOAD_vs_CN; study_5_EOAD_vs_CN; study_7_EOAD_vs_CN",4,"study_1; study_11; study_4; study_7",0.0285439474998917
"GRB2",0.0405724827323947,0.00729736164735079,0.0738476038174387,2.68463526963514,0.00726089945597319,0.604205826646897,0.0429862812278082,0.024886976252853,0.0608499138290941,7,1028,"study_1_EOAD_vs_CN; study_11_EOAD_vs_CN; study_2_EOAD_vs_CN; study_3_Soma_EOAD_vs_CN; study_4_EOAD_vs_CN; study_5_EOAD_vs_CN; study_7_EOAD_vs_CN",4,"study_1; study_11; study_4; study_7",0.0286079438565344
"DPP10",0.0646102394745873,0.0217310001956021,0.107489478753572,2.68164273479964,0.00732616534889312,0.708327274721797,0.0652083158984933,0.0135877561379507,0.0984785291080596,9,1596,"study_1_EOAD_vs_CN; study_11_EOAD_vs_CN; study_2_EOAD_vs_CN; study_3_Olink_EOAD_vs_CN; study_4_EOAD_vs_CN; study_5_EOAD_vs_CN; study_7_EOAD_vs_CN; study_8_EOAD_vs_CN; study_9_EOAD_vs_CN",5,"study_1; study_11; study_4; study_7; study_8",0.0346771826514274
"ACYP2",0.0460630533335349,-0.00767961427453231,0.0998057209416021,2.67743257557821,0.00741887827792298,0.540388937083194,0.0478368434086218,0.0220534743506105,0.0812010897809155,8,1116,"study_1_EOAD_vs_CN; study_10_EOAD_vs_CN; study_11_EOAD_vs_CN; study_2_EOAD_vs_CN; study_3_Soma_EOAD_vs_CN; study_4_EOAD_vs_CN; study_5_EOAD_vs_CN; study_7_EOAD_vs_CN",4,"study_1; study_11; study_4; study_7",0.0290849556368324
"CDH18",-0.0626060711080174,-0.106939537659057,-0.0182726045569774,-2.67389809699387,0.00749752299238764,0,-0.0637804383869272,-0.079065809639169,-0.0552790989436656,6,964,"study_1_EOAD_vs_CN; study_11_EOAD_vs_CN; study_2_EOAD_vs_CN; study_4_EOAD_vs_CN; study_5_EOAD_vs_CN; study_7_EOAD_vs_CN",4,"study_1; study_11; study_4; study_7",0.0292477629604033
"SEMA6B",-0.0542985337892025,-0.0972531186805129,-0.0113439488978921,-2.66656197429361,0.00766314761392798,0.71385375754342,-0.0541626567766196,-0.0843837503803848,-0.0130686046531612,7,973,"study_1_EOAD_vs_CN; study_11_EOAD_vs_CN; study_2_EOAD_vs_CN; study_3_Soma_EOAD_vs_CN; study_4_EOAD_vs_CN; study_5_EOAD_vs_CN; study_7_EOAD_vs_CN",4,"study_1; study_11; study_4; study_7",0.0297466025604692
"SPESP1",-0.137315309559772,-0.245208403876341,-0.0294222152432026,-2.66263381488341,0.00775317355393272,0,NA,NA,NA,3,680,"study_1_EOAD_vs_CN; study_11_EOAD_vs_CN; study_5_EOAD_vs_CN",2,"study_1; study_11",0.070045912797599
"SYT1",0.0546985605485563,0.0105257636160345,0.0988713574810781,2.66064090831595,0.00779920857206687,0.843549710986622,0.0569868273422576,0.0286177743161844,0.0946581437890263,7,961,"study_1_EOAD_vs_CN; study_11_EOAD_vs_CN; study_2_EOAD_vs_CN; study_3_Soma_EOAD_vs_CN; study_4_EOAD_vs_CN; study_5_EOAD_vs_CN; study_7_EOAD_vs_CN",4,"study_1; study_11; study_4; study_7",0.0301263546803367
"IL17RA",0.189407088315019,0.0507661278938998,0.328048048736139,2.65799703562915,0.00786065844489917,0,NA,NA,NA,4,649,"study_3_Olink_EOAD_vs_CN; study_3_Soma_EOAD_vs_CN; study_8_EOAD_vs_CN; study_9_EOAD_vs_CN",2,"study_3_Soma; study_8",0.0704100004295242
"CUTA",-0.0436487008112534,-0.0831576755937984,-0.00413972602870828,-2.65112198722242,0.00802248602036778,0,-0.0441336376116001,-0.0506330473807477,-0.0348581414039782,8,1221,"study_1_EOAD_vs_CN; study_10_EOAD_vs_CN; study_11_EOAD_vs_CN; study_2_EOAD_vs_CN; study_3_Soma_EOAD_vs_CN; study_4_EOAD_vs_CN; study_5_EOAD_vs_CN; study_7_EOAD_vs_CN",4,"study_1; study_11; study_4; study_7",0.0308376535807308
"CFI",-0.0367215429685899,-0.104099149475516,0.0306560635383365,-2.64209642203719,0.00823945953472265,0.852376296140709,-0.0349217443154591,-0.0716152245037608,0.0221551244791853,8,1231,"study_1_EOAD_vs_CN; study_10_EOAD_vs_CN; study_11_EOAD_vs_CN; study_2_EOAD_vs_CN; study_3_Soma_EOAD_vs_CN; study_4_EOAD_vs_CN; study_5_EOAD_vs_CN; study_7_EOAD_vs_CN",4,"study_1; study_11; study_4; study_7",0.0315179325891332
"C1QL2",-0.217769514929376,-0.391268192971667,-0.0442708368870854,-2.63906250372129,0.00831356514374756,0.575937354708717,NA,NA,NA,4,484,"study_1_EOAD_vs_CN; study_11_EOAD_vs_CN; study_2_EOAD_vs_CN; study_3_Soma_EOAD_vs_CN",2,"study_1; study_11",0.0738357311071817
"LSR",-0.0395066484266911,-0.0697787906510703,-0.0092345062023119,-2.63782320920747,0.00834400693058739,0.455692682424128,-0.0374657391327188,-0.0483694059958905,-0.0176589001439436,6,977,"study_1_EOAD_vs_CN; study_11_EOAD_vs_CN; study_2_EOAD_vs_CN; study_4_EOAD_vs_CN; study_5_EOAD_vs_CN; study_7_EOAD_vs_CN",4,"study_1; study_11; study_4; study_7",0.0317636592333472
"IGLV1-44",-0.118934978125124,-0.215046852956002,-0.0228231032942461,-2.62952131334986,0.00855051718902639,0.811351248717687,NA,NA,NA,3,737,"study_1_EOAD_vs_CN; study_11_EOAD_vs_CN; study_5_EOAD_vs_CN",2,"study_1; study_11",0.0753020337319299
"FAM174A",-0.0749259703110113,-0.128088720677885,-0.0217632199441372,-2.6211086476284,0.00876443252760069,0,-0.0759737168197664,-0.0974010142783331,-0.0678113433154223,7,1011,"study_1_EOAD_vs_CN; study_11_EOAD_vs_CN; study_2_EOAD_vs_CN; study_3_Soma_EOAD_vs_CN; study_4_EOAD_vs_CN; study_5_EOAD_vs_CN; study_7_EOAD_vs_CN",4,"study_1; study_11; study_4; study_7",0.0331316370442658
"IGFBP5",0.0369169407387524,-0.00369048513848309,0.0775243666159878,2.6201709654629,0.00878856946678638,0.540637456556163,0.0374526975451167,0.0166016245241267,0.0572063049163514,8,1209,"study_1_EOAD_vs_CN; study_10_EOAD_vs_CN; study_11_EOAD_vs_CN; study_2_EOAD_vs_CN; study_3_Soma_EOAD_vs_CN; study_4_EOAD_vs_CN; study_5_EOAD_vs_CN; study_7_EOAD_vs_CN",4,"study_1; study_11; study_4; study_7",0.0331316370442658
"AGRN",-0.0492048809116301,-0.0754083717156168,-0.0230013901076433,-2.61858623387475,0.00882949718184748,0.831617848315454,-0.0471728816976665,-0.0752500350168493,-0.00706109436176691,8,1231,"study_1_EOAD_vs_CN; study_10_EOAD_vs_CN; study_11_EOAD_vs_CN; study_2_EOAD_vs_CN; study_3_Soma_EOAD_vs_CN; study_4_EOAD_vs_CN; study_5_EOAD_vs_CN; study_7_EOAD_vs_CN",4,"study_1; study_11; study_4; study_7",0.0331316370442658
"CD164",0.0337644387073118,-0.00226987340977595,0.0697987508243995,2.61844025440412,0.00883327583957256,0.277141107934323,NA,NA,NA,4,885,"study_1_EOAD_vs_CN; study_3_Olink_EOAD_vs_CN; study_8_EOAD_vs_CN; study_9_EOAD_vs_CN",2,"study_1; study_8",0.077143942332267
"F3",0.0759125693126137,0.0153733462255826,0.136451792399645,2.61070731249036,0.00903551881167983,0.648335074870901,0.0753753974040836,0.0395861912150626,0.0955794275721213,7,1167,"study_11_EOAD_vs_CN; study_2_EOAD_vs_CN; study_3_Olink_EOAD_vs_CN; study_3_Soma_EOAD_vs_CN; study_7_EOAD_vs_CN; study_8_EOAD_vs_CN; study_9_EOAD_vs_CN",4,"study_11; study_2; study_7; study_8",0.0337440228606811
"CORO1A",0.0668416361729768,-0.045126500892454,0.178809773238408,2.60912837104142,0.00907731827972015,0.66353196838766,0.0750229768226217,0.0373176785835219,0.120797332740044,5,881,"study_1_EOAD_vs_CN; study_11_EOAD_vs_CN; study_2_EOAD_vs_CN; study_5_EOAD_vs_CN; study_7_EOAD_vs_CN",3,"study_1; study_11; study_7",0.0401794475792264
"ATP2B2",-0.128484129422263,-0.243885019087341,-0.0130832397571857,-2.60844910290584,0.00909535365944927,0,NA,NA,NA,3,624,"study_1_EOAD_vs_CN; study_11_EOAD_vs_CN; study_2_EOAD_vs_CN",2,"study_1; study_11",0.0787762862405193
"C1QTNF4",-0.0523261249259747,-0.0897091831665958,-0.0149430666853537,-2.60311919320323,0.00923798304598297,0.348545474395397,-0.0521114445472729,-0.060495948013051,-0.0431885639778717,7,1020,"study_1_EOAD_vs_CN; study_11_EOAD_vs_CN; study_2_EOAD_vs_CN; study_3_Soma_EOAD_vs_CN; study_4_EOAD_vs_CN; study_5_EOAD_vs_CN; study_7_EOAD_vs_CN",4,"study_1; study_11; study_4; study_7",0.0343374086803518
"HEPH",-0.0753591635937105,-0.140466363092001,-0.0102519640954199,-2.5977285941509,0.00938426342872998,0,-0.0781243463273068,-0.0868884702240088,-0.0669104900746395,6,739,"study_1_EOAD_vs_CN; study_11_EOAD_vs_CN; study_2_EOAD_vs_CN; study_3_Soma_EOAD_vs_CN; study_5_EOAD_vs_CN; study_7_EOAD_vs_CN",3,"study_1; study_11; study_7",0.0411075713903736
"CFL2",0.0866255591783678,0.0213335858476739,0.151917532509062,2.59602268015347,0.00943098397922757,0.982718504612842,0.0848685848314434,0.0685795175861873,0.0971482713635054,6,789,"study_1_EOAD_vs_CN; study_11_EOAD_vs_CN; study_2_EOAD_vs_CN; study_3_Soma_EOAD_vs_CN; study_5_EOAD_vs_CN; study_7_EOAD_vs_CN",3,"study_1; study_11; study_7",0.0411075713903736
"ARHGDIA",0.0673125229290542,0.0129296288784919,0.121695416979616,2.59508334953419,0.00945679828037205,0,NA,NA,NA,4,809,"study_1_EOAD_vs_CN; study_11_EOAD_vs_CN; study_2_EOAD_vs_CN; study_5_EOAD_vs_CN",2,"study_1; study_11",0.0808227975594108
"SLC12A5",-0.0703688228462947,-0.130533124887435,-0.0102045208051543,-2.59402779534979,0.0094858817746255,0,NA,NA,NA,4,793,"study_1_EOAD_vs_CN; study_11_EOAD_vs_CN; study_2_EOAD_vs_CN; study_5_EOAD_vs_CN",2,"study_1; study_11",0.0808227975594108
"SPRING1",-0.0683152334033036,-0.112315566888621,-0.0243148999179863,-2.59311318417384,0.00951114636776551,0.736555159696002,-0.0666701544140451,-0.0838687658385809,-0.0411923283250667,6,921,"study_1_EOAD_vs_CN; study_11_EOAD_vs_CN; study_2_EOAD_vs_CN; study_4_EOAD_vs_CN; study_5_EOAD_vs_CN; study_7_EOAD_vs_CN",4,"study_1; study_11; study_4; study_7",0.0351867762337992
"APP",-0.0590580272700139,-0.120444614516026,0.00232855997599849,-2.59282131776602,0.00951922130644731,0,-0.0622163968044133,-0.0912729887628151,-0.0448420004309157,8,1136,"study_1_EOAD_vs_CN; study_10_EOAD_vs_CN; study_11_EOAD_vs_CN; study_2_EOAD_vs_CN; study_3_Olink_EOAD_vs_CN; study_3_Soma_EOAD_vs_CN; study_4_EOAD_vs_CN; study_5_EOAD_vs_CN",3,"study_1; study_11; study_4",0.0411778436816774
"CD300C",0.132681757840215,0.0353891344116932,0.229974381268737,2.58927939616298,0.00961770247447097,0,NA,NA,NA,4,649,"study_3_Olink_EOAD_vs_CN; study_3_Soma_EOAD_vs_CN; study_8_EOAD_vs_CN; study_9_EOAD_vs_CN",2,"study_3_Soma; study_8",0.0812850983326256
"IGFBP2",0.0366998932920881,-0.00196494920537463,0.0753647357895507,2.58915614492626,0.00962114570165474,0.362139571807628,0.03760269967053,0.0221633672217311,0.0625857123381539,10,1731,"study_1_EOAD_vs_CN; study_10_EOAD_vs_CN; study_11_EOAD_vs_CN; study_2_EOAD_vs_CN; study_3_Olink_EOAD_vs_CN; study_3_Soma_EOAD_vs_CN; study_4_EOAD_vs_CN; study_5_EOAD_vs_CN; study_8_EOAD_vs_CN; study_9_EOAD_vs_CN",4,"study_1; study_11; study_4; study_8",0.035427396321981
"CNTNAP5",-0.0523568473813089,-0.0853653866298438,-0.019348308132774,-2.58433912164278,0.00975658098748018,0.641118579042867,-0.050297756005457,-0.0812524661462115,-0.0109089559675954,6,932,"study_1_EOAD_vs_CN; study_11_EOAD_vs_CN; study_2_EOAD_vs_CN; study_4_EOAD_vs_CN; study_5_EOAD_vs_CN; study_7_EOAD_vs_CN",4,"study_1; study_11; study_4; study_7",0.0357590038052762
"WFDC2",-0.0506547942805418,-0.0811886431627786,-0.020120945398305,-2.58031667866642,0.00987097497025705,0.785081478256455,-0.0493988352161867,-0.0772197658042894,-0.0112378664274578,10,1697,"study_1_EOAD_vs_CN; study_10_EOAD_vs_CN; study_11_EOAD_vs_CN; study_2_EOAD_vs_CN; study_3_Olink_EOAD_vs_CN; study_3_Soma_EOAD_vs_CN; study_4_EOAD_vs_CN; study_5_EOAD_vs_CN; study_8_EOAD_vs_CN; study_9_EOAD_vs_CN",4,"study_1; study_11; study_4; study_8",0.03601077905816
"HAPLN1",-0.139775206429003,-0.297769633449933,0.0182192205919276,-2.58005535424899,0.00987844793149371,0.958550253197513,-0.162593982962883,-0.276078087442605,-0.0764136851826987,5,679,"study_1_EOAD_vs_CN; study_11_EOAD_vs_CN; study_2_EOAD_vs_CN; study_3_Soma_EOAD_vs_CN; study_7_EOAD_vs_CN",3,"study_1; study_11; study_7",0.042410479465285
"NECTIN1",-0.0466236381784079,-0.0792132062433242,-0.0140340701134915,-2.57670176753462,0.00997479712318205,0.824316063569413,-0.0463500414782331,-0.0669263673297809,-0.0272554558042827,8,1219,"study_1_EOAD_vs_CN; study_10_EOAD_vs_CN; study_11_EOAD_vs_CN; study_2_EOAD_vs_CN; study_3_Soma_EOAD_vs_CN; study_4_EOAD_vs_CN; study_5_EOAD_vs_CN; study_7_EOAD_vs_CN",4,"study_1; study_11; study_4; study_7",0.0362218439311864
"FAM234A",-0.0813753618179331,-0.170021702646053,0.00727097901018725,-2.57400294404326,0.0100529417806167,0.775663247159363,NA,NA,NA,4,668,"study_1_EOAD_vs_CN; study_11_EOAD_vs_CN; study_2_EOAD_vs_CN; study_5_EOAD_vs_CN",2,"study_1; study_11",0.0842838638886904
"DLK2",-0.0463201557754712,-0.0841339385107263,-0.00850637304021612,-2.56429742377501,0.010338490995969,0.377015325529808,NA,NA,NA,5,826,"study_1_EOAD_vs_CN; study_11_EOAD_vs_CN; study_2_EOAD_vs_CN; study_3_Soma_EOAD_vs_CN; study_5_EOAD_vs_CN",2,"study_1; study_11",0.0859899886013931
"MAMDC2",0.053486687639175,0.0101315919871929,0.0968417832911572,2.56365617001911,0.0103576092863607,0,0.0535893810832366,0.039433082669048,0.0648218487306705,5,859,"study_1_EOAD_vs_CN; study_11_EOAD_vs_CN; study_2_EOAD_vs_CN; study_5_EOAD_vs_CN; study_7_EOAD_vs_CN",3,"study_1; study_11; study_7",0.0441357828545669
"CTSS",0.0540427662350808,0.00600050322769113,0.102085029242471,2.5605154273538,0.0104517022890042,0.116709444023824,0.053304537669027,0.0332615133321675,0.0725642396862627,10,1651,"study_1_EOAD_vs_CN; study_11_EOAD_vs_CN; study_2_EOAD_vs_CN; study_3_Olink_EOAD_vs_CN; study_3_Soma_EOAD_vs_CN; study_4_EOAD_vs_CN; study_5_EOAD_vs_CN; study_7_EOAD_vs_CN; study_8_EOAD_vs_CN; study_9_EOAD_vs_CN",5,"study_1; study_11; study_4; study_7; study_8",0.0474802369310117
"NRP2",-0.0117501515630602,-0.0388652138361657,0.0153649107100453,-2.55967995481589,0.010476859792289,0.704934045342716,-0.011475606879651,-0.0415967145982633,0.00624052937233523,10,1642,"study_1_EOAD_vs_CN; study_11_EOAD_vs_CN; study_2_EOAD_vs_CN; study_3_Olink_EOAD_vs_CN; study_3_Soma_EOAD_vs_CN; study_4_EOAD_vs_CN; study_5_EOAD_vs_CN; study_7_EOAD_vs_CN; study_8_EOAD_vs_CN; study_9_EOAD_vs_CN",5,"study_1; study_11; study_4; study_7; study_8",0.0474802369310117
"NOMO3",-0.0414526181151958,-0.0785187834950639,-0.00438645273532775,-2.55894533151912,0.010499025048244,0,-0.0394540937029338,-0.0494267314554491,-0.0298701203186918,4,824,"study_1_EOAD_vs_CN; study_11_EOAD_vs_CN; study_2_EOAD_vs_CN; study_7_EOAD_vs_CN",3,"study_1; study_11; study_7",0.0444069874262765
"RELN",-0.0695787188642091,-0.123434715365035,-0.0157227223633835,-2.55236943737958,0.0106993001877819,0.636167504675692,-0.0703764845829734,-0.0861068231989151,-0.0546746212182199,8,1230,"study_1_EOAD_vs_CN; study_10_EOAD_vs_CN; study_11_EOAD_vs_CN; study_2_EOAD_vs_CN; study_3_Soma_EOAD_vs_CN; study_4_EOAD_vs_CN; study_5_EOAD_vs_CN; study_7_EOAD_vs_CN",4,"study_1; study_11; study_4; study_7",0.0386420756907386
"NLGN4X",-0.0608063745561265,-0.0969476801414299,-0.024665068970823,-2.55029374223668,0.0107632190551001,0.835088114079288,-0.0616146945515859,-0.0774381624895679,-0.0383916812970521,7,997,"study_1_EOAD_vs_CN; study_11_EOAD_vs_CN; study_2_EOAD_vs_CN; study_3_Soma_EOAD_vs_CN; study_4_EOAD_vs_CN; study_5_EOAD_vs_CN; study_7_EOAD_vs_CN",4,"study_1; study_11; study_4; study_7",0.0386420756907386
"SNCA",0.10564389617629,-0.0154120123166828,0.226699804669263,2.54980807498279,0.010778223591917,0.802021701728267,0.111614303525117,-0.029062984508704,0.262658058161275,6,598,"study_1_EOAD_vs_CN; study_11_EOAD_vs_CN; study_2_EOAD_vs_CN; study_3_Soma_EOAD_vs_CN; study_5_EOAD_vs_CN; study_7_EOAD_vs_CN",3,"study_1; study_11; study_7",0.0450926399941339
"GALNT6",-0.0789545194641055,-0.130188962470696,-0.0277200764575152,-2.54947913119204,0.0107883967664499,0.804112213139518,-0.0755123928361873,-0.0978345130608402,-0.0346672152476824,6,989,"study_1_EOAD_vs_CN; study_11_EOAD_vs_CN; study_2_EOAD_vs_CN; study_4_EOAD_vs_CN; study_5_EOAD_vs_CN; study_7_EOAD_vs_CN",4,"study_1; study_11; study_4; study_7",0.0386420756907386
"ADIRF",0.0748107926985116,0.0183116983910192,0.131309887006004,2.54848884311651,0.0108190747446521,0.856951954457711,0.0755153446374907,0.0281542901103954,0.112364144645106,5,798,"study_1_EOAD_vs_CN; study_11_EOAD_vs_CN; study_2_EOAD_vs_CN; study_5_EOAD_vs_CN; study_7_EOAD_vs_CN",3,"study_1; study_11; study_7",0.0450926399941339
"EXT2",-0.0402509279561497,-0.069160695312829,-0.0113411605994704,-2.54045440611032,0.0110708527215844,0.801722089725029,-0.0375858945716432,-0.0524507643120591,-0.0272184661889293,5,896,"study_1_EOAD_vs_CN; study_11_EOAD_vs_CN; study_2_EOAD_vs_CN; study_5_EOAD_vs_CN; study_7_EOAD_vs_CN",3,"study_1; study_11; study_7",0.0456926166662585
"VSNL1",0.0849751117559039,-0.00316441576190583,0.173114639273714,2.54043362392627,0.0110715106736719,0.308495147931249,NA,NA,NA,5,731,"study_1_EOAD_vs_CN; study_11_EOAD_vs_CN; study_2_EOAD_vs_CN; study_3_Soma_EOAD_vs_CN; study_5_EOAD_vs_CN",2,"study_1; study_11",0.0910282928827534
"IL36A",-0.181291561821372,-0.328298180718023,-0.0342849429247199,-2.53896925101571,0.0111179594360615,0,NA,NA,NA,3,623,"study_3_Soma_EOAD_vs_CN; study_8_EOAD_vs_CN; study_9_EOAD_vs_CN",2,"study_3_Soma; study_8",0.0910282928827534
"BLVRB",-0.152053722718737,-0.320596477423732,0.0164890319862586,-2.53777370679545,0.011156009427687,0,-0.153543833714725,-0.171626409980421,-0.138848675803865,7,931,"study_1_EOAD_vs_CN; study_11_EOAD_vs_CN; study_2_EOAD_vs_CN; study_3_Olink_EOAD_vs_CN; study_3_Soma_EOAD_vs_CN; study_5_EOAD_vs_CN; study_7_EOAD_vs_CN",3,"study_1; study_11; study_7",0.0456926166662585
"CDH7",-0.0411710977381555,-0.0787233314139074,-0.00361886406240361,-2.5362993151918,0.0112030934032858,0.644417933630405,-0.0454337524364075,-0.0734039455989074,-0.0261498531464621,6,916,"study_1_EOAD_vs_CN; study_11_EOAD_vs_CN; study_2_EOAD_vs_CN; study_3_Soma_EOAD_vs_CN; study_4_EOAD_vs_CN; study_5_EOAD_vs_CN",3,"study_1; study_11; study_4",0.0456926166662585
"TMEM108",-0.133565206332004,-0.235842302386762,-0.0312881102772459,-2.53327479363923,0.0113002327200209,0.627813575141477,NA,NA,NA,4,653,"study_1_EOAD_vs_CN; study_11_EOAD_vs_CN; study_2_EOAD_vs_CN; study_5_EOAD_vs_CN",2,"study_1; study_11",0.0918034410122627
"CRHBP",-0.0731149838365624,-0.14247057753815,-0.00375939013497467,-2.53270804259425,0.0113185181778706,0,-0.0737875003791779,-0.0915034135816059,-0.0553766955769838,8,1445,"study_1_EOAD_vs_CN; study_11_EOAD_vs_CN; study_2_EOAD_vs_CN; study_3_Olink_EOAD_vs_CN; study_3_Soma_EOAD_vs_CN; study_5_EOAD_vs_CN; study_8_EOAD_vs_CN; study_9_EOAD_vs_CN",3,"study_1; study_11; study_8",0.0458359849614477
"PDGFB",-0.0391773590296633,-0.0794735904791281,0.00111887241980158,-2.53128320368294,0.0113646047775755,0.777094649261029,-0.0377282011155689,-0.0802555726126688,0.00316266726507036,10,1746,"study_1_EOAD_vs_CN; study_10_EOAD_vs_CN; study_11_EOAD_vs_CN; study_2_EOAD_vs_CN; study_3_Olink_EOAD_vs_CN; study_4_EOAD_vs_CN; study_5_EOAD_vs_CN; study_7_EOAD_vs_CN; study_8_EOAD_vs_CN; study_9_EOAD_vs_CN",5,"study_1; study_11; study_4; study_7; study_8",0.0504304337004915
"TALDO1",0.0424280171229545,0.0026420387105803,0.0822139955353287,2.52135921856166,0.0116902443450247,0.908296914376996,0.043191356821975,0.00843918478654096,0.0752298001980164,8,1130,"study_1_EOAD_vs_CN; study_10_EOAD_vs_CN; study_11_EOAD_vs_CN; study_2_EOAD_vs_CN; study_3_Soma_EOAD_vs_CN; study_4_EOAD_vs_CN; study_5_EOAD_vs_CN; study_7_EOAD_vs_CN",4,"study_1; study_11; study_4; study_7",0.0416828621894997
"NHLRC3",-0.0425931137939803,-0.0912316297339231,0.0060454021459625,-2.51793691403024,0.0118044461966816,0.792835720371531,NA,NA,NA,4,791,"study_1_EOAD_vs_CN; study_11_EOAD_vs_CN; study_2_EOAD_vs_CN; study_5_EOAD_vs_CN",2,"study_1; study_11",0.0936482880596591
"CLSTN3",-0.0390296507747564,-0.0767342007385912,-0.00132510081092167,-2.51793406737544,0.0118045415995752,0.408136235038654,-0.0385795077643237,-0.0520459930090108,-0.0271665874193074,11,1829,"study_1_EOAD_vs_CN; study_10_EOAD_vs_CN; study_11_EOAD_vs_CN; study_2_EOAD_vs_CN; study_3_Olink_EOAD_vs_CN; study_3_Soma_EOAD_vs_CN; study_4_EOAD_vs_CN; study_5_EOAD_vs_CN; study_7_EOAD_vs_CN; study_8_EOAD_vs_CN; study_9_EOAD_vs_CN",5,"study_1; study_11; study_4; study_7; study_8",0.0513136196063168
"SCARB2",0.123852257897823,0.033629656279318,0.214074859516328,2.51454636206584,0.0119185630804153,0.796099950342268,NA,NA,NA,4,650,"study_2_EOAD_vs_CN; study_3_Olink_EOAD_vs_CN; study_8_EOAD_vs_CN; study_9_EOAD_vs_CN",2,"study_2; study_8",0.0936482880596591
"MILR1",0.0676472895988933,-0.0409841045712381,0.176278683769025,2.51367320328377,0.0119481091946422,0.452897959214625,0.0638765317261701,0.0037151507501458,0.128299958074416,8,1206,"study_1_EOAD_vs_CN; study_11_EOAD_vs_CN; study_2_EOAD_vs_CN; study_3_Olink_EOAD_vs_CN; study_3_Soma_EOAD_vs_CN; study_5_EOAD_vs_CN; study_8_EOAD_vs_CN; study_9_EOAD_vs_CN",3,"study_1; study_11; study_8",0.047841371154691
"INHBB",0.111502399996319,-0.03428797658733,0.257292776579969,2.51256445776464,0.011985720710778,0,NA,NA,NA,3,607,"study_1_EOAD_vs_CN; study_11_EOAD_vs_CN; study_3_Soma_EOAD_vs_CN",2,"study_1; study_11",0.0936482880596591
"FIBIN",0.15035418137526,0.0466581961983187,0.254050166552202,2.51211213068081,0.0120010949356141,0.867067137469407,NA,NA,NA,4,711,"study_1_EOAD_vs_CN; study_11_EOAD_vs_CN; study_2_EOAD_vs_CN; study_5_EOAD_vs_CN",2,"study_1; study_11",0.0936482880596591
"CAMP",0.311309288190716,0.091141235817851,0.531477340563582,2.51175472701984,0.0120132551529106,0.915802568446548,NA,NA,NA,4,639,"study_2_EOAD_vs_CN; study_3_Soma_EOAD_vs_CN; study_8_EOAD_vs_CN; study_9_EOAD_vs_CN",2,"study_2; study_8",0.0936482880596591
"VNN1",-0.129657075212334,-0.232752174813932,-0.0265619756107359,-2.5107482293518,0.0120475587014975,0,-0.127250573615057,-0.160008165562028,-0.0918397144810579,5,853,"study_1_EOAD_vs_CN; study_11_EOAD_vs_CN; study_2_EOAD_vs_CN; study_5_EOAD_vs_CN; study_7_EOAD_vs_CN",3,"study_1; study_11; study_7",0.047841371154691
"HBD",-0.283271704794875,-0.601601176677451,0.035057767087702,-2.51023528382773,0.0120650743367347,0,-0.286544877119898,-0.294990282204135,-0.271400038922114,6,1035,"study_1_EOAD_vs_CN; study_10_EOAD_vs_CN; study_11_EOAD_vs_CN; study_2_EOAD_vs_CN; study_5_EOAD_vs_CN; study_7_EOAD_vs_CN",3,"study_1; study_11; study_7",0.047841371154691
"CZIB",0.0973918721993151,0.0126035180866885,0.182180226311942,2.50925198601579,0.0120987142864688,0,NA,NA,NA,3,588,"study_1_EOAD_vs_CN; study_11_EOAD_vs_CN; study_2_EOAD_vs_CN",2,"study_1; study_11",0.0936482880596591
"ADCYAP1",-0.0936397060678711,-0.207884573842673,0.0206051617069307,-2.5076752159381,0.0121528312749176,0,NA,NA,NA,4,726,"study_1_EOAD_vs_CN; study_11_EOAD_vs_CN; study_2_EOAD_vs_CN; study_5_EOAD_vs_CN",2,"study_1; study_11",0.0936482880596591
"SLITRK5",-0.0869012392689263,-0.140689977884061,-0.033112500653792,-2.50751985602345,0.0121581750396283,0.870508290472453,-0.0848789613708082,-0.116235129280833,-0.0493457383853048,7,1020,"study_1_EOAD_vs_CN; study_11_EOAD_vs_CN; study_2_EOAD_vs_CN; study_3_Soma_EOAD_vs_CN; study_4_EOAD_vs_CN; study_5_EOAD_vs_CN; study_7_EOAD_vs_CN",4,"study_1; study_11; study_4; study_7",0.0431560447352573
"CLEC7A",0.180507334989406,0.0467086195140071,0.314306050464804,2.50506757379371,0.0122428000852498,0.73918315694099,NA,NA,NA,4,650,"study_2_EOAD_vs_CN; study_3_Olink_EOAD_vs_CN; study_8_EOAD_vs_CN; study_9_EOAD_vs_CN",2,"study_2; study_8",0.093652952476947
"PAFAH1B2",0.174113831786865,-0.00807041168829201,0.356298075262023,2.50002713659777,0.0124183793669407,0.676147220065374,0.186718906454723,0.128966744383002,0.235512216727213,4,403,"study_11_EOAD_vs_CN; study_2_EOAD_vs_CN; study_3_Soma_EOAD_vs_CN; study_7_EOAD_vs_CN",3,"study_11; study_2; study_7",0.0488829751991493
"MANEAL",-0.0436714982367352,-0.0900354124359128,0.00269241596244248,-2.49773456391816,0.0124989743941783,0.559584924690305,-0.0428856802950211,-0.0594965747529923,-0.0155056873828697,5,897,"study_1_EOAD_vs_CN; study_11_EOAD_vs_CN; study_2_EOAD_vs_CN; study_5_EOAD_vs_CN; study_7_EOAD_vs_CN",3,"study_1; study_11; study_7",0.0488829751991493
"TGFBR3",0.0524689369138846,0.0164830667576429,0.0884548070701262,2.4951001636718,0.0125921579398729,0.770167226685782,0.0526403623119978,0.0194973838952524,0.0679198219541689,11,1823,"study_1_EOAD_vs_CN; study_10_EOAD_vs_CN; study_11_EOAD_vs_CN; study_2_EOAD_vs_CN; study_3_Olink_EOAD_vs_CN; study_3_Soma_EOAD_vs_CN; study_4_EOAD_vs_CN; study_5_EOAD_vs_CN; study_7_EOAD_vs_CN; study_8_EOAD_vs_CN; study_9_EOAD_vs_CN",5,"study_1; study_11; study_4; study_7; study_8",0.053342992611218
"B4GAT1",-0.0408420707339829,-0.0740313400951585,-0.00765280137280736,-2.49005686447519,0.0127722658364888,0.82534275963512,-0.0405058466148568,-0.0615424774996463,-0.0259529123181281,10,1826,"study_1_EOAD_vs_CN; study_10_EOAD_vs_CN; study_11_EOAD_vs_CN; study_2_EOAD_vs_CN; study_3_Olink_EOAD_vs_CN; study_4_EOAD_vs_CN; study_5_EOAD_vs_CN; study_7_EOAD_vs_CN; study_8_EOAD_vs_CN; study_9_EOAD_vs_CN",5,"study_1; study_11; study_4; study_7; study_8",0.053342992611218
"HSPB1",0.101815150587525,0.0324441228106273,0.171186178364424,2.48370064989661,0.0130025059383627,0.621208714446834,0.101781587262976,0.0478616739339241,0.134241682928597,8,1537,"study_1_EOAD_vs_CN; study_11_EOAD_vs_CN; study_2_EOAD_vs_CN; study_3_Olink_EOAD_vs_CN; study_5_EOAD_vs_CN; study_7_EOAD_vs_CN; study_8_EOAD_vs_CN; study_9_EOAD_vs_CN",4,"study_1; study_11; study_7; study_8",0.0459460747956494
"AIF1",0.124751686021587,0.0296284502526945,0.21987492179048,2.47890295306174,0.013178715774181,0,NA,NA,NA,4,453,"study_11_EOAD_vs_CN; study_2_EOAD_vs_CN; study_3_Olink_EOAD_vs_CN; study_3_Soma_EOAD_vs_CN",2,"study_11; study_2",0.0990805822233694
"GPR158",-0.0656919427791993,-0.130653509993784,-0.000730375564614624,-2.47830426496819,0.0132008519137919,0,-0.0653352409888195,-0.0714160211716725,-0.0587735771627632,7,1165,"study_1_EOAD_vs_CN; study_10_EOAD_vs_CN; study_11_EOAD_vs_CN; study_2_EOAD_vs_CN; study_4_EOAD_vs_CN; study_5_EOAD_vs_CN; study_7_EOAD_vs_CN",4,"study_1; study_11; study_4; study_7",0.0464387111967323
"HACD3",0.0646265444979742,-0.0118368753344842,0.141089964330433,2.47785763156929,0.0132173873250552,0,NA,NA,NA,4,777,"study_1_EOAD_vs_CN; study_11_EOAD_vs_CN; study_2_EOAD_vs_CN; study_5_EOAD_vs_CN",2,"study_1; study_11",0.0990805822233694
"SPRY2",0.172687318663174,0.0418993901590722,0.303475247167275,2.47735667642609,0.0132359556405264,0.91456977286954,NA,NA,NA,4,638,"study_2_EOAD_vs_CN; study_3_Olink_EOAD_vs_CN; study_8_EOAD_vs_CN; study_9_EOAD_vs_CN",2,"study_2; study_8",0.0990805822233694
"MELTF",-0.0484938074398501,-0.0951360140433809,-0.00185160083631931,-2.46959964277829,0.0135264341669824,0,-0.0480260008730648,-0.0517575226946865,-0.0444991615240397,6,932,"study_1_EOAD_vs_CN; study_11_EOAD_vs_CN; study_2_EOAD_vs_CN; study_4_EOAD_vs_CN; study_5_EOAD_vs_CN; study_7_EOAD_vs_CN",4,"study_1; study_11; study_4; study_7",0.0473725783270317
"CHPF",-0.100699994351511,-0.188235008413527,-0.0131649802894945,-2.46694891756005,0.0136269796030944,0,NA,NA,NA,4,693,"study_1_EOAD_vs_CN; study_11_EOAD_vs_CN; study_2_EOAD_vs_CN; study_5_EOAD_vs_CN",2,"study_1; study_11",0.101284217191794
"FDPS",0.0596913954645658,0.0136248939159565,0.105757897013175,2.46335091604177,0.0137645125037813,0,0.0615010360866573,0.0529309589825478,0.0754096962502361,6,856,"study_1_EOAD_vs_CN; study_11_EOAD_vs_CN; study_2_EOAD_vs_CN; study_3_Soma_EOAD_vs_CN; study_5_EOAD_vs_CN; study_7_EOAD_vs_CN",3,"study_1; study_11; study_7",0.0534662356439395
"LYPD1",-0.192311138034918,-0.333174681759282,-0.0514475943105548,-2.46239767438229,0.0138011547700894,0.653353166531571,NA,NA,NA,2,395,"study_11_EOAD_vs_CN; study_2_EOAD_vs_CN",2,"study_11; study_2",0.101856409852491
"MEGF8",-0.0552092915358383,-0.104467968839038,-0.00595061423263814,-2.45392416405865,0.0141306778261482,0,-0.0575896592593675,-0.0756086571572835,-0.0435813996522791,7,1102,"study_1_EOAD_vs_CN; study_10_EOAD_vs_CN; study_11_EOAD_vs_CN; study_2_EOAD_vs_CN; study_4_EOAD_vs_CN; study_5_EOAD_vs_CN; study_7_EOAD_vs_CN",4,"study_1; study_11; study_4; study_7",0.049269797022145
"PILRB",0.106893073557129,-0.0777073743372051,0.291493521451464,2.44728288343048,0.0143937817549039,0.586133256633575,0.0986161370522284,0.00293688211495709,0.171185179414705,4,875,"study_11_EOAD_vs_CN; study_3_Olink_EOAD_vs_CN; study_8_EOAD_vs_CN; study_9_EOAD_vs_CN",3,"study_11; study_3_Olink; study_8",0.0555327660949335
"RNASET2",0.0572014852403275,0.0186005440956607,0.0958024263849944,2.44213023915391,0.0146008781539786,0.644145821580033,0.0555515135436618,0.0228848369668206,0.0773962445797247,8,1230,"study_1_EOAD_vs_CN; study_10_EOAD_vs_CN; study_11_EOAD_vs_CN; study_2_EOAD_vs_CN; study_3_Soma_EOAD_vs_CN; study_4_EOAD_vs_CN; study_5_EOAD_vs_CN; study_7_EOAD_vs_CN",4,"study_1; study_11; study_4; study_7",0.0505393573031672
"IGLV8-61",-0.185242854824451,-0.394954211745082,0.024468502096179,-2.44040729523521,0.0146707108518774,0,-0.188435175547699,-0.21395565854993,-0.170197155284409,5,974,"study_1_EOAD_vs_CN; study_11_EOAD_vs_CN; study_4_EOAD_vs_CN; study_5_EOAD_vs_CN; study_7_EOAD_vs_CN",4,"study_1; study_11; study_4; study_7",0.0505393573031672
"ADAM9",-0.0708137262369239,-0.131999769870998,-0.00962768260285027,-2.44000154704065,0.0146871990132301,0.753816776611106,-0.0680036502572681,-0.0896133862599734,-0.0270880218937996,7,983,"study_1_EOAD_vs_CN; study_11_EOAD_vs_CN; study_2_EOAD_vs_CN; study_3_Soma_EOAD_vs_CN; study_4_EOAD_vs_CN; study_5_EOAD_vs_CN; study_7_EOAD_vs_CN",4,"study_1; study_11; study_4; study_7",0.0505393573031672
"SEMA6A",-0.0451466660261767,-0.0840352854770937,-0.00625804657525963,-2.43791203561875,0.0147723682229966,0.220529794669303,-0.0474199102979081,-0.0785173375257555,-0.032750286004558,8,1212,"study_1_EOAD_vs_CN; study_10_EOAD_vs_CN; study_11_EOAD_vs_CN; study_2_EOAD_vs_CN; study_3_Soma_EOAD_vs_CN; study_4_EOAD_vs_CN; study_5_EOAD_vs_CN; study_7_EOAD_vs_CN",4,"study_1; study_11; study_4; study_7",0.0506114180857449
"NAGA",-0.0573099118486409,-0.110495120388884,-0.00412470330839778,-2.4365601652871,0.0148277025502712,0.0313679721099128,-0.0542713638835696,-0.0687652488833593,-0.0456858132686204,5,846,"study_1_EOAD_vs_CN; study_11_EOAD_vs_CN; study_2_EOAD_vs_CN; study_4_EOAD_vs_CN; study_5_EOAD_vs_CN",3,"study_1; study_11; study_4",0.0568229406456703
"PTTG1IP",0.104360247166848,0.0226094450311815,0.186111049302516,2.42716315425071,0.015217410691812,0.628892858750456,NA,NA,NA,4,751,"study_1_EOAD_vs_CN; study_11_EOAD_vs_CN; study_2_EOAD_vs_CN; study_5_EOAD_vs_CN",2,"study_1; study_11",0.111523401433699
"OMG",-0.0468013281076085,-0.0845791955654532,-0.00902346064976383,-2.4249906078615,0.0153087828029081,0.336982029466444,-0.0465940312028929,-0.0571245161522402,-0.0368264865492224,11,1853,"study_1_EOAD_vs_CN; study_10_EOAD_vs_CN; study_11_EOAD_vs_CN; study_2_EOAD_vs_CN; study_3_Olink_EOAD_vs_CN; study_3_Soma_EOAD_vs_CN; study_4_EOAD_vs_CN; study_5_EOAD_vs_CN; study_7_EOAD_vs_CN; study_8_EOAD_vs_CN; study_9_EOAD_vs_CN",5,"study_1; study_11; study_4; study_7; study_8",0.0627071295580659
"HHIP",-0.119360301986592,-0.23297624340086,-0.00574436057232453,-2.41969952440325,0.0155333364928902,0,NA,NA,NA,5,762,"study_1_EOAD_vs_CN; study_11_EOAD_vs_CN; study_2_EOAD_vs_CN; study_3_Soma_EOAD_vs_CN; study_5_EOAD_vs_CN",2,"study_1; study_11",0.112316217967578
"C1QL1",0.0714071548427486,-0.0152792116517216,0.158093521337219,2.41954507275596,0.0155399347378806,0,NA,NA,NA,5,837,"study_1_EOAD_vs_CN; study_11_EOAD_vs_CN; study_2_EOAD_vs_CN; study_3_Soma_EOAD_vs_CN; study_5_EOAD_vs_CN",2,"study_1; study_11",0.112316217967578
"PGLS",0.0381968395489251,0.000620954997798413,0.0757727241000517,2.40262390256333,0.0162779191169271,0,NA,NA,NA,5,837,"study_1_EOAD_vs_CN; study_11_EOAD_vs_CN; study_2_EOAD_vs_CN; study_3_Soma_EOAD_vs_CN; study_5_EOAD_vs_CN",2,"study_1; study_11",0.116844241332463
"LINGO3",-0.0736258964425128,-0.127415288421779,-0.019836504463247,-2.40050482500122,0.0163724749043528,0.864745522183443,-0.0706204465267817,-0.0944810746301616,-0.0324829993761982,6,913,"study_1_EOAD_vs_CN; study_11_EOAD_vs_CN; study_2_EOAD_vs_CN; study_3_Soma_EOAD_vs_CN; study_5_EOAD_vs_CN; study_7_EOAD_vs_CN",3,"study_1; study_11; study_7",0.0623245544692365
"NDST1",-0.0141433263307364,-0.0515770729059205,0.0232904202444477,-2.3996183313709,0.0164121742598796,0.855007803893991,-0.00825060932547372,-0.0489128465956451,0.0313010948156678,7,997,"study_1_EOAD_vs_CN; study_11_EOAD_vs_CN; study_2_EOAD_vs_CN; study_3_Soma_EOAD_vs_CN; study_4_EOAD_vs_CN; study_5_EOAD_vs_CN; study_7_EOAD_vs_CN",4,"study_1; study_11; study_4; study_7",0.0559861182544811
"MXRA8",-0.0313874821463988,-0.0603360454763369,-0.00243891881646067,-2.39712025958526,0.0165244992842324,0.591865087221094,-0.0304465822432493,-0.0388869180230451,-0.0205073799550121,6,958,"study_1_EOAD_vs_CN; study_11_EOAD_vs_CN; study_2_EOAD_vs_CN; study_3_Soma_EOAD_vs_CN; study_5_EOAD_vs_CN; study_7_EOAD_vs_CN",3,"study_1; study_11; study_7",0.0624866827238191
"GPR37",-0.0611809127250772,-0.0996360387944458,-0.0227257866557085,-2.39703303113113,0.0165284336552009,0.722311130537775,-0.0588795965313511,-0.0913464798021089,-0.0128803200643113,8,1132,"study_1_EOAD_vs_CN; study_10_EOAD_vs_CN; study_11_EOAD_vs_CN; study_2_EOAD_vs_CN; study_3_Soma_EOAD_vs_CN; study_4_EOAD_vs_CN; study_5_EOAD_vs_CN; study_7_EOAD_vs_CN",4,"study_1; study_11; study_4; study_7",0.0561396798288721
"LGALS9",0.106382458155405,0.0301253454299723,0.182639570880837,2.39249547976517,0.0167342342242828,0.90297667915773,NA,NA,NA,4,648,"study_3_Olink_EOAD_vs_CN; study_3_Soma_EOAD_vs_CN; study_8_EOAD_vs_CN; study_9_EOAD_vs_CN",2,"study_3_Soma; study_8",0.11930256780305
"ATP6AP1",-0.0339565191671569,-0.0806884001739586,0.0127753618396449,-2.39182263792999,0.0167649417125535,0.892868658548177,-0.0346240872037956,-0.0574760270018812,-0.00900754907766567,7,1204,"study_1_EOAD_vs_CN; study_10_EOAD_vs_CN; study_11_EOAD_vs_CN; study_2_EOAD_vs_CN; study_4_EOAD_vs_CN; study_5_EOAD_vs_CN; study_7_EOAD_vs_CN",4,"study_1; study_11; study_4; study_7",0.0566060085755248
"ST8SIA5",-0.0684301336922753,-0.121023017221898,-0.0158372501626522,-2.39085044553689,0.0168093984856254,0.792247461146203,-0.0689622607285065,-0.0788814002164869,-0.0537569174822289,6,945,"study_1_EOAD_vs_CN; study_11_EOAD_vs_CN; study_2_EOAD_vs_CN; study_4_EOAD_vs_CN; study_5_EOAD_vs_CN; study_7_EOAD_vs_CN",4,"study_1; study_11; study_4; study_7",0.0566060085755248
"SNAP25",0.12016424404052,-0.0327376828094699,0.27306617089051,2.38913408690694,0.0168881374363387,0,NA,NA,NA,4,722,"study_1_EOAD_vs_CN; study_11_EOAD_vs_CN; study_2_EOAD_vs_CN; study_5_EOAD_vs_CN",2,"study_1; study_11",0.119586270495155
"IGHV1-18",-0.0799918317270188,-0.165593323839282,0.00560966038524474,-2.38638913421469,0.0170147366740637,0.597931198157282,-0.0791608765105279,-0.106838988395459,-0.0538154964771066,4,789,"study_1_EOAD_vs_CN; study_11_EOAD_vs_CN; study_5_EOAD_vs_CN; study_7_EOAD_vs_CN",3,"study_1; study_11; study_7",0.063917201584805
"CA3",-0.165525736264512,-0.300470668638661,-0.0305808038903627,-2.38201305837537,0.017218286867657,0,-0.164505485589783,-0.210927172965263,-0.131480635500203,9,1396,"study_1_EOAD_vs_CN; study_11_EOAD_vs_CN; study_2_EOAD_vs_CN; study_3_Olink_EOAD_vs_CN; study_3_Soma_EOAD_vs_CN; study_5_EOAD_vs_CN; study_7_EOAD_vs_CN; study_8_EOAD_vs_CN; study_9_EOAD_vs_CN",4,"study_1; study_11; study_7; study_8",0.0577362129860158
"CBLN2",-0.103399486105458,-0.186021989856447,-0.020776982354469,-2.37641421693299,0.0174818257552192,0.566083720896265,-0.0983007610268428,-0.144300689927204,-0.0380543040698147,6,923,"study_1_EOAD_vs_CN; study_11_EOAD_vs_CN; study_2_EOAD_vs_CN; study_3_Soma_EOAD_vs_CN; study_5_EOAD_vs_CN; study_7_EOAD_vs_CN",3,"study_1; study_11; study_7",0.0652426307596744
"IL1RAPL1",-0.119617646057483,-0.21945745325647,-0.0197778388584953,-2.37406750588585,0.0175933336295316,0.73809666823512,NA,NA,NA,5,798,"study_1_EOAD_vs_CN; study_11_EOAD_vs_CN; study_2_EOAD_vs_CN; study_3_Soma_EOAD_vs_CN; study_5_EOAD_vs_CN",2,"study_1; study_11",0.12374371572986
"SCG5",-0.067218208473853,-0.116367627167515,-0.0180687897801915,-2.37293017182556,0.0176475998958356,0.623995886671467,-0.0669674114980531,-0.0807759213846526,-0.0527343546536386,8,1230,"study_1_EOAD_vs_CN; study_10_EOAD_vs_CN; study_11_EOAD_vs_CN; study_2_EOAD_vs_CN; study_3_Soma_EOAD_vs_CN; study_4_EOAD_vs_CN; study_5_EOAD_vs_CN; study_7_EOAD_vs_CN",4,"study_1; study_11; study_4; study_7",0.0589250369403326
"CADM4",-0.0364897590369694,-0.0648494791450724,-0.00813003892886653,-2.36969402450601,0.0178028114316351,0,-0.0358376852984635,-0.045744455242364,-0.0225136715998127,7,1204,"study_1_EOAD_vs_CN; study_10_EOAD_vs_CN; study_11_EOAD_vs_CN; study_2_EOAD_vs_CN; study_4_EOAD_vs_CN; study_5_EOAD_vs_CN; study_7_EOAD_vs_CN",4,"study_1; study_11; study_4; study_7",0.0591924700764913
"AIF1L",-0.4322953903502,-0.707912326654983,-0.156678454045418,-2.36962513674336,0.0178061283758308,0.871466162598699,NA,NA,NA,2,228,"study_11_EOAD_vs_CN; study_3_Soma_EOAD_vs_CN",2,"study_11; study_3_Soma",0.124405483585805
"QNG1",0.117087016705814,-0.0748202511160534,0.308994284527681,2.36710118744534,0.0179280304403466,0,NA,NA,NA,3,569,"study_1_EOAD_vs_CN; study_11_EOAD_vs_CN; study_2_EOAD_vs_CN",2,"study_1; study_11",0.12442765497671
"NPNT",0.0534361917172175,0.00817704325331485,0.0986953401811202,2.36227518873935,0.0181631539544287,0.626151029544304,0.052618174475763,0.0270304653991193,0.0851578377464098,6,891,"study_1_EOAD_vs_CN; study_11_EOAD_vs_CN; study_2_EOAD_vs_CN; study_3_Soma_EOAD_vs_CN; study_5_EOAD_vs_CN; study_7_EOAD_vs_CN",3,"study_1; study_11; study_7",0.0673452007011609
"RARRES1",-0.16176974275913,-0.364390619893139,0.0408511343748787,-2.36086480461188,0.0182323760408204,0,NA,NA,NA,5,579,"study_1_EOAD_vs_CN; study_11_EOAD_vs_CN; study_2_EOAD_vs_CN; study_3_Soma_EOAD_vs_CN; study_5_EOAD_vs_CN",2,"study_1; study_11",0.1251545521502
"CDH12",-0.102604457651942,-0.178560894690836,-0.0266480206130479,-2.35769019093529,0.0183890327172159,0.726115037374694,NA,NA,NA,4,719,"study_1_EOAD_vs_CN; study_11_EOAD_vs_CN; study_2_EOAD_vs_CN; study_3_Soma_EOAD_vs_CN",2,"study_1; study_11",0.1251545521502
"PPP2R1A",-0.376770132076401,-0.650249497037856,-0.103290767114947,-2.35764983886015,0.0183910315182546,0.891554115039101,NA,NA,NA,3,314,"study_11_EOAD_vs_CN; study_2_EOAD_vs_CN; study_3_Soma_EOAD_vs_CN",2,"study_11; study_2",0.1251545521502
"PLD3",0.0445194276255035,-0.00806668424607551,0.0971055394970826,2.35513708900192,0.0185158733712309,0,0.0441977926442992,0.0394850489293265,0.0518480851267722,8,1170,"study_1_EOAD_vs_CN; study_10_EOAD_vs_CN; study_11_EOAD_vs_CN; study_2_EOAD_vs_CN; study_3_Soma_EOAD_vs_CN; study_4_EOAD_vs_CN; study_5_EOAD_vs_CN; study_7_EOAD_vs_CN",4,"study_1; study_11; study_4; study_7",0.0613046563719745
"NXPH3",-0.0430086755977923,-0.0822856213962746,-0.00373172979930991,-2.3523763129323,0.0186538924447304,0.86293876647048,-0.0437618580076637,-0.0870440263092187,0.012240354203011,6,969,"study_1_EOAD_vs_CN; study_11_EOAD_vs_CN; study_2_EOAD_vs_CN; study_4_EOAD_vs_CN; study_5_EOAD_vs_CN; study_7_EOAD_vs_CN",4,"study_1; study_11; study_4; study_7",0.0615032102361822
"ADGRG1",0.0697816487129318,0.0145960761179916,0.124967221307872,2.34913140235127,0.0188172647791803,0.336569367936901,0.0705957865072361,0.029894452673427,0.102250233960436,9,1553,"study_1_EOAD_vs_CN; study_11_EOAD_vs_CN; study_2_EOAD_vs_CN; study_3_Olink_EOAD_vs_CN; study_3_Soma_EOAD_vs_CN; study_5_EOAD_vs_CN; study_7_EOAD_vs_CN; study_8_EOAD_vs_CN; study_9_EOAD_vs_CN",4,"study_1; study_11; study_7; study_8",0.0616388442268617
"PTPRK",-0.0285162077031214,-0.0608507079172931,0.00381829251105028,-2.34845506003551,0.018851473932327,0.388876152704709,-0.028560752211074,-0.0392033760076723,-0.0138197430749593,6,999,"study_1_EOAD_vs_CN; study_11_EOAD_vs_CN; study_2_EOAD_vs_CN; study_4_EOAD_vs_CN; study_5_EOAD_vs_CN; study_7_EOAD_vs_CN",4,"study_1; study_11; study_4; study_7",0.0616388442268617
"CCDC126",-0.0274419367096796,-0.0665423477242784,0.0116584743049192,-2.34689787080355,0.0189304428565452,0.59411458211596,-0.024629808733161,-0.0446485967351492,-0.00580562353622582,5,897,"study_1_EOAD_vs_CN; study_11_EOAD_vs_CN; study_2_EOAD_vs_CN; study_5_EOAD_vs_CN; study_7_EOAD_vs_CN",3,"study_1; study_11; study_7",0.0697373088457247
"LBP",-0.0772377894672084,-0.184588842916419,0.0301132639820024,-2.34291423618741,0.0191337807964964,0.0828283348393145,-0.0765138816420322,-0.102386676676989,-0.0335503013986252,7,1033,"study_1_EOAD_vs_CN; study_11_EOAD_vs_CN; study_2_EOAD_vs_CN; study_3_Soma_EOAD_vs_CN; study_4_EOAD_vs_CN; study_5_EOAD_vs_CN; study_7_EOAD_vs_CN",4,"study_1; study_11; study_4; study_7",0.0620840639598909
"RIDA",0.02086077678814,-0.0390824652315789,0.0808040188078589,2.34269137377852,0.0191452126170729,0.814246299662406,0.0240120570812305,-0.0226558909001486,0.083332520902018,7,953,"study_1_EOAD_vs_CN; study_11_EOAD_vs_CN; study_2_EOAD_vs_CN; study_3_Soma_EOAD_vs_CN; study_4_EOAD_vs_CN; study_5_EOAD_vs_CN; study_7_EOAD_vs_CN",4,"study_1; study_11; study_4; study_7",0.0620840639598909
"NIBAN1",0.0897155658597705,-0.0261777448060967,0.205608876525638,2.34262419975583,0.0191486595075063,0,NA,NA,NA,2,686,"study_1_EOAD_vs_CN; study_11_EOAD_vs_CN",2,"study_1; study_11",0.128999682661553
"OLFM1",-0.0336571797772111,-0.0599332182161977,-0.00738114133822457,-2.34098585016771,0.0192328960165857,0.310919527079041,-0.0329243479224961,-0.0426154039977944,-0.0271129393062959,8,1133,"study_1_EOAD_vs_CN; study_10_EOAD_vs_CN; study_11_EOAD_vs_CN; study_2_EOAD_vs_CN; study_3_Soma_EOAD_vs_CN; study_4_EOAD_vs_CN; study_5_EOAD_vs_CN; study_7_EOAD_vs_CN",4,"study_1; study_11; study_4; study_7",0.0621127953322523
"SLC1A3",-0.174094273349359,-0.300645181276693,-0.0475433654220253,-2.33939004576676,0.0193152562339328,0.737260808652206,NA,NA,NA,3,455,"study_11_EOAD_vs_CN; study_2_EOAD_vs_CN; study_5_EOAD_vs_CN",2,"study_11; study_2",0.128999682661553
"PSMA5",0.135301284736468,0.0126488714177558,0.25795369805518,2.33919518569015,0.0193253341391831,0,NA,NA,NA,5,726,"study_1_EOAD_vs_CN; study_11_EOAD_vs_CN; study_2_EOAD_vs_CN; study_3_Soma_EOAD_vs_CN; study_5_EOAD_vs_CN",2,"study_1; study_11",0.128999682661553
"SEMA3A",-0.0411981398528346,-0.0862018906854639,0.0038056109797948,-2.33179048203139,0.0197117159942477,0,-0.0425394672422539,-0.0540952534409125,-0.0350751836091091,5,849,"study_1_EOAD_vs_CN; study_11_EOAD_vs_CN; study_2_EOAD_vs_CN; study_5_EOAD_vs_CN; study_7_EOAD_vs_CN",3,"study_1; study_11; study_7",0.0721499348250988
"APOC2",-0.0893679939768971,-0.214848789520871,0.0361128015670764,-2.32782925624195,0.0199211719177847,0.451775183204156,-0.0869674750977331,-0.116187880332338,-0.024394433481077,5,981,"study_1_EOAD_vs_CN; study_11_EOAD_vs_CN; study_4_EOAD_vs_CN; study_5_EOAD_vs_CN; study_7_EOAD_vs_CN",4,"study_1; study_11; study_4; study_7",0.0640729937600585
"SHH",-0.0780100809698965,-0.161677003259376,0.00565684131958263,-2.32639007836954,0.0199977504388954,0,-0.0785353156231929,-0.111734973860253,-0.0430851252164861,6,897,"study_1_EOAD_vs_CN; study_11_EOAD_vs_CN; study_2_EOAD_vs_CN; study_3_Soma_EOAD_vs_CN; study_5_EOAD_vs_CN; study_7_EOAD_vs_CN",3,"study_1; study_11; study_7",0.0727306719784029
"IL6",-0.174550982355001,-0.320794284475492,-0.0283076802345106,-2.32216256112937,0.0202241840692213,0,NA,NA,NA,4,649,"study_3_Olink_EOAD_vs_CN; study_3_Soma_EOAD_vs_CN; study_8_EOAD_vs_CN; study_9_EOAD_vs_CN",2,"study_3_Soma; study_8",0.132045445445831
"EPHB1",-0.18776794161466,-0.340475816088253,-0.035060067141066,-2.3215206815998,0.0202587592153104,0.612414458179973,NA,NA,NA,3,432,"study_11_EOAD_vs_CN; study_2_EOAD_vs_CN; study_3_Soma_EOAD_vs_CN",2,"study_11; study_2",0.132045445445831
"EEF1A1",-0.093866715396976,-0.178970553822714,-0.00876287697123809,-2.32131030341431,0.0202701025521095,0,NA,NA,NA,5,524,"study_1_EOAD_vs_CN; study_2_EOAD_vs_CN; study_3_Soma_EOAD_vs_CN; study_5_EOAD_vs_CN; study_7_EOAD_vs_CN",2,"study_1; study_7",0.132045445445831
"CUEDC2",-0.127060893819009,-0.278860176396719,0.0247383887587004,-2.32102290736463,0.0202856075541782,0.791982599146864,NA,NA,NA,2,520,"study_1_EOAD_vs_CN; study_11_EOAD_vs_CN",2,"study_1; study_11",0.132045445445831
"MAN2A1",-0.0294750504838122,-0.0518333827312541,-0.00711671823637034,-2.32028023291478,0.0203257227289325,0.545299078036943,-0.0281122834372963,-0.0383516394823565,-0.00726258268893963,6,1009,"study_1_EOAD_vs_CN; study_11_EOAD_vs_CN; study_2_EOAD_vs_CN; study_4_EOAD_vs_CN; study_5_EOAD_vs_CN; study_7_EOAD_vs_CN",4,"study_1; study_11; study_4; study_7",0.0651084126438977
"TNFRSF11B",0.102348103823142,0.0142080503953444,0.190488157250939,2.31096111555586,0.0208350027870146,0,0.101224523592288,0.0689047157876708,0.133140241425198,7,1055,"study_11_EOAD_vs_CN; study_2_EOAD_vs_CN; study_3_Olink_EOAD_vs_CN; study_3_Soma_EOAD_vs_CN; study_5_EOAD_vs_CN; study_8_EOAD_vs_CN; study_9_EOAD_vs_CN",3,"study_11; study_2; study_8",0.0752961176669958
"ACYP1",0.0474207077299558,-0.000105025323059629,0.0949464407829712,2.30883110015136,0.0209529555161037,0.244711401015708,0.0457202455625499,0.0327946500658552,0.0550692892549501,7,949,"study_1_EOAD_vs_CN; study_11_EOAD_vs_CN; study_2_EOAD_vs_CN; study_3_Soma_EOAD_vs_CN; study_4_EOAD_vs_CN; study_5_EOAD_vs_CN; study_7_EOAD_vs_CN",4,"study_1; study_11; study_4; study_7",0.0668458661809301
"SEMA3C",-0.0488064003514673,-0.0949729990840584,-0.00263980161887618,-2.30546811290303,0.0211403706176301,0,-0.0483864364819,-0.0530194291843862,-0.0460541702202221,7,981,"study_1_EOAD_vs_CN; study_11_EOAD_vs_CN; study_2_EOAD_vs_CN; study_3_Soma_EOAD_vs_CN; study_4_EOAD_vs_CN; study_5_EOAD_vs_CN; study_7_EOAD_vs_CN",4,"study_1; study_11; study_4; study_7",0.0671718227689213
"NAPA",0.341782688394176,0.0713471449991576,0.612218231789194,2.30230807362156,0.0213178048474426,0,NA,NA,NA,2,331,"study_11_EOAD_vs_CN; study_3_Soma_EOAD_vs_CN",2,"study_11; study_3_Soma",0.137907774568641
"FCGR3A",0.0650681927454931,0.0061677576333641,0.123968627857622,2.29942219779489,0.0214809766523185,0,0.0676458424925896,0.0499675909737142,0.087573384203372,7,1033,"study_1_EOAD_vs_CN; study_11_EOAD_vs_CN; study_2_EOAD_vs_CN; study_3_Soma_EOAD_vs_CN; study_4_EOAD_vs_CN; study_5_EOAD_vs_CN; study_7_EOAD_vs_CN",4,"study_1; study_11; study_4; study_7",0.0679799582410722
"UBQLN2",0.0461871483937543,-0.0112124495172046,0.103586746304713,2.29880497798108,0.0215160160225511,0.558462193297787,NA,NA,NA,5,781,"study_1_EOAD_vs_CN; study_11_EOAD_vs_CN; study_2_EOAD_vs_CN; study_3_Soma_EOAD_vs_CN; study_5_EOAD_vs_CN",2,"study_1; study_11",0.137990887485798
"RETREG1",-0.301963332497242,-0.515359375868002,-0.0885672891264828,-2.29743453041575,0.0215939938431974,0.837193054130443,NA,NA,NA,2,300,"study_11_EOAD_vs_CN; study_2_EOAD_vs_CN",2,"study_11; study_2",0.137990887485798
"APOC3",-0.0732017350901523,-0.215833752495807,0.0694302823155026,-2.29321666830895,0.0218355339847301,0.745599593758212,-0.0715768880121001,-0.130473343900967,0.0262475116847928,7,1199,"study_1_EOAD_vs_CN; study_10_EOAD_vs_CN; study_11_EOAD_vs_CN; study_2_EOAD_vs_CN; study_4_EOAD_vs_CN; study_5_EOAD_vs_CN; study_7_EOAD_vs_CN",4,"study_1; study_11; study_4; study_7",0.0688256031198692
"ARHGAP36",-0.0981962144759966,-0.177841690416102,-0.0185507385358914,-2.28911521669062,0.0220726589261199,0.666198562373274,-0.150002513337604,-0.289379052406054,-0.0687550918445381,4,504,"study_11_EOAD_vs_CN; study_2_EOAD_vs_CN; study_3_Soma_EOAD_vs_CN; study_4_EOAD_vs_CN",3,"study_11; study_2; study_4",0.0790716181911251
"IGLV3-9",-0.13159520789399,-0.270112393581291,0.0069219777933123,-2.28767129432821,0.0221566705964624,0,-0.13067721979338,-0.139539823112274,-0.118691889081427,3,841,"study_1_EOAD_vs_CN; study_11_EOAD_vs_CN; study_7_EOAD_vs_CN",3,"study_1; study_11; study_7",0.0790716181911251
"SLITRK4",-0.0604973887708753,-0.114238185053556,-0.00675659248819442,-2.28703560877564,0.0221937447419418,0.802844505424767,-0.0597506470326181,-0.0888983915046674,-0.0293761218323019,8,1173,"study_1_EOAD_vs_CN; study_10_EOAD_vs_CN; study_11_EOAD_vs_CN; study_2_EOAD_vs_CN; study_3_Soma_EOAD_vs_CN; study_4_EOAD_vs_CN; study_5_EOAD_vs_CN; study_7_EOAD_vs_CN",4,"study_1; study_11; study_4; study_7",0.0696306858879414
"ADGRL3",-0.039879609855509,-0.0815849683215445,0.00182574861052655,-2.28577062102175,0.0222676812738087,0,-0.0397352871349649,-0.044677605926641,-0.0363947777624154,7,1036,"study_1_EOAD_vs_CN; study_11_EOAD_vs_CN; study_2_EOAD_vs_CN; study_3_Soma_EOAD_vs_CN; study_4_EOAD_vs_CN; study_5_EOAD_vs_CN; study_7_EOAD_vs_CN",4,"study_1; study_11; study_4; study_7",0.0696306858879414
"EGFLAM",-0.0706188748826943,-0.123248143516272,-0.0179896062491171,-2.27919285466673,0.0226556036668765,0.735917125099738,NA,NA,NA,5,822,"study_1_EOAD_vs_CN; study_11_EOAD_vs_CN; study_2_EOAD_vs_CN; study_3_Soma_EOAD_vs_CN; study_5_EOAD_vs_CN",2,"study_1; study_11",0.143574919128427
"CR1",0.109204151638513,0.00072325625293207,0.217685047024095,2.27774409667958,0.0227418287932431,0.252098386412192,NA,NA,NA,2,148,"study_3_Soma_EOAD_vs_CN; study_7_EOAD_vs_CN",2,"study_3_Soma; study_7",0.143574919128427
"C1GALT1C1",-0.0589005367790752,-0.135757273426207,0.0179561998680565,-2.27738606053419,0.0227631817724692,0.708065812937106,-0.0542897352588535,-0.0759508635832366,-0.0303871351371687,6,892,"study_1_EOAD_vs_CN; study_11_EOAD_vs_CN; study_2_EOAD_vs_CN; study_3_Soma_EOAD_vs_CN; study_5_EOAD_vs_CN; study_7_EOAD_vs_CN",3,"study_1; study_11; study_7",0.0807315328700615
"SEMA3G",-0.039125710572776,-0.0778906343424011,-0.000360786803150985,-2.27495834191796,0.02290842895288,0,-0.039357066859894,-0.0418503690387823,-0.035226908440093,8,1171,"study_1_EOAD_vs_CN; study_10_EOAD_vs_CN; study_11_EOAD_vs_CN; study_2_EOAD_vs_CN; study_3_Soma_EOAD_vs_CN; study_4_EOAD_vs_CN; study_5_EOAD_vs_CN; study_7_EOAD_vs_CN",4,"study_1; study_11; study_4; study_7",0.0713511542089701
"RELT",-0.0526345033982947,-0.0909582205541865,-0.0143107862424028,-2.27248036861971,0.0230575123926314,0.775157611039151,NA,NA,NA,6,863,"study_1_EOAD_vs_CN; study_11_EOAD_vs_CN; study_2_EOAD_vs_CN; study_3_Olink_EOAD_vs_CN; study_3_Soma_EOAD_vs_CN; study_5_EOAD_vs_CN",2,"study_1; study_11",0.144696245433998
"PTPRD",-0.0481519181395159,-0.0786767436613662,-0.0176270926176655,-2.26974685850356,0.0232229465439073,0.845399222573935,-0.0467055903923562,-0.0723320335495587,-0.012870952300528,8,1164,"study_1_EOAD_vs_CN; study_10_EOAD_vs_CN; study_11_EOAD_vs_CN; study_2_EOAD_vs_CN; study_3_Soma_EOAD_vs_CN; study_4_EOAD_vs_CN; study_5_EOAD_vs_CN; study_7_EOAD_vs_CN",4,"study_1; study_11; study_4; study_7",0.0720459916401534
"RCN2",-0.0398016921953563,-0.0768094565568528,-0.00279392783385981,-2.26690786908638,0.0233958544215687,0.5967588415624,-0.0411199176358384,-0.0706630534103143,-0.01411686954374,6,938,"study_1_EOAD_vs_CN; study_11_EOAD_vs_CN; study_2_EOAD_vs_CN; study_4_EOAD_vs_CN; study_5_EOAD_vs_CN; study_7_EOAD_vs_CN",4,"study_1; study_11; study_4; study_7",0.0722977775850829
"KLK13",-0.0978119779510076,-0.181127185497741,-0.0144967704042737,-2.26656971812544,0.0234165237051574,0,NA,NA,NA,5,665,"study_2_EOAD_vs_CN; study_3_Olink_EOAD_vs_CN; study_3_Soma_EOAD_vs_CN; study_8_EOAD_vs_CN; study_9_EOAD_vs_CN",2,"study_2; study_8",0.145837539461356
"EFNB2",-0.0447101093962626,-0.0828557252019199,-0.00656449359060528,-2.26528999218119,0.0234948897790846,0.537466845219823,-0.0447083605727869,-0.0567095958530908,-0.0346400102013381,8,1176,"study_1_EOAD_vs_CN; study_10_EOAD_vs_CN; study_11_EOAD_vs_CN; study_2_EOAD_vs_CN; study_3_Soma_EOAD_vs_CN; study_4_EOAD_vs_CN; study_5_EOAD_vs_CN; study_7_EOAD_vs_CN",4,"study_1; study_11; study_4; study_7",0.0723202076012446
"TREM2",0.0671548940404434,0.0146234338054411,0.119686354275446,2.26498802163335,0.0235134145868047,0.383532522504379,0.062098434845919,0.0255240901989433,0.0875080960512483,5,792,"study_1_EOAD_vs_CN; study_11_EOAD_vs_CN; study_2_EOAD_vs_CN; study_3_Soma_EOAD_vs_CN; study_7_EOAD_vs_CN",3,"study_1; study_11; study_7",0.0828775291917623
"SV2A",-0.0928771514244187,-0.178810638160565,-0.00694366468827286,-2.26491827949525,0.0235176948177186,0.591608506015279,NA,NA,NA,5,795,"study_1_EOAD_vs_CN; study_11_EOAD_vs_CN; study_2_EOAD_vs_CN; study_3_Soma_EOAD_vs_CN; study_5_EOAD_vs_CN",2,"study_1; study_11",0.145837539461356
"AKR1A1",0.0381382167649292,-0.0349688185277301,0.111245252057589,2.25723397813594,0.0239934583155469,0.835015300684193,NA,NA,NA,5,817,"study_1_EOAD_vs_CN; study_11_EOAD_vs_CN; study_2_EOAD_vs_CN; study_3_Soma_EOAD_vs_CN; study_5_EOAD_vs_CN",2,"study_1; study_11",0.147511345005337
"CCL24",0.184549488670142,0.0288154531639067,0.340283524176377,2.2560240956823,0.0240691221335043,0,NA,NA,NA,3,622,"study_3_Olink_EOAD_vs_CN; study_8_EOAD_vs_CN; study_9_EOAD_vs_CN",2,"study_3_Olink; study_8",0.147511345005337
"RGMB",-0.0408655788707286,-0.0768966453623825,-0.00483451237907473,-2.2541369766439,0.0241875520978957,0.6467609985627,-0.0407239345555882,-0.0624082921366244,-0.0267533784746527,10,1659,"study_1_EOAD_vs_CN; study_11_EOAD_vs_CN; study_2_EOAD_vs_CN; study_3_Olink_EOAD_vs_CN; study_3_Soma_EOAD_vs_CN; study_4_EOAD_vs_CN; study_5_EOAD_vs_CN; study_7_EOAD_vs_CN; study_8_EOAD_vs_CN; study_9_EOAD_vs_CN",5,"study_1; study_11; study_4; study_7; study_8",0.0972065772990902
"CCL19",0.190556479058697,0.037923756654846,0.343189201462548,2.25216191644518,0.0243120417071937,0.531299037668299,0.187534462334199,0.0882681023071133,0.238614832964333,6,1232,"study_1_EOAD_vs_CN; study_11_EOAD_vs_CN; study_3_Olink_EOAD_vs_CN; study_3_Soma_EOAD_vs_CN; study_8_EOAD_vs_CN; study_9_EOAD_vs_CN",3,"study_1; study_11; study_8",0.0851667227902308
"SPTA1",-0.172818601134621,-0.32035122173499,-0.0252859805342524,-2.25040570277118,0.0244232033322122,0,NA,NA,NA,3,711,"study_1_EOAD_vs_CN; study_11_EOAD_vs_CN; study_2_EOAD_vs_CN",2,"study_1; study_11",0.148811145884642
"NDRG3",0.191458083340354,0.010806370679694,0.372109796001015,2.24338245789005,0.024872162115997,0.579241545422762,0.156507543844449,0.0538770403434242,0.209021567815054,3,352,"study_11_EOAD_vs_CN; study_3_Soma_EOAD_vs_CN; study_7_EOAD_vs_CN",3,"study_11; study_3_Soma; study_7",0.0865975888306968
"HBG1",-0.262534995748843,-0.532474167914903,0.00740417641721736,-2.24034054873013,0.025068822698231,0,NA,NA,NA,4,806,"study_1_EOAD_vs_CN; study_11_EOAD_vs_CN; study_2_EOAD_vs_CN; study_5_EOAD_vs_CN",2,"study_1; study_11",0.151862001085237
"BGLAP",0.0826465577335229,0.00278428774566618,0.16250882772138,2.2388188886132,0.0251677027558744,0,0.0806355193989968,0.0683966226556323,0.0926921275596552,7,928,"study_1_EOAD_vs_CN; study_10_EOAD_vs_CN; study_11_EOAD_vs_CN; study_2_EOAD_vs_CN; study_3_Soma_EOAD_vs_CN; study_4_EOAD_vs_CN; study_5_EOAD_vs_CN",3,"study_1; study_11; study_4",0.0870955046885108
"THBS4",0.040508821242008,-0.00010967628990477,0.0811273187739207,2.23192254452748,0.0256200825841544,0.645815334422173,0.0407893983079221,0.00729852912828549,0.0752913820925519,10,1655,"study_1_EOAD_vs_CN; study_11_EOAD_vs_CN; study_2_EOAD_vs_CN; study_3_Olink_EOAD_vs_CN; study_3_Soma_EOAD_vs_CN; study_4_EOAD_vs_CN; study_5_EOAD_vs_CN; study_7_EOAD_vs_CN; study_8_EOAD_vs_CN; study_9_EOAD_vs_CN",5,"study_1; study_11; study_4; study_7; study_8",0.101056992415276
"NPTN",-0.0711750026256685,-0.122391002960179,-0.0199590022911576,-2.23074431221431,0.0256980705864247,0.893015859757979,NA,NA,NA,5,837,"study_1_EOAD_vs_CN; study_11_EOAD_vs_CN; study_2_EOAD_vs_CN; study_3_Soma_EOAD_vs_CN; study_5_EOAD_vs_CN",2,"study_1; study_11",0.154779183761914
"EPHA7",-0.0552369211392783,-0.132820290608597,0.02234644833004,-2.22521608549701,0.0260667355186651,0.61606376796575,-0.0557883744468892,-0.0814412306091687,-0.0407867940364757,7,1004,"study_1_EOAD_vs_CN; study_11_EOAD_vs_CN; study_2_EOAD_vs_CN; study_3_Soma_EOAD_vs_CN; study_4_EOAD_vs_CN; study_5_EOAD_vs_CN; study_7_EOAD_vs_CN",4,"study_1; study_11; study_4; study_7",0.0799244653257124
"ELFN2",-0.054267419529227,-0.0994128360145798,-0.0091220030438743,-2.22300155665199,0.0262156950070021,0,-0.0527527835875767,-0.0697194232424855,-0.0330694943043051,6,866,"study_1_EOAD_vs_CN; study_11_EOAD_vs_CN; study_2_EOAD_vs_CN; study_3_Soma_EOAD_vs_CN; study_5_EOAD_vs_CN; study_7_EOAD_vs_CN",3,"study_1; study_11; study_7",0.0901756737891459
"ELANE",-0.521389848385684,-0.919974825992712,-0.122804870778657,-2.22281852739027,0.0262280392545079,0.505615768327574,NA,NA,NA,2,306,"study_11_EOAD_vs_CN; study_3_Soma_EOAD_vs_CN",2,"study_11; study_3_Soma",0.157068486506996
"PEBP4",-0.090745463499153,-0.172220543825436,-0.00927038317287023,-2.21893033739628,0.0264914642112552,0.743269107896144,-0.0860601912943965,-0.11012534663874,-0.0373759092095402,7,1203,"study_1_EOAD_vs_CN; study_10_EOAD_vs_CN; study_11_EOAD_vs_CN; study_2_EOAD_vs_CN; study_4_EOAD_vs_CN; study_5_EOAD_vs_CN; study_7_EOAD_vs_CN",4,"study_1; study_11; study_4; study_7",0.0809119139475546
"EEF1G",0.0965928742183941,0.0022174661014509,0.190968282335337,2.21519273556138,0.0267468382942263,0,NA,NA,NA,3,671,"study_1_EOAD_vs_CN; study_11_EOAD_vs_CN; study_2_EOAD_vs_CN",2,"study_1; study_11",0.159039203295136
"AHSG",-0.074816967004933,-0.157407656734646,0.0077737227247804,-2.21468340619721,0.0267818026189772,0.74305085404339,-0.0692362443618873,-0.112252708837646,-0.0231783294651521,8,1231,"study_1_EOAD_vs_CN; study_10_EOAD_vs_CN; study_11_EOAD_vs_CN; study_2_EOAD_vs_CN; study_3_Soma_EOAD_vs_CN; study_4_EOAD_vs_CN; study_5_EOAD_vs_CN; study_7_EOAD_vs_CN",4,"study_1; study_11; study_4; study_7",0.0814828589334134
"DSTN",0.0991746684845371,0.0130699459044896,0.185279391064585,2.21459577214543,0.0267878224791685,0.282214633928844,0.0963719683382502,0.078874268915725,0.107021947962476,6,833,"study_1_EOAD_vs_CN; study_11_EOAD_vs_CN; study_2_EOAD_vs_CN; study_3_Soma_EOAD_vs_CN; study_5_EOAD_vs_CN; study_7_EOAD_vs_CN",3,"study_1; study_11; study_7",0.0915918960215882
"TAFA1",-0.0754537085700921,-0.138919056134671,-0.0119883610055137,-2.21290481394919,0.0269042087475799,0,NA,NA,NA,5,749,"study_1_EOAD_vs_CN; study_11_EOAD_vs_CN; study_2_EOAD_vs_CN; study_3_Soma_EOAD_vs_CN; study_5_EOAD_vs_CN",2,"study_1; study_11",0.159039203295136
"TNFRSF1A",0.0517204374669551,-0.0153380232290848,0.118778898162995,2.21133880927111,0.0270123837657769,0,NA,NA,NA,6,831,"study_1_EOAD_vs_CN; study_11_EOAD_vs_CN; study_2_EOAD_vs_CN; study_3_Olink_EOAD_vs_CN; study_3_Soma_EOAD_vs_CN; study_5_EOAD_vs_CN",2,"study_1; study_11",0.159039203295136
"ROBO1",-0.0181939324429703,-0.0641330691684888,0.0277452042825483,-2.21051311955155,0.0270695710178972,0.79170449054831,-0.0179687981872681,-0.0411239561160853,-0.00324119566336676,11,1839,"study_1_EOAD_vs_CN; study_10_EOAD_vs_CN; study_11_EOAD_vs_CN; study_2_EOAD_vs_CN; study_3_Olink_EOAD_vs_CN; study_3_Soma_EOAD_vs_CN; study_4_EOAD_vs_CN; study_5_EOAD_vs_CN; study_7_EOAD_vs_CN; study_8_EOAD_vs_CN; study_9_EOAD_vs_CN",5,"study_1; study_11; study_4; study_7; study_8",0.104833065942038
"LEP",-0.363307536175688,-0.787031201577495,0.060416129226118,-2.20878766366607,0.0271894135056383,0,NA,NA,NA,3,300,"study_11_EOAD_vs_CN; study_3_Olink_EOAD_vs_CN; study_3_Soma_EOAD_vs_CN",2,"study_11; study_3_Soma",0.159187180748094
"HIBADH",0.106699206007264,0.00465776481943114,0.208740647195098,2.20638285238972,0.0273572046391584,0.182235162795526,0.0988247336768861,0.0762372520081038,0.110331219084961,3,499,"study_11_EOAD_vs_CN; study_2_EOAD_vs_CN; study_7_EOAD_vs_CN",3,"study_11; study_2; study_7",0.0929819276723775
"SLC38A10",-0.0273237688246507,-0.0561892272586094,0.00154168960930802,-2.20521710074034,0.0274388637541807,0,-0.0278263867635996,-0.0384897823213583,-0.0197610976067097,6,998,"study_1_EOAD_vs_CN; study_11_EOAD_vs_CN; study_2_EOAD_vs_CN; study_4_EOAD_vs_CN; study_5_EOAD_vs_CN; study_7_EOAD_vs_CN",4,"study_1; study_11; study_4; study_7",0.0831608639934398
"IGKV3D-20",-0.0955797839609601,-0.198663412312534,0.00750384439061376,-2.20260448945338,0.0276226372211327,0,-0.0924872324176989,-0.120868878026481,-0.0745546343911441,5,982,"study_1_EOAD_vs_CN; study_11_EOAD_vs_CN; study_4_EOAD_vs_CN; study_5_EOAD_vs_CN; study_7_EOAD_vs_CN",4,"study_1; study_11; study_4; study_7",0.083397080958822
"ST8SIA3",-0.0446097807485007,-0.0875995083650571,-0.00162005313194427,-2.20076757945413,0.0277524818511276,0.828976662941732,-0.0457148398790514,-0.0694657429342608,-0.0170838217115472,6,992,"study_1_EOAD_vs_CN; study_11_EOAD_vs_CN; study_2_EOAD_vs_CN; study_4_EOAD_vs_CN; study_5_EOAD_vs_CN; study_7_EOAD_vs_CN",4,"study_1; study_11; study_4; study_7",0.0834692965598798
"YIPF3",-0.0470280524613195,-0.0900916574743868,-0.00396444744825215,-2.2006598380999,0.0277601140174127,0.0137493354922142,NA,NA,NA,4,810,"study_1_EOAD_vs_CN; study_11_EOAD_vs_CN; study_2_EOAD_vs_CN; study_5_EOAD_vs_CN",2,"study_1; study_11",0.160444466467502
"ENTPD6",-0.0404108203022759,-0.0820091426054745,0.00118750200092263,-2.20021002224447,0.0277919975618283,0.778386080487701,-0.040777213477968,-0.0613610347527384,-0.0303034599858707,10,1582,"study_1_EOAD_vs_CN; study_11_EOAD_vs_CN; study_2_EOAD_vs_CN; study_3_Olink_EOAD_vs_CN; study_3_Soma_EOAD_vs_CN; study_4_EOAD_vs_CN; study_5_EOAD_vs_CN; study_7_EOAD_vs_CN; study_8_EOAD_vs_CN; study_9_EOAD_vs_CN",5,"study_1; study_11; study_4; study_7; study_8",0.105708847869097
"SLC2A1",-0.362437730072935,-0.660536257402308,-0.0643392027435632,-2.19950911455183,0.0278417417613577,0,NA,NA,NA,2,320,"study_11_EOAD_vs_CN; study_2_EOAD_vs_CN",2,"study_11; study_2",0.160444466467502
"DFFA",0.105726048908641,0.0211111735279411,0.190340924289341,2.19920361491757,0.0278634474208829,0.860143570257396,NA,NA,NA,4,649,"study_3_Olink_EOAD_vs_CN; study_3_Soma_EOAD_vs_CN; study_8_EOAD_vs_CN; study_9_EOAD_vs_CN",2,"study_3_Soma; study_8",0.160444466467502
"MYLK",0.0942602136885655,0.0175288047282026,0.170991622648928,2.19821668754309,0.0279336680474099,0.862602218010402,0.089875786089921,0.0660146682979884,0.113435816560519,5,698,"study_1_EOAD_vs_CN; study_11_EOAD_vs_CN; study_2_EOAD_vs_CN; study_4_EOAD_vs_CN; study_5_EOAD_vs_CN",3,"study_1; study_11; study_4",0.0943794346453909
"SF3A1",-0.0600074828079335,-0.178887331916626,0.0588723663007592,-2.19416298286964,0.028223694706057,0.637472306186845,-0.0573732514416734,-0.0906036630401289,-0.0343842544815344,6,910,"study_1_EOAD_vs_CN; study_11_EOAD_vs_CN; study_2_EOAD_vs_CN; study_4_EOAD_vs_CN; study_5_EOAD_vs_CN; study_7_EOAD_vs_CN",4,"study_1; study_11; study_4; study_7",0.0845637696896309
"HBG2",-0.354310211340023,-0.68804872000402,-0.0205717026760261,-2.19170856302048,0.0284005570389393,0,-0.339974905029683,-0.368165488299873,-0.299504041379647,4,329,"study_11_EOAD_vs_CN; study_2_EOAD_vs_CN; study_3_Soma_EOAD_vs_CN; study_7_EOAD_vs_CN",3,"study_11; study_2; study_7",0.0953924592307904
"CDH11",-0.027821920844304,-0.0554374698752893,-0.000206371813318756,-2.18814888091673,0.0286587593091772,0,-0.027705056651399,-0.0300757840084969,-0.0242415162480578,7,1034,"study_1_EOAD_vs_CN; study_11_EOAD_vs_CN; study_2_EOAD_vs_CN; study_3_Soma_EOAD_vs_CN; study_4_EOAD_vs_CN; study_5_EOAD_vs_CN; study_7_EOAD_vs_CN",4,"study_1; study_11; study_4; study_7",0.0855420543016349
"TPM1",0.103666336081392,-0.0264086841155973,0.233741356278382,2.18809007394197,0.0286630418037778,0.615791246269967,0.118505000130541,0.0415369261744999,0.205685912801441,5,694,"study_1_EOAD_vs_CN; study_11_EOAD_vs_CN; study_2_EOAD_vs_CN; study_5_EOAD_vs_CN; study_7_EOAD_vs_CN",3,"study_1; study_11; study_7",0.0957110928067669
"GFRA1",0.0424996158427764,0.00572699532182049,0.0792722363637324,2.18421006132261,0.0289468159448617,0.193245744450765,0.0431367136945059,0.0183924462517902,0.0635117908132427,8,1474,"study_1_EOAD_vs_CN; study_11_EOAD_vs_CN; study_2_EOAD_vs_CN; study_3_Olink_EOAD_vs_CN; study_3_Soma_EOAD_vs_CN; study_7_EOAD_vs_CN; study_8_EOAD_vs_CN; study_9_EOAD_vs_CN",4,"study_1; study_11; study_7; study_8",0.0860758149605698
"LILRB2",0.118532790300373,0.0092528487849325,0.227812731815813,2.18398754230168,0.028963163485272,0.729204541528767,NA,NA,NA,5,667,"study_2_EOAD_vs_CN; study_3_Olink_EOAD_vs_CN; study_3_Soma_EOAD_vs_CN; study_8_EOAD_vs_CN; study_9_EOAD_vs_CN",2,"study_2; study_8",0.165865548265383
"SLC8A2",0.115589249681773,0.0129188915623232,0.218259607801223,2.18082417181445,0.0291964239962577,0,NA,NA,NA,3,479,"study_11_EOAD_vs_CN; study_2_EOAD_vs_CN; study_5_EOAD_vs_CN",2,"study_11; study_2",0.166292675804772
"PODXL",-0.0608725165399785,-0.110302445995202,-0.0114425870847553,-2.18061473479734,0.0292119243531203,0.904428869963775,-0.0578338750930994,-0.141947584990818,0.0221264643618932,7,1307,"study_1_EOAD_vs_CN; study_11_EOAD_vs_CN; study_2_EOAD_vs_CN; study_3_Olink_EOAD_vs_CN; study_5_EOAD_vs_CN; study_8_EOAD_vs_CN; study_9_EOAD_vs_CN",3,"study_1; study_11; study_8",0.0969767953815797
"NQO2",0.0906587890248191,-0.0323048435714134,0.213622421621052,2.16600996026413,0.0303104258279979,0.0196778346816153,0.0960782511141109,0.0414282265157008,0.161708569772882,7,928,"study_1_EOAD_vs_CN; study_11_EOAD_vs_CN; study_2_EOAD_vs_CN; study_3_Olink_EOAD_vs_CN; study_3_Soma_EOAD_vs_CN; study_5_EOAD_vs_CN; study_7_EOAD_vs_CN",3,"study_1; study_11; study_7",0.10004192570975
"ROBO2",-0.024217560022047,-0.0667545737183947,0.0183194536743007,-2.16586974459031,0.0303211418788027,0.38681675880137,-0.0243731589580549,-0.0563550098930745,-0.00433706150754382,10,1624,"study_1_EOAD_vs_CN; study_11_EOAD_vs_CN; study_2_EOAD_vs_CN; study_3_Olink_EOAD_vs_CN; study_3_Soma_EOAD_vs_CN; study_4_EOAD_vs_CN; study_5_EOAD_vs_CN; study_7_EOAD_vs_CN; study_8_EOAD_vs_CN; study_9_EOAD_vs_CN",5,"study_1; study_11; study_4; study_7; study_8",0.113305319652368
"ARMH4",-0.0467023826862481,-0.0987380988449263,0.0053333334724301,-2.16301361974428,0.0305401320915456,0,-0.0473209529339308,-0.055654287829563,-0.0407906626445386,7,1177,"study_1_EOAD_vs_CN; study_10_EOAD_vs_CN; study_11_EOAD_vs_CN; study_2_EOAD_vs_CN; study_4_EOAD_vs_CN; study_5_EOAD_vs_CN; study_7_EOAD_vs_CN",4,"study_1; study_11; study_4; study_7",0.0904722710080374
"MCAM",-0.0430970545453469,-0.0916528024400409,0.00545869334934706,-2.16060218345215,0.0307260826189228,0.840209412899899,-0.0428562513165124,-0.0579618901338269,-0.0258312196191637,8,1228,"study_1_EOAD_vs_CN; study_10_EOAD_vs_CN; study_11_EOAD_vs_CN; study_2_EOAD_vs_CN; study_3_Soma_EOAD_vs_CN; study_4_EOAD_vs_CN; study_5_EOAD_vs_CN; study_7_EOAD_vs_CN",4,"study_1; study_11; study_4; study_7",0.0906822213622141
"UBC",0.107808679356522,0.00849012076303653,0.207127237950007,2.1587952277969,0.0308660568925737,0,NA,NA,NA,3,176,"study_2_EOAD_vs_CN; study_3_Soma_EOAD_vs_CN; study_7_EOAD_vs_CN",2,"study_2; study_7",0.174852041207661
"PCDH10",-0.0555908239279677,-0.0984992708214773,-0.012682377034458,-2.15277154780235,0.0313366372803391,0.343721047715,-0.0537040953070761,-0.0741213835043361,-0.0204387462320863,7,1036,"study_1_EOAD_vs_CN; study_11_EOAD_vs_CN; study_2_EOAD_vs_CN; study_3_Soma_EOAD_vs_CN; study_4_EOAD_vs_CN; study_5_EOAD_vs_CN; study_7_EOAD_vs_CN",4,"study_1; study_11; study_4; study_7",0.0921390678242807
"CASP3",0.170346034992237,0.0201830103818912,0.320509059602583,2.14885978103613,0.0316455168186874,0.148788749285316,NA,NA,NA,4,649,"study_3_Olink_EOAD_vs_CN; study_3_Soma_EOAD_vs_CN; study_8_EOAD_vs_CN; study_9_EOAD_vs_CN",2,"study_3_Soma; study_8",0.178303300489964
"UQCC3",-0.0929799564963062,-0.172473234000602,-0.0134866789920105,-2.14672012197963,0.0318155698393352,0.67420478505387,NA,NA,NA,2,524,"study_1_EOAD_vs_CN; study_11_EOAD_vs_CN",2,"study_1; study_11",0.178303300489964
"IGKV2-30",-0.0686251807356082,-0.148909826518374,0.011659465047158,-2.14340038061236,0.0320809625663482,0.508225088255281,-0.0638076152259878,-0.107823396118684,-0.0385142656432017,5,972,"study_1_EOAD_vs_CN; study_11_EOAD_vs_CN; study_4_EOAD_vs_CN; study_5_EOAD_vs_CN; study_7_EOAD_vs_CN",4,"study_1; study_11; study_4; study_7",0.093976946105139
"PLXNB2",0.0374870213160295,0.001826442382671,0.073147600249388,2.14262232979878,0.032143436645605,0.419970931355802,0.0370688331063341,0.0243290709833066,0.0481491506851025,10,1659,"study_1_EOAD_vs_CN; study_11_EOAD_vs_CN; study_2_EOAD_vs_CN; study_3_Olink_EOAD_vs_CN; study_3_Soma_EOAD_vs_CN; study_4_EOAD_vs_CN; study_5_EOAD_vs_CN; study_7_EOAD_vs_CN; study_8_EOAD_vs_CN; study_9_EOAD_vs_CN",5,"study_1; study_11; study_4; study_7; study_8",0.118044000095067
"TMEFF1",0.0480655116227133,-0.000635969748214851,0.0967669929936414,2.1331061824925,0.0329160167370667,0,0.0471264373025082,0.0433933770339641,0.0520777521589116,6,878,"study_1_EOAD_vs_CN; study_11_EOAD_vs_CN; study_2_EOAD_vs_CN; study_3_Soma_EOAD_vs_CN; study_4_EOAD_vs_CN; study_5_EOAD_vs_CN",3,"study_1; study_11; study_4",0.107531275001039
"SERPINA3",0.0896011053886983,0.0193061836434005,0.159896027133996,2.13297635439524,0.032926665964734,0.774860736392388,0.0907852187163712,0.0590600821170004,0.115940178613836,8,1179,"study_1_EOAD_vs_CN; study_10_EOAD_vs_CN; study_11_EOAD_vs_CN; study_2_EOAD_vs_CN; study_3_Soma_EOAD_vs_CN; study_4_EOAD_vs_CN; study_5_EOAD_vs_CN; study_7_EOAD_vs_CN",4,"study_1; study_11; study_4; study_7",0.0960970843711497
"SLPI",0.0951929806212075,0.0215120201480132,0.168873941094402,2.13261684787189,0.0329561700966408,0.873589013391117,0.0994282327850175,0.0635721887357992,0.160877510336758,6,916,"study_1_EOAD_vs_CN; study_11_EOAD_vs_CN; study_2_EOAD_vs_CN; study_3_Soma_EOAD_vs_CN; study_4_EOAD_vs_CN; study_5_EOAD_vs_CN",3,"study_1; study_11; study_4",0.107531275001039
"EPHA4",-0.0691342862718804,-0.122537961093387,-0.0157306114503738,-2.13090230121101,0.0330971917751216,0.827709129799995,-0.0681972896610621,-0.0891639687383183,-0.0416718610092741,8,1231,"study_1_EOAD_vs_CN; study_10_EOAD_vs_CN; study_11_EOAD_vs_CN; study_2_EOAD_vs_CN; study_3_Soma_EOAD_vs_CN; study_4_EOAD_vs_CN; study_5_EOAD_vs_CN; study_7_EOAD_vs_CN",4,"study_1; study_11; study_4; study_7",0.0962383288516452
"PLBD2",-0.0700212281463295,-0.129443883653343,-0.0105985726393162,-2.12776113594929,0.0333568931541985,0.0165744642861697,-0.0708284208781255,-0.101260633243333,-0.0516900709742524,5,889,"study_1_EOAD_vs_CN; study_11_EOAD_vs_CN; study_2_EOAD_vs_CN; study_4_EOAD_vs_CN; study_5_EOAD_vs_CN",3,"study_1; study_11; study_4",0.108220374949133
"CDH5",-0.0374743005793241,-0.0825194976688894,0.00757089651024132,-2.12653908132478,0.0334583987485766,0.464064734438562,-0.0342533856179017,-0.0504004726250873,-0.0149334395186466,8,1029,"study_1_EOAD_vs_CN; study_11_EOAD_vs_CN; study_2_EOAD_vs_CN; study_3_Olink_EOAD_vs_CN; study_3_Soma_EOAD_vs_CN; study_4_EOAD_vs_CN; study_5_EOAD_vs_CN; study_7_EOAD_vs_CN",4,"study_1; study_11; study_4; study_7",0.0968078640329077
"THBS1",0.0320509952124889,-0.0133648939288378,0.0774668843538156,2.12557377597349,0.0335387650773906,0.835873055266361,0.0257805008735978,-0.00957848335136701,0.0600665557500299,7,1006,"study_1_EOAD_vs_CN; study_11_EOAD_vs_CN; study_2_EOAD_vs_CN; study_3_Soma_EOAD_vs_CN; study_4_EOAD_vs_CN; study_5_EOAD_vs_CN; study_7_EOAD_vs_CN",4,"study_1; study_11; study_4; study_7",0.0968078640329077
"TPM4",0.0697818242090645,-0.0145580691241609,0.15412171754229,2.12422099132532,0.0336516687408343,0.504179281001586,0.0693233566242363,0.0270925600220316,0.101098990020076,6,851,"study_1_EOAD_vs_CN; study_11_EOAD_vs_CN; study_2_EOAD_vs_CN; study_3_Soma_EOAD_vs_CN; study_5_EOAD_vs_CN; study_7_EOAD_vs_CN",3,"study_1; study_11; study_7",0.108559903113087
"CDH4",-0.0592698490255346,-0.101501249312124,-0.0170384487389453,-2.1161999018886,0.0343278095689525,0.745979773695557,-0.0585232980612315,-0.100007467260117,-0.0198533216135192,7,1034,"study_1_EOAD_vs_CN; study_11_EOAD_vs_CN; study_2_EOAD_vs_CN; study_3_Soma_EOAD_vs_CN; study_4_EOAD_vs_CN; study_5_EOAD_vs_CN; study_7_EOAD_vs_CN",4,"study_1; study_11; study_4; study_7",0.0987237735048708
"PPY",-0.0912956554567439,-0.191814322849233,0.0092230119357453,-2.11608875732637,0.0343372594953583,0.535002478468388,NA,NA,NA,3,622,"study_3_Olink_EOAD_vs_CN; study_8_EOAD_vs_CN; study_9_EOAD_vs_CN",2,"study_3_Olink; study_8",0.191411957186891
"DIPK2B",-0.0443064969306784,-0.0885448275266953,-6.81663346615846e-05,-2.11297414287462,0.0346029810771822,0,-0.0446150024872748,-0.0516731623809512,-0.0385753135452176,6,948,"study_1_EOAD_vs_CN; study_11_EOAD_vs_CN; study_2_EOAD_vs_CN; study_4_EOAD_vs_CN; study_5_EOAD_vs_CN; study_7_EOAD_vs_CN",4,"study_1; study_11; study_4; study_7",0.0991532694138895
"KCNE5",0.178311311645967,0.0143825749326591,0.342240048359274,2.10428868355849,0.0353532725975651,0,NA,NA,NA,3,422,"study_11_EOAD_vs_CN; study_2_EOAD_vs_CN; study_3_Soma_EOAD_vs_CN",2,"study_11; study_2",0.196032961281737
"F2R",0.217533801935322,0.0320661841456501,0.403001419724993,2.10395815753725,0.0353820971162348,0.443741031678448,0.212808251907851,0.11529905383857,0.323003450590316,4,841,"study_11_EOAD_vs_CN; study_3_Olink_EOAD_vs_CN; study_8_EOAD_vs_CN; study_9_EOAD_vs_CN",3,"study_11; study_3_Olink; study_8",0.113045215562017
"KLK11",-0.0322033421075824,-0.0869613725451531,0.0225546883299882,-2.1034021894533,0.0354306272269565,0.414491266476367,-0.0327258945231135,-0.0595073685727774,-0.0151458584795164,10,1647,"study_1_EOAD_vs_CN; study_11_EOAD_vs_CN; study_2_EOAD_vs_CN; study_3_Olink_EOAD_vs_CN; study_3_Soma_EOAD_vs_CN; study_4_EOAD_vs_CN; study_5_EOAD_vs_CN; study_7_EOAD_vs_CN; study_8_EOAD_vs_CN; study_9_EOAD_vs_CN",5,"study_1; study_11; study_4; study_7; study_8",0.127910569480368
"C1GALT1",-0.0614740004483939,-0.108193591927894,-0.0147544089688939,-2.10331787124639,0.0354379922690037,0.744212884708003,-0.0572779825611147,-0.0905677237008477,-0.0128023467121209,6,885,"study_1_EOAD_vs_CN; study_11_EOAD_vs_CN; study_2_EOAD_vs_CN; study_3_Soma_EOAD_vs_CN; study_5_EOAD_vs_CN; study_7_EOAD_vs_CN",3,"study_1; study_11; study_7",0.113045215562017
"FGFR2",-0.0343492693620372,-0.0695565436757425,0.00085800495166817,-2.10293397545466,0.0354715413839759,0.258451261463535,-0.0325947914320463,-0.0485189087414157,-0.00746701296350973,8,1228,"study_1_EOAD_vs_CN; study_10_EOAD_vs_CN; study_11_EOAD_vs_CN; study_2_EOAD_vs_CN; study_3_Olink_EOAD_vs_CN; study_4_EOAD_vs_CN; study_5_EOAD_vs_CN; study_7_EOAD_vs_CN",4,"study_1; study_11; study_4; study_7",0.101273821052801
"NTNG2",-0.0581566883317257,-0.138760309577543,0.0224469329140916,-2.0996303755799,0.0357613685696607,0.603816596142363,NA,NA,NA,3,643,"study_1_EOAD_vs_CN; study_11_EOAD_vs_CN; study_2_EOAD_vs_CN",2,"study_1; study_11",0.196903079053407
"MIA3",-0.0303116177535489,-0.0669149546192092,0.00629171911211144,-2.09878085312392,0.0358362234282097,0,-0.0312568081667381,-0.0416591551609949,-0.026312908036382,6,951,"study_1_EOAD_vs_CN; study_11_EOAD_vs_CN; study_2_EOAD_vs_CN; study_4_EOAD_vs_CN; study_5_EOAD_vs_CN; study_7_EOAD_vs_CN",4,"study_1; study_11; study_4; study_7",0.101945646431153
"BSG",-0.0542294742240759,-0.0922970930899261,-0.0161618553582257,-2.09807904943777,0.0358981629406204,0.80666442358538,-0.0520165004940686,-0.0965481323569428,-0.00720055934808279,6,903,"study_1_EOAD_vs_CN; study_11_EOAD_vs_CN; study_2_EOAD_vs_CN; study_3_Soma_EOAD_vs_CN; study_4_EOAD_vs_CN; study_5_EOAD_vs_CN",3,"study_1; study_11; study_4",0.11387695021719
"BPNT1",0.0882271453453454,-0.020917928844974,0.197372219535665,2.09795967084323,0.0359087080895939,0,NA,NA,NA,4,682,"study_1_EOAD_vs_CN; study_11_EOAD_vs_CN; study_2_EOAD_vs_CN; study_3_Soma_EOAD_vs_CN",2,"study_1; study_11",0.196903079053407
"PLEC",0.0407021782570266,-0.0809380523634114,0.162342408877465,2.09609407465507,0.0360738465441356,0.919264077863338,NA,NA,NA,3,690,"study_1_EOAD_vs_CN; study_11_EOAD_vs_CN; study_2_EOAD_vs_CN",2,"study_1; study_11",0.196903079053407
"MESD",0.0315087250715415,-0.00715878796961936,0.0701762381127023,2.09438356558815,0.0362258255677988,0,0.0319158216703265,0.025745201145863,0.0374222458402095,9,1554,"study_1_EOAD_vs_CN; study_11_EOAD_vs_CN; study_2_EOAD_vs_CN; study_3_Olink_EOAD_vs_CN; study_3_Soma_EOAD_vs_CN; study_5_EOAD_vs_CN; study_7_EOAD_vs_CN; study_8_EOAD_vs_CN; study_9_EOAD_vs_CN",4,"study_1; study_11; study_7; study_8",0.102478338414172
"CBLN3",-0.0643248659738905,-0.128569488998711,-8.02429490699974e-05,-2.09373521461267,0.0362835741339516,0,-0.0665083366640499,-0.0928020399464897,-0.0474848279223705,7,1203,"study_1_EOAD_vs_CN; study_10_EOAD_vs_CN; study_11_EOAD_vs_CN; study_2_EOAD_vs_CN; study_4_EOAD_vs_CN; study_5_EOAD_vs_CN; study_7_EOAD_vs_CN",4,"study_1; study_11; study_4; study_7",0.102478338414172
"DPYSL3",0.287485402748451,0.0209576885343198,0.554013116962582,2.09175714152971,0.0364602460400906,0,NA,NA,NA,3,335,"study_11_EOAD_vs_CN; study_2_EOAD_vs_CN; study_3_Soma_EOAD_vs_CN",2,"study_11; study_2",0.197981025129611
"GRP",-0.103065138847106,-0.185250792580613,-0.0208794851135979,-2.09160457648549,0.0364739028086957,0.839335511348216,-0.112088604190576,-0.172795472463546,-0.0497142230824543,6,861,"study_1_EOAD_vs_CN; study_11_EOAD_vs_CN; study_2_EOAD_vs_CN; study_4_EOAD_vs_CN; study_5_EOAD_vs_CN; study_7_EOAD_vs_CN",4,"study_1; study_11; study_4; study_7",0.102647983618758
"COL5A2",-0.0601565050344528,-0.110263626857661,-0.0100493832112446,-2.08931673266572,0.0366792211374091,0.284631461015635,-0.0570986691795287,-0.0788030713604936,-0.0259776440800977,5,858,"study_1_EOAD_vs_CN; study_11_EOAD_vs_CN; study_2_EOAD_vs_CN; study_5_EOAD_vs_CN; study_7_EOAD_vs_CN",3,"study_1; study_11; study_7",0.115711797068843
"PDPN",-0.199829198388006,-0.362906928519006,-0.0367514682570066,-2.0881954604226,0.036780206649213,0.878821233938904,NA,NA,NA,2,399,"study_11_EOAD_vs_CN; study_2_EOAD_vs_CN",2,"study_11; study_2",0.198688951383377
"SLIT1",-0.0980385744153089,-0.189808883694695,-0.00626826513592248,-2.08597215759561,0.0369811451821047,0.606269343360534,NA,NA,NA,5,771,"study_1_EOAD_vs_CN; study_11_EOAD_vs_CN; study_2_EOAD_vs_CN; study_3_Soma_EOAD_vs_CN; study_5_EOAD_vs_CN",2,"study_1; study_11",0.198749949491516
"PROCR",-0.0461448399820741,-0.104489015112936,0.0121993351487883,-2.08355371763182,0.0372007806434279,0.388655864240341,-0.043119031491922,-0.0632921639370915,-0.0269140844463083,8,1176,"study_1_EOAD_vs_CN; study_10_EOAD_vs_CN; study_11_EOAD_vs_CN; study_2_EOAD_vs_CN; study_3_Soma_EOAD_vs_CN; study_4_EOAD_vs_CN; study_5_EOAD_vs_CN; study_7_EOAD_vs_CN",4,"study_1; study_11; study_4; study_7",0.104321050345271
"CHL1",-0.0482361345698121,-0.0999210948701956,0.00344882573057141,-2.08166906803969,0.0373727078594009,0.6462176583233,-0.0475863475202901,-0.0882644194224668,-0.0141836307955534,11,1847,"study_1_EOAD_vs_CN; study_10_EOAD_vs_CN; study_11_EOAD_vs_CN; study_2_EOAD_vs_CN; study_3_Olink_EOAD_vs_CN; study_3_Soma_EOAD_vs_CN; study_4_EOAD_vs_CN; study_5_EOAD_vs_CN; study_7_EOAD_vs_CN; study_8_EOAD_vs_CN; study_9_EOAD_vs_CN",5,"study_1; study_11; study_4; study_7; study_8",0.132673112900873
"GDF10",0.0879338100984084,0.00728618226182881,0.168581437934988,2.07954216711724,0.0375675462872732,0,NA,NA,NA,2,410,"study_11_EOAD_vs_CN; study_2_EOAD_vs_CN",2,"study_11; study_2",0.199360366119057
"AOC3",-0.0490014771974588,-0.0976432823441767,-0.000359672050740813,-2.07883077007697,0.0376329076454915,0,-0.0484260832510685,-0.0704769264594627,-0.0280349401162917,9,1543,"study_1_EOAD_vs_CN; study_11_EOAD_vs_CN; study_2_EOAD_vs_CN; study_3_Olink_EOAD_vs_CN; study_3_Soma_EOAD_vs_CN; study_5_EOAD_vs_CN; study_7_EOAD_vs_CN; study_8_EOAD_vs_CN; study_9_EOAD_vs_CN",4,"study_1; study_11; study_7; study_8",0.105158621363998
"B4GALT6",-0.270631089226039,-0.489091523124867,-0.052170655327211,-2.0781873070998,0.037692110708747,0.863985304833906,NA,NA,NA,3,392,"study_11_EOAD_vs_CN; study_2_EOAD_vs_CN; study_3_Soma_EOAD_vs_CN",2,"study_11; study_2",0.199360366119057
"IGHV3-64",-0.0839769864950996,-0.162241337950867,-0.00571263503933189,-2.07726869189834,0.037776766986261,0,-0.0811724058480667,-0.109711975519231,-0.0459235739521781,4,847,"study_1_EOAD_vs_CN; study_11_EOAD_vs_CN; study_5_EOAD_vs_CN; study_7_EOAD_vs_CN",3,"study_1; study_11; study_7",0.11851941730305
"NAGPA",-0.0896912380406769,-0.202616479831356,0.0232340037500021,-2.07654845590936,0.0378432544242622,0,NA,NA,NA,5,718,"study_1_EOAD_vs_CN; study_11_EOAD_vs_CN; study_2_EOAD_vs_CN; study_3_Soma_EOAD_vs_CN; study_5_EOAD_vs_CN",2,"study_1; study_11",0.199360366119057
"GPRC5B",0.0525126602882652,-0.0462080756495996,0.15123339622613,2.07641438402332,0.0378556420397827,0.456627099499565,NA,NA,NA,4,761,"study_1_EOAD_vs_CN; study_11_EOAD_vs_CN; study_2_EOAD_vs_CN; study_5_EOAD_vs_CN",2,"study_1; study_11",0.199360366119057
"FAM234B",-0.0575237934294984,-0.115764859948482,0.000717273089484889,-2.071511638603,0.0383110079457291,0,-0.0559534596312604,-0.061570596986316,-0.0497746535649858,6,797,"study_1_EOAD_vs_CN; study_11_EOAD_vs_CN; study_2_EOAD_vs_CN; study_3_Soma_EOAD_vs_CN; study_5_EOAD_vs_CN; study_7_EOAD_vs_CN",3,"study_1; study_11; study_7",0.119538718781483
"ANGPT2",0.100217494221634,-0.0148970765226224,0.215332064965891,2.0673400871761,0.0387021194188527,0,0.0968422639471748,0.0655830293848975,0.122446510871506,6,892,"study_11_EOAD_vs_CN; study_2_EOAD_vs_CN; study_3_Olink_EOAD_vs_CN; study_3_Soma_EOAD_vs_CN; study_8_EOAD_vs_CN; study_9_EOAD_vs_CN",3,"study_11; study_2; study_8",0.120102772761766
"TPM3",0.0855360952242503,-0.00501844081162235,0.176090631260123,2.06588038992241,0.0388397749387054,0,NA,NA,NA,5,758,"study_1_EOAD_vs_CN; study_11_EOAD_vs_CN; study_2_EOAD_vs_CN; study_3_Soma_EOAD_vs_CN; study_5_EOAD_vs_CN",2,"study_1; study_11",0.203520420678816
"FLT4",-0.154250810571411,-0.276637245364553,-0.0318643757782704,-2.06442062418196,0.0389778526813351,0.898325321871136,-0.153229978670446,-0.252665998808586,-0.0429167431206266,7,1188,"study_1_EOAD_vs_CN; study_11_EOAD_vs_CN; study_2_EOAD_vs_CN; study_3_Olink_EOAD_vs_CN; study_3_Soma_EOAD_vs_CN; study_8_EOAD_vs_CN; study_9_EOAD_vs_CN",3,"study_1; study_11; study_8",0.120304615573202
"LDLRAD3",-0.192480955190695,-0.375497533237135,-0.00946437714425447,-2.06335905757707,0.0390785268438459,0.905818369740026,NA,NA,NA,3,437,"study_11_EOAD_vs_CN; study_2_EOAD_vs_CN; study_3_Soma_EOAD_vs_CN",2,"study_11; study_2",0.203752717076371
"DLST",0.0267894605648695,-0.0268821723775594,0.0804610935072985,2.05912789095777,0.0394819886275307,0.797620387068884,NA,NA,NA,5,818,"study_1_EOAD_vs_CN; study_11_EOAD_vs_CN; study_2_EOAD_vs_CN; study_3_Soma_EOAD_vs_CN; study_5_EOAD_vs_CN",2,"study_1; study_11",0.204535778409747
"RNASE4",0.0408223576588027,-0.00109357642870025,0.0827382917463057,2.05805475282397,0.0395848777736979,0,0.0401300463908782,0.030809955790622,0.0500953208877033,8,1221,"study_1_EOAD_vs_CN; study_10_EOAD_vs_CN; study_11_EOAD_vs_CN; study_2_EOAD_vs_CN; study_3_Soma_EOAD_vs_CN; study_4_EOAD_vs_CN; study_5_EOAD_vs_CN; study_7_EOAD_vs_CN",4,"study_1; study_11; study_4; study_7",0.110222203836304
"S1PR1",-0.0628310189470866,-0.144809588032234,0.0191475501380607,-2.0565429578391,0.039730210041155,0,NA,NA,NA,4,804,"study_1_EOAD_vs_CN; study_11_EOAD_vs_CN; study_2_EOAD_vs_CN; study_5_EOAD_vs_CN",2,"study_1; study_11",0.204535778409747
"EGFR",-0.0215798331597986,-0.0590715031482781,0.0159118368286808,-2.05575204991074,0.0398064220475545,0.675644423358567,-0.0209950166699808,-0.0530875508751882,0.00364790349429594,10,1655,"study_1_EOAD_vs_CN; study_11_EOAD_vs_CN; study_2_EOAD_vs_CN; study_3_Olink_EOAD_vs_CN; study_3_Soma_EOAD_vs_CN; study_4_EOAD_vs_CN; study_5_EOAD_vs_CN; study_7_EOAD_vs_CN; study_8_EOAD_vs_CN; study_9_EOAD_vs_CN",5,"study_1; study_11; study_4; study_7; study_8",0.13899619501851
"METTL24",-0.243574657579128,-0.466074862649404,-0.0210744525088522,-2.0556712345559,0.0398142164080042,0.589952012023622,NA,NA,NA,2,247,"study_11_EOAD_vs_CN; study_3_Soma_EOAD_vs_CN",2,"study_11; study_3_Soma",0.204535778409747
"APOF",-0.0508077584923697,-0.141303995232507,0.0396884782477678,-2.05263774261357,0.0401077242158508,0.766364374224021,-0.0444079726862496,-0.120059918001203,-0.00581580301329,7,995,"study_1_EOAD_vs_CN; study_11_EOAD_vs_CN; study_2_EOAD_vs_CN; study_3_Soma_EOAD_vs_CN; study_4_EOAD_vs_CN; study_5_EOAD_vs_CN; study_7_EOAD_vs_CN",4,"study_1; study_11; study_4; study_7",0.110962493424131
"COL8A1",0.0777323451495328,-0.0371174581306836,0.192582148429749,2.05117909713693,0.0402495087270919,0.418350246434685,NA,NA,NA,2,649,"study_1_EOAD_vs_CN; study_11_EOAD_vs_CN",2,"study_1; study_11",0.204726845245752
"AFM",-0.0913222696503361,-0.186304992549079,0.00366045324840683,-2.0509804998478,0.0402688457894593,0.691740857794975,-0.084887091597168,-0.130185567724949,-0.0443037174835985,8,1230,"study_1_EOAD_vs_CN; study_10_EOAD_vs_CN; study_11_EOAD_vs_CN; study_2_EOAD_vs_CN; study_3_Soma_EOAD_vs_CN; study_4_EOAD_vs_CN; study_5_EOAD_vs_CN; study_7_EOAD_vs_CN",4,"study_1; study_11; study_4; study_7",0.110962493424131
"NEO1",-0.0361900535405875,-0.0669950613192042,-0.00538504576197087,-2.0509359024871,0.0402731892376922,0.720976242388465,-0.0350187759887286,-0.0507502837079292,-0.0175202614539361,8,1231,"study_1_EOAD_vs_CN; study_10_EOAD_vs_CN; study_11_EOAD_vs_CN; study_2_EOAD_vs_CN; study_3_Soma_EOAD_vs_CN; study_4_EOAD_vs_CN; study_5_EOAD_vs_CN; study_7_EOAD_vs_CN",4,"study_1; study_11; study_4; study_7",0.110962493424131
"KHSRP",-0.0790279262734114,-0.151723786851154,-0.00633206569566938,-2.05050762838792,0.0403149201518763,0,NA,NA,NA,2,148,"study_3_Soma_EOAD_vs_CN; study_7_EOAD_vs_CN",2,"study_3_Soma; study_7",0.204726845245752
"CALM2",0.158600590215135,-0.0277678892391384,0.344969069669409,2.04925221200182,0.0404374589368994,0.621862678612564,NA,NA,NA,2,104,"study_2_EOAD_vs_CN; study_7_EOAD_vs_CN",2,"study_2; study_7",0.204726845245752
"FLNB",-0.121129537487672,-0.252261449686206,0.0100023747108619,-2.04686637218513,0.0406712066626709,0.0918391902413084,NA,NA,NA,3,651,"study_1_EOAD_vs_CN; study_11_EOAD_vs_CN; study_2_EOAD_vs_CN",2,"study_1; study_11",0.204811819324811
"UGGT1",-0.0868502274751031,-0.198765385412756,0.0250649304625497,-2.04357185653126,0.0409958619340051,0,NA,NA,NA,4,673,"study_1_EOAD_vs_CN; study_11_EOAD_vs_CN; study_2_EOAD_vs_CN; study_5_EOAD_vs_CN",2,"study_1; study_11",0.204811819324811
"ADGRF5",-0.156589410503799,-0.319581616133698,0.00640279512610048,-2.04312024468031,0.0410405363150862,0,NA,NA,NA,3,427,"study_11_EOAD_vs_CN; study_2_EOAD_vs_CN; study_3_Soma_EOAD_vs_CN",2,"study_11; study_2",0.204811819324811
"MOG",-0.0464192201224036,-0.0965350027276002,0.00369656248279305,-2.0403424526391,0.0413162293011899,0,-0.0458187060625962,-0.0530831990577978,-0.026923196322727,10,1820,"study_1_EOAD_vs_CN; study_10_EOAD_vs_CN; study_11_EOAD_vs_CN; study_2_EOAD_vs_CN; study_3_Olink_EOAD_vs_CN; study_4_EOAD_vs_CN; study_5_EOAD_vs_CN; study_7_EOAD_vs_CN; study_8_EOAD_vs_CN; study_9_EOAD_vs_CN",5,"study_1; study_11; study_4; study_7; study_8",0.141941239373443
"GGT7",-0.0663999174163022,-0.111478409038467,-0.0213214257941374,-2.03777078635301,0.0415728612356903,0.797075875356775,-0.0635572326760737,-0.106104794017884,-0.00637580718236452,6,982,"study_1_EOAD_vs_CN; study_11_EOAD_vs_CN; study_2_EOAD_vs_CN; study_4_EOAD_vs_CN; study_5_EOAD_vs_CN; study_7_EOAD_vs_CN",4,"study_1; study_11; study_4; study_7",0.114144301929352
"AHCY",0.106343926669979,-0.00237940437373808,0.215067257713695,2.03523380732043,0.041827352874946,0,NA,NA,NA,6,766,"study_1_EOAD_vs_CN; study_11_EOAD_vs_CN; study_2_EOAD_vs_CN; study_3_Olink_EOAD_vs_CN; study_3_Soma_EOAD_vs_CN; study_5_EOAD_vs_CN",2,"study_1; study_11",0.207749127075561
"FAT1",-0.0413163198933184,-0.0903836284816449,0.00775098869500802,-2.03445373115756,0.041905869132348,0,-0.0415673066169624,-0.0494948346645048,-0.032863888571997,5,842,"study_1_EOAD_vs_CN; study_11_EOAD_vs_CN; study_2_EOAD_vs_CN; study_5_EOAD_vs_CN; study_7_EOAD_vs_CN",3,"study_1; study_11; study_7",0.128646512228875
"ULBP2",-0.0742961444941692,-0.146765095898875,-0.00182719308946365,-2.0294819903558,0.0424092215196479,0,-0.0741041303654745,-0.0802611864366519,-0.0687170292481679,8,1459,"study_1_EOAD_vs_CN; study_11_EOAD_vs_CN; study_2_EOAD_vs_CN; study_3_Olink_EOAD_vs_CN; study_3_Soma_EOAD_vs_CN; study_5_EOAD_vs_CN; study_8_EOAD_vs_CN; study_9_EOAD_vs_CN",3,"study_1; study_11; study_8",0.129495537367481
"XPNPEP1",0.143925451855994,0.00930370702179115,0.278547196690196,2.02684983091421,0.0426777725449683,0.736402905209739,NA,NA,NA,3,362,"study_11_EOAD_vs_CN; study_2_EOAD_vs_CN; study_3_Soma_EOAD_vs_CN",2,"study_11; study_2",0.21016613894671
"UBL3",-0.0739511122139216,-0.156739818529279,0.00883759410143559,-2.02648542813675,0.0427150644996654,0,NA,NA,NA,5,744,"study_1_EOAD_vs_CN; study_11_EOAD_vs_CN; study_2_EOAD_vs_CN; study_3_Soma_EOAD_vs_CN; study_5_EOAD_vs_CN",2,"study_1; study_11",0.21016613894671
"IGKV2D-29",-0.165332537621735,-0.301957412354084,-0.028707662889386,-2.02626252226416,0.0427378896382131,0.775100189332432,-0.148961658766637,-0.217558901164321,-0.0331273033023495,3,749,"study_1_EOAD_vs_CN; study_11_EOAD_vs_CN; study_7_EOAD_vs_CN",3,"study_1; study_11; study_7",0.129804973316062
"TNFRSF10A",0.0707706051103478,0.00316792211977406,0.138373288100922,2.02333344055473,0.0430387813883144,0,NA,NA,NA,3,621,"study_3_Olink_EOAD_vs_CN; study_8_EOAD_vs_CN; study_9_EOAD_vs_CN",2,"study_3_Olink; study_8",0.210769359322213
"RMDN3",-0.0284823117711099,-0.0585923846713176,0.00162776112909782,-2.01743195262499,0.0436504555890012,0.834114666098266,-0.0232999037719179,-0.0475436674878537,0.00363983579541845,5,871,"study_1_EOAD_vs_CN; study_11_EOAD_vs_CN; study_2_EOAD_vs_CN; study_5_EOAD_vs_CN; study_7_EOAD_vs_CN",3,"study_1; study_11; study_7",0.131875185932908
"CADPS",0.0922250511754661,0.00982325681257838,0.174626845538354,2.01495651026758,0.0439092060767972,0.459583992706321,NA,NA,NA,4,569,"study_1_EOAD_vs_CN; study_11_EOAD_vs_CN; study_2_EOAD_vs_CN; study_5_EOAD_vs_CN",2,"study_1; study_11",0.214031851016202
"FST",-0.140231503308935,-0.316500806913558,0.0360378002956878,-2.00452982785888,0.0450133350313107,0.418735800944104,-0.145831346560298,-0.21566149051004,-0.0916597468762507,4,878,"study_11_EOAD_vs_CN; study_3_Olink_EOAD_vs_CN; study_8_EOAD_vs_CN; study_9_EOAD_vs_CN",3,"study_11; study_3_Olink; study_8",0.135276917383571
"IL34",-0.249684962114586,-0.492265370425739,-0.00710455380343253,-2.00423025529936,0.045045401010833,0,NA,NA,NA,2,312,"study_11_EOAD_vs_CN; study_3_Soma_EOAD_vs_CN",2,"study_11; study_3_Soma",0.218553612311819
"SCGB3A2",0.0967421642913372,-0.00112745974727804,0.194611788329952,1.99572240617323,0.0459641468081659,0,NA,NA,NA,3,622,"study_3_Olink_EOAD_vs_CN; study_8_EOAD_vs_CN; study_9_EOAD_vs_CN",2,"study_3_Olink; study_8",0.221347791595363
"NECAB2",0.291716964188848,0.0134897603177047,0.569944168059992,1.99499229697455,0.0460437200074324,0,NA,NA,NA,2,282,"study_11_EOAD_vs_CN; study_2_EOAD_vs_CN",2,"study_11; study_2",0.221347791595363
"IGHV4-39",-0.154783255332423,-0.297002671173343,-0.0125638394915039,-1.99027846138252,0.046560269303655,0,NA,NA,NA,3,488,"study_11_EOAD_vs_CN; study_2_EOAD_vs_CN; study_5_EOAD_vs_CN",2,"study_11; study_2",0.22280895995539
"FURIN",-0.0376841395351363,-0.0736244468006809,-0.00174383226959177,-1.98900898771861,0.0467002109363547,0,-0.037251073863301,-0.0493326863642098,-0.0280716361444621,8,1403,"study_1_EOAD_vs_CN; study_11_EOAD_vs_CN; study_2_EOAD_vs_CN; study_3_Olink_EOAD_vs_CN; study_3_Soma_EOAD_vs_CN; study_5_EOAD_vs_CN; study_8_EOAD_vs_CN; study_9_EOAD_vs_CN",3,"study_1; study_11; study_8",0.139611625364704
"TGFB2",-0.0689970265260521,-0.166157939588972,0.0281638865368674,-1.97740830590154,0.0479954958732493,0,NA,NA,NA,4,751,"study_1_EOAD_vs_CN; study_11_EOAD_vs_CN; study_2_EOAD_vs_CN; study_5_EOAD_vs_CN",2,"study_1; study_11",0.226087472139387
"FABP2",-0.117361445737263,-0.251162103101314,0.016439211626788,-1.97608165497941,0.0481455297994996,0.923204243136202,NA,NA,NA,3,621,"study_3_Olink_EOAD_vs_CN; study_8_EOAD_vs_CN; study_9_EOAD_vs_CN",2,"study_3_Olink; study_8",0.226087472139387
"PCDH8",-0.062641169985079,-0.110067121996334,-0.0152152179738236,-1.97476639405541,0.0482946643861642,0.866002495401832,-0.0600230314379982,-0.0921525044933303,-0.023385594830667,7,1143,"study_1_EOAD_vs_CN; study_10_EOAD_vs_CN; study_11_EOAD_vs_CN; study_2_EOAD_vs_CN; study_4_EOAD_vs_CN; study_5_EOAD_vs_CN; study_7_EOAD_vs_CN",4,"study_1; study_11; study_4; study_7",0.132139567834366
"IGLV2-14",-0.130620002746963,-0.255268576298008,-0.0059714291959186,-1.97285326996713,0.0485122819647496,0,NA,NA,NA,3,432,"study_1_EOAD_vs_CN; study_5_EOAD_vs_CN; study_7_EOAD_vs_CN",2,"study_1; study_7",0.226087472139387
"CPAMD8",0.0564925787962968,0.000322528609632639,0.112662628982961,1.97282177820518,0.0485158710260257,0,NA,NA,NA,4,806,"study_1_EOAD_vs_CN; study_11_EOAD_vs_CN; study_2_EOAD_vs_CN; study_5_EOAD_vs_CN",2,"study_1; study_11",0.226087472139387
"DMKN",0.0748519666498588,-0.0266778980067616,0.176381831306479,1.97272215082835,0.0485272268533313,0,0.0778954661520673,0.0395237870178724,0.132739075991669,7,1010,"study_1_EOAD_vs_CN; study_11_EOAD_vs_CN; study_2_EOAD_vs_CN; study_3_Soma_EOAD_vs_CN; study_4_EOAD_vs_CN; study_5_EOAD_vs_CN; study_7_EOAD_vs_CN",4,"study_1; study_11; study_4; study_7",0.132316452458218
"A8MTW9",0.0915890073002578,-0.0157724998765229,0.198950514477038,1.97098865144537,0.0487251739005575,0.136073720765606,NA,NA,NA,3,732,"study_1_EOAD_vs_CN; study_11_EOAD_vs_CN; study_5_EOAD_vs_CN",2,"study_1; study_11",0.226087472139387
"QPCTL",-0.189777131209733,-0.390182195671933,0.0106279332524667,-1.9695660688972,0.0488881236140514,0.652723897419569,-0.152472825924715,-0.203058067686405,-0.0596764820714157,4,405,"study_11_EOAD_vs_CN; study_2_EOAD_vs_CN; study_3_Soma_EOAD_vs_CN; study_7_EOAD_vs_CN",3,"study_11; study_2; study_7",0.145391242623038
"ADGRL2",-0.0289465031298878,-0.0945309972777912,0.0366379910180156,-1.9688077747165,0.0489751691654848,0.793308371820542,NA,NA,NA,4,768,"study_1_EOAD_vs_CN; study_11_EOAD_vs_CN; study_2_EOAD_vs_CN; study_5_EOAD_vs_CN",2,"study_1; study_11",0.226087472139387
"AHSP",-0.389186780542976,-0.730402101486059,-0.0479714595998931,-1.9687581560324,0.0489808694889621,0.345393550534254,NA,NA,NA,3,352,"study_11_EOAD_vs_CN; study_2_EOAD_vs_CN; study_3_Soma_EOAD_vs_CN",2,"study_11; study_2",0.226087472139387
"GDI2",0.0239290745926622,-0.021465637742322,0.0693237869276465,1.96852846168685,0.049007264629103,0.535982659669481,0.0229016894296244,-0.00660346781446187,0.0357359499149649,7,1007,"study_1_EOAD_vs_CN; study_11_EOAD_vs_CN; study_2_EOAD_vs_CN; study_3_Soma_EOAD_vs_CN; study_4_EOAD_vs_CN; study_5_EOAD_vs_CN; study_7_EOAD_vs_CN",4,"study_1; study_11; study_4; study_7",0.133164567337011
"ITLN1",-0.231874507237351,-0.428806362892922,-0.0349426515817795,-1.96796661434096,0.0490718791835324,0.819584495367875,NA,NA,NA,3,397,"study_11_EOAD_vs_CN; study_2_EOAD_vs_CN; study_5_EOAD_vs_CN",2,"study_11; study_2",0.226087472139387
"EPB41L3",0.150818768439307,-0.0182526538868664,0.31989019076548,1.96696740090216,0.0491869691295612,0,NA,NA,NA,2,356,"study_11_EOAD_vs_CN; study_2_EOAD_vs_CN",2,"study_11; study_2",0.226087472139387
"TINAGL1",-0.0729958495546969,-0.135866638943758,-0.0101250601656356,-1.96224006733673,0.0497345411451566,0.765840096797989,NA,NA,NA,6,833,"study_1_EOAD_vs_CN; study_11_EOAD_vs_CN; study_2_EOAD_vs_CN; study_3_Olink_EOAD_vs_CN; study_3_Soma_EOAD_vs_CN; study_5_EOAD_vs_CN",2,"study_1; study_11",0.227606109694865
"EDA2R",0.0779361655201643,-0.0403330297763111,0.19620536081664,1.96212273810079,0.0497481962671068,0.058253542491486,0.0817188121661571,0.0250256274405285,0.140670601747521,6,1055,"study_11_EOAD_vs_CN; study_2_EOAD_vs_CN; study_3_Olink_EOAD_vs_CN; study_3_Soma_EOAD_vs_CN; study_8_EOAD_vs_CN; study_9_EOAD_vs_CN",3,"study_11; study_2; study_8",0.146584997025329
"PXDN",0.0488991929145641,-0.00892294746687767,0.106721333296006,1.96165247261018,0.0498029587091309,0,0.0502409486169552,0.0449091699459228,0.0574597370163584,4,812,"study_1_EOAD_vs_CN; study_11_EOAD_vs_CN; study_4_EOAD_vs_CN; study_5_EOAD_vs_CN",3,"study_1; study_11; study_4",0.146584997025329
"CNTN3",-0.0334166037857078,-0.060153491704643,-0.00667971586677271,-1.95825735906178,0.0501998216012726,0.814252048742478,-0.0326126598904339,-0.0496772059017262,-0.0190793691899495,7,1034,"study_1_EOAD_vs_CN; study_11_EOAD_vs_CN; study_2_EOAD_vs_CN; study_3_Soma_EOAD_vs_CN; study_4_EOAD_vs_CN; study_5_EOAD_vs_CN; study_7_EOAD_vs_CN",4,"study_1; study_11; study_4; study_7",0.135539817977852
"LTA4H",0.0461750298993379,-0.0016083556978178,0.0939584154964936,1.95824885288023,0.050200819228267,0.202809191887409,0.0491512285360417,0.0332479867703596,0.0646196624820945,5,902,"study_1_EOAD_vs_CN; study_11_EOAD_vs_CN; study_2_EOAD_vs_CN; study_5_EOAD_vs_CN; study_7_EOAD_vs_CN",3,"study_1; study_11; study_7",0.146774341440491
"SH3GLB2",-0.147368649573056,-0.28149890529803,-0.0132383938480813,-1.95805964406081,0.0502230144247536,0,NA,NA,NA,2,246,"study_11_EOAD_vs_CN; study_3_Soma_EOAD_vs_CN",2,"study_11; study_3_Soma",0.228644548092032
"LUM",-0.0411788108703441,-0.0922405133794704,0.00988289163878221,-1.95803918576664,0.0502254147836711,0.697698044017036,-0.0378426423848817,-0.0662177138057094,-0.0198769162979762,8,1231,"study_1_EOAD_vs_CN; study_10_EOAD_vs_CN; study_11_EOAD_vs_CN; study_2_EOAD_vs_CN; study_3_Soma_EOAD_vs_CN; study_4_EOAD_vs_CN; study_5_EOAD_vs_CN; study_7_EOAD_vs_CN",4,"study_1; study_11; study_4; study_7",0.135539817977852
"NELL1",-0.053025260468181,-0.0986748801200925,-0.00737564081626962,-1.95671160126076,0.0503813851529531,0.798327818025176,-0.0494234474271286,-0.0744359585271355,-0.0345925729192489,7,955,"study_1_EOAD_vs_CN; study_11_EOAD_vs_CN; study_2_EOAD_vs_CN; study_3_Olink_EOAD_vs_CN; study_3_Soma_EOAD_vs_CN; study_5_EOAD_vs_CN; study_7_EOAD_vs_CN",3,"study_1; study_11; study_7",0.146774341440491
"FNDC1",-0.166587887228101,-0.337962363862976,0.00478658940677446,-1.95657211293925,0.0503977963828811,0.433128996194811,NA,NA,NA,2,545,"study_1_EOAD_vs_CN; study_11_EOAD_vs_CN",2,"study_1; study_11",0.228644548092032
"CACYBP",0.0356875088940272,-0.0536820839482769,0.125057101736331,1.95027251213372,0.0511436471111957,0.872824080310253,NA,NA,NA,5,672,"study_1_EOAD_vs_CN; study_11_EOAD_vs_CN; study_2_EOAD_vs_CN; study_3_Soma_EOAD_vs_CN; study_5_EOAD_vs_CN",2,"study_1; study_11",0.231028199019539
"ADAMTSL3",0.0658547109919025,0.00967936847345623,0.122030053510349,1.94735092329724,0.0514926774873956,0.8069818086006,NA,NA,NA,4,810,"study_1_EOAD_vs_CN; study_11_EOAD_vs_CN; study_2_EOAD_vs_CN; study_5_EOAD_vs_CN",2,"study_1; study_11",0.231606549385367
"FGFR1",-0.0351962239272472,-0.0762011996083849,0.00580875175389049,-1.94587798589823,0.0516693979008414,0.486405364504088,-0.0358807803269385,-0.0454172758322562,-0.0249879113873318,8,1228,"study_1_EOAD_vs_CN; study_10_EOAD_vs_CN; study_11_EOAD_vs_CN; study_2_EOAD_vs_CN; study_3_Soma_EOAD_vs_CN; study_4_EOAD_vs_CN; study_5_EOAD_vs_CN; study_7_EOAD_vs_CN",4,"study_1; study_11; study_4; study_7",0.138960701521717
"BPNT2",-0.0480123481254871,-0.0918428410688029,-0.00418185518217124,-1.9431674014733,0.0519959353990725,0.909975835659964,-0.0480875507390908,-0.0686065005937452,-0.0312531324988309,8,1167,"study_1_EOAD_vs_CN; study_10_EOAD_vs_CN; study_11_EOAD_vs_CN; study_2_EOAD_vs_CN; study_3_Soma_EOAD_vs_CN; study_4_EOAD_vs_CN; study_5_EOAD_vs_CN; study_7_EOAD_vs_CN",4,"study_1; study_11; study_4; study_7",0.139363255423364
"AAMDC",0.108961335752887,-0.0295916609965928,0.247514332502367,1.94201180092113,0.0521356716981963,0.0616383056836341,NA,NA,NA,4,571,"study_1_EOAD_vs_CN; study_11_EOAD_vs_CN; study_2_EOAD_vs_CN; study_3_Soma_EOAD_vs_CN",2,"study_1; study_11",0.23307976666759
"CLIC6",-0.119727169078681,-0.307301388578471,0.0678470504211095,-1.94094438111038,0.0522650240142019,0,NA,NA,NA,4,614,"study_1_EOAD_vs_CN; study_11_EOAD_vs_CN; study_2_EOAD_vs_CN; study_5_EOAD_vs_CN",2,"study_1; study_11",0.23307976666759
"GASK1B",-0.0502494623515282,-0.093682803879764,-0.00681612082329244,-1.93680714096793,0.0527689226957192,0.861072444850634,-0.048221633632866,-0.0744525753957064,-0.0200876223666822,7,1187,"study_1_EOAD_vs_CN; study_10_EOAD_vs_CN; study_11_EOAD_vs_CN; study_2_EOAD_vs_CN; study_4_EOAD_vs_CN; study_5_EOAD_vs_CN; study_7_EOAD_vs_CN",4,"study_1; study_11; study_4; study_7",0.140955630793989
"SECTM1",-0.0519918664085125,-0.104328440258668,0.000344707441642944,-1.93425793584632,0.0530814222865675,0,-0.0505731933003858,-0.0598249966513271,-0.0441258349634648,5,883,"study_1_EOAD_vs_CN; study_11_EOAD_vs_CN; study_2_EOAD_vs_CN; study_3_Soma_EOAD_vs_CN; study_7_EOAD_vs_CN",3,"study_1; study_11; study_7",0.153855289977818
"SOST",0.211556467419116,0.00345203691291973,0.419660897925312,1.93369640088758,0.0531504666241069,0,NA,NA,NA,3,622,"study_3_Olink_EOAD_vs_CN; study_8_EOAD_vs_CN; study_9_EOAD_vs_CN",2,"study_3_Olink; study_8",0.236024106025695
"APOL1",-0.0706129309942056,-0.187010784669688,0.0457849226812766,-1.93230446238343,0.0533219379738537,0.392635258314011,-0.0652025049583542,-0.115334998412327,-0.0143007631925713,7,1036,"study_1_EOAD_vs_CN; study_11_EOAD_vs_CN; study_2_EOAD_vs_CN; study_3_Soma_EOAD_vs_CN; study_4_EOAD_vs_CN; study_5_EOAD_vs_CN; study_7_EOAD_vs_CN",4,"study_1; study_11; study_4; study_7",0.141645809918616
"NLGN1",-0.0308000928443972,-0.0652355480677964,0.00363536237900192,-1.93177883848798,0.0533868090683107,0.685850830306204,-0.0312763297205608,-0.0486704548186084,-0.0146249043508914,7,1032,"study_1_EOAD_vs_CN; study_11_EOAD_vs_CN; study_2_EOAD_vs_CN; study_3_Soma_EOAD_vs_CN; study_4_EOAD_vs_CN; study_5_EOAD_vs_CN; study_7_EOAD_vs_CN",4,"study_1; study_11; study_4; study_7",0.141645809918616
"EFHD2",0.201316679509421,-0.0265726331835601,0.429205992202403,1.93142339216158,0.0534307146511899,0,0.225099914257488,0.189546506324632,0.287782679166853,3,324,"study_11_EOAD_vs_CN; study_3_Soma_EOAD_vs_CN; study_7_EOAD_vs_CN",3,"study_11; study_3_Soma; study_7",0.154085545787017
"KITLG",-0.0486153663612407,-0.099143528948151,0.00191279622566958,-1.92765199749823,0.0538984265720002,0.672826739563936,-0.0460535525700376,-0.0900520099303581,0.00238796640724438,8,1380,"study_1_EOAD_vs_CN; study_11_EOAD_vs_CN; study_2_EOAD_vs_CN; study_3_Olink_EOAD_vs_CN; study_3_Soma_EOAD_vs_CN; study_5_EOAD_vs_CN; study_8_EOAD_vs_CN; study_9_EOAD_vs_CN",3,"study_1; study_11; study_8",0.154452619178809
"ADAMTS3",-0.0670385925591397,-0.131010316285611,-0.00306686883266824,-1.92647919018105,0.0540445678003428,0,NA,NA,NA,2,426,"study_11_EOAD_vs_CN; study_2_EOAD_vs_CN",2,"study_11; study_2",0.238407189307281
"CCN2",0.0440939315473962,-0.00769169958463903,0.0958795626794315,1.92604311177519,0.0540989909557999,0.263937088547077,0.0438135864890764,0.0157094958227623,0.0638176699646854,6,916,"study_1_EOAD_vs_CN; study_11_EOAD_vs_CN; study_2_EOAD_vs_CN; study_3_Soma_EOAD_vs_CN; study_4_EOAD_vs_CN; study_5_EOAD_vs_CN",3,"study_1; study_11; study_4",0.154452619178809
"HS6ST1",0.0318151854850503,-0.0163109111759853,0.0799412821460859,1.92586378781899,0.0541213840874012,0,0.0322740324598844,0.0221339233453298,0.051084788003366,10,1631,"study_1_EOAD_vs_CN; study_11_EOAD_vs_CN; study_2_EOAD_vs_CN; study_3_Olink_EOAD_vs_CN; study_3_Soma_EOAD_vs_CN; study_4_EOAD_vs_CN; study_5_EOAD_vs_CN; study_7_EOAD_vs_CN; study_8_EOAD_vs_CN; study_9_EOAD_vs_CN",5,"study_1; study_11; study_4; study_7; study_8",0.182981822390737
"STX1B",0.0343605684256817,-0.037428431574818,0.106149568426181,1.92569802456858,0.0541420907014626,0.774039075801333,NA,NA,NA,4,791,"study_1_EOAD_vs_CN; study_11_EOAD_vs_CN; study_2_EOAD_vs_CN; study_5_EOAD_vs_CN",2,"study_1; study_11",0.238407189307281
"TNFRSF10C",0.0803716665870069,0.00278219616772914,0.157961137006285,1.92163289009336,0.0546519670352752,0.455163823208171,NA,NA,NA,4,650,"study_2_EOAD_vs_CN; study_3_Olink_EOAD_vs_CN; study_8_EOAD_vs_CN; study_9_EOAD_vs_CN",2,"study_2; study_8",0.23964544540991
"CRP",-0.148516155631108,-0.34286062145024,0.0458283101880237,-1.92125368131519,0.0546997334815712,0,-0.156122937520288,-0.26064245481351,-0.0736966967447719,7,1128,"study_1_EOAD_vs_CN; study_10_EOAD_vs_CN; study_11_EOAD_vs_CN; study_2_EOAD_vs_CN; study_3_Soma_EOAD_vs_CN; study_5_EOAD_vs_CN; study_7_EOAD_vs_CN",3,"study_1; study_11; study_7",0.155390785164065
"PGM1",0.0438413600629574,-0.00792643493524428,0.0956091550611591,1.91828219730933,0.0550752385381025,0.535641820802974,0.0487207418544808,0.0283494407862808,0.101328380228889,6,935,"study_1_EOAD_vs_CN; study_11_EOAD_vs_CN; study_2_EOAD_vs_CN; study_4_EOAD_vs_CN; study_5_EOAD_vs_CN; study_7_EOAD_vs_CN",4,"study_1; study_11; study_4; study_7",0.145635194523573
"MB",-0.0518063984503607,-0.240762796150073,0.137149999249351,-1.91568954096878,0.0554046245095039,0.370521833058992,-0.0449024182838277,-0.153507502253348,0.0401320677351798,10,1640,"study_1_EOAD_vs_CN; study_11_EOAD_vs_CN; study_2_EOAD_vs_CN; study_3_Olink_EOAD_vs_CN; study_3_Soma_EOAD_vs_CN; study_4_EOAD_vs_CN; study_5_EOAD_vs_CN; study_7_EOAD_vs_CN; study_8_EOAD_vs_CN; study_9_EOAD_vs_CN",5,"study_1; study_11; study_4; study_7; study_8",0.184393515945693
"PTPRB",-0.103654588354761,-0.198272357952025,-0.00903681875749739,-1.9131033848874,0.0557348185209463,0.72892724144876,NA,NA,NA,3,679,"study_1_EOAD_vs_CN; study_11_EOAD_vs_CN; study_2_EOAD_vs_CN",2,"study_1; study_11",0.241280934121271
"MFAP2",0.0776426251309528,0.00117902199545784,0.154106228266448,1.91248597072646,0.0558138903761077,0,NA,NA,NA,4,471,"study_11_EOAD_vs_CN; study_2_EOAD_vs_CN; study_3_Soma_EOAD_vs_CN; study_5_EOAD_vs_CN",2,"study_11; study_2",0.241280934121271
"ITGB4",0.0676969220192391,-0.0254227381988557,0.160816582237334,1.91205254737116,0.0558694544469678,0,NA,NA,NA,4,703,"study_1_EOAD_vs_CN; study_11_EOAD_vs_CN; study_2_EOAD_vs_CN; study_5_EOAD_vs_CN",2,"study_1; study_11",0.241280934121271
"HS3ST1",-0.110044376492122,-0.204915301667077,-0.015173451317166,-1.91084717116575,0.0560242237323482,0.891221754688079,NA,NA,NA,4,640,"study_1_EOAD_vs_CN; study_11_EOAD_vs_CN; study_2_EOAD_vs_CN; study_5_EOAD_vs_CN",2,"study_1; study_11",0.241280934121271
"FLT3LG",0.0921582456813112,0.00548782320764363,0.178828668154979,1.90966705535901,0.0561760953488455,0.719807982308851,NA,NA,NA,4,649,"study_3_Olink_EOAD_vs_CN; study_3_Soma_EOAD_vs_CN; study_8_EOAD_vs_CN; study_9_EOAD_vs_CN",2,"study_3_Soma; study_8",0.241280934121271
"NLGN2",-0.0275844931756932,-0.0599976918152282,0.00482870546384181,-1.90876090937583,0.056292941736371,0.274383970950029,-0.0268658783644414,-0.033246233980682,-0.0115735721082111,7,982,"study_1_EOAD_vs_CN; study_11_EOAD_vs_CN; study_2_EOAD_vs_CN; study_3_Soma_EOAD_vs_CN; study_4_EOAD_vs_CN; study_5_EOAD_vs_CN; study_7_EOAD_vs_CN",4,"study_1; study_11; study_4; study_7",0.148357318020938
"FRZB",0.0525686230671135,0.00906775235012797,0.0960694937840991,1.90762556349739,0.0564396286824815,0.870995347409735,0.0514616359397872,0.0238661058860675,0.0885206257056915,11,1843,"study_1_EOAD_vs_CN; study_10_EOAD_vs_CN; study_11_EOAD_vs_CN; study_2_EOAD_vs_CN; study_3_Olink_EOAD_vs_CN; study_3_Soma_EOAD_vs_CN; study_4_EOAD_vs_CN; study_5_EOAD_vs_CN; study_7_EOAD_vs_CN; study_8_EOAD_vs_CN; study_9_EOAD_vs_CN",5,"study_1; study_11; study_4; study_7; study_8",0.184948321682593
"RETN",0.174683170015894,-0.016624911797973,0.365991251829761,1.90704448604329,0.0565148270329745,0.133865101826147,NA,NA,NA,5,671,"study_2_EOAD_vs_CN; study_3_Olink_EOAD_vs_CN; study_3_Soma_EOAD_vs_CN; study_8_EOAD_vs_CN; study_9_EOAD_vs_CN",2,"study_2; study_8",0.241745056043091
"HLA-DRB1",0.116289183657277,0.00144275186527361,0.23113561544928,1.90620029293106,0.0566242242588397,0.768167539736885,0.1139453178636,0.0972294524680006,0.128448653341839,6,898,"study_1_EOAD_vs_CN; study_11_EOAD_vs_CN; study_2_EOAD_vs_CN; study_4_EOAD_vs_CN; study_5_EOAD_vs_CN; study_7_EOAD_vs_CN",4,"study_1; study_11; study_4; study_7",0.148567416420145
"GALNT16",-0.0259548904596525,-0.0580910551353501,0.00618127421604496,-1.90523341455904,0.0567497364752076,0,-0.0257849843521931,-0.0345399586592289,-0.0187456390399131,7,1022,"study_1_EOAD_vs_CN; study_11_EOAD_vs_CN; study_2_EOAD_vs_CN; study_3_Soma_EOAD_vs_CN; study_4_EOAD_vs_CN; study_5_EOAD_vs_CN; study_7_EOAD_vs_CN",4,"study_1; study_11; study_4; study_7",0.148567416420145
"VLDLR",-0.0311800924453522,-0.0625290716853056,0.000168886794601125,-1.89993275391104,0.0574419450096186,0,-0.0324090811806436,-0.0507773658301448,-0.0158825345254493,5,861,"study_1_EOAD_vs_CN; study_11_EOAD_vs_CN; study_2_EOAD_vs_CN; study_4_EOAD_vs_CN; study_5_EOAD_vs_CN",3,"study_1; study_11; study_4",0.162373022774714
"GDF11",-0.0332145221879746,-0.0645069210045058,-0.00192212337144348,-1.89106017544883,0.058616311890172,0.468232896212315,-0.033068536921003,-0.0425385967515033,-0.0240776213675695,7,1029,"study_1_EOAD_vs_CN; study_11_EOAD_vs_CN; study_2_EOAD_vs_CN; study_3_Soma_EOAD_vs_CN; study_4_EOAD_vs_CN; study_5_EOAD_vs_CN; study_7_EOAD_vs_CN",4,"study_1; study_11; study_4; study_7",0.152945873408793
"SFRP2",0.104410449984849,-0.00155656747891531,0.210377467448614,1.88904877611131,0.0588852932457059,0.624696931908477,NA,NA,NA,3,771,"study_1_EOAD_vs_CN; study_11_EOAD_vs_CN; study_5_EOAD_vs_CN",2,"study_1; study_11",0.250860924071137
"ST6GAL2",-0.0443316356152938,-0.0890041089040617,0.00034083767347419,-1.88765015874318,0.0590729315946462,0,-0.043827120681321,-0.053036624431759,-0.0374833501969853,8,1218,"study_1_EOAD_vs_CN; study_10_EOAD_vs_CN; study_11_EOAD_vs_CN; study_2_EOAD_vs_CN; study_3_Soma_EOAD_vs_CN; study_4_EOAD_vs_CN; study_5_EOAD_vs_CN; study_7_EOAD_vs_CN",4,"study_1; study_11; study_4; study_7",0.153628614180136
"MMP1",-0.147002900768369,-0.332886487206628,0.0388806856698913,-1.88454171464189,0.0594917378129337,0,NA,NA,NA,3,351,"study_3_Olink_EOAD_vs_CN; study_3_Soma_EOAD_vs_CN; study_9_EOAD_vs_CN",2,"study_3_Soma; study_9",0.252418385538277
"HAMP",-0.0719335016622175,-0.152245697397098,0.00837869407266352,-1.88110955015321,0.0599570181516581,0,NA,NA,NA,3,742,"study_1_EOAD_vs_CN; study_11_EOAD_vs_CN; study_3_Soma_EOAD_vs_CN",2,"study_1; study_11",0.253366754124749
"IGKV1-39",-0.0793504409528895,-0.177686406316924,0.0189855244111452,-1.8800710450444,0.0600983960436425,0.0350131883474032,-0.0814626964583531,-0.0900302136771114,-0.0697263174064697,3,807,"study_1_EOAD_vs_CN; study_11_EOAD_vs_CN; study_7_EOAD_vs_CN",3,"study_1; study_11; study_7",0.169045242073497
"NECTIN3",-0.0625488131518375,-0.122391014632046,-0.00270661167162921,-1.87675956718416,0.0605510543832391,0,-0.0624993576906923,-0.0869458213266964,-0.0446411590984201,5,867,"study_1_EOAD_vs_CN; study_11_EOAD_vs_CN; study_2_EOAD_vs_CN; study_5_EOAD_vs_CN; study_7_EOAD_vs_CN",3,"study_1; study_11; study_7",0.169483588494262
"LGALS3",-0.062722060856618,-0.121656274408185,-0.00378784730505109,-1.87627080608068,0.0606181036637326,0.514572757007086,-0.0618696781590685,-0.0915845783043685,-0.0314783148440608,8,1046,"study_1_EOAD_vs_CN; study_11_EOAD_vs_CN; study_2_EOAD_vs_CN; study_3_Olink_EOAD_vs_CN; study_3_Soma_EOAD_vs_CN; study_4_EOAD_vs_CN; study_5_EOAD_vs_CN; study_7_EOAD_vs_CN",4,"study_1; study_11; study_4; study_7",0.157128505549412
"FABP1",-0.102775285559362,-0.23299013603806,0.0274395649193368,-1.87489501052258,0.0608071686225506,0,NA,NA,NA,3,603,"study_1_EOAD_vs_CN; study_11_EOAD_vs_CN; study_2_EOAD_vs_CN",2,"study_1; study_11",0.25500564629758
"RNH1",0.0397037072345937,-0.00703333933082199,0.0864407538000094,1.87471821543815,0.0608314995938883,0.668566954058593,NA,NA,NA,4,810,"study_1_EOAD_vs_CN; study_11_EOAD_vs_CN; study_2_EOAD_vs_CN; study_5_EOAD_vs_CN",2,"study_1; study_11",0.25500564629758
"OSMR",0.0412600965463052,0.006579170722554,0.0759410223700564,1.87217408950223,0.0611825225093218,0.537120534419928,0.0408567261101369,0.0280246090915959,0.0601382996462211,9,1559,"study_1_EOAD_vs_CN; study_11_EOAD_vs_CN; study_2_EOAD_vs_CN; study_3_Olink_EOAD_vs_CN; study_4_EOAD_vs_CN; study_5_EOAD_vs_CN; study_7_EOAD_vs_CN; study_8_EOAD_vs_CN; study_9_EOAD_vs_CN",5,"study_1; study_11; study_4; study_7; study_8",0.193244651199103
"DDR1",-0.0322291298374676,-0.0700820897278748,0.00562383005293957,-1.87182295471386,0.0612311014243213,0,-0.0317851578048275,-0.0438447529595434,-0.0228240541914821,11,1847,"study_1_EOAD_vs_CN; study_10_EOAD_vs_CN; study_11_EOAD_vs_CN; study_2_EOAD_vs_CN; study_3_Olink_EOAD_vs_CN; study_3_Soma_EOAD_vs_CN; study_4_EOAD_vs_CN; study_5_EOAD_vs_CN; study_7_EOAD_vs_CN; study_8_EOAD_vs_CN; study_9_EOAD_vs_CN",5,"study_1; study_11; study_4; study_7; study_8",0.193244651199103
"NPDC1",-0.0456238871607265,-0.079396071599047,-0.011851702722406,-1.86849484440998,0.0616931280823429,0.866694381335933,-0.0443779812674127,-0.0629109311547604,-0.00371329051866071,10,1618,"study_1_EOAD_vs_CN; study_11_EOAD_vs_CN; study_2_EOAD_vs_CN; study_3_Olink_EOAD_vs_CN; study_3_Soma_EOAD_vs_CN; study_4_EOAD_vs_CN; study_5_EOAD_vs_CN; study_7_EOAD_vs_CN; study_8_EOAD_vs_CN; study_9_EOAD_vs_CN",5,"study_1; study_11; study_4; study_7; study_8",0.193244651199103
"CFHR1",0.146923873738056,0.051460177854034,0.242387569622079,1.86713959664145,0.0618820961080831,0.85915488194153,0.14628468710959,0.0724831888701182,0.22963383720716,8,1227,"study_1_EOAD_vs_CN; study_10_EOAD_vs_CN; study_11_EOAD_vs_CN; study_2_EOAD_vs_CN; study_3_Soma_EOAD_vs_CN; study_4_EOAD_vs_CN; study_5_EOAD_vs_CN; study_7_EOAD_vs_CN",4,"study_1; study_11; study_4; study_7",0.15987898928908
"CDH23",-0.047547760561826,-0.099932940574133,0.00483741945048095,-1.86642224481614,0.0619823132858448,0.657726955426561,NA,NA,NA,5,822,"study_1_EOAD_vs_CN; study_11_EOAD_vs_CN; study_2_EOAD_vs_CN; study_3_Soma_EOAD_vs_CN; study_5_EOAD_vs_CN",2,"study_1; study_11",0.258794678579942
"SLITRK3",-0.0437709528961957,-0.105620837268236,0.0180789314758444,-1.86553432782305,0.0621065451272599,0.841417330968298,-0.0394929737022703,-0.0744699725701752,0.0208050477517227,6,910,"study_1_EOAD_vs_CN; study_11_EOAD_vs_CN; study_2_EOAD_vs_CN; study_3_Soma_EOAD_vs_CN; study_5_EOAD_vs_CN; study_7_EOAD_vs_CN",3,"study_1; study_11; study_7",0.172989450086173
"SAA1",-0.11944440274431,-0.287282178965276,0.0483933734766562,-1.86207038246601,0.0625931701095959,0,-0.120087810636023,-0.136099721196159,-0.1052182697267,6,922,"study_1_EOAD_vs_CN; study_11_EOAD_vs_CN; study_2_EOAD_vs_CN; study_3_Soma_EOAD_vs_CN; study_4_EOAD_vs_CN; study_7_EOAD_vs_CN",4,"study_1; study_11; study_4; study_7",0.161187640674384
"ADGRE2",0.0970569570675657,-0.00558182241768412,0.199695736552815,1.85975243099665,0.0629205602842121,0,NA,NA,NA,4,649,"study_3_Olink_EOAD_vs_CN; study_3_Soma_EOAD_vs_CN; study_8_EOAD_vs_CN; study_9_EOAD_vs_CN",2,"study_3_Soma; study_8",0.261669631658152
"ESAM",-0.0254335638662867,-0.0716683106229709,0.0208011828903975,-1.85795078118416,0.0631760040828584,0.221936786021882,-0.0252295368058549,-0.0538411239795366,-0.00416199693627322,10,1617,"study_1_EOAD_vs_CN; study_11_EOAD_vs_CN; study_2_EOAD_vs_CN; study_3_Olink_EOAD_vs_CN; study_3_Soma_EOAD_vs_CN; study_4_EOAD_vs_CN; study_5_EOAD_vs_CN; study_7_EOAD_vs_CN; study_8_EOAD_vs_CN; study_9_EOAD_vs_CN",5,"study_1; study_11; study_4; study_7; study_8",0.193921473713823
"NXPH2",-0.253891770129956,-0.519664191964511,0.0118806517045996,-1.85789636552206,0.0631837326282208,0,NA,NA,NA,2,244,"study_11_EOAD_vs_CN; study_3_Soma_EOAD_vs_CN",2,"study_11; study_3_Soma",0.261725501163539
"A2M",-0.0261186075410046,-0.0622105552656655,0.00997334018365629,-1.85734548945582,0.063262016435806,0,-0.0252719880249833,-0.0308096559101877,-0.0198296450147443,7,1110,"study_1_EOAD_vs_CN; study_10_EOAD_vs_CN; study_11_EOAD_vs_CN; study_2_EOAD_vs_CN; study_3_Soma_EOAD_vs_CN; study_4_EOAD_vs_CN; study_5_EOAD_vs_CN",3,"study_1; study_11; study_4",0.175352482450705
"PCDHGA4",-0.0788524531708891,-0.17549772065163,0.0177928143098521,-1.85562933628975,0.0635064092253519,0.179030478874461,NA,NA,NA,4,670,"study_1_EOAD_vs_CN; study_11_EOAD_vs_CN; study_2_EOAD_vs_CN; study_5_EOAD_vs_CN",2,"study_1; study_11",0.262026444362869
"SEZ6L",-0.0580906689841829,-0.104177629526644,-0.0120037084417213,-1.85406359825166,0.0637300617838855,0.880852968786052,-0.0576014484376714,-0.0780814250646071,-0.0293432695983613,11,1852,"study_1_EOAD_vs_CN; study_10_EOAD_vs_CN; study_11_EOAD_vs_CN; study_2_EOAD_vs_CN; study_3_Olink_EOAD_vs_CN; study_3_Soma_EOAD_vs_CN; study_4_EOAD_vs_CN; study_5_EOAD_vs_CN; study_7_EOAD_vs_CN; study_8_EOAD_vs_CN; study_9_EOAD_vs_CN",5,"study_1; study_11; study_4; study_7; study_8",0.193921473713823
"TMED4",0.0437791965242426,-0.00994106611344955,0.0974994591619347,1.8520304222986,0.064021454475669,0,0.0436336702105393,0.0358681772469629,0.0530645109818099,6,949,"study_1_EOAD_vs_CN; study_11_EOAD_vs_CN; study_2_EOAD_vs_CN; study_4_EOAD_vs_CN; study_5_EOAD_vs_CN; study_7_EOAD_vs_CN",4,"study_1; study_11; study_4; study_7",0.164146026195677
"IGHV3-13",-0.0861144612637866,-0.209506705764044,0.0372777832364707,-1.85126434376515,0.0641315330452521,0.501420287844122,NA,NA,NA,4,810,"study_1_EOAD_vs_CN; study_11_EOAD_vs_CN; study_2_EOAD_vs_CN; study_5_EOAD_vs_CN",2,"study_1; study_11",0.263206957238165
"OSTM1",0.0673509735151936,-0.0101977668860904,0.144899713916478,1.85012990095335,0.0642948292490174,0,NA,NA,NA,3,663,"study_1_EOAD_vs_CN; study_11_EOAD_vs_CN; study_2_EOAD_vs_CN",2,"study_1; study_11",0.263206957238165
"IGLV7-46",-0.0797511717523514,-0.219071508093401,0.0595691645886977,-1.84969904482136,0.0643569382624022,0,-0.0794522303435647,-0.111004380598789,-0.0350555284095935,5,982,"study_1_EOAD_vs_CN; study_11_EOAD_vs_CN; study_4_EOAD_vs_CN; study_5_EOAD_vs_CN; study_7_EOAD_vs_CN",4,"study_1; study_11; study_4; study_7",0.164146026195677
"NDRG4",-0.040369513926643,-0.0960369830479061,0.0152979551946202,-1.84886894456447,0.0644767389655793,0.235009300743211,-0.0404277644973623,-0.0551138758851754,-0.024709836169759,7,992,"study_1_EOAD_vs_CN; study_11_EOAD_vs_CN; study_2_EOAD_vs_CN; study_3_Soma_EOAD_vs_CN; study_4_EOAD_vs_CN; study_5_EOAD_vs_CN; study_7_EOAD_vs_CN",4,"study_1; study_11; study_4; study_7",0.164146026195677
"COL4A1",-0.0508221353649843,-0.101431430649941,-0.000212840080027199,-1.84818756730516,0.0645752133510912,0.415566715666023,-0.0521882461266491,-0.088450179967518,-0.0148112756038979,8,1507,"study_1_EOAD_vs_CN; study_11_EOAD_vs_CN; study_2_EOAD_vs_CN; study_3_Olink_EOAD_vs_CN; study_4_EOAD_vs_CN; study_5_EOAD_vs_CN; study_8_EOAD_vs_CN; study_9_EOAD_vs_CN",4,"study_1; study_11; study_4; study_8",0.164146026195677
"OSCAR",0.0516177499097677,-0.00255021148468396,0.105785711304219,1.84599247089793,0.0648932986581701,0,0.0518688753186009,0.030861504555084,0.0626539049617747,8,1551,"study_1_EOAD_vs_CN; study_11_EOAD_vs_CN; study_2_EOAD_vs_CN; study_3_Olink_EOAD_vs_CN; study_5_EOAD_vs_CN; study_7_EOAD_vs_CN; study_8_EOAD_vs_CN; study_9_EOAD_vs_CN",4,"study_1; study_11; study_7; study_8",0.164424177950605
"FAS",-0.294512579841802,-0.496305185878902,-0.0927199738047027,-1.84543067055841,0.0649749150071353,0.988240318212786,NA,NA,NA,4,378,"study_11_EOAD_vs_CN; study_2_EOAD_vs_CN; study_3_Olink_EOAD_vs_CN; study_3_Soma_EOAD_vs_CN",2,"study_11; study_2",0.264956073647774
"MT3",-0.0606309596619998,-0.130345994906785,0.00908407558278497,-1.84446535154865,0.0651153508550054,0,-0.0580071082168371,-0.0696221111475316,-0.0303951950765161,7,1201,"study_1_EOAD_vs_CN; study_10_EOAD_vs_CN; study_11_EOAD_vs_CN; study_2_EOAD_vs_CN; study_4_EOAD_vs_CN; study_5_EOAD_vs_CN; study_7_EOAD_vs_CN",4,"study_1; study_11; study_4; study_7",0.164458001518411
"NETO2",-0.175063645005376,-0.326404798890474,-0.0237224911202776,-1.8410539338757,0.0656136554279935,0.822948118611931,-0.123912337028401,-0.206986929113299,0.0193877853423246,4,293,"study_11_EOAD_vs_CN; study_2_EOAD_vs_CN; study_3_Soma_EOAD_vs_CN; study_7_EOAD_vs_CN",3,"study_11; study_2; study_7",0.180992257243402
"VIM",0.149942435563461,-0.0112517683790099,0.311136639505931,1.83875916583013,0.0659506167534594,0.517814661277288,0.151124255918479,0.120347048965909,0.172193306159121,10,1657,"study_1_EOAD_vs_CN; study_11_EOAD_vs_CN; study_2_EOAD_vs_CN; study_3_Olink_EOAD_vs_CN; study_3_Soma_EOAD_vs_CN; study_4_EOAD_vs_CN; study_5_EOAD_vs_CN; study_7_EOAD_vs_CN; study_8_EOAD_vs_CN; study_9_EOAD_vs_CN",5,"study_1; study_11; study_4; study_7; study_8",0.195920940351528
"GALNT1",-0.0216622327130017,-0.0510405568123154,0.00771609138631202,-1.83732202563001,0.0661623702152816,0.0297210948163983,-0.021303913995426,-0.0326462820772958,-0.0148507187450629,7,1031,"study_1_EOAD_vs_CN; study_11_EOAD_vs_CN; study_2_EOAD_vs_CN; study_3_Soma_EOAD_vs_CN; study_4_EOAD_vs_CN; study_5_EOAD_vs_CN; study_7_EOAD_vs_CN",4,"study_1; study_11; study_4; study_7",0.166568523097897
"DKK3",-0.0370672214167299,-0.0702548415317894,-0.00387960130167042,-1.83688552410289,0.0662267967385448,0.710285657036611,-0.0363292209276555,-0.0487251468975306,-0.014989496386947,11,1852,"study_1_EOAD_vs_CN; study_10_EOAD_vs_CN; study_11_EOAD_vs_CN; study_2_EOAD_vs_CN; study_3_Olink_EOAD_vs_CN; study_3_Soma_EOAD_vs_CN; study_4_EOAD_vs_CN; study_5_EOAD_vs_CN; study_7_EOAD_vs_CN; study_8_EOAD_vs_CN; study_9_EOAD_vs_CN",5,"study_1; study_11; study_4; study_7; study_8",0.195920940351528
"MGAT3",-0.0447598772265271,-0.0906433234128474,0.00112356895979319,-1.83670552944906,0.066253378541877,0,-0.0418790320691558,-0.0515607775249595,-0.0243409250490013,6,837,"study_1_EOAD_vs_CN; study_11_EOAD_vs_CN; study_2_EOAD_vs_CN; study_3_Soma_EOAD_vs_CN; study_5_EOAD_vs_CN; study_7_EOAD_vs_CN",3,"study_1; study_11; study_7",0.181878265131787
"C11orf87",-0.0717949609631387,-0.137645683172113,-0.00594423875416451,-1.83500564039855,0.0665048537307079,0.504205010112726,-0.0701029590513919,-0.0982125717181232,-0.0328609302208733,7,994,"study_1_EOAD_vs_CN; study_11_EOAD_vs_CN; study_2_EOAD_vs_CN; study_3_Soma_EOAD_vs_CN; study_4_EOAD_vs_CN; study_5_EOAD_vs_CN; study_7_EOAD_vs_CN",4,"study_1; study_11; study_4; study_7",0.166897531018464
"TAX1BP1",0.0494704606441418,-0.00484048632136833,0.103781407609652,1.83251257234447,0.0668750903860994,0,NA,NA,NA,5,776,"study_1_EOAD_vs_CN; study_11_EOAD_vs_CN; study_2_EOAD_vs_CN; study_3_Soma_EOAD_vs_CN; study_5_EOAD_vs_CN",2,"study_1; study_11",0.270721698328019
"ZNF511-PRAP1",-0.0884733774572083,-0.177484524387869,0.000537769473451896,-1.83023829937393,0.0672143131010935,0,NA,NA,NA,2,147,"study_2_EOAD_vs_CN; study_7_EOAD_vs_CN",2,"study_2; study_7",0.270721698328019
"LAP3",0.087799858251107,0.00844616457878421,0.16715355192343,1.82903582504633,0.067394241601434,0.826973077921928,NA,NA,NA,5,739,"study_1_EOAD_vs_CN; study_11_EOAD_vs_CN; study_2_EOAD_vs_CN; study_3_Soma_EOAD_vs_CN; study_5_EOAD_vs_CN",2,"study_1; study_11",0.270721698328019
"KCTD12",-0.0481664241617169,-0.106835091900558,0.0105022435771245,-1.82884986605362,0.0674221023507757,0,NA,NA,NA,4,774,"study_1_EOAD_vs_CN; study_11_EOAD_vs_CN; study_2_EOAD_vs_CN; study_5_EOAD_vs_CN",2,"study_1; study_11",0.270721698328019
"CAP2",-0.00534664726132952,-0.119896140225984,0.109202845703325,1.82544520768688,0.067933872499919,0.951934859362088,NA,NA,NA,4,685,"study_1_EOAD_vs_CN; study_11_EOAD_vs_CN; study_2_EOAD_vs_CN; study_5_EOAD_vs_CN",2,"study_1; study_11",0.271735489999676
"GABBR2",-0.147662480300903,-0.312215888544835,0.0168909279430295,-1.82327396295128,0.0682619077424613,0,NA,NA,NA,2,379,"study_11_EOAD_vs_CN; study_3_Soma_EOAD_vs_CN",2,"study_11; study_3_Soma",0.272009427049808
"IGKV1-16",-0.121676332156308,-0.240931075782258,-0.00242158853035883,-1.81975300955578,0.0687966266686736,0.354307521899241,-0.133056519277752,-0.183412563871676,-0.0845292570620356,3,763,"study_1_EOAD_vs_CN; study_11_EOAD_vs_CN; study_7_EOAD_vs_CN",3,"study_1; study_11; study_7",0.187542023857341
"IGKV6-21",-0.0937923425125242,-0.204890297291137,0.0173056122660885,-1.81749583606386,0.0691412253108488,0,-0.0960148471963044,-0.113234641446248,-0.0852863615958176,4,884,"study_1_EOAD_vs_CN; study_11_EOAD_vs_CN; study_5_EOAD_vs_CN; study_7_EOAD_vs_CN",3,"study_1; study_11; study_7",0.187542023857341
"CSF1",0.0294916461874503,-0.000474000060432113,0.0594572924353327,1.81547881061434,0.0694503593896122,0.0206479491864805,0.0296805204774093,0.026842386483064,0.0399188421444682,11,1852,"study_1_EOAD_vs_CN; study_10_EOAD_vs_CN; study_11_EOAD_vs_CN; study_2_EOAD_vs_CN; study_3_Olink_EOAD_vs_CN; study_3_Soma_EOAD_vs_CN; study_4_EOAD_vs_CN; study_5_EOAD_vs_CN; study_7_EOAD_vs_CN; study_8_EOAD_vs_CN; study_9_EOAD_vs_CN",5,"study_1; study_11; study_4; study_7; study_8",0.202642829451882
"NOMO1",0.104790611277993,-0.0039945666618855,0.213575789217872,1.81006422213844,0.0702858284484397,0.624542112912558,0.0664749507924218,-0.0563099653428737,0.13436049092085,4,698,"study_3_Olink_EOAD_vs_CN; study_7_EOAD_vs_CN; study_8_EOAD_vs_CN; study_9_EOAD_vs_CN",3,"study_3_Olink; study_7; study_8",0.187542023857341
"FSTL3",0.0550614995034343,-0.00477355400249988,0.114896553009368,1.8099162994224,0.0703087680840205,0,0.0549851667657181,0.0425446054867787,0.0720406983392737,8,1453,"study_1_EOAD_vs_CN; study_11_EOAD_vs_CN; study_2_EOAD_vs_CN; study_3_Olink_EOAD_vs_CN; study_3_Soma_EOAD_vs_CN; study_5_EOAD_vs_CN; study_8_EOAD_vs_CN; study_9_EOAD_vs_CN",3,"study_1; study_11; study_8",0.187542023857341
"TYMP",0.111602453416259,-0.0181316062610736,0.241336513093591,1.80966717935591,0.0703474151383529,0.68749796125025,0.128920682482574,0.0731884362721506,0.187248289258986,5,716,"study_3_Olink_EOAD_vs_CN; study_3_Soma_EOAD_vs_CN; study_7_EOAD_vs_CN; study_8_EOAD_vs_CN; study_9_EOAD_vs_CN",3,"study_3_Soma; study_7; study_8",0.187542023857341
"SMPDL3A",-0.0620809460871547,-0.134398293676033,0.0102364015017241,-1.80653718735518,0.07083447086686,0,-0.060259961194599,-0.0746997694297387,-0.0407398447566416,6,894,"study_1_EOAD_vs_CN; study_11_EOAD_vs_CN; study_2_EOAD_vs_CN; study_3_Soma_EOAD_vs_CN; study_4_EOAD_vs_CN; study_5_EOAD_vs_CN",3,"study_1; study_11; study_4",0.187542023857341
"FAM3A",-0.0340469696840571,-0.0764246002742475,0.00833066090613323,-1.80592225516547,0.0709304842684016,0.356751125651144,-0.0299058133266547,-0.0481616438134494,-0.00679014543701936,6,900,"study_1_EOAD_vs_CN; study_11_EOAD_vs_CN; study_2_EOAD_vs_CN; study_3_Soma_EOAD_vs_CN; study_5_EOAD_vs_CN; study_7_EOAD_vs_CN",3,"study_1; study_11; study_7",0.187542023857341
"CA10",-0.0533425626589013,-0.116522576905785,0.00983745158798217,-1.80583515068081,0.0709440930878907,0,-0.0560746145753919,-0.0642078574858716,-0.0428100478077457,6,888,"study_1_EOAD_vs_CN; study_11_EOAD_vs_CN; study_2_EOAD_vs_CN; study_3_Soma_EOAD_vs_CN; study_4_EOAD_vs_CN; study_5_EOAD_vs_CN",3,"study_1; study_11; study_4",0.187542023857341
"STC2",-0.0344659287406927,-0.0709294521005335,0.00199759461914811,-1.80501233185857,0.0710727523205256,0.794554363532571,-0.0347371470869029,-0.0487710488209108,-0.0204228673464294,7,1082,"study_1_EOAD_vs_CN; study_10_EOAD_vs_CN; study_11_EOAD_vs_CN; study_2_EOAD_vs_CN; study_4_EOAD_vs_CN; study_5_EOAD_vs_CN; study_7_EOAD_vs_CN",4,"study_1; study_11; study_4; study_7",0.177794694693886
"STX12",0.0339199526985792,-0.0111366098102814,0.0789765152074398,1.80366762955279,0.0712834270479544,0.615813066289578,0.0383103279853735,-0.000746601964508939,0.0868981449688356,6,861,"study_1_EOAD_vs_CN; study_11_EOAD_vs_CN; study_2_EOAD_vs_CN; study_3_Soma_EOAD_vs_CN; study_5_EOAD_vs_CN; study_7_EOAD_vs_CN",3,"study_1; study_11; study_7",0.187570676702221
"ATP1A2",0.046564769865537,-0.00378933064561832,0.0969188703766923,1.8035704216658,0.0712986764410246,0.437822201863053,NA,NA,NA,4,810,"study_1_EOAD_vs_CN; study_11_EOAD_vs_CN; study_2_EOAD_vs_CN; study_5_EOAD_vs_CN",2,"study_1; study_11",0.28303413981134
"GBA1",-0.0449089899983974,-0.0893342942164741,-0.000483685780320792,-1.80069346987961,0.071751207433552,0.294820735646273,-0.0491538684550359,-0.0687546697736875,-0.0274933556821776,6,915,"study_1_EOAD_vs_CN; study_11_EOAD_vs_CN; study_2_EOAD_vs_CN; study_3_Soma_EOAD_vs_CN; study_4_EOAD_vs_CN; study_5_EOAD_vs_CN",3,"study_1; study_11; study_4",0.187935502039258
"CADM2",-0.0534141034517067,-0.0973903512567886,-0.00943785564662492,-1.79977173846663,0.071896688199359,0.645690050039127,-0.0514902602065671,-0.0782143293446098,-0.0129785447933352,8,1229,"study_1_EOAD_vs_CN; study_10_EOAD_vs_CN; study_11_EOAD_vs_CN; study_2_EOAD_vs_CN; study_3_Soma_EOAD_vs_CN; study_4_EOAD_vs_CN; study_5_EOAD_vs_CN; study_7_EOAD_vs_CN",4,"study_1; study_11; study_4; study_7",0.179286678168022
"CNTN2",-0.0248425536609295,-0.0581250573259491,0.00843995000409015,-1.79897206589672,0.0720230995708593,0,-0.0243758263605982,-0.0303511734299944,-0.0177154311631307,11,1853,"study_1_EOAD_vs_CN; study_10_EOAD_vs_CN; study_11_EOAD_vs_CN; study_2_EOAD_vs_CN; study_3_Olink_EOAD_vs_CN; study_3_Soma_EOAD_vs_CN; study_4_EOAD_vs_CN; study_5_EOAD_vs_CN; study_7_EOAD_vs_CN; study_8_EOAD_vs_CN; study_9_EOAD_vs_CN",5,"study_1; study_11; study_4; study_7; study_8",0.205317146596107
"LSAMP",-0.0409422131992657,-0.0836461849872878,0.00176175858875648,-1.79671565281898,0.0723807727089623,0.414271172225569,-0.0404881519032577,-0.0516521612598621,-0.0267847518559626,8,1231,"study_1_EOAD_vs_CN; study_10_EOAD_vs_CN; study_11_EOAD_vs_CN; study_2_EOAD_vs_CN; study_3_Soma_EOAD_vs_CN; study_4_EOAD_vs_CN; study_5_EOAD_vs_CN; study_7_EOAD_vs_CN",4,"study_1; study_11; study_4; study_7",0.179924444462657
"UBE2D2",0.0606636939047596,-0.0100032946392313,0.131330682448751,1.79481266674802,0.0726835519831506,0.148487978787362,NA,NA,NA,3,473,"study_11_EOAD_vs_CN; study_3_Soma_EOAD_vs_CN; study_5_EOAD_vs_CN",2,"study_11; study_5",0.287442877276762
"MMP2",-0.0124749797304694,-0.052418032883136,0.0274680734221972,-1.79292442683953,0.072985008928379,0.471252621206136,-0.0121444391725916,-0.0359597858848466,0.00272676650519959,10,1555,"study_1_EOAD_vs_CN; study_10_EOAD_vs_CN; study_11_EOAD_vs_CN; study_2_EOAD_vs_CN; study_3_Olink_EOAD_vs_CN; study_3_Soma_EOAD_vs_CN; study_4_EOAD_vs_CN; study_5_EOAD_vs_CN; study_7_EOAD_vs_CN; study_9_EOAD_vs_CN",5,"study_1; study_11; study_4; study_7; study_9",0.205317146596107
"TIE1",-0.0318283119944275,-0.0720440112291462,0.00838738724029123,-1.79121562235507,0.073258700193916,0.0596944627875262,-0.0314682185130192,-0.041744769736707,-0.022954446251999,10,1631,"study_1_EOAD_vs_CN; study_11_EOAD_vs_CN; study_2_EOAD_vs_CN; study_3_Olink_EOAD_vs_CN; study_3_Soma_EOAD_vs_CN; study_4_EOAD_vs_CN; study_5_EOAD_vs_CN; study_7_EOAD_vs_CN; study_8_EOAD_vs_CN; study_9_EOAD_vs_CN",5,"study_1; study_11; study_4; study_7; study_8",0.205317146596107
"TNFRSF19",0.106774959813502,-0.000397552251998348,0.213947471879002,1.78853496756585,0.0736897393301888,0.340809636158891,0.102713334483024,0.0428718754774115,0.147955596757328,7,1119,"study_11_EOAD_vs_CN; study_2_EOAD_vs_CN; study_3_Olink_EOAD_vs_CN; study_3_Soma_EOAD_vs_CN; study_4_EOAD_vs_CN; study_8_EOAD_vs_CN; study_9_EOAD_vs_CN",4,"study_11; study_2; study_4; study_8",0.182602247145248
"SIGLEC1",0.092582932899499,-0.0130019707685998,0.198167836567598,1.78581372847582,0.0741294231391377,0,NA,NA,NA,3,622,"study_3_Olink_EOAD_vs_CN; study_8_EOAD_vs_CN; study_9_EOAD_vs_CN",2,"study_3_Olink; study_8",0.291858596892433
"MINPP1",-0.0216380945968332,-0.0453505006030712,0.00207431140940492,-1.78463416009176,0.0743206767557369,0.724693360771454,-0.021499527882461,-0.0325942420032884,-0.0105878954240031,7,1015,"study_1_EOAD_vs_CN; study_11_EOAD_vs_CN; study_2_EOAD_vs_CN; study_3_Soma_EOAD_vs_CN; study_4_EOAD_vs_CN; study_5_EOAD_vs_CN; study_7_EOAD_vs_CN",4,"study_1; study_11; study_4; study_7",0.182681895727419
"CLEC14A",0.137438632620439,0.00793691033761509,0.266940354903263,1.78442190934719,0.074355133571786,0,0.143616139038082,0.0628741486248067,0.22839208204371,5,867,"study_11_EOAD_vs_CN; study_2_EOAD_vs_CN; study_3_Olink_EOAD_vs_CN; study_8_EOAD_vs_CN; study_9_EOAD_vs_CN",3,"study_11; study_2; study_8",0.193866581139223
"ACTA1",0.100550425563444,0.0047526565747143,0.196348194552173,1.78440977190156,0.0743571043609539,0.769293411175316,NA,NA,NA,2,426,"study_11_EOAD_vs_CN; study_2_EOAD_vs_CN",2,"study_11; study_2",0.291858596892433
"CAT",-0.106481362534577,-0.305936241538316,0.0929735164691623,-1.78436282566946,0.0743647275467435,0.0716673174980913,-0.0925467240924777,-0.184827405971407,0.00272958439955584,7,939,"study_1_EOAD_vs_CN; study_11_EOAD_vs_CN; study_2_EOAD_vs_CN; study_3_Soma_EOAD_vs_CN; study_4_EOAD_vs_CN; study_5_EOAD_vs_CN; study_7_EOAD_vs_CN",4,"study_1; study_11; study_4; study_7",0.182681895727419
"PRRT2",0.0311992500441692,-0.0268788840936521,0.0892773841819906,1.78403873484702,0.0744173712290627,0.718231382525398,0.0365695554192613,0.00261679312049692,0.10012199333174,8,1030,"study_1_EOAD_vs_CN; study_10_EOAD_vs_CN; study_11_EOAD_vs_CN; study_2_EOAD_vs_CN; study_3_Soma_EOAD_vs_CN; study_4_EOAD_vs_CN; study_5_EOAD_vs_CN; study_7_EOAD_vs_CN",4,"study_1; study_11; study_4; study_7",0.182681895727419
"GPNMB",0.0469721462449632,-0.0163919707871987,0.110336263277125,1.78225614647443,0.0747074705259172,0,0.0478657247617365,0.0356039271973542,0.0744428224933949,10,1615,"study_1_EOAD_vs_CN; study_11_EOAD_vs_CN; study_2_EOAD_vs_CN; study_3_Olink_EOAD_vs_CN; study_3_Soma_EOAD_vs_CN; study_4_EOAD_vs_CN; study_5_EOAD_vs_CN; study_7_EOAD_vs_CN; study_8_EOAD_vs_CN; study_9_EOAD_vs_CN",5,"study_1; study_11; study_4; study_7; study_8",0.206658327558706
"CRYAB",0.0946808240488169,0.00483497328821836,0.184526674809415,1.7818552407799,0.074772841192736,0.792829709370244,0.0915486068306455,0.0435825924058831,0.126370106975086,5,750,"study_1_EOAD_vs_CN; study_11_EOAD_vs_CN; study_2_EOAD_vs_CN; study_5_EOAD_vs_CN; study_7_EOAD_vs_CN",3,"study_1; study_11; study_7",0.194069510550238
"NRSN2",-0.0589258830460256,-0.126260677955573,0.00840891186352158,-1.77700413194688,0.0755675599998953,0,NA,NA,NA,4,789,"study_1_EOAD_vs_CN; study_11_EOAD_vs_CN; study_2_EOAD_vs_CN; study_5_EOAD_vs_CN",2,"study_1; study_11",0.294772848243652
"CLCNKB",-0.122785126218802,-0.25703045743043,0.0114602049928251,-1.77650964691924,0.0756489533047827,0.706857076851448,-0.144102170843137,-0.284404086652072,-0.0713087516994357,3,227,"study_3_Soma_EOAD_vs_CN; study_4_EOAD_vs_CN; study_7_EOAD_vs_CN",3,"study_3_Soma; study_4; study_7",0.195454987950366
"CRKL",0.148304198436795,-0.0015756484359791,0.29818404530957,1.77642972904512,0.0756621146732275,0.30701589752802,NA,NA,NA,4,467,"study_11_EOAD_vs_CN; study_2_EOAD_vs_CN; study_3_Olink_EOAD_vs_CN; study_3_Soma_EOAD_vs_CN",2,"study_11; study_2",0.294772848243652
"PENK",-0.017629935453712,-0.0732854696627715,0.0380255987553474,-1.77498855841809,0.0758997764007879,0.654179267078431,-0.0202311744159816,-0.0678854414322474,0.0125155302292147,8,1231,"study_1_EOAD_vs_CN; study_10_EOAD_vs_CN; study_11_EOAD_vs_CN; study_2_EOAD_vs_CN; study_3_Soma_EOAD_vs_CN; study_4_EOAD_vs_CN; study_5_EOAD_vs_CN; study_7_EOAD_vs_CN",4,"study_1; study_11; study_4; study_7",0.185297551386038
"NOTCH1",-0.00757615668420505,-0.0493619893362872,0.0342096759678771,-1.77466520298637,0.0759531841341246,0.785921350505005,-0.00651310753866045,-0.0360477311920588,0.0170838873525795,9,1519,"study_1_EOAD_vs_CN; study_11_EOAD_vs_CN; study_2_EOAD_vs_CN; study_3_Olink_EOAD_vs_CN; study_3_Soma_EOAD_vs_CN; study_4_EOAD_vs_CN; study_5_EOAD_vs_CN; study_8_EOAD_vs_CN; study_9_EOAD_vs_CN",4,"study_1; study_11; study_4; study_8",0.185297551386038
"DDX46",-0.119011559501446,-0.239811519777041,0.00178840077414931,-1.77275772940938,0.0762688605539108,0.135939219484403,NA,NA,NA,2,609,"study_1_EOAD_vs_CN; study_11_EOAD_vs_CN",2,"study_1; study_11",0.295926757927394
"NAV1",0.0357855354303992,-0.048003020364699,0.119574091225497,1.77122649387197,0.0765230452274082,0.402684172590466,NA,NA,NA,2,586,"study_1_EOAD_vs_CN; study_11_EOAD_vs_CN",2,"study_1; study_11",0.295926757927394
"APCS",-0.077816811068567,-0.214557475435449,0.0589238532983146,-1.77040596408825,0.0766595369344083,0.580970892223659,-0.0700908709248313,-0.138911609663181,-0.0266548207994027,8,1230,"study_1_EOAD_vs_CN; study_10_EOAD_vs_CN; study_11_EOAD_vs_CN; study_2_EOAD_vs_CN; study_3_Soma_EOAD_vs_CN; study_4_EOAD_vs_CN; study_5_EOAD_vs_CN; study_7_EOAD_vs_CN",4,"study_1; study_11; study_4; study_7",0.186443565136771
"TNFRSF21",-0.0468146162224354,-0.079390106925377,-0.0142391255194937,-1.7703145205473,0.0766747604711098,0.810864552737359,-0.0457714416949849,-0.0671448181068793,-0.0115816147080422,11,1755,"study_1_EOAD_vs_CN; study_10_EOAD_vs_CN; study_11_EOAD_vs_CN; study_2_EOAD_vs_CN; study_3_Olink_EOAD_vs_CN; study_3_Soma_EOAD_vs_CN; study_4_EOAD_vs_CN; study_5_EOAD_vs_CN; study_7_EOAD_vs_CN; study_8_EOAD_vs_CN; study_9_EOAD_vs_CN",5,"study_1; study_11; study_4; study_7; study_8",0.209381076671108
"SLIT2",-0.0972824275269477,-0.19059274524876,-0.00397210980513521,-1.76869948178822,0.0769440388203575,0.785582712623575,NA,NA,NA,4,668,"study_1_EOAD_vs_CN; study_11_EOAD_vs_CN; study_2_EOAD_vs_CN; study_3_Soma_EOAD_vs_CN",2,"study_1; study_11",0.296460855454907
"CSF2RA",0.0778705477977795,0.00585569659901489,0.149885398996544,1.76723313181279,0.0771891931646471,0.709194711377345,0.0788206871493089,0.00209253857401276,0.126009419647963,9,1573,"study_1_EOAD_vs_CN; study_11_EOAD_vs_CN; study_2_EOAD_vs_CN; study_3_Olink_EOAD_vs_CN; study_3_Soma_EOAD_vs_CN; study_5_EOAD_vs_CN; study_7_EOAD_vs_CN; study_8_EOAD_vs_CN; study_9_EOAD_vs_CN",4,"study_1; study_11; study_7; study_8",0.187154105273052
"CDH1",-0.0375513253003979,-0.0878094313885322,0.0127067807877365,-1.76277577582058,0.0779383145845962,0,-0.0369758708176504,-0.0610120201497962,-0.0116117758924391,9,1537,"study_1_EOAD_vs_CN; study_11_EOAD_vs_CN; study_2_EOAD_vs_CN; study_3_Olink_EOAD_vs_CN; study_3_Soma_EOAD_vs_CN; study_5_EOAD_vs_CN; study_7_EOAD_vs_CN; study_8_EOAD_vs_CN; study_9_EOAD_vs_CN",4,"study_1; study_11; study_7; study_8",0.188390772676877
"SUCO",-0.0916817429276107,-0.194583604992595,0.0112201191373739,-1.76270860649295,0.0779496484517967,0,NA,NA,NA,3,461,"study_11_EOAD_vs_CN; study_2_EOAD_vs_CN; study_5_EOAD_vs_CN",2,"study_11; study_2",0.298360030372746
"UGP2",0.168852994750823,-0.012368051350807,0.350074040852452,1.76237272491909,0.0780063438188286,0,NA,NA,NA,3,349,"study_11_EOAD_vs_CN; study_2_EOAD_vs_CN; study_3_Soma_EOAD_vs_CN",2,"study_11; study_2",0.298360030372746
"DGCR2",-0.0275640279182538,-0.0764947019593781,0.0213666461228706,-1.76182333614709,0.0780991506525055,0,-0.028214783149731,-0.0343076046001543,-0.0250332789352509,5,920,"study_1_EOAD_vs_CN; study_11_EOAD_vs_CN; study_2_EOAD_vs_CN; study_5_EOAD_vs_CN; study_7_EOAD_vs_CN",3,"study_1; study_11; study_7",0.200876644245859
"SYNJ1",0.229038505155542,-0.0337679176893163,0.4918449280004,1.7594992868675,0.07849274126535,0,NA,NA,NA,2,265,"study_11_EOAD_vs_CN; study_2_EOAD_vs_CN",2,"study_11; study_2",0.299128701258497
"IL1RL2",-0.0692264550161421,-0.161939696766695,0.0234867867344105,-1.75701642178549,0.0789150101551587,0.430695098487604,NA,NA,NA,4,648,"study_3_Olink_EOAD_vs_CN; study_3_Soma_EOAD_vs_CN; study_8_EOAD_vs_CN; study_9_EOAD_vs_CN",2,"study_3_Soma; study_8",0.299648299429733
"SEMA3B",-0.0339064123588463,-0.079771435368615,0.0119586106509224,-1.75675680039627,0.0789592713241207,0,-0.0348211345405749,-0.0579460344801192,-0.0142353661957982,6,952,"study_1_EOAD_vs_CN; study_11_EOAD_vs_CN; study_2_EOAD_vs_CN; study_4_EOAD_vs_CN; study_5_EOAD_vs_CN; study_7_EOAD_vs_CN",4,"study_1; study_11; study_4; study_7",0.189453868002431
"GPR37L1",-0.0585995632347652,-0.121459036108563,0.00425990963903276,-1.75633784941906,0.0790307381468238,0,-0.0568106269161048,-0.0736350904722812,-0.0271960482314786,7,1198,"study_1_EOAD_vs_CN; study_10_EOAD_vs_CN; study_11_EOAD_vs_CN; study_2_EOAD_vs_CN; study_4_EOAD_vs_CN; study_5_EOAD_vs_CN; study_7_EOAD_vs_CN",4,"study_1; study_11; study_4; study_7",0.189453868002431
"NDRG2",0.0263943995608719,-0.00705490056779231,0.0598436996895362,1.75593566620243,0.0790993941279184,0,0.0255472762773654,0.0147087686127598,0.0303144992002597,7,1026,"study_1_EOAD_vs_CN; study_11_EOAD_vs_CN; study_2_EOAD_vs_CN; study_3_Soma_EOAD_vs_CN; study_4_EOAD_vs_CN; study_5_EOAD_vs_CN; study_7_EOAD_vs_CN",4,"study_1; study_11; study_4; study_7",0.189453868002431
"PON1",-0.0820131691444174,-0.197045998573674,0.0330196602848389,-1.7543424337434,0.0793718488791023,0,-0.0790183679840387,-0.106271272252143,-0.0494331416903128,7,1204,"study_1_EOAD_vs_CN; study_10_EOAD_vs_CN; study_11_EOAD_vs_CN; study_2_EOAD_vs_CN; study_4_EOAD_vs_CN; study_5_EOAD_vs_CN; study_7_EOAD_vs_CN",4,"study_1; study_11; study_4; study_7",0.189530354293129
"LAIR1",0.0718285636423304,-0.00462481302428969,0.14828194030895,1.75214049301986,0.079749652919446,0.503182186851125,0.0728772376764237,0.02445670214993,0.121588449492284,8,1502,"study_1_EOAD_vs_CN; study_11_EOAD_vs_CN; study_2_EOAD_vs_CN; study_3_Olink_EOAD_vs_CN; study_5_EOAD_vs_CN; study_7_EOAD_vs_CN; study_8_EOAD_vs_CN; study_9_EOAD_vs_CN",4,"study_1; study_11; study_7; study_8",0.18985717975989
"KRT23",-0.19216051642091,-0.377786672371488,-0.00653436047033248,-1.75151158392465,0.0798578276905851,0.768077037589599,NA,NA,NA,2,238,"study_11_EOAD_vs_CN; study_2_EOAD_vs_CN",2,"study_11; study_2",0.302133586352827
"DPT",-0.0408931276969181,-0.109040485401275,0.0272542300074385,-1.74676766449944,0.0806776477053714,0.850618018377436,-0.0443838109530957,-0.0607784770396928,-0.0210937313671413,6,936,"study_1_EOAD_vs_CN; study_11_EOAD_vs_CN; study_2_EOAD_vs_CN; study_3_Soma_EOAD_vs_CN; study_5_EOAD_vs_CN; study_7_EOAD_vs_CN",3,"study_1; study_11; study_7",0.206578192106579
"SERPINB9",0.0955041235485363,0.00837574563949274,0.18263250145758,1.74458332755951,0.0810574250657048,0.808300044401172,NA,NA,NA,5,797,"study_1_EOAD_vs_CN; study_11_EOAD_vs_CN; study_2_EOAD_vs_CN; study_3_Soma_EOAD_vs_CN; study_5_EOAD_vs_CN",2,"study_1; study_11",0.304107755876094
"CHRD",-0.0277938554815384,-0.0547512635696161,-0.000836447393460751,-1.74451467379379,0.0810693849613647,0.820622713279431,-0.0280316864747614,-0.045093260358897,-0.0159017260580418,7,1023,"study_1_EOAD_vs_CN; study_11_EOAD_vs_CN; study_2_EOAD_vs_CN; study_3_Soma_EOAD_vs_CN; study_4_EOAD_vs_CN; study_5_EOAD_vs_CN; study_7_EOAD_vs_CN",4,"study_1; study_11; study_4; study_7",0.19241769683601
"SCIN",-0.250450665661773,-0.510087104047984,0.00918577272443905,-1.74301729509969,0.0813305938050801,0.0442542598295204,NA,NA,NA,2,254,"study_11_EOAD_vs_CN; study_3_Soma_EOAD_vs_CN",2,"study_11; study_3_Soma",0.304107755876094
"ACAN",0.050638582567751,-0.00463114820955506,0.105908313345057,1.74280272149511,0.0813680807908696,0.643482442402996,0.0509750444173458,0.0113588344504272,0.0883076230015505,9,1537,"study_1_EOAD_vs_CN; study_11_EOAD_vs_CN; study_2_EOAD_vs_CN; study_3_Olink_EOAD_vs_CN; study_3_Soma_EOAD_vs_CN; study_5_EOAD_vs_CN; study_7_EOAD_vs_CN; study_8_EOAD_vs_CN; study_9_EOAD_vs_CN",4,"study_1; study_11; study_7; study_8",0.192546689679295
"ARL8B",-0.0752718952240972,-0.197457644103875,0.0469138536556809,-1.74207470487622,0.0814953731185053,0.522307490585772,NA,NA,NA,3,460,"study_11_EOAD_vs_CN; study_2_EOAD_vs_CN; study_5_EOAD_vs_CN",2,"study_11; study_2",0.304107755876094
"NAGK",0.346548737738525,0.0333593638091253,0.659738111667924,1.7418177318062,0.0815403429400597,0.98198124711392,NA,NA,NA,3,352,"study_11_EOAD_vs_CN; study_2_EOAD_vs_CN; study_3_Soma_EOAD_vs_CN",2,"study_11; study_2",0.304107755876094
"SERPIND1",-0.0303508867774764,-0.0838678850119068,0.0231661114569539,-1.74020389608352,0.0818232217582198,0,-0.0288621706603158,-0.044071814723134,-0.0189539022507054,8,1231,"study_1_EOAD_vs_CN; study_10_EOAD_vs_CN; study_11_EOAD_vs_CN; study_2_EOAD_vs_CN; study_3_Soma_EOAD_vs_CN; study_4_EOAD_vs_CN; study_5_EOAD_vs_CN; study_7_EOAD_vs_CN",4,"study_1; study_11; study_4; study_7",0.192689858726378
"PLD4",0.112857568920805,0.0239978438905256,0.201717293951085,1.73966622647533,0.081917642986468,0.891909286286311,0.111286717121328,0.0325131424591731,0.195276488333195,6,991,"study_1_EOAD_vs_CN; study_11_EOAD_vs_CN; study_2_EOAD_vs_CN; study_4_EOAD_vs_CN; study_5_EOAD_vs_CN; study_7_EOAD_vs_CN",4,"study_1; study_11; study_4; study_7",0.192689858726378
"ADIPOQ",-0.0829410816890078,-0.185475760792674,0.0195935974146583,-1.73944466613038,0.0819565773431573,0,NA,NA,NA,5,827,"study_1_EOAD_vs_CN; study_11_EOAD_vs_CN; study_2_EOAD_vs_CN; study_3_Soma_EOAD_vs_CN; study_5_EOAD_vs_CN",2,"study_1; study_11",0.304576216509322
"CA1",-0.117391941236775,-0.414644929228486,0.179861046754936,-1.73717349274857,0.0823565522208047,0.697964552135861,-0.0900095929559449,-0.296665635730967,0.0582080030132963,9,1166,"study_1_EOAD_vs_CN; study_10_EOAD_vs_CN; study_11_EOAD_vs_CN; study_2_EOAD_vs_CN; study_3_Olink_EOAD_vs_CN; study_3_Soma_EOAD_vs_CN; study_4_EOAD_vs_CN; study_5_EOAD_vs_CN; study_7_EOAD_vs_CN",4,"study_1; study_11; study_4; study_7",0.193145723660697
"VCP",-0.130205813196482,-0.335369790000321,0.0749581636073582,-1.73479555824172,0.0827770232247933,0,NA,NA,NA,3,572,"study_1_EOAD_vs_CN; study_11_EOAD_vs_CN; study_2_EOAD_vs_CN",2,"study_1; study_11",0.306538234415489
"STMN3",-0.0626073396570989,-0.131219038530626,0.00600435921642828,-1.73391708216879,0.0829327964803949,0.571217575608384,-0.0600416666171123,-0.0870217440575099,-0.0191600072230369,7,946,"study_1_EOAD_vs_CN; study_11_EOAD_vs_CN; study_2_EOAD_vs_CN; study_3_Soma_EOAD_vs_CN; study_4_EOAD_vs_CN; study_5_EOAD_vs_CN; study_7_EOAD_vs_CN",4,"study_1; study_11; study_4; study_7",0.19392001076128
"CXCL12",0.12217841801992,-0.00833083555309302,0.252687671592932,1.73221316918142,0.0832356151472523,0.848461825334295,0.10892713993541,-0.010099088767163,0.178969460795935,6,907,"study_1_EOAD_vs_CN; study_11_EOAD_vs_CN; study_2_EOAD_vs_CN; study_3_Soma_EOAD_vs_CN; study_4_EOAD_vs_CN; study_5_EOAD_vs_CN",3,"study_1; study_11; study_4",0.210949054223435
"ADGRE5",-0.0510406918052777,-0.16903611140322,0.0669547277926648,-1.73117772924072,0.083420070206243,0,-0.0507677911064433,-0.0607961479689971,-0.0453233205342249,7,1403,"study_1_EOAD_vs_CN; study_11_EOAD_vs_CN; study_2_EOAD_vs_CN; study_3_Olink_EOAD_vs_CN; study_5_EOAD_vs_CN; study_8_EOAD_vs_CN; study_9_EOAD_vs_CN",3,"study_1; study_11; study_8",0.210949054223435
"PITPNA",0.0643263251963404,-0.0321430783648685,0.160795728757549,1.73076901313726,0.0834929706733736,0,0.0664799753259297,0.053830207184679,0.0822821326873101,4,720,"study_1_EOAD_vs_CN; study_11_EOAD_vs_CN; study_3_Soma_EOAD_vs_CN; study_7_EOAD_vs_CN",3,"study_1; study_11; study_7",0.210949054223435
"CD55",-0.0457925635006699,-0.0924903628054872,0.000905235804147433,-1.73063508214188,0.083516870436968,0.253209703504286,-0.0435920349184738,-0.0630073587716894,-0.0100391248454019,8,1200,"study_1_EOAD_vs_CN; study_10_EOAD_vs_CN; study_11_EOAD_vs_CN; study_2_EOAD_vs_CN; study_3_Soma_EOAD_vs_CN; study_4_EOAD_vs_CN; study_5_EOAD_vs_CN; study_7_EOAD_vs_CN",4,"study_1; study_11; study_4; study_7",0.194707970131156
"MEP1A",-0.158373121723948,-0.340749351585207,0.0240031081373119,-1.72995219109058,0.0836388173710482,0.201570863407138,NA,NA,NA,2,423,"study_11_EOAD_vs_CN; study_3_Soma_EOAD_vs_CN",2,"study_11; study_3_Soma",0.308639016214291
"PTMA",0.127451849031222,-0.0207374697620704,0.275641167824514,1.72801922004725,0.0839847785852065,0,NA,NA,NA,2,406,"study_11_EOAD_vs_CN; study_2_EOAD_vs_CN",2,"study_11; study_2",0.308828238446654
"ANGPTL2",-0.0245477474790088,-0.0650358549752478,0.0159403600172302,-1.7254878664184,0.0844395885840222,0,-0.0250547510126226,-0.0272297679316664,-0.0218645407298316,5,920,"study_1_EOAD_vs_CN; study_11_EOAD_vs_CN; study_2_EOAD_vs_CN; study_5_EOAD_vs_CN; study_7_EOAD_vs_CN",3,"study_1; study_11; study_7",0.211510487017903
"S100A13",0.0509405109234709,-0.0131018239984115,0.114982845845353,1.72539658496157,0.0844560263398984,0,0.0522481547425614,0.0422206632404515,0.0618554850543596,6,928,"study_1_EOAD_vs_CN; study_11_EOAD_vs_CN; study_2_EOAD_vs_CN; study_3_Soma_EOAD_vs_CN; study_5_EOAD_vs_CN; study_7_EOAD_vs_CN",3,"study_1; study_11; study_7",0.211510487017903
"PTPRM",-0.000286415458731692,-0.0600344616502258,0.0594616307327624,-1.72196932869699,0.0850750747282226,0.809407408705641,0.00121628655490925,-0.0221270837664934,0.0412684679174801,7,974,"study_1_EOAD_vs_CN; study_11_EOAD_vs_CN; study_2_EOAD_vs_CN; study_3_Olink_EOAD_vs_CN; study_4_EOAD_vs_CN; study_5_EOAD_vs_CN; study_7_EOAD_vs_CN",4,"study_1; study_11; study_4; study_7",0.19775563093168
"CHSY3",-0.0863337211854895,-0.226232498692918,0.0535650563219385,-1.72103454278029,0.0852445558930101,0,NA,NA,NA,3,636,"study_1_EOAD_vs_CN; study_11_EOAD_vs_CN; study_2_EOAD_vs_CN",2,"study_1; study_11",0.312364666349212
"NOTCH2",-0.0244313125738472,-0.0635955760694892,0.0147329509217948,-1.72086779668789,0.0852748164294527,0,-0.0261155743800218,-0.0428998390213413,-0.0151578375309935,6,916,"study_1_EOAD_vs_CN; study_11_EOAD_vs_CN; study_2_EOAD_vs_CN; study_3_Soma_EOAD_vs_CN; study_4_EOAD_vs_CN; study_5_EOAD_vs_CN",3,"study_1; study_11; study_4",0.212628472407063
"IGFALS",-0.0266759875225355,-0.110512272335292,0.0571602972902205,-1.71780976762551,0.0858313193260912,0.748135006181428,-0.02169223889301,-0.0777135339858011,0.0313032436540948,7,1037,"study_1_EOAD_vs_CN; study_11_EOAD_vs_CN; study_2_EOAD_vs_CN; study_3_Soma_EOAD_vs_CN; study_4_EOAD_vs_CN; study_5_EOAD_vs_CN; study_7_EOAD_vs_CN",4,"study_1; study_11; study_4; study_7",0.198828548471087
"SERPINE1",0.0656710575627934,0.00455431217422034,0.126787802951366,1.71666013462172,0.0860412881074119,0.655049999482676,0.0640130981142705,0.0398694115148402,0.0827644874525409,8,1383,"study_1_EOAD_vs_CN; study_11_EOAD_vs_CN; study_2_EOAD_vs_CN; study_3_Olink_EOAD_vs_CN; study_3_Soma_EOAD_vs_CN; study_7_EOAD_vs_CN; study_8_EOAD_vs_CN; study_9_EOAD_vs_CN",4,"study_1; study_11; study_7; study_8",0.198828548471087
"THBS2",-0.0263236926282988,-0.052348390545639,-0.00029899471095856,-1.71664789657347,0.0860435254928077,0.710989338369414,-0.0261468556880758,-0.0448728425147615,-0.00651586228870009,10,1652,"study_1_EOAD_vs_CN; study_11_EOAD_vs_CN; study_2_EOAD_vs_CN; study_3_Olink_EOAD_vs_CN; study_3_Soma_EOAD_vs_CN; study_4_EOAD_vs_CN; study_5_EOAD_vs_CN; study_7_EOAD_vs_CN; study_8_EOAD_vs_CN; study_9_EOAD_vs_CN",5,"study_1; study_11; study_4; study_7; study_8",0.231990771265418
"IGHV4-4",-0.084567744721443,-0.2177668844073,0.0486313949644144,-1.71096662463025,0.0870872741708396,0,-0.0865793499075676,-0.104961686034184,-0.0768255603778046,5,962,"study_1_EOAD_vs_CN; study_11_EOAD_vs_CN; study_4_EOAD_vs_CN; study_5_EOAD_vs_CN; study_7_EOAD_vs_CN",4,"study_1; study_11; study_4; study_7",0.200657228206496
"CD4",0.0636425649018893,-0.00765493457141944,0.134940064375198,1.70849296369709,0.0875449108739256,0.107631194799167,NA,NA,NA,3,621,"study_3_Olink_EOAD_vs_CN; study_8_EOAD_vs_CN; study_9_EOAD_vs_CN",2,"study_3_Olink; study_8",0.31932979512428
"XXYLT1",-0.0401264935715906,-0.0832626951717121,0.00300970802853082,-1.7084919289686,0.0875451027078022,0.829398237798867,-0.0386095272099962,-0.0718315514775277,-0.0173507764381177,7,1034,"study_1_EOAD_vs_CN; study_11_EOAD_vs_CN; study_2_EOAD_vs_CN; study_3_Soma_EOAD_vs_CN; study_4_EOAD_vs_CN; study_5_EOAD_vs_CN; study_7_EOAD_vs_CN",4,"study_1; study_11; study_4; study_7",0.201124026045913
"PLAT",0.137954979102892,0.0260952803250007,0.249814677880783,1.70754526340173,0.0877207522613899,0.855162763040016,0.135880819063313,0.015464781489886,0.235176444158286,5,920,"study_11_EOAD_vs_CN; study_3_Olink_EOAD_vs_CN; study_3_Soma_EOAD_vs_CN; study_8_EOAD_vs_CN; study_9_EOAD_vs_CN",3,"study_11; study_3_Soma; study_8",0.217698254047577
"FUBP1",-0.0559651690489786,-0.146436963798203,0.0345066257002457,-1.70736219340853,0.0877547528585807,0.345389603324588,NA,NA,NA,2,148,"study_3_Soma_EOAD_vs_CN; study_7_EOAD_vs_CN",2,"study_3_Soma; study_7",0.31932979512428
"ARSG",-0.0887273759063836,-0.184805785661851,0.00735103384908367,-1.70566445024197,0.0880705721278288,0.473418630289863,-0.0849366629082344,-0.100516668050263,-0.0602277972216843,5,846,"study_1_EOAD_vs_CN; study_11_EOAD_vs_CN; study_2_EOAD_vs_CN; study_5_EOAD_vs_CN; study_7_EOAD_vs_CN",3,"study_1; study_11; study_7",0.217698254047577
"SLC1A2",0.0818810244666666,-0.0239650152171108,0.187727064150444,1.70084912931,0.0889713211036972,0.306002546199788,0.0762978735851853,0.0339173155123302,0.103688586425461,5,825,"study_1_EOAD_vs_CN; study_11_EOAD_vs_CN; study_2_EOAD_vs_CN; study_5_EOAD_vs_CN; study_7_EOAD_vs_CN",3,"study_1; study_11; study_7",0.218976829095737
"PVALB",0.033019413200787,-0.023437858107592,0.0894766845091659,1.69990679977172,0.0891484576968894,0,0.0330822931193683,0.0290292827689735,0.035181580183399,9,1632,"study_1_EOAD_vs_CN; study_11_EOAD_vs_CN; study_2_EOAD_vs_CN; study_3_Olink_EOAD_vs_CN; study_4_EOAD_vs_CN; study_5_EOAD_vs_CN; study_7_EOAD_vs_CN; study_8_EOAD_vs_CN; study_9_EOAD_vs_CN",5,"study_1; study_11; study_4; study_7; study_8",0.237357768617968
"EEF2",-0.0868108721647589,-0.181515505236261,0.00789376090674308,-1.69783592679613,0.0895387330620881,0.425586206600913,NA,NA,NA,4,807,"study_1_EOAD_vs_CN; study_11_EOAD_vs_CN; study_2_EOAD_vs_CN; study_5_EOAD_vs_CN",2,"study_1; study_11",0.324694090827226
"MGP",0.0383833279201721,-0.0373862435125516,0.114152899352896,1.69578156150989,0.0899272556217584,0,0.0368151249899741,0.0159823824473,0.0537067972515992,8,1221,"study_1_EOAD_vs_CN; study_10_EOAD_vs_CN; study_11_EOAD_vs_CN; study_2_EOAD_vs_CN; study_3_Soma_EOAD_vs_CN; study_4_EOAD_vs_CN; study_5_EOAD_vs_CN; study_7_EOAD_vs_CN",4,"study_1; study_11; study_4; study_7",0.205996155319609
"ANK2",0.196207865733165,-0.0231292371059114,0.415544968572242,1.69434002009597,0.090200689960057,0,NA,NA,NA,3,299,"study_11_EOAD_vs_CN; study_2_EOAD_vs_CN; study_3_Soma_EOAD_vs_CN",2,"study_11; study_2",0.32596663130393
"PIP",0.177063782401399,-0.0606760538131849,0.414803618615982,1.68721051373798,0.0915628804792281,0,NA,NA,NA,3,90,"study_2_EOAD_vs_CN; study_5_EOAD_vs_CN; study_7_EOAD_vs_CN",2,"study_2; study_7",0.327892726165432
"HSPA4",0.0520038274444219,-0.0474558288842752,0.151463483773119,1.68693911328405,0.0916150601703274,0.219132141749343,NA,NA,NA,3,715,"study_1_EOAD_vs_CN; study_11_EOAD_vs_CN; study_2_EOAD_vs_CN",2,"study_1; study_11",0.327892726165432
"ARSK",0.148873415137989,-0.0065592983056284,0.304306128581607,1.68664154465026,0.0916722984412896,0.456832888626072,NA,NA,NA,3,414,"study_11_EOAD_vs_CN; study_2_EOAD_vs_CN; study_3_Soma_EOAD_vs_CN",2,"study_11; study_2",0.327892726165432
"PRRT1",-0.0762501303167608,-0.154703008290095,0.002202747656573,-1.68599611441667,0.0917965477629131,0,-0.056206416178768,-0.0918222462009027,0.00505354240741186,4,548,"study_11_EOAD_vs_CN; study_2_EOAD_vs_CN; study_5_EOAD_vs_CN; study_7_EOAD_vs_CN",3,"study_11; study_2; study_7",0.224960638509113
"GPLD1",-0.046965013299214,-0.116238533570647,0.0223085069722187,-1.68512395157387,0.0919646594472247,0.663686270766075,-0.0440982155972353,-0.0651419646621778,-0.00206164762910106,6,1010,"study_1_EOAD_vs_CN; study_11_EOAD_vs_CN; study_2_EOAD_vs_CN; study_4_EOAD_vs_CN; study_5_EOAD_vs_CN; study_7_EOAD_vs_CN",4,"study_1; study_11; study_4; study_7",0.210052613462067
"LRP6",-0.224250293459337,-0.475369666356255,0.0268690794375819,-1.68415157663351,0.0921523787905629,0.840879648112251,NA,NA,NA,3,288,"study_11_EOAD_vs_CN; study_2_EOAD_vs_CN; study_3_Soma_EOAD_vs_CN",2,"study_11; study_2",0.328488751607177
"CA2",-0.141600192710141,-0.383525167167086,0.100324781746803,-1.68321271925217,0.0923339194252482,0.515207646736018,-0.124430817310111,-0.21603007689247,-0.0628508678848572,6,892,"study_1_EOAD_vs_CN; study_11_EOAD_vs_CN; study_2_EOAD_vs_CN; study_3_Olink_EOAD_vs_CN; study_4_EOAD_vs_CN; study_5_EOAD_vs_CN",3,"study_1; study_11; study_4",0.225134410684086
"TMPRSS5",0.0579702108608608,-0.00832890986319432,0.124269331584916,1.68191299716493,0.0925857119998413,0.668458024362992,0.0574385627339494,0.00620545881999891,0.0816132631511535,9,1433,"study_1_EOAD_vs_CN; study_11_EOAD_vs_CN; study_2_EOAD_vs_CN; study_3_Olink_EOAD_vs_CN; study_3_Soma_EOAD_vs_CN; study_5_EOAD_vs_CN; study_7_EOAD_vs_CN; study_8_EOAD_vs_CN; study_9_EOAD_vs_CN",4,"study_1; study_11; study_7; study_8",0.210350824047155
"ADAM10",-0.014580932941929,-0.0446102154517959,0.0154483495679378,-1.6816892867887,0.0926291065283792,0.478522224563887,-0.0148589686182058,-0.0319064882794609,0.00442285598509887,7,1026,"study_1_EOAD_vs_CN; study_11_EOAD_vs_CN; study_2_EOAD_vs_CN; study_3_Soma_EOAD_vs_CN; study_4_EOAD_vs_CN; study_5_EOAD_vs_CN; study_7_EOAD_vs_CN",4,"study_1; study_11; study_4; study_7",0.210350824047155
"SLC39A6",-0.0619039537742357,-0.115827780911012,-0.00798012663745949,-1.68155059113956,0.0926560184076362,0.803126409590054,-0.0509311488354953,-0.109622993515387,0.0280268796120462,5,797,"study_1_EOAD_vs_CN; study_11_EOAD_vs_CN; study_2_EOAD_vs_CN; study_5_EOAD_vs_CN; study_7_EOAD_vs_CN",3,"study_1; study_11; study_7",0.225134410684086
"IL27",0.0847879318786313,-0.0144395671533009,0.184015430910563,1.67494207814149,0.0939455966732483,0,NA,NA,NA,3,621,"study_3_Olink_EOAD_vs_CN; study_8_EOAD_vs_CN; study_9_EOAD_vs_CN",2,"study_3_Olink; study_8",0.333745712927336
"CPE",0.0526687538593737,0.00840121366790231,0.0969362940508451,1.6742509047795,0.0940812988566509,0.875436429389655,0.045392610469722,-0.0190522605366887,0.0821442018869299,8,1136,"study_1_EOAD_vs_CN; study_10_EOAD_vs_CN; study_11_EOAD_vs_CN; study_2_EOAD_vs_CN; study_3_Olink_EOAD_vs_CN; study_3_Soma_EOAD_vs_CN; study_4_EOAD_vs_CN; study_5_EOAD_vs_CN",3,"study_1; study_11; study_4",0.227628905284524
"ADM",-0.0325226090547992,-0.0722466944375907,0.00720147632799222,-1.67097566700371,0.0947264841793192,0.182758395685822,-0.0293255631745186,-0.0451417079725345,-0.00166250527921655,7,934,"study_1_EOAD_vs_CN; study_11_EOAD_vs_CN; study_2_EOAD_vs_CN; study_3_Olink_EOAD_vs_CN; study_3_Soma_EOAD_vs_CN; study_4_EOAD_vs_CN; study_5_EOAD_vs_CN",3,"study_1; study_11; study_4",0.228222879605026
"LILRA2",0.0555070317265981,-0.00576974738717706,0.116783810840373,1.66538517873449,0.0958359344462641,0.67074424973218,0.0597276560093809,0.0335669335217462,0.112247345087154,7,978,"study_1_EOAD_vs_CN; study_11_EOAD_vs_CN; study_2_EOAD_vs_CN; study_3_Soma_EOAD_vs_CN; study_4_EOAD_vs_CN; study_5_EOAD_vs_CN; study_7_EOAD_vs_CN",4,"study_1; study_11; study_4; study_7",0.216622607413925
"IGHV3-72",-0.0276797836658008,-0.189817091369567,0.134457524037965,-1.66485983354573,0.09594072333434,0.272715836324173,-0.0251811714506428,-0.0653026943222894,0.0239180416569219,7,1097,"study_1_EOAD_vs_CN; study_10_EOAD_vs_CN; study_11_EOAD_vs_CN; study_2_EOAD_vs_CN; study_4_EOAD_vs_CN; study_5_EOAD_vs_CN; study_7_EOAD_vs_CN",4,"study_1; study_11; study_4; study_7",0.216622607413925
"NCAN",-0.0345615940466225,-0.0803602980261022,0.0112371099328571,-1.66320728702787,0.0962709494851014,0.555323832679634,-0.0340177249259803,-0.0458070775346831,-0.0176433883944149,11,1853,"study_1_EOAD_vs_CN; study_10_EOAD_vs_CN; study_11_EOAD_vs_CN; study_2_EOAD_vs_CN; study_3_Olink_EOAD_vs_CN; study_3_Soma_EOAD_vs_CN; study_4_EOAD_vs_CN; study_5_EOAD_vs_CN; study_7_EOAD_vs_CN; study_8_EOAD_vs_CN; study_9_EOAD_vs_CN",5,"study_1; study_11; study_4; study_7; study_8",0.2531569412386
"KLRD1",-0.0769888922946985,-0.167213301454767,0.0132355168653704,-1.6610120182943,0.0967110329933779,0.282168892204938,NA,NA,NA,3,622,"study_3_Olink_EOAD_vs_CN; study_8_EOAD_vs_CN; study_9_EOAD_vs_CN",2,"study_3_Olink; study_8",0.342409333030608
"NUCB1",-0.0159439456871255,-0.0497288697124083,0.0178409783381574,-1.66078954517643,0.0967557216285834,0.0124735968962198,-0.0170012293010167,-0.0368989840348568,-0.00330422146477305,8,1230,"study_1_EOAD_vs_CN; study_10_EOAD_vs_CN; study_11_EOAD_vs_CN; study_2_EOAD_vs_CN; study_3_Soma_EOAD_vs_CN; study_4_EOAD_vs_CN; study_5_EOAD_vs_CN; study_7_EOAD_vs_CN",4,"study_1; study_11; study_4; study_7",0.217224050116685
"FGG",0.090513875623179,-0.0228857771856154,0.203913528431973,1.66077607264102,0.0967584284149195,0,0.0893509239359533,0.0719880462712358,0.100030641480954,8,1231,"study_1_EOAD_vs_CN; study_10_EOAD_vs_CN; study_11_EOAD_vs_CN; study_2_EOAD_vs_CN; study_3_Soma_EOAD_vs_CN; study_4_EOAD_vs_CN; study_5_EOAD_vs_CN; study_7_EOAD_vs_CN",4,"study_1; study_11; study_4; study_7",0.217224050116685
"CD209",0.113745928770971,-0.0103654633433832,0.237857320885326,1.65963910242688,0.0969870770365124,0,0.119656013334537,0.0711899877531764,0.176885635099704,6,884,"study_11_EOAD_vs_CN; study_2_EOAD_vs_CN; study_3_Olink_EOAD_vs_CN; study_3_Soma_EOAD_vs_CN; study_8_EOAD_vs_CN; study_9_EOAD_vs_CN",3,"study_11; study_2; study_8",0.232687483142221
"MMP15",0.0808946506793307,-0.0166402308642946,0.178429532222956,1.65663862998136,0.0975925573749652,0,NA,NA,NA,2,415,"study_11_EOAD_vs_CN; study_2_EOAD_vs_CN",2,"study_11; study_2",0.34372340343262
"CELSR3",-0.125327883725767,-0.261519988552842,0.0108642211013075,-1.65591939497728,0.0977381433424816,0.402837687370612,NA,NA,NA,2,393,"study_11_EOAD_vs_CN; study_2_EOAD_vs_CN",2,"study_11; study_2",0.34372340343262
"MCFD2",0.0196827506582619,-0.0098683383630001,0.0492338396795238,1.65471558013718,0.097982205170538,0.601887621971163,0.0198542942321775,0.00737453351755948,0.0325823727454809,10,1758,"study_1_EOAD_vs_CN; study_10_EOAD_vs_CN; study_11_EOAD_vs_CN; study_2_EOAD_vs_CN; study_3_Olink_EOAD_vs_CN; study_4_EOAD_vs_CN; study_5_EOAD_vs_CN; study_7_EOAD_vs_CN; study_8_EOAD_vs_CN; study_9_EOAD_vs_CN",5,"study_1; study_11; study_4; study_7; study_8",0.254514752455178
"RECK",-0.0371962306857336,-0.0872144730175005,0.0128220116460332,-1.65177918472188,0.0985795734909054,0,-0.0395304219829824,-0.0478343255959197,-0.0284202474209879,5,854,"study_1_EOAD_vs_CN; study_11_EOAD_vs_CN; study_2_EOAD_vs_CN; study_4_EOAD_vs_CN; study_5_EOAD_vs_CN",3,"study_1; study_11; study_4",0.235362474352709
"PDCD5",0.107371802574797,-0.195992424555047,0.410736029704641,1.65008068803762,0.098926434053678,0.579055464750185,0.123196671388211,0.0961177750034363,0.163807825820005,4,311,"study_11_EOAD_vs_CN; study_2_EOAD_vs_CN; study_3_Soma_EOAD_vs_CN; study_7_EOAD_vs_CN",3,"study_11; study_2; study_7",0.235362474352709
"LAMB4",0.0456765296877632,-0.0114673872150987,0.102820446590625,1.64850468221945,0.0992491506756895,0.736574955768544,NA,NA,NA,2,369,"study_1_EOAD_vs_CN; study_7_EOAD_vs_CN",2,"study_1; study_7",0.347869932803086
"GLG1",-0.0215471636738861,-0.0518125931042668,0.00871826575649471,-1.6475940488631,0.0994360024598354,0,-0.0210706932832582,-0.0269554359047062,-0.0160256694295711,6,985,"study_1_EOAD_vs_CN; study_11_EOAD_vs_CN; study_2_EOAD_vs_CN; study_4_EOAD_vs_CN; study_5_EOAD_vs_CN; study_7_EOAD_vs_CN",4,"study_1; study_11; study_4; study_7",0.222342891049551
"BACE1",0.0329950446978423,-0.00469979177569015,0.0706898811713747,1.64725430608387,0.0995057857262574,0,0.0320533166029603,0.0272251795071527,0.0375952130841799,5,875,"study_1_EOAD_vs_CN; study_11_EOAD_vs_CN; study_2_EOAD_vs_CN; study_5_EOAD_vs_CN; study_7_EOAD_vs_CN",3,"study_1; study_11; study_7",0.235758521368021
"TXNDC17",0.0114931135153369,-0.0220039085730834,0.0449901356037573,1.64678209295855,0.0996028433254969,0.556678877306969,0.0128868761556491,-0.00743178699180858,0.0411235468031953,6,1009,"study_1_EOAD_vs_CN; study_11_EOAD_vs_CN; study_2_EOAD_vs_CN; study_4_EOAD_vs_CN; study_5_EOAD_vs_CN; study_7_EOAD_vs_CN",4,"study_1; study_11; study_4; study_7",0.222342891049551
"ACVR2A",-0.11325963453894,-0.252537560269894,0.0260182911920147,-1.6450956156534,0.0999500946137429,0.563435985863007,NA,NA,NA,3,428,"study_11_EOAD_vs_CN; study_2_EOAD_vs_CN; study_3_Soma_EOAD_vs_CN",2,"study_11; study_2",0.348297730039697
"FGF19",-0.0905280184032617,-0.208570724369089,0.0275146875625659,-1.6446796390754,0.100035893837738,0.476005549636608,NA,NA,NA,4,649,"study_3_Olink_EOAD_vs_CN; study_3_Soma_EOAD_vs_CN; study_8_EOAD_vs_CN; study_9_EOAD_vs_CN",2,"study_3_Soma; study_8",0.348297730039697
"MEGF9",-0.0182642234819469,-0.057493581941186,0.0209651349772923,-1.6446658943798,0.100038729817203,0.641046568109189,-0.0178868751592582,-0.0544172644492136,0.0100274315697653,9,1705,"study_1_EOAD_vs_CN; study_10_EOAD_vs_CN; study_11_EOAD_vs_CN; study_2_EOAD_vs_CN; study_3_Olink_EOAD_vs_CN; study_4_EOAD_vs_CN; study_5_EOAD_vs_CN; study_8_EOAD_vs_CN; study_9_EOAD_vs_CN",4,"study_1; study_11; study_4; study_8",0.222685082191966
"SPINT2",-0.0177300300819052,-0.0595537438532279,0.0240936836894175,-1.64402443784957,0.100171154570301,0.644661657743602,-0.0178866050757299,-0.0573096997756867,0.00186632280040564,11,1835,"study_1_EOAD_vs_CN; study_10_EOAD_vs_CN; study_11_EOAD_vs_CN; study_2_EOAD_vs_CN; study_3_Olink_EOAD_vs_CN; study_3_Soma_EOAD_vs_CN; study_4_EOAD_vs_CN; study_5_EOAD_vs_CN; study_7_EOAD_vs_CN; study_8_EOAD_vs_CN; study_9_EOAD_vs_CN",5,"study_1; study_11; study_4; study_7; study_8",0.257065734017761
"FGB",0.0886468280006541,-0.0240880145215523,0.201381670522861,1.64174586134448,0.100642682999097,0,0.088931057026508,0.0741896550156321,0.111413623933976,8,1231,"study_1_EOAD_vs_CN; study_10_EOAD_vs_CN; study_11_EOAD_vs_CN; study_2_EOAD_vs_CN; study_3_Soma_EOAD_vs_CN; study_4_EOAD_vs_CN; study_5_EOAD_vs_CN; study_7_EOAD_vs_CN",4,"study_1; study_11; study_4; study_7",0.223398406206446
"TICAM2",0.0878033435423359,-0.00201049443959664,0.177617181524268,1.64064698914999,0.1008707148998,0.623866925299081,NA,NA,NA,3,166,"study_2_EOAD_vs_CN; study_3_Soma_EOAD_vs_CN; study_7_EOAD_vs_CN",2,"study_2; study_7",0.350041421241692
"NCSTN",0.0252386054349605,-0.0635750604432371,0.114052271313158,1.63700196800634,0.101630058358598,0,0.026815855064354,0.0144578074311254,0.0473278496781915,5,893,"study_1_EOAD_vs_CN; study_11_EOAD_vs_CN; study_2_EOAD_vs_CN; study_5_EOAD_vs_CN; study_7_EOAD_vs_CN",3,"study_1; study_11; study_7",0.239107198323746
"ANG",0.0841693039663689,0.00982170520777922,0.158516902724959,1.63639639315566,0.101756653577356,0.811246858694904,0.0879192594894455,0.0560328743008351,0.142910416716949,8,1134,"study_1_EOAD_vs_CN; study_10_EOAD_vs_CN; study_11_EOAD_vs_CN; study_2_EOAD_vs_CN; study_3_Olink_EOAD_vs_CN; study_3_Soma_EOAD_vs_CN; study_4_EOAD_vs_CN; study_5_EOAD_vs_CN",3,"study_1; study_11; study_4",0.239107198323746
"HAVCR2",0.0476270024445631,-0.0079715218108551,0.103225526699981,1.63614249854724,0.101809767498143,0.603161793703947,0.0479511147338836,0.00485501403259312,0.0714091118622077,9,1531,"study_1_EOAD_vs_CN; study_11_EOAD_vs_CN; study_2_EOAD_vs_CN; study_3_Olink_EOAD_vs_CN; study_3_Soma_EOAD_vs_CN; study_4_EOAD_vs_CN; study_5_EOAD_vs_CN; study_8_EOAD_vs_CN; study_9_EOAD_vs_CN",4,"study_1; study_11; study_4; study_8",0.225354204462182
"TXNDC15",-0.141017419730185,-0.327939578075878,0.0459047386155083,-1.63561728014131,0.101919711520413,0.559035121283919,NA,NA,NA,3,397,"study_11_EOAD_vs_CN; study_3_Olink_EOAD_vs_CN; study_3_Soma_EOAD_vs_CN",2,"study_11; study_3_Soma",0.352514381760372
"EFEMP2",0.0115746359454118,-0.0247577764971999,0.0479070483880235,1.63351218943274,0.102361319187591,0,0.0112511333235388,0.00534254280694318,0.0173535234826014,7,1118,"study_1_EOAD_vs_CN; study_10_EOAD_vs_CN; study_11_EOAD_vs_CN; study_2_EOAD_vs_CN; study_4_EOAD_vs_CN; study_5_EOAD_vs_CN; study_7_EOAD_vs_CN",4,"study_1; study_11; study_4; study_7",0.225940390811826
"DBH",-0.0631964511798183,-0.159271417292984,0.0328785149333479,-1.62579111743951,0.103994098590796,0,-0.0643287888937428,-0.105635976325269,-0.0220289220106081,6,960,"study_1_EOAD_vs_CN; study_11_EOAD_vs_CN; study_2_EOAD_vs_CN; study_4_EOAD_vs_CN; study_5_EOAD_vs_CN; study_7_EOAD_vs_CN",4,"study_1; study_11; study_4; study_7",0.228903211423316
"AVP",0.0553732512783763,-0.0173148316022992,0.128061334159052,1.62461193831493,0.104245271744725,0,NA,NA,NA,4,800,"study_1_EOAD_vs_CN; study_11_EOAD_vs_CN; study_2_EOAD_vs_CN; study_5_EOAD_vs_CN",2,"study_1; study_11",0.359371857856816
"LIFR",0.039848000023931,-0.0741090441108649,0.153805044158727,1.62417678875112,0.104338083187039,0.494263116130761,0.041991903221455,-0.0113217017233935,0.0958515376506341,6,1026,"study_11_EOAD_vs_CN; study_2_EOAD_vs_CN; study_3_Olink_EOAD_vs_CN; study_3_Soma_EOAD_vs_CN; study_8_EOAD_vs_CN; study_9_EOAD_vs_CN",3,"study_11; study_2; study_8",0.244168219261473
"ST6GALNAC6",-0.0697201708745545,-0.16969729823026,0.0302569564811511,-1.62125745372832,0.104962435577293,0,NA,NA,NA,3,623,"study_3_Soma_EOAD_vs_CN; study_8_EOAD_vs_CN; study_9_EOAD_vs_CN",2,"study_3_Soma; study_8",0.360657811426241
"LAIR2",0.157055142135085,-0.0639614577273684,0.378071741997538,1.62002690563781,0.105226497376552,0.890528719543187,0.129847688802361,0.0250478796879538,0.186345139513189,5,759,"study_2_EOAD_vs_CN; study_3_Olink_EOAD_vs_CN; study_7_EOAD_vs_CN; study_8_EOAD_vs_CN; study_9_EOAD_vs_CN",3,"study_2; study_7; study_8",0.245202214958545
"F5",-0.0350055394965801,-0.105013148414149,0.0350020694209884,-1.61617877805669,0.106055665725164,0.763696707076502,-0.0433687837223763,-0.127394001925785,0.0119381312326246,7,1109,"study_1_EOAD_vs_CN; study_10_EOAD_vs_CN; study_11_EOAD_vs_CN; study_2_EOAD_vs_CN; study_3_Soma_EOAD_vs_CN; study_4_EOAD_vs_CN; study_5_EOAD_vs_CN",3,"study_1; study_11; study_4",0.245202214958545
"SFRP4",-0.0497357626975234,-0.133297554537628,0.0338260291425808,-1.61612075085277,0.10606820857226,0.365422167525297,-0.0457398108757417,-0.0704986439712052,-0.0258380115830347,6,916,"study_1_EOAD_vs_CN; study_11_EOAD_vs_CN; study_2_EOAD_vs_CN; study_3_Soma_EOAD_vs_CN; study_4_EOAD_vs_CN; study_5_EOAD_vs_CN",3,"study_1; study_11; study_4",0.245202214958545
"PVR",-0.0233880029346059,-0.0673399621682309,0.0205639562990191,-1.61278797041106,0.106790580507219,0,-0.0229046907837208,-0.0474685997168745,2.35646786045342e-05,9,1629,"study_1_EOAD_vs_CN; study_11_EOAD_vs_CN; study_2_EOAD_vs_CN; study_3_Olink_EOAD_vs_CN; study_4_EOAD_vs_CN; study_5_EOAD_vs_CN; study_7_EOAD_vs_CN; study_8_EOAD_vs_CN; study_9_EOAD_vs_CN",5,"study_1; study_11; study_4; study_7; study_8",0.270790400571876
"JPT1",0.11369984341252,-0.0655571331418741,0.292956819966913,1.60873930848419,0.107673356696688,0.554282685823253,NA,NA,NA,3,443,"study_11_EOAD_vs_CN; study_2_EOAD_vs_CN; study_3_Soma_EOAD_vs_CN",2,"study_11; study_2",0.368763653000423
"APOC1",-0.0679535876406309,-0.199323861053538,0.0634166857722764,-1.607350606581,0.107977478773496,0.0153373425939085,-0.0656028988392698,-0.0927326466120259,-0.0279007014631201,8,1231,"study_1_EOAD_vs_CN; study_10_EOAD_vs_CN; study_11_EOAD_vs_CN; study_2_EOAD_vs_CN; study_3_Soma_EOAD_vs_CN; study_4_EOAD_vs_CN; study_5_EOAD_vs_CN; study_7_EOAD_vs_CN",4,"study_1; study_11; study_4; study_7",0.237009062043216
"IL18BP",0.0526107839889767,0.00516925759133166,0.100052310386622,1.60023655057163,0.109546116555384,0.836445839706181,0.0527471935937512,0.0100204947734908,0.0759304816560404,10,1614,"study_1_EOAD_vs_CN; study_11_EOAD_vs_CN; study_2_EOAD_vs_CN; study_3_Olink_EOAD_vs_CN; study_3_Soma_EOAD_vs_CN; study_4_EOAD_vs_CN; study_5_EOAD_vs_CN; study_7_EOAD_vs_CN; study_8_EOAD_vs_CN; study_9_EOAD_vs_CN",5,"study_1; study_11; study_4; study_7; study_8",0.271460777481282
"CA4",-0.0380077845693853,-0.0890272584317885,0.0130116892930178,-1.59997611590552,0.109603881987748,0,-0.0373688002802604,-0.0561582583715332,-0.0155956556645821,10,1638,"study_1_EOAD_vs_CN; study_11_EOAD_vs_CN; study_2_EOAD_vs_CN; study_3_Olink_EOAD_vs_CN; study_3_Soma_EOAD_vs_CN; study_4_EOAD_vs_CN; study_5_EOAD_vs_CN; study_7_EOAD_vs_CN; study_8_EOAD_vs_CN; study_9_EOAD_vs_CN",5,"study_1; study_11; study_4; study_7; study_8",0.271460777481282
"DYNC1I2",0.106318137111686,-0.0190160726095983,0.23165234683297,1.59953591000463,0.10970157612831,0,NA,NA,NA,2,351,"study_11_EOAD_vs_CN; study_2_EOAD_vs_CN",2,"study_11; study_2",0.373416811272207
"CSMD1",-0.0895897123434267,-0.226287865114841,0.0471084404279881,-1.59934198513863,0.109744635373893,0,NA,NA,NA,4,584,"study_1_EOAD_vs_CN; study_11_EOAD_vs_CN; study_2_EOAD_vs_CN; study_3_Soma_EOAD_vs_CN",2,"study_1; study_11",0.373416811272207
"EPDR1",-0.0526671826419871,-0.117825136747062,0.0124907714630882,-1.59859783850035,0.109909990328559,0.224126510797566,-0.0522322368728138,-0.0696415580474182,-0.0422595487834537,7,1037,"study_1_EOAD_vs_CN; study_11_EOAD_vs_CN; study_2_EOAD_vs_CN; study_3_Soma_EOAD_vs_CN; study_4_EOAD_vs_CN; study_5_EOAD_vs_CN; study_7_EOAD_vs_CN",4,"study_1; study_11; study_4; study_7",0.240563803574684
"IGKV1D-33",-0.0476026924075395,-0.120869555615768,0.0256641708006886,-1.59660894765998,0.110352903167165,0.491487411348228,-0.0501379556508785,-0.0671682976777381,-0.0300707398770968,6,1085,"study_1_EOAD_vs_CN; study_10_EOAD_vs_CN; study_11_EOAD_vs_CN; study_2_EOAD_vs_CN; study_5_EOAD_vs_CN; study_7_EOAD_vs_CN",3,"study_1; study_11; study_7",0.254078660114723
"LFNG",0.0128108379262462,-0.0217631180891339,0.0473847939416262,1.59606922600567,0.110473338503114,0.418653668841729,0.0103671204230802,-0.0124756732498419,0.0319262969998512,6,1008,"study_1_EOAD_vs_CN; study_11_EOAD_vs_CN; study_2_EOAD_vs_CN; study_4_EOAD_vs_CN; study_5_EOAD_vs_CN; study_7_EOAD_vs_CN",4,"study_1; study_11; study_4; study_7",0.240563803574684
"PTGDS",0.0156644740887174,-0.0146671963328551,0.04599614451029,1.59589242380445,0.110512813317304,0.548984271105721,0.0169880030171078,-0.00136593778131208,0.0435416643794599,8,1231,"study_1_EOAD_vs_CN; study_10_EOAD_vs_CN; study_11_EOAD_vs_CN; study_2_EOAD_vs_CN; study_3_Soma_EOAD_vs_CN; study_4_EOAD_vs_CN; study_5_EOAD_vs_CN; study_7_EOAD_vs_CN",4,"study_1; study_11; study_4; study_7",0.240563803574684
"CAPNS1",-0.0926662334303102,-0.207101597957485,0.0217691310968643,-1.58758403239584,0.112380431242693,0,NA,NA,NA,3,352,"study_11_EOAD_vs_CN; study_2_EOAD_vs_CN; study_3_Soma_EOAD_vs_CN",2,"study_11; study_2",0.37994010550331
"ACTA2",0.0486103301463765,-0.0106055074675412,0.107826167760294,1.58755560736974,0.112386863269109,0,NA,NA,NA,2,442,"study_1_EOAD_vs_CN; study_7_EOAD_vs_CN",2,"study_1; study_7",0.37994010550331
"SCUBE1",0.0354489612453828,-0.0101285438832733,0.0810264663740389,1.58425473663693,0.113135761648283,0.0957343711819615,0.0347128062422097,0.012966784689602,0.0485061657294689,6,885,"study_1_EOAD_vs_CN; study_11_EOAD_vs_CN; study_2_EOAD_vs_CN; study_3_Soma_EOAD_vs_CN; study_4_EOAD_vs_CN; study_5_EOAD_vs_CN",3,"study_1; study_11; study_4",0.258552321394591
"CYTL1",0.0586472619171607,-0.0342602311654009,0.151554754999722,1.58396562539984,0.113201541766458,0,0.0585007218210813,0.0446506581189564,0.0757188257200238,6,916,"study_1_EOAD_vs_CN; study_11_EOAD_vs_CN; study_2_EOAD_vs_CN; study_3_Soma_EOAD_vs_CN; study_4_EOAD_vs_CN; study_5_EOAD_vs_CN",3,"study_1; study_11; study_4",0.258552321394591
"GAS6",-0.0160918927563181,-0.0471560818119493,0.0149722962993131,-1.58340301127798,0.113329637083857,0.511453698947956,-0.0161337847106489,-0.0313807450930313,-0.00778028071932682,10,1658,"study_1_EOAD_vs_CN; study_11_EOAD_vs_CN; study_2_EOAD_vs_CN; study_3_Olink_EOAD_vs_CN; study_3_Soma_EOAD_vs_CN; study_4_EOAD_vs_CN; study_5_EOAD_vs_CN; study_7_EOAD_vs_CN; study_8_EOAD_vs_CN; study_9_EOAD_vs_CN",5,"study_1; study_11; study_4; study_7; study_8",0.272177405066903
"DSC2",0.0538020380009248,0.00703751734121301,0.100566558660637,1.58161337551462,0.113737858678461,0.708500231732661,0.0546052363800372,0.0181165268156809,0.0810744684979318,10,1653,"study_1_EOAD_vs_CN; study_11_EOAD_vs_CN; study_2_EOAD_vs_CN; study_3_Olink_EOAD_vs_CN; study_3_Soma_EOAD_vs_CN; study_4_EOAD_vs_CN; study_5_EOAD_vs_CN; study_7_EOAD_vs_CN; study_8_EOAD_vs_CN; study_9_EOAD_vs_CN",5,"study_1; study_11; study_4; study_7; study_8",0.272177405066903
"CXCL13",0.145684401697909,-0.000144729625783019,0.291513533021602,1.58075258188514,0.113934620442298,0.92864260373685,NA,NA,NA,4,649,"study_3_Olink_EOAD_vs_CN; study_3_Soma_EOAD_vs_CN; study_8_EOAD_vs_CN; study_9_EOAD_vs_CN",2,"study_3_Soma; study_8",0.383934026442213
"RARRES2",0.0396656285405426,-0.00836190510633139,0.0876931621874165,1.57906071303118,0.114322131872685,0,0.0391839795226376,0.0240152114706442,0.0507959536399806,11,1852,"study_1_EOAD_vs_CN; study_10_EOAD_vs_CN; study_11_EOAD_vs_CN; study_2_EOAD_vs_CN; study_3_Olink_EOAD_vs_CN; study_3_Soma_EOAD_vs_CN; study_4_EOAD_vs_CN; study_5_EOAD_vs_CN; study_7_EOAD_vs_CN; study_8_EOAD_vs_CN; study_9_EOAD_vs_CN",5,"study_1; study_11; study_4; study_7; study_8",0.272177405066903
"PRELP",0.038779925267765,-0.00725878763957337,0.0848186381751034,1.57609228254829,0.115004537352213,0.428933291028771,0.0381123983755975,0.0123415848338871,0.0511352569959792,10,1799,"study_1_EOAD_vs_CN; study_10_EOAD_vs_CN; study_11_EOAD_vs_CN; study_2_EOAD_vs_CN; study_3_Olink_EOAD_vs_CN; study_4_EOAD_vs_CN; study_5_EOAD_vs_CN; study_7_EOAD_vs_CN; study_8_EOAD_vs_CN; study_9_EOAD_vs_CN",5,"study_1; study_11; study_4; study_7; study_8",0.272177405066903
"CEMIP",0.0201674175610059,-0.00705727321995002,0.0473921083419619,1.57365202474525,0.115567918748324,0,0.0201795365126121,0.0191217754118734,0.0218648666967243,6,1008,"study_1_EOAD_vs_CN; study_11_EOAD_vs_CN; study_2_EOAD_vs_CN; study_4_EOAD_vs_CN; study_5_EOAD_vs_CN; study_7_EOAD_vs_CN",4,"study_1; study_11; study_4; study_7",0.250874710671292
"MT1E",-0.0836998573476646,-0.166765525270267,-0.000634189425062617,-1.57263021813838,0.115804466415536,0.726576315396187,NA,NA,NA,2,436,"study_11_EOAD_vs_CN; study_4_EOAD_vs_CN",2,"study_11; study_4",0.388984233344491
"IGF1",-0.0406571130963529,-0.0955399429127915,0.0142257167200858,-1.56999869303914,0.116415415335401,0,NA,NA,NA,5,816,"study_1_EOAD_vs_CN; study_11_EOAD_vs_CN; study_2_EOAD_vs_CN; study_3_Soma_EOAD_vs_CN; study_5_EOAD_vs_CN",2,"study_1; study_11",0.389500743043799
"SPTB",-0.146451329860985,-0.335325279593355,0.0424226198713837,-1.56876992530688,0.116701558507398,0,NA,NA,NA,3,656,"study_1_EOAD_vs_CN; study_11_EOAD_vs_CN; study_2_EOAD_vs_CN",2,"study_1; study_11",0.389500743043799
"VCL",0.0341657666330917,-0.0175829100756492,0.0859144433418327,1.56575112841327,0.11740689153595,0.185452483323343,0.0342893987163125,0.017610022041877,0.0502241793626979,6,934,"study_1_EOAD_vs_CN; study_11_EOAD_vs_CN; study_2_EOAD_vs_CN; study_4_EOAD_vs_CN; study_5_EOAD_vs_CN; study_7_EOAD_vs_CN",4,"study_1; study_11; study_4; study_7",0.253719693320317
"LAMB1",-0.019383335265802,-0.0473846701274774,0.0086179995958733,-1.56514039637913,0.117549993404774,0.028459011909547,-0.0183075236935538,-0.0277132690471295,-0.0079811315930047,7,1110,"study_1_EOAD_vs_CN; study_10_EOAD_vs_CN; study_11_EOAD_vs_CN; study_2_EOAD_vs_CN; study_4_EOAD_vs_CN; study_5_EOAD_vs_CN; study_7_EOAD_vs_CN",4,"study_1; study_11; study_4; study_7",0.253719693320317
"VWA1",-0.0199377464171157,-0.0581623141228031,0.0182868212885718,-1.5638856457346,0.117844426085325,0.349258678527895,-0.018285651240014,-0.0290654474347447,-0.00900755482552478,8,1025,"study_1_EOAD_vs_CN; study_11_EOAD_vs_CN; study_2_EOAD_vs_CN; study_3_Olink_EOAD_vs_CN; study_3_Soma_EOAD_vs_CN; study_4_EOAD_vs_CN; study_5_EOAD_vs_CN; study_7_EOAD_vs_CN",4,"study_1; study_11; study_4; study_7",0.253719693320317
"ADAMTSL4",-0.0511790199800794,-0.153196098181179,0.0508380582210198,-1.56267125135682,0.118129939712607,0,NA,NA,NA,4,735,"study_1_EOAD_vs_CN; study_11_EOAD_vs_CN; study_2_EOAD_vs_CN; study_5_EOAD_vs_CN",2,"study_1; study_11",0.393016434345434
"RAB1A",-0.0439051433064526,-0.111881433216187,0.0240711466032816,-1.55856073616454,0.119100382227651,0.432299144889067,NA,NA,NA,5,727,"study_1_EOAD_vs_CN; study_11_EOAD_vs_CN; study_2_EOAD_vs_CN; study_3_Soma_EOAD_vs_CN; study_5_EOAD_vs_CN",2,"study_1; study_11",0.39499114105879
"PDGFRA",-0.119730647885717,-0.228894304969245,-0.0105669908021887,-1.5580709345966,0.11921643382372,0.819839344368967,-0.119260878367432,-0.175364703957963,-0.0170348735918314,8,1304,"study_1_EOAD_vs_CN; study_11_EOAD_vs_CN; study_2_EOAD_vs_CN; study_3_Olink_EOAD_vs_CN; study_3_Soma_EOAD_vs_CN; study_5_EOAD_vs_CN; study_8_EOAD_vs_CN; study_9_EOAD_vs_CN",3,"study_1; study_11; study_8",0.270389429932373
"CFHR2",0.136432447150329,0.0122224721412996,0.260642422159358,1.55758676943103,0.119331237027948,0.72480510977796,0.14225370598938,0.0905181842486788,0.237007124548331,7,1102,"study_1_EOAD_vs_CN; study_10_EOAD_vs_CN; study_11_EOAD_vs_CN; study_2_EOAD_vs_CN; study_3_Soma_EOAD_vs_CN; study_4_EOAD_vs_CN; study_5_EOAD_vs_CN",3,"study_1; study_11; study_4",0.270389429932373
"ENDOD1",-0.0267259753130967,-0.0568023210097956,0.00335037038360219,-1.55669295326791,0.119543402508921,0.180646674064915,-0.0251016818240769,-0.0371334541923595,-0.0014100720498497,7,1195,"study_1_EOAD_vs_CN; study_10_EOAD_vs_CN; study_11_EOAD_vs_CN; study_2_EOAD_vs_CN; study_4_EOAD_vs_CN; study_5_EOAD_vs_CN; study_7_EOAD_vs_CN",4,"study_1; study_11; study_4; study_7",0.256676297485094
"LIPG",-0.0953338133560421,-0.22330527260392,0.0326376458918361,-1.55291330305483,0.120443848202195,0,NA,NA,NA,2,415,"study_11_EOAD_vs_CN; study_3_Soma_EOAD_vs_CN",2,"study_11; study_3_Soma",0.39748576351498
"LINGO2",-0.245356066008874,-0.529710928317725,0.0389987962999776,-1.55221353668214,0.120611138165805,0.945939105976232,NA,NA,NA,3,395,"study_11_EOAD_vs_CN; study_2_EOAD_vs_CN; study_5_EOAD_vs_CN",2,"study_11; study_2",0.39748576351498
"ADAM15",-0.0224590120098721,-0.069220252517315,0.0243022284975708,-1.5495056129469,0.121260223268558,0.836215084125353,-0.0232596526623612,-0.0585531891175464,0.0160439371389401,8,996,"study_1_EOAD_vs_CN; study_11_EOAD_vs_CN; study_2_EOAD_vs_CN; study_3_Olink_EOAD_vs_CN; study_3_Soma_EOAD_vs_CN; study_4_EOAD_vs_CN; study_5_EOAD_vs_CN; study_7_EOAD_vs_CN",4,"study_1; study_11; study_4; study_7",0.259655043303325
"TLL1",-0.0963453620297091,-0.204230251970964,0.011539527911546,-1.548999882243,0.121381748383188,0.657878927436574,-0.0785842758873508,-0.120737831463217,-0.0168545031057886,5,585,"study_11_EOAD_vs_CN; study_2_EOAD_vs_CN; study_3_Soma_EOAD_vs_CN; study_5_EOAD_vs_CN; study_7_EOAD_vs_CN",3,"study_11; study_2; study_7",0.273948530935971
"PCM1",0.191579271146172,-0.0473583162085522,0.430516858500897,1.54694696595484,0.121876034568775,0.671802976830154,NA,NA,NA,2,344,"study_11_EOAD_vs_CN; study_2_EOAD_vs_CN",2,"study_11; study_2",0.399360196426412
"TMEM106B",-0.116789343243325,-0.299561402970366,0.0659827164837156,-1.54667329936718,0.121942044710355,0,NA,NA,NA,2,347,"study_11_EOAD_vs_CN; study_3_Soma_EOAD_vs_CN",2,"study_11; study_3_Soma",0.399360196426412
"TNFSF13B",0.0694524758938883,0.00718406858534491,0.131720883202432,1.5459245513141,0.1221227904058,0.84298015779074,0.0688125839071478,0.0349013304258446,0.122604167923535,8,1421,"study_1_EOAD_vs_CN; study_11_EOAD_vs_CN; study_2_EOAD_vs_CN; study_3_Olink_EOAD_vs_CN; study_3_Soma_EOAD_vs_CN; study_5_EOAD_vs_CN; study_8_EOAD_vs_CN; study_9_EOAD_vs_CN",3,"study_1; study_11; study_8",0.274535879219339
"BCAN",-0.0253556308709211,-0.0534785374818893,0.00276727574004716,-1.54585817519099,0.122138823516365,0.459628867612888,-0.0252889119526969,-0.0312816749236109,-0.0187923756555828,11,1850,"study_1_EOAD_vs_CN; study_10_EOAD_vs_CN; study_11_EOAD_vs_CN; study_2_EOAD_vs_CN; study_3_Olink_EOAD_vs_CN; study_3_Soma_EOAD_vs_CN; study_4_EOAD_vs_CN; study_5_EOAD_vs_CN; study_7_EOAD_vs_CN; study_8_EOAD_vs_CN; study_9_EOAD_vs_CN",5,"study_1; study_11; study_4; study_7; study_8",0.285885378120724
"SERPINI1",-0.0408392792736732,-0.0891704938197739,0.00749193527242759,-1.54380603755612,0.122635328266047,0.389311624512341,-0.0394570263799409,-0.0560791181379874,-0.0193513503003528,7,1204,"study_1_EOAD_vs_CN; study_10_EOAD_vs_CN; study_11_EOAD_vs_CN; study_2_EOAD_vs_CN; study_4_EOAD_vs_CN; study_5_EOAD_vs_CN; study_7_EOAD_vs_CN",4,"study_1; study_11; study_4; study_7",0.261887909684674
"LMNA",-0.179760912869538,-0.507352164108962,0.147830338369886,-1.54236000568582,0.122986134701242,0,NA,NA,NA,4,568,"study_1_EOAD_vs_CN; study_11_EOAD_vs_CN; study_2_EOAD_vs_CN; study_5_EOAD_vs_CN",2,"study_1; study_11",0.401524826065115
"PTGR1",-0.129876750473456,-0.304929421904968,0.0451759209580561,-1.54028396971486,0.12349114949868,0,NA,NA,NA,4,659,"study_1_EOAD_vs_CN; study_11_EOAD_vs_CN; study_2_EOAD_vs_CN; study_3_Soma_EOAD_vs_CN",2,"study_1; study_11",0.401601091212598
"EFCAB14",-0.0413904832510596,-0.0887161455131632,0.00593517901104394,-1.53986795869843,0.123592542433378,0.645581975656511,-0.0398363251362356,-0.0562360016299528,-0.0165250160890374,7,1037,"study_1_EOAD_vs_CN; study_11_EOAD_vs_CN; study_2_EOAD_vs_CN; study_3_Soma_EOAD_vs_CN; study_4_EOAD_vs_CN; study_5_EOAD_vs_CN; study_7_EOAD_vs_CN",4,"study_1; study_11; study_4; study_7",0.263117535889947
"AP1B1",0.0704593351701001,-0.0314364551806232,0.172355125520823,1.53911628998961,0.123775908837471,0.621811399350744,NA,NA,NA,5,806,"study_1_EOAD_vs_CN; study_11_EOAD_vs_CN; study_2_EOAD_vs_CN; study_3_Soma_EOAD_vs_CN; study_5_EOAD_vs_CN",2,"study_1; study_11",0.401601091212598
"MMP14",0.0156371365026234,-0.0279613186723077,0.0592355916775546,1.53869431287309,0.12387894138981,0.162530593961522,0.016066281892319,0.00102837913539012,0.0321227408277838,7,1031,"study_1_EOAD_vs_CN; study_11_EOAD_vs_CN; study_2_EOAD_vs_CN; study_3_Soma_EOAD_vs_CN; study_4_EOAD_vs_CN; study_5_EOAD_vs_CN; study_7_EOAD_vs_CN",4,"study_1; study_11; study_4; study_7",0.263117535889947
"FGFRL1",-0.109405086770976,-0.267424996394856,0.0486148228529033,-1.53559525853094,0.124637677806222,0,NA,NA,NA,2,239,"study_11_EOAD_vs_CN; study_3_Soma_EOAD_vs_CN",2,"study_11; study_3_Soma",0.403149031916423
"OAF",-0.0276756595254355,-0.0649321094752909,0.0095807904244199,-1.53458920636223,0.124884765628787,0,-0.0269151725213783,-0.0313069706537709,-0.0191275695911319,8,1230,"study_1_EOAD_vs_CN; study_10_EOAD_vs_CN; study_11_EOAD_vs_CN; study_2_EOAD_vs_CN; study_3_Soma_EOAD_vs_CN; study_4_EOAD_vs_CN; study_5_EOAD_vs_CN; study_7_EOAD_vs_CN",4,"study_1; study_11; study_4; study_7",0.264497761324546
"PSAP",-0.0309932541398871,-0.0812713544622313,0.0192848461824572,-1.5333076019203,0.125200082454386,0,-0.0315590101362409,-0.0358652076728606,-0.0275489475000062,8,1219,"study_1_EOAD_vs_CN; study_10_EOAD_vs_CN; study_11_EOAD_vs_CN; study_2_EOAD_vs_CN; study_3_Soma_EOAD_vs_CN; study_4_EOAD_vs_CN; study_5_EOAD_vs_CN; study_7_EOAD_vs_CN",4,"study_1; study_11; study_4; study_7",0.264497761324546
"SERPINF1",-0.0202886482145471,-0.0603130696447543,0.0197357732156601,-1.53054350537428,0.125882253372311,0.33583286512282,-0.0217375903256806,-0.0523505955124477,0.000680894929756998,8,1231,"study_1_EOAD_vs_CN; study_10_EOAD_vs_CN; study_11_EOAD_vs_CN; study_2_EOAD_vs_CN; study_3_Soma_EOAD_vs_CN; study_4_EOAD_vs_CN; study_5_EOAD_vs_CN; study_7_EOAD_vs_CN",4,"study_1; study_11; study_4; study_7",0.265227849351286
"CBLN1",-0.043231464468852,-0.108582675504415,0.0221197465667112,-1.52839200990505,0.126415237444951,0,-0.0441059636817406,-0.0543494759990056,-0.0327919036673049,8,1180,"study_1_EOAD_vs_CN; study_10_EOAD_vs_CN; study_11_EOAD_vs_CN; study_2_EOAD_vs_CN; study_3_Soma_EOAD_vs_CN; study_4_EOAD_vs_CN; study_5_EOAD_vs_CN; study_7_EOAD_vs_CN",4,"study_1; study_11; study_4; study_7",0.265640552284323
"F10",0.0458634229503992,-0.00987621542579189,0.10160306132659,1.52378618374645,0.127562132013481,0.489218643361714,0.0501935595294054,0.0256296228136456,0.062700423099435,7,1108,"study_1_EOAD_vs_CN; study_10_EOAD_vs_CN; study_11_EOAD_vs_CN; study_2_EOAD_vs_CN; study_3_Soma_EOAD_vs_CN; study_4_EOAD_vs_CN; study_5_EOAD_vs_CN",3,"study_1; study_11; study_4",0.284726847151501
"IGHG1",-0.0529050456646352,-0.133059533672565,0.0272494423432946,-1.523421175516,0.127653367549534,0,-0.0535964398392836,-0.0625552689889789,-0.0470358892288011,7,1152,"study_1_EOAD_vs_CN; study_10_EOAD_vs_CN; study_11_EOAD_vs_CN; study_2_EOAD_vs_CN; study_3_Soma_EOAD_vs_CN; study_5_EOAD_vs_CN; study_7_EOAD_vs_CN",3,"study_1; study_11; study_7",0.284726847151501
"MAP2",0.031444056431167,-0.141036407885108,0.203924520747442,1.52225432208228,0.127945368585372,0.859219599343736,NA,NA,NA,3,483,"study_1_EOAD_vs_CN; study_11_EOAD_vs_CN; study_2_EOAD_vs_CN",2,"study_1; study_11",0.411920288311623
"BPGM",-0.235440594994785,-0.511813179144436,0.0409319891548657,-1.52085998198264,0.128294978221228,0.466778590359666,NA,NA,NA,4,490,"study_11_EOAD_vs_CN; study_2_EOAD_vs_CN; study_3_Soma_EOAD_vs_CN; study_5_EOAD_vs_CN",2,"study_11; study_2",0.411920288311623
"SH3BGRL2",0.115635648355123,-0.0514044466306042,0.282675743340851,1.51993002538519,0.128528563242272,0.594620187739338,NA,NA,NA,3,307,"study_11_EOAD_vs_CN; study_2_EOAD_vs_CN; study_3_Soma_EOAD_vs_CN",2,"study_11; study_2",0.411920288311623
"PCDH9",-0.0352334985180598,-0.0767022169152252,0.00623521987910561,-1.51868977324294,0.128840602006552,0.5532005662768,-0.0334568799597037,-0.0486368907099838,-0.0172068020855596,7,1036,"study_1_EOAD_vs_CN; study_11_EOAD_vs_CN; study_2_EOAD_vs_CN; study_3_Soma_EOAD_vs_CN; study_4_EOAD_vs_CN; study_5_EOAD_vs_CN; study_7_EOAD_vs_CN",4,"study_1; study_11; study_4; study_7",0.269426189032562
"LCAT",-0.0460910376453981,-0.112122797645295,0.0199407223544986,-1.51845156607485,0.128900600590452,0.64429551919588,-0.0491350892532717,-0.0874235172669644,-0.0192059626209482,8,1230,"study_1_EOAD_vs_CN; study_10_EOAD_vs_CN; study_11_EOAD_vs_CN; study_2_EOAD_vs_CN; study_3_Soma_EOAD_vs_CN; study_4_EOAD_vs_CN; study_5_EOAD_vs_CN; study_7_EOAD_vs_CN",4,"study_1; study_11; study_4; study_7",0.269426189032562
"MANEA",0.0390266266040129,-0.0682523305616288,0.146305583769655,1.51759277225461,0.129117090059528,0.237540599801267,0.0479433596050742,0.0337942903135689,0.0750328959892368,4,528,"study_11_EOAD_vs_CN; study_2_EOAD_vs_CN; study_3_Soma_EOAD_vs_CN; study_7_EOAD_vs_CN",3,"study_11; study_2; study_7",0.28657644490047
"NENF",-0.0227714969725321,-0.047845552939213,0.00230255899414885,-1.51669782018361,0.129342994918077,0.2571271409113,-0.0230747189590738,-0.0357418881166553,-0.016247093254262,6,1004,"study_1_EOAD_vs_CN; study_11_EOAD_vs_CN; study_2_EOAD_vs_CN; study_4_EOAD_vs_CN; study_5_EOAD_vs_CN; study_7_EOAD_vs_CN",4,"study_1; study_11; study_4; study_7",0.26963566136361
"TUBA1C",0.110881319323339,-0.0611283603055486,0.282890998952227,1.51656663283972,0.129376135162937,0,NA,NA,NA,2,503,"study_11_EOAD_vs_CN; study_7_EOAD_vs_CN",2,"study_11; study_7",0.413372529423042
"C4BPB",-0.0566895461604994,-0.185871086469241,0.072491994148242,-1.51613041212637,0.129486379657305,0.723703843045776,-0.0426051793626433,-0.127022478994274,0.0142135628007926,5,834,"study_1_EOAD_vs_CN; study_11_EOAD_vs_CN; study_2_EOAD_vs_CN; study_4_EOAD_vs_CN; study_5_EOAD_vs_CN",3,"study_1; study_11; study_4",0.28657644490047
"LAMC3",0.0332289342454816,-0.0123893487743535,0.0788472172653167,1.5147523454449,0.129835132785949,0,0.0321983522597735,0.0251931446456052,0.0406242689004237,6,970,"study_1_EOAD_vs_CN; study_11_EOAD_vs_CN; study_2_EOAD_vs_CN; study_4_EOAD_vs_CN; study_5_EOAD_vs_CN; study_7_EOAD_vs_CN",4,"study_1; study_11; study_4; study_7",0.269947452863662
"CRK",0.0858391674869677,-0.110954735700328,0.282633070674264,1.51406398521341,0.130009611878409,0.932517450494803,NA,NA,NA,3,415,"study_11_EOAD_vs_CN; study_2_EOAD_vs_CN; study_3_Soma_EOAD_vs_CN",2,"study_11; study_2",0.413770726602746
"CD38",0.103080890975649,-0.0403924482627497,0.246554230214047,1.51295771311884,0.130290400552391,0.552930729573148,NA,NA,NA,3,622,"study_3_Olink_EOAD_vs_CN; study_8_EOAD_vs_CN; study_9_EOAD_vs_CN",2,"study_3_Olink; study_8",0.413770726602746
"SIAE",-0.0339872204103043,-0.0887272134436156,0.020752772623007,-1.51054358244508,0.130904777389301,0,-0.0351290541923924,-0.0624272970465999,-0.0122683196328905,8,1169,"study_1_EOAD_vs_CN; study_10_EOAD_vs_CN; study_11_EOAD_vs_CN; study_2_EOAD_vs_CN; study_3_Soma_EOAD_vs_CN; study_4_EOAD_vs_CN; study_5_EOAD_vs_CN; study_7_EOAD_vs_CN",4,"study_1; study_11; study_4; study_7",0.270656601057636
"SERPINA6",-0.0250485386880313,-0.103536536919021,0.0534394595429584,-1.51032169694108,0.130961358023322,0.629381041588443,-0.0225985507233103,-0.0562984108880294,0.0309861176784826,7,1204,"study_1_EOAD_vs_CN; study_10_EOAD_vs_CN; study_11_EOAD_vs_CN; study_2_EOAD_vs_CN; study_4_EOAD_vs_CN; study_5_EOAD_vs_CN; study_7_EOAD_vs_CN",4,"study_1; study_11; study_4; study_7",0.270656601057636
"OXT",0.0304238122679866,-0.0130589550539048,0.0739065795898781,1.50936071600802,0.131206626401037,0.460531766145851,0.0310750168739842,0.0199209468253606,0.0460263539363935,7,999,"study_1_EOAD_vs_CN; study_11_EOAD_vs_CN; study_2_EOAD_vs_CN; study_3_Soma_EOAD_vs_CN; study_4_EOAD_vs_CN; study_5_EOAD_vs_CN; study_7_EOAD_vs_CN",4,"study_1; study_11; study_4; study_7",0.270656601057636
"RPS28",0.158563023373537,-0.0321237542840632,0.349249801031137,1.50763241184573,0.131648632560819,0,NA,NA,NA,2,255,"study_11_EOAD_vs_CN; study_2_EOAD_vs_CN",2,"study_11; study_2",0.415350390654404
"SORCS2",0.0124646468790642,-0.0255791370196712,0.0505084307777996,1.5075226114295,0.131676752474326,0.466352664510072,0.0126163135144499,-0.00064410028768662,0.0334024640833175,10,1808,"study_1_EOAD_vs_CN; study_10_EOAD_vs_CN; study_11_EOAD_vs_CN; study_2_EOAD_vs_CN; study_3_Olink_EOAD_vs_CN; study_4_EOAD_vs_CN; study_5_EOAD_vs_CN; study_7_EOAD_vs_CN; study_8_EOAD_vs_CN; study_9_EOAD_vs_CN",5,"study_1; study_11; study_4; study_7; study_8",0.297401006534996
"SCN4B",-0.0308443517269283,-0.0778940270635732,0.0162053236097165,-1.50749380242213,0.131684131239061,0.518713697910367,-0.0307600425200293,-0.0415358205077815,-0.0225206873212251,6,1002,"study_1_EOAD_vs_CN; study_11_EOAD_vs_CN; study_2_EOAD_vs_CN; study_4_EOAD_vs_CN; study_5_EOAD_vs_CN; study_7_EOAD_vs_CN",4,"study_1; study_11; study_4; study_7",0.270932364011436
"SEMA7A",-0.0371455996592397,-0.0858271471779544,0.011535947859475,-1.50746207483274,0.131692257902268,0.411734656573004,-0.0369369010748377,-0.0556760759934098,-0.0227944591820414,11,1852,"study_1_EOAD_vs_CN; study_10_EOAD_vs_CN; study_11_EOAD_vs_CN; study_2_EOAD_vs_CN; study_3_Olink_EOAD_vs_CN; study_3_Soma_EOAD_vs_CN; study_4_EOAD_vs_CN; study_5_EOAD_vs_CN; study_7_EOAD_vs_CN; study_8_EOAD_vs_CN; study_9_EOAD_vs_CN",5,"study_1; study_11; study_4; study_7; study_8",0.297401006534996
"PRRG1",-0.121931326473745,-0.230197221556431,-0.0136654313910576,-1.50741304021897,0.131704818328608,0.801035859333333,-0.117577150273867,-0.231038144411646,-0.0124383328772827,5,849,"study_1_EOAD_vs_CN; study_11_EOAD_vs_CN; study_2_EOAD_vs_CN; study_4_EOAD_vs_CN; study_5_EOAD_vs_CN",3,"study_1; study_11; study_4",0.290360815697433
"PDCD6IP",-0.0641797084867835,-0.166411829375368,0.0380524124018013,-1.50734122183232,0.131723216591734,0,NA,NA,NA,5,781,"study_1_EOAD_vs_CN; study_11_EOAD_vs_CN; study_2_EOAD_vs_CN; study_3_Soma_EOAD_vs_CN; study_5_EOAD_vs_CN",2,"study_1; study_11",0.415350390654404
"UNC5C",0.0207322599650809,-0.0153751686125673,0.0568396885427291,1.50683649910412,0.131852571450336,0,0.0210402165830766,0.00728922406173591,0.0358566976945149,10,1625,"study_1_EOAD_vs_CN; study_11_EOAD_vs_CN; study_2_EOAD_vs_CN; study_3_Olink_EOAD_vs_CN; study_3_Soma_EOAD_vs_CN; study_4_EOAD_vs_CN; study_5_EOAD_vs_CN; study_7_EOAD_vs_CN; study_8_EOAD_vs_CN; study_9_EOAD_vs_CN",5,"study_1; study_11; study_4; study_7; study_8",0.297401006534996
"RBP3",-0.0601124092820138,-0.154637714930086,0.0344128963660587,-1.50635216299467,0.13197679397702,0,NA,NA,NA,4,810,"study_1_EOAD_vs_CN; study_11_EOAD_vs_CN; study_2_EOAD_vs_CN; study_5_EOAD_vs_CN",2,"study_1; study_11",0.415350390654404
"AMY2B",-0.0848656642705198,-0.173901371659489,0.0041700431184494,-1.50531875314259,0.1322421460814,0.837589331712946,-0.0840039054440705,-0.135060423425036,-0.00698574095156406,6,822,"study_1_EOAD_vs_CN; study_11_EOAD_vs_CN; study_2_EOAD_vs_CN; study_3_Soma_EOAD_vs_CN; study_5_EOAD_vs_CN; study_7_EOAD_vs_CN",3,"study_1; study_11; study_7",0.290424097740305
"CD58",-0.0187125456990534,-0.0813230983349249,0.043898006936818,-1.50505233171712,0.132310622967142,0.509369862543149,-0.0191128836246924,-0.0449932474858883,-0.000671369157141575,8,1393,"study_1_EOAD_vs_CN; study_11_EOAD_vs_CN; study_2_EOAD_vs_CN; study_3_Olink_EOAD_vs_CN; study_3_Soma_EOAD_vs_CN; study_7_EOAD_vs_CN; study_8_EOAD_vs_CN; study_9_EOAD_vs_CN",4,"study_1; study_11; study_7; study_8",0.271512424213823
"APOM",-0.0516744331422621,-0.141420641688533,0.0380717754040089,-1.50291559359371,0.132860811337554,0.651774308212372,-0.0487500646787531,-0.0912045194358776,-0.00364494360325694,11,1851,"study_1_EOAD_vs_CN; study_10_EOAD_vs_CN; study_11_EOAD_vs_CN; study_2_EOAD_vs_CN; study_3_Olink_EOAD_vs_CN; study_3_Soma_EOAD_vs_CN; study_4_EOAD_vs_CN; study_5_EOAD_vs_CN; study_7_EOAD_vs_CN; study_8_EOAD_vs_CN; study_9_EOAD_vs_CN",5,"study_1; study_11; study_4; study_7; study_8",0.297401006534996
"OGN",0.0266567434665994,-0.0237632997070673,0.0770767866402661,1.500987427672,0.133358813391895,0.412720023163125,0.0259836411191713,0.0208673363315341,0.0363398286194105,8,1231,"study_1_EOAD_vs_CN; study_10_EOAD_vs_CN; study_11_EOAD_vs_CN; study_2_EOAD_vs_CN; study_3_Soma_EOAD_vs_CN; study_4_EOAD_vs_CN; study_5_EOAD_vs_CN; study_7_EOAD_vs_CN",4,"study_1; study_11; study_4; study_7",0.272952584293022
"EIF3J",0.122845711167318,-0.0829702670882349,0.32866168942287,1.50032026873071,0.133531461591336,0,NA,NA,NA,2,303,"study_11_EOAD_vs_CN; study_2_EOAD_vs_CN",2,"study_11; study_2",0.418984945352456
"CACNA2D2",-0.0259713294602809,-0.0825090597086383,0.0305664007880764,-1.49835943292497,0.134039890269294,0.550450239829839,-0.0256027046676789,-0.0425079258581482,-0.00924876319838057,8,1602,"study_1_EOAD_vs_CN; study_11_EOAD_vs_CN; study_2_EOAD_vs_CN; study_4_EOAD_vs_CN; study_5_EOAD_vs_CN; study_7_EOAD_vs_CN; study_8_EOAD_vs_CN; study_9_EOAD_vs_CN",5,"study_1; study_11; study_4; study_7; study_8",0.297401006534996
"PCDHB16",-0.107493543889061,-0.371587896587035,0.156600808808913,-1.49758507423678,0.134241087048436,0.848660639471927,NA,NA,NA,2,657,"study_1_EOAD_vs_CN; study_11_EOAD_vs_CN",2,"study_1; study_11",0.419954206647047
"LYSMD3",-0.0430243936658245,-0.0988119587190146,0.0127631713873656,-1.49591090971984,0.134676872936547,0,NA,NA,NA,3,693,"study_1_EOAD_vs_CN; study_11_EOAD_vs_CN; study_2_EOAD_vs_CN",2,"study_1; study_11",0.420063579873515
"CHST15",-0.0189463408991395,-0.0452639656189373,0.00737128382065837,-1.49515820504852,0.134873158355376,0,-0.0195090114550176,-0.0260272886439643,-0.0139508293190974,7,1014,"study_1_EOAD_vs_CN; study_11_EOAD_vs_CN; study_2_EOAD_vs_CN; study_3_Soma_EOAD_vs_CN; study_4_EOAD_vs_CN; study_5_EOAD_vs_CN; study_7_EOAD_vs_CN",4,"study_1; study_11; study_4; study_7",0.27533691394828
"ESM1",-0.0378800466539044,-0.0986517536176912,0.0228916603098823,-1.493475451854,0.135312775375122,0.290782726544347,-0.0382810944042243,-0.0654477823452348,-0.00782611319642183,9,1463,"study_1_EOAD_vs_CN; study_11_EOAD_vs_CN; study_2_EOAD_vs_CN; study_3_Olink_EOAD_vs_CN; study_3_Soma_EOAD_vs_CN; study_5_EOAD_vs_CN; study_7_EOAD_vs_CN; study_8_EOAD_vs_CN; study_9_EOAD_vs_CN",4,"study_1; study_11; study_7; study_8",0.275520586551928
"OLFML1",0.034648275991856,-0.0111904393822513,0.0804869913659632,1.49168885200015,0.135780732950069,0,NA,NA,NA,4,788,"study_1_EOAD_vs_CN; study_11_EOAD_vs_CN; study_2_EOAD_vs_CN; study_5_EOAD_vs_CN",2,"study_1; study_11",0.420797479848755
"NPW",-0.122252405773302,-0.274353071263159,0.0298482597165561,-1.49082727322949,0.136006849340058,0,NA,NA,NA,3,65,"study_2_EOAD_vs_CN; study_3_Soma_EOAD_vs_CN; study_7_EOAD_vs_CN",2,"study_2; study_7",0.420797479848755
"SYT3",-0.0625805887350315,-0.165201072936826,0.040039895466763,-1.49040894471418,0.136116742050313,0,NA,NA,NA,3,618,"study_1_EOAD_vs_CN; study_11_EOAD_vs_CN; study_2_EOAD_vs_CN",2,"study_1; study_11",0.420797479848755
"PTPRJ",-0.0299382258522327,-0.0652964041778292,0.00541995247336379,-1.48888521710662,0.136517596958768,0,-0.0310453277997151,-0.0506393487336111,-0.0127181875137356,6,924,"study_1_EOAD_vs_CN; study_11_EOAD_vs_CN; study_2_EOAD_vs_CN; study_3_Soma_EOAD_vs_CN; study_5_EOAD_vs_CN; study_7_EOAD_vs_CN",3,"study_1; study_11; study_7",0.297711439464194
"ANXA5",0.0455266622098969,-0.0132258589246067,0.104279183344401,1.4881773987859,0.136704116012187,0,0.0453132095312741,0.0364490603117228,0.0535551081599238,7,1015,"study_1_EOAD_vs_CN; study_11_EOAD_vs_CN; study_2_EOAD_vs_CN; study_3_Soma_EOAD_vs_CN; study_4_EOAD_vs_CN; study_5_EOAD_vs_CN; study_7_EOAD_vs_CN",4,"study_1; study_11; study_4; study_7",0.277636194375267
"CD300A",-0.100000874172949,-0.214411369670591,0.0144096213246936,-1.48745567118259,0.136894502745088,0.61291591180101,NA,NA,NA,3,408,"study_11_EOAD_vs_CN; study_2_EOAD_vs_CN; study_3_Soma_EOAD_vs_CN",2,"study_11; study_2",0.420832802692862
"WNT9A",0.0491167713800805,-0.0166727618456602,0.114906304605821,1.48731632790892,0.136931284082315,0,NA,NA,NA,3,622,"study_3_Olink_EOAD_vs_CN; study_8_EOAD_vs_CN; study_9_EOAD_vs_CN",2,"study_3_Olink; study_8",0.420832802692862
"TXNDC5",0.042376457645501,-0.000746774624077927,0.0854996899150799,1.48668309222698,0.137098530332259,0.809492601624442,0.0441695920451113,-0.00201383749293605,0.0776224779489735,8,1459,"study_1_EOAD_vs_CN; study_11_EOAD_vs_CN; study_2_EOAD_vs_CN; study_3_Olink_EOAD_vs_CN; study_3_Soma_EOAD_vs_CN; study_5_EOAD_vs_CN; study_8_EOAD_vs_CN; study_9_EOAD_vs_CN",3,"study_1; study_11; study_8",0.297711439464194
"SEMA4D",-0.0145654460426492,-0.0560259933314284,0.0268951012461301,-1.48658469166108,0.137124533413455,0.236654818856742,-0.0135454150971,-0.0221015516541537,-0.000195039792792775,6,924,"study_1_EOAD_vs_CN; study_11_EOAD_vs_CN; study_2_EOAD_vs_CN; study_3_Soma_EOAD_vs_CN; study_5_EOAD_vs_CN; study_7_EOAD_vs_CN",3,"study_1; study_11; study_7",0.297711439464194
"NTM",-0.0306520632964631,-0.0786299538931206,0.0173258273001944,-1.48534233396302,0.137453162976111,0,-0.0309228863903315,-0.0353591680933199,-0.0264518612814287,8,1231,"study_1_EOAD_vs_CN; study_10_EOAD_vs_CN; study_11_EOAD_vs_CN; study_2_EOAD_vs_CN; study_3_Soma_EOAD_vs_CN; study_4_EOAD_vs_CN; study_5_EOAD_vs_CN; study_7_EOAD_vs_CN",4,"study_1; study_11; study_4; study_7",0.278439826285798
"APOH",-0.0411667276870525,-0.149446550667821,0.0671130952937157,-1.48084451306021,0.13864801176723,0,-0.0408156740546066,-0.051594946657275,-0.0331900969581891,8,1231,"study_1_EOAD_vs_CN; study_10_EOAD_vs_CN; study_11_EOAD_vs_CN; study_2_EOAD_vs_CN; study_3_Soma_EOAD_vs_CN; study_4_EOAD_vs_CN; study_5_EOAD_vs_CN; study_7_EOAD_vs_CN",4,"study_1; study_11; study_4; study_7",0.280140085314301
"FCER2",-0.136545856072055,-0.316569320858175,0.0434776087140649,-1.48078298082298,0.138664413142529,0,NA,NA,NA,4,649,"study_3_Olink_EOAD_vs_CN; study_3_Soma_EOAD_vs_CN; study_8_EOAD_vs_CN; study_9_EOAD_vs_CN",2,"study_3_Soma; study_8",0.424913172436754
"ANGPTL7",-0.0391095151280769,-0.116962698464909,0.0387436682087552,-1.47832371389549,0.139321153325607,0,-0.0393563880445011,-0.0628957232699807,-0.00258139023521738,9,1591,"study_1_EOAD_vs_CN; study_11_EOAD_vs_CN; study_2_EOAD_vs_CN; study_3_Olink_EOAD_vs_CN; study_4_EOAD_vs_CN; study_5_EOAD_vs_CN; study_7_EOAD_vs_CN; study_8_EOAD_vs_CN; study_9_EOAD_vs_CN",5,"study_1; study_11; study_4; study_7; study_8",0.305932017096436
"EIF6",0.262119625672244,0.00697820469328464,0.517261046651204,1.47742018098275,0.139563039794321,0.960766255832206,NA,NA,NA,2,256,"study_11_EOAD_vs_CN; study_2_EOAD_vs_CN",2,"study_11; study_2",0.426291158159231
"SELENOW",0.0380191134941781,-0.0155067022641462,0.0915449292525025,1.47606057257551,0.139927632067534,0.299323082466145,NA,NA,NA,4,270,"study_1_EOAD_vs_CN; study_2_EOAD_vs_CN; study_3_Soma_EOAD_vs_CN; study_7_EOAD_vs_CN",2,"study_1; study_7",0.426291158159231
"FAM20B",-0.0149194654884717,-0.0451978418874908,0.0153589109105475,-1.47185203317502,0.141060838962017,0.823855888761754,-0.0146456480299326,-0.0290684271963322,0.00449874322593639,7,1036,"study_1_EOAD_vs_CN; study_11_EOAD_vs_CN; study_2_EOAD_vs_CN; study_3_Soma_EOAD_vs_CN; study_4_EOAD_vs_CN; study_5_EOAD_vs_CN; study_7_EOAD_vs_CN",4,"study_1; study_11; study_4; study_7",0.284286294378693
"CHADL",0.150405979182003,-0.053943346221328,0.354755304585334,1.47072875733163,0.141364485873317,0.154781636805919,NA,NA,NA,2,236,"study_11_EOAD_vs_CN; study_2_EOAD_vs_CN",2,"study_11; study_2",0.427345797544045
"FCMR",-0.135344569403691,-0.320324766531934,0.0496356277245525,-1.46958498231242,0.141674190055472,0,NA,NA,NA,2,351,"study_11_EOAD_vs_CN; study_3_Soma_EOAD_vs_CN",2,"study_11; study_3_Soma",0.427345797544045
"APOC4-APOC2",-0.126050083615686,-0.267421537613213,0.0153213703818419,-1.46876652719899,0.141896125940901,0.652595436678057,NA,NA,NA,2,148,"study_2_EOAD_vs_CN; study_7_EOAD_vs_CN",2,"study_2; study_7",0.427345797544045
"H1-5",0.274362380227414,-0.0230053114196776,0.571730071874506,1.46873418219023,0.141904902237908,0.875472609059436,NA,NA,NA,2,393,"study_11_EOAD_vs_CN; study_2_EOAD_vs_CN",2,"study_11; study_2",0.427345797544045
"IGHV3-7",-0.0410898748315994,-0.13362089707403,0.0514411474108314,-1.4682360948203,0.142040102873072,0.610899075838993,-0.0381037370679701,-0.0790011652607231,-0.00155507588309027,5,982,"study_1_EOAD_vs_CN; study_11_EOAD_vs_CN; study_4_EOAD_vs_CN; study_5_EOAD_vs_CN; study_7_EOAD_vs_CN",4,"study_1; study_11; study_4; study_7",0.285529594550972
"C8G",-0.014236666993342,-0.0974388795359596,0.0689655455492757,-1.46477192166365,0.1429831549214,0.683480226056622,-0.0123569577346441,-0.0470984586369781,0.0501603255429835,8,1229,"study_1_EOAD_vs_CN; study_10_EOAD_vs_CN; study_11_EOAD_vs_CN; study_2_EOAD_vs_CN; study_3_Soma_EOAD_vs_CN; study_4_EOAD_vs_CN; study_5_EOAD_vs_CN; study_7_EOAD_vs_CN",4,"study_1; study_11; study_4; study_7",0.286693959486166
"TRH",0.0697243693134496,-0.0461885448997281,0.185637283526627,1.46429856902131,0.143112387998126,0.859307910150367,0.106592237626889,0.0530909758624595,0.202345810255657,4,499,"study_11_EOAD_vs_CN; study_2_EOAD_vs_CN; study_3_Soma_EOAD_vs_CN; study_7_EOAD_vs_CN",3,"study_11; study_2; study_7",0.309534748283826
"DDB1",0.00715273760416521,-0.0279911879257519,0.0422966631340823,1.46319551421983,0.143413887904731,0.846469333303075,0.0111299384305583,-0.0186181787110163,0.067274541263535,6,976,"study_1_EOAD_vs_CN; study_11_EOAD_vs_CN; study_2_EOAD_vs_CN; study_4_EOAD_vs_CN; study_5_EOAD_vs_CN; study_7_EOAD_vs_CN",4,"study_1; study_11; study_4; study_7",0.286827775809463
"GUSB",0.0565731130435314,-0.0218931513322529,0.135039377419316,1.45893979884096,0.144581677853328,0,NA,NA,NA,7,982,"study_1_EOAD_vs_CN; study_2_EOAD_vs_CN; study_3_Olink_EOAD_vs_CN; study_3_Soma_EOAD_vs_CN; study_5_EOAD_vs_CN; study_8_EOAD_vs_CN; study_9_EOAD_vs_CN",2,"study_1; study_8",0.432557600600517
"LRRC4C",-0.0422757764470362,-0.169924609963834,0.0853730570697619,-1.45795366880763,0.144853314001673,0.258461533281666,NA,NA,NA,4,688,"study_1_EOAD_vs_CN; study_11_EOAD_vs_CN; study_2_EOAD_vs_CN; study_3_Soma_EOAD_vs_CN",2,"study_1; study_11",0.432557600600517
"NGFR",-0.0468858429174959,-0.10922978745697,0.0154581016219786,-1.45787944036787,0.144873776537005,0,NA,NA,NA,6,874,"study_1_EOAD_vs_CN; study_10_EOAD_vs_CN; study_11_EOAD_vs_CN; study_2_EOAD_vs_CN; study_3_Soma_EOAD_vs_CN; study_5_EOAD_vs_CN",2,"study_1; study_11",0.432557600600517
"SELENOF",0.0403543197553762,-0.0127355292890878,0.0934441687998401,1.4557293446398,0.145467454480308,0.347121820801382,0.0424203398910074,0.0261775940902598,0.0585774790935803,6,918,"study_1_EOAD_vs_CN; study_11_EOAD_vs_CN; study_2_EOAD_vs_CN; study_3_Soma_EOAD_vs_CN; study_5_EOAD_vs_CN; study_7_EOAD_vs_CN",3,"study_1; study_11; study_7",0.313049602940591
"NEU1",0.0440504626820772,-0.00619540247218645,0.0942963278363408,1.45461726061976,0.145775249814938,0.730232196504532,NA,NA,NA,5,837,"study_1_EOAD_vs_CN; study_11_EOAD_vs_CN; study_2_EOAD_vs_CN; study_3_Soma_EOAD_vs_CN; study_5_EOAD_vs_CN",2,"study_1; study_11",0.433746039202343
"IGKV6D-21",-0.0757817719996629,-0.251078428442508,0.0995148844431817,-1.45440532082803,0.145833965643077,0.779484477862844,-0.0894555537125186,-0.172047457959213,-0.0284974999955937,4,824,"study_1_EOAD_vs_CN; study_11_EOAD_vs_CN; study_5_EOAD_vs_CN; study_7_EOAD_vs_CN",3,"study_1; study_11; study_7",0.313049602940591
"SEL1L",-0.062458781020425,-0.138298386610354,0.0133808245695037,-1.45344740590181,0.146099572364911,0.156922986752822,NA,NA,NA,4,799,"study_1_EOAD_vs_CN; study_11_EOAD_vs_CN; study_2_EOAD_vs_CN; study_5_EOAD_vs_CN",2,"study_1; study_11",0.433746039202343
"TNXB",-0.0209204465008631,-0.0568431508404006,0.0150022578386743,-1.45168870827121,0.146588180418493,0.479914881357664,-0.0197132262359043,-0.0389033584612876,0.00153916439689179,11,1837,"study_1_EOAD_vs_CN; study_10_EOAD_vs_CN; study_11_EOAD_vs_CN; study_2_EOAD_vs_CN; study_3_Olink_EOAD_vs_CN; study_3_Soma_EOAD_vs_CN; study_4_EOAD_vs_CN; study_5_EOAD_vs_CN; study_7_EOAD_vs_CN; study_8_EOAD_vs_CN; study_9_EOAD_vs_CN",5,"study_1; study_11; study_4; study_7; study_8",0.318604922746317
"PDIA3",0.0119262141398796,-0.00880763140701737,0.0326600596867767,1.44848132152376,0.147482486090761,0.316390275790379,0.011462377366406,0.00446202737679863,0.0219570310506386,7,1015,"study_1_EOAD_vs_CN; study_11_EOAD_vs_CN; study_2_EOAD_vs_CN; study_3_Soma_EOAD_vs_CN; study_4_EOAD_vs_CN; study_5_EOAD_vs_CN; study_7_EOAD_vs_CN",4,"study_1; study_11; study_4; study_7",0.294218225416505
"EIF4A2",-0.0732150778860312,-0.196808767640957,0.0503786118688943,-1.44740465622882,0.147783622426331,0,NA,NA,NA,4,761,"study_1_EOAD_vs_CN; study_11_EOAD_vs_CN; study_3_Soma_EOAD_vs_CN; study_5_EOAD_vs_CN",2,"study_1; study_11",0.437506317239533
"ERP44",-0.0121970586747042,-0.0379680976406654,0.013573980291257,-1.44541633815056,0.14834097695692,0.510069838580607,-0.013693151134455,-0.0323489260463516,-0.00372144811418303,8,1012,"study_1_EOAD_vs_CN; study_11_EOAD_vs_CN; study_2_EOAD_vs_CN; study_3_Olink_EOAD_vs_CN; study_3_Soma_EOAD_vs_CN; study_4_EOAD_vs_CN; study_5_EOAD_vs_CN; study_7_EOAD_vs_CN",4,"study_1; study_11; study_4; study_7",0.295183560207204
"APPBP2",0.0297073188118585,-0.00850711614278937,0.0679217537665063,1.44459981867253,0.148570323757701,0.37976196449557,NA,NA,NA,3,717,"study_7_EOAD_vs_CN; study_8_EOAD_vs_CN; study_9_EOAD_vs_CN",2,"study_7; study_8",0.438596336050903
"DPP3",0.0234083292828778,-0.0164502107012066,0.0632668692669623,1.44451823534229,0.148593254035485,0.573480782297851,0.0268527639968836,-0.00307278156520739,0.0661391843159868,5,874,"study_1_EOAD_vs_CN; study_11_EOAD_vs_CN; study_2_EOAD_vs_CN; study_4_EOAD_vs_CN; study_5_EOAD_vs_CN",3,"study_1; study_11; study_4",0.317778082600232
"SLC24A2",-0.0221153828732374,-0.0730578000229704,0.0288270342764957,-1.44189108701431,0.149333101001927,0,-0.0239246163410156,-0.0485377726577259,-0.00940309673376508,6,924,"study_1_EOAD_vs_CN; study_11_EOAD_vs_CN; study_2_EOAD_vs_CN; study_4_EOAD_vs_CN; study_5_EOAD_vs_CN; study_7_EOAD_vs_CN",4,"study_1; study_11; study_4; study_7",0.296409278563019
"SHISA5",0.0215512130002333,-0.0223227875479456,0.0654252135484123,1.43674176059187,0.150791384214099,0.498280881192602,0.0244814688037219,0.00623622588009268,0.0530587189743073,6,1082,"study_1_EOAD_vs_CN; study_10_EOAD_vs_CN; study_11_EOAD_vs_CN; study_2_EOAD_vs_CN; study_4_EOAD_vs_CN; study_5_EOAD_vs_CN",3,"study_1; study_11; study_4",0.321275673083024
"ZG16",-0.330884451152851,-0.73265592195271,0.0708870196470078,-1.43372860460178,0.151649725975741,0.834226322648568,NA,NA,NA,3,301,"study_11_EOAD_vs_CN; study_2_EOAD_vs_CN; study_3_Soma_EOAD_vs_CN",2,"study_11; study_2",0.446429530400496
"KLK7",-0.0458976299643018,-0.118027786313965,0.0262325263853617,-1.43348114620928,0.151720383149079,0,-0.0469045120718032,-0.0679476151278504,-0.025025491729324,6,851,"study_1_EOAD_vs_CN; study_11_EOAD_vs_CN; study_2_EOAD_vs_CN; study_3_Soma_EOAD_vs_CN; study_5_EOAD_vs_CN; study_7_EOAD_vs_CN",3,"study_1; study_11; study_7",0.322053304007895
"LRP4",0.0448785918497066,-0.00540588176812035,0.0951630654675335,1.43130928205963,0.152341594871825,0.706290344779691,NA,NA,NA,5,820,"study_1_EOAD_vs_CN; study_11_EOAD_vs_CN; study_2_EOAD_vs_CN; study_3_Soma_EOAD_vs_CN; study_5_EOAD_vs_CN",2,"study_1; study_11",0.447108929938191
"PPIB",0.0373686833233662,-0.00554065444599708,0.0802780210927296,1.43095903175648,0.152441956928667,0.551763502217089,0.0364535651329583,0.0166008581657679,0.0483229095276943,10,1820,"study_1_EOAD_vs_CN; study_10_EOAD_vs_CN; study_11_EOAD_vs_CN; study_2_EOAD_vs_CN; study_3_Olink_EOAD_vs_CN; study_4_EOAD_vs_CN; study_5_EOAD_vs_CN; study_7_EOAD_vs_CN; study_8_EOAD_vs_CN; study_9_EOAD_vs_CN",5,"study_1; study_11; study_4; study_7; study_8",0.327981180058646
"CXCL10",0.107638180541758,-0.0439807650053259,0.259257126088843,1.42992463536681,0.15273865057469,0,0.107377365216316,0.0334550538958485,0.186467230585043,6,1005,"study_11_EOAD_vs_CN; study_3_Olink_EOAD_vs_CN; study_3_Soma_EOAD_vs_CN; study_5_EOAD_vs_CN; study_8_EOAD_vs_CN; study_9_EOAD_vs_CN",3,"study_11; study_5; study_8",0.323013961030177
"LGALS4",-0.0806148295144942,-0.190820484376675,0.0295908253476863,-1.42837839356588,0.153182974717166,0.374494914495656,NA,NA,NA,3,622,"study_3_Olink_EOAD_vs_CN; study_8_EOAD_vs_CN; study_9_EOAD_vs_CN",2,"study_3_Olink; study_8",0.447108929938191
"VTN",-0.0293192844780624,-0.112177976763399,0.0535394078072738,-1.42828380654575,0.153210186880121,0.697744618027376,-0.0269780363690255,-0.058244155031581,0.0330041299234299,8,1231,"study_1_EOAD_vs_CN; study_10_EOAD_vs_CN; study_11_EOAD_vs_CN; study_2_EOAD_vs_CN; study_3_Soma_EOAD_vs_CN; study_4_EOAD_vs_CN; study_5_EOAD_vs_CN; study_7_EOAD_vs_CN",4,"study_1; study_11; study_4; study_7",0.303340772013908
"GLUL",0.0587648530830397,-0.0345891523565045,0.152118858522584,1.42796705782514,0.153301340508475,0,NA,NA,NA,4,683,"study_1_EOAD_vs_CN; study_11_EOAD_vs_CN; study_2_EOAD_vs_CN; study_3_Soma_EOAD_vs_CN",2,"study_1; study_11",0.447108929938191
"HEPACAM",0.0271230506644581,-0.0119772520247718,0.0662233533536879,1.42697522132827,0.153587037001669,0,NA,NA,NA,5,837,"study_1_EOAD_vs_CN; study_11_EOAD_vs_CN; study_2_EOAD_vs_CN; study_3_Soma_EOAD_vs_CN; study_5_EOAD_vs_CN",2,"study_1; study_11",0.447108929938191
"CTSC",-0.0211415411768532,-0.076123825153018,0.0338407427993116,-1.42167249212372,0.155121349290669,0.786297465655839,-0.023248651292624,-0.0913314910178084,0.00878187845253799,10,1636,"study_1_EOAD_vs_CN; study_11_EOAD_vs_CN; study_2_EOAD_vs_CN; study_3_Olink_EOAD_vs_CN; study_3_Soma_EOAD_vs_CN; study_4_EOAD_vs_CN; study_5_EOAD_vs_CN; study_7_EOAD_vs_CN; study_8_EOAD_vs_CN; study_9_EOAD_vs_CN",5,"study_1; study_11; study_4; study_7; study_8",0.32942171906209
"CRIM1",-0.0134108244115114,-0.0608203546615999,0.033998705838577,-1.41812827059961,0.156153318850446,0.698908099501425,-0.0117507052884073,-0.0492889759650736,0.0215031491554252,8,1381,"study_1_EOAD_vs_CN; study_11_EOAD_vs_CN; study_2_EOAD_vs_CN; study_3_Olink_EOAD_vs_CN; study_3_Soma_EOAD_vs_CN; study_5_EOAD_vs_CN; study_8_EOAD_vs_CN; study_9_EOAD_vs_CN",3,"study_1; study_11; study_8",0.329016771452417
"ICAM1",0.0594605635895376,0.0120800222094189,0.106841104969656,1.41795239117257,0.156204664907376,0.846843899174628,0.0605700104733723,0.0261772796209753,0.084073949648039,10,1635,"study_1_EOAD_vs_CN; study_11_EOAD_vs_CN; study_2_EOAD_vs_CN; study_3_Olink_EOAD_vs_CN; study_3_Soma_EOAD_vs_CN; study_4_EOAD_vs_CN; study_5_EOAD_vs_CN; study_7_EOAD_vs_CN; study_8_EOAD_vs_CN; study_9_EOAD_vs_CN",5,"study_1; study_11; study_4; study_7; study_8",0.32942171906209
"TMEM248",-0.16509521320226,-0.360340894971077,0.0301504685665563,-1.41667114090917,0.156579098342465,0.87946095774677,NA,NA,NA,2,399,"study_11_EOAD_vs_CN; study_2_EOAD_vs_CN",2,"study_11; study_2",0.454556496019123
"THSD7A",-0.0288432947876914,-0.089051623620531,0.0313650340451483,-1.41504258546072,0.15705601039745,0,NA,NA,NA,5,821,"study_1_EOAD_vs_CN; study_11_EOAD_vs_CN; study_2_EOAD_vs_CN; study_3_Soma_EOAD_vs_CN; study_5_EOAD_vs_CN",2,"study_1; study_11",0.454681488664441
"CDH3",-0.0400981664262749,-0.138462182343414,0.0582658494908644,-1.41437730777151,0.15725114919361,0.278472884060897,-0.0400427874992139,-0.0529531640830771,-0.0278715289649189,8,1438,"study_1_EOAD_vs_CN; study_11_EOAD_vs_CN; study_2_EOAD_vs_CN; study_3_Olink_EOAD_vs_CN; study_3_Soma_EOAD_vs_CN; study_5_EOAD_vs_CN; study_8_EOAD_vs_CN; study_9_EOAD_vs_CN",3,"study_1; study_11; study_8",0.330111787461585
"VWC2L",0.067558787947966,-0.0301919239485376,0.16530949984447,1.41229760282509,0.157862351954986,0,NA,NA,NA,5,639,"study_1_EOAD_vs_CN; study_11_EOAD_vs_CN; study_2_EOAD_vs_CN; study_3_Soma_EOAD_vs_CN; study_5_EOAD_vs_CN",2,"study_1; study_11",0.455756872861777
"PCMT1",0.0259614727576869,-0.0438130990543088,0.0957360445696826,1.40960479663728,0.158656409889554,0,0.0252647519692098,0.0194046066941176,0.0363528384432988,6,1010,"study_1_EOAD_vs_CN; study_11_EOAD_vs_CN; study_2_EOAD_vs_CN; study_4_EOAD_vs_CN; study_5_EOAD_vs_CN; study_7_EOAD_vs_CN",4,"study_1; study_11; study_4; study_7",0.313336468654056
"HLA-DRA",0.07330641137609,-0.0185997165081034,0.165212539260283,1.40787446320126,0.159168246013932,0.480707581989019,0.0677281330877851,-0.00514294676075843,0.127112328685659,5,885,"study_1_EOAD_vs_CN; study_11_EOAD_vs_CN; study_2_EOAD_vs_CN; study_4_EOAD_vs_CN; study_5_EOAD_vs_CN",3,"study_1; study_11; study_4",0.332912338732436
"HCRT",-0.0507008976831465,-0.117910417791811,0.0165086224255184,-1.40730281127586,0.159337616079664,0,NA,NA,NA,4,744,"study_1_EOAD_vs_CN; study_11_EOAD_vs_CN; study_2_EOAD_vs_CN; study_5_EOAD_vs_CN",2,"study_1; study_11",0.458752257284307
"ITM2B",0.0244957562585132,-0.0154472129182604,0.0644387254352868,1.40722792072785,0.15935981488403,0.838123511815617,0.0242433568747815,0.0037579621942515,0.0507862504938188,8,1219,"study_1_EOAD_vs_CN; study_10_EOAD_vs_CN; study_11_EOAD_vs_CN; study_2_EOAD_vs_CN; study_3_Soma_EOAD_vs_CN; study_4_EOAD_vs_CN; study_5_EOAD_vs_CN; study_7_EOAD_vs_CN",4,"study_1; study_11; study_4; study_7",0.31393883532154
"CALY",-0.0505371456642977,-0.102013380125946,0.000939088797350413,-1.40430317894346,0.160228588066747,0.629552072333854,-0.0469668168154253,-0.0706015715339749,0.0036977836164319,7,1005,"study_1_EOAD_vs_CN; study_11_EOAD_vs_CN; study_2_EOAD_vs_CN; study_3_Soma_EOAD_vs_CN; study_4_EOAD_vs_CN; study_5_EOAD_vs_CN; study_7_EOAD_vs_CN",4,"study_1; study_11; study_4; study_7",0.314863160590016
"P4HB",0.0237423843298254,-0.00111130473457602,0.0485960733942268,1.40430196254833,0.16022895013138,0.712319108563075,0.0238561741177706,0.00982771146323452,0.0366394273401054,10,1647,"study_1_EOAD_vs_CN; study_11_EOAD_vs_CN; study_2_EOAD_vs_CN; study_3_Olink_EOAD_vs_CN; study_3_Soma_EOAD_vs_CN; study_4_EOAD_vs_CN; study_5_EOAD_vs_CN; study_7_EOAD_vs_CN; study_8_EOAD_vs_CN; study_9_EOAD_vs_CN",5,"study_1; study_11; study_4; study_7; study_8",0.333383551643016
"ANPEP",-0.0123265452230109,-0.057580300472028,0.0329272100260062,-1.40100144050768,0.161213642343806,0.557662964271697,-0.011180804703739,-0.0281796579546694,0.00565370199574105,9,1613,"study_1_EOAD_vs_CN; study_11_EOAD_vs_CN; study_2_EOAD_vs_CN; study_3_Olink_EOAD_vs_CN; study_4_EOAD_vs_CN; study_5_EOAD_vs_CN; study_7_EOAD_vs_CN; study_8_EOAD_vs_CN; study_9_EOAD_vs_CN",5,"study_1; study_11; study_4; study_7; study_8",0.333383551643016
"PRSS1",-0.0678216695611387,-0.180801554307178,0.0451582151849004,-1.40044737421659,0.161379392001781,0,-0.0640903888421527,-0.0905822967236717,-0.0464295285284313,6,452,"study_10_EOAD_vs_CN; study_2_EOAD_vs_CN; study_3_Soma_EOAD_vs_CN; study_4_EOAD_vs_CN; study_5_EOAD_vs_CN; study_7_EOAD_vs_CN",3,"study_2; study_4; study_7",0.333958751117279
"TNFSF12",-0.0440614492322545,-0.0973685198265618,0.00924562136205278,-1.40036377664312,0.161404411495103,0.434528439781003,-0.0418425138850866,-0.0779055428240521,-0.00554295157587715,7,892,"study_1_EOAD_vs_CN; study_11_EOAD_vs_CN; study_2_EOAD_vs_CN; study_3_Olink_EOAD_vs_CN; study_3_Soma_EOAD_vs_CN; study_5_EOAD_vs_CN; study_7_EOAD_vs_CN",3,"study_1; study_11; study_7",0.333958751117279
"CRIP1",0.0653834579734829,-0.0331557843230402,0.163922700270006,1.39995506187446,0.161526775834153,0,0.065410442707039,0.0317498470811014,0.0908417493178014,5,796,"study_1_EOAD_vs_CN; study_11_EOAD_vs_CN; study_2_EOAD_vs_CN; study_3_Soma_EOAD_vs_CN; study_7_EOAD_vs_CN",3,"study_1; study_11; study_7",0.333958751117279
"LRRTM2",-0.0321461166016765,-0.0669567871498273,0.00266455394647434,-1.39834993134503,0.16200801061206,0.854727404045218,-0.0269546620987739,-0.0525761220414148,0.014019761968088,6,945,"study_1_EOAD_vs_CN; study_11_EOAD_vs_CN; study_2_EOAD_vs_CN; study_3_Soma_EOAD_vs_CN; study_5_EOAD_vs_CN; study_7_EOAD_vs_CN",3,"study_1; study_11; study_7",0.333958751117279
"ACVR1",-0.0502561365674765,-0.124596822242741,0.0240845491077879,-1.39604643668083,0.162700511931332,0,NA,NA,NA,5,743,"study_1_EOAD_vs_CN; study_11_EOAD_vs_CN; study_2_EOAD_vs_CN; study_3_Soma_EOAD_vs_CN; study_5_EOAD_vs_CN",2,"study_1; study_11",0.467151058915166
"KDR",0.0567842797697792,-0.00455804241819452,0.118126601957753,1.390960308925,0.164237462992152,0.752455068455101,0.0549716916866284,0.0326122002471154,0.0782715758732746,8,1367,"study_1_EOAD_vs_CN; study_11_EOAD_vs_CN; study_2_EOAD_vs_CN; study_3_Olink_EOAD_vs_CN; study_3_Soma_EOAD_vs_CN; study_7_EOAD_vs_CN; study_8_EOAD_vs_CN; study_9_EOAD_vs_CN",4,"study_1; study_11; study_7; study_8",0.321644818316205
"PRDX6",0.0282529288173045,-0.0359792013022063,0.0924850589368153,1.39010822026143,0.164496017489125,0.869642467137966,0.0352672321949346,0.00237882080692349,0.112280979645148,8,1059,"study_1_EOAD_vs_CN; study_11_EOAD_vs_CN; study_2_EOAD_vs_CN; study_3_Olink_EOAD_vs_CN; study_3_Soma_EOAD_vs_CN; study_4_EOAD_vs_CN; study_5_EOAD_vs_CN; study_7_EOAD_vs_CN",4,"study_1; study_11; study_4; study_7",0.321644818316205
"PCDH17",-0.0129317553509095,-0.0517549140837867,0.0258914033819677,-1.3898853280963,0.164563701584427,0.383669404957467,-0.0124306287045963,-0.028919817407508,0.00303195603459966,10,1659,"study_1_EOAD_vs_CN; study_11_EOAD_vs_CN; study_2_EOAD_vs_CN; study_3_Olink_EOAD_vs_CN; study_3_Soma_EOAD_vs_CN; study_4_EOAD_vs_CN; study_5_EOAD_vs_CN; study_7_EOAD_vs_CN; study_8_EOAD_vs_CN; study_9_EOAD_vs_CN",5,"study_1; study_11; study_4; study_7; study_8",0.337039119591181
"OLFML2A",0.020839317700566,-0.00941590499066875,0.0510945403918008,1.38955423362787,0.164664281425908,0.178505068464713,0.022436212063266,0.011937659805723,0.029831935396322,5,930,"study_1_EOAD_vs_CN; study_11_EOAD_vs_CN; study_2_EOAD_vs_CN; study_5_EOAD_vs_CN; study_7_EOAD_vs_CN",3,"study_1; study_11; study_7",0.338213326238105
"SGCE",-0.0166499046105447,-0.0438458175913976,0.0105460083703082,-1.38516501949607,0.166002014199236,0.771426179274666,-0.0167597826391509,-0.0265557279819703,-0.00688937171388079,6,1005,"study_1_EOAD_vs_CN; study_11_EOAD_vs_CN; study_2_EOAD_vs_CN; study_4_EOAD_vs_CN; study_5_EOAD_vs_CN; study_7_EOAD_vs_CN",4,"study_1; study_11; study_4; study_7",0.32378610690346
"ADAMTSL1",-0.102445860771706,-0.295278016294048,0.0903862947506363,-1.38218047680487,0.16691629309418,0,NA,NA,NA,4,604,"study_1_EOAD_vs_CN; study_11_EOAD_vs_CN; study_2_EOAD_vs_CN; study_3_Soma_EOAD_vs_CN",2,"study_1; study_11",0.477946107001916
"COL5A1",-0.0330026965867681,-0.085238409315094,0.0192330161415578,-1.37966892880802,0.167688603803414,0.282853777931468,-0.0302843902443429,-0.0562242127421953,0.00193296992476946,7,1021,"study_1_EOAD_vs_CN; study_11_EOAD_vs_CN; study_2_EOAD_vs_CN; study_3_Soma_EOAD_vs_CN; study_4_EOAD_vs_CN; study_5_EOAD_vs_CN; study_7_EOAD_vs_CN",4,"study_1; study_11; study_4; study_7",0.326268197029852
"PCDH18",-0.10957162196936,-0.246226727371635,0.0270834834329145,-1.37852670423089,0.16804072883855,0.767414464522826,NA,NA,NA,3,624,"study_1_EOAD_vs_CN; study_11_EOAD_vs_CN; study_2_EOAD_vs_CN",2,"study_1; study_11",0.479854724312807
"IGKV4-1",-0.0359235022804653,-0.131465151964152,0.059618147403221,-1.37737195339328,0.168397279520667,0.46550114125691,-0.0374828361708136,-0.0914253808265836,0.0121794042179263,7,1204,"study_1_EOAD_vs_CN; study_10_EOAD_vs_CN; study_11_EOAD_vs_CN; study_2_EOAD_vs_CN; study_4_EOAD_vs_CN; study_5_EOAD_vs_CN; study_7_EOAD_vs_CN",4,"study_1; study_11; study_4; study_7",0.326840040054891
"IGKV1-27",-0.0617413254464631,-0.177221636331809,0.0537389854388831,-1.37722650558712,0.168442229457969,0,-0.0640657886259967,-0.0788134501336829,-0.0532650926134297,3,801,"study_1_EOAD_vs_CN; study_11_EOAD_vs_CN; study_7_EOAD_vs_CN",3,"study_1; study_11; study_7",0.344733021578854
"MANSC1",-0.0328316005405985,-0.0730082548688501,0.00734505378765322,-1.37286684884773,0.169793744200949,0.274312225565941,-0.0317481501772826,-0.0495111427089505,-0.00903762916624158,8,1030,"study_1_EOAD_vs_CN; study_11_EOAD_vs_CN; study_2_EOAD_vs_CN; study_3_Olink_EOAD_vs_CN; study_3_Soma_EOAD_vs_CN; study_4_EOAD_vs_CN; study_5_EOAD_vs_CN; study_7_EOAD_vs_CN",4,"study_1; study_11; study_4; study_7",0.328740713588079
"KAZALD1",-0.0703954397268621,-0.171215996187843,0.0304251167341186,-1.37286092321629,0.169795586691608,0,NA,NA,NA,4,649,"study_3_Olink_EOAD_vs_CN; study_3_Soma_EOAD_vs_CN; study_8_EOAD_vs_CN; study_9_EOAD_vs_CN",2,"study_3_Soma; study_8",0.483548301230448
"EMC10",-0.0313419526298003,-0.100909682072916,0.0382257768133152,-1.36935288063086,0.170888995588398,0,-0.0335134057378022,-0.0420958729410472,-0.0232800701093828,6,892,"study_1_EOAD_vs_CN; study_11_EOAD_vs_CN; study_2_EOAD_vs_CN; study_3_Soma_EOAD_vs_CN; study_4_EOAD_vs_CN; study_5_EOAD_vs_CN",3,"study_1; study_11; study_4",0.348491487432054
"CDH20",-0.0154427001207447,-0.038549535594142,0.00766413535265262,-1.36844242973272,0.171173630757445,0.499016974624277,-0.0143566651783707,-0.0260840873874068,0.00458905900748296,7,1019,"study_1_EOAD_vs_CN; study_11_EOAD_vs_CN; study_2_EOAD_vs_CN; study_3_Soma_EOAD_vs_CN; study_4_EOAD_vs_CN; study_5_EOAD_vs_CN; study_7_EOAD_vs_CN",4,"study_1; study_11; study_4; study_7",0.330600051560947
"SERPINA2",0.267779215795341,-0.157770424509701,0.693328856100384,1.35984743743105,0.17387820726383,0.818185582300629,NA,NA,NA,2,279,"study_11_EOAD_vs_CN; study_5_EOAD_vs_CN",2,"study_11; study_5",0.493832957215431
"MSR1",0.0832356506621496,-0.0225959897795649,0.189067291103864,1.35790655829475,0.17449333610581,0.769599802616611,NA,NA,NA,5,665,"study_2_EOAD_vs_CN; study_3_Olink_EOAD_vs_CN; study_3_Soma_EOAD_vs_CN; study_8_EOAD_vs_CN; study_9_EOAD_vs_CN",2,"study_2; study_8",0.494240584429429
"LNPEP",-0.0259892710147672,-0.0730598648194935,0.0210813227899591,-1.35652907499903,0.174930890937469,0,-0.0263018898181354,-0.0358162349229417,-0.0160115510017213,5,831,"study_1_EOAD_vs_CN; study_11_EOAD_vs_CN; study_2_EOAD_vs_CN; study_5_EOAD_vs_CN; study_7_EOAD_vs_CN",3,"study_1; study_11; study_7",0.354318799098817
"HS6ST2",0.0378126377570559,-0.0428761549076997,0.118501430421811,1.35636893833637,0.174981811116351,0,NA,NA,NA,4,751,"study_1_EOAD_vs_CN; study_11_EOAD_vs_CN; study_2_EOAD_vs_CN; study_5_EOAD_vs_CN",2,"study_1; study_11",0.494288242722198
"TNC",0.02955938788156,-0.0164742879304722,0.0755930636935921,1.35635083585259,0.17498756803129,0,0.0300297855355665,0.0263763944421925,0.0371662793108659,7,914,"study_1_EOAD_vs_CN; study_11_EOAD_vs_CN; study_2_EOAD_vs_CN; study_3_Olink_EOAD_vs_CN; study_3_Soma_EOAD_vs_CN; study_4_EOAD_vs_CN; study_5_EOAD_vs_CN",3,"study_1; study_11; study_4",0.354318799098817
"PON2",-0.0567255862143331,-0.149270081665815,0.0358189092371487,-1.35436255876353,0.175620736579166,0,-0.0620129214561752,-0.123188630138293,-0.00830348903733701,7,1105,"study_11_EOAD_vs_CN; study_2_EOAD_vs_CN; study_3_Olink_EOAD_vs_CN; study_3_Soma_EOAD_vs_CN; study_5_EOAD_vs_CN; study_8_EOAD_vs_CN; study_9_EOAD_vs_CN",3,"study_11; study_2; study_8",0.354344313027223
"BMP6",0.00319111891362911,-0.0513067242947028,0.057688962121961,1.35277376447642,0.176127916618824,0.67142520626412,0.00184424884040174,-0.0278712380092946,0.0236101098880239,10,1552,"study_1_EOAD_vs_CN; study_11_EOAD_vs_CN; study_2_EOAD_vs_CN; study_3_Olink_EOAD_vs_CN; study_3_Soma_EOAD_vs_CN; study_4_EOAD_vs_CN; study_5_EOAD_vs_CN; study_7_EOAD_vs_CN; study_8_EOAD_vs_CN; study_9_EOAD_vs_CN",5,"study_1; study_11; study_4; study_7; study_8",0.357288059426757
"ERLEC1",-0.0941546873497126,-0.327133341509209,0.138823966809784,-1.35022352245158,0.176944295142982,0,NA,NA,NA,5,555,"study_1_EOAD_vs_CN; study_11_EOAD_vs_CN; study_2_EOAD_vs_CN; study_3_Soma_EOAD_vs_CN; study_5_EOAD_vs_CN",2,"study_1; study_11",0.497413105947218
"PCDHGA12",-0.196814623457213,-0.449223032305059,0.0555937853906337,-1.34993355177864,0.177037298204497,0.354753117562571,NA,NA,NA,2,334,"study_11_EOAD_vs_CN; study_3_Soma_EOAD_vs_CN",2,"study_11; study_3_Soma",0.497413105947218
"KYNU",0.0922736573514062,-0.0307191839163868,0.215266498619199,1.34663751903242,0.178097004322184,0.480407785714126,NA,NA,NA,3,622,"study_3_Olink_EOAD_vs_CN; study_8_EOAD_vs_CN; study_9_EOAD_vs_CN",2,"study_3_Olink; study_8",0.499052568261093
"CELSR2",-0.0749369482977684,-0.139893146040382,-0.00998075055515456,-1.3460017064837,0.178301966240253,0.901495193911353,-0.0727589167226087,-0.106150362114492,-0.0265101679905421,7,1134,"study_1_EOAD_vs_CN; study_10_EOAD_vs_CN; study_11_EOAD_vs_CN; study_2_EOAD_vs_CN; study_4_EOAD_vs_CN; study_5_EOAD_vs_CN; study_7_EOAD_vs_CN",4,"study_1; study_11; study_4; study_7",0.343525548648703
"ADAM23",-0.0166165581073333,-0.0499716669897139,0.0167385507750473,-1.34484341518119,0.178675806630439,0.438053040140866,-0.0156683468652121,-0.0303498819790807,0.00634555362723136,10,1592,"study_1_EOAD_vs_CN; study_11_EOAD_vs_CN; study_2_EOAD_vs_CN; study_3_Olink_EOAD_vs_CN; study_3_Soma_EOAD_vs_CN; study_4_EOAD_vs_CN; study_5_EOAD_vs_CN; study_7_EOAD_vs_CN; study_8_EOAD_vs_CN; study_9_EOAD_vs_CN",5,"study_1; study_11; study_4; study_7; study_8",0.359037234078146
"SYT11",-0.162856665891443,-0.350053866604265,0.0243405348213787,-1.34434510654797,0.178836815817046,0.853421301995808,-0.125219880958481,-0.215048933275534,0.0118422801167034,4,441,"study_11_EOAD_vs_CN; study_2_EOAD_vs_CN; study_3_Soma_EOAD_vs_CN; study_7_EOAD_vs_CN",3,"study_11; study_2; study_7",0.358386884550211
"UNC5B",-0.0312057484991928,-0.0683403903943025,0.00592889339591684,-1.34421269269207,0.178879618383205,0.687917062960045,-0.0322887466245722,-0.0571322055344183,-0.0185398658808803,6,910,"study_1_EOAD_vs_CN; study_11_EOAD_vs_CN; study_2_EOAD_vs_CN; study_3_Soma_EOAD_vs_CN; study_4_EOAD_vs_CN; study_5_EOAD_vs_CN",3,"study_1; study_11; study_4",0.358386884550211
"FOLR1",-0.0248708952443221,-0.0708951729369496,0.0211533824483053,-1.34237950142328,0.179472977700951,0.652342940582623,-0.0257397623112698,-0.0715631913384339,0.0100024797624082,9,1538,"study_1_EOAD_vs_CN; study_11_EOAD_vs_CN; study_2_EOAD_vs_CN; study_3_Olink_EOAD_vs_CN; study_3_Soma_EOAD_vs_CN; study_4_EOAD_vs_CN; study_5_EOAD_vs_CN; study_8_EOAD_vs_CN; study_9_EOAD_vs_CN",4,"study_1; study_11; study_4; study_8",0.344938308361828
"B3GNT8",-0.0769075830056295,-0.242540413097638,0.0887252470863795,-1.34210210434689,0.179562891680632,0.283846634002556,-0.073536090118351,-0.102324412049761,-0.0339068270190368,6,896,"study_1_EOAD_vs_CN; study_11_EOAD_vs_CN; study_2_EOAD_vs_CN; study_3_Soma_EOAD_vs_CN; study_5_EOAD_vs_CN; study_7_EOAD_vs_CN",3,"study_1; study_11; study_7",0.358497941082661
"SLC4A1",-0.146437780601142,-0.34847779971657,0.0556022385142862,-1.3415344145972,0.179747003924297,0,NA,NA,NA,4,772,"study_1_EOAD_vs_CN; study_11_EOAD_vs_CN; study_2_EOAD_vs_CN; study_5_EOAD_vs_CN",2,"study_1; study_11",0.502332960300437
"SNED1",-0.0235575933006615,-0.0588255904902965,0.0117104038889735,-1.34058450967084,0.180055389336477,0,-0.0245522341266354,-0.0346032163831664,-0.0158488826071691,6,995,"study_1_EOAD_vs_CN; study_11_EOAD_vs_CN; study_2_EOAD_vs_CN; study_4_EOAD_vs_CN; study_5_EOAD_vs_CN; study_7_EOAD_vs_CN",4,"study_1; study_11; study_4; study_7",0.345215685637821
"RAB2A",0.050857062179562,-0.0556205218436846,0.157334646202809,1.3388808817557,0.180609454453387,0,NA,NA,NA,3,498,"study_1_EOAD_vs_CN; study_11_EOAD_vs_CN; study_2_EOAD_vs_CN",2,"study_1; study_11",0.50340081985944
"C4A",0.139750242589382,-0.0309505688619796,0.310451054040743,1.33717533759271,0.181165410160707,0.702473226229647,0.175344024726553,0.0865899415581598,0.284739100943125,6,688,"study_10_EOAD_vs_CN; study_11_EOAD_vs_CN; study_2_EOAD_vs_CN; study_3_Soma_EOAD_vs_CN; study_4_EOAD_vs_CN; study_5_EOAD_vs_CN",3,"study_11; study_2; study_4",0.360437105232626
"ASPH",0.0353779621062934,0.00599598766886609,0.0647599365437207,1.33613049499033,0.181506624113178,0.838605897464085,0.037886441873697,0.00579090118113579,0.0580154382866951,7,1002,"study_1_EOAD_vs_CN; study_11_EOAD_vs_CN; study_2_EOAD_vs_CN; study_3_Soma_EOAD_vs_CN; study_4_EOAD_vs_CN; study_5_EOAD_vs_CN; study_7_EOAD_vs_CN",4,"study_1; study_11; study_4; study_7",0.346894586630188
"FLT1",-0.0567833302750684,-0.143843403114804,0.0302767425646667,-1.33520743200301,0.181808465104313,0,NA,NA,NA,4,649,"study_3_Olink_EOAD_vs_CN; study_3_Soma_EOAD_vs_CN; study_8_EOAD_vs_CN; study_9_EOAD_vs_CN",2,"study_3_Soma; study_8",0.505398597955756
"MLEC",-0.0310304779542789,-0.0653882653142114,0.00332730940565371,-1.33519814789752,0.181811502891202,0.56843273530125,-0.0299548505859804,-0.0513899861052396,-0.00480035614754953,7,989,"study_1_EOAD_vs_CN; study_11_EOAD_vs_CN; study_2_EOAD_vs_CN; study_3_Soma_EOAD_vs_CN; study_4_EOAD_vs_CN; study_5_EOAD_vs_CN; study_7_EOAD_vs_CN",4,"study_1; study_11; study_4; study_7",0.346894586630188
"C1QTNF1",-0.0189156224134086,-0.0620850313716501,0.0242537865448329,-1.32897249606181,0.183857044080985,0,-0.0182076938048724,-0.0344131097143797,-0.00452048123336443,9,1579,"study_1_EOAD_vs_CN; study_11_EOAD_vs_CN; study_2_EOAD_vs_CN; study_3_Olink_EOAD_vs_CN; study_3_Soma_EOAD_vs_CN; study_5_EOAD_vs_CN; study_7_EOAD_vs_CN; study_8_EOAD_vs_CN; study_9_EOAD_vs_CN",4,"study_1; study_11; study_7; study_8",0.349756789210998
"NID1",0.0258978271659803,-0.00426836022616219,0.0560640145581229,1.32865970951882,0.183960263140333,0.623481992395489,0.0257028724981153,0.0153548132451042,0.0320902377605614,11,1844,"study_1_EOAD_vs_CN; study_10_EOAD_vs_CN; study_11_EOAD_vs_CN; study_2_EOAD_vs_CN; study_3_Olink_EOAD_vs_CN; study_3_Soma_EOAD_vs_CN; study_4_EOAD_vs_CN; study_5_EOAD_vs_CN; study_7_EOAD_vs_CN; study_8_EOAD_vs_CN; study_9_EOAD_vs_CN",5,"study_1; study_11; study_4; study_7; study_8",0.366201271484962
"NRXN3",-0.0275798589229494,-0.067527757047112,0.0123680392012132,-1.32747378727882,0.184352005375634,0.755757585922448,-0.0288636467223354,-0.0418936715398065,-0.00838348207344929,8,1231,"study_1_EOAD_vs_CN; study_10_EOAD_vs_CN; study_11_EOAD_vs_CN; study_2_EOAD_vs_CN; study_3_Soma_EOAD_vs_CN; study_4_EOAD_vs_CN; study_5_EOAD_vs_CN; study_7_EOAD_vs_CN",4,"study_1; study_11; study_4; study_7",0.349756789210998
"CD84",0.028671268878312,-0.0107782788654502,0.0681208166220741,1.32659352755694,0.184643178060628,0.603171258203543,0.0282130565085849,0.0127143977767981,0.043836892374121,9,1467,"study_1_EOAD_vs_CN; study_11_EOAD_vs_CN; study_2_EOAD_vs_CN; study_3_Olink_EOAD_vs_CN; study_3_Soma_EOAD_vs_CN; study_5_EOAD_vs_CN; study_7_EOAD_vs_CN; study_8_EOAD_vs_CN; study_9_EOAD_vs_CN",4,"study_1; study_11; study_7; study_8",0.349756789210998
"PRKCG",0.127325940014084,-0.0652395882386174,0.319891468266785,1.32649338061129,0.184676326261531,0,NA,NA,NA,2,388,"study_11_EOAD_vs_CN; study_3_Soma_EOAD_vs_CN",2,"study_11; study_3_Soma",0.506396198621679
"CFHR3",0.0769086086066929,-0.0182206991714216,0.172037916384807,1.32522312434745,0.185097157791448,0.76953809192572,0.0779080918573093,0.0440096984796009,0.131795197900233,6,948,"study_1_EOAD_vs_CN; study_11_EOAD_vs_CN; study_2_EOAD_vs_CN; study_4_EOAD_vs_CN; study_5_EOAD_vs_CN; study_7_EOAD_vs_CN",4,"study_1; study_11; study_4; study_7",0.349775924075925
"MMRN1",-0.0850769451905504,-0.224465728551972,0.0543118381708709,-1.3249078651221,0.185201711887793,0,-0.082106332772657,-0.086988783183852,-0.0750790722095318,3,390,"study_11_EOAD_vs_CN; study_2_EOAD_vs_CN; study_7_EOAD_vs_CN",3,"study_11; study_2; study_7",0.367188116277534
"FAM241B",-0.116932643064448,-0.298922809470075,0.065057523341179,-1.32469244872201,0.185273178745993,0,NA,NA,NA,3,453,"study_11_EOAD_vs_CN; study_2_EOAD_vs_CN; study_3_Soma_EOAD_vs_CN",2,"study_11; study_2",0.506396198621679
"IGKV1-33",0.0340075625678502,-0.203981886967547,0.271997012103247,-1.32364443984068,0.18562115873902,0.920895332916833,NA,NA,NA,2,199,"study_4_EOAD_vs_CN; study_7_EOAD_vs_CN",2,"study_4; study_7",0.506396198621679
"RXYLT1",-0.0476551343440056,-0.128163289960107,0.0328530212720955,-1.32312175425485,0.185794891342242,0,NA,NA,NA,4,674,"study_1_EOAD_vs_CN; study_11_EOAD_vs_CN; study_2_EOAD_vs_CN; study_5_EOAD_vs_CN",2,"study_1; study_11",0.506396198621679
"IGFBP6",-0.00211849043054464,-0.0627334100254814,0.0584964291643921,-1.32277187978272,0.185911251355777,0.671234465684954,-0.00264225696738231,-0.0291007364955864,0.0156746188938467,11,1853,"study_1_EOAD_vs_CN; study_10_EOAD_vs_CN; study_11_EOAD_vs_CN; study_2_EOAD_vs_CN; study_3_Olink_EOAD_vs_CN; study_3_Soma_EOAD_vs_CN; study_4_EOAD_vs_CN; study_5_EOAD_vs_CN; study_7_EOAD_vs_CN; study_8_EOAD_vs_CN; study_9_EOAD_vs_CN",5,"study_1; study_11; study_4; study_7; study_8",0.366658301285005
"DNAJA1",0.0676778797352594,-0.0837314704684618,0.219087229938981,1.32275982540917,0.18591526131648,0.635922103152865,NA,NA,NA,2,264,"study_11_EOAD_vs_CN; study_2_EOAD_vs_CN",2,"study_11; study_2",0.506396198621679
"HP",0.157071993246209,-0.0496250246159635,0.363769011108382,1.32270116503153,0.185934775960659,0,0.171297538803374,0.093681022870034,0.222239754968484,7,1110,"study_1_EOAD_vs_CN; study_10_EOAD_vs_CN; study_11_EOAD_vs_CN; study_2_EOAD_vs_CN; study_3_Soma_EOAD_vs_CN; study_4_EOAD_vs_CN; study_5_EOAD_vs_CN",3,"study_1; study_11; study_4",0.367365941430921
"FGF21",-0.0990156772772265,-0.247524752864455,0.0494933983100016,-1.32195894177949,0.186181823394032,0,NA,NA,NA,3,622,"study_3_Olink_EOAD_vs_CN; study_8_EOAD_vs_CN; study_9_EOAD_vs_CN",2,"study_3_Olink; study_8",0.506396198621679
"ENTPD4",-0.00398485284583527,-0.142840008358435,0.134870302666765,-1.31906834443051,0.187146264935558,0.838836935738417,NA,NA,NA,4,650,"study_1_EOAD_vs_CN; study_11_EOAD_vs_CN; study_2_EOAD_vs_CN; study_5_EOAD_vs_CN",2,"study_1; study_11",0.506396198621679
"FKBP2",-0.0345465246693865,-0.0936001197645554,0.0245070704257824,-1.31771383351233,0.187599461928614,0,NA,NA,NA,5,801,"study_1_EOAD_vs_CN; study_11_EOAD_vs_CN; study_2_EOAD_vs_CN; study_3_Soma_EOAD_vs_CN; study_5_EOAD_vs_CN",2,"study_1; study_11",0.506396198621679
"SELE",-0.0734532690526086,-0.182598424938897,0.0356918868336793,-1.31705116582643,0.187821474492024,0,NA,NA,NA,4,649,"study_3_Olink_EOAD_vs_CN; study_3_Soma_EOAD_vs_CN; study_8_EOAD_vs_CN; study_9_EOAD_vs_CN",2,"study_3_Soma; study_8",0.506396198621679
"AJAP1",-0.0420854431051872,-0.112932413893378,0.0287615276830036,-1.31689433454722,0.18787404580596,0,-0.0398112413439333,-0.0552967260084692,-0.0106102897756331,7,1119,"study_1_EOAD_vs_CN; study_10_EOAD_vs_CN; study_11_EOAD_vs_CN; study_2_EOAD_vs_CN; study_4_EOAD_vs_CN; study_5_EOAD_vs_CN; study_7_EOAD_vs_CN",4,"study_1; study_11; study_4; study_7",0.353487603394202
"FN1",0.0128690440530926,-0.012182423194082,0.0379205113002673,1.31664242812648,0.187958509926612,0.575331222874123,0.0127474306068803,-0.00649720864801523,0.0258384023612662,8,1231,"study_1_EOAD_vs_CN; study_10_EOAD_vs_CN; study_11_EOAD_vs_CN; study_2_EOAD_vs_CN; study_3_Soma_EOAD_vs_CN; study_4_EOAD_vs_CN; study_5_EOAD_vs_CN; study_7_EOAD_vs_CN",4,"study_1; study_11; study_4; study_7",0.353487603394202
"CLDN4",0.0240756138704557,-0.0101395937042956,0.0582908214452071,1.31634931744929,0.188056825086313,0,NA,NA,NA,3,717,"study_7_EOAD_vs_CN; study_8_EOAD_vs_CN; study_9_EOAD_vs_CN",2,"study_7; study_8",0.506396198621679
"INSR",-0.0364910703149487,-0.240688546811003,0.167706406181106,-1.31604344612227,0.1881594608767,0.470627825062048,NA,NA,NA,4,525,"study_1_EOAD_vs_CN; study_11_EOAD_vs_CN; study_2_EOAD_vs_CN; study_3_Soma_EOAD_vs_CN",2,"study_1; study_11",0.506396198621679
"ENTPD2",-0.0710256458286989,-0.190613723287136,0.0485624316297382,-1.31556441567129,0.188320283627118,0.652435728568112,NA,NA,NA,4,649,"study_3_Olink_EOAD_vs_CN; study_3_Soma_EOAD_vs_CN; study_8_EOAD_vs_CN; study_9_EOAD_vs_CN",2,"study_3_Soma; study_8",0.506396198621679
"PLA2G7",0.0638648822511897,-0.0205015345628887,0.148231299065268,1.31522275620574,0.188435049370205,0.755925699893809,0.0633469058747622,0.0107248330490288,0.119196428394328,6,770,"study_1_EOAD_vs_CN; study_11_EOAD_vs_CN; study_2_EOAD_vs_CN; study_3_Soma_EOAD_vs_CN; study_5_EOAD_vs_CN; study_7_EOAD_vs_CN",3,"study_1; study_11; study_7",0.371022114449611
"VAT1L",0.0246410960058769,-0.0330841598844511,0.0823663518962048,1.31518133350266,0.188448967044327,0,NA,NA,NA,5,837,"study_1_EOAD_vs_CN; study_11_EOAD_vs_CN; study_2_EOAD_vs_CN; study_3_Soma_EOAD_vs_CN; study_5_EOAD_vs_CN",2,"study_1; study_11",0.506396198621679
"SUSD5",-0.0300841891162082,-0.0665149202951627,0.00634654206274628,-1.31185184297126,0.189570128730214,0.594501459365304,-0.0289259477428112,-0.0446723221663343,-0.0110833090166105,7,1181,"study_1_EOAD_vs_CN; study_10_EOAD_vs_CN; study_11_EOAD_vs_CN; study_2_EOAD_vs_CN; study_4_EOAD_vs_CN; study_5_EOAD_vs_CN; study_7_EOAD_vs_CN",4,"study_1; study_11; study_4; study_7",0.355669670093831
"GCSH",-0.127127331473384,-0.269844254885209,0.0155895919384409,-1.31183298370078,0.18957649330856,0.877950654216467,NA,NA,NA,3,335,"study_11_EOAD_vs_CN; study_2_EOAD_vs_CN; study_3_Soma_EOAD_vs_CN",2,"study_11; study_2",0.508123184110923
"CFB",-0.0201289623004385,-0.113715940756434,0.0734580161555576,-1.30988021130523,0.190236362509529,0.844110026175515,-0.0175874542687066,-0.0776967484342391,0.0780347460338135,5,888,"study_1_EOAD_vs_CN; study_11_EOAD_vs_CN; study_3_Soma_EOAD_vs_CN; study_4_EOAD_vs_CN; study_5_EOAD_vs_CN",3,"study_1; study_11; study_4",0.372385167416283
"BTN2A1",-0.0407189425016673,-0.103131435113016,0.0216935501096813,-1.30930326447704,0.190431644282933,0,-0.0421405634087878,-0.0466663904931274,-0.0376826705621587,4,554,"study_11_EOAD_vs_CN; study_3_Soma_EOAD_vs_CN; study_5_EOAD_vs_CN; study_7_EOAD_vs_CN",3,"study_11; study_5; study_7",0.372385167416283
"AREG",0.0378739525843521,-0.0185748199078103,0.0943227250765145,1.30913453998054,0.190488781104374,0,NA,NA,NA,3,622,"study_3_Olink_EOAD_vs_CN; study_8_EOAD_vs_CN; study_9_EOAD_vs_CN",2,"study_3_Olink; study_8",0.508615739437741
"RSPO1",0.0414066140321519,-0.0238842732310025,0.106697501295306,1.30841997163025,0.190730902289153,0.639057485922161,NA,NA,NA,4,649,"study_3_Olink_EOAD_vs_CN; study_3_Soma_EOAD_vs_CN; study_8_EOAD_vs_CN; study_9_EOAD_vs_CN",2,"study_3_Soma; study_8",0.508615739437741
"SORD",-0.225387465440362,-0.618429961471281,0.167655030590558,-1.30606503942704,0.191530440675945,0.587250022952787,NA,NA,NA,3,304,"study_11_EOAD_vs_CN; study_2_EOAD_vs_CN; study_3_Soma_EOAD_vs_CN",2,"study_11; study_2",0.509451527483224
"COL1A2",0.0167751291265101,-0.0242845326304414,0.0578347908834616,1.30521351737438,0.191820152611711,0.246414814164655,0.0160113267253144,0.00461410784906072,0.029872653194105,7,1190,"study_1_EOAD_vs_CN; study_10_EOAD_vs_CN; study_11_EOAD_vs_CN; study_2_EOAD_vs_CN; study_4_EOAD_vs_CN; study_5_EOAD_vs_CN; study_7_EOAD_vs_CN",4,"study_1; study_11; study_4; study_7",0.358507276638788
"CCL18",-0.0704964900086421,-0.175296224647204,0.0343032446299195,-1.30470747388272,0.191992475560366,0,-0.0697690771405682,-0.0814546641084035,-0.0495201828878698,7,1169,"study_11_EOAD_vs_CN; study_3_Olink_EOAD_vs_CN; study_3_Soma_EOAD_vs_CN; study_5_EOAD_vs_CN; study_7_EOAD_vs_CN; study_8_EOAD_vs_CN; study_9_EOAD_vs_CN",4,"study_11; study_5; study_7; study_8",0.358507276638788
"CCL17",0.104666932976795,-0.0405402851723473,0.249874151125938,1.30436430021213,0.192109401221482,0.562067774276763,NA,NA,NA,3,621,"study_3_Olink_EOAD_vs_CN; study_8_EOAD_vs_CN; study_9_EOAD_vs_CN",2,"study_3_Olink; study_8",0.509697854380035
"C7",0.049144909462563,0.00194736747542539,0.0963424514497006,1.30303623839279,0.192562390012977,0.819089897947113,0.0479098468476483,0.0148778297576479,0.0742213716264311,8,1231,"study_1_EOAD_vs_CN; study_10_EOAD_vs_CN; study_11_EOAD_vs_CN; study_2_EOAD_vs_CN; study_3_Soma_EOAD_vs_CN; study_4_EOAD_vs_CN; study_5_EOAD_vs_CN; study_7_EOAD_vs_CN",4,"study_1; study_11; study_4; study_7",0.358721426312592
"APLP2",-0.0285623243745768,-0.0802413807108551,0.0231167319617015,-1.30098966820996,0.193261991237055,0.811961453091227,-0.0264420508101574,-0.060643128843562,-0.0124944719508428,8,1231,"study_1_EOAD_vs_CN; study_10_EOAD_vs_CN; study_11_EOAD_vs_CN; study_2_EOAD_vs_CN; study_3_Soma_EOAD_vs_CN; study_4_EOAD_vs_CN; study_5_EOAD_vs_CN; study_7_EOAD_vs_CN",4,"study_1; study_11; study_4; study_7",0.359175587487735
"COL18A1",0.0211129235291337,-0.0179651339453752,0.0601909810036425,1.30067524070454,0.193369640637586,0,0.020707033151538,0.00402524089779151,0.0301182129214382,11,1852,"study_1_EOAD_vs_CN; study_10_EOAD_vs_CN; study_11_EOAD_vs_CN; study_2_EOAD_vs_CN; study_3_Olink_EOAD_vs_CN; study_3_Soma_EOAD_vs_CN; study_4_EOAD_vs_CN; study_5_EOAD_vs_CN; study_7_EOAD_vs_CN; study_8_EOAD_vs_CN; study_9_EOAD_vs_CN",5,"study_1; study_11; study_4; study_7; study_8",0.377869114273448
"TMED7",-0.00938820750742762,-0.0337662943775611,0.0149898793627058,-1.30036139187171,0.193477135832763,0.775672426715008,-0.00523522961599724,-0.0276219675361172,0.0234311855736339,4,893,"study_1_EOAD_vs_CN; study_11_EOAD_vs_CN; study_5_EOAD_vs_CN; study_7_EOAD_vs_CN",3,"study_1; study_11; study_7",0.377017394508214
"ADA",0.0431454918782926,-0.0611471404153882,0.147438124171973,1.29848408918828,0.194121040254667,0.512645623785327,0.0353069940880925,-0.0653095722799979,0.126116779216671,6,916,"study_11_EOAD_vs_CN; study_2_EOAD_vs_CN; study_3_Olink_EOAD_vs_CN; study_5_EOAD_vs_CN; study_8_EOAD_vs_CN; study_9_EOAD_vs_CN",3,"study_11; study_2; study_8",0.377017394508214
"CLSTN1",-0.0292588593800882,-0.0745368106930303,0.0160190919328538,-1.29460559231421,0.195456322230171,0.412416548198361,-0.0293108202383313,-0.038301000893982,-0.0205271648119543,9,1257,"study_1_EOAD_vs_CN; study_10_EOAD_vs_CN; study_11_EOAD_vs_CN; study_2_EOAD_vs_CN; study_3_Olink_EOAD_vs_CN; study_3_Soma_EOAD_vs_CN; study_4_EOAD_vs_CN; study_5_EOAD_vs_CN; study_7_EOAD_vs_CN",4,"study_1; study_11; study_4; study_7",0.362399016276177
"PCSK6",-0.0493842720257485,-0.117360666612446,0.0185921225609486,-1.29416197692902,0.195609477447485,0.637134417581525,NA,NA,NA,4,810,"study_1_EOAD_vs_CN; study_11_EOAD_vs_CN; study_2_EOAD_vs_CN; study_5_EOAD_vs_CN",2,"study_1; study_11",0.517673566578191
"CD177",-0.10535907378853,-0.259379770018736,0.0486616224416763,-1.29363792198419,0.195790517202995,0.477722248202564,-0.108317054017735,-0.161561626191038,-0.025989543122272,8,1459,"study_1_EOAD_vs_CN; study_11_EOAD_vs_CN; study_2_EOAD_vs_CN; study_3_Olink_EOAD_vs_CN; study_3_Soma_EOAD_vs_CN; study_5_EOAD_vs_CN; study_8_EOAD_vs_CN; study_9_EOAD_vs_CN",3,"study_1; study_11; study_8",0.378837228677669
"PRSS2",0.0355070835942016,-0.0778167758835204,0.148830943071924,-1.29191964651304,0.196384973184921,0.923621974739083,0.0292086534897406,-0.0852069363598564,0.106588465173227,7,1388,"study_1_EOAD_vs_CN; study_11_EOAD_vs_CN; study_3_Olink_EOAD_vs_CN; study_3_Soma_EOAD_vs_CN; study_5_EOAD_vs_CN; study_8_EOAD_vs_CN; study_9_EOAD_vs_CN",3,"study_1; study_11; study_8",0.378837228677669
"SCRG1",0.0150859299769171,-0.0470164090119166,0.0771882689657508,1.28346594773996,0.199328882236151,0.372460221795036,0.0146956663203083,-0.0034100914234875,0.0268921312708733,7,1204,"study_1_EOAD_vs_CN; study_10_EOAD_vs_CN; study_11_EOAD_vs_CN; study_2_EOAD_vs_CN; study_4_EOAD_vs_CN; study_5_EOAD_vs_CN; study_7_EOAD_vs_CN",4,"study_1; study_11; study_4; study_7",0.367926606991259
"F13B",-0.00508641969030541,-0.0746937265899065,0.0645208872092956,-1.28334453234494,0.199371397443233,0.784212381924143,-0.00105906003339665,-0.0545684227006217,0.0419675322501601,7,1012,"study_1_EOAD_vs_CN; study_11_EOAD_vs_CN; study_2_EOAD_vs_CN; study_3_Soma_EOAD_vs_CN; study_4_EOAD_vs_CN; study_5_EOAD_vs_CN; study_7_EOAD_vs_CN",4,"study_1; study_11; study_4; study_7",0.367926606991259
"IL1RL1",0.130245385649882,-0.0656716826251086,0.326162453924873,1.28169729334199,0.199948854805491,0,NA,NA,NA,4,649,"study_3_Olink_EOAD_vs_CN; study_3_Soma_EOAD_vs_CN; study_8_EOAD_vs_CN; study_9_EOAD_vs_CN",2,"study_3_Soma; study_8",0.52782468472583
"TNFSF10",0.0602510534667905,-0.0572747436456067,0.177776850579188,1.27666652900058,0.201720003058088,0,NA,NA,NA,3,622,"study_3_Olink_EOAD_vs_CN; study_8_EOAD_vs_CN; study_9_EOAD_vs_CN",2,"study_3_Olink; study_8",0.53116221910773
"CNTNAP4",-0.0318144049172569,-0.0860807407080676,0.0224519308735539,-1.27601912261033,0.201948759385805,0,-0.0321064375830526,-0.0446998741526578,-0.0174607670119458,7,1203,"study_1_EOAD_vs_CN; study_10_EOAD_vs_CN; study_11_EOAD_vs_CN; study_2_EOAD_vs_CN; study_4_EOAD_vs_CN; study_5_EOAD_vs_CN; study_7_EOAD_vs_CN",4,"study_1; study_11; study_4; study_7",0.371812201859846
"VSTM2A",-0.0751878108211427,-0.159759317124708,0.00938369548242239,-1.27358650278304,0.202809998144277,0.426378147371688,-0.0721025169018923,-0.124139763248802,-0.00621757414827184,7,1173,"study_1_EOAD_vs_CN; study_10_EOAD_vs_CN; study_11_EOAD_vs_CN; study_2_EOAD_vs_CN; study_4_EOAD_vs_CN; study_5_EOAD_vs_CN; study_7_EOAD_vs_CN",4,"study_1; study_11; study_4; study_7",0.372527455798811
"NTS",-0.111044604729601,-0.329814740841021,0.107725531381819,-1.2707523558507,0.203816763236914,0,NA,NA,NA,2,425,"study_11_EOAD_vs_CN; study_3_Soma_EOAD_vs_CN",2,"study_11; study_3_Soma",0.533279150490274
"PECAM1",0.0383941557611676,-0.0291452671125749,0.10593357863491,1.2707039360003,0.203833994812641,0.620104090558416,0.0452905601533793,-0.0267826875579262,0.124873723510069,5,1048,"study_11_EOAD_vs_CN; study_2_EOAD_vs_CN; study_3_Olink_EOAD_vs_CN; study_8_EOAD_vs_CN; study_9_EOAD_vs_CN",3,"study_11; study_2; study_8",0.38908973155231
"CORO1C",-0.0269482474437912,-0.181100222588231,0.127203727700648,1.27029884281066,0.203978200245475,0.931252208264499,NA,NA,NA,3,545,"study_1_EOAD_vs_CN; study_11_EOAD_vs_CN; study_2_EOAD_vs_CN",2,"study_1; study_11",0.533279150490274
"IGLV3-21",-0.0435595358450669,-0.139745584995742,0.0526265133056078,-1.27000503265257,0.204082837485879,0.225905570293838,-0.0479982311664849,-0.0853186771440213,-0.0249657354633387,6,1125,"study_1_EOAD_vs_CN; study_10_EOAD_vs_CN; study_11_EOAD_vs_CN; study_2_EOAD_vs_CN; study_5_EOAD_vs_CN; study_7_EOAD_vs_CN",3,"study_1; study_11; study_7",0.38908973155231
"PCDH12",-0.0354107429774191,-0.112654806620055,0.041833320665217,-1.26979974823531,0.204155970436542,0,-0.0391603655438825,-0.0680234511728138,-0.0147508167082292,4,735,"study_1_EOAD_vs_CN; study_11_EOAD_vs_CN; study_2_EOAD_vs_CN; study_7_EOAD_vs_CN",3,"study_1; study_11; study_7",0.38908973155231
"PRG2",-0.099761110582659,-0.290639640532267,0.0911174193669486,-1.26960325811633,0.20422598826065,0,NA,NA,NA,4,751,"study_1_EOAD_vs_CN; study_11_EOAD_vs_CN; study_2_EOAD_vs_CN; study_5_EOAD_vs_CN",2,"study_1; study_11",0.533279150490274
"COL11A1",0.0322336850266714,-0.0153809462534408,0.0798483163067835,1.26904384104586,0.204425428136065,0,0.0320530503248562,0.0225309871393425,0.0457791572909787,5,853,"study_1_EOAD_vs_CN; study_11_EOAD_vs_CN; study_2_EOAD_vs_CN; study_5_EOAD_vs_CN; study_7_EOAD_vs_CN",3,"study_1; study_11; study_7",0.38908973155231
"PCSK5",-0.0418902510461428,-0.108645459731961,0.0248649576396751,-1.26866836821508,0.204559368794933,0,NA,NA,NA,4,676,"study_1_EOAD_vs_CN; study_11_EOAD_vs_CN; study_2_EOAD_vs_CN; study_5_EOAD_vs_CN",2,"study_1; study_11",0.533279150490274
"COL6A2",0.00818563371891326,-0.0405158237172238,0.0568870911550503,1.2650912700712,0.205838611964407,0.42095070016072,0.00856779258519532,-0.0163675291393072,0.0312050280688781,7,1034,"study_1_EOAD_vs_CN; study_11_EOAD_vs_CN; study_2_EOAD_vs_CN; study_3_Soma_EOAD_vs_CN; study_4_EOAD_vs_CN; study_5_EOAD_vs_CN; study_7_EOAD_vs_CN",4,"study_1; study_11; study_4; study_7",0.377211223785936
"IGLV3-12",-0.0917863050227034,-0.276364075565465,0.0927914655200579,-1.26466615700961,0.205991026609143,0,NA,NA,NA,2,644,"study_1_EOAD_vs_CN; study_11_EOAD_vs_CN",2,"study_1; study_11",0.534450441392877
"GALNT17",-0.0173389910755666,-0.0573243454469648,0.0226463632958316,-1.263580839871,0.206380514230507,0.697811692879198,-0.0142880586968605,-0.0442938214227522,0.00729079552396094,6,987,"study_1_EOAD_vs_CN; study_11_EOAD_vs_CN; study_2_EOAD_vs_CN; study_4_EOAD_vs_CN; study_5_EOAD_vs_CN; study_7_EOAD_vs_CN",4,"study_1; study_11; study_4; study_7",0.377326787038607
"TM9SF3",0.0397250889126277,-0.0197204312626755,0.0991706090879308,1.26357200613391,0.206383686585179,0,NA,NA,NA,4,799,"study_1_EOAD_vs_CN; study_11_EOAD_vs_CN; study_2_EOAD_vs_CN; study_5_EOAD_vs_CN",2,"study_1; study_11",0.534450441392877
"FAT3",-0.0553777860131107,-0.16883187553015,0.0580763035039284,-1.26314081806687,0.206538577064995,0,NA,NA,NA,3,685,"study_1_EOAD_vs_CN; study_11_EOAD_vs_CN; study_2_EOAD_vs_CN",2,"study_1; study_11",0.534450441392877
"IGKV1-12",-0.050020019478743,-0.140625752015648,0.0405857130581617,-1.26283112860906,0.206649875134337,0,-0.0504821634107283,-0.0643807688850584,-0.0351956578247068,3,841,"study_1_EOAD_vs_CN; study_11_EOAD_vs_CN; study_7_EOAD_vs_CN",3,"study_1; study_11; study_7",0.391376647115303
"IGHV3-15",-0.0349899142341909,-0.12808131329168,0.0581014848232986,-1.26186378216552,0.206997806355204,0.545387549083737,-0.0407672868998705,-0.120739859063695,0.0216764737620182,4,899,"study_1_EOAD_vs_CN; study_11_EOAD_vs_CN; study_5_EOAD_vs_CN; study_7_EOAD_vs_CN",3,"study_1; study_11; study_7",0.391376647115303
"COL3A1",-0.0191390303602938,-0.0539937790064141,0.0157157182858265,-1.26052376314829,0.207480481046746,0,-0.0191267821485743,-0.0243297180620414,-0.0144247473143752,8,1194,"study_1_EOAD_vs_CN; study_10_EOAD_vs_CN; study_11_EOAD_vs_CN; study_2_EOAD_vs_CN; study_3_Soma_EOAD_vs_CN; study_4_EOAD_vs_CN; study_5_EOAD_vs_CN; study_7_EOAD_vs_CN",4,"study_1; study_11; study_4; study_7",0.378135532237039
"ERBB2",0.0483334671456735,-0.0298423197799675,0.126509254071314,1.25940593488841,0.207883746886221,0,NA,NA,NA,4,650,"study_2_EOAD_vs_CN; study_3_Olink_EOAD_vs_CN; study_8_EOAD_vs_CN; study_9_EOAD_vs_CN",2,"study_2; study_8",0.536606322011723
"CDH10",-0.0226670342100227,-0.0823413325095496,0.0370072640895043,-1.25709197094305,0.208720334196135,0,-0.0215879614014123,-0.0291999437338263,-0.008345042569011,6,975,"study_1_EOAD_vs_CN; study_11_EOAD_vs_CN; study_2_EOAD_vs_CN; study_4_EOAD_vs_CN; study_5_EOAD_vs_CN; study_7_EOAD_vs_CN",4,"study_1; study_11; study_4; study_7",0.378135532237039
"LAMA3",-0.19151892919123,-0.437740912581298,0.054703054198838,-1.25682045331234,0.208818658010994,0.906721834971993,NA,NA,NA,2,426,"study_11_EOAD_vs_CN; study_2_EOAD_vs_CN",2,"study_11; study_2",0.537695217679415
"CLN5",-0.0270315926534245,-0.0835367548045338,0.0294735694976849,-1.25673444196608,0.208849812024825,0,-0.0277645455555483,-0.0409535920618431,-0.0187570209838672,7,1036,"study_1_EOAD_vs_CN; study_11_EOAD_vs_CN; study_2_EOAD_vs_CN; study_3_Soma_EOAD_vs_CN; study_4_EOAD_vs_CN; study_5_EOAD_vs_CN; study_7_EOAD_vs_CN",4,"study_1; study_11; study_4; study_7",0.378135532237039
"CKM",-0.134613520348656,-0.304940565394832,0.0357135246975205,-1.25655158827123,0.208916054320465,0.766664588299315,-0.0985200032692653,-0.172888594011829,0.00957081056725804,4,473,"study_11_EOAD_vs_CN; study_2_EOAD_vs_CN; study_3_Soma_EOAD_vs_CN; study_7_EOAD_vs_CN",3,"study_11; study_2; study_7",0.393699891145167
"IL6ST",-0.0229673782234554,-0.0606571758735507,0.0147224194266398,-1.25627525887117,0.209016188885954,0.606719360490732,-0.0235314396055137,-0.0316859445767845,-0.0122391612437002,8,1230,"study_1_EOAD_vs_CN; study_10_EOAD_vs_CN; study_11_EOAD_vs_CN; study_2_EOAD_vs_CN; study_3_Soma_EOAD_vs_CN; study_4_EOAD_vs_CN; study_5_EOAD_vs_CN; study_7_EOAD_vs_CN",4,"study_1; study_11; study_4; study_7",0.378135532237039
"RNASE2",-0.0313876328041168,-0.109686461368247,0.0469111957600136,-1.2557070614982,0.209222198039783,0,-0.0282761960725886,-0.0438144904640774,-0.00883104427903905,7,1152,"study_1_EOAD_vs_CN; study_10_EOAD_vs_CN; study_11_EOAD_vs_CN; study_2_EOAD_vs_CN; study_4_EOAD_vs_CN; study_5_EOAD_vs_CN; study_7_EOAD_vs_CN",4,"study_1; study_11; study_4; study_7",0.378135532237039
"CAPN1",-0.068368619633906,-0.171768332269749,0.0350310930019369,-1.25444557513955,0.209680095996574,0,NA,NA,NA,4,679,"study_1_EOAD_vs_CN; study_11_EOAD_vs_CN; study_2_EOAD_vs_CN; study_3_Soma_EOAD_vs_CN",2,"study_1; study_11",0.538590050501003
"PRDX2",0.0437882186409287,-0.059357336220342,0.146933773502199,1.25220853653494,0.210493886226979,0,0.0474796137498907,0.0248203770745407,0.0804664906357183,6,1006,"study_1_EOAD_vs_CN; study_11_EOAD_vs_CN; study_2_EOAD_vs_CN; study_4_EOAD_vs_CN; study_5_EOAD_vs_CN; study_7_EOAD_vs_CN",4,"study_1; study_11; study_4; study_7",0.379397222604733
"FGFR3",-0.0285957028819938,-0.0712525239777366,0.014061118213749,-1.25114048327713,0.210883227792986,0.469789593497507,-0.0254397553783199,-0.0407945473437051,0.0148964296506264,7,1029,"study_1_EOAD_vs_CN; study_11_EOAD_vs_CN; study_2_EOAD_vs_CN; study_3_Soma_EOAD_vs_CN; study_4_EOAD_vs_CN; study_5_EOAD_vs_CN; study_7_EOAD_vs_CN",4,"study_1; study_11; study_4; study_7",0.379397222604733
"ARF1",0.0514116895423706,-0.0564088626413064,0.159232241726048,1.25040609649171,0.211151238677655,0.602608118978129,0.0931943516677456,0.0199572243019029,0.214868857833026,3,499,"study_11_EOAD_vs_CN; study_3_Soma_EOAD_vs_CN; study_7_EOAD_vs_CN",3,"study_11; study_3_Soma; study_7",0.396603148963622
"GALNT15",0.0326489733977652,-0.0199928790727777,0.0852908258683081,1.24325141738721,0.213775200754418,0,0.0329950818219422,0.0310270650861406,0.0345382372723683,5,873,"study_1_EOAD_vs_CN; study_11_EOAD_vs_CN; study_2_EOAD_vs_CN; study_4_EOAD_vs_CN; study_5_EOAD_vs_CN",3,"study_1; study_11; study_4",0.400215211904173
"CTSD",0.036819438332401,-0.0105012605433608,0.0841401372081629,1.24240773843595,0.214086161914247,0.00899855273010522,0.0361273564766102,0.00759200617522295,0.0529088902599952,11,1853,"study_1_EOAD_vs_CN; study_10_EOAD_vs_CN; study_11_EOAD_vs_CN; study_2_EOAD_vs_CN; study_3_Olink_EOAD_vs_CN; study_3_Soma_EOAD_vs_CN; study_4_EOAD_vs_CN; study_5_EOAD_vs_CN; study_7_EOAD_vs_CN; study_8_EOAD_vs_CN; study_9_EOAD_vs_CN",5,"study_1; study_11; study_4; study_7; study_8",0.412273567535394
"ENPP4",0.0299764313279658,-0.029017087451175,0.0889699501071066,1.24191365831059,0.214268420185454,0,0.0300251070985783,0.0209728518134356,0.037350525880886,6,993,"study_1_EOAD_vs_CN; study_11_EOAD_vs_CN; study_2_EOAD_vs_CN; study_4_EOAD_vs_CN; study_5_EOAD_vs_CN; study_7_EOAD_vs_CN",4,"study_1; study_11; study_4; study_7",0.384609373818082
"MYRF",-0.0470293435711871,-0.0950141578105838,0.000955470668209626,-1.24167037850881,0.21435820332201,0.889209798453617,NA,NA,NA,3,739,"study_1_EOAD_vs_CN; study_11_EOAD_vs_CN; study_2_EOAD_vs_CN",2,"study_1; study_11",0.548719439695774
"CREG2",-0.18617312015495,-0.366684048795419,-0.00566219151448208,-1.24065748858262,0.214732304972269,0.952390312784555,NA,NA,NA,3,568,"study_1_EOAD_vs_CN; study_11_EOAD_vs_CN; study_2_EOAD_vs_CN",2,"study_1; study_11",0.548719439695774
"MARCO",0.0641574426225077,-0.00102424020052899,0.129339125445544,1.24034777511446,0.214846788715628,0.683729531152744,0.0644167873164812,0.0376648542200521,0.0980180691789861,10,1564,"study_1_EOAD_vs_CN; study_11_EOAD_vs_CN; study_2_EOAD_vs_CN; study_3_Olink_EOAD_vs_CN; study_3_Soma_EOAD_vs_CN; study_4_EOAD_vs_CN; study_5_EOAD_vs_CN; study_7_EOAD_vs_CN; study_8_EOAD_vs_CN; study_9_EOAD_vs_CN",5,"study_1; study_11; study_4; study_7; study_8",0.412273567535394
"IGLV10-54",-0.13205381799996,-0.408934406674806,0.144826770674886,-1.23891971045262,0.215375233438897,0,NA,NA,NA,3,776,"study_1_EOAD_vs_CN; study_11_EOAD_vs_CN; study_5_EOAD_vs_CN",2,"study_1; study_11",0.548719439695774
"CDH13",-0.0646688230993621,-0.130746708658305,0.00140906245958095,-1.23668718767234,0.216203237107659,0.826187676984353,-0.0613631311722257,-0.0876292228298798,-0.0101230999565538,8,1218,"study_1_EOAD_vs_CN; study_10_EOAD_vs_CN; study_11_EOAD_vs_CN; study_2_EOAD_vs_CN; study_3_Soma_EOAD_vs_CN; study_4_EOAD_vs_CN; study_5_EOAD_vs_CN; study_7_EOAD_vs_CN",4,"study_1; study_11; study_4; study_7",0.386425392227834
"C8A",-0.0106344332399894,-0.0903696310848236,0.0691007646048449,-1.23578180897976,0.216539678544896,0.71621760319622,-0.0104292736111571,-0.0569628111805061,0.05104049872087,7,1181,"study_1_EOAD_vs_CN; study_10_EOAD_vs_CN; study_11_EOAD_vs_CN; study_2_EOAD_vs_CN; study_4_EOAD_vs_CN; study_5_EOAD_vs_CN; study_7_EOAD_vs_CN",4,"study_1; study_11; study_4; study_7",0.386425392227834
"HEBP2",0.0253703466455348,-0.0267929554785575,0.0775336487696271,1.23527150088073,0.216729476527037,0,NA,NA,NA,4,786,"study_1_EOAD_vs_CN; study_11_EOAD_vs_CN; study_2_EOAD_vs_CN; study_5_EOAD_vs_CN",2,"study_1; study_11",0.548719439695774
"PCDHAC2",-0.0267100964760309,-0.0642527574077214,0.0108325644556596,-1.23521284845726,0.216751298686171,0.793139565627972,-0.026365339119851,-0.0421137826243459,-0.01559173834142,7,1035,"study_1_EOAD_vs_CN; study_11_EOAD_vs_CN; study_2_EOAD_vs_CN; study_3_Soma_EOAD_vs_CN; study_4_EOAD_vs_CN; study_5_EOAD_vs_CN; study_7_EOAD_vs_CN",4,"study_1; study_11; study_4; study_7",0.386425392227834
"PPA1",-0.461075916251977,-1.34882118143827,0.426669348934317,-1.23348191205635,0.217396021061574,0.833441321635224,NA,NA,NA,3,264,"study_11_EOAD_vs_CN; study_2_EOAD_vs_CN; study_3_Soma_EOAD_vs_CN",2,"study_11; study_2",0.548719439695774
"SACS",-0.138112932569682,-0.391923343785232,0.115697478645869,-1.23274800370475,0.217669796052661,0,NA,NA,NA,2,649,"study_1_EOAD_vs_CN; study_11_EOAD_vs_CN",2,"study_1; study_11",0.548719439695774
"SLIT3",-0.0388409310345293,-0.172507258378233,0.0948253963091742,-1.23258911169776,0.21772910128466,0,NA,NA,NA,5,681,"study_1_EOAD_vs_CN; study_11_EOAD_vs_CN; study_2_EOAD_vs_CN; study_3_Soma_EOAD_vs_CN; study_5_EOAD_vs_CN",2,"study_1; study_11",0.548719439695774
"IGKV2D-24",-0.0895766417260223,-0.22868943489984,0.049536151447795,-1.23236626504102,0.217812296673132,0,NA,NA,NA,2,149,"study_2_EOAD_vs_CN; study_7_EOAD_vs_CN",2,"study_2; study_7",0.548719439695774
"ORM2",0.0182429125851501,-0.0947935924411613,0.131279417611462,-1.23147021725216,0.218147049066937,0.862286067603092,0.0208367127740457,-0.0281348936616923,0.100718964151219,7,1204,"study_1_EOAD_vs_CN; study_10_EOAD_vs_CN; study_11_EOAD_vs_CN; study_2_EOAD_vs_CN; study_4_EOAD_vs_CN; study_5_EOAD_vs_CN; study_7_EOAD_vs_CN",4,"study_1; study_11; study_4; study_7",0.388035834457666
"CD93",-0.0144141834950098,-0.0641814786441721,0.0353531116541525,-1.23075481959774,0.218414578125336,0.546205522984025,-0.0126484508410344,-0.0512590023868977,0.0224595121323871,8,1453,"study_1_EOAD_vs_CN; study_11_EOAD_vs_CN; study_2_EOAD_vs_CN; study_3_Olink_EOAD_vs_CN; study_3_Soma_EOAD_vs_CN; study_5_EOAD_vs_CN; study_8_EOAD_vs_CN; study_9_EOAD_vs_CN",3,"study_1; study_11; study_8",0.407564457874402
"PZP",-4.69391468578117e-05,-0.129941811048665,0.12984793275495,-1.22869321504159,0.219186851058585,0.888132085103846,0.00290227983354913,-0.0509678131449176,0.0462704011100234,7,988,"study_1_EOAD_vs_CN; study_11_EOAD_vs_CN; study_2_EOAD_vs_CN; study_3_Soma_EOAD_vs_CN; study_4_EOAD_vs_CN; study_5_EOAD_vs_CN; study_7_EOAD_vs_CN",4,"study_1; study_11; study_4; study_7",0.389007294221092
"PCDHGB7",-0.099554714798588,-0.321262162075075,0.122152732477899,-1.22761585762333,0.219591206127799,0,NA,NA,NA,2,437,"study_11_EOAD_vs_CN; study_5_EOAD_vs_CN",2,"study_11; study_5",0.550841701994077
"MXRA5",-0.0422055669685984,-0.146392415020772,0.0619812810835753,-1.22643750361487,0.220034080114296,0.551317119593557,NA,NA,NA,3,541,"study_1_EOAD_vs_CN; study_11_EOAD_vs_CN; study_2_EOAD_vs_CN",2,"study_1; study_11",0.550841701994077
"IL17D",0.0770327945761762,-0.0252805360940438,0.179346125246396,1.22583570032464,0.220260509651635,0.866633290626664,NA,NA,NA,4,648,"study_3_Olink_EOAD_vs_CN; study_3_Soma_EOAD_vs_CN; study_8_EOAD_vs_CN; study_9_EOAD_vs_CN",2,"study_3_Soma; study_8",0.550841701994077
"IGFBP3",0.0282354205181652,-0.0241787920109978,0.0806496330473282,1.22547323897493,0.220396966994287,0.266225545356758,0.0295178339342631,0.0112049857527922,0.0570169105687173,10,1658,"study_1_EOAD_vs_CN; study_11_EOAD_vs_CN; study_2_EOAD_vs_CN; study_3_Olink_EOAD_vs_CN; study_3_Soma_EOAD_vs_CN; study_4_EOAD_vs_CN; study_5_EOAD_vs_CN; study_7_EOAD_vs_CN; study_8_EOAD_vs_CN; study_9_EOAD_vs_CN",5,"study_1; study_11; study_4; study_7; study_8",0.419147803301635
"ABI3BP",-0.0168518465283377,-0.0712464618562294,0.037542768799554,-1.222717478757,0.221436422919032,0.795209996485703,-0.0134115261724779,-0.0379669331580436,0.0197408472038545,6,917,"study_1_EOAD_vs_CN; study_11_EOAD_vs_CN; study_2_EOAD_vs_CN; study_4_EOAD_vs_CN; study_5_EOAD_vs_CN; study_7_EOAD_vs_CN",4,"study_1; study_11; study_4; study_7",0.391643911563069
"TMEM132B",-0.0396545797957226,-0.0963021873230529,0.0169930277316077,-1.22239427829373,0.221558561947251,0.55433500414568,-0.0378066384408371,-0.0481838843977909,-0.0308828395044954,6,904,"study_1_EOAD_vs_CN; study_11_EOAD_vs_CN; study_2_EOAD_vs_CN; study_3_Soma_EOAD_vs_CN; study_5_EOAD_vs_CN; study_7_EOAD_vs_CN",3,"study_1; study_11; study_7",0.412084491439349
"LY6D",0.138889577010772,-0.090675717231902,0.368454871253446,1.22222895665988,0.221621056454907,0,NA,NA,NA,2,310,"study_11_EOAD_vs_CN; study_2_EOAD_vs_CN",2,"study_11; study_2",0.550841701994077
"SLC3A2",-0.0162546830214087,-0.0425421677885175,0.0100328017457001,-1.22210882079415,0.221666477864376,0.432321662956728,-0.0165806542917257,-0.0231400015194665,-0.0089700239725022,6,1004,"study_1_EOAD_vs_CN; study_11_EOAD_vs_CN; study_2_EOAD_vs_CN; study_4_EOAD_vs_CN; study_5_EOAD_vs_CN; study_7_EOAD_vs_CN",4,"study_1; study_11; study_4; study_7",0.391643911563069
"ERAP2",-0.0647285821033703,-0.235646032337728,0.106188868130987,-1.22209745697062,0.22167077468578,0.0613283236934019,NA,NA,NA,5,826,"study_1_EOAD_vs_CN; study_11_EOAD_vs_CN; study_2_EOAD_vs_CN; study_3_Soma_EOAD_vs_CN; study_5_EOAD_vs_CN",2,"study_1; study_11",0.550841701994077
"UBA1",0.10395023145889,-0.0388350367116441,0.246735499629424,1.22051262381267,0.222270606985456,0.620317713698496,NA,NA,NA,5,790,"study_1_EOAD_vs_CN; study_11_EOAD_vs_CN; study_2_EOAD_vs_CN; study_3_Soma_EOAD_vs_CN; study_5_EOAD_vs_CN",2,"study_1; study_11",0.550841701994077
"CXCL9",0.137683355777685,-0.0802794684015203,0.35564617995689,1.22034529045012,0.22233400757967,0,NA,NA,NA,3,622,"study_3_Olink_EOAD_vs_CN; study_8_EOAD_vs_CN; study_9_EOAD_vs_CN",2,"study_3_Olink; study_8",0.550841701994077
"ST6GALNAC1",-0.0265960062536241,-0.0675483819045532,0.014356369397305,-1.21841076341164,0.223067916906477,0.807296353811343,-0.0255862820261045,-0.0462028250063646,-0.0145961694141763,6,976,"study_1_EOAD_vs_CN; study_11_EOAD_vs_CN; study_2_EOAD_vs_CN; study_4_EOAD_vs_CN; study_5_EOAD_vs_CN; study_7_EOAD_vs_CN",4,"study_1; study_11; study_4; study_7",0.393238296470478
"RPN2",0.0934448144561072,-0.0156590947701352,0.20254872368235,1.21741367116122,0.223446864104644,0.909598841503868,NA,NA,NA,3,414,"study_11_EOAD_vs_CN; study_2_EOAD_vs_CN; study_3_Soma_EOAD_vs_CN",2,"study_11; study_2",0.552293192409591
"ANXA6",0.0415411713911632,-0.0535851153801135,0.13666745816244,1.21713378304175,0.223553318952939,0,0.0421949204044902,0.0349051622685396,0.0526165715932162,4,697,"study_1_EOAD_vs_CN; study_11_EOAD_vs_CN; study_2_EOAD_vs_CN; study_7_EOAD_vs_CN",3,"study_1; study_11; study_7",0.414444627019896
"LAMA2",0.0180454021080688,-0.0109451636759995,0.0470359678921371,1.21671839917874,0.223711376179206,0.102893485030409,0.019216493999232,0.0123278462678593,0.0256761258251012,8,1179,"study_1_EOAD_vs_CN; study_10_EOAD_vs_CN; study_11_EOAD_vs_CN; study_2_EOAD_vs_CN; study_3_Soma_EOAD_vs_CN; study_4_EOAD_vs_CN; study_5_EOAD_vs_CN; study_7_EOAD_vs_CN",4,"study_1; study_11; study_4; study_7",0.39349233131521
"PLXNB1",0.0239707575141142,-0.00678246456154755,0.054723979589776,1.21534591776049,0.224234185711316,0.570084983897153,0.0247672376376019,0.0149101021532071,0.0359866738368234,8,1553,"study_1_EOAD_vs_CN; study_11_EOAD_vs_CN; study_2_EOAD_vs_CN; study_3_Olink_EOAD_vs_CN; study_5_EOAD_vs_CN; study_7_EOAD_vs_CN; study_8_EOAD_vs_CN; study_9_EOAD_vs_CN",4,"study_1; study_11; study_7; study_8",0.393533492963289
"FBLN1",0.0211355061977467,-0.00732735036703999,0.0495983627625334,1.21327946619096,0.225022990814275,0.341413970869603,0.0195265424574988,0.000689287357657202,0.0281210910116007,8,1231,"study_1_EOAD_vs_CN; study_10_EOAD_vs_CN; study_11_EOAD_vs_CN; study_2_EOAD_vs_CN; study_3_Soma_EOAD_vs_CN; study_4_EOAD_vs_CN; study_5_EOAD_vs_CN; study_7_EOAD_vs_CN",4,"study_1; study_11; study_4; study_7",0.39403689324474
"ADGRB3",-0.0168932702901834,-0.0710412287719659,0.037254688191599,-1.21197718202154,0.225521115296165,0.711822836220005,-0.0184181903115392,-0.053097171872702,0.012430444818481,7,1034,"study_1_EOAD_vs_CN; study_11_EOAD_vs_CN; study_2_EOAD_vs_CN; study_3_Soma_EOAD_vs_CN; study_4_EOAD_vs_CN; study_5_EOAD_vs_CN; study_7_EOAD_vs_CN",4,"study_1; study_11; study_4; study_7",0.39403689324474
"HRG",-0.0135969749444011,-0.099656598720159,0.0724626488313568,-1.20956169907086,0.226447122456561,0.696987651633281,-0.00989567417102331,-0.0566818775876731,0.0336063245636425,8,1230,"study_1_EOAD_vs_CN; study_10_EOAD_vs_CN; study_11_EOAD_vs_CN; study_2_EOAD_vs_CN; study_3_Soma_EOAD_vs_CN; study_4_EOAD_vs_CN; study_5_EOAD_vs_CN; study_7_EOAD_vs_CN",4,"study_1; study_11; study_4; study_7",0.394779496672058
"TATDN1",-0.0605483579233849,-0.183796573232495,0.0626998573857255,-1.20903622726276,0.226648927722541,0,NA,NA,NA,2,100,"study_3_Soma_EOAD_vs_CN; study_4_EOAD_vs_CN",2,"study_3_Soma; study_4",0.558621571396127
"MME",0.0482636246119994,-0.0309076649177751,0.127434914141774,1.20793238273063,0.227073272342319,0,NA,NA,NA,3,622,"study_3_Olink_EOAD_vs_CN; study_8_EOAD_vs_CN; study_9_EOAD_vs_CN",2,"study_3_Olink; study_8",0.558621571396127
"LTBP2",0.0251779369406343,-0.0218241467174942,0.0721800205987627,1.20357124405006,0.228755339482784,0.658375343938351,0.024249071756753,0.00969619014945406,0.0332082417638934,10,1802,"study_1_EOAD_vs_CN; study_10_EOAD_vs_CN; study_11_EOAD_vs_CN; study_2_EOAD_vs_CN; study_3_Olink_EOAD_vs_CN; study_4_EOAD_vs_CN; study_5_EOAD_vs_CN; study_7_EOAD_vs_CN; study_8_EOAD_vs_CN; study_9_EOAD_vs_CN",5,"study_1; study_11; study_4; study_7; study_8",0.42976419714059
"MGAT1",0.0180729373348452,-0.0297145659781619,0.0658604406478523,1.20295943763578,0.228992017544909,0.881293916185043,0.0189473377120822,-0.00684249664140492,0.031466468719083,7,1104,"study_1_EOAD_vs_CN; study_10_EOAD_vs_CN; study_11_EOAD_vs_CN; study_2_EOAD_vs_CN; study_4_EOAD_vs_CN; study_5_EOAD_vs_CN; study_7_EOAD_vs_CN",4,"study_1; study_11; study_4; study_7",0.398334900276796
"NTRK2",-0.015363533528448,-0.0453720315842097,0.0146449645273137,-1.20032114497613,0.230014640723133,0.782937403512621,-0.0146437361481023,-0.0454706286221477,0.011467068177707,11,1801,"study_1_EOAD_vs_CN; study_10_EOAD_vs_CN; study_11_EOAD_vs_CN; study_2_EOAD_vs_CN; study_3_Olink_EOAD_vs_CN; study_3_Soma_EOAD_vs_CN; study_4_EOAD_vs_CN; study_5_EOAD_vs_CN; study_7_EOAD_vs_CN; study_8_EOAD_vs_CN; study_9_EOAD_vs_CN",5,"study_1; study_11; study_4; study_7; study_8",0.42976419714059
"CD300LF",0.0857663866201762,-0.03182527721875,0.203358050459102,1.19890462352683,0.230565033745773,0.722405642828506,NA,NA,NA,5,848,"study_1_EOAD_vs_CN; study_2_EOAD_vs_CN; study_3_Olink_EOAD_vs_CN; study_8_EOAD_vs_CN; study_9_EOAD_vs_CN",2,"study_1; study_8",0.565883267835058
"DISP3",-0.0601981440975475,-0.178205795376916,0.0578095071818209,-1.19490764780243,0.232123114522876,0,NA,NA,NA,2,420,"study_11_EOAD_vs_CN; study_2_EOAD_vs_CN",2,"study_11; study_2",0.568376224345733
"ROR1",-0.0264847273737926,-0.0868616286565607,0.0338921739089756,-1.1930201510183,0.232861481227797,0.361327751322017,-0.0254225269693206,-0.0634307368369522,0.00123174145325141,8,1362,"study_1_EOAD_vs_CN; study_11_EOAD_vs_CN; study_2_EOAD_vs_CN; study_3_Olink_EOAD_vs_CN; study_3_Soma_EOAD_vs_CN; study_5_EOAD_vs_CN; study_8_EOAD_vs_CN; study_9_EOAD_vs_CN",3,"study_1; study_11; study_8",0.429092413462845
"S100A9",-0.0975553300256809,-0.282391868299702,0.0872812082483401,-1.19277538606601,0.232957352317832,0,-0.100592197846457,-0.128897904406756,-0.0801840198285836,5,849,"study_1_EOAD_vs_CN; study_11_EOAD_vs_CN; study_2_EOAD_vs_CN; study_5_EOAD_vs_CN; study_7_EOAD_vs_CN",3,"study_1; study_11; study_7",0.429092413462845
"SARAF",-0.042258121643181,-0.107658044098828,0.023141800812466,-1.19246029507024,0.23308081037309,0,NA,NA,NA,4,689,"study_1_EOAD_vs_CN; study_11_EOAD_vs_CN; study_2_EOAD_vs_CN; study_5_EOAD_vs_CN",2,"study_1; study_11",0.569390884081581
"CD99",0.0123978665309418,-0.031797521944282,0.0565932550061656,1.19061521589356,0.233804675484828,0.115692881671463,0.0122640203668324,-0.00178700188941598,0.0217000288283586,6,1031,"study_1_EOAD_vs_CN; study_10_EOAD_vs_CN; study_11_EOAD_vs_CN; study_2_EOAD_vs_CN; study_5_EOAD_vs_CN; study_7_EOAD_vs_CN",3,"study_1; study_11; study_7",0.429268391324235
"SPINT1",-0.017713125587897,-0.0667032156769616,0.0312769645011675,-1.19056527596467,0.233824290138857,0,-0.0179216601485734,-0.0228674858474337,-0.0130717039932579,9,1538,"study_1_EOAD_vs_CN; study_11_EOAD_vs_CN; study_2_EOAD_vs_CN; study_3_Olink_EOAD_vs_CN; study_3_Soma_EOAD_vs_CN; study_4_EOAD_vs_CN; study_5_EOAD_vs_CN; study_8_EOAD_vs_CN; study_9_EOAD_vs_CN",4,"study_1; study_11; study_4; study_8",0.405549345173292
"PRG4",-0.0467393856127401,-0.146933864877028,0.0534550936515478,-1.18944228735108,0.234265668727337,0,-0.0485481437387791,-0.0781585370599243,-0.0295160765249956,7,1188,"study_1_EOAD_vs_CN; study_10_EOAD_vs_CN; study_11_EOAD_vs_CN; study_2_EOAD_vs_CN; study_4_EOAD_vs_CN; study_5_EOAD_vs_CN; study_7_EOAD_vs_CN",4,"study_1; study_11; study_4; study_7",0.405549345173292
"TGFBR2",-0.0236818241118355,-0.0707166271612267,0.0233529789375556,-1.18838090124438,0.234683377409925,0.650652935579224,-0.022541947002631,-0.050034369319871,0.00237109787324569,8,1508,"study_1_EOAD_vs_CN; study_11_EOAD_vs_CN; study_2_EOAD_vs_CN; study_3_Olink_EOAD_vs_CN; study_5_EOAD_vs_CN; study_7_EOAD_vs_CN; study_8_EOAD_vs_CN; study_9_EOAD_vs_CN",4,"study_1; study_11; study_7; study_8",0.405549345173292
"CRISP3",-0.0200709633552717,-0.0876954247066432,0.0475534979960998,-1.18666870919679,0.235358322165343,0.647739487803257,-0.0172599329884642,-0.049262178916039,0.0200157536828333,6,979,"study_1_EOAD_vs_CN; study_11_EOAD_vs_CN; study_2_EOAD_vs_CN; study_4_EOAD_vs_CN; study_5_EOAD_vs_CN; study_7_EOAD_vs_CN",4,"study_1; study_11; study_4; study_7",0.405825728372626
"TIMP1",0.0250730570016804,-0.0119322213763327,0.0620783353796936,1.18665622456606,0.23536324863722,0,0.024849455037903,0.0105451476081824,0.0315869325779229,11,1852,"study_1_EOAD_vs_CN; study_10_EOAD_vs_CN; study_11_EOAD_vs_CN; study_2_EOAD_vs_CN; study_3_Olink_EOAD_vs_CN; study_3_Soma_EOAD_vs_CN; study_4_EOAD_vs_CN; study_5_EOAD_vs_CN; study_7_EOAD_vs_CN; study_8_EOAD_vs_CN; study_9_EOAD_vs_CN",5,"study_1; study_11; study_4; study_7; study_8",0.435933669215024
"CD9",-0.0257651121948719,-0.109649939703756,0.0581197153140121,-1.18330270682351,0.236689200431663,0.46093703501547,-0.0281865396484312,-0.0977118701549654,0.0361702543753313,6,980,"study_1_EOAD_vs_CN; study_11_EOAD_vs_CN; study_2_EOAD_vs_CN; study_4_EOAD_vs_CN; study_5_EOAD_vs_CN; study_7_EOAD_vs_CN",4,"study_1; study_11; study_4; study_7",0.407229454017795
"CSTA",0.0839258415340694,-0.113038858122141,0.28089054119028,1.18242689990112,0.237036354869592,0.728159321599714,NA,NA,NA,2,389,"study_11_EOAD_vs_CN; study_2_EOAD_vs_CN",2,"study_11; study_2",0.577670074334646
"DSC3",0.0226254204803216,-0.031210048401498,0.0764608893621411,1.18185942013301,0.237261485885375,0.696372853233275,0.0259653992023467,0.00286378257453293,0.070861820421013,6,1002,"study_1_EOAD_vs_CN; study_11_EOAD_vs_CN; study_2_EOAD_vs_CN; study_4_EOAD_vs_CN; study_5_EOAD_vs_CN; study_7_EOAD_vs_CN",4,"study_1; study_11; study_4; study_7",0.407292694939881
"CDCP1",0.0706963716382911,-0.0328601324870717,0.174252875763654,1.18107651089374,0.237572330189153,0.584053642864728,NA,NA,NA,4,649,"study_3_Olink_EOAD_vs_CN; study_3_Soma_EOAD_vs_CN; study_8_EOAD_vs_CN; study_9_EOAD_vs_CN",2,"study_3_Soma; study_8",0.577670074334646
"GALNT2",0.0188597887244543,-0.00681643560942767,0.0445360130583364,1.17974178533032,0.238102929306029,0.0409678413443634,0.0189996077513451,0.00325482929090867,0.0282655476294406,11,1815,"study_1_EOAD_vs_CN; study_10_EOAD_vs_CN; study_11_EOAD_vs_CN; study_2_EOAD_vs_CN; study_3_Olink_EOAD_vs_CN; study_3_Soma_EOAD_vs_CN; study_4_EOAD_vs_CN; study_5_EOAD_vs_CN; study_7_EOAD_vs_CN; study_8_EOAD_vs_CN; study_9_EOAD_vs_CN",5,"study_1; study_11; study_4; study_7; study_8",0.437206240880899
"LAMP1",0.0220626297943939,-0.0236824857128081,0.0678077453015958,1.17890629652848,0.23843549020794,0,0.0230885114048055,0.0173083163921041,0.0326421703228489,8,1230,"study_1_EOAD_vs_CN; study_10_EOAD_vs_CN; study_11_EOAD_vs_CN; study_2_EOAD_vs_CN; study_3_Soma_EOAD_vs_CN; study_4_EOAD_vs_CN; study_5_EOAD_vs_CN; study_7_EOAD_vs_CN",4,"study_1; study_11; study_4; study_7",0.407292694939881
"SUSD2",0.0722377138035099,-0.0981382084586761,0.242613636065696,1.178379332142,0.238645413497962,0,NA,NA,NA,2,406,"study_11_EOAD_vs_CN; study_2_EOAD_vs_CN",2,"study_11; study_2",0.57893609570802
"FAM20C",0.00246688155961331,-0.0250610010714789,0.0299947641907055,-1.17805058031886,0.238776442218083,0.771341349035667,0.00426561814985059,-0.00892638947896592,0.0243158820574071,7,1034,"study_1_EOAD_vs_CN; study_11_EOAD_vs_CN; study_2_EOAD_vs_CN; study_3_Soma_EOAD_vs_CN; study_4_EOAD_vs_CN; study_5_EOAD_vs_CN; study_7_EOAD_vs_CN",4,"study_1; study_11; study_4; study_7",0.407292694939881
"GGH",-0.0212474796046569,-0.0582793807499499,0.0157844215406361,-1.1780079601239,0.238793432820082,0,-0.0210542127104375,-0.0248518953151259,-0.0142370871921493,8,1222,"study_1_EOAD_vs_CN; study_10_EOAD_vs_CN; study_11_EOAD_vs_CN; study_2_EOAD_vs_CN; study_3_Soma_EOAD_vs_CN; study_4_EOAD_vs_CN; study_5_EOAD_vs_CN; study_7_EOAD_vs_CN",4,"study_1; study_11; study_4; study_7",0.407292694939881
"SHISA9",-0.0829006949011212,-0.195540253567632,0.0297388637653896,-1.17794859807259,0.238817099008721,0.437517424523221,-0.0770245491964913,-0.119585960672876,-0.0166610991448541,5,513,"study_1_EOAD_vs_CN; study_11_EOAD_vs_CN; study_2_EOAD_vs_CN; study_5_EOAD_vs_CN; study_7_EOAD_vs_CN",3,"study_1; study_11; study_7",0.436274703722903
"EFNB3",0.0217535168587942,-0.0250499766419296,0.068557010359518,1.17627750301751,0.239484002628545,0.168994638698196,0.0234624151595376,-0.00604016943751918,0.0543029265619929,6,903,"study_1_EOAD_vs_CN; study_11_EOAD_vs_CN; study_2_EOAD_vs_CN; study_3_Soma_EOAD_vs_CN; study_5_EOAD_vs_CN; study_7_EOAD_vs_CN",3,"study_1; study_11; study_7",0.436274703722903
"FLG",0.179929581033788,-0.0897346029483315,0.449593765015907,1.17545114033879,0.23981427377145,0.426882411132155,NA,NA,NA,3,627,"study_1_EOAD_vs_CN; study_11_EOAD_vs_CN; study_2_EOAD_vs_CN",2,"study_1; study_11",0.580428080629284
"PEAR1",0.134321226321726,-0.0302442545406262,0.298886707184078,1.1752045649541,0.239912884359004,0.867215955610313,0.132561142019297,0.0340762044174642,0.219393365178906,6,965,"study_11_EOAD_vs_CN; study_2_EOAD_vs_CN; study_3_Olink_EOAD_vs_CN; study_3_Soma_EOAD_vs_CN; study_8_EOAD_vs_CN; study_9_EOAD_vs_CN",3,"study_11; study_2; study_8",0.436274703722903
"CTSB",0.0211132146232031,-0.0206628602380059,0.0628892894844122,1.17448217287764,0.240201948388398,0,0.0212417535889059,0.0151040121142027,0.0276726970488835,8,1230,"study_1_EOAD_vs_CN; study_10_EOAD_vs_CN; study_11_EOAD_vs_CN; study_2_EOAD_vs_CN; study_3_Soma_EOAD_vs_CN; study_4_EOAD_vs_CN; study_5_EOAD_vs_CN; study_7_EOAD_vs_CN",4,"study_1; study_11; study_4; study_7",0.408631691609801
"IGLV3-19",-0.0353352284052944,-0.131732684730893,0.0610622279203036,-1.17344945384032,0.240615615364147,0.357495272410179,-0.0326095576087244,-0.0675065315291328,0.0237019178774935,7,1142,"study_1_EOAD_vs_CN; study_10_EOAD_vs_CN; study_11_EOAD_vs_CN; study_2_EOAD_vs_CN; study_4_EOAD_vs_CN; study_5_EOAD_vs_CN; study_7_EOAD_vs_CN",4,"study_1; study_11; study_4; study_7",0.408631691609801
"IGKV1-17",-0.0691190337597778,-0.187572714908618,0.0493346473890627,-1.17067756958565,0.241728404562156,0,NA,NA,NA,2,342,"study_1_EOAD_vs_CN; study_7_EOAD_vs_CN",2,"study_1; study_7",0.583596058621789
"FZD2",-0.0928549205811606,-0.237749361869804,0.0520395207074825,-1.16941389648908,0.242236913645494,0,NA,NA,NA,2,127,"study_3_Soma_EOAD_vs_CN; study_7_EOAD_vs_CN",2,"study_3_Soma; study_7",0.583596058621789
"COL14A1",-0.0158924101098396,-0.0581366749845937,0.0263518547649145,-1.16709793146551,0.243170823133024,0,-0.0161602431110148,-0.02875262504419,-0.00150726900982709,6,1010,"study_1_EOAD_vs_CN; study_11_EOAD_vs_CN; study_2_EOAD_vs_CN; study_4_EOAD_vs_CN; study_5_EOAD_vs_CN; study_7_EOAD_vs_CN",4,"study_1; study_11; study_4; study_7",0.412083029309297
"SLC6A1",0.0216030618184348,-0.0363215121155545,0.0795276357524241,1.16619440881902,0.243535852640055,0.69787744778674,NA,NA,NA,4,703,"study_1_EOAD_vs_CN; study_11_EOAD_vs_CN; study_2_EOAD_vs_CN; study_5_EOAD_vs_CN",2,"study_1; study_11",0.584032485709221
"PSMB5",-0.159728880646443,-0.357920154480508,0.038462393187622,-1.16601604233683,0.243607959434169,0.858622839773519,NA,NA,NA,3,334,"study_11_EOAD_vs_CN; study_2_EOAD_vs_CN; study_3_Soma_EOAD_vs_CN",2,"study_11; study_2",0.584032485709221
"SV2B",-0.0500795818612403,-0.110951457850269,0.0107922941277882,-1.16482481274172,0.244089912920457,0.80181167738851,NA,NA,NA,3,691,"study_1_EOAD_vs_CN; study_11_EOAD_vs_CN; study_2_EOAD_vs_CN",2,"study_1; study_11",0.584032485709221
"IGHV1-3",-0.085341111158022,-0.225343483629412,0.0546612613133678,-1.16225461456054,0.24513205618241,0,-0.0786401573784588,-0.0983505575345528,-0.0483743502504038,4,633,"study_1_EOAD_vs_CN; study_11_EOAD_vs_CN; study_5_EOAD_vs_CN; study_7_EOAD_vs_CN",3,"study_1; study_11; study_7",0.443882901681658
"GYG1",-0.0393049872955952,-0.165772322663119,0.0871623480719282,-1.16097643383427,0.245651483242389,0,-0.0421137711607102,-0.0600665437827453,-0.0316988572637081,5,845,"study_1_EOAD_vs_CN; study_11_EOAD_vs_CN; study_2_EOAD_vs_CN; study_4_EOAD_vs_CN; study_5_EOAD_vs_CN",3,"study_1; study_11; study_4",0.443882901681658
"ITGA6",-0.0704735474056902,-0.21089120025119,0.0699441054398098,-1.15866013403812,0.246594746840164,0,NA,NA,NA,2,385,"study_11_EOAD_vs_CN; study_2_EOAD_vs_CN",2,"study_11; study_2",0.587748569902383
"PPP1R1B",0.0725545373671253,-0.0711716132702766,0.216280688004527,1.15824353513277,0.246764666752909,0,NA,NA,NA,2,408,"study_11_EOAD_vs_CN; study_7_EOAD_vs_CN",2,"study_11; study_7",0.587748569902383
"EMILIN2",0.0235673761672417,-0.0196639426455113,0.0667986949799946,1.15628079269233,0.247566322138989,0.376946482905096,0.0259034328546225,-0.00766359012583046,0.0623260298024802,5,853,"study_1_EOAD_vs_CN; study_11_EOAD_vs_CN; study_2_EOAD_vs_CN; study_4_EOAD_vs_CN; study_5_EOAD_vs_CN",3,"study_1; study_11; study_4",0.445675168115824
"DRAXIN",0.00721804799357694,-0.0557146250697133,0.0701507210568672,1.15472176333435,0.248204384344715,0.82263274942897,0.0104621330599358,-0.0363231466730478,0.0877401721469184,7,1426,"study_1_EOAD_vs_CN; study_11_EOAD_vs_CN; study_2_EOAD_vs_CN; study_3_Olink_EOAD_vs_CN; study_5_EOAD_vs_CN; study_8_EOAD_vs_CN; study_9_EOAD_vs_CN",3,"study_1; study_11; study_8",0.445675168115824
"TYRO3",-0.0102928929926068,-0.042829608067611,0.0222438220823975,-1.15085416043789,0.249792238819965,0.818618437604498,-0.0097236246920051,-0.0544095764558192,0.0213775101284319,10,1648,"study_1_EOAD_vs_CN; study_11_EOAD_vs_CN; study_2_EOAD_vs_CN; study_3_Olink_EOAD_vs_CN; study_3_Soma_EOAD_vs_CN; study_4_EOAD_vs_CN; study_5_EOAD_vs_CN; study_7_EOAD_vs_CN; study_8_EOAD_vs_CN; study_9_EOAD_vs_CN",5,"study_1; study_11; study_4; study_7; study_8",0.452852121189876
"IGHV1-2",-0.0428779549850707,-0.147464851473496,0.0617089415033547,-1.15025075978617,0.250040605096307,0.706786067396411,-0.0496470300918364,-0.0852489676645682,-0.0124195658552526,4,871,"study_1_EOAD_vs_CN; study_11_EOAD_vs_CN; study_5_EOAD_vs_CN; study_7_EOAD_vs_CN",3,"study_1; study_11; study_7",0.447546855303671
"LY75",0.0467538402875828,-0.00676384900060197,0.100271529575768,1.14869118412357,0.250683342323818,0.86012786373017,NA,NA,NA,6,857,"study_1_EOAD_vs_CN; study_11_EOAD_vs_CN; study_2_EOAD_vs_CN; study_3_Olink_EOAD_vs_CN; study_3_Soma_EOAD_vs_CN; study_5_EOAD_vs_CN",2,"study_1; study_11",0.594672733407232
"ADAMTS1",-0.0205210461834368,-0.0604585803861526,0.019416488019279,-1.14837364260438,0.250814349732355,0,-0.0183383121296993,-0.0264888765654255,-0.00344435313371255,5,859,"study_1_EOAD_vs_CN; study_11_EOAD_vs_CN; study_2_EOAD_vs_CN; study_5_EOAD_vs_CN; study_7_EOAD_vs_CN",3,"study_1; study_11; study_7",0.447546855303671
"TNR",-0.00413183197419536,-0.0317136137064306,0.0234499497580399,-1.1482246808859,0.250875823006598,0.774520661688362,-0.00357444261302622,-0.0292102296312223,0.0170979727310005,11,1806,"study_1_EOAD_vs_CN; study_10_EOAD_vs_CN; study_11_EOAD_vs_CN; study_2_EOAD_vs_CN; study_3_Olink_EOAD_vs_CN; study_3_Soma_EOAD_vs_CN; study_4_EOAD_vs_CN; study_5_EOAD_vs_CN; study_7_EOAD_vs_CN; study_8_EOAD_vs_CN; study_9_EOAD_vs_CN",5,"study_1; study_11; study_4; study_7; study_8",0.452852121189876
"IGHV3-74",-0.0431377280535935,-0.182010503284838,0.0957350471776505,-1.14789477221489,0.251012006602141,0.760046189006313,NA,NA,NA,4,956,"study_1_EOAD_vs_CN; study_10_EOAD_vs_CN; study_11_EOAD_vs_CN; study_5_EOAD_vs_CN",2,"study_1; study_11",0.594672733407232
"TMEM132A",0.0023683414524124,-0.0420874333570329,0.0468241162618577,1.14750312924418,0.251173740575289,0.573137564252009,0.00355567599116355,-0.0177747599717642,0.0309662885322456,8,1229,"study_1_EOAD_vs_CN; study_10_EOAD_vs_CN; study_11_EOAD_vs_CN; study_2_EOAD_vs_CN; study_3_Soma_EOAD_vs_CN; study_4_EOAD_vs_CN; study_5_EOAD_vs_CN; study_7_EOAD_vs_CN",4,"study_1; study_11; study_4; study_7",0.424731561316155
"SDF2L1",0.307846175345414,-0.0392093400484466,0.654901690739274,1.14701828058445,0.251374065743706,0.961010243843333,NA,NA,NA,2,241,"study_11_EOAD_vs_CN; study_3_Soma_EOAD_vs_CN",2,"study_11; study_3_Soma",0.594672733407232
"CTBS",-0.0174292789870655,-0.061914093771689,0.027055535797558,-1.14424886579455,0.25252044285992,0,-0.0192603342175602,-0.0459171716659658,-0.00587605363743526,6,1010,"study_1_EOAD_vs_CN; study_11_EOAD_vs_CN; study_2_EOAD_vs_CN; study_4_EOAD_vs_CN; study_5_EOAD_vs_CN; study_7_EOAD_vs_CN",4,"study_1; study_11; study_4; study_7",0.425371649725936
"ECM2",0.0309008802381877,-0.00952870837040969,0.071330468846785,1.14398009147853,0.252631893492053,0.140496235287184,0.0295612384057012,0.00277703188139991,0.049072572164688,7,1183,"study_1_EOAD_vs_CN; study_10_EOAD_vs_CN; study_11_EOAD_vs_CN; study_2_EOAD_vs_CN; study_4_EOAD_vs_CN; study_5_EOAD_vs_CN; study_7_EOAD_vs_CN",4,"study_1; study_11; study_4; study_7",0.425371649725936
"LGALS3BP",-0.00207092760166625,-0.0487079616258752,0.0445661064225427,-1.14127659529774,0.253754838596951,0.838682017545537,-0.00293389322953981,-0.0298905711382571,0.0195641084853348,8,1231,"study_1_EOAD_vs_CN; study_10_EOAD_vs_CN; study_11_EOAD_vs_CN; study_2_EOAD_vs_CN; study_3_Soma_EOAD_vs_CN; study_4_EOAD_vs_CN; study_5_EOAD_vs_CN; study_7_EOAD_vs_CN",4,"study_1; study_11; study_4; study_7",0.426351413250314
"SLITRK2",-0.025542749598551,-0.0919372040634182,0.0408517048663163,-1.13975594671356,0.254387991671646,0,-0.0250659522109295,-0.0421254775558276,-0.00604016489138114,9,1442,"study_1_EOAD_vs_CN; study_11_EOAD_vs_CN; study_2_EOAD_vs_CN; study_3_Olink_EOAD_vs_CN; study_3_Soma_EOAD_vs_CN; study_5_EOAD_vs_CN; study_7_EOAD_vs_CN; study_8_EOAD_vs_CN; study_9_EOAD_vs_CN",4,"study_1; study_11; study_7; study_8",0.42650582433459
"JMJD8",0.0944536832290837,-0.03759470527876,0.226502071736927,1.13859853919153,0.254870638005181,0.587545279845074,NA,NA,NA,3,538,"study_1_EOAD_vs_CN; study_11_EOAD_vs_CN; study_5_EOAD_vs_CN",2,"study_1; study_11",0.601586550967183
"IDS",-0.0214374200361184,-0.0580867126643073,0.0152118725920704,-1.13683639289091,0.255606686497769,0,-0.0228801582137333,-0.0423092754100308,-0.0137813285643467,8,1227,"study_1_EOAD_vs_CN; study_10_EOAD_vs_CN; study_11_EOAD_vs_CN; study_2_EOAD_vs_CN; study_3_Soma_EOAD_vs_CN; study_4_EOAD_vs_CN; study_5_EOAD_vs_CN; study_7_EOAD_vs_CN",4,"study_1; study_11; study_4; study_7",0.427639212229813
"IFI6",-0.0550941342515866,-0.189904096821237,0.0797158283180634,-1.1361892440343,0.255877371096091,0,NA,NA,NA,3,658,"study_1_EOAD_vs_CN; study_11_EOAD_vs_CN; study_2_EOAD_vs_CN",2,"study_1; study_11",0.601952067510628
"MAN2A2",-0.0410781615819586,-0.0818604726822975,-0.000295850481619751,-1.13512273754572,0.256323895930193,0.915943663239866,-0.0382493976443081,-0.0670026740133073,0.00197004748435446,7,1202,"study_1_EOAD_vs_CN; study_10_EOAD_vs_CN; study_11_EOAD_vs_CN; study_2_EOAD_vs_CN; study_4_EOAD_vs_CN; study_5_EOAD_vs_CN; study_7_EOAD_vs_CN",4,"study_1; study_11; study_4; study_7",0.42765988407849
"BTN2A2",-0.0272312967940268,-0.0712471003217535,0.0167845067336999,-1.13507251818758,0.256344935099546,0,NA,NA,NA,4,444,"study_1_EOAD_vs_CN; study_2_EOAD_vs_CN; study_3_Soma_EOAD_vs_CN; study_7_EOAD_vs_CN",2,"study_1; study_7",0.601952067510628
"PROZ",-0.0312079904004217,-0.158639284819818,0.0962233040189748,-1.13421476138993,0.25670447356488,0,-0.0268726798472212,-0.0706556187044625,-0.0047657258098155,6,994,"study_1_EOAD_vs_CN; study_11_EOAD_vs_CN; study_2_EOAD_vs_CN; study_4_EOAD_vs_CN; study_5_EOAD_vs_CN; study_7_EOAD_vs_CN",4,"study_1; study_11; study_4; study_7",0.42765988407849
"FAM171B",-0.0475123557609468,-0.151751454467431,0.0567267429455374,-1.13410945157936,0.25674863948211,0,NA,NA,NA,5,711,"study_1_EOAD_vs_CN; study_11_EOAD_vs_CN; study_2_EOAD_vs_CN; study_3_Soma_EOAD_vs_CN; study_5_EOAD_vs_CN",2,"study_1; study_11",0.601952067510628
"RAB4A",-0.0822767281065355,-0.173565397828564,0.00901194161549308,-1.13224985977648,0.257529403463834,0.865584670071796,-0.0719842789591014,-0.130567590011925,0.00974255781625137,5,792,"study_1_EOAD_vs_CN; study_11_EOAD_vs_CN; study_2_EOAD_vs_CN; study_5_EOAD_vs_CN; study_7_EOAD_vs_CN",3,"study_1; study_11; study_7",0.457727510204942
"HEXA",-0.0219949809988491,-0.0710553652297196,0.0270654032320214,-1.13152730135213,0.257833219099238,0,-0.0231070031661615,-0.0410315964828179,-0.0124055890131645,8,1228,"study_1_EOAD_vs_CN; study_10_EOAD_vs_CN; study_11_EOAD_vs_CN; study_2_EOAD_vs_CN; study_3_Olink_EOAD_vs_CN; study_4_EOAD_vs_CN; study_5_EOAD_vs_CN; study_7_EOAD_vs_CN",4,"study_1; study_11; study_4; study_7",0.428634127954007
"PLXNB3",-0.0125347972501783,-0.0575452399163122,0.0324756454159556,-1.12950742679631,0.258683838360406,0.748962067262317,-0.0105157748049247,-0.0583498949358647,0.0284672622397318,8,1459,"study_1_EOAD_vs_CN; study_11_EOAD_vs_CN; study_2_EOAD_vs_CN; study_3_Olink_EOAD_vs_CN; study_3_Soma_EOAD_vs_CN; study_5_EOAD_vs_CN; study_8_EOAD_vs_CN; study_9_EOAD_vs_CN",3,"study_1; study_11; study_8",0.457727510204942
"UNC5D",-0.0399276680807332,-0.0936375092994088,0.0137821731379423,-1.12893638929782,0.258924668644827,0.599290123262029,-0.0368642615445809,-0.0500411084013264,-0.0130593692004156,6,922,"study_1_EOAD_vs_CN; study_11_EOAD_vs_CN; study_2_EOAD_vs_CN; study_3_Soma_EOAD_vs_CN; study_5_EOAD_vs_CN; study_7_EOAD_vs_CN",3,"study_1; study_11; study_7",0.457727510204942
"CST4",-0.140772605816579,-0.333215625051385,0.051670413418226,-1.128724595592,0.259014030348755,0.616383199291332,NA,NA,NA,3,164,"study_3_Soma_EOAD_vs_CN; study_5_EOAD_vs_CN; study_7_EOAD_vs_CN",2,"study_5; study_7",0.605907820994408
"ARPC2",0.0593766154561019,-0.0383477387350703,0.157100969647274,1.12597228942008,0.260177248748248,0,NA,NA,NA,3,660,"study_1_EOAD_vs_CN; study_11_EOAD_vs_CN; study_2_EOAD_vs_CN",2,"study_1; study_11",0.606250195615628
"TMEM59",-0.0583392902311285,-0.124879705729131,0.00820112526687369,-1.12564135744503,0.260317354987627,0.894042169382074,NA,NA,NA,4,675,"study_1_EOAD_vs_CN; study_11_EOAD_vs_CN; study_2_EOAD_vs_CN; study_5_EOAD_vs_CN",2,"study_1; study_11",0.606250195615628
"ATP1A3",-0.0216513844831169,-0.0646533664507241,0.0213505974844903,-1.12560798919038,0.260331484959179,0,-0.0243968098870252,-0.0473406844487206,-0.0120347910862513,5,880,"study_1_EOAD_vs_CN; study_11_EOAD_vs_CN; study_2_EOAD_vs_CN; study_5_EOAD_vs_CN; study_7_EOAD_vs_CN",3,"study_1; study_11; study_7",0.458794067628676
"SMPDL3B",-0.0393793980350686,-0.113355357411315,0.0345965613411773,-1.12506341247637,0.260562163986512,0.193737143861092,-0.03503704635643,-0.0584846602645938,0.00192672403093605,6,1004,"study_1_EOAD_vs_CN; study_11_EOAD_vs_CN; study_2_EOAD_vs_CN; study_4_EOAD_vs_CN; study_5_EOAD_vs_CN; study_7_EOAD_vs_CN",4,"study_1; study_11; study_4; study_7",0.431591720030574
"CD14",0.0200122766012587,-0.0253838602481479,0.0654084134506653,1.12361218361644,0.261177585176137,0,0.0193827240886647,0.0145838456419226,0.0272480497916014,8,1231,"study_1_EOAD_vs_CN; study_10_EOAD_vs_CN; study_11_EOAD_vs_CN; study_2_EOAD_vs_CN; study_3_Soma_EOAD_vs_CN; study_4_EOAD_vs_CN; study_5_EOAD_vs_CN; study_7_EOAD_vs_CN",4,"study_1; study_11; study_4; study_7",0.431591720030574
"CLEC3B",0.0188142233390673,-0.00910066797687263,0.0467291146550073,1.12342887061216,0.261255393977898,0.69792373771583,0.0211080608329908,0.00279618590101925,0.0437565558739635,8,1231,"study_1_EOAD_vs_CN; study_10_EOAD_vs_CN; study_11_EOAD_vs_CN; study_2_EOAD_vs_CN; study_3_Soma_EOAD_vs_CN; study_4_EOAD_vs_CN; study_5_EOAD_vs_CN; study_7_EOAD_vs_CN",4,"study_1; study_11; study_4; study_7",0.431591720030574
"PLTP",0.0220336959379592,-0.0274434275884089,0.0715108194643272,1.12312711138651,0.261383513213591,0.642563289274253,0.0215077533681231,-0.00306915183129475,0.0335622035759077,11,1853,"study_1_EOAD_vs_CN; study_10_EOAD_vs_CN; study_11_EOAD_vs_CN; study_2_EOAD_vs_CN; study_3_Olink_EOAD_vs_CN; study_3_Soma_EOAD_vs_CN; study_4_EOAD_vs_CN; study_5_EOAD_vs_CN; study_7_EOAD_vs_CN; study_8_EOAD_vs_CN; study_9_EOAD_vs_CN",5,"study_1; study_11; study_4; study_7; study_8",0.45811347891308
"FKRP",-0.0159763493864662,-0.0938478687047668,0.0618951699318344,-1.122236769537,0.261761782664884,0.581494026856424,NA,NA,NA,4,810,"study_1_EOAD_vs_CN; study_11_EOAD_vs_CN; study_2_EOAD_vs_CN; study_5_EOAD_vs_CN",2,"study_1; study_11",0.608262412933033
"WFIKKN2",-0.0241610360885186,-0.083519176268481,0.0351971040914437,-1.12183241611481,0.261933700582255,0,-0.0240243504925327,-0.0288702521386406,-0.0123109661553566,11,1852,"study_1_EOAD_vs_CN; study_10_EOAD_vs_CN; study_11_EOAD_vs_CN; study_2_EOAD_vs_CN; study_3_Olink_EOAD_vs_CN; study_3_Soma_EOAD_vs_CN; study_4_EOAD_vs_CN; study_5_EOAD_vs_CN; study_7_EOAD_vs_CN; study_8_EOAD_vs_CN; study_9_EOAD_vs_CN",5,"study_1; study_11; study_4; study_7; study_8",0.45811347891308
"SPARC",0.0166554209422781,-0.00945256816274584,0.0427634100473021,1.12136283146563,0.262133450588062,0.111720796228742,0.0161525182011639,-0.00273216912683143,0.0255793559946824,11,1853,"study_1_EOAD_vs_CN; study_10_EOAD_vs_CN; study_11_EOAD_vs_CN; study_2_EOAD_vs_CN; study_3_Olink_EOAD_vs_CN; study_3_Soma_EOAD_vs_CN; study_4_EOAD_vs_CN; study_5_EOAD_vs_CN; study_7_EOAD_vs_CN; study_8_EOAD_vs_CN; study_9_EOAD_vs_CN",5,"study_1; study_11; study_4; study_7; study_8",0.45811347891308
"CTSO",0.0301124569002112,-0.010941337617362,0.0711662514177844,1.12075154253807,0.26239363580937,0.375625894332065,0.0304437995762915,0.010079342943611,0.0444039071523687,10,1643,"study_1_EOAD_vs_CN; study_11_EOAD_vs_CN; study_2_EOAD_vs_CN; study_3_Olink_EOAD_vs_CN; study_3_Soma_EOAD_vs_CN; study_4_EOAD_vs_CN; study_5_EOAD_vs_CN; study_7_EOAD_vs_CN; study_8_EOAD_vs_CN; study_9_EOAD_vs_CN",5,"study_1; study_11; study_4; study_7; study_8",0.45811347891308
"JAML",0.0735429887865592,-0.0192553605777798,0.166341338150898,1.11903583531326,0.263124851436535,0.489310913819208,0.0688181509254127,0.00406465035865098,0.104840506979893,7,937,"study_1_EOAD_vs_CN; study_11_EOAD_vs_CN; study_2_EOAD_vs_CN; study_3_Soma_EOAD_vs_CN; study_4_EOAD_vs_CN; study_5_EOAD_vs_CN; study_7_EOAD_vs_CN",4,"study_1; study_11; study_4; study_7",0.432668950000661
"FLNA",0.0502499516264126,-0.000440761364990078,0.100940664617815,1.11863894481827,0.263294201932463,0.807595808776706,0.0530216692079374,0.0223149169776048,0.0766172861959434,7,975,"study_1_EOAD_vs_CN; study_11_EOAD_vs_CN; study_2_EOAD_vs_CN; study_3_Soma_EOAD_vs_CN; study_4_EOAD_vs_CN; study_5_EOAD_vs_CN; study_7_EOAD_vs_CN",4,"study_1; study_11; study_4; study_7",0.432668950000661
"FAH",-0.0187253065600398,-0.0779031586309577,0.040452545510878,-1.11847470672845,0.263364303215979,0.683491742413679,-0.0183727576197453,-0.0434749363016379,0.0168099459219567,6,914,"study_1_EOAD_vs_CN; study_11_EOAD_vs_CN; study_2_EOAD_vs_CN; study_3_Soma_EOAD_vs_CN; study_5_EOAD_vs_CN; study_7_EOAD_vs_CN",3,"study_1; study_11; study_7",0.461737292116908
"RNASE1",0.0169997496655986,-0.0235545008470284,0.0575540001782256,1.1180288068571,0.263554690355732,0,0.0161669424677346,0.00406344801187094,0.0234280014345185,8,1230,"study_1_EOAD_vs_CN; study_10_EOAD_vs_CN; study_11_EOAD_vs_CN; study_2_EOAD_vs_CN; study_3_Soma_EOAD_vs_CN; study_4_EOAD_vs_CN; study_5_EOAD_vs_CN; study_7_EOAD_vs_CN",4,"study_1; study_11; study_4; study_7",0.432668950000661
"IGLL5",-0.0357064458545364,-0.121795345860887,0.0503824541518146,-1.11787861568576,0.263618839282157,0.385513033092536,-0.0402129141631257,-0.0976017471171806,0.00128821852398916,6,1124,"study_1_EOAD_vs_CN; study_10_EOAD_vs_CN; study_11_EOAD_vs_CN; study_2_EOAD_vs_CN; study_5_EOAD_vs_CN; study_7_EOAD_vs_CN",3,"study_1; study_11; study_7",0.461737292116908
"BLVRA",-0.0991732555431116,-0.25550431987207,0.0571578087858469,-1.11599458860012,0.264424450953501,0.248714178797409,NA,NA,NA,3,437,"study_11_EOAD_vs_CN; study_2_EOAD_vs_CN; study_3_Soma_EOAD_vs_CN",2,"study_11; study_2",0.611550358161119
"CD244",0.05782467158897,-0.0393313101244116,0.154980653302352,1.11491288979548,0.264887752526987,0.38944991936338,NA,NA,NA,3,622,"study_3_Olink_EOAD_vs_CN; study_8_EOAD_vs_CN; study_9_EOAD_vs_CN",2,"study_3_Olink; study_8",0.611550358161119
"IGSF3",-0.0515480545931992,-0.144768334838796,0.0416722256523977,-1.11482050006465,0.264927349814073,0.469068837989522,NA,NA,NA,4,649,"study_3_Olink_EOAD_vs_CN; study_3_Soma_EOAD_vs_CN; study_8_EOAD_vs_CN; study_9_EOAD_vs_CN",2,"study_3_Soma; study_8",0.611550358161119
"CACHD1",-0.0291490272536711,-0.0778265055840782,0.019528451076736,-1.11432061099351,0.265141667859291,0.508891143292012,-0.030530171440899,-0.0532487572334156,-0.0141481068946792,6,1008,"study_1_EOAD_vs_CN; study_11_EOAD_vs_CN; study_2_EOAD_vs_CN; study_4_EOAD_vs_CN; study_5_EOAD_vs_CN; study_7_EOAD_vs_CN",4,"study_1; study_11; study_4; study_7",0.434369302023121
"FUCA1",0.0346925902902291,-0.0318477716515443,0.101232952232002,1.11361624719827,0.265443853278273,0,0.0345855426878927,0.00912912698845212,0.0446402081293308,10,1659,"study_1_EOAD_vs_CN; study_11_EOAD_vs_CN; study_2_EOAD_vs_CN; study_3_Olink_EOAD_vs_CN; study_3_Soma_EOAD_vs_CN; study_4_EOAD_vs_CN; study_5_EOAD_vs_CN; study_7_EOAD_vs_CN; study_8_EOAD_vs_CN; study_9_EOAD_vs_CN",5,"study_1; study_11; study_4; study_7; study_8",0.458967519154847
"PGLYRP1",0.0841684462013951,-0.0703313343813958,0.238668226784186,1.1127813010038,0.265802368164918,0,NA,NA,NA,5,677,"study_2_EOAD_vs_CN; study_3_Olink_EOAD_vs_CN; study_3_Soma_EOAD_vs_CN; study_8_EOAD_vs_CN; study_9_EOAD_vs_CN",2,"study_2; study_8",0.612221718322712
"IGKV2-28",-0.0331389029803001,-0.124185727923305,0.057907921962705,-1.10941273239098,0.267252172169661,0.390383610385828,-0.0366872260405695,-0.101572295130451,0.0230385687381561,4,1029,"study_1_EOAD_vs_CN; study_10_EOAD_vs_CN; study_11_EOAD_vs_CN; study_7_EOAD_vs_CN",3,"study_1; study_11; study_7",0.465566747925441
"HSPA5",-0.0116762168973841,-0.0372854177128943,0.0139329839181261,-1.10898676803195,0.267435890226873,0,-0.0125720701835115,-0.0169843332390292,-0.00806078804765858,7,1092,"study_1_EOAD_vs_CN; study_10_EOAD_vs_CN; study_11_EOAD_vs_CN; study_2_EOAD_vs_CN; study_3_Soma_EOAD_vs_CN; study_4_EOAD_vs_CN; study_5_EOAD_vs_CN",3,"study_1; study_11; study_4",0.465566747925441
"ADAM22",-0.0211550608198061,-0.056235210015094,0.0139250883754819,-1.10875503261353,0.267535873969006,0.205534050168587,-0.0210840958804388,-0.0285256633389078,-0.0141143019793923,11,1850,"study_1_EOAD_vs_CN; study_10_EOAD_vs_CN; study_11_EOAD_vs_CN; study_2_EOAD_vs_CN; study_3_Olink_EOAD_vs_CN; study_3_Soma_EOAD_vs_CN; study_4_EOAD_vs_CN; study_5_EOAD_vs_CN; study_7_EOAD_vs_CN; study_8_EOAD_vs_CN; study_9_EOAD_vs_CN",5,"study_1; study_11; study_4; study_7; study_8",0.458967519154847
"ACLY",-0.284816977212936,-0.717954590847373,0.148320636421501,-1.1068775170563,0.268346887632011,0.836855411364768,NA,NA,NA,2,277,"study_11_EOAD_vs_CN; study_2_EOAD_vs_CN",2,"study_11; study_2",0.616727057540235
"HSPA1A",0.0317996080101361,-0.0505803508600191,0.114179566880291,1.1068401172632,0.268363060024147,0,0.0343503250763294,0.0170199622149271,0.0548875992938418,5,896,"study_1_EOAD_vs_CN; study_11_EOAD_vs_CN; study_3_Soma_EOAD_vs_CN; study_4_EOAD_vs_CN; study_7_EOAD_vs_CN",4,"study_1; study_11; study_4; study_7",0.437932057928676
"MRC1",-0.014156046245676,-0.0547229323285781,0.026410839837226,-1.10669018938859,0.268427898451206,0.813209554896598,-0.016474234495962,-0.0342385969205415,0.00386756926176147,8,1205,"study_1_EOAD_vs_CN; study_10_EOAD_vs_CN; study_11_EOAD_vs_CN; study_2_EOAD_vs_CN; study_3_Soma_EOAD_vs_CN; study_4_EOAD_vs_CN; study_5_EOAD_vs_CN; study_7_EOAD_vs_CN",4,"study_1; study_11; study_4; study_7",0.437932057928676
"CA14",-0.025828224587101,-0.0621777796935954,0.0105213305193934,-1.10525649660617,0.269048462554724,0.613440861012435,NA,NA,NA,5,820,"study_1_EOAD_vs_CN; study_11_EOAD_vs_CN; study_2_EOAD_vs_CN; study_3_Olink_EOAD_vs_CN; study_5_EOAD_vs_CN",2,"study_1; study_11",0.616986408659412
"CST3",0.00875472992728065,-0.0257376605148774,0.0432471203694387,1.10456727961956,0.269347135654253,0.0753959894035812,0.0085293312316652,0.00367339082766911,0.0163265313037389,11,1853,"study_1_EOAD_vs_CN; study_10_EOAD_vs_CN; study_11_EOAD_vs_CN; study_2_EOAD_vs_CN; study_3_Olink_EOAD_vs_CN; study_3_Soma_EOAD_vs_CN; study_4_EOAD_vs_CN; study_5_EOAD_vs_CN; study_7_EOAD_vs_CN; study_8_EOAD_vs_CN; study_9_EOAD_vs_CN",5,"study_1; study_11; study_4; study_7; study_8",0.458967519154847
"GNPTG",-0.0116812602042976,-0.0390631934001436,0.0157006729915485,-1.10414840332108,0.269528767383956,0,-0.0123959832980676,-0.0232784343103739,-0.00622829705339741,8,1140,"study_1_EOAD_vs_CN; study_10_EOAD_vs_CN; study_11_EOAD_vs_CN; study_2_EOAD_vs_CN; study_3_Soma_EOAD_vs_CN; study_4_EOAD_vs_CN; study_5_EOAD_vs_CN; study_7_EOAD_vs_CN",4,"study_1; study_11; study_4; study_7",0.438819563426771
"PTPRC",0.0352730222241554,-0.0283699135240189,0.0989159579723298,1.10349523098018,0.269812161443435,0,NA,NA,NA,4,791,"study_1_EOAD_vs_CN; study_11_EOAD_vs_CN; study_2_EOAD_vs_CN; study_5_EOAD_vs_CN",2,"study_1; study_11",0.617386779896768
"GGT5",0.115528163718768,-0.0715926724859616,0.302648999923498,1.10235199161563,0.270308674347217,0.33189984043068,0.0824550952094361,-0.00373229953382644,0.126870789749112,5,402,"study_11_EOAD_vs_CN; study_2_EOAD_vs_CN; study_3_Olink_EOAD_vs_CN; study_3_Soma_EOAD_vs_CN; study_7_EOAD_vs_CN",3,"study_11; study_2; study_7",0.468797100389114
"ARPC4",-0.0130964763629166,-0.136174404473736,0.109981451747903,1.10091529271444,0.270933525618927,0.897911497627494,-0.0104392812832107,-0.134066615652493,0.110320423180186,4,757,"study_1_EOAD_vs_CN; study_11_EOAD_vs_CN; study_2_EOAD_vs_CN; study_7_EOAD_vs_CN",3,"study_1; study_11; study_7",0.468797100389114
"CALCA",-0.029105101835547,-0.0897871532485208,0.0315769495774268,-1.1002404740844,0.271227360144641,0,-0.0289961894170708,-0.0431623350568526,-0.0111549008758946,8,1542,"study_1_EOAD_vs_CN; study_11_EOAD_vs_CN; study_2_EOAD_vs_CN; study_3_Olink_EOAD_vs_CN; study_5_EOAD_vs_CN; study_7_EOAD_vs_CN; study_8_EOAD_vs_CN; study_9_EOAD_vs_CN",4,"study_1; study_11; study_7; study_8",0.440674556276241
"CNDP2",-0.0624149909215837,-0.201930472586567,0.0771004907433998,-1.10022982689566,0.271231997971204,0,NA,NA,NA,3,526,"study_1_EOAD_vs_CN; study_11_EOAD_vs_CN; study_2_EOAD_vs_CN",2,"study_1; study_11",0.619283516064971
"EPB41L2",0.0436091896944528,-0.0345335967352283,0.121751976124134,1.09878589193024,0.271861467331796,0,NA,NA,NA,4,784,"study_1_EOAD_vs_CN; study_11_EOAD_vs_CN; study_2_EOAD_vs_CN; study_5_EOAD_vs_CN",2,"study_1; study_11",0.619371342964614
"LY6E",-0.0453829632874384,-0.119306112118105,0.0285401855432278,-1.09646682225888,0.272874534961541,0.392262338050951,NA,NA,NA,2,709,"study_1_EOAD_vs_CN; study_11_EOAD_vs_CN",2,"study_1; study_11",0.619891907068452
"CST1",-0.0767402081199266,-0.21379329999508,0.0603128837552265,-1.09477460640718,0.273615394018289,0,NA,NA,NA,4,700,"study_1_EOAD_vs_CN; study_11_EOAD_vs_CN; study_2_EOAD_vs_CN; study_3_Soma_EOAD_vs_CN",2,"study_1; study_11",0.619891907068452
"DDI2",-0.191481023332844,-0.505255942039106,0.122293895373417,-1.09420641423403,0.27386445894341,0,NA,NA,NA,2,231,"study_11_EOAD_vs_CN; study_3_Soma_EOAD_vs_CN",2,"study_11; study_3_Soma",0.619891907068452
"ALDH1A1",-0.0187611961955667,-0.0815337051782312,0.0440113127870978,-1.09009691592733,0.275670454704399,0.0128010741681324,-0.0139002057458124,-0.0380225870461477,0.0208388605256935,8,986,"study_1_EOAD_vs_CN; study_11_EOAD_vs_CN; study_2_EOAD_vs_CN; study_3_Olink_EOAD_vs_CN; study_3_Soma_EOAD_vs_CN; study_4_EOAD_vs_CN; study_5_EOAD_vs_CN; study_7_EOAD_vs_CN",4,"study_1; study_11; study_4; study_7",0.44697184836845
"FAM3D",-0.110622168080921,-0.310959918389985,0.0897155822281433,-1.08825751852571,0.276481438818755,0,NA,NA,NA,2,232,"study_11_EOAD_vs_CN; study_3_Soma_EOAD_vs_CN",2,"study_11; study_3_Soma",0.624220399680235
"MAN1C1",0.0179142525126438,-0.0127235555547528,0.0485520605800405,1.08729850393778,0.276904909566841,0.781003740589877,0.016646550726082,-0.00925503823291931,0.0375961920409019,7,1037,"study_1_EOAD_vs_CN; study_11_EOAD_vs_CN; study_2_EOAD_vs_CN; study_3_Soma_EOAD_vs_CN; study_4_EOAD_vs_CN; study_5_EOAD_vs_CN; study_7_EOAD_vs_CN",4,"study_1; study_11; study_4; study_7",0.448051475849426
"TXN2",0.0540231899806724,-0.120199614385774,0.228245994347119,1.08715566434185,0.276968020850486,0.75398624482264,NA,NA,NA,2,346,"study_11_EOAD_vs_CN; study_2_EOAD_vs_CN",2,"study_11; study_2",0.624220399680235
"SORT1",0.0183078612634931,-0.0158075423455452,0.0524232648725314,1.08424469406719,0.278256319825531,0.32663596103278,0.0182004950155626,0.00146708910440329,0.0279149745299915,9,1629,"study_1_EOAD_vs_CN; study_11_EOAD_vs_CN; study_2_EOAD_vs_CN; study_3_Olink_EOAD_vs_CN; study_4_EOAD_vs_CN; study_5_EOAD_vs_CN; study_7_EOAD_vs_CN; study_8_EOAD_vs_CN; study_9_EOAD_vs_CN",5,"study_1; study_11; study_4; study_7; study_8",0.470385683514588
"APOA2",-0.0158787386868892,-0.137026319104499,0.105268841730721,-1.07393052793458,0.282853819667244,0.669545681830229,-0.0134379877043599,-0.0504920617248221,0.0630363810694286,8,1231,"study_1_EOAD_vs_CN; study_10_EOAD_vs_CN; study_11_EOAD_vs_CN; study_2_EOAD_vs_CN; study_3_Soma_EOAD_vs_CN; study_4_EOAD_vs_CN; study_5_EOAD_vs_CN; study_7_EOAD_vs_CN",4,"study_1; study_11; study_4; study_7",0.456628718229721
"S100A8",-0.0683915187539655,-0.256069898773771,0.11928686126584,-1.07377286055499,0.282924496479007,0,-0.0736357662172939,-0.140038658762059,-0.0110158126565802,6,870,"study_1_EOAD_vs_CN; study_11_EOAD_vs_CN; study_2_EOAD_vs_CN; study_3_Soma_EOAD_vs_CN; study_5_EOAD_vs_CN; study_7_EOAD_vs_CN",3,"study_1; study_11; study_7",0.488066125345961
"KLKB1",-0.00164561175483901,-0.0877523983432251,0.0844611748335471,-1.07279127659038,0.283364775652707,0.770171990573874,0.00361656014511209,-0.0540625106648042,0.0455832375038153,8,1222,"study_1_EOAD_vs_CN; study_10_EOAD_vs_CN; study_11_EOAD_vs_CN; study_2_EOAD_vs_CN; study_3_Soma_EOAD_vs_CN; study_4_EOAD_vs_CN; study_5_EOAD_vs_CN; study_7_EOAD_vs_CN",4,"study_1; study_11; study_4; study_7",0.456628718229721
"CD1C",0.0596831704504117,-0.0471347292518493,0.166501070152673,1.07211964928825,0.283666294301287,0,NA,NA,NA,3,622,"study_3_Olink_EOAD_vs_CN; study_8_EOAD_vs_CN; study_9_EOAD_vs_CN",2,"study_3_Olink; study_8",0.637944799201178
"FCN3",-0.00791367097500912,-0.115871323762692,0.100043981812673,-1.06950456585953,0.28484237257341,0.75696306219076,-0.00209135673770961,-0.0659911874712591,0.0598326515805954,7,930,"study_1_EOAD_vs_CN; study_11_EOAD_vs_CN; study_2_EOAD_vs_CN; study_3_Soma_EOAD_vs_CN; study_4_EOAD_vs_CN; study_5_EOAD_vs_CN; study_7_EOAD_vs_CN",4,"study_1; study_11; study_4; study_7",0.457697172240215
"CHRDL1",0.0215041681749712,-0.0201713030938054,0.0631796394437477,1.06873414369707,0.285189481687748,0,0.022247858825509,0.0181344785262492,0.0276020537350249,7,1000,"study_1_EOAD_vs_CN; study_11_EOAD_vs_CN; study_2_EOAD_vs_CN; study_3_Soma_EOAD_vs_CN; study_4_EOAD_vs_CN; study_5_EOAD_vs_CN; study_7_EOAD_vs_CN",4,"study_1; study_11; study_4; study_7",0.457697172240215
"LILRA3",0.156679619303366,-0.155921866705911,0.469281105312644,1.06718378840589,0.285888851658938,0,NA,NA,NA,2,286,"study_11_EOAD_vs_CN; study_3_Soma_EOAD_vs_CN",2,"study_11; study_3_Soma",0.640282326402668
"PSME1",0.0640423240581463,-0.0364747011356028,0.164559349251895,1.06709795815295,0.285927603775237,0.374248952126933,NA,NA,NA,6,808,"study_1_EOAD_vs_CN; study_11_EOAD_vs_CN; study_2_EOAD_vs_CN; study_3_Olink_EOAD_vs_CN; study_3_Soma_EOAD_vs_CN; study_5_EOAD_vs_CN",2,"study_1; study_11",0.640282326402668
"IGHV1-24",-0.0422840534130317,-0.164114605095519,0.0795464982694553,-1.06598068650098,0.286432372603572,0.580227447122909,-0.0442487035060085,-0.112513227241467,0.0393330169466801,4,865,"study_1_EOAD_vs_CN; study_11_EOAD_vs_CN; study_5_EOAD_vs_CN; study_7_EOAD_vs_CN",3,"study_1; study_11; study_7",0.492629170953735
"ANGPTL1",0.0338839242539595,-0.0306655817668169,0.0984334302747359,1.06557209373884,0.286617119721498,0.294274283526592,0.0339246539674086,0.0190439730968189,0.0451758087314307,9,1485,"study_1_EOAD_vs_CN; study_11_EOAD_vs_CN; study_2_EOAD_vs_CN; study_3_Olink_EOAD_vs_CN; study_3_Soma_EOAD_vs_CN; study_5_EOAD_vs_CN; study_7_EOAD_vs_CN; study_8_EOAD_vs_CN; study_9_EOAD_vs_CN",4,"study_1; study_11; study_7; study_8",0.459053435651505
"TENM1",-0.0274857902369861,-0.0850711115811196,0.0300995311071474,-1.06405327888725,0.287304564317433,0,-0.0275808116568497,-0.0369824661348385,-0.0206682866950357,5,862,"study_1_EOAD_vs_CN; study_11_EOAD_vs_CN; study_2_EOAD_vs_CN; study_5_EOAD_vs_CN; study_7_EOAD_vs_CN",3,"study_1; study_11; study_7",0.492645364039803
"RNF130",-0.0247471058579393,-0.0799895108227769,0.0304952991068982,-1.06353340603771,0.287540124108867,0.486251927115322,NA,NA,NA,4,684,"study_1_EOAD_vs_CN; study_11_EOAD_vs_CN; study_2_EOAD_vs_CN; study_5_EOAD_vs_CN",2,"study_1; study_11",0.64252036261427
"CXADR",0.0166296616431086,-0.031391217309426,0.0646505405956432,1.0622355881312,0.288128747472787,0.57772426313234,0.0180137353115847,-0.0278239235226193,0.0720485730868856,10,1571,"study_1_EOAD_vs_CN; study_11_EOAD_vs_CN; study_2_EOAD_vs_CN; study_3_Olink_EOAD_vs_CN; study_3_Soma_EOAD_vs_CN; study_4_EOAD_vs_CN; study_5_EOAD_vs_CN; study_7_EOAD_vs_CN; study_8_EOAD_vs_CN; study_9_EOAD_vs_CN",5,"study_1; study_11; study_4; study_7; study_8",0.481210496809326
"HEXB",-0.0198431149950904,-0.0561351679383431,0.0164489379481623,-1.06098378267295,0.288697271313445,0,-0.0210082625513915,-0.0420169451586392,-0.00637734977195039,8,1208,"study_1_EOAD_vs_CN; study_10_EOAD_vs_CN; study_11_EOAD_vs_CN; study_2_EOAD_vs_CN; study_3_Soma_EOAD_vs_CN; study_4_EOAD_vs_CN; study_5_EOAD_vs_CN; study_7_EOAD_vs_CN",4,"study_1; study_11; study_4; study_7",0.461447159827576
"DDRGK1",0.0402480444865567,-0.0655053948738103,0.146001483846924,1.06028096117909,0.289016798088971,0,NA,NA,NA,4,568,"study_1_EOAD_vs_CN; study_11_EOAD_vs_CN; study_2_EOAD_vs_CN; study_3_Soma_EOAD_vs_CN",2,"study_1; study_11",0.644445966802642
"COL1A1",0.0148551349534739,-0.0235311416312694,0.0532414115382172,1.05992627963328,0.28917813892767,0.469739622033863,0.0149206554618062,0.00379447988701359,0.028077721137997,11,1853,"study_1_EOAD_vs_CN; study_10_EOAD_vs_CN; study_11_EOAD_vs_CN; study_2_EOAD_vs_CN; study_3_Olink_EOAD_vs_CN; study_3_Soma_EOAD_vs_CN; study_4_EOAD_vs_CN; study_5_EOAD_vs_CN; study_7_EOAD_vs_CN; study_8_EOAD_vs_CN; study_9_EOAD_vs_CN",5,"study_1; study_11; study_4; study_7; study_8",0.481210496809326
"GRIA4",-0.0246215065896144,-0.0889418343721164,0.0396988211928875,-1.05902607819002,0.289587903314716,0.807623282215757,-0.0257930873848664,-0.0540110651702178,0.0015159729892461,8,1224,"study_1_EOAD_vs_CN; study_10_EOAD_vs_CN; study_11_EOAD_vs_CN; study_2_EOAD_vs_CN; study_3_Soma_EOAD_vs_CN; study_4_EOAD_vs_CN; study_5_EOAD_vs_CN; study_7_EOAD_vs_CN",4,"study_1; study_11; study_4; study_7",0.461933740510114
"CD81",-0.0116435500035664,-0.121408397729483,0.0981212977223505,-1.0565949537025,0.290696484554263,0.709330522240002,-0.0165179707163179,-0.0868195755361666,0.0584899599885035,4,779,"study_1_EOAD_vs_CN; study_11_EOAD_vs_CN; study_2_EOAD_vs_CN; study_4_EOAD_vs_CN",3,"study_1; study_11; study_4",0.496969139761929
"PPP4R3A",0.181422882888777,-0.0111043750426345,0.373950140820188,1.05504303642966,0.291405642432751,0.95937225010586,NA,NA,NA,2,282,"study_11_EOAD_vs_CN; study_3_Soma_EOAD_vs_CN",2,"study_11; study_3_Soma",0.648393021803658
"IGHV4-28",-0.0200303143383339,-0.13440025774987,0.094339629073202,-1.05493683785364,0.291454212986822,0.697024619439386,-0.0176297469075089,-0.0567949114204469,0.00392553439121443,5,982,"study_1_EOAD_vs_CN; study_11_EOAD_vs_CN; study_4_EOAD_vs_CN; study_5_EOAD_vs_CN; study_7_EOAD_vs_CN",4,"study_1; study_11; study_4; study_7",0.463971555219426
"NAGLU",-0.0199525016114233,-0.0583757260172123,0.0184707227943657,-1.04650451515293,0.295328161395289,0,-0.0194800264148933,-0.033248439072676,-0.00425568172109202,7,1035,"study_1_EOAD_vs_CN; study_11_EOAD_vs_CN; study_2_EOAD_vs_CN; study_3_Soma_EOAD_vs_CN; study_4_EOAD_vs_CN; study_5_EOAD_vs_CN; study_7_EOAD_vs_CN",4,"study_1; study_11; study_4; study_7",0.469190708023161
"CDH2",0.0166295945632334,-0.0240678587698733,0.0573270478963402,1.04623010213216,0.295454808019531,0.642511993616352,0.0172643687459338,-0.0147579606909423,0.0442205345615194,10,1826,"study_1_EOAD_vs_CN; study_10_EOAD_vs_CN; study_11_EOAD_vs_CN; study_2_EOAD_vs_CN; study_3_Olink_EOAD_vs_CN; study_4_EOAD_vs_CN; study_5_EOAD_vs_CN; study_7_EOAD_vs_CN; study_8_EOAD_vs_CN; study_9_EOAD_vs_CN",5,"study_1; study_11; study_4; study_7; study_8",0.487843985334574
"GCLC",-0.101363685426217,-0.281024666712973,0.0782972958605393,-1.04550611730768,0.295789114784502,0,NA,NA,NA,2,326,"study_11_EOAD_vs_CN; study_2_EOAD_vs_CN",2,"study_11; study_2",0.656752102318132
"ADAMTS2",0.0238460165525407,-0.0204131461256729,0.0681051792307543,1.04536748727964,0.295853157373135,0.431878677198867,0.0240398991642016,0.0097985219311816,0.0445889887973719,4,882,"study_1_EOAD_vs_CN; study_11_EOAD_vs_CN; study_5_EOAD_vs_CN; study_7_EOAD_vs_CN",3,"study_1; study_11; study_7",0.504275083164358
"C6orf120",-0.126484504384202,-0.352738680169709,0.0997696714013061,-1.04388107637138,0.296540414445221,0.598535389106127,NA,NA,NA,2,408,"study_11_EOAD_vs_CN; study_2_EOAD_vs_CN",2,"study_11; study_2",0.657028233273979
"GALNT5",0.0274416695715403,-0.019396845639838,0.0742801847829186,1.04308799451235,0.296907540442205,0,0.0259107156440595,0.00766593518712998,0.0410549761004035,5,823,"study_1_EOAD_vs_CN; study_11_EOAD_vs_CN; study_2_EOAD_vs_CN; study_5_EOAD_vs_CN; study_7_EOAD_vs_CN",3,"study_1; study_11; study_7",0.504566088072914
"SLC4A10",0.108745035419838,-0.139592713053607,0.357082783893282,1.04167570987467,0.297562054244971,0,NA,NA,NA,3,315,"study_11_EOAD_vs_CN; study_2_EOAD_vs_CN; study_5_EOAD_vs_CN",2,"study_11; study_2",0.657900913182975
"PDGFRB",-0.0143634884401796,-0.0596378134765549,0.0309108365961958,-1.04059821333788,0.298062060782236,0.270867060341487,-0.0135488819156388,-0.0421110723700671,0.0124467596775949,10,1611,"study_1_EOAD_vs_CN; study_11_EOAD_vs_CN; study_2_EOAD_vs_CN; study_3_Olink_EOAD_vs_CN; study_3_Soma_EOAD_vs_CN; study_4_EOAD_vs_CN; study_5_EOAD_vs_CN; study_7_EOAD_vs_CN; study_8_EOAD_vs_CN; study_9_EOAD_vs_CN",5,"study_1; study_11; study_4; study_7; study_8",0.488363222666279
"SYT4",-0.0625442723159056,-0.184799977581674,0.0597114329498629,-1.03944898337469,0.298595973037318,0.289665602531536,NA,NA,NA,3,705,"study_1_EOAD_vs_CN; study_11_EOAD_vs_CN; study_3_Soma_EOAD_vs_CN",2,"study_1; study_11",0.658797009985492
"FAM20A",-0.0479248326168658,-0.161323751576719,0.0654740863429876,-1.03904978167214,0.298781584544378,0.0797710893491913,-0.0468620180742177,-0.0699919651854618,-0.0309692334747501,5,761,"study_1_EOAD_vs_CN; study_11_EOAD_vs_CN; study_2_EOAD_vs_CN; study_3_Soma_EOAD_vs_CN; study_7_EOAD_vs_CN",3,"study_1; study_11; study_7",0.506244168471334
"ACP1",-0.109034608166098,-0.247672152291174,0.0296029359589793,-1.0368623559631,0.299800009873534,0.771387080390264,-0.055514936847007,-0.147859495931372,0.100980802946589,4,484,"study_11_EOAD_vs_CN; study_2_EOAD_vs_CN; study_3_Soma_EOAD_vs_CN; study_7_EOAD_vs_CN",3,"study_11; study_2; study_7",0.506466880585171
"MCMBP",-0.0301178947841489,-0.129225416293609,0.0689896267253115,-1.03535907759743,0.300501249402566,0.782168477515181,NA,NA,NA,2,484,"study_1_EOAD_vs_CN; study_11_EOAD_vs_CN",2,"study_1; study_11",0.661607792802288
"FAM171A1",-0.0274541602295703,-0.0621250693561754,0.00721674889703487,-1.03090811452516,0.302583910985315,0.898559826687497,-0.0297540353456057,-0.0442508705615688,-0.0070892034253935,7,1002,"study_1_EOAD_vs_CN; study_11_EOAD_vs_CN; study_2_EOAD_vs_CN; study_3_Soma_EOAD_vs_CN; study_4_EOAD_vs_CN; study_5_EOAD_vs_CN; study_7_EOAD_vs_CN",4,"study_1; study_11; study_4; study_7",0.479750748202068
"REEP2",0.168862720373396,-0.344871612660583,0.682597053407375,1.02794226902864,0.303976984833742,0,NA,NA,NA,3,276,"study_11_EOAD_vs_CN; study_2_EOAD_vs_CN; study_3_Soma_EOAD_vs_CN",2,"study_11; study_2",0.667857190997403
"CILP",0.0554910803082468,-0.0690610632507515,0.180043223867245,1.02584883854915,0.304962841322645,0,0.0567128345787189,0.0507092935838293,0.0597171345363811,3,450,"study_11_EOAD_vs_CN; study_3_Soma_EOAD_vs_CN; study_7_EOAD_vs_CN",3,"study_11; study_3_Soma; study_7",0.513668974617198
"PTPRF",-0.00905638715902488,-0.0541238178459222,0.0360110435278724,-1.0240368418305,0.305817873768974,0.653868629169832,-0.00776508421823303,-0.0513300368159084,0.0402098440846217,10,1738,"study_1_EOAD_vs_CN; study_10_EOAD_vs_CN; study_11_EOAD_vs_CN; study_2_EOAD_vs_CN; study_3_Olink_EOAD_vs_CN; study_4_EOAD_vs_CN; study_5_EOAD_vs_CN; study_7_EOAD_vs_CN; study_8_EOAD_vs_CN; study_9_EOAD_vs_CN",5,"study_1; study_11; study_4; study_7; study_8",0.49381807311055
"MT1HL1",-0.0380642763106015,-0.0969682087605578,0.0208396561393547,-1.02372322905606,0.305966020396009,0.514455299127654,NA,NA,NA,2,652,"study_1_EOAD_vs_CN; study_11_EOAD_vs_CN",2,"study_1; study_11",0.670820898274095
"FGA",0.066842690330419,-0.0500486253504978,0.183734006011336,1.02259036785846,0.30650156569461,0,0.0668762730942137,0.0532094851663265,0.0833927120627894,8,1231,"study_1_EOAD_vs_CN; study_10_EOAD_vs_CN; study_11_EOAD_vs_CN; study_2_EOAD_vs_CN; study_3_Soma_EOAD_vs_CN; study_4_EOAD_vs_CN; study_5_EOAD_vs_CN; study_7_EOAD_vs_CN",4,"study_1; study_11; study_4; study_7",0.484986413187455
"NTRK3",-0.0203449691803059,-0.0632137002032948,0.022523761842683,-1.02187227117241,0.306841357955413,0.260180955796658,-0.019855199889961,-0.0404476332923734,0.000661281666377227,10,1658,"study_1_EOAD_vs_CN; study_11_EOAD_vs_CN; study_2_EOAD_vs_CN; study_3_Olink_EOAD_vs_CN; study_3_Soma_EOAD_vs_CN; study_4_EOAD_vs_CN; study_5_EOAD_vs_CN; study_7_EOAD_vs_CN; study_8_EOAD_vs_CN; study_9_EOAD_vs_CN",5,"study_1; study_11; study_4; study_7; study_8",0.49381807311055
"PDCD6",0.0928670587497965,-0.0333063712213714,0.219040488720964,1.02172938543789,0.306908999031472,0.828204795646172,0.0850684548277083,0.00871904967557426,0.141029819859278,4,990,"study_11_EOAD_vs_CN; study_3_Soma_EOAD_vs_CN; study_8_EOAD_vs_CN; study_9_EOAD_vs_CN",3,"study_11; study_3_Soma; study_8",0.515107118748349
"EHD3",0.114425964566257,-0.108896031714171,0.337747960846685,1.02101175875875,0.307248867679573,0,NA,NA,NA,2,321,"study_11_EOAD_vs_CN; study_3_Soma_EOAD_vs_CN",2,"study_11; study_3_Soma",0.672227167699776
"CHST12",0.0194667797555511,-0.0179452029757588,0.056878762486861,1.02022684503585,0.307620888779662,0.543717368934406,0.0154431532414831,-0.0209454663463744,0.0399361543808759,6,881,"study_1_EOAD_vs_CN; study_11_EOAD_vs_CN; study_2_EOAD_vs_CN; study_3_Soma_EOAD_vs_CN; study_5_EOAD_vs_CN; study_7_EOAD_vs_CN",3,"study_1; study_11; study_7",0.515107118748349
"TMEM132E",-0.00942664700992221,-0.0616572615371551,0.0428039675173107,-1.019131300073,0.308140636294494,0.737071148943713,-0.00903519870042857,-0.0342242630712184,0.0113561014496063,6,967,"study_1_EOAD_vs_CN; study_11_EOAD_vs_CN; study_2_EOAD_vs_CN; study_4_EOAD_vs_CN; study_5_EOAD_vs_CN; study_7_EOAD_vs_CN",4,"study_1; study_11; study_4; study_7",0.485180487452682
"SPOCK1",0.0232954787660152,-0.0103299117464583,0.0569208692784886,1.01869771788815,0.308346496355414,0.509207352584805,0.0226158670763062,0.0117766517035457,0.0304171576321167,11,1852,"study_1_EOAD_vs_CN; study_10_EOAD_vs_CN; study_11_EOAD_vs_CN; study_2_EOAD_vs_CN; study_3_Olink_EOAD_vs_CN; study_3_Soma_EOAD_vs_CN; study_4_EOAD_vs_CN; study_5_EOAD_vs_CN; study_7_EOAD_vs_CN; study_8_EOAD_vs_CN; study_9_EOAD_vs_CN",5,"study_1; study_11; study_4; study_7; study_8",0.49381807311055
"PCYOX1L",-0.17563605798132,-0.53205827957839,0.18078616361575,-1.01849423661741,0.308443138384467,0,NA,NA,NA,2,267,"study_11_EOAD_vs_CN; study_3_Soma_EOAD_vs_CN",2,"study_11; study_3_Soma",0.673021569278163
"IGKV3-15",-0.0440244376695353,-0.149519710737709,0.0614708353986385,-1.01848044188867,0.308449690820937,0.361359995898362,-0.0439186969018093,-0.0679992476355115,-0.0132210298627837,6,985,"study_1_EOAD_vs_CN; study_11_EOAD_vs_CN; study_2_EOAD_vs_CN; study_4_EOAD_vs_CN; study_5_EOAD_vs_CN; study_7_EOAD_vs_CN",4,"study_1; study_11; study_4; study_7",0.485180487452682
"APOA4",0.00020898869724793,-0.0889976273574794,0.0894156047519753,-1.01843484347529,0.308471350525119,0.612460811999775,0.00375730144273705,-0.0394113667416802,0.0388026691720229,8,1231,"study_1_EOAD_vs_CN; study_10_EOAD_vs_CN; study_11_EOAD_vs_CN; study_2_EOAD_vs_CN; study_3_Soma_EOAD_vs_CN; study_4_EOAD_vs_CN; study_5_EOAD_vs_CN; study_7_EOAD_vs_CN",4,"study_1; study_11; study_4; study_7",0.485180487452682
"AMIGO2",-0.0536811268033808,-0.142635339278329,0.035273085671567,-1.01756943066252,0.308882621007588,0.480327574088452,-0.0522713672150966,-0.0881445964680895,-0.0154961582397116,7,1274,"study_1_EOAD_vs_CN; study_11_EOAD_vs_CN; study_2_EOAD_vs_CN; study_3_Olink_EOAD_vs_CN; study_3_Soma_EOAD_vs_CN; study_8_EOAD_vs_CN; study_9_EOAD_vs_CN",3,"study_1; study_11; study_8",0.515707533904482
"SRI",0.0864859154454174,-0.0803711402908304,0.253342971181665,1.01754055463221,0.308896350021752,0,NA,NA,NA,3,374,"study_11_EOAD_vs_CN; study_2_EOAD_vs_CN; study_3_Soma_EOAD_vs_CN",2,"study_11; study_2",0.673021569278163
"ADAMTS16",-0.0520150221774949,-0.145552813488337,0.0415227691333468,-1.01432987563633,0.310425372946989,0.304699633419654,NA,NA,NA,2,419,"study_11_EOAD_vs_CN; study_2_EOAD_vs_CN",2,"study_11; study_2",0.67494977354449
"SQSTM1",-0.0265256310128805,-0.0835550719276464,0.0305038099018855,-1.01142456106625,0.311813270703514,0,NA,NA,NA,4,778,"study_1_EOAD_vs_CN; study_11_EOAD_vs_CN; study_2_EOAD_vs_CN; study_5_EOAD_vs_CN",2,"study_1; study_11",0.676563784052346
"DSC1",-0.0320739798822326,-0.109513869002912,0.045365909238447,-1.01042787945392,0.312290336352404,0,-0.0317795097435075,-0.0656165815920692,-0.00303797796961247,6,989,"study_1_EOAD_vs_CN; study_11_EOAD_vs_CN; study_2_EOAD_vs_CN; study_4_EOAD_vs_CN; study_5_EOAD_vs_CN; study_7_EOAD_vs_CN",4,"study_1; study_11; study_4; study_7",0.488956187512226
"KRT10",-0.141424847178795,-0.333732738184408,0.0508830438268189,-1.01034610694684,0.312329498427137,0.0968297909036239,-0.152106003905184,-0.228529996716039,-0.0520605856682081,7,1170,"study_1_EOAD_vs_CN; study_10_EOAD_vs_CN; study_11_EOAD_vs_CN; study_2_EOAD_vs_CN; study_4_EOAD_vs_CN; study_5_EOAD_vs_CN; study_7_EOAD_vs_CN",4,"study_1; study_11; study_4; study_7",0.488956187512226
"TUBB4B",-0.122212563860657,-0.319123450227241,0.0746983225059275,-1.00960873131925,0.312682784766455,0.222348102010545,NA,NA,NA,2,103,"study_2_EOAD_vs_CN; study_7_EOAD_vs_CN",2,"study_2; study_7",0.677048674452985
"KIAA0319L",0.0211892412625946,-0.0177870315294525,0.0601655140546417,1.009503134512,0.312733399119495,0.700193293494244,0.0232037006799578,0.00250718984135158,0.0342877008000109,7,1023,"study_1_EOAD_vs_CN; study_11_EOAD_vs_CN; study_2_EOAD_vs_CN; study_3_Soma_EOAD_vs_CN; study_4_EOAD_vs_CN; study_5_EOAD_vs_CN; study_7_EOAD_vs_CN",4,"study_1; study_11; study_4; study_7",0.488956187512226
"KIAA0319",-0.0309381691036698,-0.0930393759511775,0.0311630377438379,-1.00910072470621,0.31292633047249,0.778113031169261,-0.0252439255689684,-0.0589300891852923,-0.00710643394746499,6,980,"study_1_EOAD_vs_CN; study_10_EOAD_vs_CN; study_11_EOAD_vs_CN; study_2_EOAD_vs_CN; study_5_EOAD_vs_CN; study_7_EOAD_vs_CN",3,"study_1; study_11; study_7",0.520935669678693
"XG",-0.050931452349969,-0.225173804970134,0.123310900270196,-1.00807472531429,0.313418590201481,0.530143434913486,NA,NA,NA,4,649,"study_3_Olink_EOAD_vs_CN; study_3_Soma_EOAD_vs_CN; study_8_EOAD_vs_CN; study_9_EOAD_vs_CN",2,"study_3_Soma; study_8",0.677242644394128
"SUMF2",-0.0314402835531012,-0.0872723803953347,0.0243918132891323,-1.00652434366241,0.314163407446329,0,-0.0308567301909605,-0.0404901258366283,-0.0183842577973571,9,1494,"study_1_EOAD_vs_CN; study_11_EOAD_vs_CN; study_2_EOAD_vs_CN; study_3_Olink_EOAD_vs_CN; study_3_Soma_EOAD_vs_CN; study_5_EOAD_vs_CN; study_7_EOAD_vs_CN; study_8_EOAD_vs_CN; study_9_EOAD_vs_CN",4,"study_1; study_11; study_7; study_8",0.490219336767738
"IGHV3-21",-0.0406216260492395,-0.151826708864837,0.0705834567663577,-1.00458213980926,0.315098100884759,0.323679444768628,NA,NA,NA,2,720,"study_1_EOAD_vs_CN; study_11_EOAD_vs_CN",2,"study_1; study_11",0.678036423607826
"CD274",0.057972781346752,-0.0370262264982915,0.152971789191796,1.0040775843737,0.315341218934662,0.707768060453984,NA,NA,NA,4,649,"study_3_Olink_EOAD_vs_CN; study_3_Soma_EOAD_vs_CN; study_8_EOAD_vs_CN; study_9_EOAD_vs_CN",2,"study_3_Soma; study_8",0.678036423607826
"RAB14",-0.0130104749954565,-0.0482072948941494,0.0221863449032365,-1.00327771713181,0.3157268842754,0.395574401208877,NA,NA,NA,5,833,"study_1_EOAD_vs_CN; study_11_EOAD_vs_CN; study_2_EOAD_vs_CN; study_3_Soma_EOAD_vs_CN; study_5_EOAD_vs_CN",2,"study_1; study_11",0.678036423607826
"NECTIN2",0.0259625832679934,-0.0122617629153412,0.0641869294513279,1.00271831626461,0.315996789929231,0.595783114595518,0.0261264569446986,-0.0133534758078033,0.0479520407559971,10,1581,"study_1_EOAD_vs_CN; study_11_EOAD_vs_CN; study_2_EOAD_vs_CN; study_3_Olink_EOAD_vs_CN; study_3_Soma_EOAD_vs_CN; study_4_EOAD_vs_CN; study_5_EOAD_vs_CN; study_7_EOAD_vs_CN; study_8_EOAD_vs_CN; study_9_EOAD_vs_CN",5,"study_1; study_11; study_4; study_7; study_8",0.501752195274249
"C4BPA",-0.0175062514921809,-0.159070514435932,0.12405801145157,-1.00009704908158,0.317263544068752,0.585819728755911,-0.00898525836007186,-0.0896446389944681,0.0614557099575024,8,1204,"study_1_EOAD_vs_CN; study_10_EOAD_vs_CN; study_11_EOAD_vs_CN; study_2_EOAD_vs_CN; study_3_Soma_EOAD_vs_CN; study_4_EOAD_vs_CN; study_5_EOAD_vs_CN; study_7_EOAD_vs_CN",4,"study_1; study_11; study_4; study_7",0.494078404597187
"JUP",0.133896375118659,-0.130770655660655,0.398563405897972,0.99961506844304,0.317496828051729,0,NA,NA,NA,5,530,"study_1_EOAD_vs_CN; study_11_EOAD_vs_CN; study_2_EOAD_vs_CN; study_3_Soma_EOAD_vs_CN; study_5_EOAD_vs_CN",2,"study_1; study_11",0.67858406968083
"HLA-E",-0.031917880154063,-0.093027152052739,0.029191391744613,-0.999073872150174,0.31775890705791,0,NA,NA,NA,6,849,"study_1_EOAD_vs_CN; study_11_EOAD_vs_CN; study_2_EOAD_vs_CN; study_3_Olink_EOAD_vs_CN; study_3_Soma_EOAD_vs_CN; study_5_EOAD_vs_CN",2,"study_1; study_11",0.67858406968083
"PROC",0.0189165351966991,-0.0270302961755473,0.0648633665689455,0.998551603151937,0.318011954751285,0,0.0195154846974434,0.00829525341448508,0.0306370203703405,10,1656,"study_1_EOAD_vs_CN; study_11_EOAD_vs_CN; study_2_EOAD_vs_CN; study_3_Olink_EOAD_vs_CN; study_3_Soma_EOAD_vs_CN; study_4_EOAD_vs_CN; study_5_EOAD_vs_CN; study_7_EOAD_vs_CN; study_8_EOAD_vs_CN; study_9_EOAD_vs_CN",5,"study_1; study_11; study_4; study_7; study_8",0.501752195274249
"C2CD3",-0.0213754455952379,-0.133689512391,0.090938621200524,-0.99684799011353,0.318838300110166,0.402460287128294,NA,NA,NA,3,717,"study_7_EOAD_vs_CN; study_8_EOAD_vs_CN; study_9_EOAD_vs_CN",2,"study_7; study_8",0.67858406968083
"WNT6",-0.109005061308406,-0.327999795227786,0.109989672610975,-0.995683299736589,0.319404046888003,0,NA,NA,NA,2,388,"study_11_EOAD_vs_CN; study_2_EOAD_vs_CN",2,"study_11; study_2",0.67858406968083
"DLK1",-0.0402143646844987,-0.118076183975461,0.0376474546064634,-0.99427117983519,0.320090862680537,0.384350011406429,-0.0413836825687764,-0.0718852113649434,-0.000387027073437058,7,1317,"study_1_EOAD_vs_CN; study_11_EOAD_vs_CN; study_2_EOAD_vs_CN; study_3_Olink_EOAD_vs_CN; study_3_Soma_EOAD_vs_CN; study_8_EOAD_vs_CN; study_9_EOAD_vs_CN",3,"study_1; study_11; study_8",0.531313612181938
"IGLL1",-0.0504350496600691,-0.177028872999766,0.076158773679628,-0.993352427386559,0.320538236447143,0,NA,NA,NA,2,720,"study_1_EOAD_vs_CN; study_11_EOAD_vs_CN",2,"study_1; study_11",0.67858406968083
"NSFL1C",0.0671946844960453,-0.037276569435921,0.171665938428012,0.992879052684091,0.320768899146703,0.559725042761301,NA,NA,NA,4,575,"study_1_EOAD_vs_CN; study_11_EOAD_vs_CN; study_2_EOAD_vs_CN; study_3_Soma_EOAD_vs_CN",2,"study_1; study_11",0.67858406968083
"UNC5A",-0.0259118872310687,-0.0911803859366688,0.0393566114745314,-0.991982367348157,0.32120612692636,0.36619299507355,-0.0311382407795557,-0.0799511202222409,-0.00106754024559949,6,909,"study_1_EOAD_vs_CN; study_11_EOAD_vs_CN; study_2_EOAD_vs_CN; study_3_Soma_EOAD_vs_CN; study_4_EOAD_vs_CN; study_5_EOAD_vs_CN",3,"study_1; study_11; study_4",0.531619415869425
"MEGF11",-0.0483165649159125,-0.127607909021971,0.0309747791901462,-0.991903028588368,0.321244831596674,0.369380213970224,NA,NA,NA,3,618,"study_1_EOAD_vs_CN; study_11_EOAD_vs_CN; study_2_EOAD_vs_CN",2,"study_1; study_11",0.67858406968083
"PRDX5",0.0454394367779393,-0.0609400593035742,0.151818932859453,0.991582744890883,0.321401109964818,0,0.0437030021575205,0.0131484810986097,0.065508774193636,8,1402,"study_1_EOAD_vs_CN; study_11_EOAD_vs_CN; study_2_EOAD_vs_CN; study_3_Olink_EOAD_vs_CN; study_4_EOAD_vs_CN; study_5_EOAD_vs_CN; study_8_EOAD_vs_CN; study_9_EOAD_vs_CN",4,"study_1; study_11; study_4; study_8",0.498132896587282
"NPPC",-0.00174603319001632,-0.0436012220126185,0.0401091556325859,0.990083135171904,0.322133485826196,0.610576925435273,-0.00196122500496542,-0.0164215402438488,0.0112491028041423,10,1768,"study_1_EOAD_vs_CN; study_10_EOAD_vs_CN; study_11_EOAD_vs_CN; study_2_EOAD_vs_CN; study_3_Olink_EOAD_vs_CN; study_4_EOAD_vs_CN; study_5_EOAD_vs_CN; study_7_EOAD_vs_CN; study_8_EOAD_vs_CN; study_9_EOAD_vs_CN",5,"study_1; study_11; study_4; study_7; study_8",0.504517885889557
"IGHV3-30",0.00101235370848473,-0.0851536430701745,0.087178350487144,-0.989911665875953,0.322217296924695,0.7154125285517,0.00168489867278742,-0.024279676025447,0.0385307018291489,6,1115,"study_1_EOAD_vs_CN; study_10_EOAD_vs_CN; study_11_EOAD_vs_CN; study_2_EOAD_vs_CN; study_4_EOAD_vs_CN; study_7_EOAD_vs_CN",4,"study_1; study_11; study_4; study_7",0.498132896587282
"IGHV5-51",-0.0250730171635653,-0.139041963144781,0.0888959288176507,-0.989744971545509,0.322298787744682,0.368306347820449,-0.0233491694100621,-0.0586865500330696,0.0414794720142548,6,974,"study_1_EOAD_vs_CN; study_11_EOAD_vs_CN; study_2_EOAD_vs_CN; study_4_EOAD_vs_CN; study_5_EOAD_vs_CN; study_7_EOAD_vs_CN",4,"study_1; study_11; study_4; study_7",0.498132896587282
"ICAM5",-0.0511698684113531,-0.116429000261665,0.0140892634389587,-0.988545271907642,0.322885674049675,0.819018080015019,-0.0489092673855475,-0.0772563253182272,-0.0159312744187352,9,1239,"study_1_EOAD_vs_CN; study_10_EOAD_vs_CN; study_11_EOAD_vs_CN; study_2_EOAD_vs_CN; study_3_Olink_EOAD_vs_CN; study_3_Soma_EOAD_vs_CN; study_4_EOAD_vs_CN; study_5_EOAD_vs_CN; study_7_EOAD_vs_CN",4,"study_1; study_11; study_4; study_7",0.498132896587282
"CRTAM",-0.0317775353707502,-0.104907565023611,0.0413524942821105,-0.988048943411848,0.323128678816091,0.569313704200651,NA,NA,NA,4,649,"study_3_Olink_EOAD_vs_CN; study_3_Soma_EOAD_vs_CN; study_8_EOAD_vs_CN; study_9_EOAD_vs_CN",2,"study_3_Soma; study_8",0.67858406968083
"H2AC25",-0.143735773223573,-0.417198271262653,0.129726724815507,-0.987666471271542,0.323316020294071,0,NA,NA,NA,2,89,"study_3_Soma_EOAD_vs_CN; study_7_EOAD_vs_CN",2,"study_3_Soma; study_7",0.67858406968083
"NCAM2",-0.0225695025438964,-0.0565056660468204,0.0113666609590277,-0.987393206123452,0.323449913648201,0.219659380111814,-0.0213014977997691,-0.0365834898874644,0.00233206546147273,8,1231,"study_1_EOAD_vs_CN; study_10_EOAD_vs_CN; study_11_EOAD_vs_CN; study_2_EOAD_vs_CN; study_3_Soma_EOAD_vs_CN; study_4_EOAD_vs_CN; study_5_EOAD_vs_CN; study_7_EOAD_vs_CN",4,"study_1; study_11; study_4; study_7",0.498132896587282
"FCGR3B",-0.0330306004825464,-0.172325819420545,0.106264618455452,0.986964681618148,0.323659953112549,0.796297440710691,-0.0284769443795452,-0.144839190074746,0.103686143325543,7,1127,"study_11_EOAD_vs_CN; study_2_EOAD_vs_CN; study_3_Olink_EOAD_vs_CN; study_3_Soma_EOAD_vs_CN; study_7_EOAD_vs_CN; study_8_EOAD_vs_CN; study_9_EOAD_vs_CN",4,"study_11; study_2; study_7; study_8",0.498132896587282
"PTPRO",0.13030062604953,-0.140428861431421,0.401030113530481,0.986510064817448,0.323882878736984,0,NA,NA,NA,2,267,"study_11_EOAD_vs_CN; study_2_EOAD_vs_CN",2,"study_11; study_2",0.67858406968083
"CR2",0.0673137563562828,-0.0607145881405434,0.195342100853109,0.985860969803872,0.324201341901575,0,NA,NA,NA,4,649,"study_3_Olink_EOAD_vs_CN; study_3_Soma_EOAD_vs_CN; study_8_EOAD_vs_CN; study_9_EOAD_vs_CN",2,"study_3_Soma; study_8",0.67858406968083
"PLEKHB2",0.0740263162878569,-0.0188520247675048,0.166904657343219,0.98519478798031,0.324528400282015,0.879753759558102,NA,NA,NA,4,753,"study_1_EOAD_vs_CN; study_11_EOAD_vs_CN; study_2_EOAD_vs_CN; study_5_EOAD_vs_CN",2,"study_1; study_11",0.67858406968083
"PTMS",0.055997037957561,-0.145824432857674,0.257818508772797,0.98383447031347,0.325196907803321,0.676230301656673,NA,NA,NA,2,311,"study_11_EOAD_vs_CN; study_2_EOAD_vs_CN",2,"study_11; study_2",0.67858406968083
"ALB",-0.0140600209917597,-0.0824279996334937,0.0543079576499743,-0.982890710303961,0.325661230399358,0.675221752169642,-0.0105768636307435,-0.0484559307957526,0.0287446066751046,7,1037,"study_1_EOAD_vs_CN; study_11_EOAD_vs_CN; study_2_EOAD_vs_CN; study_3_Soma_EOAD_vs_CN; study_4_EOAD_vs_CN; study_5_EOAD_vs_CN; study_7_EOAD_vs_CN",4,"study_1; study_11; study_4; study_7",0.499273576518491
"IGHV3-66",-0.0401923975193154,-0.132202563695862,0.0518177686572307,-0.98287776743199,0.325667601187209,0.637134343732511,NA,NA,NA,2,720,"study_1_EOAD_vs_CN; study_11_EOAD_vs_CN",2,"study_1; study_11",0.67858406968083
"MGAT5",0.0141737727682798,-0.025058574799778,0.0534061203363376,0.982860293445255,0.325676202425538,0,0.0133584779529762,0.00199617175963274,0.0249760148730013,7,996,"study_1_EOAD_vs_CN; study_11_EOAD_vs_CN; study_2_EOAD_vs_CN; study_3_Soma_EOAD_vs_CN; study_4_EOAD_vs_CN; study_5_EOAD_vs_CN; study_7_EOAD_vs_CN",4,"study_1; study_11; study_4; study_7",0.499273576518491
"IGHV3-64D",-0.0249699849067766,-0.107303099413797,0.0573631296002437,-0.981589964867759,0.326301893283024,0.642332635105107,-0.0227935351783662,-0.0552497110790165,0.0142915540668483,5,961,"study_1_EOAD_vs_CN; study_11_EOAD_vs_CN; study_4_EOAD_vs_CN; study_5_EOAD_vs_CN; study_7_EOAD_vs_CN",4,"study_1; study_11; study_4; study_7",0.499273576518491
"H2AC11",-0.144233343664848,-0.421887207265188,0.133420519935492,-0.980546398569811,0.326816478162201,0,NA,NA,NA,2,89,"study_3_Soma_EOAD_vs_CN; study_7_EOAD_vs_CN",2,"study_3_Soma; study_7",0.67858406968083
"ATIC",0.297666788777529,-0.234203424990366,0.829537002545425,0.980307640410604,0.326934284400965,0.750454778069242,NA,NA,NA,3,368,"study_11_EOAD_vs_CN; study_2_EOAD_vs_CN; study_3_Soma_EOAD_vs_CN",2,"study_11; study_2",0.67858406968083
"SEMA3D",0.0369151752075972,-0.0493253177012301,0.123155668116424,0.980195832974511,0.326989461058034,0,NA,NA,NA,4,674,"study_1_EOAD_vs_CN; study_11_EOAD_vs_CN; study_2_EOAD_vs_CN; study_5_EOAD_vs_CN",2,"study_1; study_11",0.67858406968083
"ADAM28",0.0479847879840593,-0.0303839449418841,0.126353520910003,0.979708541484348,0.327230008657512,0,0.0459119732515612,0.0105712740766377,0.0683967172245106,7,998,"study_1_EOAD_vs_CN; study_11_EOAD_vs_CN; study_2_EOAD_vs_CN; study_3_Soma_EOAD_vs_CN; study_4_EOAD_vs_CN; study_5_EOAD_vs_CN; study_7_EOAD_vs_CN",4,"study_1; study_11; study_4; study_7",0.499723346554495
"CHST14",0.0548208827933924,-0.0263172503859005,0.135959015972685,0.978213778735615,0.32796860307467,0.67674693034132,0.0496240551440954,0.0015538147835202,0.0841095324617653,4,821,"study_1_EOAD_vs_CN; study_11_EOAD_vs_CN; study_5_EOAD_vs_CN; study_7_EOAD_vs_CN",3,"study_1; study_11; study_7",0.541242983686811
"ERLIN2",-0.126131007609767,-0.31424315746695,0.0619811422474155,-0.97820764239551,0.32797163739981,0.910677748953187,NA,NA,NA,2,402,"study_11_EOAD_vs_CN; study_2_EOAD_vs_CN",2,"study_11; study_2",0.679277225286563
"FAM177A1",-0.13320638535931,-0.385466148417316,0.119053377698696,-0.975238675206519,0.329441881895425,0,NA,NA,NA,4,444,"study_11_EOAD_vs_CN; study_2_EOAD_vs_CN; study_3_Soma_EOAD_vs_CN; study_5_EOAD_vs_CN",2,"study_11; study_2",0.680787298725093
"ATF6B",0.0186143401730515,-0.025663077988563,0.062891758334666,0.974113977478336,0.32999995014537,0.633863458591827,NA,NA,NA,5,794,"study_1_EOAD_vs_CN; study_11_EOAD_vs_CN; study_2_EOAD_vs_CN; study_3_Soma_EOAD_vs_CN; study_5_EOAD_vs_CN",2,"study_1; study_11",0.680787298725093
"QPRT",-0.109390441243722,-0.300506720819788,0.0817258383323449,-0.972652059022422,0.330726259662143,0.345698606343332,NA,NA,NA,2,325,"study_11_EOAD_vs_CN; study_2_EOAD_vs_CN",2,"study_11; study_2",0.6809452261806
"PON3",0.0489397967270489,-0.0394499827609041,0.137329576215002,0.972471112970279,0.330816229057452,0,0.0506859313670835,0.0256487329329441,0.0729594709802937,8,1505,"study_1_EOAD_vs_CN; study_11_EOAD_vs_CN; study_2_EOAD_vs_CN; study_3_Olink_EOAD_vs_CN; study_4_EOAD_vs_CN; study_7_EOAD_vs_CN; study_8_EOAD_vs_CN; study_9_EOAD_vs_CN",5,"study_1; study_11; study_4; study_7; study_8",0.514334721089324
"DIPK1C",-0.0287657145183468,-0.076563688194996,0.0190322591583023,-0.971397862117345,0.33135019273789,0,-0.0282856990184899,-0.0438934315767767,-0.0125046642283134,8,1143,"study_1_EOAD_vs_CN; study_10_EOAD_vs_CN; study_11_EOAD_vs_CN; study_2_EOAD_vs_CN; study_3_Soma_EOAD_vs_CN; study_4_EOAD_vs_CN; study_5_EOAD_vs_CN; study_7_EOAD_vs_CN",4,"study_1; study_11; study_4; study_7",0.504200740487718
"APOA1",-0.0225623952904139,-0.112098671786326,0.0669738812054981,-0.97121424136575,0.331441603518576,0.626789045733392,-0.0185059533502504,-0.0603836756252774,0.0365206741191375,8,1231,"study_1_EOAD_vs_CN; study_10_EOAD_vs_CN; study_11_EOAD_vs_CN; study_2_EOAD_vs_CN; study_3_Soma_EOAD_vs_CN; study_4_EOAD_vs_CN; study_5_EOAD_vs_CN; study_7_EOAD_vs_CN",4,"study_1; study_11; study_4; study_7",0.504200740487718
"IGLV9-49",-0.0764740431272867,-0.251304440579647,0.0983563543250732,-0.966917829905473,0.333585112591798,0,-0.0690184202370887,-0.10982851009707,0.0196994234905129,5,964,"study_1_EOAD_vs_CN; study_11_EOAD_vs_CN; study_4_EOAD_vs_CN; study_5_EOAD_vs_CN; study_7_EOAD_vs_CN",4,"study_1; study_11; study_4; study_7",0.50562692067297
"HLA-A",0.0506339449076021,-0.0511614762594695,0.152429366074674,0.966763179837272,0.333662434961859,0,0.0538519208013277,0.0280057493485006,0.0919460647764605,6,946,"study_1_EOAD_vs_CN; study_11_EOAD_vs_CN; study_2_EOAD_vs_CN; study_4_EOAD_vs_CN; study_5_EOAD_vs_CN; study_7_EOAD_vs_CN",4,"study_1; study_11; study_4; study_7",0.50562692067297
"ARPC5",-0.118820491392395,-0.418257274311059,0.180616291526269,-0.966617903315625,0.333735081251562,0,NA,NA,NA,3,288,"study_11_EOAD_vs_CN; study_2_EOAD_vs_CN; study_3_Soma_EOAD_vs_CN",2,"study_11; study_2",0.684830501985658
"B3GALNT1",-0.0141926981556491,-0.0544205685611093,0.0260351722498111,-0.965176991828562,0.334456169027197,0,-0.0131727410016021,-0.0282684231685037,-0.00377892058608603,6,959,"study_1_EOAD_vs_CN; study_11_EOAD_vs_CN; study_2_EOAD_vs_CN; study_4_EOAD_vs_CN; study_5_EOAD_vs_CN; study_7_EOAD_vs_CN",4,"study_1; study_11; study_4; study_7",0.50563366770984
"MMP7",0.0968937984056796,-0.0840700292610548,0.277857626072414,0.964337316472921,0.334876837815459,0.18176368578451,NA,NA,NA,4,648,"study_3_Olink_EOAD_vs_CN; study_3_Soma_EOAD_vs_CN; study_8_EOAD_vs_CN; study_9_EOAD_vs_CN",2,"study_3_Soma; study_8",0.684830501985658
"IL10RB",0.043332633244926,-0.0468908320648321,0.133556098554684,0.964291379643718,0.33489986152975,0,NA,NA,NA,3,622,"study_3_Olink_EOAD_vs_CN; study_8_EOAD_vs_CN; study_9_EOAD_vs_CN",2,"study_3_Olink; study_8",0.684830501985658
"GOLIM4",-0.01620010970917,-0.0497617993680299,0.01736157994969,-0.964190908704158,0.334950221503219,0.31703899498493,-0.0151684454203129,-0.0286630692791634,-0.00176329973663317,7,1153,"study_1_EOAD_vs_CN; study_10_EOAD_vs_CN; study_11_EOAD_vs_CN; study_2_EOAD_vs_CN; study_4_EOAD_vs_CN; study_5_EOAD_vs_CN; study_7_EOAD_vs_CN",4,"study_1; study_11; study_4; study_7",0.50563366770984
"DDAH2",0.00107436316898594,-0.0467373526938135,0.0488860790317854,0.96355882323141,0.335267159415457,0.835328836358178,0.00669009971117399,-0.0405500030466146,0.0700318394051684,6,1050,"study_1_EOAD_vs_CN; study_10_EOAD_vs_CN; study_11_EOAD_vs_CN; study_2_EOAD_vs_CN; study_5_EOAD_vs_CN; study_7_EOAD_vs_CN",3,"study_1; study_11; study_7",0.551693221977596
"CHRDL2",0.0304029048782766,-0.0559571180616767,0.11676292781823,0.96241865749726,0.335839345292261,0.575742253811188,NA,NA,NA,4,649,"study_3_Olink_EOAD_vs_CN; study_3_Soma_EOAD_vs_CN; study_8_EOAD_vs_CN; study_9_EOAD_vs_CN",2,"study_3_Soma; study_8",0.684830501985658
"CTSV",0.0405127750913163,-0.0438684975820772,0.12489404776471,0.960401766145445,0.336853049574864,0,NA,NA,NA,5,665,"study_2_EOAD_vs_CN; study_3_Olink_EOAD_vs_CN; study_3_Soma_EOAD_vs_CN; study_8_EOAD_vs_CN; study_9_EOAD_vs_CN",2,"study_2; study_8",0.684830501985658
"MIEN1",0.116777757519522,-0.41978006310253,0.653335578141574,0.959185512945292,0.337465297307137,0.0517326326981226,NA,NA,NA,2,359,"study_11_EOAD_vs_CN; study_2_EOAD_vs_CN",2,"study_11; study_2",0.684830501985658
"DEFB1",-0.0764367720069464,-0.203094021628763,0.0502204776148706,-0.957978375549731,0.338073662907363,0.422703448938567,NA,NA,NA,4,743,"study_1_EOAD_vs_CN; study_11_EOAD_vs_CN; study_3_Soma_EOAD_vs_CN; study_5_EOAD_vs_CN",2,"study_1; study_11",0.684830501985658
"FITM1",0.0357004350752833,-0.0282911221732868,0.0996919923238535,0.956227155752268,0.338957483096371,0.26570729324978,0.0344342387280322,0.00446723735418152,0.0651452115921344,5,930,"study_1_EOAD_vs_CN; study_11_EOAD_vs_CN; study_2_EOAD_vs_CN; study_5_EOAD_vs_CN; study_7_EOAD_vs_CN",3,"study_1; study_11; study_7",0.555240552255134
"HBA1",-0.0287876229323437,-0.422764237481684,0.365188991616996,-0.955913079112613,0.339116150568777,0.732651786046748,0.00524302641828377,-0.275073992684013,0.225756792389962,8,1217,"study_1_EOAD_vs_CN; study_10_EOAD_vs_CN; study_11_EOAD_vs_CN; study_2_EOAD_vs_CN; study_3_Soma_EOAD_vs_CN; study_4_EOAD_vs_CN; study_5_EOAD_vs_CN; study_7_EOAD_vs_CN",4,"study_1; study_11; study_4; study_7",0.510788013421131
"FUT8",-0.071794684919934,-0.241873854547782,0.0982844847079139,-0.955749155132305,0.339198981774465,0.268800532070146,NA,NA,NA,3,429,"study_11_EOAD_vs_CN; study_3_Olink_EOAD_vs_CN; study_3_Soma_EOAD_vs_CN",2,"study_11; study_3_Soma",0.684830501985658
"CLSTN2",0.000165874829158503,-0.0301272628066521,0.0304590124649691,-0.955685261986127,0.339231270659455,0.757514932219501,-2.36453634008585e-05,-0.0278069292934097,0.0126249614953753,11,1832,"study_1_EOAD_vs_CN; study_10_EOAD_vs_CN; study_11_EOAD_vs_CN; study_2_EOAD_vs_CN; study_3_Olink_EOAD_vs_CN; study_3_Soma_EOAD_vs_CN; study_4_EOAD_vs_CN; study_5_EOAD_vs_CN; study_7_EOAD_vs_CN; study_8_EOAD_vs_CN; study_9_EOAD_vs_CN",5,"study_1; study_11; study_4; study_7; study_8",0.518687834158737
"S100A11",0.0288657937917468,-0.0383753889381296,0.0961069765216232,0.955415352813726,0.339367693059618,0,0.0284188003643709,0.0202259946517983,0.0403948580302829,8,1459,"study_1_EOAD_vs_CN; study_11_EOAD_vs_CN; study_2_EOAD_vs_CN; study_3_Olink_EOAD_vs_CN; study_3_Soma_EOAD_vs_CN; study_5_EOAD_vs_CN; study_8_EOAD_vs_CN; study_9_EOAD_vs_CN",3,"study_1; study_11; study_8",0.555240552255134
"ICOSLG",-0.0414675504097923,-0.0906997305500439,0.00776462973045937,-0.955389743299358,0.339380638913461,0.744849765136897,-0.040484220976207,-0.0621292847954792,0.00347572998201375,11,1844,"study_1_EOAD_vs_CN; study_10_EOAD_vs_CN; study_11_EOAD_vs_CN; study_2_EOAD_vs_CN; study_3_Olink_EOAD_vs_CN; study_3_Soma_EOAD_vs_CN; study_4_EOAD_vs_CN; study_5_EOAD_vs_CN; study_7_EOAD_vs_CN; study_8_EOAD_vs_CN; study_9_EOAD_vs_CN",5,"study_1; study_11; study_4; study_7; study_8",0.518687834158737
"CCN4",0.0486416108493295,-0.0628301487662149,0.160113370464874,0.954932117857971,0.339612026340947,0,NA,NA,NA,4,649,"study_3_Olink_EOAD_vs_CN; study_3_Soma_EOAD_vs_CN; study_8_EOAD_vs_CN; study_9_EOAD_vs_CN",2,"study_3_Soma; study_8",0.684830501985658
"PCBP1",-0.171388335251373,-0.491024949411993,0.148248278909248,-0.954732548798485,0.339712965363164,0.0336520600752559,NA,NA,NA,3,249,"study_11_EOAD_vs_CN; study_2_EOAD_vs_CN; study_3_Soma_EOAD_vs_CN",2,"study_11; study_2",0.684830501985658
"CTSA",-0.0291262931201742,-0.0780273573943861,0.0197747711540377,-0.953240135403112,0.340468415278101,0.463611247277696,-0.032242470287809,-0.0702493520008296,-0.00927174886151146,8,1137,"study_1_EOAD_vs_CN; study_10_EOAD_vs_CN; study_11_EOAD_vs_CN; study_2_EOAD_vs_CN; study_3_Soma_EOAD_vs_CN; study_4_EOAD_vs_CN; study_5_EOAD_vs_CN; study_7_EOAD_vs_CN",4,"study_1; study_11; study_4; study_7",0.510788013421131
"SLC4A4",-0.126397635652716,-0.350525039722965,0.0977297684175321,-0.952921630760809,0.340629779508837,0.631009778682468,NA,NA,NA,2,307,"study_11_EOAD_vs_CN; study_2_EOAD_vs_CN",2,"study_11; study_2",0.684830501985658
"ITIH1",-0.0039375836187088,-0.0995134943338139,0.0916383270963963,-0.952846411514028,0.340667895038734,0.684740050759013,0.00201590715104127,-0.0607112252106473,0.0565684912815063,8,1231,"study_1_EOAD_vs_CN; study_10_EOAD_vs_CN; study_11_EOAD_vs_CN; study_2_EOAD_vs_CN; study_3_Soma_EOAD_vs_CN; study_4_EOAD_vs_CN; study_5_EOAD_vs_CN; study_7_EOAD_vs_CN",4,"study_1; study_11; study_4; study_7",0.510788013421131
"IGHV3-49",0.0106299890537371,-0.107868885401242,0.129128863508716,-0.952275102825987,0.340957481039994,0.755611296792163,0.00665490524078426,-0.10041935662263,0.0977997391701372,6,998,"study_1_EOAD_vs_CN; study_11_EOAD_vs_CN; study_2_EOAD_vs_CN; study_4_EOAD_vs_CN; study_5_EOAD_vs_CN; study_7_EOAD_vs_CN",4,"study_1; study_11; study_4; study_7",0.510788013421131
"AXL",0.039170908854141,0.0026443475573421,0.0756974701509399,0.952071274911833,0.341060835851053,0.866224687387276,0.0389554016020702,0.0124791616019137,0.0715692461187808,10,1796,"study_1_EOAD_vs_CN; study_10_EOAD_vs_CN; study_11_EOAD_vs_CN; study_2_EOAD_vs_CN; study_3_Olink_EOAD_vs_CN; study_4_EOAD_vs_CN; study_5_EOAD_vs_CN; study_7_EOAD_vs_CN; study_8_EOAD_vs_CN; study_9_EOAD_vs_CN",5,"study_1; study_11; study_4; study_7; study_8",0.518687834158737
"GPHN",0.280242619325984,-0.0605018347117286,0.620987073363697,0.951298170063424,0.341453035656299,0.981118746703649,NA,NA,NA,3,336,"study_11_EOAD_vs_CN; study_2_EOAD_vs_CN; study_3_Soma_EOAD_vs_CN",2,"study_11; study_2",0.684830501985658
"MST1",0.0951157991759961,-0.0238991098981482,0.21413070825014,0.950994623386,0.341607105234791,0.757596570731479,0.102607809134322,0.0464009894720909,0.181935893324134,7,1011,"study_1_EOAD_vs_CN; study_10_EOAD_vs_CN; study_11_EOAD_vs_CN; study_2_EOAD_vs_CN; study_3_Soma_EOAD_vs_CN; study_4_EOAD_vs_CN; study_5_EOAD_vs_CN",3,"study_1; study_11; study_4",0.557307591683046
"INHBC",-0.105556968008948,-0.298716287471884,0.0876023514539882,-0.947968401948525,0.343145540486097,0.351919648506768,NA,NA,NA,4,495,"study_1_EOAD_vs_CN; study_11_EOAD_vs_CN; study_3_Olink_EOAD_vs_CN; study_3_Soma_EOAD_vs_CN",2,"study_1; study_11",0.684830501985658
"CCL4",-0.0590326380508441,-0.173018163536718,0.0549528874350298,-0.947886643969022,0.343187164979035,0,NA,NA,NA,3,622,"study_3_Olink_EOAD_vs_CN; study_8_EOAD_vs_CN; study_9_EOAD_vs_CN",2,"study_3_Olink; study_8",0.684830501985658
"CD163",0.0310697482078601,-0.0173300399619301,0.0794695363776502,0.94755364288934,0.343356735288178,0.350816507063447,0.0309248430277236,0.00250754525840302,0.0442451314794658,11,1847,"study_1_EOAD_vs_CN; study_10_EOAD_vs_CN; study_11_EOAD_vs_CN; study_2_EOAD_vs_CN; study_3_Olink_EOAD_vs_CN; study_3_Soma_EOAD_vs_CN; study_4_EOAD_vs_CN; study_5_EOAD_vs_CN; study_7_EOAD_vs_CN; study_8_EOAD_vs_CN; study_9_EOAD_vs_CN",5,"study_1; study_11; study_4; study_7; study_8",0.518687834158737
"IGHD",-0.0968291663274515,-0.266973932783163,0.0733156001282603,-0.947419814560081,0.343424898223748,0.568108018308696,-0.0832502355771123,-0.209078507813149,0.0794187612130759,5,882,"study_1_EOAD_vs_CN; study_11_EOAD_vs_CN; study_3_Soma_EOAD_vs_CN; study_5_EOAD_vs_CN; study_7_EOAD_vs_CN",3,"study_1; study_11; study_7",0.558676971184502
"RNF150",-0.0805926259423125,-0.17077513853827,0.00958988665364467,-0.94682904701783,0.343725897816771,0.924393769642923,NA,NA,NA,3,697,"study_1_EOAD_vs_CN; study_11_EOAD_vs_CN; study_5_EOAD_vs_CN",2,"study_1; study_11",0.684830501985658
"YWHAQ",-0.121750819690316,-0.306222987423336,0.0627213480427027,-0.946322499384248,0.343984120974342,0.822831471144745,NA,NA,NA,3,355,"study_11_EOAD_vs_CN; study_2_EOAD_vs_CN; study_3_Soma_EOAD_vs_CN",2,"study_11; study_2",0.684830501985658
"RETREG2",-0.141495521803225,-0.383938115506523,0.100947071900074,-0.945972797241569,0.34416246113327,0.75838021989094,NA,NA,NA,2,407,"study_11_EOAD_vs_CN; study_2_EOAD_vs_CN",2,"study_11; study_2",0.684830501985658
"C1QA",0.0304636632871577,-0.0092509076584271,0.0701782342327424,0.945930443304233,0.344184064686478,0.686961215518157,0.0298030821181196,-0.00422165691127281,0.0669377769506868,9,1256,"study_1_EOAD_vs_CN; study_10_EOAD_vs_CN; study_11_EOAD_vs_CN; study_2_EOAD_vs_CN; study_3_Olink_EOAD_vs_CN; study_3_Soma_EOAD_vs_CN; study_4_EOAD_vs_CN; study_5_EOAD_vs_CN; study_7_EOAD_vs_CN",4,"study_1; study_11; study_4; study_7",0.514643345299705
"CD33",0.0240785989883151,-0.0475929327978689,0.0957501307744991,0.945554925442568,0.344375643651185,0.619024588922337,NA,NA,NA,6,812,"study_1_EOAD_vs_CN; study_11_EOAD_vs_CN; study_2_EOAD_vs_CN; study_3_Olink_EOAD_vs_CN; study_3_Soma_EOAD_vs_CN; study_5_EOAD_vs_CN",2,"study_1; study_11",0.684830501985658
"IGKV3D-15",-0.0555406739797461,-0.186461476934441,0.0753801289749488,-0.94283825321502,0.345763642038039,0,-0.0557118821068283,-0.0623679811690044,-0.0513262729786681,5,947,"study_1_EOAD_vs_CN; study_11_EOAD_vs_CN; study_4_EOAD_vs_CN; study_5_EOAD_vs_CN; study_7_EOAD_vs_CN",4,"study_1; study_11; study_4; study_7",0.516026041526467
"C3AR1",0.0254478718562979,-0.0247346461590204,0.0756303898716163,0.941002563027105,0.346703545733029,0.640738802727525,NA,NA,NA,2,491,"study_11_EOAD_vs_CN; study_7_EOAD_vs_CN",2,"study_11; study_7",0.6881540074398
"CPXM1",0.0321094178050888,-0.0468312857748487,0.111050121385026,0.939989331012485,0.347223033282767,0,0.0302859041035878,0.00190758723330601,0.0534274866518987,9,1475,"study_1_EOAD_vs_CN; study_11_EOAD_vs_CN; study_2_EOAD_vs_CN; study_3_Olink_EOAD_vs_CN; study_3_Soma_EOAD_vs_CN; study_5_EOAD_vs_CN; study_7_EOAD_vs_CN; study_8_EOAD_vs_CN; study_9_EOAD_vs_CN",4,"study_1; study_11; study_7; study_8",0.517224480580001
"CTSH",-0.0097470609705902,-0.0954375800998683,0.0759434581586879,-0.93827192390259,0.34810468438609,0.0170491759209801,-0.0108627506901382,-0.0383613835939069,0.0138762090169555,11,1816,"study_1_EOAD_vs_CN; study_10_EOAD_vs_CN; study_11_EOAD_vs_CN; study_2_EOAD_vs_CN; study_3_Olink_EOAD_vs_CN; study_3_Soma_EOAD_vs_CN; study_4_EOAD_vs_CN; study_5_EOAD_vs_CN; study_7_EOAD_vs_CN; study_8_EOAD_vs_CN; study_9_EOAD_vs_CN",5,"study_1; study_11; study_4; study_7; study_8",0.519065414750255
"PTPRS",-0.00221246721922743,-0.0356020231000617,0.0311770886616068,-0.937540625467883,0.348480536663317,0.722885307493362,-0.00174633740605024,-0.0405816537249125,0.0299033748227199,11,1852,"study_1_EOAD_vs_CN; study_10_EOAD_vs_CN; study_11_EOAD_vs_CN; study_2_EOAD_vs_CN; study_3_Olink_EOAD_vs_CN; study_3_Soma_EOAD_vs_CN; study_4_EOAD_vs_CN; study_5_EOAD_vs_CN; study_7_EOAD_vs_CN; study_8_EOAD_vs_CN; study_9_EOAD_vs_CN",5,"study_1; study_11; study_4; study_7; study_8",0.519065414750255
"FAT2",-0.0282977219709857,-0.0897437764757537,0.0331483325337823,-0.934868488272035,0.349856078511037,0.811048562259622,-0.0284551439358555,-0.0490982095872796,-0.00910053900849529,7,1192,"study_1_EOAD_vs_CN; study_10_EOAD_vs_CN; study_11_EOAD_vs_CN; study_2_EOAD_vs_CN; study_4_EOAD_vs_CN; study_5_EOAD_vs_CN; study_7_EOAD_vs_CN",4,"study_1; study_11; study_4; study_7",0.520163377106975
"AMIGO1",-0.112854905781936,-0.5049482984172,0.279238486853329,-0.934863919743915,0.349858433208648,0,NA,NA,NA,2,329,"study_11_EOAD_vs_CN; study_3_Soma_EOAD_vs_CN",2,"study_11; study_3_Soma",0.69270628970109
"CRB2",-0.0215193506882356,-0.0774288816382829,0.0343901802618116,-0.934588108118412,0.350000609873471,0.82989041529735,-0.0205003309616755,-0.0570595992050242,0.0110408092924209,5,817,"study_1_EOAD_vs_CN; study_11_EOAD_vs_CN; study_2_EOAD_vs_CN; study_5_EOAD_vs_CN; study_7_EOAD_vs_CN",3,"study_1; study_11; study_7",0.567756671129977
"ALDOB",-0.0854868791727362,-0.352256253662664,0.181282495317192,-0.933970674016234,0.35031902055494,0.27813900749848,NA,NA,NA,3,378,"study_11_EOAD_vs_CN; study_2_EOAD_vs_CN; study_5_EOAD_vs_CN",2,"study_11; study_2",0.69270628970109
"VIP",-0.0491176818947935,-0.125627639333703,0.027392275544116,-0.929428915207999,0.352666848495296,0.532551051713692,-0.0471942291335404,-0.0958877070445316,-0.0017694799429379,5,861,"study_1_EOAD_vs_CN; study_11_EOAD_vs_CN; study_2_EOAD_vs_CN; study_5_EOAD_vs_CN; study_7_EOAD_vs_CN",3,"study_1; study_11; study_7",0.570461106206272
"ILDR2",0.233232821851929,-0.235024325298934,0.701489969002791,0.929356418421181,0.35270440571106,0.75850862996354,NA,NA,NA,2,308,"study_11_EOAD_vs_CN; study_2_EOAD_vs_CN",2,"study_11; study_2",0.696109636883598
"MATN3",0.0429555913410819,-0.017621699398261,0.103532882080425,0.927325059704671,0.353757786981001,0.775753897786697,0.0436456929774551,3.57228880136506e-07,0.0789126705262339,8,1437,"study_1_EOAD_vs_CN; study_11_EOAD_vs_CN; study_2_EOAD_vs_CN; study_3_Olink_EOAD_vs_CN; study_3_Soma_EOAD_vs_CN; study_5_EOAD_vs_CN; study_8_EOAD_vs_CN; study_9_EOAD_vs_CN",3,"study_1; study_11; study_8",0.570609311768789
"EIF4EBP1",0.0886351132677796,-0.0376889333640694,0.214959159899629,0.926972944519573,0.353940581808567,0.917369779236881,NA,NA,NA,4,649,"study_3_Olink_EOAD_vs_CN; study_3_Soma_EOAD_vs_CN; study_8_EOAD_vs_CN; study_9_EOAD_vs_CN",2,"study_3_Soma; study_8",0.697236334089057
"BAMBI",-0.0554186812542272,-0.118706931407502,0.00786956889904793,-0.924500834706153,0.355225617094779,0.820829284151796,-0.0519787730751967,-0.100109412114772,0.0204611897415028,8,1448,"study_1_EOAD_vs_CN; study_11_EOAD_vs_CN; study_2_EOAD_vs_CN; study_3_Olink_EOAD_vs_CN; study_3_Soma_EOAD_vs_CN; study_5_EOAD_vs_CN; study_8_EOAD_vs_CN; study_9_EOAD_vs_CN",3,"study_1; study_11; study_8",0.571362893974983
"SCUBE3",-0.178799068782302,-0.413010958458635,0.0554128208940315,-0.923094219384677,0.355958106821734,0.966000547466721,NA,NA,NA,3,354,"study_11_EOAD_vs_CN; study_2_EOAD_vs_CN; study_3_Soma_EOAD_vs_CN",2,"study_11; study_2",0.699895114351177
"LRRC4",-0.0050033969458158,-0.0488750214103358,0.0388682275187042,-0.92135962405263,0.356862701349972,0.509507903046038,-0.00663852353624795,-0.0394106767360737,0.0185296758884962,7,1003,"study_1_EOAD_vs_CN; study_11_EOAD_vs_CN; study_2_EOAD_vs_CN; study_3_Soma_EOAD_vs_CN; study_4_EOAD_vs_CN; study_5_EOAD_vs_CN; study_7_EOAD_vs_CN",4,"study_1; study_11; study_4; study_7",0.529192001674726
"LAMP2",0.00601984365313839,-0.0398179884474329,0.0518576757537097,0.920576152576171,0.35727175747583,0.690302310130446,0.0091647579688217,-0.0258598358907926,0.064518399101363,7,1183,"study_1_EOAD_vs_CN; study_10_EOAD_vs_CN; study_11_EOAD_vs_CN; study_2_EOAD_vs_CN; study_4_EOAD_vs_CN; study_5_EOAD_vs_CN; study_7_EOAD_vs_CN",4,"study_1; study_11; study_4; study_7",0.529192001674726
"MGARP",0.100973383035767,-0.0857759129071795,0.287722678978713,0.918523663853632,0.358344775939723,0.595083059664803,NA,NA,NA,2,411,"study_11_EOAD_vs_CN; study_2_EOAD_vs_CN",2,"study_11; study_2",0.703268399222527
"COMP",0.00957347422237916,-0.0539512938379269,0.0730982422826852,-0.918168022193286,0.35853090731716,0.8004230975287,0.0111538267548066,-0.0485430977594897,0.0589286202728698,10,1657,"study_1_EOAD_vs_CN; study_11_EOAD_vs_CN; study_2_EOAD_vs_CN; study_3_Olink_EOAD_vs_CN; study_3_Soma_EOAD_vs_CN; study_4_EOAD_vs_CN; study_5_EOAD_vs_CN; study_7_EOAD_vs_CN; study_8_EOAD_vs_CN; study_9_EOAD_vs_CN",5,"study_1; study_11; study_4; study_7; study_8",0.530326967073299
"IGLV2-18",-0.0326250090428197,-0.158802611003803,0.0935525929181634,-0.91813163352752,0.358549955399659,0.173943164717837,-0.0339314634318211,-0.0480900077293749,-0.0140683314294957,5,932,"study_1_EOAD_vs_CN; study_11_EOAD_vs_CN; study_4_EOAD_vs_CN; study_5_EOAD_vs_CN; study_7_EOAD_vs_CN",4,"study_1; study_11; study_4; study_7",0.530088864643398
"F12",-0.0241324229799851,-0.144047339216503,0.0957824932565332,-0.917256560628888,0.359008214437951,0.518186746848523,-0.0218145816282545,-0.0631957715993368,0.0477513034780859,6,1083,"study_1_EOAD_vs_CN; study_10_EOAD_vs_CN; study_11_EOAD_vs_CN; study_2_EOAD_vs_CN; study_4_EOAD_vs_CN; study_5_EOAD_vs_CN",3,"study_1; study_11; study_4",0.5758249731575
"RAP2A",-0.0539582992245459,-0.201472023001107,0.0935554245520157,-0.916368301527673,0.359473755175446,0,NA,NA,NA,3,531,"study_1_EOAD_vs_CN; study_11_EOAD_vs_CN; study_2_EOAD_vs_CN",2,"study_1; study_11",0.703284686782447
"MAN2B1",0.0131764197814694,-0.0327957629414244,0.0591486025043632,0.915931618798017,0.359702761628779,0.167632689934162,0.0147318174202543,0.000677351635064511,0.039045778859103,6,972,"study_1_EOAD_vs_CN; study_11_EOAD_vs_CN; study_2_EOAD_vs_CN; study_4_EOAD_vs_CN; study_5_EOAD_vs_CN; study_7_EOAD_vs_CN",4,"study_1; study_11; study_4; study_7",0.530797333639471
"SNX12",0.0467953564722656,-0.0359948238792717,0.129585536823803,0.91512134422466,0.360127930929157,0.387724969027246,NA,NA,NA,4,615,"study_1_EOAD_vs_CN; study_11_EOAD_vs_CN; study_2_EOAD_vs_CN; study_3_Soma_EOAD_vs_CN",2,"study_1; study_11",0.703284686782447
"SYNJ2BP-COX16",-0.0590368817299808,-0.180554885596747,0.062481122136785,-0.913778877491424,0.360833047528866,0,NA,NA,NA,2,118,"study_2_EOAD_vs_CN; study_7_EOAD_vs_CN",2,"study_2; study_7",0.703284686782447
"CD276",-0.0914146756823977,-0.267787815007438,0.0849584636426421,-0.913390181089766,0.361037367832974,0.840628316705981,NA,NA,NA,2,395,"study_11_EOAD_vs_CN; study_2_EOAD_vs_CN",2,"study_11; study_2",0.703284686782447
"RBP4",0.00200857941043975,-0.066273764301136,0.0702909231220155,-0.912149440757567,0.361690054902907,0.674455659628871,0.00415187074615701,-0.0324777230107593,0.0290995025355371,8,1231,"study_1_EOAD_vs_CN; study_10_EOAD_vs_CN; study_11_EOAD_vs_CN; study_2_EOAD_vs_CN; study_3_Soma_EOAD_vs_CN; study_4_EOAD_vs_CN; study_5_EOAD_vs_CN; study_7_EOAD_vs_CN",4,"study_1; study_11; study_4; study_7",0.532732267782226
"ERAP1",0.0322656152689979,-0.0300186342844356,0.0945498648224313,0.910496118988901,0.362560927557131,0.347637025016795,0.0297761773564804,-0.0167857610918341,0.0626624153509149,7,1032,"study_1_EOAD_vs_CN; study_11_EOAD_vs_CN; study_2_EOAD_vs_CN; study_3_Soma_EOAD_vs_CN; study_4_EOAD_vs_CN; study_5_EOAD_vs_CN; study_7_EOAD_vs_CN",4,"study_1; study_11; study_4; study_7",0.53301867708026
"ADAM8",0.0373043904569496,-0.0412905802447919,0.115899361158691,0.907992713841054,0.363882071205764,0,NA,NA,NA,3,622,"study_3_Olink_EOAD_vs_CN; study_8_EOAD_vs_CN; study_9_EOAD_vs_CN",2,"study_3_Olink; study_8",0.705616395497512
"GALK1",0.0659940380249254,-0.0430794513987166,0.175067527448567,0.907963846781012,0.36389732300567,0.812122782454444,NA,NA,NA,3,623,"study_3_Soma_EOAD_vs_CN; study_8_EOAD_vs_CN; study_9_EOAD_vs_CN",2,"study_3_Soma; study_8",0.705616395497512
"ECE1",0.0592055605025152,-0.1062027024495,0.22461382345453,0.906448222741931,0.364698658557732,0,NA,NA,NA,4,582,"study_1_EOAD_vs_CN; study_11_EOAD_vs_CN; study_2_EOAD_vs_CN; study_3_Olink_EOAD_vs_CN",2,"study_1; study_11",0.705616395497512
"PKD1",0.171175646531552,-0.108986283506976,0.45133757657008,0.906015660791913,0.364927563320278,0.91846734173985,NA,NA,NA,2,369,"study_11_EOAD_vs_CN; study_2_EOAD_vs_CN",2,"study_11; study_2",0.705616395497512
"INAFM2",-0.0262105840344471,-0.0718540208716513,0.0194328528027571,-0.905705390125018,0.365091808783596,0,-0.0248815527597423,-0.0423885470350869,-0.00410777494964274,4,869,"study_1_EOAD_vs_CN; study_11_EOAD_vs_CN; study_2_EOAD_vs_CN; study_7_EOAD_vs_CN",3,"study_1; study_11; study_7",0.583942360827545
"RTN4",0.0254079853322208,-0.176593599254678,0.22740956991912,0.903701637173692,0.366153630773553,0.913837391862255,NA,NA,NA,2,425,"study_11_EOAD_vs_CN; study_2_EOAD_vs_CN",2,"study_11; study_2",0.706683250553745
"LYZ",0.0730809643613348,-0.0127457917896522,0.158907720512322,0.903198164617169,0.366420731806922,0.821781397987984,0.0713718022263253,0.022577102145407,0.111071716847901,8,1230,"study_1_EOAD_vs_CN; study_10_EOAD_vs_CN; study_11_EOAD_vs_CN; study_2_EOAD_vs_CN; study_3_Soma_EOAD_vs_CN; study_4_EOAD_vs_CN; study_5_EOAD_vs_CN; study_7_EOAD_vs_CN",4,"study_1; study_11; study_4; study_7",0.536764766565924
"FCGBP",0.0128509390747365,-0.0894530056920571,0.11515488384153,-0.903102728278715,0.366471376157953,0.825982668180314,0.00851243536305718,-0.0754739589809493,0.0643866740275582,7,1204,"study_1_EOAD_vs_CN; study_10_EOAD_vs_CN; study_11_EOAD_vs_CN; study_2_EOAD_vs_CN; study_4_EOAD_vs_CN; study_5_EOAD_vs_CN; study_7_EOAD_vs_CN",4,"study_1; study_11; study_4; study_7",0.536764766565924
"EPHB6",-0.0246638852351667,-0.0805714255971681,0.0312436551268346,-0.902421114136442,0.366833209174274,0.633029842842115,-0.0240739362940667,-0.0738462266229815,0.0285677212252048,10,1596,"study_1_EOAD_vs_CN; study_11_EOAD_vs_CN; study_2_EOAD_vs_CN; study_3_Olink_EOAD_vs_CN; study_3_Soma_EOAD_vs_CN; study_4_EOAD_vs_CN; study_5_EOAD_vs_CN; study_7_EOAD_vs_CN; study_8_EOAD_vs_CN; study_9_EOAD_vs_CN",5,"study_1; study_11; study_4; study_7; study_8",0.538865334856003
"S100A6",-0.0391683202703809,-0.1480419293169,0.0697052887761382,-0.900834228731442,0.367676465443176,0.325473322162039,-0.0302962745100936,-0.0770203892539004,0.00515942061708117,6,914,"study_1_EOAD_vs_CN; study_11_EOAD_vs_CN; study_2_EOAD_vs_CN; study_3_Soma_EOAD_vs_CN; study_4_EOAD_vs_CN; study_5_EOAD_vs_CN",3,"study_1; study_11; study_4",0.586433692089535
"RAN",-0.0505434820803476,-0.15490763761908,0.0538206734583847,-0.896812781494799,0.36981882649948,0.0385108661749803,NA,NA,NA,5,791,"study_1_EOAD_vs_CN; study_11_EOAD_vs_CN; study_2_EOAD_vs_CN; study_3_Soma_EOAD_vs_CN; study_5_EOAD_vs_CN",2,"study_1; study_11",0.711851518534685
"RNF167",0.0283439973798532,-0.070496938193756,0.127184932953462,0.896117597270377,0.370189959543324,0,NA,NA,NA,4,574,"study_1_EOAD_vs_CN; study_11_EOAD_vs_CN; study_2_EOAD_vs_CN; study_5_EOAD_vs_CN",2,"study_1; study_11",0.711851518534685
"CXCL17",0.0497448822142767,-0.0506746249262357,0.150164389354789,0.894110361039326,0.371262846239379,0,NA,NA,NA,3,622,"study_3_Olink_EOAD_vs_CN; study_8_EOAD_vs_CN; study_9_EOAD_vs_CN",2,"study_3_Olink; study_8",0.712607074833093
"INAFM1",-0.0448178884416866,-0.134021077167705,0.0443853002843314,-0.892725963664074,0.372003942735234,0.280474830372605,NA,NA,NA,4,798,"study_1_EOAD_vs_CN; study_11_EOAD_vs_CN; study_2_EOAD_vs_CN; study_5_EOAD_vs_CN",2,"study_1; study_11",0.712724190103336
"LRP2",0.0219561320717412,-0.0417462854628874,0.0856585496063698,0.890605002606512,0.373141114483262,0.556183982105237,NA,NA,NA,5,713,"study_1_EOAD_vs_CN; study_11_EOAD_vs_CN; study_2_EOAD_vs_CN; study_3_Soma_EOAD_vs_CN; study_5_EOAD_vs_CN",2,"study_1; study_11",0.713527873473846
"FUT5",0.0481280070919488,-0.0521241849256217,0.148380199109519,0.888278693527566,0.374390857726746,0.273803775991084,NA,NA,NA,4,649,"study_3_Olink_EOAD_vs_CN; study_3_Soma_EOAD_vs_CN; study_8_EOAD_vs_CN; study_9_EOAD_vs_CN",2,"study_3_Soma; study_8",0.713527873473846
"CDH19",-0.0303173729553143,-0.135995597503282,0.075360851592653,-0.888139041376258,0.374465964132266,0,NA,NA,NA,4,671,"study_1_EOAD_vs_CN; study_11_EOAD_vs_CN; study_2_EOAD_vs_CN; study_5_EOAD_vs_CN",2,"study_1; study_11",0.713527873473846
"KRT2",-0.100448786941317,-0.290583144911781,0.0896855710291463,-0.886407753347858,0.375397842701345,0,-0.109063135197412,-0.14404692229307,-0.0582158984179925,6,1015,"study_1_EOAD_vs_CN; study_10_EOAD_vs_CN; study_11_EOAD_vs_CN; study_2_EOAD_vs_CN; study_4_EOAD_vs_CN; study_5_EOAD_vs_CN",3,"study_1; study_11; study_4",0.597081248419132
"DSCAML1",0.0200900771899019,-0.0935150317308696,0.133695186110673,-0.886084747384229,0.375571861481372,0.877457747274251,NA,NA,NA,5,663,"study_1_EOAD_vs_CN; study_11_EOAD_vs_CN; study_2_EOAD_vs_CN; study_3_Soma_EOAD_vs_CN; study_5_EOAD_vs_CN",2,"study_1; study_11",0.714336317300323
"LAMA5",-0.00359552571941718,-0.0318140297232076,0.0246229782843732,-0.884889802429777,0.3762160685294,0.179822434603239,-0.00249041942780587,-0.00878313644994166,0.00785357488328389,6,961,"study_1_EOAD_vs_CN; study_11_EOAD_vs_CN; study_2_EOAD_vs_CN; study_4_EOAD_vs_CN; study_5_EOAD_vs_CN; study_7_EOAD_vs_CN",4,"study_1; study_11; study_4; study_7",0.549973219664977
"TFRC",-0.0206751434553325,-0.0590449476628858,0.0176946607522209,-0.883649958894782,0.376885201293258,0.517256667057708,-0.0184205773574903,-0.0305016647696906,0.00421188816505381,8,1050,"study_1_EOAD_vs_CN; study_11_EOAD_vs_CN; study_2_EOAD_vs_CN; study_3_Olink_EOAD_vs_CN; study_3_Soma_EOAD_vs_CN; study_4_EOAD_vs_CN; study_5_EOAD_vs_CN; study_7_EOAD_vs_CN",4,"study_1; study_11; study_4; study_7",0.549973219664977
"ZFPL1",-0.0531473453617574,-0.175605639069608,0.0693109483460928,-0.881052724268906,0.37828928358141,0,NA,NA,NA,2,426,"study_11_EOAD_vs_CN; study_2_EOAD_vs_CN",2,"study_11; study_2",0.718049599018141
"FTL",-0.0158538882754417,-0.0820051270190778,0.0502973504681944,-0.881002012319805,0.37831673082098,0.715289927883185,-0.0164763497977723,-0.0451125365570191,0.0189825076887848,6,910,"study_1_EOAD_vs_CN; study_11_EOAD_vs_CN; study_2_EOAD_vs_CN; study_3_Soma_EOAD_vs_CN; study_5_EOAD_vs_CN; study_7_EOAD_vs_CN",3,"study_1; study_11; study_7",0.600052370274388
"IGHV2-26",0.0532421971013701,-0.0784969471588102,0.18498134136155,0.880444778659494,0.378618407681005,0.480543415756243,0.0556529603962287,0.0280239378492784,0.0895527784225151,5,938,"study_1_EOAD_vs_CN; study_11_EOAD_vs_CN; study_4_EOAD_vs_CN; study_5_EOAD_vs_CN; study_7_EOAD_vs_CN",4,"study_1; study_11; study_4; study_7",0.551481155734995
"IGKV1D-12",-0.0402153105430275,-0.146894987991837,0.0664643669057824,-0.879855369061699,0.378937665160195,0,NA,NA,NA,2,139,"study_2_EOAD_vs_CN; study_7_EOAD_vs_CN",2,"study_2; study_7",0.718049599018141
"INHBA",0.0662025885585801,-0.055505339135384,0.187910516252544,0.877565263558393,0.380179687009493,0.644673635776583,NA,NA,NA,4,489,"study_11_EOAD_vs_CN; study_2_EOAD_vs_CN; study_3_Soma_EOAD_vs_CN; study_5_EOAD_vs_CN",2,"study_11; study_2",0.718049599018141
"CD5",0.0527100554511476,-0.060001087854341,0.165421198756636,0.877408466270493,0.38026481627392,0,NA,NA,NA,4,649,"study_3_Olink_EOAD_vs_CN; study_3_Soma_EOAD_vs_CN; study_8_EOAD_vs_CN; study_9_EOAD_vs_CN",2,"study_3_Soma; study_8",0.718049599018141
"KRT6B",0.135247739750892,-0.128693899884106,0.399189379385889,0.875810687979463,0.381132958731247,0,NA,NA,NA,3,748,"study_1_EOAD_vs_CN; study_11_EOAD_vs_CN; study_2_EOAD_vs_CN",2,"study_1; study_11",0.718394497752423
"B3GAT3",0.0231499871188601,-0.0182020108408407,0.064501985078561,0.874073706168148,0.382078115672055,0.108423891062117,0.0229801358200144,0.0137898597463217,0.0352580179442345,7,1194,"study_1_EOAD_vs_CN; study_11_EOAD_vs_CN; study_2_EOAD_vs_CN; study_3_Soma_EOAD_vs_CN; study_5_EOAD_vs_CN; study_7_EOAD_vs_CN; study_8_EOAD_vs_CN",4,"study_1; study_11; study_7; study_8",0.554528496041056
"NSG2",0.0178658817415338,-0.0298423188262329,0.0655740823093005,0.874029738720546,0.382102058647343,0.0236824232419548,NA,NA,NA,3,742,"study_1_EOAD_vs_CN; study_11_EOAD_vs_CN; study_2_EOAD_vs_CN",2,"study_1; study_11",0.71892811034545
"TMEM132C",-0.0131394726446525,-0.0502015147913084,0.0239225695020033,-0.873121192055829,0.382597024038583,0.204660259004659,-0.0135328491646806,-0.0262846342386036,-9.20989842325597e-05,7,1034,"study_1_EOAD_vs_CN; study_11_EOAD_vs_CN; study_2_EOAD_vs_CN; study_3_Soma_EOAD_vs_CN; study_4_EOAD_vs_CN; study_5_EOAD_vs_CN; study_7_EOAD_vs_CN",4,"study_1; study_11; study_4; study_7",0.554528496041056
"PMCH",-0.0296430044302305,-0.114355626289502,0.0550696174290406,-0.872220780306403,0.383087945163074,0.190176319244971,-0.0259713771605881,-0.0512371459730409,-0.0119803993642045,5,770,"study_1_EOAD_vs_CN; study_11_EOAD_vs_CN; study_2_EOAD_vs_CN; study_5_EOAD_vs_CN; study_7_EOAD_vs_CN",3,"study_1; study_11; study_7",0.605936888332729
"GAA",-0.0151410341284929,-0.0616575427231026,0.0313754744661167,-0.87107069396544,0.383715554429882,0.628284075919213,-0.0161146183371671,-0.0473299016249109,0.0158123710529105,7,1033,"study_1_EOAD_vs_CN; study_11_EOAD_vs_CN; study_2_EOAD_vs_CN; study_3_Soma_EOAD_vs_CN; study_4_EOAD_vs_CN; study_5_EOAD_vs_CN; study_7_EOAD_vs_CN",4,"study_1; study_11; study_4; study_7",0.554528496041056
"CADM1",-0.0134360852778466,-0.0512287515714115,0.0243565810157182,-0.870644607952752,0.383948231925323,0.275808990452902,-0.0138347360438465,-0.0207094686498222,-0.00527424479639534,8,1228,"study_1_EOAD_vs_CN; study_10_EOAD_vs_CN; study_11_EOAD_vs_CN; study_2_EOAD_vs_CN; study_3_Soma_EOAD_vs_CN; study_4_EOAD_vs_CN; study_5_EOAD_vs_CN; study_7_EOAD_vs_CN",4,"study_1; study_11; study_4; study_7",0.554528496041056
"BMP1",-0.0217491034824991,-0.0742085956628579,0.0307103886978597,-0.870130419253075,0.384229135581747,0,-0.0224241254642122,-0.0390132992436273,-0.00429637713893688,6,948,"study_1_EOAD_vs_CN; study_11_EOAD_vs_CN; study_2_EOAD_vs_CN; study_4_EOAD_vs_CN; study_5_EOAD_vs_CN; study_7_EOAD_vs_CN",4,"study_1; study_11; study_4; study_7",0.554528496041056
"ERVMER34-1",0.117965552259891,-0.0956008871400504,0.331531991659833,0.868597086226809,0.385067548775017,0.733894259305031,NA,NA,NA,2,304,"study_11_EOAD_vs_CN; study_2_EOAD_vs_CN",2,"study_11; study_2",0.723209303075659
"SDCBP",0.0469711651239913,-0.0276256995911583,0.121568029839141,0.868011144479334,0.385388231745133,0.521690537498645,0.0388259487209137,-0.0273462486606876,0.0834537141354898,6,877,"study_1_EOAD_vs_CN; study_11_EOAD_vs_CN; study_2_EOAD_vs_CN; study_3_Soma_EOAD_vs_CN; study_5_EOAD_vs_CN; study_7_EOAD_vs_CN",3,"study_1; study_11; study_7",0.607891382117323
"RNF13",-0.0301506571643764,-0.0725097454288322,0.0122084311000794,-0.867739676868706,0.385536859905194,0.663941678047982,-0.0282412524677974,-0.0654654677471546,0.0164973310858503,6,996,"study_1_EOAD_vs_CN; study_11_EOAD_vs_CN; study_2_EOAD_vs_CN; study_4_EOAD_vs_CN; study_5_EOAD_vs_CN; study_7_EOAD_vs_CN",4,"study_1; study_11; study_4; study_7",0.555398620850626
"LOXL3",0.0189185226151213,-0.0465653093521117,0.0844023545823543,0.866357617695396,0.386294078343583,0,NA,NA,NA,5,757,"study_1_EOAD_vs_CN; study_11_EOAD_vs_CN; study_2_EOAD_vs_CN; study_3_Soma_EOAD_vs_CN; study_5_EOAD_vs_CN",2,"study_1; study_11",0.724094492373936
"CRLF1",-0.0767839430267853,-0.225784680854852,0.0722167948012816,-0.865215132657164,0.386920721115844,0.599339076419498,NA,NA,NA,4,526,"study_1_EOAD_vs_CN; study_11_EOAD_vs_CN; study_2_EOAD_vs_CN; study_3_Soma_EOAD_vs_CN",2,"study_1; study_11",0.724094492373936
"HGFAC",-0.0267570232854842,-0.113101549362747,0.0595875027917792,-0.863758802607967,0.387720403518075,0.862125039242934,-0.0195295998458788,-0.0821032632916745,0.0451633447679802,7,1033,"study_1_EOAD_vs_CN; study_11_EOAD_vs_CN; study_2_EOAD_vs_CN; study_3_Soma_EOAD_vs_CN; study_4_EOAD_vs_CN; study_5_EOAD_vs_CN; study_7_EOAD_vs_CN",4,"study_1; study_11; study_4; study_7",0.557524959803364
"POFUT4",0.0194654256177321,-0.0205546141532617,0.059485465388726,0.861638176626225,0.388886655971595,0,0.0201602963920013,0.0151301635087813,0.0287748457769892,6,891,"study_1_EOAD_vs_CN; study_11_EOAD_vs_CN; study_2_EOAD_vs_CN; study_3_Soma_EOAD_vs_CN; study_5_EOAD_vs_CN; study_7_EOAD_vs_CN",3,"study_1; study_11; study_7",0.608991835815794
"CD74",0.00578541381422689,-0.0498729875283951,0.0614438151568489,-0.861489460454831,0.388968523475939,0.809450997049377,0.00617093051573421,-0.027127231926923,0.0396565126209556,7,1432,"study_1_EOAD_vs_CN; study_11_EOAD_vs_CN; study_2_EOAD_vs_CN; study_3_Olink_EOAD_vs_CN; study_5_EOAD_vs_CN; study_8_EOAD_vs_CN; study_9_EOAD_vs_CN",3,"study_1; study_11; study_8",0.608991835815794
"CFHR5",-0.027438538796346,-0.120713171448727,0.0658360938560347,-0.860913838653085,0.389285499251777,0.326831411586118,-0.027535620586924,-0.0733104754368024,0.0033734654603122,7,1353,"study_1_EOAD_vs_CN; study_11_EOAD_vs_CN; study_3_Olink_EOAD_vs_CN; study_3_Soma_EOAD_vs_CN; study_5_EOAD_vs_CN; study_8_EOAD_vs_CN; study_9_EOAD_vs_CN",3,"study_1; study_11; study_8",0.608991835815794
"HNRNPA2B1",0.0627627377254761,-0.0411671526093761,0.166692628060328,0.859756500456599,0.389923282392031,0.784272261606005,NA,NA,NA,5,774,"study_1_EOAD_vs_CN; study_11_EOAD_vs_CN; study_2_EOAD_vs_CN; study_3_Soma_EOAD_vs_CN; study_5_EOAD_vs_CN",2,"study_1; study_11",0.728412834129854
"GNAS",-0.0255880144619597,-0.0678515676331818,0.0166755387092623,-0.857817783574757,0.390993088347225,0.170921728366243,-0.0274657996992459,-0.0457900159819436,-0.0149616462476946,6,995,"study_1_EOAD_vs_CN; study_11_EOAD_vs_CN; study_2_EOAD_vs_CN; study_4_EOAD_vs_CN; study_5_EOAD_vs_CN; study_7_EOAD_vs_CN",4,"study_1; study_11; study_4; study_7",0.561206837190552
"PAFAH1B1",0.00548178884666974,-0.0568315866555367,0.0677951643488762,0.855933695805997,0.392034455430263,0.833625093379397,NA,NA,NA,3,681,"study_1_EOAD_vs_CN; study_11_EOAD_vs_CN; study_2_EOAD_vs_CN",2,"study_1; study_11",0.731053575250739
"VEGFD",0.0344060622382446,-0.0567082222761134,0.125520346752603,0.85573712337595,0.392143201169189,0.568424437292525,0.0346756443588183,-0.0137075827379358,0.0716576588906622,5,1041,"study_11_EOAD_vs_CN; study_3_Olink_EOAD_vs_CN; study_3_Soma_EOAD_vs_CN; study_8_EOAD_vs_CN; study_9_EOAD_vs_CN",3,"study_11; study_3_Soma; study_8",0.61178625100439
"SEZ6L2",-0.0298856171231652,-0.0744576505254839,0.0146864162791535,-0.855591663680992,0.392223682634037,0.610522784773462,-0.0284029349458271,-0.0598703815306088,0.0112107693493509,9,1503,"study_10_EOAD_vs_CN; study_11_EOAD_vs_CN; study_2_EOAD_vs_CN; study_3_Olink_EOAD_vs_CN; study_4_EOAD_vs_CN; study_5_EOAD_vs_CN; study_7_EOAD_vs_CN; study_8_EOAD_vs_CN; study_9_EOAD_vs_CN",5,"study_11; study_2; study_4; study_7; study_8",0.572216742472945
"GLDN",0.0152498358211775,-0.0440999311426131,0.0745996027849681,0.853678300524216,0.39328326055242,0.567860730011458,0.0173003500913654,0.000276093298482108,0.0321061944350308,8,1226,"study_1_EOAD_vs_CN; study_10_EOAD_vs_CN; study_11_EOAD_vs_CN; study_2_EOAD_vs_CN; study_3_Soma_EOAD_vs_CN; study_4_EOAD_vs_CN; study_5_EOAD_vs_CN; study_7_EOAD_vs_CN",4,"study_1; study_11; study_4; study_7",0.562808802251809
"GFRA3",-0.023398748123625,-0.0700832062086521,0.0232857099614021,-0.853219436189676,0.393537626955263,0.287515119324143,-0.0249967331228272,-0.0435556912580265,-0.00936533984193371,8,1503,"study_1_EOAD_vs_CN; study_11_EOAD_vs_CN; study_2_EOAD_vs_CN; study_3_Olink_EOAD_vs_CN; study_4_EOAD_vs_CN; study_5_EOAD_vs_CN; study_8_EOAD_vs_CN; study_9_EOAD_vs_CN",4,"study_1; study_11; study_4; study_8",0.562808802251809
"SLC8A1",0.0830226531460094,-0.109047602967817,0.275092909259836,0.852689351369597,0.393831597647722,0,NA,NA,NA,2,272,"study_11_EOAD_vs_CN; study_2_EOAD_vs_CN",2,"study_11; study_2",0.733100380701266
"LRIG1",0.0458073482789586,-0.0170349608246579,0.108649657382575,0.852197975587414,0.394104220056692,0.822956723878435,0.0461315605685328,-0.00873222950734062,0.0909605383645897,8,1419,"study_1_EOAD_vs_CN; study_11_EOAD_vs_CN; study_2_EOAD_vs_CN; study_3_Olink_EOAD_vs_CN; study_3_Soma_EOAD_vs_CN; study_5_EOAD_vs_CN; study_8_EOAD_vs_CN; study_9_EOAD_vs_CN",3,"study_1; study_11; study_8",0.613170326028259
"COL2A1",-0.0181642819881183,-0.0642848592499583,0.0279562952737217,-0.851233579796096,0.394639612777924,0,-0.018652787541854,-0.0231314362741898,-0.010666233685477,8,1535,"study_1_EOAD_vs_CN; study_11_EOAD_vs_CN; study_2_EOAD_vs_CN; study_3_Soma_EOAD_vs_CN; study_5_EOAD_vs_CN; study_7_EOAD_vs_CN; study_8_EOAD_vs_CN; study_9_EOAD_vs_CN",4,"study_1; study_11; study_7; study_8",0.563362345777182
"AMBP",-0.00165977174793821,-0.0755608475994838,0.0722413041036074,-0.849897889520097,0.395381859049274,0.643288314246097,-0.00144733492191823,-0.0328606948827069,0.0264974447192679,11,1852,"study_1_EOAD_vs_CN; study_10_EOAD_vs_CN; study_11_EOAD_vs_CN; study_2_EOAD_vs_CN; study_3_Olink_EOAD_vs_CN; study_3_Soma_EOAD_vs_CN; study_4_EOAD_vs_CN; study_5_EOAD_vs_CN; study_7_EOAD_vs_CN; study_8_EOAD_vs_CN; study_9_EOAD_vs_CN",5,"study_1; study_11; study_4; study_7; study_8",0.572900244744867
"GKN1",0.0527771298458598,-0.0582137422817789,0.163768001973499,0.848635365661402,0.396084221642623,0.428503201720274,NA,NA,NA,2,112,"study_2_EOAD_vs_CN; study_7_EOAD_vs_CN",2,"study_2; study_7",0.735986284187002
"HMCN1",-0.0335498221486306,-0.0853819664498883,0.0182823221526272,-0.84768459216546,0.396613649453604,0.17283346562411,-0.0356439683333243,-0.0604270023556234,-0.0221429227373738,6,900,"study_1_EOAD_vs_CN; study_11_EOAD_vs_CN; study_2_EOAD_vs_CN; study_4_EOAD_vs_CN; study_5_EOAD_vs_CN; study_7_EOAD_vs_CN",4,"study_1; study_11; study_4; study_7",0.565156520378734
"HBE1",-0.164723448401576,-0.585892012650499,0.256445115847346,-0.847184945742283,0.396892043208263,0,-0.165303505805535,-0.192149110406416,-0.14406278871926,4,321,"study_11_EOAD_vs_CN; study_2_EOAD_vs_CN; study_3_Soma_EOAD_vs_CN; study_7_EOAD_vs_CN",3,"study_11; study_2; study_7",0.613243758354952
"IGLV5-45",-0.0195105756885898,-0.191659336496019,0.15263818511884,-0.847025418965597,0.396980953405375,0.174896537295549,-0.0262023242751309,-0.108560253209501,0.0332824911939284,3,830,"study_1_EOAD_vs_CN; study_11_EOAD_vs_CN; study_7_EOAD_vs_CN",3,"study_1; study_11; study_7",0.613243758354952
"TNRC18",0.0464715613204495,-0.024020616414142,0.116963739055041,0.846139297404401,0.39747504056442,0.845390369407272,NA,NA,NA,3,695,"study_7_EOAD_vs_CN; study_8_EOAD_vs_CN; study_9_EOAD_vs_CN",2,"study_7; study_8",0.736120616237058
"B3GAT1",-0.0837561666330485,-0.197100544037686,0.0295882107715889,-0.845154512664975,0.398024575511884,0.895502870644329,NA,NA,NA,5,712,"study_1_EOAD_vs_CN; study_11_EOAD_vs_CN; study_2_EOAD_vs_CN; study_3_Soma_EOAD_vs_CN; study_5_EOAD_vs_CN",2,"study_1; study_11",0.736120616237058
"CAP1",-0.0666182920707956,-0.192895144889507,0.0596585607479158,-0.844298446212393,0.398502654148507,0.398960403877881,NA,NA,NA,3,652,"study_1_EOAD_vs_CN; study_11_EOAD_vs_CN; study_2_EOAD_vs_CN",2,"study_1; study_11",0.736120616237058
"SERPINB6",0.00320955587643055,-0.0277166595555989,0.03413577130846,0.843859538263535,0.398747900612378,0.878445665094917,0.00444280194372935,-0.0354459438056402,0.0466085316396474,8,1545,"study_1_EOAD_vs_CN; study_11_EOAD_vs_CN; study_2_EOAD_vs_CN; study_3_Olink_EOAD_vs_CN; study_5_EOAD_vs_CN; study_7_EOAD_vs_CN; study_8_EOAD_vs_CN; study_9_EOAD_vs_CN",4,"study_1; study_11; study_7; study_8",0.566612388144516
"IL13RA1",0.0650045311536725,-0.0478456263417549,0.1778546886491,0.843676800995819,0.398850034615853,0.770707698797805,0.0653779243545745,0.00680400661316547,0.118866852785932,6,944,"study_11_EOAD_vs_CN; study_2_EOAD_vs_CN; study_3_Olink_EOAD_vs_CN; study_3_Soma_EOAD_vs_CN; study_8_EOAD_vs_CN; study_9_EOAD_vs_CN",3,"study_11; study_2; study_8",0.613243758354952
"BRINP1",-0.0270411928860051,-0.1166577222802,0.0625753365081898,-0.84346910848439,0.398966135517795,0,NA,NA,NA,4,806,"study_1_EOAD_vs_CN; study_11_EOAD_vs_CN; study_2_EOAD_vs_CN; study_5_EOAD_vs_CN",2,"study_1; study_11",0.736120616237058
"IGHM",0.00567359424956832,-0.19368334336921,0.205030531868346,-0.843277173539216,0.399073445964729,0.717532647950988,0.00672658464515982,-0.046760138073151,0.061075695328193,8,1230,"study_1_EOAD_vs_CN; study_10_EOAD_vs_CN; study_11_EOAD_vs_CN; study_2_EOAD_vs_CN; study_3_Soma_EOAD_vs_CN; study_4_EOAD_vs_CN; study_5_EOAD_vs_CN; study_7_EOAD_vs_CN",4,"study_1; study_11; study_4; study_7",0.566612388144516
"RFNG",0.0218148482456446,-0.0262495611869937,0.0698792576782829,0.843162370838575,0.399137640228892,0,0.0195457314547303,0.00860667002821327,0.0283986612490312,6,802,"study_1_EOAD_vs_CN; study_11_EOAD_vs_CN; study_2_EOAD_vs_CN; study_3_Olink_EOAD_vs_CN; study_5_EOAD_vs_CN; study_7_EOAD_vs_CN",3,"study_1; study_11; study_7",0.613243758354952
"IGKV2-24",-0.0212015021058773,-0.11276638984228,0.0703633856305258,-0.842476429622367,0.399521327684838,0.531213788344336,-0.0267700838582399,-0.108315703142473,0.0390099262624497,3,841,"study_1_EOAD_vs_CN; study_11_EOAD_vs_CN; study_7_EOAD_vs_CN",3,"study_1; study_11; study_7",0.613243758354952
"PLA2G15",-0.0114858345321814,-0.0557784354015954,0.0328067663372326,-0.841343135780256,0.400155731806218,0,-0.0123338782347036,-0.0289689309179252,-0.00025453867896262,6,1005,"study_1_EOAD_vs_CN; study_11_EOAD_vs_CN; study_2_EOAD_vs_CN; study_4_EOAD_vs_CN; study_5_EOAD_vs_CN; study_7_EOAD_vs_CN",4,"study_1; study_11; study_4; study_7",0.566640039259197
"IFI27L2",-0.0907002941850221,-0.381071304966403,0.199670716596359,-0.840767613448334,0.400478133931773,0,NA,NA,NA,2,315,"study_11_EOAD_vs_CN; study_2_EOAD_vs_CN",2,"study_11; study_2",0.737611747557994
"COL6A3",0.00822531550727996,-0.0224149930341111,0.038865624048671,0.840673101146051,0.400531093740321,0,0.00930013834055751,0.000584503876516228,0.0253244532353415,8,1230,"study_1_EOAD_vs_CN; study_10_EOAD_vs_CN; study_11_EOAD_vs_CN; study_2_EOAD_vs_CN; study_3_Soma_EOAD_vs_CN; study_4_EOAD_vs_CN; study_5_EOAD_vs_CN; study_7_EOAD_vs_CN",4,"study_1; study_11; study_4; study_7",0.566640039259197
"ART4",-0.215675345663204,-0.798594463528453,0.367243772202045,-0.838721333387576,0.401625704026541,0.6283686199417,NA,NA,NA,2,272,"study_11_EOAD_vs_CN; study_3_Soma_EOAD_vs_CN",2,"study_11; study_3_Soma",0.738405770741895
"CLMP",0.01748580021805,-0.0311265359580182,0.0660981363941183,0.837282963068309,0.402433533388421,0.431152609632457,0.017576456266997,-0.0106180448003287,0.0314507751579623,10,1613,"study_1_EOAD_vs_CN; study_11_EOAD_vs_CN; study_2_EOAD_vs_CN; study_3_Olink_EOAD_vs_CN; study_3_Soma_EOAD_vs_CN; study_4_EOAD_vs_CN; study_5_EOAD_vs_CN; study_7_EOAD_vs_CN; study_8_EOAD_vs_CN; study_9_EOAD_vs_CN",5,"study_1; study_11; study_4; study_7; study_8",0.577976921499571
"POFUT2",-0.0529998943003818,-0.213565843636551,0.107566055035788,-0.836897638236798,0.402650108030808,0.185833810853395,NA,NA,NA,2,386,"study_11_EOAD_vs_CN; study_2_EOAD_vs_CN",2,"study_11; study_2",0.738405770741895
"PI16",-0.00928449539596015,-0.0659728663288765,0.0474038755369562,-0.836775899037035,0.402718546960358,0.691073903123149,-0.0107478031375317,-0.0324288581955938,0.00746611787446199,7,1204,"study_1_EOAD_vs_CN; study_10_EOAD_vs_CN; study_11_EOAD_vs_CN; study_2_EOAD_vs_CN; study_4_EOAD_vs_CN; study_5_EOAD_vs_CN; study_7_EOAD_vs_CN",4,"study_1; study_11; study_4; study_7",0.56871364696194
"IFNLR1",-0.0247677515848629,-0.0963757258355338,0.0468402226658079,-0.835020892779778,0.403705945005316,0.179569189429398,NA,NA,NA,4,649,"study_3_Olink_EOAD_vs_CN; study_3_Soma_EOAD_vs_CN; study_8_EOAD_vs_CN; study_9_EOAD_vs_CN",2,"study_3_Soma; study_8",0.738405770741895
"PAPPA",0.0381074481473723,-0.0478405709890694,0.124055467283814,0.834847875341641,0.403803366154261,0,NA,NA,NA,5,676,"study_2_EOAD_vs_CN; study_3_Olink_EOAD_vs_CN; study_3_Soma_EOAD_vs_CN; study_8_EOAD_vs_CN; study_9_EOAD_vs_CN",2,"study_2; study_8",0.738405770741895
"SERPINA7",0.00154770993639306,-0.072265549407441,0.0753609692802272,-0.834224924903847,0.404154248195593,0.764512504846359,0.00361613517871474,-0.0344020555916314,0.0527159306313331,9,1257,"study_1_EOAD_vs_CN; study_10_EOAD_vs_CN; study_11_EOAD_vs_CN; study_2_EOAD_vs_CN; study_3_Olink_EOAD_vs_CN; study_3_Soma_EOAD_vs_CN; study_4_EOAD_vs_CN; study_5_EOAD_vs_CN; study_7_EOAD_vs_CN",4,"study_1; study_11; study_4; study_7",0.569720120891104
"NID2",-0.0077763937348045,-0.0492636896217518,0.0337109021521428,-0.833944083026241,0.404312494382329,0.149239096190246,-0.00771338575421475,-0.0129706579139896,-0.00070771044339547,11,1846,"study_1_EOAD_vs_CN; study_10_EOAD_vs_CN; study_11_EOAD_vs_CN; study_2_EOAD_vs_CN; study_3_Olink_EOAD_vs_CN; study_3_Soma_EOAD_vs_CN; study_4_EOAD_vs_CN; study_5_EOAD_vs_CN; study_7_EOAD_vs_CN; study_8_EOAD_vs_CN; study_9_EOAD_vs_CN",5,"study_1; study_11; study_4; study_7; study_8",0.577976921499571
"RBBP9",0.103197191540477,-0.0626400693524426,0.269034452433397,0.833731739558495,0.404432168326191,0.780665091438015,NA,NA,NA,4,650,"study_1_EOAD_vs_CN; study_11_EOAD_vs_CN; study_2_EOAD_vs_CN; study_3_Soma_EOAD_vs_CN",2,"study_1; study_11",0.738405770741895
"FCGR2A",0.0444941277217902,-0.0316486478745756,0.120636903318156,0.832372792173301,0.405198554573952,0.0954270561716614,0.0439185862365706,0.0236964506981779,0.0688914790984939,9,1574,"study_1_EOAD_vs_CN; study_11_EOAD_vs_CN; study_2_EOAD_vs_CN; study_3_Olink_EOAD_vs_CN; study_3_Soma_EOAD_vs_CN; study_5_EOAD_vs_CN; study_7_EOAD_vs_CN; study_8_EOAD_vs_CN; study_9_EOAD_vs_CN",4,"study_1; study_11; study_7; study_8",0.570172251793347
"YME1L1",0.0646013889201511,-0.206052248393757,0.335255026234059,0.832183042790919,0.40530563385905,0.687836708594522,NA,NA,NA,2,231,"study_11_EOAD_vs_CN; study_2_EOAD_vs_CN",2,"study_11; study_2",0.738713572668321
"APEX1",0.041088908666903,-0.0524407720811408,0.134618589414947,0.829900747806796,0.406594902062212,0,NA,NA,NA,5,665,"study_2_EOAD_vs_CN; study_3_Olink_EOAD_vs_CN; study_3_Soma_EOAD_vs_CN; study_8_EOAD_vs_CN; study_9_EOAD_vs_CN",2,"study_2; study_8",0.739776835696525
"IGKV2-40",-0.0234092615266438,-0.12701929523772,0.0802007721844326,-0.829038199772847,0.407082791916817,0,-0.0253967010651738,-0.0642249387664005,0.0122733211743052,4,850,"study_1_EOAD_vs_CN; study_11_EOAD_vs_CN; study_5_EOAD_vs_CN; study_7_EOAD_vs_CN",3,"study_1; study_11; study_7",0.618582327666906
"SPINK1",0.0485802118561705,-0.0577350964837443,0.154895520196085,0.828887059271354,0.407168318650706,0,0.0453946767194077,0.0154752811496275,0.0683520467361761,6,1079,"study_11_EOAD_vs_CN; study_2_EOAD_vs_CN; study_3_Olink_EOAD_vs_CN; study_5_EOAD_vs_CN; study_8_EOAD_vs_CN; study_9_EOAD_vs_CN",3,"study_11; study_2; study_8",0.618582327666906
"XYLT1",-0.0175042211080009,-0.0625623800312806,0.0275539378152787,-0.826205864137171,0.408687322291614,0.748534081417352,-0.0165524574229503,-0.0344150967806667,-0.0026868713392192,6,971,"study_1_EOAD_vs_CN; study_11_EOAD_vs_CN; study_2_EOAD_vs_CN; study_4_EOAD_vs_CN; study_5_EOAD_vs_CN; study_7_EOAD_vs_CN",4,"study_1; study_11; study_4; study_7",0.574056345750075
"SPINK6",0.0475494243927685,-0.0375519144264008,0.132650763211938,0.82599042255318,0.408809524775918,0.474272648126615,0.0415984143652559,-0.00947130710250224,0.072657773619175,7,1020,"study_1_EOAD_vs_CN; study_10_EOAD_vs_CN; study_11_EOAD_vs_CN; study_2_EOAD_vs_CN; study_3_Soma_EOAD_vs_CN; study_4_EOAD_vs_CN; study_5_EOAD_vs_CN",3,"study_1; study_11; study_4",0.618582327666906
"SCN2B",0.0166193002079168,-0.0403672443510333,0.0736058447668668,0.825536631947534,0.409066994416824,0,NA,NA,NA,5,812,"study_1_EOAD_vs_CN; study_11_EOAD_vs_CN; study_2_EOAD_vs_CN; study_3_Soma_EOAD_vs_CN; study_5_EOAD_vs_CN",2,"study_1; study_11",0.742984766289136
"SLC5A5",0.0648083487597745,-0.0489797438975683,0.178596441417117,0.824344471568752,0.409743856514523,0.134033299677665,0.0603557920966277,-0.00573407779545236,0.118980398491156,6,1021,"study_1_EOAD_vs_CN; study_10_EOAD_vs_CN; study_11_EOAD_vs_CN; study_2_EOAD_vs_CN; study_4_EOAD_vs_CN; study_5_EOAD_vs_CN",3,"study_1; study_11; study_4",0.618582327666906
"LILRB5",0.0532741792590295,-0.0795221941526937,0.186070552670753,0.824191706358271,0.409830638744463,0,0.0537690391663414,0.049758963304495,0.0586728170609961,6,896,"study_11_EOAD_vs_CN; study_2_EOAD_vs_CN; study_3_Olink_EOAD_vs_CN; study_3_Soma_EOAD_vs_CN; study_8_EOAD_vs_CN; study_9_EOAD_vs_CN",3,"study_11; study_2; study_8",0.618582327666906
"NETO1",-0.0298239763084328,-0.0931246024469966,0.033476649830131,-0.823396312510948,0.410282659343242,0.293447351833939,-0.00477049139513112,-0.0492416487623506,0.0680100261979629,4,519,"study_11_EOAD_vs_CN; study_2_EOAD_vs_CN; study_3_Soma_EOAD_vs_CN; study_7_EOAD_vs_CN",3,"study_11; study_2; study_7",0.618582327666906
"CNPY3",-0.0150072714034454,-0.0673147174862408,0.0373001746793499,-0.822868696379907,0.410582665824444,0.865981976513833,-0.0205446825621774,-0.0415256614812211,0.0047764549382806,6,854,"study_1_EOAD_vs_CN; study_11_EOAD_vs_CN; study_2_EOAD_vs_CN; study_3_Soma_EOAD_vs_CN; study_4_EOAD_vs_CN; study_5_EOAD_vs_CN",3,"study_1; study_11; study_4",0.618582327666906
"TNFRSF9",0.0425190654728644,-0.0537944173102479,0.138832548255977,0.822656751967509,0.41070321568299,0.696931696632057,NA,NA,NA,3,622,"study_3_Olink_EOAD_vs_CN; study_8_EOAD_vs_CN; study_9_EOAD_vs_CN",2,"study_3_Olink; study_8",0.744666038124176
"BCHE",0.000996465622167504,-0.0396143966382957,0.0416073278826307,-0.822558896519864,0.410758881051133,0.80731044668856,0.000940350418043098,-0.0329335994056005,0.0453932721961567,8,1198,"study_1_EOAD_vs_CN; study_10_EOAD_vs_CN; study_11_EOAD_vs_CN; study_2_EOAD_vs_CN; study_3_Soma_EOAD_vs_CN; study_4_EOAD_vs_CN; study_5_EOAD_vs_CN; study_7_EOAD_vs_CN",4,"study_1; study_11; study_4; study_7",0.575939498698029
"ST6GALNAC2",0.0854903637419339,-0.0714747113079232,0.242455438791791,0.821111623589487,0.411582689755965,0.4687960862728,NA,NA,NA,2,616,"study_1_EOAD_vs_CN; study_11_EOAD_vs_CN",2,"study_1; study_11",0.744971776967619
"IGHV3-73",-0.0325923268256357,-0.103937092859212,0.0387524392079406,-0.820714326611495,0.411809008334296,0.198657479972915,-0.0361548200456712,-0.0905734008203254,0.0124929678291312,4,849,"study_1_EOAD_vs_CN; study_11_EOAD_vs_CN; study_5_EOAD_vs_CN; study_7_EOAD_vs_CN",3,"study_1; study_11; study_7",0.618797220418113
"FLT3",-0.015085571951436,-0.112129632283573,0.0819584883807009,-0.819311416640945,0.412608760570116,0.762813055502318,NA,NA,NA,5,710,"study_1_EOAD_vs_CN; study_11_EOAD_vs_CN; study_2_EOAD_vs_CN; study_3_Olink_EOAD_vs_CN; study_5_EOAD_vs_CN",2,"study_1; study_11",0.745434578280085
"ST3GAL6",-0.0332296240487598,-0.104196715653188,0.037737467555668,-0.819168353478267,0.41269036780185,0.379074937180154,-0.0318981576867422,-0.0436550718247536,-0.0160025786596537,7,945,"study_1_EOAD_vs_CN; study_11_EOAD_vs_CN; study_2_EOAD_vs_CN; study_3_Soma_EOAD_vs_CN; study_4_EOAD_vs_CN; study_5_EOAD_vs_CN; study_7_EOAD_vs_CN",4,"study_1; study_11; study_4; study_7",0.577619910884294
"FOLR3",0.0355993495905946,-0.0488840484815712,0.12008274766276,0.818168527079471,0.41326096372207,0,NA,NA,NA,6,719,"study_2_EOAD_vs_CN; study_3_Olink_EOAD_vs_CN; study_3_Soma_EOAD_vs_CN; study_5_EOAD_vs_CN; study_8_EOAD_vs_CN; study_9_EOAD_vs_CN",2,"study_2; study_8",0.745434578280085
"SGSH",0.0910917952636475,-0.298401688253462,0.480585278780757,0.815601407407565,0.414728144250682,0,0.0944878605128077,0.0857172834022559,0.104804639261992,4,296,"study_11_EOAD_vs_CN; study_2_EOAD_vs_CN; study_3_Soma_EOAD_vs_CN; study_7_EOAD_vs_CN",3,"study_11; study_2; study_7",0.621547953719527
"QSOX1",-0.0194410961385864,-0.0445463575615745,0.00566416528440167,-0.815489267452957,0.414792305487111,0.635137920276288,-0.0193090911839949,-0.0341622647049556,-0.00630953463827362,8,1224,"study_1_EOAD_vs_CN; study_10_EOAD_vs_CN; study_11_EOAD_vs_CN; study_2_EOAD_vs_CN; study_3_Soma_EOAD_vs_CN; study_4_EOAD_vs_CN; study_5_EOAD_vs_CN; study_7_EOAD_vs_CN",4,"study_1; study_11; study_4; study_7",0.579532511921709
"BGN",0.0322038813126252,-0.0216223566226595,0.0860301192479099,0.814937468732195,0.415108104371392,0.267728645074163,0.0316843535966377,0.00632395545381425,0.053384260930259,10,1615,"study_1_EOAD_vs_CN; study_11_EOAD_vs_CN; study_2_EOAD_vs_CN; study_3_Olink_EOAD_vs_CN; study_3_Soma_EOAD_vs_CN; study_4_EOAD_vs_CN; study_5_EOAD_vs_CN; study_7_EOAD_vs_CN; study_8_EOAD_vs_CN; study_9_EOAD_vs_CN",5,"study_1; study_11; study_4; study_7; study_8",0.589453508207377
"PLXND1",-0.017093600890317,-0.116433386335667,0.0822461845550329,-0.81267025807024,0.416407137841768,0,NA,NA,NA,5,766,"study_1_EOAD_vs_CN; study_11_EOAD_vs_CN; study_2_EOAD_vs_CN; study_3_Soma_EOAD_vs_CN; study_5_EOAD_vs_CN",2,"study_1; study_11",0.749819038587926
"FTH1",0.00146749939327068,-0.0363726766923452,0.0393076754788866,-0.812518441954601,0.416494208842061,0.875617494238118,-0.000260291833931177,-0.0581640062843303,0.0604220093208113,7,990,"study_1_EOAD_vs_CN; study_11_EOAD_vs_CN; study_2_EOAD_vs_CN; study_3_Soma_EOAD_vs_CN; study_4_EOAD_vs_CN; study_5_EOAD_vs_CN; study_7_EOAD_vs_CN",4,"study_1; study_11; study_4; study_7",0.580699022858806
"TSKU",0.0871477725720578,-0.12845730788666,0.302752853030775,0.809763308843759,0.418076224136098,0,NA,NA,NA,2,384,"study_11_EOAD_vs_CN; study_5_EOAD_vs_CN",2,"study_11; study_5",0.751533246817549
"SERPINA4",-0.0113555194024068,-0.0960604816508854,0.0733494428460717,-0.809677428789188,0.418125593828306,0.491338992331495,-0.00743982607939271,-0.0465234885362918,0.0176569026462806,8,1231,"study_1_EOAD_vs_CN; study_10_EOAD_vs_CN; study_11_EOAD_vs_CN; study_2_EOAD_vs_CN; study_3_Soma_EOAD_vs_CN; study_4_EOAD_vs_CN; study_5_EOAD_vs_CN; study_7_EOAD_vs_CN",4,"study_1; study_11; study_4; study_7",0.580699022858806
"C16orf89",0.00839711109202497,-0.0279239607395888,0.0447181829236388,0.808335576930048,0.418897427274839,0.338440674178909,0.00712076455771128,-0.00383271855734761,0.0242545964932925,7,1197,"study_1_EOAD_vs_CN; study_10_EOAD_vs_CN; study_11_EOAD_vs_CN; study_2_EOAD_vs_CN; study_4_EOAD_vs_CN; study_5_EOAD_vs_CN; study_7_EOAD_vs_CN",4,"study_1; study_11; study_4; study_7",0.580699022858806
"COL21A1",0.0203711978569458,-0.0308815035223602,0.0716238992362517,0.808229113421853,0.418958700977256,0,0.0194693038884497,0.00801633319902228,0.0243582640503729,6,986,"study_1_EOAD_vs_CN; study_11_EOAD_vs_CN; study_2_EOAD_vs_CN; study_4_EOAD_vs_CN; study_5_EOAD_vs_CN; study_7_EOAD_vs_CN",4,"study_1; study_11; study_4; study_7",0.580699022858806
"SERPINF2",-0.00520307036834121,-0.0841538238126348,0.0737476830759524,-0.807615679170166,0.419311857876473,0.805568034595888,-0.00167704573307241,-0.0437296878292627,0.0606862767315814,8,1231,"study_1_EOAD_vs_CN; study_10_EOAD_vs_CN; study_11_EOAD_vs_CN; study_2_EOAD_vs_CN; study_3_Soma_EOAD_vs_CN; study_4_EOAD_vs_CN; study_5_EOAD_vs_CN; study_7_EOAD_vs_CN",4,"study_1; study_11; study_4; study_7",0.580699022858806
"GPC4",0.0354891183447431,-0.021402798979665,0.0923810356691513,0.807299586432725,0.419493902233073,0.743202692545657,NA,NA,NA,5,837,"study_1_EOAD_vs_CN; study_11_EOAD_vs_CN; study_2_EOAD_vs_CN; study_3_Soma_EOAD_vs_CN; study_5_EOAD_vs_CN",2,"study_1; study_11",0.752790427294967
"PF4",-0.129433451540083,-0.429866319566567,0.170999416486401,-0.803748416425272,0.421542286117473,0,NA,NA,NA,2,363,"study_11_EOAD_vs_CN; study_3_Soma_EOAD_vs_CN",2,"study_11; study_3_Soma",0.754781619045021
"THBS3",-0.048771301613539,-0.195454633376179,0.0979120301491008,-0.802880305046631,0.422043920572884,0,NA,NA,NA,5,588,"study_1_EOAD_vs_CN; study_11_EOAD_vs_CN; study_2_EOAD_vs_CN; study_3_Soma_EOAD_vs_CN; study_5_EOAD_vs_CN",2,"study_1; study_11",0.754781619045021
"EXT1",-0.0227492829585753,-0.054981444362536,0.00948287844538532,-0.802062904461876,0.42251657172089,0.733869702420902,-0.0198040200167678,-0.0402581772088462,0.0120485872067594,5,917,"study_1_EOAD_vs_CN; study_11_EOAD_vs_CN; study_2_EOAD_vs_CN; study_5_EOAD_vs_CN; study_7_EOAD_vs_CN",3,"study_1; study_11; study_7",0.629170575816873
"FLRT1",-0.0255503360687658,-0.0703476306915172,0.0192469585539855,-0.801220343777228,0.423004095798366,0.362549101643456,-0.0234799679287363,-0.0496425657429703,0.00596039283921431,6,873,"study_1_EOAD_vs_CN; study_11_EOAD_vs_CN; study_2_EOAD_vs_CN; study_3_Soma_EOAD_vs_CN; study_5_EOAD_vs_CN; study_7_EOAD_vs_CN",3,"study_1; study_11; study_7",0.629170575816873
"H2AC4",0.210150762253935,-0.121492984153682,0.541794508661551,0.801020173823067,0.423119966924132,0.743555213195228,0.127333416816514,-0.105843189526216,0.25770066587148,3,473,"study_11_EOAD_vs_CN; study_2_EOAD_vs_CN; study_7_EOAD_vs_CN",3,"study_11; study_2; study_7",0.629170575816873
"PRTG",0.0323644686752827,-0.0489308426321771,0.113659779982742,0.800996157127374,0.423133870566533,0,NA,NA,NA,4,649,"study_3_Olink_EOAD_vs_CN; study_3_Soma_EOAD_vs_CN; study_8_EOAD_vs_CN; study_9_EOAD_vs_CN",2,"study_3_Soma; study_8",0.755441731437354
"CPXM2",0.0218035282157547,-0.0341879317347938,0.0777949881663033,0.800245727792,0.423568440629825,0,0.0216165713318618,0.0133707132390171,0.0309613249574004,6,1003,"study_1_EOAD_vs_CN; study_11_EOAD_vs_CN; study_2_EOAD_vs_CN; study_4_EOAD_vs_CN; study_5_EOAD_vs_CN; study_7_EOAD_vs_CN",4,"study_1; study_11; study_4; study_7",0.585564791607548
"IGHV2-5",-0.0573918253925316,-0.256893710379366,0.142110059594303,-0.79891434588158,0.42434007993167,0,-0.0600103726874404,-0.0765638153823302,-0.0479676692617094,4,833,"study_1_EOAD_vs_CN; study_11_EOAD_vs_CN; study_5_EOAD_vs_CN; study_7_EOAD_vs_CN",3,"study_1; study_11; study_7",0.629345936729827
"HBB",-0.035291112159599,-0.450931536064351,0.380349311745153,-0.798559848666329,0.424545677079424,0.729504813120766,0.00243641760210571,-0.280633593780698,0.242192461685573,8,1204,"study_1_EOAD_vs_CN; study_10_EOAD_vs_CN; study_11_EOAD_vs_CN; study_2_EOAD_vs_CN; study_3_Soma_EOAD_vs_CN; study_4_EOAD_vs_CN; study_5_EOAD_vs_CN; study_7_EOAD_vs_CN",4,"study_1; study_11; study_4; study_7",0.585887904620991
"SCARA5",-0.0235579143562904,-0.13023162857169,0.0831157998591092,-0.798353764308648,0.42466522623124,0.713336978261051,NA,NA,NA,5,667,"study_2_EOAD_vs_CN; study_3_Olink_EOAD_vs_CN; study_3_Soma_EOAD_vs_CN; study_8_EOAD_vs_CN; study_9_EOAD_vs_CN",2,"study_2; study_8",0.75688632158221
"IGLV2-23",0.0744425388771346,-0.0617588751744368,0.210643952928706,0.796215432276357,0.425906829264621,0.576625272393929,0.0735152189635075,-0.0210122383067571,0.190654438798343,4,847,"study_1_EOAD_vs_CN; study_11_EOAD_vs_CN; study_4_EOAD_vs_CN; study_5_EOAD_vs_CN",3,"study_1; study_11; study_4",0.629614507000983
"RNASE3",0.107068945952855,-0.145744304173607,0.359882196079317,0.793538294154782,0.427464267449851,0.535325320787434,NA,NA,NA,4,283,"study_11_EOAD_vs_CN; study_2_EOAD_vs_CN; study_3_Olink_EOAD_vs_CN; study_3_Soma_EOAD_vs_CN",2,"study_11; study_2",0.760581582830974
"PODN",0.0156058398864281,-0.0434229625040625,0.0746346422769187,0.791665304431471,0.428555857858803,0.606528521899115,0.0135039609436565,-0.0116285389873085,0.0288560353385591,5,870,"study_1_EOAD_vs_CN; study_11_EOAD_vs_CN; study_2_EOAD_vs_CN; study_5_EOAD_vs_CN; study_7_EOAD_vs_CN",3,"study_1; study_11; study_7",0.629614507000983
"SELL",0.031055882398542,-0.0258908270739226,0.0880025918710066,0.791590654701171,0.428599397774926,0.626659783751903,0.0313555118371598,0.0183628607996365,0.0506604517099803,11,1838,"study_1_EOAD_vs_CN; study_10_EOAD_vs_CN; study_11_EOAD_vs_CN; study_2_EOAD_vs_CN; study_3_Olink_EOAD_vs_CN; study_3_Soma_EOAD_vs_CN; study_4_EOAD_vs_CN; study_5_EOAD_vs_CN; study_7_EOAD_vs_CN; study_8_EOAD_vs_CN; study_9_EOAD_vs_CN",5,"study_1; study_11; study_4; study_7; study_8",0.604580607457346
"BST2",0.0601841033024547,-0.0729160792874325,0.193284285892342,0.790588048828616,0.429184423144207,0,NA,NA,NA,3,402,"study_11_EOAD_vs_CN; study_2_EOAD_vs_CN; study_3_Olink_EOAD_vs_CN",2,"study_11; study_2",0.76073842563982
"IGLC2",-0.0305800511410153,-0.145602654280685,0.0844425519986539,-0.790248657692198,0.429382564619253,0.35661060040377,-0.0215920061672456,-0.0762104136081559,0.00786574944988702,7,1113,"study_1_EOAD_vs_CN; study_2_EOAD_vs_CN; study_3_Olink_EOAD_vs_CN; study_4_EOAD_vs_CN; study_5_EOAD_vs_CN; study_8_EOAD_vs_CN; study_9_EOAD_vs_CN",3,"study_1; study_4; study_8",0.629614507000983
"CD300LG",-0.0489574018845442,-0.148008789175209,0.0500939854061208,-0.790116961763198,0.42945946492926,0.46093716751429,NA,NA,NA,4,649,"study_3_Olink_EOAD_vs_CN; study_3_Soma_EOAD_vs_CN; study_8_EOAD_vs_CN; study_9_EOAD_vs_CN",2,"study_3_Soma; study_8",0.76073842563982
"CXCL8",0.0390945336901874,-0.0550946770721417,0.133283744452516,0.789653588344717,0.429730103033181,0,NA,NA,NA,4,649,"study_3_Olink_EOAD_vs_CN; study_3_Soma_EOAD_vs_CN; study_8_EOAD_vs_CN; study_9_EOAD_vs_CN",2,"study_3_Soma; study_8",0.76073842563982
"CRELD2",0.0176533843275525,-0.0531291153177109,0.0884358839728159,0.789095378406827,0.430056262925825,0.66094986532607,0.0168473896921069,-0.0409401539787044,0.0640037399075508,7,1326,"study_1_EOAD_vs_CN; study_11_EOAD_vs_CN; study_2_EOAD_vs_CN; study_3_Olink_EOAD_vs_CN; study_5_EOAD_vs_CN; study_8_EOAD_vs_CN; study_9_EOAD_vs_CN",3,"study_1; study_11; study_8",0.629614507000983
"GREM1",-0.0352623181295829,-0.120515035600154,0.0499903993409882,-0.788587008248092,0.430353426656996,0.0519166776753847,-0.029602233641224,-0.0760006841664332,0.0200984397550561,6,786,"study_1_EOAD_vs_CN; study_11_EOAD_vs_CN; study_2_EOAD_vs_CN; study_3_Soma_EOAD_vs_CN; study_5_EOAD_vs_CN; study_7_EOAD_vs_CN",3,"study_1; study_11; study_7",0.629614507000983
"ECRG4",0.06704915393959,-0.0271460061032144,0.161244313982394,0.787902438890989,0.430753774482351,0.628868633012172,0.0647649907061864,-0.0045528584256744,0.126563453901344,7,1151,"study_1_EOAD_vs_CN; study_10_EOAD_vs_CN; study_11_EOAD_vs_CN; study_2_EOAD_vs_CN; study_4_EOAD_vs_CN; study_5_EOAD_vs_CN; study_7_EOAD_vs_CN",4,"study_1; study_11; study_4; study_7",0.592976034394424
"SERPINA1",0.0573223252945072,-0.0480035557078671,0.162648206296881,0.787162257917658,0.431186887954321,0.462032318438492,0.0577223698026161,0.0199980851726313,0.111552919215051,8,1192,"study_1_EOAD_vs_CN; study_10_EOAD_vs_CN; study_11_EOAD_vs_CN; study_2_EOAD_vs_CN; study_3_Soma_EOAD_vs_CN; study_4_EOAD_vs_CN; study_5_EOAD_vs_CN; study_7_EOAD_vs_CN",4,"study_1; study_11; study_4; study_7",0.592976034394424
"CPN1",-0.0119610570132102,-0.117265208041805,0.093343094015384,-0.785714760861731,0.432034613576824,0.637241056699761,-0.00711208834894473,-0.0504207116940886,0.0748065774882348,5,886,"study_1_EOAD_vs_CN; study_11_EOAD_vs_CN; study_2_EOAD_vs_CN; study_4_EOAD_vs_CN; study_5_EOAD_vs_CN",3,"study_1; study_11; study_4",0.629614507000983
"RET",-0.0848530324851771,-0.31681133510613,0.147105270135776,-0.783902497215402,0.433097324374454,0.202777445392446,-0.0813626070981683,-0.139963990900704,-0.0172142725720038,6,1025,"study_11_EOAD_vs_CN; study_2_EOAD_vs_CN; study_3_Olink_EOAD_vs_CN; study_3_Soma_EOAD_vs_CN; study_8_EOAD_vs_CN; study_9_EOAD_vs_CN",3,"study_11; study_2; study_8",0.629614507000983
"TLN1",-0.0586157155314522,-0.198373488793602,0.0811420577306975,0.783484957049762,0.433342383977909,0.96561361843532,-0.0496747999268297,-0.146610255820214,0.0725871462502717,4,669,"study_1_EOAD_vs_CN; study_11_EOAD_vs_CN; study_2_EOAD_vs_CN; study_7_EOAD_vs_CN",3,"study_1; study_11; study_7",0.629614507000983
"IGHA1",0.08418214778611,-0.0431469759575996,0.21151127152982,0.78086264676561,0.434883283459699,0.534435869684699,0.0818361701357156,-0.000173816867865273,0.159514805270252,8,1231,"study_1_EOAD_vs_CN; study_10_EOAD_vs_CN; study_11_EOAD_vs_CN; study_2_EOAD_vs_CN; study_3_Soma_EOAD_vs_CN; study_4_EOAD_vs_CN; study_5_EOAD_vs_CN; study_7_EOAD_vs_CN",4,"study_1; study_11; study_4; study_7",0.597017469279169
"CAST",-0.0451817374930931,-0.163882388701147,0.0735189137149607,-0.775328318707007,0.43814567984825,0,NA,NA,NA,5,731,"study_1_EOAD_vs_CN; study_11_EOAD_vs_CN; study_2_EOAD_vs_CN; study_3_Soma_EOAD_vs_CN; study_5_EOAD_vs_CN",2,"study_1; study_11",0.772758377277026
"EGFL7",-0.0415874704842326,-0.146415821617954,0.0632408806494886,-0.774956006501269,0.438365655908624,0,NA,NA,NA,3,622,"study_3_Olink_EOAD_vs_CN; study_8_EOAD_vs_CN; study_9_EOAD_vs_CN",2,"study_3_Olink; study_8",0.772758377277026
"CHST6",0.036435055667292,-0.0253606428067243,0.0982307541413083,0.774233227677654,0.438792882054564,0.719680725973177,0.0368420403125726,0.0083540762752135,0.0834600229694385,4,834,"study_1_EOAD_vs_CN; study_11_EOAD_vs_CN; study_2_EOAD_vs_CN; study_7_EOAD_vs_CN",3,"study_1; study_11; study_7",0.635407747995504
"PRSS23",-0.00222288116476735,-0.0533530679567548,0.0489073056272201,-0.772944423960238,0.439555272256084,0.334612213591678,0.001755329710699,-0.0201888085947867,0.0166821161565258,4,825,"study_1_EOAD_vs_CN; study_11_EOAD_vs_CN; study_4_EOAD_vs_CN; study_5_EOAD_vs_CN",3,"study_1; study_11; study_4",0.635407747995504
"MYDGF",-0.0054487593512555,-0.0590601658793456,0.0481626471768346,0.772382724973028,0.439887782357177,0.607803672117819,-0.00410321086628167,-0.0345043508129804,0.0317398804052213,7,1035,"study_1_EOAD_vs_CN; study_11_EOAD_vs_CN; study_2_EOAD_vs_CN; study_3_Soma_EOAD_vs_CN; study_4_EOAD_vs_CN; study_5_EOAD_vs_CN; study_7_EOAD_vs_CN",4,"study_1; study_11; study_4; study_7",0.602697474619034
"TIMP2",0.0136407932878572,-0.0312335408238018,0.0585151273995162,0.77065950921305,0.440908778083457,0,0.0123283310677569,-0.00472585500505261,0.0260827430194731,8,1224,"study_1_EOAD_vs_CN; study_10_EOAD_vs_CN; study_11_EOAD_vs_CN; study_2_EOAD_vs_CN; study_3_Soma_EOAD_vs_CN; study_4_EOAD_vs_CN; study_5_EOAD_vs_CN; study_7_EOAD_vs_CN",4,"study_1; study_11; study_4; study_7",0.602697474619034
"FLRT3",-0.0508016338743124,-0.194612701249341,0.0930094335007158,-0.770136198643092,0.441219105315472,0,NA,NA,NA,3,442,"study_11_EOAD_vs_CN; study_2_EOAD_vs_CN; study_3_Soma_EOAD_vs_CN",2,"study_11; study_2",0.772758377277026
"IGFLR1",0.0629785208833708,-0.0753456998789551,0.201302741645697,0.770048735653177,0.441270983749512,0.22495836439537,NA,NA,NA,3,294,"study_11_EOAD_vs_CN; study_2_EOAD_vs_CN; study_3_Soma_EOAD_vs_CN",2,"study_11; study_2",0.772758377277026
"LTA",0.0530644942265269,-0.0413549880692121,0.147483976522266,0.770033787067693,0.441279850811881,0.849174078779451,NA,NA,NA,4,649,"study_3_Olink_EOAD_vs_CN; study_3_Soma_EOAD_vs_CN; study_8_EOAD_vs_CN; study_9_EOAD_vs_CN",2,"study_3_Soma; study_8",0.772758377277026
"IL2RA",-0.0588687981400595,-0.179828693167717,0.0620910968875983,-0.769489240230532,0.44160292959553,0.691329415277226,NA,NA,NA,3,622,"study_3_Olink_EOAD_vs_CN; study_8_EOAD_vs_CN; study_9_EOAD_vs_CN",2,"study_3_Olink; study_8",0.772758377277026
"CXCL1",0.043863594447614,-0.0553010699988523,0.14302825889408,0.769343800194333,0.441689241854232,0.299663096816153,NA,NA,NA,4,649,"study_3_Olink_EOAD_vs_CN; study_3_Soma_EOAD_vs_CN; study_8_EOAD_vs_CN; study_9_EOAD_vs_CN",2,"study_3_Soma; study_8",0.772758377277026
"LTBP1",0.0100855719200055,-0.0280188282729242,0.0481899721129351,0.769213320720859,0.441766683896763,0.805619164047907,0.00860454982480523,-0.014679330771756,0.0240832443767135,7,1102,"study_1_EOAD_vs_CN; study_10_EOAD_vs_CN; study_11_EOAD_vs_CN; study_2_EOAD_vs_CN; study_4_EOAD_vs_CN; study_5_EOAD_vs_CN; study_7_EOAD_vs_CN",4,"study_1; study_11; study_4; study_7",0.602697474619034
"B4GALT2",0.085644917548406,-0.079546998024309,0.250836833121121,0.768114912181448,0.442418918288374,0.728963531721027,NA,NA,NA,3,670,"study_1_EOAD_vs_CN; study_11_EOAD_vs_CN; study_3_Soma_EOAD_vs_CN",2,"study_1; study_11",0.772758377277026
"ITGBL1",-0.0359885046221642,-0.094246758350062,0.0222697491057336,-0.767991535156189,0.442492213895937,0.606978094196257,-0.0341688856092082,-0.0752397447330406,0.00314881913217269,5,867,"study_1_EOAD_vs_CN; study_11_EOAD_vs_CN; study_2_EOAD_vs_CN; study_4_EOAD_vs_CN; study_5_EOAD_vs_CN",3,"study_1; study_11; study_4",0.638038015491364
"SERPINC1",0.0581228288458197,-0.0205956658726014,0.136841323564241,0.765509160336507,0.443968413845556,0.746850549172614,0.0603129848921521,0.0230082599768504,0.122882038838282,8,1231,"study_1_EOAD_vs_CN; study_10_EOAD_vs_CN; study_11_EOAD_vs_CN; study_2_EOAD_vs_CN; study_3_Soma_EOAD_vs_CN; study_4_EOAD_vs_CN; study_5_EOAD_vs_CN; study_7_EOAD_vs_CN",4,"study_1; study_11; study_4; study_7",0.602697474619034
"PTN",0.0331573197096237,-0.00754694574640963,0.073861585165657,0.765336174394358,0.444071388516923,0.826415485898302,0.0320806806524603,-0.01926785065296,0.0699500230932544,10,1726,"study_1_EOAD_vs_CN; study_10_EOAD_vs_CN; study_11_EOAD_vs_CN; study_2_EOAD_vs_CN; study_3_Olink_EOAD_vs_CN; study_3_Soma_EOAD_vs_CN; study_4_EOAD_vs_CN; study_5_EOAD_vs_CN; study_8_EOAD_vs_CN; study_9_EOAD_vs_CN",4,"study_1; study_11; study_4; study_8",0.602697474619034
"FAIM2",0.0124486388300521,-0.0280537477982453,0.0529510254583496,0.764196518323997,0.444750141078926,0.436463254780057,0.0143949428820404,-0.00345284442510033,0.0416646241262513,6,998,"study_1_EOAD_vs_CN; study_11_EOAD_vs_CN; study_2_EOAD_vs_CN; study_4_EOAD_vs_CN; study_5_EOAD_vs_CN; study_7_EOAD_vs_CN",4,"study_1; study_11; study_4; study_7",0.602697474619034
"PCOLCE",0.0187861866458337,-0.0169306879090882,0.0545030612007557,0.763523710128621,0.445151127591407,0.128778280025564,0.0184957962749411,0.00430597054944309,0.0233060665300471,11,1853,"study_1_EOAD_vs_CN; study_10_EOAD_vs_CN; study_11_EOAD_vs_CN; study_2_EOAD_vs_CN; study_3_Olink_EOAD_vs_CN; study_3_Soma_EOAD_vs_CN; study_4_EOAD_vs_CN; study_5_EOAD_vs_CN; study_7_EOAD_vs_CN; study_8_EOAD_vs_CN; study_9_EOAD_vs_CN",5,"study_1; study_11; study_4; study_7; study_8",0.623797303795853
"PGRMC1",0.0118870766865519,-0.0235743081956652,0.047348461568769,0.762652799895514,0.445670486769274,0,0.0130699732587346,0.00700529532378289,0.0234405970736419,7,994,"study_1_EOAD_vs_CN; study_11_EOAD_vs_CN; study_2_EOAD_vs_CN; study_3_Soma_EOAD_vs_CN; study_4_EOAD_vs_CN; study_5_EOAD_vs_CN; study_7_EOAD_vs_CN",4,"study_1; study_11; study_4; study_7",0.602697474619034
"APOB",0.00643284070084088,-0.113718527913848,0.12658420931553,-0.762364270861,0.445842624468444,0.352907890642011,0.013637913050812,-0.0542811317188664,0.0504496220049734,8,1190,"study_1_EOAD_vs_CN; study_10_EOAD_vs_CN; study_11_EOAD_vs_CN; study_2_EOAD_vs_CN; study_3_Soma_EOAD_vs_CN; study_4_EOAD_vs_CN; study_5_EOAD_vs_CN; study_7_EOAD_vs_CN",4,"study_1; study_11; study_4; study_7",0.602697474619034
"ESD",0.0139550873300048,-0.0511449260031876,0.0790551006631973,0.762162536603579,0.44596300251423,0,0.0161326958272614,-0.00203501139886681,0.0395995329948633,6,888,"study_1_EOAD_vs_CN; study_11_EOAD_vs_CN; study_2_EOAD_vs_CN; study_3_Soma_EOAD_vs_CN; study_5_EOAD_vs_CN; study_7_EOAD_vs_CN",3,"study_1; study_11; study_7",0.640771451785839
"CNPY4",0.0405577300876429,-0.0882471437088198,0.169362603884106,0.762007473760763,0.446055543565322,0,NA,NA,NA,3,432,"study_11_EOAD_vs_CN; study_3_Soma_EOAD_vs_CN; study_5_EOAD_vs_CN",2,"study_11; study_5",0.77743230855387
"COL4A2",-0.0150131985097908,-0.0492692325136923,0.0192428354941106,-0.761797135735527,0.446181090160526,0.793920734561775,-0.0168791355258096,-0.0333526448591352,0.000535354784364117,6,984,"study_1_EOAD_vs_CN; study_11_EOAD_vs_CN; study_2_EOAD_vs_CN; study_4_EOAD_vs_CN; study_5_EOAD_vs_CN; study_7_EOAD_vs_CN",4,"study_1; study_11; study_4; study_7",0.602697474619034
"IGLV3-10",-0.118088998401382,-0.316391755929454,0.0802137591266898,-0.761041482758134,0.446632290386627,0.736869945336779,-0.125766107255028,-0.224622130043912,-0.0487843734465605,3,256,"study_4_EOAD_vs_CN; study_5_EOAD_vs_CN; study_7_EOAD_vs_CN",3,"study_4; study_5; study_7",0.640771451785839
"EFNB1",-0.00915893942696231,-0.0487689531640533,0.0304510743101286,-0.760979696567491,0.446669194387711,0,-0.00941567701733404,-0.015975491257828,-0.00139585230387962,7,998,"study_1_EOAD_vs_CN; study_11_EOAD_vs_CN; study_2_EOAD_vs_CN; study_3_Soma_EOAD_vs_CN; study_4_EOAD_vs_CN; study_5_EOAD_vs_CN; study_7_EOAD_vs_CN",4,"study_1; study_11; study_4; study_7",0.602697474619034
"GALNT11",-0.0208311992408976,-0.0735977196946204,0.0319353212128252,-0.760162085184797,0.447157705264549,0,NA,NA,NA,4,802,"study_1_EOAD_vs_CN; study_11_EOAD_vs_CN; study_2_EOAD_vs_CN; study_5_EOAD_vs_CN",2,"study_1; study_11",0.77743230855387
"DNAJB11",0.0468997772871283,-0.102598383911408,0.196397938485665,0.759045702278498,0.447825218205847,0,NA,NA,NA,4,494,"study_11_EOAD_vs_CN; study_2_EOAD_vs_CN; study_3_Soma_EOAD_vs_CN; study_5_EOAD_vs_CN",2,"study_11; study_2",0.77743230855387
"GBE1",0.0592755671430008,-0.171664411642117,0.290215545928119,-0.758649702863699,0.448062132029139,0.912689325110811,NA,NA,NA,2,535,"study_1_EOAD_vs_CN; study_11_EOAD_vs_CN",2,"study_1; study_11",0.77743230855387
"JAM3",-0.0146580128359085,-0.0524971522140336,0.0231811265422166,-0.758350912586319,0.448240935844497,0,-0.0135716643937165,-0.019113438052387,-0.0032163908192559,7,992,"study_1_EOAD_vs_CN; study_11_EOAD_vs_CN; study_2_EOAD_vs_CN; study_3_Soma_EOAD_vs_CN; study_4_EOAD_vs_CN; study_5_EOAD_vs_CN; study_7_EOAD_vs_CN",4,"study_1; study_11; study_4; study_7",0.603007634280636
"ENPP6",-0.0045879422990671,-0.0502277500262938,0.0410518654281596,-0.757978723760972,0.448463719917451,0.198153935859438,-0.00272302850041195,-0.0246364409562186,0.0205645882202561,7,1008,"study_1_EOAD_vs_CN; study_11_EOAD_vs_CN; study_2_EOAD_vs_CN; study_3_Soma_EOAD_vs_CN; study_4_EOAD_vs_CN; study_5_EOAD_vs_CN; study_7_EOAD_vs_CN",4,"study_1; study_11; study_4; study_7",0.603007634280636
"IL17RB",-0.0295221396870146,-0.129042391676949,0.0699981123029196,-0.756403675818938,0.449407204795256,0.499267642699791,NA,NA,NA,4,649,"study_3_Olink_EOAD_vs_CN; study_3_Soma_EOAD_vs_CN; study_8_EOAD_vs_CN; study_9_EOAD_vs_CN",2,"study_3_Soma; study_8",0.778477273761038
"CNTN5",-0.00560702063689464,-0.050260974818265,0.0390469335444757,-0.756355192887162,0.44943626487891,0.669797103356428,-0.0042761597206875,-0.0474773346531456,0.0324966890208582,9,1508,"study_1_EOAD_vs_CN; study_11_EOAD_vs_CN; study_2_EOAD_vs_CN; study_3_Olink_EOAD_vs_CN; study_3_Soma_EOAD_vs_CN; study_5_EOAD_vs_CN; study_7_EOAD_vs_CN; study_8_EOAD_vs_CN; study_9_EOAD_vs_CN",4,"study_1; study_11; study_7; study_8",0.603007634280636
"COL28A1",-0.00743458689677724,-0.0904237769887476,0.0755546031951931,-0.755481695202655,0.449960011366769,0.331237372093697,-0.00549727814749934,-0.0274148903754365,0.0240811246310208,7,912,"study_1_EOAD_vs_CN; study_11_EOAD_vs_CN; study_2_EOAD_vs_CN; study_3_Soma_EOAD_vs_CN; study_4_EOAD_vs_CN; study_5_EOAD_vs_CN; study_7_EOAD_vs_CN",4,"study_1; study_11; study_4; study_7",0.603007634280636
"SIL1",0.0145356438034421,-0.022808999007915,0.0518802866147991,0.753371153132964,0.45122691238103,0.26927571816631,0.0153236193371456,0.00396584739095419,0.0282463878689757,6,1005,"study_1_EOAD_vs_CN; study_11_EOAD_vs_CN; study_2_EOAD_vs_CN; study_4_EOAD_vs_CN; study_5_EOAD_vs_CN; study_7_EOAD_vs_CN",4,"study_1; study_11; study_4; study_7",0.603678789399408
"IGHV7-4-1",-0.125950130270149,-0.32954029038154,0.0776400298412415,-0.752641203008013,0.451665550917889,0.779095937514944,NA,NA,NA,2,646,"study_1_EOAD_vs_CN; study_11_EOAD_vs_CN",2,"study_1; study_11",0.78109818046526
"IGKV3-20",-0.0175247171894888,-0.110311247138464,0.0752618127594867,-0.750368663553824,0.453032698660408,0,-0.01533116742213,-0.0416221450955319,0.0174143506475518,7,1202,"study_1_EOAD_vs_CN; study_10_EOAD_vs_CN; study_11_EOAD_vs_CN; study_2_EOAD_vs_CN; study_4_EOAD_vs_CN; study_5_EOAD_vs_CN; study_7_EOAD_vs_CN",4,"study_1; study_11; study_4; study_7",0.605067400922715
"CNRIP1",0.0478139878151002,-0.0878395919514673,0.183467567581668,0.749718364638677,0.453424344566102,0,NA,NA,NA,3,297,"study_11_EOAD_vs_CN; study_2_EOAD_vs_CN; study_3_Soma_EOAD_vs_CN",2,"study_11; study_2",0.782847962282167
"PSMA7",0.0104800903015159,-0.0953241417446586,0.11628432234769,0.747527268693719,0.454745348956072,0.594581094649183,NA,NA,NA,4,677,"study_1_EOAD_vs_CN; study_11_EOAD_vs_CN; study_2_EOAD_vs_CN; study_3_Soma_EOAD_vs_CN",2,"study_1; study_11",0.783837377805861
"SCARF2",0.00299040483832258,-0.108322659219176,0.114303468895822,0.747281209089435,0.454893832761584,0.461315734242308,-0.00201979025608598,-0.0925678823122649,0.0838011527236743,6,918,"study_11_EOAD_vs_CN; study_2_EOAD_vs_CN; study_3_Olink_EOAD_vs_CN; study_3_Soma_EOAD_vs_CN; study_8_EOAD_vs_CN; study_9_EOAD_vs_CN",3,"study_11; study_2; study_8",0.650988417310437
"DNAJC5",0.0634056234123631,-0.16132786757877,0.288139114403496,0.745176046421817,0.456165301506124,0,NA,NA,NA,2,397,"study_11_EOAD_vs_CN; study_2_EOAD_vs_CN",2,"study_11; study_2",0.783922875124439
"MEPE",-0.0291669900975095,-0.147121031297429,0.0887870511024101,-0.744968130018521,0.456290986475103,0,NA,NA,NA,5,588,"study_1_EOAD_vs_CN; study_11_EOAD_vs_CN; study_2_EOAD_vs_CN; study_3_Olink_EOAD_vs_CN; study_5_EOAD_vs_CN",2,"study_1; study_11",0.783922875124439
"UFC1",-0.1456918378037,-0.433806060227623,0.142422384620224,-0.742228828992026,0.45794870445595,0.901659217079614,NA,NA,NA,3,405,"study_11_EOAD_vs_CN; study_2_EOAD_vs_CN; study_3_Soma_EOAD_vs_CN",2,"study_11; study_2",0.784821158314106
"CAPZA2",0.0510091540756652,-0.0836662097598341,0.185684517911165,0.740394455185788,0.459060682312117,0,NA,NA,NA,2,423,"study_11_EOAD_vs_CN; study_2_EOAD_vs_CN",2,"study_11; study_2",0.784821158314106
"CD40",0.0325830740914158,-0.0586721472318762,0.123838295414708,0.739242753635672,0.45975960391178,0,NA,NA,NA,3,622,"study_3_Olink_EOAD_vs_CN; study_8_EOAD_vs_CN; study_9_EOAD_vs_CN",2,"study_3_Olink; study_8",0.784821158314106
"GAL3ST4",0.0192445081348576,-0.0375428324797272,0.0760318487494425,0.739160830033412,0.45980934275273,0,NA,NA,NA,4,797,"study_1_EOAD_vs_CN; study_11_EOAD_vs_CN; study_2_EOAD_vs_CN; study_5_EOAD_vs_CN",2,"study_1; study_11",0.784821158314106
"F7",0.024601834543364,-0.122703712689544,0.171907381776272,-0.736556448830188,0.461392127727634,0.806490041170636,0.0208133185729153,-0.0956836485119955,0.146708745921307,5,776,"study_1_EOAD_vs_CN; study_11_EOAD_vs_CN; study_3_Olink_EOAD_vs_CN; study_3_Soma_EOAD_vs_CN; study_4_EOAD_vs_CN",3,"study_1; study_11; study_4",0.658637262331198
"BID",-0.0245088178726496,-0.108978353407381,0.0599607176620817,-0.735912736339166,0.461783805751932,0,NA,NA,NA,4,697,"study_1_EOAD_vs_CN; study_11_EOAD_vs_CN; study_2_EOAD_vs_CN; study_3_Soma_EOAD_vs_CN",2,"study_1; study_11",0.786909639720365
"ADCYAP1R1",-0.00544430819719611,-0.0991004531682065,0.0882118367738143,0.730986452941445,0.464787427636249,0.791110103182356,NA,NA,NA,3,672,"study_1_EOAD_vs_CN; study_11_EOAD_vs_CN; study_2_EOAD_vs_CN",2,"study_1; study_11",0.790742247017514
"TNFRSF14",-0.00299844309698094,-0.0545581408627184,0.0485612546687565,-0.730752338288884,0.464930440498659,0.632983234693522,-0.00154714762667414,-0.0464916202752168,0.0341843948421404,8,1355,"study_1_EOAD_vs_CN; study_11_EOAD_vs_CN; study_2_EOAD_vs_CN; study_3_Olink_EOAD_vs_CN; study_3_Soma_EOAD_vs_CN; study_5_EOAD_vs_CN; study_8_EOAD_vs_CN; study_9_EOAD_vs_CN",3,"study_1; study_11; study_8",0.661996018337635
"BST1",0.006419555096917,-0.0506610305382833,0.0635001407321173,-0.730706038417815,0.464958726449661,0.489131217598907,0.0126047497366507,-0.0290635554816167,0.0497735610914892,8,1002,"study_1_EOAD_vs_CN; study_11_EOAD_vs_CN; study_2_EOAD_vs_CN; study_3_Olink_EOAD_vs_CN; study_3_Soma_EOAD_vs_CN; study_4_EOAD_vs_CN; study_5_EOAD_vs_CN; study_7_EOAD_vs_CN",4,"study_1; study_11; study_4; study_7",0.619610564997801
"SPOCK3",0.00959663862434994,-0.0200442011917808,0.0392374784404807,0.729829791924149,0.465494231571952,0,0.0103265979845421,0.00484241145908825,0.0213552947387607,8,1228,"study_1_EOAD_vs_CN; study_10_EOAD_vs_CN; study_11_EOAD_vs_CN; study_2_EOAD_vs_CN; study_3_Soma_EOAD_vs_CN; study_4_EOAD_vs_CN; study_5_EOAD_vs_CN; study_7_EOAD_vs_CN",4,"study_1; study_11; study_4; study_7",0.619610564997801
"SCUBE2",-0.00916091497486445,-0.0420755309583451,0.0237537010086162,-0.728898509332822,0.466063746710559,0,-0.0106166577813736,-0.0297386763227387,0.00496584800720837,5,887,"study_1_EOAD_vs_CN; study_11_EOAD_vs_CN; study_2_EOAD_vs_CN; study_5_EOAD_vs_CN; study_7_EOAD_vs_CN",3,"study_1; study_11; study_7",0.661996018337635
"SBSPON",0.0461105591550321,-0.0671623685596534,0.159383486869718,0.728814985320396,0.466114843758874,0,NA,NA,NA,4,715,"study_1_EOAD_vs_CN; study_11_EOAD_vs_CN; study_2_EOAD_vs_CN; study_5_EOAD_vs_CN",2,"study_1; study_11",0.791715326190114
"NRXN1",-0.0147137991252857,-0.0657690758620074,0.0363414776114361,-0.728539346193612,0.466283492135953,0.765996000477538,-0.014649326158455,-0.0317405147450873,-0.000103125093548513,8,1224,"study_1_EOAD_vs_CN; study_10_EOAD_vs_CN; study_11_EOAD_vs_CN; study_2_EOAD_vs_CN; study_3_Soma_EOAD_vs_CN; study_4_EOAD_vs_CN; study_5_EOAD_vs_CN; study_7_EOAD_vs_CN",4,"study_1; study_11; study_4; study_7",0.619614488706798
"HABP2",-0.0033742014890763,-0.0857863688287755,0.0790379658506229,-0.72688885348691,0.467294045980874,0.800059637005713,0.000140094688147098,-0.0427112318300103,0.0621713490038948,8,1202,"study_1_EOAD_vs_CN; study_10_EOAD_vs_CN; study_11_EOAD_vs_CN; study_2_EOAD_vs_CN; study_3_Soma_EOAD_vs_CN; study_4_EOAD_vs_CN; study_5_EOAD_vs_CN; study_7_EOAD_vs_CN",4,"study_1; study_11; study_4; study_7",0.619911966722102
"MICA",0.122693974957464,-0.235252169374833,0.48064011928976,0.726132174899512,0.467757746285539,0,NA,NA,NA,3,283,"study_11_EOAD_vs_CN; study_3_Olink_EOAD_vs_CN; study_3_Soma_EOAD_vs_CN",2,"study_11; study_3_Soma",0.793220255836966
"IGHG4",-0.104204359983138,-0.26430057305429,0.055891853088014,-0.725389199687024,0.468213296992313,0.738392593790816,-0.0897897965071588,-0.176986982355426,0.107769999497631,8,1230,"study_1_EOAD_vs_CN; study_10_EOAD_vs_CN; study_11_EOAD_vs_CN; study_2_EOAD_vs_CN; study_3_Soma_EOAD_vs_CN; study_4_EOAD_vs_CN; study_5_EOAD_vs_CN; study_7_EOAD_vs_CN",4,"study_1; study_11; study_4; study_7",0.620087526100743
"DNER",-0.00358438065224322,-0.0383841702590759,0.0312154089545894,0.72450592946967,0.46875518823494,0.717962364900606,-0.00308119889573325,-0.0159407739600487,0.0193249338393196,11,1800,"study_1_EOAD_vs_CN; study_10_EOAD_vs_CN; study_11_EOAD_vs_CN; study_2_EOAD_vs_CN; study_3_Olink_EOAD_vs_CN; study_3_Soma_EOAD_vs_CN; study_4_EOAD_vs_CN; study_5_EOAD_vs_CN; study_7_EOAD_vs_CN; study_8_EOAD_vs_CN; study_9_EOAD_vs_CN",5,"study_1; study_11; study_4; study_7; study_8",0.643813265740241
"VWC2",-0.0133929458010133,-0.0598484504912472,0.0330625588892205,-0.724292216682883,0.468886354357854,0.0776890243931807,-0.0141952980483737,-0.0372978477050535,0.000368186392902356,10,1640,"study_1_EOAD_vs_CN; study_11_EOAD_vs_CN; study_2_EOAD_vs_CN; study_3_Olink_EOAD_vs_CN; study_3_Soma_EOAD_vs_CN; study_4_EOAD_vs_CN; study_5_EOAD_vs_CN; study_7_EOAD_vs_CN; study_8_EOAD_vs_CN; study_9_EOAD_vs_CN",5,"study_1; study_11; study_4; study_7; study_8",0.643813265740241
"OMD",0.0279111010721614,-0.0146986287164378,0.0705208308607607,0.723381689262685,0.469445417642898,0.716421179493142,0.0275863127737825,0.0104716731010848,0.038525258514567,11,1790,"study_1_EOAD_vs_CN; study_10_EOAD_vs_CN; study_11_EOAD_vs_CN; study_2_EOAD_vs_CN; study_3_Olink_EOAD_vs_CN; study_3_Soma_EOAD_vs_CN; study_4_EOAD_vs_CN; study_5_EOAD_vs_CN; study_7_EOAD_vs_CN; study_8_EOAD_vs_CN; study_9_EOAD_vs_CN",5,"study_1; study_11; study_4; study_7; study_8",0.643813265740241
"KLK14",-0.0484469832685708,-0.171056913720243,0.0741629471831009,-0.721097602344961,0.470849466125112,0,NA,NA,NA,4,649,"study_3_Olink_EOAD_vs_CN; study_3_Soma_EOAD_vs_CN; study_8_EOAD_vs_CN; study_9_EOAD_vs_CN",2,"study_3_Soma; study_8",0.797173247979188
"MPZL1",-0.0836998713795494,-0.299716815354852,0.132317072595753,-0.720941945860284,0.470945233823207,0.705855807540032,-0.0611651703349372,-0.0910981935750079,-0.0036423808263217,4,415,"study_11_EOAD_vs_CN; study_2_EOAD_vs_CN; study_3_Soma_EOAD_vs_CN; study_7_EOAD_vs_CN",3,"study_11; study_2; study_7",0.667269797799134
"SELENOP",0.0471834277462143,-0.00900691108631275,0.103373766578741,0.719999653805814,0.471525208711162,0.860671608524539,0.0468909780337627,0.0220103149624553,0.0689666609863246,9,1778,"study_1_EOAD_vs_CN; study_10_EOAD_vs_CN; study_11_EOAD_vs_CN; study_2_EOAD_vs_CN; study_4_EOAD_vs_CN; study_5_EOAD_vs_CN; study_7_EOAD_vs_CN; study_8_EOAD_vs_CN; study_9_EOAD_vs_CN",5,"study_1; study_11; study_4; study_7; study_8",0.643813265740241
"IGHV3-43D",0.0595020809862068,-0.0843992258440934,0.203403387816507,0.718561410020279,0.472411197608092,0.896780966757356,NA,NA,NA,2,477,"study_11_EOAD_vs_CN; study_4_EOAD_vs_CN",2,"study_11; study_4",0.798527314666582
"SPINK5",0.0331357029840529,-0.0478340113369941,0.1141054173051,0.715975370467926,0.47400655712817,0.724770963036727,0.0364533448451165,0.0138984829849848,0.0717368076098978,6,888,"study_1_EOAD_vs_CN; study_11_EOAD_vs_CN; study_2_EOAD_vs_CN; study_3_Olink_EOAD_vs_CN; study_4_EOAD_vs_CN; study_5_EOAD_vs_CN",3,"study_1; study_11; study_4",0.667421808503984
"ADARB1",-0.0395982194754828,-0.183948772130815,0.10475233317985,-0.714742419335352,0.474768220974345,0,NA,NA,NA,2,702,"study_1_EOAD_vs_CN; study_11_EOAD_vs_CN",2,"study_1; study_11",0.801219155525143
"EMILIN3",-0.0101899148889275,-0.0724098813682283,0.0520300515903733,-0.713945574948888,0.47526083421867,0,-0.0109419860349171,-0.0217280655121363,-0.00181945167238733,6,923,"study_1_EOAD_vs_CN; study_11_EOAD_vs_CN; study_2_EOAD_vs_CN; study_3_Soma_EOAD_vs_CN; study_5_EOAD_vs_CN; study_7_EOAD_vs_CN",3,"study_1; study_11; study_7",0.667421808503984
"CFP",-0.00160893504566841,-0.0802469056210634,0.0770290355297266,-0.713919886123578,0.475276719846016,0.788223553671431,0.00705661229385992,-0.0479154639136665,0.0574928491808046,6,914,"study_1_EOAD_vs_CN; study_11_EOAD_vs_CN; study_2_EOAD_vs_CN; study_3_Soma_EOAD_vs_CN; study_4_EOAD_vs_CN; study_5_EOAD_vs_CN",3,"study_1; study_11; study_4",0.667421808503984
"IL1RAP",0.0366054463305403,-0.0289384573870988,0.102149350048179,0.713795555618971,0.475353608290912,0.228442974803731,0.0352449215499284,-0.00523679390743003,0.0723826673655598,7,1028,"study_1_EOAD_vs_CN; study_11_EOAD_vs_CN; study_2_EOAD_vs_CN; study_3_Soma_EOAD_vs_CN; study_4_EOAD_vs_CN; study_5_EOAD_vs_CN; study_7_EOAD_vs_CN",4,"study_1; study_11; study_4; study_7",0.627864099053518
"ANTXR1",-0.0191848873310955,-0.0584871216831854,0.0201173470209943,-0.713190346404797,0.475727979091281,0,-0.018543056727872,-0.034340533035162,-0.00327755884031797,5,896,"study_1_EOAD_vs_CN; study_11_EOAD_vs_CN; study_2_EOAD_vs_CN; study_5_EOAD_vs_CN; study_7_EOAD_vs_CN",3,"study_1; study_11; study_7",0.667421808503984
"GALNT13",-0.0118518657035009,-0.0532970685226167,0.0295933371156148,-0.712404436606913,0.476214369007466,0.706202182711237,-0.012593418501689,-0.034987322792558,0.00885748861437159,7,1000,"study_1_EOAD_vs_CN; study_11_EOAD_vs_CN; study_2_EOAD_vs_CN; study_3_Soma_EOAD_vs_CN; study_4_EOAD_vs_CN; study_5_EOAD_vs_CN; study_7_EOAD_vs_CN",4,"study_1; study_11; study_4; study_7",0.627864099053518
"GALNS",-0.017569461331722,-0.0759494883949862,0.0408105657315422,-0.71198260581659,0.476475547251274,0,-0.0174367194893321,-0.0275191069207824,-0.00765518207501736,7,1018,"study_1_EOAD_vs_CN; study_11_EOAD_vs_CN; study_2_EOAD_vs_CN; study_3_Soma_EOAD_vs_CN; study_4_EOAD_vs_CN; study_5_EOAD_vs_CN; study_7_EOAD_vs_CN",4,"study_1; study_11; study_4; study_7",0.627864099053518
"CCL8",-0.0277962228797313,-0.159111897710017,0.103519451950555,-0.711865964117825,0.476547780278755,0,NA,NA,NA,4,649,"study_3_Olink_EOAD_vs_CN; study_3_Soma_EOAD_vs_CN; study_8_EOAD_vs_CN; study_9_EOAD_vs_CN",2,"study_3_Soma; study_8",0.802929378990571
"CPD",0.0142239864620848,-0.0277320249485763,0.056179997872746,0.710511515355564,0.477386992593059,0,0.0153721833728024,0.00862112043410249,0.0200308662233245,7,937,"study_1_EOAD_vs_CN; study_11_EOAD_vs_CN; study_2_EOAD_vs_CN; study_3_Soma_EOAD_vs_CN; study_4_EOAD_vs_CN; study_5_EOAD_vs_CN; study_7_EOAD_vs_CN",4,"study_1; study_11; study_4; study_7",0.628014941841954
"ABCA2",0.00743625020355509,-0.0452957341005398,0.06016823450765,0.71008003584435,0.477654505716784,0.0809961161853009,0.0106435179400366,-0.00492601258857693,0.0385115328038061,5,888,"study_1_EOAD_vs_CN; study_11_EOAD_vs_CN; study_2_EOAD_vs_CN; study_4_EOAD_vs_CN; study_5_EOAD_vs_CN",3,"study_1; study_11; study_4",0.667552390761569
"TIMP4",-0.00748082637839699,-0.0572476049418316,0.0422859521850376,-0.709266290342511,0.478159243119933,0,-0.00683070967948168,-0.0294403685022527,0.00550255720585447,8,1459,"study_1_EOAD_vs_CN; study_11_EOAD_vs_CN; study_2_EOAD_vs_CN; study_3_Olink_EOAD_vs_CN; study_3_Soma_EOAD_vs_CN; study_5_EOAD_vs_CN; study_8_EOAD_vs_CN; study_9_EOAD_vs_CN",3,"study_1; study_11; study_8",0.667552390761569
"PRCP",0.0173856160386598,-0.0327932757854445,0.067564507862764,0.709030274301435,0.478305690001041,0.742595560727488,0.0158008990289439,-0.0226550691971031,0.0384084423519187,11,1853,"study_1_EOAD_vs_CN; study_10_EOAD_vs_CN; study_11_EOAD_vs_CN; study_2_EOAD_vs_CN; study_3_Olink_EOAD_vs_CN; study_3_Soma_EOAD_vs_CN; study_4_EOAD_vs_CN; study_5_EOAD_vs_CN; study_7_EOAD_vs_CN; study_8_EOAD_vs_CN; study_9_EOAD_vs_CN",5,"study_1; study_11; study_4; study_7; study_8",0.648911541211604
"H1-3",0.194261687362483,-0.133256911585188,0.521780286310154,0.707531620173482,0.479236169819477,0.85600034513817,NA,NA,NA,2,460,"study_11_EOAD_vs_CN; study_5_EOAD_vs_CN",2,"study_11; study_5",0.804496993445584
"IGHV3-35",-0.053251151715219,-0.19232739653878,0.0858250931083418,-0.706815228311895,0.479681309811121,0.283814470945389,NA,NA,NA,2,124,"study_2_EOAD_vs_CN; study_7_EOAD_vs_CN",2,"study_2; study_7",0.804496993445584
"FBLN7",-0.0189013995886059,-0.0701061525768766,0.0323033533996647,-0.706348072119941,0.479971705224445,0.67022939080474,-0.0171190219733459,-0.0340825485911397,-0.00792061194433834,7,997,"study_1_EOAD_vs_CN; study_11_EOAD_vs_CN; study_2_EOAD_vs_CN; study_3_Soma_EOAD_vs_CN; study_4_EOAD_vs_CN; study_5_EOAD_vs_CN; study_7_EOAD_vs_CN",4,"study_1; study_11; study_4; study_7",0.630362839528105
"RGN",-0.123595228738615,-0.263685496048775,0.0164950385715441,-0.705969244061374,0.480207264138963,0.956901213024393,NA,NA,NA,4,798,"study_1_EOAD_vs_CN; study_11_EOAD_vs_CN; study_2_EOAD_vs_CN; study_5_EOAD_vs_CN",2,"study_1; study_11",0.804496993445584
"IGKV3D-7",-0.0257756985772807,-0.12841763521968,0.0768662380651187,-0.705420200325393,0.480548776619213,0,NA,NA,NA,2,720,"study_1_EOAD_vs_CN; study_11_EOAD_vs_CN",2,"study_1; study_11",0.804496993445584
"ST6GALNAC5",-0.0128564906889776,-0.0780008504557455,0.0522878690777903,-0.701817297985614,0.482793109744786,0,-0.0137149340289002,-0.0300909801810607,0.00238379948869366,6,880,"study_1_EOAD_vs_CN; study_11_EOAD_vs_CN; study_2_EOAD_vs_CN; study_3_Soma_EOAD_vs_CN; study_5_EOAD_vs_CN; study_7_EOAD_vs_CN",3,"study_1; study_11; study_7",0.671242770609647
"SCARF1",-0.0530842929105549,-0.148510045038495,0.042341459217385,-0.700012138514561,0.483919723880519,0.407837123984262,-0.0482819534412489,-0.0792996769006967,0.0110346170742812,7,1284,"study_1_EOAD_vs_CN; study_11_EOAD_vs_CN; study_2_EOAD_vs_CN; study_3_Olink_EOAD_vs_CN; study_3_Soma_EOAD_vs_CN; study_8_EOAD_vs_CN; study_9_EOAD_vs_CN",3,"study_1; study_11; study_8",0.671242770609647
"COX16",0.0100768603060446,-0.0373975837017123,0.0575513043138015,0.699356469882006,0.484329284572985,0,0.00891912037886698,-0.00391702730865224,0.0188819617054482,4,869,"study_1_EOAD_vs_CN; study_11_EOAD_vs_CN; study_5_EOAD_vs_CN; study_7_EOAD_vs_CN",3,"study_1; study_11; study_7",0.671242770609647
"C1QTNF3",-0.00983627479064472,-0.103447731875441,0.0837751822941521,-0.694876567858308,0.487132658521948,0.199557356902127,-0.0120026379264954,-0.0562399838001855,0.0253797007529004,8,1161,"study_1_EOAD_vs_CN; study_10_EOAD_vs_CN; study_11_EOAD_vs_CN; study_2_EOAD_vs_CN; study_3_Soma_EOAD_vs_CN; study_4_EOAD_vs_CN; study_5_EOAD_vs_CN; study_7_EOAD_vs_CN",4,"study_1; study_11; study_4; study_7",0.638703053103652
"LGI3",0.0383989826383936,-0.0646493985105168,0.141447363787304,0.692677710076142,0.488511830384175,0,NA,NA,NA,2,388,"study_11_EOAD_vs_CN; study_2_EOAD_vs_CN",2,"study_11; study_2",0.811828861594653
"ST8SIA4",-0.0296194330633118,-0.122336226958992,0.0630973608323684,-0.69265782111812,0.488524314773815,0,NA,NA,NA,4,491,"study_11_EOAD_vs_CN; study_2_EOAD_vs_CN; study_3_Soma_EOAD_vs_CN; study_5_EOAD_vs_CN",2,"study_11; study_2",0.811828861594653
"HNRNPK",-0.00508186278705417,-0.382862805734841,0.372699080160733,-0.69212902745809,0.488856304031959,0.331883383626884,NA,NA,NA,4,508,"study_1_EOAD_vs_CN; study_11_EOAD_vs_CN; study_2_EOAD_vs_CN; study_3_Soma_EOAD_vs_CN",2,"study_1; study_11",0.811828861594653
"CFD",0.0243013029105701,-0.0395866987100709,0.0881893045312112,0.692117197574796,0.488863732504506,0.689207398035459,0.0263280481489687,-0.0013667846430783,0.0393999518801834,8,1230,"study_1_EOAD_vs_CN; study_10_EOAD_vs_CN; study_11_EOAD_vs_CN; study_2_EOAD_vs_CN; study_3_Soma_EOAD_vs_CN; study_4_EOAD_vs_CN; study_5_EOAD_vs_CN; study_7_EOAD_vs_CN",4,"study_1; study_11; study_4; study_7",0.638949105127794
"SERPINA10",0.00442212191379156,-0.073875257390509,0.0827195012180922,-0.691992532961582,0.488942018264035,0.532053130204024,0.00685884004676593,-0.0253720702391449,0.0508959472587114,7,1030,"study_1_EOAD_vs_CN; study_11_EOAD_vs_CN; study_2_EOAD_vs_CN; study_3_Soma_EOAD_vs_CN; study_4_EOAD_vs_CN; study_5_EOAD_vs_CN; study_7_EOAD_vs_CN",4,"study_1; study_11; study_4; study_7",0.638949105127794
"TIMP3",0.00590365216134979,-0.0658415494799932,0.0776488538026928,0.690801236187877,0.489690458614868,0.443173907927943,NA,NA,NA,5,777,"study_1_EOAD_vs_CN; study_11_EOAD_vs_CN; study_2_EOAD_vs_CN; study_3_Soma_EOAD_vs_CN; study_5_EOAD_vs_CN",2,"study_1; study_11",0.811828861594653
"DNM1",-0.0345465322929528,-0.1075752505494,0.0384821859634949,0.690799088176598,0.489691808674337,0.957629227097485,NA,NA,NA,5,837,"study_1_EOAD_vs_CN; study_11_EOAD_vs_CN; study_2_EOAD_vs_CN; study_3_Soma_EOAD_vs_CN; study_5_EOAD_vs_CN",2,"study_1; study_11",0.811828861594653
"HMOX1",0.0429654649695666,-0.0754040591389465,0.16133498907808,0.690494620589897,0.489883191690532,0,NA,NA,NA,4,648,"study_3_Olink_EOAD_vs_CN; study_3_Soma_EOAD_vs_CN; study_8_EOAD_vs_CN; study_9_EOAD_vs_CN",2,"study_3_Soma; study_8",0.811828861594653
"IGHV3-20",-0.0173249934785641,-0.172681722385715,0.138031735428587,-0.689750933533573,0.490350829570053,0.736211343738374,NA,NA,NA,3,782,"study_1_EOAD_vs_CN; study_11_EOAD_vs_CN; study_5_EOAD_vs_CN",2,"study_1; study_11",0.811828861594653
"SPARCL1",-0.0262454676411639,-0.0690464272009819,0.0165554919186541,-0.687325169818547,0.491877841139735,0.757573164631595,-0.0254631401562686,-0.05662425164087,0.0065716636500962,11,1853,"study_1_EOAD_vs_CN; study_10_EOAD_vs_CN; study_11_EOAD_vs_CN; study_2_EOAD_vs_CN; study_3_Olink_EOAD_vs_CN; study_3_Soma_EOAD_vs_CN; study_4_EOAD_vs_CN; study_5_EOAD_vs_CN; study_7_EOAD_vs_CN; study_8_EOAD_vs_CN; study_9_EOAD_vs_CN",5,"study_1; study_11; study_4; study_7; study_8",0.663101140270655
"ITFG1",-0.0402728293649941,-0.202284643766448,0.12173898503646,-0.685558018646355,0.492991862471479,0,NA,NA,NA,2,280,"study_11_EOAD_vs_CN; study_2_EOAD_vs_CN",2,"study_11; study_2",0.814823351275255
"NECAP1",-0.169350902082452,-0.461035201790372,0.122333397625467,-0.684412807879743,0.4937145305914,0.955618797680653,NA,NA,NA,2,298,"study_11_EOAD_vs_CN; study_2_EOAD_vs_CN",2,"study_11; study_2",0.814823351275255
"LYN",-0.0325500770739852,-0.0868894360405628,0.0217892818925925,-0.682139546648793,0.495150716365551,0.774948622616596,NA,NA,NA,4,649,"study_3_Olink_EOAD_vs_CN; study_3_Soma_EOAD_vs_CN; study_8_EOAD_vs_CN; study_9_EOAD_vs_CN",2,"study_3_Soma; study_8",0.815908727596066
"THAP4",-0.0537012107492027,-0.254673736786508,0.147271315288102,-0.680860393958465,0.495959831062426,0,NA,NA,NA,2,143,"study_3_Soma_EOAD_vs_CN; study_7_EOAD_vs_CN",2,"study_3_Soma; study_7",0.815959031324053
"C8B",0.00991647342800136,-0.0774062827074421,0.0972392295634448,-0.680065027758582,0.496463287163163,0.65081598165298,0.0107804300257844,-0.0342846680166308,0.0788456353053191,7,1152,"study_1_EOAD_vs_CN; study_10_EOAD_vs_CN; study_11_EOAD_vs_CN; study_2_EOAD_vs_CN; study_4_EOAD_vs_CN; study_5_EOAD_vs_CN; study_7_EOAD_vs_CN",4,"study_1; study_11; study_4; study_7",0.647703758749292
"TAFA2",-0.0506931372472577,-0.140319082305106,0.0389328078105905,-0.678981691468506,0.497149462603429,0.784553479585351,NA,NA,NA,4,782,"study_1_EOAD_vs_CN; study_11_EOAD_vs_CN; study_2_EOAD_vs_CN; study_5_EOAD_vs_CN",2,"study_1; study_11",0.816634226972403
"SEMA4B",0.00751676152851464,-0.0178848435280302,0.0329183665850595,0.676512908398332,0.498715053236097,0,0.00704369692751714,0.00233991825818828,0.0107414886287063,8,1212,"study_1_EOAD_vs_CN; study_10_EOAD_vs_CN; study_11_EOAD_vs_CN; study_2_EOAD_vs_CN; study_3_Soma_EOAD_vs_CN; study_4_EOAD_vs_CN; study_5_EOAD_vs_CN; study_7_EOAD_vs_CN",4,"study_1; study_11; study_4; study_7",0.649566052809991
"C2",0.000850448951054759,-0.0660120064972687,0.0677129043993782,-0.676265208874417,0.498872277619885,0.712893576728523,0.00362189432991387,-0.01989587875393,0.0440613666763525,8,1129,"study_1_EOAD_vs_CN; study_10_EOAD_vs_CN; study_11_EOAD_vs_CN; study_2_EOAD_vs_CN; study_3_Olink_EOAD_vs_CN; study_3_Soma_EOAD_vs_CN; study_4_EOAD_vs_CN; study_5_EOAD_vs_CN",3,"study_1; study_11; study_4",0.689724141697226
"CCL28",0.02676686343171,-0.046896628345482,0.100430355208902,0.675164153431631,0.499571478404814,0.856064387767111,NA,NA,NA,4,649,"study_3_Olink_EOAD_vs_CN; study_3_Soma_EOAD_vs_CN; study_8_EOAD_vs_CN; study_9_EOAD_vs_CN",2,"study_3_Soma; study_8",0.817961478325619
"PCSK9",-0.0191133248088152,-0.0679647106693668,0.0297380610517363,-0.67513980033177,0.499586949178838,0.448389724805939,-0.0190020614800034,-0.0299796608533725,-0.0118477936004577,10,1639,"study_1_EOAD_vs_CN; study_11_EOAD_vs_CN; study_2_EOAD_vs_CN; study_3_Olink_EOAD_vs_CN; study_3_Soma_EOAD_vs_CN; study_4_EOAD_vs_CN; study_5_EOAD_vs_CN; study_7_EOAD_vs_CN; study_8_EOAD_vs_CN; study_9_EOAD_vs_CN",5,"study_1; study_11; study_4; study_7; study_8",0.666173352454464
"NME3",-0.0172988776589379,-0.0732623832707823,0.0386646279529065,-0.674585657399813,0.499939047846569,0,NA,NA,NA,4,789,"study_1_EOAD_vs_CN; study_11_EOAD_vs_CN; study_2_EOAD_vs_CN; study_5_EOAD_vs_CN",2,"study_1; study_11",0.817961478325619
"CLTC",0.233421507186363,-0.272512951458447,0.739355965831173,0.674019435104997,0.500298957640002,0.834790752044197,NA,NA,NA,3,317,"study_11_EOAD_vs_CN; study_2_EOAD_vs_CN; study_5_EOAD_vs_CN",2,"study_11; study_2",0.817961478325619
"CTSZ",-0.00373744145351794,-0.0444381594283171,0.0369632765212812,-0.672161536600895,0.501480864574295,0.641807390731021,-0.00467546241085689,-0.0309978908805199,0.020306145959038,11,1850,"study_1_EOAD_vs_CN; study_10_EOAD_vs_CN; study_11_EOAD_vs_CN; study_2_EOAD_vs_CN; study_3_Olink_EOAD_vs_CN; study_3_Soma_EOAD_vs_CN; study_4_EOAD_vs_CN; study_5_EOAD_vs_CN; study_7_EOAD_vs_CN; study_8_EOAD_vs_CN; study_9_EOAD_vs_CN",5,"study_1; study_11; study_4; study_7; study_8",0.666173352454464
"IL16",0.0308970057299455,-0.0609234672609531,0.122717478720844,0.670347101099688,0.502636547899311,0,NA,NA,NA,4,648,"study_3_Olink_EOAD_vs_CN; study_3_Soma_EOAD_vs_CN; study_8_EOAD_vs_CN; study_9_EOAD_vs_CN",2,"study_3_Soma; study_8",0.820503274452458
"CPN2",0.0094798547744007,-0.0756052710611018,0.0945649806099032,-0.670062687821621,0.502817829156089,0.728989348498578,0.0132865213245269,-0.0364849860353146,0.0670210991549034,8,1230,"study_1_EOAD_vs_CN; study_10_EOAD_vs_CN; study_11_EOAD_vs_CN; study_2_EOAD_vs_CN; study_3_Soma_EOAD_vs_CN; study_4_EOAD_vs_CN; study_5_EOAD_vs_CN; study_7_EOAD_vs_CN",4,"study_1; study_11; study_4; study_7",0.653050345504965
"IGFBP4",-0.0142427799980952,-0.0484874881463664,0.020001928150176,-0.669702175449447,0.50304766462121,0.269867801328484,-0.0153062457789746,-0.0302302652824957,-0.00654789388548393,8,1212,"study_1_EOAD_vs_CN; study_10_EOAD_vs_CN; study_11_EOAD_vs_CN; study_2_EOAD_vs_CN; study_3_Soma_EOAD_vs_CN; study_4_EOAD_vs_CN; study_5_EOAD_vs_CN; study_7_EOAD_vs_CN",4,"study_1; study_11; study_4; study_7",0.653050345504965
"PPP2CA",0.0244367460716414,-0.0566042019179054,0.105477694061188,0.668756459787041,0.503650845214103,0.37148037861587,NA,NA,NA,4,829,"study_1_EOAD_vs_CN; study_2_EOAD_vs_CN; study_8_EOAD_vs_CN; study_9_EOAD_vs_CN",2,"study_1; study_8",0.820556286481458
"SLC39A14",-0.00663879335239373,-0.151539740033868,0.138262153329081,0.66784119120105,0.504234969937079,0.737272992014473,NA,NA,NA,4,699,"study_1_EOAD_vs_CN; study_11_EOAD_vs_CN; study_2_EOAD_vs_CN; study_5_EOAD_vs_CN",2,"study_1; study_11",0.820556286481458
"LIPA",-0.0113202477395238,-0.0811649618809508,0.0585244664019032,-0.666381297557578,0.505167413620888,0.44865141560997,-0.0141103505247322,-0.0313532639110126,0.00332534374103427,6,964,"study_1_EOAD_vs_CN; study_11_EOAD_vs_CN; study_2_EOAD_vs_CN; study_4_EOAD_vs_CN; study_5_EOAD_vs_CN; study_7_EOAD_vs_CN",4,"study_1; study_11; study_4; study_7",0.654723555811282
"EMCN",-0.0323262070377695,-0.133045422459879,0.0683930083843397,-0.664522181208253,0.506356157103398,0,NA,NA,NA,2,343,"study_11_EOAD_vs_CN; study_2_EOAD_vs_CN",2,"study_11; study_2",0.822730624254824
"ADGRG6",-0.0504277540820294,-0.226044881475302,0.125189373311243,-0.663628356338263,0.50692820373313,0,-0.0414360691310252,-0.0525446636702005,-0.0192291764443133,3,418,"study_11_EOAD_vs_CN; study_2_EOAD_vs_CN; study_7_EOAD_vs_CN",3,"study_11; study_2; study_7",0.699169092588447
"PAMR1",0.0128728481575756,-0.0373697429235567,0.0631154392387078,0.663423908690875,0.507059097639735,0.225982365216588,0.0133149399360779,-0.00532746512284692,0.0358189156283167,9,1552,"study_1_EOAD_vs_CN; study_11_EOAD_vs_CN; study_2_EOAD_vs_CN; study_3_Olink_EOAD_vs_CN; study_4_EOAD_vs_CN; study_5_EOAD_vs_CN; study_7_EOAD_vs_CN; study_8_EOAD_vs_CN; study_9_EOAD_vs_CN",5,"study_1; study_11; study_4; study_7; study_8",0.666173352454464
"VCAN",0.0176591012341871,-0.0169573497374808,0.052275552205855,0.662878797567186,0.507408181943953,0,0.0179922838707206,-5.11752852885485e-05,0.0288439942140235,10,1825,"study_1_EOAD_vs_CN; study_10_EOAD_vs_CN; study_11_EOAD_vs_CN; study_2_EOAD_vs_CN; study_3_Olink_EOAD_vs_CN; study_4_EOAD_vs_CN; study_5_EOAD_vs_CN; study_7_EOAD_vs_CN; study_8_EOAD_vs_CN; study_9_EOAD_vs_CN",5,"study_1; study_11; study_4; study_7; study_8",0.666173352454464
"MERTK",-0.0109572682243145,-0.0425861588531715,0.0206716224045425,-0.660722081979732,0.508790559841525,0.381102209319167,-0.0121468823673667,-0.0226629537800761,0.00239726210048925,9,1548,"study_1_EOAD_vs_CN; study_11_EOAD_vs_CN; study_2_EOAD_vs_CN; study_3_Olink_EOAD_vs_CN; study_3_Soma_EOAD_vs_CN; study_5_EOAD_vs_CN; study_7_EOAD_vs_CN; study_8_EOAD_vs_CN; study_9_EOAD_vs_CN",4,"study_1; study_11; study_7; study_8",0.658336553620889
"CNTNAP3",-0.032477957851394,-0.124985096304502,0.0600291806017142,-0.660341958764922,0.509034409728501,0,NA,NA,NA,3,742,"study_1_EOAD_vs_CN; study_11_EOAD_vs_CN; study_2_EOAD_vs_CN",2,"study_1; study_11",0.824703525863646
"GZMB",-0.027871436401388,-0.11083070890501,0.0550878361022343,-0.660170755650699,0.509144256902461,0,NA,NA,NA,3,622,"study_3_Olink_EOAD_vs_CN; study_8_EOAD_vs_CN; study_9_EOAD_vs_CN",2,"study_3_Olink; study_8",0.824703525863646
"VWF",0.00398458142001884,-0.0317296704258753,0.0396988332659129,-0.659157506090526,0.509794631221022,0.624213729392437,0.00429494139481883,-0.0291737816137022,0.0218078250282294,10,1648,"study_1_EOAD_vs_CN; study_11_EOAD_vs_CN; study_2_EOAD_vs_CN; study_3_Olink_EOAD_vs_CN; study_3_Soma_EOAD_vs_CN; study_4_EOAD_vs_CN; study_5_EOAD_vs_CN; study_7_EOAD_vs_CN; study_8_EOAD_vs_CN; study_9_EOAD_vs_CN",5,"study_1; study_11; study_4; study_7; study_8",0.666173352454464
"H2BC26",0.0439601318764411,-0.223234573422868,0.31115483717575,0.657254377115336,0.511017366513004,0.229834242638667,NA,NA,NA,2,97,"study_3_Soma_EOAD_vs_CN; study_7_EOAD_vs_CN",2,"study_3_Soma; study_7",0.825366499186789
"TAGLN2",0.0354275463053854,-0.0359514627824205,0.106806555393191,0.657101136789015,0.511115888012562,0.269908108821824,0.0316427511262034,-0.00452221735990199,0.0585182139641247,6,864,"study_1_EOAD_vs_CN; study_11_EOAD_vs_CN; study_2_EOAD_vs_CN; study_3_Soma_EOAD_vs_CN; study_5_EOAD_vs_CN; study_7_EOAD_vs_CN",3,"study_1; study_11; study_7",0.702642406028949
"AP2A1",0.0200809809635847,-0.0761767323236661,0.116338694250836,0.657067544298868,0.511137486672363,0,NA,NA,NA,4,757,"study_1_EOAD_vs_CN; study_11_EOAD_vs_CN; study_2_EOAD_vs_CN; study_5_EOAD_vs_CN",2,"study_1; study_11",0.825366499186789
"CREG1",-0.0181319232088222,-0.073238577626609,0.0369747312089646,-0.655870264108769,0.511907602290793,0,-0.0234622000263187,-0.0552957357454207,-0.00441700584515536,6,810,"study_1_EOAD_vs_CN; study_11_EOAD_vs_CN; study_2_EOAD_vs_CN; study_3_Soma_EOAD_vs_CN; study_4_EOAD_vs_CN; study_5_EOAD_vs_CN",3,"study_1; study_11; study_4",0.702642406028949
"EHBP1L1",-0.0766497424662249,-0.298364583892627,0.145065098960177,-0.65514549139836,0.512374085230503,0,NA,NA,NA,2,378,"study_11_EOAD_vs_CN; study_2_EOAD_vs_CN",2,"study_11; study_2",0.825366499186789
"C6",0.0650537548668612,-0.0178403716301699,0.147947881363892,0.654915141482371,0.512522390949935,0.846910792114513,0.0675160160554266,0.0201028943138864,0.128143845047836,8,1231,"study_1_EOAD_vs_CN; study_10_EOAD_vs_CN; study_11_EOAD_vs_CN; study_2_EOAD_vs_CN; study_3_Soma_EOAD_vs_CN; study_4_EOAD_vs_CN; study_5_EOAD_vs_CN; study_7_EOAD_vs_CN",4,"study_1; study_11; study_4; study_7",0.662078105030408
"MGAT4B",0.00496434609083767,-0.146207280104909,0.156135972286584,-0.654620321261794,0.512712237099128,0.485427179575538,NA,NA,NA,4,617,"study_1_EOAD_vs_CN; study_11_EOAD_vs_CN; study_3_Soma_EOAD_vs_CN; study_5_EOAD_vs_CN",2,"study_1; study_11",0.825366499186789
"BTN3A2",0.0327209588381124,-0.0534594991549779,0.118901416831203,0.653793934604266,0.513244574723508,0.626258358350762,0.0314762912227695,0.0102629460009176,0.0445202205377162,6,1017,"study_11_EOAD_vs_CN; study_2_EOAD_vs_CN; study_3_Olink_EOAD_vs_CN; study_3_Soma_EOAD_vs_CN; study_8_EOAD_vs_CN; study_9_EOAD_vs_CN",3,"study_11; study_2; study_8",0.702788134693341
"MANBA",-0.00950063791796354,-0.0441286514091619,0.0251273755732349,-0.653357987724198,0.513525516732835,0.365420104404336,-0.010073860525186,-0.0177820836973884,0.000966049730839203,7,1037,"study_1_EOAD_vs_CN; study_11_EOAD_vs_CN; study_2_EOAD_vs_CN; study_3_Soma_EOAD_vs_CN; study_4_EOAD_vs_CN; study_5_EOAD_vs_CN; study_7_EOAD_vs_CN",4,"study_1; study_11; study_4; study_7",0.662288227799466
"CHST3",0.0225950778048685,-0.0376187419104004,0.0828088975201375,0.650833472839366,0.515153990103356,0,NA,NA,NA,4,785,"study_1_EOAD_vs_CN; study_11_EOAD_vs_CN; study_2_EOAD_vs_CN; study_5_EOAD_vs_CN",2,"study_1; study_11",0.825366499186789
"PACSIN1",0.0249051341943333,-0.244303319875976,0.294113588264643,0.6500182377441,0.515680441107063,0.732440646240443,NA,NA,NA,2,235,"study_11_EOAD_vs_CN; study_2_EOAD_vs_CN",2,"study_11; study_2",0.825366499186789
"TLR3",0.0409127952692777,-0.0648964676191317,0.146722058157687,0.649675583190487,0.515901799029138,0.0123202297607082,NA,NA,NA,5,677,"study_2_EOAD_vs_CN; study_3_Olink_EOAD_vs_CN; study_3_Soma_EOAD_vs_CN; study_8_EOAD_vs_CN; study_9_EOAD_vs_CN",2,"study_2; study_8",0.825366499186789
"CP",0.0120750905477559,-0.0607408033813065,0.0848909844768183,-0.649104106669163,0.516271087629806,0.877486058080644,0.017523913416268,-0.0286471691987477,0.0967522872361057,6,1083,"study_1_EOAD_vs_CN; study_10_EOAD_vs_CN; study_11_EOAD_vs_CN; study_2_EOAD_vs_CN; study_4_EOAD_vs_CN; study_5_EOAD_vs_CN",3,"study_1; study_11; study_4",0.704988258247972
"EPHA6",0.024624848192613,-0.0240967347557078,0.0733464311409337,0.648653384150116,0.516562441542312,0.624798342565042,NA,NA,NA,5,837,"study_1_EOAD_vs_CN; study_11_EOAD_vs_CN; study_2_EOAD_vs_CN; study_3_Soma_EOAD_vs_CN; study_5_EOAD_vs_CN",2,"study_1; study_11",0.825366499186789
"PPBP",-0.0263424037188939,-0.124797336324146,0.0721125288863581,-0.647981774694307,0.516996738180693,0,NA,NA,NA,5,812,"study_1_EOAD_vs_CN; study_11_EOAD_vs_CN; study_2_EOAD_vs_CN; study_3_Soma_EOAD_vs_CN; study_5_EOAD_vs_CN",2,"study_1; study_11",0.825366499186789
"FOLR2",-0.0222793516771197,-0.0707857148628001,0.0262270115085607,-0.647710207090392,0.517172401207874,0,-0.022855498356839,-0.041707189399975,-0.0133376403089814,9,1210,"study_1_EOAD_vs_CN; study_10_EOAD_vs_CN; study_11_EOAD_vs_CN; study_2_EOAD_vs_CN; study_3_Olink_EOAD_vs_CN; study_3_Soma_EOAD_vs_CN; study_4_EOAD_vs_CN; study_5_EOAD_vs_CN; study_7_EOAD_vs_CN",4,"study_1; study_11; study_4; study_7",0.665901719202295
"GP1BA",-0.0248624924542746,-0.119992344572698,0.0702673596641484,-0.647481087519554,0.517320630833451,0,-0.0249287006718409,-0.0488024440346219,-0.00734044054296821,7,1341,"study_1_EOAD_vs_CN; study_11_EOAD_vs_CN; study_2_EOAD_vs_CN; study_3_Olink_EOAD_vs_CN; study_5_EOAD_vs_CN; study_8_EOAD_vs_CN; study_9_EOAD_vs_CN",3,"study_1; study_11; study_8",0.704988258247972
"PCOLCE2",-0.0812214450816661,-0.292806567562559,0.130363677399227,-0.646184324976928,0.518159989759515,0,NA,NA,NA,2,281,"study_11_EOAD_vs_CN; study_3_Soma_EOAD_vs_CN",2,"study_11; study_3_Soma",0.825366499186789
"EDIL3",0.0251160827033604,-0.0443217866037874,0.0945539520105082,0.646126436003402,0.518197476121479,0.69926906374449,0.0244948721519878,-0.0184570438806122,0.0650185485877865,9,1517,"study_1_EOAD_vs_CN; study_11_EOAD_vs_CN; study_2_EOAD_vs_CN; study_3_Olink_EOAD_vs_CN; study_3_Soma_EOAD_vs_CN; study_5_EOAD_vs_CN; study_7_EOAD_vs_CN; study_8_EOAD_vs_CN; study_9_EOAD_vs_CN",4,"study_1; study_11; study_7; study_8",0.666133134068068
"GPC5",-0.002004015579743,-0.0921986344780734,0.0881906033185874,-0.646063627368931,0.518238149826195,0.40101156107044,NA,NA,NA,6,796,"study_1_EOAD_vs_CN; study_11_EOAD_vs_CN; study_2_EOAD_vs_CN; study_3_Olink_EOAD_vs_CN; study_3_Soma_EOAD_vs_CN; study_5_EOAD_vs_CN",2,"study_1; study_11",0.825366499186789
"CANX",-0.00862554912379846,-0.0553902393666283,0.0381391411190314,-0.644664119566744,0.519144873023883,0,-0.00800578569766459,-0.0164348233142971,0.0011515488635654,7,1110,"study_1_EOAD_vs_CN; study_10_EOAD_vs_CN; study_11_EOAD_vs_CN; study_2_EOAD_vs_CN; study_4_EOAD_vs_CN; study_5_EOAD_vs_CN; study_7_EOAD_vs_CN",4,"study_1; study_11; study_4; study_7",0.6662641041414
"MMP19",0.0564334202024338,-0.133423619149247,0.246290459554114,0.642060563802292,0.520833860196099,0,NA,NA,NA,3,384,"study_11_EOAD_vs_CN; study_3_Soma_EOAD_vs_CN; study_5_EOAD_vs_CN",2,"study_11; study_5",0.825366499186789
"ALDH9A1",0.0699022342551158,-0.146262150821657,0.286066619331888,0.641597665082011,0.521134449417431,0,NA,NA,NA,2,327,"study_11_EOAD_vs_CN; study_2_EOAD_vs_CN",2,"study_11; study_2",0.825366499186789
"PALM",0.0107319735835327,-0.0648076870302437,0.0862716341973091,0.640542295351346,0.521820101067743,0.506678740487789,0.00963262892337691,-0.0451192056175127,0.0573982082859516,5,807,"study_1_EOAD_vs_CN; study_11_EOAD_vs_CN; study_2_EOAD_vs_CN; study_5_EOAD_vs_CN; study_7_EOAD_vs_CN",3,"study_1; study_11; study_7",0.709279588469619
"CCN5",-0.0335309059364452,-0.12184613709379,0.0547843252209,-0.640399445967576,0.521912942962831,0,NA,NA,NA,4,716,"study_1_EOAD_vs_CN; study_11_EOAD_vs_CN; study_3_Soma_EOAD_vs_CN; study_5_EOAD_vs_CN",2,"study_1; study_11",0.825366499186789
"LMAN2",-0.00963789754524197,-0.0403384208058512,0.0210626257153672,-0.639325534830552,0.522611180354146,0,-0.00889924045678207,-0.0166151953636033,0.00265932365554865,8,1222,"study_1_EOAD_vs_CN; study_10_EOAD_vs_CN; study_11_EOAD_vs_CN; study_2_EOAD_vs_CN; study_3_Soma_EOAD_vs_CN; study_4_EOAD_vs_CN; study_5_EOAD_vs_CN; study_7_EOAD_vs_CN",4,"study_1; study_11; study_4; study_7",0.669622130274906
"OLFM2",0.0216118921519156,-0.0174644128478695,0.0606881971517006,0.638798610590523,0.522953952269194,0.525580586095619,0.0224960581697409,0.00793909512647782,0.0463708965925259,6,893,"study_1_EOAD_vs_CN; study_11_EOAD_vs_CN; study_2_EOAD_vs_CN; study_3_Soma_EOAD_vs_CN; study_4_EOAD_vs_CN; study_5_EOAD_vs_CN",3,"study_1; study_11; study_4",0.709279588469619
"AARS1",0.0308795884283278,-0.138490216618209,0.200249393474864,0.63773176975052,0.523648301096373,0,NA,NA,NA,4,557,"study_1_EOAD_vs_CN; study_11_EOAD_vs_CN; study_2_EOAD_vs_CN; study_3_Soma_EOAD_vs_CN",2,"study_1; study_11",0.825366499186789
"CST6",0.0243764717007065,-0.0247773191429587,0.0735302625443717,0.637307281750039,0.523924708757204,0.61543715325203,0.0245110324320483,0.0168538432809246,0.0336132257806846,10,1641,"study_1_EOAD_vs_CN; study_11_EOAD_vs_CN; study_2_EOAD_vs_CN; study_3_Olink_EOAD_vs_CN; study_3_Soma_EOAD_vs_CN; study_4_EOAD_vs_CN; study_5_EOAD_vs_CN; study_7_EOAD_vs_CN; study_8_EOAD_vs_CN; study_9_EOAD_vs_CN",5,"study_1; study_11; study_4; study_7; study_8",0.675057285223192
"MENT",0.0287037635783398,-0.0231128279120391,0.0805203550687186,0.636509357282252,0.52444448398762,0.771678950111135,0.0281089336210637,0.000825961282171812,0.0602822607464591,6,917,"study_1_EOAD_vs_CN; study_11_EOAD_vs_CN; study_2_EOAD_vs_CN; study_3_Soma_EOAD_vs_CN; study_5_EOAD_vs_CN; study_7_EOAD_vs_CN",3,"study_1; study_11; study_7",0.709615640656235
"PTPRU",0.0238633373234233,-0.0337368212501327,0.0814634958969793,-0.635379346363297,0.525181035061916,0.947475546529474,NA,NA,NA,5,826,"study_1_EOAD_vs_CN; study_11_EOAD_vs_CN; study_2_EOAD_vs_CN; study_3_Soma_EOAD_vs_CN; study_5_EOAD_vs_CN",2,"study_1; study_11",0.825366499186789
"FHL1",0.0265706615233202,-0.0845397259368894,0.13768104898353,0.635220645155052,0.525284520286547,0,NA,NA,NA,4,716,"study_1_EOAD_vs_CN; study_11_EOAD_vs_CN; study_2_EOAD_vs_CN; study_5_EOAD_vs_CN",2,"study_1; study_11",0.825366499186789
"RPN1",0.087481182255615,-0.168872391530705,0.343834756041935,0.635110812987094,0.525356145299091,0,NA,NA,NA,3,367,"study_11_EOAD_vs_CN; study_2_EOAD_vs_CN; study_3_Soma_EOAD_vs_CN",2,"study_11; study_2",0.825366499186789
"SNX3",-0.0144752445291273,-0.374797210667123,0.345846721608868,-0.635087023800203,0.525371659634699,0.785465309313601,NA,NA,NA,2,241,"study_11_EOAD_vs_CN; study_3_Soma_EOAD_vs_CN",2,"study_11; study_3_Soma",0.825366499186789
"MFGE8",-0.00166137004756169,-0.0548963131572657,0.0515735730621424,0.634674400813694,0.525640792772746,0.814296332916029,-0.00157497248867348,-0.023313545769015,0.0276170705711433,11,1799,"study_1_EOAD_vs_CN; study_10_EOAD_vs_CN; study_11_EOAD_vs_CN; study_2_EOAD_vs_CN; study_3_Olink_EOAD_vs_CN; study_3_Soma_EOAD_vs_CN; study_4_EOAD_vs_CN; study_5_EOAD_vs_CN; study_7_EOAD_vs_CN; study_8_EOAD_vs_CN; study_9_EOAD_vs_CN",5,"study_1; study_11; study_4; study_7; study_8",0.675057285223192
"ALPL",0.126389705823855,-0.147741648169881,0.400521059817592,0.634229506170286,0.525931054057582,0.911602363798062,NA,NA,NA,3,297,"study_11_EOAD_vs_CN; study_2_EOAD_vs_CN; study_3_Soma_EOAD_vs_CN",2,"study_11; study_2",0.825366499186789
"LAMA4",0.0290650268322353,-0.0170711263676064,0.0752011800320771,0.633969108021517,0.526100982849999,0.540582618719474,0.028940509336462,-0.00279451390823109,0.0551412310727371,9,1544,"study_1_EOAD_vs_CN; study_11_EOAD_vs_CN; study_2_EOAD_vs_CN; study_3_Olink_EOAD_vs_CN; study_4_EOAD_vs_CN; study_5_EOAD_vs_CN; study_7_EOAD_vs_CN; study_8_EOAD_vs_CN; study_9_EOAD_vs_CN",5,"study_1; study_11; study_4; study_7; study_8",0.675057285223192
"CNPY2",-0.00186797686156846,-0.090564542431106,0.0868285887079691,-0.633481618307597,0.526419180876571,0.56163499089981,NA,NA,NA,3,700,"study_1_EOAD_vs_CN; study_11_EOAD_vs_CN; study_5_EOAD_vs_CN",2,"study_1; study_11",0.825366499186789
"CD48",0.0352695459843583,-0.0661902534704161,0.136729345439133,0.63266275312664,0.526953898013221,0,NA,NA,NA,5,671,"study_2_EOAD_vs_CN; study_3_Olink_EOAD_vs_CN; study_3_Soma_EOAD_vs_CN; study_8_EOAD_vs_CN; study_9_EOAD_vs_CN",2,"study_2; study_8",0.825366499186789
"VMO1",-0.0357989500248775,-0.172860613223966,0.101262713174211,-0.631924794793763,0.527436020541086,0,-0.0348716673818366,-0.0442333423083803,-0.0246547742211407,6,817,"study_1_EOAD_vs_CN; study_11_EOAD_vs_CN; study_2_EOAD_vs_CN; study_3_Olink_EOAD_vs_CN; study_5_EOAD_vs_CN; study_7_EOAD_vs_CN",3,"study_1; study_11; study_7",0.71063359192556
"HLA-B",-0.0187505260839078,-0.139552332440793,0.102051280272978,-0.631570583131272,0.527667513793081,0,NA,NA,NA,4,810,"study_1_EOAD_vs_CN; study_11_EOAD_vs_CN; study_2_EOAD_vs_CN; study_5_EOAD_vs_CN",2,"study_1; study_11",0.825366499186789
"SDC2",0.0233037575420561,-0.0307456550832529,0.0773531701673651,0.631542469359701,0.527685889625985,0.40389294274176,0.0212390656938339,0.00911582825205392,0.0318419024281637,5,810,"study_1_EOAD_vs_CN; study_11_EOAD_vs_CN; study_2_EOAD_vs_CN; study_5_EOAD_vs_CN; study_7_EOAD_vs_CN",3,"study_1; study_11; study_7",0.71063359192556
"SEMA3F",0.00307113999174581,-0.0461654382816279,0.0523077182651195,-0.630236719058802,0.528539718560035,0.768405369417764,0.00281629075060988,-0.0427864807708498,0.0222181196650964,8,1495,"study_1_EOAD_vs_CN; study_11_EOAD_vs_CN; study_2_EOAD_vs_CN; study_3_Olink_EOAD_vs_CN; study_4_EOAD_vs_CN; study_5_EOAD_vs_CN; study_8_EOAD_vs_CN; study_9_EOAD_vs_CN",4,"study_1; study_11; study_4; study_8",0.6761189906255
"DPP4",-0.0224777479886793,-0.0972717318276008,0.0523162358502422,-0.629522724225321,0.529006896460808,0,NA,NA,NA,6,1007,"study_1_EOAD_vs_CN; study_2_EOAD_vs_CN; study_3_Olink_EOAD_vs_CN; study_5_EOAD_vs_CN; study_8_EOAD_vs_CN; study_9_EOAD_vs_CN",2,"study_1; study_8",0.825912526382058
"RAD23A",0.00503816579547636,-0.0542383450740833,0.064314676665036,0.628207295701208,0.529868151582195,0.867176874674564,NA,NA,NA,5,793,"study_1_EOAD_vs_CN; study_11_EOAD_vs_CN; study_2_EOAD_vs_CN; study_3_Soma_EOAD_vs_CN; study_5_EOAD_vs_CN",2,"study_1; study_11",0.825912526382058
"DKK2",-0.0280817648375978,-0.302818433945363,0.246654904270168,-0.627424748199595,0.530380849480081,0.574924946099466,NA,NA,NA,2,346,"study_11_EOAD_vs_CN; study_3_Soma_EOAD_vs_CN",2,"study_11; study_3_Soma",0.825912526382058
"GMFG",0.107650291365842,-0.228875681992175,0.444176264723859,0.624822905404172,0.532087295597681,0,NA,NA,NA,2,242,"study_11_EOAD_vs_CN; study_3_Soma_EOAD_vs_CN",2,"study_11; study_3_Soma",0.825941176155442
"IGLV5-37",-0.0501693076896202,-0.23681926595657,0.13648065057733,-0.624775329733542,0.532118524473943,0,NA,NA,NA,3,647,"study_1_EOAD_vs_CN; study_11_EOAD_vs_CN; study_5_EOAD_vs_CN",2,"study_1; study_11",0.825941176155442
"FJX1",0.0153148110035645,-0.0676716296094176,0.0983012516165467,0.624114805951526,0.532552191034118,0.470251488551494,0.0154631374780197,-0.0076761817442749,0.0337041200994535,6,860,"study_1_EOAD_vs_CN; study_11_EOAD_vs_CN; study_2_EOAD_vs_CN; study_3_Soma_EOAD_vs_CN; study_5_EOAD_vs_CN; study_7_EOAD_vs_CN",3,"study_1; study_11; study_7",0.715499531954074
"FASLG",0.0335391341794691,-0.0761573403450931,0.143235608704031,0.623792930370466,0.532763583092633,0,NA,NA,NA,3,622,"study_3_Olink_EOAD_vs_CN; study_8_EOAD_vs_CN; study_9_EOAD_vs_CN",2,"study_3_Olink; study_8",0.825941176155442
"WBP2",0.0024617587526555,-0.0506068088564,0.055530326361711,0.620069460744045,0.535212057197015,0.116672246019732,0.00309304904918698,-0.0151953896002094,0.022464475438128,7,1003,"study_1_EOAD_vs_CN; study_11_EOAD_vs_CN; study_2_EOAD_vs_CN; study_3_Soma_EOAD_vs_CN; study_4_EOAD_vs_CN; study_5_EOAD_vs_CN; study_7_EOAD_vs_CN",4,"study_1; study_11; study_4; study_7",0.683544734313206
"IGLV1-51",-0.0180812820355721,-0.154018586359471,0.117856022288327,-0.617913703191981,0.536632225563738,0,-0.0198238269678434,-0.0624354300699757,0.0163086047980838,5,977,"study_1_EOAD_vs_CN; study_11_EOAD_vs_CN; study_4_EOAD_vs_CN; study_5_EOAD_vs_CN; study_7_EOAD_vs_CN",4,"study_1; study_11; study_4; study_7",0.684249504440495
"XYLT2",0.023039532353161,-0.0250765676134655,0.0711556323197876,0.616018274989262,0.537882458416655,0.64889884070851,NA,NA,NA,4,782,"study_1_EOAD_vs_CN; study_11_EOAD_vs_CN; study_2_EOAD_vs_CN; study_5_EOAD_vs_CN",2,"study_1; study_11",0.831431975274141
"ADAMTS4",-0.00639665968661585,-0.0375136311440468,0.0247203117708151,-0.61283325384467,0.539986600456567,0,-0.00558270347793972,-0.0118919275627832,0.00243662856181554,7,1107,"study_1_EOAD_vs_CN; study_10_EOAD_vs_CN; study_11_EOAD_vs_CN; study_2_EOAD_vs_CN; study_4_EOAD_vs_CN; study_5_EOAD_vs_CN; study_7_EOAD_vs_CN",4,"study_1; study_11; study_4; study_7",0.68729951321867
"ENG",0.0176630509753897,-0.0385447789401824,0.0738708808909619,0.612683069732004,0.540085919201459,0,0.0169898116464123,0.00414567706623747,0.0305805767957674,7,1283,"study_1_EOAD_vs_CN; study_11_EOAD_vs_CN; study_2_EOAD_vs_CN; study_3_Olink_EOAD_vs_CN; study_3_Soma_EOAD_vs_CN; study_8_EOAD_vs_CN; study_9_EOAD_vs_CN",3,"study_1; study_11; study_8",0.7227634405849
"AGT",-0.00236499090332264,-0.0472766892071874,0.0425467074005421,-0.61207165720153,0.540490348738621,0.24449381770915,-0.00163782072567663,-0.0117879042770948,0.016468741400993,7,1110,"study_1_EOAD_vs_CN; study_10_EOAD_vs_CN; study_11_EOAD_vs_CN; study_2_EOAD_vs_CN; study_3_Soma_EOAD_vs_CN; study_4_EOAD_vs_CN; study_5_EOAD_vs_CN",3,"study_1; study_11; study_4",0.7227634405849
"ITM2A",-0.00607627581533946,-0.0592153649329437,0.0470628133022648,-0.611651053183269,0.540768652532456,0,-0.00672123366373747,-0.0189423128504486,0.00418605406304876,8,1463,"study_1_EOAD_vs_CN; study_11_EOAD_vs_CN; study_2_EOAD_vs_CN; study_3_Olink_EOAD_vs_CN; study_4_EOAD_vs_CN; study_5_EOAD_vs_CN; study_8_EOAD_vs_CN; study_9_EOAD_vs_CN",4,"study_1; study_11; study_4; study_8",0.68729951321867
"TIMD4",-0.0545465687727178,-0.197308863503006,0.0882157259575705,-0.611452535721585,0.540900031747417,0,NA,NA,NA,4,649,"study_3_Olink_EOAD_vs_CN; study_3_Soma_EOAD_vs_CN; study_8_EOAD_vs_CN; study_9_EOAD_vs_CN",2,"study_3_Soma; study_8",0.831431975274141
"SIGLEC10",0.0271591957772864,-0.0597722680050967,0.114090659559669,0.61028531972117,0.54167281985484,0,NA,NA,NA,3,622,"study_3_Olink_EOAD_vs_CN; study_8_EOAD_vs_CN; study_9_EOAD_vs_CN",2,"study_3_Olink; study_8",0.831431975274141
"GLB1",0.0259526461165704,-0.0584635228163883,0.110368815049529,0.610078811649083,0.541809601670685,0,0.0257063029373806,0.0110641461387813,0.0341979456298564,9,1437,"study_1_EOAD_vs_CN; study_11_EOAD_vs_CN; study_2_EOAD_vs_CN; study_3_Olink_EOAD_vs_CN; study_3_Soma_EOAD_vs_CN; study_5_EOAD_vs_CN; study_7_EOAD_vs_CN; study_8_EOAD_vs_CN; study_9_EOAD_vs_CN",4,"study_1; study_11; study_7; study_8",0.687513633037842
"SMPD1",0.0162543943033903,-0.039986780009791,0.0724955686165716,0.609144214047772,0.54242885323215,0.204324288419775,0.0165762964346709,0.0037337205091955,0.0236373357504344,10,1607,"study_1_EOAD_vs_CN; study_11_EOAD_vs_CN; study_2_EOAD_vs_CN; study_3_Olink_EOAD_vs_CN; study_3_Soma_EOAD_vs_CN; study_4_EOAD_vs_CN; study_5_EOAD_vs_CN; study_7_EOAD_vs_CN; study_8_EOAD_vs_CN; study_9_EOAD_vs_CN",5,"study_1; study_11; study_4; study_7; study_8",0.685196483841047
"C3",-0.00270287588805375,-0.0798823440507329,0.0744765922746254,-0.608889899509762,0.542597419608554,0.713213107123431,0.00161687035408146,-0.0281415387113588,0.0356955282085994,7,1110,"study_1_EOAD_vs_CN; study_10_EOAD_vs_CN; study_11_EOAD_vs_CN; study_2_EOAD_vs_CN; study_3_Soma_EOAD_vs_CN; study_4_EOAD_vs_CN; study_5_EOAD_vs_CN",3,"study_1; study_11; study_4",0.72388580980487
"PCDHB10",-0.0196165897709252,-0.0748937611049564,0.0356605815631059,-0.608338467331909,0.542963013042875,0.832004277816342,NA,NA,NA,5,723,"study_1_EOAD_vs_CN; study_11_EOAD_vs_CN; study_2_EOAD_vs_CN; study_3_Soma_EOAD_vs_CN; study_5_EOAD_vs_CN",2,"study_1; study_11",0.831431975274141
"CNTNAP2",0.0147297176996998,-0.0326961866103435,0.0621556220097432,0.607369551804172,0.543605690391475,0.402377008527456,0.0152112839778999,-0.0180045791957746,0.0353190938681621,10,1651,"study_1_EOAD_vs_CN; study_11_EOAD_vs_CN; study_2_EOAD_vs_CN; study_3_Olink_EOAD_vs_CN; study_3_Soma_EOAD_vs_CN; study_4_EOAD_vs_CN; study_5_EOAD_vs_CN; study_7_EOAD_vs_CN; study_8_EOAD_vs_CN; study_9_EOAD_vs_CN",5,"study_1; study_11; study_4; study_7; study_8",0.685196483841047
"KLK10",-0.0323020992538844,-0.116070765257627,0.0514665667498587,-0.607297423042651,0.543653548211911,0,-0.0309305355149787,-0.0655959331352185,0.0108376568378587,9,1411,"study_1_EOAD_vs_CN; study_11_EOAD_vs_CN; study_3_Olink_EOAD_vs_CN; study_3_Soma_EOAD_vs_CN; study_4_EOAD_vs_CN; study_5_EOAD_vs_CN; study_7_EOAD_vs_CN; study_8_EOAD_vs_CN; study_9_EOAD_vs_CN",5,"study_1; study_11; study_4; study_7; study_8",0.685196483841047
"SCAMP1",0.014538311057616,-0.0344463431018625,0.0635229652170946,0.607182331137323,0.543729916650152,0.608066404143919,NA,NA,NA,4,758,"study_1_EOAD_vs_CN; study_11_EOAD_vs_CN; study_2_EOAD_vs_CN; study_5_EOAD_vs_CN",2,"study_1; study_11",0.831431975274141
"CPA4",-0.068949208685195,-0.245322288238511,0.107423870868121,-0.607011343765542,0.543843383992864,0.446560599177429,NA,NA,NA,3,425,"study_11_EOAD_vs_CN; study_2_EOAD_vs_CN; study_3_Soma_EOAD_vs_CN",2,"study_11; study_2",0.831431975274141
"ANGPT1",0.029966726982792,-0.0610698905173995,0.121003344482983,0.606577618583083,0.544131257158087,0,NA,NA,NA,4,648,"study_3_Olink_EOAD_vs_CN; study_3_Soma_EOAD_vs_CN; study_8_EOAD_vs_CN; study_9_EOAD_vs_CN",2,"study_3_Soma; study_8",0.831431975274141
"IZUMO4",-0.0416692036301276,-0.19593052720132,0.112592119941064,-0.606242631473617,0.544353647487019,0,NA,NA,NA,2,357,"study_11_EOAD_vs_CN; study_3_Soma_EOAD_vs_CN",2,"study_11; study_3_Soma",0.831431975274141
"RBP1",-0.00615401492773728,-0.107725529431815,0.0954174995763408,-0.603729287446442,0.546023639131483,0.556473153855475,NA,NA,NA,5,692,"study_1_EOAD_vs_CN; study_11_EOAD_vs_CN; study_2_EOAD_vs_CN; study_3_Soma_EOAD_vs_CN; study_5_EOAD_vs_CN",2,"study_1; study_11",0.831431975274141
"ADH5",-0.0905585830490153,-0.295863907121042,0.114746741023011,-0.603677915602372,0.546057799626832,0.688949356592555,NA,NA,NA,3,516,"study_1_EOAD_vs_CN; study_11_EOAD_vs_CN; study_2_EOAD_vs_CN",2,"study_1; study_11",0.831431975274141
"ITPA",-0.0887368964238264,-0.403624758976079,0.226150966128426,-0.602970024965856,0.546528630213674,0,NA,NA,NA,2,270,"study_11_EOAD_vs_CN; study_3_Soma_EOAD_vs_CN",2,"study_11; study_3_Soma",0.831431975274141
"CA9",-0.0393824108613434,-0.174458215411055,0.0956933936883687,-0.601299623577317,0.547640440249245,0,NA,NA,NA,4,650,"study_2_EOAD_vs_CN; study_3_Olink_EOAD_vs_CN; study_8_EOAD_vs_CN; study_9_EOAD_vs_CN",2,"study_2; study_8",0.831431975274141
"STYK1",-0.0146628866079523,-0.122141825541717,0.0928160523258127,-0.601278980974459,0.547654186845866,0,NA,NA,NA,2,544,"study_1_EOAD_vs_CN; study_11_EOAD_vs_CN",2,"study_1; study_11",0.831431975274141
"POFUT3",0.0200331179600316,-0.194952840300656,0.23501907622072,-0.601181246883515,0.547719273547689,0.729312071124755,NA,NA,NA,3,444,"study_1_EOAD_vs_CN; study_11_EOAD_vs_CN; study_3_Soma_EOAD_vs_CN",2,"study_1; study_11",0.831431975274141
"APOD",0.00436236031611869,-0.0463102517638335,0.0550349723960708,-0.600992141123822,0.547845220710118,0.465779246060351,0.00299923270979804,-0.0319364227453194,0.0322666625566753,8,1231,"study_1_EOAD_vs_CN; study_10_EOAD_vs_CN; study_11_EOAD_vs_CN; study_2_EOAD_vs_CN; study_3_Soma_EOAD_vs_CN; study_4_EOAD_vs_CN; study_5_EOAD_vs_CN; study_7_EOAD_vs_CN",4,"study_1; study_11; study_4; study_7",0.694054716912497
"ADH1B",-0.06870679926873,-0.271992090156303,0.134578491618843,-0.60039628471588,0.548242163268478,0,NA,NA,NA,3,654,"study_1_EOAD_vs_CN; study_11_EOAD_vs_CN; study_2_EOAD_vs_CN",2,"study_1; study_11",0.831431975274141
"TMED3",-0.0303760096595943,-0.121429276459624,0.0606772571404354,-0.59926081189694,0.548998976039795,0,NA,NA,NA,4,734,"study_1_EOAD_vs_CN; study_11_EOAD_vs_CN; study_2_EOAD_vs_CN; study_5_EOAD_vs_CN",2,"study_1; study_11",0.831431975274141
"NALF1",0.0618617846029267,-0.133986102115739,0.257709671321592,0.598838819530122,0.549280372770742,0.567853674202136,0.0459078622218348,-0.0193348253995456,0.108881581040719,3,297,"study_11_EOAD_vs_CN; study_2_EOAD_vs_CN; study_4_EOAD_vs_CN",3,"study_11; study_2; study_4",0.731093456531687
"ITIH3",0.0627887605824509,-0.0262876689684898,0.151865190133392,0.597358001998327,0.550268387232245,0.657088115913815,0.0659704111938781,0.0193842061772953,0.115275861952477,7,1017,"study_1_EOAD_vs_CN; study_11_EOAD_vs_CN; study_2_EOAD_vs_CN; study_3_Soma_EOAD_vs_CN; study_4_EOAD_vs_CN; study_5_EOAD_vs_CN; study_7_EOAD_vs_CN",4,"study_1; study_11; study_4; study_7",0.696005600544156
"IGHV3OR16-12",-0.099632927078664,-0.31938257000228,0.120116715844952,-0.594345024071914,0.552281370480033,0.347834990973316,NA,NA,NA,3,224,"study_10_EOAD_vs_CN; study_2_EOAD_vs_CN; study_7_EOAD_vs_CN",2,"study_2; study_7",0.833326897940835
"MDK",0.0231157918959136,-0.0338919002512732,0.0801234840431005,0.593662278028651,0.55273801783054,0,0.0228151039022241,0.0149945690759361,0.0356462213808908,9,1502,"study_1_EOAD_vs_CN; study_11_EOAD_vs_CN; study_2_EOAD_vs_CN; study_3_Olink_EOAD_vs_CN; study_3_Soma_EOAD_vs_CN; study_4_EOAD_vs_CN; study_5_EOAD_vs_CN; study_8_EOAD_vs_CN; study_9_EOAD_vs_CN",4,"study_1; study_11; study_4; study_8",0.697632567151744
"TCN2",0.0258945855663401,-0.0373854189230625,0.0891745900557427,0.592927232052864,0.553229852365532,0,0.0248528889966327,0.00166842100793237,0.0365919325679308,10,1658,"study_1_EOAD_vs_CN; study_11_EOAD_vs_CN; study_2_EOAD_vs_CN; study_3_Olink_EOAD_vs_CN; study_3_Soma_EOAD_vs_CN; study_4_EOAD_vs_CN; study_5_EOAD_vs_CN; study_7_EOAD_vs_CN; study_8_EOAD_vs_CN; study_9_EOAD_vs_CN",5,"study_1; study_11; study_4; study_7; study_8",0.689324237026135
"KIT",-0.00382049049449269,-0.0549692996468142,0.0473283186578288,-0.592671306148594,0.553401148035066,0.340078125539949,-0.00468583826779524,-0.0267308080294528,0.00821306643930799,11,1797,"study_1_EOAD_vs_CN; study_10_EOAD_vs_CN; study_11_EOAD_vs_CN; study_2_EOAD_vs_CN; study_3_Olink_EOAD_vs_CN; study_3_Soma_EOAD_vs_CN; study_4_EOAD_vs_CN; study_5_EOAD_vs_CN; study_7_EOAD_vs_CN; study_8_EOAD_vs_CN; study_9_EOAD_vs_CN",5,"study_1; study_11; study_4; study_7; study_8",0.689324237026135
"IGHV3-48",-0.00447040454428411,-0.150523475595526,0.141582666506958,-0.59213733385839,0.553758628653708,0.659948104871133,NA,NA,NA,2,720,"study_1_EOAD_vs_CN; study_11_EOAD_vs_CN",2,"study_1; study_11",0.833326897940835
"RCN1",-0.00939846295794391,-0.0492057124254554,0.0304087865095676,-0.592105619301998,0.553779864285028,0.493599785484497,-0.0118584030002665,-0.0367771744104367,0.0097588662493308,7,1016,"study_1_EOAD_vs_CN; study_11_EOAD_vs_CN; study_2_EOAD_vs_CN; study_3_Soma_EOAD_vs_CN; study_4_EOAD_vs_CN; study_5_EOAD_vs_CN; study_7_EOAD_vs_CN",4,"study_1; study_11; study_4; study_7",0.697632567151744
"ENTPD5",0.047164728840599,-0.0425977597527143,0.136927217433912,0.591896060266685,0.553920192158819,0.929755428471047,NA,NA,NA,4,649,"study_3_Olink_EOAD_vs_CN; study_3_Soma_EOAD_vs_CN; study_8_EOAD_vs_CN; study_9_EOAD_vs_CN",2,"study_3_Soma; study_8",0.833326897940835
"PAPLN",0.0190879664549201,-0.0219684777752078,0.060144410685048,0.591462396546595,0.554210643447959,0.547070916611418,0.0181267415145141,0.0123988492330388,0.0286730340922656,7,1199,"study_1_EOAD_vs_CN; study_10_EOAD_vs_CN; study_11_EOAD_vs_CN; study_2_EOAD_vs_CN; study_4_EOAD_vs_CN; study_5_EOAD_vs_CN; study_7_EOAD_vs_CN",4,"study_1; study_11; study_4; study_7",0.697632567151744
"IGLV3-25",-0.00858103031197655,-0.113432195257245,0.0962701346332922,-0.590805087183712,0.554651026034904,0.192263578881147,-0.0119991935542768,-0.074151206334747,0.0450493485683163,4,869,"study_1_EOAD_vs_CN; study_11_EOAD_vs_CN; study_2_EOAD_vs_CN; study_7_EOAD_vs_CN",3,"study_1; study_11; study_7",0.733178595071436
"TNFRSF6B",-0.0396317035503774,-0.169615628693728,0.090352221592973,-0.59044567046356,0.554891899552017,0.346716863794956,NA,NA,NA,4,825,"study_1_EOAD_vs_CN; study_3_Olink_EOAD_vs_CN; study_8_EOAD_vs_CN; study_9_EOAD_vs_CN",2,"study_1; study_8",0.833326897940835
"HERC1",0.0425793999015128,-0.157546233219936,0.242705033022961,0.589925842727517,0.555240367587677,0,NA,NA,NA,3,292,"study_11_EOAD_vs_CN; study_2_EOAD_vs_CN; study_3_Soma_EOAD_vs_CN",2,"study_11; study_2",0.833326897940835
"ARHGDIB",0.000983857734854703,-0.0823047671637112,0.0842724826334206,-0.589809222974144,0.555318558659098,0.565814019428866,NA,NA,NA,5,837,"study_1_EOAD_vs_CN; study_11_EOAD_vs_CN; study_2_EOAD_vs_CN; study_3_Soma_EOAD_vs_CN; study_5_EOAD_vs_CN",2,"study_1; study_11",0.833326897940835
"MASP2",-0.0168789498018334,-0.127845233459623,0.0940873338559566,-0.588572715223184,0.556147941585518,0,-0.018097445797051,-0.021822890760562,-0.0112812090705298,5,854,"study_1_EOAD_vs_CN; study_11_EOAD_vs_CN; study_2_EOAD_vs_CN; study_5_EOAD_vs_CN; study_7_EOAD_vs_CN",3,"study_1; study_11; study_7",0.733178595071436
"CRABP1",0.0356305239283877,-0.0880638024827768,0.159324850339552,0.587632214349338,0.556779183357848,0,0.0356089091183479,0.0235117460368023,0.0509287168384258,5,857,"study_1_EOAD_vs_CN; study_11_EOAD_vs_CN; study_2_EOAD_vs_CN; study_4_EOAD_vs_CN; study_5_EOAD_vs_CN",3,"study_1; study_11; study_4",0.733178595071436
"GC",0.00428287577318264,-0.0784658823798011,0.0870316339261664,-0.586543302664531,0.557510470813774,0.775941924035518,0.00814651884622188,-0.0316115277069945,0.081841799743248,8,1148,"study_1_EOAD_vs_CN; study_10_EOAD_vs_CN; study_11_EOAD_vs_CN; study_2_EOAD_vs_CN; study_3_Soma_EOAD_vs_CN; study_4_EOAD_vs_CN; study_5_EOAD_vs_CN; study_7_EOAD_vs_CN",4,"study_1; study_11; study_4; study_7",0.700667066987646
"COPB2",-0.0418627261303418,-0.348992019294096,0.265266567033413,0.585847709785233,0.557977859209269,0.949115390091412,NA,NA,NA,3,304,"study_11_EOAD_vs_CN; study_2_EOAD_vs_CN; study_3_Soma_EOAD_vs_CN",2,"study_11; study_2",0.833326897940835
"CPB1",0.0373662829693762,-0.0145355845553309,0.0892681504940833,0.584337650351391,0.55899316605,0.799065711908612,0.0389870318385436,-0.0244432165894413,0.0850748076981163,9,1571,"study_1_EOAD_vs_CN; study_11_EOAD_vs_CN; study_2_EOAD_vs_CN; study_3_Olink_EOAD_vs_CN; study_3_Soma_EOAD_vs_CN; study_5_EOAD_vs_CN; study_7_EOAD_vs_CN; study_8_EOAD_vs_CN; study_9_EOAD_vs_CN",4,"study_1; study_11; study_7; study_8",0.701411807081847
"DDR2",0.0453193278759961,-0.0742296575734709,0.164868313325463,0.583966180948551,0.559243065444013,0.475756894780473,NA,NA,NA,3,453,"study_11_EOAD_vs_CN; study_2_EOAD_vs_CN; study_3_Soma_EOAD_vs_CN",2,"study_11; study_2",0.833326897940835
"COLEC11",-0.00938853312773413,-0.133931053667453,0.115153987411985,-0.583920256984288,0.55927396373529,0.420817813878654,NA,NA,NA,5,748,"study_1_EOAD_vs_CN; study_11_EOAD_vs_CN; study_2_EOAD_vs_CN; study_3_Soma_EOAD_vs_CN; study_5_EOAD_vs_CN",2,"study_1; study_11",0.833326897940835
"KLK8",-0.0262192344295709,-0.114901209441501,0.0624627405823589,-0.583404698653177,0.559620895510551,0,NA,NA,NA,5,665,"study_2_EOAD_vs_CN; study_3_Olink_EOAD_vs_CN; study_3_Soma_EOAD_vs_CN; study_8_EOAD_vs_CN; study_9_EOAD_vs_CN",2,"study_2; study_8",0.833326897940835
"TOR1B",-0.0360900996855504,-0.16213559071446,0.0899553913433593,-0.583262563375703,0.559716560160542,0,-0.0305998319005805,-0.0475417866242595,-0.0156491298825853,3,479,"study_11_EOAD_vs_CN; study_5_EOAD_vs_CN; study_7_EOAD_vs_CN",3,"study_11; study_5; study_7",0.733178595071436
"IGKC",-0.000797916386944507,-0.0869154456698085,0.0853196128959195,-0.582741632729628,0.560067242161514,0.614509749705369,0.000391866781790575,-0.0327993202122073,0.0453355132944268,6,1176,"study_1_EOAD_vs_CN; study_10_EOAD_vs_CN; study_11_EOAD_vs_CN; study_4_EOAD_vs_CN; study_5_EOAD_vs_CN; study_7_EOAD_vs_CN",4,"study_1; study_11; study_4; study_7",0.70164226839948
"S100A7",-0.0423337483501772,-0.221204752705134,0.136537256004779,-0.582535811402649,0.560205827064205,0,-0.0553658708230153,-0.130185575882165,-0.0158080524343468,5,774,"study_1_EOAD_vs_CN; study_11_EOAD_vs_CN; study_2_EOAD_vs_CN; study_5_EOAD_vs_CN; study_7_EOAD_vs_CN",3,"study_1; study_11; study_7",0.733178595071436
"CFHR4",-0.0463031508369299,-0.248762616281253,0.156156314607393,-0.582368495948697,0.560318497196611,0.211069509741246,NA,NA,NA,2,378,"study_11_EOAD_vs_CN; study_2_EOAD_vs_CN",2,"study_11; study_2",0.833326897940835
"GPC6",0.0753991955417536,-0.00548600027082016,0.156284391354327,0.582359754464462,0.560324384008974,0.949086168771585,NA,NA,NA,5,755,"study_1_EOAD_vs_CN; study_11_EOAD_vs_CN; study_2_EOAD_vs_CN; study_3_Soma_EOAD_vs_CN; study_5_EOAD_vs_CN",2,"study_1; study_11",0.833326897940835
"IGLC3",-0.014735249634266,-0.129729371686206,0.100258872417674,-0.58222805644791,0.560413077552708,0,-0.0173895934147672,-0.0418661142474792,-0.00470659889268614,4,1022,"study_1_EOAD_vs_CN; study_10_EOAD_vs_CN; study_11_EOAD_vs_CN; study_7_EOAD_vs_CN",3,"study_1; study_11; study_7",0.733178595071436
"MT2A",-0.00371240714483674,-0.0960148194616986,0.0885900051720251,0.58196942762208,0.560587273901039,0.589591877873514,NA,NA,NA,2,720,"study_1_EOAD_vs_CN; study_11_EOAD_vs_CN",2,"study_1; study_11",0.833326897940835
"EXTL3",0.016590254878905,-0.0675169417490958,0.100697451506906,-0.581370348947728,0.560990876868248,0.775402635731627,0.0140152954951966,-0.0405126860825683,0.076094356418945,4,767,"study_1_EOAD_vs_CN; study_11_EOAD_vs_CN; study_5_EOAD_vs_CN; study_7_EOAD_vs_CN",3,"study_1; study_11; study_7",0.733178595071436
"CCL16",-0.0482584950732363,-0.188111040114468,0.0915940499679951,-0.579900711034193,0.561981576220813,0.423643673143447,-0.0577588410206608,-0.151419060255518,0.00899127380769878,5,894,"study_11_EOAD_vs_CN; study_3_Olink_EOAD_vs_CN; study_3_Soma_EOAD_vs_CN; study_8_EOAD_vs_CN; study_9_EOAD_vs_CN",3,"study_11; study_3_Soma; study_8",0.733178595071436
"FZD1",-0.014010521213383,-0.0762724306163616,0.0482513881895957,-0.579275646210997,0.562403195518895,0,-0.0142815639886184,-0.0186105432976901,-0.009739727662751,6,847,"study_1_EOAD_vs_CN; study_11_EOAD_vs_CN; study_2_EOAD_vs_CN; study_3_Soma_EOAD_vs_CN; study_4_EOAD_vs_CN; study_5_EOAD_vs_CN",3,"study_1; study_11; study_4",0.733178595071436
"DSP",0.0765146654445618,-0.248545561674546,0.40157489256367,0.578806128865704,0.562719995217534,0,NA,NA,NA,4,629,"study_1_EOAD_vs_CN; study_11_EOAD_vs_CN; study_2_EOAD_vs_CN; study_5_EOAD_vs_CN",2,"study_1; study_11",0.835312400832827
"GORASP2",0.0751960723711649,-0.243101323742829,0.393493468485159,0.576439682389984,0.564318028754468,0,NA,NA,NA,2,320,"study_11_EOAD_vs_CN; study_2_EOAD_vs_CN",2,"study_11; study_2",0.835605121357546
"LPA",-0.0290346181079777,-0.169822394810921,0.111753158594965,-0.57615287197246,0.564511856794983,0.782801256194678,NA,NA,NA,4,803,"study_1_EOAD_vs_CN; study_11_EOAD_vs_CN; study_2_EOAD_vs_CN; study_5_EOAD_vs_CN",2,"study_1; study_11",0.835605121357546
"GSTM2",-0.00129455408109403,-0.0482127809043467,0.0456236727421586,-0.574981987580677,0.565303479035282,0.849466130724976,-0.00200853356303525,-0.0487123523784029,0.054435974012999,5,884,"study_1_EOAD_vs_CN; study_11_EOAD_vs_CN; study_2_EOAD_vs_CN; study_5_EOAD_vs_CN; study_7_EOAD_vs_CN",3,"study_1; study_11; study_7",0.73468387577941
"PKDCC",-0.00576532144930461,-0.0895767169761906,0.0780460740775814,-0.57375857767009,0.566131182737198,0,-0.00744187736890114,-0.0338458744855039,0.016681751452132,4,840,"study_1_EOAD_vs_CN; study_11_EOAD_vs_CN; study_5_EOAD_vs_CN; study_7_EOAD_vs_CN",3,"study_1; study_11; study_7",0.73468387577941
"TTR",0.0388378857755657,-0.0250103509186182,0.10268612246975,0.573536686159913,0.566281366767788,0.666592867440181,0.0354926263679723,-0.0177587145692826,0.0632486293148185,6,1010,"study_1_EOAD_vs_CN; study_11_EOAD_vs_CN; study_2_EOAD_vs_CN; study_4_EOAD_vs_CN; study_5_EOAD_vs_CN; study_7_EOAD_vs_CN",4,"study_1; study_11; study_4; study_7",0.707795774097704
"LTF",0.0579588353565788,-0.0900861047125629,0.206003775425721,0.572806747295896,0.566775550070623,0.439255803968833,0.0527167745571009,-0.0236355130302556,0.093335291023706,7,1007,"study_1_EOAD_vs_CN; study_11_EOAD_vs_CN; study_2_EOAD_vs_CN; study_3_Soma_EOAD_vs_CN; study_4_EOAD_vs_CN; study_5_EOAD_vs_CN; study_7_EOAD_vs_CN",4,"study_1; study_11; study_4; study_7",0.707795774097704
"CEACAM1",-0.0264058397849481,-0.127481267022143,0.0746695874522465,-0.57188590560626,0.567399273218555,0,NA,NA,NA,4,650,"study_2_EOAD_vs_CN; study_3_Olink_EOAD_vs_CN; study_8_EOAD_vs_CN; study_9_EOAD_vs_CN",2,"study_2; study_8",0.838004572458535
"IGLV2-11",-0.0206385269546389,-0.170359140308054,0.129082086398776,-0.571011316829569,0.567991971621739,0.423172348707906,-0.0192902869402734,-0.0868589337950865,0.0773616772894229,4,854,"study_1_EOAD_vs_CN; study_11_EOAD_vs_CN; study_4_EOAD_vs_CN; study_5_EOAD_vs_CN",3,"study_1; study_11; study_4",0.735427246702978
"CNDP1",0.0125860308631624,-0.0387989923803751,0.0639710541066998,0.570982266677287,0.568011663646211,0.653802371169475,0.0133299219686315,-0.0310869009480664,0.0386822590484153,11,1764,"study_1_EOAD_vs_CN; study_10_EOAD_vs_CN; study_11_EOAD_vs_CN; study_2_EOAD_vs_CN; study_3_Olink_EOAD_vs_CN; study_3_Soma_EOAD_vs_CN; study_4_EOAD_vs_CN; study_5_EOAD_vs_CN; study_7_EOAD_vs_CN; study_8_EOAD_vs_CN; study_9_EOAD_vs_CN",5,"study_1; study_11; study_4; study_7; study_8",0.70340979277118
"IFNAR1",-0.022485473209117,-0.0985838730690387,0.0536129266508047,-0.570853292593931,0.56809909435423,0,NA,NA,NA,5,747,"study_1_EOAD_vs_CN; study_11_EOAD_vs_CN; study_2_EOAD_vs_CN; study_3_Soma_EOAD_vs_CN; study_5_EOAD_vs_CN",2,"study_1; study_11",0.838004572458535
"SVEP1",-0.0137311432998054,-0.0749644487520732,0.0475021621524623,-0.570215229300139,0.568531728070628,0,NA,NA,NA,5,808,"study_1_EOAD_vs_CN; study_11_EOAD_vs_CN; study_2_EOAD_vs_CN; study_3_Soma_EOAD_vs_CN; study_5_EOAD_vs_CN",2,"study_1; study_11",0.838004572458535
"SIRPB1",-0.0371091642007492,-0.123521049311425,0.0493027209099267,-0.570189921198526,0.568548891273519,0.331571038548027,-0.0348981676230356,-0.0806576575652729,0.0247861451639705,8,1410,"study_1_EOAD_vs_CN; study_11_EOAD_vs_CN; study_2_EOAD_vs_CN; study_3_Olink_EOAD_vs_CN; study_3_Soma_EOAD_vs_CN; study_7_EOAD_vs_CN; study_8_EOAD_vs_CN; study_9_EOAD_vs_CN",4,"study_1; study_11; study_7; study_8",0.708395560826893
"CDON",-0.0315042906481033,-0.135186193572878,0.072177612276671,-0.568418636356697,0.569750738899092,0.690644657050427,NA,NA,NA,4,649,"study_3_Olink_EOAD_vs_CN; study_3_Soma_EOAD_vs_CN; study_8_EOAD_vs_CN; study_9_EOAD_vs_CN",2,"study_3_Soma; study_8",0.838621874109899
"IGLC7",-0.009326995185585,-0.151874888951223,0.133220898580053,-0.568250074560962,0.56986517414208,0.381243164314109,0.00200899461126468,-0.0754788332880259,0.0887328666257172,5,976,"study_1_EOAD_vs_CN; study_11_EOAD_vs_CN; study_4_EOAD_vs_CN; study_5_EOAD_vs_CN; study_7_EOAD_vs_CN",4,"study_1; study_11; study_4; study_7",0.708395560826893
"LMAN1",0.00461245748005702,-0.0273122318447937,0.0365371468049077,0.567619404751958,0.570293427999844,0,0.0040765851858424,-0.000205894384847514,0.0130717134318668,7,1093,"study_1_EOAD_vs_CN; study_10_EOAD_vs_CN; study_11_EOAD_vs_CN; study_2_EOAD_vs_CN; study_4_EOAD_vs_CN; study_5_EOAD_vs_CN; study_7_EOAD_vs_CN",4,"study_1; study_11; study_4; study_7",0.708395560826893
"CHID1",0.0107890555110842,-0.0310336657159478,0.0526117767381162,0.56679752443864,0.570851752696798,0.0613041984761422,0.00903347381917332,-0.00688674206788545,0.0230028848474782,7,1008,"study_1_EOAD_vs_CN; study_11_EOAD_vs_CN; study_2_EOAD_vs_CN; study_3_Soma_EOAD_vs_CN; study_4_EOAD_vs_CN; study_5_EOAD_vs_CN; study_7_EOAD_vs_CN",4,"study_1; study_11; study_4; study_7",0.708395560826893
"ST6GAL1",0.0131263234952581,-0.0363720284327798,0.062624675423296,0.565619479558765,0.57165248287653,0.650589660551214,0.0163479489893477,-0.00991643305310092,0.0580625373546226,7,1275,"study_1_EOAD_vs_CN; study_11_EOAD_vs_CN; study_2_EOAD_vs_CN; study_3_Olink_EOAD_vs_CN; study_5_EOAD_vs_CN; study_8_EOAD_vs_CN; study_9_EOAD_vs_CN",3,"study_1; study_11; study_8",0.736235628320082
"IGKV1-6",0.00888356832113468,-0.121511261110973,0.139278397753243,-0.565539152568637,0.571707101469012,0.610039048045029,0.0204502144220301,-0.049256236479049,0.0759377944710791,3,794,"study_1_EOAD_vs_CN; study_11_EOAD_vs_CN; study_4_EOAD_vs_CN",3,"study_1; study_11; study_4",0.736235628320082
"CCL23",0.0300230600782671,-0.0754211451429978,0.135467265299532,0.564725450590906,0.572260520550751,0,NA,NA,NA,4,649,"study_3_Olink_EOAD_vs_CN; study_3_Soma_EOAD_vs_CN; study_8_EOAD_vs_CN; study_9_EOAD_vs_CN",2,"study_3_Soma; study_8",0.840847478928178
"RNPEP",0.0217891795629552,-0.0806427432466485,0.124221102372559,0.562842298402909,0.573542274594432,0,NA,NA,NA,3,633,"study_1_EOAD_vs_CN; study_11_EOAD_vs_CN; study_2_EOAD_vs_CN",2,"study_1; study_11",0.840847478928178
"H4C1",0.0954841163989563,-0.107826712798765,0.298794945596678,-0.56270325170853,0.573636969656518,0.902528748142732,0.0771905227641276,-0.153019182595311,0.264034269937156,5,874,"study_1_EOAD_vs_CN; study_11_EOAD_vs_CN; study_2_EOAD_vs_CN; study_5_EOAD_vs_CN; study_7_EOAD_vs_CN",3,"study_1; study_11; study_7",0.736235628320082
"NIT2",0.180886777073446,-0.186628003264024,0.548401557410916,0.562655051553324,0.573669797169511,0.865168635033845,NA,NA,NA,2,293,"study_11_EOAD_vs_CN; study_3_Soma_EOAD_vs_CN",2,"study_11; study_3_Soma",0.840847478928178
"H6PD",-0.0195479734272767,-0.0859379193257146,0.0468419724711612,-0.562502316295029,0.573773825923707,0.574334519305265,-0.0230382600479372,-0.03753155962994,-0.00037035671990372,6,831,"study_1_EOAD_vs_CN; study_11_EOAD_vs_CN; study_2_EOAD_vs_CN; study_3_Soma_EOAD_vs_CN; study_5_EOAD_vs_CN; study_7_EOAD_vs_CN",3,"study_1; study_11; study_7",0.736235628320082
"PODXL2",-0.00883004794865394,-0.042754620503942,0.0250945246066342,-0.561127917467317,0.574710337777168,0.271781470315273,-0.00819130249365648,-0.0207969655606064,0.00234827802905796,10,1773,"study_1_EOAD_vs_CN; study_10_EOAD_vs_CN; study_11_EOAD_vs_CN; study_2_EOAD_vs_CN; study_3_Olink_EOAD_vs_CN; study_4_EOAD_vs_CN; study_5_EOAD_vs_CN; study_7_EOAD_vs_CN; study_8_EOAD_vs_CN; study_9_EOAD_vs_CN",5,"study_1; study_11; study_4; study_7; study_8",0.707591340731427
"IGLV1-40",-0.022820013007489,-0.117999536184533,0.0723595101695551,-0.559249299802543,0.575991591576871,0.593638899275329,NA,NA,NA,4,798,"study_1_EOAD_vs_CN; study_11_EOAD_vs_CN; study_2_EOAD_vs_CN; study_5_EOAD_vs_CN",2,"study_1; study_11",0.843071491581788
"MEGF6",0.0615676503096261,-0.142728036873799,0.265863337493051,0.556341113142163,0.577977686587365,0,NA,NA,NA,2,303,"study_11_EOAD_vs_CN; study_2_EOAD_vs_CN",2,"study_11; study_2",0.844798626978464
"RNF11",-0.0434035877913596,-0.167735583580222,0.0809284079975029,-0.55477999931296,0.579045149123877,0.290852244787535,NA,NA,NA,2,420,"study_11_EOAD_vs_CN; study_2_EOAD_vs_CN",2,"study_11; study_2",0.845175944535466
"NCMAP",0.0194207717284123,-0.111216374532522,0.150057917989346,0.554459186461791,0.579264630006349,0,0.0169736820006097,0.00458301515471501,0.0321841524247994,5,854,"study_1_EOAD_vs_CN; study_11_EOAD_vs_CN; study_2_EOAD_vs_CN; study_3_Soma_EOAD_vs_CN; study_4_EOAD_vs_CN",3,"study_1; study_11; study_4",0.741614582362389
"BOLA2",-0.0392505574494963,-0.274710384714421,0.196209269815428,-0.553605642686985,0.579848763474237,0.388398273612936,NA,NA,NA,2,297,"study_11_EOAD_vs_CN; study_2_EOAD_vs_CN",2,"study_11; study_2",0.845175944535466
"ENPP1",0.150926705238903,-0.314994439120342,0.616847849598149,0.550978052848854,0.581648719653125,0.688567000426162,NA,NA,NA,2,261,"study_11_EOAD_vs_CN; study_2_EOAD_vs_CN",2,"study_11; study_2",0.845507906505761
"TUBB4A",0.0649466794130306,-0.0679141986967238,0.197807557522785,0.550917723977097,0.581690076899479,0.706152963851953,NA,NA,NA,3,706,"study_1_EOAD_vs_CN; study_11_EOAD_vs_CN; study_2_EOAD_vs_CN",2,"study_1; study_11",0.845507906505761
"DNAJC3",0.000246559967593615,-0.0519644082904365,0.0524575282256237,0.550386596768533,0.582054239799481,0,-0.00193524454568164,-0.0134337945009701,0.0113871367523576,6,961,"study_1_EOAD_vs_CN; study_11_EOAD_vs_CN; study_2_EOAD_vs_CN; study_4_EOAD_vs_CN; study_5_EOAD_vs_CN; study_7_EOAD_vs_CN",4,"study_1; study_11; study_4; study_7",0.721161542393068
"MSTN",0.00272471343738766,-0.0312536181334737,0.036703045008249,0.54972325248794,0.582509205738493,0.267164147941487,0.00202098899206074,-0.0126726679741457,0.0138558242010247,9,1589,"study_1_EOAD_vs_CN; study_11_EOAD_vs_CN; study_2_EOAD_vs_CN; study_3_Olink_EOAD_vs_CN; study_4_EOAD_vs_CN; study_5_EOAD_vs_CN; study_7_EOAD_vs_CN; study_8_EOAD_vs_CN; study_9_EOAD_vs_CN",5,"study_1; study_11; study_4; study_7; study_8",0.713071613921258
"TPST2",-0.0731997279717349,-0.372019471277449,0.225620015333979,-0.549226701770291,0.582849882084135,0,NA,NA,NA,2,337,"study_11_EOAD_vs_CN; study_3_Soma_EOAD_vs_CN",2,"study_11; study_3_Soma",0.846020327457304
"HRNR",0.0811245644955359,-0.137833392043166,0.300082521034238,0.546966429174196,0.584401796071395,0.365743839112796,0.0839150912557039,-0.0806240687634937,0.24258600733518,5,791,"study_1_EOAD_vs_CN; study_11_EOAD_vs_CN; study_2_EOAD_vs_CN; study_5_EOAD_vs_CN; study_7_EOAD_vs_CN",3,"study_1; study_11; study_7",0.74430083248113
"FRMPD1",0.0711950861942656,-0.096656335237761,0.239046507626292,0.546013096072427,0.585056935094885,0.716097102704946,0.0515886188826969,-0.0133469162251491,0.0917396797277067,3,539,"study_11_EOAD_vs_CN; study_4_EOAD_vs_CN; study_5_EOAD_vs_CN",3,"study_11; study_4; study_5",0.74430083248113
"PRND",0.0224849462245098,-0.0717435342747182,0.116713426723738,0.545698309571611,0.58527333412264,0,0.0219140296927722,-0.00217403678690159,0.0354430229740945,6,839,"study_1_EOAD_vs_CN; study_11_EOAD_vs_CN; study_2_EOAD_vs_CN; study_3_Soma_EOAD_vs_CN; study_4_EOAD_vs_CN; study_5_EOAD_vs_CN",3,"study_1; study_11; study_4",0.74430083248113
"BMP4",-0.0246949767483733,-0.135783079429813,0.0863931259330662,-0.543333445740364,0.586900240293526,0,NA,NA,NA,4,649,"study_3_Olink_EOAD_vs_CN; study_3_Soma_EOAD_vs_CN; study_8_EOAD_vs_CN; study_9_EOAD_vs_CN",2,"study_3_Soma; study_8",0.847334796932131
"IGLV7-43",-0.0524668815489585,-0.274942697832819,0.170008934734902,-0.543012736682365,0.587121033046368,0,NA,NA,NA,2,413,"study_11_EOAD_vs_CN; study_2_EOAD_vs_CN",2,"study_11; study_2",0.847334796932131
"GUCA2A",0.0438293530706918,-0.0994558841098676,0.187114590251251,0.541565547666509,0.588117831077673,0,NA,NA,NA,3,575,"study_1_EOAD_vs_CN; study_11_EOAD_vs_CN; study_2_EOAD_vs_CN",2,"study_1; study_11",0.847334796932131
"MXRA7",0.00792964496552381,-0.0409852774792291,0.0568445674102767,0.540234392005884,0.58903539749625,0,0.00543235379138768,-0.0128794920492773,0.0186826434480825,7,967,"study_1_EOAD_vs_CN; study_11_EOAD_vs_CN; study_2_EOAD_vs_CN; study_3_Soma_EOAD_vs_CN; study_4_EOAD_vs_CN; study_5_EOAD_vs_CN; study_7_EOAD_vs_CN",4,"study_1; study_11; study_4; study_7",0.728665452475738
"TAPBPL",-0.0776023370685315,-0.278842959703049,0.123638285565986,-0.540096467882539,0.589130506439352,0.760099611707337,NA,NA,NA,3,447,"study_11_EOAD_vs_CN; study_2_EOAD_vs_CN; study_3_Soma_EOAD_vs_CN",2,"study_11; study_2",0.847334796932131
"SMAD5",-0.0117736705538866,-0.0943817601640971,0.070834419056324,-0.539311818121474,0.589671715588883,0.818158019423581,NA,NA,NA,4,649,"study_3_Olink_EOAD_vs_CN; study_3_Soma_EOAD_vs_CN; study_8_EOAD_vs_CN; study_9_EOAD_vs_CN",2,"study_3_Soma; study_8",0.847334796932131
"CD302",-0.0198330707557361,-0.0858070202597528,0.0461408787482806,-0.538065046660295,0.5905321424754,0,NA,NA,NA,4,783,"study_1_EOAD_vs_CN; study_11_EOAD_vs_CN; study_3_Olink_EOAD_vs_CN; study_5_EOAD_vs_CN",2,"study_1; study_11",0.847334796932131
"FREM1",0.0899376036330987,-0.130127328306692,0.310002535572889,0.535263480918427,0.592467675208614,0.769964173310686,NA,NA,NA,3,346,"study_11_EOAD_vs_CN; study_2_EOAD_vs_CN; study_3_Soma_EOAD_vs_CN",2,"study_11; study_2",0.847334796932131
"REG4",-0.0307447648587158,-0.180664045651613,0.119174515934181,-0.533503088325269,0.593685373774895,0.621226948879914,NA,NA,NA,4,649,"study_3_Olink_EOAD_vs_CN; study_3_Soma_EOAD_vs_CN; study_8_EOAD_vs_CN; study_9_EOAD_vs_CN",2,"study_3_Soma; study_8",0.847334796932131
"IGKV1-9",-0.010941239588281,-0.160074487244092,0.13819200806753,-0.532098970379329,0.594657450472381,0.292385916463468,NA,NA,NA,2,720,"study_1_EOAD_vs_CN; study_11_EOAD_vs_CN",2,"study_1; study_11",0.847334796932131
"H2BC15",0.0703615273631281,-0.122520159039835,0.263243213766091,0.531888673763256,0.594803102284409,0.535703162308425,NA,NA,NA,2,98,"study_2_EOAD_vs_CN; study_7_EOAD_vs_CN",2,"study_2; study_7",0.847334796932131
"MMP17",-0.0190764436176842,-0.0711571693211359,0.0330042820857675,-0.531164322486047,0.595304913952833,0,-0.0188322889546201,-0.043346588181205,0.000803177897139169,6,931,"study_1_EOAD_vs_CN; study_11_EOAD_vs_CN; study_2_EOAD_vs_CN; study_3_Soma_EOAD_vs_CN; study_5_EOAD_vs_CN; study_7_EOAD_vs_CN",3,"study_1; study_11; study_7",0.755375790815706
"TENM4",-0.0928415551432432,-0.313593748707371,0.127910638420884,-0.530728345639851,0.595607040443733,0.837429208371488,NA,NA,NA,4,490,"study_1_EOAD_vs_CN; study_11_EOAD_vs_CN; study_2_EOAD_vs_CN; study_3_Soma_EOAD_vs_CN",2,"study_1; study_11",0.847334796932131
"IGHV3-9",-0.0130552665474841,-0.105836005943705,0.0797254728487365,-0.530076449773537,0.596058926526058,0.554288438631138,NA,NA,NA,3,782,"study_1_EOAD_vs_CN; study_11_EOAD_vs_CN; study_5_EOAD_vs_CN",2,"study_1; study_11",0.847334796932131
"ITIH2",0.0118734600050575,-0.0810420925142157,0.104789012524331,-0.529241889710768,0.596637661084114,0.684179159626035,0.0171337776940083,-0.0421179616376391,0.0641884440821162,8,1231,"study_1_EOAD_vs_CN; study_10_EOAD_vs_CN; study_11_EOAD_vs_CN; study_2_EOAD_vs_CN; study_3_Soma_EOAD_vs_CN; study_4_EOAD_vs_CN; study_5_EOAD_vs_CN; study_7_EOAD_vs_CN",4,"study_1; study_11; study_4; study_7",0.736312853325737
"STK4",-0.0497425852396875,-0.318692698899109,0.219207528419734,-0.529209683732994,0.596659999787706,0,NA,NA,NA,3,172,"study_3_Olink_EOAD_vs_CN; study_3_Soma_EOAD_vs_CN; study_7_EOAD_vs_CN",2,"study_3_Soma; study_7",0.847334796932131
"CXCL5",0.0309016487920447,-0.0712469400603478,0.133050237644437,0.528707984800612,0.597008037248212,0.915034075785527,NA,NA,NA,3,622,"study_3_Olink_EOAD_vs_CN; study_8_EOAD_vs_CN; study_9_EOAD_vs_CN",2,"study_3_Olink; study_8",0.847334796932131
"NBR1",-0.0620902308603324,-0.238205309705783,0.114024847985119,-0.527821490332905,0.597623239877565,0.812229450002702,-0.0481152581701579,-0.0783534903285222,-0.0129025914617467,4,473,"study_11_EOAD_vs_CN; study_2_EOAD_vs_CN; study_3_Soma_EOAD_vs_CN; study_7_EOAD_vs_CN",3,"study_11; study_2; study_7",0.756636075321707
"SLC39A12",-0.012519565839752,-0.0899378302648661,0.064898698585362,-0.526398742832639,0.598611188988681,0,-0.0142808648136265,-0.0576712062431929,0.024436695416554,6,954,"study_1_EOAD_vs_CN; study_11_EOAD_vs_CN; study_2_EOAD_vs_CN; study_4_EOAD_vs_CN; study_5_EOAD_vs_CN; study_7_EOAD_vs_CN",4,"study_1; study_11; study_4; study_7",0.736312853325737
"PPP1CB",0.0486253448838396,-0.0987006713767904,0.19595136114447,0.526358950359452,0.598638831340443,0,NA,NA,NA,2,576,"study_1_EOAD_vs_CN; study_11_EOAD_vs_CN",2,"study_1; study_11",0.847334796932131
"PCYOX1",-0.00665548205664037,-0.0860015610807212,0.0726905969674404,-0.526296881214971,0.598681949623455,0,-0.00733635606760582,-0.0308762303809922,0.0169251013845066,7,920,"study_1_EOAD_vs_CN; study_11_EOAD_vs_CN; study_2_EOAD_vs_CN; study_3_Soma_EOAD_vs_CN; study_4_EOAD_vs_CN; study_5_EOAD_vs_CN; study_7_EOAD_vs_CN",4,"study_1; study_11; study_4; study_7",0.736312853325737
"FBN1",-0.0107935413170563,-0.0491115333512675,0.0275244507171549,-0.525903871734168,0.598954998707865,0,-0.0108038170877597,-0.0201510625011164,-0.00406553906089677,6,996,"study_1_EOAD_vs_CN; study_11_EOAD_vs_CN; study_2_EOAD_vs_CN; study_4_EOAD_vs_CN; study_5_EOAD_vs_CN; study_7_EOAD_vs_CN",4,"study_1; study_11; study_4; study_7",0.736312853325737
"SPTBN1",0.0483244106632215,-0.102142591069045,0.198791412395488,0.525462178637115,0.599261938806573,0,NA,NA,NA,3,562,"study_1_EOAD_vs_CN; study_11_EOAD_vs_CN; study_2_EOAD_vs_CN",2,"study_1; study_11",0.847334796932131
"HRC",0.128006842943076,-0.257639733181859,0.51365341906801,0.523810018982695,0.600410684172169,0.268543355869543,NA,NA,NA,2,310,"study_11_EOAD_vs_CN; study_2_EOAD_vs_CN",2,"study_11; study_2",0.847334796932131
"TUBA4A",0.0696117262525576,-0.057922209703764,0.197145662208879,0.523560092599431,0.600584544460176,0.782781284143982,NA,NA,NA,3,621,"study_1_EOAD_vs_CN; study_11_EOAD_vs_CN; study_2_EOAD_vs_CN",2,"study_1; study_11",0.847334796932131
"FXYD1",-0.0101160481841579,-0.15304872812156,0.132816631753244,-0.521474429122528,0.602036314298977,0,NA,NA,NA,3,713,"study_1_EOAD_vs_CN; study_11_EOAD_vs_CN; study_2_EOAD_vs_CN",2,"study_1; study_11",0.847334796932131
"ANGPTL3",0.0951287130755087,-0.183024707713947,0.373282133864965,0.520709954172534,0.602568839036437,0.239689524294352,NA,NA,NA,3,363,"study_11_EOAD_vs_CN; study_3_Olink_EOAD_vs_CN; study_3_Soma_EOAD_vs_CN",2,"study_11; study_3_Soma",0.847334796932131
"SDK2",-0.00385111787854788,-0.22989062688905,0.222188391131955,0.519522095490175,0.603396708760095,0.392390566845727,NA,NA,NA,3,564,"study_1_EOAD_vs_CN; study_11_EOAD_vs_CN; study_2_EOAD_vs_CN",2,"study_1; study_11",0.847334796932131
"POMC",-0.0377638013944687,-0.182760373367449,0.107232770578511,-0.519459900067779,0.603440069507794,0,NA,NA,NA,4,645,"study_1_EOAD_vs_CN; study_11_EOAD_vs_CN; study_2_EOAD_vs_CN; study_3_Soma_EOAD_vs_CN",2,"study_1; study_11",0.847334796932131
"PARM1",0.00985944328765796,-0.172637005880003,0.192355892455319,-0.519282081218059,0.60356404710323,0.472100628066526,NA,NA,NA,2,576,"study_1_EOAD_vs_CN; study_11_EOAD_vs_CN",2,"study_1; study_11",0.847334796932131
"SEMA4A",-0.0161082914620629,-0.121016879103805,0.0888002961796797,-0.518722208595939,0.603954472272122,0,NA,NA,NA,4,511,"study_11_EOAD_vs_CN; study_2_EOAD_vs_CN; study_3_Soma_EOAD_vs_CN; study_5_EOAD_vs_CN",2,"study_11; study_2",0.847334796932131
"ABAT",0.0675699450626952,-0.15652445532403,0.29166434544942,0.518701951681751,0.603968600485021,0.373311065060716,NA,NA,NA,2,387,"study_11_EOAD_vs_CN; study_2_EOAD_vs_CN",2,"study_11; study_2",0.847334796932131
"H2BC12",0.106164862677216,-0.0919188925269401,0.304248617881373,0.517829556904604,0.604577194239726,0.749709061048039,0.0995060834682973,-0.0311304056433506,0.227791390129124,4,817,"study_1_EOAD_vs_CN; study_11_EOAD_vs_CN; study_3_Soma_EOAD_vs_CN; study_7_EOAD_vs_CN",3,"study_1; study_11; study_7",0.76374685378514
"DPP7",0.0310426496640532,-0.0324877824789342,0.0945730818070407,0.513336058268,0.607716264996052,0.649392420544195,0.0305979132255334,-0.00935285089425797,0.0710808224699616,11,1847,"study_1_EOAD_vs_CN; study_10_EOAD_vs_CN; study_11_EOAD_vs_CN; study_2_EOAD_vs_CN; study_3_Olink_EOAD_vs_CN; study_3_Soma_EOAD_vs_CN; study_4_EOAD_vs_CN; study_5_EOAD_vs_CN; study_7_EOAD_vs_CN; study_8_EOAD_vs_CN; study_9_EOAD_vs_CN",5,"study_1; study_11; study_4; study_7; study_8",0.73967751110948
"WSCD2",-0.0409088886032076,-0.170148158424247,0.0883303812178315,-0.51291112042952,0.608013494216951,0,NA,NA,NA,3,503,"study_1_EOAD_vs_CN; study_11_EOAD_vs_CN; study_2_EOAD_vs_CN",2,"study_1; study_11",0.85007131952415
"IGKV2D-26",-0.0141069344070875,-0.175985686266995,0.14777181745282,-0.512219968372285,0.608497069384115,0.50405764976073,NA,NA,NA,2,660,"study_1_EOAD_vs_CN; study_11_EOAD_vs_CN",2,"study_1; study_11",0.85007131952415
"KRT1",-0.0884994955358558,-0.306569223933897,0.129570232862185,-0.51191238622969,0.608712329027129,0.369882344226061,-0.0997178857256739,-0.20923731945473,-0.0174280284004777,7,1110,"study_1_EOAD_vs_CN; study_10_EOAD_vs_CN; study_11_EOAD_vs_CN; study_2_EOAD_vs_CN; study_3_Soma_EOAD_vs_CN; study_4_EOAD_vs_CN; study_5_EOAD_vs_CN",3,"study_1; study_11; study_4",0.76727315645583
"HYAL1",0.0146013299919531,-0.030926547667091,0.0601292076509972,0.510882108965041,0.609433609650919,0,0.0144680522830235,0.000716167818556381,0.0310511917586273,7,989,"study_1_EOAD_vs_CN; study_11_EOAD_vs_CN; study_2_EOAD_vs_CN; study_3_Soma_EOAD_vs_CN; study_4_EOAD_vs_CN; study_5_EOAD_vs_CN; study_7_EOAD_vs_CN",4,"study_1; study_11; study_4; study_7",0.746285168058583
"ERMN",-0.0407716051176482,-0.162074152073775,0.0805309418384783,-0.510519364047169,0.609687651980196,0.294074866511981,NA,NA,NA,3,439,"study_11_EOAD_vs_CN; study_2_EOAD_vs_CN; study_3_Soma_EOAD_vs_CN",2,"study_11; study_2",0.85007131952415
"APOE",0.0341239816578672,-0.11943864718761,0.187686610503344,0.51027889331853,0.609856087563538,0.744448883034634,0.0323353160784879,-0.00243269955070085,0.0569349978371467,8,1231,"study_1_EOAD_vs_CN; study_10_EOAD_vs_CN; study_11_EOAD_vs_CN; study_2_EOAD_vs_CN; study_3_Soma_EOAD_vs_CN; study_4_EOAD_vs_CN; study_5_EOAD_vs_CN; study_7_EOAD_vs_CN",4,"study_1; study_11; study_4; study_7",0.746285168058583
"CNTN6",-0.00555223195661855,-0.0409503238495065,0.0298458599362694,-0.510204524062339,0.609908183032649,0.807521081578851,-0.0031514214500114,-0.029207396892709,0.0122258637307685,7,1032,"study_1_EOAD_vs_CN; study_11_EOAD_vs_CN; study_2_EOAD_vs_CN; study_3_Soma_EOAD_vs_CN; study_4_EOAD_vs_CN; study_5_EOAD_vs_CN; study_7_EOAD_vs_CN",4,"study_1; study_11; study_4; study_7",0.746285168058583
"ADM2",0.0228326664740569,-0.0362161246479523,0.0818814575960661,0.510158817032654,0.609940201667978,0.47710394807883,NA,NA,NA,3,716,"study_7_EOAD_vs_CN; study_8_EOAD_vs_CN; study_9_EOAD_vs_CN",2,"study_7; study_8",0.85007131952415
"ADPGK",-0.0199762573866053,-0.108373354131236,0.0684208393580252,-0.510109371602606,0.609974839963894,0,NA,NA,NA,5,699,"study_1_EOAD_vs_CN; study_11_EOAD_vs_CN; study_2_EOAD_vs_CN; study_3_Soma_EOAD_vs_CN; study_5_EOAD_vs_CN",2,"study_1; study_11",0.85007131952415
"GCHFR",0.0241967607537884,-0.186584885246052,0.234978406753628,0.506089599778328,0.612793751259749,0,0.0327998629233254,0.0219406111879533,0.053249842732723,4,408,"study_11_EOAD_vs_CN; study_2_EOAD_vs_CN; study_3_Soma_EOAD_vs_CN; study_7_EOAD_vs_CN",3,"study_11; study_2; study_7",0.770716369976469
"FSTL5",-0.0150721046744639,-0.0581526446390361,0.0280084352901083,-0.504765219125672,0.613723747326661,0.745167294921812,-0.018600706799823,-0.0647541765105041,0.0100211754431663,7,1033,"study_1_EOAD_vs_CN; study_11_EOAD_vs_CN; study_2_EOAD_vs_CN; study_3_Soma_EOAD_vs_CN; study_4_EOAD_vs_CN; study_5_EOAD_vs_CN; study_7_EOAD_vs_CN",4,"study_1; study_11; study_4; study_7",0.749789632392882
"GRIN2A",0.0227261641667169,-0.0814727225208057,0.12692505085424,0.503289769033625,0.61476055848899,0,NA,NA,NA,2,97,"study_2_EOAD_vs_CN; study_7_EOAD_vs_CN",2,"study_2; study_7",0.853006488162903
"IL18",-0.0281206380314902,-0.132304927847625,0.0760636517846448,-0.502949156600489,0.61500001919054,0,NA,NA,NA,4,650,"study_2_EOAD_vs_CN; study_3_Olink_EOAD_vs_CN; study_8_EOAD_vs_CN; study_9_EOAD_vs_CN",2,"study_2; study_8",0.853006488162903
"GOLM2",-0.0180883534010865,-0.0537026452196891,0.0175259384175162,-0.502910381518349,0.615027281831403,0.347036323745883,-0.0177767370725877,-0.0364422612569048,-0.000854301833656934,7,1016,"study_1_EOAD_vs_CN; study_11_EOAD_vs_CN; study_2_EOAD_vs_CN; study_3_Soma_EOAD_vs_CN; study_4_EOAD_vs_CN; study_5_EOAD_vs_CN; study_7_EOAD_vs_CN",4,"study_1; study_11; study_4; study_7",0.750219037280411
"TPD52",0.0125805834014164,-0.0841209610506389,0.109282127853472,0.502859155209527,0.615063299706526,0.119823165258892,NA,NA,NA,2,667,"study_1_EOAD_vs_CN; study_11_EOAD_vs_CN",2,"study_1; study_11",0.853006488162903
"TENM3",0.0255841565063469,-0.0568475216027987,0.108015834615492,0.502470296560909,0.615336741461025,0,NA,NA,NA,4,702,"study_1_EOAD_vs_CN; study_11_EOAD_vs_CN; study_2_EOAD_vs_CN; study_5_EOAD_vs_CN",2,"study_1; study_11",0.853006488162903
"FGL2",-0.00693704011158427,-0.0548884928049483,0.0410144125817797,-0.500680791851083,0.616595792655904,0,-0.00661513816033789,-0.00942572448892136,-0.00168287014463532,7,1023,"study_1_EOAD_vs_CN; study_11_EOAD_vs_CN; study_2_EOAD_vs_CN; study_3_Soma_EOAD_vs_CN; study_4_EOAD_vs_CN; study_5_EOAD_vs_CN; study_7_EOAD_vs_CN",4,"study_1; study_11; study_4; study_7",0.750969837114146
"CALB1",0.0229978186371025,-0.0341804760187695,0.0801761132929744,0.499005466774301,0.617775532808784,0.36783934993297,0.0207692146813574,-0.00231693132250883,0.0345633657552469,8,1185,"study_1_EOAD_vs_CN; study_10_EOAD_vs_CN; study_11_EOAD_vs_CN; study_2_EOAD_vs_CN; study_3_Soma_EOAD_vs_CN; study_4_EOAD_vs_CN; study_5_EOAD_vs_CN; study_7_EOAD_vs_CN",4,"study_1; study_11; study_4; study_7",0.7512455553292
"DKK4",-0.0216632812494934,-0.113499349627842,0.0701727871288555,-0.496378317642282,0.619627519776373,0,NA,NA,NA,4,649,"study_3_Olink_EOAD_vs_CN; study_3_Soma_EOAD_vs_CN; study_8_EOAD_vs_CN; study_9_EOAD_vs_CN",2,"study_3_Soma; study_8",0.857819868858176
"IL1R1",0.0187062792039726,-0.126281556833536,0.163694115241481,0.494409110406725,0.621017281211136,0,0.0161224161921772,-0.0261836604918043,0.0536537660320271,6,922,"study_11_EOAD_vs_CN; study_2_EOAD_vs_CN; study_3_Olink_EOAD_vs_CN; study_3_Soma_EOAD_vs_CN; study_8_EOAD_vs_CN; study_9_EOAD_vs_CN",3,"study_11; study_2; study_8",0.779342566091338
"PUDP",-0.0619774028010202,-0.245799925455675,0.121845119853634,-0.493082149014507,0.621954543491726,0.41833488953208,NA,NA,NA,2,386,"study_11_EOAD_vs_CN; study_3_Soma_EOAD_vs_CN",2,"study_11; study_3_Soma",0.859045506030103
"ATP6V1A",-0.0716603405641373,-0.382603876682485,0.23928319555421,-0.492722964531346,0.622208349014458,0,NA,NA,NA,2,334,"study_11_EOAD_vs_CN; study_2_EOAD_vs_CN",2,"study_11; study_2",0.859045506030103
"CEL",-0.00278321473561069,-0.112204557542977,0.106638128071756,-0.492574732446064,0.622313105282174,0.68143194662728,-0.00831661167890942,-0.121505534398744,0.0856932170965709,7,943,"study_1_EOAD_vs_CN; study_11_EOAD_vs_CN; study_2_EOAD_vs_CN; study_3_Soma_EOAD_vs_CN; study_4_EOAD_vs_CN; study_5_EOAD_vs_CN; study_7_EOAD_vs_CN",4,"study_1; study_11; study_4; study_7",0.755573434286984
"TAFA5",-0.0163493848589937,-0.0588835893101227,0.0261848195921353,-0.491246380949164,0.623252198333172,0.848851319547737,-0.0166650772247453,-0.035339069575477,0.000315211413207874,10,1726,"study_1_EOAD_vs_CN; study_10_EOAD_vs_CN; study_11_EOAD_vs_CN; study_2_EOAD_vs_CN; study_3_Olink_EOAD_vs_CN; study_3_Soma_EOAD_vs_CN; study_4_EOAD_vs_CN; study_5_EOAD_vs_CN; study_8_EOAD_vs_CN; study_9_EOAD_vs_CN",4,"study_1; study_11; study_4; study_8",0.755573434286984
"MT1F",-0.0517240076727602,-0.138690437594916,0.0352424222493952,-0.491207804632757,0.623279479460121,0.881879005897246,NA,NA,NA,4,658,"study_1_EOAD_vs_CN; study_11_EOAD_vs_CN; study_2_EOAD_vs_CN; study_5_EOAD_vs_CN",2,"study_1; study_11",0.859045506030103
"XCL1",-0.0300158540848377,-0.177484256292662,0.117452548122986,-0.490483741777318,0.623791631764226,0,NA,NA,NA,4,648,"study_3_Olink_EOAD_vs_CN; study_3_Soma_EOAD_vs_CN; study_8_EOAD_vs_CN; study_9_EOAD_vs_CN",2,"study_3_Soma; study_8",0.859045506030103
"PCDHGC3",0.00911742707119037,-0.0292293641736659,0.0474642183160466,0.489468100755218,0.624510332935354,0,0.00946579094771994,0.00654781779849259,0.0123291610381523,7,1011,"study_1_EOAD_vs_CN; study_11_EOAD_vs_CN; study_2_EOAD_vs_CN; study_3_Soma_EOAD_vs_CN; study_4_EOAD_vs_CN; study_5_EOAD_vs_CN; study_7_EOAD_vs_CN",4,"study_1; study_11; study_4; study_7",0.755935702539262
"IDUA",0.037118407821649,-0.0414851116686701,0.115721927311968,0.487220382356656,0.626102162611828,0.559601379762323,0.0365308730071149,0.0117986934756485,0.0764573647222255,8,1428,"study_1_EOAD_vs_CN; study_11_EOAD_vs_CN; study_2_EOAD_vs_CN; study_3_Olink_EOAD_vs_CN; study_3_Soma_EOAD_vs_CN; study_5_EOAD_vs_CN; study_8_EOAD_vs_CN; study_9_EOAD_vs_CN",3,"study_1; study_11; study_8",0.784000734323144
"PDGFA",-0.00423273599891964,-0.050950491631054,0.0424850196332148,0.486139930493858,0.626867957563659,0.605942114523987,-0.00263382530079766,-0.0256487195747033,0.0432952028948394,9,1566,"study_1_EOAD_vs_CN; study_11_EOAD_vs_CN; study_2_EOAD_vs_CN; study_3_Olink_EOAD_vs_CN; study_3_Soma_EOAD_vs_CN; study_5_EOAD_vs_CN; study_7_EOAD_vs_CN; study_8_EOAD_vs_CN; study_9_EOAD_vs_CN",4,"study_1; study_11; study_7; study_8",0.757625691043196
"GTF2IRD2",0.0239980981010987,-0.111205448288582,0.159201644490779,0.485728005071111,0.627160025096287,0.845922990212995,NA,NA,NA,2,472,"study_11_EOAD_vs_CN; study_4_EOAD_vs_CN",2,"study_11; study_4",0.862468182736243
"H2BC21",0.0423843864559488,-0.148093868164185,0.232862641076083,0.484652419479493,0.627922923118086,0.287170089499814,NA,NA,NA,3,159,"study_3_Soma_EOAD_vs_CN; study_5_EOAD_vs_CN; study_7_EOAD_vs_CN",2,"study_5; study_7",0.862468182736243
"PDIA4",0.0183574044744378,-0.0113779751421876,0.0480927840910631,0.483945742261047,0.628424376097046,0.589581917134733,0.0203159746710235,0.00742678046799011,0.0355325501270345,7,941,"study_1_EOAD_vs_CN; study_11_EOAD_vs_CN; study_2_EOAD_vs_CN; study_3_Soma_EOAD_vs_CN; study_4_EOAD_vs_CN; study_5_EOAD_vs_CN; study_7_EOAD_vs_CN",4,"study_1; study_11; study_4; study_7",0.758343657525992
"C1QC",0.026411143310076,-0.0162081502069355,0.0690304368270875,0.481265025327149,0.630328151008926,0.821880799839769,0.025768611913172,-0.000410075825285378,0.0505864712896468,7,1203,"study_1_EOAD_vs_CN; study_10_EOAD_vs_CN; study_11_EOAD_vs_CN; study_2_EOAD_vs_CN; study_4_EOAD_vs_CN; study_5_EOAD_vs_CN; study_7_EOAD_vs_CN",4,"study_1; study_11; study_4; study_7",0.759477955649898
"MYL12A",-0.0239800027644729,-0.309982148768932,0.262022143239986,-0.481246423868173,0.63034136987594,0,NA,NA,NA,2,309,"study_11_EOAD_vs_CN; study_3_Soma_EOAD_vs_CN",2,"study_11; study_3_Soma",0.863711780604089
"MBP",0.024599442230933,-0.100398210982741,0.149597095444607,0.481177942989942,0.630390035875285,0,0.0229773666303246,0.0126127007065314,0.0331993667409674,5,829,"study_1_EOAD_vs_CN; study_11_EOAD_vs_CN; study_2_EOAD_vs_CN; study_5_EOAD_vs_CN; study_7_EOAD_vs_CN",3,"study_1; study_11; study_7",0.787642692526888
"FGF5",0.0239630347188991,-0.0733245408659636,0.121250610303762,0.481056091460433,0.630476633742489,0,NA,NA,NA,3,622,"study_3_Olink_EOAD_vs_CN; study_8_EOAD_vs_CN; study_9_EOAD_vs_CN",2,"study_3_Olink; study_8",0.863711780604089
"ALAD",-0.0266539617551046,-0.195772389719261,0.142464466209052,-0.479684049749509,0.631452071248068,0,NA,NA,NA,5,810,"study_1_EOAD_vs_CN; study_11_EOAD_vs_CN; study_2_EOAD_vs_CN; study_3_Soma_EOAD_vs_CN; study_5_EOAD_vs_CN",2,"study_1; study_11",0.863918760663153
"DEFA1",-0.0535050628327308,-0.221592026832297,0.114581901166836,-0.47844938337422,0.632330392317978,0,NA,NA,NA,6,640,"study_1_EOAD_vs_CN; study_11_EOAD_vs_CN; study_2_EOAD_vs_CN; study_3_Olink_EOAD_vs_CN; study_3_Soma_EOAD_vs_CN; study_5_EOAD_vs_CN",2,"study_1; study_11",0.863992504757811
"LRP11",-0.00201090428227095,-0.0459701864668255,0.0419483779022836,-0.477615159230061,0.632924139330038,0.786226877857466,-0.00161708263410122,-0.052126769766483,0.0327974337389012,10,1626,"study_1_EOAD_vs_CN; study_11_EOAD_vs_CN; study_2_EOAD_vs_CN; study_3_Olink_EOAD_vs_CN; study_3_Soma_EOAD_vs_CN; study_4_EOAD_vs_CN; study_5_EOAD_vs_CN; study_7_EOAD_vs_CN; study_8_EOAD_vs_CN; study_9_EOAD_vs_CN",5,"study_1; study_11; study_4; study_7; study_8",0.762667728833351
"FETUB",0.0133571676078641,-0.071978148742445,0.0986924839581732,-0.476813931455809,0.633494624420363,0.847106197555971,0.0163486902118637,-0.0245446410989053,0.0522544039877137,9,1215,"study_1_EOAD_vs_CN; study_10_EOAD_vs_CN; study_11_EOAD_vs_CN; study_2_EOAD_vs_CN; study_3_Olink_EOAD_vs_CN; study_3_Soma_EOAD_vs_CN; study_4_EOAD_vs_CN; study_5_EOAD_vs_CN; study_7_EOAD_vs_CN",4,"study_1; study_11; study_4; study_7",0.76212788403549
"PLA2R1",0.0508308833339843,-0.155326178208766,0.256987944876735,0.476650368918642,0.633611109976366,0,NA,NA,NA,3,351,"study_11_EOAD_vs_CN; study_2_EOAD_vs_CN; study_3_Soma_EOAD_vs_CN",2,"study_11; study_2",0.864615160488582
"PRSS8",-0.00246553770392237,-0.0662353162801292,0.0613042408722845,0.475843913448369,0.634185582137841,0.865160442489562,0.00211180292485015,-0.0767930210223867,0.0989618385930293,7,1347,"study_1_EOAD_vs_CN; study_11_EOAD_vs_CN; study_2_EOAD_vs_CN; study_3_Olink_EOAD_vs_CN; study_3_Soma_EOAD_vs_CN; study_8_EOAD_vs_CN; study_9_EOAD_vs_CN",3,"study_1; study_11; study_8",0.790654950656566
"CRTAC1",-0.00241624420557927,-0.0452232899525606,0.0403908015414021,-0.473819884292764,0.635628353765848,0.774528778851352,-0.00153441558811769,-0.0429722868183705,0.0407615417565939,11,1852,"study_1_EOAD_vs_CN; study_10_EOAD_vs_CN; study_11_EOAD_vs_CN; study_2_EOAD_vs_CN; study_3_Olink_EOAD_vs_CN; study_3_Soma_EOAD_vs_CN; study_4_EOAD_vs_CN; study_5_EOAD_vs_CN; study_7_EOAD_vs_CN; study_8_EOAD_vs_CN; study_9_EOAD_vs_CN",5,"study_1; study_11; study_4; study_7; study_8",0.762667728833351
"EEA1",-0.0317758201319301,-0.142087134507272,0.0785354942434118,-0.472748995368174,0.636392266746481,0.569068143627991,NA,NA,NA,2,594,"study_1_EOAD_vs_CN; study_11_EOAD_vs_CN",2,"study_1; study_11",0.866530374241519
"EMILIN1",0.0131658367943746,-0.0544034908178498,0.0807351644065991,0.472417669808947,0.636628694480136,0.267527114703748,0.012151644414335,-0.010458802178837,0.0246004815692689,5,875,"study_1_EOAD_vs_CN; study_11_EOAD_vs_CN; study_2_EOAD_vs_CN; study_5_EOAD_vs_CN; study_7_EOAD_vs_CN",3,"study_1; study_11; study_7",0.791064417123113
"ITGA1",0.00786830408936461,-0.154036481509242,0.169773089687971,-0.472362159362515,0.636668309318673,0.413172299175797,NA,NA,NA,5,688,"study_1_EOAD_vs_CN; study_11_EOAD_vs_CN; study_2_EOAD_vs_CN; study_3_Soma_EOAD_vs_CN; study_5_EOAD_vs_CN",2,"study_1; study_11",0.866530374241519
"ATRNL1",0.00503302518184762,-0.0544097204486618,0.064475770812357,0.471498459645948,0.637284819398655,0,0.00523487897674521,-0.0158045916460193,0.0225916286327457,5,854,"study_1_EOAD_vs_CN; study_11_EOAD_vs_CN; study_2_EOAD_vs_CN; study_4_EOAD_vs_CN; study_5_EOAD_vs_CN",3,"study_1; study_11; study_4",0.791064417123113
"KLK6",-0.00860237599234462,-0.0380304524111421,0.0208257004264529,-0.471411730693657,0.637346740527401,0,-0.00841431491839046,-0.0146270649409531,-0.000285107167376988,11,1853,"study_1_EOAD_vs_CN; study_10_EOAD_vs_CN; study_11_EOAD_vs_CN; study_2_EOAD_vs_CN; study_3_Olink_EOAD_vs_CN; study_3_Soma_EOAD_vs_CN; study_4_EOAD_vs_CN; study_5_EOAD_vs_CN; study_7_EOAD_vs_CN; study_8_EOAD_vs_CN; study_9_EOAD_vs_CN",5,"study_1; study_11; study_4; study_7; study_8",0.762667728833351
"COL15A1",0.0281508856719783,-0.0283383706029291,0.0846401419468857,0.469589938487462,0.638648014504842,0.667574581296103,0.0274311264939262,0.0117252689227565,0.0392699229842479,7,1019,"study_1_EOAD_vs_CN; study_11_EOAD_vs_CN; study_2_EOAD_vs_CN; study_3_Soma_EOAD_vs_CN; study_4_EOAD_vs_CN; study_5_EOAD_vs_CN; study_7_EOAD_vs_CN",4,"study_1; study_11; study_4; study_7",0.766436737539455
"WSCD1",-0.0134220169317598,-0.0587700676678242,0.0319260338043046,-0.469067353959463,0.63902149310079,0.726851581906729,-0.015390085201199,-0.0400017218434777,0.00548670230621991,6,1006,"study_1_EOAD_vs_CN; study_11_EOAD_vs_CN; study_2_EOAD_vs_CN; study_4_EOAD_vs_CN; study_5_EOAD_vs_CN; study_7_EOAD_vs_CN",4,"study_1; study_11; study_4; study_7",0.766436737539455
"PCDHGB6",-0.00422623704953805,-0.0606376518223505,0.0521851777232744,-0.467058948425988,0.640457703675569,0,NA,NA,NA,2,697,"study_1_EOAD_vs_CN; study_11_EOAD_vs_CN",2,"study_1; study_11",0.869390079809611
"CHST7",0.00211703749038994,-0.0906332413008287,0.0948673162816086,0.466307235352474,0.640995600504924,0.621039678193121,0.00719797380686871,-0.0119109407509394,0.0406805426121059,5,846,"study_1_EOAD_vs_CN; study_11_EOAD_vs_CN; study_2_EOAD_vs_CN; study_5_EOAD_vs_CN; study_7_EOAD_vs_CN",3,"study_1; study_11; study_7",0.792230365112804
"REXO2",0.030151709762569,-0.12697057260122,0.187273992126358,0.464736017771663,0.642120511843456,0,NA,NA,NA,4,521,"study_1_EOAD_vs_CN; study_11_EOAD_vs_CN; study_2_EOAD_vs_CN; study_3_Soma_EOAD_vs_CN",2,"study_1; study_11",0.869390079809611
"ANK1",-0.0659795897494655,-0.332727098415531,0.2007679189166,-0.464420164720113,0.642346745721177,0,NA,NA,NA,2,356,"study_11_EOAD_vs_CN; study_2_EOAD_vs_CN",2,"study_11; study_2",0.869390079809611
"IGLV3-27",0.00884254387706076,-0.107005703664643,0.124690791418764,-0.463857758410451,0.642749658741746,0.795288489393898,0.0236214691397924,-0.0593931973790272,0.0746492152326448,4,852,"study_1_EOAD_vs_CN; study_11_EOAD_vs_CN; study_4_EOAD_vs_CN; study_5_EOAD_vs_CN",3,"study_1; study_11; study_4",0.792230365112804
"AP2A2",-0.00157427404611882,-0.0981243433899663,0.0949757952977286,0.463562623602632,0.642961138079843,0.315032326780493,NA,NA,NA,5,816,"study_1_EOAD_vs_CN; study_11_EOAD_vs_CN; study_2_EOAD_vs_CN; study_3_Soma_EOAD_vs_CN; study_5_EOAD_vs_CN",2,"study_1; study_11",0.869390079809611
"FREM2",-0.0383605404171321,-0.115916965742121,0.0391958849078568,-0.463146046752824,0.643259686156187,0.876481752436243,-0.0374048818493339,-0.0796208018623141,0.0240379420698306,5,880,"study_1_EOAD_vs_CN; study_11_EOAD_vs_CN; study_2_EOAD_vs_CN; study_5_EOAD_vs_CN; study_7_EOAD_vs_CN",3,"study_1; study_11; study_7",0.792230365112804
"SPPL2A",-0.0241790774530061,-0.212214875176523,0.163856720270511,-0.462803280732799,0.643505379436722,0,NA,NA,NA,2,268,"study_11_EOAD_vs_CN; study_2_EOAD_vs_CN",2,"study_11; study_2",0.869390079809611
"IGLV2-8",0.0376301781292792,-0.0819198540060428,0.157180210264601,0.462428748897704,0.643773886886762,0,0.0329922361417133,-0.0402009548685636,0.0985774074838865,4,861,"study_1_EOAD_vs_CN; study_11_EOAD_vs_CN; study_4_EOAD_vs_CN; study_5_EOAD_vs_CN",3,"study_1; study_11; study_4",0.792230365112804
"RANBP3",0.0369458793097541,-0.103321102901732,0.17721286152124,0.461411431877497,0.644503451252616,0,NA,NA,NA,2,74,"study_3_Soma_EOAD_vs_CN; study_7_EOAD_vs_CN",2,"study_3_Soma; study_7",0.869390079809611
"IGHV3-43",-0.0229785012139218,-0.145765415817644,0.0998084133897999,-0.460442397082997,0.645198708783649,0,NA,NA,NA,3,782,"study_1_EOAD_vs_CN; study_11_EOAD_vs_CN; study_5_EOAD_vs_CN",2,"study_1; study_11",0.869390079809611
"GSTT1",-0.0345771638548925,-0.206343142074606,0.13718881436482,0.460260126925932,0.645329517617,0.815883106629736,-0.0225745540088954,-0.239174079141381,0.211896269829455,5,662,"study_1_EOAD_vs_CN; study_11_EOAD_vs_CN; study_2_EOAD_vs_CN; study_3_Soma_EOAD_vs_CN; study_7_EOAD_vs_CN",3,"study_1; study_11; study_7",0.792436891525391
"CD2AP",0.00147735605843919,-0.140625808405534,0.143580520522413,-0.460153570652056,0.645405994362478,0.824311059170681,NA,NA,NA,4,649,"study_3_Olink_EOAD_vs_CN; study_3_Soma_EOAD_vs_CN; study_8_EOAD_vs_CN; study_9_EOAD_vs_CN",2,"study_3_Soma; study_8",0.869390079809611
"CADM3",-0.00339287654830543,-0.030484647316157,0.0236988942195461,-0.458527181844291,0.646573738583389,0.264886364575655,-0.00406029216389842,-0.0153242887218668,0.00333916360751007,11,1849,"study_1_EOAD_vs_CN; study_10_EOAD_vs_CN; study_11_EOAD_vs_CN; study_2_EOAD_vs_CN; study_3_Olink_EOAD_vs_CN; study_3_Soma_EOAD_vs_CN; study_4_EOAD_vs_CN; study_5_EOAD_vs_CN; study_7_EOAD_vs_CN; study_8_EOAD_vs_CN; study_9_EOAD_vs_CN",5,"study_1; study_11; study_4; study_7; study_8",0.769386627476323
"OLFM3",0.116309220925946,-0.0693708444458446,0.301989286297736,0.457921966028529,0.647008504981021,0.902432647820279,NA,NA,NA,2,579,"study_1_EOAD_vs_CN; study_11_EOAD_vs_CN",2,"study_1; study_11",0.870429927111823
"DCBLD2",-0.00319722783335898,-0.0580535255247406,0.0516590698580227,-0.454535717921559,0.649443289955051,0.341519140324109,-0.00384363418079611,-0.0209120898808678,0.0212254125807138,7,1414,"study_1_EOAD_vs_CN; study_11_EOAD_vs_CN; study_2_EOAD_vs_CN; study_3_Olink_EOAD_vs_CN; study_5_EOAD_vs_CN; study_8_EOAD_vs_CN; study_9_EOAD_vs_CN",3,"study_1; study_11; study_8",0.795777078464236
"ARSA",0.00151750293589454,-0.0415281225176915,0.0445631283894805,-0.453903498352881,0.649898285514993,0.488599771756751,0.00267253848300343,-0.0147928321576733,0.0241136552132999,9,1551,"study_1_EOAD_vs_CN; study_11_EOAD_vs_CN; study_2_EOAD_vs_CN; study_3_Olink_EOAD_vs_CN; study_3_Soma_EOAD_vs_CN; study_5_EOAD_vs_CN; study_7_EOAD_vs_CN; study_8_EOAD_vs_CN; study_9_EOAD_vs_CN",4,"study_1; study_11; study_7; study_8",0.778297642835584
"POMK",-0.0147914868512699,-0.178611759506824,0.149028785804284,-0.452271019225004,0.651073751114237,0.706001519357098,NA,NA,NA,3,366,"study_11_EOAD_vs_CN; study_2_EOAD_vs_CN; study_3_Soma_EOAD_vs_CN",2,"study_11; study_2",0.87477601431759
"GM2A",-0.00189210665710968,-0.0406780518255837,0.0368938385113644,0.451225892467306,0.651826749989201,0.676413654884056,-0.00288944920456463,-0.022935531823032,0.01412135846411,8,1231,"study_1_EOAD_vs_CN; study_10_EOAD_vs_CN; study_11_EOAD_vs_CN; study_2_EOAD_vs_CN; study_3_Soma_EOAD_vs_CN; study_4_EOAD_vs_CN; study_5_EOAD_vs_CN; study_7_EOAD_vs_CN",4,"study_1; study_11; study_4; study_7",0.779422578135797
"CD160",0.0310480284932977,-0.105174008999045,0.16727006598564,0.44931041117983,0.653207748418839,0,NA,NA,NA,3,622,"study_3_Olink_EOAD_vs_CN; study_8_EOAD_vs_CN; study_9_EOAD_vs_CN",2,"study_3_Olink; study_8",0.875763291372161
"PCDHA4",0.0741521699566251,-0.0869924982125151,0.235296838125765,0.448933179034803,0.653479860546784,0.90371260784245,NA,NA,NA,2,366,"study_11_EOAD_vs_CN; study_3_Soma_EOAD_vs_CN",2,"study_11; study_3_Soma",0.875763291372161
"PLEKHB1",-0.0210268202161041,-0.066686776456179,0.0246331360239709,-0.448106471811289,0.654076357550071,0.746934353554192,-0.0169587079323094,-0.0409803634927831,0.028530161774829,7,978,"study_1_EOAD_vs_CN; study_11_EOAD_vs_CN; study_2_EOAD_vs_CN; study_3_Soma_EOAD_vs_CN; study_4_EOAD_vs_CN; study_5_EOAD_vs_CN; study_7_EOAD_vs_CN",4,"study_1; study_11; study_4; study_7",0.779746780236532
"SHBG",-0.00961167484991439,-0.0991047383274987,0.0798813886276699,-0.448105677002756,0.654076931137497,0.12522841418343,-0.00622585014379512,-0.0382906995253432,0.0355079520702699,7,996,"study_1_EOAD_vs_CN; study_11_EOAD_vs_CN; study_2_EOAD_vs_CN; study_3_Soma_EOAD_vs_CN; study_4_EOAD_vs_CN; study_5_EOAD_vs_CN; study_7_EOAD_vs_CN",4,"study_1; study_11; study_4; study_7",0.779746780236532
"EPHB4",0.00388858634699924,-0.0818959540720166,0.089673126766015,0.447659590680442,0.654398889328323,0,0.00386132188334814,-0.00454049704242537,0.0161608680809194,8,1310,"study_1_EOAD_vs_CN; study_11_EOAD_vs_CN; study_2_EOAD_vs_CN; study_3_Olink_EOAD_vs_CN; study_3_Soma_EOAD_vs_CN; study_5_EOAD_vs_CN; study_8_EOAD_vs_CN; study_9_EOAD_vs_CN",3,"study_1; study_11; study_8",0.800132260827564
"AHSA1",-0.176064479085156,-0.450865018342567,0.0987360601722543,-0.445572338167934,0.655906195712048,0.9665249658745,NA,NA,NA,3,278,"study_11_EOAD_vs_CN; study_2_EOAD_vs_CN; study_3_Soma_EOAD_vs_CN",2,"study_11; study_2",0.877451813066063
"CPLX1",0.0211769399172644,-0.108967212395939,0.151321092230467,0.444869128815371,0.656414333438734,0.677333010745487,NA,NA,NA,3,62,"study_2_EOAD_vs_CN; study_3_Soma_EOAD_vs_CN; study_7_EOAD_vs_CN",2,"study_2; study_7",0.877451813066063
"TMEM130",0.0276322656776492,-0.0526502799716022,0.107914811326901,0.444204529134069,0.656894718029004,0.0675500983355924,0.031033673078333,0.00578823652237996,0.0443346130107971,5,775,"study_1_EOAD_vs_CN; study_11_EOAD_vs_CN; study_2_EOAD_vs_CN; study_5_EOAD_vs_CN; study_7_EOAD_vs_CN",3,"study_1; study_11; study_7",0.801467700843079
"HAVCR1",-0.0199390949661793,-0.0994814952817884,0.0596033053494299,-0.441992190744968,0.658494856957725,0.402235488510057,NA,NA,NA,3,621,"study_3_Olink_EOAD_vs_CN; study_8_EOAD_vs_CN; study_9_EOAD_vs_CN",2,"study_3_Olink; study_8",0.878149961301459
"LRRTM1",0.0795480036722584,-0.205939641551815,0.365035648896332,0.441829664057381,0.658612470976095,0,NA,NA,NA,3,407,"study_11_EOAD_vs_CN; study_2_EOAD_vs_CN; study_3_Soma_EOAD_vs_CN",2,"study_11; study_2",0.878149961301459
"ITIH4",0.016361925521622,-0.0714041248073524,0.104127975850597,-0.441514606658394,0.658840489380708,0.730840386561304,0.0190452057515851,-0.0206351432198675,0.0820649969778394,8,1219,"study_1_EOAD_vs_CN; study_10_EOAD_vs_CN; study_11_EOAD_vs_CN; study_2_EOAD_vs_CN; study_3_Soma_EOAD_vs_CN; study_4_EOAD_vs_CN; study_5_EOAD_vs_CN; study_7_EOAD_vs_CN",4,"study_1; study_11; study_4; study_7",0.784239132374619
"UFD1",0.0407830362417016,-0.215578291036809,0.297144363520212,0.440189062632474,0.659800180669019,0,NA,NA,NA,2,402,"study_11_EOAD_vs_CN; study_2_EOAD_vs_CN",2,"study_11; study_2",0.878615742491909
"IGKV1-8",-0.014391241471758,-0.109637772146736,0.0808552892032196,-0.439944332708019,0.659977425951411,0.523010319086245,-0.0130167017062403,-0.0716710226804455,0.0308189414467082,5,828,"study_1_EOAD_vs_CN; study_11_EOAD_vs_CN; study_2_EOAD_vs_CN; study_5_EOAD_vs_CN; study_7_EOAD_vs_CN",3,"study_1; study_11; study_7",0.803511962085833
"PLG",0.00446613978341242,-0.0826739028336607,0.0916061824004855,-0.439859430238512,0.660038920897535,0.472130207593657,0.00642604294572954,-0.0255068186208799,0.0461726226459477,8,1231,"study_1_EOAD_vs_CN; study_10_EOAD_vs_CN; study_11_EOAD_vs_CN; study_2_EOAD_vs_CN; study_3_Soma_EOAD_vs_CN; study_4_EOAD_vs_CN; study_5_EOAD_vs_CN; study_7_EOAD_vs_CN",4,"study_1; study_11; study_4; study_7",0.784480648065245
"GSTM3",0.143393046931975,-0.268124429612912,0.554910523476863,0.437163811556703,0.661992552354954,0.749766413352476,NA,NA,NA,3,399,"study_11_EOAD_vs_CN; study_2_EOAD_vs_CN; study_3_Soma_EOAD_vs_CN",2,"study_11; study_2",0.880052001182822
"GASK1A",0.00924853276126085,-0.0477811224090236,0.0662781879315453,0.435619833726991,0.663112578185483,0.476308578729465,0.0107558226695859,-0.002922715362978,0.0282334943602718,5,906,"study_1_EOAD_vs_CN; study_11_EOAD_vs_CN; study_2_EOAD_vs_CN; study_5_EOAD_vs_CN; study_7_EOAD_vs_CN",3,"study_1; study_11; study_7",0.804360130285195
"LUZP2",0.0398798069248775,-0.0541714801174912,0.133931093967246,0.435469555445656,0.66322163269454,0.627854592596239,NA,NA,NA,4,630,"study_1_EOAD_vs_CN; study_11_EOAD_vs_CN; study_2_EOAD_vs_CN; study_5_EOAD_vs_CN",2,"study_1; study_11",0.880052001182822
"TNFSF14",0.0189432573312466,-0.0629980059623967,0.10088452062489,0.435226570544422,0.663397977990867,0,NA,NA,NA,3,622,"study_3_Olink_EOAD_vs_CN; study_8_EOAD_vs_CN; study_9_EOAD_vs_CN",2,"study_3_Olink; study_8",0.880052001182822
"ST3GAL1",-0.0534809142678801,-0.191247165196913,0.0842853366611529,-0.433494410436115,0.664655625947261,0.664355123217227,-0.0511163124371247,-0.137376177751139,0.0341309079091117,5,987,"study_11_EOAD_vs_CN; study_3_Olink_EOAD_vs_CN; study_3_Soma_EOAD_vs_CN; study_8_EOAD_vs_CN; study_9_EOAD_vs_CN",3,"study_11; study_3_Soma; study_8",0.804360130285195
"EIF5A",-0.00817719229120521,-0.119117942606578,0.102763558024167,-0.433157788305172,0.664900142722613,0,-0.00213844438974849,-0.0388253225645168,0.0185871894318857,6,864,"study_1_EOAD_vs_CN; study_11_EOAD_vs_CN; study_2_EOAD_vs_CN; study_3_Soma_EOAD_vs_CN; study_5_EOAD_vs_CN; study_7_EOAD_vs_CN",3,"study_1; study_11; study_7",0.804360130285195
"GALNT10",0.00350773792824556,-0.0236408383614572,0.0306563142179483,-0.432385014353793,0.665461607846446,0.49296486386596,0.00340303072520995,-0.00709789834730315,0.0117862737260024,10,1654,"study_1_EOAD_vs_CN; study_11_EOAD_vs_CN; study_2_EOAD_vs_CN; study_3_Olink_EOAD_vs_CN; study_3_Soma_EOAD_vs_CN; study_4_EOAD_vs_CN; study_5_EOAD_vs_CN; study_7_EOAD_vs_CN; study_8_EOAD_vs_CN; study_9_EOAD_vs_CN",5,"study_1; study_11; study_4; study_7; study_8",0.787462902618294
"ACP6",0.0265209646458649,-0.0920543601178127,0.145096289409543,0.431130449312691,0.666373521616476,0.254825591990727,0.0256881485896791,-0.0185448546886943,0.0517074011552446,8,1220,"study_1_EOAD_vs_CN; study_11_EOAD_vs_CN; study_3_Olink_EOAD_vs_CN; study_3_Soma_EOAD_vs_CN; study_5_EOAD_vs_CN; study_7_EOAD_vs_CN; study_8_EOAD_vs_CN; study_9_EOAD_vs_CN",4,"study_1; study_11; study_7; study_8",0.790816769629191
"TENM2",-0.0100655154282537,-0.0971384186699733,0.077007387813466,-0.429157265434034,0.667808780251329,0,NA,NA,NA,4,779,"study_1_EOAD_vs_CN; study_11_EOAD_vs_CN; study_2_EOAD_vs_CN; study_5_EOAD_vs_CN",2,"study_1; study_11",0.883142309743737
"RAB6B",-0.0444709754489026,-0.125068413822379,0.0361264629245734,-0.429129023705414,0.667829331616092,0.864315184620355,NA,NA,NA,4,748,"study_1_EOAD_vs_CN; study_11_EOAD_vs_CN; study_3_Soma_EOAD_vs_CN; study_5_EOAD_vs_CN",2,"study_1; study_11",0.883142309743737
"IGHV1-46",0.0484016136506827,-0.0946523060676557,0.191455533369021,0.428669087467254,0.668164059966109,0,0.0430118554254536,-0.0175132769189025,0.08935780059533,4,800,"study_1_EOAD_vs_CN; study_11_EOAD_vs_CN; study_2_EOAD_vs_CN; study_7_EOAD_vs_CN",3,"study_1; study_11; study_7",0.80632613890013
"PGD",-0.022315239055701,-0.100745689613262,0.0561152115018599,-0.42753655078983,0.668988568782463,0,NA,NA,NA,5,833,"study_1_EOAD_vs_CN; study_11_EOAD_vs_CN; study_2_EOAD_vs_CN; study_3_Soma_EOAD_vs_CN; study_5_EOAD_vs_CN",2,"study_1; study_11",0.883142309743737
"PXYLP1",0.0196953503522973,-0.0581384439911663,0.0975291446957608,0.427385898562569,0.669098276656991,0,NA,NA,NA,3,642,"study_1_EOAD_vs_CN; study_11_EOAD_vs_CN; study_3_Soma_EOAD_vs_CN",2,"study_1; study_11",0.883142309743737
"PNP",-0.138619780870491,-0.350481720154659,0.0732421584136763,-0.427040891123565,0.66934954437594,0.900247716166442,-0.0799187306854017,-0.191690840341496,0.101595042545135,4,521,"study_11_EOAD_vs_CN; study_2_EOAD_vs_CN; study_3_Soma_EOAD_vs_CN; study_7_EOAD_vs_CN",3,"study_11; study_2; study_7",0.80632613890013
"MFAP4",0.00414913507636085,-0.0366440067196031,0.0449422768723248,0.425574820203374,0.670417691362713,0,0.00510588101952552,-0.00470784897140283,0.0206179465998377,7,1037,"study_1_EOAD_vs_CN; study_11_EOAD_vs_CN; study_2_EOAD_vs_CN; study_3_Soma_EOAD_vs_CN; study_4_EOAD_vs_CN; study_5_EOAD_vs_CN; study_7_EOAD_vs_CN",4,"study_1; study_11; study_4; study_7",0.794419760592208
"TOR1AIP1",0.0367985027467567,-0.188625612942732,0.262222618436245,0.425176108561463,0.670708299267601,0,NA,NA,NA,3,348,"study_11_EOAD_vs_CN; study_2_EOAD_vs_CN; study_3_Soma_EOAD_vs_CN",2,"study_11; study_2",0.884153833499931
"CLEC11A",0.0227893186180905,-0.0248457943963247,0.0704244316325057,0.424041192919652,0.671535771832895,0.51503511710048,0.0228296402336837,0.0121005870176153,0.044873894594236,10,1643,"study_1_EOAD_vs_CN; study_11_EOAD_vs_CN; study_2_EOAD_vs_CN; study_3_Olink_EOAD_vs_CN; study_3_Soma_EOAD_vs_CN; study_4_EOAD_vs_CN; study_5_EOAD_vs_CN; study_7_EOAD_vs_CN; study_8_EOAD_vs_CN; study_9_EOAD_vs_CN",5,"study_1; study_11; study_4; study_7; study_8",0.790260328179042
"NECTIN4",-0.0175460722194021,-0.102864248077652,0.0677721036388483,-0.420951677635371,0.673790368092004,0,NA,NA,NA,3,622,"study_3_Olink_EOAD_vs_CN; study_8_EOAD_vs_CN; study_9_EOAD_vs_CN",2,"study_3_Olink; study_8",0.885582760330189
"LAMB2",-0.00208557291571944,-0.0254453107545685,0.0212741649231296,-0.420751459148426,0.673936580414604,0,-0.00179415230806331,-0.00502837730261658,0.00625249906299766,6,1010,"study_1_EOAD_vs_CN; study_11_EOAD_vs_CN; study_2_EOAD_vs_CN; study_4_EOAD_vs_CN; study_5_EOAD_vs_CN; study_7_EOAD_vs_CN",4,"study_1; study_11; study_4; study_7",0.797390428478541
"NMB",-0.0929269041762339,-0.39604014480099,0.210186336448523,-0.419520832593478,0.67483553284377,0.754131606295126,NA,NA,NA,3,311,"study_11_EOAD_vs_CN; study_2_EOAD_vs_CN; study_3_Soma_EOAD_vs_CN",2,"study_11; study_2",0.885582760330189
"CRYZ",0.0327300279348449,-0.111630669092205,0.177090724961894,0.419313111162794,0.674987315750424,0,NA,NA,NA,4,464,"study_11_EOAD_vs_CN; study_2_EOAD_vs_CN; study_3_Soma_EOAD_vs_CN; study_5_EOAD_vs_CN",2,"study_11; study_2",0.885582760330189
"CD79B",0.0174421545198899,-0.0701303607994456,0.105014669839225,0.418011153335759,0.675938962619325,0,NA,NA,NA,3,622,"study_3_Olink_EOAD_vs_CN; study_8_EOAD_vs_CN; study_9_EOAD_vs_CN",2,"study_3_Olink; study_8",0.885582760330189
"B4GALNT4",-0.0373207538810469,-0.0902647754122309,0.0156232676501372,-0.417903909135546,0.676017374297854,0.92708155096014,NA,NA,NA,4,810,"study_1_EOAD_vs_CN; study_11_EOAD_vs_CN; study_2_EOAD_vs_CN; study_5_EOAD_vs_CN",2,"study_1; study_11",0.885582760330189
"CCL14",0.0132897562113386,-0.0544771823950974,0.0810566948177746,0.417680305638218,0.676180873466452,0,0.0135797700761243,-0.00430548205846057,0.0256642877179195,9,1576,"study_1_EOAD_vs_CN; study_11_EOAD_vs_CN; study_2_EOAD_vs_CN; study_3_Olink_EOAD_vs_CN; study_3_Soma_EOAD_vs_CN; study_5_EOAD_vs_CN; study_7_EOAD_vs_CN; study_8_EOAD_vs_CN; study_9_EOAD_vs_CN",4,"study_1; study_11; study_7; study_8",0.79884636925272
"TMEM178A",0.0200650167090147,-0.0609902125748126,0.101120245992842,0.416639996749946,0.676941749366883,0,NA,NA,NA,4,585,"study_1_EOAD_vs_CN; study_11_EOAD_vs_CN; study_2_EOAD_vs_CN; study_5_EOAD_vs_CN",2,"study_1; study_11",0.885686583441315
"KNG1",0.0151319093537387,-0.0682746487457867,0.0985384674532641,-0.414681667807336,0.678374954202886,0.718936831605981,0.0174733919807166,-0.0185684847873123,0.0796194735855775,8,1231,"study_1_EOAD_vs_CN; study_10_EOAD_vs_CN; study_11_EOAD_vs_CN; study_2_EOAD_vs_CN; study_3_Soma_EOAD_vs_CN; study_4_EOAD_vs_CN; study_5_EOAD_vs_CN; study_7_EOAD_vs_CN",4,"study_1; study_11; study_4; study_7",0.800238718430949
"BOD1L1",0.109310181842805,-0.112419119666388,0.331039483351998,-0.413472944195834,0.679260141098808,0.950801585501801,NA,NA,NA,2,509,"study_1_EOAD_vs_CN; study_11_EOAD_vs_CN",2,"study_1; study_11",0.887264726777915
"IL6R",0.0112251260480658,-0.036632407139048,0.0590826592351797,0.413301284149977,0.679385889140607,0.716649105195848,0.00905950295138357,-0.039536675252897,0.0388886313397073,8,1459,"study_1_EOAD_vs_CN; study_11_EOAD_vs_CN; study_2_EOAD_vs_CN; study_3_Olink_EOAD_vs_CN; study_3_Soma_EOAD_vs_CN; study_5_EOAD_vs_CN; study_8_EOAD_vs_CN; study_9_EOAD_vs_CN",3,"study_1; study_11; study_8",0.81251188796679
"ELN",0.047451490667774,-0.105913737654909,0.200816718990457,0.41267983867536,0.679841198094147,0.585041932946265,NA,NA,NA,2,483,"study_11_EOAD_vs_CN; study_7_EOAD_vs_CN",2,"study_11; study_7",0.887264726777915
"ITGAV",0.0083328085462051,-0.0676312935324934,0.0842969106249036,0.412056315491648,0.680298146673172,0,0.0056187176423343,-0.0200141636235169,0.0273688538092141,6,885,"study_11_EOAD_vs_CN; study_2_EOAD_vs_CN; study_3_Olink_EOAD_vs_CN; study_3_Soma_EOAD_vs_CN; study_8_EOAD_vs_CN; study_9_EOAD_vs_CN",3,"study_11; study_2; study_8",0.81251188796679
"MGRN1",-0.0714118826233576,-0.180317957001851,0.0374941917551364,-0.411862730352794,0.68044003931548,0.902384560229198,-0.0540637838930385,-0.124117741118572,0.0390774877932294,3,605,"study_1_EOAD_vs_CN; study_11_EOAD_vs_CN; study_7_EOAD_vs_CN",3,"study_1; study_11; study_7",0.81251188796679
"IGHA2",0.0644244400720782,-0.0602997701036875,0.189148650247844,0.410611066231683,0.681357747943579,0.761692323920696,0.0537632031604691,-0.0973178134177544,0.172754452448237,6,1081,"study_1_EOAD_vs_CN; study_10_EOAD_vs_CN; study_11_EOAD_vs_CN; study_2_EOAD_vs_CN; study_5_EOAD_vs_CN; study_7_EOAD_vs_CN",3,"study_1; study_11; study_7",0.81251188796679
"GXYLT1",-0.00982748342588154,-0.0724692494419989,0.0528142825902358,-0.410532076124443,0.681415678602497,0,NA,NA,NA,5,792,"study_1_EOAD_vs_CN; study_11_EOAD_vs_CN; study_2_EOAD_vs_CN; study_3_Soma_EOAD_vs_CN; study_5_EOAD_vs_CN",2,"study_1; study_11",0.888213471611215
"PTPRR",-0.0128047114281513,-0.0463369862472311,0.0207275633909285,-0.409181876413868,0.682406193600533,0.844272627019883,-0.0101622475650288,-0.028280105478849,-0.00106966397875919,6,953,"study_1_EOAD_vs_CN; study_11_EOAD_vs_CN; study_2_EOAD_vs_CN; study_3_Soma_EOAD_vs_CN; study_5_EOAD_vs_CN; study_7_EOAD_vs_CN",3,"study_1; study_11; study_7",0.81251188796679
"SDC1",-0.00456359105406063,-0.157337662517071,0.14821048040895,0.406794409866824,0.684158992827869,0.326708280244414,-0.00488698556264864,-0.0592242269160794,0.046045124896411,5,958,"study_11_EOAD_vs_CN; study_2_EOAD_vs_CN; study_3_Olink_EOAD_vs_CN; study_8_EOAD_vs_CN; study_9_EOAD_vs_CN",3,"study_11; study_2; study_8",0.81251188796679
"MGAT2",0.0558859524112204,-0.0219333282654663,0.133705233087907,0.406404769791436,0.684445215607752,0.894746675236071,0.0608921851610378,0.0194265202544293,0.10529184932387,6,952,"study_1_EOAD_vs_CN; study_11_EOAD_vs_CN; study_2_EOAD_vs_CN; study_3_Soma_EOAD_vs_CN; study_5_EOAD_vs_CN; study_7_EOAD_vs_CN",3,"study_1; study_11; study_7",0.81251188796679
"ITGB1",0.0177189404262008,-0.0258394222461162,0.0612773030985178,0.406044310573124,0.684710043004113,0.302940492905599,0.0174431927212617,-0.000195322276919179,0.0295391390564248,8,1469,"study_1_EOAD_vs_CN; study_11_EOAD_vs_CN; study_2_EOAD_vs_CN; study_3_Olink_EOAD_vs_CN; study_5_EOAD_vs_CN; study_7_EOAD_vs_CN; study_8_EOAD_vs_CN; study_9_EOAD_vs_CN",4,"study_1; study_11; study_7; study_8",0.806477443257584
"SAE1",0.0104015034999259,-0.145374692193451,0.166177699193302,-0.404512056929782,0.685836213554143,0.610664255240281,NA,NA,NA,3,332,"study_1_EOAD_vs_CN; study_4_EOAD_vs_CN; study_5_EOAD_vs_CN",2,"study_1; study_4",0.892865033297816
"EFNA1",-0.018622576776107,-0.066674174344425,0.0294290207922111,-0.403828523446673,0.686338820006016,0.223435977613035,-0.0174217324355703,-0.0321477888705405,0.00564202648998689,7,1033,"study_1_EOAD_vs_CN; study_11_EOAD_vs_CN; study_2_EOAD_vs_CN; study_3_Soma_EOAD_vs_CN; study_4_EOAD_vs_CN; study_5_EOAD_vs_CN; study_7_EOAD_vs_CN",4,"study_1; study_11; study_4; study_7",0.806477443257584
"ENPP5",0.000769280955883606,-0.0448252444685638,0.046363806380331,0.403291267584438,0.68673396500741,0.74306192908973,0.00561146453049709,-0.0188838317964129,0.0680928454594113,7,1030,"study_1_EOAD_vs_CN; study_11_EOAD_vs_CN; study_2_EOAD_vs_CN; study_3_Soma_EOAD_vs_CN; study_4_EOAD_vs_CN; study_5_EOAD_vs_CN; study_7_EOAD_vs_CN",4,"study_1; study_11; study_4; study_7",0.806477443257584
"DSCAM",0.0427356370207446,-0.107554054121729,0.193025328163219,0.401330929092342,0.688176495072606,0.343813245139618,NA,NA,NA,3,424,"study_11_EOAD_vs_CN; study_2_EOAD_vs_CN; study_3_Soma_EOAD_vs_CN",2,"study_11; study_2",0.893828840277905
"LSP1",-0.0177801439776628,-0.498247290359667,0.462687002404341,-0.401187174645874,0.688282322618577,0,NA,NA,NA,3,258,"study_11_EOAD_vs_CN; study_3_Olink_EOAD_vs_CN; study_3_Soma_EOAD_vs_CN",2,"study_11; study_3_Soma",0.893828840277905
"SHISA6",-0.00930390212826323,-0.0578974543892191,0.0392896501326926,-0.399083747257447,0.689831497420041,0,-0.0101170469051351,-0.015345436497856,-0.00318871525617653,7,1175,"study_1_EOAD_vs_CN; study_10_EOAD_vs_CN; study_11_EOAD_vs_CN; study_2_EOAD_vs_CN; study_4_EOAD_vs_CN; study_5_EOAD_vs_CN; study_7_EOAD_vs_CN",4,"study_1; study_11; study_4; study_7",0.80890955352231
"FAM3B",0.0376418577107881,-0.0943165166089525,0.169600232030529,0.397103051244222,0.691291469974606,0,0.0345540755452258,-0.0237421334269411,0.0914557976079714,8,1314,"study_1_EOAD_vs_CN; study_11_EOAD_vs_CN; study_2_EOAD_vs_CN; study_3_Olink_EOAD_vs_CN; study_3_Soma_EOAD_vs_CN; study_5_EOAD_vs_CN; study_8_EOAD_vs_CN; study_9_EOAD_vs_CN",3,"study_1; study_11; study_8",0.818365627433772
"TMEM9B",-0.0753496541808304,-0.357403677211119,0.206704368849458,-0.395848034968922,0.692217138293693,0.521912450634556,NA,NA,NA,3,308,"study_11_EOAD_vs_CN; study_2_EOAD_vs_CN; study_5_EOAD_vs_CN",2,"study_11; study_2",0.897826189272018
"F13A1",0.0023252134914356,-0.0707140814817744,0.0753645084646456,-0.395813348581955,0.692242728634872,0.369880765412136,0.00932077380707567,-0.0270657322895039,0.0327790699770434,6,905,"study_1_EOAD_vs_CN; study_11_EOAD_vs_CN; study_2_EOAD_vs_CN; study_3_Soma_EOAD_vs_CN; study_4_EOAD_vs_CN; study_5_EOAD_vs_CN",3,"study_1; study_11; study_4",0.818365627433772
"GRIA2",-0.00407153764307901,-0.0503863523043159,0.0422432770181579,-0.394469825456272,0.693234200714578,0.823898389590125,0.00215449947953766,-0.02611491899985,0.0409984112901807,6,909,"study_1_EOAD_vs_CN; study_11_EOAD_vs_CN; study_2_EOAD_vs_CN; study_4_EOAD_vs_CN; study_5_EOAD_vs_CN; study_7_EOAD_vs_CN",4,"study_1; study_11; study_4; study_7",0.811691753585568
"LYPD6B",0.0309556823752286,-0.124406285658485,0.186317650408943,0.394252992158512,0.693394265242037,0,NA,NA,NA,3,588,"study_1_EOAD_vs_CN; study_11_EOAD_vs_CN; study_2_EOAD_vs_CN",2,"study_1; study_11",0.898241273144196
"ASPN",-0.0271407068606518,-0.253184898263629,0.198903484542325,-0.39257560566743,0.694632959819568,0.550453271649774,-0.0474432637526416,-0.0992044309069549,-0.00152810142052826,3,350,"study_11_EOAD_vs_CN; study_3_Soma_EOAD_vs_CN; study_7_EOAD_vs_CN",3,"study_11; study_3_Soma; study_7",0.819494669539201
"LTBP3",-0.0116364866092688,-0.0533254184756612,0.0300524452571236,-0.391767923712673,0.695229697510717,0,NA,NA,NA,4,793,"study_1_EOAD_vs_CN; study_11_EOAD_vs_CN; study_2_EOAD_vs_CN; study_5_EOAD_vs_CN",2,"study_1; study_11",0.898708505799327
"ITGA7",0.00609747675894126,-0.0369560597616706,0.0491510132795531,0.39128470494921,0.695586803165314,0,0.00769746176130773,-0.00104755894383536,0.0155223042874362,6,899,"study_1_EOAD_vs_CN; study_11_EOAD_vs_CN; study_2_EOAD_vs_CN; study_4_EOAD_vs_CN; study_5_EOAD_vs_CN; study_7_EOAD_vs_CN",4,"study_1; study_11; study_4; study_7",0.813237983522652
"CNP",0.0392009076214791,-0.0977550504081837,0.176156865651142,0.389427662151896,0.696959812436308,0,NA,NA,NA,4,498,"study_1_EOAD_vs_CN; study_11_EOAD_vs_CN; study_2_EOAD_vs_CN; study_3_Soma_EOAD_vs_CN",2,"study_1; study_11",0.898708505799327
"CFH",0.0134341672402873,-0.0342387742915265,0.0611071087721012,0.388288302909746,0.697802692480239,0.376938659107204,0.0146758308718178,-0.000572634210539849,0.0231830369292635,8,1231,"study_1_EOAD_vs_CN; study_10_EOAD_vs_CN; study_11_EOAD_vs_CN; study_2_EOAD_vs_CN; study_3_Soma_EOAD_vs_CN; study_4_EOAD_vs_CN; study_5_EOAD_vs_CN; study_7_EOAD_vs_CN",4,"study_1; study_11; study_4; study_7",0.814620032110265
"MSMP",-0.0199097916168573,-0.412523911774006,0.372704328540292,-0.385837462037749,0.69961704882859,0.51892660051964,NA,NA,NA,2,274,"study_11_EOAD_vs_CN; study_3_Soma_EOAD_vs_CN",2,"study_11; study_3_Soma",0.898708505799327
"KRT86",0.0123562856950034,-0.165765029828399,0.190477601218406,0.384816159285781,0.700373625996106,0.667345410521485,NA,NA,NA,2,137,"study_2_EOAD_vs_CN; study_7_EOAD_vs_CN",2,"study_2; study_7",0.898708505799327
"IL1RN",-0.0048078299838586,-0.148771940881021,0.139156280913303,0.384424205509662,0.700664062859315,0.950490254025623,NA,NA,NA,4,639,"study_2_EOAD_vs_CN; study_3_Olink_EOAD_vs_CN; study_8_EOAD_vs_CN; study_9_EOAD_vs_CN",2,"study_2; study_8",0.898708505799327
"CLEC1B",0.0263899279112186,-0.106880255946698,0.159660111769135,0.383456391395534,0.701381398303803,0,NA,NA,NA,3,622,"study_3_Olink_EOAD_vs_CN; study_8_EOAD_vs_CN; study_9_EOAD_vs_CN",2,"study_3_Olink; study_8",0.898708505799327
"PSMB3",0.0913996445141994,-0.155295711362487,0.338095000390885,0.383311708865394,0.701488658634473,0.668258894747616,NA,NA,NA,2,38,"study_2_EOAD_vs_CN; study_7_EOAD_vs_CN",2,"study_2; study_7",0.898708505799327
"ACTN1",-0.0314777092355933,-0.220867218065266,0.15791179959408,-0.38321233618623,0.701562331972958,0,NA,NA,NA,3,422,"study_11_EOAD_vs_CN; study_2_EOAD_vs_CN; study_3_Soma_EOAD_vs_CN",2,"study_11; study_2",0.898708505799327
"RPH3A",-0.0578743067231866,-0.141606533789699,0.0258579203433255,0.383189268635762,0.701579434292639,0.969602592867985,NA,NA,NA,3,646,"study_1_EOAD_vs_CN; study_11_EOAD_vs_CN; study_2_EOAD_vs_CN",2,"study_1; study_11",0.898708505799327
"DNASE2",-0.00509919949399923,-0.0556604531017036,0.0454620541137052,-0.382549327872573,0.702053947664011,0,-0.00577127565917826,-0.019379912553036,0.00400589550944457,6,996,"study_1_EOAD_vs_CN; study_11_EOAD_vs_CN; study_2_EOAD_vs_CN; study_4_EOAD_vs_CN; study_5_EOAD_vs_CN; study_7_EOAD_vs_CN",4,"study_1; study_11; study_4; study_7",0.818370578046214
"TACSTD2",-0.0132915712766175,-0.095919136032705,0.06933599347947,-0.382176560401622,0.702330406726764,0,NA,NA,NA,3,622,"study_3_Olink_EOAD_vs_CN; study_8_EOAD_vs_CN; study_9_EOAD_vs_CN",2,"study_3_Olink; study_8",0.898708505799327
"PTPRZ1",0.00721308647056828,-0.0256523999438308,0.0400785728849674,0.380670453809594,0.703447795516811,0,0.00684036053832669,-0.00077841473536673,0.0130550037509292,7,1203,"study_1_EOAD_vs_CN; study_10_EOAD_vs_CN; study_11_EOAD_vs_CN; study_2_EOAD_vs_CN; study_4_EOAD_vs_CN; study_5_EOAD_vs_CN; study_7_EOAD_vs_CN",4,"study_1; study_11; study_4; study_7",0.818784140128873
"LARGE1",0.00381950401862766,-0.121503782458774,0.129142790496029,-0.378664386719211,0.704937102593638,0,NA,NA,NA,5,638,"study_1_EOAD_vs_CN; study_11_EOAD_vs_CN; study_2_EOAD_vs_CN; study_3_Soma_EOAD_vs_CN; study_5_EOAD_vs_CN",2,"study_1; study_11",0.900944004290405
"CPQ",-0.00961545316903196,-0.0501783657586577,0.0309474594205938,-0.378424728624556,0.705115100885907,0.20250107501367,-0.00960575390960411,-0.0176066327423584,-0.00169118288902985,8,1229,"study_1_EOAD_vs_CN; study_10_EOAD_vs_CN; study_11_EOAD_vs_CN; study_2_EOAD_vs_CN; study_3_Soma_EOAD_vs_CN; study_4_EOAD_vs_CN; study_5_EOAD_vs_CN; study_7_EOAD_vs_CN",4,"study_1; study_11; study_4; study_7",0.819514306044388
"MDGA1",0.0154629480915177,-0.0349050717528815,0.0658309679359169,0.377306523140691,0.705945825060466,0,0.0157720172986875,0.00275110388457542,0.027605218272561,10,1583,"study_1_EOAD_vs_CN; study_11_EOAD_vs_CN; study_2_EOAD_vs_CN; study_3_Olink_EOAD_vs_CN; study_3_Soma_EOAD_vs_CN; study_4_EOAD_vs_CN; study_5_EOAD_vs_CN; study_7_EOAD_vs_CN; study_8_EOAD_vs_CN; study_9_EOAD_vs_CN",5,"study_1; study_11; study_4; study_7; study_8",0.826189344713623
"B3GNT7",0.00710907308141129,-0.0744815455764299,0.0886996917392525,-0.376863171655195,0.706275291674501,0.826543765175708,NA,NA,NA,3,754,"study_1_EOAD_vs_CN; study_11_EOAD_vs_CN; study_5_EOAD_vs_CN",2,"study_1; study_11",0.901554818117999
"FMOD",0.00561550932064371,-0.0460422794775923,0.0572732981188797,0.374557301517639,0.70798973334557,0,0.005270510716001,-0.00106713055205617,0.0109539026585703,7,1034,"study_1_EOAD_vs_CN; study_11_EOAD_vs_CN; study_2_EOAD_vs_CN; study_3_Soma_EOAD_vs_CN; study_4_EOAD_vs_CN; study_5_EOAD_vs_CN; study_7_EOAD_vs_CN",4,"study_1; study_11; study_4; study_7",0.821643460789852
"EVI2A",0.0101177682090848,-0.088232800331346,0.108468336749516,0.372705893417091,0.709367349697052,0,NA,NA,NA,5,837,"study_1_EOAD_vs_CN; study_11_EOAD_vs_CN; study_2_EOAD_vs_CN; study_3_Soma_EOAD_vs_CN; study_5_EOAD_vs_CN",2,"study_1; study_11",0.904400221998188
"CASP14",-0.0359723415263609,-0.20377478759032,0.131830104537598,-0.371577586928446,0.710207379162562,0,-0.0346732148453691,-0.0437189269588038,-0.019328948815473,4,718,"study_1_EOAD_vs_CN; study_11_EOAD_vs_CN; study_2_EOAD_vs_CN; study_7_EOAD_vs_CN",3,"study_1; study_11; study_7",0.835348704578942
"SVIP",-0.0548484063240927,-0.224402064418315,0.11470525177013,-0.370552797155165,0.710970645237489,0.70177786792796,NA,NA,NA,3,413,"study_11_EOAD_vs_CN; study_2_EOAD_vs_CN; study_3_Soma_EOAD_vs_CN",2,"study_11; study_2",0.904795660443925
"ABHD14A",0.00910330134046324,-0.0497192922974219,0.0679258949783483,-0.370516987999365,0.710997321235316,0.775285750194545,0.00616326890376823,-0.0412780590379545,0.0568860815525671,6,885,"study_1_EOAD_vs_CN; study_11_EOAD_vs_CN; study_2_EOAD_vs_CN; study_3_Soma_EOAD_vs_CN; study_5_EOAD_vs_CN; study_7_EOAD_vs_CN",3,"study_1; study_11; study_7",0.835348704578942
"C1QB",0.0193198848532728,-0.0197261057508698,0.0583658754574153,0.369507229901035,0.711749685201803,0.636271963295363,0.0192144940714102,0.00366311632535458,0.0370148885754941,7,1203,"study_1_EOAD_vs_CN; study_10_EOAD_vs_CN; study_11_EOAD_vs_CN; study_2_EOAD_vs_CN; study_4_EOAD_vs_CN; study_5_EOAD_vs_CN; study_7_EOAD_vs_CN",4,"study_1; study_11; study_4; study_7",0.824792282263266
"DNAJA4",0.0750078274734986,-0.233443972544339,0.383459627491336,0.369001694713226,0.712126461581869,0,NA,NA,NA,2,229,"study_11_EOAD_vs_CN; study_3_Soma_EOAD_vs_CN",2,"study_11; study_3_Soma",0.904795660443925
"PCDHGA3",0.0580991570060771,-0.319387287006873,0.435585601019027,0.368400715038706,0.712574464371676,0,NA,NA,NA,2,414,"study_11_EOAD_vs_CN; study_5_EOAD_vs_CN",2,"study_11; study_5",0.904795660443925
"UBE2V2",0.0149412799837448,-0.24607532420711,0.275957884174599,0.367654420427643,0.71313093084607,0.00439141352894259,NA,NA,NA,4,400,"study_11_EOAD_vs_CN; study_2_EOAD_vs_CN; study_3_Soma_EOAD_vs_CN; study_5_EOAD_vs_CN",2,"study_11; study_2",0.904795660443925
"IGHV1-58",-0.0212480289059429,-0.159038520252914,0.116542462441028,-0.365671252002677,0.714610400184167,0,NA,NA,NA,2,720,"study_1_EOAD_vs_CN; study_11_EOAD_vs_CN",2,"study_1; study_11",0.904894721603052
"SLITRK6",-0.0139215064678988,-0.0868997842695696,0.0590567713337719,-0.3655795399556,0.714678844562992,0,-0.0125358199524026,-0.0458939381806605,0.030268990750471,9,1481,"study_1_EOAD_vs_CN; study_11_EOAD_vs_CN; study_2_EOAD_vs_CN; study_3_Olink_EOAD_vs_CN; study_3_Soma_EOAD_vs_CN; study_5_EOAD_vs_CN; study_7_EOAD_vs_CN; study_8_EOAD_vs_CN; study_9_EOAD_vs_CN",4,"study_1; study_11; study_7; study_8",0.826970527923109
"DHH",0.0158224695721028,-0.184593518555041,0.216238457699247,-0.365235117930264,0.714935905999358,0.460913711094043,NA,NA,NA,5,770,"study_1_EOAD_vs_CN; study_11_EOAD_vs_CN; study_2_EOAD_vs_CN; study_3_Soma_EOAD_vs_CN; study_5_EOAD_vs_CN",2,"study_1; study_11",0.904894721603052
"SCN1B",-0.0201063027802344,-0.074530769375727,0.0343181638152582,-0.36424074032685,0.715678247032068,0.83283686869861,-0.0101434421204275,-0.0434196343232692,0.0421333123605304,4,730,"study_1_EOAD_vs_CN; study_11_EOAD_vs_CN; study_2_EOAD_vs_CN; study_7_EOAD_vs_CN",3,"study_1; study_11; study_7",0.839121722906182
"PLD5",-0.0543932800329582,-0.181304568868857,0.0725180088029408,-0.363502636548762,0.716229443747238,0.726415232275521,NA,NA,NA,4,544,"study_1_EOAD_vs_CN; study_11_EOAD_vs_CN; study_2_EOAD_vs_CN; study_3_Soma_EOAD_vs_CN",2,"study_1; study_11",0.90498912144729
"CALD1",-0.118505885144687,-0.488985749317153,0.251973979027778,-0.362822386795425,0.716737567558446,0.708551971437762,NA,NA,NA,3,265,"study_11_EOAD_vs_CN; study_2_EOAD_vs_CN; study_3_Soma_EOAD_vs_CN",2,"study_11; study_2",0.90498912144729
"AZGP1",0.0264008230062036,-0.0460574259714614,0.0988590719838686,-0.36238281151249,0.717065982315436,0.887148255494451,0.0290878191998339,-0.0159809216147373,0.0541824145504982,8,1231,"study_1_EOAD_vs_CN; study_10_EOAD_vs_CN; study_11_EOAD_vs_CN; study_2_EOAD_vs_CN; study_3_Soma_EOAD_vs_CN; study_4_EOAD_vs_CN; study_5_EOAD_vs_CN; study_7_EOAD_vs_CN",4,"study_1; study_11; study_4; study_7",0.82828684472109
"ATP1B2",0.00632302054083489,-0.036457616900869,0.0491036579825388,0.361241831009314,0.717918673787442,0,0.00621460285036563,0.0016216534818318,0.0114398703498589,7,943,"study_1_EOAD_vs_CN; study_11_EOAD_vs_CN; study_2_EOAD_vs_CN; study_3_Soma_EOAD_vs_CN; study_4_EOAD_vs_CN; study_5_EOAD_vs_CN; study_7_EOAD_vs_CN",4,"study_1; study_11; study_4; study_7",0.82828684472109
"CCL21",0.00953661687520681,-0.065237698514742,0.0843109322651556,0.360185561425358,0.718708371429888,0.32430138378632,NA,NA,NA,4,649,"study_3_Olink_EOAD_vs_CN; study_3_Soma_EOAD_vs_CN; study_8_EOAD_vs_CN; study_9_EOAD_vs_CN",2,"study_3_Soma; study_8",0.906385527386911
"LRG1",0.105488627168523,0.00879206689643913,0.202185187440608,0.357063569187526,0.721044216733158,0.931210751056722,0.101216686604288,-0.0135007534832916,0.195722897205079,7,1204,"study_1_EOAD_vs_CN; study_10_EOAD_vs_CN; study_11_EOAD_vs_CN; study_2_EOAD_vs_CN; study_4_EOAD_vs_CN; study_5_EOAD_vs_CN; study_7_EOAD_vs_CN",4,"study_1; study_11; study_4; study_7",0.830676670739369
"CTSF",-0.0187171896710541,-0.059721891853704,0.0222875125115959,-0.356807197807131,0.721236147421544,0.149868916530213,-0.0192067702964183,-0.0325278458304576,-0.00127857825363345,11,1835,"study_1_EOAD_vs_CN; study_10_EOAD_vs_CN; study_11_EOAD_vs_CN; study_2_EOAD_vs_CN; study_3_Olink_EOAD_vs_CN; study_3_Soma_EOAD_vs_CN; study_4_EOAD_vs_CN; study_5_EOAD_vs_CN; study_7_EOAD_vs_CN; study_8_EOAD_vs_CN; study_9_EOAD_vs_CN",5,"study_1; study_11; study_4; study_7; study_8",0.836184464427237
"TGFBI",0.00916916942686875,-0.0328562945617445,0.051194633415482,-0.355336180852685,0.722337753308036,0.333953243385523,0.00935392665897459,-0.00309692485456464,0.0224340229284574,11,1852,"study_1_EOAD_vs_CN; study_10_EOAD_vs_CN; study_11_EOAD_vs_CN; study_2_EOAD_vs_CN; study_3_Olink_EOAD_vs_CN; study_3_Soma_EOAD_vs_CN; study_4_EOAD_vs_CN; study_5_EOAD_vs_CN; study_7_EOAD_vs_CN; study_8_EOAD_vs_CN; study_9_EOAD_vs_CN",5,"study_1; study_11; study_4; study_7; study_8",0.836184464427237
"PLS3",0.00322721456530429,-0.0441406386583813,0.0505950677889899,0.355129044026151,0.722492918936009,0.499211780273777,NA,NA,NA,5,837,"study_1_EOAD_vs_CN; study_11_EOAD_vs_CN; study_2_EOAD_vs_CN; study_3_Soma_EOAD_vs_CN; study_5_EOAD_vs_CN",2,"study_1; study_11",0.909628991530598
"CXCL11",0.037604175904681,-0.151339127793153,0.226547479602515,0.354169136026865,0.72321213230455,0,NA,NA,NA,4,649,"study_3_Olink_EOAD_vs_CN; study_3_Soma_EOAD_vs_CN; study_8_EOAD_vs_CN; study_9_EOAD_vs_CN",2,"study_3_Soma; study_8",0.909628991530598
"CPB2",0.0515071160746417,-0.0440021499352101,0.147016382084493,0.353904414418842,0.723410518648923,0.882155528518507,0.0594727753207177,0.000404674594811368,0.139914889219857,7,1050,"study_1_EOAD_vs_CN; study_10_EOAD_vs_CN; study_11_EOAD_vs_CN; study_2_EOAD_vs_CN; study_3_Soma_EOAD_vs_CN; study_4_EOAD_vs_CN; study_5_EOAD_vs_CN",3,"study_1; study_11; study_4",0.84493603177138
"VEGFC",-0.00524944271927555,-0.0905336018366865,0.0800347163981354,0.353655992431965,0.723596706718398,0,-0.00188152275908227,-0.0342094338701711,0.0353322798691468,5,794,"study_1_EOAD_vs_CN; study_11_EOAD_vs_CN; study_2_EOAD_vs_CN; study_5_EOAD_vs_CN; study_7_EOAD_vs_CN",3,"study_1; study_11; study_7",0.84493603177138
"TNN",-0.0196277501450658,-0.273623030026871,0.234367529736739,-0.352553621627929,0.724423112171633,0,NA,NA,NA,2,322,"study_11_EOAD_vs_CN; study_2_EOAD_vs_CN",2,"study_11; study_2",0.909628991530598
"SHISA4",-0.0444460683655577,-0.164429524762691,0.0755373880315759,-0.352073110841436,0.724783433409708,0.60691870588198,NA,NA,NA,4,717,"study_1_EOAD_vs_CN; study_11_EOAD_vs_CN; study_2_EOAD_vs_CN; study_5_EOAD_vs_CN",2,"study_1; study_11",0.909628991530598
"KIRREL3",-0.0189252975179413,-0.125235732788871,0.0873851377529879,-0.350957712591311,0.725620073396546,0,NA,NA,NA,4,519,"study_1_EOAD_vs_CN; study_11_EOAD_vs_CN; study_2_EOAD_vs_CN; study_3_Soma_EOAD_vs_CN",2,"study_1; study_11",0.909628991530598
"HBEGF",-0.0575684132918595,-0.140346694627773,0.0252098680440537,0.349077000721076,0.72703150258886,0.939859705831573,-0.0486412211349194,-0.132421958868747,0.0477875799797226,5,1037,"study_11_EOAD_vs_CN; study_2_EOAD_vs_CN; study_3_Olink_EOAD_vs_CN; study_8_EOAD_vs_CN; study_9_EOAD_vs_CN",3,"study_11; study_2; study_8",0.84721426118008
"PCDHGA5",0.115106790503683,-0.0889465337486999,0.319160114756065,0.348615010542552,0.727378357130593,0.95532540970936,NA,NA,NA,2,273,"study_11_EOAD_vs_CN; study_2_EOAD_vs_CN",2,"study_11; study_2",0.910727062232803
"GRID2",0.0175841974685439,-0.0623845904445567,0.0975529853816445,0.347475602991768,0.728234044037298,0,NA,NA,NA,3,744,"study_1_EOAD_vs_CN; study_11_EOAD_vs_CN; study_5_EOAD_vs_CN",2,"study_1; study_11",0.910727062232803
"HSPA13",-0.00524192215311718,-0.0358803990163211,0.0253965547100867,-0.344756320940608,0.730277572884083,0.390181508743314,-0.00619070000827908,-0.0163918851487629,0.00466424188494816,7,1033,"study_1_EOAD_vs_CN; study_11_EOAD_vs_CN; study_2_EOAD_vs_CN; study_3_Soma_EOAD_vs_CN; study_4_EOAD_vs_CN; study_5_EOAD_vs_CN; study_7_EOAD_vs_CN",4,"study_1; study_11; study_4; study_7",0.840085733478332
"CD320",0.00684189907826352,-0.0531332348556144,0.0668170330121414,0.343755776562822,0.731029960776753,0,NA,NA,NA,5,800,"study_1_EOAD_vs_CN; study_11_EOAD_vs_CN; study_2_EOAD_vs_CN; study_3_Soma_EOAD_vs_CN; study_5_EOAD_vs_CN",2,"study_1; study_11",0.911209972603219
"CKAP4",-0.0271051358593705,-0.150732158025616,0.0965218863068751,-0.343150510679124,0.731485233413725,0.563038231356176,NA,NA,NA,3,622,"study_3_Olink_EOAD_vs_CN; study_8_EOAD_vs_CN; study_9_EOAD_vs_CN",2,"study_3_Olink; study_8",0.911209972603219
"NXPE3",0.0085610786588383,-0.242983401767434,0.260105559085111,0.343013460175441,0.731588334045647,0.352502680570261,NA,NA,NA,2,225,"study_11_EOAD_vs_CN; study_2_EOAD_vs_CN",2,"study_11; study_2",0.911209972603219
"HPR",0.00232581391041669,-0.119765491856669,0.124417119677502,-0.342903904925496,0.731670753978042,0.493685940252631,0.0133466109388475,-0.0568074369316696,0.115826670329936,6,994,"study_1_EOAD_vs_CN; study_11_EOAD_vs_CN; study_2_EOAD_vs_CN; study_4_EOAD_vs_CN; study_5_EOAD_vs_CN; study_7_EOAD_vs_CN",4,"study_1; study_11; study_4; study_7",0.840461449175943
"PLXNA3",0.0175520318484144,-0.0943208057758302,0.129424869472659,0.342335943722538,0.732098088675487,0,NA,NA,NA,3,970,"study_11_EOAD_vs_CN; study_8_EOAD_vs_CN; study_9_EOAD_vs_CN",2,"study_11; study_8",0.911209972603219
"POSTN",-0.00348841490787502,-0.075165406495995,0.0681885766802449,-0.342303783065198,0.732122288880063,0.471350068367876,-0.00823109605064473,-0.0512232851228093,0.021112395404795,6,867,"study_1_EOAD_vs_CN; study_11_EOAD_vs_CN; study_2_EOAD_vs_CN; study_3_Soma_EOAD_vs_CN; study_5_EOAD_vs_CN; study_7_EOAD_vs_CN",3,"study_1; study_11; study_7",0.851409016192496
"CPVL",0.0140353718514837,-0.0463267928525364,0.0743975365555039,0.340920438340857,0.733163477995104,0.440474089555594,0.0115791309601517,-0.00539845481664501,0.0311822750244827,9,1254,"study_1_EOAD_vs_CN; study_10_EOAD_vs_CN; study_11_EOAD_vs_CN; study_2_EOAD_vs_CN; study_3_Olink_EOAD_vs_CN; study_3_Soma_EOAD_vs_CN; study_4_EOAD_vs_CN; study_5_EOAD_vs_CN; study_7_EOAD_vs_CN",4,"study_1; study_11; study_4; study_7",0.840950248413598
"UBL4A",-0.0511093174612525,-0.248538627414659,0.146319992492154,-0.337050238573853,0.736079028604353,0.40914411711834,NA,NA,NA,2,257,"study_11_EOAD_vs_CN; study_3_Soma_EOAD_vs_CN",2,"study_11; study_3_Soma",0.913693261079424
"LGI1",0.00303401180329384,-0.0509373183486861,0.0570053419552738,-0.337037504095532,0.736088628214665,0.765738106580945,0.0058223952324312,-0.0109774515616063,0.0288964179472249,5,851,"study_1_EOAD_vs_CN; study_11_EOAD_vs_CN; study_2_EOAD_vs_CN; study_4_EOAD_vs_CN; study_5_EOAD_vs_CN",3,"study_1; study_11; study_4",0.85428172095645
"FZD4",0.00425654535605407,-0.106254825659803,0.114767916371911,-0.33660574743093,0.736414122983333,0.10213341604617,NA,NA,NA,4,491,"study_1_EOAD_vs_CN; study_11_EOAD_vs_CN; study_2_EOAD_vs_CN; study_3_Soma_EOAD_vs_CN",2,"study_1; study_11",0.913693261079424
"GALM",0.0310547240939259,-0.258502611819668,0.320612060007519,0.335015702078549,0.73761324144529,0,NA,NA,NA,2,241,"study_11_EOAD_vs_CN; study_2_EOAD_vs_CN",2,"study_11; study_2",0.913693261079424
"VAMP5",0.0140066851557012,-0.0327016314910899,0.0607150018024923,0.333967992417783,0.738403711673559,0.650201479623063,NA,NA,NA,4,644,"study_2_EOAD_vs_CN; study_3_Olink_EOAD_vs_CN; study_8_EOAD_vs_CN; study_9_EOAD_vs_CN",2,"study_2; study_8",0.913693261079424
"NT5C",0.0820858830880312,-0.248944375349814,0.413116141525876,0.333903374366674,0.738452473410565,0.555285588980847,NA,NA,NA,3,252,"study_11_EOAD_vs_CN; study_2_EOAD_vs_CN; study_3_Soma_EOAD_vs_CN",2,"study_11; study_2",0.913693261079424
"FUCA2",0.0136918811870795,-0.11178360739219,0.139167369766349,0.33378406462803,0.738542509068364,0.0983923845505786,0.0104215170410577,-0.044095963243077,0.0464050412247357,7,1203,"study_1_EOAD_vs_CN; study_10_EOAD_vs_CN; study_11_EOAD_vs_CN; study_2_EOAD_vs_CN; study_4_EOAD_vs_CN; study_5_EOAD_vs_CN; study_7_EOAD_vs_CN",4,"study_1; study_11; study_4; study_7",0.845481347632137
"FBLN2",-0.00709614508435838,-0.0437337904364482,0.0295415002677315,-0.332833848352682,0.739259706241805,0.0410813758068588,-0.00808701968555619,-0.0201523893729794,0.00333730196236915,7,1199,"study_1_EOAD_vs_CN; study_10_EOAD_vs_CN; study_11_EOAD_vs_CN; study_2_EOAD_vs_CN; study_4_EOAD_vs_CN; study_5_EOAD_vs_CN; study_7_EOAD_vs_CN",4,"study_1; study_11; study_4; study_7",0.845481347632137
"EPHB3",0.0238469361658341,-0.0335154027637066,0.0812092750953749,0.332609802095178,0.739428843282203,0.920076895320635,NA,NA,NA,5,820,"study_1_EOAD_vs_CN; study_11_EOAD_vs_CN; study_2_EOAD_vs_CN; study_3_Soma_EOAD_vs_CN; study_5_EOAD_vs_CN",2,"study_1; study_11",0.91382243839593
"HAPLN2",0.0141153325505967,-0.0446627436158938,0.0728934087170873,0.332202376808041,0.739736449148449,0,0.00600727157718242,-0.0209083971925575,0.0196380241239583,4,585,"study_11_EOAD_vs_CN; study_2_EOAD_vs_CN; study_5_EOAD_vs_CN; study_7_EOAD_vs_CN",3,"study_11; study_2; study_7",0.85677385895287
"RAB7A",-0.0323678171868717,-0.245079946358089,0.180344311984346,-0.330151245215862,0.741285683881269,0,NA,NA,NA,3,296,"study_11_EOAD_vs_CN; study_2_EOAD_vs_CN; study_3_Soma_EOAD_vs_CN",2,"study_11; study_2",0.914974835999676
"CPA2",-0.00230525640340261,-0.144224366966273,0.139613854159468,0.329246502809088,0.741969376352446,0.312293454383713,-0.00375806844277621,-0.0596824422845741,0.0305111097939081,5,1160,"study_1_EOAD_vs_CN; study_11_EOAD_vs_CN; study_3_Olink_EOAD_vs_CN; study_8_EOAD_vs_CN; study_9_EOAD_vs_CN",3,"study_1; study_11; study_8",0.857620473476208
"GLCE",0.0341972005364524,-0.116384606195654,0.184779007268558,0.329063816437809,0.742107452862333,0,NA,NA,NA,3,374,"study_11_EOAD_vs_CN; study_2_EOAD_vs_CN; study_3_Soma_EOAD_vs_CN",2,"study_11; study_2",0.914974835999676
"MFAP5",0.0392841709585621,-0.0793904188932337,0.157958760810358,-0.32767903997913,0.743154352848966,0.387091441550967,0.0497349843500895,-0.0318030702895276,0.100828020563705,6,1146,"study_11_EOAD_vs_CN; study_3_Olink_EOAD_vs_CN; study_4_EOAD_vs_CN; study_5_EOAD_vs_CN; study_8_EOAD_vs_CN; study_9_EOAD_vs_CN",4,"study_11; study_4; study_5; study_8",0.848703811659399
"ITPR2",-0.0237056607566243,-0.232254689817727,0.184843368304478,-0.32654354602014,0.744013148276531,0,NA,NA,NA,2,159,"study_4_EOAD_vs_CN; study_7_EOAD_vs_CN",2,"study_4; study_7",0.915158852950014
"MFRP",0.0266887014835355,-0.0731486358741542,0.126526038841225,0.326480813732126,0.74406060317817,0.594750250215256,NA,NA,NA,3,453,"study_11_EOAD_vs_CN; study_2_EOAD_vs_CN; study_3_Soma_EOAD_vs_CN",2,"study_11; study_2",0.915158852950014
"CHST1",0.00985731889765964,-0.0576514149400947,0.077366052735414,-0.326049287563722,0.744387064785318,0.7553344183004,0.0116667306046269,-0.00489543194130485,0.0394214166701591,6,930,"study_1_EOAD_vs_CN; study_11_EOAD_vs_CN; study_2_EOAD_vs_CN; study_3_Soma_EOAD_vs_CN; study_5_EOAD_vs_CN; study_7_EOAD_vs_CN",3,"study_1; study_11; study_7",0.858491733083683
"IGKV2D-28",-0.0241391339111611,-0.201363754207091,0.153085486384769,-0.325081012870971,0.745119758746628,0,NA,NA,NA,2,149,"study_2_EOAD_vs_CN; study_7_EOAD_vs_CN",2,"study_2; study_7",0.915158852950014
"MASP1",0.00862745161476303,-0.0391795386477421,0.0564344418772682,0.324593661309555,0.745488625230186,0.358146808265003,0.00974242469635393,-0.00297449664362151,0.0261779137272491,8,1217,"study_1_EOAD_vs_CN; study_10_EOAD_vs_CN; study_11_EOAD_vs_CN; study_2_EOAD_vs_CN; study_3_Olink_EOAD_vs_CN; study_4_EOAD_vs_CN; study_5_EOAD_vs_CN; study_7_EOAD_vs_CN",4,"study_1; study_11; study_4; study_7",0.849058636751226
"ENPP2",0.0270544875029995,-0.0318821171041331,0.0859910921101321,0.324420077865363,0.745620021106406,0.430719809248529,0.0258058944781925,-0.00796252333588923,0.0541534326698576,9,1257,"study_1_EOAD_vs_CN; study_10_EOAD_vs_CN; study_11_EOAD_vs_CN; study_2_EOAD_vs_CN; study_3_Olink_EOAD_vs_CN; study_3_Soma_EOAD_vs_CN; study_4_EOAD_vs_CN; study_5_EOAD_vs_CN; study_7_EOAD_vs_CN",4,"study_1; study_11; study_4; study_7",0.849058636751226
"IGKJ1",0.0378450089805613,-0.073163723811224,0.148853741772347,0.324274634279987,0.745730121908068,0.739622437237605,0.0436010731829281,-0.00541833718080549,0.140271788869453,3,784,"study_1_EOAD_vs_CN; study_11_EOAD_vs_CN; study_4_EOAD_vs_CN",3,"study_1; study_11; study_4",0.858491733083683
"ISM1",0.126783009766214,-0.212856461638803,0.466422481171231,0.324248804002381,0.745749675972626,0.921163161957623,NA,NA,NA,2,226,"study_11_EOAD_vs_CN; study_3_Soma_EOAD_vs_CN",2,"study_11; study_3_Soma",0.915158852950014
"TMX4",-0.0682382662194835,-0.276621314500979,0.140144782062012,-0.321474822983906,0.74785058887159,0.816263556936107,NA,NA,NA,3,429,"study_11_EOAD_vs_CN; study_2_EOAD_vs_CN; study_5_EOAD_vs_CN",2,"study_11; study_2",0.916470181070517
"IGHG2",0.045444790873046,-0.0606528350753121,0.151542416821404,0.320441817322041,0.748633429735138,0.818436665343152,0.0480532512488911,0.00139909839520808,0.132320795725922,8,1231,"study_1_EOAD_vs_CN; study_10_EOAD_vs_CN; study_11_EOAD_vs_CN; study_2_EOAD_vs_CN; study_3_Soma_EOAD_vs_CN; study_4_EOAD_vs_CN; study_5_EOAD_vs_CN; study_7_EOAD_vs_CN",4,"study_1; study_11; study_4; study_7",0.850074038351792
"SCPEP1",0.0200890479824192,-0.050688274664513,0.0908663706293514,0.320394535716904,0.74866926727937,0.478599256643124,0.0184697936880264,0.00996781613200303,0.025205209934166,6,882,"study_1_EOAD_vs_CN; study_11_EOAD_vs_CN; study_2_EOAD_vs_CN; study_4_EOAD_vs_CN; study_5_EOAD_vs_CN; study_7_EOAD_vs_CN",4,"study_1; study_11; study_4; study_7",0.850074038351792
"NOMO2",-0.00410501340658432,-0.0962550027462236,0.088044975933055,-0.31825561789281,0.750291047155807,0.0688130332010033,NA,NA,NA,3,165,"study_3_Soma_EOAD_vs_CN; study_5_EOAD_vs_CN; study_7_EOAD_vs_CN",2,"study_5; study_7",0.916470181070517
"PGLYRP2",0.0166558706723364,-0.0633895712721682,0.096701312616841,-0.317421029595748,0.750924152334295,0.703470860807863,0.0191607559224429,-0.0167917783563697,0.0890321440925596,8,1197,"study_1_EOAD_vs_CN; study_10_EOAD_vs_CN; study_11_EOAD_vs_CN; study_2_EOAD_vs_CN; study_3_Soma_EOAD_vs_CN; study_4_EOAD_vs_CN; study_5_EOAD_vs_CN; study_7_EOAD_vs_CN",4,"study_1; study_11; study_4; study_7",0.850761883651835
"GZMA",0.0213212092759637,-0.0995233414573484,0.142165760009276,0.316991864259613,0.751249775545497,0,NA,NA,NA,4,649,"study_3_Olink_EOAD_vs_CN; study_3_Soma_EOAD_vs_CN; study_8_EOAD_vs_CN; study_9_EOAD_vs_CN",2,"study_3_Soma; study_8",0.916470181070517
"MYH9",-0.0134802166086826,-0.0942709760713761,0.0673105428540108,-0.316979480025559,0.751259172568202,0,NA,NA,NA,4,797,"study_1_EOAD_vs_CN; study_11_EOAD_vs_CN; study_2_EOAD_vs_CN; study_5_EOAD_vs_CN",2,"study_1; study_11",0.916470181070517
"PRL",-0.0108153782300247,-0.092042648220407,0.0704118917603575,-0.316748619103005,0.751434354088423,0,-0.0122966569744046,-0.028371264557752,-0.00670010465101106,7,975,"study_1_EOAD_vs_CN; study_11_EOAD_vs_CN; study_2_EOAD_vs_CN; study_3_Soma_EOAD_vs_CN; study_4_EOAD_vs_CN; study_5_EOAD_vs_CN; study_7_EOAD_vs_CN",4,"study_1; study_11; study_4; study_7",0.850761883651835
"BMP7",-0.0197935143395351,-0.116537031504922,0.0769500028258516,-0.316636651684103,0.751519321641962,0,-0.0173379268275633,-0.0265797797448919,0.000139901112388281,6,857,"study_1_EOAD_vs_CN; study_11_EOAD_vs_CN; study_2_EOAD_vs_CN; study_3_Soma_EOAD_vs_CN; study_5_EOAD_vs_CN; study_7_EOAD_vs_CN",3,"study_1; study_11; study_7",0.862945691526018
"TNFSF8",0.029629819824391,-0.167959705819604,0.227219345468386,0.316178145882354,0.75186729459787,0,NA,NA,NA,3,446,"study_11_EOAD_vs_CN; study_2_EOAD_vs_CN; study_3_Soma_EOAD_vs_CN",2,"study_11; study_2",0.916470181070517
"SV2C",0.00490563374709911,-0.138085673241279,0.147896940735477,0.315563991243348,0.752333472869784,0.42356994734275,NA,NA,NA,2,287,"study_11_EOAD_vs_CN; study_2_EOAD_vs_CN",2,"study_11; study_2",0.916470181070517
"ARSB",0.00900009806422743,-0.0669495941830438,0.0849497903114987,-0.315184417115667,0.752621636392219,0.401789952721303,0.00616953019830437,-0.0442735510091599,0.0378261554986234,7,1357,"study_1_EOAD_vs_CN; study_11_EOAD_vs_CN; study_2_EOAD_vs_CN; study_3_Olink_EOAD_vs_CN; study_5_EOAD_vs_CN; study_8_EOAD_vs_CN; study_9_EOAD_vs_CN",3,"study_1; study_11; study_8",0.862945691526018
"PDIA6",-0.00566157261475641,-0.048908373316405,0.0375852280868922,0.315116773823833,0.752672993168386,0.583520545562013,-0.00689999363121767,-0.0171225172810924,0.00799872576061239,7,981,"study_1_EOAD_vs_CN; study_11_EOAD_vs_CN; study_2_EOAD_vs_CN; study_3_Soma_EOAD_vs_CN; study_4_EOAD_vs_CN; study_5_EOAD_vs_CN; study_7_EOAD_vs_CN",4,"study_1; study_11; study_4; study_7",0.850941633596396
"CLTB",0.0196572212576296,-0.203627707760713,0.242942150275973,0.314499320163931,0.753141832719217,0,NA,NA,NA,2,270,"study_11_EOAD_vs_CN; study_2_EOAD_vs_CN",2,"study_11; study_2",0.916470181070517
"SORL1",0.0148534159397657,-0.0226841537319612,0.0523909856114927,0.31362087332601,0.753809004221271,0.630466640380765,0.0145012969202188,-0.0143360563185031,0.0487151588754718,6,1010,"study_1_EOAD_vs_CN; study_11_EOAD_vs_CN; study_2_EOAD_vs_CN; study_4_EOAD_vs_CN; study_5_EOAD_vs_CN; study_7_EOAD_vs_CN",4,"study_1; study_11; study_4; study_7",0.85100500763089
"BMPR2",-0.0426064633254989,-0.117851228545807,0.0326383018948092,-0.313614014940734,0.753814213819452,0.886139900192529,NA,NA,NA,5,828,"study_1_EOAD_vs_CN; study_11_EOAD_vs_CN; study_2_EOAD_vs_CN; study_3_Soma_EOAD_vs_CN; study_5_EOAD_vs_CN",2,"study_1; study_11",0.916470181070517
"RAB4B",0.0124980312733324,-0.0318280454838865,0.0568241080305512,0.312403097137824,0.754734196900798,0.836442685517303,NA,NA,NA,4,758,"study_1_EOAD_vs_CN; study_11_EOAD_vs_CN; study_3_Soma_EOAD_vs_CN; study_5_EOAD_vs_CN",2,"study_1; study_11",0.916525421033646
"NOTCH3",0.00756358411578064,-0.033614873341855,0.0487420415734162,-0.310743429057439,0.755995678907255,0.75741031891493,0.00844376948336912,-0.00857239625629479,0.0284223701050843,10,1625,"study_1_EOAD_vs_CN; study_11_EOAD_vs_CN; study_2_EOAD_vs_CN; study_3_Olink_EOAD_vs_CN; study_3_Soma_EOAD_vs_CN; study_4_EOAD_vs_CN; study_5_EOAD_vs_CN; study_7_EOAD_vs_CN; study_8_EOAD_vs_CN; study_9_EOAD_vs_CN",5,"study_1; study_11; study_4; study_7; study_8",0.866486860858119
"PLXNC1",0.00576548475848926,-0.0933310701993092,0.104862039716288,-0.310609005411694,0.756097880282993,0.244956588007452,NA,NA,NA,5,658,"study_1_EOAD_vs_CN; study_11_EOAD_vs_CN; study_2_EOAD_vs_CN; study_3_Soma_EOAD_vs_CN; study_5_EOAD_vs_CN",2,"study_1; study_11",0.917118725158075
"CD59",-0.000360276557692453,-0.0357652239543152,0.0350446708389303,-0.309882254053311,0.756650498214132,0.511386852945245,-0.000128562962173652,-0.0283195953237958,0.017365340586432,11,1840,"study_1_EOAD_vs_CN; study_10_EOAD_vs_CN; study_11_EOAD_vs_CN; study_2_EOAD_vs_CN; study_3_Olink_EOAD_vs_CN; study_3_Soma_EOAD_vs_CN; study_4_EOAD_vs_CN; study_5_EOAD_vs_CN; study_7_EOAD_vs_CN; study_8_EOAD_vs_CN; study_9_EOAD_vs_CN",5,"study_1; study_11; study_4; study_7; study_8",0.866486860858119
"USP14",-0.0271346132867795,-0.179105816878802,0.124836590305243,-0.309033726022728,0.757295871970374,0,NA,NA,NA,4,653,"study_1_EOAD_vs_CN; study_11_EOAD_vs_CN; study_2_EOAD_vs_CN; study_3_Soma_EOAD_vs_CN",2,"study_1; study_11",0.917509911936361
"GNB1",0.0542906187604147,-0.0621202224042362,0.170701459925066,-0.307820556937966,0.758218878431082,0.923281171325148,NA,NA,NA,3,604,"study_1_EOAD_vs_CN; study_11_EOAD_vs_CN; study_2_EOAD_vs_CN",2,"study_1; study_11",0.917567418701817
"MMP16",-0.0109077652284116,-0.0725878143311827,0.0507722838743595,-0.305791296396199,0.759763555721723,0.609729901363055,NA,NA,NA,4,769,"study_1_EOAD_vs_CN; study_11_EOAD_vs_CN; study_3_Soma_EOAD_vs_CN; study_5_EOAD_vs_CN",2,"study_1; study_11",0.918376247285313
"A1BG",0.0353707860095803,-0.0508842850309855,0.121625857050146,-0.305774075077312,0.759776668736198,0.823048699660562,0.0370540239687886,-0.00292594213575371,0.0997937767962813,8,1231,"study_1_EOAD_vs_CN; study_10_EOAD_vs_CN; study_11_EOAD_vs_CN; study_2_EOAD_vs_CN; study_3_Soma_EOAD_vs_CN; study_4_EOAD_vs_CN; study_5_EOAD_vs_CN; study_7_EOAD_vs_CN",4,"study_1; study_11; study_4; study_7",0.856515042867131
"LRIG2",-0.00656480151025272,-0.0547389790380945,0.041609376017589,-0.30527497009341,0.76015673761002,0.490219505320413,-0.0051211225385358,-0.0119404297422756,-0.000963279557439771,5,838,"study_1_EOAD_vs_CN; study_11_EOAD_vs_CN; study_2_EOAD_vs_CN; study_5_EOAD_vs_CN; study_7_EOAD_vs_CN",3,"study_1; study_11; study_7",0.868459009463667
"ADAM17",0.000241466075530408,-0.0351769669029998,0.0356598990540606,-0.304637146193469,0.760642525340352,0.0496250153794526,0.000660258464994158,-0.0085330266439413,0.0149910652890004,5,869,"study_1_EOAD_vs_CN; study_11_EOAD_vs_CN; study_2_EOAD_vs_CN; study_5_EOAD_vs_CN; study_7_EOAD_vs_CN",3,"study_1; study_11; study_7",0.868459009463667
"IL12B",0.0202168811016845,-0.0961958000196444,0.136629562223013,0.303981857577542,0.761141713085734,0.0176353290419504,NA,NA,NA,3,622,"study_3_Olink_EOAD_vs_CN; study_8_EOAD_vs_CN; study_9_EOAD_vs_CN",2,"study_3_Olink; study_8",0.918982160499826
"POMGNT1",-0.018144786194354,-0.0556708634839078,0.0193812910951998,-0.302866513929605,0.761991591521814,0.829810197708127,-0.0171413142766491,-0.034222945102293,-0.000881157338154286,7,1168,"study_1_EOAD_vs_CN; study_10_EOAD_vs_CN; study_11_EOAD_vs_CN; study_2_EOAD_vs_CN; study_4_EOAD_vs_CN; study_5_EOAD_vs_CN; study_7_EOAD_vs_CN",4,"study_1; study_11; study_4; study_7",0.857784820170271
"ERBB4",-0.00280889173098932,-0.0404555613107271,0.0348377778487484,-0.302864756031759,0.761992931245705,0.79269358486137,-0.000715074924424535,-0.042312727577816,0.0422410744766875,7,1432,"study_1_EOAD_vs_CN; study_11_EOAD_vs_CN; study_2_EOAD_vs_CN; study_3_Olink_EOAD_vs_CN; study_5_EOAD_vs_CN; study_8_EOAD_vs_CN; study_9_EOAD_vs_CN",3,"study_1; study_11; study_8",0.868459009463667
"PLOD1",0.0150716748813923,-0.019716410697411,0.0498597604601956,0.299210819159413,0.764779194738044,0.81293046028674,0.0148496245903705,0.000330935066389588,0.0276196904974875,6,1001,"study_1_EOAD_vs_CN; study_11_EOAD_vs_CN; study_2_EOAD_vs_CN; study_4_EOAD_vs_CN; study_5_EOAD_vs_CN; study_7_EOAD_vs_CN",4,"study_1; study_11; study_4; study_7",0.859694729605675
"CXCL6",0.0553203470562725,-0.0797197907704089,0.190360484882954,0.297724360344957,0.765913549240798,0.911253876853498,NA,NA,NA,4,649,"study_3_Olink_EOAD_vs_CN; study_3_Soma_EOAD_vs_CN; study_8_EOAD_vs_CN; study_9_EOAD_vs_CN",2,"study_3_Soma; study_8",0.923406095600965
"KRT16",0.0370541672433272,-0.181812773559703,0.255921108046357,0.296867018088015,0.766568037378663,0,NA,NA,NA,5,837,"study_1_EOAD_vs_CN; study_11_EOAD_vs_CN; study_2_EOAD_vs_CN; study_3_Soma_EOAD_vs_CN; study_5_EOAD_vs_CN",2,"study_1; study_11",0.923406095600965
"IGSF8",-0.00447696865504075,-0.0284478496230773,0.0194939123129958,-0.296438213258756,0.766895446041847,0.105035944654037,-0.00336680823872905,-0.0127713384955077,0.0113361982654237,8,1231,"study_1_EOAD_vs_CN; study_10_EOAD_vs_CN; study_11_EOAD_vs_CN; study_2_EOAD_vs_CN; study_3_Soma_EOAD_vs_CN; study_4_EOAD_vs_CN; study_5_EOAD_vs_CN; study_7_EOAD_vs_CN",4,"study_1; study_11; study_4; study_7",0.860784258085382
"TMED2",-0.0053086559831549,-0.0924955282096267,0.0818782162433169,0.295417575663476,0.76767490867686,0.588712559742348,NA,NA,NA,3,583,"study_1_EOAD_vs_CN; study_11_EOAD_vs_CN; study_3_Soma_EOAD_vs_CN",2,"study_1; study_11",0.92367773168008
"LTBP4",-0.0073462315455296,-0.0401947427663035,0.0255022796752443,-0.29507948066501,0.767933164256375,0,-0.00857619002199203,-0.0184336803609969,0.00162379470175744,8,1185,"study_1_EOAD_vs_CN; study_10_EOAD_vs_CN; study_11_EOAD_vs_CN; study_2_EOAD_vs_CN; study_3_Soma_EOAD_vs_CN; study_4_EOAD_vs_CN; study_5_EOAD_vs_CN; study_7_EOAD_vs_CN",4,"study_1; study_11; study_4; study_7",0.860784258085382
"TMEM25",-0.0098956418634851,-0.0531023379485542,0.033311054221584,-0.293553737620552,0.769098930929645,0.334386921610315,-0.00993558665390744,-0.0205667462682198,0.00525260968455198,7,1024,"study_1_EOAD_vs_CN; study_11_EOAD_vs_CN; study_2_EOAD_vs_CN; study_3_Soma_EOAD_vs_CN; study_4_EOAD_vs_CN; study_5_EOAD_vs_CN; study_7_EOAD_vs_CN",4,"study_1; study_11; study_4; study_7",0.860866417006478
"LAMTOR3",-0.0102242074555188,-0.180760418981545,0.160312004070507,-0.289828885026074,0.771947148791276,0,NA,NA,NA,2,413,"study_11_EOAD_vs_CN; study_3_Soma_EOAD_vs_CN",2,"study_11; study_3_Soma",0.927752995336304
"JCHAIN",0.0556169545251504,-0.0977059196943154,0.208939828744616,0.289003824672496,0.772578450724495,0.439830689522428,0.0578639273379141,0.0178840566444514,0.08108774909375,6,1010,"study_1_EOAD_vs_CN; study_11_EOAD_vs_CN; study_2_EOAD_vs_CN; study_4_EOAD_vs_CN; study_5_EOAD_vs_CN; study_7_EOAD_vs_CN",4,"study_1; study_11; study_4; study_7",0.863534495277875
"OGFOD3",0.0233483797561983,-0.186699656775308,0.233396416287705,-0.287733603676593,0.773550665268993,0.941006666712791,NA,NA,NA,2,387,"study_11_EOAD_vs_CN; study_2_EOAD_vs_CN",2,"study_11; study_2",0.927884123751457
"COL6A1",-0.00184566394318841,-0.0362524199074947,0.0325610920211179,-0.287494577949567,0.773733652962714,0.702704789911647,-0.0047951684793624,-0.0446942675091735,0.013880509205268,8,1231,"study_1_EOAD_vs_CN; study_10_EOAD_vs_CN; study_11_EOAD_vs_CN; study_2_EOAD_vs_CN; study_3_Soma_EOAD_vs_CN; study_4_EOAD_vs_CN; study_5_EOAD_vs_CN; study_7_EOAD_vs_CN",4,"study_1; study_11; study_4; study_7",0.863600734468298
"PRSS3",0.0776363506506152,-0.0718572291351274,0.227129930436358,0.285635580359183,0.775157249091645,0.845545356517324,0.0352843122788532,-0.113351161222661,0.139990549928465,3,541,"study_11_EOAD_vs_CN; study_3_Soma_EOAD_vs_CN; study_7_EOAD_vs_CN",3,"study_11; study_3_Soma; study_7",0.881702767393086
"ACP2",0.013113269917644,-0.0296369047366732,0.0558634445719612,0.285624998240119,0.775165354909133,0.733032961260523,0.0123429419508833,-0.0197708814215914,0.0496675536556311,7,979,"study_1_EOAD_vs_CN; study_11_EOAD_vs_CN; study_2_EOAD_vs_CN; study_3_Soma_EOAD_vs_CN; study_4_EOAD_vs_CN; study_5_EOAD_vs_CN; study_7_EOAD_vs_CN",4,"study_1; study_11; study_4; study_7",0.863974964170293
"ANXA7",-0.0517404180200515,-0.277961225828788,0.174480389788685,-0.285464027572787,0.775288660156852,0,NA,NA,NA,4,542,"study_1_EOAD_vs_CN; study_11_EOAD_vs_CN; study_2_EOAD_vs_CN; study_3_Soma_EOAD_vs_CN",2,"study_1; study_11",0.927884123751457
"DNM1L",-0.0123543246365477,-0.117611483441121,0.0929028341680258,-0.2847989927071,0.775798143984362,0.812727493173184,NA,NA,NA,2,52,"study_3_Soma_EOAD_vs_CN; study_7_EOAD_vs_CN",2,"study_3_Soma; study_7",0.927884123751457
"SDK1",0.00935845239113313,-0.0751055463791521,0.0938224511614183,-0.283884086007647,0.776499212520995,0.897765092328468,NA,NA,NA,2,426,"study_11_EOAD_vs_CN; study_2_EOAD_vs_CN",2,"study_11; study_2",0.927884123751457
"GPM6A",-0.0373870954284486,-0.218057884738939,0.143283693882042,-0.282822740190131,0.777312721567274,0.21482532844851,-0.0375003812287703,-0.0500274577268181,-0.0250007919173055,3,355,"study_11_EOAD_vs_CN; study_2_EOAD_vs_CN; study_7_EOAD_vs_CN",3,"study_11; study_2; study_7",0.882396747544559
"IFI30",0.0129651886580964,-0.0602484470354619,0.0861788243516548,-0.282475598738265,0.777578854439946,0.867831227446121,NA,NA,NA,5,836,"study_1_EOAD_vs_CN; study_11_EOAD_vs_CN; study_2_EOAD_vs_CN; study_3_Olink_EOAD_vs_CN; study_5_EOAD_vs_CN",2,"study_1; study_11",0.927884123751457
"KIR3DL3",-0.0120756269579696,-0.212392660455024,0.188241406539084,-0.281732326655386,0.778148765022585,0,NA,NA,NA,2,320,"study_11_EOAD_vs_CN; study_3_Soma_EOAD_vs_CN",2,"study_11; study_3_Soma",0.927884123751457
"ORM1",0.107318812875845,0.00800849229853849,0.206629133453152,0.281725842715269,0.778153737167787,0.948322744536325,0.10394907807589,0.00396035609217896,0.188669778091521,7,1204,"study_1_EOAD_vs_CN; study_10_EOAD_vs_CN; study_11_EOAD_vs_CN; study_2_EOAD_vs_CN; study_4_EOAD_vs_CN; study_5_EOAD_vs_CN; study_7_EOAD_vs_CN",4,"study_1; study_11; study_4; study_7",0.866080713118949
"IGHV1-8",0.0161966024187354,-0.269838378733517,0.302231583570988,0.281187229923532,0.778566798743415,0,NA,NA,NA,2,594,"study_1_EOAD_vs_CN; study_11_EOAD_vs_CN",2,"study_1; study_11",0.927884123751457
"GALNT4",0.0275838592201236,-0.164250841288947,0.219418559729194,0.280440797271465,0.779139340554658,0,NA,NA,NA,4,656,"study_1_EOAD_vs_CN; study_11_EOAD_vs_CN; study_2_EOAD_vs_CN; study_3_Soma_EOAD_vs_CN",2,"study_1; study_11",0.927884123751457
"FLNC",0.0097046390240399,-0.0337112497468039,0.0531205277948837,0.279008186198598,0.780238542461536,0.467989002993845,0.0123765286311029,-0.0197778666883861,0.049984120629774,5,881,"study_1_EOAD_vs_CN; study_11_EOAD_vs_CN; study_2_EOAD_vs_CN; study_5_EOAD_vs_CN; study_7_EOAD_vs_CN",3,"study_1; study_11; study_7",0.883960729653844
"HSPG2",0.000266834702752571,-0.0314867699579193,0.0320204393634244,-0.277748693530893,0.781205278590887,0.708202093998283,-0.00141240687709654,-0.0114847585432616,0.0111491919680675,9,1257,"study_1_EOAD_vs_CN; study_10_EOAD_vs_CN; study_11_EOAD_vs_CN; study_2_EOAD_vs_CN; study_3_Olink_EOAD_vs_CN; study_3_Soma_EOAD_vs_CN; study_4_EOAD_vs_CN; study_5_EOAD_vs_CN; study_7_EOAD_vs_CN",4,"study_1; study_11; study_4; study_7",0.868250718659547
"DCN",0.00338432076009925,-0.0497133542986134,0.0564819958188119,-0.276332939123294,0.782292358699676,0.656595766895975,0.00338598714702307,-0.0208547473224502,0.0423708441491054,11,1815,"study_1_EOAD_vs_CN; study_10_EOAD_vs_CN; study_11_EOAD_vs_CN; study_2_EOAD_vs_CN; study_3_Olink_EOAD_vs_CN; study_3_Soma_EOAD_vs_CN; study_4_EOAD_vs_CN; study_5_EOAD_vs_CN; study_7_EOAD_vs_CN; study_8_EOAD_vs_CN; study_9_EOAD_vs_CN",5,"study_1; study_11; study_4; study_7; study_8",0.878906815019753
"MBL2",0.0431090618238507,-0.0728491705216787,0.15906729416938,0.276180650165633,0.78240931840676,0.517933155967693,0.043357962904038,-0.0162300646863086,0.0975387794119643,9,1389,"study_1_EOAD_vs_CN; study_11_EOAD_vs_CN; study_2_EOAD_vs_CN; study_3_Olink_EOAD_vs_CN; study_3_Soma_EOAD_vs_CN; study_5_EOAD_vs_CN; study_7_EOAD_vs_CN; study_8_EOAD_vs_CN; study_9_EOAD_vs_CN",4,"study_1; study_11; study_7; study_8",0.868281660492458
"SRPX",-0.00351363018164768,-0.0714136748537632,0.0643864144904678,-0.275000893596777,0.783315551776701,0,-0.000739300491991312,-0.0172856566296118,0.0100871961963391,5,890,"study_1_EOAD_vs_CN; study_11_EOAD_vs_CN; study_2_EOAD_vs_CN; study_5_EOAD_vs_CN; study_7_EOAD_vs_CN",3,"study_1; study_11; study_7",0.884820134339509
"RIC3",0.00371210497850795,-0.158705892660745,0.166130102617761,0.274881512958046,0.783407270757635,0.0874315839210735,NA,NA,NA,2,349,"study_11_EOAD_vs_CN; study_2_EOAD_vs_CN",2,"study_11; study_2",0.931675494696741
"GNS",-0.00646628485304004,-0.0580630345572481,0.045130464851168,-0.274842976029446,0.783436878946875,0,-0.00689282939266541,-0.0223726742317397,0.00917612540761456,7,1019,"study_1_EOAD_vs_CN; study_11_EOAD_vs_CN; study_2_EOAD_vs_CN; study_3_Soma_EOAD_vs_CN; study_4_EOAD_vs_CN; study_5_EOAD_vs_CN; study_7_EOAD_vs_CN",4,"study_1; study_11; study_4; study_7",0.868281660492458
"MGAT4A",0.00458246346995967,-0.136317903392444,0.145482830332363,0.273978764240469,0.784100941147448,0.0134991891607238,NA,NA,NA,2,386,"study_11_EOAD_vs_CN; study_2_EOAD_vs_CN",2,"study_11; study_2",0.931675494696741
"BCAM",0.0136816794215163,-0.0241699595133258,0.0515333183563585,0.273415819679317,0.784533593569058,0,0.0138050067804134,-0.00859803855393989,0.028138025154662,10,1655,"study_1_EOAD_vs_CN; study_11_EOAD_vs_CN; study_2_EOAD_vs_CN; study_3_Olink_EOAD_vs_CN; study_3_Soma_EOAD_vs_CN; study_4_EOAD_vs_CN; study_5_EOAD_vs_CN; study_7_EOAD_vs_CN; study_8_EOAD_vs_CN; study_9_EOAD_vs_CN",5,"study_1; study_11; study_4; study_7; study_8",0.878906815019753
"LRPAP1",0.0209019488948154,-0.0721344185909201,0.113938316380551,0.272399746686571,0.785314667453164,0,0.0208568773162392,0.00773889441319209,0.0401355692051594,7,1331,"study_1_EOAD_vs_CN; study_11_EOAD_vs_CN; study_2_EOAD_vs_CN; study_3_Olink_EOAD_vs_CN; study_5_EOAD_vs_CN; study_8_EOAD_vs_CN; study_9_EOAD_vs_CN",3,"study_1; study_11; study_8",0.884820134339509
"THSD4",-0.0314906596611435,-0.112455333667119,0.0494740143448317,-0.272391597877271,0.785320932466798,0.674010232895219,-0.0321152365775918,-0.0722176188401929,-0.00711168070134848,6,929,"study_1_EOAD_vs_CN; study_11_EOAD_vs_CN; study_2_EOAD_vs_CN; study_4_EOAD_vs_CN; study_5_EOAD_vs_CN; study_7_EOAD_vs_CN",4,"study_1; study_11; study_4; study_7",0.869147324134603
"TFF3",0.0082538586404898,-0.0512763341282821,0.0677840514092617,0.271968944065439,0.785645898616692,0.614194471823995,0.0113113733638855,-0.0213032255605653,0.0637835361926412,8,1382,"study_1_EOAD_vs_CN; study_11_EOAD_vs_CN; study_2_EOAD_vs_CN; study_3_Olink_EOAD_vs_CN; study_3_Soma_EOAD_vs_CN; study_5_EOAD_vs_CN; study_8_EOAD_vs_CN; study_9_EOAD_vs_CN",3,"study_1; study_11; study_8",0.884820134339509
"LY9",0.0130923621704784,-0.0474028370772304,0.0735875614181873,0.2711887924693,0.78624583242992,0.710677302506439,NA,NA,NA,4,649,"study_3_Olink_EOAD_vs_CN; study_3_Soma_EOAD_vs_CN; study_8_EOAD_vs_CN; study_9_EOAD_vs_CN",2,"study_3_Soma; study_8",0.933166061592928
"CNTN4",0.00138793795429589,-0.0442667735207018,0.0470426494292936,-0.269492747742542,0.787550522318415,0.178577413395342,0.00207766279273541,-0.0176044968513495,0.0235429590692399,11,1747,"study_1_EOAD_vs_CN; study_10_EOAD_vs_CN; study_11_EOAD_vs_CN; study_2_EOAD_vs_CN; study_3_Olink_EOAD_vs_CN; study_3_Soma_EOAD_vs_CN; study_4_EOAD_vs_CN; study_5_EOAD_vs_CN; study_7_EOAD_vs_CN; study_8_EOAD_vs_CN; study_9_EOAD_vs_CN",5,"study_1; study_11; study_4; study_7; study_8",0.878906815019753
"B4GALT1",0.000369723932310201,-0.0477212869492556,0.048460734813876,-0.269170956077887,0.787798129402671,0,-0.000153346525268801,-0.0178278108499142,0.0114367575361178,10,1617,"study_1_EOAD_vs_CN; study_11_EOAD_vs_CN; study_2_EOAD_vs_CN; study_3_Olink_EOAD_vs_CN; study_3_Soma_EOAD_vs_CN; study_4_EOAD_vs_CN; study_5_EOAD_vs_CN; study_7_EOAD_vs_CN; study_8_EOAD_vs_CN; study_9_EOAD_vs_CN",5,"study_1; study_11; study_4; study_7; study_8",0.878906815019753
"ALCAM",0.00736606791625115,-0.0293949744852023,0.0441271103177046,-0.26874267779466,0.78812770736513,0.752064793962431,0.00786715421894568,-0.0304129063086401,0.0388278547071144,11,1822,"study_1_EOAD_vs_CN; study_10_EOAD_vs_CN; study_11_EOAD_vs_CN; study_2_EOAD_vs_CN; study_3_Olink_EOAD_vs_CN; study_3_Soma_EOAD_vs_CN; study_4_EOAD_vs_CN; study_5_EOAD_vs_CN; study_7_EOAD_vs_CN; study_8_EOAD_vs_CN; study_9_EOAD_vs_CN",5,"study_1; study_11; study_4; study_7; study_8",0.878906815019753
"TFF2",-0.00652465212394184,-0.156843960952529,0.143794656704646,-0.268513394604023,0.78830416591684,0.650634941956703,NA,NA,NA,4,649,"study_3_Olink_EOAD_vs_CN; study_3_Soma_EOAD_vs_CN; study_8_EOAD_vs_CN; study_9_EOAD_vs_CN",2,"study_3_Soma; study_8",0.933597342124708
"GNPDA1",-0.0607142545798652,-0.297005742960783,0.175577233801052,0.268400720094087,0.78839088528661,0.96151693871558,NA,NA,NA,3,424,"study_11_EOAD_vs_CN; study_2_EOAD_vs_CN; study_3_Soma_EOAD_vs_CN",2,"study_11; study_2",0.933597342124708
"UBL7",0.0602569220469452,-0.143852103650931,0.264365947744822,0.265482630459797,0.790637688824205,0.703351618374135,NA,NA,NA,2,236,"study_11_EOAD_vs_CN; study_3_Soma_EOAD_vs_CN",2,"study_11; study_3_Soma",0.935115634194669
"SDC3",0.0233698355296416,-0.112281810765456,0.159021481824739,0.264418311964578,0.791457602605603,0,NA,NA,NA,2,425,"study_11_EOAD_vs_CN; study_3_Soma_EOAD_vs_CN",2,"study_11; study_3_Soma",0.935115634194669
"PROS1",0.0158404721270119,-0.0197528687142472,0.051433812968271,0.260399453400673,0.794555664537914,0.700704946449774,0.015451422067213,-0.00349446650710399,0.0345983123241372,8,1231,"study_1_EOAD_vs_CN; study_10_EOAD_vs_CN; study_11_EOAD_vs_CN; study_2_EOAD_vs_CN; study_3_Soma_EOAD_vs_CN; study_4_EOAD_vs_CN; study_5_EOAD_vs_CN; study_7_EOAD_vs_CN",4,"study_1; study_11; study_4; study_7",0.878134451130261
"ANXA2",-0.0133950298596969,-0.116350214256104,0.0895601545367102,-0.260387664871253,0.794564756886273,0.172900428529086,NA,NA,NA,5,821,"study_1_EOAD_vs_CN; study_11_EOAD_vs_CN; study_2_EOAD_vs_CN; study_3_Soma_EOAD_vs_CN; study_5_EOAD_vs_CN",2,"study_1; study_11",0.936991924198855
"XPNPEP2",-0.0237240164157531,-0.205527894878445,0.158079862046939,-0.259916308162723,0.794928331398335,0,NA,NA,NA,3,622,"study_3_Olink_EOAD_vs_CN; study_8_EOAD_vs_CN; study_9_EOAD_vs_CN",2,"study_3_Olink; study_8",0.936991924198855
"OLA1",-0.0324828298067562,-0.296410004432365,0.231444344818853,-0.25807091146751,0.796352180636561,0,NA,NA,NA,3,356,"study_11_EOAD_vs_CN; study_2_EOAD_vs_CN; study_3_Soma_EOAD_vs_CN",2,"study_11; study_2",0.936991924198855
"H2BC18",0.0217935747810723,-0.169568602229451,0.213155751791595,0.257721371819311,0.796621950821736,0.556281780080613,NA,NA,NA,2,123,"study_5_EOAD_vs_CN; study_7_EOAD_vs_CN",2,"study_5; study_7",0.936991924198855
"CHST11",0.0250648122638784,-0.0815802246432855,0.131709849171042,0.256462331730495,0.797593862904829,0.0260699823930743,NA,NA,NA,5,695,"study_1_EOAD_vs_CN; study_11_EOAD_vs_CN; study_2_EOAD_vs_CN; study_3_Soma_EOAD_vs_CN; study_5_EOAD_vs_CN",2,"study_1; study_11",0.93708337256083
"B3GNT9",0.00649612576328599,-0.0382722726065419,0.0512645241331139,0.255636852653618,0.798231259360289,0.19175863157265,0.00434235975999332,-0.0256463919529785,0.0219383806000793,6,974,"study_1_EOAD_vs_CN; study_11_EOAD_vs_CN; study_2_EOAD_vs_CN; study_4_EOAD_vs_CN; study_5_EOAD_vs_CN; study_7_EOAD_vs_CN",4,"study_1; study_11; study_4; study_7",0.878570950767892
"QSOX2",-0.0106166917123681,-0.0633390474046058,0.0421056639798695,-0.255470472314208,0.798359746803055,0.879751115828164,-0.0079667737461724,-0.0430033804854082,0.0122938608691585,8,1159,"study_1_EOAD_vs_CN; study_10_EOAD_vs_CN; study_11_EOAD_vs_CN; study_2_EOAD_vs_CN; study_3_Soma_EOAD_vs_CN; study_4_EOAD_vs_CN; study_5_EOAD_vs_CN; study_7_EOAD_vs_CN",4,"study_1; study_11; study_4; study_7",0.878570950767892
"ACO2",-0.063763410980686,-0.300833168543486,0.173306346582114,-0.254420312342161,0.799170860156026,0.518161928236871,NA,NA,NA,3,498,"study_1_EOAD_vs_CN; study_11_EOAD_vs_CN; study_2_EOAD_vs_CN",2,"study_1; study_11",0.937375000943999
"GOLM1",-0.00415152923675472,-0.0362546976233156,0.0279516391498062,-0.253591200761828,0.799811395243206,0,-0.00313666030875518,-0.0114856129124509,0.0117956849861646,8,1223,"study_1_EOAD_vs_CN; study_10_EOAD_vs_CN; study_11_EOAD_vs_CN; study_2_EOAD_vs_CN; study_3_Soma_EOAD_vs_CN; study_4_EOAD_vs_CN; study_5_EOAD_vs_CN; study_7_EOAD_vs_CN",4,"study_1; study_11; study_4; study_7",0.878570950767892
"PLOD3",-0.00685317050829849,-0.0535260577439958,0.0398197167273989,-0.253570535904066,0.799827361724151,0.258564747253529,-0.00976299843225676,-0.0211030513046762,0.00556465212318098,6,913,"study_1_EOAD_vs_CN; study_11_EOAD_vs_CN; study_2_EOAD_vs_CN; study_3_Soma_EOAD_vs_CN; study_5_EOAD_vs_CN; study_7_EOAD_vs_CN",3,"study_1; study_11; study_7",0.896079548740617
"PDGFD",-0.00289836929481497,-0.0565488714699071,0.0507521328802771,-0.252935209895235,0.800318280353481,0,-0.0034944882232006,-0.0163137177759502,0.0120515011030227,6,875,"study_1_EOAD_vs_CN; study_11_EOAD_vs_CN; study_2_EOAD_vs_CN; study_3_Soma_EOAD_vs_CN; study_5_EOAD_vs_CN; study_7_EOAD_vs_CN",3,"study_1; study_11; study_7",0.896079548740617
"F11",0.010444187259122,-0.0880103575479698,0.108898732066214,-0.252892531800517,0.800351260696523,0.673747823110609,0.0198078886520896,-0.0342946811052594,0.0528870313397459,7,939,"study_1_EOAD_vs_CN; study_11_EOAD_vs_CN; study_2_EOAD_vs_CN; study_3_Olink_EOAD_vs_CN; study_3_Soma_EOAD_vs_CN; study_4_EOAD_vs_CN; study_5_EOAD_vs_CN",3,"study_1; study_11; study_4",0.896079548740617
"CRH",0.0270867006427608,-0.0903596863245671,0.144533087610089,0.252848725780292,0.800385113036535,0,NA,NA,NA,4,601,"study_1_EOAD_vs_CN; study_11_EOAD_vs_CN; study_3_Olink_EOAD_vs_CN; study_3_Soma_EOAD_vs_CN",2,"study_1; study_11",0.937375000943999
"CSF1R",0.00513791744565903,-0.0348590984417949,0.0451349333331129,0.252715378009343,0.800488163602398,0,0.0058276779392244,0.000731954417031706,0.0142978977807823,8,1229,"study_1_EOAD_vs_CN; study_10_EOAD_vs_CN; study_11_EOAD_vs_CN; study_2_EOAD_vs_CN; study_3_Soma_EOAD_vs_CN; study_4_EOAD_vs_CN; study_5_EOAD_vs_CN; study_7_EOAD_vs_CN",4,"study_1; study_11; study_4; study_7",0.878570950767892
"HLA-C",-0.0429068966557136,-0.220111351591865,0.134297558280438,-0.252667314225108,0.80052530793318,0,-0.0439807402565866,-0.10681340769306,-0.00925170791556836,7,843,"study_1_EOAD_vs_CN; study_11_EOAD_vs_CN; study_2_EOAD_vs_CN; study_3_Soma_EOAD_vs_CN; study_4_EOAD_vs_CN; study_5_EOAD_vs_CN; study_7_EOAD_vs_CN",4,"study_1; study_11; study_4; study_7",0.878570950767892
"NGF",-0.0153116569274761,-0.0946419895718215,0.0640186757168694,0.252080145962364,0.800979115756359,0.798196055256322,NA,NA,NA,3,858,"study_11_EOAD_vs_CN; study_8_EOAD_vs_CN; study_9_EOAD_vs_CN",2,"study_11; study_8",0.937375000943999
"AKAP12",-0.009815963460306,-0.0821912481800711,0.0625593212594591,-0.25150997880129,0.801419848135327,0,NA,NA,NA,4,730,"study_1_EOAD_vs_CN; study_11_EOAD_vs_CN; study_2_EOAD_vs_CN; study_5_EOAD_vs_CN",2,"study_1; study_11",0.937375000943999
"CNTN1",0.0132269603003242,-0.0172688769538062,0.0437227975544545,0.249973454892753,0.802607876995525,0.674704167764789,0.0135958073786122,-0.00969707666646894,0.0273421077670087,11,1853,"study_1_EOAD_vs_CN; study_10_EOAD_vs_CN; study_11_EOAD_vs_CN; study_2_EOAD_vs_CN; study_3_Olink_EOAD_vs_CN; study_3_Soma_EOAD_vs_CN; study_4_EOAD_vs_CN; study_5_EOAD_vs_CN; study_7_EOAD_vs_CN; study_8_EOAD_vs_CN; study_9_EOAD_vs_CN",5,"study_1; study_11; study_4; study_7; study_8",0.88775065416551
"ADAMTS13",-0.0227444899670529,-0.243781355582252,0.198292375648146,-0.249260866012377,0.80315900049051,0,NA,NA,NA,3,281,"study_11_EOAD_vs_CN; study_3_Olink_EOAD_vs_CN; study_3_Soma_EOAD_vs_CN",2,"study_11; study_3_Soma",0.938361909157252
"ATP1B1",0.00207681776956549,-0.0317658952750772,0.0359195308142081,0.247718043742412,0.80435257003173,0.0631193627258419,0.00322475403493543,-0.00835327149479414,0.0158596322248824,7,991,"study_1_EOAD_vs_CN; study_11_EOAD_vs_CN; study_2_EOAD_vs_CN; study_3_Soma_EOAD_vs_CN; study_4_EOAD_vs_CN; study_5_EOAD_vs_CN; study_7_EOAD_vs_CN",4,"study_1; study_11; study_4; study_7",0.880597141859248
"GPX3",-0.00623155266283412,-0.0443533247728061,0.0318902194471379,-0.247389853978797,0.804606525556674,0.430300378678423,-0.00459373953146939,-0.0174862365813137,0.0104280592519038,8,1230,"study_1_EOAD_vs_CN; study_10_EOAD_vs_CN; study_11_EOAD_vs_CN; study_2_EOAD_vs_CN; study_3_Soma_EOAD_vs_CN; study_4_EOAD_vs_CN; study_5_EOAD_vs_CN; study_7_EOAD_vs_CN",4,"study_1; study_11; study_4; study_7",0.880597141859248
"CD99L2",-0.0212925787217591,-0.0586275688408223,0.0160424113973041,-0.244269396033637,0.807022184084432,0.685633480971655,-0.0202944060929944,-0.0378810227674909,0.0136863244013835,10,1799,"study_1_EOAD_vs_CN; study_10_EOAD_vs_CN; study_11_EOAD_vs_CN; study_2_EOAD_vs_CN; study_3_Olink_EOAD_vs_CN; study_4_EOAD_vs_CN; study_5_EOAD_vs_CN; study_7_EOAD_vs_CN; study_8_EOAD_vs_CN; study_9_EOAD_vs_CN",5,"study_1; study_11; study_4; study_7; study_8",0.88775065416551
"HAPLN4",-0.00271389356271926,-0.0566005506356632,0.0511727635102247,0.243278851230245,0.807789386594622,0.272778530665442,0.00172153842179035,-0.029846542943301,0.0389973876835605,6,826,"study_1_EOAD_vs_CN; study_11_EOAD_vs_CN; study_2_EOAD_vs_CN; study_3_Soma_EOAD_vs_CN; study_5_EOAD_vs_CN; study_7_EOAD_vs_CN",3,"study_1; study_11; study_7",0.902637455470702
"IGFBP7",0.00846810201118017,-0.0449802491907341,0.0619164532130944,-0.242214566703254,0.80861390846504,0.0824330057932612,0.00805859302479392,-0.0208786556529015,0.0292034202063915,11,1852,"study_1_EOAD_vs_CN; study_10_EOAD_vs_CN; study_11_EOAD_vs_CN; study_2_EOAD_vs_CN; study_3_Olink_EOAD_vs_CN; study_3_Soma_EOAD_vs_CN; study_4_EOAD_vs_CN; study_5_EOAD_vs_CN; study_7_EOAD_vs_CN; study_8_EOAD_vs_CN; study_9_EOAD_vs_CN",5,"study_1; study_11; study_4; study_7; study_8",0.88775065416551
"DSG2",-0.00199703545440896,-0.0385468342028719,0.034552763294054,-0.241456342958793,0.80920144883041,0,-0.00157258927197963,-0.00939765578280255,0.00394209804193594,7,1020,"study_1_EOAD_vs_CN; study_11_EOAD_vs_CN; study_2_EOAD_vs_CN; study_3_Soma_EOAD_vs_CN; study_4_EOAD_vs_CN; study_5_EOAD_vs_CN; study_7_EOAD_vs_CN",4,"study_1; study_11; study_4; study_7",0.884310209011763
"ARG1",0.0233226258165593,-0.188155472814475,0.234800724447594,0.241425649360345,0.809225235275473,0,NA,NA,NA,5,546,"study_1_EOAD_vs_CN; study_11_EOAD_vs_CN; study_2_EOAD_vs_CN; study_3_Olink_EOAD_vs_CN; study_5_EOAD_vs_CN",2,"study_1; study_11",0.942995975017019
"CSPG4",0.000521918987126399,-0.0342035221524257,0.0352473601266785,-0.240111759740809,0.810243617901641,0.0200112719631487,8.2086514329429e-05,-0.011690542547595,0.0113691463077213,6,1003,"study_1_EOAD_vs_CN; study_11_EOAD_vs_CN; study_2_EOAD_vs_CN; study_4_EOAD_vs_CN; study_5_EOAD_vs_CN; study_7_EOAD_vs_CN",4,"study_1; study_11; study_4; study_7",0.884310209011763
"TSG101",-0.0316101807838718,-0.277994366330687,0.214774004762943,-0.240107015386704,0.81024729578602,0,NA,NA,NA,2,245,"study_11_EOAD_vs_CN; study_3_Soma_EOAD_vs_CN",2,"study_11; study_3_Soma",0.942995975017019
"CCL11",0.0273195366080215,-0.0630498754834125,0.117688948699455,0.239221719720083,0.810933661631369,0.867909883817675,NA,NA,NA,4,649,"study_3_Olink_EOAD_vs_CN; study_3_Soma_EOAD_vs_CN; study_8_EOAD_vs_CN; study_9_EOAD_vs_CN",2,"study_3_Soma; study_8",0.942995975017019
"OS9",0.0254662239895927,-0.086123528598091,0.137055976577276,0.238768163410383,0.811285358197921,0.0500376024973585,NA,NA,NA,2,572,"study_1_EOAD_vs_CN; study_11_EOAD_vs_CN",2,"study_1; study_11",0.942995975017019
"FCRL1",-0.00308860850252636,-0.116543055799982,0.11036583879493,-0.238251712466563,0.811685870886396,0.781899743194243,NA,NA,NA,3,622,"study_3_Olink_EOAD_vs_CN; study_8_EOAD_vs_CN; study_9_EOAD_vs_CN",2,"study_3_Olink; study_8",0.942995975017019
"METRN",0.0424406740378015,-0.0428766583024512,0.127758006378054,0.237616304356719,0.812178703613447,0.891672071371642,0.0435380968637831,0.0123692615177541,0.0942684447617918,5,918,"study_1_EOAD_vs_CN; study_11_EOAD_vs_CN; study_2_EOAD_vs_CN; study_5_EOAD_vs_CN; study_7_EOAD_vs_CN",3,"study_1; study_11; study_7",0.903208800567819
"HLA-DPA1",0.0230155013859687,-0.115320816620135,0.161351819392073,0.237548152200711,0.812231567941497,0,0.0137910568054492,-0.035564664858608,0.0391359874233851,4,404,"study_11_EOAD_vs_CN; study_2_EOAD_vs_CN; study_5_EOAD_vs_CN; study_7_EOAD_vs_CN",3,"study_11; study_2; study_7",0.903208800567819
"MYL6",0.0169042315621961,-0.0766453497322527,0.110453812856645,0.237170909140833,0.812524203664474,0,NA,NA,NA,5,790,"study_1_EOAD_vs_CN; study_11_EOAD_vs_CN; study_2_EOAD_vs_CN; study_3_Soma_EOAD_vs_CN; study_5_EOAD_vs_CN",2,"study_1; study_11",0.942995975017019
"CD46",0.013195257466252,-0.0286878569678012,0.0550783719003051,-0.23649820409477,0.813046100686268,0.803775030683229,0.0144288985511564,-0.026334464015876,0.0350163065490235,8,1459,"study_1_EOAD_vs_CN; study_11_EOAD_vs_CN; study_2_EOAD_vs_CN; study_3_Olink_EOAD_vs_CN; study_3_Soma_EOAD_vs_CN; study_5_EOAD_vs_CN; study_8_EOAD_vs_CN; study_9_EOAD_vs_CN",3,"study_1; study_11; study_8",0.903208800567819
"FXYD6",0.0075170188957298,-0.0413256576367146,0.0563596954281742,0.235738142023768,0.813635870804653,0.213034881596951,0.00766201263594304,-0.00642722905738362,0.0289273271283662,7,1022,"study_1_EOAD_vs_CN; study_11_EOAD_vs_CN; study_2_EOAD_vs_CN; study_3_Soma_EOAD_vs_CN; study_4_EOAD_vs_CN; study_5_EOAD_vs_CN; study_7_EOAD_vs_CN",4,"study_1; study_11; study_4; study_7",0.886564752461488
"MATN2",0.00117154442705066,-0.0423390775660106,0.044682166420112,-0.235284282170936,0.813988093745544,0,0.00151161567371055,-0.011747746917978,0.0134534235987716,10,1634,"study_1_EOAD_vs_CN; study_11_EOAD_vs_CN; study_2_EOAD_vs_CN; study_3_Olink_EOAD_vs_CN; study_3_Soma_EOAD_vs_CN; study_4_EOAD_vs_CN; study_5_EOAD_vs_CN; study_7_EOAD_vs_CN; study_8_EOAD_vs_CN; study_9_EOAD_vs_CN",5,"study_1; study_11; study_4; study_7; study_8",0.88775065416551
"C1R",0.00970964035492594,-0.0246850969736674,0.0441043776835193,0.233653087467157,0.815254310414954,0,0.00923469890971807,-0.00249160778515133,0.018365302918673,8,1231,"study_1_EOAD_vs_CN; study_10_EOAD_vs_CN; study_11_EOAD_vs_CN; study_2_EOAD_vs_CN; study_3_Soma_EOAD_vs_CN; study_4_EOAD_vs_CN; study_5_EOAD_vs_CN; study_7_EOAD_vs_CN",4,"study_1; study_11; study_4; study_7",0.886564752461488
"DNASE1L1",0.000448381083339671,-0.129565561619052,0.130462323785731,-0.233256796118454,0.815562005006775,0.33783994436667,NA,NA,NA,2,421,"study_11_EOAD_vs_CN; study_2_EOAD_vs_CN",2,"study_11; study_2",0.944060594736334
"ASAH1",-0.00627030632611773,-0.0549834559898079,0.0424428433375724,-0.233098943144915,0.815684575551496,0.293273392572312,-0.00636248270812102,-0.0283829724024361,0.0225823677746027,6,1009,"study_1_EOAD_vs_CN; study_11_EOAD_vs_CN; study_2_EOAD_vs_CN; study_4_EOAD_vs_CN; study_5_EOAD_vs_CN; study_7_EOAD_vs_CN",4,"study_1; study_11; study_4; study_7",0.886564752461488
"FCGRT",0.010012012257757,-0.0413093881541816,0.0613334126696957,0.233011668405608,0.81575234505719,0,NA,NA,NA,5,731,"study_1_EOAD_vs_CN; study_11_EOAD_vs_CN; study_2_EOAD_vs_CN; study_3_Soma_EOAD_vs_CN; study_5_EOAD_vs_CN",2,"study_1; study_11",0.944060594736334
"HINT1",0.0225861117459315,-0.229671279423254,0.274843502915117,0.232507339333419,0.816143987434274,0,NA,NA,NA,4,467,"study_11_EOAD_vs_CN; study_2_EOAD_vs_CN; study_3_Soma_EOAD_vs_CN; study_5_EOAD_vs_CN",2,"study_11; study_2",0.944060594736334
"SYT2",-0.00540350395065119,-0.0637082208671274,0.052901212965825,0.231856486853471,0.816649482067428,0.661207929966897,-0.01438872420723,-0.057287975394174,0.0278326236591204,5,819,"study_1_EOAD_vs_CN; study_11_EOAD_vs_CN; study_2_EOAD_vs_CN; study_5_EOAD_vs_CN; study_7_EOAD_vs_CN",3,"study_1; study_11; study_7",0.905450202447576
"MIA",0.0296858265038054,-0.0600082808719835,0.119379933879594,-0.231305725120795,0.817077299275159,0.700499725577184,0.0284720566141108,-0.0110442360188952,0.0431410238349882,10,1640,"study_1_EOAD_vs_CN; study_11_EOAD_vs_CN; study_2_EOAD_vs_CN; study_3_Olink_EOAD_vs_CN; study_3_Soma_EOAD_vs_CN; study_4_EOAD_vs_CN; study_5_EOAD_vs_CN; study_7_EOAD_vs_CN; study_8_EOAD_vs_CN; study_9_EOAD_vs_CN",5,"study_1; study_11; study_4; study_7; study_8",0.88775065416551
"ADAM11",-0.0106631273893624,-0.0515812013924889,0.030254946613764,-0.229924605917812,0.818150355736078,0.497503959032653,-0.0110159183017443,-0.0198451050028954,-0.000370249703116587,7,1025,"study_1_EOAD_vs_CN; study_11_EOAD_vs_CN; study_2_EOAD_vs_CN; study_3_Soma_EOAD_vs_CN; study_4_EOAD_vs_CN; study_5_EOAD_vs_CN; study_7_EOAD_vs_CN",4,"study_1; study_11; study_4; study_7",0.888019945344394
"PCDHGA10",0.0355581628344449,-0.354345918834952,0.425462244503842,0.229792590300795,0.818252942753146,0,NA,NA,NA,2,304,"study_11_EOAD_vs_CN; study_3_Soma_EOAD_vs_CN",2,"study_11; study_3_Soma",0.94545654245347
"CTSL",0.00637532672055429,-0.0298568087719227,0.0426074622130313,0.229065562600405,0.81881795892589,0,0.00445815313000561,-0.0163442855446096,0.0191591183131556,7,1107,"study_1_EOAD_vs_CN; study_10_EOAD_vs_CN; study_11_EOAD_vs_CN; study_2_EOAD_vs_CN; study_3_Olink_EOAD_vs_CN; study_4_EOAD_vs_CN; study_5_EOAD_vs_CN",3,"study_1; study_11; study_4",0.906095066950936
"RHOA",0.0263532543469601,-0.148484702806617,0.201191211500537,0.228179657771386,0.819506575070233,0,NA,NA,NA,3,441,"study_11_EOAD_vs_CN; study_2_EOAD_vs_CN; study_3_Soma_EOAD_vs_CN",2,"study_11; study_2",0.945862214398242
"GPC1",0.0115103222590839,-0.0311050893146842,0.054125733832852,0.226175199198216,0.821065159016927,0.375189467256191,0.0119186422468528,-0.01445388893698,0.0300975250132341,10,1651,"study_1_EOAD_vs_CN; study_11_EOAD_vs_CN; study_2_EOAD_vs_CN; study_3_Olink_EOAD_vs_CN; study_3_Soma_EOAD_vs_CN; study_4_EOAD_vs_CN; study_5_EOAD_vs_CN; study_7_EOAD_vs_CN; study_8_EOAD_vs_CN; study_9_EOAD_vs_CN",5,"study_1; study_11; study_4; study_7; study_8",0.88775065416551
"PCDHB15",0.023081588879668,-0.211223693876331,0.257386871635667,0.226003491367416,0.821198704861574,0,NA,NA,NA,2,295,"study_11_EOAD_vs_CN; study_2_EOAD_vs_CN",2,"study_11; study_2",0.946772544218844
"NLGN3",0.0275520441327339,-0.0236723938282782,0.078776482093746,0.224113416903116,0.82266905282053,0.831345703417687,0.0275030879374024,-0.00912599467078233,0.0820411150836884,6,851,"study_1_EOAD_vs_CN; study_11_EOAD_vs_CN; study_2_EOAD_vs_CN; study_3_Soma_EOAD_vs_CN; study_5_EOAD_vs_CN; study_7_EOAD_vs_CN",3,"study_1; study_11; study_7",0.908595801084183
"KRT77",-0.0417454750380014,-0.303018163796402,0.219527213720399,-0.222553068189781,0.823883366461749,0,NA,NA,NA,3,174,"study_2_EOAD_vs_CN; study_5_EOAD_vs_CN; study_7_EOAD_vs_CN",2,"study_2; study_7",0.948200886164859
"SFTPD",-0.0153376660162992,-0.150704662181386,0.120029330148787,-0.222085732486997,0.82424714436659,0,NA,NA,NA,4,451,"study_11_EOAD_vs_CN; study_2_EOAD_vs_CN; study_3_Olink_EOAD_vs_CN; study_3_Soma_EOAD_vs_CN",2,"study_11; study_2",0.948200886164859
"SEZ6",0.000587364959397504,-0.0449337752080242,0.0461085051268192,-0.221479948926359,0.824718747390286,0.45208904929231,0.000308249422347932,-0.0105658779598084,0.0127325346334333,7,1199,"study_1_EOAD_vs_CN; study_10_EOAD_vs_CN; study_11_EOAD_vs_CN; study_2_EOAD_vs_CN; study_4_EOAD_vs_CN; study_5_EOAD_vs_CN; study_7_EOAD_vs_CN",4,"study_1; study_11; study_4; study_7",0.893369897097414
"IGKV1D-17",0.023595988055298,-0.12474297800644,0.171934954117036,0.220823326544885,0.825229999941882,0.159587094196263,NA,NA,NA,2,615,"study_1_EOAD_vs_CN; study_11_EOAD_vs_CN",2,"study_1; study_11",0.948290613968303
"SELENOM",-0.0139053136581569,-0.0648989928292654,0.0370883655129516,-0.220673317966261,0.825346808485936,0.543108215189597,-0.0138683353529322,-0.0245558234691888,-0.00424205603278928,7,1037,"study_1_EOAD_vs_CN; study_11_EOAD_vs_CN; study_2_EOAD_vs_CN; study_3_Soma_EOAD_vs_CN; study_4_EOAD_vs_CN; study_5_EOAD_vs_CN; study_7_EOAD_vs_CN",4,"study_1; study_11; study_4; study_7",0.893369897097414
"IGHV6-1",0.0134428797513359,-0.14603943218739,0.172925191690062,-0.219550951192752,0.826220894553946,0.269307057538567,0.0126050019571239,-0.0560723794283166,0.0972517342485013,4,861,"study_1_EOAD_vs_CN; study_11_EOAD_vs_CN; study_4_EOAD_vs_CN; study_5_EOAD_vs_CN",3,"study_1; study_11; study_4",0.91075700924769
"MTPN",0.0224774072461508,-0.21079799895138,0.255752813443682,0.219435067784987,0.826311155478393,0,NA,NA,NA,2,292,"study_11_EOAD_vs_CN; study_2_EOAD_vs_CN",2,"study_11; study_2",0.948492980220543
"CDC42",0.0122870312564713,-0.157065401544836,0.181639464057779,0.216692012454984,0.828448373253518,0,NA,NA,NA,3,289,"study_11_EOAD_vs_CN; study_2_EOAD_vs_CN; study_3_Soma_EOAD_vs_CN",2,"study_11; study_2",0.948754885101608
"F9",0.0337849865773203,-0.0363339849827556,0.103903958137396,0.216225153570344,0.828812247567738,0.80626134953124,0.036155416020572,-0.000416111530983791,0.0882285476778267,7,1037,"study_1_EOAD_vs_CN; study_11_EOAD_vs_CN; study_2_EOAD_vs_CN; study_3_Soma_EOAD_vs_CN; study_4_EOAD_vs_CN; study_5_EOAD_vs_CN; study_7_EOAD_vs_CN",4,"study_1; study_11; study_4; study_7",0.895890330704222
"RMDN1",0.0441402978750083,-0.0987562556353237,0.18703685138534,0.215785766293443,0.829154743802498,0.615016556168326,NA,NA,NA,3,600,"study_1_EOAD_vs_CN; study_11_EOAD_vs_CN; study_3_Soma_EOAD_vs_CN",2,"study_1; study_11",0.948754885101608
"EDAR",-0.00226073940047245,-0.0596695410562967,0.0551480622553518,-0.215226747601828,0.82959053798427,0.751974828057782,NA,NA,NA,4,649,"study_3_Olink_EOAD_vs_CN; study_3_Soma_EOAD_vs_CN; study_8_EOAD_vs_CN; study_9_EOAD_vs_CN",2,"study_3_Soma; study_8",0.948754885101608
"PDGFRL",-0.0184880103151057,-0.134153228670786,0.097177208040574,-0.213580620134909,0.830874113569438,0,NA,NA,NA,4,605,"study_1_EOAD_vs_CN; study_11_EOAD_vs_CN; study_3_Soma_EOAD_vs_CN; study_5_EOAD_vs_CN",2,"study_1; study_11",0.948754885101608
"MFNG",-0.0182781633082922,-0.139844291346522,0.103287964729937,0.212981869623356,0.831341104198622,0.554459237522719,NA,NA,NA,3,689,"study_1_EOAD_vs_CN; study_11_EOAD_vs_CN; study_3_Soma_EOAD_vs_CN",2,"study_1; study_11",0.948754885101608
"F2",0.0114324010338881,-0.0783931126472677,0.101257914715044,-0.212050630536819,0.832067534895309,0.636157401438771,0.0155731904831965,-0.0170771882485316,0.0655533125282814,7,1110,"study_1_EOAD_vs_CN; study_10_EOAD_vs_CN; study_11_EOAD_vs_CN; study_2_EOAD_vs_CN; study_3_Soma_EOAD_vs_CN; study_4_EOAD_vs_CN; study_5_EOAD_vs_CN",3,"study_1; study_11; study_4",0.915434609682508
"PGF",-0.00632466264933419,-0.100685008978231,0.0880356836795627,-0.209614009163984,0.833968944814869,0.460969723905578,NA,NA,NA,5,668,"study_1_EOAD_vs_CN; study_2_EOAD_vs_CN; study_3_Olink_EOAD_vs_CN; study_3_Soma_EOAD_vs_CN; study_8_EOAD_vs_CN",2,"study_1; study_8",0.948754885101608
"NSG1",-0.0315771380951776,-0.103543216654831,0.0403889404644757,0.209492341197085,0.834063913587825,0.752873017379746,-0.0352602021690159,-0.0761577653367749,-0.00770844898086433,5,909,"study_1_EOAD_vs_CN; study_11_EOAD_vs_CN; study_4_EOAD_vs_CN; study_5_EOAD_vs_CN; study_7_EOAD_vs_CN",4,"study_1; study_11; study_4; study_7",0.899158516141069
"C9",0.0567260753538578,-0.0324757791741449,0.145927929881861,0.209423227225177,0.834117862054723,0.778783906138337,0.0575341741514635,0.00716413575091144,0.130297818850838,8,1231,"study_1_EOAD_vs_CN; study_10_EOAD_vs_CN; study_11_EOAD_vs_CN; study_2_EOAD_vs_CN; study_3_Soma_EOAD_vs_CN; study_4_EOAD_vs_CN; study_5_EOAD_vs_CN; study_7_EOAD_vs_CN",4,"study_1; study_11; study_4; study_7",0.899158516141069
"OLFML2B",0.0308894504676074,-0.0476206491496297,0.109399550084845,0.209357936681061,0.834168826776233,0.77158777459286,NA,NA,NA,4,800,"study_1_EOAD_vs_CN; study_11_EOAD_vs_CN; study_2_EOAD_vs_CN; study_5_EOAD_vs_CN",2,"study_1; study_11",0.948754885101608
"CAPZB",0.00644963945329999,-0.109471111011833,0.122370389918433,0.20932145052474,0.834197307571316,0,NA,NA,NA,2,387,"study_11_EOAD_vs_CN; study_2_EOAD_vs_CN",2,"study_11; study_2",0.948754885101608
"CTRC",0.0237310355350817,-0.126668783068296,0.17413085413846,0.208694124942414,0.834687026778323,0.757496777468851,NA,NA,NA,3,621,"study_3_Olink_EOAD_vs_CN; study_8_EOAD_vs_CN; study_9_EOAD_vs_CN",2,"study_3_Olink; study_8",0.948754885101608
"GALNT7",0.00188226018506362,-0.0235660248168609,0.0273305451869881,0.207406203041744,0.835692638601521,0,0.000889529826529088,-0.00826012846926905,0.00845111039504358,7,1035,"study_1_EOAD_vs_CN; study_11_EOAD_vs_CN; study_2_EOAD_vs_CN; study_3_Olink_EOAD_vs_CN; study_4_EOAD_vs_CN; study_5_EOAD_vs_CN; study_7_EOAD_vs_CN",4,"study_1; study_11; study_4; study_7",0.899346307397593
"SSC5D",0.00293065113885346,-0.0353257671669318,0.0411870694446387,0.206041057376975,0.836758840152878,0,0.00438361684753682,-0.0063785356485044,0.0259221345459809,6,1001,"study_1_EOAD_vs_CN; study_11_EOAD_vs_CN; study_2_EOAD_vs_CN; study_4_EOAD_vs_CN; study_5_EOAD_vs_CN; study_7_EOAD_vs_CN",4,"study_1; study_11; study_4; study_7",0.899346307397593
"CAPN2",0.0631987612836007,-0.169368668956322,0.295766191523523,0.205499523427654,0.83718187040262,0.881572513478989,NA,NA,NA,3,386,"study_11_EOAD_vs_CN; study_2_EOAD_vs_CN; study_3_Soma_EOAD_vs_CN",2,"study_11; study_2",0.950559696838512
"IGLV6-57",0.0337001211464763,-0.0858315184568577,0.15323176074981,-0.204815883698107,0.837715976687606,0.556163912482237,0.0388848056965203,-0.0200773951921858,0.0653722944762224,5,969,"study_1_EOAD_vs_CN; study_11_EOAD_vs_CN; study_4_EOAD_vs_CN; study_5_EOAD_vs_CN; study_7_EOAD_vs_CN",4,"study_1; study_11; study_4; study_7",0.899346307397593
"TWSG1",0.00902565972103208,-0.0200816862291594,0.0381330056712235,0.2027599545783,0.839322659346083,0.0569336835955451,0.00934202906175277,0.00270326061415579,0.0218817385295284,8,1197,"study_1_EOAD_vs_CN; study_10_EOAD_vs_CN; study_11_EOAD_vs_CN; study_2_EOAD_vs_CN; study_3_Soma_EOAD_vs_CN; study_4_EOAD_vs_CN; study_5_EOAD_vs_CN; study_7_EOAD_vs_CN",4,"study_1; study_11; study_4; study_7",0.899845245666277
"SPRN",-0.0193592611686004,-0.0920148496258954,0.0532963272886947,0.200753862485501,0.840891040787552,0.750670095202102,-0.01530829678636,-0.0863138147344759,0.0658261548340672,5,817,"study_1_EOAD_vs_CN; study_11_EOAD_vs_CN; study_2_EOAD_vs_CN; study_3_Soma_EOAD_vs_CN; study_7_EOAD_vs_CN",3,"study_1; study_11; study_7",0.923363046710947
"IGDCC4",-0.000642661449306827,-0.149909111683159,0.148623788784545,0.200296068157564,0.841249037400648,0.356913545896095,NA,NA,NA,3,447,"study_11_EOAD_vs_CN; study_2_EOAD_vs_CN; study_3_Soma_EOAD_vs_CN",2,"study_11; study_2",0.953404310709232
"FSTL1",-0.00831501233775803,-0.0504643472156455,0.0338343225401295,-0.200146698867324,0.841365851764718,0.0209668310620708,-0.00936303791868464,-0.0256202206657605,-0.000993549669084514,8,1229,"study_1_EOAD_vs_CN; study_10_EOAD_vs_CN; study_11_EOAD_vs_CN; study_2_EOAD_vs_CN; study_3_Soma_EOAD_vs_CN; study_4_EOAD_vs_CN; study_5_EOAD_vs_CN; study_7_EOAD_vs_CN",4,"study_1; study_11; study_4; study_7",0.900810178248094
"TNFRSF10B",0.0103432031995945,-0.0832908075597454,0.103977213958934,0.198835835939769,0.84239116261932,0,NA,NA,NA,4,648,"study_3_Olink_EOAD_vs_CN; study_3_Soma_EOAD_vs_CN; study_8_EOAD_vs_CN; study_9_EOAD_vs_CN",2,"study_3_Soma; study_8",0.953404310709232
"BAG6",-0.000355824193306507,-0.2912112611197,0.290499612733087,0.198617624816334,0.842561865676452,0.360707502608988,NA,NA,NA,3,367,"study_11_EOAD_vs_CN; study_3_Olink_EOAD_vs_CN; study_3_Soma_EOAD_vs_CN",2,"study_11; study_3_Soma",0.953404310709232
"ICAM2",0.0114893712034231,-0.0278001801553772,0.0507789225622234,-0.197711954391539,0.843270436093368,0.806131328909576,0.011970250281691,-0.00252231983304203,0.0340777790811544,10,1634,"study_1_EOAD_vs_CN; study_11_EOAD_vs_CN; study_2_EOAD_vs_CN; study_3_Olink_EOAD_vs_CN; study_3_Soma_EOAD_vs_CN; study_4_EOAD_vs_CN; study_5_EOAD_vs_CN; study_7_EOAD_vs_CN; study_8_EOAD_vs_CN; study_9_EOAD_vs_CN",5,"study_1; study_11; study_4; study_7; study_8",0.907154560039835
"CHAD",0.00592214555967811,-0.0344612916544958,0.046305582773852,0.197695008199435,0.843283695516349,0,0.00680222056248516,-0.00190923268766289,0.017135001394319,7,1014,"study_1_EOAD_vs_CN; study_11_EOAD_vs_CN; study_2_EOAD_vs_CN; study_3_Soma_EOAD_vs_CN; study_4_EOAD_vs_CN; study_5_EOAD_vs_CN; study_7_EOAD_vs_CN",4,"study_1; study_11; study_4; study_7",0.901638469561578
"MICOS10",-0.0116370182142627,-0.101926193928619,0.0786521575000937,-0.197398368049502,0.843515806604349,0.498919334680972,NA,NA,NA,2,110,"study_3_Soma_EOAD_vs_CN; study_7_EOAD_vs_CN",2,"study_3_Soma; study_7",0.953404310709232
"MPZ",-0.00126803945544314,-0.0961874016861285,0.0936513227752422,0.195968195656523,0.844635059494418,0.275202008497993,-0.00682418523436001,-0.0315963922901943,0.0216580309184974,7,972,"study_1_EOAD_vs_CN; study_11_EOAD_vs_CN; study_2_EOAD_vs_CN; study_3_Soma_EOAD_vs_CN; study_4_EOAD_vs_CN; study_5_EOAD_vs_CN; study_7_EOAD_vs_CN",4,"study_1; study_11; study_4; study_7",0.901859657021141
"TPD52L2",0.0170543618964472,-0.142469317362991,0.176578041155886,0.194626080661058,0.845685684061973,0,NA,NA,NA,3,445,"study_11_EOAD_vs_CN; study_2_EOAD_vs_CN; study_3_Soma_EOAD_vs_CN",2,"study_11; study_2",0.953404310709232
"NRN1L",0.0162172508326933,-0.057964845410408,0.0903993470757946,0.194393044381588,0.845868135821651,0,NA,NA,NA,4,786,"study_1_EOAD_vs_CN; study_11_EOAD_vs_CN; study_2_EOAD_vs_CN; study_5_EOAD_vs_CN",2,"study_1; study_11",0.953404310709232
"ADAMTSL2",0.00304411378369603,-0.0336991423231416,0.0397873698905337,0.194153933650076,0.846055352060673,0,NA,NA,NA,5,831,"study_1_EOAD_vs_CN; study_11_EOAD_vs_CN; study_2_EOAD_vs_CN; study_3_Soma_EOAD_vs_CN; study_5_EOAD_vs_CN",2,"study_1; study_11",0.953404310709232
"METRNL",0.00830283423926444,-0.0447285410751941,0.0613342095537229,-0.192089020064997,0.847672475477137,0.378884132834358,0.00818767305390019,-0.00377624477025269,0.0248964729433007,10,1658,"study_1_EOAD_vs_CN; study_11_EOAD_vs_CN; study_2_EOAD_vs_CN; study_3_Olink_EOAD_vs_CN; study_3_Soma_EOAD_vs_CN; study_4_EOAD_vs_CN; study_5_EOAD_vs_CN; study_7_EOAD_vs_CN; study_8_EOAD_vs_CN; study_9_EOAD_vs_CN",5,"study_1; study_11; study_4; study_7; study_8",0.907307725008192
"CRISP2",-0.012693584616682,-0.136852109324115,0.111464940090751,-0.190999493003688,0.848525990369756,0,NA,NA,NA,5,673,"study_2_EOAD_vs_CN; study_3_Olink_EOAD_vs_CN; study_3_Soma_EOAD_vs_CN; study_8_EOAD_vs_CN; study_9_EOAD_vs_CN",2,"study_2; study_8",0.955161372618157
"AHNAK",0.014535208869302,-0.0559222022842426,0.0849926200228465,-0.187169190634473,0.851527980247601,0.706871426981967,0.0168615625949577,-0.00677030653710887,0.0605401414441272,5,863,"study_1_EOAD_vs_CN; study_11_EOAD_vs_CN; study_2_EOAD_vs_CN; study_4_EOAD_vs_CN; study_5_EOAD_vs_CN",3,"study_1; study_11; study_4",0.932215086435606
"IGHV2-70D",0.0611349802276637,-0.222700550207672,0.344970510662999,0.186021710785426,0.852427735733725,0,0.0622088094507194,0.00107869348717414,0.148726262624463,4,854,"study_1_EOAD_vs_CN; study_11_EOAD_vs_CN; study_4_EOAD_vs_CN; study_5_EOAD_vs_CN",3,"study_1; study_11; study_4",0.932215086435606
"FZD6",0.046299680201344,-0.200040540949535,0.292639901352223,0.185719934187375,0.852664395059834,0.307662004580848,NA,NA,NA,2,320,"study_11_EOAD_vs_CN; study_2_EOAD_vs_CN",2,"study_11; study_2",0.957215921721165
"PDCD1LG2",0.0309981940769961,-0.183897790193818,0.24589417834781,0.184594743749672,0.853546908973251,0,NA,NA,NA,3,412,"study_11_EOAD_vs_CN; study_2_EOAD_vs_CN; study_3_Olink_EOAD_vs_CN",2,"study_11; study_2",0.957215921721165
"VIT",0.00236200980293383,-0.0586674135859976,0.0633914331918652,0.184208048744935,0.853850245544347,0,0.00415108528317059,-0.00193053767171885,0.0149179120488045,6,856,"study_1_EOAD_vs_CN; study_11_EOAD_vs_CN; study_2_EOAD_vs_CN; study_3_Soma_EOAD_vs_CN; study_5_EOAD_vs_CN; study_7_EOAD_vs_CN",3,"study_1; study_11; study_7",0.932215086435606
"GSN",0.00586400277392729,-0.031408823625328,0.0431368291731826,-0.184177485069794,0.853874221641367,0,0.00500444662448171,-0.012592622905477,0.0176162872843585,8,1231,"study_1_EOAD_vs_CN; study_10_EOAD_vs_CN; study_11_EOAD_vs_CN; study_2_EOAD_vs_CN; study_3_Soma_EOAD_vs_CN; study_4_EOAD_vs_CN; study_5_EOAD_vs_CN; study_7_EOAD_vs_CN",4,"study_1; study_11; study_4; study_7",0.910491050951823
"SERPINI2",0.0185148520670651,-0.139954671785326,0.176984375919456,0.183392525132422,0.854490040487779,0,NA,NA,NA,2,459,"study_1_EOAD_vs_CN; study_11_EOAD_vs_CN",2,"study_1; study_11",0.957215921721165
"KRT17",0.0227607016503302,-0.205901130251164,0.251422533551825,0.183178682940942,0.854657819910915,0,NA,NA,NA,5,784,"study_1_EOAD_vs_CN; study_11_EOAD_vs_CN; study_2_EOAD_vs_CN; study_3_Soma_EOAD_vs_CN; study_5_EOAD_vs_CN",2,"study_1; study_11",0.957215921721165
"LEFTY2",0.0428689152705042,-0.134275510523042,0.22001334106405,0.181837057091954,0.855710601940385,0.749393841776119,NA,NA,NA,2,416,"study_11_EOAD_vs_CN; study_3_Soma_EOAD_vs_CN",2,"study_11; study_3_Soma",0.957215921721165
"AMY2A",-0.007619438366927,-0.249195385277536,0.233956508543682,-0.180681890285791,0.856617274280996,0,NA,NA,NA,4,570,"study_1_EOAD_vs_CN; study_11_EOAD_vs_CN; study_2_EOAD_vs_CN; study_3_Soma_EOAD_vs_CN",2,"study_1; study_11",0.957215921721165
"LOXL1",-0.0182081061344604,-0.08193965480691,0.0455234425379892,0.180566146948933,0.856708129864835,0.659089535236909,-0.0138287949995027,-0.0534304265330277,0.0369110199698104,5,857,"study_1_EOAD_vs_CN; study_11_EOAD_vs_CN; study_2_EOAD_vs_CN; study_5_EOAD_vs_CN; study_7_EOAD_vs_CN",3,"study_1; study_11; study_7",0.933550271284009
"OXR1",-0.00379408627811435,-0.238651381786755,0.231063209230526,0.180147864109004,0.857036487107393,0.32563673586865,NA,NA,NA,2,335,"study_11_EOAD_vs_CN; study_2_EOAD_vs_CN",2,"study_11; study_2",0.957215921721165
"LRP1B",-0.00462916963498712,-0.0435426999253945,0.0342843606554202,-0.178420848883027,0.858392476954887,0,-0.00491177769257636,-0.0131281810111351,0.00326103805001504,6,968,"study_1_EOAD_vs_CN; study_11_EOAD_vs_CN; study_2_EOAD_vs_CN; study_4_EOAD_vs_CN; study_5_EOAD_vs_CN; study_7_EOAD_vs_CN",4,"study_1; study_11; study_4; study_7",0.914071988973582
"BCAS1",-0.0209463379564746,-0.232240070301279,0.19034739438833,0.176849414474802,0.859626673596464,0.758508007876457,NA,NA,NA,2,297,"study_11_EOAD_vs_CN; study_2_EOAD_vs_CN",2,"study_11; study_2",0.957215921721165
"IGLV1-36",0.0751225062024127,-0.107390408785417,0.257635421190242,0.176820421203653,0.85964944799712,0.799638343979894,NA,NA,NA,3,672,"study_1_EOAD_vs_CN; study_11_EOAD_vs_CN; study_5_EOAD_vs_CN",2,"study_1; study_11",0.957215921721165
"IGKV2-29",0.0700538392619408,-0.099539011148445,0.239646689672327,0.176430176965211,0.859955998706596,0.641760015623846,0.0738766878018941,-0.0323203896292453,0.209962528084101,5,885,"study_1_EOAD_vs_CN; study_11_EOAD_vs_CN; study_4_EOAD_vs_CN; study_5_EOAD_vs_CN; study_7_EOAD_vs_CN",4,"study_1; study_11; study_4; study_7",0.914096726219578
"SUMF1",-0.0191628987453718,-0.0877730013083404,0.0494472038175968,-0.175899801899686,0.860372660985656,0.554142909702628,NA,NA,NA,4,675,"study_1_EOAD_vs_CN; study_11_EOAD_vs_CN; study_2_EOAD_vs_CN; study_5_EOAD_vs_CN",2,"study_1; study_11",0.957215921721165
"LAMC1",-0.0018643701776241,-0.0274222349295241,0.0236934945742759,-0.175437661551611,0.860735749815897,0.609392958520439,-0.000785585917215011,-0.0108065414481712,0.00546930224017724,7,1111,"study_1_EOAD_vs_CN; study_10_EOAD_vs_CN; study_11_EOAD_vs_CN; study_2_EOAD_vs_CN; study_4_EOAD_vs_CN; study_5_EOAD_vs_CN; study_7_EOAD_vs_CN",4,"study_1; study_11; study_4; study_7",0.914096726219578
"ERBB3",0.00647755366079665,-0.0308770140549317,0.043832121376525,0.175340277714801,0.860812264926994,0.409177178370729,0.00733296709528664,-0.0216377542164273,0.0382694770437696,10,1592,"study_1_EOAD_vs_CN; study_11_EOAD_vs_CN; study_2_EOAD_vs_CN; study_3_Olink_EOAD_vs_CN; study_3_Soma_EOAD_vs_CN; study_4_EOAD_vs_CN; study_5_EOAD_vs_CN; study_7_EOAD_vs_CN; study_8_EOAD_vs_CN; study_9_EOAD_vs_CN",5,"study_1; study_11; study_4; study_7; study_8",0.916765062147249
"TNFRSF8",-0.00111209413345562,-0.362515986114053,0.360291797847142,-0.173507170969518,0.862252791750368,0,NA,NA,NA,3,405,"study_11_EOAD_vs_CN; study_2_EOAD_vs_CN; study_3_Soma_EOAD_vs_CN",2,"study_11; study_2",0.957215921721165
"PCDH19",-0.0157589056625482,-0.0627002545559335,0.0311824432308372,-0.172681727296098,0.862901607516788,0.693284433560213,-0.0122195392288232,-0.0558544755067183,0.0397654164926588,5,910,"study_1_EOAD_vs_CN; study_11_EOAD_vs_CN; study_2_EOAD_vs_CN; study_5_EOAD_vs_CN; study_7_EOAD_vs_CN",3,"study_1; study_11; study_7",0.936485343486074
"FZD7",0.00931313397102573,-0.0572080976046801,0.0758343655467316,0.172484561527462,0.863056597581306,0.111289202235927,0.00425039181860909,-0.0256890500592547,0.0269400812418328,6,857,"study_1_EOAD_vs_CN; study_11_EOAD_vs_CN; study_2_EOAD_vs_CN; study_3_Soma_EOAD_vs_CN; study_5_EOAD_vs_CN; study_7_EOAD_vs_CN",3,"study_1; study_11; study_7",0.936485343486074
"LRFN5",-0.0129939194880154,-0.198735248081546,0.172747409105516,-0.172306028729143,0.863196944999281,0,NA,NA,NA,2,328,"study_11_EOAD_vs_CN; study_2_EOAD_vs_CN",2,"study_11; study_2",0.957215921721165
"C1S",-0.000669259906469539,-0.0340803980899531,0.032741878277014,-0.172077947727819,0.863376249313123,0.445680016157209,-0.00228289605579207,-0.0225587069913991,0.0143487443673871,8,1231,"study_1_EOAD_vs_CN; study_10_EOAD_vs_CN; study_11_EOAD_vs_CN; study_2_EOAD_vs_CN; study_3_Soma_EOAD_vs_CN; study_4_EOAD_vs_CN; study_5_EOAD_vs_CN; study_7_EOAD_vs_CN",4,"study_1; study_11; study_4; study_7",0.9156668700656
"SUGT1",-0.0301637632534694,-0.186229366940276,0.125901840433337,0.170650020593148,0.86449896401537,0.895895371456294,NA,NA,NA,4,415,"study_11_EOAD_vs_CN; study_2_EOAD_vs_CN; study_3_Soma_EOAD_vs_CN; study_5_EOAD_vs_CN",2,"study_11; study_2",0.957215921721165
"ITGB5",-0.00687595639599778,-0.0947739105742731,0.0810219977822775,-0.170493567673335,0.864621992561493,0,NA,NA,NA,3,622,"study_3_Olink_EOAD_vs_CN; study_8_EOAD_vs_CN; study_9_EOAD_vs_CN",2,"study_3_Olink; study_8",0.957215921721165
"NEFH",-0.0630511993343199,-0.426811571532673,0.300709172864033,0.169854974522105,0.86512419160652,0.878653091886422,NA,NA,NA,3,358,"study_11_EOAD_vs_CN; study_2_EOAD_vs_CN; study_3_Soma_EOAD_vs_CN",2,"study_11; study_2",0.957215921721165
"ATP1A1",0.00364747539015975,-0.0413818531290738,0.0486768039093933,0.169572755873446,0.865346149871026,0,0.00332984253962296,-0.00319611454730351,0.00986965563781265,5,886,"study_1_EOAD_vs_CN; study_11_EOAD_vs_CN; study_2_EOAD_vs_CN; study_5_EOAD_vs_CN; study_7_EOAD_vs_CN",3,"study_1; study_11; study_7",0.936485343486074
"PYGB",0.049312289141954,-0.0883576802933311,0.186982258577239,0.169040209794162,0.865765013634839,0.764589375586443,NA,NA,NA,5,637,"study_1_EOAD_vs_CN; study_11_EOAD_vs_CN; study_2_EOAD_vs_CN; study_3_Soma_EOAD_vs_CN; study_5_EOAD_vs_CN",2,"study_1; study_11",0.957215921721165
"IGLV3-1",0.0132469949854161,-0.112670701551721,0.139164691522553,-0.168895899473112,0.865878524610367,0.703115909883984,NA,NA,NA,2,698,"study_1_EOAD_vs_CN; study_11_EOAD_vs_CN",2,"study_1; study_11",0.957215921721165
"TGFB1",-0.0188822784367985,-0.0990291352575513,0.0612645783839542,-0.168789867128121,0.865961928827753,0.750621135873036,-0.0195893738718369,-0.0445296789361785,0.0260172452859447,8,1378,"study_1_EOAD_vs_CN; study_11_EOAD_vs_CN; study_2_EOAD_vs_CN; study_3_Olink_EOAD_vs_CN; study_3_Soma_EOAD_vs_CN; study_5_EOAD_vs_CN; study_8_EOAD_vs_CN; study_9_EOAD_vs_CN",3,"study_1; study_11; study_8",0.936485343486074
"FN3KRP",0.0134664086511518,-0.268387929847244,0.295320747149548,0.164197455593447,0.86957570406588,0,NA,NA,NA,2,257,"study_11_EOAD_vs_CN; study_2_EOAD_vs_CN",2,"study_11; study_2",0.958627774811962
"CTHRC1",0.00876709608107985,-0.0700168065806133,0.0875509987427731,-0.163481656644504,0.870139214729086,0.297477939073123,NA,NA,NA,5,785,"study_1_EOAD_vs_CN; study_11_EOAD_vs_CN; study_2_EOAD_vs_CN; study_3_Soma_EOAD_vs_CN; study_5_EOAD_vs_CN",2,"study_1; study_11",0.958627774811962
"SDF4",0.000599419171806514,-0.023394984793378,0.024593823136991,-0.162645678174562,0.87079741983791,0,0.00046322833565787,-0.00541403449027886,0.00612870598401774,7,1144,"study_1_EOAD_vs_CN; study_10_EOAD_vs_CN; study_11_EOAD_vs_CN; study_2_EOAD_vs_CN; study_4_EOAD_vs_CN; study_5_EOAD_vs_CN; study_7_EOAD_vs_CN",4,"study_1; study_11; study_4; study_7",0.922296191978862
"APOC4",0.0434970174820745,-0.171279075546484,0.258273110510633,0.162526299986719,0.870891419204866,0,NA,NA,NA,3,564,"study_1_EOAD_vs_CN; study_11_EOAD_vs_CN; study_2_EOAD_vs_CN",2,"study_1; study_11",0.958627774811962
"STC1",-0.00136786150515605,-0.0873389202934518,0.0846031972831397,-0.162492828596623,0.870917775180144,0,-0.00159961426560731,-0.0157759459257757,0.00638255553764993,7,1207,"study_1_EOAD_vs_CN; study_11_EOAD_vs_CN; study_2_EOAD_vs_CN; study_3_Olink_EOAD_vs_CN; study_3_Soma_EOAD_vs_CN; study_8_EOAD_vs_CN; study_9_EOAD_vs_CN",3,"study_1; study_11; study_8",0.940064366026205
"EIF4G3",-0.00499041794703129,-0.100219720663834,0.0902388847697717,-0.162294465862236,0.871073972510165,0,NA,NA,NA,2,716,"study_1_EOAD_vs_CN; study_11_EOAD_vs_CN",2,"study_1; study_11",0.958627774811962
"WFIKKN1",-0.00778878774165636,-0.0769091776966122,0.0613316022132995,-0.161462347325055,0.871729264690649,0,NA,NA,NA,3,622,"study_3_Olink_EOAD_vs_CN; study_8_EOAD_vs_CN; study_9_EOAD_vs_CN",2,"study_3_Olink; study_8",0.958627774811962
"MAN2B2",0.020251117169836,-0.0365098154390138,0.0770120497786859,0.159830806390547,0.873014356040011,0.416509888814876,0.0226318588732866,0.00141788020913017,0.0526921621516748,7,1001,"study_1_EOAD_vs_CN; study_11_EOAD_vs_CN; study_2_EOAD_vs_CN; study_3_Soma_EOAD_vs_CN; study_4_EOAD_vs_CN; study_5_EOAD_vs_CN; study_7_EOAD_vs_CN",4,"study_1; study_11; study_4; study_7",0.9230853993925
"LY96",-0.00877978640110688,-0.116097152426239,0.098537579624025,0.159625488108332,0.873176099819715,0.826895085225548,-0.00520811415429778,-0.0314549665452817,0.0152675977156155,5,652,"study_1_EOAD_vs_CN; study_11_EOAD_vs_CN; study_2_EOAD_vs_CN; study_5_EOAD_vs_CN; study_7_EOAD_vs_CN",3,"study_1; study_11; study_7",0.940567978756287
"AK1",0.00271456431333968,-0.0995920803007295,0.105021208927409,0.159485734462315,0.873286196715771,0,NA,NA,NA,5,820,"study_1_EOAD_vs_CN; study_11_EOAD_vs_CN; study_2_EOAD_vs_CN; study_3_Soma_EOAD_vs_CN; study_5_EOAD_vs_CN",2,"study_1; study_11",0.95921473490089
"L1CAM",-0.00429852132159086,-0.0479109969938114,0.0393139543506297,-0.158725158070135,0.873885416176149,0,-0.00331007280690653,-0.0135771392802053,0.0056447387554452,9,1257,"study_1_EOAD_vs_CN; study_10_EOAD_vs_CN; study_11_EOAD_vs_CN; study_2_EOAD_vs_CN; study_3_Olink_EOAD_vs_CN; study_3_Soma_EOAD_vs_CN; study_4_EOAD_vs_CN; study_5_EOAD_vs_CN; study_7_EOAD_vs_CN",4,"study_1; study_11; study_4; study_7",0.9230853993925
"FZD3",0.0576745111759124,-0.314990674233296,0.430339696585121,0.157756364370231,0.874648784181877,0.275140181798266,NA,NA,NA,3,400,"study_11_EOAD_vs_CN; study_2_EOAD_vs_CN; study_5_EOAD_vs_CN",2,"study_11; study_2",0.95921473490089
"NCS1",-0.0308652896720206,-0.314234648701903,0.252504069357862,-0.157299440449222,0.875008861226385,0,NA,NA,NA,2,257,"study_11_EOAD_vs_CN; study_3_Olink_EOAD_vs_CN",2,"study_11; study_3_Olink",0.95921473490089
"FCN2",0.012944082270613,-0.155221213104668,0.181109377645894,-0.157116183297385,0.875153283558017,0,0.00694269346796223,-0.0567285837144756,0.0620106992874574,6,1075,"study_11_EOAD_vs_CN; study_2_EOAD_vs_CN; study_3_Olink_EOAD_vs_CN; study_3_Soma_EOAD_vs_CN; study_8_EOAD_vs_CN; study_9_EOAD_vs_CN",3,"study_11; study_2; study_8",0.940567978756287
"B4GALNT1",0.00443680548060929,-0.0491482504145699,0.0580218613757885,0.155628279463742,0.876326032746663,0.0612811646239217,0.0081380463879347,-0.0110053411459139,0.0285952090460174,5,900,"study_1_EOAD_vs_CN; study_11_EOAD_vs_CN; study_2_EOAD_vs_CN; study_5_EOAD_vs_CN; study_7_EOAD_vs_CN",3,"study_1; study_11; study_7",0.940567978756287
"ADAMTS15",0.0132334661590146,-0.100978653695318,0.127445586013348,0.154710209351001,0.877049781009831,0,NA,NA,NA,3,622,"study_3_Olink_EOAD_vs_CN; study_8_EOAD_vs_CN; study_9_EOAD_vs_CN",2,"study_3_Olink; study_8",0.960348745219718
"DPEP2",0.0119251809558561,-0.123963176123999,0.147813538035711,0.153490379037799,0.878011576824244,0,NA,NA,NA,3,443,"study_11_EOAD_vs_CN; study_2_EOAD_vs_CN; study_3_Soma_EOAD_vs_CN",2,"study_11; study_2",0.960348745219718
"EPHA2",0.00598976335569734,-0.0572879747253169,0.0692675014367116,0.152500227596779,0.878792410940563,0,NA,NA,NA,4,649,"study_3_Olink_EOAD_vs_CN; study_3_Soma_EOAD_vs_CN; study_8_EOAD_vs_CN; study_9_EOAD_vs_CN",2,"study_3_Soma; study_8",0.960348745219718
"IGLV4-69",0.0265568247812932,-0.0943057596489244,0.147419409211511,-0.151008658447404,0.879968885773518,0.774224796841961,0.014657200106395,-0.139086310968849,0.128845801204047,4,897,"study_1_EOAD_vs_CN; study_11_EOAD_vs_CN; study_5_EOAD_vs_CN; study_7_EOAD_vs_CN",3,"study_1; study_11; study_7",0.942705879505964
"TPP1",-0.00113064655425312,-0.0508273708429316,0.0485660777344254,-0.149969433114761,0.880788731323672,0,-0.00203875194713032,-0.031574699564049,0.0102312594208556,11,1844,"study_1_EOAD_vs_CN; study_10_EOAD_vs_CN; study_11_EOAD_vs_CN; study_2_EOAD_vs_CN; study_3_Olink_EOAD_vs_CN; study_3_Soma_EOAD_vs_CN; study_4_EOAD_vs_CN; study_5_EOAD_vs_CN; study_7_EOAD_vs_CN; study_8_EOAD_vs_CN; study_9_EOAD_vs_CN",5,"study_1; study_11; study_4; study_7; study_8",0.933373133193742
"SEMA4C",0.000636950852710656,-0.0388174717969979,0.0400913735024193,0.149633322699499,0.881053916441294,0.588234589900158,0.000779292785359611,-0.0109419186838112,0.0188353416697632,9,1532,"study_1_EOAD_vs_CN; study_11_EOAD_vs_CN; study_2_EOAD_vs_CN; study_3_Olink_EOAD_vs_CN; study_3_Soma_EOAD_vs_CN; study_5_EOAD_vs_CN; study_7_EOAD_vs_CN; study_8_EOAD_vs_CN; study_9_EOAD_vs_CN",4,"study_1; study_11; study_7; study_8",0.929411628053199
"PLOD2",-0.0155639542540561,-0.200928415271876,0.169800506763764,-0.14639818279632,0.883607061774395,0,NA,NA,NA,3,408,"study_11_EOAD_vs_CN; study_2_EOAD_vs_CN; study_3_Soma_EOAD_vs_CN",2,"study_11; study_2",0.964604375770381
"C1QTNF5",0.00808564949347651,-0.0343373691337718,0.0505086681207248,0.145587712623392,0.884246868532212,0,0.00757459149078757,-0.00534001591720721,0.0179778738869006,7,1028,"study_1_EOAD_vs_CN; study_11_EOAD_vs_CN; study_2_EOAD_vs_CN; study_3_Soma_EOAD_vs_CN; study_4_EOAD_vs_CN; study_5_EOAD_vs_CN; study_7_EOAD_vs_CN",4,"study_1; study_11; study_4; study_7",0.931532797330726
"CPM",0.0138772139151143,-0.0397965066767385,0.0675509345069672,-0.144615693818527,0.885014305621325,0.666290943779052,0.0147623668038308,-0.0200968148184675,0.0369169310249248,8,1459,"study_1_EOAD_vs_CN; study_11_EOAD_vs_CN; study_2_EOAD_vs_CN; study_3_Olink_EOAD_vs_CN; study_3_Soma_EOAD_vs_CN; study_5_EOAD_vs_CN; study_8_EOAD_vs_CN; study_9_EOAD_vs_CN",3,"study_1; study_11; study_8",0.944254910037374
"AGA",-0.00261534203403398,-0.0594368438835578,0.0542061598154899,-0.143928008801087,0.885557318129039,0,-0.00154830214838181,-0.0105420554356719,0.0134283343379678,8,1229,"study_1_EOAD_vs_CN; study_10_EOAD_vs_CN; study_11_EOAD_vs_CN; study_2_EOAD_vs_CN; study_3_Soma_EOAD_vs_CN; study_4_EOAD_vs_CN; study_5_EOAD_vs_CN; study_7_EOAD_vs_CN",4,"study_1; study_11; study_4; study_7",0.931667779286626
"PRAP1",-0.00475606465636915,-0.0774995841376606,0.0679874548249222,-0.142446830263792,0.886727074291732,0.726692827674666,-0.00387486409479176,-0.0533484111567272,0.0230571324695801,7,1569,"study_1_EOAD_vs_CN; study_11_EOAD_vs_CN; study_4_EOAD_vs_CN; study_5_EOAD_vs_CN; study_7_EOAD_vs_CN; study_8_EOAD_vs_CN; study_9_EOAD_vs_CN",5,"study_1; study_11; study_4; study_7; study_8",0.935014192198707
"FGFBP2",0.00598480745454615,-0.090947941492751,0.102917556401843,0.141496711885114,0.887477557445823,0,0.00585663508954839,0.0021886875440241,0.0117091299256181,5,753,"study_1_EOAD_vs_CN; study_11_EOAD_vs_CN; study_2_EOAD_vs_CN; study_5_EOAD_vs_CN; study_7_EOAD_vs_CN",3,"study_1; study_11; study_7",0.944254910037374
"CPA1",0.017195733503988,-0.150409263297011,0.184800730304987,0.141113489743501,0.887780287016465,0.669652777250282,NA,NA,NA,3,622,"study_3_Olink_EOAD_vs_CN; study_8_EOAD_vs_CN; study_9_EOAD_vs_CN",2,"study_3_Olink; study_8",0.96722767568209
"LAYN",-0.00523969003284145,-0.0535612233663391,0.0430818433006562,-0.139362904581,0.889163384112197,0.840738080573567,-0.00291989189607692,-0.0430888195336652,0.052972901203204,8,1471,"study_1_EOAD_vs_CN; study_11_EOAD_vs_CN; study_2_EOAD_vs_CN; study_3_Olink_EOAD_vs_CN; study_3_Soma_EOAD_vs_CN; study_7_EOAD_vs_CN; study_8_EOAD_vs_CN; study_9_EOAD_vs_CN",4,"study_1; study_11; study_7; study_8",0.933739123036763
"SLC12A2",0.00867370424992695,-0.0978359076583064,0.11518331615816,0.13847575318396,0.889864431144082,0,NA,NA,NA,4,685,"study_1_EOAD_vs_CN; study_11_EOAD_vs_CN; study_2_EOAD_vs_CN; study_5_EOAD_vs_CN",2,"study_1; study_11",0.96722767568209
"LRRC4B",-0.00635897828251918,-0.0500821798612874,0.037364223296249,-0.138435752794826,0.88989604238656,0.00528161888037565,-0.00640154540314583,-0.0153063350950582,0.00150343955209456,8,1230,"study_1_EOAD_vs_CN; study_10_EOAD_vs_CN; study_11_EOAD_vs_CN; study_2_EOAD_vs_CN; study_3_Soma_EOAD_vs_CN; study_4_EOAD_vs_CN; study_5_EOAD_vs_CN; study_7_EOAD_vs_CN",4,"study_1; study_11; study_4; study_7",0.933739123036763
"PSMA2",0.00829371737767371,-0.148006788154209,0.164594222909557,0.136660997768226,0.891298759486003,0,NA,NA,NA,2,415,"study_11_EOAD_vs_CN; study_2_EOAD_vs_CN",2,"study_11; study_2",0.96722767568209
"MYH11",-0.0187008774599742,-0.149283605005528,0.111881850085579,-0.136350013409989,0.891544588046081,0.53065450569999,-0.00933975853883248,-0.113870673722873,0.107491958781602,5,762,"study_1_EOAD_vs_CN; study_11_EOAD_vs_CN; study_2_EOAD_vs_CN; study_5_EOAD_vs_CN; study_7_EOAD_vs_CN",3,"study_1; study_11; study_7",0.944254910037374
"PTK7",-0.00398116641330844,-0.0484305770350406,0.0404682442084237,-0.133484307249242,0.893810374206876,0,-0.00419513711943866,-0.00796767944677967,0.00201032708069568,8,1459,"study_1_EOAD_vs_CN; study_11_EOAD_vs_CN; study_2_EOAD_vs_CN; study_3_Olink_EOAD_vs_CN; study_3_Soma_EOAD_vs_CN; study_5_EOAD_vs_CN; study_8_EOAD_vs_CN; study_9_EOAD_vs_CN",3,"study_1; study_11; study_8",0.944254910037374
"STX7",-0.0106543881821943,-0.0664437934838955,0.0451350171195069,0.133484020261779,0.893810601158792,0.693618562189891,NA,NA,NA,5,837,"study_1_EOAD_vs_CN; study_11_EOAD_vs_CN; study_2_EOAD_vs_CN; study_3_Soma_EOAD_vs_CN; study_5_EOAD_vs_CN",2,"study_1; study_11",0.96722767568209
"IGKV1D-13",0.00625219733568001,-0.150280022329758,0.162784417001118,0.13247775112344,0.894606419938268,0,0.00902778859995309,-0.0524642133185774,0.0600818687587619,3,766,"study_1_EOAD_vs_CN; study_11_EOAD_vs_CN; study_7_EOAD_vs_CN",3,"study_1; study_11; study_7",0.944254910037374
"ACTR3",0.00996970100495518,-0.146856183003498,0.166795585013408,-0.132293862932971,0.894751861382058,0.639546675205507,NA,NA,NA,2,345,"study_11_EOAD_vs_CN; study_2_EOAD_vs_CN",2,"study_11; study_2",0.96722767568209
"YES1",0.00288403090571803,-0.0710609917097936,0.0768290535212297,0.131573449180248,0.895321687401294,0.864016316933133,NA,NA,NA,4,638,"study_2_EOAD_vs_CN; study_3_Olink_EOAD_vs_CN; study_8_EOAD_vs_CN; study_9_EOAD_vs_CN",2,"study_2; study_8",0.96722767568209
"HSP90B1",-0.0201867900738316,-0.065150477563844,0.0247768974161809,-0.131349124221056,0.895499132866177,0.687249726076133,-0.0187636588792735,-0.0534573351668076,0.0214064155790388,7,1037,"study_1_EOAD_vs_CN; study_11_EOAD_vs_CN; study_2_EOAD_vs_CN; study_3_Soma_EOAD_vs_CN; study_4_EOAD_vs_CN; study_5_EOAD_vs_CN; study_7_EOAD_vs_CN",4,"study_1; study_11; study_4; study_7",0.938368772205516
"OBP2A",0.0144288922300853,-0.334526671083006,0.363384455543177,0.131287092214741,0.89554820232921,0,NA,NA,NA,3,413,"study_11_EOAD_vs_CN; study_2_EOAD_vs_CN; study_5_EOAD_vs_CN",2,"study_11; study_2",0.96722767568209
"ACVRL1",0.0172689629262131,-0.0724521699147161,0.106990095767142,0.13119425519641,0.895621640368986,0.717675184320663,NA,NA,NA,4,649,"study_3_Olink_EOAD_vs_CN; study_3_Soma_EOAD_vs_CN; study_8_EOAD_vs_CN; study_9_EOAD_vs_CN",2,"study_3_Soma; study_8",0.96722767568209
"TRIP10",0.00450385464668559,-0.101110329829234,0.110118039122605,-0.130987136393326,0.895785483395968,0.529423852968924,NA,NA,NA,3,623,"study_3_Soma_EOAD_vs_CN; study_8_EOAD_vs_CN; study_9_EOAD_vs_CN",2,"study_3_Soma; study_8",0.96722767568209
"IFNGR1",-0.00635778361279679,-0.0614486092171632,0.0487330419915696,0.130808339916975,0.895926925389376,0.745097492788302,-0.00665008054835824,-0.0600564872685064,0.0414265759820187,7,1222,"study_1_EOAD_vs_CN; study_11_EOAD_vs_CN; study_2_EOAD_vs_CN; study_3_Olink_EOAD_vs_CN; study_3_Soma_EOAD_vs_CN; study_8_EOAD_vs_CN; study_9_EOAD_vs_CN",3,"study_1; study_11; study_8",0.944254910037374
"DLL1",0.00320476690161756,-0.078744281077814,0.0851538148810491,0.128802611023936,0.897513839443991,0,0.00293178818221838,-0.0133050322719398,0.0193607121713988,6,946,"study_11_EOAD_vs_CN; study_2_EOAD_vs_CN; study_3_Olink_EOAD_vs_CN; study_3_Soma_EOAD_vs_CN; study_8_EOAD_vs_CN; study_9_EOAD_vs_CN",3,"study_11; study_2; study_8",0.944254910037374
"GPIHBP1",-0.0044061045660802,-0.17310326670245,0.16429105757029,0.127723059900908,0.898368140391284,0.656528913961663,NA,NA,NA,2,406,"study_11_EOAD_vs_CN; study_2_EOAD_vs_CN",2,"study_11; study_2",0.96722767568209
"PYCARD",-0.120631101836131,-0.362809577696169,0.121547374023907,-0.127601432128758,0.898464397724071,0.93826515292352,NA,NA,NA,4,502,"study_1_EOAD_vs_CN; study_11_EOAD_vs_CN; study_2_EOAD_vs_CN; study_3_Soma_EOAD_vs_CN",2,"study_1; study_11",0.96722767568209
"TXNL1",0.0056777810180323,-0.0531897053955588,0.0645452674316234,0.127584871096093,0.898477504392581,0.799262688550995,0.00797614041101059,-0.0588708303424199,0.0607098020135043,6,1273,"study_1_EOAD_vs_CN; study_11_EOAD_vs_CN; study_2_EOAD_vs_CN; study_3_Soma_EOAD_vs_CN; study_8_EOAD_vs_CN; study_9_EOAD_vs_CN",3,"study_1; study_11; study_8",0.944254910037374
"PTPN11",-0.0619543602728249,-0.390121123428169,0.266212402882519,-0.127368367798278,0.898648851142545,0.63069226161705,NA,NA,NA,2,375,"study_11_EOAD_vs_CN; study_3_Soma_EOAD_vs_CN",2,"study_11; study_3_Soma",0.96722767568209
"MGAT5B",-0.0302618904289839,-0.31459809460381,0.254074313745842,-0.127310298536727,0.898694809580121,0,NA,NA,NA,2,249,"study_11_EOAD_vs_CN; study_5_EOAD_vs_CN",2,"study_11; study_5",0.96722767568209
"TMEM59L",-0.0628021857652931,-0.168635316788426,0.0430309452578403,-0.127011792604333,0.898931064994614,0.923847602312089,NA,NA,NA,5,837,"study_1_EOAD_vs_CN; study_11_EOAD_vs_CN; study_2_EOAD_vs_CN; study_3_Soma_EOAD_vs_CN; study_5_EOAD_vs_CN",2,"study_1; study_11",0.96722767568209
"MEGF10",-0.0157207744467919,-0.0619654631613939,0.0305239142678101,0.125858265633961,0.899844119102959,0.740366631702569,-0.0149888282264732,-0.0496691340333934,0.0150956995827775,6,1082,"study_1_EOAD_vs_CN; study_10_EOAD_vs_CN; study_11_EOAD_vs_CN; study_2_EOAD_vs_CN; study_4_EOAD_vs_CN; study_5_EOAD_vs_CN",3,"study_1; study_11; study_4",0.944254910037374
"EFHD1",0.0108348803395374,-0.27246856291743,0.294138323596505,0.123394544499408,0.90179467691925,0.0533759485591348,0.0216062921559898,-0.0132761469640237,0.0519713762686753,3,264,"study_11_EOAD_vs_CN; study_3_Soma_EOAD_vs_CN; study_7_EOAD_vs_CN",3,"study_11; study_3_Soma; study_7",0.944254910037374
"IGKV3-11",0.0138935940509159,-0.088117037394103,0.115904225495935,0.12324704562429,0.901911472494512,0.344079604811282,0.0176928481719386,-0.0167377498955888,0.0651251514311854,5,982,"study_1_EOAD_vs_CN; study_11_EOAD_vs_CN; study_4_EOAD_vs_CN; study_5_EOAD_vs_CN; study_7_EOAD_vs_CN",4,"study_1; study_11; study_4; study_7",0.943113162080279
"IGKV1-5",0.016559843809136,-0.0852094634887937,0.118329151107066,0.123129194436007,0.902004793358241,0,0.0134843892106691,-0.0260134989899245,0.0422648307668106,7,1150,"study_1_EOAD_vs_CN; study_10_EOAD_vs_CN; study_11_EOAD_vs_CN; study_2_EOAD_vs_CN; study_3_Soma_EOAD_vs_CN; study_5_EOAD_vs_CN; study_7_EOAD_vs_CN",3,"study_1; study_11; study_7",0.944254910037374
"KRT14",-0.00656255842522444,-0.181535429236101,0.168410312385653,-0.122775691818361,0.902284723724649,0,-0.0119203600395465,-0.0724462178430943,0.0298688021553551,5,901,"study_1_EOAD_vs_CN; study_11_EOAD_vs_CN; study_2_EOAD_vs_CN; study_5_EOAD_vs_CN; study_7_EOAD_vs_CN",3,"study_1; study_11; study_7",0.944254910037374
"B4GALT3",-0.02187853798769,-0.156744301431002,0.112987225455622,-0.121945766509728,0.902941969642218,0.788279731506935,-0.0278448498298451,-0.0556303559200423,0.00599247593676498,4,610,"study_1_EOAD_vs_CN; study_11_EOAD_vs_CN; study_2_EOAD_vs_CN; study_7_EOAD_vs_CN",3,"study_1; study_11; study_7",0.944254910037374
"MAN1B1",0.000155098393041729,-0.0302277177659568,0.0305379145520403,0.121904418020897,0.902974716652153,0.267809900516705,-0.000667623224911172,-0.017447980008124,0.0128283664541718,8,1165,"study_1_EOAD_vs_CN; study_10_EOAD_vs_CN; study_11_EOAD_vs_CN; study_2_EOAD_vs_CN; study_3_Soma_EOAD_vs_CN; study_4_EOAD_vs_CN; study_5_EOAD_vs_CN; study_7_EOAD_vs_CN",4,"study_1; study_11; study_4; study_7",0.943113162080279
"IL7",0.0145351237814509,-0.0599846891733669,0.0890549367362688,0.120781777805156,0.90386388363271,0.732021267247673,NA,NA,NA,4,649,"study_3_Olink_EOAD_vs_CN; study_3_Soma_EOAD_vs_CN; study_8_EOAD_vs_CN; study_9_EOAD_vs_CN",2,"study_3_Soma; study_8",0.971104893735016
"TGM2",0.00976108073756773,-0.105462346026154,0.12498450750129,-0.119894858446871,0.904566437461372,0,0.00796935358358363,-0.0289054979332185,0.0274047953447623,6,1188,"study_1_EOAD_vs_CN; study_11_EOAD_vs_CN; study_3_Olink_EOAD_vs_CN; study_3_Soma_EOAD_vs_CN; study_8_EOAD_vs_CN; study_9_EOAD_vs_CN",3,"study_1; study_11; study_8",0.944254910037374
"NXPH4",-0.027032467111682,-0.095353580376114,0.04128864615275,-0.119159044346554,0.905149353281345,0.493456443597387,-0.0280425982128137,-0.0531846805767472,-0.00849065807711259,7,1196,"study_1_EOAD_vs_CN; study_10_EOAD_vs_CN; study_11_EOAD_vs_CN; study_2_EOAD_vs_CN; study_4_EOAD_vs_CN; study_5_EOAD_vs_CN; study_7_EOAD_vs_CN",4,"study_1; study_11; study_4; study_7",0.943113162080279
"IGHG3",0.0729194216687096,-0.0845083597289981,0.230347203066417,0.117777190425786,0.906244203141575,0.631834952566907,0.070403469869982,-0.0246425520959934,0.16214226321,7,1203,"study_1_EOAD_vs_CN; study_10_EOAD_vs_CN; study_11_EOAD_vs_CN; study_2_EOAD_vs_CN; study_4_EOAD_vs_CN; study_5_EOAD_vs_CN; study_7_EOAD_vs_CN",4,"study_1; study_11; study_4; study_7",0.943113162080279
"PPM1L",0.0143040376377444,-0.0712160326165485,0.0998241078920372,-0.117592340725423,0.906390674053941,0.514985548545993,NA,NA,NA,4,772,"study_1_EOAD_vs_CN; study_11_EOAD_vs_CN; study_2_EOAD_vs_CN; study_5_EOAD_vs_CN",2,"study_1; study_11",0.971104893735016
"CAPZA1",-0.0359356285911733,-0.266897446393202,0.195026189210855,0.117334702301155,0.906594826490089,0.819935457603065,NA,NA,NA,3,362,"study_11_EOAD_vs_CN; study_2_EOAD_vs_CN; study_3_Soma_EOAD_vs_CN",2,"study_11; study_2",0.971104893735016
"ITIH5",-0.00236694266342487,-0.0265291029233803,0.0217952175965305,0.11696330681273,0.906889130770176,0.173598728744575,-0.00352817218673377,-0.0177113672201185,0.00559147299558009,8,1229,"study_1_EOAD_vs_CN; study_10_EOAD_vs_CN; study_11_EOAD_vs_CN; study_2_EOAD_vs_CN; study_3_Soma_EOAD_vs_CN; study_4_EOAD_vs_CN; study_5_EOAD_vs_CN; study_7_EOAD_vs_CN",4,"study_1; study_11; study_4; study_7",0.943113162080279
"COL12A1",-0.00484492844052239,-0.0476768456599983,0.0379869887789535,-0.116561133542621,0.907207838650827,0,-0.00552293555691764,-0.011580407072945,0.0005826304719676,6,997,"study_1_EOAD_vs_CN; study_11_EOAD_vs_CN; study_2_EOAD_vs_CN; study_4_EOAD_vs_CN; study_5_EOAD_vs_CN; study_7_EOAD_vs_CN",4,"study_1; study_11; study_4; study_7",0.943113162080279
"MMP28",0.00508178608104915,-0.0873736754683596,0.0975372476304579,0.115678964852898,0.907906977930755,0,NA,NA,NA,2,421,"study_11_EOAD_vs_CN; study_2_EOAD_vs_CN",2,"study_11; study_2",0.971104893735016
"ACVR1B",-0.00979252075474796,-0.0742479386113431,0.0546628971018472,-0.115188659891466,0.908295586940858,0,NA,NA,NA,5,837,"study_1_EOAD_vs_CN; study_11_EOAD_vs_CN; study_2_EOAD_vs_CN; study_3_Soma_EOAD_vs_CN; study_5_EOAD_vs_CN",2,"study_1; study_11",0.971104893735016
"C1RL",0.0159883837202647,-0.0333140664538703,0.0652908338943996,-0.114593392131705,0.908767417520437,0.869082210847406,0.0189249703932972,-0.00930782632473762,0.0698744802491494,8,1196,"study_1_EOAD_vs_CN; study_10_EOAD_vs_CN; study_11_EOAD_vs_CN; study_2_EOAD_vs_CN; study_3_Soma_EOAD_vs_CN; study_4_EOAD_vs_CN; study_5_EOAD_vs_CN; study_7_EOAD_vs_CN",4,"study_1; study_11; study_4; study_7",0.943489756266277
"CCL15",-0.00839652078528049,-0.15674141795932,0.139948376388759,0.113943639585615,0.909282471430654,0,-0.0140266830948707,-0.075896507944674,0.0420976673825029,5,866,"study_11_EOAD_vs_CN; study_3_Olink_EOAD_vs_CN; study_3_Soma_EOAD_vs_CN; study_8_EOAD_vs_CN; study_9_EOAD_vs_CN",3,"study_11; study_3_Soma; study_8",0.947445786837415
"ATP1B3",0.00610843705805524,-0.0936986213189933,0.105915495435104,0.11303920540378,0.90999947297676,0,NA,NA,NA,5,600,"study_1_EOAD_vs_CN; study_11_EOAD_vs_CN; study_2_EOAD_vs_CN; study_3_Soma_EOAD_vs_CN; study_5_EOAD_vs_CN",2,"study_1; study_11",0.971104893735016
"CST5",0.00529742743415192,-0.0435761011730132,0.0541709560413171,0.112901741570292,0.910108455587605,0,NA,NA,NA,4,649,"study_3_Olink_EOAD_vs_CN; study_3_Soma_EOAD_vs_CN; study_8_EOAD_vs_CN; study_9_EOAD_vs_CN",2,"study_3_Soma; study_8",0.971104893735016
"BCL2L11",-0.0029056093198516,-0.0306088896827201,0.0247976710430169,-0.111926988309781,0.910881297477185,0.432697863424826,NA,NA,NA,3,622,"study_3_Olink_EOAD_vs_CN; study_8_EOAD_vs_CN; study_9_EOAD_vs_CN",2,"study_3_Olink; study_8",0.971104893735016
"JAG2",0.0250970847230216,-0.077048177524905,0.127242346970948,0.109006202058566,0.913197571120292,0.471383450827713,NA,NA,NA,4,661,"study_1_EOAD_vs_CN; study_11_EOAD_vs_CN; study_2_EOAD_vs_CN; study_5_EOAD_vs_CN",2,"study_1; study_11",0.971104893735016
"CLU",0.00904409328950395,-0.0256561923215627,0.0437443789005706,0.108618458068497,0.913505119953561,0.832408252766951,0.0078030804214526,-0.0214737872709703,0.0335774667958222,8,1231,"study_1_EOAD_vs_CN; study_10_EOAD_vs_CN; study_11_EOAD_vs_CN; study_2_EOAD_vs_CN; study_3_Soma_EOAD_vs_CN; study_4_EOAD_vs_CN; study_5_EOAD_vs_CN; study_7_EOAD_vs_CN",4,"study_1; study_11; study_4; study_7",0.947160571741324
"TPST1",0.00892897350089186,-0.122869122881747,0.140727069883531,-0.108143106459957,0.913882174627172,0,NA,NA,NA,5,726,"study_1_EOAD_vs_CN; study_11_EOAD_vs_CN; study_2_EOAD_vs_CN; study_3_Soma_EOAD_vs_CN; study_5_EOAD_vs_CN",2,"study_1; study_11",0.971104893735016
"TFPI2",0.00969805248723881,-0.104223152828046,0.123619257802524,0.107894230403846,0.914079593876062,0.615497982513838,NA,NA,NA,4,649,"study_3_Olink_EOAD_vs_CN; study_3_Soma_EOAD_vs_CN; study_8_EOAD_vs_CN; study_9_EOAD_vs_CN",2,"study_3_Soma; study_8",0.971104893735016
"LY86",-0.103419749869458,-0.337784588600251,0.130945088861334,-0.107758098591633,0.914187581759401,0.93242538730053,NA,NA,NA,4,581,"study_1_EOAD_vs_CN; study_11_EOAD_vs_CN; study_2_EOAD_vs_CN; study_3_Soma_EOAD_vs_CN",2,"study_1; study_11",0.971104893735016
"MAG",0.00639139484343899,-0.0311688541883219,0.0439516438751998,0.106760731304103,0.914978801246785,0,0.00737478317592177,-0.0042363827134123,0.0133063207204619,7,1019,"study_1_EOAD_vs_CN; study_11_EOAD_vs_CN; study_2_EOAD_vs_CN; study_3_Soma_EOAD_vs_CN; study_4_EOAD_vs_CN; study_5_EOAD_vs_CN; study_7_EOAD_vs_CN",4,"study_1; study_11; study_4; study_7",0.947441912460535
"NLGN4Y",-0.0869203341982131,-0.216074599129838,0.0422339307334123,-0.106534866765428,0.915157993129454,0.913166333727287,NA,NA,NA,2,143,"study_3_Soma_EOAD_vs_CN; study_7_EOAD_vs_CN",2,"study_3_Soma; study_7",0.971104893735016
"ADAMDEC1",0.0349481473403239,-0.0366580067390561,0.106554301419704,0.106185686354722,0.915435027370623,0.822709399749675,0.0284558815082218,-0.064333346769982,0.105941865708458,4,875,"study_1_EOAD_vs_CN; study_11_EOAD_vs_CN; study_5_EOAD_vs_CN; study_7_EOAD_vs_CN",3,"study_1; study_11; study_7",0.950403079992142
"CPZ",0.0423172781843384,-0.0890368514915706,0.173671407860247,0.105705734439786,0.915815830420782,0.917427717943656,NA,NA,NA,2,419,"study_11_EOAD_vs_CN; study_3_Soma_EOAD_vs_CN",2,"study_11; study_3_Soma",0.971104893735016
"TMEM165",-0.0176360131053946,-0.136398958882779,0.101126932671989,-0.104926775928196,0.916433912122071,0,NA,NA,NA,4,722,"study_1_EOAD_vs_CN; study_11_EOAD_vs_CN; study_2_EOAD_vs_CN; study_5_EOAD_vs_CN",2,"study_1; study_11",0.971104893735016
"SYT7",0.0308253535082876,-0.0738933319080198,0.135544038924595,0.102779924602109,0.91813763871849,0.579405475631983,0.0238705852047016,-0.0484289609199854,0.0791425676474936,5,783,"study_1_EOAD_vs_CN; study_11_EOAD_vs_CN; study_2_EOAD_vs_CN; study_5_EOAD_vs_CN; study_7_EOAD_vs_CN",3,"study_1; study_11; study_7",0.950403079992142
"IGHV1-69",0.00102955160887448,-0.144775768931567,0.146834872149316,-0.102680563972021,0.918216499800976,0,0.00268985651021845,-0.0114062314347972,0.0165424182636441,5,969,"study_1_EOAD_vs_CN; study_11_EOAD_vs_CN; study_4_EOAD_vs_CN; study_5_EOAD_vs_CN; study_7_EOAD_vs_CN",4,"study_1; study_11; study_4; study_7",0.949546721578962
"ANXA1",-0.0218516215930863,-0.147544998811113,0.10384175562494,-0.101332390898099,0.919286604302903,0.369557351104754,NA,NA,NA,5,665,"study_1_EOAD_vs_CN; study_11_EOAD_vs_CN; study_2_EOAD_vs_CN; study_3_Olink_EOAD_vs_CN; study_3_Soma_EOAD_vs_CN",2,"study_1; study_11",0.971796656006794
"AGRP",-0.0887204927134463,-0.251365767768475,0.0739247823415827,0.101221018603459,0.919375011975179,0.876761693104342,-0.0785732215171438,-0.282904285445392,0.137088187271562,5,995,"study_11_EOAD_vs_CN; study_3_Olink_EOAD_vs_CN; study_3_Soma_EOAD_vs_CN; study_8_EOAD_vs_CN; study_9_EOAD_vs_CN",3,"study_11; study_3_Soma; study_8",0.950403079992142
"PTGFRN",0.000137753631942571,-0.160490629360953,0.160766136624838,-0.10080500982717,0.919705249835142,0,NA,NA,NA,3,427,"study_11_EOAD_vs_CN; study_2_EOAD_vs_CN; study_3_Soma_EOAD_vs_CN",2,"study_11; study_2",0.971796656006794
"STX1A",-0.00957300601306964,-0.157660563244463,0.138514551218324,-0.100390629123334,0.920034209059641,0,NA,NA,NA,4,398,"study_11_EOAD_vs_CN; study_2_EOAD_vs_CN; study_3_Soma_EOAD_vs_CN; study_5_EOAD_vs_CN",2,"study_11; study_2",0.971796656006794
"CD5L",0.0427679234967889,-0.0836701010491488,0.169205948042727,0.0994802095740127,0.920757000419991,0.822933165883122,0.0467935595042293,-0.0164342352988583,0.152140188165213,6,896,"study_1_EOAD_vs_CN; study_11_EOAD_vs_CN; study_2_EOAD_vs_CN; study_3_Soma_EOAD_vs_CN; study_4_EOAD_vs_CN; study_5_EOAD_vs_CN",3,"study_1; study_11; study_4",0.950403079992142
"ANTXR2",0.0398504771498598,-0.0513105473929641,0.131011501692684,-0.0994312430485976,0.920795877304147,0.900680545633585,NA,NA,NA,5,784,"study_1_EOAD_vs_CN; study_11_EOAD_vs_CN; study_2_EOAD_vs_CN; study_3_Soma_EOAD_vs_CN; study_5_EOAD_vs_CN",2,"study_1; study_11",0.971796656006794
"REG1A",-0.016639446607505,-0.115709378039442,0.0824304848244323,-0.0991314386661028,0.921033910574417,0,-0.0160515673502296,-0.0554862252444176,0.0188871595946225,8,1419,"study_1_EOAD_vs_CN; study_11_EOAD_vs_CN; study_2_EOAD_vs_CN; study_3_Olink_EOAD_vs_CN; study_3_Soma_EOAD_vs_CN; study_5_EOAD_vs_CN; study_8_EOAD_vs_CN; study_9_EOAD_vs_CN",3,"study_1; study_11; study_8",0.950403079992142
"BOC",0.0194390050672125,-0.0802412457308468,0.119119255865272,0.0968618557234631,0.92283610104341,0.602055710920738,0.0157430723845001,-0.0137101434594481,0.0335208157043806,6,1029,"study_11_EOAD_vs_CN; study_2_EOAD_vs_CN; study_3_Olink_EOAD_vs_CN; study_3_Soma_EOAD_vs_CN; study_8_EOAD_vs_CN; study_9_EOAD_vs_CN",3,"study_11; study_2; study_8",0.950403079992142
"IGHV2-70",0.018349973161591,-0.133634871909538,0.17033481823272,0.0961509996525655,0.923400647037918,0,0.0168300274722347,-0.017494515990576,0.0446950219754397,5,944,"study_1_EOAD_vs_CN; study_11_EOAD_vs_CN; study_4_EOAD_vs_CN; study_5_EOAD_vs_CN; study_7_EOAD_vs_CN",4,"study_1; study_11; study_4; study_7",0.95365623835633
"PTGES3",0.0442734373780037,-0.272432376766596,0.360979251522603,0.0956986389125979,0.923759921930231,0.197304011300701,NA,NA,NA,3,318,"study_11_EOAD_vs_CN; study_2_EOAD_vs_CN; study_3_Soma_EOAD_vs_CN",2,"study_11; study_2",0.973944062558232
"TXNDC12",-0.0202209336493515,-0.104900233120082,0.0644583658213784,0.0956836580765759,0.923771820307598,0.590379651538666,-0.0265579921013506,-0.0994753873038455,0.0377330703503655,6,666,"study_1_EOAD_vs_CN; study_11_EOAD_vs_CN; study_2_EOAD_vs_CN; study_3_Soma_EOAD_vs_CN; study_5_EOAD_vs_CN; study_7_EOAD_vs_CN",3,"study_1; study_11; study_7",0.950403079992142
"MSLN",-0.0095684368181993,-0.073464802694163,0.0543279290577644,0.0947211489012466,0.924536319110275,0,-0.00986885404685523,-0.0259736926221307,0.00652020235360666,10,1612,"study_1_EOAD_vs_CN; study_11_EOAD_vs_CN; study_2_EOAD_vs_CN; study_3_Olink_EOAD_vs_CN; study_3_Soma_EOAD_vs_CN; study_4_EOAD_vs_CN; study_5_EOAD_vs_CN; study_7_EOAD_vs_CN; study_8_EOAD_vs_CN; study_9_EOAD_vs_CN",5,"study_1; study_11; study_4; study_7; study_8",0.97007998015019
"CCL25",0.0183966023272265,-0.0730894384107053,0.109882643065158,0.0941414288234278,0.924996811054456,0.797515695910326,NA,NA,NA,4,649,"study_3_Olink_EOAD_vs_CN; study_3_Soma_EOAD_vs_CN; study_8_EOAD_vs_CN; study_9_EOAD_vs_CN",2,"study_3_Soma; study_8",0.973996921135081
"KRT6A",-0.0162768954149418,-0.318365889809339,0.285812098979455,-0.0928429778750112,0.92602830703572,0,NA,NA,NA,4,481,"study_1_EOAD_vs_CN; study_2_EOAD_vs_CN; study_5_EOAD_vs_CN; study_7_EOAD_vs_CN",2,"study_1; study_7",0.973996921135081
"SHISA8",-0.0180675107590254,-0.102055707437038,0.0659206859189869,0.0921256416310912,0.926598216003507,0.688014559186175,NA,NA,NA,3,668,"study_1_EOAD_vs_CN; study_11_EOAD_vs_CN; study_2_EOAD_vs_CN",2,"study_1; study_11",0.973996921135081
"SERPINB1",0.0107586449957718,-0.0393263357258598,0.0608436257174033,-0.0912059797076605,0.927328923640214,0,0.0131869533049712,-0.00448487098212265,0.0286021825279967,7,1013,"study_1_EOAD_vs_CN; study_11_EOAD_vs_CN; study_2_EOAD_vs_CN; study_3_Soma_EOAD_vs_CN; study_4_EOAD_vs_CN; study_5_EOAD_vs_CN; study_7_EOAD_vs_CN",4,"study_1; study_11; study_4; study_7",0.956459675168179
"CCL2",0.0217232604222538,-0.113806265325389,0.157252786169897,0.0886725852125299,0.929342120519879,0.513613887374951,NA,NA,NA,3,358,"study_11_EOAD_vs_CN; study_3_Olink_EOAD_vs_CN; study_3_Soma_EOAD_vs_CN",2,"study_11; study_3_Soma",0.975407769692656
"SELENOS",-0.0284473019579739,-0.182217727496731,0.125323123580783,0.087464675520609,0.93030216264378,0.368361697071946,NA,NA,NA,2,145,"study_3_Soma_EOAD_vs_CN; study_7_EOAD_vs_CN",2,"study_3_Soma; study_7",0.975407769692656
"ABHD14B",-0.0200443201723422,-0.0889075950461615,0.0488189547014772,-0.0859922130011091,0.931472607421822,0.665721631247661,-0.0146154242161811,-0.0464437793261668,0.0510368186039953,6,934,"study_1_EOAD_vs_CN; study_11_EOAD_vs_CN; study_2_EOAD_vs_CN; study_4_EOAD_vs_CN; study_5_EOAD_vs_CN; study_7_EOAD_vs_CN",4,"study_1; study_11; study_4; study_7",0.95838936786942
"SIRPA",-0.00748599326197444,-0.0827120280478325,0.0677400415238836,0.0854468173795561,0.931906174343613,0,-0.00783235249377285,-0.0318304664346381,0.00897204380421333,11,1853,"study_1_EOAD_vs_CN; study_10_EOAD_vs_CN; study_11_EOAD_vs_CN; study_2_EOAD_vs_CN; study_3_Olink_EOAD_vs_CN; study_3_Soma_EOAD_vs_CN; study_4_EOAD_vs_CN; study_5_EOAD_vs_CN; study_7_EOAD_vs_CN; study_8_EOAD_vs_CN; study_9_EOAD_vs_CN",5,"study_1; study_11; study_4; study_7; study_8",0.973019682035243
"SEMA5A",0.017076144349846,-0.0813319928173595,0.115484281517051,0.0850406507588034,0.932229073112405,0,NA,NA,NA,4,677,"study_1_EOAD_vs_CN; study_11_EOAD_vs_CN; study_2_EOAD_vs_CN; study_3_Soma_EOAD_vs_CN",2,"study_1; study_11",0.975407769692656
"LCP1",0.0174463495700991,-0.0270192489306031,0.0619119480708012,0.0835524970720331,0.933412236649502,0.688941822040988,0.0185827180164595,0.000923183729889869,0.0509870336135431,7,1037,"study_1_EOAD_vs_CN; study_11_EOAD_vs_CN; study_2_EOAD_vs_CN; study_3_Soma_EOAD_vs_CN; study_4_EOAD_vs_CN; study_5_EOAD_vs_CN; study_7_EOAD_vs_CN",4,"study_1; study_11; study_4; study_7",0.95838936786942
"SRGN",0.0244610050214016,-0.0410320411013004,0.0899540511441037,-0.0819320314989336,0.93470076260684,0.718955694911867,0.0236484913730009,-0.0232827380467561,0.0758034474820238,6,940,"study_1_EOAD_vs_CN; study_11_EOAD_vs_CN; study_2_EOAD_vs_CN; study_4_EOAD_vs_CN; study_5_EOAD_vs_CN; study_7_EOAD_vs_CN",4,"study_1; study_11; study_4; study_7",0.95838936786942
"CAPS",0.0861303013282236,-0.148047191454489,0.320307794110936,0.0818492461646978,0.934766594639055,0.847170875866598,NA,NA,NA,3,566,"study_1_EOAD_vs_CN; study_11_EOAD_vs_CN; study_3_Soma_EOAD_vs_CN",2,"study_1; study_11",0.975407769692656
"A4GALT",-0.00224588398509043,-0.0533138475413823,0.0488220795712015,-0.0817532635411802,0.934842921894932,0.726397482293889,0.000160596324796938,-0.0220105281563372,0.0144227206669595,7,989,"study_1_EOAD_vs_CN; study_11_EOAD_vs_CN; study_2_EOAD_vs_CN; study_3_Soma_EOAD_vs_CN; study_4_EOAD_vs_CN; study_5_EOAD_vs_CN; study_7_EOAD_vs_CN",4,"study_1; study_11; study_4; study_7",0.95838936786942
"DCD",0.0210014761348956,-0.0946235484113936,0.136626500681185,0.0812023951100505,0.935280994786275,0,0.0200753774605195,-0.0337222189128663,0.0800536872934066,6,923,"study_1_EOAD_vs_CN; study_11_EOAD_vs_CN; study_2_EOAD_vs_CN; study_4_EOAD_vs_CN; study_5_EOAD_vs_CN; study_7_EOAD_vs_CN",4,"study_1; study_11; study_4; study_7",0.95838936786942
"PRSS27",-0.0249126118637758,-0.179953058498453,0.130127834770902,-0.08036166062149,0.935949618640356,0.642522136719403,-0.0363797775577243,-0.124552159094124,0.0262093005020794,5,860,"study_11_EOAD_vs_CN; study_3_Olink_EOAD_vs_CN; study_3_Soma_EOAD_vs_CN; study_8_EOAD_vs_CN; study_9_EOAD_vs_CN",3,"study_11; study_3_Soma; study_8",0.960637400117044
"CRISPLD1",-0.00458679240148837,-0.0501828499029791,0.0410092651000024,-0.0802385721649773,0.936047512893637,0,NA,NA,NA,4,770,"study_1_EOAD_vs_CN; study_11_EOAD_vs_CN; study_2_EOAD_vs_CN; study_5_EOAD_vs_CN",2,"study_1; study_11",0.975407769692656
"DCBLD1",0.00608411322086473,-0.0663800906206896,0.0785483170624191,-0.0798952778353075,0.936320545566662,0,NA,NA,NA,3,681,"study_1_EOAD_vs_CN; study_11_EOAD_vs_CN; study_2_EOAD_vs_CN",2,"study_1; study_11",0.975407769692656
"UBE2K",-0.0149844302040825,-0.212383919397857,0.182415058989691,-0.0794310013966043,0.936689810985758,0.260542514821531,NA,NA,NA,2,398,"study_11_EOAD_vs_CN; study_3_Soma_EOAD_vs_CN",2,"study_11; study_3_Soma",0.975407769692656
"IL1R2",-0.0231995800659372,-0.201618025870833,0.155218865738959,0.078935258052931,0.937084118853228,0,-0.0225790322654903,-0.079957000791297,0.0376672460934934,6,975,"study_11_EOAD_vs_CN; study_2_EOAD_vs_CN; study_3_Olink_EOAD_vs_CN; study_3_Soma_EOAD_vs_CN; study_8_EOAD_vs_CN; study_9_EOAD_vs_CN",3,"study_11; study_2; study_8",0.960637400117044
"TREML1",0.000765714832055659,-0.0653310284938973,0.0668624581580086,-0.0788934804585149,0.937117348919793,0,NA,NA,NA,2,562,"study_1_EOAD_vs_CN; study_11_EOAD_vs_CN",2,"study_1; study_11",0.975407769692656
"EPB41",0.0152637753764859,-0.371617227141304,0.402144777894276,0.0785576162411179,0.937384500643369,0,NA,NA,NA,2,390,"study_11_EOAD_vs_CN; study_3_Soma_EOAD_vs_CN",2,"study_11; study_3_Soma",0.975407769692656
"EEF1A1P5",0.115163261895803,-0.127610482691891,0.357937006483497,0.0776102825456389,0.938138062766591,0.943573038270944,NA,NA,NA,2,494,"study_11_EOAD_vs_CN; study_7_EOAD_vs_CN",2,"study_11; study_7",0.975407769692656
"CPPED1",-0.0065162420317725,-0.0701215505190787,0.0570890664555336,-0.0775594925881502,0.938178465505913,0,NA,NA,NA,5,819,"study_1_EOAD_vs_CN; study_11_EOAD_vs_CN; study_2_EOAD_vs_CN; study_3_Soma_EOAD_vs_CN; study_5_EOAD_vs_CN",2,"study_1; study_11",0.975407769692656
"SAA4",0.0592867124917059,-0.0710001682289458,0.189573593212358,0.0745951241217481,0.940536853703334,0.707420855604817,0.0614491280304546,0.0153555811662919,0.11185286342256,7,1035,"study_1_EOAD_vs_CN; study_11_EOAD_vs_CN; study_3_Olink_EOAD_vs_CN; study_3_Soma_EOAD_vs_CN; study_4_EOAD_vs_CN; study_5_EOAD_vs_CN; study_7_EOAD_vs_CN",4,"study_1; study_11; study_4; study_7",0.961904133725409
"SERPINA5",0.0268112278806753,-0.0400146786069299,0.0936371343682806,0.0738215306323668,0.941152394799861,0.802465411144622,0.0297000626764439,-0.00889332479082424,0.0597676316966041,9,1256,"study_1_EOAD_vs_CN; study_10_EOAD_vs_CN; study_11_EOAD_vs_CN; study_2_EOAD_vs_CN; study_3_Olink_EOAD_vs_CN; study_3_Soma_EOAD_vs_CN; study_4_EOAD_vs_CN; study_5_EOAD_vs_CN; study_7_EOAD_vs_CN",4,"study_1; study_11; study_4; study_7",0.961904133725409
"IGHV3-11",0.0240407238352667,-0.0958280817672292,0.143909529437763,-0.0726188607512783,0.942109417636724,0.78040264453276,NA,NA,NA,2,720,"study_1_EOAD_vs_CN; study_11_EOAD_vs_CN",2,"study_1; study_11",0.976584743226991
"SIGLEC14",0.00584410232074494,-0.104486169453961,0.116174374095451,0.0721493899846312,0.942483021086155,0,0.0036223816384021,-0.0251020822878464,0.017939017111425,7,986,"study_1_EOAD_vs_CN; study_11_EOAD_vs_CN; study_2_EOAD_vs_CN; study_3_Soma_EOAD_vs_CN; study_4_EOAD_vs_CN; study_5_EOAD_vs_CN; study_7_EOAD_vs_CN",4,"study_1; study_11; study_4; study_7",0.962016347948044
"EDNRB",0.00830452201626651,-0.105104338794732,0.121713382827265,0.070938417559569,0.943446767587279,0,NA,NA,NA,2,351,"study_11_EOAD_vs_CN; study_2_EOAD_vs_CN",2,"study_11; study_2",0.976584743226991
"TNFRSF4",-0.00574292521453125,-0.108310426519376,0.0968245760903132,-0.0699391682429126,0.94424207769239,0,NA,NA,NA,3,622,"study_3_Olink_EOAD_vs_CN; study_8_EOAD_vs_CN; study_9_EOAD_vs_CN",2,"study_3_Olink; study_8",0.976584743226991
"ANGPT4",0.0196856818715357,-0.0765279010452005,0.115899264788272,0.0687907904468033,0.945156148881564,0.492524466177207,NA,NA,NA,3,717,"study_7_EOAD_vs_CN; study_8_EOAD_vs_CN; study_9_EOAD_vs_CN",2,"study_7; study_8",0.976584743226991
"CLIC1",0.0355888992152597,-0.0472195233417664,0.118397321772286,0.0683022520928322,0.945545031406994,0.859691987542124,NA,NA,NA,5,837,"study_1_EOAD_vs_CN; study_11_EOAD_vs_CN; study_2_EOAD_vs_CN; study_3_Soma_EOAD_vs_CN; study_5_EOAD_vs_CN",2,"study_1; study_11",0.976584743226991
"TUBB",0.0189650290533048,-0.0865559135514347,0.124485971658044,0.0674739181614355,0.94620442498716,0.110127335378882,NA,NA,NA,3,621,"study_1_EOAD_vs_CN; study_11_EOAD_vs_CN; study_2_EOAD_vs_CN",2,"study_1; study_11",0.976584743226991
"CTDSPL",-0.00362557971371394,-0.0973053017124932,0.0900541422850654,-0.0674029815106445,0.94626089568669,0,NA,NA,NA,3,614,"study_2_EOAD_vs_CN; study_8_EOAD_vs_CN; study_9_EOAD_vs_CN",2,"study_2; study_8",0.976584743226991
"LRRN1",0.00680879652508153,-0.0323332857967076,0.0459508788468706,0.0630946915124286,0.949691101437919,0.438244801127594,0.00811298061471444,-0.0186507401034344,0.034599684683886,8,1459,"study_1_EOAD_vs_CN; study_11_EOAD_vs_CN; study_2_EOAD_vs_CN; study_3_Olink_EOAD_vs_CN; study_3_Soma_EOAD_vs_CN; study_5_EOAD_vs_CN; study_8_EOAD_vs_CN; study_9_EOAD_vs_CN",3,"study_1; study_11; study_8",0.971816521363892
"UST",0.023131244473509,-0.263540625781705,0.309803114728723,-0.0623173394690158,0.950310120413955,0.44902966874035,NA,NA,NA,4,456,"study_11_EOAD_vs_CN; study_2_EOAD_vs_CN; study_3_Soma_EOAD_vs_CN; study_5_EOAD_vs_CN",2,"study_11; study_2",0.976584743226991
"ART3",-0.00938713104012504,-0.0497805308457841,0.0310062687655341,-0.0618199237098386,0.950706237006503,0.437238943892496,-0.0112610021404403,-0.0445642526446263,0.0113220569327439,8,1217,"study_1_EOAD_vs_CN; study_10_EOAD_vs_CN; study_11_EOAD_vs_CN; study_2_EOAD_vs_CN; study_3_Soma_EOAD_vs_CN; study_4_EOAD_vs_CN; study_5_EOAD_vs_CN; study_7_EOAD_vs_CN",4,"study_1; study_11; study_4; study_7",0.969154611592658
"HSP90AB1",4.97733085001381e-06,-0.0581221469150512,0.0581321015767512,0.0604002234923674,0.95183688066292,0.797845682897243,0.0105761283620907,-0.0342295303590768,0.0819277189627999,6,818,"study_1_EOAD_vs_CN; study_11_EOAD_vs_CN; study_2_EOAD_vs_CN; study_3_Soma_EOAD_vs_CN; study_5_EOAD_vs_CN; study_7_EOAD_vs_CN",3,"study_1; study_11; study_7",0.972269872734396
"PRNP",-0.0200548991184754,-0.072955844392717,0.0328460461557663,-0.0595967723338075,0.952476789105818,0.786742824021328,-0.019411860554162,-0.0342545426744088,-0.00191437776438381,7,1204,"study_1_EOAD_vs_CN; study_10_EOAD_vs_CN; study_11_EOAD_vs_CN; study_2_EOAD_vs_CN; study_4_EOAD_vs_CN; study_5_EOAD_vs_CN; study_7_EOAD_vs_CN",4,"study_1; study_11; study_4; study_7",0.969191409546458
"SERPING1",0.0242076166288502,-0.0222513163959877,0.0706665496536882,0.0586859991641538,0.953202211165615,0.806275548163924,0.0248290201021006,0.00479005429642364,0.0491423791950484,8,1231,"study_1_EOAD_vs_CN; study_10_EOAD_vs_CN; study_11_EOAD_vs_CN; study_2_EOAD_vs_CN; study_3_Soma_EOAD_vs_CN; study_4_EOAD_vs_CN; study_5_EOAD_vs_CN; study_7_EOAD_vs_CN",4,"study_1; study_11; study_4; study_7",0.969191409546458
"PTH2R",0.0760063889043841,-0.212725443179146,0.364738220987914,-0.0573237649556987,0.954287289779201,0.736841371822246,NA,NA,NA,2,531,"study_1_EOAD_vs_CN; study_11_EOAD_vs_CN",2,"study_1; study_11",0.976584743226991
"BKGD",0.0110255602660036,-0.299978590461573,0.32202971099358,0.0572999420407838,0.954306266523631,0,NA,NA,NA,3,399,"study_11_EOAD_vs_CN; study_2_EOAD_vs_CN; study_5_EOAD_vs_CN",2,"study_11; study_2",0.976584743226991
"DNASE1",0.05476218156733,-0.142159586063678,0.251683949198338,-0.0569962564345431,0.954548177227834,0.804970493726469,NA,NA,NA,3,619,"study_1_EOAD_vs_CN; study_11_EOAD_vs_CN; study_2_EOAD_vs_CN",2,"study_1; study_11",0.976584743226991
"RNF149",-0.0546463032726303,-0.581431126689276,0.472138520144016,0.056675170589358,0.954803953215128,0.66200604292909,NA,NA,NA,2,275,"study_11_EOAD_vs_CN; study_2_EOAD_vs_CN",2,"study_11; study_2",0.976584743226991
"COL16A1",-0.0180814096869094,-0.0704577963450402,0.0342949769712213,-0.0552832836032492,0.955912779550522,0.731482513774415,-0.0148805684843571,-0.0614719544955773,0.0336357612576796,5,881,"study_1_EOAD_vs_CN; study_11_EOAD_vs_CN; study_2_EOAD_vs_CN; study_5_EOAD_vs_CN; study_7_EOAD_vs_CN",3,"study_1; study_11; study_7",0.974689637720264
"GRM1",0.10365898163431,-0.0602731203091709,0.267591083577791,0.0547943081030528,0.95630233506756,0.969515829934662,NA,NA,NA,2,534,"study_1_EOAD_vs_CN; study_11_EOAD_vs_CN",2,"study_1; study_11",0.976584743226991
"TEK",-0.0036532878483016,-0.0937181419876738,0.0864115662910706,-0.0547730399816723,0.956319279127471,0,NA,NA,NA,3,621,"study_3_Olink_EOAD_vs_CN; study_8_EOAD_vs_CN; study_9_EOAD_vs_CN",2,"study_3_Olink; study_8",0.976584743226991
"NPC1",0.00228757727432326,-0.0733998417764344,0.0779749963250809,0.054595663585606,0.956460593565303,0,NA,NA,NA,4,791,"study_1_EOAD_vs_CN; study_11_EOAD_vs_CN; study_2_EOAD_vs_CN; study_5_EOAD_vs_CN",2,"study_1; study_11",0.976584743226991
"CFC1",-0.00190138533689452,-0.094809669735437,0.091006899061648,-0.0538599410902538,0.957046752692519,0,NA,NA,NA,4,649,"study_3_Olink_EOAD_vs_CN; study_3_Soma_EOAD_vs_CN; study_8_EOAD_vs_CN; study_9_EOAD_vs_CN",2,"study_3_Soma; study_8",0.976584743226991
"TNFRSF13B",-0.00279402959629459,-0.115238181431895,0.109650122239306,-0.0534991734331102,0.957334189212739,0.476767749796549,NA,NA,NA,3,621,"study_3_Olink_EOAD_vs_CN; study_8_EOAD_vs_CN; study_9_EOAD_vs_CN",2,"study_3_Olink; study_8",0.976584743226991
"STIP1",-0.0173628509206929,-0.132503699757825,0.097777997916439,0.0527836661855685,0.957904275852648,0.133054586989771,-0.0156151215286595,-0.0554016928024587,0.029162776662935,6,691,"study_1_EOAD_vs_CN; study_11_EOAD_vs_CN; study_2_EOAD_vs_CN; study_3_Olink_EOAD_vs_CN; study_5_EOAD_vs_CN; study_7_EOAD_vs_CN",3,"study_1; study_11; study_7",0.974979218381216
"CD27",0.0109712534427358,-0.102164687363685,0.124107194249157,0.0517488789224438,0.958728789639175,0.225049799027211,NA,NA,NA,5,677,"study_2_EOAD_vs_CN; study_3_Olink_EOAD_vs_CN; study_3_Soma_EOAD_vs_CN; study_8_EOAD_vs_CN; study_9_EOAD_vs_CN",2,"study_2; study_8",0.976584743226991
"GNAO1",0.160210528907505,-0.0224188748393064,0.342839932654317,0.0516418857919646,0.958814043812751,0.96914490329575,NA,NA,NA,3,699,"study_1_EOAD_vs_CN; study_11_EOAD_vs_CN; study_2_EOAD_vs_CN",2,"study_1; study_11",0.976584743226991
"GINM1",0.00515724318318702,-0.0280585947553407,0.0383730811217147,-0.0513902821262226,0.959014528282416,0.785819043105011,NA,NA,NA,4,810,"study_1_EOAD_vs_CN; study_11_EOAD_vs_CN; study_2_EOAD_vs_CN; study_5_EOAD_vs_CN",2,"study_1; study_11",0.976584743226991
"SOD3",0.062135003415842,-0.0112156162686732,0.135485623100357,-0.0513236630834347,0.959067612536036,0.947635348467105,0.0608985490661722,0.012005928192687,0.106851494103583,8,1231,"study_1_EOAD_vs_CN; study_10_EOAD_vs_CN; study_11_EOAD_vs_CN; study_2_EOAD_vs_CN; study_3_Soma_EOAD_vs_CN; study_4_EOAD_vs_CN; study_5_EOAD_vs_CN; study_7_EOAD_vs_CN",4,"study_1; study_11; study_4; study_7",0.973898554997933
"ANKRD2",0.0143690003396026,-0.184041039101021,0.212779039780226,0.0507908464031957,0.959492184976207,0.516403527245301,NA,NA,NA,2,371,"study_11_EOAD_vs_CN; study_3_Soma_EOAD_vs_CN",2,"study_11; study_3_Soma",0.976584743226991
"MYOC",0.0243509809218801,-0.064115652611179,0.112817614454939,0.0506039707901764,0.959641098648402,0.0274033165794026,0.0252186328011663,0.00507804700484219,0.0441050779617264,10,1639,"study_1_EOAD_vs_CN; study_11_EOAD_vs_CN; study_2_EOAD_vs_CN; study_3_Olink_EOAD_vs_CN; study_3_Soma_EOAD_vs_CN; study_4_EOAD_vs_CN; study_5_EOAD_vs_CN; study_7_EOAD_vs_CN; study_8_EOAD_vs_CN; study_9_EOAD_vs_CN",5,"study_1; study_11; study_4; study_7; study_8",0.989328664591999
"TOM1L2",-0.0596929356004267,-0.184722298569312,0.0653364273684583,-0.0503903312446012,0.959811341148665,0.896988974831039,NA,NA,NA,4,673,"study_1_EOAD_vs_CN; study_11_EOAD_vs_CN; study_2_EOAD_vs_CN; study_5_EOAD_vs_CN",2,"study_1; study_11",0.976584743226991
"LGMN",0.0128745424223059,-0.0536625050945686,0.0794115899391803,-0.0496528747274101,0.960399010622841,0,0.0129250887836963,-0.006141917753822,0.042257715740038,10,1555,"study_1_EOAD_vs_CN; study_11_EOAD_vs_CN; study_2_EOAD_vs_CN; study_3_Olink_EOAD_vs_CN; study_3_Soma_EOAD_vs_CN; study_4_EOAD_vs_CN; study_5_EOAD_vs_CN; study_7_EOAD_vs_CN; study_8_EOAD_vs_CN; study_9_EOAD_vs_CN",5,"study_1; study_11; study_4; study_7; study_8",0.989328664591999
"NUCB2",0.00724011862573278,-0.0422890994247348,0.0567693366762004,-0.0483212095683723,0.961460251504901,0.0694052246009867,0.00728215291486524,-0.00412455381756746,0.0266603391952774,11,1764,"study_1_EOAD_vs_CN; study_10_EOAD_vs_CN; study_11_EOAD_vs_CN; study_2_EOAD_vs_CN; study_3_Olink_EOAD_vs_CN; study_3_Soma_EOAD_vs_CN; study_4_EOAD_vs_CN; study_5_EOAD_vs_CN; study_7_EOAD_vs_CN; study_8_EOAD_vs_CN; study_9_EOAD_vs_CN",5,"study_1; study_11; study_4; study_7; study_8",0.989328664591999
"IL18R1",0.000209936242847503,-0.120709318454987,0.121129190940682,-0.0449737774698433,0.964128210346646,0,NA,NA,NA,4,649,"study_3_Olink_EOAD_vs_CN; study_3_Soma_EOAD_vs_CN; study_8_EOAD_vs_CN; study_9_EOAD_vs_CN",2,"study_3_Soma; study_8",0.980025571719966
"KRT9",-0.0128564305317514,-0.219989600323655,0.194276739260152,0.0446543008805506,0.964382859949115,0,-0.0186363333107888,-0.10180702870452,0.0382335545509616,7,1190,"study_1_EOAD_vs_CN; study_10_EOAD_vs_CN; study_11_EOAD_vs_CN; study_2_EOAD_vs_CN; study_4_EOAD_vs_CN; study_5_EOAD_vs_CN; study_7_EOAD_vs_CN",4,"study_1; study_11; study_4; study_7",0.978035641750196
"SEMA6C",0.000111753769907636,-0.0515303613369686,0.0517538688767838,0.0416760120514718,0.966756976952354,0.815470240553171,0.000962295024003156,-0.00873487298705047,0.0177023273644098,6,872,"study_1_EOAD_vs_CN; study_11_EOAD_vs_CN; study_2_EOAD_vs_CN; study_3_Soma_EOAD_vs_CN; study_5_EOAD_vs_CN; study_7_EOAD_vs_CN",3,"study_1; study_11; study_7",0.979523556431485
"VAMP2",-0.0244831226778792,-0.083880631865564,0.0349143865098057,-0.0410632020763793,0.967245510334773,0.858943485777277,NA,NA,NA,2,706,"study_1_EOAD_vs_CN; study_11_EOAD_vs_CN",2,"study_1; study_11",0.982241564758568
"C1QL3",0.00465065790970511,-0.0412731617326035,0.0505744775520137,0.0410360119575251,0.967267186640068,0.376265829732752,0.00561977036320011,-0.0333533922322707,0.0418174866745189,7,1006,"study_1_EOAD_vs_CN; study_11_EOAD_vs_CN; study_2_EOAD_vs_CN; study_3_Soma_EOAD_vs_CN; study_4_EOAD_vs_CN; study_5_EOAD_vs_CN; study_7_EOAD_vs_CN",4,"study_1; study_11; study_4; study_7",0.979699926828244
"GJA1",0.00280687083355302,-0.0672086574896911,0.0728223991567971,-0.0404447829670132,0.967738527792976,0,0.0022938191699126,-0.00456941237523973,0.0102202986379371,4,807,"study_1_EOAD_vs_CN; study_11_EOAD_vs_CN; study_2_EOAD_vs_CN; study_7_EOAD_vs_CN",3,"study_1; study_11; study_7",0.979523556431485
"KREMEN1",-0.00862511384504682,-0.0938604098170541,0.0766101821269604,0.039536431049846,0.968462708434544,0.18857302177591,0.0024873620809138,-0.0259318448589145,0.0543159108379884,5,690,"study_1_EOAD_vs_CN; study_11_EOAD_vs_CN; study_2_EOAD_vs_CN; study_3_Soma_EOAD_vs_CN; study_7_EOAD_vs_CN",3,"study_1; study_11; study_7",0.979523556431485
"FIS1",0.00580249176701373,-0.178183547938055,0.189788531472083,0.0370437231740413,0.970450143595771,0,NA,NA,NA,2,322,"study_11_EOAD_vs_CN; study_3_Soma_EOAD_vs_CN",2,"study_11; study_3_Soma",0.984245456318766
"NDRG1",0.0255566631917699,-0.132826087507383,0.183939413890922,-0.0369115624661882,0.970555520516044,0.792264186353237,0.0105885558512943,-0.029046786575434,0.0366583166415422,5,404,"study_11_EOAD_vs_CN; study_2_EOAD_vs_CN; study_3_Olink_EOAD_vs_CN; study_3_Soma_EOAD_vs_CN; study_7_EOAD_vs_CN",3,"study_11; study_2; study_7",0.979523556431485
"SCGB1A1",-0.00788365332655233,-0.118051807293403,0.102284500640299,0.0364214732434711,0.97094629236466,0.204430681464257,-0.0175214441599564,-0.0938973390774177,0.022185217096641,6,841,"study_1_EOAD_vs_CN; study_11_EOAD_vs_CN; study_2_EOAD_vs_CN; study_3_Olink_EOAD_vs_CN; study_4_EOAD_vs_CN; study_5_EOAD_vs_CN",3,"study_1; study_11; study_4",0.979523556431485
"EPCAM",0.000508322461155612,-0.148230310492284,0.149246955414595,-0.0362322900433797,0.971097139154203,0.516229221950827,NA,NA,NA,3,622,"study_3_Olink_EOAD_vs_CN; study_8_EOAD_vs_CN; study_9_EOAD_vs_CN",2,"study_3_Olink; study_8",0.984245456318766
"IGHV3-53",-0.000206337741382975,-0.294143695888149,0.293731020405383,-0.0343757933223827,0.972577486191061,0,NA,NA,NA,2,335,"study_11_EOAD_vs_CN; study_2_EOAD_vs_CN",2,"study_11; study_2",0.984793435292977
"ENSA",-0.152825063096974,-0.605810002538045,0.300159876344097,0.0322005992872198,0.974312078266186,0.950438644237775,NA,NA,NA,2,299,"study_11_EOAD_vs_CN; study_2_EOAD_vs_CN",2,"study_11; study_2",0.984821677872569
"BMP5",-0.0289836965989174,-0.178413899538594,0.12044650634076,0.0319840017605438,0.974484809116273,0.485253356728418,NA,NA,NA,3,607,"study_1_EOAD_vs_CN; study_11_EOAD_vs_CN; study_3_Soma_EOAD_vs_CN",2,"study_1; study_11",0.984821677872569
"RGMA",-0.0164491516333104,-0.0499531296882245,0.0170548264216037,0.0302318595947026,0.975882139855662,0.760933801462291,-0.0164772332105858,-0.0293152548475375,-7.71606579633823e-05,10,1658,"study_1_EOAD_vs_CN; study_11_EOAD_vs_CN; study_2_EOAD_vs_CN; study_3_Olink_EOAD_vs_CN; study_3_Soma_EOAD_vs_CN; study_4_EOAD_vs_CN; study_5_EOAD_vs_CN; study_7_EOAD_vs_CN; study_8_EOAD_vs_CN; study_9_EOAD_vs_CN",5,"study_1; study_11; study_4; study_7; study_8",0.994655111031708
"NCAM1",0.0149940792868032,-0.0251999627490203,0.0551881213226268,-0.0301139919743047,0.975976141810455,0.760915721159883,0.015993608551877,-0.0268395566464191,0.0569212328355058,11,1840,"study_1_EOAD_vs_CN; study_10_EOAD_vs_CN; study_11_EOAD_vs_CN; study_2_EOAD_vs_CN; study_3_Olink_EOAD_vs_CN; study_3_Soma_EOAD_vs_CN; study_4_EOAD_vs_CN; study_5_EOAD_vs_CN; study_7_EOAD_vs_CN; study_8_EOAD_vs_CN; study_9_EOAD_vs_CN",5,"study_1; study_11; study_4; study_7; study_8",0.994655111031708
"CLCC1",0.00651480163767058,-0.270657336906897,0.283686940182239,-0.0266019239827771,0.978777238687565,0,NA,NA,NA,2,237,"study_11_EOAD_vs_CN; study_2_EOAD_vs_CN",2,"study_11; study_2",0.987389342347097
"MAP4",-0.0847332138483986,-0.513471252841665,0.344004825144868,0.025989546467137,0.979265676346911,0.840908472117886,NA,NA,NA,2,268,"study_11_EOAD_vs_CN; study_2_EOAD_vs_CN",2,"study_11; study_2",0.987389342347097
"COA3",-0.0156701753276152,-0.0871758415070908,0.0558354908518604,0.0246178068087315,0.980359815824311,0.669407630050712,NA,NA,NA,3,619,"study_1_EOAD_vs_CN; study_11_EOAD_vs_CN; study_2_EOAD_vs_CN",2,"study_1; study_11",0.987389342347097
"IGHV3-23",0.00873608047492609,-0.122482235014268,0.13995439596412,0.0240732450090398,0.980794184526076,0,NA,NA,NA,3,726,"study_1_EOAD_vs_CN; study_11_EOAD_vs_CN; study_2_EOAD_vs_CN",2,"study_1; study_11",0.987389342347097
"VAT1",-0.00874551870194661,-0.175248949444207,0.157757912040314,0.0202507524615517,0.983843341562522,0,NA,NA,NA,2,312,"study_11_EOAD_vs_CN; study_3_Soma_EOAD_vs_CN",2,"study_11; study_3_Soma",0.989508466369984
"CLUL1",0.00878564270417669,-0.0452602451677888,0.0628315305761422,0.0178632843110884,0.985747919212844,0,0.00979589115510872,-0.00763216916022032,0.0252335796564673,10,1566,"study_1_EOAD_vs_CN; study_11_EOAD_vs_CN; study_2_EOAD_vs_CN; study_3_Olink_EOAD_vs_CN; study_3_Soma_EOAD_vs_CN; study_4_EOAD_vs_CN; study_5_EOAD_vs_CN; study_7_EOAD_vs_CN; study_8_EOAD_vs_CN; study_9_EOAD_vs_CN",5,"study_1; study_11; study_4; study_7; study_8",0.998069359664361
"FLRT2",0.00348456966884205,-0.0489051446464057,0.0558742839840898,-0.0175613261934005,0.985988809142389,0,0.00359043543288859,-0.00767530830654571,0.0145815461948629,8,1437,"study_1_EOAD_vs_CN; study_11_EOAD_vs_CN; study_2_EOAD_vs_CN; study_3_Olink_EOAD_vs_CN; study_3_Soma_EOAD_vs_CN; study_5_EOAD_vs_CN; study_8_EOAD_vs_CN; study_9_EOAD_vs_CN",3,"study_1; study_11; study_8",0.992537722142384
"IGF2",-0.00228311263965856,-0.056995209501976,0.0524289842226589,0.0165833257750138,0.986769026834496,0,-0.00246744226019394,-0.0100460201875396,0.00746683638621967,8,1219,"study_1_EOAD_vs_CN; study_10_EOAD_vs_CN; study_11_EOAD_vs_CN; study_2_EOAD_vs_CN; study_3_Soma_EOAD_vs_CN; study_4_EOAD_vs_CN; study_5_EOAD_vs_CN; study_7_EOAD_vs_CN",4,"study_1; study_11; study_4; study_7",0.996116130076137
"CDH15",0.0130015790613314,-0.0493314745730149,0.0753346326956776,-0.0162585849914822,0.987028097559523,0.473822525803771,0.00914290368251577,-0.0438457305185149,0.0347196690772784,8,1052,"study_1_EOAD_vs_CN; study_11_EOAD_vs_CN; study_2_EOAD_vs_CN; study_3_Olink_EOAD_vs_CN; study_3_Soma_EOAD_vs_CN; study_4_EOAD_vs_CN; study_5_EOAD_vs_CN; study_7_EOAD_vs_CN",4,"study_1; study_11; study_4; study_7",0.996116130076137
"KRT5",-0.0226544131162338,-0.218594946149252,0.173286119916784,-0.0159586465935675,0.987267382727745,0.0663371539453187,-0.0349314210623604,-0.093231748429233,0.048420016762574,6,934,"study_1_EOAD_vs_CN; study_11_EOAD_vs_CN; study_2_EOAD_vs_CN; study_4_EOAD_vs_CN; study_5_EOAD_vs_CN; study_7_EOAD_vs_CN",4,"study_1; study_11; study_4; study_7",0.996116130076137
"SBSN",0.0173287922022132,-0.0916382240000061,0.126295808404432,-0.0158889468201183,0.987322988050568,0.881914571636488,0.013063768834618,-0.00868385166899611,0.0354793440127562,5,835,"study_1_EOAD_vs_CN; study_11_EOAD_vs_CN; study_2_EOAD_vs_CN; study_5_EOAD_vs_CN; study_7_EOAD_vs_CN",3,"study_1; study_11; study_7",0.992537722142384
"GRIA3",0.0319429027873806,-0.133214328509054,0.197100134083815,0.0154081108491047,0.987706592673678,0.4316425018164,NA,NA,NA,2,555,"study_1_EOAD_vs_CN; study_11_EOAD_vs_CN",2,"study_1; study_11",0.992441523606917
"S100A4",0.00529279346078524,-0.0867149794524074,0.0973005663739779,-0.0143028964464787,0.988588328838262,0,0.00629029597472153,-0.0101817678816992,0.0150658143160368,9,1487,"study_1_EOAD_vs_CN; study_11_EOAD_vs_CN; study_2_EOAD_vs_CN; study_3_Olink_EOAD_vs_CN; study_3_Soma_EOAD_vs_CN; study_5_EOAD_vs_CN; study_7_EOAD_vs_CN; study_8_EOAD_vs_CN; study_9_EOAD_vs_CN",4,"study_1; study_11; study_7; study_8",0.996173405530115
"HPX",0.0388943986074577,-0.0401895832253532,0.117978380440269,-0.012496774331408,0.99002927622208,0.809096199879551,0.0409241531276991,0.00337375345087756,0.0856686919777959,8,1148,"study_1_EOAD_vs_CN; study_10_EOAD_vs_CN; study_11_EOAD_vs_CN; study_2_EOAD_vs_CN; study_3_Soma_EOAD_vs_CN; study_4_EOAD_vs_CN; study_5_EOAD_vs_CN; study_7_EOAD_vs_CN",4,"study_1; study_11; study_4; study_7",0.996351302251596
"SLC9D1",-0.0204033722175238,-0.281054664403944,0.240247919968897,-0.012424505853528,0.990086933648464,0,NA,NA,NA,2,240,"study_11_EOAD_vs_CN; study_2_EOAD_vs_CN",2,"study_11; study_2",0.992721355640107
"CD200R1",0.000556891977472707,-0.0603289316039201,0.0614427155588655,0.0114578329733711,0.990858171996874,0,NA,NA,NA,3,622,"study_3_Olink_EOAD_vs_CN; study_8_EOAD_vs_CN; study_9_EOAD_vs_CN",2,"study_3_Olink; study_8",0.992721355640107
"ATF6",0.00728822782930792,-0.083123021921773,0.0976994775803888,0.0110946756081153,0.991147911228838,0,NA,NA,NA,5,645,"study_1_EOAD_vs_CN; study_11_EOAD_vs_CN; study_2_EOAD_vs_CN; study_3_Soma_EOAD_vs_CN; study_5_EOAD_vs_CN",2,"study_1; study_11",0.992721355640107
"DAG1",0.0239552072938765,-0.0134920982948061,0.061402512882559,0.0110095705226429,0.991215811115469,0.841404654654213,0.02391852468907,-0.00847689086135543,0.0412111260262157,11,1852,"study_1_EOAD_vs_CN; study_10_EOAD_vs_CN; study_11_EOAD_vs_CN; study_2_EOAD_vs_CN; study_3_Olink_EOAD_vs_CN; study_3_Soma_EOAD_vs_CN; study_4_EOAD_vs_CN; study_5_EOAD_vs_CN; study_7_EOAD_vs_CN; study_8_EOAD_vs_CN; study_9_EOAD_vs_CN",5,"study_1; study_11; study_4; study_7; study_8",0.998069359664361
"RELL1",0.0128250489545779,-0.070373805047448,0.0960239029566038,0.0108471392953467,0.991345404744932,0.556066621936838,0.0139385582019585,-0.0345873103421086,0.0513689022701106,6,1275,"study_1_EOAD_vs_CN; study_11_EOAD_vs_CN; study_3_Soma_EOAD_vs_CN; study_7_EOAD_vs_CN; study_8_EOAD_vs_CN; study_9_EOAD_vs_CN",4,"study_1; study_11; study_7; study_8",0.996403289463018
"FOLH1",0.0279465511536446,-0.250252024564134,0.306145126871424,0.010309816345822,0.99177410243816,0.060351522868375,NA,NA,NA,3,315,"study_11_EOAD_vs_CN; study_2_EOAD_vs_CN; study_3_Soma_EOAD_vs_CN",2,"study_11; study_2",0.992721355640107
"FAM3C",-0.0222403562796589,-0.069835163555767,0.0253544509964491,-0.00829253770944384,0.993383588022744,0.852884914599526,-0.0213113842925381,-0.039204756826732,0.0031527898241852,11,1852,"study_1_EOAD_vs_CN; study_10_EOAD_vs_CN; study_11_EOAD_vs_CN; study_2_EOAD_vs_CN; study_3_Olink_EOAD_vs_CN; study_3_Soma_EOAD_vs_CN; study_4_EOAD_vs_CN; study_5_EOAD_vs_CN; study_7_EOAD_vs_CN; study_8_EOAD_vs_CN; study_9_EOAD_vs_CN",5,"study_1; study_11; study_4; study_7; study_8",0.998069359664361
"LCN2",0.0373593855301087,-0.0307743323295722,0.10549310338979,0.00589929955169674,0.995293067269737,0.81930515106931,0.0379467856006786,-0.00545715896553946,0.101380746181842,8,995,"study_1_EOAD_vs_CN; study_11_EOAD_vs_CN; study_2_EOAD_vs_CN; study_3_Olink_EOAD_vs_CN; study_3_Soma_EOAD_vs_CN; study_4_EOAD_vs_CN; study_5_EOAD_vs_CN; study_7_EOAD_vs_CN",4,"study_1; study_11; study_4; study_7",0.997514294559909
"TRIL",-0.00351647430512524,-0.0625919168915591,0.0555589682813086,-0.00530672514580479,0.99576586581089,0,-0.00150155273738137,-0.00819527306260291,0.0107424304776474,6,851,"study_1_EOAD_vs_CN; study_11_EOAD_vs_CN; study_2_EOAD_vs_CN; study_3_Soma_EOAD_vs_CN; study_5_EOAD_vs_CN; study_7_EOAD_vs_CN",3,"study_1; study_11; study_7",0.996897491036172
"IGHV4-34",0.0141907526171914,-0.0935163415633686,0.121897846797751,-0.00521361988693853,0.995840152031707,0,0.0153428779822213,-0.00862654130035242,0.0484968339473521,5,948,"study_1_EOAD_vs_CN; study_11_EOAD_vs_CN; study_2_EOAD_vs_CN; study_4_EOAD_vs_CN; study_7_EOAD_vs_CN",4,"study_1; study_11; study_4; study_7",0.997514294559909
"CALU",0.0106627522565475,-0.0512553764713907,0.0725808809844857,0.00505577118012002,0.995966095417424,0,0.0102834748631341,0.000242153584479897,0.0270633458519116,5,790,"study_1_EOAD_vs_CN; study_11_EOAD_vs_CN; study_2_EOAD_vs_CN; study_5_EOAD_vs_CN; study_7_EOAD_vs_CN",3,"study_1; study_11; study_7",0.996897491036172
"C5",0.0400231903884747,-0.0486386625393906,0.12868504331634,0.00470193375373318,0.996248413475443,0.798302991950266,0.0431152527413348,-0.00419816879758911,0.101198704982769,8,1231,"study_1_EOAD_vs_CN; study_10_EOAD_vs_CN; study_11_EOAD_vs_CN; study_2_EOAD_vs_CN; study_3_Soma_EOAD_vs_CN; study_4_EOAD_vs_CN; study_5_EOAD_vs_CN; study_7_EOAD_vs_CN",4,"study_1; study_11; study_4; study_7",0.997514294559909
"ISLR2",-0.0122907864390427,-0.0619217491614203,0.037340176283335,0.0038884281442481,0.996897491036172,0.793464926390634,-0.00667001053217427,-0.0485322876424861,0.057837075296437,7,984,"study_1_EOAD_vs_CN; study_11_EOAD_vs_CN; study_2_EOAD_vs_CN; study_3_Olink_EOAD_vs_CN; study_3_Soma_EOAD_vs_CN; study_5_EOAD_vs_CN; study_7_EOAD_vs_CN",3,"study_1; study_11; study_7",0.996897491036172
"FAHD1",-0.0372879933743014,-0.46585669161445,0.391280704865847,0.00194635780261028,0.998447032140019,0,NA,NA,NA,3,389,"study_11_EOAD_vs_CN; study_2_EOAD_vs_CN; study_3_Soma_EOAD_vs_CN",2,"study_11; study_2",0.998447032140019
"TGOLN2",-0.00509112853653829,-0.0478490274997362,0.0376667704266596,-0.00181742283598589,0.998549907176999,0.422180307094937,-0.00424119671044477,-0.0228091411838758,0.0182280571236591,7,1203,"study_1_EOAD_vs_CN; study_10_EOAD_vs_CN; study_11_EOAD_vs_CN; study_2_EOAD_vs_CN; study_4_EOAD_vs_CN; study_5_EOAD_vs_CN; study_7_EOAD_vs_CN",4,"study_1; study_11; study_4; study_7",0.998549907176999
"CALR",-0.00271575876329609,-0.030630406731648,0.0251988892050558,0.00157654188529377,0.998742102091346,0,-0.00254788502523278,-0.0117914995618161,0.00584648227161868,10,1824,"study_1_EOAD_vs_CN; study_10_EOAD_vs_CN; study_11_EOAD_vs_CN; study_2_EOAD_vs_CN; study_3_Olink_EOAD_vs_CN; study_4_EOAD_vs_CN; study_5_EOAD_vs_CN; study_7_EOAD_vs_CN; study_8_EOAD_vs_CN; study_9_EOAD_vs_CN",5,"study_1; study_11; study_4; study_7; study_8",0.998742102091346
