"Protein","Weighted_Effect","CI_Lower","CI_Upper","Z_score","P_value","I_squared","LOO_Mean","LOO_CI_Lower","LOO_CI_Upper","N_Studies","Total_N","Studies","N_Unique_Studies","Unique_Study_Names","FDR_BH_Stratified"
"YWHAZ",0.365526999686529,0.341876139598924,0.389177859774133,24.8000123983534,8.96215140079588e-136,0.967927465868632,0.366344438298787,0.346109801994565,0.397368858713132,9,1729,"study_1_LOD_vs_CN; study_10_LOD_vs_CN; study_11_LOD_vs_CN; study_2_LOD_vs_CN; study_3_Soma_LOD_vs_CN; study_4_LOD_vs_CN; study_5_LOD_vs_CN; study_6_LOD_vs_CN; study_7_LOD_vs_CN",5,"study_1; study_11; study_4; study_6; study_7",6.89189442721204e-133
"YWHAG",0.349465647014305,0.32546516910568,0.37346612492293,23.4817376628632,6.26864184128845e-122,0.930169274732095,0.351089773508416,0.326666446105682,0.377542515508615,8,1474,"study_1_LOD_vs_CN; study_11_LOD_vs_CN; study_2_LOD_vs_CN; study_3_Soma_LOD_vs_CN; study_4_LOD_vs_CN; study_5_LOD_vs_CN; study_6_LOD_vs_CN; study_7_LOD_vs_CN",5,"study_1; study_11; study_4; study_6; study_7",2.41029278797541e-119
"PEA15",0.257633955919291,0.233692732320357,0.281575179518225,20.61740235646,1.91571916538828e-94,0.905387488127221,0.2582009767492,0.239029324069727,0.282694102232364,8,1399,"study_1_LOD_vs_CN; study_11_LOD_vs_CN; study_2_LOD_vs_CN; study_3_Soma_LOD_vs_CN; study_4_LOD_vs_CN; study_5_LOD_vs_CN; study_6_LOD_vs_CN; study_7_LOD_vs_CN",5,"study_1; study_11; study_4; study_6; study_7",4.91062679394529e-92
"SMOC1",0.272051470072147,0.248645845981404,0.295457094162891,19.9725334641417,9.54851907930184e-89,0.971707881135223,0.271302920058104,0.19824082598213,0.310308811526357,10,1747,"study_1_LOD_vs_CN; study_10_LOD_vs_CN; study_11_LOD_vs_CN; study_2_LOD_vs_CN; study_3_Olink_LOD_vs_CN; study_3_Soma_LOD_vs_CN; study_4_LOD_vs_CN; study_5_LOD_vs_CN; study_6_LOD_vs_CN; study_7_LOD_vs_CN",5,"study_1; study_11; study_4; study_6; study_7",1.83570279299578e-86
"UCHL1",0.348711329071922,0.320207186429691,0.377215471714154,19.8940555995698,4.58156583446444e-88,0.939539294776007,0.350761837354035,0.329979009764728,0.389299858666706,8,1373,"study_1_LOD_vs_CN; study_11_LOD_vs_CN; study_2_LOD_vs_CN; study_3_Soma_LOD_vs_CN; study_4_LOD_vs_CN; study_5_LOD_vs_CN; study_6_LOD_vs_CN; study_7_LOD_vs_CN",5,"study_1; study_11; study_4; study_6; study_7",7.04644825340631e-86
"FABP3",0.311356707177331,0.285520886317476,0.337192528037186,19.71500639588,1.60295932585432e-86,0.936371049935889,0.312147568214562,0.265449623509074,0.352974527553379,8,1401,"study_1_LOD_vs_CN; study_11_LOD_vs_CN; study_2_LOD_vs_CN; study_3_Soma_LOD_vs_CN; study_4_LOD_vs_CN; study_5_LOD_vs_CN; study_6_LOD_vs_CN; study_7_LOD_vs_CN",5,"study_1; study_11; study_4; study_6; study_7",2.05445953596995e-84
"MAPT",0.422183911773689,0.383833607233043,0.460534216314334,19.6986294944017,2.2153599968748e-86,0.935443521429645,0.424500700414708,0.345755364645071,0.505790775460124,9,1629,"study_1_LOD_vs_CN; study_10_LOD_vs_CN; study_11_LOD_vs_CN; study_2_LOD_vs_CN; study_3_Olink_LOD_vs_CN; study_4_LOD_vs_CN; study_5_LOD_vs_CN; study_6_LOD_vs_CN; study_7_LOD_vs_CN",5,"study_1; study_11; study_4; study_6; study_7",2.43373119656675e-84
"YWHAE",0.297470884468171,0.268665180246372,0.326276588689971,18.93986121312,5.35380436528566e-80,0.774117392351158,0.296802177147241,0.286338573222431,0.317186878957426,8,1453,"study_1_LOD_vs_CN; study_11_LOD_vs_CN; study_2_LOD_vs_CN; study_3_Soma_LOD_vs_CN; study_4_LOD_vs_CN; study_5_LOD_vs_CN; study_6_LOD_vs_CN; study_7_LOD_vs_CN",5,"study_1; study_11; study_4; study_6; study_7",5.14634444613084e-78
"LDHA",0.18870445108458,0.168013689613856,0.209395212555303,17.2493652044442,1.1313553734318e-66,0.952461113394623,0.189459216608946,0.133287200821566,0.23767069532215,9,1731,"study_1_LOD_vs_CN; study_10_LOD_vs_CN; study_11_LOD_vs_CN; study_2_LOD_vs_CN; study_3_Soma_LOD_vs_CN; study_4_LOD_vs_CN; study_5_LOD_vs_CN; study_6_LOD_vs_CN; study_7_LOD_vs_CN",5,"study_1; study_11; study_4; study_6; study_7",9.66680313521172e-65
"MIF",0.254913451654127,0.21745527456813,0.292371628740125,16.6862390100377,1.65045998200126e-62,0.91718687346156,0.254789735036362,0.205529647596307,0.300157682255771,11,2411,"study_1_LOD_vs_CN; study_11_LOD_vs_CN; study_2_LOD_vs_CN; study_3_Olink_LOD_vs_CN; study_3_Soma_LOD_vs_CN; study_4_LOD_vs_CN; study_5_LOD_vs_CN; study_6_LOD_vs_CN; study_7_LOD_vs_CN; study_8_LOD_vs_CN; study_9_LOD_vs_CN",6,"study_1; study_11; study_4; study_6; study_7; study_8",3.5319843614827e-60
"PGAM1",0.167671901166597,0.148132890006958,0.187210912326235,15.9674606831484,2.15377306464034e-57,0.821253077550154,0.16777087975639,0.151981585143718,0.179769765811603,8,1462,"study_1_LOD_vs_CN; study_11_LOD_vs_CN; study_2_LOD_vs_CN; study_3_Soma_LOD_vs_CN; study_4_LOD_vs_CN; study_5_LOD_vs_CN; study_6_LOD_vs_CN; study_7_LOD_vs_CN",5,"study_1; study_11; study_4; study_6; study_7",1.65625148670842e-55
"GDI1",0.156776344829774,0.139373723090546,0.174178966569003,15.8948547824598,6.87876777569688e-57,0.927753505179124,0.156558087479558,0.14113731012919,0.168215148303704,8,1381,"study_1_LOD_vs_CN; study_11_LOD_vs_CN; study_2_LOD_vs_CN; study_3_Soma_LOD_vs_CN; study_4_LOD_vs_CN; study_5_LOD_vs_CN; study_6_LOD_vs_CN; study_7_LOD_vs_CN",5,"study_1; study_11; study_4; study_6; study_7",4.80888401773718e-55
"ALDOA",0.173113688705498,0.150472018313757,0.195755359097238,15.5590861517101,1.38055967763775e-54,0.867267129715158,0.173272780806828,0.139278435912515,0.198514828560706,9,1732,"study_1_LOD_vs_CN; study_10_LOD_vs_CN; study_11_LOD_vs_CN; study_2_LOD_vs_CN; study_3_Soma_LOD_vs_CN; study_4_LOD_vs_CN; study_5_LOD_vs_CN; study_6_LOD_vs_CN; study_7_LOD_vs_CN",5,"study_1; study_11; study_4; study_6; study_7",8.84708660086191e-53
"PKM",0.180219006743141,0.157647538719437,0.202790474766844,15.3929589200683,1.82492599468826e-53,0.893130580348596,0.18116881811742,0.140629203386386,0.221364403080675,9,1732,"study_1_LOD_vs_CN; study_10_LOD_vs_CN; study_11_LOD_vs_CN; study_2_LOD_vs_CN; study_3_Soma_LOD_vs_CN; study_4_LOD_vs_CN; study_5_LOD_vs_CN; study_6_LOD_vs_CN; study_7_LOD_vs_CN",5,"study_1; study_11; study_4; study_6; study_7",1.07951391531944e-51
"ENO1",0.175372123056451,0.154550548554741,0.196193697558162,15.3768510352845,2.34057362811442e-53,0.801108097685297,0.175724281180206,0.164770680218278,0.187552533526915,9,1636,"study_1_LOD_vs_CN; study_10_LOD_vs_CN; study_11_LOD_vs_CN; study_2_LOD_vs_CN; study_3_Soma_LOD_vs_CN; study_4_LOD_vs_CN; study_5_LOD_vs_CN; study_6_LOD_vs_CN; study_7_LOD_vs_CN",5,"study_1; study_11; study_4; study_6; study_7",1.28564365715714e-51
"ITGB2",0.294806859832398,0.252257512187397,0.337356207477399,14.6147147702962,2.26300149091796e-48,0.962791651324328,0.295631149643165,0.216760470118485,0.393232876416186,9,2070,"study_1_LOD_vs_CN; study_11_LOD_vs_CN; study_2_LOD_vs_CN; study_3_Olink_LOD_vs_CN; study_3_Soma_LOD_vs_CN; study_5_LOD_vs_CN; study_6_LOD_vs_CN; study_8_LOD_vs_CN; study_9_LOD_vs_CN",4,"study_1; study_11; study_6; study_8",9.91194653022066e-46
"PARK7",0.228401221157749,0.191343219827205,0.265459222488293,14.5779581260148,3.87947362464309e-48,0.966171113929013,0.227145687719134,0.134386176801943,0.277041183934894,12,2659,"study_1_LOD_vs_CN; study_10_LOD_vs_CN; study_11_LOD_vs_CN; study_2_LOD_vs_CN; study_3_Olink_LOD_vs_CN; study_3_Soma_LOD_vs_CN; study_4_LOD_vs_CN; study_5_LOD_vs_CN; study_6_LOD_vs_CN; study_7_LOD_vs_CN; study_8_LOD_vs_CN; study_9_LOD_vs_CN",6,"study_1; study_11; study_4; study_6; study_7; study_8",4.15103677836811e-46
"MDH1",0.172132750050287,0.149976198372712,0.194289301727862,14.5702411379505,4.34355119590761e-48,0.923189240845605,0.172611556990326,0.124273700972934,0.211376399568242,9,1730,"study_1_LOD_vs_CN; study_10_LOD_vs_CN; study_11_LOD_vs_CN; study_2_LOD_vs_CN; study_3_Soma_LOD_vs_CN; study_4_LOD_vs_CN; study_5_LOD_vs_CN; study_6_LOD_vs_CN; study_7_LOD_vs_CN",5,"study_1; study_11; study_4; study_6; study_7",2.22679391310197e-46
"PGK1",0.171014996440511,0.149041248758022,0.192988744123001,14.5397354026965,6.78544204225711e-48,0.807984896963688,0.171523658750072,0.161753385130186,0.181280770868913,9,1705,"study_1_LOD_vs_CN; study_10_LOD_vs_CN; study_11_LOD_vs_CN; study_2_LOD_vs_CN; study_3_Soma_LOD_vs_CN; study_4_LOD_vs_CN; study_5_LOD_vs_CN; study_6_LOD_vs_CN; study_7_LOD_vs_CN",5,"study_1; study_11; study_4; study_6; study_7",3.26125308155983e-46
"GPI",0.208038562119394,0.181726307380692,0.234350816858097,14.0771142060737,5.25106603536133e-45,0.783525417768696,0.211510338067737,0.197051472430046,0.249277566243798,8,1431,"study_1_LOD_vs_CN; study_10_LOD_vs_CN; study_11_LOD_vs_CN; study_2_LOD_vs_CN; study_3_Soma_LOD_vs_CN; study_4_LOD_vs_CN; study_5_LOD_vs_CN; study_6_LOD_vs_CN",4,"study_1; study_11; study_4; study_6",1.14998346174413e-42
"DDAH1",0.164608395334796,0.134447564600991,0.194769226068601,13.9549772995569,2.93395128990933e-44,0.953004833935176,0.164475776600513,0.121607953731332,0.207110057758183,11,2367,"study_1_LOD_vs_CN; study_11_LOD_vs_CN; study_2_LOD_vs_CN; study_3_Olink_LOD_vs_CN; study_3_Soma_LOD_vs_CN; study_4_LOD_vs_CN; study_5_LOD_vs_CN; study_6_LOD_vs_CN; study_7_LOD_vs_CN; study_8_LOD_vs_CN; study_9_LOD_vs_CN",6,"study_1; study_11; study_4; study_6; study_7; study_8",2.09288525346866e-42
"PDXP",0.24565570165919,0.212892532713022,0.278418870605358,13.4724302405605,2.27260835164404e-41,0.914402963384107,0.248734308461984,0.174068630877346,0.32569458554675,7,1229,"study_1_LOD_vs_CN; study_11_LOD_vs_CN; study_2_LOD_vs_CN; study_3_Soma_LOD_vs_CN; study_5_LOD_vs_CN; study_6_LOD_vs_CN; study_7_LOD_vs_CN",4,"study_1; study_11; study_6; study_7",3.3180081934003e-39
"CALM1",0.15378952530073,0.130398776981812,0.177180273619648,13.2680054274894,3.54901746398174e-40,0.783556098907768,0.154046169222587,0.129113344818851,0.17471379823828,6,1523,"study_1_LOD_vs_CN; study_10_LOD_vs_CN; study_11_LOD_vs_CN; study_4_LOD_vs_CN; study_6_LOD_vs_CN; study_7_LOD_vs_CN",5,"study_1; study_11; study_4; study_6; study_7",1.6054084881188e-38
"PPP3CA",0.217823723468342,0.183595667641289,0.252051779295395,12.7260099572073,4.23957185203475e-37,0.909389406001994,0.22146466794055,0.151334101134147,0.292933060966867,7,1116,"study_1_LOD_vs_CN; study_11_LOD_vs_CN; study_2_LOD_vs_CN; study_3_Soma_LOD_vs_CN; study_5_LOD_vs_CN; study_6_LOD_vs_CN; study_7_LOD_vs_CN",4,"study_1; study_11; study_6; study_7",4.64233117797805e-35
"PEBP1",0.152747548371173,0.124284403651982,0.181210693090364,12.7052581961611,5.52866559935198e-37,0.898488333591612,0.152516301889793,0.105474344031331,0.185838740530927,12,2660,"study_1_LOD_vs_CN; study_10_LOD_vs_CN; study_11_LOD_vs_CN; study_2_LOD_vs_CN; study_3_Olink_LOD_vs_CN; study_3_Soma_LOD_vs_CN; study_4_LOD_vs_CN; study_5_LOD_vs_CN; study_6_LOD_vs_CN; study_7_LOD_vs_CN; study_8_LOD_vs_CN; study_9_LOD_vs_CN",6,"study_1; study_11; study_4; study_6; study_7; study_8",2.95783609565331e-35
"CRYM",0.17982092648788,0.152749151161247,0.206892701814514,12.662912644397,9.4911453393804e-37,0.944127958300928,0.180463156111957,0.103822552876074,0.242687749705585,7,1328,"study_1_LOD_vs_CN; study_11_LOD_vs_CN; study_2_LOD_vs_CN; study_4_LOD_vs_CN; study_5_LOD_vs_CN; study_6_LOD_vs_CN; study_7_LOD_vs_CN",5,"study_1; study_11; study_4; study_6; study_7",4.05482820332418e-35
"FKBP1A",0.168525665671014,0.143102658799071,0.193948672542957,12.5835072974289,2.60215104537025e-36,0.834543719530574,0.168950964111353,0.145972995062744,0.186533808620521,6,1236,"study_1_LOD_vs_CN; study_11_LOD_vs_CN; study_2_LOD_vs_CN; study_3_Soma_LOD_vs_CN; study_4_LOD_vs_CN; study_7_LOD_vs_CN",4,"study_1; study_11; study_4; study_7",2.27948431574434e-34
"PPIA",0.154207535419644,0.130800739097588,0.1776143317417,12.5512442972319,3.91312134994237e-36,0.887815828099519,0.154351154739335,0.14162029455771,0.167255617877348,9,1731,"study_1_LOD_vs_CN; study_10_LOD_vs_CN; study_11_LOD_vs_CN; study_2_LOD_vs_CN; study_3_Soma_LOD_vs_CN; study_4_LOD_vs_CN; study_5_LOD_vs_CN; study_6_LOD_vs_CN; study_7_LOD_vs_CN",5,"study_1; study_11; study_4; study_6; study_7",1.58378437795036e-34
"GDA",0.172030495098052,0.143936269951616,0.200124720244488,12.4051217875515,2.45139744036916e-35,0.949923343016222,0.172893555608992,0.100490840668206,0.236201140385007,9,1730,"study_1_LOD_vs_CN; study_10_LOD_vs_CN; study_11_LOD_vs_CN; study_2_LOD_vs_CN; study_3_Soma_LOD_vs_CN; study_4_LOD_vs_CN; study_5_LOD_vs_CN; study_6_LOD_vs_CN; study_7_LOD_vs_CN",5,"study_1; study_11; study_4; study_6; study_7",9.4256231582194e-34
"ENOPH1",0.162899902393053,0.138137431618427,0.18766237316768,12.206313794397,2.8762795167522e-34,0.720007880130494,0.163843775341747,0.151682432072513,0.171302945720265,6,1196,"study_1_LOD_vs_CN; study_11_LOD_vs_CN; study_2_LOD_vs_CN; study_5_LOD_vs_CN; study_6_LOD_vs_CN; study_7_LOD_vs_CN",4,"study_1; study_11; study_6; study_7",2.09968404722911e-32
"NRGN",0.298894282254958,0.251655834791457,0.346132729718459,12.1941299443764,3.34052829664045e-34,0.969067688652362,0.300530269043009,0.171342746438372,0.404015570409267,6,1148,"study_1_LOD_vs_CN; study_11_LOD_vs_CN; study_2_LOD_vs_CN; study_3_Soma_LOD_vs_CN; study_5_LOD_vs_CN; study_6_LOD_vs_CN",3,"study_1; study_11; study_6",1.85399320463545e-31
"HPRT1",0.160366045007738,0.134001537591231,0.186730552424244,12.1135424346492,8.954176981914e-34,0.688074194450803,0.160677525961781,0.133858796979297,0.183217621062587,8,1459,"study_1_LOD_vs_CN; study_11_LOD_vs_CN; study_2_LOD_vs_CN; study_3_Soma_LOD_vs_CN; study_4_LOD_vs_CN; study_5_LOD_vs_CN; study_6_LOD_vs_CN; study_7_LOD_vs_CN",5,"study_1; study_11; study_4; study_6; study_7",3.27893433290089e-32
"GAP43",0.179890111624054,0.150693484819434,0.209086738428674,11.9738486592258,4.87153306797103e-33,0.926060411778288,0.181110342753352,0.122219723997338,0.233490837910033,8,1543,"study_1_LOD_vs_CN; study_10_LOD_vs_CN; study_11_LOD_vs_CN; study_2_LOD_vs_CN; study_3_Soma_LOD_vs_CN; study_4_LOD_vs_CN; study_5_LOD_vs_CN; study_6_LOD_vs_CN",4,"study_1; study_11; study_4; study_6",3.04818783395902e-31
"NPTX2",-0.257984401470449,-0.293649464891877,-0.222319338049021,-11.8989571830113,1.1983522915049e-32,0.978070825188934,-0.259944888806491,-0.304027916470673,-0.221162072211778,9,1730,"study_1_LOD_vs_CN; study_10_LOD_vs_CN; study_11_LOD_vs_CN; study_2_LOD_vs_CN; study_3_Soma_LOD_vs_CN; study_4_LOD_vs_CN; study_5_LOD_vs_CN; study_6_LOD_vs_CN; study_7_LOD_vs_CN",5,"study_1; study_11; study_4; study_6; study_7",4.18878596439669e-31
"YWHAB",0.159764630799045,0.134797300615845,0.184731960982244,11.6784985875634,1.64169655647708e-31,0.902883424734619,0.160823036977574,0.145968871459145,0.179423442563974,8,1424,"study_1_LOD_vs_CN; study_11_LOD_vs_CN; study_2_LOD_vs_CN; study_3_Soma_LOD_vs_CN; study_4_LOD_vs_CN; study_5_LOD_vs_CN; study_6_LOD_vs_CN; study_7_LOD_vs_CN",5,"study_1; study_11; study_4; study_6; study_7",5.48897674752555e-30
"PCSK2",-0.18089958542354,-0.208342360474638,-0.153456810372442,-11.6002738260328,4.10761833244873e-31,0.924098053195744,-0.181416915156562,-0.201028229004639,-0.159167938686238,9,1618,"study_1_LOD_vs_CN; study_10_LOD_vs_CN; study_11_LOD_vs_CN; study_2_LOD_vs_CN; study_3_Soma_LOD_vs_CN; study_4_LOD_vs_CN; study_5_LOD_vs_CN; study_6_LOD_vs_CN; study_7_LOD_vs_CN",5,"study_1; study_11; study_4; study_6; study_7",1.31614937402212e-29
"LDHB",0.107979927159018,0.0888188137222199,0.127141040595817,11.4416375168861,2.58951260666268e-30,0.896095599287687,0.108136795656888,0.0719311972573439,0.135030021456936,9,1732,"study_1_LOD_vs_CN; study_10_LOD_vs_CN; study_11_LOD_vs_CN; study_2_LOD_vs_CN; study_3_Soma_LOD_vs_CN; study_4_LOD_vs_CN; study_5_LOD_vs_CN; study_6_LOD_vs_CN; study_7_LOD_vs_CN",5,"study_1; study_11; study_4; study_6; study_7",7.96534077809441e-29
"SMOC2",0.231749248439966,0.169687938424313,0.293810558455619,11.4109845624136,3.68534052186459e-30,0.9806357769477,0.232126137145324,0.134815230087049,0.33122240427208,8,1824,"study_1_LOD_vs_CN; study_11_LOD_vs_CN; study_2_LOD_vs_CN; study_3_Olink_LOD_vs_CN; study_3_Soma_LOD_vs_CN; study_5_LOD_vs_CN; study_8_LOD_vs_CN; study_9_LOD_vs_CN",3,"study_1; study_11; study_8",1.02268199481742e-27
"STMN1",0.156277587799878,0.128818462156346,0.183736713443409,11.1164249709494,1.0437089974577e-28,0.876089717847017,0.155962254104943,0.113573259456227,0.181648918617728,7,1317,"study_1_LOD_vs_CN; study_11_LOD_vs_CN; study_2_LOD_vs_CN; study_3_Soma_LOD_vs_CN; study_5_LOD_vs_CN; study_6_LOD_vs_CN; study_7_LOD_vs_CN",4,"study_1; study_11; study_6; study_7",5.71430676108088e-27
"CHIT1",0.526615785721411,0.421494678660624,0.631736892782198,11.114822575593,1.06261648549567e-28,0.924726958544871,0.526333209411269,0.419159875371161,0.624903433355707,11,2356,"study_1_LOD_vs_CN; study_11_LOD_vs_CN; study_2_LOD_vs_CN; study_3_Olink_LOD_vs_CN; study_3_Soma_LOD_vs_CN; study_4_LOD_vs_CN; study_5_LOD_vs_CN; study_6_LOD_vs_CN; study_7_LOD_vs_CN; study_8_LOD_vs_CN; study_9_LOD_vs_CN",6,"study_1; study_11; study_4; study_6; study_7; study_8",4.54799855792148e-27
"ACHE",0.311625655858843,0.265825989796281,0.357425321921405,11.0813055818505,1.54601539897904e-28,0.966894444063216,0.295976663335915,0.13578872713893,0.41344738249514,6,1176,"study_1_LOD_vs_CN; study_11_LOD_vs_CN; study_2_LOD_vs_CN; study_3_Soma_LOD_vs_CN; study_5_LOD_vs_CN; study_6_LOD_vs_CN",3,"study_1; study_11; study_6",2.86012848811123e-26
"ENO2",0.115615926410103,0.0912980679819606,0.139933784838245,11.0149223291751,3.23815777822191e-28,0.728336908435527,0.115463130750983,0.103608938983933,0.129835881985375,12,2627,"study_1_LOD_vs_CN; study_10_LOD_vs_CN; study_11_LOD_vs_CN; study_2_LOD_vs_CN; study_3_Olink_LOD_vs_CN; study_3_Soma_LOD_vs_CN; study_4_LOD_vs_CN; study_5_LOD_vs_CN; study_6_LOD_vs_CN; study_7_LOD_vs_CN; study_8_LOD_vs_CN; study_9_LOD_vs_CN",6,"study_1; study_11; study_4; study_6; study_7; study_8",1.15494294089915e-26
"NEDD8",0.149296817655292,0.123875074474496,0.174718560836089,10.9686402953824,5.40795060078105e-28,0.723657915858751,0.152200732098304,0.124371541767741,0.183987783450313,5,1102,"study_1_LOD_vs_CN; study_11_LOD_vs_CN; study_3_Soma_LOD_vs_CN; study_5_LOD_vs_CN; study_6_LOD_vs_CN",3,"study_1; study_11; study_6",7.50353145858371e-26
"GMFB",0.0989659911854679,0.0807390305122279,0.117192951858708,10.8412414425662,2.19472370261756e-27,0.894734239061471,0.0999473938800833,0.0682899993282736,0.130689591502198,8,1427,"study_1_LOD_vs_CN; study_10_LOD_vs_CN; study_11_LOD_vs_CN; study_2_LOD_vs_CN; study_3_Soma_LOD_vs_CN; study_4_LOD_vs_CN; study_5_LOD_vs_CN; study_6_LOD_vs_CN",4,"study_1; study_11; study_4; study_6",1.06809886860721e-25
"GLOD4",0.125489523594597,0.103461997199763,0.147517049989431,10.713079899327,8.83719318328252e-27,0.626567447168583,0.125532848762131,0.118834697082547,0.133816537569627,7,1422,"study_1_LOD_vs_CN; study_11_LOD_vs_CN; study_2_LOD_vs_CN; study_4_LOD_vs_CN; study_5_LOD_vs_CN; study_6_LOD_vs_CN; study_7_LOD_vs_CN",5,"study_1; study_11; study_4; study_6; study_7",2.61376982997856e-25
"NEFL_x",0.310802113600198,0.25467299070507,0.366931236495326,10.3611710436379,3.72374762488399e-25,0.769668015952889,0.30244284874498,0.247235125231071,0.332369147839934,3,960,"study_1_LOD_vs_CN; study_11_LOD_vs_CN; study_7_LOD_vs_CN",3,"study_1; study_11; study_7",4.13335986362123e-23
"SOD2",0.136804440945591,0.106317734578705,0.167291147312478,10.2999583791661,7.04917940860496e-25,0.855728310030164,0.136690577336479,0.109631617730657,0.168571190062714,12,2611,"study_1_LOD_vs_CN; study_10_LOD_vs_CN; study_11_LOD_vs_CN; study_2_LOD_vs_CN; study_3_Olink_LOD_vs_CN; study_3_Soma_LOD_vs_CN; study_4_LOD_vs_CN; study_5_LOD_vs_CN; study_6_LOD_vs_CN; study_7_LOD_vs_CN; study_8_LOD_vs_CN; study_9_LOD_vs_CN",6,"study_1; study_11; study_4; study_6; study_7; study_8",2.15503484777352e-23
"SCRN1",0.179307230206231,0.144415794839937,0.214198665572524,10.0900637873891,6.1129782241265e-24,0.934638234798537,NA,NA,NA,4,1042,"study_1_LOD_vs_CN; study_11_LOD_vs_CN; study_2_LOD_vs_CN; study_5_LOD_vs_CN",2,"study_1; study_11",4.69476727612915e-21
"NEFM",0.341605826946463,0.287425435291889,0.395786218601036,10.041300210761,1.00342682916986e-23,0.973192836862766,0.373031579716427,0.245277103703028,0.529078818044489,5,1111,"study_1_LOD_vs_CN; study_11_LOD_vs_CN; study_2_LOD_vs_CN; study_5_LOD_vs_CN; study_6_LOD_vs_CN",3,"study_1; study_11; study_6",9.2816981698212e-22
"TBCA",0.1473475350462,0.119760395292563,0.174934674799838,9.98520625239892,1.76932730120667e-23,0.756850385317937,0.150514124187878,0.131258281132863,0.167627580805027,7,1255,"study_1_LOD_vs_CN; study_11_LOD_vs_CN; study_2_LOD_vs_CN; study_3_Soma_LOD_vs_CN; study_4_LOD_vs_CN; study_5_LOD_vs_CN; study_6_LOD_vs_CN",4,"study_1; study_11; study_4; study_6",7.7496535792852e-22
"CKB",0.121762035231816,0.097274502586923,0.146249567876709,9.97776990527382,1.90704702720345e-23,0.676163458551446,0.123431656051786,0.113321446009385,0.147240440250948,8,1391,"study_1_LOD_vs_CN; study_11_LOD_vs_CN; study_2_LOD_vs_CN; study_3_Soma_LOD_vs_CN; study_4_LOD_vs_CN; study_5_LOD_vs_CN; study_6_LOD_vs_CN; study_7_LOD_vs_CN",5,"study_1; study_11; study_4; study_6; study_7",5.43155245896094e-22
"SPON1",0.123286150065539,0.0861488782337495,0.160423421897329,9.94436944347255,2.66858669089067e-23,0.922680512310554,0.122638879960866,0.0853250025130791,0.146277977577155,12,2659,"study_1_LOD_vs_CN; study_10_LOD_vs_CN; study_11_LOD_vs_CN; study_2_LOD_vs_CN; study_3_Olink_LOD_vs_CN; study_3_Soma_LOD_vs_CN; study_4_LOD_vs_CN; study_5_LOD_vs_CN; study_6_LOD_vs_CN; study_7_LOD_vs_CN; study_8_LOD_vs_CN; study_9_LOD_vs_CN",6,"study_1; study_11; study_4; study_6; study_7; study_8",7.13846939813253e-22
"PRDX3",0.138012396144711,0.107692077345151,0.16833271494427,9.93798341830678,2.84528602840354e-23,0.206407353810402,0.138688823407754,0.120281868868059,0.157544834177556,7,1242,"study_1_LOD_vs_CN; study_11_LOD_vs_CN; study_2_LOD_vs_CN; study_3_Soma_LOD_vs_CN; study_5_LOD_vs_CN; study_6_LOD_vs_CN; study_7_LOD_vs_CN",4,"study_1; study_11; study_6; study_7",1.13294116403705e-21
"CALB2",0.143208922886201,0.114998296608962,0.17141954916344,9.90421354736245,3.99097583127562e-23,0.511279345115199,0.145174767377271,0.134150334958426,0.169194899969241,7,1292,"study_1_LOD_vs_CN; study_11_LOD_vs_CN; study_2_LOD_vs_CN; study_3_Soma_LOD_vs_CN; study_5_LOD_vs_CN; study_6_LOD_vs_CN; study_7_LOD_vs_CN",4,"study_1; study_11; study_6; study_7",1.4567061784156e-21
"BASP1",0.133254261146984,0.105099219832467,0.161409302461501,9.76297928181267,1.6231542471777e-22,0.897743587351636,0.133634982576623,0.0841769226639287,0.173681280661306,9,1717,"study_1_LOD_vs_CN; study_10_LOD_vs_CN; study_11_LOD_vs_CN; study_2_LOD_vs_CN; study_3_Soma_LOD_vs_CN; study_4_LOD_vs_CN; study_5_LOD_vs_CN; study_6_LOD_vs_CN; study_7_LOD_vs_CN",5,"study_1; study_11; study_4; study_6; study_7",4.45787720028447e-21
"SYN1",0.207555220944857,0.165797322635322,0.249313119254392,9.74624866510785,1.91411024170889e-22,0.956551548163129,0.211702508615921,0.0931944237667065,0.316956075501206,5,1121,"study_1_LOD_vs_CN; study_11_LOD_vs_CN; study_2_LOD_vs_CN; study_5_LOD_vs_CN; study_6_LOD_vs_CN",3,"study_1; study_11; study_6",1.5176159773549e-20
"GLO1",0.16772150484971,0.132447258478368,0.202995751221051,9.66121069345938,4.40625403089522e-22,0.910068759372792,0.166769716157413,0.135902306354979,0.181250401078347,11,2332,"study_1_LOD_vs_CN; study_11_LOD_vs_CN; study_2_LOD_vs_CN; study_3_Olink_LOD_vs_CN; study_3_Soma_LOD_vs_CN; study_4_LOD_vs_CN; study_5_LOD_vs_CN; study_6_LOD_vs_CN; study_7_LOD_vs_CN; study_8_LOD_vs_CN; study_9_LOD_vs_CN",6,"study_1; study_11; study_4; study_6; study_7; study_8",1.04770929179064e-20
"RAD23B",0.113622396778853,0.0901494607638585,0.137095332793848,9.59057172063915,8.75982530416067e-22,0.76878518314325,0.11445893487854,0.0954090519636653,0.134589642931649,7,1230,"study_1_LOD_vs_CN; study_11_LOD_vs_CN; study_2_LOD_vs_CN; study_3_Soma_LOD_vs_CN; study_4_LOD_vs_CN; study_5_LOD_vs_CN; study_6_LOD_vs_CN",4,"study_1; study_11; study_4; study_6",2.95138729478644e-20
"VASN",0.10073620410072,0.0714110235854734,0.130061384615966,9.55767016660596,1.20437366126642e-21,0.896115055083444,0.100762196225256,0.0746214952206031,0.121421194776303,11,2411,"study_1_LOD_vs_CN; study_11_LOD_vs_CN; study_2_LOD_vs_CN; study_3_Olink_LOD_vs_CN; study_3_Soma_LOD_vs_CN; study_4_LOD_vs_CN; study_5_LOD_vs_CN; study_6_LOD_vs_CN; study_7_LOD_vs_CN; study_8_LOD_vs_CN; study_9_LOD_vs_CN",6,"study_1; study_11; study_4; study_6; study_7; study_8",2.57735963511014e-20
"CSTB",0.160941976903276,0.123355183971008,0.198528769835543,9.53615452427176,1.48226946595732e-21,0.920633618309015,0.160384833693941,0.109559496117189,0.186063693694405,11,2317,"study_1_LOD_vs_CN; study_11_LOD_vs_CN; study_2_LOD_vs_CN; study_3_Olink_LOD_vs_CN; study_3_Soma_LOD_vs_CN; study_4_LOD_vs_CN; study_5_LOD_vs_CN; study_6_LOD_vs_CN; study_7_LOD_vs_CN; study_8_LOD_vs_CN; study_9_LOD_vs_CN",6,"study_1; study_11; study_4; study_6; study_7; study_8",2.88368787013514e-20
"TAGLN3",0.127645909086538,0.102232889918696,0.153058928254381,9.5056663519187,1.9877129100587e-21,0.777621315973581,0.130178634539056,0.106895606102971,0.167147133678878,7,1269,"study_1_LOD_vs_CN; study_11_LOD_vs_CN; study_2_LOD_vs_CN; study_3_Soma_LOD_vs_CN; study_4_LOD_vs_CN; study_5_LOD_vs_CN; study_6_LOD_vs_CN",4,"study_1; study_11; study_4; study_6",6.21870181861223e-20
"SPP1",0.137185814294097,0.109084683014066,0.165286945574128,9.3911559226445,5.93453409741183e-21,0.885767617894105,0.141878460011428,0.111141204714867,0.19508171790616,9,1575,"study_1_LOD_vs_CN; study_10_LOD_vs_CN; study_11_LOD_vs_CN; study_2_LOD_vs_CN; study_3_Olink_LOD_vs_CN; study_3_Soma_LOD_vs_CN; study_4_LOD_vs_CN; study_5_LOD_vs_CN; study_6_LOD_vs_CN",4,"study_1; study_11; study_4; study_6",1.73288395644426e-19
"SOD1",0.090950801775785,0.068028553468861,0.113873050082709,9.36820175663563,7.37787563145462e-21,0.699883684253163,0.0909762008364586,0.0760991373462005,0.113718265862041,12,2660,"study_1_LOD_vs_CN; study_10_LOD_vs_CN; study_11_LOD_vs_CN; study_2_LOD_vs_CN; study_3_Olink_LOD_vs_CN; study_3_Soma_LOD_vs_CN; study_4_LOD_vs_CN; study_5_LOD_vs_CN; study_6_LOD_vs_CN; study_7_LOD_vs_CN; study_8_LOD_vs_CN; study_9_LOD_vs_CN",6,"study_1; study_11; study_4; study_6; study_7; study_8",1.31572115427607e-19
"GSR",0.0996268789829947,0.0766772693310896,0.1225764886349,9.24328810279043,2.3903629415642e-20,0.674246500311787,0.0993800362474596,0.0800669105511702,0.109436726496857,8,1422,"study_1_LOD_vs_CN; study_11_LOD_vs_CN; study_2_LOD_vs_CN; study_3_Soma_LOD_vs_CN; study_4_LOD_vs_CN; study_5_LOD_vs_CN; study_6_LOD_vs_CN; study_7_LOD_vs_CN",5,"study_1; study_11; study_4; study_6; study_7",6.33858311056163e-19
"DYNLL2",0.0934604397763223,0.0718370102121127,0.115083869340532,9.23299939237364,2.63157579689449e-20,0.861908873139787,0.0942914652482319,0.0666240939317843,0.123792566014304,9,1616,"study_1_LOD_vs_CN; study_10_LOD_vs_CN; study_11_LOD_vs_CN; study_2_LOD_vs_CN; study_3_Soma_LOD_vs_CN; study_4_LOD_vs_CN; study_5_LOD_vs_CN; study_6_LOD_vs_CN; study_7_LOD_vs_CN",5,"study_1; study_11; study_4; study_6; study_7",6.74560595937288e-19
"GGCT",0.0985215304409779,0.0747712447727697,0.122271816109186,9.2263520824039,2.80005640337567e-20,0.881726122923343,0.0976037546123901,0.0574106522472735,0.117040530451844,8,1331,"study_1_LOD_vs_CN; study_11_LOD_vs_CN; study_2_LOD_vs_CN; study_3_Soma_LOD_vs_CN; study_4_LOD_vs_CN; study_5_LOD_vs_CN; study_6_LOD_vs_CN; study_7_LOD_vs_CN",5,"study_1; study_11; study_4; study_6; study_7",6.94594636837385e-19
"NME2",0.25873589520974,0.193004054767667,0.324467735651813,9.22211100868634,2.91307656160233e-20,0.400673640600651,0.270219608716425,0.249027264891096,0.310383320389945,4,757,"study_11_LOD_vs_CN; study_3_Soma_LOD_vs_CN; study_4_LOD_vs_CN; study_5_LOD_vs_CN",3,"study_11; study_4; study_5",2.02094686461161e-18
"DPYSL2",0.143867797420617,0.114018346902934,0.1737172479383,9.19545775238104,3.734013383258e-20,0.414969738638931,0.144561361692221,0.131279449727986,0.15433830536366,7,1261,"study_1_LOD_vs_CN; study_11_LOD_vs_CN; study_2_LOD_vs_CN; study_3_Soma_LOD_vs_CN; study_4_LOD_vs_CN; study_5_LOD_vs_CN; study_6_LOD_vs_CN",4,"study_1; study_11; study_4; study_6",1.02218616366688e-18
"TMSB4X",0.132099772134127,0.0958246262811706,0.168374917987084,9.13265188497586,6.684151629682e-20,0.845830134752879,0.135123090717745,0.0958553604053152,0.178397325275236,4,1075,"study_1_LOD_vs_CN; study_11_LOD_vs_CN; study_2_LOD_vs_CN; study_4_LOD_vs_CN",3,"study_1; study_11; study_4",4.12189350497057e-18
"RTN1",0.147637972862446,0.11530306703422,0.179972878690671,9.08267040058497,1.05943050817817e-19,0.860263981113263,0.150343349619015,0.0993206298740974,0.20711561945129,7,1248,"study_1_LOD_vs_CN; study_11_LOD_vs_CN; study_2_LOD_vs_CN; study_3_Soma_LOD_vs_CN; study_5_LOD_vs_CN; study_6_LOD_vs_CN; study_7_LOD_vs_CN",4,"study_1; study_11; study_6; study_7",2.72959154460023e-18
"SST",-0.177757540355579,-0.212192633251669,-0.143322447459488,-9.07987035819469,1.08704251569069e-19,0.937292030762959,-0.176866748667433,-0.214237352318317,-0.160294021291242,8,1477,"study_1_LOD_vs_CN; study_11_LOD_vs_CN; study_2_LOD_vs_CN; study_3_Soma_LOD_vs_CN; study_4_LOD_vs_CN; study_5_LOD_vs_CN; study_6_LOD_vs_CN; study_7_LOD_vs_CN",5,"study_1; study_11; study_4; study_6; study_7",2.61229904551918e-18
"PGAM2",0.170758386959684,0.136346225810552,0.205170548108817,9.03434802723307,1.64982944740188e-19,0.671216044744088,NA,NA,NA,3,579,"study_11_LOD_vs_CN; study_2_LOD_vs_CN; study_3_Soma_LOD_vs_CN",2,"study_11; study_2",6.3353450780232e-17
"PFN2",0.141877876189765,0.106581940567612,0.177173811811918,9.0274752534806,1.7567802779425e-19,0.889152022438976,0.142194201935495,0.0874338034934069,0.183034630090761,7,1238,"study_1_LOD_vs_CN; study_11_LOD_vs_CN; study_2_LOD_vs_CN; study_3_Soma_LOD_vs_CN; study_5_LOD_vs_CN; study_6_LOD_vs_CN; study_7_LOD_vs_CN",4,"study_1; study_11; study_6; study_7",4.27483200966008e-18
"SDC4",0.203546550163263,0.161676989090942,0.245416111235584,8.96540044873689,3.09155435096315e-19,0.843877110374487,0.202123380965508,0.123612222575318,0.266948552837446,7,1637,"study_11_LOD_vs_CN; study_2_LOD_vs_CN; study_3_Olink_LOD_vs_CN; study_5_LOD_vs_CN; study_6_LOD_vs_CN; study_8_LOD_vs_CN; study_9_LOD_vs_CN",4,"study_11; study_2; study_6; study_8",7.12684634590452e-18
"S100A1",0.281111719493653,0.224078182602232,0.338145256385075,8.89809670144656,5.68125099284145e-19,0.219682205996125,NA,NA,NA,4,475,"study_1_LOD_vs_CN; study_2_LOD_vs_CN; study_5_LOD_vs_CN; study_6_LOD_vs_CN",2,"study_1; study_6",1.45440025416741e-16
"SNCB",0.234003997877739,0.18324061405719,0.284767381698289,8.85216780882524,8.58355111632335e-19,0.483839844739868,NA,NA,NA,4,1048,"study_1_LOD_vs_CN; study_11_LOD_vs_CN; study_2_LOD_vs_CN; study_5_LOD_vs_CN",2,"study_1; study_11",1.64804181433408e-16
"TXN",0.0948889262679705,0.0733621749717826,0.116415677564158,8.79907900733145,1.37943545704668e-18,0.725490405418625,0.095139179025743,0.0838738194784297,0.105631398453482,8,1654,"study_1_LOD_vs_CN; study_10_LOD_vs_CN; study_11_LOD_vs_CN; study_2_LOD_vs_CN; study_4_LOD_vs_CN; study_5_LOD_vs_CN; study_6_LOD_vs_CN; study_7_LOD_vs_CN",5,"study_1; study_11; study_4; study_6; study_7",3.21450262566333e-17
"EPHA5",-0.101102943341412,-0.125083630412176,-0.0771222562706474,-8.74621482079907,2.20628897802195e-18,0.36397676950128,-0.102706410547849,-0.11759710498982,-0.0941386610906885,7,1271,"study_1_LOD_vs_CN; study_11_LOD_vs_CN; study_2_LOD_vs_CN; study_3_Soma_LOD_vs_CN; study_4_LOD_vs_CN; study_5_LOD_vs_CN; study_6_LOD_vs_CN",4,"study_1; study_11; study_4; study_6",4.83177286186806e-17
"PNOC",-0.167599697188861,-0.202636297603572,-0.132563096774151,-8.62843708492432,6.21959961882424e-18,0.859454645390646,-0.171975217412373,-0.208596815186383,-0.144067806193483,7,1466,"study_1_LOD_vs_CN; study_10_LOD_vs_CN; study_11_LOD_vs_CN; study_2_LOD_vs_CN; study_4_LOD_vs_CN; study_5_LOD_vs_CN; study_6_LOD_vs_CN",4,"study_1; study_11; study_4; study_6",1.29723077764048e-16
"UBE2V1",0.120059169482835,0.0914673535767347,0.148650985388936,8.55488560407426,1.17985678790888e-17,0.541675829114447,0.119273858601393,0.100031010400751,0.126637752217659,6,1265,"study_1_LOD_vs_CN; study_11_LOD_vs_CN; study_3_Soma_LOD_vs_CN; study_5_LOD_vs_CN; study_6_LOD_vs_CN; study_7_LOD_vs_CN",4,"study_1; study_11; study_6; study_7",2.34898760501859e-16
"PDYN",-0.13022616895191,-0.15540498760426,-0.10504735029956,-8.48574431992559,2.14342268878189e-17,0.954582928720812,-0.131680350071593,-0.153221047320772,-0.100008834079398,8,1471,"study_1_LOD_vs_CN; study_11_LOD_vs_CN; study_2_LOD_vs_CN; study_3_Soma_LOD_vs_CN; study_4_LOD_vs_CN; study_5_LOD_vs_CN; study_6_LOD_vs_CN; study_7_LOD_vs_CN",5,"study_1; study_11; study_4; study_6; study_7",4.84791778727434e-16
"NPTXR",-0.142704003550581,-0.166575412446717,-0.118832594654444,-8.46606255890959,2.53827869804094e-17,0.98120005136309,-0.143553993062465,-0.200225185843439,-0.110124681615541,12,2661,"study_1_LOD_vs_CN; study_10_LOD_vs_CN; study_11_LOD_vs_CN; study_2_LOD_vs_CN; study_3_Olink_LOD_vs_CN; study_3_Soma_LOD_vs_CN; study_4_LOD_vs_CN; study_5_LOD_vs_CN; study_6_LOD_vs_CN; study_7_LOD_vs_CN; study_8_LOD_vs_CN; study_9_LOD_vs_CN",6,"study_1; study_11; study_4; study_6; study_7; study_8",4.17839724139047e-16
"GOT1",0.102839713865084,0.0773336592608643,0.128345768469304,8.42812359187194,3.51251972716845e-17,0.939391419316897,0.10376013268431,0.0429880263521872,0.154673040381884,8,1546,"study_1_LOD_vs_CN; study_10_LOD_vs_CN; study_11_LOD_vs_CN; study_2_LOD_vs_CN; study_3_Soma_LOD_vs_CN; study_4_LOD_vs_CN; study_5_LOD_vs_CN; study_6_LOD_vs_CN",4,"study_1; study_11; study_4; study_6",6.68905930652079e-16
"ANGPTL4",0.196582096337346,0.147558973647392,0.2456052190273,8.33149699341711,7.98264650266939e-17,0.892449280012173,0.197042364706453,0.136269005292982,0.256149330697846,8,2014,"study_1_LOD_vs_CN; study_11_LOD_vs_CN; study_2_LOD_vs_CN; study_3_Olink_LOD_vs_CN; study_5_LOD_vs_CN; study_6_LOD_vs_CN; study_8_LOD_vs_CN; study_9_LOD_vs_CN",4,"study_1; study_11; study_6; study_8",1.45683298673716e-15
"JAG1",-0.074180723829333,-0.0908887882867422,-0.0574726593719239,-8.31904468226458,8.86751186911591e-17,0.869055960648245,-0.0761365110339025,-0.0865283527908383,-0.0577725299112458,7,1263,"study_1_LOD_vs_CN; study_11_LOD_vs_CN; study_2_LOD_vs_CN; study_3_Soma_LOD_vs_CN; study_4_LOD_vs_CN; study_5_LOD_vs_CN; study_6_LOD_vs_CN",4,"study_1; study_11; study_4; study_6",1.55358807946911e-15
"NPEPPS",0.0632111665216262,0.047051292089904,0.0793710409533483,8.3083138850454,9.70714769924744e-17,0.855373406150268,0.0633133975478049,0.044257981803186,0.0781399524769964,7,1404,"study_1_LOD_vs_CN; study_11_LOD_vs_CN; study_2_LOD_vs_CN; study_4_LOD_vs_CN; study_5_LOD_vs_CN; study_6_LOD_vs_CN; study_7_LOD_vs_CN",5,"study_1; study_11; study_4; study_6; study_7",2.13279902306322e-15
"GABARAPL2",0.0878347840829085,0.063600075801271,0.112069492364546,8.26305319355344,1.4199292515036e-16,0.766644731949612,0.0903511038523248,0.0678792405748788,0.117494709202954,6,1137,"study_1_LOD_vs_CN; study_11_LOD_vs_CN; study_2_LOD_vs_CN; study_3_Soma_LOD_vs_CN; study_5_LOD_vs_CN; study_6_LOD_vs_CN",3,"study_1; study_11; study_6",7.88060734584497e-15
"DDC",0.405375268646386,0.312663126908061,0.49808741038471,8.25151934983902,1.56393307496652e-16,0,NA,NA,NA,3,929,"study_3_Olink_LOD_vs_CN; study_8_LOD_vs_CN; study_9_LOD_vs_CN",2,"study_3_Olink; study_8",2.40220120314858e-14
"BDNF",-0.175378938907418,-0.214059929535546,-0.13669794827929,-8.22425325087337,1.96410696282165e-16,0.878780165980862,-0.175187590332626,-0.194770614219017,-0.153038116699733,6,1249,"study_1_LOD_vs_CN; study_11_LOD_vs_CN; study_2_LOD_vs_CN; study_5_LOD_vs_CN; study_6_LOD_vs_CN; study_7_LOD_vs_CN",4,"study_1; study_11; study_6; study_7",3.30876480659956e-15
"TMSB10",0.60791346694421,0.467659666809238,0.748167267079182,8.22242664065782,1.99426288637768e-16,0.384925857130676,NA,NA,NA,3,929,"study_3_Olink_LOD_vs_CN; study_8_LOD_vs_CN; study_9_LOD_vs_CN",2,"study_3_Olink; study_8",2.55265649456343e-14
"DLD",0.0888684200953179,0.0653707667543579,0.112366073436278,8.22123689029952,2.01414973769359e-16,0.932914963239348,0.0890379960860401,0.0411802799662092,0.126403738990033,8,1456,"study_1_LOD_vs_CN; study_11_LOD_vs_CN; study_2_LOD_vs_CN; study_3_Soma_LOD_vs_CN; study_4_LOD_vs_CN; study_5_LOD_vs_CN; study_6_LOD_vs_CN; study_7_LOD_vs_CN",5,"study_1; study_11; study_4; study_6; study_7",4.30244763412881e-15
"PTPA",0.229578837295853,0.175757096824363,0.283400577767344,8.1377018251567,4.02851490026706e-16,0.877424224058419,0.222961829002941,0.164024390900836,0.248611784588172,7,1145,"study_1_LOD_vs_CN; study_11_LOD_vs_CN; study_2_LOD_vs_CN; study_3_Soma_LOD_vs_CN; study_5_LOD_vs_CN; study_6_LOD_vs_CN; study_7_LOD_vs_CN",4,"study_1; study_11; study_6; study_7",6.53514639376657e-15
"SH3BGRL3",0.0892966289883308,0.0680715352940753,0.110521722682586,8.06496749861351,7.32553529809759e-16,0.638824280185566,0.0904528382962374,0.0783689853928875,0.113207135931666,8,1458,"study_1_LOD_vs_CN; study_11_LOD_vs_CN; study_2_LOD_vs_CN; study_3_Soma_LOD_vs_CN; study_4_LOD_vs_CN; study_5_LOD_vs_CN; study_6_LOD_vs_CN; study_7_LOD_vs_CN",5,"study_1; study_11; study_4; study_6; study_7",1.52252341736136e-14
"MAPK1",0.18407137230371,0.137220996572452,0.230921748034968,8.03462491729133,9.38656049031783e-16,0,0.181587465666468,0.174123144308791,0.196173310267563,6,1053,"study_1_LOD_vs_CN; study_11_LOD_vs_CN; study_2_LOD_vs_CN; study_3_Soma_LOD_vs_CN; study_5_LOD_vs_CN; study_6_LOD_vs_CN",3,"study_1; study_11; study_6",4.73594642920581e-14
"DTD1",0.104240187775043,0.0772767353339133,0.131203640216172,7.98617460507997,1.39190503376934e-15,0.902031586312416,0.106408925743753,0.0612024406365374,0.154152459633048,7,1227,"study_1_LOD_vs_CN; study_11_LOD_vs_CN; study_2_LOD_vs_CN; study_3_Soma_LOD_vs_CN; study_5_LOD_vs_CN; study_6_LOD_vs_CN; study_7_LOD_vs_CN",4,"study_1; study_11; study_6; study_7",2.17733715996775e-14
"CFL1",0.130533232938342,0.0981891523033762,0.162877313573307,7.93166645789517,2.16224525086261e-15,0.590512527882999,0.130630491637461,0.118923322017254,0.139589372828112,8,1399,"study_1_LOD_vs_CN; study_11_LOD_vs_CN; study_2_LOD_vs_CN; study_3_Soma_LOD_vs_CN; study_4_LOD_vs_CN; study_5_LOD_vs_CN; study_6_LOD_vs_CN; study_7_LOD_vs_CN",5,"study_1; study_11; study_4; study_6; study_7",4.37570157345619e-14
"TAC1",-0.119742374917566,-0.147497850521766,-0.0919868993133659,-7.90786336030297,2.61843978521629e-15,0.73636209422019,-0.122234554614088,-0.141022959910421,-0.103851590870687,7,1235,"study_1_LOD_vs_CN; study_11_LOD_vs_CN; study_2_LOD_vs_CN; study_3_Soma_LOD_vs_CN; study_4_LOD_vs_CN; study_5_LOD_vs_CN; study_6_LOD_vs_CN",4,"study_1; study_11; study_4; study_6",3.95474698594737e-14
"PRDX1",0.119304852801162,0.0889413541145148,0.149668351487809,7.88675655402896,3.1014158830478e-15,0.849734700139611,0.11860203765304,0.0753793194021317,0.137132097854928,12,2542,"study_1_LOD_vs_CN; study_10_LOD_vs_CN; study_11_LOD_vs_CN; study_2_LOD_vs_CN; study_3_Olink_LOD_vs_CN; study_3_Soma_LOD_vs_CN; study_4_LOD_vs_CN; study_5_LOD_vs_CN; study_6_LOD_vs_CN; study_7_LOD_vs_CN; study_8_LOD_vs_CN; study_9_LOD_vs_CN",6,"study_1; study_11; study_4; study_6; study_7; study_8",4.7407357069445e-14
"PTPRN2",-0.123491464262956,-0.150270729899441,-0.096712198626471,-7.83786958840547,4.58254572794098e-15,0.936793767969029,-0.123522160511858,-0.147294516495864,-0.104616402778195,8,1674,"study_1_LOD_vs_CN; study_10_LOD_vs_CN; study_11_LOD_vs_CN; study_2_LOD_vs_CN; study_4_LOD_vs_CN; study_5_LOD_vs_CN; study_6_LOD_vs_CN; study_7_LOD_vs_CN",5,"study_1; study_11; study_4; study_6; study_7",9.03584016611952e-14
"VSIG4",0.149442480305828,0.112718924658833,0.186166035952823,7.79977209283172,6.20190795338145e-15,0.933784578943112,0.149137886745539,0.083870425311103,0.195027362689996,12,2589,"study_1_LOD_vs_CN; study_10_LOD_vs_CN; study_11_LOD_vs_CN; study_2_LOD_vs_CN; study_3_Olink_LOD_vs_CN; study_3_Soma_LOD_vs_CN; study_4_LOD_vs_CN; study_5_LOD_vs_CN; study_6_LOD_vs_CN; study_7_LOD_vs_CN; study_8_LOD_vs_CN; study_9_LOD_vs_CN",6,"study_1; study_11; study_4; study_6; study_7; study_8",8.8480553468242e-14
"ZP2",-0.183663499388129,-0.226296482485081,-0.141030516291177,-7.73600490347506,1.02589507364593e-14,0.886575426860267,-0.18503466499784,-0.206596206575056,-0.147926874428044,8,1600,"study_1_LOD_vs_CN; study_10_LOD_vs_CN; study_11_LOD_vs_CN; study_2_LOD_vs_CN; study_4_LOD_vs_CN; study_5_LOD_vs_CN; study_6_LOD_vs_CN; study_7_LOD_vs_CN",5,"study_1; study_11; study_4; study_6; study_7",1.9722832790843e-13
"SH3BGRL",0.0918188627205959,0.0704512933448497,0.113186432096342,7.73179456965189,1.06040968525924e-14,0.821835046494129,0.0936442072265142,0.0729693109974055,0.112137687462615,8,1475,"study_1_LOD_vs_CN; study_11_LOD_vs_CN; study_2_LOD_vs_CN; study_3_Soma_LOD_vs_CN; study_4_LOD_vs_CN; study_5_LOD_vs_CN; study_6_LOD_vs_CN; study_7_LOD_vs_CN",5,"study_1; study_11; study_4; study_6; study_7",1.98891475113257e-13
"VGF",-0.192553698758423,-0.234776069220311,-0.150331328296536,-7.70237630199735,1.33558885366683e-14,0.953595406624405,-0.192348191379651,-0.232731612135231,-0.166060938976314,8,1705,"study_1_LOD_vs_CN; study_10_LOD_vs_CN; study_11_LOD_vs_CN; study_2_LOD_vs_CN; study_4_LOD_vs_CN; study_5_LOD_vs_CN; study_6_LOD_vs_CN; study_7_LOD_vs_CN",5,"study_1; study_11; study_4; study_6; study_7",2.44539959159475e-13
"SKP1",0.0901683187170357,0.0615417076430568,0.118794929791015,7.66751231474862,1.75364190930233e-14,0.79332678408972,0.0906087636423548,0.0801234392239344,0.108936530325855,8,2222,"study_1_LOD_vs_CN; study_11_LOD_vs_CN; study_2_LOD_vs_CN; study_5_LOD_vs_CN; study_6_LOD_vs_CN; study_7_LOD_vs_CN; study_8_LOD_vs_CN; study_9_LOD_vs_CN",5,"study_1; study_11; study_6; study_7; study_8",3.13616425175231e-13
"ATOX1",0.112718219636625,0.0820234548747521,0.143412984398497,7.66516207815456,1.78605512534614e-14,0.787725988667039,NA,NA,NA,5,1068,"study_1_LOD_vs_CN; study_11_LOD_vs_CN; study_2_LOD_vs_CN; study_3_Soma_LOD_vs_CN; study_5_LOD_vs_CN",2,"study_1; study_11",1.9595576232369e-12
"CHI3L1",0.154510053593122,0.127332251587109,0.181687855599135,7.64721131689409,2.05384658712527e-14,0.982261738428313,0.15728951829362,0.104530723041846,0.236215662194146,12,2661,"study_1_LOD_vs_CN; study_10_LOD_vs_CN; study_11_LOD_vs_CN; study_2_LOD_vs_CN; study_3_Olink_LOD_vs_CN; study_3_Soma_LOD_vs_CN; study_4_LOD_vs_CN; study_5_LOD_vs_CN; study_6_LOD_vs_CN; study_7_LOD_vs_CN; study_8_LOD_vs_CN; study_9_LOD_vs_CN",6,"study_1; study_11; study_4; study_6; study_7; study_8",2.74701981028005e-13
"ALDOC",0.0732881644661343,0.0531463508902086,0.0934299780420599,7.64107034650101,2.15423315771689e-14,0.703917666157991,0.074153930391156,0.0530819523308088,0.100510958424586,9,1731,"study_1_LOD_vs_CN; study_10_LOD_vs_CN; study_11_LOD_vs_CN; study_2_LOD_vs_CN; study_3_Soma_LOD_vs_CN; study_4_LOD_vs_CN; study_5_LOD_vs_CN; study_6_LOD_vs_CN; study_7_LOD_vs_CN",5,"study_1; study_11; study_4; study_6; study_7",3.7650120415552e-13
"ABL1",0.267068382085081,0.20003634236443,0.334100421805731,7.62547813972518,2.43131512396439e-14,0,NA,NA,NA,3,929,"study_3_Olink_LOD_vs_CN; study_8_LOD_vs_CN; study_9_LOD_vs_CN",2,"study_3_Olink; study_8",2.33406251900581e-12
"AQP4",0.0866022558322138,0.0643872659374548,0.108817245726973,7.58137388327482,3.41914707244007e-14,0.867325062323048,0.0863789737699377,0.0764070017335984,0.101531811311029,6,1321,"study_1_LOD_vs_CN; study_11_LOD_vs_CN; study_2_LOD_vs_CN; study_5_LOD_vs_CN; study_6_LOD_vs_CN; study_7_LOD_vs_CN",4,"study_1; study_11; study_6; study_7",4.9919547257625e-13
"ADGRB1",-0.103299528799335,-0.129650637814331,-0.0769484197843382,-7.55696172857324,4.12593301211211e-14,0.577284371916369,-0.104608399826967,-0.126858847936872,-0.0947983934887044,8,1430,"study_1_LOD_vs_CN; study_10_LOD_vs_CN; study_11_LOD_vs_CN; study_2_LOD_vs_CN; study_3_Soma_LOD_vs_CN; study_4_LOD_vs_CN; study_5_LOD_vs_CN; study_6_LOD_vs_CN",4,"study_1; study_11; study_4; study_6",5.82954406227453e-13
"AKR1B1",0.0896804170746996,0.0663533262743682,0.113007507875031,7.4705595710478,7.98545095748532e-14,0,0.0891028469856401,0.0863687478898198,0.0936116233425193,8,1307,"study_1_LOD_vs_CN; study_11_LOD_vs_CN; study_2_LOD_vs_CN; study_3_Olink_LOD_vs_CN; study_3_Soma_LOD_vs_CN; study_4_LOD_vs_CN; study_5_LOD_vs_CN; study_6_LOD_vs_CN",4,"study_1; study_11; study_4; study_6",1.0930085998058e-12
"CCN1",0.218245444966661,0.154189308334083,0.282301581599239,7.44451024853395,9.73047196766811e-14,0.229554262112123,0.214719671458018,0.172063727920568,0.242694955179044,6,1611,"study_1_LOD_vs_CN; study_11_LOD_vs_CN; study_2_LOD_vs_CN; study_3_Olink_LOD_vs_CN; study_8_LOD_vs_CN; study_9_LOD_vs_CN",3,"study_1; study_11; study_8",4.5003432850465e-12
"LHPP",0.101570608309562,0.0741408919721089,0.129000324647016,7.42578925318895,1.12109380251204e-13,0,0.101978954958942,0.0998167757894485,0.103531410802357,5,1149,"study_1_LOD_vs_CN; study_11_LOD_vs_CN; study_2_LOD_vs_CN; study_5_LOD_vs_CN; study_6_LOD_vs_CN",3,"study_1; study_11; study_6",4.7862081568783e-12
"CHGB",-0.11402352122825,-0.141407574418674,-0.0866394680378267,-7.4144412376354,1.22138647723138e-13,0.855194577646169,-0.114598287277716,-0.129448202396696,-0.0933490177340919,9,1707,"study_1_LOD_vs_CN; study_10_LOD_vs_CN; study_11_LOD_vs_CN; study_2_LOD_vs_CN; study_3_Soma_LOD_vs_CN; study_4_LOD_vs_CN; study_5_LOD_vs_CN; study_6_LOD_vs_CN; study_7_LOD_vs_CN",5,"study_1; study_11; study_4; study_6; study_7",2.08721377997984e-12
"MMP10",0.313000959957119,0.231263895931345,0.394738023982893,7.41288232862119,1.23583534461648e-13,0.881106980201606,NA,NA,NA,4,956,"study_3_Olink_LOD_vs_CN; study_3_Soma_LOD_vs_CN; study_8_LOD_vs_CN; study_9_LOD_vs_CN",2,"study_3_Soma; study_8",1.05457949407273e-11
"YWHAH",0.121217238579904,0.0915320720569907,0.150902405102818,7.40965059151111,1.26632607910529e-13,0.856069761305631,0.126283638067706,0.107075001569871,0.173103047982007,7,1251,"study_1_LOD_vs_CN; study_11_LOD_vs_CN; study_2_LOD_vs_CN; study_3_Soma_LOD_vs_CN; study_4_LOD_vs_CN; study_5_LOD_vs_CN; study_6_LOD_vs_CN",4,"study_1; study_11; study_4; study_6",1.68076006863065e-12
"GAPDH",0.158804523234406,0.116863999375215,0.200745047093596,7.40906371382965,1.27194191284702e-13,0.881668024370222,0.159511154444691,0.0861620048475156,0.218139815237596,9,1731,"study_1_LOD_vs_CN; study_10_LOD_vs_CN; study_11_LOD_vs_CN; study_2_LOD_vs_CN; study_3_Soma_LOD_vs_CN; study_4_LOD_vs_CN; study_5_LOD_vs_CN; study_6_LOD_vs_CN; study_7_LOD_vs_CN",5,"study_1; study_11; study_4; study_6; study_7",2.12635506734642e-12
"ITGAM",0.140949515388775,0.0762866520786597,0.20561237869889,7.38412125275592,1.53463545516541e-13,0.822740594188816,0.142251891830341,0.111620211360149,0.172263288395638,7,1153,"study_1_LOD_vs_CN; study_11_LOD_vs_CN; study_2_LOD_vs_CN; study_3_Olink_LOD_vs_CN; study_4_LOD_vs_CN; study_5_LOD_vs_CN; study_6_LOD_vs_CN",4,"study_1; study_11; study_4; study_6",1.97697155694838e-12
"CFL2",0.111475126960736,0.0803306198925005,0.142619634028971,7.30851907840941,2.70102599627574e-13,0.589425206205223,0.1149550718831,0.100271090716865,0.145992896986978,7,1096,"study_1_LOD_vs_CN; study_11_LOD_vs_CN; study_2_LOD_vs_CN; study_3_Soma_LOD_vs_CN; study_5_LOD_vs_CN; study_6_LOD_vs_CN; study_7_LOD_vs_CN",4,"study_1; study_11; study_6; study_7",3.38014110391078e-12
"FCGR3A",0.119509915104066,0.0926098383909631,0.146409991817168,7.30559049048858,2.76051723994271e-13,0.927797378403939,0.122217994078928,0.0834326998155301,0.147553917969665,8,1475,"study_1_LOD_vs_CN; study_11_LOD_vs_CN; study_2_LOD_vs_CN; study_3_Soma_LOD_vs_CN; study_4_LOD_vs_CN; study_5_LOD_vs_CN; study_6_LOD_vs_CN; study_7_LOD_vs_CN",5,"study_1; study_11; study_4; study_6; study_7",4.51667607982115e-12
"HK1",0.0799194153092744,0.0593907221332909,0.100448108485258,7.27307783507293,3.51387713845545e-13,0.594974385049091,0.0806512381637541,0.070477097000731,0.0902137458276185,7,1366,"study_1_LOD_vs_CN; study_11_LOD_vs_CN; study_2_LOD_vs_CN; study_4_LOD_vs_CN; study_5_LOD_vs_CN; study_6_LOD_vs_CN; study_7_LOD_vs_CN",5,"study_1; study_11; study_4; study_6; study_7",5.6295239989005e-12
"PPP3R1",0.174294910901879,0.123600548311312,0.224989273492447,7.24344362880266,4.3743310518412e-13,0.887501063902988,NA,NA,NA,5,736,"study_1_LOD_vs_CN; study_11_LOD_vs_CN; study_2_LOD_vs_CN; study_3_Olink_LOD_vs_CN; study_3_Soma_LOD_vs_CN",2,"study_1; study_11",3.35948624781404e-11
"NPY",-0.144691094672367,-0.179850516404988,-0.109531672939746,-7.18632358698725,6.65591928237406e-13,0.944008453540084,-0.142433840124125,-0.179905180984157,-0.119675603230554,10,1702,"study_1_LOD_vs_CN; study_10_LOD_vs_CN; study_11_LOD_vs_CN; study_2_LOD_vs_CN; study_3_Olink_LOD_vs_CN; study_3_Soma_LOD_vs_CN; study_4_LOD_vs_CN; study_5_LOD_vs_CN; study_6_LOD_vs_CN; study_7_LOD_vs_CN",5,"study_1; study_11; study_4; study_6; study_7",1.04457182207054e-11
"LRP8",-0.0685368770372954,-0.0873842078583499,-0.0496895462162409,-7.18476527351516,6.73227475662512e-13,0,-0.0696657848934271,-0.0781811372914523,-0.0631412818524759,7,1290,"study_1_LOD_vs_CN; study_11_LOD_vs_CN; study_2_LOD_vs_CN; study_3_Soma_LOD_vs_CN; study_4_LOD_vs_CN; study_5_LOD_vs_CN; study_6_LOD_vs_CN",4,"study_1; study_11; study_4; study_6",8.19093428722722e-12
"HAGH",0.153960946550424,0.108547759904266,0.199374133196582,7.16454950515569,7.80427630596549e-13,0,0.154040736846179,0.14066555506741,0.164236377422679,8,1257,"study_1_LOD_vs_CN; study_11_LOD_vs_CN; study_2_LOD_vs_CN; study_3_Olink_LOD_vs_CN; study_3_Soma_LOD_vs_CN; study_5_LOD_vs_CN; study_6_LOD_vs_CN; study_7_LOD_vs_CN",4,"study_1; study_11; study_6; study_7",9.23857573516996e-12
"FABP7",0.115745045802009,0.0828932283310584,0.148596863272959,7.13312638760892,9.81143863600466e-13,0.565658186917974,0.11876225243802,0.0882572993240957,0.151549798368127,5,1053,"study_1_LOD_vs_CN; study_11_LOD_vs_CN; study_2_LOD_vs_CN; study_5_LOD_vs_CN; study_6_LOD_vs_CN",3,"study_1; study_11; study_6",3.88953460213042e-11
"GOT2",0.0693546307858688,0.0467632435564657,0.091946018015272,7.07953853030527,1.44635282733041e-12,0.831722519480894,0.0700127233065594,0.0466475674113539,0.0966856755436215,9,1686,"study_1_LOD_vs_CN; study_10_LOD_vs_CN; study_11_LOD_vs_CN; study_2_LOD_vs_CN; study_3_Soma_LOD_vs_CN; study_4_LOD_vs_CN; study_5_LOD_vs_CN; study_6_LOD_vs_CN; study_7_LOD_vs_CN",5,"study_1; study_11; study_4; study_6; study_7",2.22449064843418e-11
"CLEC5A",0.482571342263309,0.358122845754725,0.607019838771893,7.06752764303415,1.57718335896111e-12,0.951671930148653,NA,NA,NA,4,959,"study_2_LOD_vs_CN; study_3_Olink_LOD_vs_CN; study_8_LOD_vs_CN; study_9_LOD_vs_CN",2,"study_2; study_8",1.10116074516557e-10
"THOP1",0.206302004102457,0.14871990392398,0.263884104280934,7.02804080377983,2.09453652690925e-12,0.641989115481498,0.205921256507172,0.151637951806117,0.255391776110926,8,1948,"study_1_LOD_vs_CN; study_11_LOD_vs_CN; study_2_LOD_vs_CN; study_3_Olink_LOD_vs_CN; study_3_Soma_LOD_vs_CN; study_6_LOD_vs_CN; study_8_LOD_vs_CN; study_9_LOD_vs_CN",4,"study_1; study_11; study_6; study_8",2.41422894417435e-11
"GFAP",0.153856074812007,0.11168328525422,0.196028864369794,6.97338056781443,3.09414122818024e-12,0.773668738442068,0.15824292762903,0.128589067295726,0.200591589386668,7,1159,"study_1_LOD_vs_CN; study_11_LOD_vs_CN; study_2_LOD_vs_CN; study_3_Soma_LOD_vs_CN; study_5_LOD_vs_CN; study_6_LOD_vs_CN; study_7_LOD_vs_CN",4,"study_1; study_11; study_6; study_7",3.47495861011011e-11
"MAN1A1",-0.050605407077235,-0.0638302912294732,-0.0373805229249969,-6.94177248040261,3.87210491875215e-12,0.830942496271348,-0.0505472393928898,-0.0597178561410618,-0.043054613768106,8,1700,"study_1_LOD_vs_CN; study_10_LOD_vs_CN; study_11_LOD_vs_CN; study_2_LOD_vs_CN; study_4_LOD_vs_CN; study_5_LOD_vs_CN; study_6_LOD_vs_CN; study_7_LOD_vs_CN",5,"study_1; study_11; study_4; study_6; study_7",5.83852682847138e-11
"SCG2",-0.114077109734659,-0.142801554350937,-0.0853526651183818,-6.93512885078766,4.05851073091908e-12,0.922081879696178,-0.113862258095933,-0.141318581913048,-0.0993663877959051,9,1732,"study_1_LOD_vs_CN; study_10_LOD_vs_CN; study_11_LOD_vs_CN; study_2_LOD_vs_CN; study_3_Olink_LOD_vs_CN; study_4_LOD_vs_CN; study_5_LOD_vs_CN; study_6_LOD_vs_CN; study_7_LOD_vs_CN",5,"study_1; study_11; study_4; study_6; study_7",6.00191298476303e-11
"TBCB",0.15227882710116,0.106035299687894,0.198522354514425,6.93397195951932,4.09185794372974e-12,0,0.152630892251106,0.13311238781443,0.173523163459228,7,1028,"study_1_LOD_vs_CN; study_11_LOD_vs_CN; study_2_LOD_vs_CN; study_3_Olink_LOD_vs_CN; study_3_Soma_LOD_vs_CN; study_5_LOD_vs_CN; study_6_LOD_vs_CN",3,"study_1; study_11; study_6",1.51398743918e-10
"TREM1",0.238664990588997,0.172534178444231,0.304795802733763,6.89693552475959,5.31362832979498e-12,0,NA,NA,NA,4,956,"study_3_Olink_LOD_vs_CN; study_3_Soma_LOD_vs_CN; study_8_LOD_vs_CN; study_9_LOD_vs_CN",2,"study_3_Soma; study_8",3.40072213106878e-10
"SCN3B",-0.123308232417404,-0.153545026501796,-0.0930714383330123,-6.89666933005177,5.32359015975608e-12,0.923359060066016,-0.122811849580007,-0.152469719744005,-0.0908661887548137,8,1465,"study_1_LOD_vs_CN; study_11_LOD_vs_CN; study_2_LOD_vs_CN; study_3_Soma_LOD_vs_CN; study_4_LOD_vs_CN; study_5_LOD_vs_CN; study_6_LOD_vs_CN; study_7_LOD_vs_CN",5,"study_1; study_11; study_4; study_6; study_7",7.72422798651401e-11
"PCSK1",-0.167325769372631,-0.212573270903574,-0.122078267841688,-6.88302309611857,5.85955226687124e-12,0.702047579455981,-0.169175212017801,-0.210271528013904,-0.154897179718618,8,1541,"study_1_LOD_vs_CN; study_10_LOD_vs_CN; study_11_LOD_vs_CN; study_2_LOD_vs_CN; study_3_Soma_LOD_vs_CN; study_4_LOD_vs_CN; study_5_LOD_vs_CN; study_6_LOD_vs_CN",4,"study_1; study_11; study_4; study_6",6.41620973222400e-11
"CAMK2A",0.112975085127518,0.078536564225351,0.147413606029684,6.87861976751786,6.04352290544086e-12,0.924773628557344,0.113259303031455,0.0310844566852422,0.175303305947679,8,1612,"study_1_LOD_vs_CN; study_10_LOD_vs_CN; study_11_LOD_vs_CN; study_2_LOD_vs_CN; study_4_LOD_vs_CN; study_5_LOD_vs_CN; study_6_LOD_vs_CN; study_7_LOD_vs_CN",5,"study_1; study_11; study_4; study_6; study_7",8.60642428571114e-11
"IMPA1",0.0642131854587906,0.0455405348934224,0.0828858360241588,6.85343713270106,7.20963441314768e-12,0,0.0643122903889185,0.0617302324626219,0.0674197950206865,9,1497,"study_1_LOD_vs_CN; study_11_LOD_vs_CN; study_2_LOD_vs_CN; study_3_Olink_LOD_vs_CN; study_3_Soma_LOD_vs_CN; study_4_LOD_vs_CN; study_5_LOD_vs_CN; study_6_LOD_vs_CN; study_7_LOD_vs_CN",5,"study_1; study_11; study_4; study_6; study_7",1.0080379752201e-10
"SNCG",0.125222609391388,0.0906912631405214,0.159753955642255,6.84641126954134,7.57255771000044e-12,0.748538471884522,0.126328768360852,0.0956909879112976,0.159853824933904,9,1373,"study_1_LOD_vs_CN; study_11_LOD_vs_CN; study_2_LOD_vs_CN; study_3_Olink_LOD_vs_CN; study_3_Soma_LOD_vs_CN; study_4_LOD_vs_CN; study_5_LOD_vs_CN; study_6_LOD_vs_CN; study_7_LOD_vs_CN",5,"study_1; study_11; study_4; study_6; study_7",1.03987444267685e-10
"MARCKS",0.0567138121753017,0.0387895202040382,0.0746381041465653,6.82474246323305,8.80831880594308e-12,0.635750230391021,0.05708417411065,0.0482478406823474,0.0659896680816294,7,1453,"study_1_LOD_vs_CN; study_10_LOD_vs_CN; study_11_LOD_vs_CN; study_2_LOD_vs_CN; study_4_LOD_vs_CN; study_5_LOD_vs_CN; study_6_LOD_vs_CN",4,"study_1; study_11; study_4; study_6",9.40986252927577e-11
"COTL1",0.0709631848271793,0.0505401563748826,0.091386213279476,6.81233913391327,9.60244070523029e-12,0,0.0711973026339445,0.0676066945703734,0.0762612229563461,9,1655,"study_1_LOD_vs_CN; study_10_LOD_vs_CN; study_11_LOD_vs_CN; study_2_LOD_vs_CN; study_3_Soma_LOD_vs_CN; study_4_LOD_vs_CN; study_5_LOD_vs_CN; study_6_LOD_vs_CN; study_7_LOD_vs_CN",5,"study_1; study_11; study_4; study_6; study_7",1.29548717584598e-10
"CLIC4",0.0969893408242791,0.0723509068135659,0.121627774834992,6.79616881702449,1.07437876976175e-11,0.859467616301621,0.0986705002358839,0.0732773369896492,0.116453380861302,9,1613,"study_1_LOD_vs_CN; study_10_LOD_vs_CN; study_11_LOD_vs_CN; study_2_LOD_vs_CN; study_3_Soma_LOD_vs_CN; study_4_LOD_vs_CN; study_5_LOD_vs_CN; study_6_LOD_vs_CN; study_7_LOD_vs_CN",5,"study_1; study_11; study_4; study_6; study_7",1.42447805852895e-10
"OTUB1",0.148009074460825,0.105288003444303,0.190730145477347,6.73341704782183,1.65724160529958e-11,0.271380221113552,0.146139540655745,0.125069031374652,0.165701810399094,5,943,"study_1_LOD_vs_CN; study_11_LOD_vs_CN; study_2_LOD_vs_CN; study_6_LOD_vs_CN; study_7_LOD_vs_CN",4,"study_1; study_11; study_6; study_7",1.7282662455267e-10
"PPP5C",0.0683546742967599,0.0460937603490382,0.0906155882444815,6.72459297330474,1.76083958557894e-11,0.934918586556497,0.0691224804223088,0.0288109848850216,0.108010348262446,7,1392,"study_1_LOD_vs_CN; study_11_LOD_vs_CN; study_2_LOD_vs_CN; study_4_LOD_vs_CN; study_5_LOD_vs_CN; study_6_LOD_vs_CN; study_7_LOD_vs_CN",5,"study_1; study_11; study_4; study_6; study_7",2.29506040900035e-10
"CBR1",0.0804865066137455,0.059618142375918,0.101354870851573,6.72157854440627,1.79766288335879e-11,0.893052720998712,0.08111699602044,0.062186538743741,0.0963860057624209,8,1457,"study_1_LOD_vs_CN; study_11_LOD_vs_CN; study_2_LOD_vs_CN; study_3_Soma_LOD_vs_CN; study_4_LOD_vs_CN; study_5_LOD_vs_CN; study_6_LOD_vs_CN; study_7_LOD_vs_CN",5,"study_1; study_11; study_4; study_6; study_7",2.30400459550485e-10
"PAPPA2",-0.0807007652603505,-0.103797008545375,-0.0576045219753258,-6.71474043122104,1.8840129042853e-11,0.797433712507111,-0.0828718205954368,-0.0942675116723393,-0.0628682986367063,6,1228,"study_1_LOD_vs_CN; study_11_LOD_vs_CN; study_2_LOD_vs_CN; study_5_LOD_vs_CN; study_6_LOD_vs_CN; study_7_LOD_vs_CN",4,"study_1; study_11; study_6; study_7",1.91906430715572e-10
"PRKAR1A",0.0864009969238959,0.0581625180134273,0.114639475834364,6.69444621999857,2.16489883048417e-11,0.559237318332757,0.0866739522201644,0.0742323594421442,0.0987453630165871,8,1359,"study_1_LOD_vs_CN; study_11_LOD_vs_CN; study_2_LOD_vs_CN; study_3_Soma_LOD_vs_CN; study_4_LOD_vs_CN; study_5_LOD_vs_CN; study_6_LOD_vs_CN; study_7_LOD_vs_CN",5,"study_1; study_11; study_4; study_6; study_7",2.72919213220053e-10
"CD69",0.313485670822727,0.223511734873347,0.403459606772106,6.66065091573931,2.72617467262739e-11,0.637072768507968,NA,NA,NA,3,929,"study_3_Olink_LOD_vs_CN; study_8_LOD_vs_CN; study_9_LOD_vs_CN",2,"study_3_Olink; study_8",1.59123764897931e-09
"MAT2A",0.116238299696372,0.079365813684445,0.153110785708298,6.65152611868854,2.90069363095188e-11,0.862442109346982,NA,NA,NA,4,1002,"study_1_LOD_vs_CN; study_11_LOD_vs_CN; study_2_LOD_vs_CN; study_5_LOD_vs_CN",2,"study_1; study_11",1.59123764897931e-09
"HSP90AA1",0.0979140924891432,0.0698337251221776,0.125994459856109,6.64152380130188,3.10456605591833e-11,0.606449820098635,0.0977095754120741,0.0929373566248009,0.105197053915724,7,1280,"study_1_LOD_vs_CN; study_11_LOD_vs_CN; study_2_LOD_vs_CN; study_3_Soma_LOD_vs_CN; study_5_LOD_vs_CN; study_6_LOD_vs_CN; study_7_LOD_vs_CN",4,"study_1; study_11; study_6; study_7",3.09045439202779e-10
"ME1",0.0880226725282135,0.0592539069709233,0.116791438085504,6.61256297350242,3.77722344972153e-11,0.475046462206971,0.0895422546997618,0.0706940644917037,0.115478825232205,7,1287,"study_1_LOD_vs_CN; study_11_LOD_vs_CN; study_2_LOD_vs_CN; study_3_Soma_LOD_vs_CN; study_5_LOD_vs_CN; study_6_LOD_vs_CN; study_7_LOD_vs_CN",4,"study_1; study_11; study_6; study_7",3.67649749106229e-10
"APOE",0.32431607965654,0.246972531849098,0.401659627463982,6.60327647771583,4.02168491742131e-11,0.989795482379966,0.314192700369186,0.18865099509385,0.374204942827673,9,1732,"study_1_LOD_vs_CN; study_10_LOD_vs_CN; study_11_LOD_vs_CN; study_2_LOD_vs_CN; study_3_Soma_LOD_vs_CN; study_4_LOD_vs_CN; study_5_LOD_vs_CN; study_6_LOD_vs_CN; study_7_LOD_vs_CN",5,"study_1; study_11; study_4; study_6; study_7",4.98818661531773e-10
"CCN2",0.105650656192743,0.0782074308863608,0.133093881499126,6.59903666075282,4.13837979360609e-11,0.918931845491605,0.111574684995509,0.0806960036130035,0.151327004782408,7,1297,"study_1_LOD_vs_CN; study_11_LOD_vs_CN; study_2_LOD_vs_CN; study_3_Soma_LOD_vs_CN; study_4_LOD_vs_CN; study_5_LOD_vs_CN; study_6_LOD_vs_CN",4,"study_1; study_11; study_4; study_6",3.94045728173797e-10
"CDH8",-0.109027262230643,-0.136163654331131,-0.0818908701301553,-6.57706963776198,4.79810096858515e-11,0.939782170924131,-0.10926830078078,-0.131384773738799,-0.0924402891276198,7,1447,"study_1_LOD_vs_CN; study_11_LOD_vs_CN; study_2_LOD_vs_CN; study_4_LOD_vs_CN; study_5_LOD_vs_CN; study_6_LOD_vs_CN; study_7_LOD_vs_CN",5,"study_1; study_11; study_4; study_6; study_7",5.85672959498727e-10
"CEND1",0.0986437152319614,0.0628321525262008,0.134455277937722,6.55604048958098,5.52552343122894e-11,0.896568115090534,0.102876242886462,0.0473509293347627,0.168582974785177,5,1067,"study_1_LOD_vs_CN; study_11_LOD_vs_CN; study_2_LOD_vs_CN; study_5_LOD_vs_CN; study_6_LOD_vs_CN",3,"study_1; study_11; study_6",1.91666594020754e-09
"SHISA7",-0.0760368204979344,-0.0991284950209151,-0.0529451459749538,-6.52910020573433,6.61659748175572e-11,0.871236990875338,-0.0761000205985135,-0.104613489874442,-0.0545007718394959,8,1583,"study_1_LOD_vs_CN; study_10_LOD_vs_CN; study_11_LOD_vs_CN; study_2_LOD_vs_CN; study_4_LOD_vs_CN; study_5_LOD_vs_CN; study_6_LOD_vs_CN; study_7_LOD_vs_CN",5,"study_1; study_11; study_4; study_6; study_7",7.95025541167211e-10
"HSPA8",0.0819836246139996,0.0546268528671186,0.109340396360881,6.50247465555159,7.90093359413535e-11,0.541341799882971,0.0810412160678053,0.0631247986829963,0.094676167169334,9,1684,"study_1_LOD_vs_CN; study_10_LOD_vs_CN; study_11_LOD_vs_CN; study_2_LOD_vs_CN; study_3_Soma_LOD_vs_CN; study_4_LOD_vs_CN; study_5_LOD_vs_CN; study_6_LOD_vs_CN; study_7_LOD_vs_CN",5,"study_1; study_11; study_4; study_6; study_7",9.34741220598474e-10
"CCL3",0.25411577140388,0.179035696717615,0.329195846090145,6.48240561636861,9.02715564893736e-11,0,NA,NA,NA,3,928,"study_3_Olink_LOD_vs_CN; study_8_LOD_vs_CN; study_9_LOD_vs_CN",2,"study_3_Olink; study_8",4.62190369225593e-09
"GSS",0.0635684102796626,0.0417920060240512,0.085344814535274,6.44524961020942,1.15410315102111e-10,0.854950669084596,0.0636798472238531,0.0297743038950913,0.0890757690214212,8,1473,"study_1_LOD_vs_CN; study_11_LOD_vs_CN; study_2_LOD_vs_CN; study_3_Soma_LOD_vs_CN; study_4_LOD_vs_CN; study_5_LOD_vs_CN; study_6_LOD_vs_CN; study_7_LOD_vs_CN",5,"study_1; study_11; study_4; study_6; study_7",1.33156034061793e-09
"PITHD1",0.0860944382081239,0.0587341050481772,0.113454771368071,6.44445871257404,1.16013709780756e-10,0.811320842603411,0.0879002321994086,0.0639859582157919,0.124715380383363,7,1387,"study_1_LOD_vs_CN; study_11_LOD_vs_CN; study_2_LOD_vs_CN; study_4_LOD_vs_CN; study_5_LOD_vs_CN; study_6_LOD_vs_CN; study_7_LOD_vs_CN",5,"study_1; study_11; study_4; study_6; study_7",1.33156034061793e-09
"CYRIB",0.0730637820158143,0.0508157278383652,0.0953118361932634,6.43839846618297,1.2074068622759e-10,0.277729301449782,0.0729146174828752,0.0577267648413329,0.0820582251200666,7,1259,"study_1_LOD_vs_CN; study_11_LOD_vs_CN; study_2_LOD_vs_CN; study_3_Soma_LOD_vs_CN; study_5_LOD_vs_CN; study_6_LOD_vs_CN; study_7_LOD_vs_CN",4,"study_1; study_11; study_6; study_7",1.12520043761031e-09
"CDH7",-0.0643141391321658,-0.0841482780372474,-0.0444800002270843,-6.4099987266779,1.45520851833134e-10,0.753299000829889,-0.0655315249563344,-0.0853001453761685,-0.0514764275886986,7,1297,"study_1_LOD_vs_CN; study_11_LOD_vs_CN; study_2_LOD_vs_CN; study_3_Soma_LOD_vs_CN; study_4_LOD_vs_CN; study_5_LOD_vs_CN; study_6_LOD_vs_CN",4,"study_1; study_11; study_4; study_6",1.32787777297735e-09
"PTHLH",-0.136657068292484,-0.179438544877784,-0.0938755917071841,-6.33980319060673,2.30058855058868e-10,0,-0.138089137983637,-0.153302909816113,-0.126175866387994,6,1077,"study_1_LOD_vs_CN; study_11_LOD_vs_CN; study_2_LOD_vs_CN; study_3_Soma_LOD_vs_CN; study_5_LOD_vs_CN; study_6_LOD_vs_CN",3,"study_1; study_11; study_6",7.51074497398069e-09
"RTBDN",-0.0802032516323397,-0.104055404805694,-0.0563510984589849,-6.30616204722299,2.86039558237301e-10,0.737267092508964,-0.081055658267936,-0.0974567884192234,-0.0642029805769288,6,1245,"study_1_LOD_vs_CN; study_11_LOD_vs_CN; study_4_LOD_vs_CN; study_5_LOD_vs_CN; study_6_LOD_vs_CN; study_7_LOD_vs_CN",5,"study_1; study_11; study_4; study_6; study_7",3.23477088653654e-09
"UBB",0.0873408474522618,0.0554767972282317,0.119204897676292,6.22209753781423,4.90551897482008e-10,0.958369705416028,NA,NA,NA,4,1045,"study_1_LOD_vs_CN; study_11_LOD_vs_CN; study_3_Soma_LOD_vs_CN; study_5_LOD_vs_CN",2,"study_1; study_11",2.35464910791364e-08
"LGALS1",0.0621916431589508,0.0441984375546905,0.0801848487632111,6.21245514288982,5.2163074116912e-10,0.846536601907714,0.062359729314178,0.0490558831787914,0.0825011730191508,10,1715,"study_1_LOD_vs_CN; study_10_LOD_vs_CN; study_11_LOD_vs_CN; study_2_LOD_vs_CN; study_3_Olink_LOD_vs_CN; study_3_Soma_LOD_vs_CN; study_4_LOD_vs_CN; study_5_LOD_vs_CN; study_6_LOD_vs_CN; study_7_LOD_vs_CN",5,"study_1; study_11; study_4; study_6; study_7",5.81353681100077e-09
"AP2B1",0.0556448367931847,0.0357813069451203,0.0755083666412491,6.20092112290707,5.61336435236961e-10,0.780823485016159,0.0556536365582509,0.0334429853158889,0.0719247544442728,8,1474,"study_1_LOD_vs_CN; study_11_LOD_vs_CN; study_2_LOD_vs_CN; study_3_Soma_LOD_vs_CN; study_4_LOD_vs_CN; study_5_LOD_vs_CN; study_6_LOD_vs_CN; study_7_LOD_vs_CN",5,"study_1; study_11; study_4; study_6; study_7",6.16668169567461e-09
"VAPA",0.0458007769901249,0.0299709940963715,0.0616305598838783,6.14059421444192,8.22133557334485e-10,0.671206791889766,0.0458846888289195,0.029526802646634,0.0582796116403327,8,1470,"study_1_LOD_vs_CN; study_11_LOD_vs_CN; study_2_LOD_vs_CN; study_3_Soma_LOD_vs_CN; study_4_LOD_vs_CN; study_5_LOD_vs_CN; study_6_LOD_vs_CN; study_7_LOD_vs_CN",5,"study_1; study_11; study_4; study_6; study_7",8.90451698014393e-09
"UBE2N",0.116157267134041,0.079910423926955,0.152404110341126,6.08875788102983,1.13790050750427e-09,0.805263188638878,0.112038593430339,0.0855760731894855,0.134551607988506,7,1209,"study_1_LOD_vs_CN; study_11_LOD_vs_CN; study_2_LOD_vs_CN; study_3_Soma_LOD_vs_CN; study_5_LOD_vs_CN; study_6_LOD_vs_CN; study_7_LOD_vs_CN",4,"study_1; study_11; study_6; study_7",1.01072218853169e-08
"PPP1R7",0.134300877663512,0.00818203553683908,0.260419719790186,6.08653666424324,1.15379245266175e-09,0.344198683769321,0.125804010182904,0.0886352663959534,0.184130517450873,6,1019,"study_1_LOD_vs_CN; study_11_LOD_vs_CN; study_2_LOD_vs_CN; study_5_LOD_vs_CN; study_6_LOD_vs_CN; study_7_LOD_vs_CN",4,"study_1; study_11; study_6; study_7",1.01072218853169e-08
"MELTF",-0.0641214812972072,-0.0855217284778401,-0.0427212341165743,-6.02961465615361,1.64351082022053e-09,0.00222663744682306,-0.0645326570651421,-0.0712833265247494,-0.0565637166366762,7,1341,"study_1_LOD_vs_CN; study_11_LOD_vs_CN; study_2_LOD_vs_CN; study_4_LOD_vs_CN; study_5_LOD_vs_CN; study_6_LOD_vs_CN; study_7_LOD_vs_CN",5,"study_1; study_11; study_4; study_6; study_7",1.75536086215221e-08
"NME1",0.156570442258864,0.106228165132273,0.206912719385456,6.00840610141328,1.87356072956828e-09,0,NA,NA,NA,5,1046,"study_1_LOD_vs_CN; study_11_LOD_vs_CN; study_2_LOD_vs_CN; study_3_Soma_LOD_vs_CN; study_5_LOD_vs_CN",2,"study_1; study_11",8.4640861194614e-08
"TNFRSF12A",0.0853039792568341,0.055399231178986,0.115208727334682,6.00154424102372,1.95449670873409e-09,0.807196201750518,0.0860613039282714,0.068410064292525,0.112428527251148,8,2063,"study_1_LOD_vs_CN; study_11_LOD_vs_CN; study_2_LOD_vs_CN; study_3_Olink_LOD_vs_CN; study_4_LOD_vs_CN; study_6_LOD_vs_CN; study_8_LOD_vs_CN; study_9_LOD_vs_CN",5,"study_1; study_11; study_4; study_6; study_8",2.04019663628297e-08
"FSCN1",0.0653976298288443,0.0442848315650381,0.0865104280926506,6.00081811234844,1.96325814154668e-09,0.580419075167115,0.0645570611712566,0.0510219956116281,0.0729730172687924,8,1445,"study_1_LOD_vs_CN; study_11_LOD_vs_CN; study_2_LOD_vs_CN; study_3_Soma_LOD_vs_CN; study_4_LOD_vs_CN; study_5_LOD_vs_CN; study_6_LOD_vs_CN; study_7_LOD_vs_CN",5,"study_1; study_11; study_4; study_6; study_7",2.04019663628297e-08
"PCDHGC5",-0.0831455643782254,-0.107596029648611,-0.05869509910784,-5.981922827606,2.20518753115994e-09,0.912635159042843,-0.083584673005605,-0.106343873262465,-0.0683742544766451,7,1455,"study_1_LOD_vs_CN; study_11_LOD_vs_CN; study_2_LOD_vs_CN; study_4_LOD_vs_CN; study_5_LOD_vs_CN; study_6_LOD_vs_CN; study_7_LOD_vs_CN",5,"study_1; study_11; study_4; study_6; study_7",2.26105228194932e-08
"PLD3",0.0586642810066977,0.036913078262568,0.0804154837508274,5.96890522229888,2.38850800208566e-09,0.510188315054629,0.0591146381838309,0.0515515691283715,0.0698882595416947,9,1660,"study_1_LOD_vs_CN; study_10_LOD_vs_CN; study_11_LOD_vs_CN; study_2_LOD_vs_CN; study_3_Soma_LOD_vs_CN; study_4_LOD_vs_CN; study_5_LOD_vs_CN; study_6_LOD_vs_CN; study_7_LOD_vs_CN",5,"study_1; study_11; study_4; study_6; study_7",2.41679296526826e-08
"TMEM132D",-0.0999849076085662,-0.131176976765872,-0.0687928384512609,-5.95218416935671,2.64587388324314e-09,0.799866917245727,-0.100474248170419,-0.133084258556252,-0.0817019793784613,8,1478,"study_1_LOD_vs_CN; study_11_LOD_vs_CN; study_2_LOD_vs_CN; study_3_Soma_LOD_vs_CN; study_4_LOD_vs_CN; study_5_LOD_vs_CN; study_6_LOD_vs_CN; study_7_LOD_vs_CN",5,"study_1; study_11; study_4; study_6; study_7",2.64243768339477e-08
"TPT1",0.0843248988697998,0.0550632015157569,0.113586596223843,5.94864386873968,2.70373181756972e-09,0.66852046591964,0.0810893106332269,0.0559844172249164,0.101974610066102,6,1134,"study_1_LOD_vs_CN; study_11_LOD_vs_CN; study_2_LOD_vs_CN; study_3_Soma_LOD_vs_CN; study_6_LOD_vs_CN; study_7_LOD_vs_CN",4,"study_1; study_11; study_6; study_7",2.32202850214811e-08
"CAPG",0.0994773107296585,0.067913571470381,0.131041049988936,5.944923146917,2.76586591738843e-09,0.862228729521723,0.0997354339145191,0.0695208276443341,0.125799261793006,10,2200,"study_1_LOD_vs_CN; study_11_LOD_vs_CN; study_2_LOD_vs_CN; study_3_Olink_LOD_vs_CN; study_3_Soma_LOD_vs_CN; study_5_LOD_vs_CN; study_6_LOD_vs_CN; study_7_LOD_vs_CN; study_8_LOD_vs_CN; study_9_LOD_vs_CN",5,"study_1; study_11; study_6; study_7; study_8",2.69354819463686e-08
"CDH22",-0.0810189524180731,-0.106377947111881,-0.0556599577242655,-5.94484983046373,2.7671041271302e-09,0.805310357980751,-0.0819561199933103,-0.0993024795003841,-0.0673340775794601,7,1451,"study_1_LOD_vs_CN; study_11_LOD_vs_CN; study_2_LOD_vs_CN; study_4_LOD_vs_CN; study_5_LOD_vs_CN; study_6_LOD_vs_CN; study_7_LOD_vs_CN",5,"study_1; study_11; study_4; study_6; study_7",2.69354819463686e-08
"NTNG1",-0.0754297341176046,-0.0981849215484196,-0.0526745466867896,-5.94116571567794,2.83002345987069e-09,0.799790040271228,-0.0757450666275994,-0.0882511806072777,-0.0623503773619005,9,1685,"study_1_LOD_vs_CN; study_10_LOD_vs_CN; study_11_LOD_vs_CN; study_2_LOD_vs_CN; study_3_Soma_LOD_vs_CN; study_4_LOD_vs_CN; study_5_LOD_vs_CN; study_6_LOD_vs_CN; study_7_LOD_vs_CN",5,"study_1; study_11; study_4; study_6; study_7",2.7203600508007e-08
"RTN4R",-0.0668803580747097,-0.0914873546608842,-0.0422733614885352,-5.90423889018303,3.54278490793521e-09,0.708651172718512,-0.0670908647967272,-0.0804532611468004,-0.0578999471704061,12,2546,"study_1_LOD_vs_CN; study_10_LOD_vs_CN; study_11_LOD_vs_CN; study_2_LOD_vs_CN; study_3_Olink_LOD_vs_CN; study_3_Soma_LOD_vs_CN; study_4_LOD_vs_CN; study_5_LOD_vs_CN; study_6_LOD_vs_CN; study_7_LOD_vs_CN; study_8_LOD_vs_CN; study_9_LOD_vs_CN",6,"study_1; study_11; study_4; study_6; study_7; study_8",4.45974100175373e-08
"CAP2",0.106519336695072,0.0597190884018761,0.153319584988269,5.89294199929628,3.79379599262519e-09,0.797022726363857,0.10830719449144,0.0700981419178407,0.139921565026064,5,945,"study_1_LOD_vs_CN; study_11_LOD_vs_CN; study_2_LOD_vs_CN; study_5_LOD_vs_CN; study_6_LOD_vs_CN",3,"study_1; study_11; study_6",1.16975376439277e-07
"RTN4RL2",-0.098649874079499,-0.126965771251473,-0.0703339769075252,-5.88393651557249,4.00621558305062e-09,0.923862292728081,-0.0972921361784707,-0.119806027712995,-0.0622452604305488,8,1672,"study_1_LOD_vs_CN; study_10_LOD_vs_CN; study_11_LOD_vs_CN; study_2_LOD_vs_CN; study_4_LOD_vs_CN; study_5_LOD_vs_CN; study_6_LOD_vs_CN; study_7_LOD_vs_CN",5,"study_1; study_11; study_4; study_6; study_7",3.80343183131596e-08
"PLXNA1",-0.07093991223046,-0.0976178643786356,-0.0442619600822845,-5.85342458563333,4.81552665239884e-09,0,-0.0715705304491219,-0.0775603188313133,-0.0664954178460754,8,1441,"study_1_LOD_vs_CN; study_11_LOD_vs_CN; study_2_LOD_vs_CN; study_3_Soma_LOD_vs_CN; study_4_LOD_vs_CN; study_5_LOD_vs_CN; study_6_LOD_vs_CN; study_7_LOD_vs_CN",5,"study_1; study_11; study_4; study_6; study_7",4.51602438499354e-08
"CAND1",0.178529303677526,0.11665928609786,0.240399321257192,5.85101877447439,4.88571065018511e-09,0,0.179415270488965,0.176499114357341,0.184726829608419,6,1072,"study_1_LOD_vs_CN; study_11_LOD_vs_CN; study_2_LOD_vs_CN; study_3_Soma_LOD_vs_CN; study_5_LOD_vs_CN; study_6_LOD_vs_CN",3,"study_1; study_11; study_6",1.42714179518565e-07
"MSN",0.0731866268877817,0.0504727065174366,0.0959005472581269,5.84129631953901,5.17961790940831e-09,0.815644762830627,0.0736687011257808,0.059050240822026,0.0967023962843863,7,1447,"study_1_LOD_vs_CN; study_11_LOD_vs_CN; study_2_LOD_vs_CN; study_4_LOD_vs_CN; study_5_LOD_vs_CN; study_6_LOD_vs_CN; study_7_LOD_vs_CN",5,"study_1; study_11; study_4; study_6; study_7",4.79894719558433e-08
"NAXD",0.138540559776211,0.0859246544247085,0.191156465127713,5.83492462318157,5.38148898383079e-09,0.969800671029324,NA,NA,NA,4,880,"study_1_LOD_vs_CN; study_11_LOD_vs_CN; study_2_LOD_vs_CN; study_5_LOD_vs_CN",2,"study_1; study_11",2.29610196643447e-07
"THY1",-0.0716582339216102,-0.0915940671769199,-0.0517224006663005,-5.83330882441938,5.43388594143749e-09,0.962269737248915,-0.0717498397327329,-0.099194487464703,-0.0420471352828947,12,2660,"study_1_LOD_vs_CN; study_10_LOD_vs_CN; study_11_LOD_vs_CN; study_2_LOD_vs_CN; study_3_Olink_LOD_vs_CN; study_3_Soma_LOD_vs_CN; study_4_LOD_vs_CN; study_5_LOD_vs_CN; study_6_LOD_vs_CN; study_7_LOD_vs_CN; study_8_LOD_vs_CN; study_9_LOD_vs_CN",6,"study_1; study_11; study_4; study_6; study_7; study_8",6.46028661926457e-08
"SUMO3",0.239050289130295,0.168121135864886,0.309979442395704,5.82295307122355,5.78167941838436e-09,0.747710796267053,NA,NA,NA,4,213,"study_2_LOD_vs_CN; study_3_Soma_LOD_vs_CN; study_4_LOD_vs_CN; study_5_LOD_vs_CN",2,"study_2; study_4",2.33701568069431e-07
"CHST10",-0.0678755848825913,-0.0905804286609149,-0.0451707411042677,-5.82256751319152,5.79503777853803e-09,0.698617426958907,-0.0673815638816582,-0.0834357824324163,-0.0500527650272582,7,1427,"study_1_LOD_vs_CN; study_11_LOD_vs_CN; study_2_LOD_vs_CN; study_4_LOD_vs_CN; study_5_LOD_vs_CN; study_6_LOD_vs_CN; study_7_LOD_vs_CN",5,"study_1; study_11; study_4; study_6; study_7",5.3052191091616e-08
"EFNA3",-0.081019666243985,-0.109416710974893,-0.0526226215130769,-5.80570283580054,6.40965558845053e-09,0.744451472161464,-0.0796968444344611,-0.0935335174025003,-0.0594035765763687,8,1393,"study_1_LOD_vs_CN; study_11_LOD_vs_CN; study_2_LOD_vs_CN; study_3_Soma_LOD_vs_CN; study_4_LOD_vs_CN; study_5_LOD_vs_CN; study_6_LOD_vs_CN; study_7_LOD_vs_CN",5,"study_1; study_11; study_4; study_6; study_7",5.7988531147276e-08
"ADGRG1",0.10902390576499,0.0682443465539929,0.149803464975988,5.77358295911258,7.76033709552321e-09,0.910803879408594,0.108891506348827,0.0757451936778509,0.128140876191846,10,2260,"study_1_LOD_vs_CN; study_11_LOD_vs_CN; study_2_LOD_vs_CN; study_3_Olink_LOD_vs_CN; study_3_Soma_LOD_vs_CN; study_5_LOD_vs_CN; study_6_LOD_vs_CN; study_7_LOD_vs_CN; study_8_LOD_vs_CN; study_9_LOD_vs_CN",5,"study_1; study_11; study_6; study_7; study_8",6.93918514704343e-08
"ROBO2",-0.0581108650016795,-0.0935160678494023,-0.0227056621539568,-5.77075629175969,7.89165387328333e-09,0.789723333367505,-0.0581033387782481,-0.0730591450724491,-0.0491608501379698,11,2360,"study_1_LOD_vs_CN; study_11_LOD_vs_CN; study_2_LOD_vs_CN; study_3_Olink_LOD_vs_CN; study_3_Soma_LOD_vs_CN; study_4_LOD_vs_CN; study_5_LOD_vs_CN; study_6_LOD_vs_CN; study_7_LOD_vs_CN; study_8_LOD_vs_CN; study_9_LOD_vs_CN",6,"study_1; study_11; study_4; study_6; study_7; study_8",8.88849436254017e-08
"DBI",0.0570873018012162,0.0382719633760357,0.0759026402263967,5.76181036662372,8.32164666352004e-09,0.661844701184419,0.0584004089838046,0.0475585550584384,0.071157350700194,9,1727,"study_1_LOD_vs_CN; study_10_LOD_vs_CN; study_11_LOD_vs_CN; study_2_LOD_vs_CN; study_3_Soma_LOD_vs_CN; study_4_LOD_vs_CN; study_5_LOD_vs_CN; study_6_LOD_vs_CN; study_7_LOD_vs_CN",5,"study_1; study_11; study_4; study_6; study_7",7.35557044166312e-08
"VSNL1",0.12665021029453,0.0842709516124996,0.16902946897656,5.7533983829641,8.74670334153990e-09,0.786087602676559,NA,NA,NA,5,943,"study_1_LOD_vs_CN; study_11_LOD_vs_CN; study_2_LOD_vs_CN; study_3_Soma_LOD_vs_CN; study_5_LOD_vs_CN",2,"study_1; study_11",3.22567743181873e-07
"TIGAR",0.137377098437142,0.0916728524537857,0.183081344420498,5.75198406065378,8.82021172762935e-09,0,NA,NA,NA,3,929,"study_3_Olink_LOD_vs_CN; study_8_LOD_vs_CN; study_9_LOD_vs_CN",2,"study_3_Olink; study_8",3.22567743181873e-07
"LINGO1",-0.0882670916854975,-0.115710633643375,-0.0608235497276196,-5.75142711628049,8.84932302714416e-09,0.865008302324374,-0.0879200317606041,-0.10801848996164,-0.0783117692628172,9,1668,"study_1_LOD_vs_CN; study_10_LOD_vs_CN; study_11_LOD_vs_CN; study_2_LOD_vs_CN; study_3_Soma_LOD_vs_CN; study_4_LOD_vs_CN; study_5_LOD_vs_CN; study_6_LOD_vs_CN; study_7_LOD_vs_CN",5,"study_1; study_11; study_4; study_6; study_7",7.73310159985665e-08
"LECT2",-0.196047795483321,-0.263669767783064,-0.128425823183577,-5.74849386922611,9.00419103058725e-09,0,-0.199237008897508,-0.216401364337574,-0.171134593414475,7,1199,"study_1_LOD_vs_CN; study_11_LOD_vs_CN; study_2_LOD_vs_CN; study_3_Soma_LOD_vs_CN; study_4_LOD_vs_CN; study_5_LOD_vs_CN; study_6_LOD_vs_CN",4,"study_1; study_11; study_4; study_6",7.58429936807157e-08
"TPM1",0.156917713936824,0.107554993760488,0.20628043411316,5.73043213007705,1.00175103655848e-08,0.884516932441524,0.162844741899064,0.112630774071591,0.197166125643981,6,1008,"study_1_LOD_vs_CN; study_11_LOD_vs_CN; study_2_LOD_vs_CN; study_5_LOD_vs_CN; study_6_LOD_vs_CN; study_7_LOD_vs_CN",4,"study_1; study_11; study_6; study_7",8.27862177382289e-08
"LINGO3",-0.0860585607634883,-0.114063911762305,-0.0580532097646718,-5.70904442890319,1.13612233391989e-08,0.719027920282539,-0.0859376445729831,-0.104774170813146,-0.0573804911428954,7,1300,"study_1_LOD_vs_CN; study_11_LOD_vs_CN; study_2_LOD_vs_CN; study_3_Soma_LOD_vs_CN; study_5_LOD_vs_CN; study_6_LOD_vs_CN; study_7_LOD_vs_CN",4,"study_1; study_11; study_6; study_7",9.21521448623914e-08
"GANAB",-0.0575985864320331,-0.0770929754563398,-0.0381041974077264,-5.70595174304629,1.15694776102447e-08,0.504968568467101,-0.0581585456662783,-0.0641847629223613,-0.0505148669290699,7,1450,"study_1_LOD_vs_CN; study_11_LOD_vs_CN; study_2_LOD_vs_CN; study_4_LOD_vs_CN; study_5_LOD_vs_CN; study_6_LOD_vs_CN; study_7_LOD_vs_CN",5,"study_1; study_11; study_4; study_6; study_7",9.99654863177325e-08
"CAMK2D",0.0665753862510018,0.0417131852649588,0.0914375872370449,5.69010808190976,1.26958986174862e-08,0.800912223331789,0.066826767519057,0.0368052311783288,0.0907150950853819,8,1425,"study_1_LOD_vs_CN; study_11_LOD_vs_CN; study_2_LOD_vs_CN; study_3_Soma_LOD_vs_CN; study_4_LOD_vs_CN; study_5_LOD_vs_CN; study_6_LOD_vs_CN; study_7_LOD_vs_CN",5,"study_1; study_11; study_4; study_6; study_7",1.08479400409409e-07
"TKT",0.0985138180569144,0.0667221958207616,0.130305440293067,5.67847951364557,1.35897305442928e-08,0.872810507408725,0.0982652996527207,0.0830927374338303,0.113719856559189,7,1271,"study_1_LOD_vs_CN; study_11_LOD_vs_CN; study_2_LOD_vs_CN; study_3_Soma_LOD_vs_CN; study_5_LOD_vs_CN; study_6_LOD_vs_CN; study_7_LOD_vs_CN",4,"study_1; study_11; study_6; study_7",1.0822367233455e-07
"RGMB",-0.0551475399968917,-0.079174850011431,-0.0311202299823523,-5.66092299632693,1.50560980319146e-08,0.857053903353989,-0.055042708724878,-0.0663855402333826,-0.0457476856801275,11,2411,"study_1_LOD_vs_CN; study_11_LOD_vs_CN; study_2_LOD_vs_CN; study_3_Olink_LOD_vs_CN; study_3_Soma_LOD_vs_CN; study_4_LOD_vs_CN; study_5_LOD_vs_CN; study_6_LOD_vs_CN; study_7_LOD_vs_CN; study_8_LOD_vs_CN; study_9_LOD_vs_CN",6,"study_1; study_11; study_4; study_6; study_7; study_8",1.61100248941487e-07
"SECTM1",-0.10038917580875,-0.136707777313065,-0.064070574304435,-5.65576449540041,1.55154092062621e-08,0.601208698817502,-0.100407525683042,-0.113991553478985,-0.0788226097528655,5,1151,"study_1_LOD_vs_CN; study_11_LOD_vs_CN; study_2_LOD_vs_CN; study_3_Soma_LOD_vs_CN; study_7_LOD_vs_CN",3,"study_1; study_11; study_7",4.30552605473773e-07
"SORCS3",-0.0508980018238863,-0.0690804352087601,-0.0327155684390126,-5.64639403486821,1.63848076009302e-08,0.859937515519341,-0.0498940090743962,-0.069261518432245,-0.0292302270197134,9,1689,"study_1_LOD_vs_CN; study_10_LOD_vs_CN; study_11_LOD_vs_CN; study_2_LOD_vs_CN; study_3_Soma_LOD_vs_CN; study_4_LOD_vs_CN; study_5_LOD_vs_CN; study_6_LOD_vs_CN; study_7_LOD_vs_CN",5,"study_1; study_11; study_4; study_6; study_7",1.37393641665863e-07
"FABP5",0.0788274851913976,0.0522133141011365,0.105441656281659,5.64584477129751,1.64372107064491e-08,0.504312323292913,0.0787014619426883,0.0701975918045018,0.0892602120454769,7,1439,"study_1_LOD_vs_CN; study_11_LOD_vs_CN; study_2_LOD_vs_CN; study_4_LOD_vs_CN; study_5_LOD_vs_CN; study_6_LOD_vs_CN; study_7_LOD_vs_CN",5,"study_1; study_11; study_4; study_6; study_7",1.37393641665863e-07
"SIGLEC7",0.286584545357584,0.188994643188617,0.38417444752655,5.63937075372599,1.70672700612205e-08,0,NA,NA,NA,4,956,"study_3_Olink_LOD_vs_CN; study_3_Soma_LOD_vs_CN; study_8_LOD_vs_CN; study_9_LOD_vs_CN",2,"study_3_Soma; study_8",5.95802882137152e-07
"KYNU",0.267278197315277,0.101831062276007,0.432725332354547,5.6325410341476,1.77573576093227e-08,0,0.178844573806015,-0.0385070361890171,0.304321401200229,4,972,"study_3_Olink_LOD_vs_CN; study_6_LOD_vs_CN; study_8_LOD_vs_CN; study_9_LOD_vs_CN",3,"study_3_Olink; study_6; study_8",4.6187257372138e-07
"ANGPTL2",-0.0526702161566689,-0.0700018554194227,-0.0353385768939151,-5.63179517103348,1.78343420428737e-08,0.872826332884331,-0.0550808339688915,-0.0755918521893153,-0.0349876280880226,6,1319,"study_1_LOD_vs_CN; study_11_LOD_vs_CN; study_2_LOD_vs_CN; study_5_LOD_vs_CN; study_6_LOD_vs_CN; study_7_LOD_vs_CN",4,"study_1; study_11; study_6; study_7",1.39490032406763e-07
"DLK2",-0.0710749716998769,-0.0954712726713505,-0.0466786707284033,-5.62726944731628,1.83084623817484e-08,0.635813088450725,-0.0743632868263743,-0.0837601419866534,-0.0556220891083212,6,1166,"study_1_LOD_vs_CN; study_11_LOD_vs_CN; study_2_LOD_vs_CN; study_3_Soma_LOD_vs_CN; study_5_LOD_vs_CN; study_6_LOD_vs_CN",3,"study_1; study_11; study_6",4.6187257372138e-07
"CLSTN3",-0.0615993546927745,-0.0872851501915248,-0.0359135591940241,-5.62624398761279,1.84175794418877e-08,0.842769331413036,-0.0615571991340248,-0.0715929930032443,-0.05524334367066,12,2627,"study_1_LOD_vs_CN; study_10_LOD_vs_CN; study_11_LOD_vs_CN; study_2_LOD_vs_CN; study_3_Olink_LOD_vs_CN; study_3_Soma_LOD_vs_CN; study_4_LOD_vs_CN; study_5_LOD_vs_CN; study_6_LOD_vs_CN; study_7_LOD_vs_CN; study_8_LOD_vs_CN; study_9_LOD_vs_CN",6,"study_1; study_11; study_4; study_6; study_7; study_8",1.87683904788761e-07
"CDH18",-0.0790306135706487,-0.10651144564927,-0.0515497814920269,-5.62098668777944,1.89869904884012e-08,0.555200726273987,-0.0789116538447672,-0.0935405404549966,-0.0718188270669028,7,1390,"study_1_LOD_vs_CN; study_11_LOD_vs_CN; study_2_LOD_vs_CN; study_4_LOD_vs_CN; study_5_LOD_vs_CN; study_6_LOD_vs_CN; study_7_LOD_vs_CN",5,"study_1; study_11; study_4; study_6; study_7",1.56999953608393e-07
"ACAN",0.126798702899981,0.0889454233647773,0.164651982435184,5.60322162124316,2.10403918861395e-08,0.914604665761261,0.12765473625763,0.0851369013266576,0.161170292827714,10,2237,"study_1_LOD_vs_CN; study_11_LOD_vs_CN; study_2_LOD_vs_CN; study_3_Olink_LOD_vs_CN; study_3_Soma_LOD_vs_CN; study_5_LOD_vs_CN; study_6_LOD_vs_CN; study_7_LOD_vs_CN; study_8_LOD_vs_CN; study_9_LOD_vs_CN",5,"study_1; study_11; study_6; study_7; study_8",1.7212831234512e-07
"VCL",0.0855053378040143,0.0568720121985027,0.114138663409526,5.59577353297615,2.19640255060172e-08,0.819394349702708,0.0881648145770841,0.0703652291206402,0.114455790430586,7,1345,"study_1_LOD_vs_CN; study_11_LOD_vs_CN; study_2_LOD_vs_CN; study_4_LOD_vs_CN; study_5_LOD_vs_CN; study_6_LOD_vs_CN; study_7_LOD_vs_CN",5,"study_1; study_11; study_4; study_6; study_7",1.77793006464497e-07
"TNFRSF1B",0.210955995341236,0.111717948195031,0.310194042487441,5.58502880929331,2.33661476602755e-08,0.862236568574198,0.20896019945523,0.0915366486593407,0.327285335914928,7,1488,"study_11_LOD_vs_CN; study_2_LOD_vs_CN; study_3_Olink_LOD_vs_CN; study_3_Soma_LOD_vs_CN; study_6_LOD_vs_CN; study_8_LOD_vs_CN; study_9_LOD_vs_CN",4,"study_11; study_2; study_6; study_8",1.79550397810538e-07
"PFN1",0.0714364523234694,0.0483503306648516,0.0945225739820871,5.58317985207672,2.36160299607824e-08,0.854804383705559,0.0725237015683924,0.0567839363543753,0.0969813399144006,9,1695,"study_1_LOD_vs_CN; study_10_LOD_vs_CN; study_11_LOD_vs_CN; study_2_LOD_vs_CN; study_3_Soma_LOD_vs_CN; study_4_LOD_vs_CN; study_5_LOD_vs_CN; study_6_LOD_vs_CN; study_7_LOD_vs_CN",5,"study_1; study_11; study_4; study_6; study_7",1.8836361353242e-07
"EZR",0.0907495928251035,0.0589949210549409,0.122504264595266,5.58212478878839,2.37597796003183e-08,0.648715487529788,0.0907027508985682,0.0771727184840228,0.112086300926988,10,2179,"study_1_LOD_vs_CN; study_11_LOD_vs_CN; study_2_LOD_vs_CN; study_3_Olink_LOD_vs_CN; study_3_Soma_LOD_vs_CN; study_4_LOD_vs_CN; study_5_LOD_vs_CN; study_6_LOD_vs_CN; study_8_LOD_vs_CN; study_9_LOD_vs_CN",5,"study_1; study_11; study_4; study_6; study_8",1.8836361353242e-07
"MET",-0.0323866267627109,-0.0632949902051986,-0.00147826332022328,-5.5783064333595,2.42871533366153e-08,0.847566048343891,-0.0333664293979746,-0.0735695767807276,-0.0162446546977953,10,2187,"study_1_LOD_vs_CN; study_11_LOD_vs_CN; study_2_LOD_vs_CN; study_3_Olink_LOD_vs_CN; study_3_Soma_LOD_vs_CN; study_5_LOD_vs_CN; study_6_LOD_vs_CN; study_7_LOD_vs_CN; study_8_LOD_vs_CN; study_9_LOD_vs_CN",5,"study_1; study_11; study_6; study_7; study_8",1.90579805263849e-07
"CNR1",-0.0958006717835305,-0.127634041852311,-0.0639673017147497,-5.55276122298643,2.81192056409072e-08,0.761752678637852,-0.100237651991151,-0.11972439876299,-0.0737499425391228,5,1120,"study_1_LOD_vs_CN; study_11_LOD_vs_CN; study_2_LOD_vs_CN; study_5_LOD_vs_CN; study_6_LOD_vs_CN",3,"study_1; study_11; study_6",6.78528657856674e-07
"PAM",-0.077222569496549,-0.112982339448272,-0.0414627995448258,-5.55074960328432,2.8444726208852e-08,0.915902326783097,-0.0770367893448359,-0.0934819173318699,-0.0590853772441722,12,2661,"study_1_LOD_vs_CN; study_10_LOD_vs_CN; study_11_LOD_vs_CN; study_2_LOD_vs_CN; study_3_Olink_LOD_vs_CN; study_3_Soma_LOD_vs_CN; study_4_LOD_vs_CN; study_5_LOD_vs_CN; study_6_LOD_vs_CN; study_7_LOD_vs_CN; study_8_LOD_vs_CN; study_9_LOD_vs_CN",6,"study_1; study_11; study_4; study_6; study_7; study_8",2.76689609486106e-07
"DCC",-0.0594270885076689,-0.0792462309461098,-0.0396079460692279,-5.51106409705736,3.56670797317312e-08,0.798016756023564,-0.0590622390897733,-0.0736756492418138,-0.0500588940548022,8,1476,"study_1_LOD_vs_CN; study_11_LOD_vs_CN; study_2_LOD_vs_CN; study_3_Soma_LOD_vs_CN; study_4_LOD_vs_CN; study_5_LOD_vs_CN; study_6_LOD_vs_CN; study_7_LOD_vs_CN",5,"study_1; study_11; study_4; study_6; study_7",2.77050346603043e-07
"STC2",-0.0474657493143127,-0.0642450494543977,-0.0306864491742276,-5.50579398131504,3.67508113059106e-08,0.664884135479976,-0.0480732357202293,-0.055889471102997,-0.035369836957739,8,1551,"study_1_LOD_vs_CN; study_10_LOD_vs_CN; study_11_LOD_vs_CN; study_2_LOD_vs_CN; study_4_LOD_vs_CN; study_5_LOD_vs_CN; study_6_LOD_vs_CN; study_7_LOD_vs_CN",5,"study_1; study_11; study_4; study_6; study_7",2.82613738942453e-07
"SYT1",0.0584910950138369,0.0351822473238284,0.0817999427038453,5.50101935555445,3.77601750153525e-08,0.903513585143916,0.0573456053897806,0.0132970116912316,0.0757547255560101,8,1346,"study_1_LOD_vs_CN; study_11_LOD_vs_CN; study_2_LOD_vs_CN; study_3_Soma_LOD_vs_CN; study_4_LOD_vs_CN; study_5_LOD_vs_CN; study_6_LOD_vs_CN; study_7_LOD_vs_CN",5,"study_1; study_11; study_4; study_6; study_7",2.87500738483228e-07
"TXNRD1",0.107133935818119,0.0445885170049934,0.169679354631244,5.48637433220322,4.10267042714048e-08,0.652813893419874,0.115039475969565,0.0667410287550217,0.194351118503598,7,1148,"study_1_LOD_vs_CN; study_11_LOD_vs_CN; study_2_LOD_vs_CN; study_3_Soma_LOD_vs_CN; study_5_LOD_vs_CN; study_6_LOD_vs_CN; study_7_LOD_vs_CN",4,"study_1; study_11; study_6; study_7",3.09822352946126e-07
"PTPRN",-0.104601529581105,-0.135045573777709,-0.0741574853845012,-5.48165616913692,4.21362537759078e-08,0.942954610872249,-0.104348053669199,-0.131739969973776,-0.0800372628844907,8,1704,"study_1_LOD_vs_CN; study_10_LOD_vs_CN; study_11_LOD_vs_CN; study_2_LOD_vs_CN; study_4_LOD_vs_CN; study_5_LOD_vs_CN; study_6_LOD_vs_CN; study_7_LOD_vs_CN",5,"study_1; study_11; study_4; study_6; study_7",3.17674305428168e-07
"METAP2",0.170848605089096,0.110386852463284,0.231310357714907,5.46741540328153,4.56645025168325e-08,0,NA,NA,NA,4,956,"study_3_Olink_LOD_vs_CN; study_3_Soma_LOD_vs_CN; study_8_LOD_vs_CN; study_9_LOD_vs_CN",2,"study_3_Soma; study_8",1.52479730143162e-06
"SUMO2",0.111208288229315,0.0726694778143394,0.149747098644291,5.45964993712994,4.77074294712239e-08,0.610033626865252,NA,NA,NA,3,553,"study_11_LOD_vs_CN; study_2_LOD_vs_CN; study_3_Soma_LOD_vs_CN",2,"study_11; study_2",1.52663774307916e-06
"VCAM1",0.0722666615056286,0.044369349418908,0.100163973592349,5.44997506759195,5.03768819488602e-08,0.904110816677187,0.0726529484340951,0.0549637369309888,0.0882667311084025,11,2410,"study_1_LOD_vs_CN; study_11_LOD_vs_CN; study_2_LOD_vs_CN; study_3_Olink_LOD_vs_CN; study_3_Soma_LOD_vs_CN; study_4_LOD_vs_CN; study_5_LOD_vs_CN; study_6_LOD_vs_CN; study_7_LOD_vs_CN; study_8_LOD_vs_CN; study_9_LOD_vs_CN",6,"study_1; study_11; study_4; study_6; study_7; study_8",4.68724032045917e-07
"MAN1A2",-0.0423321754052256,-0.0581303463328222,-0.026534004477629,-5.44576918378418,5.15819902582681e-08,0.894147626450371,-0.0428087289486758,-0.052820229842802,-0.0294648749161377,7,1294,"study_1_LOD_vs_CN; study_11_LOD_vs_CN; study_2_LOD_vs_CN; study_3_Soma_LOD_vs_CN; study_4_LOD_vs_CN; study_5_LOD_vs_CN; study_6_LOD_vs_CN",4,"study_1; study_11; study_4; study_6",3.82930707341041e-07
"FKBP4",0.154079182494817,0.10515736966631,0.203000995323324,5.44432022435058,5.20035943669339e-08,0.91025594381352,0.152907186080915,0.0417814372103609,0.245528621301082,8,1686,"study_11_LOD_vs_CN; study_2_LOD_vs_CN; study_3_Olink_LOD_vs_CN; study_3_Soma_LOD_vs_CN; study_6_LOD_vs_CN; study_7_LOD_vs_CN; study_8_LOD_vs_CN; study_9_LOD_vs_CN",5,"study_11; study_2; study_6; study_7; study_8",3.8825984532206e-07
"PSAT1",0.0500432465969959,0.0319731653490421,0.0681133278449496,5.43156515423814,5.58619125241029e-08,0.611286596917026,0.0505216772351255,0.0422042847919577,0.0628231441090854,8,1479,"study_1_LOD_vs_CN; study_11_LOD_vs_CN; study_2_LOD_vs_CN; study_3_Soma_LOD_vs_CN; study_4_LOD_vs_CN; study_5_LOD_vs_CN; study_6_LOD_vs_CN; study_7_LOD_vs_CN",5,"study_1; study_11; study_4; study_6; study_7",4.130558724138e-07
"SHISA5",0.0584929062637429,0.0362423027159366,0.0807435098115492,5.4299726187664,5.63626988567895e-08,0.902937990676986,0.0616768638541411,0.0422519681699663,0.0970567601432333,7,1519,"study_1_LOD_vs_CN; study_10_LOD_vs_CN; study_11_LOD_vs_CN; study_2_LOD_vs_CN; study_4_LOD_vs_CN; study_5_LOD_vs_CN; study_6_LOD_vs_CN",4,"study_1; study_11; study_4; study_6",4.11447701654563e-07
"RTN4RL1",-0.0874724835637295,-0.117022947386706,-0.0579220197407529,-5.42843393119422,5.68506830528088e-08,0.840231353371027,-0.0866419299753426,-0.107969351455957,-0.0593254005535908,8,1423,"study_1_LOD_vs_CN; study_11_LOD_vs_CN; study_2_LOD_vs_CN; study_3_Soma_LOD_vs_CN; study_4_LOD_vs_CN; study_5_LOD_vs_CN; study_6_LOD_vs_CN; study_7_LOD_vs_CN",5,"study_1; study_11; study_4; study_6; study_7",4.16363573977238e-07
"CKMT1A",0.100004945652662,0.0624542451643529,0.137555646140972,5.41707177432968,6.05830253899329e-08,0.728696742843994,0.101239593698372,0.071558926362521,0.129390439521107,7,1117,"study_1_LOD_vs_CN; study_11_LOD_vs_CN; study_2_LOD_vs_CN; study_3_Soma_LOD_vs_CN; study_4_LOD_vs_CN; study_5_LOD_vs_CN; study_6_LOD_vs_CN",4,"study_1; study_11; study_4; study_6",4.35005985586731e-07
"SLITRK4",-0.0717687561147426,-0.0973386942669748,-0.0461988179625104,-5.39469971980909,6.86382425013375e-08,0.799263372144942,-0.0709877574135313,-0.0870247237581327,-0.0480401128403499,9,1667,"study_1_LOD_vs_CN; study_10_LOD_vs_CN; study_11_LOD_vs_CN; study_2_LOD_vs_CN; study_3_Soma_LOD_vs_CN; study_4_LOD_vs_CN; study_5_LOD_vs_CN; study_6_LOD_vs_CN; study_7_LOD_vs_CN",5,"study_1; study_11; study_4; study_6; study_7",4.97951023429515e-07
"CACNA2D1",-0.0894819568286357,-0.117486606608639,-0.0614773070486328,-5.36376906011354,8.15030967863151e-08,0.914719118758281,-0.0883140389439592,-0.112545119008657,-0.0545221147562443,8,1705,"study_1_LOD_vs_CN; study_10_LOD_vs_CN; study_11_LOD_vs_CN; study_2_LOD_vs_CN; study_4_LOD_vs_CN; study_5_LOD_vs_CN; study_6_LOD_vs_CN; study_7_LOD_vs_CN",5,"study_1; study_11; study_4; study_6; study_7",5.85755901202582e-07
"PLXDC2",0.0622636624840197,0.0376934120956566,0.0868339128723828,5.35292512740833,8.65436655003695e-08,0.754174866642462,0.0639131889202426,0.0491025253714563,0.0934058470378927,9,1731,"study_1_LOD_vs_CN; study_10_LOD_vs_CN; study_11_LOD_vs_CN; study_2_LOD_vs_CN; study_3_Soma_LOD_vs_CN; study_4_LOD_vs_CN; study_5_LOD_vs_CN; study_6_LOD_vs_CN; study_7_LOD_vs_CN",5,"study_1; study_11; study_4; study_6; study_7",6.16222951572075e-07
"LAMP5",0.0656530738461224,0.035520486424287,0.0957856612679577,5.33623088429526,9.48985486522324e-08,0.655256776662793,0.065804612292115,0.0464504779049653,0.080792398972703,7,1298,"study_1_LOD_vs_CN; study_11_LOD_vs_CN; study_2_LOD_vs_CN; study_4_LOD_vs_CN; study_5_LOD_vs_CN; study_6_LOD_vs_CN; study_7_LOD_vs_CN",5,"study_1; study_11; study_4; study_6; study_7",6.69513613885933e-07
"CALM3",0.143568123190643,0.0827035199523004,0.204432726428986,5.32234249190131,1.0243947118804e-07,0.903814291133922,NA,NA,NA,2,222,"study_5_LOD_vs_CN; study_7_LOD_vs_CN",2,"study_5; study_7",3.14694055489658e-06
"SPON2",-0.0579381298048202,-0.0797397196352923,-0.0361365399743481,-5.31673246572504,1.05647224832147e-07,0.633651478100753,-0.0578652740404321,-0.0742002921247327,-0.0457455566331076,11,2393,"study_1_LOD_vs_CN; study_11_LOD_vs_CN; study_2_LOD_vs_CN; study_3_Olink_LOD_vs_CN; study_3_Soma_LOD_vs_CN; study_4_LOD_vs_CN; study_5_LOD_vs_CN; study_6_LOD_vs_CN; study_7_LOD_vs_CN; study_8_LOD_vs_CN; study_9_LOD_vs_CN",6,"study_1; study_11; study_4; study_6; study_7; study_8",9.42021088086641e-07
"NPTX1",-0.0911942028505977,-0.118786168045338,-0.0636022376558572,-5.31524292559128,1.06515129476115e-07,0.930722792402258,-0.0912107871924883,-0.111790249705839,-0.0707015095089206,9,1732,"study_1_LOD_vs_CN; study_10_LOD_vs_CN; study_11_LOD_vs_CN; study_2_LOD_vs_CN; study_3_Soma_LOD_vs_CN; study_4_LOD_vs_CN; study_5_LOD_vs_CN; study_6_LOD_vs_CN; study_7_LOD_vs_CN",5,"study_1; study_11; study_4; study_6; study_7",7.44637586973928e-07
"BLMH",0.0799565781196203,0.0452147202835578,0.114698435955683,5.30596102008951,1.12080909026604e-07,0.829909754256544,0.0793217097087193,0.0322818856420681,0.10959947632374,10,2298,"study_1_LOD_vs_CN; study_11_LOD_vs_CN; study_2_LOD_vs_CN; study_3_Olink_LOD_vs_CN; study_4_LOD_vs_CN; study_5_LOD_vs_CN; study_6_LOD_vs_CN; study_7_LOD_vs_CN; study_8_LOD_vs_CN; study_9_LOD_vs_CN",6,"study_1; study_11; study_4; study_6; study_7; study_8",9.59412581267732e-07
"ADGRB2",-0.100555683029277,-0.134600421192398,-0.066510944866156,-5.29813422650315,1.16991954408775e-07,0.87835906045619,-0.10066522868158,-0.131678987168776,-0.0754782122550029,9,1667,"study_1_LOD_vs_CN; study_10_LOD_vs_CN; study_11_LOD_vs_CN; study_2_LOD_vs_CN; study_3_Soma_LOD_vs_CN; study_4_LOD_vs_CN; study_5_LOD_vs_CN; study_6_LOD_vs_CN; study_7_LOD_vs_CN",5,"study_1; study_11; study_4; study_6; study_7",8.10511828291426e-07
"NPDC1",-0.047966161618381,-0.0681635941782247,-0.0277687290585373,-5.27705812643303,1.31274256350209e-07,0.520400396227081,-0.0480255302116,-0.0572747092885084,-0.039146156864153,11,2350,"study_1_LOD_vs_CN; study_11_LOD_vs_CN; study_2_LOD_vs_CN; study_3_Olink_LOD_vs_CN; study_3_Soma_LOD_vs_CN; study_4_LOD_vs_CN; study_5_LOD_vs_CN; study_6_LOD_vs_CN; study_7_LOD_vs_CN; study_8_LOD_vs_CN; study_9_LOD_vs_CN",6,"study_1; study_11; study_4; study_6; study_7; study_8",1.08048810995941e-06
"PTPRT",-0.0601423550239421,-0.0863044346463968,-0.0339802754014875,-5.25562904110019,1.475193741558e-07,0.243656655713434,-0.0604574071500863,-0.0769337514491948,-0.0524183770967067,7,1345,"study_1_LOD_vs_CN; study_11_LOD_vs_CN; study_2_LOD_vs_CN; study_4_LOD_vs_CN; study_5_LOD_vs_CN; study_6_LOD_vs_CN; study_7_LOD_vs_CN",5,"study_1; study_11; study_4; study_6; study_7",1.01287856005187e-06
"WDR1",0.0860324041367584,0.0556139249646355,0.116450883308881,5.23987879803267,1.60682095554748e-07,0.715700499831749,0.0864587776480985,0.0726766464397062,0.0954141093110714,7,1345,"study_1_LOD_vs_CN; study_11_LOD_vs_CN; study_2_LOD_vs_CN; study_4_LOD_vs_CN; study_5_LOD_vs_CN; study_6_LOD_vs_CN; study_7_LOD_vs_CN",5,"study_1; study_11; study_4; study_6; study_7",1.09349142904072e-06
"KYAT1",0.21763758796251,0.135698937846468,0.299576238078551,5.22558108593963,1.73609017512166e-07,0.787557930236179,NA,NA,NA,4,959,"study_2_LOD_vs_CN; study_3_Olink_LOD_vs_CN; study_8_LOD_vs_CN; study_9_LOD_vs_CN",2,"study_2; study_8",5.02889106699697e-06
"PPP1R2",0.239917009849578,0.152058869878714,0.327775149820443,5.22221351080088,1.76796951574112e-07,0.321274181426895,NA,NA,NA,4,956,"study_3_Olink_LOD_vs_CN; study_3_Soma_LOD_vs_CN; study_8_LOD_vs_CN; study_9_LOD_vs_CN",2,"study_3_Soma; study_8",5.02889106699697e-06
"MINPP1",-0.0305396524387586,-0.0426756164162368,-0.0184036884612804,-5.21678144950957,1.82058856798575e-07,0,-0.0307633328596845,-0.0341429856939353,-0.0264869762899221,8,1457,"study_1_LOD_vs_CN; study_11_LOD_vs_CN; study_2_LOD_vs_CN; study_3_Soma_LOD_vs_CN; study_4_LOD_vs_CN; study_5_LOD_vs_CN; study_6_LOD_vs_CN; study_7_LOD_vs_CN",5,"study_1; study_11; study_4; study_6; study_7",1.22809877963249e-06
"PLAUR",0.111907292193352,0.0729657315743789,0.150848852812326,5.21349307019699,1.85317456366179e-07,0.93887529912662,0.112704789043464,0.0556174457946591,0.171944639841878,9,2033,"study_1_LOD_vs_CN; study_11_LOD_vs_CN; study_2_LOD_vs_CN; study_3_Olink_LOD_vs_CN; study_3_Soma_LOD_vs_CN; study_5_LOD_vs_CN; study_6_LOD_vs_CN; study_8_LOD_vs_CN; study_9_LOD_vs_CN",4,"study_1; study_11; study_6; study_8",1.3091781594901e-06
"PIGR",0.105773309890363,0.0704803566271101,0.141066263153616,5.20866852814965,1.90200549420977e-07,0.831099894750391,0.108618991346853,0.0815842657198071,0.151484264133772,9,1485,"study_1_LOD_vs_CN; study_11_LOD_vs_CN; study_2_LOD_vs_CN; study_3_Olink_LOD_vs_CN; study_3_Soma_LOD_vs_CN; study_4_LOD_vs_CN; study_5_LOD_vs_CN; study_6_LOD_vs_CN; study_7_LOD_vs_CN",5,"study_1; study_11; study_4; study_6; study_7",1.27186280438897e-06
"SH3BGRL2",0.200831152256642,0.123736669809589,0.277925634703696,5.20537129039106,1.93609102695471e-07,0,NA,NA,NA,3,379,"study_11_LOD_vs_CN; study_2_LOD_vs_CN; study_3_Soma_LOD_vs_CN",2,"study_11; study_2",5.25746861474044e-06
"PLEC",0.161008033822038,0.0885817880235008,0.233434279620575,5.20071417268937,1.98524205504522e-07,0.853020914963044,NA,NA,NA,3,879,"study_1_LOD_vs_CN; study_11_LOD_vs_CN; study_2_LOD_vs_CN",2,"study_1; study_11",5.25746861474044e-06
"NHERF1",0.0780415578919158,0.0497579951408494,0.106325120642982,5.19875177588776,2.00631233592194e-07,0.788730211981494,0.079399242041076,0.0650023859211339,0.0851898006126861,7,1180,"study_1_LOD_vs_CN; study_11_LOD_vs_CN; study_2_LOD_vs_CN; study_3_Soma_LOD_vs_CN; study_5_LOD_vs_CN; study_6_LOD_vs_CN; study_7_LOD_vs_CN",4,"study_1; study_11; study_6; study_7",1.39486476687906e-06
"CHRD",-0.036064478942699,-0.0494133998938349,-0.0227155579915631,-5.1958147062155,2.03825202723296e-07,0.648822093258326,-0.0359706458177625,-0.0439897837336716,-0.0313985155221512,8,1466,"study_1_LOD_vs_CN; study_11_LOD_vs_CN; study_2_LOD_vs_CN; study_3_Soma_LOD_vs_CN; study_4_LOD_vs_CN; study_5_LOD_vs_CN; study_6_LOD_vs_CN; study_7_LOD_vs_CN",5,"study_1; study_11; study_4; study_6; study_7",1.35122052495013e-06
"GSTO1",0.0955064942256537,0.0580945527551506,0.132918435696157,5.19267761579881,2.07290952584902e-07,0.866963323616044,0.0963605488452303,0.0752531045713601,0.115637280030735,8,1459,"study_1_LOD_vs_CN; study_11_LOD_vs_CN; study_2_LOD_vs_CN; study_3_Soma_LOD_vs_CN; study_4_LOD_vs_CN; study_5_LOD_vs_CN; study_6_LOD_vs_CN; study_7_LOD_vs_CN",5,"study_1; study_11; study_4; study_6; study_7",1.36245079092128e-06
"TAGLN",0.123178013973806,0.0839551490770317,0.162400878870581,5.1744567035689,2.28575104274273e-07,0.895925955137446,0.124346812113816,0.0865751630061996,0.14470286218916,9,1717,"study_1_LOD_vs_CN; study_10_LOD_vs_CN; study_11_LOD_vs_CN; study_2_LOD_vs_CN; study_3_Soma_LOD_vs_CN; study_4_LOD_vs_CN; study_5_LOD_vs_CN; study_6_LOD_vs_CN; study_7_LOD_vs_CN",5,"study_1; study_11; study_4; study_6; study_7",1.48961233209251e-06
"CX3CL1",-0.0986513943353666,-0.140441797675762,-0.0568609909949712,-5.16647431897368,2.38550961656466e-07,0.892607012737992,-0.100651830266636,-0.175828447090299,-0.0574416658684428,8,2055,"study_1_LOD_vs_CN; study_11_LOD_vs_CN; study_2_LOD_vs_CN; study_3_Olink_LOD_vs_CN; study_5_LOD_vs_CN; study_6_LOD_vs_CN; study_8_LOD_vs_CN; study_9_LOD_vs_CN",4,"study_1; study_11; study_6; study_8",1.61572064750225e-06
"TNC",0.071664798634173,0.0467247457826694,0.0966048514856765,5.1655164836104,2.39775895177274e-07,0.769840017970585,0.0741114678850338,0.0515286559788188,0.0854133415900664,8,1287,"study_1_LOD_vs_CN; study_11_LOD_vs_CN; study_2_LOD_vs_CN; study_3_Olink_LOD_vs_CN; study_3_Soma_LOD_vs_CN; study_4_LOD_vs_CN; study_5_LOD_vs_CN; study_6_LOD_vs_CN",4,"study_1; study_11; study_4; study_6",1.61572064750225e-06
"ADAM11",-0.0590527362475841,-0.0792880433924087,-0.0388174291027595,-5.16244531686444,2.43744590713116e-07,0.843319812882003,-0.0600496424426964,-0.0705700976090623,-0.0456466818816326,8,1466,"study_1_LOD_vs_CN; study_11_LOD_vs_CN; study_2_LOD_vs_CN; study_3_Soma_LOD_vs_CN; study_4_LOD_vs_CN; study_5_LOD_vs_CN; study_6_LOD_vs_CN; study_7_LOD_vs_CN",5,"study_1; study_11; study_4; study_6; study_7",1.57512260721333e-06
"NIF3L1",0.0667356660425594,0.0407792099545503,0.0926921221305685,5.15590609715327,2.52407370890049e-07,0.510244519048199,0.0682716281954365,0.0485823903401658,0.09444689716857,7,1256,"study_1_LOD_vs_CN; study_11_LOD_vs_CN; study_2_LOD_vs_CN; study_3_Soma_LOD_vs_CN; study_5_LOD_vs_CN; study_6_LOD_vs_CN; study_7_LOD_vs_CN",4,"study_1; study_11; study_6; study_7",1.67506709772487e-06
"MDGA2",-0.0530555452072647,-0.0744864764793017,-0.0316246139352277,-5.1490957307496,2.61745273492418e-07,0.611279569350277,-0.0527349098284233,-0.0720104318996835,-0.0373923096619761,6,1176,"study_1_LOD_vs_CN; study_11_LOD_vs_CN; study_2_LOD_vs_CN; study_3_Soma_LOD_vs_CN; study_5_LOD_vs_CN; study_6_LOD_vs_CN",3,"study_1; study_11; study_6",6.05285944951218e-06
"PCP4L1",0.13718585622909,0.0730436918765822,0.201328020581598,5.14128858298765,2.72860572240858e-07,0.785706480788215,0.131884298347249,0.0982256267987764,0.167451051900404,5,670,"study_1_LOD_vs_CN; study_11_LOD_vs_CN; study_2_LOD_vs_CN; study_3_Soma_LOD_vs_CN; study_6_LOD_vs_CN",3,"study_1; study_11; study_6",6.05750470374704e-06
"SELENBP1",-0.070491290935009,-0.0967068396720891,-0.0442757421979288,-5.13825295233052,2.77304445670388e-07,0.764018995089,-0.0704112397661937,-0.0820393024483506,-0.0517890438014603,8,1704,"study_1_LOD_vs_CN; study_10_LOD_vs_CN; study_11_LOD_vs_CN; study_2_LOD_vs_CN; study_4_LOD_vs_CN; study_5_LOD_vs_CN; study_6_LOD_vs_CN; study_7_LOD_vs_CN",5,"study_1; study_11; study_4; study_6; study_7",1.77705932267107e-06
"CPLX2",0.0657741279023577,0.0367225133759661,0.0948257424287494,5.11494138977923,3.13838389201454e-07,0.905896596206564,0.0672828920664875,0.0186001023036273,0.116065237417967,7,1289,"study_1_LOD_vs_CN; study_11_LOD_vs_CN; study_2_LOD_vs_CN; study_3_Soma_LOD_vs_CN; study_5_LOD_vs_CN; study_6_LOD_vs_CN; study_7_LOD_vs_CN",4,"study_1; study_11; study_6; study_7",2.05165991746622e-06
"VSTM2B",-0.080766439842041,-0.108658977290015,-0.0528739023940674,-5.11490086858814,3.13905768323125e-07,0.876339714582413,-0.0806738963245969,-0.104593687799224,-0.0623241847124024,8,1705,"study_1_LOD_vs_CN; study_10_LOD_vs_CN; study_11_LOD_vs_CN; study_2_LOD_vs_CN; study_4_LOD_vs_CN; study_5_LOD_vs_CN; study_6_LOD_vs_CN; study_7_LOD_vs_CN",5,"study_1; study_11; study_4; study_6; study_7",1.99498789950812e-06
"FTL",0.0901852293994425,0.0580961248103452,0.12227433398854,5.09145620087224,3.55323958091653e-07,0.84092154863126,0.0889569466977882,0.0663465649100518,0.104084301894152,7,1235,"study_1_LOD_vs_CN; study_11_LOD_vs_CN; study_2_LOD_vs_CN; study_3_Soma_LOD_vs_CN; study_5_LOD_vs_CN; study_6_LOD_vs_CN; study_7_LOD_vs_CN",4,"study_1; study_11; study_6; study_7",2.28870431829623e-06
"SERPINE2",0.080219383430762,0.0470679228376695,0.113370844023854,5.0856023156857,3.66461207773528e-07,0.393167296328381,0.0802147310753444,0.0679644331755771,0.0933855751415205,8,1478,"study_1_LOD_vs_CN; study_11_LOD_vs_CN; study_2_LOD_vs_CN; study_3_Soma_LOD_vs_CN; study_4_LOD_vs_CN; study_5_LOD_vs_CN; study_6_LOD_vs_CN; study_7_LOD_vs_CN",5,"study_1; study_11; study_4; study_6; study_7",2.30990712112986e-06
"THBS4",0.068939569634908,0.0394457430471968,0.0984333962226192,5.0576131642604,4.24536506853456e-07,0.757392426803094,0.0686885695669501,0.0402593424844533,0.0824111763880621,11,2403,"study_1_LOD_vs_CN; study_11_LOD_vs_CN; study_2_LOD_vs_CN; study_3_Olink_LOD_vs_CN; study_3_Soma_LOD_vs_CN; study_4_LOD_vs_CN; study_5_LOD_vs_CN; study_6_LOD_vs_CN; study_7_LOD_vs_CN; study_8_LOD_vs_CN; study_9_LOD_vs_CN",6,"study_1; study_11; study_4; study_6; study_7; study_8",3.36484490617184e-06
"TAFA1",-0.073217571833352,-0.0990903614589032,-0.0473447822078008,-5.05178494458994,4.37700354612261e-07,0.925802617454587,-0.0717698801822257,-0.117954973227925,-0.0418440749317966,6,1035,"study_1_LOD_vs_CN; study_11_LOD_vs_CN; study_2_LOD_vs_CN; study_3_Soma_LOD_vs_CN; study_5_LOD_vs_CN; study_6_LOD_vs_CN",3,"study_1; study_11; study_6",9.34321910806942e-06
"MRC2",-0.0419570946130238,-0.058853267340418,-0.0250609218856295,-5.02767831445725,4.96453774927379e-07,0.714429478456624,-0.0425729678945591,-0.0581080850406047,-0.0310965038489898,9,1483,"study_1_LOD_vs_CN; study_11_LOD_vs_CN; study_2_LOD_vs_CN; study_3_Olink_LOD_vs_CN; study_3_Soma_LOD_vs_CN; study_4_LOD_vs_CN; study_5_LOD_vs_CN; study_6_LOD_vs_CN; study_7_LOD_vs_CN",5,"study_1; study_11; study_4; study_6; study_7",3.10297743501924e-06
"PCP4",0.0502707322478493,0.0252473045619403,0.0752941599337583,5.02617854899233,5.00350067545365e-07,0.627740129666027,0.0490652497612547,0.032169105422527,0.0631965126673544,7,1385,"study_1_LOD_vs_CN; study_11_LOD_vs_CN; study_2_LOD_vs_CN; study_4_LOD_vs_CN; study_5_LOD_vs_CN; study_6_LOD_vs_CN; study_7_LOD_vs_CN",5,"study_1; study_11; study_4; study_6; study_7",3.10297743501924e-06
"BIN1",0.119521609580147,0.0707883661497206,0.168254853010573,5.01793802042942,5.22290200533737e-07,0,0.118997184263636,0.100898596246739,0.129728303071483,6,1055,"study_1_LOD_vs_CN; study_11_LOD_vs_CN; study_2_LOD_vs_CN; study_3_Soma_LOD_vs_CN; study_5_LOD_vs_CN; study_6_LOD_vs_CN",3,"study_1; study_11; study_6",1.07359652331935e-05
"MANEAL",-0.0709861801949327,-0.129048661946882,-0.0129236984429831,-5.01136901566955,5.40441642522799e-07,0.611665752371076,-0.0726151136106723,-0.0981340174386154,-0.0547916100230086,6,1271,"study_1_LOD_vs_CN; study_11_LOD_vs_CN; study_2_LOD_vs_CN; study_5_LOD_vs_CN; study_6_LOD_vs_CN; study_7_LOD_vs_CN",4,"study_1; study_11; study_6; study_7",3.43062955688385e-06
"DNM1",0.0671405216132418,0.0334368708669751,0.100844172359508,5.00559987325503,5.56883293873994e-07,0.941753516058365,NA,NA,NA,5,1075,"study_1_LOD_vs_CN; study_11_LOD_vs_CN; study_2_LOD_vs_CN; study_3_Soma_LOD_vs_CN; study_5_LOD_vs_CN",2,"study_1; study_11",1.42562123231742e-05
"IGFBP1",0.169044816973572,0.105818508249461,0.232271125697683,4.96510441974401,6.86641156998528e-07,0.787019199895657,0.173113414701356,0.0807149967750761,0.267760511237511,5,936,"study_11_LOD_vs_CN; study_2_LOD_vs_CN; study_3_Olink_LOD_vs_CN; study_3_Soma_LOD_vs_CN; study_9_LOD_vs_CN",3,"study_11; study_2; study_9",1.36102086476494e-05
"LAMP1",0.0498530046628357,0.0296152909193462,0.0700907184063252,4.95013545684254,7.41618464780615e-07,0.775844038537855,0.0513291308831929,0.0384916547482534,0.068714797248692,9,1731,"study_1_LOD_vs_CN; study_10_LOD_vs_CN; study_11_LOD_vs_CN; study_2_LOD_vs_CN; study_3_Soma_LOD_vs_CN; study_4_LOD_vs_CN; study_5_LOD_vs_CN; study_6_LOD_vs_CN; study_7_LOD_vs_CN",5,"study_1; study_11; study_4; study_6; study_7",4.56243679533034e-06
"C1QTNF4",-0.0518544776777188,-0.070937972205835,-0.0327709831496027,-4.94515512516652,7.60832538144981e-07,0.813210970249411,-0.0518321091322685,-0.0645481535160126,-0.0408047132713986,8,1455,"study_1_LOD_vs_CN; study_11_LOD_vs_CN; study_2_LOD_vs_CN; study_3_Soma_LOD_vs_CN; study_4_LOD_vs_CN; study_5_LOD_vs_CN; study_6_LOD_vs_CN; study_7_LOD_vs_CN",5,"study_1; study_11; study_4; study_6; study_7",4.64349382407532e-06
"ADGRL3",-0.043192028825101,-0.0593518468230699,-0.0270322108271321,-4.93957705063981,7.82922028671479e-07,0.796577222215651,-0.0428431140105763,-0.0520546716599959,-0.0355273962011733,8,1481,"study_1_LOD_vs_CN; study_11_LOD_vs_CN; study_2_LOD_vs_CN; study_3_Soma_LOD_vs_CN; study_4_LOD_vs_CN; study_5_LOD_vs_CN; study_6_LOD_vs_CN; study_7_LOD_vs_CN",5,"study_1; study_11; study_4; study_6; study_7",4.74068535471155e-06
"CCK",-0.104561269466284,-0.143725689775301,-0.0653968491572684,-4.9134499098305,8.94876030662009e-07,0.774782867583734,-0.106670675367866,-0.145464436490186,-0.0824569778169518,7,1291,"study_1_LOD_vs_CN; study_11_LOD_vs_CN; study_2_LOD_vs_CN; study_3_Soma_LOD_vs_CN; study_4_LOD_vs_CN; study_5_LOD_vs_CN; study_6_LOD_vs_CN",4,"study_1; study_11; study_4; study_6",5.56126132276731e-06
"CAMK2G",0.0641764983579965,0.0369471649892864,0.0914058317267067,4.91200816062695,9.01482999809312e-07,0.664919082839685,0.0650186300007795,0.0382435663847784,0.0918909065079713,6,1325,"study_1_LOD_vs_CN; study_11_LOD_vs_CN; study_2_LOD_vs_CN; study_5_LOD_vs_CN; study_6_LOD_vs_CN; study_7_LOD_vs_CN",4,"study_1; study_11; study_6; study_7",5.56126132276731e-06
"NAXE",0.0473477187586062,0.026216824686788,0.0684786128304244,4.91039649289622,9.08924236529099e-07,0.593400779076873,0.0473398973113473,0.0307235515042574,0.0591855752992903,8,1458,"study_1_LOD_vs_CN; study_11_LOD_vs_CN; study_2_LOD_vs_CN; study_3_Soma_LOD_vs_CN; study_4_LOD_vs_CN; study_5_LOD_vs_CN; study_6_LOD_vs_CN; study_7_LOD_vs_CN",5,"study_1; study_11; study_4; study_6; study_7",5.46064638977248e-06
"ECM1",-0.05717463011037,-0.0785398107460001,-0.0358094494747399,-4.90529455800843,9.32872366764845e-07,0.823372377470933,-0.0564815101323266,-0.0684904570833557,-0.0465838319964491,9,1729,"study_1_LOD_vs_CN; study_10_LOD_vs_CN; study_11_LOD_vs_CN; study_2_LOD_vs_CN; study_3_Soma_LOD_vs_CN; study_4_LOD_vs_CN; study_5_LOD_vs_CN; study_6_LOD_vs_CN; study_7_LOD_vs_CN",5,"study_1; study_11; study_4; study_6; study_7",5.56107635691601e-06
"IGF2R",0.0619335181665455,0.0350322744363959,0.088834761896695,4.8872425553087,1.02258080701594e-06,0.954564414200199,0.0616344450189251,0.0217668213634499,0.0857924982949428,11,2392,"study_1_LOD_vs_CN; study_11_LOD_vs_CN; study_2_LOD_vs_CN; study_3_Olink_LOD_vs_CN; study_3_Soma_LOD_vs_CN; study_4_LOD_vs_CN; study_5_LOD_vs_CN; study_6_LOD_vs_CN; study_7_LOD_vs_CN; study_8_LOD_vs_CN; study_9_LOD_vs_CN",6,"study_1; study_11; study_4; study_6; study_7; study_8",7.81543902505039e-06
"ACTB",0.0805419130123764,0.0494447911264854,0.111639034898267,4.87795365579922,1.07192101231404e-06,0.679917988055207,0.0794852065913663,0.0477837166026238,0.10947331688377,7,1589,"study_1_LOD_vs_CN; study_10_LOD_vs_CN; study_11_LOD_vs_CN; study_2_LOD_vs_CN; study_4_LOD_vs_CN; study_5_LOD_vs_CN; study_7_LOD_vs_CN",4,"study_1; study_11; study_4; study_7",6.52085282491041e-06
"CD44",0.0626948877990278,0.0419084110319079,0.0834813645661477,4.86095133081818,1.16822975034141e-06,0.910423817171839,0.0640368827398192,0.0403163275158654,0.077825938608972,8,1705,"study_1_LOD_vs_CN; study_10_LOD_vs_CN; study_11_LOD_vs_CN; study_2_LOD_vs_CN; study_4_LOD_vs_CN; study_5_LOD_vs_CN; study_6_LOD_vs_CN; study_7_LOD_vs_CN",5,"study_1; study_11; study_4; study_6; study_7",6.91052829240417e-06
"SFRP1",0.0825452510160034,0.0476024313800419,0.117488070651965,4.85374018099983,1.21154447663991e-06,0.329995538206717,0.0816048756175975,0.0780141043909557,0.0916874782777214,8,1145,"study_1_LOD_vs_CN; study_11_LOD_vs_CN; study_2_LOD_vs_CN; study_3_Olink_LOD_vs_CN; study_3_Soma_LOD_vs_CN; study_4_LOD_vs_CN; study_5_LOD_vs_CN; study_6_LOD_vs_CN",4,"study_1; study_11; study_4; study_6",7.26926685983943e-06
"TPPP3",0.0737918128651787,0.0454037653655373,0.10217986036482,4.83463618246254,1.33389363418085e-06,0.599730950521558,0.0752169190664229,0.0597429765466639,0.0861416109906262,8,1229,"study_1_LOD_vs_CN; study_11_LOD_vs_CN; study_2_LOD_vs_CN; study_3_Soma_LOD_vs_CN; study_4_LOD_vs_CN; study_5_LOD_vs_CN; study_6_LOD_vs_CN; study_7_LOD_vs_CN",5,"study_1; study_11; study_4; study_6; study_7",7.83026110446619e-06
"CD200",-0.0611188260595022,-0.0897810122225551,-0.0324566398964492,-4.82207506669595,1.42072456153769e-06,0.882381615298014,-0.0607635973552386,-0.0747843998633339,-0.0436488980863538,11,2407,"study_1_LOD_vs_CN; study_11_LOD_vs_CN; study_2_LOD_vs_CN; study_3_Olink_LOD_vs_CN; study_3_Soma_LOD_vs_CN; study_4_LOD_vs_CN; study_5_LOD_vs_CN; study_6_LOD_vs_CN; study_7_LOD_vs_CN; study_8_LOD_vs_CN; study_9_LOD_vs_CN",6,"study_1; study_11; study_4; study_6; study_7; study_8",1.04839674541057e-05
"EPHA7",-0.0538286743548912,-0.0934934521759268,-0.0141638965338557,-4.81376829647386,1.48110524682958e-06,0.198159955082473,-0.0547274230334649,-0.0641113854630931,-0.0393732589272396,8,1437,"study_1_LOD_vs_CN; study_11_LOD_vs_CN; study_2_LOD_vs_CN; study_3_Soma_LOD_vs_CN; study_4_LOD_vs_CN; study_5_LOD_vs_CN; study_6_LOD_vs_CN; study_7_LOD_vs_CN",5,"study_1; study_11; study_4; study_6; study_7",8.6285601122117e-06
"GPNMB",0.099116903496711,0.0652354428291175,0.132998364164305,4.81061313100732,1.50468007650506e-06,0.90901816540129,0.0994307661832074,0.0588676601853332,0.136823384625959,11,2334,"study_1_LOD_vs_CN; study_11_LOD_vs_CN; study_2_LOD_vs_CN; study_3_Olink_LOD_vs_CN; study_3_Soma_LOD_vs_CN; study_4_LOD_vs_CN; study_5_LOD_vs_CN; study_6_LOD_vs_CN; study_7_LOD_vs_CN; study_8_LOD_vs_CN; study_9_LOD_vs_CN",6,"study_1; study_11; study_4; study_6; study_7; study_8",1.07333845457361e-05
"HTRA1",0.0377961328001662,0.0218807804838883,0.0537114851164441,4.80923282610532,1.51510652654903e-06,0.595307815064904,0.0376570035517656,0.0324148977869282,0.048029900606764,9,1626,"study_1_LOD_vs_CN; study_10_LOD_vs_CN; study_11_LOD_vs_CN; study_2_LOD_vs_CN; study_3_Soma_LOD_vs_CN; study_4_LOD_vs_CN; study_5_LOD_vs_CN; study_6_LOD_vs_CN; study_7_LOD_vs_CN",5,"study_1; study_11; study_4; study_6; study_7",8.76027758583613e-06
"LRP1",0.0348496459384748,0.021128327196308,0.0485709646806417,4.76492123416037,1.88927436994037e-06,0.61727877042939,0.0357248146277221,0.0260406906547571,0.0431630545456763,9,1324,"study_10_LOD_vs_CN; study_11_LOD_vs_CN; study_2_LOD_vs_CN; study_3_Olink_LOD_vs_CN; study_3_Soma_LOD_vs_CN; study_4_LOD_vs_CN; study_5_LOD_vs_CN; study_6_LOD_vs_CN; study_7_LOD_vs_CN",5,"study_11; study_2; study_4; study_6; study_7",1.08421790334637e-05
"PRKAR1B",0.0722003685660014,0.0380854478342083,0.106315289297794,4.7630800952071,1.90660118802563e-06,0.34374614641225,0.0744732252633962,0.0523143672075922,0.103005208204071,7,1185,"study_1_LOD_vs_CN; study_11_LOD_vs_CN; study_2_LOD_vs_CN; study_3_Soma_LOD_vs_CN; study_5_LOD_vs_CN; study_6_LOD_vs_CN; study_7_LOD_vs_CN",4,"study_1; study_11; study_6; study_7",1.12850178426382e-05
"C11orf87",-0.109706807973647,-0.149354208155899,-0.0700594077913951,-4.76190595792666,1.91773052046714e-06,0.903648636987839,-0.111953029788614,-0.152864017605983,-0.0779308158806879,8,1406,"study_1_LOD_vs_CN; study_11_LOD_vs_CN; study_2_LOD_vs_CN; study_3_Soma_LOD_vs_CN; study_4_LOD_vs_CN; study_5_LOD_vs_CN; study_6_LOD_vs_CN; study_7_LOD_vs_CN",5,"study_1; study_11; study_4; study_6; study_7",1.09239612610314e-05
"IGSF21",-0.0595302874217193,-0.0803536793128401,-0.0387068955305986,-4.75749965639642,1.96005590442183e-06,0.904261448609391,-0.059812318729178,-0.0768598641478577,-0.0475142028071827,7,1433,"study_1_LOD_vs_CN; study_11_LOD_vs_CN; study_2_LOD_vs_CN; study_4_LOD_vs_CN; study_5_LOD_vs_CN; study_6_LOD_vs_CN; study_7_LOD_vs_CN",5,"study_1; study_11; study_4; study_6; study_7",1.1082963165444e-05
"CD84",0.0603513184254872,0.0372568330563155,0.0834458037946588,4.75197314518211,2.01441132347823e-06,0.733789728596902,0.0610631465041378,0.0487453543751874,0.0779255884145823,10,2153,"study_1_LOD_vs_CN; study_11_LOD_vs_CN; study_2_LOD_vs_CN; study_3_Olink_LOD_vs_CN; study_3_Soma_LOD_vs_CN; study_5_LOD_vs_CN; study_6_LOD_vs_CN; study_7_LOD_vs_CN; study_8_LOD_vs_CN; study_9_LOD_vs_CN",5,"study_1; study_11; study_6; study_7; study_8",1.13071701295968e-05
"NECAB2",0.219638974978568,0.120488744600446,0.318789205356691,4.74892048631692,2.04505321493381e-06,0.379592349374494,NA,NA,NA,2,374,"study_11_LOD_vs_CN; study_2_LOD_vs_CN",2,"study_11; study_2",5.06645441635214e-05
"LY6H",-0.0908036423143264,-0.125147616444003,-0.0564596681846499,-4.74870164028786,2.04726705618796e-06,0.804694685100268,-0.0892685232776128,-0.112523651864871,-0.0543040836910281,8,1704,"study_1_LOD_vs_CN; study_10_LOD_vs_CN; study_11_LOD_vs_CN; study_2_LOD_vs_CN; study_4_LOD_vs_CN; study_5_LOD_vs_CN; study_6_LOD_vs_CN; study_7_LOD_vs_CN",5,"study_1; study_11; study_4; study_6; study_7",1.14083214942648e-05
"RDX",0.0682618697960383,0.0405154719469083,0.0960082676451682,4.74338704670362,2.10174155198326e-06,0.760579797711837,0.0687608783702797,0.0568721220778959,0.0792899946014468,7,1266,"study_1_LOD_vs_CN; study_11_LOD_vs_CN; study_2_LOD_vs_CN; study_3_Soma_LOD_vs_CN; study_5_LOD_vs_CN; study_6_LOD_vs_CN; study_7_LOD_vs_CN",4,"study_1; study_11; study_6; study_7",1.22741706635822e-05
"ACYP2",0.0493999484006854,0.0264068661583847,0.0723930306429862,4.7341235444916,2.20003695187842e-06,0.875357689635655,0.0502855869087174,0.0181384451322536,0.0863555526663622,9,1588,"study_1_LOD_vs_CN; study_10_LOD_vs_CN; study_11_LOD_vs_CN; study_2_LOD_vs_CN; study_3_Soma_LOD_vs_CN; study_4_LOD_vs_CN; study_5_LOD_vs_CN; study_6_LOD_vs_CN; study_7_LOD_vs_CN",5,"study_1; study_11; study_4; study_6; study_7",1.21714274531979e-05
"TALDO1",0.0634588283209208,0.0372479836854426,0.0896696729563989,4.72595812257338,2.29032849807282e-06,0.754499665422237,0.0641279889702091,0.0502281769321124,0.0728972901211234,9,1610,"study_1_LOD_vs_CN; study_10_LOD_vs_CN; study_11_LOD_vs_CN; study_2_LOD_vs_CN; study_3_Soma_LOD_vs_CN; study_4_LOD_vs_CN; study_5_LOD_vs_CN; study_6_LOD_vs_CN; study_7_LOD_vs_CN",5,"study_1; study_11; study_4; study_6; study_7",1.25596344012843e-05
"NUDT5",0.115452899724556,0.0736628934545961,0.157242905994516,4.72484831341607,2.3028718473096e-06,0.916155935367949,0.115418065889788,0.0491590092653239,0.152341647516766,10,2193,"study_1_LOD_vs_CN; study_11_LOD_vs_CN; study_2_LOD_vs_CN; study_3_Olink_LOD_vs_CN; study_3_Soma_LOD_vs_CN; study_5_LOD_vs_CN; study_6_LOD_vs_CN; study_7_LOD_vs_CN; study_8_LOD_vs_CN; study_9_LOD_vs_CN",5,"study_1; study_11; study_6; study_7; study_8",1.25596344012843e-05
"GLUL",0.12305715843738,0.0731315818996286,0.172982734975132,4.72384557451145,2.31426176140907e-06,0.227304707454777,NA,NA,NA,4,861,"study_1_LOD_vs_CN; study_11_LOD_vs_CN; study_2_LOD_vs_CN; study_3_Soma_LOD_vs_CN",2,"study_1; study_11",5.55422822738177e-05
"MAP2",0.179252479129956,0.106910493839955,0.251594464419957,4.71358750208889,2.43393134917078e-06,0.549403730729529,NA,NA,NA,3,615,"study_1_LOD_vs_CN; study_11_LOD_vs_CN; study_2_LOD_vs_CN",2,"study_1; study_11",5.66442204897928e-05
"HPCAL1",0.105068612527515,0.0625062454655811,0.147630979589449,4.71199646644457,2.45301634469767e-06,0,0.107248100475963,0.100961812477572,0.113006826904601,4,633,"study_11_LOD_vs_CN; study_2_LOD_vs_CN; study_3_Soma_LOD_vs_CN; study_6_LOD_vs_CN",3,"study_11; study_2; study_6",4.69456576312831e-05
"ADIRF",0.0852553751351274,0.0529150040089139,0.117595746261341,4.7058896019389,2.52761282501419e-06,0.737158333978708,0.0898005408293177,0.0677590393173382,0.133711129279704,6,1150,"study_1_LOD_vs_CN; study_11_LOD_vs_CN; study_2_LOD_vs_CN; study_5_LOD_vs_CN; study_6_LOD_vs_CN; study_7_LOD_vs_CN",4,"study_1; study_11; study_6; study_7",1.45670318073186e-05
"MDH2",0.0505157358962352,0.0279430393992103,0.0730884323932602,4.68292879973752,2.8280476703163e-06,0,0.0502552152726036,0.0482442700839899,0.0560127226856362,8,1420,"study_1_LOD_vs_CN; study_11_LOD_vs_CN; study_2_LOD_vs_CN; study_3_Soma_LOD_vs_CN; study_4_LOD_vs_CN; study_5_LOD_vs_CN; study_6_LOD_vs_CN; study_7_LOD_vs_CN",5,"study_1; study_11; study_4; study_6; study_7",1.53152722427693e-05
"COL6A2",0.0594091908480303,0.0375756271270108,0.0812427545690498,4.66795310910911,3.04215305055151e-06,0.850598821166841,0.0588561402835186,0.0419114424112398,0.0721971495555438,8,1480,"study_1_LOD_vs_CN; study_11_LOD_vs_CN; study_2_LOD_vs_CN; study_3_Soma_LOD_vs_CN; study_4_LOD_vs_CN; study_5_LOD_vs_CN; study_6_LOD_vs_CN; study_7_LOD_vs_CN",5,"study_1; study_11; study_4; study_6; study_7",1.6359550320798e-05
"HDHD2",0.069381194348562,0.039526007566147,0.099236381130977,4.65702514869943,3.20811269234718e-06,0.0335745715092246,0.0693396721883675,0.0515282269023518,0.0804626661808604,7,1318,"study_1_LOD_vs_CN; study_11_LOD_vs_CN; study_2_LOD_vs_CN; study_3_Soma_LOD_vs_CN; study_5_LOD_vs_CN; study_6_LOD_vs_CN; study_7_LOD_vs_CN",4,"study_1; study_11; study_6; study_7",1.82487449252996e-05
"SLITRK5",-0.0569555388870204,-0.0809847049556811,-0.0329263728183596,-4.643325538797,3.42845504231181e-06,0.804024947521554,-0.0548432862984636,-0.0691837274073295,-0.0171193977429908,8,1460,"study_1_LOD_vs_CN; study_11_LOD_vs_CN; study_2_LOD_vs_CN; study_3_Soma_LOD_vs_CN; study_4_LOD_vs_CN; study_5_LOD_vs_CN; study_6_LOD_vs_CN; study_7_LOD_vs_CN",5,"study_1; study_11; study_4; study_6; study_7",1.83089022745679e-05
"SERPINE1",0.113638122265673,0.0678188047099073,0.159457439821438,4.64179374575882,3.45397549427081e-06,0.848688714244805,0.112951837473346,0.0856627873108927,0.138716425863808,9,1991,"study_1_LOD_vs_CN; study_11_LOD_vs_CN; study_2_LOD_vs_CN; study_3_Olink_LOD_vs_CN; study_3_Soma_LOD_vs_CN; study_6_LOD_vs_CN; study_7_LOD_vs_CN; study_8_LOD_vs_CN; study_9_LOD_vs_CN",5,"study_1; study_11; study_6; study_7; study_8",1.83179803799604e-05
"HSPB1",0.128961381183607,0.0765754081532238,0.181347354213991,4.627983015393,3.69244291016753e-06,0.879919050836292,0.127175433117806,0.0590568598144349,0.174075288146141,9,2244,"study_1_LOD_vs_CN; study_11_LOD_vs_CN; study_2_LOD_vs_CN; study_3_Olink_LOD_vs_CN; study_5_LOD_vs_CN; study_6_LOD_vs_CN; study_7_LOD_vs_CN; study_8_LOD_vs_CN; study_9_LOD_vs_CN",5,"study_1; study_11; study_6; study_7; study_8",1.94485520405399e-05
"JAM2",-0.0274707050168273,-0.0467296606110301,-0.00821174942262452,-4.60563752702416,4.11204116172944e-06,0.748779931760052,-0.0276580479625094,-0.0399023428493862,-0.0206545671863469,11,2374,"study_1_LOD_vs_CN; study_11_LOD_vs_CN; study_2_LOD_vs_CN; study_3_Olink_LOD_vs_CN; study_3_Soma_LOD_vs_CN; study_4_LOD_vs_CN; study_5_LOD_vs_CN; study_6_LOD_vs_CN; study_7_LOD_vs_CN; study_8_LOD_vs_CN; study_9_LOD_vs_CN",6,"study_1; study_11; study_4; study_6; study_7; study_8",2.83863486648419e-05
"PTPRG",-0.0431158714492494,-0.0591001789660851,-0.0271315639324137,-4.60038194560283,4.21716969861197e-06,0.910242494239195,-0.0422765534562726,-0.059171100598202,-0.024909644422286,8,1690,"study_1_LOD_vs_CN; study_10_LOD_vs_CN; study_11_LOD_vs_CN; study_2_LOD_vs_CN; study_4_LOD_vs_CN; study_5_LOD_vs_CN; study_6_LOD_vs_CN; study_7_LOD_vs_CN",5,"study_1; study_11; study_4; study_6; study_7",2.20612482872967e-05
"NRN1",-0.0610223204063145,-0.08318484388058,-0.038859796932049,-4.5884008776463,4.46654300191041e-06,0.922130919075278,-0.0604756426659704,-0.0828544146247619,-0.0373687457431976,7,1430,"study_1_LOD_vs_CN; study_11_LOD_vs_CN; study_2_LOD_vs_CN; study_4_LOD_vs_CN; study_5_LOD_vs_CN; study_6_LOD_vs_CN; study_7_LOD_vs_CN",5,"study_1; study_11; study_4; study_6; study_7",2.32079160031696e-05
"HSPG2",0.0453971951974999,0.0300052968912756,0.0607890935037243,4.58698975294351,4.49682743325927e-06,0.923689767899801,0.0460709611182909,0.0318305423489639,0.0619352718989119,10,1760,"study_1_LOD_vs_CN; study_10_LOD_vs_CN; study_11_LOD_vs_CN; study_2_LOD_vs_CN; study_3_Olink_LOD_vs_CN; study_3_Soma_LOD_vs_CN; study_4_LOD_vs_CN; study_5_LOD_vs_CN; study_6_LOD_vs_CN; study_7_LOD_vs_CN",5,"study_1; study_11; study_4; study_6; study_7",2.32084583635998e-05
"AJAP1",-0.0796216186625668,-0.110196151388684,-0.0490470859364499,-4.58551848944761,4.52861194543826e-06,0.850317971569845,-0.0795587468571005,-0.114503937795989,-0.0527200924323184,8,1589,"study_1_LOD_vs_CN; study_10_LOD_vs_CN; study_11_LOD_vs_CN; study_2_LOD_vs_CN; study_4_LOD_vs_CN; study_5_LOD_vs_CN; study_6_LOD_vs_CN; study_7_LOD_vs_CN",5,"study_1; study_11; study_4; study_6; study_7",2.32166839069468e-05
"CAMK2B",0.043285767027281,0.0223519687320103,0.0642195653225516,4.58112157043777,4.62488881935057e-06,0.828935392054405,0.0429935666139547,0.0100972951037268,0.06345241469152,9,1676,"study_1_LOD_vs_CN; study_10_LOD_vs_CN; study_11_LOD_vs_CN; study_2_LOD_vs_CN; study_3_Soma_LOD_vs_CN; study_4_LOD_vs_CN; study_5_LOD_vs_CN; study_6_LOD_vs_CN; study_7_LOD_vs_CN",5,"study_1; study_11; study_4; study_6; study_7",2.3553241735633e-05
"CD109",0.0945676628850589,0.0590588040644445,0.130076521705673,4.57761586627592,4.70305303207077e-06,0.92699336754373,0.0944737235814936,0.0457349775026302,0.122262028989556,11,2406,"study_1_LOD_vs_CN; study_11_LOD_vs_CN; study_2_LOD_vs_CN; study_3_Olink_LOD_vs_CN; study_3_Soma_LOD_vs_CN; study_4_LOD_vs_CN; study_5_LOD_vs_CN; study_6_LOD_vs_CN; study_7_LOD_vs_CN; study_8_LOD_vs_CN; study_9_LOD_vs_CN",6,"study_1; study_11; study_4; study_6; study_7; study_8",3.14516671519733e-05
"PBXIP1",0.0442203970990338,0.0245873250357538,0.0638534691623137,4.56640564875954,4.96158203312916e-06,0.189714772893365,0.0450863428111379,0.0393018787874649,0.0588945041887598,7,1403,"study_1_LOD_vs_CN; study_11_LOD_vs_CN; study_2_LOD_vs_CN; study_4_LOD_vs_CN; study_5_LOD_vs_CN; study_6_LOD_vs_CN; study_7_LOD_vs_CN",5,"study_1; study_11; study_4; study_6; study_7",2.51016880491863e-05
"ACP5",0.227896259310477,0.13435378393081,0.321438734690144,4.55828268859467,5.15735901516166e-06,0.932305771286193,NA,NA,NA,5,986,"study_2_LOD_vs_CN; study_3_Olink_LOD_vs_CN; study_3_Soma_LOD_vs_CN; study_8_LOD_vs_CN; study_9_LOD_vs_CN",2,"study_2; study_8",0.00011649563893071
"CBLN4",-0.0891133631354021,-0.120062980296831,-0.058163745973973,-4.55709546650553,5.18658539445979e-06,0.949485132231896,-0.0859579113596852,-0.123812146523686,-0.0325021330208295,9,1565,"study_1_LOD_vs_CN; study_10_LOD_vs_CN; study_11_LOD_vs_CN; study_2_LOD_vs_CN; study_3_Olink_LOD_vs_CN; study_3_Soma_LOD_vs_CN; study_5_LOD_vs_CN; study_6_LOD_vs_CN; study_7_LOD_vs_CN",4,"study_1; study_11; study_6; study_7",2.90499354588339e-05
"VWA7",-0.0878049139479825,-0.128068608597512,-0.0475412192984534,-4.55495817570996,5.23960023115955e-06,0.406411923292748,-0.0916733776715426,-0.126234892581568,-0.0675577673392937,5,984,"study_1_LOD_vs_CN; study_11_LOD_vs_CN; study_2_LOD_vs_CN; study_6_LOD_vs_CN; study_7_LOD_vs_CN",4,"study_1; study_11; study_6; study_7",2.90499354588339e-05
"ARF1",0.149657516104491,0.0876059225222431,0.211709109686739,4.5533350077263,5.28020865659266e-06,0.662505748826957,0.137747056184733,0.0986792016246058,0.172444242383769,3,672,"study_11_LOD_vs_CN; study_3_Soma_LOD_vs_CN; study_7_LOD_vs_CN",3,"study_11; study_3_Soma; study_7",9.76838601469642e-05
"TAC3",-0.0919813083127583,-0.129691467043582,-0.0542711495819345,-4.5358864580032,5.73620358217662e-06,0.367963403728279,-0.0945941909934889,-0.112237010700137,-0.0824442577654261,6,1214,"study_1_LOD_vs_CN; study_11_LOD_vs_CN; study_2_LOD_vs_CN; study_4_LOD_vs_CN; study_5_LOD_vs_CN; study_6_LOD_vs_CN",4,"study_1; study_11; study_4; study_6",3.1405714612417e-05
"GFRA2",-0.0724466108218518,-0.0999589609318954,-0.0449342607118082,-4.53257646458958,5.82685729202963e-06,0.898931321481958,-0.0722848458069462,-0.0873703847692261,-0.0443870287115081,12,2643,"study_1_LOD_vs_CN; study_10_LOD_vs_CN; study_11_LOD_vs_CN; study_2_LOD_vs_CN; study_3_Olink_LOD_vs_CN; study_3_Soma_LOD_vs_CN; study_4_LOD_vs_CN; study_5_LOD_vs_CN; study_6_LOD_vs_CN; study_7_LOD_vs_CN; study_8_LOD_vs_CN; study_9_LOD_vs_CN",6,"study_1; study_11; study_4; study_6; study_7; study_8",3.77862866816467e-05
"LYNX1",-0.0645779378905763,-0.0910045718464609,-0.0381513039346917,-4.52865002557541,5.93617260351168e-06,0.727255941633781,-0.0651235996801271,-0.0856087272085282,-0.050522052389872,7,1519,"study_1_LOD_vs_CN; study_10_LOD_vs_CN; study_11_LOD_vs_CN; study_2_LOD_vs_CN; study_4_LOD_vs_CN; study_5_LOD_vs_CN; study_6_LOD_vs_CN",4,"study_1; study_11; study_4; study_6",3.2099303707878e-05
"NUDC",0.0600025718015377,0.0305009349519905,0.089504208651085,4.51861526419549,6.22453843304083e-06,0.688975203500418,0.0624527835005613,0.0355851364613262,0.0909300457415625,6,1118,"study_1_LOD_vs_CN; study_11_LOD_vs_CN; study_2_LOD_vs_CN; study_3_Soma_LOD_vs_CN; study_5_LOD_vs_CN; study_6_LOD_vs_CN",3,"study_1; study_11; study_6",0.000111439317107666
"MAP1B",0.108063584358349,0.0529348233234927,0.163192345393206,4.51480134292717,6.3376146274305e-06,0.852901817790609,NA,NA,NA,3,878,"study_1_LOD_vs_CN; study_11_LOD_vs_CN; study_2_LOD_vs_CN",2,"study_1; study_11",0.000139065372396189
"PRRT3",-0.0653775688688141,-0.0871286754237249,-0.0436264623139034,-4.51362369970313,6.37292504920605e-06,0.944464277345236,-0.0656945866301472,-0.0869419719836477,-0.0525371027029248,8,1703,"study_1_LOD_vs_CN; study_10_LOD_vs_CN; study_11_LOD_vs_CN; study_2_LOD_vs_CN; study_4_LOD_vs_CN; study_5_LOD_vs_CN; study_6_LOD_vs_CN; study_7_LOD_vs_CN",5,"study_1; study_11; study_4; study_6; study_7",3.20312376656174e-05
"C7",0.0814650293856258,0.054641109596384,0.108288949174868,4.4955428508842,6.93926811834904e-06,0.960888786347322,0.0833805744599172,0.0552780214747288,0.10282894811702,9,1732,"study_1_LOD_vs_CN; study_10_LOD_vs_CN; study_11_LOD_vs_CN; study_2_LOD_vs_CN; study_3_Soma_LOD_vs_CN; study_4_LOD_vs_CN; study_5_LOD_vs_CN; study_6_LOD_vs_CN; study_7_LOD_vs_CN",5,"study_1; study_11; study_4; study_6; study_7",3.46512804091585e-05
"NECTIN1",-0.0432362724321732,-0.0625284868418624,-0.0239440580224841,-4.48699023056853,7.22363856308673e-06,0.834744402498747,-0.04324843234603,-0.0700780398439134,-0.0245896354699901,9,1717,"study_1_LOD_vs_CN; study_10_LOD_vs_CN; study_11_LOD_vs_CN; study_2_LOD_vs_CN; study_3_Soma_LOD_vs_CN; study_4_LOD_vs_CN; study_5_LOD_vs_CN; study_6_LOD_vs_CN; study_7_LOD_vs_CN",5,"study_1; study_11; study_4; study_6; study_7",3.58385680968625e-05
"TF",-0.0554897064332145,-0.0815222498562302,-0.0294571630101987,-4.47423323313729,7.66860005590731e-06,0.233820450111842,-0.0543883792600202,-0.0627371625722202,-0.0424627832038849,8,1547,"study_1_LOD_vs_CN; study_10_LOD_vs_CN; study_11_LOD_vs_CN; study_2_LOD_vs_CN; study_3_Soma_LOD_vs_CN; study_4_LOD_vs_CN; study_5_LOD_vs_CN; study_6_LOD_vs_CN",4,"study_1; study_11; study_4; study_6",4.09615466400903e-05
"DDT",0.144705136023987,0.0839117250013718,0.205498547046603,4.47347144103202,7.69598410543449e-06,0.446041639061822,0.14828198006946,0.123321910895843,0.175546030004755,5,1133,"study_1_LOD_vs_CN; study_11_LOD_vs_CN; study_2_LOD_vs_CN; study_5_LOD_vs_CN; study_6_LOD_vs_CN",3,"study_1; study_11; study_6",0.000133477224328629
"WIF1",-0.138864505959844,-0.198534312321897,-0.0791946995977903,-4.46605362673215,7.96756460837923e-06,0.832176589747493,-0.14014339096237,-0.212563692375686,-0.079990575944631,9,1722,"study_11_LOD_vs_CN; study_2_LOD_vs_CN; study_3_Olink_LOD_vs_CN; study_3_Soma_LOD_vs_CN; study_5_LOD_vs_CN; study_6_LOD_vs_CN; study_7_LOD_vs_CN; study_8_LOD_vs_CN; study_9_LOD_vs_CN",5,"study_11; study_2; study_6; study_7; study_8",3.92760075887412e-05
"DNAJB2",0.0749015292758759,0.0405806330805987,0.109222425471153,4.45148144513311,8.52799027966843e-06,0,NA,NA,NA,5,987,"study_1_LOD_vs_CN; study_11_LOD_vs_CN; study_2_LOD_vs_CN; study_3_Soma_LOD_vs_CN; study_5_LOD_vs_CN",2,"study_1; study_11",0.000181930459299593
"SPTAN1",0.157590281231298,0.0900015645773324,0.225178997885263,4.44710754951377,8.70342683760129e-06,0.671870437567041,0.165735999041813,0.136288546040417,0.206577137097426,4,811,"study_1_LOD_vs_CN; study_11_LOD_vs_CN; study_2_LOD_vs_CN; study_6_LOD_vs_CN",3,"study_1; study_11; study_6",0.000146375814996022
"IDH1",0.0484844478382157,0.02790612263904,0.0690627730373915,4.44233146477934,8.8989330978449e-06,0.363381948779473,0.0489055876765174,0.0433830027397836,0.056078618754173,8,1397,"study_1_LOD_vs_CN; study_11_LOD_vs_CN; study_2_LOD_vs_CN; study_3_Soma_LOD_vs_CN; study_4_LOD_vs_CN; study_5_LOD_vs_CN; study_6_LOD_vs_CN; study_7_LOD_vs_CN",5,"study_1; study_11; study_4; study_6; study_7",4.35877678486798e-05
"IGLON5",-0.0393700677980634,-0.0555424287618384,-0.0231977068342883,-4.44085516484227,8.96020885180348e-06,0.856368470244006,-0.0388759134354659,-0.0524510515086475,-0.0266135677415558,9,1697,"study_1_LOD_vs_CN; study_10_LOD_vs_CN; study_11_LOD_vs_CN; study_2_LOD_vs_CN; study_3_Soma_LOD_vs_CN; study_4_LOD_vs_CN; study_5_LOD_vs_CN; study_6_LOD_vs_CN; study_7_LOD_vs_CN",5,"study_1; study_11; study_4; study_6; study_7",4.3610130424284e-05
"F11R",0.155209546645429,0.0836829550975741,0.226736138193283,4.43129183445991,9.36702134274174e-06,0.859746827373182,0.152567787160817,0.108332004322379,0.21122634097477,7,1371,"study_1_LOD_vs_CN; study_2_LOD_vs_CN; study_3_Olink_LOD_vs_CN; study_5_LOD_vs_CN; study_6_LOD_vs_CN; study_8_LOD_vs_CN; study_9_LOD_vs_CN",3,"study_1; study_6; study_8",0.000152902848388873
"SCAMP3",0.175488791195897,0.0984045559031694,0.252573026488625,4.42911805253593,9.46192226508927e-06,0,NA,NA,NA,3,929,"study_3_Olink_LOD_vs_CN; study_8_LOD_vs_CN; study_9_LOD_vs_CN",2,"study_3_Olink; study_8",0.000196398818907799
"CANT1",-0.0238866565826217,-0.0422216264735629,-0.00555168669168045,-4.42864988751992,9.48248084398667e-06,0.754760816334284,-0.0239323035808601,-0.0435984679244991,-0.0103576153803718,12,2596,"study_1_LOD_vs_CN; study_10_LOD_vs_CN; study_11_LOD_vs_CN; study_2_LOD_vs_CN; study_3_Olink_LOD_vs_CN; study_3_Soma_LOD_vs_CN; study_4_LOD_vs_CN; study_5_LOD_vs_CN; study_6_LOD_vs_CN; study_7_LOD_vs_CN; study_8_LOD_vs_CN; study_9_LOD_vs_CN",6,"study_1; study_11; study_4; study_6; study_7; study_8",5.96838500180337e-05
"PLS3",0.0630073676981152,0.024755087175796,0.101259648220434,4.42464293490868,9.66019269522736e-06,0,0.0625174153606702,0.0488824173910398,0.078146914864984,6,1145,"study_1_LOD_vs_CN; study_11_LOD_vs_CN; study_2_LOD_vs_CN; study_3_Soma_LOD_vs_CN; study_5_LOD_vs_CN; study_6_LOD_vs_CN",3,"study_1; study_11; study_6",0.000153183055595748
"COMP",0.113280220341494,0.0664037111520041,0.160156729530983,4.41354361184424,1.01692220840702e-05,0.921647922377403,0.114118488763317,0.0874852828890118,0.162320999267149,11,2409,"study_1_LOD_vs_CN; study_11_LOD_vs_CN; study_2_LOD_vs_CN; study_3_Olink_LOD_vs_CN; study_3_Soma_LOD_vs_CN; study_4_LOD_vs_CN; study_5_LOD_vs_CN; study_6_LOD_vs_CN; study_7_LOD_vs_CN; study_8_LOD_vs_CN; study_9_LOD_vs_CN",6,"study_1; study_11; study_4; study_6; study_7; study_8",6.21775293140292e-05
"LRTM2",-0.0745589813238064,-0.101971599792016,-0.0471463628555968,-4.39553088071806,1.10502352369755e-05,0.903175206554003,-0.0741807510546013,-0.0940292551242535,-0.0563166724182559,8,1450,"study_1_LOD_vs_CN; study_11_LOD_vs_CN; study_2_LOD_vs_CN; study_3_Soma_LOD_vs_CN; study_4_LOD_vs_CN; study_5_LOD_vs_CN; study_6_LOD_vs_CN; study_7_LOD_vs_CN",5,"study_1; study_11; study_4; study_6; study_7",5.34442194794599e-05
"UBA52",0.145450239170393,0.0887963370587053,0.202104141282082,4.39084640323714,1.12910281049966e-05,0.950199108063693,NA,NA,NA,2,371,"study_10_LOD_vs_CN; study_4_LOD_vs_CN",2,"study_10; study_4",0.000228197620648353
"LASP1",0.109363053021026,0.0513077874284513,0.1674183186136,4.38474420474606,1.16122148854971e-05,0.44324641673953,NA,NA,NA,5,845,"study_1_LOD_vs_CN; study_11_LOD_vs_CN; study_2_LOD_vs_CN; study_3_Soma_LOD_vs_CN; study_5_LOD_vs_CN",2,"study_1; study_11",0.000228671308514405
"NRXN2",-0.053600712320967,-0.0740347511510092,-0.0331666734909248,-4.38416352598085,1.16432290505638e-05,0.887566187883049,-0.0534094530012972,-0.0711262311333848,-0.0423653982484616,8,1704,"study_1_LOD_vs_CN; study_10_LOD_vs_CN; study_11_LOD_vs_CN; study_2_LOD_vs_CN; study_4_LOD_vs_CN; study_5_LOD_vs_CN; study_6_LOD_vs_CN; study_7_LOD_vs_CN",5,"study_1; study_11; study_4; study_6; study_7",5.59602696242722e-05
"SPOCK2",0.044825849021653,0.0215254333400326,0.0681262647032735,4.37080968375852,1.23786652658112e-05,0.643274014783958,0.0439954537926886,0.0336156623060245,0.0590766389191762,9,1710,"study_1_LOD_vs_CN; study_10_LOD_vs_CN; study_11_LOD_vs_CN; study_2_LOD_vs_CN; study_3_Soma_LOD_vs_CN; study_4_LOD_vs_CN; study_5_LOD_vs_CN; study_6_LOD_vs_CN; study_7_LOD_vs_CN",5,"study_1; study_11; study_4; study_6; study_7",5.91254260211726e-05
"PRRT1",-0.0668577483722323,-0.0980022233549884,-0.0357132733894762,-4.35472482472356,1.33234177204845e-05,0,-0.0671521454978792,-0.0691809163985364,-0.0647576004247121,4,747,"study_11_LOD_vs_CN; study_2_LOD_vs_CN; study_5_LOD_vs_CN; study_7_LOD_vs_CN",3,"study_11; study_2; study_7",0.000205402689857469
"PTPRZ1",0.0345404277819671,0.017395387984307,0.0516854675796273,4.3543437724513,1.33466122422378e-05,0.745965902194257,0.035415305884367,0.0261859019989589,0.0492206837323058,8,1704,"study_1_LOD_vs_CN; study_10_LOD_vs_CN; study_11_LOD_vs_CN; study_2_LOD_vs_CN; study_4_LOD_vs_CN; study_5_LOD_vs_CN; study_6_LOD_vs_CN; study_7_LOD_vs_CN",5,"study_1; study_11; study_4; study_6; study_7",6.33552149029683e-05
"PILRB",0.152625628841282,0.0839591319560739,0.22129212572649,4.32787371763164,1.5055574555081e-05,0,0.148121810044365,0.11834709451525,0.16944680866544,4,1260,"study_11_LOD_vs_CN; study_3_Olink_LOD_vs_CN; study_8_LOD_vs_CN; study_9_LOD_vs_CN",3,"study_11; study_3_Olink; study_8",0.000225090718311055
"SIGLEC9",0.126686104834519,0.0747311253250441,0.178641084343994,4.32272158698751,1.54116167492254e-05,0.879145828133801,0.119770400594777,0.0432167533530269,0.164831222428207,8,1655,"study_1_LOD_vs_CN; study_11_LOD_vs_CN; study_2_LOD_vs_CN; study_3_Olink_LOD_vs_CN; study_3_Soma_LOD_vs_CN; study_5_LOD_vs_CN; study_8_LOD_vs_CN; study_9_LOD_vs_CN",3,"study_1; study_11; study_8",0.000225090718311055
"EPHA10",-0.0641055154442031,-0.0896860979214753,-0.0385249329669309,-4.32199790255867,1.5462265919863e-05,0.891395142344853,-0.0633668490250378,-0.0784587843813871,-0.0428999288984575,9,1476,"study_1_LOD_vs_CN; study_11_LOD_vs_CN; study_2_LOD_vs_CN; study_3_Olink_LOD_vs_CN; study_3_Soma_LOD_vs_CN; study_4_LOD_vs_CN; study_5_LOD_vs_CN; study_6_LOD_vs_CN; study_7_LOD_vs_CN",5,"study_1; study_11; study_4; study_6; study_7",7.29477453519916e-05
"HSPE1",0.0485800220645595,0.0248563178906662,0.0723037262384529,4.31812814996131,1.57358061014939e-05,0.832489126458038,0.0478200409291714,0.0158383234502445,0.0640782497599425,8,1368,"study_1_LOD_vs_CN; study_11_LOD_vs_CN; study_2_LOD_vs_CN; study_3_Soma_LOD_vs_CN; study_4_LOD_vs_CN; study_5_LOD_vs_CN; study_6_LOD_vs_CN; study_7_LOD_vs_CN",5,"study_1; study_11; study_4; study_6; study_7",7.37855786100538e-05
"ULBP2",-0.0855691930575406,-0.134442649607492,-0.0366957365075896,-4.3107978371039,1.62666571006319e-05,0,-0.085670777523335,-0.0989445036234365,-0.0739564683974615,9,2055,"study_1_LOD_vs_CN; study_11_LOD_vs_CN; study_2_LOD_vs_CN; study_3_Olink_LOD_vs_CN; study_3_Soma_LOD_vs_CN; study_5_LOD_vs_CN; study_6_LOD_vs_CN; study_8_LOD_vs_CN; study_9_LOD_vs_CN",4,"study_1; study_11; study_6; study_8",8.58409133744191e-05
"PLXDC1",-0.043863218607486,-0.0624667584516604,-0.0252596787633116,-4.30454165234823,1.67331809096215e-05,0.751909688074033,-0.0442291400029552,-0.0595614648996334,-0.0323306465754786,11,2405,"study_1_LOD_vs_CN; study_11_LOD_vs_CN; study_2_LOD_vs_CN; study_3_Olink_LOD_vs_CN; study_3_Soma_LOD_vs_CN; study_4_LOD_vs_CN; study_5_LOD_vs_CN; study_6_LOD_vs_CN; study_7_LOD_vs_CN; study_8_LOD_vs_CN; study_9_LOD_vs_CN",6,"study_1; study_11; study_4; study_6; study_7; study_8",9.94694642960834e-05
"CDH10",-0.0542624854171839,-0.0773848382259287,-0.0311401326084391,-4.28973697116331,1.78884851443318e-05,0.673894250535882,-0.0546566361124116,-0.0623946510713832,-0.0444162274587918,7,1401,"study_1_LOD_vs_CN; study_11_LOD_vs_CN; study_2_LOD_vs_CN; study_4_LOD_vs_CN; study_5_LOD_vs_CN; study_6_LOD_vs_CN; study_7_LOD_vs_CN",5,"study_1; study_11; study_4; study_6; study_7",8.33711822787342e-05
"CARTPT",-0.0709273174767436,-0.0994939636631951,-0.0423606712902922,-4.28115913063845,1.85922344119232e-05,0.868345026325187,-0.0714073063825613,-0.0975072193138402,-0.0465208219282647,8,1697,"study_1_LOD_vs_CN; study_10_LOD_vs_CN; study_11_LOD_vs_CN; study_2_LOD_vs_CN; study_4_LOD_vs_CN; study_5_LOD_vs_CN; study_6_LOD_vs_CN; study_7_LOD_vs_CN",5,"study_1; study_11; study_4; study_6; study_7",8.6129085920295e-05
"LRFN2",-0.0705734818600051,-0.104440395688684,-0.0367065680313261,-4.27997607826169,1.86913402713477e-05,0.364919770935088,-0.0706673263863481,-0.0942504448087686,-0.0551103566580956,6,1154,"study_1_LOD_vs_CN; study_11_LOD_vs_CN; study_2_LOD_vs_CN; study_3_Soma_LOD_vs_CN; study_5_LOD_vs_CN; study_6_LOD_vs_CN",3,"study_1; study_11; study_6",0.000265992150015332
"CETP",-0.0634508101734415,-0.111996248838819,-0.0149053715080636,-4.27857602844494,1.88092744508762e-05,0.859783366140551,-0.0588424324225405,-0.117568914286614,-0.00504326572411464,6,1309,"study_1_LOD_vs_CN; study_11_LOD_vs_CN; study_2_LOD_vs_CN; study_5_LOD_vs_CN; study_6_LOD_vs_CN; study_7_LOD_vs_CN",4,"study_1; study_11; study_6; study_7",9.80769310652832e-05
"NFASC",-0.046195663538453,-0.0638905001154098,-0.0285008269614962,-4.27734073364229,1.89139186481597e-05,0.915102356612032,-0.0453176597688403,-0.0597498801771736,-0.0263946642786788,9,1732,"study_1_LOD_vs_CN; study_10_LOD_vs_CN; study_11_LOD_vs_CN; study_2_LOD_vs_CN; study_3_Soma_LOD_vs_CN; study_4_LOD_vs_CN; study_5_LOD_vs_CN; study_6_LOD_vs_CN; study_7_LOD_vs_CN",5,"study_1; study_11; study_4; study_6; study_7",8.66777403258925e-05
"NEGR1",-0.0556065515055515,-0.0770656163304555,-0.0341474866806475,-4.27707973352651,1.893609931697e-05,0.900996289350305,-0.0550434558928953,-0.0726284724776552,-0.0361679229824392,9,1731,"study_1_LOD_vs_CN; study_10_LOD_vs_CN; study_11_LOD_vs_CN; study_2_LOD_vs_CN; study_3_Soma_LOD_vs_CN; study_4_LOD_vs_CN; study_5_LOD_vs_CN; study_6_LOD_vs_CN; study_7_LOD_vs_CN",5,"study_1; study_11; study_4; study_6; study_7",8.66777403258925e-05
"MCMBP",-0.13707525718884,-0.204508160842115,-0.069642353535566,-4.26632374785449,1.98720351032808e-05,0.164298869462695,NA,NA,NA,2,613,"study_1_LOD_vs_CN; study_11_LOD_vs_CN",2,"study_1; study_11",0.00038154307398299
"AP2A2",0.0550371509193881,-0.0325014834816455,0.142575785320422,4.26285251210024,2.01833741593032e-05,0.625631308718394,0.0464965292471087,0.0187608039982953,0.0917658649978576,6,1148,"study_1_LOD_vs_CN; study_11_LOD_vs_CN; study_2_LOD_vs_CN; study_3_Soma_LOD_vs_CN; study_5_LOD_vs_CN; study_6_LOD_vs_CN",3,"study_1; study_11; study_6",0.000280044316460332
"MMP7",0.322516833353113,0.175941530458402,0.469092136247824,4.25927982684717,2.0508659693806e-05,0,NA,NA,NA,4,955,"study_3_Olink_LOD_vs_CN; study_3_Soma_LOD_vs_CN; study_8_LOD_vs_CN; study_9_LOD_vs_CN",2,"study_3_Soma; study_8",0.000384162210849829
"VCAN",0.0391576335652814,0.0124803149016385,0.0658349522289243,4.25865686133941,2.056588805943e-05,0.653232191098879,0.0396231796643847,0.0340583907218276,0.0521742712476608,11,2633,"study_1_LOD_vs_CN; study_10_LOD_vs_CN; study_11_LOD_vs_CN; study_2_LOD_vs_CN; study_3_Olink_LOD_vs_CN; study_4_LOD_vs_CN; study_5_LOD_vs_CN; study_6_LOD_vs_CN; study_7_LOD_vs_CN; study_8_LOD_vs_CN; study_9_LOD_vs_CN",6,"study_1; study_11; study_4; study_6; study_7; study_8",0.000118948649857244
"PGLS",0.058208088189613,0.0330403314606069,0.0833758449186192,4.2493911807815,2.14352308287401e-05,0.710494565678432,0.0576928702902167,0.0362586252646122,0.0837568094246837,6,1142,"study_1_LOD_vs_CN; study_11_LOD_vs_CN; study_2_LOD_vs_CN; study_3_Soma_LOD_vs_CN; study_5_LOD_vs_CN; study_6_LOD_vs_CN",3,"study_1; study_11; study_6",0.000290159831950018
"SLC1A2",0.0791050443301487,0.0383335645699347,0.119876524090363,4.23173095969342,2.31899699907684e-05,0.0433656268721068,0.081825054578153,0.0603850623650933,0.107778549339643,5,1096,"study_1_LOD_vs_CN; study_11_LOD_vs_CN; study_2_LOD_vs_CN; study_5_LOD_vs_CN; study_7_LOD_vs_CN",3,"study_1; study_11; study_7",0.000306438889163725
"SIRT2",0.189057952097119,0.101545587116861,0.276570317077377,4.22284632830914,2.41236306233209e-05,0,NA,NA,NA,4,956,"study_3_Olink_LOD_vs_CN; study_3_Soma_LOD_vs_CN; study_8_LOD_vs_CN; study_9_LOD_vs_CN",2,"study_3_Soma; study_8",0.000441117817112154
"APOC2",-0.112160663224035,-0.169076515749493,-0.055244810698577,-4.22216641034955,2.41965355613847e-05,0.745151138747783,-0.113289776049378,-0.174502054263324,-0.0458937812599669,6,1423,"study_1_LOD_vs_CN; study_11_LOD_vs_CN; study_4_LOD_vs_CN; study_5_LOD_vs_CN; study_6_LOD_vs_CN; study_7_LOD_vs_CN",5,"study_1; study_11; study_4; study_6; study_7",0.000110101395542632
"LAIR1",0.106194155084846,0.0609547180319715,0.151433592137721,4.21683638580198,2.47753598259787e-05,0.833495287447519,0.10597089372616,0.0610505903371075,0.147341770850315,9,2133,"study_1_LOD_vs_CN; study_11_LOD_vs_CN; study_2_LOD_vs_CN; study_3_Olink_LOD_vs_CN; study_5_LOD_vs_CN; study_6_LOD_vs_CN; study_7_LOD_vs_CN; study_8_LOD_vs_CN; study_9_LOD_vs_CN",5,"study_1; study_11; study_6; study_7; study_8",0.000112072068859868
"VEGFA",-0.0762557905457309,-0.118058885205883,-0.0344526958855792,-4.21291530687941,2.52095608416544e-05,0.699647120747213,-0.078043757644978,-0.0898018810199209,-0.0632834559908731,9,1880,"study_1_LOD_vs_CN; study_11_LOD_vs_CN; study_2_LOD_vs_CN; study_3_Olink_LOD_vs_CN; study_3_Soma_LOD_vs_CN; study_5_LOD_vs_CN; study_6_LOD_vs_CN; study_8_LOD_vs_CN; study_9_LOD_vs_CN",4,"study_1; study_11; study_6; study_8",0.000129903384101701
"ADGRL1",-0.0380640170482358,-0.053762587842865,-0.0223654462536066,-4.21113753352772,2.54087987804638e-05,0.872803208711031,-0.0373302822589403,-0.0500019102726783,-0.0221906225372874,7,1455,"study_1_LOD_vs_CN; study_11_LOD_vs_CN; study_2_LOD_vs_CN; study_4_LOD_vs_CN; study_5_LOD_vs_CN; study_6_LOD_vs_CN; study_7_LOD_vs_CN",5,"study_1; study_11; study_4; study_6; study_7",0.000114265299778811
"PIANP",-0.0803845544750485,-0.115332636482366,-0.0454364724677313,-4.20973546670426,2.55669861581573e-05,0.639665310733047,-0.0800216131962626,-0.114613093733811,-0.0523825509705499,7,1297,"study_1_LOD_vs_CN; study_11_LOD_vs_CN; study_2_LOD_vs_CN; study_3_Soma_LOD_vs_CN; study_4_LOD_vs_CN; study_5_LOD_vs_CN; study_6_LOD_vs_CN",4,"study_1; study_11; study_4; study_6",0.000130213255084569
"STX8",0.0873591968811268,0.043951994137675,0.130766399624579,4.20088797748658,2.6587012771523e-05,0.841629536394576,0.0886140481491312,0.0332225370053819,0.156098656076043,8,1840,"study_1_LOD_vs_CN; study_11_LOD_vs_CN; study_2_LOD_vs_CN; study_3_Olink_LOD_vs_CN; study_3_Soma_LOD_vs_CN; study_6_LOD_vs_CN; study_8_LOD_vs_CN; study_9_LOD_vs_CN",4,"study_1; study_11; study_6; study_8",0.000133851857401461
"UNC5D",-0.0651273527476387,-0.094515491155994,-0.0357392143392834,-4.19763986084216,2.6971109001612e-05,0.797155749013262,-0.0632589898458575,-0.0905701512183364,-0.0269957215160403,7,1319,"study_1_LOD_vs_CN; study_11_LOD_vs_CN; study_2_LOD_vs_CN; study_3_Soma_LOD_vs_CN; study_5_LOD_vs_CN; study_6_LOD_vs_CN; study_7_LOD_vs_CN",4,"study_1; study_11; study_6; study_7",0.000134242565258024
"WFDC2",-0.0442172108742921,-0.0643935783092043,-0.0240408434393799,-4.19755287389835,2.69814675730601e-05,0.691145455223954,-0.0450761999491755,-0.0561924183321155,-0.0347034879851039,11,2438,"study_1_LOD_vs_CN; study_10_LOD_vs_CN; study_11_LOD_vs_CN; study_2_LOD_vs_CN; study_3_Olink_LOD_vs_CN; study_3_Soma_LOD_vs_CN; study_4_LOD_vs_CN; study_5_LOD_vs_CN; study_6_LOD_vs_CN; study_8_LOD_vs_CN; study_9_LOD_vs_CN",5,"study_1; study_11; study_4; study_6; study_8",0.000120632259091182
"PRND",-0.0979243140082433,-0.14243847370419,-0.0534101543122961,-4.19474883314257,2.73174118008091e-05,0.608753659244564,-0.0972769075450816,-0.137148713955607,-0.0685920545775637,7,1193,"study_1_LOD_vs_CN; study_11_LOD_vs_CN; study_2_LOD_vs_CN; study_3_Soma_LOD_vs_CN; study_4_LOD_vs_CN; study_5_LOD_vs_CN; study_6_LOD_vs_CN",4,"study_1; study_11; study_4; study_6",0.00013443849852533
"FLNA",0.0695783076367519,0.0400869331052125,0.0990696821682913,4.19353308733309,2.74642995601637e-05,0.808674975224249,0.0711469404566741,0.0512238240661486,0.092120830712318,8,1394,"study_1_LOD_vs_CN; study_11_LOD_vs_CN; study_2_LOD_vs_CN; study_3_Soma_LOD_vs_CN; study_4_LOD_vs_CN; study_5_LOD_vs_CN; study_6_LOD_vs_CN; study_7_LOD_vs_CN",5,"study_1; study_11; study_4; study_6; study_7",0.000122081192842578
"SERPINA3",0.087836769881613,0.0519362463825898,0.123737293380636,4.17926054408013,2.9245847612254e-05,0.795157280271085,0.0889410047833308,0.0635273391854162,0.119103867689424,9,1668,"study_1_LOD_vs_CN; study_10_LOD_vs_CN; study_11_LOD_vs_CN; study_2_LOD_vs_CN; study_3_Soma_LOD_vs_CN; study_4_LOD_vs_CN; study_5_LOD_vs_CN; study_6_LOD_vs_CN; study_7_LOD_vs_CN",5,"study_1; study_11; study_4; study_6; study_7",0.000129253200079444
"TPI1",0.0397819228171836,0.0180572596419597,0.0615065859924075,4.17581231899967,2.96924557973363e-05,0.592975831462615,0.0396625650725365,0.0254615167677972,0.0491879247235157,9,1731,"study_1_LOD_vs_CN; study_10_LOD_vs_CN; study_11_LOD_vs_CN; study_2_LOD_vs_CN; study_3_Soma_LOD_vs_CN; study_4_LOD_vs_CN; study_5_LOD_vs_CN; study_6_LOD_vs_CN; study_7_LOD_vs_CN",5,"study_1; study_11; study_4; study_6; study_7",0.000130477134332295
"TOLLIP",0.0574260553745572,0.0127037753544433,0.102148335394671,4.1726949726836,3.01017815113882e-05,0.636088846206509,0.0563964372285421,0.0334040488211589,0.0663975035101147,7,1192,"study_1_LOD_vs_CN; study_11_LOD_vs_CN; study_2_LOD_vs_CN; study_3_Soma_LOD_vs_CN; study_5_LOD_vs_CN; study_6_LOD_vs_CN; study_7_LOD_vs_CN",4,"study_1; study_11; study_6; study_7",0.000146495336688756
"MILR1",0.120279982929402,0.0708648703178183,0.169695095540985,4.15894999434248,3.19713875280865e-05,0.880821934740598,0.114562722135029,0.0280360682551661,0.160524951877616,9,1710,"study_1_LOD_vs_CN; study_11_LOD_vs_CN; study_2_LOD_vs_CN; study_3_Olink_LOD_vs_CN; study_3_Soma_LOD_vs_CN; study_5_LOD_vs_CN; study_6_LOD_vs_CN; study_8_LOD_vs_CN; study_9_LOD_vs_CN",4,"study_1; study_11; study_6; study_8",0.000153884260849471
"ENTPD5",0.161466555743505,0.0925402265793686,0.230392884907641,4.1524577240597,3.28923532139423e-05,0.970322918768849,NA,NA,NA,4,956,"study_3_Olink_LOD_vs_CN; study_3_Soma_LOD_vs_CN; study_8_LOD_vs_CN; study_9_LOD_vs_CN",2,"study_3_Soma; study_8",0.000587472727169947
"B3GNT2",-0.0291673039480435,-0.0429039544223169,-0.0154306534737701,-4.14354260361214,3.41981503362229e-05,0.793674429835823,-0.0298109750016158,-0.0383103350836443,-0.0188928984402337,9,1622,"study_1_LOD_vs_CN; study_10_LOD_vs_CN; study_11_LOD_vs_CN; study_2_LOD_vs_CN; study_3_Soma_LOD_vs_CN; study_4_LOD_vs_CN; study_5_LOD_vs_CN; study_6_LOD_vs_CN; study_7_LOD_vs_CN",5,"study_1; study_11; study_4; study_6; study_7",0.00014942260004861
"GH1",0.381848328588137,0.202378800069278,0.561317857106996,4.12517202434841,3.70457756853042e-05,0,NA,NA,NA,3,928,"study_3_Olink_LOD_vs_CN; study_8_LOD_vs_CN; study_9_LOD_vs_CN",2,"study_3_Olink; study_8",0.000646617175598036
"MMP12",0.485713474887834,0.253678917814754,0.717748031960914,4.11919260937461,3.80202247363284e-05,0,NA,NA,NA,4,955,"study_3_Olink_LOD_vs_CN; study_3_Soma_LOD_vs_CN; study_8_LOD_vs_CN; study_9_LOD_vs_CN",2,"study_3_Soma; study_8",0.000648878502166671
"CHST8",-0.0523914351113793,-0.075740958277012,-0.0290419119457467,-4.11440074750131,3.88186537416443e-05,0.813155986141715,-0.0562230423381581,-0.0875417883672564,-0.0390642099716294,5,1142,"study_1_LOD_vs_CN; study_11_LOD_vs_CN; study_2_LOD_vs_CN; study_5_LOD_vs_CN; study_6_LOD_vs_CN",3,"study_1; study_11; study_6",0.000501031461084013
"LILRB1",0.102060604035344,0.0560396862583242,0.148081521812364,4.10957027040111,3.96396080877806e-05,0.872408534164073,0.100273623809734,0.0383695308188209,0.135918261516419,9,1843,"study_1_LOD_vs_CN; study_11_LOD_vs_CN; study_2_LOD_vs_CN; study_3_Olink_LOD_vs_CN; study_3_Soma_LOD_vs_CN; study_5_LOD_vs_CN; study_6_LOD_vs_CN; study_8_LOD_vs_CN; study_9_LOD_vs_CN",4,"study_1; study_11; study_6; study_8",0.00018871900372226
"SLC12A5",-0.0629114178574866,-0.0901453352875198,-0.0356775004274535,-4.10723240470885,4.00428273391685e-05,0.816214074710504,-0.0618439535723917,-0.0946846259096593,-0.0339633975448731,5,1129,"study_1_LOD_vs_CN; study_11_LOD_vs_CN; study_2_LOD_vs_CN; study_5_LOD_vs_CN; study_6_LOD_vs_CN",3,"study_1; study_11; study_6",0.000503322660656317
"PSMA1",0.117866101822924,0.062408025010813,0.173324178635036,4.1028456853152,4.08099454586203e-05,0.544861770353009,0.116916224528046,0.107279019504871,0.123135275565928,6,1078,"study_1_LOD_vs_CN; study_11_LOD_vs_CN; study_2_LOD_vs_CN; study_3_Olink_LOD_vs_CN; study_5_LOD_vs_CN; study_7_LOD_vs_CN",3,"study_1; study_11; study_7",0.000503322660656317
"FSTL4",-0.0635375189569602,-0.0922111421145364,-0.0348638957993841,-4.09992137902755,4.13290517640743e-05,0.665607532891493,-0.0633453695821604,-0.0806550424967695,-0.056059632895059,9,1731,"study_1_LOD_vs_CN; study_10_LOD_vs_CN; study_11_LOD_vs_CN; study_2_LOD_vs_CN; study_3_Soma_LOD_vs_CN; study_4_LOD_vs_CN; study_5_LOD_vs_CN; study_6_LOD_vs_CN; study_7_LOD_vs_CN",5,"study_1; study_11; study_4; study_6; study_7",0.000179559552579509
"PSMA5",0.138744699506695,0.0726485530765264,0.204840845936864,4.09771023303059,4.17257150799344e-05,0,NA,NA,NA,5,932,"study_1_LOD_vs_CN; study_11_LOD_vs_CN; study_2_LOD_vs_CN; study_3_Soma_LOD_vs_CN; study_5_LOD_vs_CN",2,"study_1; study_11",0.000695241233731065
"PHPT1",0.134523242470256,0.0711180099553429,0.197928474985169,4.09319307440425,4.25473150851043e-05,0.255004895050967,NA,NA,NA,5,818,"study_1_LOD_vs_CN; study_11_LOD_vs_CN; study_2_LOD_vs_CN; study_3_Soma_LOD_vs_CN; study_5_LOD_vs_CN",2,"study_1; study_11",0.000695241233731065
"VNN1",-0.109233190993687,-0.163526895030593,-0.0549394869567796,-4.08233846603189,4.45848002335651e-05,0.65277793826765,-0.109244478887165,-0.149949835132871,-0.0506906317098838,6,1222,"study_1_LOD_vs_CN; study_11_LOD_vs_CN; study_2_LOD_vs_CN; study_5_LOD_vs_CN; study_6_LOD_vs_CN; study_7_LOD_vs_CN",4,"study_1; study_11; study_6; study_7",0.000209980026906468
"TWF2",0.0845899268271472,0.0350716840518582,0.134108169602436,4.08230258558565,4.45916862032585e-05,0.91257323016255,NA,NA,NA,5,870,"study_1_LOD_vs_CN; study_11_LOD_vs_CN; study_2_LOD_vs_CN; study_3_Soma_LOD_vs_CN; study_5_LOD_vs_CN",2,"study_1; study_11",0.000713466979252135
"CAB39",0.110843830830298,0.0608698375040159,0.160817824156581,4.06832225986214,4.73528614273489e-05,0.79286819036066,0.100129628068903,0.0372840556545748,0.135583131632089,5,862,"study_1_LOD_vs_CN; study_11_LOD_vs_CN; study_2_LOD_vs_CN; study_3_Soma_LOD_vs_CN; study_6_LOD_vs_CN",3,"study_1; study_11; study_6",0.000571322567221275
"CYCS",0.0432947400666069,0.0210789811348481,0.0655104989983658,4.05927621611477,4.92250576789305e-05,0.29583621145132,0.0432568721547172,0.032697479887551,0.049295365106589,9,1696,"study_1_LOD_vs_CN; study_10_LOD_vs_CN; study_11_LOD_vs_CN; study_2_LOD_vs_CN; study_3_Soma_LOD_vs_CN; study_4_LOD_vs_CN; study_5_LOD_vs_CN; study_6_LOD_vs_CN; study_7_LOD_vs_CN",5,"study_1; study_11; study_4; study_6; study_7",0.000212663310983694
"BPNT2",-0.0445974368077437,-0.0643198729725263,-0.0248750006429611,-4.04658207404163,5.1970908016542e-05,0.734199386756214,-0.0441305099960588,-0.0584741293327102,-0.0265299092781829,9,1651,"study_1_LOD_vs_CN; study_10_LOD_vs_CN; study_11_LOD_vs_CN; study_2_LOD_vs_CN; study_3_Soma_LOD_vs_CN; study_4_LOD_vs_CN; study_5_LOD_vs_CN; study_6_LOD_vs_CN; study_7_LOD_vs_CN",5,"study_1; study_11; study_4; study_6; study_7",0.000223271666283356
"THBS1",0.064690320658333,0.0361405184210444,0.0932401228956216,4.03333470706643,5.49908658535751e-05,0.674707465248472,0.0663507802421038,0.0499487142448189,0.0801918764106897,8,1440,"study_1_LOD_vs_CN; study_11_LOD_vs_CN; study_2_LOD_vs_CN; study_3_Soma_LOD_vs_CN; study_4_LOD_vs_CN; study_5_LOD_vs_CN; study_6_LOD_vs_CN; study_7_LOD_vs_CN",5,"study_1; study_11; study_4; study_6; study_7",0.000234933199118885
"NKPD1",0.105002224799499,0.0477510087817667,0.162253440817232,4.03135058092215,5.54572486258733e-05,0.928277800675092,NA,NA,NA,2,463,"study_1_LOD_vs_CN; study_6_LOD_vs_CN",2,"study_1; study_6",0.000869207488666748
"CDH6",-0.0346133522363632,-0.0638935242578564,-0.00533318021487011,-4.02896815675175,5.60222053135568e-05,0.658673612762111,-0.0346037639366505,-0.0422436952913484,-0.0279266618251989,11,2606,"study_1_LOD_vs_CN; study_10_LOD_vs_CN; study_11_LOD_vs_CN; study_2_LOD_vs_CN; study_3_Olink_LOD_vs_CN; study_4_LOD_vs_CN; study_5_LOD_vs_CN; study_6_LOD_vs_CN; study_7_LOD_vs_CN; study_8_LOD_vs_CN; study_9_LOD_vs_CN",6,"study_1; study_11; study_4; study_6; study_7; study_8",0.000313454333214175
"QDPR",0.0627270629577751,0.0352090257552158,0.0902451001603344,4.02438312376768,5.71248551184711e-05,0.760166875031493,0.0622965422898706,0.0298052813900822,0.0806663535372327,12,2649,"study_1_LOD_vs_CN; study_10_LOD_vs_CN; study_11_LOD_vs_CN; study_2_LOD_vs_CN; study_3_Olink_LOD_vs_CN; study_3_Soma_LOD_vs_CN; study_4_LOD_vs_CN; study_5_LOD_vs_CN; study_6_LOD_vs_CN; study_7_LOD_vs_CN; study_8_LOD_vs_CN; study_9_LOD_vs_CN",6,"study_1; study_11; study_4; study_6; study_7; study_8",0.000313454333214175
"HSPA2",0.0650043908739503,0.0367154476721517,0.093293334075749,4.02413874315894,5.71841992249904e-05,0.835069340225941,0.0694385693805533,0.0450749753872732,0.0835945556200418,6,1155,"study_1_LOD_vs_CN; study_11_LOD_vs_CN; study_2_LOD_vs_CN; study_3_Soma_LOD_vs_CN; study_5_LOD_vs_CN; study_6_LOD_vs_CN",3,"study_1; study_11; study_6",0.000675260224890844
"SCG3",-0.0734677810805241,-0.103892650324021,-0.0430429118370277,-4.01838013489246,5.85996060165075e-05,0.884873053873233,-0.0731582201507243,-0.0970180428854528,-0.0488750416057294,9,1730,"study_1_LOD_vs_CN; study_10_LOD_vs_CN; study_11_LOD_vs_CN; study_2_LOD_vs_CN; study_3_Soma_LOD_vs_CN; study_4_LOD_vs_CN; study_5_LOD_vs_CN; study_6_LOD_vs_CN; study_7_LOD_vs_CN",5,"study_1; study_11; study_4; study_6; study_7",0.000248967386887814
"PSMB1",0.0806170168346879,0.0416841685523276,0.119549865117048,3.99730051221689,6.40689439882636e-05,0.546530697464941,0.0858663286229444,0.0635977753917703,0.115567768497437,6,1135,"study_1_LOD_vs_CN; study_11_LOD_vs_CN; study_2_LOD_vs_CN; study_3_Soma_LOD_vs_CN; study_5_LOD_vs_CN; study_7_LOD_vs_CN",3,"study_1; study_11; study_7",0.000740797164864298
"YKT6",0.0821050608378694,0.0342263101160589,0.12998381155968,3.98794498566865,6.66481134932208e-05,0,0.0820702847115757,0.0789449278673803,0.0868357965875259,5,987,"study_1_LOD_vs_CN; study_11_LOD_vs_CN; study_2_LOD_vs_CN; study_5_LOD_vs_CN; study_6_LOD_vs_CN",3,"study_1; study_11; study_6",0.000754891897729338
"NLGN1",-0.033613863942909,-0.0507978961665074,-0.0164298317193107,-3.97438345759896,7.05618024773999e-05,0.127665310805458,-0.0332727027750832,-0.0405651443611896,-0.027767098124468,8,1473,"study_1_LOD_vs_CN; study_11_LOD_vs_CN; study_2_LOD_vs_CN; study_3_Soma_LOD_vs_CN; study_4_LOD_vs_CN; study_5_LOD_vs_CN; study_6_LOD_vs_CN; study_7_LOD_vs_CN",5,"study_1; study_11; study_4; study_6; study_7",0.000298143000577585
"ACTA1",0.113931672108893,0.062203093228159,0.165660250989626,3.97336539849655,7.08642110017733e-05,0.927703554990521,NA,NA,NA,2,552,"study_11_LOD_vs_CN; study_2_LOD_vs_CN",2,"study_11; study_2",0.00108847428098724
"CRIP2",0.0776216377499671,0.0419132072436853,0.113330068256249,3.96884689162731,7.2221264879823e-05,0.861944461671852,0.0826053158499648,0.055767767571149,0.109323204634338,6,1007,"study_1_LOD_vs_CN; study_11_LOD_vs_CN; study_2_LOD_vs_CN; study_3_Olink_LOD_vs_CN; study_3_Soma_LOD_vs_CN; study_6_LOD_vs_CN",3,"study_1; study_11; study_6",0.000801656040166035
"SLC39A10",-0.0634116033044404,-0.0875099479100148,-0.039313258698866,-3.9621408542395,7.42806941952998e-05,0.928405075350732,-0.0637389743135158,-0.0821306927731868,-0.0504053394345988,8,1666,"study_1_LOD_vs_CN; study_10_LOD_vs_CN; study_11_LOD_vs_CN; study_2_LOD_vs_CN; study_4_LOD_vs_CN; study_5_LOD_vs_CN; study_6_LOD_vs_CN; study_7_LOD_vs_CN",5,"study_1; study_11; study_4; study_6; study_7",0.000312141277793363
"NELL1",-0.0498830801735135,-0.0744313206574441,-0.025334839689583,-3.96077833635038,7.47058576338912e-05,0.924765445687993,-0.0500637637060574,-0.071640805611151,-0.0282131961397695,8,1350,"study_1_LOD_vs_CN; study_11_LOD_vs_CN; study_2_LOD_vs_CN; study_3_Olink_LOD_vs_CN; study_3_Soma_LOD_vs_CN; study_5_LOD_vs_CN; study_6_LOD_vs_CN; study_7_LOD_vs_CN",4,"study_1; study_11; study_6; study_7",0.00034809750684728
"PSMA6",0.100321649004287,0.0498517409869341,0.150791557021641,3.95311784262995,7.71394222676057e-05,0,0.102194634363012,0.0900101684270954,0.122536320539439,6,1096,"study_1_LOD_vs_CN; study_11_LOD_vs_CN; study_2_LOD_vs_CN; study_5_LOD_vs_CN; study_6_LOD_vs_CN; study_7_LOD_vs_CN",4,"study_1; study_11; study_6; study_7",0.000355653336349593
"DCHS1",-0.0502907169298446,-0.0751803234934458,-0.0254011103662435,-3.94475955538271,7.98800897969375e-05,0.860821482952443,-0.0537445605110191,-0.0938908832229497,-0.0140511586567198,5,1100,"study_1_LOD_vs_CN; study_11_LOD_vs_CN; study_2_LOD_vs_CN; study_5_LOD_vs_CN; study_6_LOD_vs_CN",3,"study_1; study_11; study_6",0.000869283330143143
"IL18BP",0.071918839722042,0.0376377429503734,0.106199936493711,3.94146436131015,8.0985669278957e-05,0.89339286903792,0.0723767459753857,0.0380925232951498,0.115244271778264,11,2335,"study_1_LOD_vs_CN; study_11_LOD_vs_CN; study_2_LOD_vs_CN; study_3_Olink_LOD_vs_CN; study_3_Soma_LOD_vs_CN; study_4_LOD_vs_CN; study_5_LOD_vs_CN; study_6_LOD_vs_CN; study_7_LOD_vs_CN; study_8_LOD_vs_CN; study_9_LOD_vs_CN",6,"study_1; study_11; study_4; study_6; study_7; study_8",0.00043327333064242
"TRHDE",-0.0416268883548609,-0.0652247818650524,-0.0180289948446693,-3.93053616266387,8.47566438979263e-05,0.386682860934883,-0.0412584080244224,-0.0535186150036456,-0.0351086108293785,6,1306,"study_1_LOD_vs_CN; study_11_LOD_vs_CN; study_2_LOD_vs_CN; study_5_LOD_vs_CN; study_6_LOD_vs_CN; study_7_LOD_vs_CN",4,"study_1; study_11; study_6; study_7",0.000386702187784289
"SNAP25",0.0989556630386828,0.0473526143371708,0.150558711740195,3.92234598281758,8.76909480197041e-05,0,NA,NA,NA,4,932,"study_1_LOD_vs_CN; study_11_LOD_vs_CN; study_2_LOD_vs_CN; study_5_LOD_vs_CN",2,"study_1; study_11",0.00132052251135554
"CDCP1",0.162319646290438,0.0795816555720889,0.245057637008788,3.91744003578429,8.9494297719845e-05,0,NA,NA,NA,4,956,"study_3_Olink_LOD_vs_CN; study_3_Soma_LOD_vs_CN; study_8_LOD_vs_CN; study_9_LOD_vs_CN",2,"study_3_Soma; study_8",0.00132176193555463
"NTNG2",-0.107535782233239,-0.159760930209533,-0.0553106342569448,-3.91699246208299,8.96605512137736e-05,0.579487994187185,-0.105376579975295,-0.145367155258809,-0.0701482885434414,4,918,"study_1_LOD_vs_CN; study_11_LOD_vs_CN; study_2_LOD_vs_CN; study_6_LOD_vs_CN",3,"study_1; study_11; study_6",0.000956953960070084
"APLP1",-0.0527072561966527,-0.0742847967133369,-0.0311297156799684,-3.90263302311597,9.51519132389005e-05,0.907227650975231,-0.0523674615766383,-0.0679293071401271,-0.0367679991486468,12,2661,"study_1_LOD_vs_CN; study_10_LOD_vs_CN; study_11_LOD_vs_CN; study_2_LOD_vs_CN; study_3_Olink_LOD_vs_CN; study_3_Soma_LOD_vs_CN; study_4_LOD_vs_CN; study_5_LOD_vs_CN; study_6_LOD_vs_CN; study_7_LOD_vs_CN; study_8_LOD_vs_CN; study_9_LOD_vs_CN",6,"study_1; study_11; study_4; study_6; study_7; study_8",0.000496646571539627
"SNED1",-0.0346738776083527,-0.0538628186044981,-0.0154849366122073,-3.90074991470386,9.58951740219414e-05,0.611391347686284,-0.0348953354993382,-0.0504654630738261,-0.0173133388456542,7,1439,"study_1_LOD_vs_CN; study_11_LOD_vs_CN; study_2_LOD_vs_CN; study_4_LOD_vs_CN; study_5_LOD_vs_CN; study_6_LOD_vs_CN; study_7_LOD_vs_CN",5,"study_1; study_11; study_4; study_6; study_7",0.000400779287080831
"TGFBR1",0.112814906783573,0.0578782891530539,0.167751524414092,3.8923122176313,9.92933480496412e-05,0.902475926781999,0.175106463042484,0.0835930171651202,0.329058658489235,4,612,"study_11_LOD_vs_CN; study_2_LOD_vs_CN; study_5_LOD_vs_CN; study_6_LOD_vs_CN",3,"study_11; study_2; study_6",0.0010349977135547
"RNH1",0.0805761042911396,0.0417160275070938,0.119436181075185,3.88889304822943,0.000100702480237755,0.404002044779735,0.0801375446932751,0.0587245613908981,0.107100397831741,5,1149,"study_1_LOD_vs_CN; study_11_LOD_vs_CN; study_2_LOD_vs_CN; study_5_LOD_vs_CN; study_6_LOD_vs_CN",3,"study_1; study_11; study_6",0.0010349977135547
"GLRX",0.0667186116554584,0.0325768121764064,0.10086041113451,3.88706446042534,0.000101463816974316,0.735780371120502,0.0664432193126985,0.0381536597527578,0.085281882256525,11,2351,"study_1_LOD_vs_CN; study_11_LOD_vs_CN; study_2_LOD_vs_CN; study_3_Olink_LOD_vs_CN; study_3_Soma_LOD_vs_CN; study_4_LOD_vs_CN; study_5_LOD_vs_CN; study_6_LOD_vs_CN; study_7_LOD_vs_CN; study_8_LOD_vs_CN; study_9_LOD_vs_CN",6,"study_1; study_11; study_4; study_6; study_7; study_8",0.000516982305535798
"SNCA",0.1417245576224,0.0688846054905309,0.214564509754269,3.87823349947005,0.000105217704391001,0,0.140015128292321,0.129772339737772,0.151389749399927,7,840,"study_1_LOD_vs_CN; study_11_LOD_vs_CN; study_2_LOD_vs_CN; study_3_Soma_LOD_vs_CN; study_5_LOD_vs_CN; study_6_LOD_vs_CN; study_7_LOD_vs_CN",4,"study_1; study_11; study_6; study_7",0.000475106747662459
"PEDS1-UBE2V1",0.0800098968330599,0.0377377618971193,0.122282031769001,3.86172031638318,0.000112591415513131,0.39768705355477,NA,NA,NA,2,182,"study_2_LOD_vs_CN; study_7_LOD_vs_CN",2,"study_2; study_7",0.00163151334177519
"APOC3",-0.0996626661423866,-0.156639547297195,-0.0426857849875781,-3.85922724429367,0.000113746131417519,0.853564429498258,-0.10140212034811,-0.18505410064851,-0.0134788436638796,8,1701,"study_1_LOD_vs_CN; study_10_LOD_vs_CN; study_11_LOD_vs_CN; study_2_LOD_vs_CN; study_4_LOD_vs_CN; study_5_LOD_vs_CN; study_6_LOD_vs_CN; study_7_LOD_vs_CN",5,"study_1; study_11; study_4; study_6; study_7",0.000472815000324715
"TNFRSF11A",0.16397885882987,0.0798748449451915,0.248082872714549,3.85500192459197,0.000115728718735078,0,NA,NA,NA,5,975,"study_2_LOD_vs_CN; study_3_Olink_LOD_vs_CN; study_3_Soma_LOD_vs_CN; study_8_LOD_vs_CN; study_9_LOD_vs_CN",2,"study_2; study_8",0.00163987526157714
"MAP2K6",0.0865009043937292,0.0422997915924467,0.130702017195012,3.85141147364917,0.000117438983576488,0,NA,NA,NA,3,929,"study_3_Olink_LOD_vs_CN; study_8_LOD_vs_CN; study_9_LOD_vs_CN",2,"study_3_Olink; study_8",0.00163987526157714
"ITGB4",0.0766719490594433,0.0348238091817008,0.118520088937186,3.85025159985915,0.000117996548758974,0.925827279645274,0.0833758063435936,0.045829805352006,0.107347574298786,5,1014,"study_1_LOD_vs_CN; study_11_LOD_vs_CN; study_2_LOD_vs_CN; study_5_LOD_vs_CN; study_6_LOD_vs_CN",3,"study_1; study_11; study_6",0.00119069244656783
"FJX1",-0.0806277807897497,-0.120147856089898,-0.0411077054896019,-3.84713341422888,0.000119507899556982,0.764441548792826,-0.0800170439248242,-0.0974710769104571,-0.0631177833826154,7,1203,"study_1_LOD_vs_CN; study_11_LOD_vs_CN; study_2_LOD_vs_CN; study_3_Soma_LOD_vs_CN; study_5_LOD_vs_CN; study_6_LOD_vs_CN; study_7_LOD_vs_CN",4,"study_1; study_11; study_6; study_7",0.00053412714291794
"SORCS1",-0.0465370293240491,-0.070305105712017,-0.0227689529360811,-3.82888456780196,0.000128725362183927,0.840983487411116,-0.0461414336734585,-0.0688177732751126,-0.0366199453662551,8,1454,"study_1_LOD_vs_CN; study_11_LOD_vs_CN; study_2_LOD_vs_CN; study_3_Soma_LOD_vs_CN; study_4_LOD_vs_CN; study_5_LOD_vs_CN; study_6_LOD_vs_CN; study_7_LOD_vs_CN",5,"study_1; study_11; study_4; study_6; study_7",0.000529854144099436
"SLITRK1",-0.0802800851676388,-0.112712633940129,-0.0478475363951485,-3.82865362016453,0.00012884619628946,0.914032779889419,-0.0795307542228212,-0.116003445419569,-0.0405809299516896,9,1723,"study_1_LOD_vs_CN; study_10_LOD_vs_CN; study_11_LOD_vs_CN; study_2_LOD_vs_CN; study_3_Soma_LOD_vs_CN; study_4_LOD_vs_CN; study_5_LOD_vs_CN; study_6_LOD_vs_CN; study_7_LOD_vs_CN",5,"study_1; study_11; study_4; study_6; study_7",0.000529854144099436
"AKAP12",0.0681761230012476,0.0313498431590096,0.105002402843486,3.82529655523076,0.000130614760848112,0.768019457703552,0.0702255965754408,0.0532762786847403,0.0863250846735083,6,1060,"study_1_LOD_vs_CN; study_11_LOD_vs_CN; study_2_LOD_vs_CN; study_5_LOD_vs_CN; study_6_LOD_vs_CN; study_7_LOD_vs_CN",4,"study_1; study_11; study_6; study_7",0.000577871366176496
"ALB",-0.0571964580121847,-0.0960067230483078,-0.0183861929760616,-3.81975724701886,0.000133583077461658,0.706510278404506,-0.0572316115395716,-0.084054885790677,-0.0209643217487418,8,1482,"study_1_LOD_vs_CN; study_11_LOD_vs_CN; study_2_LOD_vs_CN; study_3_Soma_LOD_vs_CN; study_4_LOD_vs_CN; study_5_LOD_vs_CN; study_6_LOD_vs_CN; study_7_LOD_vs_CN",5,"study_1; study_11; study_4; study_6; study_7",0.00054641163068093
"CXCL16",0.0506108331235995,0.0248225084293669,0.0763991578178321,3.81352349554205,0.000136999494477669,0.51393613202386,0.0506000823473153,0.0335766740398084,0.0613541044949673,12,2607,"study_1_LOD_vs_CN; study_10_LOD_vs_CN; study_11_LOD_vs_CN; study_2_LOD_vs_CN; study_3_Olink_LOD_vs_CN; study_3_Soma_LOD_vs_CN; study_4_LOD_vs_CN; study_5_LOD_vs_CN; study_6_LOD_vs_CN; study_7_LOD_vs_CN; study_8_LOD_vs_CN; study_9_LOD_vs_CN",6,"study_1; study_11; study_4; study_6; study_7; study_8",0.000681811437633051
"IGLV1-47",-0.0896187093515213,-0.142835274231807,-0.0364021444712357,-3.81040949106953,0.00013873679872742,0,-0.0905650853102179,-0.115840577136437,-0.0667122867595151,6,1334,"study_1_LOD_vs_CN; study_11_LOD_vs_CN; study_2_LOD_vs_CN; study_5_LOD_vs_CN; study_6_LOD_vs_CN; study_7_LOD_vs_CN",4,"study_1; study_11; study_6; study_7",0.000607667178426101
"BCAM",0.0575809209586485,0.0276847375259377,0.0874771043913592,3.7927057865506,0.000149014670984516,0.906843064833813,0.0573712202853188,0.0235805938275991,0.0728066642039813,11,2405,"study_1_LOD_vs_CN; study_11_LOD_vs_CN; study_2_LOD_vs_CN; study_3_Olink_LOD_vs_CN; study_3_Soma_LOD_vs_CN; study_4_LOD_vs_CN; study_5_LOD_vs_CN; study_6_LOD_vs_CN; study_7_LOD_vs_CN; study_8_LOD_vs_CN; study_9_LOD_vs_CN",6,"study_1; study_11; study_4; study_6; study_7; study_8",0.0007247531725156
"GSTP1",0.050005105744933,0.0265506623790302,0.0734595491108359,3.79252978842703,0.000149120355927903,0.621284564641725,0.050970221893568,0.03738622831108,0.0662826253974128,9,1475,"study_1_LOD_vs_CN; study_11_LOD_vs_CN; study_2_LOD_vs_CN; study_3_Olink_LOD_vs_CN; study_3_Soma_LOD_vs_CN; study_4_LOD_vs_CN; study_5_LOD_vs_CN; study_6_LOD_vs_CN; study_7_LOD_vs_CN",5,"study_1; study_11; study_4; study_6; study_7",0.000606738379410358
"FABP2",-0.176672927483602,-0.272068161163093,-0.0812776938041104,-3.78745703838793,0.000152196990422336,0.829022104592562,NA,NA,NA,3,928,"study_3_Olink_LOD_vs_CN; study_8_LOD_vs_CN; study_9_LOD_vs_CN",2,"study_3_Olink; study_8",0.00208727301150632
"CSPG4",0.0302681475439886,0.0141160243001245,0.0464202707878526,3.76317730458802,0.000167768167081893,0.559210819635766,0.0308746913124868,0.0249271010661669,0.0359941615061262,7,1445,"study_1_LOD_vs_CN; study_11_LOD_vs_CN; study_2_LOD_vs_CN; study_4_LOD_vs_CN; study_5_LOD_vs_CN; study_6_LOD_vs_CN; study_7_LOD_vs_CN",5,"study_1; study_11; study_4; study_6; study_7",0.00067706763026224
"FN1",0.0350674058462084,0.0158797355192308,0.054255076173186,3.76258467758155,0.000168166342496863,0.872967389116628,0.0371257886293933,0.0198465525998547,0.0567594308485428,9,1732,"study_1_LOD_vs_CN; study_10_LOD_vs_CN; study_11_LOD_vs_CN; study_2_LOD_vs_CN; study_3_Soma_LOD_vs_CN; study_4_LOD_vs_CN; study_5_LOD_vs_CN; study_6_LOD_vs_CN; study_7_LOD_vs_CN",5,"study_1; study_11; study_4; study_6; study_7",0.00067706763026224
"RABL3",-0.267567380253135,-0.369934994271643,-0.165199766234626,-3.75833233481885,0.000171049597335004,0.950020356115403,NA,NA,NA,2,88,"study_3_Soma_LOD_vs_CN; study_6_LOD_vs_CN",2,"study_3_Soma; study_6",0.00226616018178592
"FAM3D",-0.179019032231182,-0.277649819366286,-0.0803882450960779,-3.75819672692004,0.000171142305395291,0,NA,NA,NA,2,294,"study_11_LOD_vs_CN; study_3_Soma_LOD_vs_CN",2,"study_11; study_3_Soma",0.00226616018178592
"CD83",0.0868611371398325,0.0328437478554452,0.14087852642422,3.7563725106777,0.000172394030057756,0.415736590302549,0.0841937659904953,0.0368917427733746,0.115446262740278,9,1814,"study_1_LOD_vs_CN; study_11_LOD_vs_CN; study_2_LOD_vs_CN; study_3_Olink_LOD_vs_CN; study_3_Soma_LOD_vs_CN; study_5_LOD_vs_CN; study_6_LOD_vs_CN; study_8_LOD_vs_CN; study_9_LOD_vs_CN",4,"study_1; study_11; study_6; study_8",0.000747609754111854
"HS6ST3",-0.0706483197298855,-0.0980228696722546,-0.0432737697875165,-3.74837759968975,0.000177982160016293,0.935225740292428,-0.0703635517301177,-0.0973193569461826,-0.0439051947739468,8,1482,"study_1_LOD_vs_CN; study_11_LOD_vs_CN; study_2_LOD_vs_CN; study_3_Soma_LOD_vs_CN; study_4_LOD_vs_CN; study_5_LOD_vs_CN; study_6_LOD_vs_CN; study_7_LOD_vs_CN",5,"study_1; study_11; study_4; study_6; study_7",0.000712855630481923
"SERPINA6",-0.0652846618824865,-0.104417084518777,-0.0261522392461963,-3.73328325028583,0.000188999843858337,0.460314512063304,-0.0656521410772136,-0.0924023031124094,-0.0338994546103301,8,1705,"study_1_LOD_vs_CN; study_10_LOD_vs_CN; study_11_LOD_vs_CN; study_2_LOD_vs_CN; study_4_LOD_vs_CN; study_5_LOD_vs_CN; study_6_LOD_vs_CN; study_7_LOD_vs_CN",5,"study_1; study_11; study_4; study_6; study_7",0.000753061554026225
"CAPZA2",0.121636705858573,0.0595142923007544,0.183759119416392,3.72421398988469,0.000195924689277182,0.775640745590189,NA,NA,NA,2,547,"study_11_LOD_vs_CN; study_2_LOD_vs_CN",2,"study_11; study_2",0.00255034171804874
"NSF",0.0315472769107696,0.010172940487476,0.0529216133340633,3.71134101808453,0.000206164135875127,0.829376176115707,0.030798886505706,0.00206370672719552,0.0419232536375564,8,1447,"study_1_LOD_vs_CN; study_11_LOD_vs_CN; study_2_LOD_vs_CN; study_3_Soma_LOD_vs_CN; study_4_LOD_vs_CN; study_5_LOD_vs_CN; study_6_LOD_vs_CN; study_7_LOD_vs_CN",5,"study_1; study_11; study_4; study_6; study_7",0.000817217631381302
"XXYLT1",-0.0422368602731779,-0.0624894091109662,-0.0219843114353896,-3.69937313438826,0.000216132645296823,0.719631121076014,-0.0424829138900299,-0.0510229806200613,-0.0284827376639616,8,1479,"study_1_LOD_vs_CN; study_11_LOD_vs_CN; study_2_LOD_vs_CN; study_3_Soma_LOD_vs_CN; study_4_LOD_vs_CN; study_5_LOD_vs_CN; study_6_LOD_vs_CN; study_7_LOD_vs_CN",5,"study_1; study_11; study_4; study_6; study_7",0.000852338483247472
"ARHGAP36",-0.0791925496630825,-0.119665421066152,-0.0387196782600132,-3.69723220491447,0.000217962954832289,0.0875321185816084,-0.0807595670607497,-0.0885890219677227,-0.0706831962593255,5,707,"study_11_LOD_vs_CN; study_2_LOD_vs_CN; study_3_Soma_LOD_vs_CN; study_4_LOD_vs_CN; study_7_LOD_vs_CN",4,"study_11; study_2; study_4; study_7",0.000935958570750419
"CPB1",0.0935941903429062,0.0519174585134998,0.135270922172313,3.6925260385313,0.000222037598849981,0.895927299145762,0.0942466774929616,0.0537930806906817,0.124777257773572,10,2281,"study_1_LOD_vs_CN; study_11_LOD_vs_CN; study_2_LOD_vs_CN; study_3_Olink_LOD_vs_CN; study_3_Soma_LOD_vs_CN; study_5_LOD_vs_CN; study_6_LOD_vs_CN; study_7_LOD_vs_CN; study_8_LOD_vs_CN; study_9_LOD_vs_CN",5,"study_1; study_11; study_6; study_7; study_8",0.00086978609069927
"UQCC4",-0.0580704695374889,-0.0983486619344492,-0.0177922771405285,-3.69187844616269,0.000222603855196946,0,-0.0585201075454401,-0.06931472425561,-0.0531203286556345,5,1065,"study_1_LOD_vs_CN; study_11_LOD_vs_CN; study_2_LOD_vs_CN; study_5_LOD_vs_CN; study_6_LOD_vs_CN",3,"study_1; study_11; study_6",0.00220616320775545
"ADA2",0.0522412560462966,0.0270189306946622,0.0774635813979311,3.69163273116098,0.000222819063547147,0.629190152630196,0.052855816523165,0.0412991688948958,0.0626856783710144,8,1471,"study_1_LOD_vs_CN; study_11_LOD_vs_CN; study_2_LOD_vs_CN; study_3_Soma_LOD_vs_CN; study_4_LOD_vs_CN; study_5_LOD_vs_CN; study_6_LOD_vs_CN; study_7_LOD_vs_CN",5,"study_1; study_11; study_4; study_6; study_7",0.00086978609069927
"GABARAP",0.0475475231515113,0.00736048386324759,0.0877345624397751,3.68695221022621,0.000226955958044621,0.85348684156229,NA,NA,NA,4,816,"study_1_LOD_vs_CN; study_11_LOD_vs_CN; study_3_Soma_LOD_vs_CN; study_5_LOD_vs_CN",2,"study_1; study_11",0.00290503626297115
"MPI",0.0591883088290552,0.0276586975995943,0.0907179200585161,3.67301304045677,0.000239707245563183,0,NA,NA,NA,5,1075,"study_1_LOD_vs_CN; study_11_LOD_vs_CN; study_2_LOD_vs_CN; study_3_Soma_LOD_vs_CN; study_5_LOD_vs_CN",2,"study_1; study_11",0.00301795351791024
"LILRA2",0.0785686333992355,0.0449183926417578,0.112218874156713,3.66364822466606,0.000248648217446953,0.89369111958998,0.0817308525886577,0.0497412639013678,0.136776369070519,8,1389,"study_1_LOD_vs_CN; study_11_LOD_vs_CN; study_2_LOD_vs_CN; study_3_Soma_LOD_vs_CN; study_4_LOD_vs_CN; study_5_LOD_vs_CN; study_6_LOD_vs_CN; study_7_LOD_vs_CN",5,"study_1; study_11; study_4; study_6; study_7",0.000965709490993468
"APMAP",-0.0733304126543861,-0.114054864747769,-0.0326059605610028,-3.65883430102815,0.000253365083410708,0.55274215076703,-0.0745536450892381,-0.11167652484262,-0.0434555057491959,8,1419,"study_1_LOD_vs_CN; study_11_LOD_vs_CN; study_2_LOD_vs_CN; study_3_Soma_LOD_vs_CN; study_4_LOD_vs_CN; study_5_LOD_vs_CN; study_6_LOD_vs_CN; study_7_LOD_vs_CN",5,"study_1; study_11; study_4; study_6; study_7",0.000979084166546906
"ARHGDIA",0.0684834485034626,0.0355329406006411,0.101433956406284,3.65857625096709,0.000253620285417129,0.842673906617972,0.0657582709416321,0.0188121189965259,0.113325262921188,5,1130,"study_1_LOD_vs_CN; study_11_LOD_vs_CN; study_2_LOD_vs_CN; study_5_LOD_vs_CN; study_6_LOD_vs_CN",3,"study_1; study_11; study_6",0.00246946067379836
"SERPINB8",0.193469042904878,0.0893801740505825,0.297557911759174,3.65834967310324,0.000253844561316185,0,NA,NA,NA,5,982,"study_2_LOD_vs_CN; study_3_Olink_LOD_vs_CN; study_3_Soma_LOD_vs_CN; study_8_LOD_vs_CN; study_9_LOD_vs_CN",2,"study_2; study_8",0.00314439714662629
"IFNAR2",-0.0454442520732093,-0.0689736164801145,-0.0219148876663041,-3.65420190451091,0.000257983200240267,0.42737285526064,-0.0460671179866544,-0.0605849298065733,-0.0366762863313323,6,1176,"study_1_LOD_vs_CN; study_11_LOD_vs_CN; study_2_LOD_vs_CN; study_4_LOD_vs_CN; study_5_LOD_vs_CN; study_6_LOD_vs_CN",4,"study_1; study_11; study_4; study_6",0.00109705477383725
"HGF",0.144578197527477,0.0670361887391105,0.222120206315843,3.64628941544796,0.000266054316475715,0,NA,NA,NA,4,956,"study_3_Olink_LOD_vs_CN; study_3_Soma_LOD_vs_CN; study_8_LOD_vs_CN; study_9_LOD_vs_CN",2,"study_3_Soma; study_8",0.00324332881037062
"EFEMP1",0.0628212904937562,0.0316362461719173,0.0940063348155951,3.64403392166945,0.000268398022986984,0.923235231594164,0.0628392739583916,0.0271919584577379,0.0845902973888601,12,2661,"study_1_LOD_vs_CN; study_10_LOD_vs_CN; study_11_LOD_vs_CN; study_2_LOD_vs_CN; study_3_Olink_LOD_vs_CN; study_3_Soma_LOD_vs_CN; study_4_LOD_vs_CN; study_5_LOD_vs_CN; study_6_LOD_vs_CN; study_7_LOD_vs_CN; study_8_LOD_vs_CN; study_9_LOD_vs_CN",6,"study_1; study_11; study_4; study_6; study_7; study_8",0.00127638170931588
"SERPINF2",-0.0600528157011646,-0.0992516292719068,-0.0208540021304224,-3.63913442778581,0.000273555979363174,0.683060148935366,-0.0601017256683181,-0.0859057197165411,-0.0246222423674135,9,1732,"study_1_LOD_vs_CN; study_10_LOD_vs_CN; study_11_LOD_vs_CN; study_2_LOD_vs_CN; study_3_Soma_LOD_vs_CN; study_4_LOD_vs_CN; study_5_LOD_vs_CN; study_6_LOD_vs_CN; study_7_LOD_vs_CN",5,"study_1; study_11; study_4; study_6; study_7",0.0010518227406514
"TIMP1",0.0490550225183153,0.023366204681163,0.0747438403554677,3.62904995027423,0.000284466199659962,0.82050500464321,0.0486016697450239,0.0325111256557576,0.0669413866396546,12,2660,"study_1_LOD_vs_CN; study_10_LOD_vs_CN; study_11_LOD_vs_CN; study_2_LOD_vs_CN; study_3_Olink_LOD_vs_CN; study_3_Soma_LOD_vs_CN; study_4_LOD_vs_CN; study_5_LOD_vs_CN; study_6_LOD_vs_CN; study_7_LOD_vs_CN; study_8_LOD_vs_CN; study_9_LOD_vs_CN",6,"study_1; study_11; study_4; study_6; study_7; study_8",0.00132338623320069
"TENM1",-0.0501518704283084,-0.0778846678793568,-0.02241907297726,-3.6180614248177,0.000296817960506135,0,-0.05205793059651,-0.0695634553831389,-0.0404342761137985,6,1236,"study_1_LOD_vs_CN; study_11_LOD_vs_CN; study_2_LOD_vs_CN; study_5_LOD_vs_CN; study_6_LOD_vs_CN; study_7_LOD_vs_CN",4,"study_1; study_11; study_6; study_7",0.00125006025674699
"EPHB3",-0.069605899901329,-0.104960623404136,-0.0342511763985223,-3.61785699231264,0.000297052444517184,0.744886831601957,-0.0740781986837221,-0.118649887719723,-0.0417919647178494,6,1149,"study_1_LOD_vs_CN; study_11_LOD_vs_CN; study_2_LOD_vs_CN; study_3_Soma_LOD_vs_CN; study_5_LOD_vs_CN; study_6_LOD_vs_CN",3,"study_1; study_11; study_6",0.0028424845983972
"TPBG",-0.0490255036462301,-0.0745130503228887,-0.0235379569695716,-3.61744236252596,0.000297528557631188,0.737956702918146,-0.0485849572046706,-0.0645638775188626,-0.0307112012223078,7,1413,"study_1_LOD_vs_CN; study_11_LOD_vs_CN; study_2_LOD_vs_CN; study_4_LOD_vs_CN; study_5_LOD_vs_CN; study_6_LOD_vs_CN; study_7_LOD_vs_CN",5,"study_1; study_11; study_4; study_6; study_7",0.00113830577521584
"WNT9A",0.101003035576327,0.0469056747494094,0.155100396403244,3.61027804171206,0.000305868949504948,0,NA,NA,NA,3,929,"study_3_Olink_LOD_vs_CN; study_8_LOD_vs_CN; study_9_LOD_vs_CN",2,"study_3_Olink; study_8",0.00367042739405937
"IGFBP3",0.0639565580873933,0.0285714150059856,0.0993417011688009,3.61026721777048,0.000305881714289711,0.77451823739292,0.0634111877307652,0.0495571833645611,0.0809509035254142,11,2410,"study_1_LOD_vs_CN; study_11_LOD_vs_CN; study_2_LOD_vs_CN; study_3_Olink_LOD_vs_CN; study_3_Soma_LOD_vs_CN; study_4_LOD_vs_CN; study_5_LOD_vs_CN; study_6_LOD_vs_CN; study_7_LOD_vs_CN; study_8_LOD_vs_CN; study_9_LOD_vs_CN",6,"study_1; study_11; study_4; study_6; study_7; study_8",0.00139273801825528
"ARF3",0.0836554721945909,0.0379681061646918,0.12934283822449,3.60573069078166,0.000311275824968219,0.660032531420269,0.0902429744564305,0.0624120100431412,0.115698866996037,6,758,"study_1_LOD_vs_CN; study_2_LOD_vs_CN; study_3_Soma_LOD_vs_CN; study_4_LOD_vs_CN; study_5_LOD_vs_CN; study_7_LOD_vs_CN",3,"study_1; study_4; study_7",0.00292810309927732
"IL17D",0.149285332916663,0.0700420228881598,0.228528642945167,3.59797343210074,0.000320706369310509,0.517437129882522,NA,NA,NA,4,955,"study_3_Olink_LOD_vs_CN; study_3_Soma_LOD_vs_CN; study_8_LOD_vs_CN; study_9_LOD_vs_CN",2,"study_3_Soma; study_8",0.00378926910200724
"NUTF2",0.0360009018108914,0.0128746202107379,0.0591271834110449,3.59757643322527,0.000321196124287876,0.56370634750173,0.0351850456670906,0.01465042737448,0.0444244698713741,8,1398,"study_1_LOD_vs_CN; study_11_LOD_vs_CN; study_2_LOD_vs_CN; study_3_Soma_LOD_vs_CN; study_4_LOD_vs_CN; study_5_LOD_vs_CN; study_6_LOD_vs_CN; study_7_LOD_vs_CN",5,"study_1; study_11; study_4; study_6; study_7",0.00122277138404642
"SF3A1",-0.0602758929845897,-0.099109605861114,-0.0214421801080654,-3.59100037159266,0.000329411166357866,0.206705252059426,-0.0611467217508395,-0.0834075613177999,-0.045905400964011,7,1299,"study_1_LOD_vs_CN; study_11_LOD_vs_CN; study_2_LOD_vs_CN; study_4_LOD_vs_CN; study_5_LOD_vs_CN; study_6_LOD_vs_CN; study_7_LOD_vs_CN",5,"study_1; study_11; study_4; study_6; study_7",0.00124786791590738
"UBE2L3",0.0524063858868961,-0.00326631400752388,0.108079085781316,3.58929079055241,0.000331578810788937,0.2360311388393,0.0498776024258656,0.0207911998340938,0.0611114008825016,6,1280,"study_1_LOD_vs_CN; study_11_LOD_vs_CN; study_2_LOD_vs_CN; study_5_LOD_vs_CN; study_6_LOD_vs_CN; study_7_LOD_vs_CN",4,"study_1; study_11; study_6; study_7",0.00138315732500528
"EPHA4",-0.0663487375081105,-0.0927357002702575,-0.0399617747459634,-3.58841975126825,0.000332688361338856,0.942634470639637,-0.0658614545370965,-0.0913225092454462,-0.0428241973868479,9,1732,"study_1_LOD_vs_CN; study_10_LOD_vs_CN; study_11_LOD_vs_CN; study_2_LOD_vs_CN; study_3_Soma_LOD_vs_CN; study_4_LOD_vs_CN; study_5_LOD_vs_CN; study_6_LOD_vs_CN; study_7_LOD_vs_CN",5,"study_1; study_11; study_4; study_6; study_7",0.00125410465622343
"MAMDC2",0.0463904543673194,0.0222829354444673,0.0704979732901715,3.58155209115247,0.000341559016392165,0.682141332027776,0.0452700136341957,0.0379994325424683,0.0556982701590916,6,1234,"study_1_LOD_vs_CN; study_11_LOD_vs_CN; study_2_LOD_vs_CN; study_5_LOD_vs_CN; study_6_LOD_vs_CN; study_7_LOD_vs_CN",4,"study_1; study_11; study_6; study_7",0.0014113476337714
"PODXL2",-0.0277410975260635,-0.0468932353773344,-0.00858895967479262,-3.5805221559606,0.000342908263701783,0.761741018464974,-0.0274728825934629,-0.0436066790871968,-0.0183477392808771,11,2562,"study_1_LOD_vs_CN; study_10_LOD_vs_CN; study_11_LOD_vs_CN; study_2_LOD_vs_CN; study_3_Olink_LOD_vs_CN; study_4_LOD_vs_CN; study_5_LOD_vs_CN; study_6_LOD_vs_CN; study_7_LOD_vs_CN; study_8_LOD_vs_CN; study_9_LOD_vs_CN",6,"study_1; study_11; study_4; study_6; study_7; study_8",0.00152879934233711
"LRFN5",-0.120968911796384,-0.186075847534999,-0.0558619760577687,-3.57905261868107,0.000344842038014485,0,NA,NA,NA,2,430,"study_11_LOD_vs_CN; study_2_LOD_vs_CN",2,"study_11; study_2",0.00401270735144129
"MAP1LC3B",0.0856709507698563,0.0407588989858181,0.130583002553895,3.57420152508351,0.000351298290552895,0.776540594198539,0.0839029258299222,0.070629622884457,0.110106194597972,3,678,"study_11_LOD_vs_CN; study_3_Soma_LOD_vs_CN; study_7_LOD_vs_CN",3,"study_11; study_3_Soma; study_7",0.00324950918761428
"APOC1",-0.104679587154472,-0.161263608168668,-0.048095566140275,-3.56769595254859,0.000360134043493281,0.717515102179066,-0.106829344961328,-0.171899445745211,-0.0519710473207633,9,1731,"study_1_LOD_vs_CN; study_10_LOD_vs_CN; study_11_LOD_vs_CN; study_2_LOD_vs_CN; study_3_Soma_LOD_vs_CN; study_4_LOD_vs_CN; study_5_LOD_vs_CN; study_6_LOD_vs_CN; study_7_LOD_vs_CN",5,"study_1; study_11; study_4; study_6; study_7",0.00135094185095772
"PCDH1",-0.03738812323742,-0.0557607128426662,-0.0190155336321738,-3.56363681305099,0.000365751924772779,0.885608173499025,-0.0365948371066336,-0.0546243220018328,-0.0180317071138569,9,1507,"study_1_LOD_vs_CN; study_11_LOD_vs_CN; study_2_LOD_vs_CN; study_3_Olink_LOD_vs_CN; study_3_Soma_LOD_vs_CN; study_4_LOD_vs_CN; study_5_LOD_vs_CN; study_6_LOD_vs_CN; study_7_LOD_vs_CN",5,"study_1; study_11; study_4; study_6; study_7",0.00136535548616635
"FLT3LG",0.133398395958828,0.0621639504894996,0.204632841428157,3.55488765181991,0.000378140629629864,0.85779144879988,NA,NA,NA,4,956,"study_3_Olink_LOD_vs_CN; study_3_Soma_LOD_vs_CN; study_8_LOD_vs_CN; study_9_LOD_vs_CN",2,"study_3_Soma; study_8",0.00433450751575725
"WSCD1",-0.0455751512351663,-0.0677838210540996,-0.023366481416233,-3.55198705407612,0.000382333670963526,0.667148949012684,-0.0461541028843275,-0.0542700953275044,-0.0374114067419085,7,1434,"study_1_LOD_vs_CN; study_11_LOD_vs_CN; study_2_LOD_vs_CN; study_4_LOD_vs_CN; study_5_LOD_vs_CN; study_6_LOD_vs_CN; study_7_LOD_vs_CN",5,"study_1; study_11; study_4; study_6; study_7",0.00142036035251667
"SEMA6B",-0.0412489133490005,-0.0649601411961528,-0.0175376855018483,-3.54990683580525,0.000385367503678956,0,-0.0413023003675707,-0.0502103764796588,-0.0297152754043629,8,1389,"study_1_LOD_vs_CN; study_11_LOD_vs_CN; study_2_LOD_vs_CN; study_3_Soma_LOD_vs_CN; study_4_LOD_vs_CN; study_5_LOD_vs_CN; study_6_LOD_vs_CN; study_7_LOD_vs_CN",5,"study_1; study_11; study_4; study_6; study_7",0.0014247481265823
"AFM",-0.0787003639835821,-0.125503471068267,-0.031897256898897,-3.54653049919099,0.000390339556786556,0.396074254426279,-0.0771226399917774,-0.0901937146989298,-0.0470209643848706,9,1731,"study_1_LOD_vs_CN; study_10_LOD_vs_CN; study_11_LOD_vs_CN; study_2_LOD_vs_CN; study_3_Soma_LOD_vs_CN; study_4_LOD_vs_CN; study_5_LOD_vs_CN; study_6_LOD_vs_CN; study_7_LOD_vs_CN",5,"study_1; study_11; study_4; study_6; study_7",0.00143622545056872
"PSMB7",0.139950989270727,0.0617840115765814,0.218117966964872,3.546487376281,0.000390403446317611,0,NA,NA,NA,5,900,"study_1_LOD_vs_CN; study_11_LOD_vs_CN; study_2_LOD_vs_CN; study_3_Soma_LOD_vs_CN; study_5_LOD_vs_CN",2,"study_1; study_11",0.00440926245252831
"FAM20B",-0.0286838639607694,-0.044927958263747,-0.0124397696577918,-3.54052140187785,0.000399337245839275,0.743907246145782,-0.0285042246662802,-0.0376031744526188,-0.0199817137173094,8,1481,"study_1_LOD_vs_CN; study_11_LOD_vs_CN; study_2_LOD_vs_CN; study_3_Soma_LOD_vs_CN; study_4_LOD_vs_CN; study_5_LOD_vs_CN; study_6_LOD_vs_CN; study_7_LOD_vs_CN",5,"study_1; study_11; study_4; study_6; study_7",0.00145665829699362
"CCER2",-0.0484126240384193,-0.0770096525425246,-0.019815595534314,-3.54029416185602,0.000399681275247924,0.807399976178953,-0.0491304134961682,-0.0558573497909818,-0.0335488133983897,7,1385,"study_1_LOD_vs_CN; study_11_LOD_vs_CN; study_2_LOD_vs_CN; study_4_LOD_vs_CN; study_5_LOD_vs_CN; study_6_LOD_vs_CN; study_7_LOD_vs_CN",5,"study_1; study_11; study_4; study_6; study_7",0.00145665829699362
"NRXN3",-0.0443157147828954,-0.0637135298637809,-0.02491789970201,-3.53472193499899,0.000408204476421035,0.895779813453992,-0.0446056442012945,-0.0608243584959193,-0.0308130656265046,9,1732,"study_1_LOD_vs_CN; study_10_LOD_vs_CN; study_11_LOD_vs_CN; study_2_LOD_vs_CN; study_3_Soma_LOD_vs_CN; study_4_LOD_vs_CN; study_5_LOD_vs_CN; study_6_LOD_vs_CN; study_7_LOD_vs_CN",5,"study_1; study_11; study_4; study_6; study_7",0.0014803291813736
"CELSR2",-0.0513585124310223,-0.0754733103405391,-0.0272437145215055,-3.53354508032654,0.000410026158169801,0.890156527570813,-0.0514118472685513,-0.0872572817689512,-0.0253141461830914,8,1602,"study_1_LOD_vs_CN; study_10_LOD_vs_CN; study_11_LOD_vs_CN; study_2_LOD_vs_CN; study_4_LOD_vs_CN; study_5_LOD_vs_CN; study_6_LOD_vs_CN; study_7_LOD_vs_CN",5,"study_1; study_11; study_4; study_6; study_7",0.0014803291813736
"CNTN3",-0.0288938742666381,-0.0442074614023006,-0.0135802871309756,-3.52868454524977,0.000417630640358958,0.921524537088868,-0.0289726095578397,-0.0456147276365298,-0.0160904713939324,8,1479,"study_1_LOD_vs_CN; study_11_LOD_vs_CN; study_2_LOD_vs_CN; study_3_Soma_LOD_vs_CN; study_4_LOD_vs_CN; study_5_LOD_vs_CN; study_6_LOD_vs_CN; study_7_LOD_vs_CN",5,"study_1; study_11; study_4; study_6; study_7",0.00150073814222448
"TIMP3",0.0486674891309738,0.0216440619643542,0.0756909162975934,3.52733515246304,0.000419765055673133,0,NA,NA,NA,5,997,"study_1_LOD_vs_CN; study_11_LOD_vs_CN; study_2_LOD_vs_CN; study_3_Soma_LOD_vs_CN; study_5_LOD_vs_CN",2,"study_1; study_11",0.00467216757618792
"PVALB",0.0451132247718511,0.0203958158755224,0.0698306336681798,3.51830017694678,0.000434320772130408,0,0.0453240692936266,0.0407337730879357,0.0489342285662178,10,2384,"study_1_LOD_vs_CN; study_11_LOD_vs_CN; study_2_LOD_vs_CN; study_3_Olink_LOD_vs_CN; study_4_LOD_vs_CN; study_5_LOD_vs_CN; study_6_LOD_vs_CN; study_7_LOD_vs_CN; study_8_LOD_vs_CN; study_9_LOD_vs_CN",6,"study_1; study_11; study_4; study_6; study_7; study_8",0.00189682949461035
"FCGR3B",0.0943011400822006,0.0390730761449019,0.149529204019499,3.51367133746146,0.000441959280412455,0.836404835481797,0.0918510380410908,0.0120142871083448,0.154949590552787,7,1612,"study_11_LOD_vs_CN; study_2_LOD_vs_CN; study_3_Olink_LOD_vs_CN; study_3_Soma_LOD_vs_CN; study_7_LOD_vs_CN; study_8_LOD_vs_CN; study_9_LOD_vs_CN",4,"study_11; study_2; study_7; study_8",0.00180914172729585
"TNFRSF6B",0.166213185874331,0.0631866541112836,0.269239717637378,3.50609991050598,0.00045472449636089,0,NA,NA,NA,4,1184,"study_1_LOD_vs_CN; study_3_Olink_LOD_vs_CN; study_8_LOD_vs_CN; study_9_LOD_vs_CN",2,"study_1; study_8",0.00498897733150233
"PREP",0.0327364795171417,0.011828856770071,0.0536441022642125,3.5054060844741,0.000455911317105419,0.845806054004587,0.0331237324840346,0.00390598078656391,0.0558990575269539,6,1176,"study_1_LOD_vs_CN; study_11_LOD_vs_CN; study_2_LOD_vs_CN; study_3_Soma_LOD_vs_CN; study_5_LOD_vs_CN; study_6_LOD_vs_CN",3,"study_1; study_11; study_6",0.0041480455900575
"SPRING1",-0.0398286020132296,-0.0606266582556321,-0.0190305457708271,-3.48074200967684,0.000500026870105821,0.782138022548493,-0.0398837370479621,-0.0525559005664354,-0.0299407176116252,7,1311,"study_1_LOD_vs_CN; study_11_LOD_vs_CN; study_2_LOD_vs_CN; study_4_LOD_vs_CN; study_5_LOD_vs_CN; study_6_LOD_vs_CN; study_7_LOD_vs_CN",5,"study_1; study_11; study_4; study_6; study_7",0.00177587089101794
"LTBP1",0.042713603903557,0.0231801594542751,0.0622470483528389,3.4805023926121,0.000500474354017209,0.824744465555574,0.0445400076455475,0.0285325633554316,0.0576923172318229,8,1578,"study_1_LOD_vs_CN; study_10_LOD_vs_CN; study_11_LOD_vs_CN; study_2_LOD_vs_CN; study_4_LOD_vs_CN; study_5_LOD_vs_CN; study_6_LOD_vs_CN; study_7_LOD_vs_CN",5,"study_1; study_11; study_4; study_6; study_7",0.00177587089101794
"HCRT",-0.0689586371211587,-0.106822838538031,-0.0310944357042865,-3.48047793492739,0.000500520049639738,0.283868952651621,NA,NA,NA,4,966,"study_1_LOD_vs_CN; study_11_LOD_vs_CN; study_2_LOD_vs_CN; study_5_LOD_vs_CN",2,"study_1; study_11",0.00541407602990589
"CHGA",-0.0918699767999687,-0.137039413368559,-0.0467005402313782,-3.48015513686239,0.000501123515410783,0.857004508382495,-0.0911369356938625,-0.143204448205325,-0.0451150663447202,9,1679,"study_1_LOD_vs_CN; study_10_LOD_vs_CN; study_11_LOD_vs_CN; study_2_LOD_vs_CN; study_3_Soma_LOD_vs_CN; study_4_LOD_vs_CN; study_5_LOD_vs_CN; study_6_LOD_vs_CN; study_7_LOD_vs_CN",5,"study_1; study_11; study_4; study_6; study_7",0.00177587089101794
"IFNAR1",-0.0618405342316221,-0.0967386703375827,-0.0269423981256614,-3.47660959686199,0.000507796640441594,0,-0.0621391945585745,-0.0633479704423381,-0.0606245514010494,6,1063,"study_1_LOD_vs_CN; study_11_LOD_vs_CN; study_2_LOD_vs_CN; study_3_Soma_LOD_vs_CN; study_5_LOD_vs_CN; study_6_LOD_vs_CN",3,"study_1; study_11; study_6",0.0045310478010359
"LGALS9",0.118280444002134,0.0552068065893048,0.181354081414963,3.47582619124071,0.00050928223356771,0.86851251961574,NA,NA,NA,4,955,"study_3_Olink_LOD_vs_CN; study_3_Soma_LOD_vs_CN; study_8_LOD_vs_CN; study_9_LOD_vs_CN",2,"study_3_Soma; study_8",0.00543234382472224
"ADA",0.133946433900213,0.0613224705475451,0.206570397252881,3.4731774592319,0.000514335155793264,0.816904319952998,0.118878651620756,0.0156314684858356,0.202792878730117,6,1317,"study_11_LOD_vs_CN; study_2_LOD_vs_CN; study_3_Olink_LOD_vs_CN; study_5_LOD_vs_CN; study_8_LOD_vs_CN; study_9_LOD_vs_CN",3,"study_11; study_2; study_8",0.0045310478010359
"AHSG",-0.0649449797446315,-0.107314105265958,-0.0225758542233049,-3.47260191403519,0.000515439271966857,0.726936105097602,-0.0634907181482405,-0.0851665428515102,-0.0221881981193913,9,1732,"study_1_LOD_vs_CN; study_10_LOD_vs_CN; study_11_LOD_vs_CN; study_2_LOD_vs_CN; study_3_Soma_LOD_vs_CN; study_4_LOD_vs_CN; study_5_LOD_vs_CN; study_6_LOD_vs_CN; study_7_LOD_vs_CN",5,"study_1; study_11; study_4; study_6; study_7",0.00181670651883325
"NPC2",0.0317367882274026,0.0102388343422253,0.0532347421125798,3.47159742687448,0.00051737155737904,0.736398490824944,0.0321178856314897,0.0243328575117071,0.0424150189467888,8,1705,"study_1_LOD_vs_CN; study_10_LOD_vs_CN; study_11_LOD_vs_CN; study_2_LOD_vs_CN; study_4_LOD_vs_CN; study_5_LOD_vs_CN; study_6_LOD_vs_CN; study_7_LOD_vs_CN",5,"study_1; study_11; study_4; study_6; study_7",0.00181670651883325
"RNASE4",0.0447292392099292,0.0235780713950859,0.0658804070247726,3.46250013847912,0.000535181639142216,0.803309445371513,0.0448742321235593,0.0328564474287459,0.0583466194213965,9,1719,"study_1_LOD_vs_CN; study_10_LOD_vs_CN; study_11_LOD_vs_CN; study_2_LOD_vs_CN; study_3_Soma_LOD_vs_CN; study_4_LOD_vs_CN; study_5_LOD_vs_CN; study_6_LOD_vs_CN; study_7_LOD_vs_CN",5,"study_1; study_11; study_4; study_6; study_7",0.00187070309318347
"CD163",0.0699950363823515,0.03800297917857,0.101987093586133,3.45009484833262,0.000560389627354806,0.91903851732627,0.0698376623020203,0.0246232604040978,0.107957850927438,12,2651,"study_1_LOD_vs_CN; study_10_LOD_vs_CN; study_11_LOD_vs_CN; study_2_LOD_vs_CN; study_3_Olink_LOD_vs_CN; study_3_Soma_LOD_vs_CN; study_4_LOD_vs_CN; study_5_LOD_vs_CN; study_6_LOD_vs_CN; study_7_LOD_vs_CN; study_8_LOD_vs_CN; study_9_LOD_vs_CN",6,"study_1; study_11; study_4; study_6; study_7; study_8",0.00239846760507857
"GPLD1",-0.0538914641081669,-0.0880143004955559,-0.0197686277207778,-3.44951217044772,0.000561600415122556,0.80106600938882,-0.0529268886962774,-0.0708123930196623,-0.00879136710317689,7,1455,"study_1_LOD_vs_CN; study_11_LOD_vs_CN; study_2_LOD_vs_CN; study_4_LOD_vs_CN; study_5_LOD_vs_CN; study_6_LOD_vs_CN; study_7_LOD_vs_CN",5,"study_1; study_11; study_4; study_6; study_7",0.00195416615035858
"LRRTM2",-0.0330311711220505,-0.0520037478061124,-0.0140585944379887,-3.44893908008851,0.000562793656545286,0.621121829795057,-0.0313711058872259,-0.0414039172493384,-0.0120927547032207,7,1344,"study_1_LOD_vs_CN; study_11_LOD_vs_CN; study_2_LOD_vs_CN; study_3_Soma_LOD_vs_CN; study_5_LOD_vs_CN; study_6_LOD_vs_CN; study_7_LOD_vs_CN",4,"study_1; study_11; study_6; study_7",0.00228244094043366
"DFFA",0.119963144211098,0.0487151501806501,0.191211138241545,3.44691576417126,0.000567025347805269,0,NA,NA,NA,4,956,"study_3_Olink_LOD_vs_CN; study_3_Soma_LOD_vs_CN; study_8_LOD_vs_CN; study_9_LOD_vs_CN",2,"study_3_Soma; study_8",0.00596541735773214
"BTN3A2",0.116402807558341,0.0543665774888016,0.17843903762788,3.44436776161761,0.000572396556834572,0.871612831599786,0.111626500753841,0.0419757483652051,0.169240739736812,6,1430,"study_11_LOD_vs_CN; study_2_LOD_vs_CN; study_3_Olink_LOD_vs_CN; study_3_Soma_LOD_vs_CN; study_8_LOD_vs_CN; study_9_LOD_vs_CN",3,"study_11; study_2; study_8",0.00493356784865022
"PSMA4",0.11495932836263,0.0491029199641445,0.180815736761115,3.44182437951215,0.000577805243535611,0,0.111799380194193,0.0764741143164677,0.139291812332115,5,1124,"study_1_LOD_vs_CN; study_11_LOD_vs_CN; study_2_LOD_vs_CN; study_5_LOD_vs_CN; study_6_LOD_vs_CN",3,"study_1; study_11; study_6",0.00493356784865022
"SCN2B",0.0404282934977228,0.0132715256143306,0.067585061381115,3.43651220733026,0.000589255798620621,0.908730494927474,0.0439324950653879,-0.0105493073837898,0.0986932354952393,6,1073,"study_1_LOD_vs_CN; study_11_LOD_vs_CN; study_2_LOD_vs_CN; study_3_Soma_LOD_vs_CN; study_5_LOD_vs_CN; study_6_LOD_vs_CN",3,"study_1; study_11; study_6",0.00495510557930977
"GRP",-0.0895960922617718,-0.136009099932942,-0.043183084590602,-3.435270272791,0.000591963122341891,0.677628234527819,-0.0934197339369166,-0.131788177365409,-0.0639821245268145,7,1245,"study_1_LOD_vs_CN; study_11_LOD_vs_CN; study_2_LOD_vs_CN; study_4_LOD_vs_CN; study_5_LOD_vs_CN; study_6_LOD_vs_CN; study_7_LOD_vs_CN",5,"study_1; study_11; study_4; study_6; study_7",0.0020505389237879
"APOA1",-0.0665049410056536,-0.117032224597766,-0.0159776574135412,-3.43239650313839,0.000598272180522836,0.574970140706361,-0.0667662668532116,-0.0986650589756416,-0.0279885786513005,9,1732,"study_1_LOD_vs_CN; study_10_LOD_vs_CN; study_11_LOD_vs_CN; study_2_LOD_vs_CN; study_3_Soma_LOD_vs_CN; study_4_LOD_vs_CN; study_5_LOD_vs_CN; study_6_LOD_vs_CN; study_7_LOD_vs_CN",5,"study_1; study_11; study_4; study_6; study_7",0.0020631000305922
"ICAM1",0.0769060253819878,0.0458395144384443,0.107972536325531,3.42239185820173,0.00062072784259665,0.928472805712201,0.0765945666686592,0.0245793125646094,0.101446222917174,11,2378,"study_1_LOD_vs_CN; study_11_LOD_vs_CN; study_2_LOD_vs_CN; study_3_Olink_LOD_vs_CN; study_3_Soma_LOD_vs_CN; study_4_LOD_vs_CN; study_5_LOD_vs_CN; study_6_LOD_vs_CN; study_7_LOD_vs_CN; study_8_LOD_vs_CN; study_9_LOD_vs_CN",6,"study_1; study_11; study_4; study_6; study_7; study_8",0.00260462271207222
"ENPP5",0.0320593195304572,-0.00339966163714781,0.0675183006980623,3.41837597751196,0.000629960202711167,0.869855212735705,0.0323217623103111,-0.00959909482734844,0.0672240781062886,8,1473,"study_1_LOD_vs_CN; study_11_LOD_vs_CN; study_2_LOD_vs_CN; study_3_Soma_LOD_vs_CN; study_4_LOD_vs_CN; study_5_LOD_vs_CN; study_6_LOD_vs_CN; study_7_LOD_vs_CN",5,"study_1; study_11; study_4; study_6; study_7",0.00216267587448611
"SEMA6D",-0.0244697324247301,-0.0423171114692668,-0.00662235338019334,-3.41715736389585,0.000632786913900318,0.776989599436289,-0.0233971100058946,-0.0411238051775843,-0.00405605385851908,9,1690,"study_1_LOD_vs_CN; study_10_LOD_vs_CN; study_11_LOD_vs_CN; study_2_LOD_vs_CN; study_3_Soma_LOD_vs_CN; study_4_LOD_vs_CN; study_5_LOD_vs_CN; study_6_LOD_vs_CN; study_7_LOD_vs_CN",5,"study_1; study_11; study_4; study_6; study_7",0.00216272505239709
"GPR158",-0.0600481684876725,-0.08857787577443,-0.031518461200915,-3.41532953292819,0.000637048902090299,0.826329956815968,-0.0595795316870171,-0.078059504101036,-0.0403170824031934,8,1646,"study_1_LOD_vs_CN; study_10_LOD_vs_CN; study_11_LOD_vs_CN; study_2_LOD_vs_CN; study_4_LOD_vs_CN; study_5_LOD_vs_CN; study_6_LOD_vs_CN; study_7_LOD_vs_CN",5,"study_1; study_11; study_4; study_6; study_7",0.00216765754737805
"OSCAR",0.0647191493423673,-0.00270456874359772,0.132142867428332,3.41064019920816,0.000648105544200229,0.675309719163021,0.0640525265417607,0.0230964227627219,0.0864708979832515,9,2251,"study_1_LOD_vs_CN; study_11_LOD_vs_CN; study_2_LOD_vs_CN; study_3_Olink_LOD_vs_CN; study_5_LOD_vs_CN; study_6_LOD_vs_CN; study_7_LOD_vs_CN; study_8_LOD_vs_CN; study_9_LOD_vs_CN",5,"study_1; study_11; study_6; study_7; study_8",0.00219556459687214
"SUMF2",-0.0496186460472694,-0.0857416953316801,-0.0134955967628587,-3.40802511935817,0.000654348707512741,0.378783323367224,-0.0499065981544605,-0.0793677622148934,-0.0331582335110089,9,2057,"study_1_LOD_vs_CN; study_11_LOD_vs_CN; study_2_LOD_vs_CN; study_3_Olink_LOD_vs_CN; study_3_Soma_LOD_vs_CN; study_5_LOD_vs_CN; study_7_LOD_vs_CN; study_8_LOD_vs_CN; study_9_LOD_vs_CN",4,"study_1; study_11; study_7; study_8",0.00262940122835395
"RAD23A",0.0876092453129673,0.0391453186058312,0.136073172020103,3.40362457661049,0.000664980820158091,0.412725400115059,0.0903492104519799,0.0716169647317842,0.107140069367014,6,1110,"study_1_LOD_vs_CN; study_11_LOD_vs_CN; study_2_LOD_vs_CN; study_3_Soma_LOD_vs_CN; study_5_LOD_vs_CN; study_6_LOD_vs_CN",3,"study_1; study_11; study_6",0.00550842321175732
"APOA2",-0.0769409260432794,-0.130371103327758,-0.0235107487588005,-3.40239357394615,0.000667983659302948,0.389303616102651,-0.0766629064512521,-0.0969677836606166,-0.0414289372119936,9,1732,"study_1_LOD_vs_CN; study_10_LOD_vs_CN; study_11_LOD_vs_CN; study_2_LOD_vs_CN; study_3_Soma_LOD_vs_CN; study_4_LOD_vs_CN; study_5_LOD_vs_CN; study_6_LOD_vs_CN; study_7_LOD_vs_CN",5,"study_1; study_11; study_4; study_6; study_7",0.00225297997370161
"PILRA",0.0844091872582499,0.0461661658648052,0.122652208651695,3.39572399474428,0.000684473425319307,0.854550150626675,0.083554816786146,0.0177332096937422,0.118400365882134,10,2203,"study_1_LOD_vs_CN; study_11_LOD_vs_CN; study_2_LOD_vs_CN; study_3_Olink_LOD_vs_CN; study_3_Soma_LOD_vs_CN; study_4_LOD_vs_CN; study_5_LOD_vs_CN; study_6_LOD_vs_CN; study_8_LOD_vs_CN; study_9_LOD_vs_CN",5,"study_1; study_11; study_4; study_6; study_8",0.00229851556362684
"QPCT",-0.0295378286266794,-0.0628280942959745,0.00375243704261568,-3.38807883564521,0.000703840308489758,0.83072865470783,-0.029316110710839,-0.0486656269710269,-0.00662709768053888,11,2411,"study_1_LOD_vs_CN; study_11_LOD_vs_CN; study_2_LOD_vs_CN; study_3_Olink_LOD_vs_CN; study_3_Soma_LOD_vs_CN; study_4_LOD_vs_CN; study_5_LOD_vs_CN; study_6_LOD_vs_CN; study_7_LOD_vs_CN; study_8_LOD_vs_CN; study_9_LOD_vs_CN",6,"study_1; study_11; study_4; study_6; study_7; study_8",0.00289657357724631
"FSTL3",0.0712158584031109,0.0258343002413755,0.116597416564846,3.38599887656627,0.000709196739663708,0.931000836491624,0.0708935346811425,0.0279265052939929,0.125917656092094,9,2097,"study_1_LOD_vs_CN; study_11_LOD_vs_CN; study_2_LOD_vs_CN; study_3_Olink_LOD_vs_CN; study_3_Soma_LOD_vs_CN; study_5_LOD_vs_CN; study_6_LOD_vs_CN; study_8_LOD_vs_CN; study_9_LOD_vs_CN",4,"study_1; study_11; study_6; study_8",0.00282389247247913
"PSMA3",0.124396243899891,0.0522321767864646,0.196560311013318,3.38541661169809,0.00071070299366542,0.369722642362644,NA,NA,NA,4,796,"study_1_LOD_vs_CN; study_11_LOD_vs_CN; study_2_LOD_vs_CN; study_5_LOD_vs_CN",2,"study_1; study_11",0.00737594458290598
"NRCAM",-0.0415877750349967,-0.0609542692872242,-0.0222212807827693,-3.38183780725933,0.000720026434465541,0.904434130550057,-0.0415223676651837,-0.0535832838218294,-0.0186872630765136,12,2661,"study_1_LOD_vs_CN; study_10_LOD_vs_CN; study_11_LOD_vs_CN; study_2_LOD_vs_CN; study_3_Olink_LOD_vs_CN; study_3_Soma_LOD_vs_CN; study_4_LOD_vs_CN; study_5_LOD_vs_CN; study_6_LOD_vs_CN; study_7_LOD_vs_CN; study_8_LOD_vs_CN; study_9_LOD_vs_CN",6,"study_1; study_11; study_4; study_6; study_7; study_8",0.00290727654670992
"CCDC80",0.104383313172574,0.0538715120174359,0.154895114327712,3.37972723878395,0.000725577988856325,0.937777486261468,0.101372732010204,0.0360002148183708,0.146216477079109,8,1876,"study_1_LOD_vs_CN; study_11_LOD_vs_CN; study_2_LOD_vs_CN; study_3_Olink_LOD_vs_CN; study_3_Soma_LOD_vs_CN; study_5_LOD_vs_CN; study_8_LOD_vs_CN; study_9_LOD_vs_CN",3,"study_1; study_11; study_8",0.00592199682081265
"FRAS1",-0.295608606626382,-0.453754055116193,-0.137463158136571,-3.3671580231697,0.000759471557510913,0.883140648771522,NA,NA,NA,2,98,"study_2_LOD_vs_CN; study_6_LOD_vs_CN",2,"study_2; study_6",0.00777698874891175
"WFDC1",-0.0753816971237597,-0.11652581798294,-0.0342375762645791,-3.36278391130996,0.000771607370670642,0.84718848363095,-0.0782152280377944,-0.100162320626165,-0.0386807585031336,9,1654,"study_1_LOD_vs_CN; study_10_LOD_vs_CN; study_11_LOD_vs_CN; study_2_LOD_vs_CN; study_3_Soma_LOD_vs_CN; study_4_LOD_vs_CN; study_5_LOD_vs_CN; study_6_LOD_vs_CN; study_7_LOD_vs_CN",5,"study_1; study_11; study_4; study_6; study_7",0.00257985246976402
"MMP3",0.0952603679231249,0.0313642787637801,0.15915645708247,3.35103032606525,0.000805114849188724,0.422794931612024,0.0973751865413394,0.0707447161649291,0.145353414487658,8,1791,"study_1_LOD_vs_CN; study_11_LOD_vs_CN; study_2_LOD_vs_CN; study_3_Olink_LOD_vs_CN; study_3_Soma_LOD_vs_CN; study_6_LOD_vs_CN; study_8_LOD_vs_CN; study_9_LOD_vs_CN",4,"study_1; study_11; study_6; study_8",0.00317693967517713
"AGRP",0.121793689412734,0.0507177570645286,0.19286962176094,3.35031629922707,0.000807193301614461,0,0.120926724363677,0.101036502641697,0.139273758297198,5,1409,"study_11_LOD_vs_CN; study_3_Olink_LOD_vs_CN; study_3_Soma_LOD_vs_CN; study_8_LOD_vs_CN; study_9_LOD_vs_CN",3,"study_11; study_3_Soma; study_8",0.00649264177385545
"C4B",0.114514725672353,0.0450509352190201,0.183978516125686,3.34282371772898,0.000829305640440727,0.829064298907727,0.123779940350143,0.076410046013907,0.177390593770302,6,1118,"study_10_LOD_vs_CN; study_11_LOD_vs_CN; study_2_LOD_vs_CN; study_4_LOD_vs_CN; study_5_LOD_vs_CN; study_6_LOD_vs_CN",4,"study_11; study_2; study_4; study_6",0.00324317741529498
"ADAM22",-0.0338350679002162,-0.0545802751793561,-0.0130898606210764,-3.34043094798739,0.000836484792786518,0.322920392705352,-0.0337473867810933,-0.0395730177736161,-0.0276542723509274,12,2658,"study_1_LOD_vs_CN; study_10_LOD_vs_CN; study_11_LOD_vs_CN; study_2_LOD_vs_CN; study_3_Olink_LOD_vs_CN; study_3_Soma_LOD_vs_CN; study_4_LOD_vs_CN; study_5_LOD_vs_CN; study_6_LOD_vs_CN; study_7_LOD_vs_CN; study_8_LOD_vs_CN; study_9_LOD_vs_CN",6,"study_1; study_11; study_4; study_6; study_7; study_8",0.00331495825289472
"FHL1",0.0931042164972031,0.0372033477421582,0.149005085252248,3.32308187792348,0.000890287786135916,0,0.0884180187689703,0.0615235671971656,0.10402303487562,5,1013,"study_1_LOD_vs_CN; study_11_LOD_vs_CN; study_2_LOD_vs_CN; study_5_LOD_vs_CN; study_6_LOD_vs_CN",3,"study_1; study_11; study_6",0.00705871030436334
"ESD",0.0558886944802131,0.0221501815105555,0.0896272074498708,3.32258971627325,0.000891859862234153,0,0.0545734356150948,0.0425379652801193,0.0609933563743617,7,1267,"study_1_LOD_vs_CN; study_11_LOD_vs_CN; study_2_LOD_vs_CN; study_3_Soma_LOD_vs_CN; study_5_LOD_vs_CN; study_6_LOD_vs_CN; study_7_LOD_vs_CN",4,"study_1; study_11; study_6; study_7",0.00345694353680141
"NICOL1",-0.0591685488797701,-0.089257500053225,-0.0290795977063151,-3.32200333922717,0.000893736242795776,0.882642590653382,-0.0581891777009542,-0.0844816184914304,-0.0226982270340383,8,1695,"study_1_LOD_vs_CN; study_10_LOD_vs_CN; study_11_LOD_vs_CN; study_2_LOD_vs_CN; study_4_LOD_vs_CN; study_5_LOD_vs_CN; study_6_LOD_vs_CN; study_7_LOD_vs_CN",5,"study_1; study_11; study_4; study_6; study_7",0.0029752518212552
"UBC",0.0775475763037887,0.0252003302383072,0.12989482236927,3.32163595635572,0.000894913715503251,0.7678863018321,NA,NA,NA,3,242,"study_2_LOD_vs_CN; study_3_Soma_LOD_vs_CN; study_7_LOD_vs_CN",2,"study_2; study_7",0.00898871338709009
"WSCD2",-0.10055187526538,-0.158412566479267,-0.0426911840514935,-3.31967835978407,0.000901212149486897,0.273203405266338,NA,NA,NA,3,638,"study_1_LOD_vs_CN; study_11_LOD_vs_CN; study_2_LOD_vs_CN",2,"study_1; study_11",0.00898871338709009
"RCN1",-0.0307547878835756,-0.0489376220915047,-0.0125719536756464,-3.3106734457837,0.000930717525236367,0.570393231371504,-0.0314445342901391,-0.0378599217451126,-0.021866788640256,8,1449,"study_1_LOD_vs_CN; study_11_LOD_vs_CN; study_2_LOD_vs_CN; study_3_Soma_LOD_vs_CN; study_4_LOD_vs_CN; study_5_LOD_vs_CN; study_6_LOD_vs_CN; study_7_LOD_vs_CN",5,"study_1; study_11; study_4; study_6; study_7",0.00308064185357081
"PGM1",0.0381989259945561,0.0144514197156841,0.0619464322734281,3.3098660036796,0.000933406439378412,0.13840729707286,0.0383444645207483,0.0284930836100273,0.0544593901063796,7,1346,"study_1_LOD_vs_CN; study_11_LOD_vs_CN; study_2_LOD_vs_CN; study_4_LOD_vs_CN; study_5_LOD_vs_CN; study_6_LOD_vs_CN; study_7_LOD_vs_CN",5,"study_1; study_11; study_4; study_6; study_7",0.00308064185357081
"CD300C",0.136509283424765,0.0560314839431744,0.216987082906355,3.30254939556244,0.000958102117406401,0,NA,NA,NA,4,956,"study_3_Olink_LOD_vs_CN; study_3_Soma_LOD_vs_CN; study_8_LOD_vs_CN; study_9_LOD_vs_CN",2,"study_3_Soma; study_8",0.00943362084830917
"AKR1A1",0.0702800012916549,0.027250630465092,0.113309372118218,3.29989630025928,0.000967205605807384,0,0.0723515444947182,0.059964636342398,0.0804200842101105,6,1147,"study_1_LOD_vs_CN; study_11_LOD_vs_CN; study_2_LOD_vs_CN; study_3_Soma_LOD_vs_CN; study_5_LOD_vs_CN; study_6_LOD_vs_CN",3,"study_1; study_11; study_6",0.00756055086229716
"LY6E",-0.0510926692555925,-0.0810823971889071,-0.0211029413222779,-3.29639690508206,0.000979335507362031,0.789938180524839,NA,NA,NA,2,914,"study_1_LOD_vs_CN; study_11_LOD_vs_CN",2,"study_1; study_11",0.00952062872979797
"SERPINF1",-0.0343694190558052,-0.0550164883910857,-0.0137223497205247,-3.29084357390051,0.000998874408339413,0,-0.0349531827052486,-0.0410457497911063,-0.0281118849902233,9,1732,"study_1_LOD_vs_CN; study_10_LOD_vs_CN; study_11_LOD_vs_CN; study_2_LOD_vs_CN; study_3_Soma_LOD_vs_CN; study_4_LOD_vs_CN; study_5_LOD_vs_CN; study_6_LOD_vs_CN; study_7_LOD_vs_CN",5,"study_1; study_11; study_4; study_6; study_7",0.00328262572655132
"SEMA3G",-0.0321773313064957,-0.050379462268247,-0.0139752003447443,-3.2861299331535,0.00101574144189457,0.149107123608084,-0.0324765712160421,-0.0403620245654978,-0.0281812621639144,9,1663,"study_1_LOD_vs_CN; study_10_LOD_vs_CN; study_11_LOD_vs_CN; study_2_LOD_vs_CN; study_3_Soma_LOD_vs_CN; study_4_LOD_vs_CN; study_5_LOD_vs_CN; study_6_LOD_vs_CN; study_7_LOD_vs_CN",5,"study_1; study_11; study_4; study_6; study_7",0.00331050429422706
"CDH9",-0.0409084968598792,-0.0704535739741112,-0.0113634197456472,-3.28606725052984,0.00101596750772118,0.862928487461715,-0.0414734647400958,-0.0708657960543241,-0.0226627182399904,7,1375,"study_1_LOD_vs_CN; study_11_LOD_vs_CN; study_2_LOD_vs_CN; study_4_LOD_vs_CN; study_5_LOD_vs_CN; study_6_LOD_vs_CN; study_7_LOD_vs_CN",5,"study_1; study_11; study_4; study_6; study_7",0.00331050429422706
"LILRB4",0.0683799286792788,0.040955728953402,0.0958041284051556,3.28466491674067,0.00102103723699275,0.933385676642649,0.0681708922308793,0.00659960309141133,0.111385066169312,10,2248,"study_1_LOD_vs_CN; study_11_LOD_vs_CN; study_2_LOD_vs_CN; study_3_Olink_LOD_vs_CN; study_3_Soma_LOD_vs_CN; study_5_LOD_vs_CN; study_6_LOD_vs_CN; study_7_LOD_vs_CN; study_8_LOD_vs_CN; study_9_LOD_vs_CN",5,"study_1; study_11; study_6; study_7; study_8",0.00331298580273174
"WARS1",0.0945556737089353,0.0359162903140123,0.153195057103858,3.28396349261339,0.0010235818070165,0,NA,NA,NA,3,579,"study_11_LOD_vs_CN; study_2_LOD_vs_CN; study_3_Soma_LOD_vs_CN",2,"study_11; study_2",0.00982638534735836
"NELL2",-0.0686568823621864,-0.0969187140710232,-0.0403950506533496,-3.28220452741587,0.00102998867513659,0.949097979499771,-0.0678095472031575,-0.0938404852601101,-0.0341304366656513,9,1732,"study_1_LOD_vs_CN; study_10_LOD_vs_CN; study_11_LOD_vs_CN; study_2_LOD_vs_CN; study_3_Soma_LOD_vs_CN; study_4_LOD_vs_CN; study_5_LOD_vs_CN; study_6_LOD_vs_CN; study_7_LOD_vs_CN",5,"study_1; study_11; study_4; study_6; study_7",0.00332798861840351
"IGFBP5",0.035879736881898,0.0165736530599788,0.0551858207038172,3.28007630184506,0.00103779015253882,0.691049661834774,0.0365151212517796,0.0254614731343749,0.0418385043392122,9,1705,"study_1_LOD_vs_CN; study_10_LOD_vs_CN; study_11_LOD_vs_CN; study_2_LOD_vs_CN; study_3_Soma_LOD_vs_CN; study_4_LOD_vs_CN; study_5_LOD_vs_CN; study_6_LOD_vs_CN; study_7_LOD_vs_CN",5,"study_1; study_11; study_4; study_6; study_7",0.00333904668658103
"KIAA1549L",-0.0653275289966053,-0.0955531510995771,-0.0351019068936335,-3.27830753136821,0.00104431553811831,0.93214745231833,-0.0644437809456223,-0.0979156043586989,-0.027917206241515,8,1475,"study_1_LOD_vs_CN; study_11_LOD_vs_CN; study_2_LOD_vs_CN; study_3_Soma_LOD_vs_CN; study_4_LOD_vs_CN; study_5_LOD_vs_CN; study_6_LOD_vs_CN; study_7_LOD_vs_CN",5,"study_1; study_11; study_4; study_6; study_7",0.00333904668658103
"EXTL2",-0.033666086658952,-0.0520237335641432,-0.0153084397537608,-3.27773462094718,0.00104643725808326,0.64408092926679,-0.0332002861076464,-0.0423612347290326,-0.0194300809129363,8,1482,"study_1_LOD_vs_CN; study_11_LOD_vs_CN; study_2_LOD_vs_CN; study_3_Soma_LOD_vs_CN; study_4_LOD_vs_CN; study_5_LOD_vs_CN; study_6_LOD_vs_CN; study_7_LOD_vs_CN",5,"study_1; study_11; study_4; study_6; study_7",0.00333904668658103
"DPP10",0.0518886063598537,0.0199495360526709,0.0838276766670364,3.27415498685841,0.0010597846703513,0.842334589054878,0.0510282760959667,0.00893231936137398,0.0771283920422929,10,2333,"study_1_LOD_vs_CN; study_11_LOD_vs_CN; study_2_LOD_vs_CN; study_3_Olink_LOD_vs_CN; study_4_LOD_vs_CN; study_5_LOD_vs_CN; study_6_LOD_vs_CN; study_7_LOD_vs_CN; study_8_LOD_vs_CN; study_9_LOD_vs_CN",6,"study_1; study_11; study_4; study_6; study_7; study_8",0.00412352580827599
"CORT",-0.17816484643195,-0.280147909006416,-0.0761817838574844,-3.27040549688429,0.00107393418674121,0.289505715384094,NA,NA,NA,2,305,"study_1_LOD_vs_CN; study_6_LOD_vs_CN",2,"study_1; study_6",0.0101824871039166
"MOXD1",-0.0426261336074397,-0.0736127081032047,-0.0116395591116747,-3.26881483612127,0.00107998951828952,0.67993776368993,-0.0404899644985915,-0.056671645553854,-0.0174447748489147,7,1218,"study_1_LOD_vs_CN; study_11_LOD_vs_CN; study_2_LOD_vs_CN; study_4_LOD_vs_CN; study_5_LOD_vs_CN; study_6_LOD_vs_CN; study_7_LOD_vs_CN",5,"study_1; study_11; study_4; study_6; study_7",0.00343186751886216
"NECTIN3",-0.0467091800417564,-0.0736567760771418,-0.0197615840063711,-3.25866104164993,0.0011193932370728,0.658191738624594,-0.0470339410509288,-0.056587021828114,-0.0331606515425953,6,1249,"study_1_LOD_vs_CN; study_11_LOD_vs_CN; study_2_LOD_vs_CN; study_5_LOD_vs_CN; study_6_LOD_vs_CN; study_7_LOD_vs_CN",4,"study_1; study_11; study_6; study_7",0.00430082664770078
"CD4",0.0874110993184019,0.033988957051136,0.140833241585668,3.24607136847043,0.00117009502130765,0.75803221169261,NA,NA,NA,3,928,"study_3_Olink_LOD_vs_CN; study_8_LOD_vs_CN; study_9_LOD_vs_CN",2,"study_3_Olink; study_8",0.0109589387361497
"NETO1",-0.0610043250800138,-0.0970319297884878,-0.0249767203715398,-3.24482706227731,0.00117521972310026,0.335686669383958,-0.0549035334232853,-0.0751316624801243,-0.0242180263655565,5,741,"study_11_LOD_vs_CN; study_2_LOD_vs_CN; study_3_Soma_LOD_vs_CN; study_6_LOD_vs_CN; study_7_LOD_vs_CN",4,"study_11; study_2; study_6; study_7",0.004476054249721
"ENPP4",0.0485642071141877,0.0192320490649296,0.0778963651634458,3.24436511611308,0.00117712753159376,0.319237577476477,0.0490001372651156,0.0326172190487395,0.0653686061430274,7,1432,"study_1_LOD_vs_CN; study_11_LOD_vs_CN; study_2_LOD_vs_CN; study_4_LOD_vs_CN; study_5_LOD_vs_CN; study_6_LOD_vs_CN; study_7_LOD_vs_CN",5,"study_1; study_11; study_4; study_6; study_7",0.00372514844360329
"C1QTNF3",-0.089574887003668,-0.130964079113642,-0.0481856948936944,-3.24146678300201,0.00118916291720749,0.887211365637184,-0.0918049848487078,-0.115528041803606,-0.0425923160500688,9,1645,"study_1_LOD_vs_CN; study_10_LOD_vs_CN; study_11_LOD_vs_CN; study_2_LOD_vs_CN; study_3_Soma_LOD_vs_CN; study_4_LOD_vs_CN; study_5_LOD_vs_CN; study_6_LOD_vs_CN; study_7_LOD_vs_CN",5,"study_1; study_11; study_4; study_6; study_7",0.00374781263660885
"SDC3",0.0875370622647401,0.035092611271454,0.139981513258026,3.23897876550242,0.00119958504034375,0,NA,NA,NA,2,548,"study_11_LOD_vs_CN; study_3_Soma_LOD_vs_CN",2,"study_11; study_3_Soma",0.0110997748311325
"CRHBP",-0.0546159042874447,-0.0965969295384767,-0.0126348790364126,-3.23173127891891,0.00123042706871828,0.135008901470476,-0.054751993929722,-0.0665274407642575,-0.0335223062397387,10,2114,"study_1_LOD_vs_CN; study_11_LOD_vs_CN; study_2_LOD_vs_CN; study_3_Olink_LOD_vs_CN; study_3_Soma_LOD_vs_CN; study_5_LOD_vs_CN; study_6_LOD_vs_CN; study_7_LOD_vs_CN; study_8_LOD_vs_CN; study_9_LOD_vs_CN",5,"study_1; study_11; study_6; study_7; study_8",0.00386203435038512
"MCAM",-0.0420272090961457,-0.0645401971875897,-0.0195142210047017,-3.22960910093187,0.00123959575187828,0.71982297217303,-0.0417545965475745,-0.050545669004955,-0.0336699977395337,9,1729,"study_1_LOD_vs_CN; study_10_LOD_vs_CN; study_11_LOD_vs_CN; study_2_LOD_vs_CN; study_3_Soma_LOD_vs_CN; study_4_LOD_vs_CN; study_5_LOD_vs_CN; study_6_LOD_vs_CN; study_7_LOD_vs_CN",5,"study_1; study_11; study_4; study_6; study_7",0.0038749964764
"GAS1",-0.0650263881576982,-0.104930902882363,-0.0251218734330339,-3.22884789911099,0.00124289980208025,0,-0.0632302491018492,-0.0752379913385229,-0.0488058340818837,6,1002,"study_1_LOD_vs_CN; study_11_LOD_vs_CN; study_2_LOD_vs_CN; study_3_Soma_LOD_vs_CN; study_5_LOD_vs_CN; study_6_LOD_vs_CN",3,"study_1; study_11; study_6",0.00958068597436862
"MMP16",-0.0697808283948588,-0.115423125738266,-0.0241385310514518,-3.22460526376533,0.00126146471485781,0,NA,NA,NA,4,993,"study_1_LOD_vs_CN; study_11_LOD_vs_CN; study_3_Soma_LOD_vs_CN; study_5_LOD_vs_CN",2,"study_1; study_11",0.0115333916787
"FDPS",0.0493020175363061,0.0165695551625263,0.0820344799100858,3.22380563893757,0.00126499225630274,0,0.048700521790377,0.0313198611060436,0.0669747610150583,7,1143,"study_1_LOD_vs_CN; study_11_LOD_vs_CN; study_2_LOD_vs_CN; study_3_Soma_LOD_vs_CN; study_5_LOD_vs_CN; study_6_LOD_vs_CN; study_7_LOD_vs_CN",4,"study_1; study_11; study_6; study_7",0.00477643627810861
"COLEC12",0.0384205782607641,0.0149954295222531,0.061845726999275,3.20527794675223,0.00134932113984582,0.75656019180658,0.0384352136923908,0.0207317901128749,0.0507366577811297,12,2659,"study_1_LOD_vs_CN; study_10_LOD_vs_CN; study_11_LOD_vs_CN; study_2_LOD_vs_CN; study_3_Olink_LOD_vs_CN; study_3_Soma_LOD_vs_CN; study_4_LOD_vs_CN; study_5_LOD_vs_CN; study_6_LOD_vs_CN; study_7_LOD_vs_CN; study_8_LOD_vs_CN; study_9_LOD_vs_CN",6,"study_1; study_11; study_4; study_6; study_7; study_8",0.0051563343558394
"ITIH3",0.0853179906509163,0.0371453656410083,0.133490615660824,3.20468454892479,0.00135210578772477,0.727641254954193,0.0857872236551906,0.0547112287617398,0.137746220965182,8,1457,"study_1_LOD_vs_CN; study_11_LOD_vs_CN; study_2_LOD_vs_CN; study_3_Soma_LOD_vs_CN; study_4_LOD_vs_CN; study_5_LOD_vs_CN; study_6_LOD_vs_CN; study_7_LOD_vs_CN",5,"study_1; study_11; study_4; study_6; study_7",0.00420959251319978
"SEMA3C",-0.0412358555203724,-0.066725934905131,-0.0157457761356137,-3.20304169882823,0.00135984289675251,0,-0.041646580120686,-0.0465403182447332,-0.0333852230291468,8,1398,"study_1_LOD_vs_CN; study_11_LOD_vs_CN; study_2_LOD_vs_CN; study_3_Soma_LOD_vs_CN; study_4_LOD_vs_CN; study_5_LOD_vs_CN; study_6_LOD_vs_CN; study_7_LOD_vs_CN",5,"study_1; study_11; study_4; study_6; study_7",0.00421660962743016
"ZNF511-PRAP1",-0.0777516638119527,-0.121188939633841,-0.034314387990064,-3.19754883364727,0.00138600941487973,0.785708234065859,NA,NA,NA,2,211,"study_2_LOD_vs_CN; study_7_LOD_vs_CN",2,"study_2; study_7",0.0125230027132663
"CNRIP1",0.159646460791863,0.0668595339633163,0.252433387620409,3.18842926238759,0.00143048004844346,0.751445283731083,NA,NA,NA,3,366,"study_11_LOD_vs_CN; study_2_LOD_vs_CN; study_3_Soma_LOD_vs_CN",2,"study_11; study_2",0.0127745195023788
"SPTBN1",0.156954126781484,0.0709124977391307,0.242995755823837,3.18526804528952,0.00144619987382039,0.827916140354343,0.151276781039051,0.0979518373976281,0.21854461983859,4,759,"study_1_LOD_vs_CN; study_11_LOD_vs_CN; study_2_LOD_vs_CN; study_6_LOD_vs_CN",3,"study_1; study_11; study_6",0.0109950812324701
"EPB41L3",0.122751526171421,0.0487800026933185,0.196723049649523,3.18397109347221,0.00145269518410307,0,NA,NA,NA,2,460,"study_11_LOD_vs_CN; study_2_LOD_vs_CN",2,"study_11; study_2",0.0128237919700133
"SIL1",-0.0370953727332591,-0.0577618972148676,-0.0164288482516506,-3.16306407669605,0.00156117965419486,0.850805941559894,-0.0389262055818466,-0.0622380789520634,-0.0210971506970249,7,1447,"study_1_LOD_vs_CN; study_11_LOD_vs_CN; study_2_LOD_vs_CN; study_4_LOD_vs_CN; study_5_LOD_vs_CN; study_6_LOD_vs_CN; study_7_LOD_vs_CN",5,"study_1; study_11; study_4; study_6; study_7",0.00480394753695977
"HYOU1",-0.0207148254174783,-0.0326601510609916,-0.00876949977396502,-3.16295746638595,0.00156175147495441,0.755813335208321,-0.0204431384307664,-0.0286794119882562,-0.0127947486652825,9,1727,"study_1_LOD_vs_CN; study_10_LOD_vs_CN; study_11_LOD_vs_CN; study_2_LOD_vs_CN; study_3_Soma_LOD_vs_CN; study_4_LOD_vs_CN; study_5_LOD_vs_CN; study_6_LOD_vs_CN; study_7_LOD_vs_CN",5,"study_1; study_11; study_4; study_6; study_7",0.00480394753695977
"CADM1",-0.0326790339880761,-0.0509327513034772,-0.014425316672675,-3.16177088582181,0.00156812891365054,0.752389074977522,-0.0324148223353148,-0.0437357387516845,-0.0265252595013869,9,1724,"study_1_LOD_vs_CN; study_10_LOD_vs_CN; study_11_LOD_vs_CN; study_2_LOD_vs_CN; study_3_Soma_LOD_vs_CN; study_4_LOD_vs_CN; study_5_LOD_vs_CN; study_6_LOD_vs_CN; study_7_LOD_vs_CN",5,"study_1; study_11; study_4; study_6; study_7",0.0048043471497899
"NRXN1",-0.042066217330551,-0.0647848680996182,-0.0193475665614837,-3.15743389922022,0.00159164317499301,0.832202196614589,-0.0416423429379659,-0.0585624753165535,-0.0251491631626603,9,1725,"study_1_LOD_vs_CN; study_10_LOD_vs_CN; study_11_LOD_vs_CN; study_2_LOD_vs_CN; study_3_Soma_LOD_vs_CN; study_4_LOD_vs_CN; study_5_LOD_vs_CN; study_6_LOD_vs_CN; study_7_LOD_vs_CN",5,"study_1; study_11; study_4; study_6; study_7",0.00485703810146676
"FAM3C",-0.0333852114107616,-0.0528531637886595,-0.0139172590328637,-3.15400111318765,0.00161048471526801,0.886403803402117,-0.032875604542557,-0.0487280938193216,-0.00555185546026804,12,2660,"study_1_LOD_vs_CN; study_10_LOD_vs_CN; study_11_LOD_vs_CN; study_2_LOD_vs_CN; study_3_Olink_LOD_vs_CN; study_3_Soma_LOD_vs_CN; study_4_LOD_vs_CN; study_5_LOD_vs_CN; study_6_LOD_vs_CN; study_7_LOD_vs_CN; study_8_LOD_vs_CN; study_9_LOD_vs_CN",6,"study_1; study_11; study_4; study_6; study_7; study_8",0.00604638121170797
"NDST1",-0.0335204813227925,-0.0609838189926786,-0.00605714365290637,-3.15257421708006,0.00161837675534683,0.415401104492671,-0.0336220777225512,-0.0478487997863732,-0.0153656108112387,8,1430,"study_1_LOD_vs_CN; study_11_LOD_vs_CN; study_2_LOD_vs_CN; study_3_Soma_LOD_vs_CN; study_4_LOD_vs_CN; study_5_LOD_vs_CN; study_6_LOD_vs_CN; study_7_LOD_vs_CN",5,"study_1; study_11; study_4; study_6; study_7",0.00491909772672613
"DIPK2B",-0.0393342586272801,-0.0625974957022819,-0.0160710215522784,-3.14799178179387,0.0016439631518845,0.725627160772761,-0.038635959412544,-0.0498274684054893,-0.0292860848802342,7,1365,"study_1_LOD_vs_CN; study_11_LOD_vs_CN; study_2_LOD_vs_CN; study_4_LOD_vs_CN; study_5_LOD_vs_CN; study_6_LOD_vs_CN; study_7_LOD_vs_CN",5,"study_1; study_11; study_4; study_6; study_7",0.00497719552676842
"FIS1",0.20179417722563,0.0709910426014759,0.332597311849784,3.13972689826301,0.00169105401887954,0.607235528609808,0.206703633462446,0.186338642396373,0.224596051516377,3,497,"study_11_LOD_vs_CN; study_3_Soma_LOD_vs_CN; study_6_LOD_vs_CN",3,"study_11; study_3_Soma; study_6",0.0126829051415965
"CALM2",0.124095563248803,0.044623046303324,0.203568080194281,3.13814095998677,0.00170023090507768,0.934882172232225,NA,NA,NA,2,158,"study_2_LOD_vs_CN; study_7_LOD_vs_CN",2,"study_2; study_7",0.014834005713632
"IGKV2D-24",-0.0981481365190642,-0.182085351781524,-0.0142109212566042,-3.13491401028219,0.00171904493295996,0,NA,NA,NA,2,215,"study_2_LOD_vs_CN; study_7_LOD_vs_CN",2,"study_2; study_7",0.014834005713632
"CSRP1",0.0730869617157219,0.0289186594430261,0.117255263988418,3.1341826582891,0.0017233354492825,0.837078063536216,0.0741262081644548,0.0573920070959987,0.107387610041656,6,1114,"study_1_LOD_vs_CN; study_11_LOD_vs_CN; study_2_LOD_vs_CN; study_3_Soma_LOD_vs_CN; study_5_LOD_vs_CN; study_6_LOD_vs_CN",3,"study_1; study_11; study_6",0.0127526823246905
"PTPRR",-0.0463404173759772,-0.0670063944227268,-0.0256744403292276,-3.13386232713399,0.00172521778896129,0.941205656482677,-0.0475592433720191,-0.064868145027661,-0.021643127294634,7,1355,"study_1_LOD_vs_CN; study_11_LOD_vs_CN; study_2_LOD_vs_CN; study_3_Soma_LOD_vs_CN; study_5_LOD_vs_CN; study_6_LOD_vs_CN; study_7_LOD_vs_CN",4,"study_1; study_11; study_6; study_7",0.00645850762021408
"MGP",0.0967888260077768,0.0596937254930793,0.133883926522474,3.13312758830871,0.00172954242773771,0.950004732901203,0.102211949785379,0.0380141673749734,0.148494839628378,9,1715,"study_1_LOD_vs_CN; study_10_LOD_vs_CN; study_11_LOD_vs_CN; study_2_LOD_vs_CN; study_3_Soma_LOD_vs_CN; study_4_LOD_vs_CN; study_5_LOD_vs_CN; study_6_LOD_vs_CN; study_7_LOD_vs_CN",5,"study_1; study_11; study_4; study_6; study_7",0.00521575736051098
"OMG",-0.0323956987392291,-0.0512463968456113,-0.0135450006328469,-3.13102372563559,0.00174198086694681,0.638513985497931,-0.0320615839927504,-0.0401250487441267,-0.0162339938571664,12,2661,"study_1_LOD_vs_CN; study_10_LOD_vs_CN; study_11_LOD_vs_CN; study_2_LOD_vs_CN; study_3_Olink_LOD_vs_CN; study_3_Soma_LOD_vs_CN; study_4_LOD_vs_CN; study_5_LOD_vs_CN; study_6_LOD_vs_CN; study_7_LOD_vs_CN; study_8_LOD_vs_CN; study_9_LOD_vs_CN",6,"study_1; study_11; study_4; study_6; study_7; study_8",0.00642730871597616
"PIK3IP1",-0.0326376270076752,-0.0524765406382137,-0.0127987133771367,-3.13038652460519,0.00174576431849552,0.794253395568211,-0.031736473889958,-0.0408109156003495,-0.0133493747321781,8,1675,"study_1_LOD_vs_CN; study_10_LOD_vs_CN; study_11_LOD_vs_CN; study_2_LOD_vs_CN; study_4_LOD_vs_CN; study_5_LOD_vs_CN; study_6_LOD_vs_CN; study_7_LOD_vs_CN",5,"study_1; study_11; study_4; study_6; study_7",0.00524411234735569
"IGKV2-28",-0.0780973085193165,-0.128735049883833,-0.0274595671548001,-3.12724224169141,0.00176454471676713,0.590365830311879,-0.0803214094141643,-0.124374252673979,-0.03464052280686,4,1351,"study_1_LOD_vs_CN; study_10_LOD_vs_CN; study_11_LOD_vs_CN; study_7_LOD_vs_CN",3,"study_1; study_11; study_7",0.0128858199711284
"VLDLR",-0.0278068388366723,-0.0506181302434842,-0.00499554742986047,-3.11965277120818,0.00181064340992292,0.264131839636074,-0.0268995606926504,-0.0330415483649861,-0.0135919309030141,6,1220,"study_1_LOD_vs_CN; study_11_LOD_vs_CN; study_2_LOD_vs_CN; study_4_LOD_vs_CN; study_5_LOD_vs_CN; study_6_LOD_vs_CN",4,"study_1; study_11; study_4; study_6",0.00672086282666306
"SCG5",-0.0501854079909321,-0.0754413099488255,-0.0249295060330387,-3.11735366314425,0.00182482516010603,0.873575650051863,-0.0497581772100085,-0.0708133369930559,-0.0268204720778254,9,1731,"study_1_LOD_vs_CN; study_10_LOD_vs_CN; study_11_LOD_vs_CN; study_2_LOD_vs_CN; study_3_Soma_LOD_vs_CN; study_4_LOD_vs_CN; study_5_LOD_vs_CN; study_6_LOD_vs_CN; study_7_LOD_vs_CN",5,"study_1; study_11; study_4; study_6; study_7",0.00546027450630948
"KIRREL3",0.101380788079534,-0.0349898770304918,0.23775145318956,3.11533517663659,0.00183736000190128,0.762538136120806,0.0873602747471151,-0.0460508756370659,0.173940616083773,5,759,"study_1_LOD_vs_CN; study_11_LOD_vs_CN; study_2_LOD_vs_CN; study_3_Soma_LOD_vs_CN; study_6_LOD_vs_CN",3,"study_1; study_11; study_6",0.0132433091046131
"PCDH17",-0.0258004972788642,-0.0524591469080097,0.000858152350281395,-3.11239202647954,0.00185577884625385,0.750830920107027,-0.0258777276656537,-0.0335422565141997,-0.0199954066278408,11,2411,"study_1_LOD_vs_CN; study_11_LOD_vs_CN; study_2_LOD_vs_CN; study_3_Olink_LOD_vs_CN; study_3_Soma_LOD_vs_CN; study_4_LOD_vs_CN; study_5_LOD_vs_CN; study_6_LOD_vs_CN; study_7_LOD_vs_CN; study_8_LOD_vs_CN; study_9_LOD_vs_CN",6,"study_1; study_11; study_4; study_6; study_7; study_8",0.00673113005251395
"NUCB1",-0.0257409934170234,-0.0415666609560227,-0.00991532587802414,-3.10686323907547,0.0018908385165974,0.807927800691039,-0.0265138339857635,-0.0389346704874753,-0.0137307683955749,9,1731,"study_1_LOD_vs_CN; study_10_LOD_vs_CN; study_11_LOD_vs_CN; study_2_LOD_vs_CN; study_3_Soma_LOD_vs_CN; study_4_LOD_vs_CN; study_5_LOD_vs_CN; study_6_LOD_vs_CN; study_7_LOD_vs_CN",5,"study_1; study_11; study_4; study_6; study_7",0.00563587139249381
"SEZ6L",-0.0435055987471672,-0.06364001002164,-0.0233711874726944,-3.09985394020246,0.00193616094437278,0.917262957884118,-0.0434410953430986,-0.0604608924388558,-0.0154435952831536,12,2660,"study_1_LOD_vs_CN; study_10_LOD_vs_CN; study_11_LOD_vs_CN; study_2_LOD_vs_CN; study_3_Olink_LOD_vs_CN; study_3_Soma_LOD_vs_CN; study_4_LOD_vs_CN; study_5_LOD_vs_CN; study_6_LOD_vs_CN; study_7_LOD_vs_CN; study_8_LOD_vs_CN; study_9_LOD_vs_CN",6,"study_1; study_11; study_4; study_6; study_7; study_8",0.00690564070159624
"CBLN1",-0.054362624583188,-0.0860324660667393,-0.0226927830996368,-3.08679217270883,0.00202329000915952,0.295021962216536,-0.0550673247165286,-0.0617343363555197,-0.0389865098194677,9,1664,"study_1_LOD_vs_CN; study_10_LOD_vs_CN; study_11_LOD_vs_CN; study_2_LOD_vs_CN; study_3_Soma_LOD_vs_CN; study_4_LOD_vs_CN; study_5_LOD_vs_CN; study_6_LOD_vs_CN; study_7_LOD_vs_CN",5,"study_1; study_11; study_4; study_6; study_7",0.00599127871194822
"C8G",-0.0666221425637837,-0.112236632847032,-0.0210076522805359,-3.08644415890103,0.00202565990260928,0.767808503080525,-0.0670398067030262,-0.112721419887063,-0.00872469843747519,9,1729,"study_1_LOD_vs_CN; study_10_LOD_vs_CN; study_11_LOD_vs_CN; study_2_LOD_vs_CN; study_3_Soma_LOD_vs_CN; study_4_LOD_vs_CN; study_5_LOD_vs_CN; study_6_LOD_vs_CN; study_7_LOD_vs_CN",5,"study_1; study_11; study_4; study_6; study_7",0.00599127871194822
"PDGFD",-0.0442367061690063,-0.0741113142518305,-0.0143620980861822,-3.08339884178941,0.00204650673312739,0.461131994291147,-0.045810057761286,-0.0733284248315396,-0.0234823989914047,7,1265,"study_1_LOD_vs_CN; study_11_LOD_vs_CN; study_2_LOD_vs_CN; study_3_Soma_LOD_vs_CN; study_5_LOD_vs_CN; study_6_LOD_vs_CN; study_7_LOD_vs_CN",4,"study_1; study_11; study_6; study_7",0.0075325205807546
"IGKV2-40",-0.0828160120433435,-0.137405775765627,-0.0282262483210599,-3.08321485876785,0.00204777247900132,0,-0.0861608193712091,-0.116300877538367,-0.0690816053958415,4,1121,"study_1_LOD_vs_CN; study_11_LOD_vs_CN; study_5_LOD_vs_CN; study_7_LOD_vs_CN",3,"study_1; study_11; study_7",0.0144266648401517
"PCDHAC2",-0.030993522973357,-0.048570884159485,-0.013416161787229,-3.08160805264806,0.00205885737079936,0.769772820273542,-0.0311506667462773,-0.0478120638860716,-0.0201692834554735,8,1478,"study_1_LOD_vs_CN; study_11_LOD_vs_CN; study_2_LOD_vs_CN; study_3_Soma_LOD_vs_CN; study_4_LOD_vs_CN; study_5_LOD_vs_CN; study_6_LOD_vs_CN; study_7_LOD_vs_CN",5,"study_1; study_11; study_4; study_6; study_7",0.00606613531856208
"CALB1",0.0432394761420158,0.0178201090894683,0.0686588431945633,3.08034625858676,0.00206760068169901,0.349909426772539,0.0438736199588829,0.0320371406826541,0.0559600843564584,9,1676,"study_1_LOD_vs_CN; study_10_LOD_vs_CN; study_11_LOD_vs_CN; study_2_LOD_vs_CN; study_3_Soma_LOD_vs_CN; study_4_LOD_vs_CN; study_5_LOD_vs_CN; study_6_LOD_vs_CN; study_7_LOD_vs_CN",5,"study_1; study_11; study_4; study_6; study_7",0.00606864474895626
"PAG1",0.102231087818995,0.037829847795858,0.166632327842133,3.07975487767166,0.00207171023097012,0,NA,NA,NA,3,929,"study_3_Olink_LOD_vs_CN; study_8_LOD_vs_CN; study_9_LOD_vs_CN",2,"study_3_Olink; study_8",0.0176785939709451
"IGFBP2",0.0241794017491043,0.000379809508807526,0.0479789939894011,3.07886708067945,0.00207789366618568,0.805696935448281,0.0249207588328709,0.0106898728224724,0.0472205092742968,11,2475,"study_1_LOD_vs_CN; study_10_LOD_vs_CN; study_11_LOD_vs_CN; study_2_LOD_vs_CN; study_3_Olink_LOD_vs_CN; study_3_Soma_LOD_vs_CN; study_4_LOD_vs_CN; study_5_LOD_vs_CN; study_6_LOD_vs_CN; study_8_LOD_vs_CN; study_9_LOD_vs_CN",5,"study_1; study_11; study_4; study_6; study_8",0.00607566627109045
"YWHAQ",0.116612677876929,0.0396573462728132,0.193568009481046,3.07799134990539,0.00208400964246501,0,0.0934581055282551,0.0362832739984087,0.128918986240776,4,475,"study_11_LOD_vs_CN; study_2_LOD_vs_CN; study_3_Soma_LOD_vs_CN; study_7_LOD_vs_CN",3,"study_11; study_2; study_7",0.0144266648401517
"IGHV1-24",-0.107148984747049,-0.172425848808793,-0.0418721206853045,-3.07787405420017,0.00208483007133307,0.444268389516695,-0.112737753236844,-0.167876815005877,-0.0840276456091526,5,1201,"study_1_LOD_vs_CN; study_11_LOD_vs_CN; study_5_LOD_vs_CN; study_6_LOD_vs_CN; study_7_LOD_vs_CN",4,"study_1; study_11; study_6; study_7",0.00760962976036571
"NCR3LG1",-0.0520360519068028,-0.0862527707561746,-0.0178193330574311,-3.07708222522551,0.00209037630148946,0.612311741158515,-0.0491615840020892,-0.082533434235584,-0.01298063143871,5,1113,"study_1_LOD_vs_CN; study_11_LOD_vs_CN; study_2_LOD_vs_CN; study_5_LOD_vs_CN; study_6_LOD_vs_CN",3,"study_1; study_11; study_6",0.0144266648401517
"ST8SIA5",-0.0376672377497174,-0.0644316170664481,-0.0109028584329866,-3.07315864221938,0.00211805856158075,0.428606395321045,-0.0368028686800625,-0.0518941873526602,-0.0158543176456353,7,1356,"study_1_LOD_vs_CN; study_11_LOD_vs_CN; study_2_LOD_vs_CN; study_4_LOD_vs_CN; study_5_LOD_vs_CN; study_6_LOD_vs_CN; study_7_LOD_vs_CN",5,"study_1; study_11; study_4; study_6; study_7",0.00614747242811002
"OPCML",-0.0593812779073387,-0.0867913761982333,-0.0319711796164442,-3.07297641721927,0.00211935235537209,0.938493143550102,-0.0582084225968734,-0.0821087069077672,-0.0250113394968879,9,1721,"study_1_LOD_vs_CN; study_10_LOD_vs_CN; study_11_LOD_vs_CN; study_2_LOD_vs_CN; study_3_Soma_LOD_vs_CN; study_4_LOD_vs_CN; study_5_LOD_vs_CN; study_6_LOD_vs_CN; study_7_LOD_vs_CN",5,"study_1; study_11; study_4; study_6; study_7",0.00614747242811002
"IGHV3-30-5",-0.085094292861307,-0.174582304542422,0.00439371881980839,-3.07231087978801,0.00212408381710574,0,NA,NA,NA,2,279,"study_5_LOD_vs_CN; study_7_LOD_vs_CN",2,"study_5; study_7",0.0179263337531561
"TOM1L2",0.0760798007500209,0.014761647668274,0.137397953831768,3.07196041250274,0.00212657926278249,0,0.0786103711186344,0.0600815213411047,0.101428586944199,5,967,"study_1_LOD_vs_CN; study_11_LOD_vs_CN; study_2_LOD_vs_CN; study_5_LOD_vs_CN; study_6_LOD_vs_CN",3,"study_1; study_11; study_6",0.0144266648401517
"CGREF1",-0.0615089682139413,-0.0898669404502455,-0.0331509959776371,-3.07128585556547,0.00213138990481848,0.921066829284372,-0.0608432463193524,-0.0867060002033028,-0.0294000502726078,8,1701,"study_1_LOD_vs_CN; study_10_LOD_vs_CN; study_11_LOD_vs_CN; study_3_Soma_LOD_vs_CN; study_4_LOD_vs_CN; study_5_LOD_vs_CN; study_6_LOD_vs_CN; study_7_LOD_vs_CN",5,"study_1; study_11; study_4; study_6; study_7",0.00614747242811002
"C1QL1",0.0375276751117218,0.00993937928552686,0.0651159709379167,3.07126942039142,0.00213150723764403,0.220831389346581,0.0354508581653012,0.0292613582450727,0.0460952943081118,6,1155,"study_1_LOD_vs_CN; study_11_LOD_vs_CN; study_2_LOD_vs_CN; study_3_Soma_LOD_vs_CN; study_5_LOD_vs_CN; study_6_LOD_vs_CN",3,"study_1; study_11; study_6",0.0144266648401517
"VTN",-0.0568464612677877,-0.0996663370572848,-0.0140265854782905,-3.0708605660903,0.00213442800819945,0.468230684674434,-0.0565090993151793,-0.075375063057913,-0.022613765371377,9,1732,"study_1_LOD_vs_CN; study_10_LOD_vs_CN; study_11_LOD_vs_CN; study_2_LOD_vs_CN; study_3_Soma_LOD_vs_CN; study_4_LOD_vs_CN; study_5_LOD_vs_CN; study_6_LOD_vs_CN; study_7_LOD_vs_CN",5,"study_1; study_11; study_4; study_6; study_7",0.00614747242811002
"LRRN1",-0.0165926202479452,-0.0497467889783715,0.0165615484824812,-3.06970357820241,0.00214271318818308,0.739296657687416,-0.0174513446914015,-0.0374691644704654,-0.00775949564855858,9,2105,"study_1_LOD_vs_CN; study_11_LOD_vs_CN; study_2_LOD_vs_CN; study_3_Olink_LOD_vs_CN; study_3_Soma_LOD_vs_CN; study_5_LOD_vs_CN; study_6_LOD_vs_CN; study_8_LOD_vs_CN; study_9_LOD_vs_CN",4,"study_1; study_11; study_6; study_8",0.00771494335483439
"ADAMDEC1",-0.052512731574493,-0.0896588158611515,-0.0153666472878345,-3.06884073805959,0.00214891116276209,0.613338814721367,-0.0554917018317313,-0.100023056492611,-0.0285701976875734,5,1265,"study_1_LOD_vs_CN; study_11_LOD_vs_CN; study_5_LOD_vs_CN; study_6_LOD_vs_CN; study_7_LOD_vs_CN",4,"study_1; study_11; study_6; study_7",0.00771494335483439
"ABHD14B",0.054090186410826,0.0134445343251443,0.0947358384965077,3.06718573454103,0.00216084544850292,0.598420901347388,0.0555377289222667,0.0464301625318167,0.0692177650090556,7,1287,"study_1_LOD_vs_CN; study_11_LOD_vs_CN; study_2_LOD_vs_CN; study_4_LOD_vs_CN; study_5_LOD_vs_CN; study_6_LOD_vs_CN; study_7_LOD_vs_CN",5,"study_1; study_11; study_4; study_6; study_7",0.00618349158023843
"CEL",-0.0785410199228225,-0.138667404408523,-0.0184146354371219,-3.06688564368781,0.00216301591038249,0,-0.0783843681316283,-0.0997090719923509,-0.0468614818402456,8,1316,"study_1_LOD_vs_CN; study_11_LOD_vs_CN; study_2_LOD_vs_CN; study_3_Soma_LOD_vs_CN; study_4_LOD_vs_CN; study_5_LOD_vs_CN; study_6_LOD_vs_CN; study_7_LOD_vs_CN",5,"study_1; study_11; study_4; study_6; study_7",0.00618349158023843
"GNAS",-0.0347374114301587,-0.0662570861045838,-0.00321773675573368,-3.06535823239672,0.00217409419896494,0,-0.0345000635537566,-0.0394062864318973,-0.0253638848391036,7,1418,"study_1_LOD_vs_CN; study_11_LOD_vs_CN; study_2_LOD_vs_CN; study_4_LOD_vs_CN; study_5_LOD_vs_CN; study_6_LOD_vs_CN; study_7_LOD_vs_CN",5,"study_1; study_11; study_4; study_6; study_7",0.00619214236668162
"IGLV4-69",-0.105457510518271,-0.175097906403905,-0.0358171146326383,-3.06352711717458,0.00218744379116164,0,-0.106893193464548,-0.149280881138152,-0.0648928730568758,5,1296,"study_1_LOD_vs_CN; study_11_LOD_vs_CN; study_5_LOD_vs_CN; study_6_LOD_vs_CN; study_7_LOD_vs_CN",4,"study_1; study_11; study_6; study_7",0.00778943398803903
"CDH1",-0.0258675087897521,-0.0598871707387532,0.00815215315924905,-3.05434186536377,0.00225554890660959,0.866418066596668,-0.0272674551779645,-0.0566318695351964,0.00313241349861233,10,2226,"study_1_LOD_vs_CN; study_11_LOD_vs_CN; study_2_LOD_vs_CN; study_3_Olink_LOD_vs_CN; study_3_Soma_LOD_vs_CN; study_5_LOD_vs_CN; study_6_LOD_vs_CN; study_7_LOD_vs_CN; study_8_LOD_vs_CN; study_9_LOD_vs_CN",5,"study_1; study_11; study_6; study_7; study_8",0.00638966253291719
"GLTP",0.121150813043923,0.0422940532976028,0.200007572790243,3.05390141062079,0.00225886300936452,0,NA,NA,NA,2,377,"study_11_LOD_vs_CN; study_6_LOD_vs_CN",2,"study_11; study_6",0.0188565955564343
"ATP1B2",0.0314849422594805,0.0106163991571576,0.0523534853618034,3.05268800938256,0.00226801606251096,0,0.0311879258321872,0.0268044770319139,0.036696359350781,8,1322,"study_1_LOD_vs_CN; study_11_LOD_vs_CN; study_2_LOD_vs_CN; study_3_Soma_LOD_vs_CN; study_4_LOD_vs_CN; study_5_LOD_vs_CN; study_6_LOD_vs_CN; study_7_LOD_vs_CN",5,"study_1; study_11; study_4; study_6; study_7",0.00638966253291719
"SMPDL3B",-0.0685777832062019,-0.104495044033451,-0.0326605223789527,-3.05264094797935,0.00226837174445565,0.795482654811611,-0.0708726748082515,-0.0873292641428371,-0.0435363310453727,7,1441,"study_1_LOD_vs_CN; study_11_LOD_vs_CN; study_2_LOD_vs_CN; study_4_LOD_vs_CN; study_5_LOD_vs_CN; study_6_LOD_vs_CN; study_7_LOD_vs_CN",5,"study_1; study_11; study_4; study_6; study_7",0.00638966253291719
"EFNA5",-0.041649014351602,-0.0649385507230273,-0.0183594779801767,-3.0524444114981,0.00226985768557837,0.877718940648205,-0.0402647378898359,-0.0656508676758419,-0.00744458214035972,7,1320,"study_1_LOD_vs_CN; study_11_LOD_vs_CN; study_2_LOD_vs_CN; study_3_Soma_LOD_vs_CN; study_5_LOD_vs_CN; study_6_LOD_vs_CN; study_7_LOD_vs_CN",4,"study_1; study_11; study_6; study_7",0.0080177231151881
"SV2B",-0.0497139017350993,-0.0824629006492249,-0.0169649028209738,-3.04870603496289,0.00229829253833232,0,NA,NA,NA,3,886,"study_1_LOD_vs_CN; study_11_LOD_vs_CN; study_2_LOD_vs_CN",2,"study_1; study_11",0.0189794480584863
"TNFSF13B",0.067131731084179,0.0234541284257555,0.110809333742602,3.04620906568804,0.00231746634334141,0.515897202099741,0.0663204654992698,0.0457704922540998,0.0850202037040258,8,1948,"study_1_LOD_vs_CN; study_11_LOD_vs_CN; study_2_LOD_vs_CN; study_3_Olink_LOD_vs_CN; study_3_Soma_LOD_vs_CN; study_5_LOD_vs_CN; study_8_LOD_vs_CN; study_9_LOD_vs_CN",3,"study_1; study_11; study_8",0.0154963110910179
"SAA4",-0.0680123186242735,-0.125419074757253,-0.0106055624912935,-3.03830001119751,0.00237916963911112,0.677539505803714,-0.0679968591066229,-0.109617882242549,-0.00938199276360111,8,1480,"study_1_LOD_vs_CN; study_11_LOD_vs_CN; study_3_Olink_LOD_vs_CN; study_3_Soma_LOD_vs_CN; study_4_LOD_vs_CN; study_5_LOD_vs_CN; study_6_LOD_vs_CN; study_7_LOD_vs_CN",5,"study_1; study_11; study_4; study_6; study_7",0.00667730457108195
"CHI3L2",0.0755311007521964,0.0366284093900112,0.114433792114382,3.03574732716679,0.00239940345264351,0.834806556008849,0.0748360138816659,0.0472560297416531,0.0959685253447349,8,1460,"study_1_LOD_vs_CN; study_11_LOD_vs_CN; study_2_LOD_vs_CN; study_3_Soma_LOD_vs_CN; study_4_LOD_vs_CN; study_5_LOD_vs_CN; study_6_LOD_vs_CN; study_7_LOD_vs_CN",5,"study_1; study_11; study_4; study_6; study_7",0.00670960456393767
"BGN",0.0373794751950236,0.0146030358639933,0.0601559145260539,3.03284652560549,0.00242258774473394,0.674518885468395,0.0375230300540731,0.0249332043856376,0.0494901391832653,11,2343,"study_1_LOD_vs_CN; study_11_LOD_vs_CN; study_2_LOD_vs_CN; study_3_Olink_LOD_vs_CN; study_3_Soma_LOD_vs_CN; study_4_LOD_vs_CN; study_5_LOD_vs_CN; study_6_LOD_vs_CN; study_7_LOD_vs_CN; study_8_LOD_vs_CN; study_9_LOD_vs_CN",6,"study_1; study_11; study_4; study_6; study_7; study_8",0.00849891438316497
"BSG",-0.0380419993406191,-0.0586220236976542,-0.0174619749835839,-3.03198789013682,0.00242948950370626,0.908038540392302,-0.0394645723070707,-0.0749180561935799,-0.0242383415149696,7,1276,"study_1_LOD_vs_CN; study_11_LOD_vs_CN; study_2_LOD_vs_CN; study_3_Soma_LOD_vs_CN; study_4_LOD_vs_CN; study_5_LOD_vs_CN; study_6_LOD_vs_CN",4,"study_1; study_11; study_4; study_6",0.00851293122098673
"SCRG1",0.0342161992315335,0.00832560987509992,0.0601067885879671,3.01112507660361,0.00260281613987234,0,0.0349188417907389,0.030041575941662,0.0457224875508192,8,1705,"study_1_LOD_vs_CN; study_10_LOD_vs_CN; study_11_LOD_vs_CN; study_2_LOD_vs_CN; study_4_LOD_vs_CN; study_5_LOD_vs_CN; study_6_LOD_vs_CN; study_7_LOD_vs_CN",5,"study_1; study_11; study_4; study_6; study_7",0.00725204931725299
"SPINK6",-0.0895294540423642,-0.136507912458674,-0.0425509956260544,-3.01045943530282,0.00260852788572263,0.82676369664647,-0.0974367183522848,-0.14832106811188,-0.0522935195427616,8,1416,"study_1_LOD_vs_CN; study_10_LOD_vs_CN; study_11_LOD_vs_CN; study_2_LOD_vs_CN; study_3_Soma_LOD_vs_CN; study_4_LOD_vs_CN; study_5_LOD_vs_CN; study_6_LOD_vs_CN",4,"study_1; study_11; study_4; study_6",0.00904655828364519
"H4C1",-0.10778101893341,-0.201097710808322,-0.0144643270584982,-3.00876852791166,0.00262308881740397,0.766477567853577,-0.11280951880965,-0.223152240210486,-0.00974377757584033,6,1184,"study_1_LOD_vs_CN; study_11_LOD_vs_CN; study_2_LOD_vs_CN; study_5_LOD_vs_CN; study_6_LOD_vs_CN; study_7_LOD_vs_CN",4,"study_1; study_11; study_6; study_7",0.00904655828364519
"DPEP2",0.0847301860082957,0.0371010554729066,0.132359316543685,3.00434995036774,0.00266149003083026,0.877311771865095,0.123939011455665,0.0396294480861584,0.240889210576672,4,671,"study_11_LOD_vs_CN; study_2_LOD_vs_CN; study_3_Soma_LOD_vs_CN; study_6_LOD_vs_CN",3,"study_11; study_2; study_6",0.017584844846557
"TLR3",0.140168250155259,0.0569457336661724,0.223390766644346,2.99674880892872,0.00272875457927007,0.922913874790647,NA,NA,NA,5,986,"study_2_LOD_vs_CN; study_3_Olink_LOD_vs_CN; study_3_Soma_LOD_vs_CN; study_8_LOD_vs_CN; study_9_LOD_vs_CN",2,"study_2; study_8",0.0222945054987172
"ATP6AP2",0.0271784572169814,-0.00654700711521907,0.0609039215491819,2.99573515593151,0.00273784109833791,0.891859379427602,0.0253298773861177,-0.0191378936904133,0.0468646705041161,9,1714,"study_1_LOD_vs_CN; study_10_LOD_vs_CN; study_11_LOD_vs_CN; study_2_LOD_vs_CN; study_3_Olink_LOD_vs_CN; study_4_LOD_vs_CN; study_5_LOD_vs_CN; study_6_LOD_vs_CN; study_7_LOD_vs_CN",5,"study_1; study_11; study_4; study_6; study_7",0.00760072131632438
"ADAMTS8",-0.0506845709414283,-0.0773488715945412,-0.0240202702883155,-2.99383027012238,0.00275499156606717,0.894433308758219,-0.0513629100484367,-0.0730742150254696,-0.0322837782861128,7,1376,"study_1_LOD_vs_CN; study_11_LOD_vs_CN; study_2_LOD_vs_CN; study_4_LOD_vs_CN; study_5_LOD_vs_CN; study_6_LOD_vs_CN; study_7_LOD_vs_CN",5,"study_1; study_11; study_4; study_6; study_7",0.00762082199390523
"IGHA2",-0.105968881597269,-0.183873483063868,-0.0280642801306708,-2.99331952844052,0.0027596066374828,0,-0.106969831626996,-0.121110910303692,-0.0952397102071153,6,1420,"study_1_LOD_vs_CN; study_10_LOD_vs_CN; study_11_LOD_vs_CN; study_2_LOD_vs_CN; study_5_LOD_vs_CN; study_7_LOD_vs_CN",3,"study_1; study_11; study_7",0.0179032724845346
"NXPH4",-0.0511934417574112,-0.0796929813757735,-0.0226939021390489,-2.99259673829226,0.00276614985196132,0.704517122541224,-0.0518545639477426,-0.0631525668456622,-0.0402592936464273,8,1701,"study_1_LOD_vs_CN; study_10_LOD_vs_CN; study_11_LOD_vs_CN; study_2_LOD_vs_CN; study_4_LOD_vs_CN; study_5_LOD_vs_CN; study_6_LOD_vs_CN; study_7_LOD_vs_CN",5,"study_1; study_11; study_4; study_6; study_7",0.00762426249519087
"GPC4",0.0516493958114756,0.0237830769725114,0.0795157146504398,2.99170953971106,0.00277420078138734,0.887663074101733,0.0519320804091425,0.0234869141752089,0.0934613840086752,6,1172,"study_1_LOD_vs_CN; study_11_LOD_vs_CN; study_2_LOD_vs_CN; study_3_Soma_LOD_vs_CN; study_5_LOD_vs_CN; study_6_LOD_vs_CN",3,"study_1; study_11; study_6",0.0179032724845346
"VIP",-0.0353164937256283,-0.159666470409201,0.0890334829579447,-2.98555970794669,0.00283059872485602,0.620789792342349,-0.0292919068527596,-0.0600365225754559,0.0281554135091733,6,1180,"study_1_LOD_vs_CN; study_11_LOD_vs_CN; study_2_LOD_vs_CN; study_5_LOD_vs_CN; study_6_LOD_vs_CN; study_7_LOD_vs_CN",4,"study_1; study_11; study_6; study_7",0.00962539556960813
"NLGN3",-0.0396908178678433,-0.0692807808342459,-0.0101008549014407,-2.98509779195596,0.00283487677735034,0,-0.0400898521585953,-0.044699322196552,-0.0373194216392858,7,1226,"study_1_LOD_vs_CN; study_11_LOD_vs_CN; study_2_LOD_vs_CN; study_3_Soma_LOD_vs_CN; study_5_LOD_vs_CN; study_6_LOD_vs_CN; study_7_LOD_vs_CN",4,"study_1; study_11; study_6; study_7",0.00962539556960813
"CXCL13",0.177518655945016,0.0669690943151631,0.288068217574868,2.98325826304389,0.00285197227791185,0.917333954187368,NA,NA,NA,4,956,"study_3_Olink_LOD_vs_CN; study_3_Soma_LOD_vs_CN; study_8_LOD_vs_CN; study_9_LOD_vs_CN",2,"study_3_Soma; study_8",0.0230559443098558
"ATP6AP1",-0.0382274557528319,-0.0587752819417545,-0.0176796295639093,-2.98108609669948,0.00287228028016228,0.869235740506995,-0.0386986283296741,-0.0570742156233023,-0.027697626489875,8,1705,"study_1_LOD_vs_CN; study_10_LOD_vs_CN; study_11_LOD_vs_CN; study_2_LOD_vs_CN; study_4_LOD_vs_CN; study_5_LOD_vs_CN; study_6_LOD_vs_CN; study_7_LOD_vs_CN",5,"study_1; study_11; study_4; study_6; study_7",0.00788851262658855
"TMED7",-0.00645670130704986,-0.0388168917501306,0.0259034891360309,-2.97656724972131,0.00291495144172104,0.688511547347801,-0.00344860873134537,-0.0265324566132314,0.0149958036252268,5,1263,"study_1_LOD_vs_CN; study_11_LOD_vs_CN; study_5_LOD_vs_CN; study_6_LOD_vs_CN; study_7_LOD_vs_CN",4,"study_1; study_11; study_6; study_7",0.00982114408826011
"OSMR",0.0378945687415434,0.0156607063324317,0.0601284311506551,2.97601563869294,0.00292019970126227,0.85396145891656,0.0375746580539244,0.0237756218861761,0.053006236114752,10,2285,"study_1_LOD_vs_CN; study_11_LOD_vs_CN; study_2_LOD_vs_CN; study_3_Olink_LOD_vs_CN; study_4_LOD_vs_CN; study_5_LOD_vs_CN; study_6_LOD_vs_CN; study_7_LOD_vs_CN; study_8_LOD_vs_CN; study_9_LOD_vs_CN",6,"study_1; study_11; study_4; study_6; study_7; study_8",0.010079398968873
"XYLT2",-0.0625895393636882,-0.1017086172331,-0.0234704614942762,-2.97102786553187,0.00296804848980169,0.533065389415576,-0.0614297339285389,-0.0880528784361184,-0.0368347562992581,5,1104,"study_1_LOD_vs_CN; study_11_LOD_vs_CN; study_2_LOD_vs_CN; study_5_LOD_vs_CN; study_6_LOD_vs_CN",3,"study_1; study_11; study_6",0.0189341024349418
"PITPNA",0.0643704557157526,0.0219141065222171,0.106826804909288,2.96689621075574,0.00300822488711491,0,0.0626987635575864,0.047993141967356,0.0774993286665693,4,935,"study_1_LOD_vs_CN; study_11_LOD_vs_CN; study_3_Soma_LOD_vs_CN; study_7_LOD_vs_CN",3,"study_1; study_11; study_7",0.0189723274130542
"CKAP4",0.153958987956275,0.0523413589145192,0.255576616998031,2.96602414263168,0.00301676806835802,0,NA,NA,NA,3,929,"study_3_Olink_LOD_vs_CN; study_8_LOD_vs_CN; study_9_LOD_vs_CN",2,"study_3_Olink; study_8",0.0241341445468641
"C8B",-0.0594808746135348,-0.106153036169458,-0.0128087130576116,-2.96534816503267,0.00302340547653297,0.724505860978181,-0.060267916442927,-0.111408358789955,-0.00223751372287667,8,1643,"study_1_LOD_vs_CN; study_10_LOD_vs_CN; study_11_LOD_vs_CN; study_2_LOD_vs_CN; study_4_LOD_vs_CN; study_5_LOD_vs_CN; study_6_LOD_vs_CN; study_7_LOD_vs_CN",5,"study_1; study_11; study_4; study_6; study_7",0.00827401712261158
"FKRP",-0.0438007865609345,-0.0742193821072152,-0.0133821910146539,-2.95599907822259,0.00311658022369163,0.437767360809008,-0.0409225196245289,-0.0593251346663335,-0.0140208809378935,5,1141,"study_1_LOD_vs_CN; study_11_LOD_vs_CN; study_2_LOD_vs_CN; study_5_LOD_vs_CN; study_6_LOD_vs_CN",3,"study_1; study_11; study_6",0.0194348542039197
"PCDH12",-0.0639509184086356,-0.103448120655791,-0.0244537161614805,-2.95310468304816,0.00314595259218199,0.400648577438408,-0.061351868684932,-0.0892906886711921,-0.0294983403153828,5,1003,"study_1_LOD_vs_CN; study_11_LOD_vs_CN; study_2_LOD_vs_CN; study_6_LOD_vs_CN; study_7_LOD_vs_CN",4,"study_1; study_11; study_6; study_7",0.0105185285143184
"NRP2",-0.0129134371143705,-0.034172899296463,0.00834602506772196,-2.95168206368362,0.00316048165617828,0.485632096638895,-0.0129369614140275,-0.0180869834527389,-0.00769570201378712,11,2388,"study_1_LOD_vs_CN; study_11_LOD_vs_CN; study_2_LOD_vs_CN; study_3_Olink_LOD_vs_CN; study_3_Soma_LOD_vs_CN; study_4_LOD_vs_CN; study_5_LOD_vs_CN; study_6_LOD_vs_CN; study_7_LOD_vs_CN; study_8_LOD_vs_CN; study_9_LOD_vs_CN",6,"study_1; study_11; study_4; study_6; study_7; study_8",0.0106083824072906
"PLXNB2",0.0386445293360495,0.0107456167169972,0.0665434419551017,2.95050000961515,0.00317260034610561,0.75954848789456,0.0386615087258627,0.0197977243842478,0.0539478248083066,11,2411,"study_1_LOD_vs_CN; study_11_LOD_vs_CN; study_2_LOD_vs_CN; study_3_Olink_LOD_vs_CN; study_3_Soma_LOD_vs_CN; study_4_LOD_vs_CN; study_5_LOD_vs_CN; study_6_LOD_vs_CN; study_7_LOD_vs_CN; study_8_LOD_vs_CN; study_9_LOD_vs_CN",6,"study_1; study_11; study_4; study_6; study_7; study_8",0.0106083824072906
"CD40",0.120142347388197,0.0407175127030866,0.199567182073308,2.94043507824456,0.00327751676674993,0,NA,NA,NA,3,929,"study_3_Olink_LOD_vs_CN; study_8_LOD_vs_CN; study_9_LOD_vs_CN",2,"study_3_Olink; study_8",0.025741587311335
"PSMB6",0.103193373796063,0.0247527368961836,0.181634010695942,2.93975356741709,0.00328473379754014,0.803081867877294,NA,NA,NA,3,735,"study_1_LOD_vs_CN; study_11_LOD_vs_CN; study_2_LOD_vs_CN",2,"study_1; study_11",0.025741587311335
"SLC39A12",-0.0719528316838902,-0.118829991102004,-0.0250756722657765,-2.9356250134947,0.00332876450852565,0.546085958383824,-0.0740327066667117,-0.103798711438054,-0.0488511082053097,7,1365,"study_1_LOD_vs_CN; study_11_LOD_vs_CN; study_2_LOD_vs_CN; study_4_LOD_vs_CN; study_5_LOD_vs_CN; study_6_LOD_vs_CN; study_7_LOD_vs_CN",5,"study_1; study_11; study_4; study_6; study_7",0.00907737555693697
"TNFRSF10A",0.0877243766637532,0.029752029402405,0.145696723925101,2.93390200323041,0.00334729873973152,0,NA,NA,NA,3,928,"study_3_Olink_LOD_vs_CN; study_8_LOD_vs_CN; study_9_LOD_vs_CN",2,"study_3_Olink; study_8",0.0259669235567051
"CLEC14A",0.118280180420777,0.0377694760738019,0.198790884767752,2.93365633224936,0.0033499490367847,0,0.117568364031712,0.109601206681273,0.127220725896537,5,1249,"study_11_LOD_vs_CN; study_2_LOD_vs_CN; study_3_Olink_LOD_vs_CN; study_8_LOD_vs_CN; study_9_LOD_vs_CN",3,"study_11; study_2; study_8",0.0206580190601723
"PCSK9",-0.0352776278543335,-0.063283187463808,-0.00727206824485898,-2.93306894125889,0.00335629355557806,0.6062083028494,-0.0354844126220009,-0.0471259856177869,-0.024173604862411,11,2383,"study_1_LOD_vs_CN; study_11_LOD_vs_CN; study_2_LOD_vs_CN; study_3_Olink_LOD_vs_CN; study_3_Soma_LOD_vs_CN; study_4_LOD_vs_CN; study_5_LOD_vs_CN; study_6_LOD_vs_CN; study_7_LOD_vs_CN; study_8_LOD_vs_CN; study_9_LOD_vs_CN",6,"study_1; study_11; study_4; study_6; study_7; study_8",0.0110499510906724
"GALNT5",-0.0419938037118405,-0.0714595749443207,-0.0125280324793603,-2.93029786519479,0.00338637228575958,0.53179630423167,-0.0445713816616451,-0.0760626704280293,-0.0275492077766015,6,1185,"study_1_LOD_vs_CN; study_11_LOD_vs_CN; study_2_LOD_vs_CN; study_5_LOD_vs_CN; study_6_LOD_vs_CN; study_7_LOD_vs_CN",4,"study_1; study_11; study_6; study_7",0.0112365989482022
"UBE2D2",0.0508111815604041,0.017415501492436,0.0842068616283722,2.92749137195978,0.00341708541774209,0,NA,NA,NA,3,623,"study_11_LOD_vs_CN; study_3_Soma_LOD_vs_CN; study_5_LOD_vs_CN",2,"study_11; study_5",0.0262432160082593
"IGLV8-61",-0.11233203212294,-0.197610087057781,-0.0270539771880997,-2.92547417371348,0.00343931722540019,0.618437301337423,-0.110351837775668,-0.147889403365885,-0.0927904621298593,6,1415,"study_1_LOD_vs_CN; study_11_LOD_vs_CN; study_4_LOD_vs_CN; study_5_LOD_vs_CN; study_6_LOD_vs_CN; study_7_LOD_vs_CN",5,"study_1; study_11; study_4; study_6; study_7",0.00934570652414399
"MMP15",-0.0680892741173691,-0.111837752423339,-0.0243407958113996,-2.92173041868023,0.00348092688191563,0.696949907011741,NA,NA,NA,2,539,"study_11_LOD_vs_CN; study_2_LOD_vs_CN",2,"study_11; study_2",0.0264688301515961
"SQSTM1",-0.0433974306974426,-0.0716375704515514,-0.0151572909433337,-2.91927848512252,0.00350842643096046,0.793639516351193,-0.0401301869943331,-0.0565753022955565,-0.026445271678345,5,1114,"study_1_LOD_vs_CN; study_11_LOD_vs_CN; study_2_LOD_vs_CN; study_5_LOD_vs_CN; study_6_LOD_vs_CN",3,"study_1; study_11; study_6",0.0213975458151984
"CSMD2",-0.0524837892842596,-0.0887815782164648,-0.0161860003520544,-2.91692400610997,0.00353501889049104,0,-0.0534023074967751,-0.0681291460720162,-0.0412053792905253,7,1161,"study_1_LOD_vs_CN; study_11_LOD_vs_CN; study_2_LOD_vs_CN; study_3_Soma_LOD_vs_CN; study_5_LOD_vs_CN; study_6_LOD_vs_CN; study_7_LOD_vs_CN",4,"study_1; study_11; study_6; study_7",0.0116416411581585
"CNTNAP5",-0.0307471331962164,-0.0506216500476288,-0.010872616344804,-2.91545716575239,0.00355167857172967,0.749643510941461,-0.0311561169782543,-0.0500390539973143,-0.0222913756650542,7,1347,"study_1_LOD_vs_CN; study_11_LOD_vs_CN; study_2_LOD_vs_CN; study_4_LOD_vs_CN; study_5_LOD_vs_CN; study_6_LOD_vs_CN; study_7_LOD_vs_CN",5,"study_1; study_11; study_4; study_6; study_7",0.00961704514669054
"GALNT1",-0.020969299566622,-0.0351254801661072,-0.00681311896713668,-2.91116097965801,0.00360088441992857,0.71423590474746,-0.0207842872976655,-0.0306837074065642,-0.0125874378453413,8,1473,"study_1_LOD_vs_CN; study_11_LOD_vs_CN; study_2_LOD_vs_CN; study_3_Soma_LOD_vs_CN; study_4_LOD_vs_CN; study_5_LOD_vs_CN; study_6_LOD_vs_CN; study_7_LOD_vs_CN",5,"study_1; study_11; study_4; study_6; study_7",0.00971607059271956
"UXS1",-0.201773544434886,-0.323188306917607,-0.0803587819521654,-2.90724850232573,0.00364623410972364,0.928301103884983,NA,NA,NA,2,88,"study_3_Soma_LOD_vs_CN; study_6_LOD_vs_CN",2,"study_3_Soma; study_6",0.027453998002625
"NOTCH2",-0.0250083000993187,-0.0431998293662266,-0.00681677083241091,-2.90404867299333,0.00368370887269026,0,-0.024833083366406,-0.0272782459911919,-0.0201949607169367,7,1297,"study_1_LOD_vs_CN; study_11_LOD_vs_CN; study_2_LOD_vs_CN; study_3_Soma_LOD_vs_CN; study_4_LOD_vs_CN; study_5_LOD_vs_CN; study_6_LOD_vs_CN",4,"study_1; study_11; study_4; study_6",0.0120407797480473
"SELENOM",-0.0356758457597534,-0.0595519023532953,-0.0117997891662114,-2.90213080271502,0.00370633749077302,0,-0.0366129834004441,-0.0487266266473606,-0.0269958963373883,8,1482,"study_1_LOD_vs_CN; study_11_LOD_vs_CN; study_2_LOD_vs_CN; study_3_Soma_LOD_vs_CN; study_4_LOD_vs_CN; study_5_LOD_vs_CN; study_6_LOD_vs_CN; study_7_LOD_vs_CN",5,"study_1; study_11; study_4; study_6; study_7",0.00996564171470087
"CDH5",-0.0283046017027317,-0.0498868976230172,-0.00672230578244624,-2.89896042962881,0.0037440214254979,0.461554503334341,-0.028007358622134,-0.0367888916032286,-0.0103834855679366,9,1464,"study_1_LOD_vs_CN; study_11_LOD_vs_CN; study_2_LOD_vs_CN; study_3_Olink_LOD_vs_CN; study_3_Soma_LOD_vs_CN; study_4_LOD_vs_CN; study_5_LOD_vs_CN; study_6_LOD_vs_CN; study_7_LOD_vs_CN",5,"study_1; study_11; study_4; study_6; study_7",0.0100318901610031
"CALCOCO2",0.276217342070942,0.122142389590745,0.430292294551138,2.89872235189486,0.00374686529377284,0.754859605755548,NA,NA,NA,2,87,"study_3_Soma_LOD_vs_CN; study_6_LOD_vs_CN",2,"study_3_Soma; study_6",0.0279377917050247
"RNPEP",0.0812954302484589,0.0271642413233943,0.135426619173523,2.89831086798557,0.0037517851501936,0.671637000348104,0.0725698181923437,0.00635601762080884,0.128819496769458,4,893,"study_1_LOD_vs_CN; study_11_LOD_vs_CN; study_2_LOD_vs_CN; study_6_LOD_vs_CN",3,"study_1; study_11; study_6",0.0226330517212766
"IGHV3-15",-0.0769509972956182,-0.133521122247157,-0.0203808723440797,-2.89544220630918,0.00378624742463641,0.552872402589894,-0.0818754215580654,-0.134493739608386,-0.0497150300875269,5,1295,"study_1_LOD_vs_CN; study_11_LOD_vs_CN; study_5_LOD_vs_CN; study_6_LOD_vs_CN; study_7_LOD_vs_CN",4,"study_1; study_11; study_6; study_7",0.0122842694221537
"TGFB2",-0.0649061210017674,-0.117403009053959,-0.0124092329495756,-2.89139219996894,0.0038353914782815,0.0887490586876179,-0.0662235093092314,-0.098145767475812,-0.0384352756072681,5,1047,"study_1_LOD_vs_CN; study_11_LOD_vs_CN; study_2_LOD_vs_CN; study_5_LOD_vs_CN; study_6_LOD_vs_CN",3,"study_1; study_11; study_6",0.022888626563938
"FRZB",0.0265393085961708,0.00611046141035329,0.0469681557819884,2.88936232708004,0.00386023999349941,0.646900959116619,0.0266509913710052,0.0136324410194958,0.0486548753167634,12,2649,"study_1_LOD_vs_CN; study_10_LOD_vs_CN; study_11_LOD_vs_CN; study_2_LOD_vs_CN; study_3_Olink_LOD_vs_CN; study_3_Soma_LOD_vs_CN; study_4_LOD_vs_CN; study_5_LOD_vs_CN; study_6_LOD_vs_CN; study_7_LOD_vs_CN; study_8_LOD_vs_CN; study_9_LOD_vs_CN",6,"study_1; study_11; study_4; study_6; study_7; study_8",0.0125165357364981
"FGFR1",-0.0309843568772245,-0.0488440869874606,-0.0131246267669883,-2.88745961432305,0.00388366459229705,0.824700538104221,-0.0302756551899765,-0.0422810171619029,-0.0196405321213401,9,1729,"study_1_LOD_vs_CN; study_10_LOD_vs_CN; study_11_LOD_vs_CN; study_2_LOD_vs_CN; study_3_Soma_LOD_vs_CN; study_4_LOD_vs_CN; study_5_LOD_vs_CN; study_6_LOD_vs_CN; study_7_LOD_vs_CN",5,"study_1; study_11; study_4; study_6; study_7",0.0103699238592932
"SV2C",0.0976419453245235,0.0300065989220127,0.165277291727034,2.88668550381858,0.00389323168612277,0,NA,NA,NA,2,365,"study_11_LOD_vs_CN; study_2_LOD_vs_CN",2,"study_11; study_2",0.0287500186052143
"B4GAT1",-0.027698459149829,-0.0452028580742486,-0.0101940602254094,-2.87164806081961,0.00408337445719552,0.492924277350269,-0.0276137446497621,-0.032759424312534,-0.0210183165718896,11,2634,"study_1_LOD_vs_CN; study_10_LOD_vs_CN; study_11_LOD_vs_CN; study_2_LOD_vs_CN; study_3_Olink_LOD_vs_CN; study_4_LOD_vs_CN; study_5_LOD_vs_CN; study_6_LOD_vs_CN; study_7_LOD_vs_CN; study_8_LOD_vs_CN; study_9_LOD_vs_CN",6,"study_1; study_11; study_4; study_6; study_7; study_8",0.0130424199080573
"IGKV2-24",-0.0651365173608983,-0.119460922369721,-0.0108121123520752,-2.86866096296872,0.0041221339404014,0.479943120741108,-0.0682824261182332,-0.100503312206285,-0.0503984952983957,3,1109,"study_1_LOD_vs_CN; study_11_LOD_vs_CN; study_7_LOD_vs_CN",3,"study_1; study_11; study_7",0.0242259600295698
"RSPO3",0.176519130684794,0.0580032517738243,0.295035009595763,2.86845244240134,0.00412485205251411,0.708689597688764,NA,NA,NA,4,956,"study_3_Olink_LOD_vs_CN; study_3_Soma_LOD_vs_CN; study_8_LOD_vs_CN; study_9_LOD_vs_CN",2,"study_3_Soma; study_8",0.0301703464412461
"CRP",-0.151330607512199,-0.27109593766119,-0.0315652773632078,-2.86677432628708,0.00414678595100744,0,-0.152960845145256,-0.15962290664021,-0.140421622376423,7,1483,"study_1_LOD_vs_CN; study_10_LOD_vs_CN; study_11_LOD_vs_CN; study_2_LOD_vs_CN; study_3_Soma_LOD_vs_CN; study_5_LOD_vs_CN; study_7_LOD_vs_CN",3,"study_1; study_11; study_7",0.0242259600295698
"GRIA2",-0.031309658995302,-0.0554476732898431,-0.00717164470076094,-2.86626916377993,0.00415340939477031,0.807179254077494,-0.0300819004451007,-0.0477108854095904,-0.00877676451794073,7,1314,"study_1_LOD_vs_CN; study_11_LOD_vs_CN; study_2_LOD_vs_CN; study_4_LOD_vs_CN; study_5_LOD_vs_CN; study_6_LOD_vs_CN; study_7_LOD_vs_CN",5,"study_1; study_11; study_4; study_6; study_7",0.0110518056213784
"DSC2",0.0900560282734525,0.0535221087882453,0.12658994775866,2.86435292398903,0.00417862154836863,0.970246333839656,0.0894966162116596,0.0113750684928477,0.134257955116908,11,2402,"study_1_LOD_vs_CN; study_11_LOD_vs_CN; study_2_LOD_vs_CN; study_3_Olink_LOD_vs_CN; study_3_Soma_LOD_vs_CN; study_4_LOD_vs_CN; study_5_LOD_vs_CN; study_6_LOD_vs_CN; study_7_LOD_vs_CN; study_8_LOD_vs_CN; study_9_LOD_vs_CN",6,"study_1; study_11; study_4; study_6; study_7; study_8",0.0131503678139836
"PMFBP1",0.102420191245276,0.044473386172355,0.160366996318198,2.86356868326187,0.00418897985854093,0.898713489008949,NA,NA,NA,2,280,"study_6_LOD_vs_CN; study_7_LOD_vs_CN",2,"study_6; study_7",0.0303333213987874
"NAV1",0.044302883690751,0.00767044243508327,0.0809353249464187,2.86077063256235,0.00422612680946647,0.480599005929842,NA,NA,NA,2,758,"study_1_LOD_vs_CN; study_11_LOD_vs_CN",2,"study_1; study_11",0.0303333213987874
"GALNT18",-0.0241130167715809,-0.039933274967745,-0.00829275857541683,-2.86032162351125,0.00423211560120259,0.762408205878519,-0.0241690008146201,-0.0314235626254378,-0.0140232626697695,7,1427,"study_1_LOD_vs_CN; study_11_LOD_vs_CN; study_2_LOD_vs_CN; study_4_LOD_vs_CN; study_5_LOD_vs_CN; study_6_LOD_vs_CN; study_7_LOD_vs_CN",5,"study_1; study_11; study_4; study_6; study_7",0.0112224030942234
"S1PR1",-0.042140691592751,-0.0724465396757787,-0.0118348435097232,-2.85854306883705,0.0042559133087549,0,-0.0433250013644868,-0.0540270818857234,-0.0354979674792919,5,1077,"study_1_LOD_vs_CN; study_11_LOD_vs_CN; study_2_LOD_vs_CN; study_5_LOD_vs_CN; study_6_LOD_vs_CN",3,"study_1; study_11; study_6",0.0244975211602239
"AMPH",0.0503844841696506,0.0151473659764035,0.0856216023628978,2.8566372318414,0.0042815487433184,0.561388277173854,0.0754321318831519,0.0422030471234826,0.137909012293847,4,628,"study_11_LOD_vs_CN; study_2_LOD_vs_CN; study_3_Soma_LOD_vs_CN; study_7_LOD_vs_CN",3,"study_11; study_2; study_7",0.0244975211602239
"LIFR",0.0729751766288372,0.0211102238923011,0.124840129365373,2.85295858306249,0.00433142663822257,0.789214738791672,0.0695723091571727,0.0209219782644679,0.0960044765987278,7,1527,"study_11_LOD_vs_CN; study_2_LOD_vs_CN; study_3_Olink_LOD_vs_CN; study_3_Soma_LOD_vs_CN; study_6_LOD_vs_CN; study_8_LOD_vs_CN; study_9_LOD_vs_CN",4,"study_11; study_2; study_6; study_8",0.0139497416730991
"ADAMTS3",-0.0656191209482685,-0.113991543324743,-0.0172466985717936,-2.85241896942547,0.00433878726804934,0,-0.0537651743172738,-0.0696285681671308,-0.0251272613549289,3,590,"study_11_LOD_vs_CN; study_2_LOD_vs_CN; study_6_LOD_vs_CN",3,"study_11; study_2; study_6",0.0245717034057896
"LARGE1",-0.0817384481351112,-0.134172478643694,-0.0293044176265282,-2.84781800459282,0.00440200902781323,0.798693311456653,-0.085446762522372,-0.137922847982842,-0.0510549209352986,6,911,"study_1_LOD_vs_CN; study_11_LOD_vs_CN; study_2_LOD_vs_CN; study_3_Soma_LOD_vs_CN; study_5_LOD_vs_CN; study_6_LOD_vs_CN",3,"study_1; study_11; study_6",0.0246779293983469
"APOC4",-0.139778671042754,-0.238372981194986,-0.0411843608905213,-2.83779210665748,0.00454267594862681,0.906286255698348,NA,NA,NA,3,725,"study_1_LOD_vs_CN; study_11_LOD_vs_CN; study_2_LOD_vs_CN",2,"study_1; study_11",0.0323034734124573
"TGFBR3",0.042260912300196,0.0115985025528628,0.0729233220475293,2.83765804650144,0.00454458413924436,0.889731041477976,0.0421620979647739,0.0151052280840202,0.0606439271006127,12,2624,"study_1_LOD_vs_CN; study_10_LOD_vs_CN; study_11_LOD_vs_CN; study_2_LOD_vs_CN; study_3_Olink_LOD_vs_CN; study_3_Soma_LOD_vs_CN; study_4_LOD_vs_CN; study_5_LOD_vs_CN; study_6_LOD_vs_CN; study_7_LOD_vs_CN; study_8_LOD_vs_CN; study_9_LOD_vs_CN",6,"study_1; study_11; study_4; study_6; study_7; study_8",0.0140947971854825
"CRIP1",0.0696702473077937,0.0215983211390071,0.11774217347658,2.83592139268184,0.0045693690994251,0.351358670825633,0.06540352951342,0.0234378152923119,0.0992424649272274,5,1022,"study_1_LOD_vs_CN; study_11_LOD_vs_CN; study_2_LOD_vs_CN; study_3_Soma_LOD_vs_CN; study_7_LOD_vs_CN",3,"study_1; study_11; study_7",0.0253599985018093
"PRDX6",0.0495220059312191,-0.000770620701233758,0.0998146325636719,2.83353630191156,0.00460360788071838,0.745123362925014,0.0506311188639063,0.0355205325450114,0.0923932455849858,9,1503,"study_1_LOD_vs_CN; study_11_LOD_vs_CN; study_2_LOD_vs_CN; study_3_Olink_LOD_vs_CN; study_3_Soma_LOD_vs_CN; study_4_LOD_vs_CN; study_5_LOD_vs_CN; study_6_LOD_vs_CN; study_7_LOD_vs_CN",5,"study_1; study_11; study_4; study_6; study_7",0.0121655479734448
"CPQ",-0.0300753987515207,-0.0522401962094888,-0.00791060129355249,-2.83097410061554,0.00464064786015983,0,-0.029804191714685,-0.0329479791465865,-0.0200497300468522,9,1730,"study_1_LOD_vs_CN; study_10_LOD_vs_CN; study_11_LOD_vs_CN; study_2_LOD_vs_CN; study_3_Soma_LOD_vs_CN; study_4_LOD_vs_CN; study_5_LOD_vs_CN; study_6_LOD_vs_CN; study_7_LOD_vs_CN",5,"study_1; study_11; study_4; study_6; study_7",0.0122214322070648
"B2M",0.0434935813674381,0.0191884538701679,0.0677987088647084,2.82960058252524,0.00466061477522224,0.915525606695602,0.0465427744110335,0.0154191403906929,0.0755686495064852,8,1546,"study_1_LOD_vs_CN; study_10_LOD_vs_CN; study_11_LOD_vs_CN; study_2_LOD_vs_CN; study_3_Soma_LOD_vs_CN; study_4_LOD_vs_CN; study_5_LOD_vs_CN; study_6_LOD_vs_CN",4,"study_1; study_11; study_4; study_6",0.0148480106972369
"DDAH2",0.0455761749337389,0.0161123836408588,0.075039966226619,2.82839938653492,0.00467814035666367,0.284097508581066,0.0445690548461029,0.0286874298906208,0.0549901347002967,7,1484,"study_1_LOD_vs_CN; study_10_LOD_vs_CN; study_11_LOD_vs_CN; study_2_LOD_vs_CN; study_5_LOD_vs_CN; study_6_LOD_vs_CN; study_7_LOD_vs_CN",4,"study_1; study_11; study_6; study_7",0.0148480106972369
"NQO2",0.0732904201849326,0.0139381351644741,0.132642705205391,2.82211183815213,0.00477085366448571,0,0.0723103620469111,0.0596749909094803,0.0804454961536245,8,1285,"study_1_LOD_vs_CN; study_11_LOD_vs_CN; study_2_LOD_vs_CN; study_3_Olink_LOD_vs_CN; study_3_Soma_LOD_vs_CN; study_5_LOD_vs_CN; study_6_LOD_vs_CN; study_7_LOD_vs_CN",4,"study_1; study_11; study_6; study_7",0.015033337446365
"HSPA1B",0.0941624420534247,0.031752743419199,0.156572140687651,2.82192715567721,0.00477360187405907,0.124044084513343,NA,NA,NA,3,222,"study_3_Soma_LOD_vs_CN; study_5_LOD_vs_CN; study_6_LOD_vs_CN",2,"study_5; study_6",0.0336341856814437
"CTSS",0.0395020898658755,0.016696287997135,0.0623078917346161,2.82028986807115,0.00479802862934349,0.822087323279262,0.0403198405082775,0.0187307647143007,0.0515671566510908,11,2399,"study_1_LOD_vs_CN; study_11_LOD_vs_CN; study_2_LOD_vs_CN; study_3_Olink_LOD_vs_CN; study_3_Soma_LOD_vs_CN; study_4_LOD_vs_CN; study_5_LOD_vs_CN; study_6_LOD_vs_CN; study_7_LOD_vs_CN; study_8_LOD_vs_CN; study_9_LOD_vs_CN",6,"study_1; study_11; study_4; study_6; study_7; study_8",0.0146164599149142
"ENTPD6",-0.0224251466156239,-0.0524368549576187,0.00758656172637101,-2.81687190490053,0.00484938623345284,0.421847778228432,-0.0225472909396672,-0.038698897741158,-0.00888395540577058,11,2290,"study_1_LOD_vs_CN; study_11_LOD_vs_CN; study_2_LOD_vs_CN; study_3_Olink_LOD_vs_CN; study_3_Soma_LOD_vs_CN; study_4_LOD_vs_CN; study_5_LOD_vs_CN; study_6_LOD_vs_CN; study_7_LOD_vs_CN; study_8_LOD_vs_CN; study_9_LOD_vs_CN",6,"study_1; study_11; study_4; study_6; study_7; study_8",0.0146164599149142
"FAM174A",-0.0442920873575844,-0.0723375634969774,-0.0162466112181914,-2.81577084168647,0.00486603618837227,0.765500123989718,-0.0434136799542207,-0.0754857529229462,-0.00818178015709428,8,1444,"study_1_LOD_vs_CN; study_11_LOD_vs_CN; study_2_LOD_vs_CN; study_3_Soma_LOD_vs_CN; study_4_LOD_vs_CN; study_5_LOD_vs_CN; study_6_LOD_vs_CN; study_7_LOD_vs_CN",5,"study_1; study_11; study_4; study_6; study_7",0.0127712690404719
"TPD52L2",0.0805114073296559,0.0270901916236388,0.133932623035673,2.80879949089669,0.00497266065410316,0.642328670831635,0.106445651054834,0.0623223991694441,0.172639084078636,4,620,"study_11_LOD_vs_CN; study_2_LOD_vs_CN; study_3_Soma_LOD_vs_CN; study_6_LOD_vs_CN",3,"study_11; study_2; study_6",0.0273250164656164
"SCARB2",0.111670982180689,0.0322276815946757,0.191114282766702,2.8021144905264,0.00507688528915739,0.630982629490663,NA,NA,NA,4,959,"study_2_LOD_vs_CN; study_3_Olink_LOD_vs_CN; study_8_LOD_vs_CN; study_9_LOD_vs_CN",2,"study_2; study_8",0.0354458900188443
"NRP1",-0.0254928342217921,-0.0406151085580653,-0.0103705598855188,-2.8015289415442,0.00508610788109502,0.811098783536915,-0.0247746774310743,-0.0342779219966697,-0.0117202687878938,9,1478,"study_1_LOD_vs_CN; study_11_LOD_vs_CN; study_2_LOD_vs_CN; study_3_Olink_LOD_vs_CN; study_3_Soma_LOD_vs_CN; study_4_LOD_vs_CN; study_5_LOD_vs_CN; study_6_LOD_vs_CN; study_7_LOD_vs_CN",5,"study_1; study_11; study_4; study_6; study_7",0.0133034590495309
"LAMB1",-0.0164517367738317,-0.0294136455112323,-0.00348982803643109,-2.79897217598459,0.0051265554766861,0.794945299262452,-0.0173126550865921,-0.0376875484809492,-0.00423649545207297,8,1585,"study_1_LOD_vs_CN; study_10_LOD_vs_CN; study_11_LOD_vs_CN; study_2_LOD_vs_CN; study_4_LOD_vs_CN; study_5_LOD_vs_CN; study_6_LOD_vs_CN; study_7_LOD_vs_CN",5,"study_1; study_11; study_4; study_6; study_7",0.0133638005477004
"EIF4EBP1",0.167246209183677,0.0510121414025021,0.283480276964852,2.79286567098844,0.00522433818949137,0.85091405739274,NA,NA,NA,4,956,"study_3_Olink_LOD_vs_CN; study_3_Soma_LOD_vs_CN; study_8_LOD_vs_CN; study_9_LOD_vs_CN",2,"study_3_Soma; study_8",0.0361467723381025
"COCH",0.0733798084258076,0.0293072114493202,0.117452405402295,2.78125951718605,0.0054148431848075,0.803553232401104,0.0726506294735065,0.0200519991293508,0.0921199163629896,12,2629,"study_1_LOD_vs_CN; study_10_LOD_vs_CN; study_11_LOD_vs_CN; study_2_LOD_vs_CN; study_3_Olink_LOD_vs_CN; study_3_Soma_LOD_vs_CN; study_4_LOD_vs_CN; study_5_LOD_vs_CN; study_6_LOD_vs_CN; study_7_LOD_vs_CN; study_8_LOD_vs_CN; study_9_LOD_vs_CN",6,"study_1; study_11; study_4; study_6; study_7; study_8",0.0160941172437334
"MASP2",-0.0807010857700923,-0.139916978780043,-0.0214851927601413,-2.78071029080712,0.0054240117510239,0.842727320704117,-0.0878261596480121,-0.18740925100295,0.00494129933889987,5,1129,"study_1_LOD_vs_CN; study_11_LOD_vs_CN; study_2_LOD_vs_CN; study_5_LOD_vs_CN; study_7_LOD_vs_CN",3,"study_1; study_11; study_7",0.0293533681858002
"IGHV2-5",-0.110178667300434,-0.190575739250122,-0.0297815953507458,-2.77930338626949,0.00544756202367102,0.668209768866681,-0.117428661668069,-0.151338434931746,-0.0792973577945662,4,1096,"study_1_LOD_vs_CN; study_11_LOD_vs_CN; study_5_LOD_vs_CN; study_7_LOD_vs_CN",3,"study_1; study_11; study_7",0.0293533681858002
"SLPI",0.0586212172280529,0.020706518941031,0.0965359155150747,2.77789538874704,0.00547122296637288,0.881307818370069,0.0603260048555128,0.0326557154882867,0.112724733170559,7,1297,"study_1_LOD_vs_CN; study_11_LOD_vs_CN; study_2_LOD_vs_CN; study_3_Soma_LOD_vs_CN; study_4_LOD_vs_CN; study_5_LOD_vs_CN; study_6_LOD_vs_CN",4,"study_1; study_11; study_4; study_6",0.017117111851938
"UQCC3",-0.0744817595052582,-0.142787563769013,-0.00617595524150374,-2.75853948840316,0.00580602899385152,0,NA,NA,NA,2,669,"study_1_LOD_vs_CN; study_11_LOD_vs_CN",2,"study_1; study_11",0.0398127702435533
"MANSC1",-0.025284566376294,-0.0441452000300875,-0.00642393272250046,-2.75831299267783,0.00581005380130171,0.627927655493614,-0.0243240037454977,-0.034114675303112,-0.0115898701801239,9,1463,"study_1_LOD_vs_CN; study_11_LOD_vs_CN; study_2_LOD_vs_CN; study_3_Olink_LOD_vs_CN; study_3_Soma_LOD_vs_CN; study_4_LOD_vs_CN; study_5_LOD_vs_CN; study_6_LOD_vs_CN; study_7_LOD_vs_CN",5,"study_1; study_11; study_4; study_6; study_7",0.0150943627473007
"ST13",0.061419393141656,0.0208824996911161,0.101956286592196,2.75272833024954,0.00591009173231029,0.579267486370659,0.0578879675609506,0.0239896094225847,0.0751994551489999,6,1253,"study_1_LOD_vs_CN; study_11_LOD_vs_CN; study_2_LOD_vs_CN; study_3_Soma_LOD_vs_CN; study_5_LOD_vs_CN; study_7_LOD_vs_CN",3,"study_1; study_11; study_7",0.0315394318406944
"NCL",0.118561230794248,0.0351808143109374,0.201941647277558,2.75008107316259,0.0059580521467255,0,NA,NA,NA,4,526,"study_1_LOD_vs_CN; study_2_LOD_vs_CN; study_5_LOD_vs_CN; study_6_LOD_vs_CN",2,"study_1; study_6",0.0404936641476565
"IGKV4-1",-0.0655227234998846,-0.116823027833205,-0.0142224191665644,-2.74936613858126,0.00597106463947313,0.0146976335758973,-0.0670538365524323,-0.0971393692553472,-0.0525959473255187,8,1705,"study_1_LOD_vs_CN; study_10_LOD_vs_CN; study_11_LOD_vs_CN; study_2_LOD_vs_CN; study_4_LOD_vs_CN; study_5_LOD_vs_CN; study_6_LOD_vs_CN; study_7_LOD_vs_CN",5,"study_1; study_11; study_4; study_6; study_7",0.0154604333594439
"SERPINA10",-0.0404535506083029,-0.0815950626923059,0.000687961475700091,-2.74551299998147,0.00604163737734134,0.667060421297025,-0.0411735983483141,-0.0733008795562671,-0.0113854992349995,8,1467,"study_1_LOD_vs_CN; study_11_LOD_vs_CN; study_2_LOD_vs_CN; study_3_Soma_LOD_vs_CN; study_4_LOD_vs_CN; study_5_LOD_vs_CN; study_6_LOD_vs_CN; study_7_LOD_vs_CN",5,"study_1; study_11; study_4; study_6; study_7",0.0155906682656896
"LBP",-0.0473962286985434,-0.0957231770710002,0.000930719673913449,-2.74114055000836,0.00612263110490415,0.579993038990347,-0.0460594603698832,-0.0703741906404407,-0.0160961218920911,8,1471,"study_1_LOD_vs_CN; study_11_LOD_vs_CN; study_2_LOD_vs_CN; study_3_Soma_LOD_vs_CN; study_4_LOD_vs_CN; study_5_LOD_vs_CN; study_6_LOD_vs_CN; study_7_LOD_vs_CN",5,"study_1; study_11; study_4; study_6; study_7",0.0157468338450545
"CCL23",0.116560783772044,0.0339754509344313,0.199146116609657,2.74069586589727,0.0061309228176946,0,NA,NA,NA,4,956,"study_3_Olink_LOD_vs_CN; study_3_Soma_LOD_vs_CN; study_8_LOD_vs_CN; study_9_LOD_vs_CN",2,"study_3_Soma; study_8",0.0413030589823636
"ROBO4",-0.0257108011395778,-0.0457159457244366,-0.00570565655471887,-2.73980517001581,0.00614756142037661,0.762088261189335,-0.025052222399231,-0.0355649803635307,-0.0164566591209354,8,1425,"study_1_LOD_vs_CN; study_11_LOD_vs_CN; study_2_LOD_vs_CN; study_3_Soma_LOD_vs_CN; study_4_LOD_vs_CN; study_5_LOD_vs_CN; study_6_LOD_vs_CN; study_7_LOD_vs_CN",5,"study_1; study_11; study_4; study_6; study_7",0.0157582491075654
"ARMH4",-0.0340998282223563,-0.059126051579759,-0.00907360486495358,-2.73261236282168,0.00628342349704594,0,-0.0336439616419495,-0.0418078966956796,-0.0250369781465705,8,1675,"study_1_LOD_vs_CN; study_10_LOD_vs_CN; study_11_LOD_vs_CN; study_2_LOD_vs_CN; study_4_LOD_vs_CN; study_5_LOD_vs_CN; study_6_LOD_vs_CN; study_7_LOD_vs_CN",5,"study_1; study_11; study_4; study_6; study_7",0.0160529989010908
"COA3",-0.044132143877635,-0.0860011166685077,-0.00226317108676233,-2.72630959468486,0.00640468930651694,0.847745637924351,-0.0539843354415203,-0.105372393225838,-0.0266069321465938,4,866,"study_1_LOD_vs_CN; study_11_LOD_vs_CN; study_2_LOD_vs_CN; study_6_LOD_vs_CN",3,"study_1; study_11; study_6",0.0337974439812999
"PVR",-0.0163610431856647,-0.0463433457028089,0.0136212593314796,-2.72490791253584,0.00643194237076132,0.488737027913426,-0.0165720045391833,-0.0287851512535539,-0.00895335627538986,10,2381,"study_1_LOD_vs_CN; study_11_LOD_vs_CN; study_2_LOD_vs_CN; study_3_Olink_LOD_vs_CN; study_4_LOD_vs_CN; study_5_LOD_vs_CN; study_6_LOD_vs_CN; study_7_LOD_vs_CN; study_8_LOD_vs_CN; study_9_LOD_vs_CN",6,"study_1; study_11; study_4; study_6; study_7; study_8",0.0188282410387565
"HSP90AB1",0.0531688000022966,0.0166881110689493,0.089649488935644,2.72390876149089,0.0064514326235669,0.388593120495158,0.0553411238879784,0.0443666043101329,0.0682765797056744,7,1095,"study_1_LOD_vs_CN; study_11_LOD_vs_CN; study_2_LOD_vs_CN; study_3_Soma_LOD_vs_CN; study_5_LOD_vs_CN; study_6_LOD_vs_CN; study_7_LOD_vs_CN",4,"study_1; study_11; study_6; study_7",0.0199407460241108
"UGP2",0.120451569437993,0.0290269551124081,0.211876183763579,2.72372580257909,0.00645500731895096,0,0.125303100466188,0.116898422800274,0.137243158685108,4,471,"study_11_LOD_vs_CN; study_2_LOD_vs_CN; study_3_Soma_LOD_vs_CN; study_6_LOD_vs_CN",3,"study_11; study_2; study_6",0.0337974439812999
"CPLX1",0.137601236480303,0.0434323020539284,0.231770170906679,2.72326659600207,0.00646398725802496,0.500801419755138,NA,NA,NA,3,90,"study_2_LOD_vs_CN; study_3_Soma_LOD_vs_CN; study_7_LOD_vs_CN",2,"study_2; study_7",0.0430754425793006
"FREM2",-0.062948054611876,-0.106548849219547,-0.0193472600042047,-2.72322465073414,0.00646480807174369,0.421996463628135,-0.0646034785640151,-0.0967818035341452,-0.0378504919087383,6,1250,"study_1_LOD_vs_CN; study_11_LOD_vs_CN; study_2_LOD_vs_CN; study_5_LOD_vs_CN; study_6_LOD_vs_CN; study_7_LOD_vs_CN",4,"study_1; study_11; study_6; study_7",0.0199407460241108
"ERBB2",0.0877176657600286,0.0240882386015865,0.151347092918471,2.72111630421021,0.00650618663958186,0.0317641145707836,NA,NA,NA,4,959,"study_2_LOD_vs_CN; study_3_Olink_LOD_vs_CN; study_8_LOD_vs_CN; study_9_LOD_vs_CN",2,"study_2; study_8",0.0430754425793006
"ROBO1",-0.0064950274214843,-0.0462470234664521,0.0332569686234835,-2.72088705800379,0.00651070017228028,0.874321406328795,-0.00666091914293139,-0.0291744989091017,0.013418085629304,12,2643,"study_1_LOD_vs_CN; study_10_LOD_vs_CN; study_11_LOD_vs_CN; study_2_LOD_vs_CN; study_3_Olink_LOD_vs_CN; study_3_Soma_LOD_vs_CN; study_4_LOD_vs_CN; study_5_LOD_vs_CN; study_6_LOD_vs_CN; study_7_LOD_vs_CN; study_8_LOD_vs_CN; study_9_LOD_vs_CN",6,"study_1; study_11; study_4; study_6; study_7; study_8",0.0188282410387565
"SFRP4",-0.046296781537484,-0.0811708698523113,-0.0114226932226567,-2.72018165678611,0.00652460619352231,0.92114710344764,-0.0509843860632266,-0.114166579876677,-0.0158572528970314,7,1297,"study_1_LOD_vs_CN; study_11_LOD_vs_CN; study_2_LOD_vs_CN; study_3_Soma_LOD_vs_CN; study_4_LOD_vs_CN; study_5_LOD_vs_CN; study_6_LOD_vs_CN",4,"study_1; study_11; study_4; study_6",0.0199844581312082
"MMRN2",-0.0213992888520266,-0.0378905473023033,-0.00490803040174986,-2.71951444643547,0.00653778391212325,0.766994375215634,-0.0209024789634791,-0.0326181556916515,-0.0140424251340789,8,1595,"study_1_LOD_vs_CN; study_10_LOD_vs_CN; study_11_LOD_vs_CN; study_2_LOD_vs_CN; study_4_LOD_vs_CN; study_5_LOD_vs_CN; study_6_LOD_vs_CN; study_7_LOD_vs_CN",5,"study_1; study_11; study_4; study_6; study_7",0.0166044554055673
"ST8SIA3",-0.0318278332597587,-0.0534836126586224,-0.0101720538608951,-2.71927809405206,0.00654245772156945,0.380435709158751,-0.0322219565786368,-0.0376348887494714,-0.0210545602813452,7,1432,"study_1_LOD_vs_CN; study_11_LOD_vs_CN; study_2_LOD_vs_CN; study_4_LOD_vs_CN; study_5_LOD_vs_CN; study_6_LOD_vs_CN; study_7_LOD_vs_CN",5,"study_1; study_11; study_4; study_6; study_7",0.0166044554055673
"KNG1",-0.0512186678593428,-0.0934949211734304,-0.00894241454525523,-2.71389027684538,0.00664981873970113,0.660190418448855,-0.0507624541028415,-0.0751562329666322,-0.00800652077370041,9,1732,"study_1_LOD_vs_CN; study_10_LOD_vs_CN; study_11_LOD_vs_CN; study_2_LOD_vs_CN; study_3_Soma_LOD_vs_CN; study_4_LOD_vs_CN; study_5_LOD_vs_CN; study_6_LOD_vs_CN; study_7_LOD_vs_CN",5,"study_1; study_11; study_4; study_6; study_7",0.016821416482994
"HMOX1",0.136227959991298,0.0388755604427598,0.233580359539837,2.71379030670155,0.00665182568871438,0,NA,NA,NA,4,955,"study_3_Olink_LOD_vs_CN; study_3_Soma_LOD_vs_CN; study_8_LOD_vs_CN; study_9_LOD_vs_CN",2,"study_3_Soma; study_8",0.0436632660592533
"PPY",-0.130565435621777,-0.220599414140771,-0.0405314571027832,-2.71095275473343,0.00670901849327575,0.508082195746146,NA,NA,NA,3,929,"study_3_Olink_LOD_vs_CN; study_8_LOD_vs_CN; study_9_LOD_vs_CN",2,"study_3_Olink; study_8",0.0436654762952184
"KLKB1",-0.0527887746488554,-0.0958372478785175,-0.00974030141919328,-2.7104988267717,0.00671820862303957,0.568329483593933,-0.0534877547229988,-0.0869349344579777,-0.0182039633602206,9,1717,"study_1_LOD_vs_CN; study_10_LOD_vs_CN; study_11_LOD_vs_CN; study_2_LOD_vs_CN; study_3_Soma_LOD_vs_CN; study_4_LOD_vs_CN; study_5_LOD_vs_CN; study_6_LOD_vs_CN; study_7_LOD_vs_CN",5,"study_1; study_11; study_4; study_6; study_7",0.016938696495467
"ADGRB3",-0.0339978270659404,-0.0594934008851035,-0.00850225324677725,-2.70431991393058,0.00684443583936075,0.485617083479516,-0.0339456466883749,-0.0430567032929952,-0.0267730198351977,8,1476,"study_1_LOD_vs_CN; study_11_LOD_vs_CN; study_2_LOD_vs_CN; study_3_Soma_LOD_vs_CN; study_4_LOD_vs_CN; study_5_LOD_vs_CN; study_6_LOD_vs_CN; study_7_LOD_vs_CN",5,"study_1; study_11; study_4; study_6; study_7",0.017200559347936
"CHID1",-0.0326246190823624,-0.0556654008763407,-0.00958383728838421,-2.70188837996261,0.0068946904243382,0.747375513238877,-0.0343186368328219,-0.0673985941555411,-0.017794556564106,8,1429,"study_1_LOD_vs_CN; study_11_LOD_vs_CN; study_2_LOD_vs_CN; study_3_Soma_LOD_vs_CN; study_4_LOD_vs_CN; study_5_LOD_vs_CN; study_6_LOD_vs_CN; study_7_LOD_vs_CN",5,"study_1; study_11; study_4; study_6; study_7",0.0172704134733423
"EPHB2",-0.0269584313499286,-0.0461885030238929,-0.00772835967596425,-2.70008174115842,0.00693224415549985,0,-0.0271304056862495,-0.036103253166457,-0.0215525441611079,6,1176,"study_1_LOD_vs_CN; study_11_LOD_vs_CN; study_2_LOD_vs_CN; study_3_Soma_LOD_vs_CN; study_5_LOD_vs_CN; study_6_LOD_vs_CN",3,"study_1; study_11; study_6",0.0359569673486207
"GALNT13",-0.0330703890046776,-0.0553804697509612,-0.0107603082583941,-2.69125145573619,0.0071184517999637,0.194437537828521,-0.0334327457839365,-0.0383883427721486,-0.0249009562655272,8,1440,"study_1_LOD_vs_CN; study_11_LOD_vs_CN; study_2_LOD_vs_CN; study_3_Soma_LOD_vs_CN; study_4_LOD_vs_CN; study_5_LOD_vs_CN; study_6_LOD_vs_CN; study_7_LOD_vs_CN",5,"study_1; study_11; study_4; study_6; study_7",0.0177256751664291
"C8A",-0.0523210894895379,-0.0972778219976974,-0.00736435698137841,-2.69105990128323,0.0071225404764975,0.687825541296406,-0.0530373804990815,-0.0972636576182098,-0.00303864652628156,8,1685,"study_1_LOD_vs_CN; study_10_LOD_vs_CN; study_11_LOD_vs_CN; study_2_LOD_vs_CN; study_4_LOD_vs_CN; study_5_LOD_vs_CN; study_6_LOD_vs_CN; study_7_LOD_vs_CN",5,"study_1; study_11; study_4; study_6; study_7",0.0177256751664291
"MGAT3",-0.0375281059196134,-0.0633515338233616,-0.0117046780158652,-2.68983572496545,0.00714872000688517,0.364470969830478,-0.0378934621715652,-0.0438355760559221,-0.0308272361147467,7,1183,"study_1_LOD_vs_CN; study_11_LOD_vs_CN; study_2_LOD_vs_CN; study_3_Soma_LOD_vs_CN; study_5_LOD_vs_CN; study_6_LOD_vs_CN; study_7_LOD_vs_CN",4,"study_1; study_11; study_6; study_7",0.0216779650189457
"CD81",-0.0650754445161792,-0.109426077788212,-0.0207248112441467,-2.68854132289917,0.00717649526882905,0.912447298638132,-0.0715786771905569,-0.147961972967939,-0.0260569924416871,5,1111,"study_1_LOD_vs_CN; study_11_LOD_vs_CN; study_2_LOD_vs_CN; study_4_LOD_vs_CN; study_6_LOD_vs_CN",4,"study_1; study_11; study_4; study_6",0.0216779650189457
"IGF1R",0.0553618246897812,-0.0077484187549486,0.118472068134511,2.68684230276556,0.00721309982533726,0.861553124295566,0.0472302294844571,-0.069163938902347,0.156778966676168,6,1384,"study_11_LOD_vs_CN; study_2_LOD_vs_CN; study_3_Olink_LOD_vs_CN; study_3_Soma_LOD_vs_CN; study_8_LOD_vs_CN; study_9_LOD_vs_CN",3,"study_11; study_2; study_8",0.0367263526814352
"BKGD",0.187985591642042,0.0669269572143201,0.309044226069763,2.68495518008188,0.00725395330925486,0.84061437171124,0.270038363785055,0.127956984268269,0.481732560343111,4,570,"study_11_LOD_vs_CN; study_2_LOD_vs_CN; study_5_LOD_vs_CN; study_6_LOD_vs_CN",3,"study_11; study_2; study_6",0.0367263526814352
"TXNL1",0.072744448067625,0.0247400803248267,0.120748815810423,2.68379847059087,0.00727909692785202,0.752644028867441,0.0709409468386739,0.0220188320007571,0.0957143951223214,6,1774,"study_1_LOD_vs_CN; study_11_LOD_vs_CN; study_2_LOD_vs_CN; study_3_Soma_LOD_vs_CN; study_8_LOD_vs_CN; study_9_LOD_vs_CN",3,"study_1; study_11; study_8",0.0367263526814352
"TMEM198",-0.0795920759284423,-0.15389152761897,-0.00529262423791442,-2.68310290812685,0.00729425412972639,0,NA,NA,NA,2,503,"study_1_LOD_vs_CN; study_6_LOD_vs_CN",2,"study_1; study_6",0.0470755224506712
"SELENOW",0.0603675300669371,0.0159699685318326,0.104765091602042,2.67469234122166,0.00747978564647767,0,0.0664256278046559,0.048044141094505,0.0881109463117458,5,408,"study_1_LOD_vs_CN; study_2_LOD_vs_CN; study_3_Soma_LOD_vs_CN; study_6_LOD_vs_CN; study_7_LOD_vs_CN",3,"study_1; study_6; study_7",0.0373989282323883
"OMD",0.0402168532589657,0.00911598408831715,0.0713177224296142,2.67413533696007,0.00749222091817464,0.764735561645941,0.0397395556768752,0.0274756976351268,0.0512261696890803,12,2586,"study_1_LOD_vs_CN; study_10_LOD_vs_CN; study_11_LOD_vs_CN; study_2_LOD_vs_CN; study_3_Olink_LOD_vs_CN; study_3_Soma_LOD_vs_CN; study_4_LOD_vs_CN; study_5_LOD_vs_CN; study_6_LOD_vs_CN; study_7_LOD_vs_CN; study_8_LOD_vs_CN; study_9_LOD_vs_CN",6,"study_1; study_11; study_4; study_6; study_7; study_8",0.021377803686525
"MGAT5B",-0.201567839946761,-0.34115464066925,-0.0619810392242718,-2.67143563881383,0.00755275548952027,0.775716783835511,NA,NA,NA,2,330,"study_11_LOD_vs_CN; study_5_LOD_vs_CN",2,"study_11; study_5",0.0483376351329297
"IGHV3-35",-0.0927702652528337,-0.212501015450107,0.0269604849444396,-2.67049830577021,0.00757387537937382,0.566283489099559,-0.0770393054869833,-0.1175633563434,0.00241867789420658,3,267,"study_2_LOD_vs_CN; study_6_LOD_vs_CN; study_7_LOD_vs_CN",3,"study_2; study_6; study_7",0.0375312574602899
"PSMB4",0.0990587227135223,0.0204793861689506,0.177638059258094,2.66606688907528,0.0076744421863247,0,NA,NA,NA,5,816,"study_1_LOD_vs_CN; study_11_LOD_vs_CN; study_2_LOD_vs_CN; study_3_Soma_LOD_vs_CN; study_5_LOD_vs_CN",2,"study_1; study_11",0.0487105090834493
"ADAMTSL2",-0.0259968459570138,-0.0437452567106981,-0.00824843520332947,-2.6627688276555,0.00775006365922115,0.637908479247364,-0.027705560917006,-0.0367341568739551,-0.0167051178977337,6,1168,"study_1_LOD_vs_CN; study_11_LOD_vs_CN; study_2_LOD_vs_CN; study_3_Soma_LOD_vs_CN; study_5_LOD_vs_CN; study_6_LOD_vs_CN",3,"study_1; study_11; study_6",0.0380644719545818
"KHSRP",-0.0771440414095187,-0.13248203876553,-0.0218060440535071,-2.65446204453659,0.00794349754505691,0.447160184365464,NA,NA,NA,2,212,"study_3_Soma_LOD_vs_CN; study_7_LOD_vs_CN",2,"study_3_Soma; study_7",0.0500049681524894
"KIAA0319",-0.0401329302083595,-0.0900431020356411,0.00977724161892205,-2.65288133271302,0.0079807923152193,0,-0.0381075032999633,-0.0537921434826014,-0.0269638770152782,7,1395,"study_1_LOD_vs_CN; study_10_LOD_vs_CN; study_11_LOD_vs_CN; study_2_LOD_vs_CN; study_5_LOD_vs_CN; study_6_LOD_vs_CN; study_7_LOD_vs_CN",4,"study_1; study_11; study_6; study_7",0.0239423769456579
"OLFM1",-0.0221757388475765,-0.0375243878770482,-0.00682708981810488,-2.64980102952711,0.00805391870492415,0.656147532938045,-0.02227360192067,-0.0306063276179734,-0.0145578056245096,9,1611,"study_1_LOD_vs_CN; study_10_LOD_vs_CN; study_11_LOD_vs_CN; study_2_LOD_vs_CN; study_3_Soma_LOD_vs_CN; study_4_LOD_vs_CN; study_5_LOD_vs_CN; study_6_LOD_vs_CN; study_7_LOD_vs_CN",5,"study_1; study_11; study_4; study_6; study_7",0.0199229166538766
"CEMIP",0.0199573605818057,0.00588068713958353,0.0340340340240278,2.64966120282323,0.00805725237887596,0.0465831186331002,0.0199549991273293,0.0168792586610141,0.0244295421971552,7,1454,"study_1_LOD_vs_CN; study_11_LOD_vs_CN; study_2_LOD_vs_CN; study_4_LOD_vs_CN; study_5_LOD_vs_CN; study_6_LOD_vs_CN; study_7_LOD_vs_CN",5,"study_1; study_11; study_4; study_6; study_7",0.0199229166538766
"PEPD",-0.0461772491850027,-0.0808820794113506,-0.0114724189586548,-2.64834767216651,0.00808862924185697,0.463663304606041,-0.0481830071395362,-0.0725312951977512,-0.0338272482095112,6,1283,"study_1_LOD_vs_CN; study_11_LOD_vs_CN; study_2_LOD_vs_CN; study_5_LOD_vs_CN; study_6_LOD_vs_CN; study_7_LOD_vs_CN",4,"study_1; study_11; study_6; study_7",0.0239948251177321
"PTPRJ",-0.0297590299465408,-0.0587635047661262,-0.000754555126955395,-2.64754568235891,0.00810784045074051,0,-0.0303070425688834,-0.0400555217030439,-0.0225855586553296,7,1310,"study_1_LOD_vs_CN; study_11_LOD_vs_CN; study_2_LOD_vs_CN; study_3_Soma_LOD_vs_CN; study_5_LOD_vs_CN; study_6_LOD_vs_CN; study_7_LOD_vs_CN",4,"study_1; study_11; study_6; study_7",0.0239948251177321
"MEP1A",0.0884400345880298,0.0211860831937316,0.155693985982328,2.64045942864532,0.00827937050840966,0.594257668975103,NA,NA,NA,2,546,"study_11_LOD_vs_CN; study_3_Soma_LOD_vs_CN",2,"study_11; study_3_Soma",0.0516955817110457
"ITGBL1",0.0448106894516521,0.0142083761089069,0.0754130027943974,2.63749320164612,0.00835212996546249,0.795464995536725,0.0464316040451401,0.0298898994910064,0.0794752605633642,6,1243,"study_1_LOD_vs_CN; study_11_LOD_vs_CN; study_2_LOD_vs_CN; study_4_LOD_vs_CN; study_5_LOD_vs_CN; study_6_LOD_vs_CN",4,"study_1; study_11; study_4; study_6",0.0244652413012616
"TXNDC5",0.0526543709368625,0.0175768296190375,0.0877319122546875,2.63642356879229,0.00837850729495261,0.910201116902308,0.0524846407706065,0.0129788528048522,0.0755189567409691,9,2105,"study_1_LOD_vs_CN; study_11_LOD_vs_CN; study_2_LOD_vs_CN; study_3_Olink_LOD_vs_CN; study_3_Soma_LOD_vs_CN; study_5_LOD_vs_CN; study_6_LOD_vs_CN; study_8_LOD_vs_CN; study_9_LOD_vs_CN",4,"study_1; study_11; study_6; study_8",0.0244652413012616
"GDI2",0.0422121868532344,0.0105436724225851,0.0738807012838837,2.63290742161708,0.00846574195144897,0.454840837281228,0.0413371628693028,0.0168033054785967,0.0602638077234968,8,1434,"study_1_LOD_vs_CN; study_11_LOD_vs_CN; study_2_LOD_vs_CN; study_3_Soma_LOD_vs_CN; study_4_LOD_vs_CN; study_5_LOD_vs_CN; study_6_LOD_vs_CN; study_7_LOD_vs_CN",5,"study_1; study_11; study_4; study_6; study_7",0.0208658832072572
"TRIL",-0.0314842468006427,-0.0593735640439928,-0.00359492955729256,-2.62561496218939,0.00864925957060124,0.619904473486576,-0.0290381201976607,-0.0430396512575684,-0.0162012047628083,7,1215,"study_1_LOD_vs_CN; study_11_LOD_vs_CN; study_2_LOD_vs_CN; study_3_Soma_LOD_vs_CN; study_5_LOD_vs_CN; study_6_LOD_vs_CN; study_7_LOD_vs_CN",4,"study_1; study_11; study_6; study_7",0.0249623671763115
"DCLK1",0.252944798341353,0.0484526188507797,0.457436977831925,2.62539116586137,0.00865494730432864,0.869235609959632,NA,NA,NA,2,120,"study_3_Soma_LOD_vs_CN; study_6_LOD_vs_CN",2,"study_3_Soma; study_6",0.0536048349171322
"CRELD1",-0.0395930861566507,-0.067456634180243,-0.0117295381330583,-2.6250847862804,0.00866273929406245,0.563790472602901,-0.0388921802595643,-0.0610046450090617,-0.0171555181874776,7,1297,"study_1_LOD_vs_CN; study_11_LOD_vs_CN; study_2_LOD_vs_CN; study_3_Soma_LOD_vs_CN; study_4_LOD_vs_CN; study_5_LOD_vs_CN; study_6_LOD_vs_CN",4,"study_1; study_11; study_4; study_6",0.0249623671763115
"PCM1",0.123220073113857,0.0241816032831244,0.22225854294459,2.6220494914679,0.00874027375354202,0,NA,NA,NA,2,446,"study_11_LOD_vs_CN; study_2_LOD_vs_CN",2,"study_11; study_2",0.0537002419417622
"CRKL",0.089454543555238,0.0247726881673992,0.154136398943077,2.61946083915848,0.00880688837820882,0.344767206989243,0.058163856224344,-0.0248601723067285,0.105876206353633,5,676,"study_11_LOD_vs_CN; study_2_LOD_vs_CN; study_3_Olink_LOD_vs_CN; study_3_Soma_LOD_vs_CN; study_6_LOD_vs_CN",3,"study_11; study_2; study_6",0.0428756407886482
"LYVE1",-0.0152415813862067,-0.0466825651369752,0.0161994023645618,-2.61272461705692,0.00898236461714943,0.817430948040869,-0.0153920978801528,-0.0503125804450652,0.00395408379982746,12,2659,"study_1_LOD_vs_CN; study_10_LOD_vs_CN; study_11_LOD_vs_CN; study_2_LOD_vs_CN; study_3_Olink_LOD_vs_CN; study_3_Soma_LOD_vs_CN; study_4_LOD_vs_CN; study_5_LOD_vs_CN; study_6_LOD_vs_CN; study_7_LOD_vs_CN; study_8_LOD_vs_CN; study_9_LOD_vs_CN",6,"study_1; study_11; study_4; study_6; study_7; study_8",0.0252924477377629
"EFNB2",-0.0263535001466743,-0.0442177469661664,-0.00848925332718226,-2.61130676624693,0.00901969448072392,0.845742127836364,-0.0254376858284023,-0.0411341596191286,-0.00304381532408692,9,1669,"study_1_LOD_vs_CN; study_10_LOD_vs_CN; study_11_LOD_vs_CN; study_2_LOD_vs_CN; study_3_Soma_LOD_vs_CN; study_4_LOD_vs_CN; study_5_LOD_vs_CN; study_6_LOD_vs_CN; study_7_LOD_vs_CN",5,"study_1; study_11; study_4; study_6; study_7",0.0221602078456124
"FGFR2",-0.0204728491460396,-0.0377172337298592,-0.00322846456221996,-2.6101718779573,0.00904967412290438,0.864670492088953,-0.0196016596918379,-0.0314818643092116,-0.00171146109529825,9,1730,"study_1_LOD_vs_CN; study_10_LOD_vs_CN; study_11_LOD_vs_CN; study_2_LOD_vs_CN; study_3_Olink_LOD_vs_CN; study_4_LOD_vs_CN; study_5_LOD_vs_CN; study_6_LOD_vs_CN; study_7_LOD_vs_CN",5,"study_1; study_11; study_4; study_6; study_7",0.022163055415648
"F12",-0.0759525344225531,-0.131984541743276,-0.0199205271018299,-2.60595743907479,0.00916178451698718,0.667950161697903,-0.0789622729435884,-0.143283205313339,-0.0232948381041976,7,1520,"study_1_LOD_vs_CN; study_10_LOD_vs_CN; study_11_LOD_vs_CN; study_2_LOD_vs_CN; study_4_LOD_vs_CN; study_5_LOD_vs_CN; study_6_LOD_vs_CN",4,"study_1; study_11; study_4; study_6",0.0260625507812195
"NCSTN",0.0343018398969382,-0.00635541580787216,0.0749590956017485,2.60589161774611,0.0091635452518443,0.447710206186899,0.035289775074714,0.0251983553126966,0.0475137933412107,6,1286,"study_1_LOD_vs_CN; study_11_LOD_vs_CN; study_2_LOD_vs_CN; study_5_LOD_vs_CN; study_6_LOD_vs_CN; study_7_LOD_vs_CN",4,"study_1; study_11; study_6; study_7",0.0260625507812195
"DDB1",0.0194862922856758,0.00149528997507816,0.0374772945962733,2.60511528474912,0.00918433512963245,0.818593519671227,0.0202793145693276,0.000814315287955986,0.0445157167097465,7,1411,"study_1_LOD_vs_CN; study_11_LOD_vs_CN; study_2_LOD_vs_CN; study_4_LOD_vs_CN; study_5_LOD_vs_CN; study_6_LOD_vs_CN; study_7_LOD_vs_CN",5,"study_1; study_11; study_4; study_6; study_7",0.0223962390029849
"SEMA6A",-0.0273936405300101,-0.047975988392086,-0.00681129266793432,-2.60441457728522,0.00920313592320318,0,-0.0273433731618325,-0.0314522452267234,-0.0215879780216126,9,1708,"study_1_LOD_vs_CN; study_10_LOD_vs_CN; study_11_LOD_vs_CN; study_2_LOD_vs_CN; study_3_Soma_LOD_vs_CN; study_4_LOD_vs_CN; study_5_LOD_vs_CN; study_6_LOD_vs_CN; study_7_LOD_vs_CN",5,"study_1; study_11; study_4; study_6; study_7",0.0223962390029849
"CRYZ",0.089135116146632,0.0226347003074651,0.155635531985799,2.60098432519884,0.00929567012205552,0,NA,NA,NA,4,597,"study_11_LOD_vs_CN; study_2_LOD_vs_CN; study_3_Soma_LOD_vs_CN; study_5_LOD_vs_CN",2,"study_11; study_2",0.0566593226487193
"IGKV3-11",-0.0543907504687851,-0.11220682626444,0.00342532532686988,-2.59037906325673,0.00958703005119386,0.339860523405183,-0.0556247337520285,-0.0777277159040979,-0.0430837839651913,5,1324,"study_1_LOD_vs_CN; study_11_LOD_vs_CN; study_4_LOD_vs_CN; study_5_LOD_vs_CN; study_7_LOD_vs_CN",4,"study_1; study_11; study_4; study_7",0.0270910913704704
"SLC38A10",-0.0158246857152647,-0.0286502101930831,-0.00299916123744617,-2.59027319602369,0.00958997915022832,0.501228518879505,-0.0151718472371384,-0.0207053188329587,-0.00969971941195711,7,1434,"study_1_LOD_vs_CN; study_11_LOD_vs_CN; study_2_LOD_vs_CN; study_4_LOD_vs_CN; study_5_LOD_vs_CN; study_6_LOD_vs_CN; study_7_LOD_vs_CN",5,"study_1; study_11; study_4; study_6; study_7",0.0232640188218473
"RELN",-0.0516042085822599,-0.0821206938685006,-0.0210877232960193,-2.58670489330759,0.00968985413348186,0.879880489202804,-0.0522846848044257,-0.066993662045499,-0.0276245924703954,9,1731,"study_1_LOD_vs_CN; study_10_LOD_vs_CN; study_11_LOD_vs_CN; study_2_LOD_vs_CN; study_3_Soma_LOD_vs_CN; study_4_LOD_vs_CN; study_5_LOD_vs_CN; study_6_LOD_vs_CN; study_7_LOD_vs_CN",5,"study_1; study_11; study_4; study_6; study_7",0.0234323831089546
"CXCL9",0.220264013601287,0.0554066106184585,0.385121416584115,2.58369914176188,0.00977470192515816,0.00305036043726734,NA,NA,NA,3,929,"study_3_Olink_LOD_vs_CN; study_8_LOD_vs_CN; study_9_LOD_vs_CN",2,"study_3_Olink; study_8",0.059110008492295
"SERPINB6",0.0256279215994786,0.0055731943647336,0.0456826488342236,2.58349563784993,0.0097804703909364,0.789778453979173,0.0261144904571369,0.0130506870941705,0.0391234353661573,9,2252,"study_1_LOD_vs_CN; study_11_LOD_vs_CN; study_2_LOD_vs_CN; study_3_Olink_LOD_vs_CN; study_5_LOD_vs_CN; study_6_LOD_vs_CN; study_7_LOD_vs_CN; study_8_LOD_vs_CN; study_9_LOD_vs_CN",5,"study_1; study_11; study_6; study_7; study_8",0.0235773721963326
"FAT1",-0.0293545158629796,-0.0581801960911868,-0.000528835634772341,-2.58191433017396,0.00982539717516764,0.592211507971402,-0.0299881328016204,-0.0487417664013803,-0.0113299669236621,6,1198,"study_1_LOD_vs_CN; study_11_LOD_vs_CN; study_2_LOD_vs_CN; study_5_LOD_vs_CN; study_6_LOD_vs_CN; study_7_LOD_vs_CN",4,"study_1; study_11; study_6; study_7",0.0275866920687399
"PRAP1",-0.0262918289900889,-0.0622277482042235,0.00964409022404563,-2.57911491746946,0.00990538285040412,0.827886395863338,-0.0269546315876883,-0.0831728622200682,0.0112838142679164,8,2308,"study_1_LOD_vs_CN; study_11_LOD_vs_CN; study_4_LOD_vs_CN; study_5_LOD_vs_CN; study_6_LOD_vs_CN; study_7_LOD_vs_CN; study_8_LOD_vs_CN; study_9_LOD_vs_CN",6,"study_1; study_11; study_4; study_6; study_7; study_8",0.0275292458439803
"EHD3",0.12601345909887,0.0293493097130978,0.222677608484643,2.57753977265562,0.00995064294699746,0.349081815003107,NA,NA,NA,2,415,"study_11_LOD_vs_CN; study_3_Soma_LOD_vs_CN",2,"study_11; study_3_Soma",0.0591106052171734
"IGLV1-44",-0.094653053914034,-0.163004355677825,-0.0263017521502432,-2.57520003436723,0.0100182128966854,0.483249870740908,-0.103991018441635,-0.16378655507439,-0.067676664654703,4,1007,"study_1_LOD_vs_CN; study_11_LOD_vs_CN; study_5_LOD_vs_CN; study_6_LOD_vs_CN",3,"study_1; study_11; study_6",0.0481611613317703
"SPRY2",0.170569577202736,0.05195990592633,0.289179248479142,2.57462551496927,0.0100348669676326,0.951830874620602,NA,NA,NA,4,949,"study_2_LOD_vs_CN; study_3_Olink_LOD_vs_CN; study_8_LOD_vs_CN; study_9_LOD_vs_CN",2,"study_2; study_8",0.0591106052171734
"BPNT1",0.0580213555047402,0.00166736329031397,0.114375347719166,2.57354977679008,0.0100661166026763,0.291578558564271,0.0632934858892712,0.0318691654101214,0.10383115547693,5,900,"study_1_LOD_vs_CN; study_11_LOD_vs_CN; study_2_LOD_vs_CN; study_3_Soma_LOD_vs_CN; study_6_LOD_vs_CN",3,"study_1; study_11; study_6",0.0481611613317703
"KRT86",-0.148829572150553,-0.243842402716224,-0.0538167415848813,-2.57301395656433,0.0100817142117345,0.832320388256354,NA,NA,NA,2,203,"study_2_LOD_vs_CN; study_7_LOD_vs_CN",2,"study_2; study_7",0.0591106052171734
"CZIB",0.0856072698453159,0.020634001630662,0.15058053805997,2.57298120370781,0.0100826683378251,0,NA,NA,NA,3,745,"study_1_LOD_vs_CN; study_11_LOD_vs_CN; study_2_LOD_vs_CN",2,"study_1; study_11",0.0591106052171734
"CBLN3",-0.0490985354063901,-0.0855282460833895,-0.0126688247293908,-2.56781614684784,0.0102341419746048,0.215764171370478,-0.0491716652932029,-0.0559461224848388,-0.0387501746799809,8,1687,"study_1_LOD_vs_CN; study_10_LOD_vs_CN; study_11_LOD_vs_CN; study_2_LOD_vs_CN; study_4_LOD_vs_CN; study_5_LOD_vs_CN; study_6_LOD_vs_CN; study_7_LOD_vs_CN",5,"study_1; study_11; study_4; study_6; study_7",0.0245939224327221
"HAVCR2",0.0736177028739274,0.0360127456178528,0.111222660130002,2.56297766118635,0.0103778725474244,0.932449792771772,0.0734955622148566,0.0186894289626884,0.107047852991168,10,2205,"study_1_LOD_vs_CN; study_11_LOD_vs_CN; study_2_LOD_vs_CN; study_3_Olink_LOD_vs_CN; study_3_Soma_LOD_vs_CN; study_4_LOD_vs_CN; study_5_LOD_vs_CN; study_6_LOD_vs_CN; study_8_LOD_vs_CN; study_9_LOD_vs_CN",5,"study_1; study_11; study_4; study_6; study_8",0.0248616323643905
"CD300LF",0.130985833581216,0.0320686597324303,0.229903007430002,2.55860164750188,0.0105094090930001,0.679269848252301,NA,NA,NA,5,1218,"study_1_LOD_vs_CN; study_2_LOD_vs_CN; study_3_Olink_LOD_vs_CN; study_8_LOD_vs_CN; study_9_LOD_vs_CN",2,"study_1; study_8",0.0611456529047281
"CRK",0.0758187538118713,-0.00410320483339241,0.155740712457135,2.55394975932154,0.0106508623577674,0.913749456718244,0.0881578518579752,0.0637368686474492,0.118158936216684,4,561,"study_11_LOD_vs_CN; study_2_LOD_vs_CN; study_3_Soma_LOD_vs_CN; study_6_LOD_vs_CN",3,"study_11; study_2; study_6",0.0500856157150798
"ELFN2",-0.0358943433211855,-0.0642847038851803,-0.00750398275719069,-2.55191450862367,0.0107132802920615,0.912502389084886,-0.0296210955307607,-0.0738201668333587,0.0300627990853035,6,1135,"study_1_LOD_vs_CN; study_11_LOD_vs_CN; study_2_LOD_vs_CN; study_3_Soma_LOD_vs_CN; study_5_LOD_vs_CN; study_7_LOD_vs_CN",3,"study_1; study_11; study_7",0.0500856157150798
"GRIA3",-0.10893982100072,-0.185109132431844,-0.0327705095695954,-2.55107640647869,0.0107390779641342,0.583113230910808,-0.0978771264954724,-0.145591992833186,-0.0294123839115274,3,801,"study_1_LOD_vs_CN; study_11_LOD_vs_CN; study_6_LOD_vs_CN",3,"study_1; study_11; study_6",0.0500856157150798
"KLK7",-0.0578148075051863,-0.101959717323345,-0.013669897687028,-2.54939812407891,0.0107909033657102,0,-0.0594285295971377,-0.068077143596212,-0.0479338042659493,7,1202,"study_1_LOD_vs_CN; study_11_LOD_vs_CN; study_2_LOD_vs_CN; study_3_Soma_LOD_vs_CN; study_5_LOD_vs_CN; study_6_LOD_vs_CN; study_7_LOD_vs_CN",4,"study_1; study_11; study_6; study_7",0.0301045584342744
"ATP1A2",0.0299350066378602,0.00398088404592693,0.0558891292297934,2.5476953067884,0.0108437135216173,0.15160703984235,0.0281627521042555,0.0226538081475597,0.0380366674500562,5,1149,"study_1_LOD_vs_CN; study_11_LOD_vs_CN; study_2_LOD_vs_CN; study_5_LOD_vs_CN; study_6_LOD_vs_CN",3,"study_1; study_11; study_6",0.0501521750374798
"LGALS4",-0.11120011109488,-0.19734328043216,-0.0250569417575991,-2.54520075101939,0.010921492969578,0,NA,NA,NA,3,929,"study_3_Olink_LOD_vs_CN; study_8_LOD_vs_CN; study_9_LOD_vs_CN",2,"study_3_Olink; study_8",0.0630654631626761
"ST6GAL2",-0.0414757433152615,-0.0656133864066649,-0.0173381002238582,-2.54105655482932,0.011051804114493,0.910091508702715,-0.0405120252198424,-0.0635224897099414,-0.0142732033166253,9,1716,"study_1_LOD_vs_CN; study_10_LOD_vs_CN; study_11_LOD_vs_CN; study_2_LOD_vs_CN; study_3_Soma_LOD_vs_CN; study_4_LOD_vs_CN; study_5_LOD_vs_CN; study_6_LOD_vs_CN; study_7_LOD_vs_CN",5,"study_1; study_11; study_4; study_6; study_7",0.0263939048572831
"HACD3",0.0424363385186096,0.00959972955888336,0.0752729474783358,2.52982827955108,0.0114118363217635,0.334710297536206,0.0442617869159971,0.0333516301858104,0.0511823926947002,5,1101,"study_1_LOD_vs_CN; study_11_LOD_vs_CN; study_2_LOD_vs_CN; study_5_LOD_vs_CN; study_6_LOD_vs_CN",3,"study_1; study_11; study_6",0.0523435467651137
"CD14",0.0409983343439975,0.0203344182035872,0.0616622504844077,2.52623093261421,0.0115293666720248,0.928352607564367,0.0427883633997443,0.00974514784836161,0.0564147180033309,9,1732,"study_1_LOD_vs_CN; study_10_LOD_vs_CN; study_11_LOD_vs_CN; study_2_LOD_vs_CN; study_3_Soma_LOD_vs_CN; study_4_LOD_vs_CN; study_5_LOD_vs_CN; study_6_LOD_vs_CN; study_7_LOD_vs_CN",5,"study_1; study_11; study_4; study_6; study_7",0.0274491732841704
"FUT5",0.107836782114223,0.0248741705160094,0.190799393712436,2.52615804454841,0.0115317590893085,0,NA,NA,NA,4,956,"study_3_Olink_LOD_vs_CN; study_3_Soma_LOD_vs_CN; study_8_LOD_vs_CN; study_9_LOD_vs_CN",2,"study_3_Soma; study_8",0.0660924700043947
"FZD7",-0.0353284503874596,-0.0635022115578746,-0.00715468921704465,-2.52322310634828,0.0116284598241048,0,-0.0364723975843536,-0.0463329662638389,-0.029176922282133,6,1134,"study_1_LOD_vs_CN; study_11_LOD_vs_CN; study_2_LOD_vs_CN; study_3_Soma_LOD_vs_CN; study_5_LOD_vs_CN; study_7_LOD_vs_CN",3,"study_1; study_11; study_7",0.0528999606752308
"PCDH7",-0.0361868136059066,-0.0584860022941811,-0.0138876249176321,-2.52257849863083,0.0116497945581821,0.888312164512586,-0.0345870424356147,-0.0559639017116719,0.00418096502157492,7,1415,"study_1_LOD_vs_CN; study_11_LOD_vs_CN; study_2_LOD_vs_CN; study_4_LOD_vs_CN; study_5_LOD_vs_CN; study_6_LOD_vs_CN; study_7_LOD_vs_CN",5,"study_1; study_11; study_4; study_6; study_7",0.0276502839976607
"LTBP3",0.033592379012222,0.0065663590354449,0.0606183989889992,2.51959429931686,0.0117490164895784,0,0.0324136557129678,0.0235107544758335,0.0380099231068878,5,1094,"study_1_LOD_vs_CN; study_11_LOD_vs_CN; study_2_LOD_vs_CN; study_5_LOD_vs_CN; study_6_LOD_vs_CN",3,"study_1; study_11; study_6",0.0530138548920001
"SULF2",-0.0238618813246389,-0.039488376385502,-0.0082353862637757,-2.51615640742765,0.0118642518753213,0.640729875074413,-0.0243603611701474,-0.030233554634166,-0.0179828389255712,9,1704,"study_1_LOD_vs_CN; study_10_LOD_vs_CN; study_11_LOD_vs_CN; study_2_LOD_vs_CN; study_3_Soma_LOD_vs_CN; study_4_LOD_vs_CN; study_5_LOD_vs_CN; study_6_LOD_vs_CN; study_7_LOD_vs_CN",5,"study_1; study_11; study_4; study_6; study_7",0.0280421260401948
"PLG",-0.0457440150989528,-0.0889964149787922,-0.00249161521911335,-2.515456952796,0.0118878193616431,0.584684635825665,-0.0458331486306408,-0.0753529055475571,-0.00636479877225017,9,1732,"study_1_LOD_vs_CN; study_10_LOD_vs_CN; study_11_LOD_vs_CN; study_2_LOD_vs_CN; study_3_Soma_LOD_vs_CN; study_4_LOD_vs_CN; study_5_LOD_vs_CN; study_6_LOD_vs_CN; study_7_LOD_vs_CN",5,"study_1; study_11; study_4; study_6; study_7",0.0280421260401948
"NAGA",-0.036101315867863,-0.0636512453123696,-0.00855138642335634,-2.5060085323326,0.0122102673294575,0.78006002902811,-0.0393020438969643,-0.0812188899741819,-0.0129535906993349,6,1201,"study_1_LOD_vs_CN; study_11_LOD_vs_CN; study_2_LOD_vs_CN; study_4_LOD_vs_CN; study_5_LOD_vs_CN; study_6_LOD_vs_CN",4,"study_1; study_11; study_4; study_6",0.0338487157614074
"LILRB2",0.12204468343828,0.0347152544828216,0.209374112393738,2.50549944319053,0.0122278590842355,0.919804982122112,NA,NA,NA,5,972,"study_2_LOD_vs_CN; study_3_Olink_LOD_vs_CN; study_3_Soma_LOD_vs_CN; study_8_LOD_vs_CN; study_9_LOD_vs_CN",2,"study_2; study_8",0.0695629316792063
"HSPA5",-0.0165767926263047,-0.0286616751460812,-0.00449191010652822,-2.50129079288843,0.0123741527861499,0.59994198736362,-0.0169603493819253,-0.0258277476452235,-0.0121988633877254,8,1523,"study_1_LOD_vs_CN; study_10_LOD_vs_CN; study_11_LOD_vs_CN; study_2_LOD_vs_CN; study_3_Soma_LOD_vs_CN; study_4_LOD_vs_CN; study_5_LOD_vs_CN; study_6_LOD_vs_CN",4,"study_1; study_11; study_4; study_6",0.0340872888071299
"RBP4",-0.034917639096766,-0.0680719056344145,-0.00176337255911745,-2.50039076836862,0.0124056383303702,0.839598487638412,-0.033864763284921,-0.0559876215957993,0.0170962281931828,9,1732,"study_1_LOD_vs_CN; study_10_LOD_vs_CN; study_11_LOD_vs_CN; study_2_LOD_vs_CN; study_3_Soma_LOD_vs_CN; study_4_LOD_vs_CN; study_5_LOD_vs_CN; study_6_LOD_vs_CN; study_7_LOD_vs_CN",5,"study_1; study_11; study_4; study_6; study_7",0.0291113872881582
"SIAE",-0.0406078460215633,-0.0710236936396641,-0.0101919984034626,-2.50007160678207,0.0124168205858464,0.500501341703758,-0.0412261052615399,-0.057019324038268,-0.0286183981640561,9,1659,"study_1_LOD_vs_CN; study_10_LOD_vs_CN; study_11_LOD_vs_CN; study_2_LOD_vs_CN; study_3_Soma_LOD_vs_CN; study_4_LOD_vs_CN; study_5_LOD_vs_CN; study_6_LOD_vs_CN; study_7_LOD_vs_CN",5,"study_1; study_11; study_4; study_6; study_7",0.0291113872881582
"LTBR",0.0778353622071985,0.0222720354041987,0.133398689010198,2.49502860982091,0.012594697487148,0.799018952301597,0.0728822934533497,0.0225264827191113,0.119642137047237,7,1437,"study_1_LOD_vs_CN; study_2_LOD_vs_CN; study_3_Olink_LOD_vs_CN; study_5_LOD_vs_CN; study_6_LOD_vs_CN; study_8_LOD_vs_CN; study_9_LOD_vs_CN",3,"study_1; study_6; study_8",0.0563714282690899
"ICOSLG",-0.0281320803104928,-0.0597320948397188,0.00346793421873319,-2.4934054388941,0.0126524280555877,0.863003133076498,-0.0276107522508315,-0.0444186338512932,-0.00458545792768822,12,2652,"study_1_LOD_vs_CN; study_10_LOD_vs_CN; study_11_LOD_vs_CN; study_2_LOD_vs_CN; study_3_Olink_LOD_vs_CN; study_3_Soma_LOD_vs_CN; study_4_LOD_vs_CN; study_5_LOD_vs_CN; study_6_LOD_vs_CN; study_7_LOD_vs_CN; study_8_LOD_vs_CN; study_9_LOD_vs_CN",6,"study_1; study_11; study_4; study_6; study_7; study_8",0.0341475724796503
"CTSC",-0.053836178759064,-0.0867278044566065,-0.0209445530615216,-2.49323340108923,0.0126585605527666,0.819808567836503,-0.0538074070810322,-0.0945323625648151,-0.0136549203268517,11,2377,"study_1_LOD_vs_CN; study_11_LOD_vs_CN; study_2_LOD_vs_CN; study_3_Olink_LOD_vs_CN; study_3_Soma_LOD_vs_CN; study_4_LOD_vs_CN; study_5_LOD_vs_CN; study_6_LOD_vs_CN; study_7_LOD_vs_CN; study_8_LOD_vs_CN; study_9_LOD_vs_CN",6,"study_1; study_11; study_4; study_6; study_7; study_8",0.0341475724796503
"IGKC",-0.0430990585799654,-0.0939520386736362,0.00775392151370544,-2.49206951953731,0.0127001176847133,0.76895848372665,-0.0435129109854182,-0.0616530829861565,-0.0228732721462212,7,1675,"study_1_LOD_vs_CN; study_10_LOD_vs_CN; study_11_LOD_vs_CN; study_4_LOD_vs_CN; study_5_LOD_vs_CN; study_6_LOD_vs_CN; study_7_LOD_vs_CN",5,"study_1; study_11; study_4; study_6; study_7",0.0296850775062143
"CSF1",0.0283631144176664,0.00684765140009233,0.0498785774352405,2.49024663429561,0.012765447655944,0.589650203859085,0.0282663709606429,0.0101163372229869,0.0393153526233112,12,2660,"study_1_LOD_vs_CN; study_10_LOD_vs_CN; study_11_LOD_vs_CN; study_2_LOD_vs_CN; study_3_Olink_LOD_vs_CN; study_3_Soma_LOD_vs_CN; study_4_LOD_vs_CN; study_5_LOD_vs_CN; study_6_LOD_vs_CN; study_7_LOD_vs_CN; study_8_LOD_vs_CN; study_9_LOD_vs_CN",6,"study_1; study_11; study_4; study_6; study_7; study_8",0.0341475724796503
"HRC",-0.202585793763517,-0.367089585981305,-0.0380820015457289,-2.48870609324413,0.0128208904551462,0,NA,NA,NA,2,393,"study_11_LOD_vs_CN; study_2_LOD_vs_CN",2,"study_11; study_2",0.0723986774876492
"H2BC12",-0.0804218167002838,-0.1584970756578,-0.00234655774276718,-2.48773199091987,0.0128560574573571,0.757786358997207,-0.083953837730346,-0.159939485840077,-0.00174700179288799,4,1058,"study_1_LOD_vs_CN; study_11_LOD_vs_CN; study_3_Soma_LOD_vs_CN; study_7_LOD_vs_CN",3,"study_1; study_11; study_7",0.0570808951106655
"ATP1A3",0.0326564482894657,0.00113334395140489,0.0641795526275264,2.48733248926753,0.0128705049121525,0.436484426377254,0.0326864324508917,0.0110344282951225,0.047282268056971,6,1268,"study_1_LOD_vs_CN; study_11_LOD_vs_CN; study_2_LOD_vs_CN; study_5_LOD_vs_CN; study_6_LOD_vs_CN; study_7_LOD_vs_CN",4,"study_1; study_11; study_6; study_7",0.0352330071970176
"LINGO2",-0.120706667652633,-0.211649116750177,-0.0297642185550878,-2.48610822726127,0.0129148682497499,0.662514627502537,NA,NA,NA,3,524,"study_11_LOD_vs_CN; study_2_LOD_vs_CN; study_5_LOD_vs_CN",2,"study_11; study_2",0.0723986774876492
"ALDH9A1",0.139483827192148,0.0339865386739339,0.244981115710362,2.48314762034587,0.0130227107834813,0.479499749084991,NA,NA,NA,2,414,"study_11_LOD_vs_CN; study_2_LOD_vs_CN",2,"study_11; study_2",0.0724742165341566
"ST6GALNAC1",-0.0319972390606424,-0.0564532928078489,-0.00754118531343588,-2.47598154408396,0.0132870446484685,0.700415430613607,-0.0320199225851181,-0.0440861418785831,-0.0164676398513212,7,1407,"study_1_LOD_vs_CN; study_11_LOD_vs_CN; study_2_LOD_vs_CN; study_4_LOD_vs_CN; study_5_LOD_vs_CN; study_6_LOD_vs_CN; study_7_LOD_vs_CN",5,"study_1; study_11; study_4; study_6; study_7",0.0309628404080977
"NLGN4Y",0.0867260788784596,0.0139412896012854,0.159510868155634,2.47502513948271,0.0133226797621741,0.620798964661359,NA,NA,NA,2,204,"study_3_Soma_LOD_vs_CN; study_7_LOD_vs_CN",2,"study_3_Soma; study_7",0.0729871930616911
"SLITRK3",-0.0467591589875665,-0.0835787978602129,-0.0099395201149202,-2.47399850271096,0.013361025675686,0,-0.0449538200451053,-0.0512200514144671,-0.027298937710952,7,1230,"study_1_LOD_vs_CN; study_11_LOD_vs_CN; study_2_LOD_vs_CN; study_3_Soma_LOD_vs_CN; study_5_LOD_vs_CN; study_6_LOD_vs_CN; study_7_LOD_vs_CN",4,"study_1; study_11; study_6; study_7",0.0363486288568352
"IGKV1-9",-0.0816951669150119,-0.146134446754832,-0.0172558870751915,-2.47363107236779,0.0133747732532705,0.590773383483724,NA,NA,NA,2,924,"study_1_LOD_vs_CN; study_11_LOD_vs_CN",2,"study_1; study_11",0.0729871930616911
"PCDHGB5",-0.224305614826281,-0.397894305326957,-0.0507169243256045,-2.47295790728738,0.0133999924761699,0.88416095204722,NA,NA,NA,2,55,"study_2_LOD_vs_CN; study_6_LOD_vs_CN",2,"study_2; study_6",0.0729871930616911
"PTPRK",-0.02075663570699,-0.0383230902569955,-0.00319018115698446,-2.47229512980609,0.0134248635914373,0,-0.0208255359407683,-0.02541858973535,-0.0159791425356487,7,1440,"study_1_LOD_vs_CN; study_11_LOD_vs_CN; study_2_LOD_vs_CN; study_4_LOD_vs_CN; study_5_LOD_vs_CN; study_6_LOD_vs_CN; study_7_LOD_vs_CN",5,"study_1; study_11; study_4; study_6; study_7",0.031189486712433
"CHAD",-0.0311766340913761,-0.0567580210190365,-0.00559524716371563,-2.47113480670185,0.0134685036400665,0.863656666070015,-0.0327508395099302,-0.063746826188677,-0.0131784615064155,8,1454,"study_1_LOD_vs_CN; study_11_LOD_vs_CN; study_2_LOD_vs_CN; study_3_Soma_LOD_vs_CN; study_4_LOD_vs_CN; study_5_LOD_vs_CN; study_6_LOD_vs_CN; study_7_LOD_vs_CN",5,"study_1; study_11; study_4; study_6; study_7",0.0311966243952144
"NDRG2",0.0221764751829728,0.00669678915677511,0.0376561612091704,2.46931399213488,0.0135372376622286,0.808412397367752,0.0238755259131031,0.0149278154411705,0.0486050999860183,8,1468,"study_1_LOD_vs_CN; study_11_LOD_vs_CN; study_2_LOD_vs_CN; study_3_Soma_LOD_vs_CN; study_4_LOD_vs_CN; study_5_LOD_vs_CN; study_6_LOD_vs_CN; study_7_LOD_vs_CN",5,"study_1; study_11; study_4; study_6; study_7",0.0312616689557171
"ADAMTS16",-0.0631428766783213,-0.112849846867977,-0.0134359064886655,-2.46604045447945,0.0136615903782184,0,NA,NA,NA,2,545,"study_11_LOD_vs_CN; study_2_LOD_vs_CN",2,"study_11; study_2",0.0738880381019136
"SERPIND1",-0.0300232609961067,-0.0586119312778049,-0.00143459071440858,-2.46286590896168,0.0137831452514526,0.668990396439118,-0.0299357211183548,-0.0509438898461279,0.00161996012027141,9,1732,"study_1_LOD_vs_CN; study_10_LOD_vs_CN; study_11_LOD_vs_CN; study_2_LOD_vs_CN; study_3_Soma_LOD_vs_CN; study_4_LOD_vs_CN; study_5_LOD_vs_CN; study_6_LOD_vs_CN; study_7_LOD_vs_CN",5,"study_1; study_11; study_4; study_6; study_7",0.0317342475999013
"FURIN",-0.0335375952378522,-0.0578992146905831,-0.0091759757851214,-2.46191574911717,0.0138197125649732,0.87662663395342,-0.0355732954867085,-0.0716016831264322,-0.0118389259797433,9,2040,"study_1_LOD_vs_CN; study_11_LOD_vs_CN; study_2_LOD_vs_CN; study_3_Olink_LOD_vs_CN; study_3_Soma_LOD_vs_CN; study_5_LOD_vs_CN; study_6_LOD_vs_CN; study_8_LOD_vs_CN; study_9_LOD_vs_CN",4,"study_1; study_11; study_6; study_8",0.0373644080460388
"ATF6B",0.0215889265161902,0.00199754282962387,0.0411803102027566,2.4592544790735,0.0139225890747698,0,0.0211283019144268,0.0187021844938369,0.0232008087877703,6,1126,"study_1_LOD_vs_CN; study_11_LOD_vs_CN; study_2_LOD_vs_CN; study_3_Soma_LOD_vs_CN; study_5_LOD_vs_CN; study_6_LOD_vs_CN",3,"study_1; study_11; study_6",0.0613256899722005
"CD47",-0.101788301681048,-0.181784931558523,-0.0217916718035727,-2.45895938784252,0.0139340379303613,0.147332832724937,NA,NA,NA,4,440,"study_1_LOD_vs_CN; study_2_LOD_vs_CN; study_5_LOD_vs_CN; study_6_LOD_vs_CN",2,"study_1; study_6",0.0748345533602623
"EMC10",-0.0340890128433579,-0.0643651464026796,-0.00381287928403629,-2.45421017757052,0.0141194429275615,0.332003950318954,-0.035578363526787,-0.0521153845655265,-0.0247173711980482,7,1240,"study_1_LOD_vs_CN; study_11_LOD_vs_CN; study_2_LOD_vs_CN; study_3_Soma_LOD_vs_CN; study_4_LOD_vs_CN; study_5_LOD_vs_CN; study_6_LOD_vs_CN",4,"study_1; study_11; study_4; study_6",0.0379405889709934
"FRRS1L",-0.0439925497048905,-0.0706071959454522,-0.0173779034643288,-2.45394335489718,0.0141299237438707,0.849883521114661,-0.0434943725478323,-0.0608664658144853,-0.0223727617329145,8,1645,"study_1_LOD_vs_CN; study_10_LOD_vs_CN; study_11_LOD_vs_CN; study_2_LOD_vs_CN; study_4_LOD_vs_CN; study_5_LOD_vs_CN; study_6_LOD_vs_CN; study_7_LOD_vs_CN",5,"study_1; study_11; study_4; study_6; study_7",0.0324355562956315
"CCN5",0.0844595517395382,0.0394970879798861,0.12942201549919,2.45287826533777,0.0141718289785141,0.94182975257861,0.101595441089824,0.0248547355455599,0.162119471160165,5,1004,"study_1_LOD_vs_CN; study_11_LOD_vs_CN; study_3_Soma_LOD_vs_CN; study_5_LOD_vs_CN; study_6_LOD_vs_CN",3,"study_1; study_11; study_6",0.0619320085281524
"MEGF9",-0.00999501170939221,-0.0432946667414678,0.0233046433226833,-2.451481748061,0.0142269401485665,0.819021084931311,-0.0105989963993946,-0.0364431792226659,0.00826146306394577,10,2449,"study_1_LOD_vs_CN; study_10_LOD_vs_CN; study_11_LOD_vs_CN; study_2_LOD_vs_CN; study_3_Olink_LOD_vs_CN; study_4_LOD_vs_CN; study_5_LOD_vs_CN; study_6_LOD_vs_CN; study_8_LOD_vs_CN; study_9_LOD_vs_CN",5,"study_1; study_11; study_4; study_6; study_8",0.0325610624233561
"GDF11",-0.0225739399394395,-0.0397611796908569,-0.0053867001880221,-2.44761348437964,0.0143805830406474,0.126563281381005,-0.0229022016880542,-0.0281136167079208,-0.0171790786874452,8,1468,"study_1_LOD_vs_CN; study_11_LOD_vs_CN; study_2_LOD_vs_CN; study_3_Soma_LOD_vs_CN; study_4_LOD_vs_CN; study_5_LOD_vs_CN; study_6_LOD_vs_CN; study_7_LOD_vs_CN",5,"study_1; study_11; study_4; study_6; study_7",0.0328150396387474
"PARM1",-0.0695846604100497,-0.126285452032985,-0.0128838687871145,-2.44612224383194,0.0144402030694972,0,NA,NA,NA,2,737,"study_1_LOD_vs_CN; study_11_LOD_vs_CN",2,"study_1; study_11",0.0765682106244746
"RXYLT1",-0.0427648168206087,-0.0766840220697892,-0.00884561157142815,-2.44572210615015,0.0144562376830063,0,NA,NA,NA,4,880,"study_1_LOD_vs_CN; study_11_LOD_vs_CN; study_2_LOD_vs_CN; study_5_LOD_vs_CN",2,"study_1; study_11",0.0765682106244746
"FBLN5",0.0263793532929705,0.00951983813937449,0.0432388684465665,2.44435238837304,0.0145112449586959,0.799540715691409,0.027167142752634,0.0153365441600189,0.0434413478823319,9,1731,"study_1_LOD_vs_CN; study_10_LOD_vs_CN; study_11_LOD_vs_CN; study_2_LOD_vs_CN; study_3_Soma_LOD_vs_CN; study_4_LOD_vs_CN; study_5_LOD_vs_CN; study_6_LOD_vs_CN; study_7_LOD_vs_CN",5,"study_1; study_11; study_4; study_6; study_7",0.0330152289149029
"LTBP2",0.0361631761257499,0.00428978554096367,0.0680365667105362,2.43818292546593,0.0147613021584863,0.789601274226344,0.0368259661515234,0.0232521727307851,0.0454691595375517,11,2609,"study_1_LOD_vs_CN; study_10_LOD_vs_CN; study_11_LOD_vs_CN; study_2_LOD_vs_CN; study_3_Olink_LOD_vs_CN; study_4_LOD_vs_CN; study_5_LOD_vs_CN; study_6_LOD_vs_CN; study_7_LOD_vs_CN; study_8_LOD_vs_CN; study_9_LOD_vs_CN",6,"study_1; study_11; study_4; study_6; study_7; study_8",0.0389989958261244
"MAN1B1",-0.0226650367761206,-0.039461553359684,-0.0058685201925573,-2.43588151262856,0.0148555497441277,0.0664050516456094,-0.0232243407137878,-0.0294382424541671,-0.0176077566582989,9,1651,"study_1_LOD_vs_CN; study_10_LOD_vs_CN; study_11_LOD_vs_CN; study_2_LOD_vs_CN; study_3_Soma_LOD_vs_CN; study_4_LOD_vs_CN; study_5_LOD_vs_CN; study_6_LOD_vs_CN; study_7_LOD_vs_CN",5,"study_1; study_11; study_4; study_6; study_7",0.0336988724284195
"CTSB",0.0298042948450214,0.00817964583597761,0.0514289438540652,2.43345903765484,0.0149553274919608,0.436237362916035,0.0306333810574123,0.0217402742708312,0.0408924541210257,9,1731,"study_1_LOD_vs_CN; study_10_LOD_vs_CN; study_11_LOD_vs_CN; study_2_LOD_vs_CN; study_3_Soma_LOD_vs_CN; study_4_LOD_vs_CN; study_5_LOD_vs_CN; study_6_LOD_vs_CN; study_7_LOD_vs_CN",5,"study_1; study_11; study_4; study_6; study_7",0.033825431886229
"EDAR",0.056224740219933,0.0113063281259112,0.101143152313955,2.43204256813115,0.015013942667298,0,NA,NA,NA,4,956,"study_3_Olink_LOD_vs_CN; study_3_Soma_LOD_vs_CN; study_8_LOD_vs_CN; study_9_LOD_vs_CN",2,"study_3_Soma; study_8",0.0789774518389372
"PPP1R1B",0.0781759633432278,-0.000634738389863582,0.156986665076319,2.42719196913797,0.0152162020402072,0.661828789495255,NA,NA,NA,2,556,"study_11_LOD_vs_CN; study_7_LOD_vs_CN",2,"study_11; study_7",0.0794968922916949
"TFPI",0.0425834764882018,0.00165726573561554,0.083509687240788,2.42001068806422,0.0155200509251442,0,0.0420115864239861,0.0363910408840881,0.0491438910889328,9,2060,"study_1_LOD_vs_CN; study_11_LOD_vs_CN; study_2_LOD_vs_CN; study_3_Olink_LOD_vs_CN; study_3_Soma_LOD_vs_CN; study_5_LOD_vs_CN; study_6_LOD_vs_CN; study_8_LOD_vs_CN; study_9_LOD_vs_CN",4,"study_1; study_11; study_6; study_8",0.0414498921049583
"TXNDC17",0.0293013277422428,0.00739979540111659,0.0512028600833691,2.41569619282117,0.015705159102321,0.481380561164566,0.0301591560628911,0.021773816499064,0.0398075988833217,7,1454,"study_1_LOD_vs_CN; study_11_LOD_vs_CN; study_2_LOD_vs_CN; study_4_LOD_vs_CN; study_5_LOD_vs_CN; study_6_LOD_vs_CN; study_7_LOD_vs_CN",5,"study_1; study_11; study_4; study_6; study_7",0.0354172063040612
"YES1",0.0764908108114378,0.0140608456418373,0.138920775981038,2.41413087184339,0.0157727958632452,0.528338442843612,NA,NA,NA,4,947,"study_2_LOD_vs_CN; study_3_Olink_LOD_vs_CN; study_8_LOD_vs_CN; study_9_LOD_vs_CN",2,"study_2; study_8",0.0818480217768397
"JCHAIN",-0.0721330527065774,-0.151240368011717,0.0069742625985626,-2.41126810489753,0.0158971576288688,0.379712794955761,-0.0741454005798241,-0.122027130999195,-0.0478741545904238,7,1455,"study_1_LOD_vs_CN; study_11_LOD_vs_CN; study_2_LOD_vs_CN; study_4_LOD_vs_CN; study_5_LOD_vs_CN; study_6_LOD_vs_CN; study_7_LOD_vs_CN",5,"study_1; study_11; study_4; study_6; study_7",0.0357453632064331
"QPCTL",-0.0954591755286155,-0.175525497462197,-0.0153928535950338,-2.4103341231537,0.0159379169563353,0.694968235286207,-0.100255137394681,-0.118604703472063,-0.080514811111874,5,551,"study_11_LOD_vs_CN; study_2_LOD_vs_CN; study_3_Soma_LOD_vs_CN; study_6_LOD_vs_CN; study_7_LOD_vs_CN",4,"study_11; study_2; study_6; study_7",0.0423079250113628
"IGFALS",-0.0593160950337031,-0.107010318585828,-0.011621871481578,-2.41008513245521,0.0159487985093884,0.684364398717904,-0.0603712735162843,-0.096077117531984,-0.0267864200803874,8,1482,"study_1_LOD_vs_CN; study_11_LOD_vs_CN; study_2_LOD_vs_CN; study_3_Soma_LOD_vs_CN; study_4_LOD_vs_CN; study_5_LOD_vs_CN; study_6_LOD_vs_CN; study_7_LOD_vs_CN",5,"study_1; study_11; study_4; study_6; study_7",0.0357569272703198
"PUDP",0.0949287873556312,0.0152319131438623,0.1746256615674,2.4078850496073,0.0160452321710907,0.0654322399941401,NA,NA,NA,2,498,"study_11_LOD_vs_CN; study_3_Soma_LOD_vs_CN",2,"study_11; study_3_Soma",0.082702941660387
"CNTFR",-0.0208137208025958,-0.0383003946863353,-0.00332704691885641,-2.40665287444774,0.0160994642899536,0.735264857796553,-0.0200623139832415,-0.0326617831919807,-0.0119290451765344,8,1470,"study_1_LOD_vs_CN; study_11_LOD_vs_CN; study_2_LOD_vs_CN; study_3_Soma_LOD_vs_CN; study_4_LOD_vs_CN; study_5_LOD_vs_CN; study_6_LOD_vs_CN; study_7_LOD_vs_CN",5,"study_1; study_11; study_4; study_6; study_7",0.0359897908109718
"COLEC10",-0.106432344451131,-0.199487892779174,-0.0133767961230891,-2.40492584793876,0.0161757476207294,0,NA,NA,NA,3,309,"study_1_LOD_vs_CN; study_2_LOD_vs_CN; study_6_LOD_vs_CN",2,"study_1; study_6",0.0828198278181345
"BRINP1",-0.0325199103161903,-0.0594711807033184,-0.00556863992906229,-2.40045836929184,0.0163745532081334,0.863325394440762,-0.0362805164084916,-0.0513583392537979,-0.0166795072796517,5,1145,"study_1_LOD_vs_CN; study_11_LOD_vs_CN; study_2_LOD_vs_CN; study_5_LOD_vs_CN; study_6_LOD_vs_CN",3,"study_1; study_11; study_6",0.0709990393008907
"NECTIN2",0.0312244571005182,0.00378993596879939,0.0586589782322371,2.3966671820134,0.0165449439557014,0,0.0310828623851719,0.0154792034816652,0.0407095801929219,11,2294,"study_1_LOD_vs_CN; study_11_LOD_vs_CN; study_2_LOD_vs_CN; study_3_Olink_LOD_vs_CN; study_3_Soma_LOD_vs_CN; study_4_LOD_vs_CN; study_5_LOD_vs_CN; study_6_LOD_vs_CN; study_7_LOD_vs_CN; study_8_LOD_vs_CN; study_9_LOD_vs_CN",6,"study_1; study_11; study_4; study_6; study_7; study_8",0.0427558242950012
"UNC5C",-0.0238878931481529,-0.0513441761016933,0.00356838980538739,-2.39582807642667,0.0165828664321734,0,-0.0238220217679406,-0.0278925186251716,-0.0210931539440291,11,2368,"study_1_LOD_vs_CN; study_11_LOD_vs_CN; study_2_LOD_vs_CN; study_3_Olink_LOD_vs_CN; study_3_Soma_LOD_vs_CN; study_4_LOD_vs_CN; study_5_LOD_vs_CN; study_6_LOD_vs_CN; study_7_LOD_vs_CN; study_8_LOD_vs_CN; study_9_LOD_vs_CN",6,"study_1; study_11; study_4; study_6; study_7; study_8",0.0427558242950012
"PCLO",0.210784694552841,0.0392393268885307,0.382330062217151,2.39439549287591,0.0166477869418806,0.248828535746739,NA,NA,NA,2,85,"study_2_LOD_vs_CN; study_6_LOD_vs_CN",2,"study_2; study_6",0.0846721878898301
"TNFRSF21",-0.0307151382931166,-0.0489692998180586,-0.0124609767681747,-2.38885099556776,0.0169011554697395,0.899856233604577,-0.030578321002267,-0.0425646734905051,-0.0124095654512377,12,2552,"study_1_LOD_vs_CN; study_10_LOD_vs_CN; study_11_LOD_vs_CN; study_2_LOD_vs_CN; study_3_Olink_LOD_vs_CN; study_3_Soma_LOD_vs_CN; study_4_LOD_vs_CN; study_5_LOD_vs_CN; study_6_LOD_vs_CN; study_7_LOD_vs_CN; study_8_LOD_vs_CN; study_9_LOD_vs_CN",6,"study_1; study_11; study_4; study_6; study_7; study_8",0.0430577056014792
"C4A",0.132471662902559,0.0204944933992721,0.244448832405845,2.38829051898145,0.0169269551228491,0.463599530793529,0.151477469008416,0.0996258948687464,0.256830352802144,7,1026,"study_10_LOD_vs_CN; study_11_LOD_vs_CN; study_2_LOD_vs_CN; study_3_Soma_LOD_vs_CN; study_4_LOD_vs_CN; study_5_LOD_vs_CN; study_6_LOD_vs_CN",4,"study_11; study_2; study_4; study_6",0.044536662258753
"PALM",0.0425156068435674,0.00589425937976521,0.0791369543073695,2.38712160222696,0.0169808735096159,0.0141691072138123,0.0415948822152518,0.0254752849684058,0.0496901896980918,6,1170,"study_1_LOD_vs_CN; study_11_LOD_vs_CN; study_2_LOD_vs_CN; study_5_LOD_vs_CN; study_6_LOD_vs_CN; study_7_LOD_vs_CN",4,"study_1; study_11; study_6; study_7",0.044536662258753
"KLK13",-0.0831889473229552,-0.152320256349674,-0.0140576382962368,-2.38645722648112,0.0170115861635891,0,NA,NA,NA,5,974,"study_2_LOD_vs_CN; study_3_Olink_LOD_vs_CN; study_3_Soma_LOD_vs_CN; study_8_LOD_vs_CN; study_9_LOD_vs_CN",2,"study_2; study_8",0.0859532774581342
"NEO1",-0.0191414755262432,-0.0345443513369426,-0.00373859971554387,-2.38631528726217,0.0170181540225499,0.812003358239531,-0.01845169552209,-0.0304685999641191,0.000335824150690345,9,1732,"study_1_LOD_vs_CN; study_10_LOD_vs_CN; study_11_LOD_vs_CN; study_2_LOD_vs_CN; study_3_Soma_LOD_vs_CN; study_4_LOD_vs_CN; study_5_LOD_vs_CN; study_6_LOD_vs_CN; study_7_LOD_vs_CN",5,"study_1; study_11; study_4; study_6; study_7",0.0379332186763504
"DLST",0.0327082114504372,0.0081558772996808,0.0572605456011936,2.38575570047294,0.0170440690925967,0.84735742802888,0.0380760078510732,0.0137983040395163,0.0797886160269989,6,1145,"study_1_LOD_vs_CN; study_11_LOD_vs_CN; study_2_LOD_vs_CN; study_3_Soma_LOD_vs_CN; study_5_LOD_vs_CN; study_6_LOD_vs_CN",3,"study_1; study_11; study_6",0.0732012590080478
"ST6GALNAC2",-0.0832703784320256,-0.157316728210432,-0.00922402865361929,-2.38249922535897,0.0171955681606302,0,-0.0863369163356869,-0.108149947824127,-0.0713445734168413,3,820,"study_1_LOD_vs_CN; study_11_LOD_vs_CN; study_6_LOD_vs_CN",3,"study_1; study_11; study_6",0.0732012590080478
"IGDCC4",0.0829397520610337,0.0138856280472168,0.151993876074851,2.38174085635783,0.0172310184313966,0,NA,NA,NA,3,573,"study_11_LOD_vs_CN; study_2_LOD_vs_CN; study_3_Soma_LOD_vs_CN",2,"study_11; study_2",0.0864929552634811
"DPP4",-0.0482702540399785,-0.104575411167515,0.00803490308755779,-2.38073503160234,0.0172781350091068,0.414555513776349,-0.0520212525425314,-0.0948815931607503,-0.0152091683736125,7,1461,"study_1_LOD_vs_CN; study_2_LOD_vs_CN; study_3_Olink_LOD_vs_CN; study_5_LOD_vs_CN; study_6_LOD_vs_CN; study_8_LOD_vs_CN; study_9_LOD_vs_CN",3,"study_1; study_6; study_8",0.0732012590080478
"RNF13",0.028429235431543,0.00580276884886435,0.0510557020142216,2.38072319220561,0.017278690282754,0.889457096816297,0.0300370267759936,0.0102294079976362,0.0584079764060898,7,1440,"study_1_LOD_vs_CN; study_11_LOD_vs_CN; study_2_LOD_vs_CN; study_4_LOD_vs_CN; study_5_LOD_vs_CN; study_6_LOD_vs_CN; study_7_LOD_vs_CN",5,"study_1; study_11; study_4; study_6; study_7",0.0384026382295891
"CA11",-0.0378463737462223,-0.0684004950765531,-0.00729225241589149,-2.37470890952408,0.0175627945241516,0.531628897500425,-0.039783178509838,-0.0600805495291747,-0.0264397379770855,7,1297,"study_1_LOD_vs_CN; study_11_LOD_vs_CN; study_2_LOD_vs_CN; study_3_Soma_LOD_vs_CN; study_4_LOD_vs_CN; study_5_LOD_vs_CN; study_6_LOD_vs_CN",4,"study_1; study_11; study_4; study_6",0.0457887142951096
"SNAP91",0.0651406040101669,-0.00920221026239905,0.139483418282733,2.37415971759681,0.017588940296957,0.475182736267134,NA,NA,NA,3,770,"study_1_LOD_vs_CN; study_11_LOD_vs_CN; study_2_LOD_vs_CN",2,"study_1; study_11",0.0877162736887208
"CASP3",0.166149891000636,0.0368711677273529,0.295428614273919,2.36536629723774,0.0180122458209347,0.764555746275759,NA,NA,NA,4,956,"study_3_Olink_LOD_vs_CN; study_3_Soma_LOD_vs_CN; study_8_LOD_vs_CN; study_9_LOD_vs_CN",2,"study_3_Soma; study_8",0.0892477728417924
"GNPDA1",0.0621128436440473,0.00407782346654136,0.120147863821553,2.36001442532923,0.0182742244449031,0.885900146227637,NA,NA,NA,3,541,"study_11_LOD_vs_CN; study_2_LOD_vs_CN; study_3_Soma_LOD_vs_CN",2,"study_11; study_2",0.0899654126518306
"OSTM1",0.0432699360505517,0.00324285769107963,0.0832970144100238,2.35937379873907,0.0183058061284775,0,0.0463416256542575,0.0325251919385991,0.0666584066909864,4,898,"study_1_LOD_vs_CN; study_11_LOD_vs_CN; study_2_LOD_vs_CN; study_6_LOD_vs_CN",3,"study_1; study_11; study_6",0.0769675939492804
"CD177",-0.119468347558877,-0.234727411181858,-0.00420928393589499,-2.35919032926198,0.0183148596250188,0.766777844361536,-0.115719126295907,-0.16875845786058,-0.00898957015046219,9,2105,"study_1_LOD_vs_CN; study_11_LOD_vs_CN; study_2_LOD_vs_CN; study_3_Olink_LOD_vs_CN; study_3_Soma_LOD_vs_CN; study_5_LOD_vs_CN; study_6_LOD_vs_CN; study_8_LOD_vs_CN; study_9_LOD_vs_CN",4,"study_1; study_11; study_6; study_8",0.0474669142944273
"ERP44",-0.0180109530061755,-0.0322484177130483,-0.0037734882993028,-2.35525938326852,0.0185097802562246,0.55373887315307,-0.0179906310716423,-0.0237432349001091,-0.00962366981363491,9,1438,"study_1_LOD_vs_CN; study_11_LOD_vs_CN; study_2_LOD_vs_CN; study_3_Olink_LOD_vs_CN; study_3_Soma_LOD_vs_CN; study_4_LOD_vs_CN; study_5_LOD_vs_CN; study_6_LOD_vs_CN; study_7_LOD_vs_CN",5,"study_1; study_11; study_4; study_6; study_7",0.041020233478492
"CEACAM1",0.0939480997444659,0.0177613123118707,0.170134887177061,2.35514246622367,0.0185156054229239,0.0888337841021526,NA,NA,NA,4,959,"study_2_LOD_vs_CN; study_3_Olink_LOD_vs_CN; study_8_LOD_vs_CN; study_9_LOD_vs_CN",2,"study_2; study_8",0.0905731526420738
"STX1B",0.0336119078460312,0.00494644511814518,0.0622773705739173,2.35414266893132,0.0185654839492946,0.806381838671027,0.0369296881572667,-0.00178663166017333,0.0772110417168038,5,1116,"study_1_LOD_vs_CN; study_11_LOD_vs_CN; study_2_LOD_vs_CN; study_5_LOD_vs_CN; study_6_LOD_vs_CN",3,"study_1; study_11; study_6",0.0772939592272131
"IL1RAPL1",-0.0375420848959281,-0.069096620315004,-0.00598754947685223,-2.35221539400131,0.0186619649305343,0.482377614595824,-0.0355302592088819,-0.0484419995394186,-0.0261873090259278,6,1115,"study_1_LOD_vs_CN; study_11_LOD_vs_CN; study_2_LOD_vs_CN; study_3_Soma_LOD_vs_CN; study_5_LOD_vs_CN; study_6_LOD_vs_CN",3,"study_1; study_11; study_6",0.0772939592272131
"IGHV3-72",-0.0601254893962783,-0.116057464065476,-0.00419351472708045,-2.34911128815742,0.0188182813640344,0,-0.0612994041072321,-0.0884528553384643,-0.0449318382898972,8,1572,"study_1_LOD_vs_CN; study_10_LOD_vs_CN; study_11_LOD_vs_CN; study_2_LOD_vs_CN; study_4_LOD_vs_CN; study_5_LOD_vs_CN; study_6_LOD_vs_CN; study_7_LOD_vs_CN",5,"study_1; study_11; study_4; study_6; study_7",0.0415840757728231
"CA4",-0.00710873325855535,-0.0404320094705519,0.0262145429534412,-2.34437294192359,0.0190591031167518,0.846271705066987,-0.00737836701255043,-0.0496325808488622,0.0160862505181125,11,2376,"study_1_LOD_vs_CN; study_11_LOD_vs_CN; study_2_LOD_vs_CN; study_3_Olink_LOD_vs_CN; study_3_Soma_LOD_vs_CN; study_4_LOD_vs_CN; study_5_LOD_vs_CN; study_6_LOD_vs_CN; study_7_LOD_vs_CN; study_8_LOD_vs_CN; study_9_LOD_vs_CN",6,"study_1; study_11; study_4; study_6; study_7; study_8",0.0479840949057046
"EDNRB",-0.0631315795538409,-0.115371546568263,-0.0108916125394186,-2.34084550802321,0.0192401268107507,0,NA,NA,NA,2,462,"study_11_LOD_vs_CN; study_2_LOD_vs_CN",2,"study_11; study_2",0.0935216290547881
"S100B",0.0317883641052348,0.00535850947042371,0.0582182187400458,2.34050346481498,0.01925775972375,0.693991520436765,0.0327842616479833,0.0201216433241791,0.0479080852181926,6,1314,"study_1_LOD_vs_CN; study_11_LOD_vs_CN; study_2_LOD_vs_CN; study_5_LOD_vs_CN; study_6_LOD_vs_CN; study_7_LOD_vs_CN",4,"study_1; study_11; study_6; study_7",0.049617051523544
"CCL21",0.0712887540543621,0.00846190866354513,0.134115599445179,2.33297125677672,0.0196496539429979,0.635401116959017,NA,NA,NA,4,956,"study_3_Olink_LOD_vs_CN; study_3_Soma_LOD_vs_CN; study_8_LOD_vs_CN; study_9_LOD_vs_CN",2,"study_3_Soma; study_8",0.0949115360265558
"L1CAM",0.0148505274389624,-0.0050160254395582,0.0347170803174831,2.33239277981069,0.0196800375961698,0.882197077401522,0.0149899153672596,-0.0017793886123437,0.0315281212408775,10,1760,"study_1_LOD_vs_CN; study_10_LOD_vs_CN; study_11_LOD_vs_CN; study_2_LOD_vs_CN; study_3_Olink_LOD_vs_CN; study_3_Soma_LOD_vs_CN; study_4_LOD_vs_CN; study_5_LOD_vs_CN; study_6_LOD_vs_CN; study_7_LOD_vs_CN",5,"study_1; study_11; study_4; study_6; study_7",0.0433637504626206
"METRN",-0.0234944389946614,-0.0458764933650393,-0.00111238462428356,-2.33085418472816,0.0197610498194812,0.847055166104382,-0.0240101430785139,-0.0511437241196698,0.00921078815922006,6,1314,"study_1_LOD_vs_CN; study_11_LOD_vs_CN; study_2_LOD_vs_CN; study_5_LOD_vs_CN; study_6_LOD_vs_CN; study_7_LOD_vs_CN",4,"study_1; study_11; study_6; study_7",0.0506160223446359
"LAMP2",0.0344018715465899,0.00566785789162461,0.0631358852015552,2.32649683900781,0.0199920609047672,0.862479097942534,0.036505174859557,0.0123544622501635,0.0559261176890078,8,1670,"study_1_LOD_vs_CN; study_10_LOD_vs_CN; study_11_LOD_vs_CN; study_2_LOD_vs_CN; study_4_LOD_vs_CN; study_5_LOD_vs_CN; study_6_LOD_vs_CN; study_7_LOD_vs_CN",5,"study_1; study_11; study_4; study_6; study_7",0.0438943624162689
"CDH11",-0.0135811971890154,-0.0280783809859332,0.000915986607902519,-2.32569161611468,0.0200350080729654,0.64848793749831,-0.0130108530069605,-0.0196864101710037,-0.00477625507474673,8,1478,"study_1_LOD_vs_CN; study_11_LOD_vs_CN; study_2_LOD_vs_CN; study_3_Soma_LOD_vs_CN; study_4_LOD_vs_CN; study_5_LOD_vs_CN; study_6_LOD_vs_CN; study_7_LOD_vs_CN",5,"study_1; study_11; study_4; study_6; study_7",0.0438943624162689
"UBL3",-0.0402406913530552,-0.0742055957953111,-0.00627578691079926,-2.32475175575042,0.0200852380590513,0,NA,NA,NA,5,973,"study_1_LOD_vs_CN; study_11_LOD_vs_CN; study_2_LOD_vs_CN; study_3_Soma_LOD_vs_CN; study_5_LOD_vs_CN",2,"study_1; study_11",0.096409142683446
"IGLV2-14",-0.0964602496382045,-0.18902441007351,-0.00389608920289956,-2.32135189437286,0.0202678595786713,0,NA,NA,NA,3,569,"study_1_LOD_vs_CN; study_5_LOD_vs_CN; study_7_LOD_vs_CN",2,"study_1; study_7",0.0966814668100594
"TAGLN2",0.0501492117014537,0.00976885456587461,0.0905295688370327,2.32101321852439,0.0202861304468545,0.0514793016755606,0.0484742871326439,0.0251739210820334,0.0648767979723006,7,1192,"study_1_LOD_vs_CN; study_11_LOD_vs_CN; study_2_LOD_vs_CN; study_3_Soma_LOD_vs_CN; study_5_LOD_vs_CN; study_6_LOD_vs_CN; study_7_LOD_vs_CN",4,"study_1; study_11; study_6; study_7",0.0516588670681528
"ATP1B1",0.014953999743812,-0.000625670888256741,0.0305336703758808,2.3209511770754,0.020289479012741,0.872139010800478,0.0154227181135132,-0.000427191452605665,0.0328694411140169,8,1424,"study_1_LOD_vs_CN; study_11_LOD_vs_CN; study_2_LOD_vs_CN; study_3_Soma_LOD_vs_CN; study_4_LOD_vs_CN; study_5_LOD_vs_CN; study_6_LOD_vs_CN; study_7_LOD_vs_CN",5,"study_1; study_11; study_4; study_6; study_7",0.0443255947749938
"TWSG1",-0.0135875959576796,-0.0283479266044389,0.00117273468907966,-2.31399295211235,0.0206681087444146,0.720899070638854,-0.0140738697822179,-0.0289930303752714,-0.00304936090347042,9,1677,"study_1_LOD_vs_CN; study_10_LOD_vs_CN; study_11_LOD_vs_CN; study_2_LOD_vs_CN; study_3_Soma_LOD_vs_CN; study_4_LOD_vs_CN; study_5_LOD_vs_CN; study_6_LOD_vs_CN; study_7_LOD_vs_CN",5,"study_1; study_11; study_4; study_6; study_7",0.0449122702736852
"CLEC3B",0.0201252923372679,0.00279788525723523,0.0374526994173006,2.3138704545005,0.0206748292287186,0,0.0202875869438215,0.0191668509112584,0.0216076385302378,9,1732,"study_1_LOD_vs_CN; study_10_LOD_vs_CN; study_11_LOD_vs_CN; study_2_LOD_vs_CN; study_3_Soma_LOD_vs_CN; study_4_LOD_vs_CN; study_5_LOD_vs_CN; study_6_LOD_vs_CN; study_7_LOD_vs_CN",5,"study_1; study_11; study_4; study_6; study_7",0.0449122702736852
"HSPA4",0.0456295527723001,-0.0367881555284797,0.12804726107308,2.3137606198109,0.0206808566175851,0,0.0399193816513984,0.022767928494374,0.0692645909068218,4,987,"study_1_LOD_vs_CN; study_11_LOD_vs_CN; study_2_LOD_vs_CN; study_6_LOD_vs_CN",3,"study_1; study_11; study_6",0.0846403042294009
"ANK2",0.203768501496296,0.0172801204749438,0.390256882517648,2.31308828829717,0.0207177854982918,0.0447073716919922,NA,NA,NA,3,363,"study_11_LOD_vs_CN; study_2_LOD_vs_CN; study_3_Soma_LOD_vs_CN",2,"study_11; study_2",0.0982176497696796
"KLK11",-0.0315433290888761,-0.063488839749582,0.000402181571829766,-2.31289048507983,0.0207286610943741,0.732984936671938,-0.032635061753807,-0.0623449348639566,-0.0165382259064036,11,2399,"study_1_LOD_vs_CN; study_11_LOD_vs_CN; study_2_LOD_vs_CN; study_3_Olink_LOD_vs_CN; study_3_Soma_LOD_vs_CN; study_4_LOD_vs_CN; study_5_LOD_vs_CN; study_6_LOD_vs_CN; study_7_LOD_vs_CN; study_8_LOD_vs_CN; study_9_LOD_vs_CN",6,"study_1; study_11; study_4; study_6; study_7; study_8",0.0515806217929775
"C1GALT1",-0.0247545898109256,-0.0479896684644575,-0.00151951115739366,-2.31267186260957,0.0207406871625198,0.779257662252506,-0.0262758716747593,-0.0546415523416663,0.00318620659988228,6,1153,"study_1_LOD_vs_CN; study_11_LOD_vs_CN; study_2_LOD_vs_CN; study_3_Soma_LOD_vs_CN; study_5_LOD_vs_CN; study_7_LOD_vs_CN",3,"study_1; study_11; study_7",0.0846403042294009
"GRIN2A",0.104409637421127,0.0133016472956648,0.195517627546589,2.30481424017303,0.0211769792303297,0.141141114941481,NA,NA,NA,2,146,"study_2_LOD_vs_CN; study_7_LOD_vs_CN",2,"study_2; study_7",0.0997786506067066
"ACYP1",0.0289634173096541,0.00589026100466275,0.0520365736146455,2.30461222174257,0.0211883008715834,0.429581820066645,0.0290644476434204,0.0203236394002288,0.0329481171717399,8,1370,"study_1_LOD_vs_CN; study_11_LOD_vs_CN; study_2_LOD_vs_CN; study_3_Soma_LOD_vs_CN; study_4_LOD_vs_CN; study_5_LOD_vs_CN; study_6_LOD_vs_CN; study_7_LOD_vs_CN",5,"study_1; study_11; study_4; study_6; study_7",0.0458980376626695
"FOLR1",-0.0386043082203278,-0.0675134976906843,-0.00969511874997123,-2.30256152749107,0.021303525882295,0.873590364741998,-0.0395706154888516,-0.062470363231088,-0.00759965543648134,10,2226,"study_1_LOD_vs_CN; study_11_LOD_vs_CN; study_2_LOD_vs_CN; study_3_Olink_LOD_vs_CN; study_3_Soma_LOD_vs_CN; study_4_LOD_vs_CN; study_5_LOD_vs_CN; study_6_LOD_vs_CN; study_8_LOD_vs_CN; study_9_LOD_vs_CN",5,"study_1; study_11; study_4; study_6; study_8",0.0460180095603506
"IGKV1-12",-0.0549637846612022,-0.10072262886333,-0.00920494045907431,-2.29806126147136,0.0215583026656425,0,-0.0547222028040387,-0.0619540826654428,-0.0410218706727867,3,1109,"study_1_LOD_vs_CN; study_11_LOD_vs_CN; study_7_LOD_vs_CN",3,"study_1; study_11; study_7",0.087334729776873
"CRB2",-0.0363508815033892,-0.0643839052219264,-0.00831785778485206,-2.29774339471492,0.0215763981676718,0.704472641256567,-0.0376511935762102,-0.0688371319748506,-0.00464669058093835,6,1167,"study_1_LOD_vs_CN; study_11_LOD_vs_CN; study_2_LOD_vs_CN; study_5_LOD_vs_CN; study_6_LOD_vs_CN; study_7_LOD_vs_CN",4,"study_1; study_11; study_6; study_7",0.0546269502742211
"APOA4",-0.0364279329918733,-0.0842765469374706,0.011420680953724,-2.29713911204082,0.0216108352048731,0.907259670126246,-0.0353538203435866,-0.0870537103324332,0.0569097982556759,9,1732,"study_1_LOD_vs_CN; study_10_LOD_vs_CN; study_11_LOD_vs_CN; study_2_LOD_vs_CN; study_3_Soma_LOD_vs_CN; study_4_LOD_vs_CN; study_5_LOD_vs_CN; study_6_LOD_vs_CN; study_7_LOD_vs_CN",5,"study_1; study_11; study_4; study_6; study_7",0.0465510707914493
"MIEN1",0.124771378226276,-0.0183190455337392,0.267861801986292,2.29638987635411,0.0216535992968934,0,NA,NA,NA,2,460,"study_11_LOD_vs_CN; study_2_LOD_vs_CN",2,"study_11; study_2",0.101402221097647
"CST6",0.0471129295101411,0.00918114317587134,0.0850447158444109,2.29605297087765,0.0216728528315068,0.54548492980071,0.047232204018714,0.0260386292205735,0.0662403991697687,11,2390,"study_1_LOD_vs_CN; study_11_LOD_vs_CN; study_2_LOD_vs_CN; study_3_Olink_LOD_vs_CN; study_3_Soma_LOD_vs_CN; study_4_LOD_vs_CN; study_5_LOD_vs_CN; study_6_LOD_vs_CN; study_7_LOD_vs_CN; study_8_LOD_vs_CN; study_9_LOD_vs_CN",6,"study_1; study_11; study_4; study_6; study_7; study_8",0.0533102357004881
"GALNT11",-0.0381141373140953,-0.0660442254736856,-0.010184049154505,-2.29445706340175,0.0217642586473661,0.863146454320926,-0.0438292477799269,-0.0752802528205826,-0.0183704539745972,5,1133,"study_1_LOD_vs_CN; study_11_LOD_vs_CN; study_2_LOD_vs_CN; study_5_LOD_vs_CN; study_6_LOD_vs_CN",3,"study_1; study_11; study_6",0.0875301706470158
"CHST6",0.041411259954244,0.0111292730783664,0.0716932468301216,2.28924510825839,0.022065115052819,0.840012220435376,0.0410179347542764,0.0140886711771523,0.0734582267699427,5,1200,"study_1_LOD_vs_CN; study_11_LOD_vs_CN; study_2_LOD_vs_CN; study_6_LOD_vs_CN; study_7_LOD_vs_CN",4,"study_1; study_11; study_6; study_7",0.0554893151605193
"IGHV3-49",-0.0541814326965129,-0.1171201286772,0.00875726328417392,-2.28917330559616,0.0220692849476099,0.403339631089493,-0.0544255823472071,-0.0800675320895435,-0.0247068855155148,7,1445,"study_1_LOD_vs_CN; study_11_LOD_vs_CN; study_2_LOD_vs_CN; study_4_LOD_vs_CN; study_5_LOD_vs_CN; study_6_LOD_vs_CN; study_7_LOD_vs_CN",5,"study_1; study_11; study_4; study_6; study_7",0.0474058104042236
"LTA4H",0.0342959036483941,0.00644256182417909,0.0621492454726091,2.28743597526314,0.0221703884773764,0.678656043398329,0.0348143881305305,0.0195644905530519,0.0625192257512821,6,1292,"study_1_LOD_vs_CN; study_11_LOD_vs_CN; study_2_LOD_vs_CN; study_5_LOD_vs_CN; study_6_LOD_vs_CN; study_7_LOD_vs_CN",4,"study_1; study_11; study_6; study_7",0.0554893151605193
"GSTT1",0.118633114812878,0.0267181569592174,0.210548072666538,2.28568985972131,0.0222724089092864,0.861128485747757,0.116318906502015,0.1021676856165,0.130376107511055,5,853,"study_1_LOD_vs_CN; study_11_LOD_vs_CN; study_2_LOD_vs_CN; study_3_Soma_LOD_vs_CN; study_7_LOD_vs_CN",3,"study_1; study_11; study_7",0.0889294024795247
"CCN4",0.102230224282378,0.0168936278476953,0.187566820717061,2.27791606355913,0.022731579019689,0.34500951173857,NA,NA,NA,4,956,"study_3_Olink_LOD_vs_CN; study_3_Soma_LOD_vs_CN; study_8_LOD_vs_CN; study_9_LOD_vs_CN",2,"study_3_Soma; study_8",0.105805167800734
"C3AR1",0.0317636809114733,0.00432725515873616,0.0592001066642104,2.27306732865549,0.0230221228999564,0,NA,NA,NA,2,672,"study_11_LOD_vs_CN; study_7_LOD_vs_CN",2,"study_11; study_7",0.106511990284136
"CPPED1",0.0493591920695431,0.00745237739894147,0.0912660067401447,2.26732406327916,0.0233704365320956,0.667258118430113,0.0459838744568052,-0.000648063798223651,0.0904297187525882,6,1148,"study_1_LOD_vs_CN; study_11_LOD_vs_CN; study_2_LOD_vs_CN; study_3_Soma_LOD_vs_CN; study_5_LOD_vs_CN; study_6_LOD_vs_CN",3,"study_1; study_11; study_6",0.0926470876808077
"FNDC1",-0.0904422270992382,-0.215797336471687,0.034912882273211,-2.26285958068421,0.023644346701345,0,NA,NA,NA,2,725,"study_1_LOD_vs_CN; study_11_LOD_vs_CN",2,"study_1; study_11",0.108735678243311
"NAGLU",-0.031270177419971,-0.0573470190718301,-0.00519333576811185,-2.26237802565553,0.0236740574020375,0.508084803057069,-0.031740205451676,-0.0467806580083764,-0.0190538379116872,8,1477,"study_1_LOD_vs_CN; study_11_LOD_vs_CN; study_2_LOD_vs_CN; study_3_Soma_LOD_vs_CN; study_4_LOD_vs_CN; study_5_LOD_vs_CN; study_6_LOD_vs_CN; study_7_LOD_vs_CN",5,"study_1; study_11; study_4; study_6; study_7",0.0507112817330552
"DISP3",-0.0545199778477335,-0.105116131973054,-0.00392382372241283,-2.25671283737849,0.0240260241717941,0,NA,NA,NA,2,547,"study_11_LOD_vs_CN; study_2_LOD_vs_CN",2,"study_11; study_2",0.109833253356773
"HLA-DRA",0.0651794674865873,0.0147945761590551,0.115564358814119,2.2558364639748,0.0240808747862234,0.842883182018137,0.0691495376300705,0.0262600778693589,0.0929126000984147,6,1250,"study_1_LOD_vs_CN; study_11_LOD_vs_CN; study_2_LOD_vs_CN; study_4_LOD_vs_CN; study_5_LOD_vs_CN; study_6_LOD_vs_CN",4,"study_1; study_11; study_4; study_6",0.0599285406611697
"CNTN6",-0.0209806040444983,-0.0382410735855909,-0.00372013450340562,-2.25248800779216,0.0242914497134816,0.593634574148121,-0.0212683014507783,-0.0288159163984389,-0.0146098909330845,8,1473,"study_1_LOD_vs_CN; study_11_LOD_vs_CN; study_2_LOD_vs_CN; study_3_Soma_LOD_vs_CN; study_4_LOD_vs_CN; study_5_LOD_vs_CN; study_6_LOD_vs_CN; study_7_LOD_vs_CN",5,"study_1; study_11; study_4; study_6; study_7",0.0518892356379648
"POSTN",0.0784042340306508,0.0271599341360438,0.129648533925258,2.24872245140196,0.0245301598524679,0.793436648882024,0.0832348434648356,0.0356582590195614,0.107272035088746,7,1236,"study_1_LOD_vs_CN; study_11_LOD_vs_CN; study_2_LOD_vs_CN; study_3_Soma_LOD_vs_CN; study_5_LOD_vs_CN; study_6_LOD_vs_CN; study_7_LOD_vs_CN",4,"study_1; study_11; study_6; study_7",0.0603711202258889
"SDCBP",-0.0991706032765047,-0.209553525216648,0.0112123186636385,-2.24865613199665,0.0245343821922562,0.652214416487649,-0.107764037491631,-0.169379973281035,-0.048521250219738,7,1238,"study_1_LOD_vs_CN; study_11_LOD_vs_CN; study_2_LOD_vs_CN; study_3_Soma_LOD_vs_CN; study_5_LOD_vs_CN; study_6_LOD_vs_CN; study_7_LOD_vs_CN",4,"study_1; study_11; study_6; study_7",0.0603711202258889
"PDCD5",0.0329853723333367,-0.0960544274703587,0.162025172137032,2.24172109308447,0.0249794037546439,0.845277170082266,0.0558923930823864,0.0204010270099887,0.15580371480076,5,433,"study_11_LOD_vs_CN; study_2_LOD_vs_CN; study_3_Soma_LOD_vs_CN; study_6_LOD_vs_CN; study_7_LOD_vs_CN",4,"study_11; study_2; study_6; study_7",0.0609956842498474
"CCL28",0.0618707753025295,0.00985805497198372,0.113883495633075,2.2414340395028,0.0249979736652669,0.712082389582934,NA,NA,NA,4,956,"study_3_Olink_LOD_vs_CN; study_3_Soma_LOD_vs_CN; study_8_LOD_vs_CN; study_9_LOD_vs_CN",2,"study_3_Soma; study_8",0.113060270766577
"TPD52",0.0463100368185412,0.00633760273009695,0.0862824709069855,2.24104077171686,0.0250234341310618,0.512254950517757,0.0507318192680226,0.0171003970244543,0.089021487534812,3,948,"study_1_LOD_vs_CN; study_11_LOD_vs_CN; study_6_LOD_vs_CN",3,"study_1; study_11; study_6",0.0984964960477964
"IGHV3OR16-12",-0.0375710971365627,-0.262489468921902,0.187347274648777,-2.24099556915455,0.0250263620186434,0.877464316068627,NA,NA,NA,3,294,"study_10_LOD_vs_CN; study_2_LOD_vs_CN; study_7_LOD_vs_CN",2,"study_2; study_7",0.113060270766577
"ADM",-0.0235648716583116,-0.0457378965640941,-0.00139184675252901,-2.24037297029187,0.0250667195547318,0.646600420756936,-0.022291851985572,-0.0353312431634851,-0.0105743886056192,8,1313,"study_1_LOD_vs_CN; study_11_LOD_vs_CN; study_2_LOD_vs_CN; study_3_Olink_LOD_vs_CN; study_3_Soma_LOD_vs_CN; study_4_LOD_vs_CN; study_5_LOD_vs_CN; study_6_LOD_vs_CN",4,"study_1; study_11; study_4; study_6",0.0609956842498474
"NTM",-0.033258315623193,-0.0570838856192774,-0.00943274562710862,-2.23938733922819,0.0251307244370024,0.752623042239692,-0.0326183020370793,-0.0472804600376952,-0.0120892023159847,9,1732,"study_1_LOD_vs_CN; study_10_LOD_vs_CN; study_11_LOD_vs_CN; study_2_LOD_vs_CN; study_3_Soma_LOD_vs_CN; study_4_LOD_vs_CN; study_5_LOD_vs_CN; study_6_LOD_vs_CN; study_7_LOD_vs_CN",5,"study_1; study_11; study_4; study_6; study_7",0.0535333160444732
"LAMB4",-0.0455974487039279,-0.0876776662194644,-0.00351723118839144,-2.23868167248578,0.0251766358649613,0,NA,NA,NA,2,494,"study_1_LOD_vs_CN; study_7_LOD_vs_CN",2,"study_1; study_7",0.1130740137093
"STX12",0.0281163072222611,0.00258525761369132,0.0536473568308309,2.23526473176807,0.0253999740046465,0.581186598585443,0.0298770443310758,0.00617362554357863,0.0593976380118314,7,1203,"study_1_LOD_vs_CN; study_11_LOD_vs_CN; study_2_LOD_vs_CN; study_3_Soma_LOD_vs_CN; study_5_LOD_vs_CN; study_6_LOD_vs_CN; study_7_LOD_vs_CN",4,"study_1; study_11; study_6; study_7",0.0614651304642826
"CCL11",-0.0791328660132594,-0.148002001968819,-0.0102637300576999,-2.23473008041556,0.0254350745563794,0,NA,NA,NA,4,956,"study_3_Olink_LOD_vs_CN; study_3_Soma_LOD_vs_CN; study_8_LOD_vs_CN; study_9_LOD_vs_CN",2,"study_3_Soma; study_8",0.113459681455986
"HCN1",-0.0751019200416694,-0.144001506726054,-0.00620233335728464,-2.23279247061042,0.0255626330441105,0,NA,NA,NA,2,537,"study_11_LOD_vs_CN; study_6_LOD_vs_CN",2,"study_11; study_6",0.113459681455986
"PRKCG",0.0842569266686933,0.00884763170262587,0.159666221634761,2.2306290772391,0.0257057090798719,0.926649567044675,NA,NA,NA,2,502,"study_11_LOD_vs_CN; study_3_Soma_LOD_vs_CN",2,"study_11; study_3_Soma",0.113459681455986
"IGLV7-46",-0.0531372488386215,-0.120811998036477,0.0145375003592345,-2.22530239873042,0.0260609445346408,0.48534233176865,-0.0538988216608607,-0.0967311809728316,-0.00425581726588857,5,1324,"study_1_LOD_vs_CN; study_11_LOD_vs_CN; study_4_LOD_vs_CN; study_5_LOD_vs_CN; study_7_LOD_vs_CN",4,"study_1; study_11; study_4; study_7",0.0627180972866629
"ACTN1",0.176697082788202,0.0617481515642984,0.291646014012106,2.22506458388705,0.026076902853846,0.927070935736148,0.273528712867299,0.0896176701772919,0.539205626922678,4,615,"study_11_LOD_vs_CN; study_2_LOD_vs_CN; study_3_Soma_LOD_vs_CN; study_6_LOD_vs_CN",3,"study_11; study_2; study_6",0.101328498673226
"SEMA5A",-0.043181612749703,-0.0806552779875165,-0.00570794751188951,-2.22460058080103,0.0261080636221104,0.633307567994026,-0.0492122507767587,-0.0794916269041973,-0.0287445750588425,5,950,"study_1_LOD_vs_CN; study_11_LOD_vs_CN; study_2_LOD_vs_CN; study_3_Soma_LOD_vs_CN; study_6_LOD_vs_CN",3,"study_1; study_11; study_6",0.101328498673226
"ICAM5",-0.0372214435570374,-0.0636554935534293,-0.0107873935606455,-2.22395132436483,0.0261517193599114,0.884186231633567,-0.0356063911218178,-0.0564068301603164,0.00340872449776341,10,1734,"study_1_LOD_vs_CN; study_10_LOD_vs_CN; study_11_LOD_vs_CN; study_2_LOD_vs_CN; study_3_Olink_LOD_vs_CN; study_3_Soma_LOD_vs_CN; study_4_LOD_vs_CN; study_5_LOD_vs_CN; study_6_LOD_vs_CN; study_7_LOD_vs_CN",5,"study_1; study_11; study_4; study_6; study_7",0.0555543430601434
"ADAM23",-0.01838253068013,-0.0397044576081012,0.00293939624784112,-2.22339078158191,0.0261894607658534,0.830945803100976,-0.0183991579906054,-0.0322446627984304,-0.00282895983180334,11,2317,"study_1_LOD_vs_CN; study_11_LOD_vs_CN; study_2_LOD_vs_CN; study_3_Olink_LOD_vs_CN; study_3_Soma_LOD_vs_CN; study_4_LOD_vs_CN; study_5_LOD_vs_CN; study_6_LOD_vs_CN; study_7_LOD_vs_CN; study_8_LOD_vs_CN; study_9_LOD_vs_CN",6,"study_1; study_11; study_4; study_6; study_7; study_8",0.0631394637469496
"GABBR2",-0.0749659893338306,-0.137803052523279,-0.0121289261443822,-2.22261734971107,0.0262416133010971,0.581728871860208,NA,NA,NA,2,478,"study_11_LOD_vs_CN; study_3_Soma_LOD_vs_CN",2,"study_11; study_3_Soma",0.115163194372815
"COL18A1",0.0411021185288714,0.0131004410212663,0.0691037960364765,2.22236074684793,0.0262589358573762,0.898418677377317,0.0411490701206295,0.0223989745249554,0.0584091397531762,12,2660,"study_1_LOD_vs_CN; study_10_LOD_vs_CN; study_11_LOD_vs_CN; study_2_LOD_vs_CN; study_3_Olink_LOD_vs_CN; study_3_Soma_LOD_vs_CN; study_4_LOD_vs_CN; study_5_LOD_vs_CN; study_6_LOD_vs_CN; study_7_LOD_vs_CN; study_8_LOD_vs_CN; study_9_LOD_vs_CN",6,"study_1; study_11; study_4; study_6; study_7; study_8",0.0631394637469496
"GOLIM4",-0.0204121864931385,-0.0443505522061529,0.00352617921987598,-2.22185959318328,0.0262927958667877,0.28922003757894,-0.0199508932582911,-0.0285355856346034,-0.00775626382819157,8,1646,"study_1_LOD_vs_CN; study_10_LOD_vs_CN; study_11_LOD_vs_CN; study_2_LOD_vs_CN; study_4_LOD_vs_CN; study_5_LOD_vs_CN; study_6_LOD_vs_CN; study_7_LOD_vs_CN",5,"study_1; study_11; study_4; study_6; study_7",0.0557001653486493
"IGHV4-4",-0.0726897112965506,-0.148454339165825,0.00307491657272387,-2.21886780419014,0.0264957194455279,0.654864306173632,-0.0723293072388577,-0.11518344867648,-0.0132971220469092,6,1394,"study_1_LOD_vs_CN; study_11_LOD_vs_CN; study_4_LOD_vs_CN; study_5_LOD_vs_CN; study_6_LOD_vs_CN; study_7_LOD_vs_CN",5,"study_1; study_11; study_4; study_6; study_7",0.0559758468505796
"ERBB3",0.0376954809001782,0.0121892489759353,0.063201712824421,2.21517979793041,0.0267477259455593,0.844109744715534,0.038328551225386,0.0213351927174808,0.0636629922346593,11,2309,"study_1_LOD_vs_CN; study_11_LOD_vs_CN; study_2_LOD_vs_CN; study_3_Olink_LOD_vs_CN; study_3_Soma_LOD_vs_CN; study_4_LOD_vs_CN; study_5_LOD_vs_CN; study_6_LOD_vs_CN; study_7_LOD_vs_CN; study_8_LOD_vs_CN; study_9_LOD_vs_CN",6,"study_1; study_11; study_4; study_6; study_7; study_8",0.063600148359441
"STMN3",-0.0339272946062988,-0.0607566846851806,-0.00709790452741698,-2.21466014957292,0.0267834000761738,0.740014893158445,-0.0327777840452467,-0.0439765327850847,-0.0169302567923178,8,1346,"study_1_LOD_vs_CN; study_11_LOD_vs_CN; study_2_LOD_vs_CN; study_3_Soma_LOD_vs_CN; study_4_LOD_vs_CN; study_5_LOD_vs_CN; study_6_LOD_vs_CN; study_7_LOD_vs_CN",5,"study_1; study_11; study_4; study_6; study_7",0.0564285881056922
"TIE1",-0.00961945089295066,-0.0341128515956739,0.0148739498097726,-2.20965934190154,0.0271288135059828,0.697031916230016,-0.00937798189228208,-0.0265092155067091,0.00585407993492492,11,2372,"study_1_LOD_vs_CN; study_11_LOD_vs_CN; study_2_LOD_vs_CN; study_3_Olink_LOD_vs_CN; study_3_Soma_LOD_vs_CN; study_4_LOD_vs_CN; study_5_LOD_vs_CN; study_6_LOD_vs_CN; study_7_LOD_vs_CN; study_8_LOD_vs_CN; study_9_LOD_vs_CN",6,"study_1; study_11; study_4; study_6; study_7; study_8",0.0637974295635201
"IL10RB",0.0834766825159857,0.00923883391338486,0.157714531118587,2.20953995973278,0.0271371061859226,0,NA,NA,NA,3,929,"study_3_Olink_LOD_vs_CN; study_8_LOD_vs_CN; study_9_LOD_vs_CN",2,"study_3_Olink; study_8",0.118416463356753
"ANTXR2",-0.0508101413145398,-0.103253918184194,0.00163363555511446,-2.20775662411029,0.0272612432558091,0,-0.0509113118945023,-0.0600108262895341,-0.0396817908680232,6,1048,"study_1_LOD_vs_CN; study_11_LOD_vs_CN; study_2_LOD_vs_CN; study_3_Soma_LOD_vs_CN; study_5_LOD_vs_CN; study_6_LOD_vs_CN",3,"study_1; study_11; study_6",0.105069375048431
"PTH2R",-0.0699900708348792,-0.180672315582212,0.0406921739124535,-2.20303105283773,0.0275925600460521,0.799665021010202,NA,NA,NA,2,675,"study_1_LOD_vs_CN; study_11_LOD_vs_CN",2,"study_1; study_11",0.119723650369311
"PLD5",-0.061384035192437,-0.118787224949407,-0.00398084543546675,-2.19843928120254,0.027917817030665,0.0185525584410185,-0.0640170265188123,-0.0761571152335115,-0.0523469959935177,5,709,"study_1_LOD_vs_CN; study_11_LOD_vs_CN; study_2_LOD_vs_CN; study_3_Soma_LOD_vs_CN; study_6_LOD_vs_CN",3,"study_1; study_11; study_6",0.106857851393235
"IGHV3-38",-0.0754012751608486,-0.180152977900533,0.0293504275788359,-2.19511647639245,0.0281552436039554,0,NA,NA,NA,2,239,"study_6_LOD_vs_CN; study_7_LOD_vs_CN",2,"study_6; study_7",0.120756954652438
"APOC4-APOC2",-0.101474119629474,-0.181478433138617,-0.0214698061203321,-2.19366260019538,0.0282596744162182,0.688978941174679,NA,NA,NA,2,213,"study_2_LOD_vs_CN; study_7_LOD_vs_CN",2,"study_2; study_7",0.120756954652438
"SYT4",-0.0603379558517503,-0.115876375858977,-0.00479953584452324,-2.19306895661643,0.0283024112466653,0,NA,NA,NA,3,897,"study_1_LOD_vs_CN; study_11_LOD_vs_CN; study_3_Soma_LOD_vs_CN",2,"study_1; study_11",0.120756954652438
"PCDHB10",-0.0423824633996702,-0.0790087714385238,-0.0057561553608166,-2.1901536519677,0.028513095281019,0.521265440342405,NA,NA,NA,5,945,"study_1_LOD_vs_CN; study_11_LOD_vs_CN; study_2_LOD_vs_CN; study_3_Soma_LOD_vs_CN; study_5_LOD_vs_CN",2,"study_1; study_11",0.120983741302887
"CHL1",-0.0322105285402836,-0.067536653098651,0.0031155960180838,-2.18958165317117,0.028554590798904,0.906851055484818,-0.0325470069753895,-0.062657608264678,-0.000724721407092457,12,2653,"study_1_LOD_vs_CN; study_10_LOD_vs_CN; study_11_LOD_vs_CN; study_2_LOD_vs_CN; study_3_Olink_LOD_vs_CN; study_3_Soma_LOD_vs_CN; study_4_LOD_vs_CN; study_5_LOD_vs_CN; study_6_LOD_vs_CN; study_7_LOD_vs_CN; study_8_LOD_vs_CN; study_9_LOD_vs_CN",6,"study_1; study_11; study_4; study_6; study_7; study_8",0.0664204612061463
"METTL21A",-0.0802363642319601,-0.147063914561591,-0.0134088139023288,-2.18618970584734,0.0288017290884548,0.680479748669723,NA,NA,NA,2,369,"study_11_LOD_vs_CN; study_6_LOD_vs_CN",2,"study_11; study_6",0.12153696670293
"PTPRM",-0.0239104024125945,-0.049605763264797,0.00178495843960808,-2.18604178422437,0.0288125484815884,0,-0.0244505027284468,-0.032806038003048,-0.02048064363821,8,1394,"study_1_LOD_vs_CN; study_11_LOD_vs_CN; study_2_LOD_vs_CN; study_3_Olink_LOD_vs_CN; study_4_LOD_vs_CN; study_5_LOD_vs_CN; study_6_LOD_vs_CN; study_7_LOD_vs_CN",5,"study_1; study_11; study_4; study_6; study_7",0.0605378409353592
"LSR",-0.0202572674201109,-0.03983344399523,-0.000681090844991836,-2.18492408108328,0.028894413527603,0,-0.019541535718668,-0.0235147395300475,-0.0138121623125329,7,1402,"study_1_LOD_vs_CN; study_11_LOD_vs_CN; study_2_LOD_vs_CN; study_4_LOD_vs_CN; study_5_LOD_vs_CN; study_6_LOD_vs_CN; study_7_LOD_vs_CN",5,"study_1; study_11; study_4; study_6; study_7",0.0605444250755497
"SERPINA2",0.149472026092497,-0.000857584600750916,0.299801636785745,2.18375199933904,0.0289804764979468,0,NA,NA,NA,2,372,"study_11_LOD_vs_CN; study_5_LOD_vs_CN",2,"study_11; study_5",0.121622983335645
"EXT2",-0.0166227521760224,-0.032241150245621,-0.00100435410642371,-2.18206876124278,0.0291044583106587,0,-0.0163288583931205,-0.0194679583993229,-0.0125941560099983,6,1282,"study_1_LOD_vs_CN; study_11_LOD_vs_CN; study_2_LOD_vs_CN; study_5_LOD_vs_CN; study_6_LOD_vs_CN; study_7_LOD_vs_CN",4,"study_1; study_11; study_6; study_7",0.0696598510386258
"EDN3",-0.0203850668717641,-0.0425895409004679,0.00181940715693971,-2.18190594642295,0.029116474895019,0.55567708430112,-0.0191148572484337,-0.0320272781704695,-0.00863381694781712,8,1464,"study_1_LOD_vs_CN; study_11_LOD_vs_CN; study_2_LOD_vs_CN; study_3_Soma_LOD_vs_CN; study_4_LOD_vs_CN; study_5_LOD_vs_CN; study_6_LOD_vs_CN; study_7_LOD_vs_CN",5,"study_1; study_11; study_4; study_6; study_7",0.0608439380279065
"EMCN",-0.074761592588134,-0.141720590524669,-0.00780259465159895,-2.18071557891555,0.0292044600331859,0,NA,NA,NA,2,446,"study_11_LOD_vs_CN; study_2_LOD_vs_CN",2,"study_11; study_2",0.121722404882056
"USH2A",-0.10506993408762,-0.216571386175571,0.00643151800033116,-2.17729386929879,0.0294586483189788,0.376471275951021,NA,NA,NA,2,197,"study_4_LOD_vs_CN; study_6_LOD_vs_CN",2,"study_4; study_6",0.121722404882056
"YME1L1",-0.0966260463090274,-0.188657915126573,-0.00459417749148179,-2.17728315597829,0.0294594471577731,0.592833694712793,-0.0912249750270628,-0.126959936697014,-0.066599132937056,3,363,"study_11_LOD_vs_CN; study_2_LOD_vs_CN; study_6_LOD_vs_CN",3,"study_11; study_2; study_6",0.111558854275486
"CACNA2D3",-0.0288356838584451,-0.0519072662419507,-0.00576410147493947,-2.1771066353845,0.0294726120998555,0.875885433307404,-0.0283103105446049,-0.0486057460992473,-0.00453078222496337,8,1480,"study_1_LOD_vs_CN; study_11_LOD_vs_CN; study_2_LOD_vs_CN; study_3_Soma_LOD_vs_CN; study_4_LOD_vs_CN; study_5_LOD_vs_CN; study_6_LOD_vs_CN; study_7_LOD_vs_CN",5,"study_1; study_11; study_4; study_6; study_7",0.0614212431024089
"FAM234A",-0.0411079241482942,-0.0831386298290992,0.000922781532510776,-2.17609683068419,0.0295480208621557,0.798589008692965,-0.049903134165203,-0.109091320555634,-0.000164121045415401,5,981,"study_1_LOD_vs_CN; study_11_LOD_vs_CN; study_2_LOD_vs_CN; study_5_LOD_vs_CN; study_6_LOD_vs_CN",3,"study_1; study_11; study_6",0.111558854275486
"ATP1B3",-0.0357976147697669,-0.0941541580996206,0.0225589285600869,-2.17492697228624,0.0296355893176978,0.705686438347124,NA,NA,NA,5,784,"study_1_LOD_vs_CN; study_11_LOD_vs_CN; study_2_LOD_vs_CN; study_3_Soma_LOD_vs_CN; study_5_LOD_vs_CN",2,"study_1; study_11",0.121722404882056
"GNB1",-0.0371165965891386,-0.0905140427584177,0.0162808495801404,-2.1748929727787,0.029638137647063,0.881026310633864,NA,NA,NA,3,758,"study_1_LOD_vs_CN; study_11_LOD_vs_CN; study_2_LOD_vs_CN",2,"study_1; study_11",0.121722404882056
"IGLV5-45",-0.106937957834973,-0.188460947559657,-0.0254149681102901,-2.17256225690537,0.0298132791718016,0.846206645402397,-0.10558421785071,-0.137095971655651,-0.0451424809462335,3,1093,"study_1_LOD_vs_CN; study_11_LOD_vs_CN; study_7_LOD_vs_CN",3,"study_1; study_11; study_7",0.111799796894256
"CA10",-0.0371825846150627,-0.0678249426115,-0.0065402266186253,-2.17226686615697,0.0298355397027574,0.693613649619327,-0.0377558566481174,-0.0531340607149425,-0.0214671155041361,7,1248,"study_1_LOD_vs_CN; study_11_LOD_vs_CN; study_2_LOD_vs_CN; study_3_Soma_LOD_vs_CN; study_4_LOD_vs_CN; study_5_LOD_vs_CN; study_6_LOD_vs_CN",4,"study_1; study_11; study_4; study_6",0.0710215564663464
"PGLYRP1",0.123497496660451,0.0142906736010977,0.232704319719805,2.17020311242691,0.0299914624102672,0.500454524621917,NA,NA,NA,5,986,"study_2_LOD_vs_CN; study_3_Olink_LOD_vs_CN; study_3_Soma_LOD_vs_CN; study_8_LOD_vs_CN; study_9_LOD_vs_CN",2,"study_2; study_8",0.122518314527049
"APOL1",-0.052860746528477,-0.108248919929697,0.00252742687274256,-2.16418261841597,0.030450336734409,0,-0.0530301897407936,-0.0678444415264603,-0.0345694628827905,8,1481,"study_1_LOD_vs_CN; study_11_LOD_vs_CN; study_2_LOD_vs_CN; study_3_Soma_LOD_vs_CN; study_4_LOD_vs_CN; study_5_LOD_vs_CN; study_6_LOD_vs_CN; study_7_LOD_vs_CN",5,"study_1; study_11; study_4; study_6; study_7",0.0632873214831365
"SIRPA",-0.0768558707440895,-0.129610681852017,-0.0241010596361621,-2.15727841797186,0.030983977566369,0.905661263422506,-0.0776210657396515,-0.105097578081689,-0.0601144250928492,12,2661,"study_1_LOD_vs_CN; study_10_LOD_vs_CN; study_11_LOD_vs_CN; study_2_LOD_vs_CN; study_3_Olink_LOD_vs_CN; study_3_Soma_LOD_vs_CN; study_4_LOD_vs_CN; study_5_LOD_vs_CN; study_6_LOD_vs_CN; study_7_LOD_vs_CN; study_8_LOD_vs_CN; study_9_LOD_vs_CN",6,"study_1; study_11; study_4; study_6; study_7; study_8",0.0712964645075588
"ITIH4",-0.0361811891978224,-0.0844748145334491,0.0121124361378043,-2.1552277632551,0.0311440153582467,0.761331673886604,-0.0368580421128642,-0.0784622470305528,0.00798292647142017,9,1709,"study_1_LOD_vs_CN; study_10_LOD_vs_CN; study_11_LOD_vs_CN; study_2_LOD_vs_CN; study_3_Soma_LOD_vs_CN; study_4_LOD_vs_CN; study_5_LOD_vs_CN; study_6_LOD_vs_CN; study_7_LOD_vs_CN",5,"study_1; study_11; study_4; study_6; study_7",0.0645545763086029
"ADCYAP1",-0.067208916611206,-0.130195119628922,-0.00422271359349026,-2.15287961410938,0.031328141032368,0,-0.0687136203775966,-0.0781565761339044,-0.0577402652840972,5,1049,"study_1_LOD_vs_CN; study_11_LOD_vs_CN; study_2_LOD_vs_CN; study_5_LOD_vs_CN; study_6_LOD_vs_CN",3,"study_1; study_11; study_6",0.116692068946069
"NID1",0.0296838504114278,0.00550401676929054,0.053863684053565,2.15096474413284,0.031478982540643,0.745506829485875,0.0293367907194459,0.00670162539070574,0.040612898930135,12,2650,"study_1_LOD_vs_CN; study_10_LOD_vs_CN; study_11_LOD_vs_CN; study_2_LOD_vs_CN; study_3_Olink_LOD_vs_CN; study_3_Soma_LOD_vs_CN; study_4_LOD_vs_CN; study_5_LOD_vs_CN; study_6_LOD_vs_CN; study_7_LOD_vs_CN; study_8_LOD_vs_CN; study_9_LOD_vs_CN",6,"study_1; study_11; study_4; study_6; study_7; study_8",0.0716649176989106
"MEGF8",-0.0250187957443503,-0.0490286987628352,-0.00100889272586528,-2.14795387155253,0.0317174201228528,0.168807351301709,-0.0243392533385395,-0.0334362918682447,-0.00969299842076821,8,1557,"study_1_LOD_vs_CN; study_10_LOD_vs_CN; study_11_LOD_vs_CN; study_2_LOD_vs_CN; study_4_LOD_vs_CN; study_5_LOD_vs_CN; study_6_LOD_vs_CN; study_7_LOD_vs_CN",5,"study_1; study_11; study_4; study_6; study_7",0.0655663872969726
"TNFRSF1A",0.0384778090545014,0.0109930055451975,0.0659626125638053,2.14732812695321,0.0317671681135608,0.846334186797351,0.0367635585532484,0.0104925568003035,0.0657043292948005,7,1168,"study_1_LOD_vs_CN; study_11_LOD_vs_CN; study_2_LOD_vs_CN; study_3_Olink_LOD_vs_CN; study_3_Soma_LOD_vs_CN; study_5_LOD_vs_CN; study_6_LOD_vs_CN",3,"study_1; study_11; study_6",0.117412600695299
"GALNT6",-0.038012362606231,-0.0690358872814009,-0.00698883793106102,-2.14579282279533,0.0318895115147299,0.74735776231286,-0.0385398086200136,-0.0481195350350528,-0.0210468803985345,7,1429,"study_1_LOD_vs_CN; study_11_LOD_vs_CN; study_2_LOD_vs_CN; study_4_LOD_vs_CN; study_5_LOD_vs_CN; study_6_LOD_vs_CN; study_7_LOD_vs_CN",5,"study_1; study_11; study_4; study_6; study_7",0.0657454004150866
"PSMA7",0.0684272227063376,0.00621370456266813,0.130640740850007,2.14510203772346,0.0319446895585408,0.219965611738436,0.0594638955803746,0.0163474585536445,0.0829744698583047,5,900,"study_1_LOD_vs_CN; study_11_LOD_vs_CN; study_2_LOD_vs_CN; study_3_Soma_LOD_vs_CN; study_6_LOD_vs_CN",3,"study_1; study_11; study_6",0.117412600695299
"LMAN2L",0.0835772837265678,0.00183010158063507,0.165324465872501,2.14146989585345,0.0322361636305714,0,NA,NA,NA,2,112,"study_3_Soma_LOD_vs_CN; study_6_LOD_vs_CN",2,"study_3_Soma; study_6",0.130295583055166
"GPC1",0.0248671083928308,-0.00666506623991119,0.0563992830255728,2.14079115727633,0.0322908833853595,0.292555224113928,0.0251550695103462,0.0179203173958676,0.0343727613855843,11,2401,"study_1_LOD_vs_CN; study_11_LOD_vs_CN; study_2_LOD_vs_CN; study_3_Olink_LOD_vs_CN; study_3_Soma_LOD_vs_CN; study_4_LOD_vs_CN; study_5_LOD_vs_CN; study_6_LOD_vs_CN; study_7_LOD_vs_CN; study_8_LOD_vs_CN; study_9_LOD_vs_CN",6,"study_1; study_11; study_4; study_6; study_7; study_8",0.0727394636259676
"LTA",0.0906490714407386,0.0149435639200231,0.166354578961454,2.13873956902586,0.0324567660831528,0.875916680582882,NA,NA,NA,4,956,"study_3_Olink_LOD_vs_CN; study_3_Soma_LOD_vs_CN; study_8_LOD_vs_CN; study_9_LOD_vs_CN",2,"study_3_Soma; study_8",0.130295583055166
"MT1F",0.0357805717032318,-0.0107590234935884,0.082320166900052,2.13831848229203,0.0324909035087751,0.936301646578309,NA,NA,NA,4,873,"study_1_LOD_vs_CN; study_11_LOD_vs_CN; study_2_LOD_vs_CN; study_5_LOD_vs_CN",2,"study_1; study_11",0.130295583055166
"DNASE1",-0.105211862023506,-0.200974890987783,-0.00944883305922899,-2.13772990369423,0.0325386710066738,0,-0.108235953001983,-0.131072814547075,-0.0846371563346705,4,883,"study_1_LOD_vs_CN; study_11_LOD_vs_CN; study_2_LOD_vs_CN; study_6_LOD_vs_CN",3,"study_1; study_11; study_6",0.118087471829539
"CREG2",-0.0731566343147317,-0.136892560755977,-0.00942070787348691,-2.13744954375487,0.0325614454276892,0.570247565931758,-0.0773745373357771,-0.105682009668979,-0.0506427238048224,4,791,"study_1_LOD_vs_CN; study_11_LOD_vs_CN; study_2_LOD_vs_CN; study_6_LOD_vs_CN",3,"study_1; study_11; study_6",0.118087471829539
"FUBP1",-0.0526924224323147,-0.11307795286924,0.00769310800461066,-2.13729634739106,0.0325738957637914,0.83701455923574,NA,NA,NA,2,212,"study_3_Soma_LOD_vs_CN; study_7_LOD_vs_CN",2,"study_3_Soma; study_7",0.130295583055166
"FETUB",-0.0300781543508092,-0.0733239125651191,0.0131676038635006,-2.13536710483092,0.0327310354808289,0.665826500428227,-0.029594261113987,-0.0450830634354738,-0.000481643652468631,10,1703,"study_1_LOD_vs_CN; study_10_LOD_vs_CN; study_11_LOD_vs_CN; study_2_LOD_vs_CN; study_3_Olink_LOD_vs_CN; study_3_Soma_LOD_vs_CN; study_4_LOD_vs_CN; study_5_LOD_vs_CN; study_6_LOD_vs_CN; study_7_LOD_vs_CN",5,"study_1; study_11; study_4; study_6; study_7",0.0672999098522926
"CORO1A",0.0512691145770888,0.00815766679539137,0.0943805623587863,2.13519758582768,0.0327448740330796,0.721429034092731,0.0560482656088527,0.0322388591587739,0.0866968205881116,6,1265,"study_1_LOD_vs_CN; study_11_LOD_vs_CN; study_2_LOD_vs_CN; study_5_LOD_vs_CN; study_6_LOD_vs_CN; study_7_LOD_vs_CN",4,"study_1; study_11; study_6; study_7",0.0775257017648047
"CDH12",-0.0371031535525233,-0.0704858662953413,-0.00372044080970529,-2.13493140259199,0.0327666138049531,0,-0.0381754052763145,-0.0418766834635575,-0.0317294003710259,5,1010,"study_1_LOD_vs_CN; study_11_LOD_vs_CN; study_2_LOD_vs_CN; study_3_Soma_LOD_vs_CN; study_6_LOD_vs_CN",3,"study_1; study_11; study_6",0.118087471829539
"PON1",-0.0580886700789304,-0.121678450753094,0.00550111059523328,-2.13324419532845,0.0329046993847419,0,-0.0591828462589007,-0.0896268848419144,-0.0364616750067928,8,1705,"study_1_LOD_vs_CN; study_10_LOD_vs_CN; study_11_LOD_vs_CN; study_2_LOD_vs_CN; study_4_LOD_vs_CN; study_5_LOD_vs_CN; study_6_LOD_vs_CN; study_7_LOD_vs_CN",5,"study_1; study_11; study_4; study_6; study_7",0.0674765702049773
"MAN2B2",-0.0257690679246776,-0.0527571110247864,0.00121897517543113,-2.13182622098064,0.0330211352203647,0.736785713234667,-0.0256974095214856,-0.0433654395918172,-0.000703010632601869,8,1431,"study_1_LOD_vs_CN; study_11_LOD_vs_CN; study_2_LOD_vs_CN; study_3_Soma_LOD_vs_CN; study_4_LOD_vs_CN; study_5_LOD_vs_CN; study_6_LOD_vs_CN; study_7_LOD_vs_CN",5,"study_1; study_11; study_4; study_6; study_7",0.0675118069705204
"REXO2",0.0767202894597252,9.77544945061221e-05,0.153342824424944,2.13137710618356,0.033058087390557,0,NA,NA,NA,4,644,"study_1_LOD_vs_CN; study_11_LOD_vs_CN; study_2_LOD_vs_CN; study_3_Soma_LOD_vs_CN",2,"study_1; study_11",0.131547207854652
"BCHE",-0.0212648128121447,-0.0425612101583308,3.15845340414893e-05,-2.13089897526178,0.0330974658360028,0.755533175613224,-0.0225370153152666,-0.0398094886292111,-0.00861773881156118,9,1697,"study_1_LOD_vs_CN; study_10_LOD_vs_CN; study_11_LOD_vs_CN; study_2_LOD_vs_CN; study_3_Soma_LOD_vs_CN; study_4_LOD_vs_CN; study_5_LOD_vs_CN; study_6_LOD_vs_CN; study_7_LOD_vs_CN",5,"study_1; study_11; study_4; study_6; study_7",0.0675118069705204
"IGLV1-36",-0.0730516787250213,-0.136828235652275,-0.00927512179776795,-2.12975034469473,0.0331922301557018,0.451121569290473,-0.0758711747464252,-0.121078048009826,-0.0475532184066872,5,1011,"study_1_LOD_vs_CN; study_11_LOD_vs_CN; study_5_LOD_vs_CN; study_6_LOD_vs_CN; study_7_LOD_vs_CN",4,"study_1; study_11; study_6; study_7",0.0781623484311688
"PDGFB",0.00359144064435077,-0.0252684700650299,0.0324513513537315,-2.12856952886475,0.0332898917803579,0.839098505488856,0.00329646342907726,-0.0381143294674759,0.0268465081497468,11,2533,"study_1_LOD_vs_CN; study_10_LOD_vs_CN; study_11_LOD_vs_CN; study_2_LOD_vs_CN; study_3_Olink_LOD_vs_CN; study_4_LOD_vs_CN; study_5_LOD_vs_CN; study_6_LOD_vs_CN; study_7_LOD_vs_CN; study_8_LOD_vs_CN; study_9_LOD_vs_CN",6,"study_1; study_11; study_4; study_6; study_7; study_8",0.0742087170937146
"NDRG4",-0.0229448244111111,-0.0467023521360046,0.000812703313782474,-2.12829310168266,0.0333127897021966,0.667197891770268,-0.0225355059336202,-0.0344238003767719,-0.0108919609983656,8,1424,"study_1_LOD_vs_CN; study_11_LOD_vs_CN; study_2_LOD_vs_CN; study_3_Soma_LOD_vs_CN; study_4_LOD_vs_CN; study_5_LOD_vs_CN; study_6_LOD_vs_CN; study_7_LOD_vs_CN",5,"study_1; study_11; study_4; study_6; study_7",0.0677712573571143
"SHISA6",-0.0342739604924497,-0.0577167515138133,-0.010831169471086,-2.12699639699111,0.0334203825609838,0.767885935888279,-0.0344131255313748,-0.0454100723356482,-0.0203054077797148,8,1671,"study_1_LOD_vs_CN; study_10_LOD_vs_CN; study_11_LOD_vs_CN; study_2_LOD_vs_CN; study_4_LOD_vs_CN; study_5_LOD_vs_CN; study_6_LOD_vs_CN; study_7_LOD_vs_CN",5,"study_1; study_11; study_4; study_6; study_7",0.0678107498400964
"FABP4",-0.030158605174034,-0.106648233802278,0.0463310234542098,-2.1261879056019,0.0334876167365316,0.904710429229246,-0.030496832633946,-0.0669529137672988,0.050364742640396,9,2009,"study_1_LOD_vs_CN; study_11_LOD_vs_CN; study_2_LOD_vs_CN; study_3_Olink_LOD_vs_CN; study_3_Soma_LOD_vs_CN; study_5_LOD_vs_CN; study_6_LOD_vs_CN; study_8_LOD_vs_CN; study_9_LOD_vs_CN",4,"study_1; study_11; study_6; study_8",0.0784362359925179
"DNASE1L1",-0.0485886625038208,-0.0934863976573425,-0.00369092735029912,-2.12563909713232,0.0335333215716267,0,NA,NA,NA,2,542,"study_11_LOD_vs_CN; study_2_LOD_vs_CN",2,"study_11; study_2",0.13275046890211
"HSPA13",-0.0164038238448903,-0.0323308152392489,-0.000476832450531699,-2.12130496301137,0.033896146994745,0.522006679708042,-0.017337270319881,-0.034520137834433,-0.0102952626259527,8,1476,"study_1_LOD_vs_CN; study_11_LOD_vs_CN; study_2_LOD_vs_CN; study_3_Soma_LOD_vs_CN; study_4_LOD_vs_CN; study_5_LOD_vs_CN; study_6_LOD_vs_CN; study_7_LOD_vs_CN",5,"study_1; study_11; study_4; study_6; study_7",0.0685950974709444
"PSMB5",0.13782508991696,0.00373746248882609,0.271912717345095,2.11957189701328,0.034042164554869,0,NA,NA,NA,3,431,"study_11_LOD_vs_CN; study_2_LOD_vs_CN; study_3_Soma_LOD_vs_CN",2,"study_11; study_2",0.13407375578533
"IL1RAP",-0.0278178503442642,-0.0646788033606124,0.00904310267208403,-2.10905468115705,0.0349398620064461,0.474020492235923,-0.029206573855532,-0.0601349534148727,-0.0125587455816006,8,1472,"study_1_LOD_vs_CN; study_11_LOD_vs_CN; study_2_LOD_vs_CN; study_3_Soma_LOD_vs_CN; study_4_LOD_vs_CN; study_5_LOD_vs_CN; study_6_LOD_vs_CN; study_7_LOD_vs_CN",5,"study_1; study_11; study_4; study_6; study_7",0.0703614097785182
"IGHA1",-0.0579905506149564,-0.131401878593469,0.0154207773635562,-2.10891450804035,0.0349519616845175,0,-0.0583668592785177,-0.0812986106347476,-0.0345550906455653,9,1732,"study_1_LOD_vs_CN; study_10_LOD_vs_CN; study_11_LOD_vs_CN; study_2_LOD_vs_CN; study_3_Soma_LOD_vs_CN; study_4_LOD_vs_CN; study_5_LOD_vs_CN; study_6_LOD_vs_CN; study_7_LOD_vs_CN",5,"study_1; study_11; study_4; study_6; study_7",0.0703614097785182
"CTBS",-0.0174637132490378,-0.039423454853987,0.00449602835591151,-2.10520149240113,0.0352737724156709,0.443129148975125,-0.0182863829136652,-0.0387528724555257,-0.00524626579769648,7,1455,"study_1_LOD_vs_CN; study_11_LOD_vs_CN; study_2_LOD_vs_CN; study_4_LOD_vs_CN; study_5_LOD_vs_CN; study_6_LOD_vs_CN; study_7_LOD_vs_CN",5,"study_1; study_11; study_4; study_6; study_7",0.0708238406988275
"P4HB",0.0395337090238388,0.0183802203504018,0.0606871976972757,2.1042443951682,0.035357133737214,0.918364901491555,0.0387997932212313,-0.000513943116908247,0.0547914308942904,11,2397,"study_1_LOD_vs_CN; study_11_LOD_vs_CN; study_2_LOD_vs_CN; study_3_Olink_LOD_vs_CN; study_3_Soma_LOD_vs_CN; study_4_LOD_vs_CN; study_5_LOD_vs_CN; study_6_LOD_vs_CN; study_7_LOD_vs_CN; study_8_LOD_vs_CN; study_9_LOD_vs_CN",6,"study_1; study_11; study_4; study_6; study_7; study_8",0.0780043981418949
"CD5L",-0.0739513036808637,-0.143086560755312,-0.00481604660641552,-2.10144869750501,0.0356015969720026,0.633323661949834,-0.0741723369279131,-0.110449786128257,-0.0272489556242599,7,1261,"study_1_LOD_vs_CN; study_11_LOD_vs_CN; study_2_LOD_vs_CN; study_3_Soma_LOD_vs_CN; study_4_LOD_vs_CN; study_5_LOD_vs_CN; study_6_LOD_vs_CN",4,"study_1; study_11; study_4; study_6",0.0828555789294646
"NXPH3",-0.0306985826450984,-0.057007748188727,-0.00438941710146967,-2.10042918129303,0.0356911042619099,0.696206884743806,-0.0291417692477592,-0.0453743524654348,-0.0122492998221624,7,1378,"study_1_LOD_vs_CN; study_11_LOD_vs_CN; study_2_LOD_vs_CN; study_4_LOD_vs_CN; study_5_LOD_vs_CN; study_6_LOD_vs_CN; study_7_LOD_vs_CN",5,"study_1; study_11; study_4; study_6; study_7",0.0714751541078352
"SEMA6C",-0.0186017581534143,-0.0475111818486197,0.0103076655417911,-2.0994949695012,0.0357732908052778,0.763187355406642,-0.0198498905223672,-0.0533889302735301,0.0135995003347245,7,1245,"study_1_LOD_vs_CN; study_11_LOD_vs_CN; study_2_LOD_vs_CN; study_3_Soma_LOD_vs_CN; study_5_LOD_vs_CN; study_6_LOD_vs_CN; study_7_LOD_vs_CN",4,"study_1; study_11; study_6; study_7",0.0828555789294646
"IGKV1-16",-0.0674914975349587,-0.131190290848972,-0.00379270422094537,-2.09869537531499,0.0358437626171605,0,-0.0697447653021796,-0.107547777851719,-0.03161924225519,3,982,"study_1_LOD_vs_CN; study_11_LOD_vs_CN; study_7_LOD_vs_CN",3,"study_1; study_11; study_7",0.128343795177575
"DPP6",0.0284439861715707,0.00433960960084278,0.0525483627422986,2.09813537635681,0.0358931882943527,0.834639284133674,0.0282411864794299,0.012615328163101,0.0478765750296936,11,2575,"study_1_LOD_vs_CN; study_10_LOD_vs_CN; study_11_LOD_vs_CN; study_2_LOD_vs_CN; study_3_Olink_LOD_vs_CN; study_4_LOD_vs_CN; study_5_LOD_vs_CN; study_6_LOD_vs_CN; study_7_LOD_vs_CN; study_8_LOD_vs_CN; study_9_LOD_vs_CN",6,"study_1; study_11; study_4; study_6; study_7; study_8",0.0783790030101172
"MSR1",0.0888870696094402,0.00820290640395137,0.169571232814929,2.09788190574815,0.0359155787862902,0.482542727220637,NA,NA,NA,5,976,"study_2_LOD_vs_CN; study_3_Olink_LOD_vs_CN; study_3_Soma_LOD_vs_CN; study_8_LOD_vs_CN; study_9_LOD_vs_CN",2,"study_2; study_8",0.140218561549498
"GALK1",0.0972315139992309,0.00958727936008562,0.184875748638376,2.09729440728403,0.0359675216474624,0.505657206154043,NA,NA,NA,3,928,"study_3_Soma_LOD_vs_CN; study_8_LOD_vs_CN; study_9_LOD_vs_CN",2,"study_3_Soma; study_8",0.140218561549498
"BMP7",0.0380697064991667,0.00276155493610427,0.073377858062229,2.09724416067993,0.0359719671031799,0.692936522160589,0.0340564375393177,-0.00301468576026791,0.0512633590691364,7,1229,"study_1_LOD_vs_CN; study_11_LOD_vs_CN; study_2_LOD_vs_CN; study_3_Soma_LOD_vs_CN; study_5_LOD_vs_CN; study_6_LOD_vs_CN; study_7_LOD_vs_CN",4,"study_1; study_11; study_6; study_7",0.0828555789294646
"IGFBPL1",0.0513927156670722,0.0166110427300317,0.0861743886041127,2.09544913267382,0.0361310857888761,0.880246640000495,0.0497053602948926,-0.000265341135912577,0.0887022343027376,9,2083,"study_1_LOD_vs_CN; study_11_LOD_vs_CN; study_2_LOD_vs_CN; study_3_Olink_LOD_vs_CN; study_3_Soma_LOD_vs_CN; study_5_LOD_vs_CN; study_6_LOD_vs_CN; study_8_LOD_vs_CN; study_9_LOD_vs_CN",4,"study_1; study_11; study_6; study_8",0.0828555789294646
"PDGFA",0.0263413668993173,-0.00248385903366208,0.0551665928322967,2.09541763318468,0.0361338833819866,0,0.0264450051502295,0.0134650540749724,0.041692365608351,10,2257,"study_1_LOD_vs_CN; study_11_LOD_vs_CN; study_2_LOD_vs_CN; study_3_Olink_LOD_vs_CN; study_3_Soma_LOD_vs_CN; study_5_LOD_vs_CN; study_6_LOD_vs_CN; study_7_LOD_vs_CN; study_8_LOD_vs_CN; study_9_LOD_vs_CN",5,"study_1; study_11; study_6; study_7; study_8",0.0721739125214226
"ENPP6",-0.027253697706232,-0.0494386525340503,-0.00506874287841358,-2.09369278998703,0.0362873556253167,0.85968923917741,-0.0287543790523675,-0.063430260184802,-0.00586416999137329,8,1439,"study_1_LOD_vs_CN; study_11_LOD_vs_CN; study_2_LOD_vs_CN; study_3_Soma_LOD_vs_CN; study_4_LOD_vs_CN; study_5_LOD_vs_CN; study_6_LOD_vs_CN; study_7_LOD_vs_CN",5,"study_1; study_11; study_4; study_6; study_7",0.0722926851706439
"GPR37L1",-0.0454299830258662,-0.0777769270090118,-0.0130830390427207,-2.0919587754244,0.0364422035877515,0.767062606216999,-0.0445195194383852,-0.0660879766179916,-0.0153579330371822,8,1698,"study_1_LOD_vs_CN; study_10_LOD_vs_CN; study_11_LOD_vs_CN; study_2_LOD_vs_CN; study_4_LOD_vs_CN; study_5_LOD_vs_CN; study_6_LOD_vs_CN; study_7_LOD_vs_CN",5,"study_1; study_11; study_4; study_6; study_7",0.0724135776717853
"GLA",-0.0301749585412808,-0.0588598232013033,-0.0014900938812583,-2.09115126633668,0.0365145063146963,0,-0.0314572554563878,-0.0406829303367673,-0.0265992912502971,6,1168,"study_1_LOD_vs_CN; study_11_LOD_vs_CN; study_2_LOD_vs_CN; study_3_Soma_LOD_vs_CN; study_5_LOD_vs_CN; study_6_LOD_vs_CN",3,"study_1; study_11; study_6",0.129907378234977
"CD55",-0.0244770251533695,-0.0513585754310478,0.0024045251243088,-2.08883594429742,0.0367224935753991,0.72228211455973,-0.0238042152870513,-0.0321145922294948,-0.0107622423160408,9,1690,"study_1_LOD_vs_CN; study_10_LOD_vs_CN; study_11_LOD_vs_CN; study_2_LOD_vs_CN; study_3_Soma_LOD_vs_CN; study_4_LOD_vs_CN; study_5_LOD_vs_CN; study_6_LOD_vs_CN; study_7_LOD_vs_CN",5,"study_1; study_11; study_4; study_6; study_7",0.072602219385475
"HABP2",-0.0330879821875629,-0.076139193292678,0.00996322891755214,-2.08879744921489,0.0367259601312741,0.677119654579652,-0.0316297327290622,-0.0517518923634747,0.00439260576086894,9,1695,"study_1_LOD_vs_CN; study_10_LOD_vs_CN; study_11_LOD_vs_CN; study_2_LOD_vs_CN; study_3_Soma_LOD_vs_CN; study_4_LOD_vs_CN; study_5_LOD_vs_CN; study_6_LOD_vs_CN; study_7_LOD_vs_CN",5,"study_1; study_11; study_4; study_6; study_7",0.072602219385475
"SEZ6L2",-0.0218967522760387,-0.0435435246310169,-0.000249979921060531,-2.08237361327614,0.0373083567081172,0.701124858794969,-0.0217389774054889,-0.0342722159298246,-0.0118000013874478,10,2231,"study_10_LOD_vs_CN; study_11_LOD_vs_CN; study_2_LOD_vs_CN; study_3_Olink_LOD_vs_CN; study_4_LOD_vs_CN; study_5_LOD_vs_CN; study_6_LOD_vs_CN; study_7_LOD_vs_CN; study_8_LOD_vs_CN; study_9_LOD_vs_CN",6,"study_11; study_2; study_4; study_6; study_7; study_8",0.0806463468236068
"TMEM132B",-0.0370848272576338,-0.0664106286576986,-0.00775902585756911,-2.08169427432092,0.0373704039611594,0.880285368556031,-0.0373350018022235,-0.0856919850550341,-0.00472369436901801,7,1282,"study_1_LOD_vs_CN; study_11_LOD_vs_CN; study_2_LOD_vs_CN; study_3_Soma_LOD_vs_CN; study_5_LOD_vs_CN; study_6_LOD_vs_CN; study_7_LOD_vs_CN",4,"study_1; study_11; study_6; study_7",0.0852512340363948
"GRM1",-0.0284494663091425,-0.0764574753786885,0.0195585427604036,-2.07607660695738,0.037886866354025,0.765816987352117,NA,NA,NA,2,672,"study_1_LOD_vs_CN; study_11_LOD_vs_CN",2,"study_1; study_11",0.146045315826449
"JPT1",0.0579956932347422,-0.00381549378994312,0.119806880259428,2.07513130058461,0.0379743675063773,0.707930424272996,NA,NA,NA,3,566,"study_11_LOD_vs_CN; study_2_LOD_vs_CN; study_3_Soma_LOD_vs_CN",2,"study_11; study_2",0.146045315826449
"FAT2",-0.0404211184806917,-0.0708804034558339,-0.00996183350554946,-2.07480822637101,0.0380043118654605,0.710655078032251,-0.0411108496606931,-0.0522497416772639,-0.0240753664282812,8,1688,"study_1_LOD_vs_CN; study_10_LOD_vs_CN; study_11_LOD_vs_CN; study_2_LOD_vs_CN; study_4_LOD_vs_CN; study_5_LOD_vs_CN; study_6_LOD_vs_CN; study_7_LOD_vs_CN",5,"study_1; study_11; study_4; study_6; study_7",0.074936707242408
"GZMB",0.0769260040557537,0.00464279889038431,0.149209209221123,2.07450285018178,0.0380326343298044,0.82746321855414,NA,NA,NA,3,929,"study_3_Olink_LOD_vs_CN; study_8_LOD_vs_CN; study_9_LOD_vs_CN",2,"study_3_Olink; study_8",0.146045315826449
"SUGT1",0.0679934987513373,-0.0124770907577127,0.148464088260387,2.07381240583643,0.0380967365595749,0,0.0733517857317646,0.0638163348283222,0.0873003610936927,5,575,"study_11_LOD_vs_CN; study_2_LOD_vs_CN; study_3_Soma_LOD_vs_CN; study_5_LOD_vs_CN; study_6_LOD_vs_CN",3,"study_11; study_2; study_6",0.134673177009962
"KCTD12",-0.0349893885546394,-0.0705723114717969,0.000593534362518071,-2.07006064586898,0.0384466656126892,0,-0.0348464966054876,-0.0432618474942814,-0.0278443413603705,5,1101,"study_1_LOD_vs_CN; study_11_LOD_vs_CN; study_2_LOD_vs_CN; study_5_LOD_vs_CN; study_6_LOD_vs_CN",3,"study_1; study_11; study_6",0.135049996297737
"OLFML3",0.0166195671520151,-0.000262784053421842,0.0335019183574521,2.06947265738568,0.0385017545576467,0.163519199013339,0.0160905921742461,0.00792996656310089,0.0226709581962944,8,1482,"study_1_LOD_vs_CN; study_11_LOD_vs_CN; study_2_LOD_vs_CN; study_3_Soma_LOD_vs_CN; study_4_LOD_vs_CN; study_5_LOD_vs_CN; study_6_LOD_vs_CN; study_7_LOD_vs_CN",5,"study_1; study_11; study_4; study_6; study_7",0.0757233996287221
"CAB39L",0.237434923082678,-0.0650293613213479,0.539899207486704,2.06939699647331,0.038508848137115,0.786955598833358,NA,NA,NA,2,114,"study_3_Soma_LOD_vs_CN; study_6_LOD_vs_CN",2,"study_3_Soma; study_6",0.146702621957896
"IL27",0.083990687059386,0.00416717103397207,0.1638142030848,2.06857649111912,0.0385858458795508,0.762751849679078,NA,NA,NA,3,928,"study_3_Olink_LOD_vs_CN; study_8_LOD_vs_CN; study_9_LOD_vs_CN",2,"study_3_Olink; study_8",0.146702621957896
"LRP11",-0.00860648500548198,-0.0413234590486389,0.0241104890376749,-2.06848449578623,0.0385944870435309,0.799897830277126,-0.0084646793184938,-0.0258812451503184,0.0104706174524411,11,2367,"study_1_LOD_vs_CN; study_11_LOD_vs_CN; study_2_LOD_vs_CN; study_3_Olink_LOD_vs_CN; study_3_Soma_LOD_vs_CN; study_4_LOD_vs_CN; study_5_LOD_vs_CN; study_6_LOD_vs_CN; study_7_LOD_vs_CN; study_8_LOD_vs_CN; study_9_LOD_vs_CN",6,"study_1; study_11; study_4; study_6; study_7; study_8",0.0825922022731561
"ANGPTL1",0.0381278484674148,0.00632976879457675,0.0699259281402528,2.06821551256832,0.0386197621955129,0.66443035397465,0.0385328323950436,0.0226013401314859,0.0582473851425116,10,2141,"study_1_LOD_vs_CN; study_11_LOD_vs_CN; study_2_LOD_vs_CN; study_3_Olink_LOD_vs_CN; study_3_Soma_LOD_vs_CN; study_5_LOD_vs_CN; study_6_LOD_vs_CN; study_7_LOD_vs_CN; study_8_LOD_vs_CN; study_9_LOD_vs_CN",5,"study_1; study_11; study_6; study_7; study_8",0.0757617273682384
"YIPF3",-0.0242312504107887,-0.0474210039390295,-0.00104149688254787,-2.06723527554413,0.0387119897581344,0.628734130431297,-0.0220127766319545,-0.0401859051259302,0.0017829072713631,5,1149,"study_1_LOD_vs_CN; study_11_LOD_vs_CN; study_2_LOD_vs_CN; study_5_LOD_vs_CN; study_6_LOD_vs_CN",3,"study_1; study_11; study_6",0.135126756702922
"DISP2",-0.0994729641310414,-0.212432320423529,0.0134863921614462,-2.06477596054343,0.0389442034420858,0.119037983686268,NA,NA,NA,3,314,"study_1_LOD_vs_CN; study_2_LOD_vs_CN; study_6_LOD_vs_CN",2,"study_1; study_6",0.147027426222495
"MAP1LC3A",0.143751453944266,0.0560415881665087,0.231461319722023,2.06361578146735,0.0390541600903501,0.949691006570717,NA,NA,NA,2,122,"study_3_Soma_LOD_vs_CN; study_7_LOD_vs_CN",2,"study_3_Soma; study_7",0.147027426222495
"POFUT4",-0.0201713530513949,-0.0413758555975707,0.0010331494947808,-2.06289375862027,0.0391227232512653,0.0183545818749806,-0.0201688242275646,-0.0264673053092024,-0.0112212102777352,7,1267,"study_1_LOD_vs_CN; study_11_LOD_vs_CN; study_2_LOD_vs_CN; study_3_Soma_LOD_vs_CN; study_5_LOD_vs_CN; study_6_LOD_vs_CN; study_7_LOD_vs_CN",4,"study_1; study_11; study_6; study_7",0.0885449545910374
"PAFAH1B2",0.134769446052458,0.0213259996777211,0.248212892427194,2.06188651656639,0.0392185415311901,0.637759452803467,0.114880402802589,0.00385585491914268,0.157560126257821,5,585,"study_11_LOD_vs_CN; study_2_LOD_vs_CN; study_3_Soma_LOD_vs_CN; study_6_LOD_vs_CN; study_7_LOD_vs_CN",4,"study_11; study_2; study_6; study_7",0.0885449545910374
"GLG1",-0.0155323499809715,-0.0300753322382984,-0.000989367723644658,-2.06122053554285,0.0392820052518205,0,-0.0153464309260629,-0.0202509447700285,-0.00948026050610615,7,1417,"study_1_LOD_vs_CN; study_11_LOD_vs_CN; study_2_LOD_vs_CN; study_4_LOD_vs_CN; study_5_LOD_vs_CN; study_6_LOD_vs_CN; study_7_LOD_vs_CN",5,"study_1; study_11; study_4; study_6; study_7",0.0768647889024172
"RNASET2",0.0290255308113786,0.00647150018189511,0.051579561440862,2.05673968593891,0.0397112725340115,0.750716189835717,0.0293538596827957,0.0150323061571262,0.0551044983971233,9,1731,"study_1_LOD_vs_CN; study_10_LOD_vs_CN; study_11_LOD_vs_CN; study_2_LOD_vs_CN; study_3_Soma_LOD_vs_CN; study_4_LOD_vs_CN; study_5_LOD_vs_CN; study_6_LOD_vs_CN; study_7_LOD_vs_CN",5,"study_1; study_11; study_4; study_6; study_7",0.0774675617965291
"PENK",-0.0322464649586506,-0.0572252834752853,-0.00726764644201577,-2.05590648996691,0.0397915304416502,0.890878293093031,-0.0340101826484424,-0.068426102878693,-0.00938948600542296,9,1732,"study_1_LOD_vs_CN; study_10_LOD_vs_CN; study_11_LOD_vs_CN; study_2_LOD_vs_CN; study_3_Soma_LOD_vs_CN; study_4_LOD_vs_CN; study_5_LOD_vs_CN; study_6_LOD_vs_CN; study_7_LOD_vs_CN",5,"study_1; study_11; study_4; study_6; study_7",0.0774675617965291
"PRELP",0.0247343206200619,0.00241041964646584,0.0470582215936581,2.0549957099758,0.0398794190775663,0.630251973749057,0.0241319258494757,0.00884572324606468,0.033534358574577,11,2596,"study_1_LOD_vs_CN; study_10_LOD_vs_CN; study_11_LOD_vs_CN; study_2_LOD_vs_CN; study_3_Olink_LOD_vs_CN; study_4_LOD_vs_CN; study_5_LOD_vs_CN; study_6_LOD_vs_CN; study_7_LOD_vs_CN; study_8_LOD_vs_CN; study_9_LOD_vs_CN",6,"study_1; study_11; study_4; study_6; study_7; study_8",0.0839136933406046
"XG",0.137100352535027,0.0128726754847289,0.261328029585325,2.05486829536485,0.0398917274818477,0.900996841749511,NA,NA,NA,4,956,"study_3_Olink_LOD_vs_CN; study_3_Soma_LOD_vs_CN; study_8_LOD_vs_CN; study_9_LOD_vs_CN",2,"study_3_Soma; study_8",0.149022157529009
"LGALS8",0.0796464327878559,-0.000973747587080465,0.160266613162792,2.05403722342145,0.0399720891288747,0,NA,NA,NA,4,949,"study_2_LOD_vs_CN; study_3_Olink_LOD_vs_CN; study_8_LOD_vs_CN; study_9_LOD_vs_CN",2,"study_2; study_8",0.149022157529009
"VWF",0.0602160460871287,0.0311890951362557,0.0892429970380016,2.05378767493725,0.0399962463586059,0.941174166537535,0.0602644659092104,0.011741748298005,0.0887359377547634,11,2397,"study_1_LOD_vs_CN; study_11_LOD_vs_CN; study_2_LOD_vs_CN; study_3_Olink_LOD_vs_CN; study_3_Soma_LOD_vs_CN; study_4_LOD_vs_CN; study_5_LOD_vs_CN; study_6_LOD_vs_CN; study_7_LOD_vs_CN; study_8_LOD_vs_CN; study_9_LOD_vs_CN",6,"study_1; study_11; study_4; study_6; study_7; study_8",0.0839136933406046
"AP2A1",0.0473035425315395,-0.000531236071682283,0.0951383211347613,2.05029920318058,0.0403352423100924,0,0.0472494307078237,0.0389490914068404,0.0587972264781738,5,1075,"study_1_LOD_vs_CN; study_11_LOD_vs_CN; study_2_LOD_vs_CN; study_5_LOD_vs_CN; study_6_LOD_vs_CN",3,"study_1; study_11; study_6",0.139912871763133
"COL4A2",0.0196134710149572,0.00205862700068283,0.0371683150292315,2.04718124046471,0.0406402926421355,0.120619945240289,0.0198479566398234,0.0147376633497924,0.0314488217563279,7,1415,"study_1_LOD_vs_CN; study_11_LOD_vs_CN; study_2_LOD_vs_CN; study_4_LOD_vs_CN; study_5_LOD_vs_CN; study_6_LOD_vs_CN; study_7_LOD_vs_CN",5,"study_1; study_11; study_4; study_6; study_7",0.0789201642469753
"ACE",-0.014588931320177,-0.0343469327111723,0.0051690700708184,-2.04464288418315,0.0408900783636869,0.717872491622422,-0.0127954533428712,-0.0255375265174338,0.00443667715563727,8,1351,"study_1_LOD_vs_CN; study_11_LOD_vs_CN; study_2_LOD_vs_CN; study_3_Soma_LOD_vs_CN; study_4_LOD_vs_CN; study_5_LOD_vs_CN; study_6_LOD_vs_CN; study_7_LOD_vs_CN",5,"study_1; study_11; study_4; study_6; study_7",0.079205214764925
"F5",-0.0481034574429416,-0.084005353887333,-0.0122015609985502,-2.0430994251201,0.0410425968233627,0.790225069282285,-0.0532834877946681,-0.0939819430798084,-0.0245740579054183,8,1546,"study_1_LOD_vs_CN; study_10_LOD_vs_CN; study_11_LOD_vs_CN; study_2_LOD_vs_CN; study_3_Soma_LOD_vs_CN; study_4_LOD_vs_CN; study_5_LOD_vs_CN; study_6_LOD_vs_CN",4,"study_1; study_11; study_4; study_6",0.0921879867109377
"EFNA1",0.0258741369847975,0.00291752725128915,0.0488307467183058,2.04284267313356,0.0410680147294139,0.700043274638592,0.027199790257303,0.0127557521581094,0.0380296130716248,8,1474,"study_1_LOD_vs_CN; study_11_LOD_vs_CN; study_2_LOD_vs_CN; study_3_Soma_LOD_vs_CN; study_4_LOD_vs_CN; study_5_LOD_vs_CN; study_6_LOD_vs_CN; study_7_LOD_vs_CN",5,"study_1; study_11; study_4; study_6; study_7",0.0793500083590936
"UBQLN2",0.0316717111931505,-0.000588178183028844,0.0639316005693298,2.04180091065995,0.0411712838997644,0,0.031009765163288,0.0273793160394204,0.0354631784175922,6,1097,"study_1_LOD_vs_CN; study_11_LOD_vs_CN; study_2_LOD_vs_CN; study_3_Soma_LOD_vs_CN; study_5_LOD_vs_CN; study_6_LOD_vs_CN",3,"study_1; study_11; study_6",0.141505123080259
"IGKV3-20",-0.045668299294682,-0.099249058602563,0.00791246001319904,-2.04101128551555,0.0412497053612302,0,-0.0474811867857581,-0.0798646763435924,-0.0364521264737746,8,1701,"study_1_LOD_vs_CN; study_10_LOD_vs_CN; study_11_LOD_vs_CN; study_2_LOD_vs_CN; study_4_LOD_vs_CN; study_5_LOD_vs_CN; study_6_LOD_vs_CN; study_7_LOD_vs_CN",5,"study_1; study_11; study_4; study_6; study_7",0.0795013118365565
"CHST11",-0.050135728155638,-0.0975449171594295,-0.00272653915184658,-2.04046334707029,0.0413041980882918,0,-0.0491244563412599,-0.069891740510843,-0.0301991591803795,6,930,"study_1_LOD_vs_CN; study_11_LOD_vs_CN; study_2_LOD_vs_CN; study_3_Soma_LOD_vs_CN; study_5_LOD_vs_CN; study_6_LOD_vs_CN",3,"study_1; study_11; study_6",0.141505123080259
"NTRK3",-0.0140921997154544,-0.0410515632104272,0.0128671637795184,-2.03681831253413,0.0416682524847904,0.744187630974558,-0.0143229146967868,-0.0317219503323793,0.0022011526248288,11,2410,"study_1_LOD_vs_CN; study_11_LOD_vs_CN; study_2_LOD_vs_CN; study_3_Olink_LOD_vs_CN; study_3_Soma_LOD_vs_CN; study_4_LOD_vs_CN; study_5_LOD_vs_CN; study_6_LOD_vs_CN; study_7_LOD_vs_CN; study_8_LOD_vs_CN; study_9_LOD_vs_CN",6,"study_1; study_11; study_4; study_6; study_7; study_8",0.0865728740946131
"GAL3ST4",0.0347989432848273,0.000183585161413653,0.0694143014082409,2.03378692198345,0.0419730836904975,0.670859348771031,0.033597236789971,0.00809825382861326,0.060540441183575,5,1138,"study_1_LOD_vs_CN; study_11_LOD_vs_CN; study_2_LOD_vs_CN; study_5_LOD_vs_CN; study_6_LOD_vs_CN",3,"study_1; study_11; study_6",0.14291448741243
"PCDHGC4",-0.0464963847149727,-0.0915571442595975,-0.00143562517034784,-2.03375937370754,0.0419758625261009,0,NA,NA,NA,2,582,"study_11_LOD_vs_CN; study_6_LOD_vs_CN",2,"study_11; study_6",0.155736533430171
"CD5",0.0921474594623864,0.0101470597133457,0.174147859211427,2.03114946774372,0.042239834653691,0.831027970630799,NA,NA,NA,4,956,"study_3_Olink_LOD_vs_CN; study_3_Soma_LOD_vs_CN; study_8_LOD_vs_CN; study_9_LOD_vs_CN",2,"study_3_Soma; study_8",0.155962466413628
"SCUBE1",0.0225613588853777,-0.000286405032547926,0.0454091228033033,2.02766791712698,0.0425941521718024,0,0.0218557232897895,0.0160648437148271,0.0249890805501623,7,1252,"study_1_LOD_vs_CN; study_11_LOD_vs_CN; study_2_LOD_vs_CN; study_3_Soma_LOD_vs_CN; study_4_LOD_vs_CN; study_5_LOD_vs_CN; study_6_LOD_vs_CN",4,"study_1; study_11; study_4; study_6",0.0951848910778033
"CRTAM",-0.0544034247705813,-0.113176165765358,0.0043693162241956,-2.02612137931441,0.0427523477401345,0.662875628482701,NA,NA,NA,4,956,"study_3_Olink_LOD_vs_CN; study_3_Soma_LOD_vs_CN; study_8_LOD_vs_CN; study_9_LOD_vs_CN",2,"study_3_Soma; study_8",0.156658928973707
"REG4",-0.119137405903768,-0.244659559827957,0.00638474802042061,-2.02530138999966,0.0428364258912479,0.627843487183058,NA,NA,NA,4,956,"study_3_Olink_LOD_vs_CN; study_3_Soma_LOD_vs_CN; study_8_LOD_vs_CN; study_9_LOD_vs_CN",2,"study_3_Soma; study_8",0.156658928973707
"PTPRC",0.0314712275755312,0.000992733672568077,0.0619497214784944,2.02435904844721,0.0429332221016513,0.726753102012486,0.0339834649100599,0.0186919913758527,0.0446073077083552,5,1118,"study_1_LOD_vs_CN; study_11_LOD_vs_CN; study_2_LOD_vs_CN; study_5_LOD_vs_CN; study_6_LOD_vs_CN",3,"study_1; study_11; study_6",0.144444012930451
"GBE1",0.161576225775372,0.0561983455387821,0.266954106011961,2.02426575976355,0.0429428146549991,0.870391069420727,0.188189874862194,0.0694804225230634,0.252062157352225,3,705,"study_1_LOD_vs_CN; study_11_LOD_vs_CN; study_6_LOD_vs_CN",3,"study_1; study_11; study_6",0.144444012930451
"DIPK1C",-0.0271226405969907,-0.0501353174570759,-0.00410996373690538,-2.02243141371547,0.043131802490262,0.587188107878011,-0.026604988363524,-0.033353559486096,-0.0213896749113522,9,1627,"study_1_LOD_vs_CN; study_10_LOD_vs_CN; study_11_LOD_vs_CN; study_2_LOD_vs_CN; study_3_Soma_LOD_vs_CN; study_4_LOD_vs_CN; study_5_LOD_vs_CN; study_6_LOD_vs_CN; study_7_LOD_vs_CN",5,"study_1; study_11; study_4; study_6; study_7",0.0829208902875286
"VCP",-0.0960518552817689,-0.212030537119605,0.0199268265560672,-2.02169183836476,0.0432081975689552,0.723162963188781,NA,NA,NA,3,715,"study_1_LOD_vs_CN; study_11_LOD_vs_CN; study_2_LOD_vs_CN",2,"study_1; study_11",0.157269648023496
"COL5A2",-0.0255533577829686,-0.0503736166012124,-0.000733098964724819,-2.02024573299434,0.0433579046766808,0.00176749219074794,-0.0268304388841216,-0.0464311469938708,-0.0123622996178624,6,1174,"study_1_LOD_vs_CN; study_11_LOD_vs_CN; study_2_LOD_vs_CN; study_5_LOD_vs_CN; study_6_LOD_vs_CN; study_7_LOD_vs_CN",4,"study_1; study_11; study_6; study_7",0.0963998083674427
"PCSK1N",-0.0301130869120792,-0.0538194532093465,-0.00640672061481189,-2.01966954620614,0.0434176760088166,0.718964375136608,-0.0294887604754214,-0.0424834924069405,-0.010692905537549,9,1732,"study_1_LOD_vs_CN; study_10_LOD_vs_CN; study_11_LOD_vs_CN; study_2_LOD_vs_CN; study_3_Soma_LOD_vs_CN; study_4_LOD_vs_CN; study_5_LOD_vs_CN; study_6_LOD_vs_CN; study_7_LOD_vs_CN",5,"study_1; study_11; study_4; study_6; study_7",0.083262326311172
"ALDH1A1",-0.035508898536509,-0.0770271519969163,0.00600935492389831,-2.0163035765478,0.0437682411625927,0.734853241297303,-0.0382815018179179,-0.0952960030716155,-0.00333805519369835,9,1395,"study_1_LOD_vs_CN; study_11_LOD_vs_CN; study_2_LOD_vs_CN; study_3_Olink_LOD_vs_CN; study_3_Soma_LOD_vs_CN; study_4_LOD_vs_CN; study_5_LOD_vs_CN; study_6_LOD_vs_CN; study_7_LOD_vs_CN",5,"study_1; study_11; study_4; study_6; study_7",0.0837258145622732
"BAMBI",-0.0197128516233904,-0.0506045498022899,0.0111788465555091,-2.01592792806117,0.0438075127437747,0.668441405237313,-0.0198176655115413,-0.0446146173885402,0.00577813876286347,9,2074,"study_1_LOD_vs_CN; study_11_LOD_vs_CN; study_2_LOD_vs_CN; study_3_Olink_LOD_vs_CN; study_3_Soma_LOD_vs_CN; study_5_LOD_vs_CN; study_6_LOD_vs_CN; study_8_LOD_vs_CN; study_9_LOD_vs_CN",4,"study_1; study_11; study_6; study_8",0.0969075281907742
"SBSN",-0.0876024488519251,-0.153511516432121,-0.0216933812717289,-2.01358450016895,0.0440531751089317,0.850659331277657,-0.0919228028028787,-0.187919020584001,-0.00262667533311491,6,1198,"study_1_LOD_vs_CN; study_11_LOD_vs_CN; study_2_LOD_vs_CN; study_5_LOD_vs_CN; study_6_LOD_vs_CN; study_7_LOD_vs_CN",4,"study_1; study_11; study_6; study_7",0.0969612597874979
"ITGB5",0.0726166822080117,0.00273756803957725,0.142495796376446,2.00852156420219,0.0445878968889768,0,NA,NA,NA,3,929,"study_3_Olink_LOD_vs_CN; study_8_LOD_vs_CN; study_9_LOD_vs_CN",2,"study_3_Olink; study_8",0.161525966088369
"C1GALT1C1",-0.0247052025651914,-0.056528855967503,0.00711845083712028,-2.00708871681657,0.0447402174246463,0.426803891742981,-0.0253102853343888,-0.0351139155290773,-0.0167866692831079,7,1271,"study_1_LOD_vs_CN; study_11_LOD_vs_CN; study_2_LOD_vs_CN; study_3_Soma_LOD_vs_CN; study_5_LOD_vs_CN; study_6_LOD_vs_CN; study_7_LOD_vs_CN",4,"study_1; study_11; study_6; study_7",0.0979810761599753
"MFAP5",0.0430184939346394,-0.0106237587966482,0.0966607466659271,2.00695261363337,0.044754708833377,0,0.0441294767802337,0.0345978190428742,0.0681570291633468,7,1728,"study_11_LOD_vs_CN; study_3_Olink_LOD_vs_CN; study_4_LOD_vs_CN; study_5_LOD_vs_CN; study_6_LOD_vs_CN; study_8_LOD_vs_CN; study_9_LOD_vs_CN",5,"study_11; study_4; study_5; study_6; study_8",0.0854004245480568
"MTURN",0.126864767504643,-0.0393451684622126,0.293074703471499,2.00621520565608,0.0448332922369419,0.754662573965786,NA,NA,NA,2,340,"study_11_LOD_vs_CN; study_2_LOD_vs_CN",2,"study_11; study_2",0.161652433981086
"ADAMTS4",-0.0197632148630967,-0.037785564586599,-0.00174086513959435,-2.00491463037184,0.0449721743564299,0,-0.0197198139820552,-0.0241160625779844,-0.0166425877475325,8,1577,"study_1_LOD_vs_CN; study_10_LOD_vs_CN; study_11_LOD_vs_CN; study_2_LOD_vs_CN; study_4_LOD_vs_CN; study_5_LOD_vs_CN; study_6_LOD_vs_CN; study_7_LOD_vs_CN",5,"study_1; study_11; study_4; study_6; study_7",0.0856029754457786
"IGHV3-73",-0.0482822190716609,-0.0964015764359935,-0.000162861707328377,-2.00412253869395,0.0450569356070736,0.645815751496809,-0.0527365653568503,-0.104040096125186,-0.0111926676158978,4,1117,"study_1_LOD_vs_CN; study_11_LOD_vs_CN; study_5_LOD_vs_CN; study_7_LOD_vs_CN",3,"study_1; study_11; study_7",0.150642164228469
"MERTK",0.02964702120982,0.00419280141891278,0.0551012410007273,1.99944103960968,0.0455606552667409,0.659660822062161,0.0296031506324447,0.0111949784812425,0.0400412519265125,10,2224,"study_1_LOD_vs_CN; study_11_LOD_vs_CN; study_2_LOD_vs_CN; study_3_Olink_LOD_vs_CN; study_3_Soma_LOD_vs_CN; study_5_LOD_vs_CN; study_6_LOD_vs_CN; study_7_LOD_vs_CN; study_8_LOD_vs_CN; study_9_LOD_vs_CN",5,"study_1; study_11; study_6; study_7; study_8",0.0865089972842561
"KLK14",-0.0916031566781055,-0.18877531787638,0.00556900452016935,-1.99865168236759,0.0456460542798938,0,NA,NA,NA,4,956,"study_3_Olink_LOD_vs_CN; study_3_Soma_LOD_vs_CN; study_8_LOD_vs_CN; study_9_LOD_vs_CN",2,"study_3_Soma; study_8",0.163813877041862
"KRT2",-0.0898705474809302,-0.206758236284608,0.0270171413227478,-1.99513449422271,0.0460282131112668,0,-0.0888857583753817,-0.124061484523921,-0.0561405388630445,7,1439,"study_1_LOD_vs_CN; study_10_LOD_vs_CN; study_11_LOD_vs_CN; study_2_LOD_vs_CN; study_4_LOD_vs_CN; study_5_LOD_vs_CN; study_6_LOD_vs_CN",4,"study_1; study_11; study_4; study_6",0.100300285287238
"INAFM1",-0.0414609124829997,-0.0770643065650104,-0.00585751840098907,-1.99333880636654,0.0462243597571851,0.759510826764004,-0.0374398983749085,-0.0811127258677724,0.0118114414166047,5,1082,"study_1_LOD_vs_CN; study_11_LOD_vs_CN; study_2_LOD_vs_CN; study_5_LOD_vs_CN; study_6_LOD_vs_CN",3,"study_1; study_11; study_6",0.153619878234957
"CADM3",-0.0193781283241118,-0.0343566512112826,-0.00439960543694095,-1.99277625761454,0.0462859527015333,0.570777321725463,-0.0195557089596172,-0.0276065495862722,-0.011507398561123,12,2656,"study_1_LOD_vs_CN; study_10_LOD_vs_CN; study_11_LOD_vs_CN; study_2_LOD_vs_CN; study_3_Olink_LOD_vs_CN; study_3_Soma_LOD_vs_CN; study_4_LOD_vs_CN; study_5_LOD_vs_CN; study_6_LOD_vs_CN; study_7_LOD_vs_CN; study_8_LOD_vs_CN; study_9_LOD_vs_CN",6,"study_1; study_11; study_4; study_6; study_7; study_8",0.0952422488281549
"QSOX1",-0.0124607825051604,-0.0261282028921117,0.00120663788179082,-1.99174795388922,0.0463987193340395,0,-0.0122411330501347,-0.0142109965077623,-0.00637891526767986,9,1723,"study_1_LOD_vs_CN; study_10_LOD_vs_CN; study_11_LOD_vs_CN; study_2_LOD_vs_CN; study_3_Soma_LOD_vs_CN; study_4_LOD_vs_CN; study_5_LOD_vs_CN; study_6_LOD_vs_CN; study_7_LOD_vs_CN",5,"study_1; study_11; study_4; study_6; study_7",0.0878832885908286
"SGCE",-0.0127674355451517,-0.0281572380161058,0.00262236692580237,-1.98779991925898,0.0468338226809594,0.759479521811235,-0.0119533096473477,-0.0226209139979857,-0.000357875826623072,7,1447,"study_1_LOD_vs_CN; study_11_LOD_vs_CN; study_2_LOD_vs_CN; study_4_LOD_vs_CN; study_5_LOD_vs_CN; study_6_LOD_vs_CN; study_7_LOD_vs_CN",5,"study_1; study_11; study_4; study_6; study_7",0.0884894585790118
"MXRA8",-0.0133516034159152,-0.0292944267751453,0.00259121994331496,-1.98584239778026,0.0470508263714602,0.833138076880283,-0.0123435295908196,-0.0246979288575658,0.00319704356468851,7,1361,"study_1_LOD_vs_CN; study_11_LOD_vs_CN; study_2_LOD_vs_CN; study_3_Soma_LOD_vs_CN; study_5_LOD_vs_CN; study_6_LOD_vs_CN; study_7_LOD_vs_CN",4,"study_1; study_11; study_6; study_7",0.102021098765839
"CA14",-0.0249755034316954,-0.0491543364060646,-0.000796670457326211,-1.98519536398471,0.0471227399149678,0,-0.0243282991594163,-0.0321581923673023,-0.0157787571402733,6,1151,"study_1_LOD_vs_CN; study_11_LOD_vs_CN; study_2_LOD_vs_CN; study_3_Olink_LOD_vs_CN; study_5_LOD_vs_CN; study_6_LOD_vs_CN",3,"study_1; study_11; study_6",0.15567333721909
"GALNT4",0.0504446279354961,-0.00611684045759585,0.107006096328588,1.97722208986652,0.0480165317297475,0,0.0533780898836438,0.0400009964639931,0.0755356387884338,5,909,"study_1_LOD_vs_CN; study_11_LOD_vs_CN; study_2_LOD_vs_CN; study_3_Soma_LOD_vs_CN; study_6_LOD_vs_CN",3,"study_1; study_11; study_6",0.157313474670509
"IGHV3-7",-0.0400360315846107,-0.0968274744275457,0.0167554112583243,-1.97683806537395,0.0480599374412817,0.72863423143677,-0.0401128426746596,-0.0729984759954879,-0.0129918227722458,6,1425,"study_1_LOD_vs_CN; study_11_LOD_vs_CN; study_4_LOD_vs_CN; study_5_LOD_vs_CN; study_6_LOD_vs_CN; study_7_LOD_vs_CN",5,"study_1; study_11; study_4; study_6; study_7",0.0904577690559408
"LMAN1",0.0104790818205791,-0.0079694042519522,0.0289275678931103,1.97638818162528,0.0481108290557605,0.423750522541246,0.00972202166176858,0.00350166174967876,0.0231214189401681,8,1571,"study_1_LOD_vs_CN; study_10_LOD_vs_CN; study_11_LOD_vs_CN; study_2_LOD_vs_CN; study_4_LOD_vs_CN; study_5_LOD_vs_CN; study_6_LOD_vs_CN; study_7_LOD_vs_CN",5,"study_1; study_11; study_4; study_6; study_7",0.0904577690559408
"TNFRSF11B",0.0575599901050038,0.0023288332691699,0.112791146940838,1.97572343357721,0.0481861093585344,0.570308802702326,0.0558592219344121,0.00539468937648849,0.106072482021022,7,1477,"study_11_LOD_vs_CN; study_2_LOD_vs_CN; study_3_Olink_LOD_vs_CN; study_3_Soma_LOD_vs_CN; study_5_LOD_vs_CN; study_8_LOD_vs_CN; study_9_LOD_vs_CN",3,"study_11; study_2; study_8",0.157313474670509
"IGLL1",-0.0739907739065909,-0.14748620003325,-0.000495347779931918,-1.97245181022812,0.0485580523328351,0.571919301299776,NA,NA,NA,2,924,"study_1_LOD_vs_CN; study_11_LOD_vs_CN",2,"study_1; study_11",0.173453879961011
"CTDSPL",-0.0696359870325783,-0.138518369087153,-0.000753604978003197,-1.96946259721315,0.0488999936030977,0,NA,NA,NA,3,917,"study_2_LOD_vs_CN; study_8_LOD_vs_CN; study_9_LOD_vs_CN",2,"study_2; study_8",0.173866643922125
"F2R",0.186170410878082,0.0386068518599466,0.333733969896218,1.96769577350982,0.049103052427495,0.840852530389461,0.173298388617641,0.0644611328096093,0.291827144904547,4,1217,"study_11_LOD_vs_CN; study_3_Olink_LOD_vs_CN; study_8_LOD_vs_CN; study_9_LOD_vs_CN",3,"study_11; study_3_Olink; study_8",0.158444308919079
"PYCARD",0.0344696080241597,-0.0388159244711279,0.107755140519447,1.96769222032162,0.0491034615028497,0.537544795640349,0.0367608836093231,-0.00754317379424981,0.0888880729411378,5,726,"study_1_LOD_vs_CN; study_11_LOD_vs_CN; study_2_LOD_vs_CN; study_3_Soma_LOD_vs_CN; study_6_LOD_vs_CN",3,"study_1; study_11; study_6",0.158444308919079
"IGHV1-69",-0.060835631956719,-0.144850715212479,0.0231794512990415,-1.96453568827953,0.0494680017800744,0,-0.0595324866411621,-0.0688421710039767,-0.03982160495732,6,1401,"study_1_LOD_vs_CN; study_11_LOD_vs_CN; study_4_LOD_vs_CN; study_5_LOD_vs_CN; study_6_LOD_vs_CN; study_7_LOD_vs_CN",5,"study_1; study_11; study_4; study_6; study_7",0.0927826667533591
"MTPN",0.133525357042423,0.0109894722208842,0.256061241863961,1.96345780191272,0.0495930031270554,0.724797892866912,NA,NA,NA,2,377,"study_11_LOD_vs_CN; study_2_LOD_vs_CN",2,"study_11; study_2",0.175518094016491
"APP",-0.0347890103442924,-0.0640852788617639,-0.0054927418268209,-1.96180563864016,0.0497851169683003,0.675092413078956,-0.0353846548281814,-0.0638202103466953,-0.0200772390166194,9,1575,"study_1_LOD_vs_CN; study_10_LOD_vs_CN; study_11_LOD_vs_CN; study_2_LOD_vs_CN; study_3_Olink_LOD_vs_CN; study_3_Soma_LOD_vs_CN; study_4_LOD_vs_CN; study_5_LOD_vs_CN; study_6_LOD_vs_CN",4,"study_1; study_11; study_4; study_6",0.107418134148352
"LAMB2",0.0157453831118055,0.00406051959874009,0.0274302466248709,1.96056506771308,0.0499297806790785,0.805083691661301,0.0166543692455691,0.00786736679503652,0.0244468617800576,7,1452,"study_1_LOD_vs_CN; study_11_LOD_vs_CN; study_2_LOD_vs_CN; study_4_LOD_vs_CN; study_5_LOD_vs_CN; study_6_LOD_vs_CN; study_7_LOD_vs_CN",5,"study_1; study_11; study_4; study_6; study_7",0.0934209278399303
"CDH3",-0.0394120007447047,-0.0749042956425208,-0.00391970584688855,-1.95727864809386,0.0503147164498053,0.648089282970257,-0.0397757407651564,-0.0593665208289398,-0.0244480594902164,9,2067,"study_1_LOD_vs_CN; study_11_LOD_vs_CN; study_2_LOD_vs_CN; study_3_Olink_LOD_vs_CN; study_3_Soma_LOD_vs_CN; study_5_LOD_vs_CN; study_6_LOD_vs_CN; study_8_LOD_vs_CN; study_9_LOD_vs_CN",4,"study_1; study_11; study_6; study_8",0.108028655906935
"ADIPOQ",-0.0575534863250179,-0.117625595349895,0.00251862269985939,-1.95551914871123,0.0505218254639726,0,-0.061352364416314,-0.100033782837106,-0.0306684480016579,6,1149,"study_1_LOD_vs_CN; study_11_LOD_vs_CN; study_2_LOD_vs_CN; study_3_Soma_LOD_vs_CN; study_5_LOD_vs_CN; study_6_LOD_vs_CN",3,"study_1; study_11; study_6",0.162078688627195
"CACNA2D2",0.0187873011943137,-0.0314271274102437,0.069001729798871,-1.95003399902982,0.0511720668532288,0.872148514474599,0.0182500701663688,-0.034543110004694,0.0484558124536148,9,2352,"study_1_LOD_vs_CN; study_11_LOD_vs_CN; study_2_LOD_vs_CN; study_4_LOD_vs_CN; study_5_LOD_vs_CN; study_6_LOD_vs_CN; study_7_LOD_vs_CN; study_8_LOD_vs_CN; study_9_LOD_vs_CN",6,"study_1; study_11; study_4; study_6; study_7; study_8",0.103625702326368
"MOG",-0.0189843522345154,-0.0391472398159486,0.00117853534691771,-1.94706456080314,0.0515269950801751,0.84162288003684,-0.0182835438357043,-0.0324999167852988,-0.00762901123870382,11,2627,"study_1_LOD_vs_CN; study_10_LOD_vs_CN; study_11_LOD_vs_CN; study_2_LOD_vs_CN; study_3_Olink_LOD_vs_CN; study_4_LOD_vs_CN; study_5_LOD_vs_CN; study_6_LOD_vs_CN; study_7_LOD_vs_CN; study_8_LOD_vs_CN; study_9_LOD_vs_CN",6,"study_1; study_11; study_4; study_6; study_7; study_8",0.103625702326368
"MCFD2",0.0113623806255204,-0.00374406012750539,0.0264688213785462,1.94468542185591,0.051812851163184,0.655513260200165,0.0110986441799385,0.000586768471685032,0.0203962736519035,11,2542,"study_1_LOD_vs_CN; study_10_LOD_vs_CN; study_11_LOD_vs_CN; study_2_LOD_vs_CN; study_3_Olink_LOD_vs_CN; study_4_LOD_vs_CN; study_5_LOD_vs_CN; study_6_LOD_vs_CN; study_7_LOD_vs_CN; study_8_LOD_vs_CN; study_9_LOD_vs_CN",6,"study_1; study_11; study_4; study_6; study_7; study_8",0.103625702326368
"PTPN11",0.0999814605551934,-0.00940490317363177,0.209367824284018,1.94432158966528,0.0518566827390283,0.761085200169521,NA,NA,NA,2,484,"study_11_LOD_vs_CN; study_3_Soma_LOD_vs_CN",2,"study_11; study_3_Soma",0.182687763043916
"ACP2",-0.0221678976731678,-0.0505227738784616,0.00618697853212599,-1.9340721409777,0.0531042586616183,0.383242919542006,-0.0231319526642719,-0.0495313582636419,-0.00181465437812437,8,1404,"study_1_LOD_vs_CN; study_11_LOD_vs_CN; study_2_LOD_vs_CN; study_3_Soma_LOD_vs_CN; study_4_LOD_vs_CN; study_5_LOD_vs_CN; study_6_LOD_vs_CN; study_7_LOD_vs_CN",5,"study_1; study_11; study_4; study_6; study_7",0.0991128296117711
"APCS",-0.0558070980931677,-0.121442628000144,0.0098284318138087,-1.9330531786719,0.0532296471126937,0.343360869353979,-0.0563732016956218,-0.10206676913276,-0.00171457938768238,9,1730,"study_1_LOD_vs_CN; study_10_LOD_vs_CN; study_11_LOD_vs_CN; study_2_LOD_vs_CN; study_3_Soma_LOD_vs_CN; study_4_LOD_vs_CN; study_5_LOD_vs_CN; study_6_LOD_vs_CN; study_7_LOD_vs_CN",5,"study_1; study_11; study_4; study_6; study_7",0.0991128296117711
"GINM1",-0.0191773594562763,-0.0431448522043634,0.00479013329181083,-1.93298152595265,0.0532384736405073,0.348960356951691,-0.0190500306663286,-0.0272538632465682,-0.00670837772389105,5,1149,"study_1_LOD_vs_CN; study_11_LOD_vs_CN; study_2_LOD_vs_CN; study_5_LOD_vs_CN; study_6_LOD_vs_CN",3,"study_1; study_11; study_6",0.169671269615751
"IGLV3-12",-0.0808584013518582,-0.180305569347524,0.0185887666438077,-1.93039373150943,0.05355807104335,0.702497848357385,NA,NA,NA,2,821,"study_1_LOD_vs_CN; study_11_LOD_vs_CN",2,"study_1; study_11",0.187298344055939
"AAMDC",0.0623121729112968,-0.00812194845453144,0.132746294277125,1.92962618888803,0.0536531714743575,0.518678677108204,NA,NA,NA,4,715,"study_1_LOD_vs_CN; study_11_LOD_vs_CN; study_2_LOD_vs_CN; study_3_Soma_LOD_vs_CN",2,"study_1; study_11",0.187298344055939
"TNFRSF10C",0.0637181772271368,-0.000455971604209751,0.127892326058483,1.92954026405345,0.053663826544322,0,0.0640326458915494,0.059922216768657,0.0667993235415971,5,1049,"study_2_LOD_vs_CN; study_3_Olink_LOD_vs_CN; study_6_LOD_vs_CN; study_8_LOD_vs_CN; study_9_LOD_vs_CN",3,"study_2; study_6; study_8",0.169671269615751
"AHSA1",0.0763168027700493,-0.0303427608087285,0.182976366348827,1.92839781121428,0.0538056638781482,0,0.0833513107968257,0.0707553871898395,0.102383300407202,4,367,"study_11_LOD_vs_CN; study_2_LOD_vs_CN; study_3_Soma_LOD_vs_CN; study_6_LOD_vs_CN",3,"study_11; study_2; study_6",0.169671269615751
"IGHG2",-0.0407756851303384,-0.102091479589247,0.02054010932857,-1.92727588850476,0.0539452568057763,0.667379561312519,-0.0406303709324708,-0.0686971483942098,-0.0255042676539217,9,1732,"study_1_LOD_vs_CN; study_10_LOD_vs_CN; study_11_LOD_vs_CN; study_2_LOD_vs_CN; study_3_Soma_LOD_vs_CN; study_4_LOD_vs_CN; study_5_LOD_vs_CN; study_6_LOD_vs_CN; study_7_LOD_vs_CN",5,"study_1; study_11; study_4; study_6; study_7",0.100202663003966
"SAE1",-0.0573391441484127,-0.145876873262649,0.0311985849658234,-1.92264596880896,0.0545245267408219,0.893999346910121,-0.0283859630804429,-0.16926527256037,0.124660330444948,4,552,"study_1_LOD_vs_CN; study_4_LOD_vs_CN; study_5_LOD_vs_CN; study_6_LOD_vs_CN",3,"study_1; study_4; study_6",0.170350178523694
"MANF",0.0414454368132436,0.00415272352814767,0.0787381500983395,1.92176898901749,0.0546348320310227,0.533793082935181,0.0408287927096013,0.0146163029907288,0.05515686879464,8,1927,"study_1_LOD_vs_CN; study_11_LOD_vs_CN; study_2_LOD_vs_CN; study_3_Olink_LOD_vs_CN; study_3_Soma_LOD_vs_CN; study_5_LOD_vs_CN; study_8_LOD_vs_CN; study_9_LOD_vs_CN",3,"study_1; study_11; study_8",0.170350178523694
"S100A13",0.0276904553317865,-0.00169442020081071,0.0570753308643837,1.91894123936449,0.0549917707670346,0,0.0277040333529787,0.0254865607424389,0.0299479187471101,7,1279,"study_1_LOD_vs_CN; study_11_LOD_vs_CN; study_2_LOD_vs_CN; study_3_Soma_LOD_vs_CN; study_5_LOD_vs_CN; study_6_LOD_vs_CN; study_7_LOD_vs_CN",4,"study_1; study_11; study_6; study_7",0.117193775647597
"PKDCC",-0.0267065709004524,-0.0603944885048936,0.00698134670398873,-1.9179406763066,0.0551185337520663,0.326348432681239,-0.0269315068491698,-0.0399703168698561,-0.0111745769406103,5,1201,"study_1_LOD_vs_CN; study_11_LOD_vs_CN; study_5_LOD_vs_CN; study_6_LOD_vs_CN; study_7_LOD_vs_CN",4,"study_1; study_11; study_6; study_7",0.117193775647597
"SIGLEC10",0.0650609928051904,-0.00131183482746247,0.131433820437843,1.91777837587292,0.0551391188047795,0,NA,NA,NA,3,929,"study_3_Olink_LOD_vs_CN; study_8_LOD_vs_CN; study_9_LOD_vs_CN",2,"study_3_Olink; study_8",0.191614675303487
"CFB",-0.0461027995048544,-0.0948583613562339,0.00265276234652509,-1.91560237907385,0.0554157265195452,0.571669067482935,-0.0463576308061889,-0.0824395987462599,0.0015455925038502,6,1267,"study_1_LOD_vs_CN; study_11_LOD_vs_CN; study_3_Soma_LOD_vs_CN; study_4_LOD_vs_CN; study_5_LOD_vs_CN; study_6_LOD_vs_CN",4,"study_1; study_11; study_4; study_6",0.117256464809473
"PRDX2",0.0512022850961187,-0.0216062352498957,0.124010805442133,1.91444701131717,0.0555630635932819,0,0.05038167983433,0.00750259374478803,0.095844485929385,7,1449,"study_1_LOD_vs_CN; study_11_LOD_vs_CN; study_2_LOD_vs_CN; study_4_LOD_vs_CN; study_5_LOD_vs_CN; study_6_LOD_vs_CN; study_7_LOD_vs_CN",5,"study_1; study_11; study_4; study_6; study_7",0.102959026272852
"PDGFRA",-0.0335865573851309,-0.0825855483831633,0.0154124336129014,-1.91319967345959,0.0557224953179905,0.476337507627858,-0.0338434722982908,-0.0564352660936417,-0.0246769452035196,9,1849,"study_1_LOD_vs_CN; study_11_LOD_vs_CN; study_2_LOD_vs_CN; study_3_Olink_LOD_vs_CN; study_3_Soma_LOD_vs_CN; study_5_LOD_vs_CN; study_6_LOD_vs_CN; study_8_LOD_vs_CN; study_9_LOD_vs_CN",4,"study_1; study_11; study_6; study_8",0.117338716102307
"NTRK2",-0.00619582985202504,-0.0276993925086031,0.015307732804553,-1.91124324472611,0.0559733288831559,0.768078857667676,-0.00615684507035568,-0.0268260375164873,0.00998389379479234,12,2584,"study_1_LOD_vs_CN; study_10_LOD_vs_CN; study_11_LOD_vs_CN; study_2_LOD_vs_CN; study_3_Olink_LOD_vs_CN; study_3_Soma_LOD_vs_CN; study_4_LOD_vs_CN; study_5_LOD_vs_CN; study_6_LOD_vs_CN; study_7_LOD_vs_CN; study_8_LOD_vs_CN; study_9_LOD_vs_CN",6,"study_1; study_11; study_4; study_6; study_7; study_8",0.110910114638846
"TNFSF13",0.0595021778261329,0.0218339508849841,0.0971704047672817,1.90995185902637,0.0561394120114019,0.936223120646666,0.0590941711150517,-0.00571862308079964,0.111077681594581,5,1809,"study_1_LOD_vs_CN; study_11_LOD_vs_CN; study_3_Olink_LOD_vs_CN; study_8_LOD_vs_CN; study_9_LOD_vs_CN",3,"study_1; study_11; study_8",0.174063540035352
"FGF19",-0.0989729652158466,-0.202376182189035,0.00443025175734152,-1.90923835603615,0.0562313503936027,0,NA,NA,NA,4,956,"study_3_Olink_LOD_vs_CN; study_3_Soma_LOD_vs_CN; study_8_LOD_vs_CN; study_9_LOD_vs_CN",2,"study_3_Soma; study_8",0.193917068429028
"HS3ST1",-0.0502348468881149,-0.0944140292687438,-0.00605566450748601,-1.90865471367558,0.0563066487756162,0.802708668802216,NA,NA,NA,4,804,"study_1_LOD_vs_CN; study_11_LOD_vs_CN; study_2_LOD_vs_CN; study_5_LOD_vs_CN",2,"study_1; study_11",0.193917068429028
"SERPINB1",0.021668016004209,0.00231019926130138,0.0410258327471166,1.90707501681685,0.0565108739121717,0.628212719732407,0.0219474064705971,0.0142079128633875,0.0369937917323267,8,1451,"study_1_LOD_vs_CN; study_11_LOD_vs_CN; study_2_LOD_vs_CN; study_3_Soma_LOD_vs_CN; study_4_LOD_vs_CN; study_5_LOD_vs_CN; study_6_LOD_vs_CN; study_7_LOD_vs_CN",5,"study_1; study_11; study_4; study_6; study_7",0.104254821867064
"GRIA4",-0.0393645958834708,-0.0701134150205306,-0.00861577674641097,-1.90690030270817,0.0565334989838303,0.766519502462363,-0.038478871923187,-0.0545164299594654,-0.0172288769677587,9,1726,"study_1_LOD_vs_CN; study_10_LOD_vs_CN; study_11_LOD_vs_CN; study_2_LOD_vs_CN; study_3_Soma_LOD_vs_CN; study_4_LOD_vs_CN; study_5_LOD_vs_CN; study_6_LOD_vs_CN; study_7_LOD_vs_CN",5,"study_1; study_11; study_4; study_6; study_7",0.104254821867064
"CHADL",0.0774409667964136,-0.016919015551116,0.171800949143943,1.90357857927352,0.0569650907806401,0.256894219433572,0.0770373266844576,0.0686315178071673,0.0855438077094128,3,365,"study_11_LOD_vs_CN; study_2_LOD_vs_CN; study_6_LOD_vs_CN",3,"study_11; study_2; study_6",0.175464081539422
"HBEGF",-0.0370222031633185,-0.0743745954679721,0.000330189141335126,-1.90154575253381,0.0572305656778014,0.442106204606538,-0.0370597094425159,-0.0605501278079542,-0.0146789110651164,6,1566,"study_11_LOD_vs_CN; study_2_LOD_vs_CN; study_3_Olink_LOD_vs_CN; study_6_LOD_vs_CN; study_8_LOD_vs_CN; study_9_LOD_vs_CN",4,"study_11; study_2; study_6; study_8",0.119937740511373
"SEMA4A",-0.0373958126581045,-0.0805296321490493,0.00573800683284033,-1.89974990967665,0.057465947191073,0,-0.0200499775704421,-0.0473806033118938,0.0256520081835412,5,736,"study_11_LOD_vs_CN; study_2_LOD_vs_CN; study_3_Soma_LOD_vs_CN; study_5_LOD_vs_CN; study_6_LOD_vs_CN",3,"study_11; study_2; study_6",0.175464081539422
"PSMA2",0.0878013387782867,-0.0295337084583634,0.205136386014937,1.89918943997119,0.0575395726849996,0,0.120882002592384,0.0754757639075259,0.198899483780912,3,561,"study_11_LOD_vs_CN; study_2_LOD_vs_CN; study_6_LOD_vs_CN",3,"study_11; study_2; study_6",0.175464081539422
"HAMP",-0.039909986101671,-0.0806718321606367,0.00085185995729474,-1.89724597860322,0.0577954811171694,0,NA,NA,NA,3,946,"study_1_LOD_vs_CN; study_11_LOD_vs_CN; study_3_Soma_LOD_vs_CN",2,"study_1; study_11",0.198155935258867
"CXCL12",-0.0359643831881537,-0.0739564321952227,0.00202766581891532,-1.89488854273901,0.0581071693794362,0.43658831318548,-0.0382571606095619,-0.0722283524923978,-0.0168289938141438,7,1287,"study_1_LOD_vs_CN; study_11_LOD_vs_CN; study_2_LOD_vs_CN; study_3_Soma_LOD_vs_CN; study_4_LOD_vs_CN; study_5_LOD_vs_CN; study_6_LOD_vs_CN",4,"study_1; study_11; study_4; study_6",0.121004967733985
"APOM",-0.0368582368104265,-0.0904735367094619,0.016757063088609,-1.89409987389858,0.0582117544773269,0.661381144053358,-0.0379740558875,-0.0815171832173658,0.00877743453521179,12,2657,"study_1_LOD_vs_CN; study_10_LOD_vs_CN; study_11_LOD_vs_CN; study_2_LOD_vs_CN; study_3_Olink_LOD_vs_CN; study_3_Soma_LOD_vs_CN; study_4_LOD_vs_CN; study_5_LOD_vs_CN; study_6_LOD_vs_CN; study_7_LOD_vs_CN; study_8_LOD_vs_CN; study_9_LOD_vs_CN",6,"study_1; study_11; study_4; study_6; study_7; study_8",0.114287297781174
"CP",-0.037879615670565,-0.0803915139774976,0.00463228263636767,-1.89349293056853,0.0582923474700249,0.608955491686479,-0.0383986562314452,-0.0719825936265005,0.00309900503682508,7,1520,"study_1_LOD_vs_CN; study_10_LOD_vs_CN; study_11_LOD_vs_CN; study_2_LOD_vs_CN; study_4_LOD_vs_CN; study_5_LOD_vs_CN; study_6_LOD_vs_CN",4,"study_1; study_11; study_4; study_6",0.121004967733985
"QNG1",0.05234655463338,-0.028386340100043,0.133079449366803,1.89036561560094,0.0587090787447057,0.344980368910967,0.0578138996525684,0.0117512505511098,0.114457669842946,4,788,"study_1_LOD_vs_CN; study_11_LOD_vs_CN; study_2_LOD_vs_CN; study_6_LOD_vs_CN",3,"study_1; study_11; study_6",0.178052124061813
"PPIC",0.0163440836980828,-0.00857290439076697,0.0412610717869326,1.88357331180796,0.0596227146566276,0.470589579800294,0.0165935779313458,0.00797664974848921,0.0222111498708758,9,1731,"study_1_LOD_vs_CN; study_10_LOD_vs_CN; study_11_LOD_vs_CN; study_2_LOD_vs_CN; study_3_Soma_LOD_vs_CN; study_4_LOD_vs_CN; study_5_LOD_vs_CN; study_6_LOD_vs_CN; study_7_LOD_vs_CN",5,"study_1; study_11; study_4; study_6; study_7",0.109688678399394
"IGFBP7",-0.0287627232292036,-0.0576166151489916,9.11686905843492e-05,-1.88236833866755,0.0597860216448074,0.474941784370894,-0.0294922560430947,-0.0456316249702239,-0.0157468526410848,12,2660,"study_1_LOD_vs_CN; study_10_LOD_vs_CN; study_11_LOD_vs_CN; study_2_LOD_vs_CN; study_3_Olink_LOD_vs_CN; study_3_Soma_LOD_vs_CN; study_4_LOD_vs_CN; study_5_LOD_vs_CN; study_6_LOD_vs_CN; study_7_LOD_vs_CN; study_8_LOD_vs_CN; study_9_LOD_vs_CN",6,"study_1; study_11; study_4; study_6; study_7; study_8",0.116310987563534
"TMEM178A",-0.0383957929886725,-0.0878034723915351,0.0110118864141901,-1.88040689894791,0.0600526440385559,0.685388165940076,-0.0403867844187775,-0.0809821139245345,-0.0141225349720481,5,854,"study_1_LOD_vs_CN; study_11_LOD_vs_CN; study_2_LOD_vs_CN; study_5_LOD_vs_CN; study_6_LOD_vs_CN",3,"study_1; study_11; study_6",0.180694481277123
"EEF1G",0.0771607558133374,0.0170389099465746,0.1372826016801,1.87784445379005,0.0604024469576015,0.779753287372043,0.0853319249275283,0.0382580535232016,0.127716274167269,4,924,"study_1_LOD_vs_CN; study_11_LOD_vs_CN; study_2_LOD_vs_CN; study_6_LOD_vs_CN",3,"study_1; study_11; study_6",0.180694481277123
"DYNC1LI2",0.0950514631950889,-0.0163523747888685,0.206455301179046,1.87591387077074,0.0606671076668127,0,NA,NA,NA,2,296,"study_11_LOD_vs_CN; study_2_LOD_vs_CN",2,"study_11; study_2",0.206498398894507
"TMEM132E",-0.0257452605809114,-0.0510712023603975,-0.000419318801425383,-1.87553095359565,0.0607197152402846,0.576941007261563,-0.0272608433303135,-0.049038053768652,-0.0162455922105094,7,1389,"study_1_LOD_vs_CN; study_11_LOD_vs_CN; study_2_LOD_vs_CN; study_4_LOD_vs_CN; study_5_LOD_vs_CN; study_6_LOD_vs_CN; study_7_LOD_vs_CN",5,"study_1; study_11; study_4; study_6; study_7",0.111440241097324
"ACVR2A",-0.0588101074961462,-0.123182926172536,0.00556271118024354,-1.87519097057356,0.0607664559246857,0,NA,NA,NA,3,546,"study_11_LOD_vs_CN; study_2_LOD_vs_CN; study_3_Soma_LOD_vs_CN",2,"study_11; study_2",0.206498398894507
"CD79B",0.0803882070485659,0.000152901564788699,0.160623512532343,1.87141195864602,0.0612880026203108,0.844299965049081,NA,NA,NA,3,929,"study_3_Olink_LOD_vs_CN; study_8_LOD_vs_CN; study_9_LOD_vs_CN",2,"study_3_Olink; study_8",0.206519671733081
"CORO1C",0.0555990992713888,-0.0124776477792286,0.123675846322006,1.8712493489134,0.0613105275457584,0,NA,NA,NA,3,687,"study_1_LOD_vs_CN; study_11_LOD_vs_CN; study_2_LOD_vs_CN",2,"study_1; study_11",0.206519671733081
"JMJD8",-0.0536564567285677,-0.117405090941562,0.0100921774844267,-1.87119860276529,0.061317558375865,0.668206806103723,-0.0584963078661684,-0.079747859610886,-0.0281791828625677,4,787,"study_1_LOD_vs_CN; study_11_LOD_vs_CN; study_5_LOD_vs_CN; study_6_LOD_vs_CN",3,"study_1; study_11; study_6",0.180694481277123
"CLN5",-0.0228958413100422,-0.0509878589484469,0.00519617632836252,-1.87097849883615,0.0613480612926069,0.273750336745522,-0.0240495006741104,-0.0470668637948718,-0.0128669850686086,8,1481,"study_1_LOD_vs_CN; study_11_LOD_vs_CN; study_2_LOD_vs_CN; study_3_Soma_LOD_vs_CN; study_4_LOD_vs_CN; study_5_LOD_vs_CN; study_6_LOD_vs_CN; study_7_LOD_vs_CN",5,"study_1; study_11; study_4; study_6; study_7",0.112325378890511
"IGKV2D-29",-0.061864464172496,-0.13581437698681,0.0120854486418176,-1.87016541624986,0.0614608506154079,0,-0.0616502905681205,-0.0824183875337759,-0.048618514552114,3,989,"study_1_LOD_vs_CN; study_11_LOD_vs_CN; study_7_LOD_vs_CN",3,"study_1; study_11; study_7",0.180694481277123
"TPM4",0.0495162298840121,0.00196508447864597,0.0970673752893783,1.86919442748717,0.061595769283132,0.348176868763893,0.0463725703851675,0.0183944561916567,0.064909041739051,6,1100,"study_1_LOD_vs_CN; study_11_LOD_vs_CN; study_2_LOD_vs_CN; study_3_Soma_LOD_vs_CN; study_5_LOD_vs_CN; study_7_LOD_vs_CN",3,"study_1; study_11; study_7",0.180694481277123
"PTTG1IP",0.0256897441527809,-0.0114873729585817,0.0628668612641436,1.86766010748113,0.0618094624601194,0.912498868703913,0.0337726396799709,-0.000385592984606341,0.0944411250899583,5,1042,"study_1_LOD_vs_CN; study_11_LOD_vs_CN; study_2_LOD_vs_CN; study_5_LOD_vs_CN; study_6_LOD_vs_CN",3,"study_1; study_11; study_6",0.180694481277123
"NOMO1",0.0870175894433471,-0.00108216731473169,0.175117346201426,1.86730238911716,0.0618593719687447,0.122198914160041,0.0817060111894804,0.0638640638575456,0.101264685954017,4,1042,"study_3_Olink_LOD_vs_CN; study_7_LOD_vs_CN; study_8_LOD_vs_CN; study_9_LOD_vs_CN",3,"study_3_Olink; study_7; study_8",0.180694481277123
"RPH3A",0.0266541061116121,-0.0239659665221074,0.0772741787453317,1.86490187827343,0.0621951591270836,0.770921967700592,0.0282119250522071,-0.019943450993563,0.067974674881144,4,896,"study_1_LOD_vs_CN; study_11_LOD_vs_CN; study_2_LOD_vs_CN; study_6_LOD_vs_CN",3,"study_1; study_11; study_6",0.180724153484458
"IGHV3-64",-0.0631805573603285,-0.123223264086503,-0.00313785063415372,-1.86281633030039,0.0624881116716327,0.574388726731458,-0.0687274577647239,-0.137613082662923,-0.0293515513414929,5,1178,"study_1_LOD_vs_CN; study_11_LOD_vs_CN; study_5_LOD_vs_CN; study_6_LOD_vs_CN; study_7_LOD_vs_CN",4,"study_1; study_11; study_6; study_7",0.129102796755543
"MT2A",0.0228363499087512,-0.0268766809716532,0.0725493807891556,1.86222787813869,0.0625709764434159,0.830014016540388,NA,NA,NA,2,924,"study_1_LOD_vs_CN; study_11_LOD_vs_CN",2,"study_1; study_11",0.209845021434687
"DDR1",-0.0135128873519309,-0.0378041671731112,0.0107783924692494,-1.85854228069325,0.0630920450100426,0.446844494221497,-0.0133635448788741,-0.0224341373742378,-0.00617945440911798,12,2655,"study_1_LOD_vs_CN; study_10_LOD_vs_CN; study_11_LOD_vs_CN; study_2_LOD_vs_CN; study_3_Olink_LOD_vs_CN; study_3_Soma_LOD_vs_CN; study_4_LOD_vs_CN; study_5_LOD_vs_CN; study_6_LOD_vs_CN; study_7_LOD_vs_CN; study_8_LOD_vs_CN; study_9_LOD_vs_CN",6,"study_1; study_11; study_4; study_6; study_7; study_8",0.120635216358566
"KIT",-0.00595191219505119,-0.0387457100969787,0.0268418857068763,-1.85823120815028,0.063136188000745,0.616889366403858,-0.0060204538862358,-0.0326688935141231,0.0119038157944408,12,2591,"study_1_LOD_vs_CN; study_10_LOD_vs_CN; study_11_LOD_vs_CN; study_2_LOD_vs_CN; study_3_Olink_LOD_vs_CN; study_3_Soma_LOD_vs_CN; study_4_LOD_vs_CN; study_5_LOD_vs_CN; study_6_LOD_vs_CN; study_7_LOD_vs_CN; study_8_LOD_vs_CN; study_9_LOD_vs_CN",6,"study_1; study_11; study_4; study_6; study_7; study_8",0.120635216358566
"STAB1",0.0237543718344088,0.00226377850072119,0.0452449651680964,1.85713438983175,0.0632920365829948,0.762656919570137,0.0236871921143526,0.0108894086789563,0.0335235959512034,6,1276,"study_1_LOD_vs_CN; study_11_LOD_vs_CN; study_2_LOD_vs_CN; study_5_LOD_vs_CN; study_6_LOD_vs_CN; study_7_LOD_vs_CN",4,"study_1; study_11; study_6; study_7",0.130149821705877
"CTSV",-0.0593491036390871,-0.122050506411483,0.00335229913330842,-1.85667288953936,0.063357706818938,0,NA,NA,NA,5,974,"study_2_LOD_vs_CN; study_3_Olink_LOD_vs_CN; study_3_Soma_LOD_vs_CN; study_8_LOD_vs_CN; study_9_LOD_vs_CN",2,"study_2; study_8",0.211559647117149
"PRNP",-0.032459993820345,-0.0573832093325691,-0.00753677830812096,-1.85606065785915,0.0634449126029931,0.816617963941073,-0.0318874034350204,-0.0488270188715714,-0.0106956497881918,8,1705,"study_1_LOD_vs_CN; study_10_LOD_vs_CN; study_11_LOD_vs_CN; study_2_LOD_vs_CN; study_4_LOD_vs_CN; study_5_LOD_vs_CN; study_6_LOD_vs_CN; study_7_LOD_vs_CN",5,"study_1; study_11; study_4; study_6; study_7",0.115888688341334
"EVI2A",-0.0613714312956599,-0.109133877571074,-0.0136089850202456,-1.85598428486797,0.0634557980641038,0.856514997422516,-0.0561835613957085,-0.110966738022462,0.00563986418207003,6,1113,"study_1_LOD_vs_CN; study_11_LOD_vs_CN; study_2_LOD_vs_CN; study_3_Soma_LOD_vs_CN; study_5_LOD_vs_CN; study_6_LOD_vs_CN",3,"study_1; study_11; study_6",0.182613853826051
"AIF1",0.0480190302949048,-0.0020009241319274,0.0980389847217369,1.85564933781342,0.0635035563755457,0,0.0567100723790487,0.0421503826687579,0.079727285826771,5,636,"study_11_LOD_vs_CN; study_2_LOD_vs_CN; study_3_Olink_LOD_vs_CN; study_3_Soma_LOD_vs_CN; study_6_LOD_vs_CN",3,"study_11; study_2; study_6",0.182613853826051
"RIDA",0.0179140586244709,-0.00361913374380051,0.0394472509927424,1.85421219945124,0.063708807442385,0.639892516309891,0.0191330804081071,-0.000502097135103713,0.0471692258914339,8,1368,"study_1_LOD_vs_CN; study_11_LOD_vs_CN; study_2_LOD_vs_CN; study_3_Soma_LOD_vs_CN; study_4_LOD_vs_CN; study_5_LOD_vs_CN; study_6_LOD_vs_CN; study_7_LOD_vs_CN",5,"study_1; study_11; study_4; study_6; study_7",0.116094959533635
"MSMP",0.113735657102529,-0.00636974643943145,0.23384106064449,1.85109885616171,0.0641553326335108,0,NA,NA,NA,2,348,"study_11_LOD_vs_CN; study_3_Soma_LOD_vs_CN",2,"study_11; study_3_Soma",0.213230778512274
"FOLR3",0.0774838178138258,0.00368035505330283,0.151287280574349,1.84808322466764,0.0645903041694472,0.837963155601733,NA,NA,NA,6,1052,"study_2_LOD_vs_CN; study_3_Olink_LOD_vs_CN; study_3_Soma_LOD_vs_CN; study_5_LOD_vs_CN; study_8_LOD_vs_CN; study_9_LOD_vs_CN",2,"study_2; study_8",0.213230778512274
"DYNLL1",0.0373643721760756,-0.0266200190286454,0.101348763380797,1.8473867469829,0.0646911085851039,0,NA,NA,NA,2,569,"study_11_LOD_vs_CN; study_7_LOD_vs_CN",2,"study_11; study_7",0.213230778512274
"IGSF8",-0.0132845435807349,-0.0290459045006163,0.00247681733914644,-1.8462045762515,0.0648625067518225,0.887903728446436,-0.012315655142166,-0.0254045833996023,0.00525332813894782,9,1732,"study_1_LOD_vs_CN; study_10_LOD_vs_CN; study_11_LOD_vs_CN; study_2_LOD_vs_CN; study_3_Soma_LOD_vs_CN; study_4_LOD_vs_CN; study_5_LOD_vs_CN; study_6_LOD_vs_CN; study_7_LOD_vs_CN",5,"study_1; study_11; study_4; study_6; study_7",0.117917890525181
"CTSA",-0.0269878886504665,-0.057161185849824,0.00318540854889103,-1.84470021479283,0.0650811596230385,0.732253750882424,-0.0280147622548369,-0.0649761527464646,0.00656231047940243,9,1587,"study_1_LOD_vs_CN; study_10_LOD_vs_CN; study_11_LOD_vs_CN; study_2_LOD_vs_CN; study_3_Soma_LOD_vs_CN; study_4_LOD_vs_CN; study_5_LOD_vs_CN; study_6_LOD_vs_CN; study_7_LOD_vs_CN",5,"study_1; study_11; study_4; study_6; study_7",0.118036348467256
"F13B",-0.0302985077346072,-0.0691087349476136,0.00851171947839907,-1.84081346094981,0.0656488995133165,0.826569629162485,-0.0304626068634288,-0.0721461470437472,0.025352455588829,8,1443,"study_1_LOD_vs_CN; study_11_LOD_vs_CN; study_2_LOD_vs_CN; study_3_Soma_LOD_vs_CN; study_4_LOD_vs_CN; study_5_LOD_vs_CN; study_6_LOD_vs_CN; study_7_LOD_vs_CN",5,"study_1; study_11; study_4; study_6; study_7",0.118785891119389
"HS6ST2",-0.0415528589946657,-0.0835574799132741,0.000451761923942834,-1.83903564444882,0.0659099435163542,0.206321022373759,NA,NA,NA,4,973,"study_1_LOD_vs_CN; study_11_LOD_vs_CN; study_2_LOD_vs_CN; study_5_LOD_vs_CN",2,"study_1; study_11",0.216319814617778
"COL14A1",-0.0183787900258394,-0.0375537151794381,0.00079613512775939,-1.83671007295937,0.0662527074432834,0.838740518207524,-0.0189874003350493,-0.0402715086636375,0.00173471292931232,7,1455,"study_1_LOD_vs_CN; study_11_LOD_vs_CN; study_2_LOD_vs_CN; study_4_LOD_vs_CN; study_5_LOD_vs_CN; study_6_LOD_vs_CN; study_7_LOD_vs_CN",5,"study_1; study_11; study_4; study_6; study_7",0.119597023530246
"F3",0.0605275755027508,0.022022785185799,0.0990323658197026,1.83343464640994,0.0667379591827454,0.96508543571067,0.0580524719657514,0.0357722747358376,0.0827753245151449,7,1653,"study_11_LOD_vs_CN; study_2_LOD_vs_CN; study_3_Olink_LOD_vs_CN; study_3_Soma_LOD_vs_CN; study_7_LOD_vs_CN; study_8_LOD_vs_CN; study_9_LOD_vs_CN",4,"study_11; study_2; study_7; study_8",0.136395492820485
"AGT",0.0263803365604291,0.00373412885062668,0.0490265442702316,1.83039120293336,0.0671914622126606,0.797828371119257,0.0292588496794161,0.0144638612797685,0.0456150278087972,8,1547,"study_1_LOD_vs_CN; study_10_LOD_vs_CN; study_11_LOD_vs_CN; study_2_LOD_vs_CN; study_3_Soma_LOD_vs_CN; study_4_LOD_vs_CN; study_5_LOD_vs_CN; study_6_LOD_vs_CN",4,"study_1; study_11; study_4; study_6",0.136395492820485
"UNC5A",-0.0387882921824204,-0.0733019151246445,-0.00427466924019629,-1.82784810472925,0.0675723513320471,0.609420169841318,-0.0386094439244816,-0.0670337204608652,-0.0171050648209791,7,1281,"study_1_LOD_vs_CN; study_11_LOD_vs_CN; study_2_LOD_vs_CN; study_3_Soma_LOD_vs_CN; study_4_LOD_vs_CN; study_5_LOD_vs_CN; study_6_LOD_vs_CN",4,"study_1; study_11; study_4; study_6",0.136395492820485
"SPINK1",0.0701472251469205,-0.00256895094097391,0.142863401234815,1.82783088830052,0.0675749359407424,0.619741092941941,0.0720227490145622,0.0547484375823247,0.0796356619620303,7,1573,"study_11_LOD_vs_CN; study_2_LOD_vs_CN; study_3_Olink_LOD_vs_CN; study_5_LOD_vs_CN; study_6_LOD_vs_CN; study_8_LOD_vs_CN; study_9_LOD_vs_CN",4,"study_11; study_2; study_6; study_8",0.136395492820485
"ACVRL1",0.071881202077578,-0.00522300893497749,0.148985413090133,1.82767842833986,0.0675978274739365,0.0719154164604988,NA,NA,NA,4,956,"study_3_Olink_LOD_vs_CN; study_3_Soma_LOD_vs_CN; study_8_LOD_vs_CN; study_9_LOD_vs_CN",2,"study_3_Soma; study_8",0.220915453191418
"SEL1L",-0.0307712519905078,-0.0595486135880634,-0.00199389039295226,-1.82607585108726,0.0678388371906204,0.778297866521241,-0.0282412259147351,-0.0616766538740028,0.00692398536953205,5,1130,"study_1_LOD_vs_CN; study_11_LOD_vs_CN; study_2_LOD_vs_CN; study_5_LOD_vs_CN; study_6_LOD_vs_CN",3,"study_1; study_11; study_6",0.19407502392162
"CD9",-0.0409573078582283,-0.0859832271344761,0.0040686114180196,-1.8250118042582,0.0679992480355975,0.663467600829052,-0.0439527981470032,-0.0945262341878769,-0.0164857538733655,7,1408,"study_1_LOD_vs_CN; study_11_LOD_vs_CN; study_2_LOD_vs_CN; study_4_LOD_vs_CN; study_5_LOD_vs_CN; study_6_LOD_vs_CN; study_7_LOD_vs_CN",5,"study_1; study_11; study_4; study_6; study_7",0.122322290392556
"CNTNAP4",-0.0271951633745197,-0.0514239814719113,-0.00296634527712806,-1.82447331818595,0.0680805465383798,0.584745502334611,-0.0269683569069535,-0.0369754104784503,-0.0230228668696709,8,1704,"study_1_LOD_vs_CN; study_10_LOD_vs_CN; study_11_LOD_vs_CN; study_2_LOD_vs_CN; study_4_LOD_vs_CN; study_5_LOD_vs_CN; study_6_LOD_vs_CN; study_7_LOD_vs_CN",5,"study_1; study_11; study_4; study_6; study_7",0.122322290392556
"HBD",-0.103349138961236,-0.264886288914995,0.0581880109925229,-1.82214021248132,0.0684337135174979,0.373137627519223,-0.112240192692997,-0.260951287644331,0.00355896001055917,7,1443,"study_1_LOD_vs_CN; study_10_LOD_vs_CN; study_11_LOD_vs_CN; study_2_LOD_vs_CN; study_5_LOD_vs_CN; study_6_LOD_vs_CN; study_7_LOD_vs_CN",4,"study_1; study_11; study_6; study_7",0.137495259269101
"NPNT",0.0266183879533517,-0.00156368277778308,0.0548004586844864,1.81989799354756,0.068774540544273,0.800207523843457,0.0218093730608225,-0.0155963516304451,0.0429254661647233,6,1166,"study_1_LOD_vs_CN; study_11_LOD_vs_CN; study_2_LOD_vs_CN; study_3_Soma_LOD_vs_CN; study_5_LOD_vs_CN; study_7_LOD_vs_CN",3,"study_1; study_11; study_7",0.195742923087546
"IL7",0.0581393762539707,0.000574799734633563,0.115703952773308,1.81906126213307,0.0689020842103489,0.823246020541513,NA,NA,NA,4,956,"study_3_Olink_LOD_vs_CN; study_3_Soma_LOD_vs_CN; study_8_LOD_vs_CN; study_9_LOD_vs_CN",2,"study_3_Soma; study_8",0.222564925483914
"SFTPD",0.0640331635232202,-0.00440611261209767,0.132472439658538,1.81855357850346,0.0689795655348588,0,NA,NA,NA,4,575,"study_11_LOD_vs_CN; study_2_LOD_vs_CN; study_3_Olink_LOD_vs_CN; study_3_Soma_LOD_vs_CN",2,"study_11; study_2",0.222564925483914
"UBA1",0.0700492649275379,0.000252989706554421,0.139845540148521,1.81834168080147,0.0690119259648943,0.620805875739941,NA,NA,NA,5,1031,"study_1_LOD_vs_CN; study_11_LOD_vs_CN; study_2_LOD_vs_CN; study_3_Soma_LOD_vs_CN; study_5_LOD_vs_CN",2,"study_1; study_11",0.222564925483914
"MGAT4B",-0.0465630939801825,-0.101199728837908,0.00807354087754281,-1.81670862011886,0.069261741133666,0.401669568097552,NA,NA,NA,4,797,"study_1_LOD_vs_CN; study_11_LOD_vs_CN; study_3_Soma_LOD_vs_CN; study_5_LOD_vs_CN",2,"study_1; study_11",0.222564925483914
"TYRO3",-0.00318981361723737,-0.0267146615253342,0.0203350342908595,-1.81668981353303,0.069264622364984,0.84889923539001,-0.00332335882509649,-0.0228786831481596,0.0167187794524729,11,2391,"study_1_LOD_vs_CN; study_11_LOD_vs_CN; study_2_LOD_vs_CN; study_3_Olink_LOD_vs_CN; study_3_Soma_LOD_vs_CN; study_4_LOD_vs_CN; study_5_LOD_vs_CN; study_6_LOD_vs_CN; study_7_LOD_vs_CN; study_8_LOD_vs_CN; study_9_LOD_vs_CN",6,"study_1; study_11; study_4; study_6; study_7; study_8",0.131173709611563
"OAF",-0.0155596570062056,-0.0344031040902361,0.00328379007782504,-1.81302657292413,0.0698277229358255,0.669865208784007,-0.0157010139832457,-0.0325508157548039,0.00551604302886778,9,1731,"study_1_LOD_vs_CN; study_10_LOD_vs_CN; study_11_LOD_vs_CN; study_2_LOD_vs_CN; study_3_Soma_LOD_vs_CN; study_4_LOD_vs_CN; study_5_LOD_vs_CN; study_6_LOD_vs_CN; study_7_LOD_vs_CN",5,"study_1; study_11; study_4; study_6; study_7",0.125169041812704
"OGN",-0.0174930542350111,-0.0394454074401323,0.00445929897010999,-1.80996731298371,0.0703008562827063,0,-0.0179537282668047,-0.0239081810140329,-0.0131024769581245,9,1732,"study_1_LOD_vs_CN; study_10_LOD_vs_CN; study_11_LOD_vs_CN; study_2_LOD_vs_CN; study_3_Soma_LOD_vs_CN; study_4_LOD_vs_CN; study_5_LOD_vs_CN; study_6_LOD_vs_CN; study_7_LOD_vs_CN",5,"study_1; study_11; study_4; study_6; study_7",0.125724089491631
"TNFRSF13B",-0.0778922272115903,-0.170203988487856,0.0144195340646753,-1.80511807245704,0.0710562075947461,0.793615113005354,NA,NA,NA,3,928,"study_3_Olink_LOD_vs_CN; study_8_LOD_vs_CN; study_9_LOD_vs_CN",2,"study_3_Olink; study_8",0.227379864303187
"ADM2",0.0398257962490634,-0.0117697068087169,0.0914212993068437,1.79900418284714,0.072018019051702,0,NA,NA,NA,3,1085,"study_7_LOD_vs_CN; study_8_LOD_vs_CN; study_9_LOD_vs_CN",2,"study_7; study_8",0.229501405110818
"TENM4",-0.0409079240765975,-0.114114091829081,0.0322982436758857,-1.79783901698905,0.0722025223557681,0.701520119150463,-0.044139638438819,-0.0594006161089084,-0.0213855533109888,5,713,"study_1_LOD_vs_CN; study_11_LOD_vs_CN; study_2_LOD_vs_CN; study_3_Soma_LOD_vs_CN; study_6_LOD_vs_CN",3,"study_1; study_11; study_6",0.204451019935976
"HEXB",-0.0216535390330434,-0.0444797412788767,0.0011726632127898,-1.79621863956094,0.0724597514146994,0.0717879152638865,-0.0218526330324118,-0.0296664376852903,-0.0133084912969493,9,1704,"study_1_LOD_vs_CN; study_10_LOD_vs_CN; study_11_LOD_vs_CN; study_2_LOD_vs_CN; study_3_Soma_LOD_vs_CN; study_4_LOD_vs_CN; study_5_LOD_vs_CN; study_6_LOD_vs_CN; study_7_LOD_vs_CN",5,"study_1; study_11; study_4; study_6; study_7",0.129284336050821
"VAT1L",0.0242373824413451,-0.0101516198352036,0.0586263847178937,1.79479602692808,0.0726862040676649,0.102055469471074,0.0219137554199681,0.0131770762554403,0.035718593646966,6,1176,"study_1_LOD_vs_CN; study_11_LOD_vs_CN; study_2_LOD_vs_CN; study_3_Soma_LOD_vs_CN; study_5_LOD_vs_CN; study_6_LOD_vs_CN",3,"study_1; study_11; study_6",0.204775854099259
"AMBP",-0.0248692603825448,-0.0646413017322233,0.0149027809671336,-1.79476759443624,0.0726907358727948,0.862246995345621,-0.0242188395039219,-0.0487541194712775,0.00584217086700748,12,2660,"study_1_LOD_vs_CN; study_10_LOD_vs_CN; study_11_LOD_vs_CN; study_2_LOD_vs_CN; study_3_Olink_LOD_vs_CN; study_3_Soma_LOD_vs_CN; study_4_LOD_vs_CN; study_5_LOD_vs_CN; study_6_LOD_vs_CN; study_7_LOD_vs_CN; study_8_LOD_vs_CN; study_9_LOD_vs_CN",6,"study_1; study_11; study_4; study_6; study_7; study_8",0.136454539269983
"PCOLCE2",0.114795533182748,-0.00650758807878508,0.236098654444282,1.79426861484685,0.0727703050063579,0,NA,NA,NA,2,346,"study_11_LOD_vs_CN; study_3_Soma_LOD_vs_CN",2,"study_11; study_3_Soma",0.230380969589522
"RIC3",-0.0712971643397858,-0.144224088340349,0.00162975966077707,-1.79349394062607,0.0728939786591847,0.555793569310098,NA,NA,NA,2,457,"study_11_LOD_vs_CN; study_2_LOD_vs_CN",2,"study_11; study_2",0.230380969589522
"IGLV4-60",-0.0997043135083268,-0.209956136776182,0.0105475097595281,-1.79282816186638,0.0730004049704979,0.217646794398715,-0.102334059889648,-0.176700683744021,-0.0416867755054362,6,1303,"study_1_LOD_vs_CN; study_11_LOD_vs_CN; study_4_LOD_vs_CN; study_5_LOD_vs_CN; study_6_LOD_vs_CN; study_7_LOD_vs_CN",5,"study_1; study_11; study_4; study_6; study_7",0.129947480144243
"FSTL5",-0.0244108740669337,-0.0512171521984982,0.00239540406463085,-1.7909618148124,0.0732994228878728,0.732089204592321,-0.0252103357511881,-0.0380395971152672,-0.00792823721612814,8,1478,"study_1_LOD_vs_CN; study_11_LOD_vs_CN; study_2_LOD_vs_CN; study_3_Soma_LOD_vs_CN; study_4_LOD_vs_CN; study_5_LOD_vs_CN; study_6_LOD_vs_CN; study_7_LOD_vs_CN",5,"study_1; study_11; study_4; study_6; study_7",0.129965489808973
"RNASE2",0.0435174853957919,0.0133669759709101,0.0736679948206737,1.79065587970607,0.0733485339103959,0.916800882556665,0.0459552863071302,0.0147007901132131,0.0854215547901784,8,1637,"study_1_LOD_vs_CN; study_10_LOD_vs_CN; study_11_LOD_vs_CN; study_2_LOD_vs_CN; study_4_LOD_vs_CN; study_5_LOD_vs_CN; study_6_LOD_vs_CN; study_7_LOD_vs_CN",5,"study_1; study_11; study_4; study_6; study_7",0.129965489808973
"NBL1",-0.0228076613058119,-0.0459849456028815,0.000369622991257642,-1.79058310742364,0.0733602198305241,0.737702237833896,-0.0227089309367038,-0.0383762793519776,0.000466090464536779,12,2660,"study_1_LOD_vs_CN; study_10_LOD_vs_CN; study_11_LOD_vs_CN; study_2_LOD_vs_CN; study_3_Olink_LOD_vs_CN; study_3_Soma_LOD_vs_CN; study_4_LOD_vs_CN; study_5_LOD_vs_CN; study_6_LOD_vs_CN; study_7_LOD_vs_CN; study_8_LOD_vs_CN; study_9_LOD_vs_CN",6,"study_1; study_11; study_4; study_6; study_7; study_8",0.13651380038028
"IGSF11",-0.0268710832918579,-0.0548645715062427,0.00112240492252697,-1.78941854728147,0.0735474345190434,0.395569576875289,NA,NA,NA,3,891,"study_1_LOD_vs_CN; study_11_LOD_vs_CN; study_3_Soma_LOD_vs_CN",2,"study_1; study_11",0.230992762177071
"UFM1",0.0399643982752452,-0.0100584650588174,0.0899872616093078,1.78817168470229,0.0737483130787343,0,NA,NA,NA,5,846,"study_1_LOD_vs_CN; study_11_LOD_vs_CN; study_2_LOD_vs_CN; study_3_Soma_LOD_vs_CN; study_5_LOD_vs_CN",2,"study_1; study_11",0.230992762177071
"CHRDL2",0.0512105889495188,-0.0784788533063235,0.180900031205361,1.7860622596778,0.0740891779773514,0,0.016541032362678,-0.0659508623391298,0.0633464135943767,5,989,"study_3_Olink_LOD_vs_CN; study_3_Soma_LOD_vs_CN; study_6_LOD_vs_CN; study_8_LOD_vs_CN; study_9_LOD_vs_CN",3,"study_3_Soma; study_6; study_8",0.207674210997121
"INPP1",0.176131559252827,-0.0199301893062162,0.37219330781187,1.78561850897174,0.0741610479577019,0,NA,NA,NA,2,74,"study_3_Olink_LOD_vs_CN; study_6_LOD_vs_CN",2,"study_3_Olink; study_6",0.230992762177071
"GORASP2",0.0915029608137603,-0.00404985797682376,0.187055779604344,1.78460682542141,0.0743251135378679,0.486545544812114,NA,NA,NA,2,411,"study_11_LOD_vs_CN; study_2_LOD_vs_CN",2,"study_11; study_2",0.230992762177071
"IGLV1-40",-0.06333105361185,-0.118560482047977,-0.0081016251757232,-1.78296861274877,0.0745914127863458,0.891558451700742,NA,NA,NA,4,1029,"study_1_LOD_vs_CN; study_11_LOD_vs_CN; study_2_LOD_vs_CN; study_5_LOD_vs_CN",2,"study_1; study_11",0.230992762177071
"PROZ",-0.0440046722663475,-0.102310504006516,0.0143011594738212,-1.78136885464442,0.0748522128029545,0,-0.0447561083803057,-0.0713401742528362,-0.021221280583673,7,1422,"study_1_LOD_vs_CN; study_11_LOD_vs_CN; study_2_LOD_vs_CN; study_4_LOD_vs_CN; study_5_LOD_vs_CN; study_6_LOD_vs_CN; study_7_LOD_vs_CN",5,"study_1; study_11; study_4; study_6; study_7",0.132038475720089
"CPXM2",-0.0282477607866096,-0.0548027539117383,-0.00169276766148083,-1.78047477341856,0.0749982942165357,0.796366603069079,-0.0303627130228734,-0.0555692059948641,-0.0134566018132505,7,1447,"study_1_LOD_vs_CN; study_11_LOD_vs_CN; study_2_LOD_vs_CN; study_4_LOD_vs_CN; study_5_LOD_vs_CN; study_6_LOD_vs_CN; study_7_LOD_vs_CN",5,"study_1; study_11; study_4; study_6; study_7",0.132038475720089
"SEMA3F",-0.00503701840443142,-0.0371438121590694,0.0270697753502065,-1.78025909507024,0.0750335681270208,0.395362967329781,-0.00536844550251735,-0.0252773888646598,0.00624520571850742,9,2177,"study_1_LOD_vs_CN; study_11_LOD_vs_CN; study_2_LOD_vs_CN; study_3_Olink_LOD_vs_CN; study_4_LOD_vs_CN; study_5_LOD_vs_CN; study_6_LOD_vs_CN; study_8_LOD_vs_CN; study_9_LOD_vs_CN",5,"study_1; study_11; study_4; study_6; study_8",0.132038475720089
"PCDHB15",-0.126164861097741,-0.302509125814852,0.0501794036193707,-1.78002977472988,0.0750710880263054,0.243089198053092,-0.170055747973999,-0.310641778688463,-0.0706346773328909,3,487,"study_11_LOD_vs_CN; study_2_LOD_vs_CN; study_6_LOD_vs_CN",3,"study_11; study_2; study_6",0.209369114847234
"IGLV3-27",-0.0613323433889298,-0.128684691673123,0.00602000489526372,-1.77893141111642,0.0752510075918636,0.272320969413519,-0.0629906872924308,-0.0998844320339778,-0.0280068655720585,5,1199,"study_1_LOD_vs_CN; study_11_LOD_vs_CN; study_4_LOD_vs_CN; study_5_LOD_vs_CN; study_6_LOD_vs_CN",4,"study_1; study_11; study_4; study_6",0.150502015183727
"TFRC",-0.0258233629860328,-0.0469957991312463,-0.00465092684081925,-1.77853713037227,0.0753156793151561,0.805529069481212,-0.0256175884138147,-0.0364529064680673,-0.0157308972718386,9,1493,"study_1_LOD_vs_CN; study_11_LOD_vs_CN; study_2_LOD_vs_CN; study_3_Olink_LOD_vs_CN; study_3_Soma_LOD_vs_CN; study_4_LOD_vs_CN; study_5_LOD_vs_CN; study_6_LOD_vs_CN; study_7_LOD_vs_CN",5,"study_1; study_11; study_4; study_6; study_7",0.132232322815879
"HP",0.112779579372704,-0.010503958818544,0.236063117563952,1.77434313564602,0.0760064095906683,0,0.11318874623148,0.101533345188235,0.134267647304026,8,1547,"study_1_LOD_vs_CN; study_10_LOD_vs_CN; study_11_LOD_vs_CN; study_2_LOD_vs_CN; study_3_Soma_LOD_vs_CN; study_4_LOD_vs_CN; study_5_LOD_vs_CN; study_6_LOD_vs_CN",4,"study_1; study_11; study_4; study_6",0.151321851821421
"GC",-0.0359195763916183,-0.0805299812599672,0.00869082847673065,-1.77401934616751,0.0760599503203043,0.774103135215622,-0.0354616232670447,-0.0736090807264932,0.0259015407869388,9,1600,"study_1_LOD_vs_CN; study_10_LOD_vs_CN; study_11_LOD_vs_CN; study_2_LOD_vs_CN; study_3_Soma_LOD_vs_CN; study_4_LOD_vs_CN; study_5_LOD_vs_CN; study_6_LOD_vs_CN; study_7_LOD_vs_CN",5,"study_1; study_11; study_4; study_6; study_7",0.133210091619857
"FLT3",-0.0510837290662912,-0.107931350021698,0.00576389188911507,-1.77325893057792,0.076185811042316,0.762030446784062,NA,NA,NA,5,906,"study_1_LOD_vs_CN; study_11_LOD_vs_CN; study_2_LOD_vs_CN; study_3_Olink_LOD_vs_CN; study_5_LOD_vs_CN",2,"study_1; study_11",0.234982742491963
"ART3",-0.0145093877978187,-0.0371874669328819,0.00816869133724453,-1.77305835277633,0.0762190381179935,0.435643089683408,-0.0139896199748142,-0.0227812717006141,-0.00179238955573854,9,1714,"study_1_LOD_vs_CN; study_10_LOD_vs_CN; study_11_LOD_vs_CN; study_2_LOD_vs_CN; study_3_Soma_LOD_vs_CN; study_4_LOD_vs_CN; study_5_LOD_vs_CN; study_6_LOD_vs_CN; study_7_LOD_vs_CN",5,"study_1; study_11; study_4; study_6; study_7",0.133210091619857
"HEBP2",0.0281705515382818,-0.00202369200681407,0.0583647950833777,1.77167159012068,0.0764490882632339,0,0.0277062653660088,0.0190575891308132,0.0372707837287203,5,1069,"study_1_LOD_vs_CN; study_11_LOD_vs_CN; study_2_LOD_vs_CN; study_5_LOD_vs_CN; study_6_LOD_vs_CN",3,"study_1; study_11; study_6",0.211454344988497
"IGLL5",-0.035031030682855,-0.0961127960935199,0.0260507347278099,-1.77087937513068,0.0765807627796178,0.684675425719259,-0.0392357296906258,-0.084096310474148,-0.012422595270395,6,1482,"study_1_LOD_vs_CN; study_10_LOD_vs_CN; study_11_LOD_vs_CN; study_2_LOD_vs_CN; study_5_LOD_vs_CN; study_7_LOD_vs_CN",3,"study_1; study_11; study_7",0.211454344988497
"PCDHB16",-0.037321844561919,-0.0960045557281658,0.0213608666043277,-1.77056840926482,0.0766324991102476,0,NA,NA,NA,2,838,"study_1_LOD_vs_CN; study_11_LOD_vs_CN",2,"study_1; study_11",0.235415037266681
"S100A6",0.0738738034075929,-0.00122084010297151,0.148968446918157,1.768753199968,0.0769350699144098,0.879315186004329,0.0737647225193731,0.00401088766516687,0.169461980074653,7,1293,"study_1_LOD_vs_CN; study_11_LOD_vs_CN; study_2_LOD_vs_CN; study_3_Soma_LOD_vs_CN; study_4_LOD_vs_CN; study_5_LOD_vs_CN; study_6_LOD_vs_CN",4,"study_1; study_11; study_4; study_6",0.152477649875618
"TMED4",0.0242468920518586,0.00323114739724258,0.0452626367064746,1.76236115654656,0.0780082971083773,0.735755784131417,0.0257454045693289,0.0147522302843479,0.0367781616181572,7,1379,"study_1_LOD_vs_CN; study_11_LOD_vs_CN; study_2_LOD_vs_CN; study_4_LOD_vs_CN; study_5_LOD_vs_CN; study_6_LOD_vs_CN; study_7_LOD_vs_CN",5,"study_1; study_11; study_4; study_6; study_7",0.136028073642499
"IGLC2",-0.0671551615837184,-0.154402144068686,0.0200918209012493,-1.76055667068018,0.0783134677717288,0,-0.0673062944749758,-0.0808488615346176,-0.0498112868983511,7,1576,"study_1_LOD_vs_CN; study_2_LOD_vs_CN; study_3_Olink_LOD_vs_CN; study_4_LOD_vs_CN; study_5_LOD_vs_CN; study_8_LOD_vs_CN; study_9_LOD_vs_CN",3,"study_1; study_4; study_8",0.215168191154998
"IGHV3-30",-0.0240851799170093,-0.0783565420601407,0.030186182226122,-1.75746904797038,0.0788378931175793,0.737758934853633,-0.0243705094352321,-0.0514513817171681,0.00797717184599048,6,1476,"study_1_LOD_vs_CN; study_10_LOD_vs_CN; study_11_LOD_vs_CN; study_2_LOD_vs_CN; study_4_LOD_vs_CN; study_7_LOD_vs_CN",4,"study_1; study_11; study_4; study_7",0.155545032367116
"ITGAV",0.0336899661494846,-0.0229598492930706,0.0903397815920397,1.75632801809483,0.0790324158565381,0.222036480982895,0.0254403594520863,-0.0240043228007152,0.0660385259628049,6,1263,"study_11_LOD_vs_CN; study_2_LOD_vs_CN; study_3_Olink_LOD_vs_CN; study_3_Soma_LOD_vs_CN; study_8_LOD_vs_CN; study_9_LOD_vs_CN",3,"study_11; study_2; study_8",0.216073846307284
"ANXA5",0.0355704819427527,0.00438403894559587,0.0667569249399096,1.75399457916693,0.0794314360079622,0.724888888041367,0.0353357732897809,0.0105590773833095,0.0637260848291108,8,1448,"study_1_LOD_vs_CN; study_11_LOD_vs_CN; study_2_LOD_vs_CN; study_3_Soma_LOD_vs_CN; study_4_LOD_vs_CN; study_5_LOD_vs_CN; study_6_LOD_vs_CN; study_7_LOD_vs_CN",5,"study_1; study_11; study_4; study_6; study_7",0.138196321923355
"CNDP2",0.075406349132571,0.00407889509653969,0.146733803168602,1.75286521488547,0.0796251457234085,0.624857026165451,0.0694430520954466,0.00711624906627109,0.126900580617668,4,727,"study_1_LOD_vs_CN; study_11_LOD_vs_CN; study_2_LOD_vs_CN; study_6_LOD_vs_CN",3,"study_1; study_11; study_6",0.216627234688685
"HRG",-0.0193147052754268,-0.0673092954732632,0.0286798849224095,-1.75228552494573,0.0797247237811663,0.819966140199477,-0.0189478756806497,-0.0599566761859285,0.0438735497485671,9,1731,"study_1_LOD_vs_CN; study_10_LOD_vs_CN; study_11_LOD_vs_CN; study_2_LOD_vs_CN; study_3_Soma_LOD_vs_CN; study_4_LOD_vs_CN; study_5_LOD_vs_CN; study_6_LOD_vs_CN; study_7_LOD_vs_CN",5,"study_1; study_11; study_4; study_6; study_7",0.138393482139316
"MUC5B",-0.127841847426593,-0.26889602002338,0.013212325170194,-1.75064764427674,0.0800066230177677,0.616327322947589,NA,NA,NA,2,416,"study_1_LOD_vs_CN; study_6_LOD_vs_CN",2,"study_1; study_6",0.244801141345202
"TLN1",-0.116482246566187,-0.243032536410444,0.0100680432780699,-1.74939165483131,0.0802233423983626,0.729135701723699,-0.128550792083316,-0.21965382129089,-0.0462122978883363,5,918,"study_1_LOD_vs_CN; study_11_LOD_vs_CN; study_2_LOD_vs_CN; study_6_LOD_vs_CN; study_7_LOD_vs_CN",4,"study_1; study_11; study_6; study_7",0.157568717356425
"KL",-0.16928920093491,-0.358621995457556,0.0200435935877357,-1.74734583091683,0.0805773676542908,0,NA,NA,NA,2,55,"study_3_Soma_LOD_vs_CN; study_6_LOD_vs_CN",2,"study_3_Soma; study_6",0.245569120470219
"CFHR2",0.0707868210595796,0.00816440806525755,0.133409234053902,1.7437696215131,0.0811992696661052,0.843737377216923,0.0754098153984871,0.0310322263170967,0.153442151422128,8,1533,"study_1_LOD_vs_CN; study_10_LOD_vs_CN; study_11_LOD_vs_CN; study_2_LOD_vs_CN; study_3_Soma_LOD_vs_CN; study_4_LOD_vs_CN; study_5_LOD_vs_CN; study_6_LOD_vs_CN",4,"study_1; study_11; study_4; study_6",0.158773571936402
"IGKV1-39",-0.0478784734035732,-0.106996084526602,0.0112391377194558,-1.74362192938913,0.0812250368318049,0,-0.0502070280152643,-0.0854341437488754,-0.017758195967322,3,1064,"study_1_LOD_vs_CN; study_11_LOD_vs_CN; study_7_LOD_vs_CN",3,"study_1; study_11; study_7",0.219544849325313
"FGF5",0.075820783827996,-0.00932194549956739,0.160963513155559,1.74288332774366,0.0813539968681297,0,NA,NA,NA,3,929,"study_3_Olink_LOD_vs_CN; study_8_LOD_vs_CN; study_9_LOD_vs_CN",2,"study_3_Olink; study_8",0.246956006303255
"SLIT1",-0.0592246063797081,-0.107486053423,-0.0109631593364158,-1.74211273944114,0.0814887188486746,0.856066847381427,-0.0512424084955788,-0.110717730014779,0.0197553915924777,6,1075,"study_1_LOD_vs_CN; study_11_LOD_vs_CN; study_2_LOD_vs_CN; study_3_Soma_LOD_vs_CN; study_5_LOD_vs_CN; study_6_LOD_vs_CN",3,"study_1; study_11; study_6",0.219544849325313
"CFI",-0.0252414874770997,-0.0602442882825164,0.00976131332831694,-1.74200919159033,0.0815068359130447,0.647954642310334,-0.0251834719449279,-0.0524502199000211,0.014160119751222,9,1732,"study_1_LOD_vs_CN; study_10_LOD_vs_CN; study_11_LOD_vs_CN; study_2_LOD_vs_CN; study_3_Soma_LOD_vs_CN; study_4_LOD_vs_CN; study_5_LOD_vs_CN; study_6_LOD_vs_CN; study_7_LOD_vs_CN",5,"study_1; study_11; study_4; study_6; study_7",0.141168371209755
"COL25A1",-0.201500096795418,-0.45357318797103,0.0505729943801937,-1.74025627639608,0.0818140278687314,0.185672641412133,NA,NA,NA,2,55,"study_2_LOD_vs_CN; study_6_LOD_vs_CN",2,"study_2; study_6",0.247374698437739
"PCYOX1",-0.0381418793193252,-0.0745516199717122,-0.00173213866693815,-1.73985197680807,0.0818850130142456,0.86138178838933,-0.039553794694244,-0.0734984393366768,-0.0151515584070626,8,1303,"study_1_LOD_vs_CN; study_11_LOD_vs_CN; study_2_LOD_vs_CN; study_3_Soma_LOD_vs_CN; study_4_LOD_vs_CN; study_5_LOD_vs_CN; study_6_LOD_vs_CN; study_7_LOD_vs_CN",5,"study_1; study_11; study_4; study_6; study_7",0.141504662939224
"TCN2",-0.0239621363652013,-0.0588547948055811,0.0109305220751784,-1.73881475027215,0.0820673532010975,0.472337425959626,-0.0243664016987251,-0.0421930626945062,-0.0166656138616857,11,2409,"study_1_LOD_vs_CN; study_11_LOD_vs_CN; study_2_LOD_vs_CN; study_3_Olink_LOD_vs_CN; study_3_Soma_LOD_vs_CN; study_4_LOD_vs_CN; study_5_LOD_vs_CN; study_6_LOD_vs_CN; study_7_LOD_vs_CN; study_8_LOD_vs_CN; study_9_LOD_vs_CN",6,"study_1; study_11; study_4; study_6; study_7; study_8",0.15140011711237
"SLC24A2",-0.0319861928718005,-0.0631651129457148,-0.000807272797886154,-1.73574498838539,0.0826089349615279,0.53718318949015,-0.0325792346804308,-0.0524346395051804,-0.0247150695191955,7,1319,"study_1_LOD_vs_CN; study_11_LOD_vs_CN; study_2_LOD_vs_CN; study_4_LOD_vs_CN; study_5_LOD_vs_CN; study_6_LOD_vs_CN; study_7_LOD_vs_CN",5,"study_1; study_11; study_4; study_6; study_7",0.142435585169092
"IGHV3-13",-0.0662969790275792,-0.143804115182457,0.011210157127299,-1.73482329743354,0.0827721083167083,0.705557164914284,NA,NA,NA,4,1048,"study_1_LOD_vs_CN; study_11_LOD_vs_CN; study_2_LOD_vs_CN; study_5_LOD_vs_CN",2,"study_1; study_11",0.248544806451663
"ERVMER34-1",-0.0868519074862993,-0.183134234064589,0.00943041909199072,-1.73386396280466,0.0829422233304878,0,NA,NA,NA,2,395,"study_11_LOD_vs_CN; study_2_LOD_vs_CN",2,"study_11; study_2",0.248544806451663
"SLC39A6",-0.0272320874777585,-0.058916269645269,0.00445209468975191,-1.7328551280314,0.0831214215078443,0.813053559969811,-0.0249394523868199,-0.0570849830232785,0.00802994157159457,6,1122,"study_1_LOD_vs_CN; study_11_LOD_vs_CN; study_2_LOD_vs_CN; study_5_LOD_vs_CN; study_6_LOD_vs_CN; study_7_LOD_vs_CN",4,"study_1; study_11; study_6; study_7",0.16180970053527
"BMP4",-0.0822359614652551,-0.174485556078905,0.0100136331483947,-1.73257129545509,0.0831718948672883,0,NA,NA,NA,4,956,"study_3_Olink_LOD_vs_CN; study_3_Soma_LOD_vs_CN; study_8_LOD_vs_CN; study_9_LOD_vs_CN",2,"study_3_Soma; study_8",0.248544806451663
"GDF15",0.0502842102507437,-0.00640099536708692,0.106969415868574,1.7314691790887,0.0833681173786161,0,0.0494962606977459,0.0230341492461172,0.072750216468543,7,1738,"study_1_LOD_vs_CN; study_11_LOD_vs_CN; study_2_LOD_vs_CN; study_3_Olink_LOD_vs_CN; study_3_Soma_LOD_vs_CN; study_8_LOD_vs_CN; study_9_LOD_vs_CN",3,"study_1; study_11; study_8",0.223138821860513
"HGFAC",-0.0238819930171188,-0.0672509790305358,0.0194869929962983,-1.7300172185264,0.0836271989207376,0.695151999227743,-0.0229807214887558,-0.0430020226413436,0.0196654019830964,8,1477,"study_1_LOD_vs_CN; study_11_LOD_vs_CN; study_2_LOD_vs_CN; study_3_Soma_LOD_vs_CN; study_4_LOD_vs_CN; study_5_LOD_vs_CN; study_6_LOD_vs_CN; study_7_LOD_vs_CN",5,"study_1; study_11; study_4; study_6; study_7",0.143702014241728
"OXT",0.0298702832316263,0.00215967285008189,0.0575808936131706,1.72951385908489,0.083717168244856,0.61643682029126,0.028923263600526,0.00742229582515009,0.039916330347859,8,1426,"study_1_LOD_vs_CN; study_11_LOD_vs_CN; study_2_LOD_vs_CN; study_3_Soma_LOD_vs_CN; study_4_LOD_vs_CN; study_5_LOD_vs_CN; study_6_LOD_vs_CN; study_7_LOD_vs_CN",5,"study_1; study_11; study_4; study_6; study_7",0.143702014241728
"KRT77",0.154533477688283,-0.0190474253576077,0.328114380734174,1.72883093382925,0.0838393580378145,0,NA,NA,NA,3,267,"study_2_LOD_vs_CN; study_5_LOD_vs_CN; study_7_LOD_vs_CN",2,"study_2; study_7",0.249568321600936
"GP1BA",-0.0497619271875001,-0.115227750342906,0.0157038959679059,-1.72746602041163,0.0840840026261259,0.335027055327161,-0.0509778895824039,-0.0971087895939865,-0.0271049001061822,8,1896,"study_1_LOD_vs_CN; study_11_LOD_vs_CN; study_2_LOD_vs_CN; study_3_Olink_LOD_vs_CN; study_5_LOD_vs_CN; study_6_LOD_vs_CN; study_8_LOD_vs_CN; study_9_LOD_vs_CN",4,"study_1; study_11; study_6; study_8",0.162959261726739
"IFI30",-0.0662154036327546,-0.135067735948771,0.00263692868326194,-1.72707015275922,0.0841550652193332,0.783364276308322,-0.0788525083047489,-0.153060151574578,-0.0244869623162154,6,1169,"study_1_LOD_vs_CN; study_11_LOD_vs_CN; study_2_LOD_vs_CN; study_3_Olink_LOD_vs_CN; study_5_LOD_vs_CN; study_6_LOD_vs_CN",3,"study_1; study_11; study_6",0.223138821860513
"KLK10",-0.0529119550277317,-0.0978447860931834,-0.00797912396227998,-1.726460766364,0.0842645517729042,0.815472714225953,-0.0533040230054352,-0.0986134291708094,-0.0146306394528835,10,2074,"study_1_LOD_vs_CN; study_11_LOD_vs_CN; study_3_Olink_LOD_vs_CN; study_3_Soma_LOD_vs_CN; study_4_LOD_vs_CN; study_5_LOD_vs_CN; study_6_LOD_vs_CN; study_7_LOD_vs_CN; study_8_LOD_vs_CN; study_9_LOD_vs_CN",6,"study_1; study_11; study_4; study_6; study_7; study_8",0.154124906661551
"IGKV1-27",-0.0521830049781218,-0.116486112009065,0.0121201020528217,-1.7257557474474,0.0843913641268156,0,-0.0540512434666016,-0.0875664960197089,-0.0201307216689474,3,1046,"study_1_LOD_vs_CN; study_11_LOD_vs_CN; study_7_LOD_vs_CN",3,"study_1; study_11; study_7",0.223138821860513
"IGKV1-8",-0.0348729720464776,-0.085775894965846,0.0160299508728907,-1.72553609037804,0.0844309055688428,0.867954713164516,-0.0420060084551516,-0.126926947953639,0.0216954641200544,5,1107,"study_1_LOD_vs_CN; study_11_LOD_vs_CN; study_2_LOD_vs_CN; study_5_LOD_vs_CN; study_7_LOD_vs_CN",3,"study_1; study_11; study_7",0.223138821860513
"CXCL5",0.0781765311515509,-0.00767801129095548,0.164031073594057,1.72444853317405,0.0846269024741441,0.711165292034551,NA,NA,NA,3,929,"study_3_Olink_LOD_vs_CN; study_8_LOD_vs_CN; study_9_LOD_vs_CN",2,"study_3_Olink; study_8",0.250346698582665
"FZD1",-0.0253557855548445,-0.0534955894846673,0.00278401837497838,-1.72401436228306,0.0847052504265731,0,-0.0243617804997456,-0.0345831096109595,-0.0110542863849223,7,1157,"study_1_LOD_vs_CN; study_11_LOD_vs_CN; study_2_LOD_vs_CN; study_3_Soma_LOD_vs_CN; study_4_LOD_vs_CN; study_5_LOD_vs_CN; study_6_LOD_vs_CN",4,"study_1; study_11; study_4; study_6",0.163440086726163
"AMIGO1",-0.0995677858360885,-0.205255167000841,0.0061195953286641,-1.72375108445796,0.0847527885826729,0.563800279006004,NA,NA,NA,2,417,"study_11_LOD_vs_CN; study_3_Soma_LOD_vs_CN",2,"study_11; study_3_Soma",0.250346698582665
"DBH",-0.0460737031996998,-0.101603567433,0.00945616103360002,-1.72332270137174,0.0848301847149158,0.296374200544481,-0.045533388634117,-0.0708576772484357,-0.000567811654357142,7,1372,"study_1_LOD_vs_CN; study_11_LOD_vs_CN; study_2_LOD_vs_CN; study_4_LOD_vs_CN; study_5_LOD_vs_CN; study_6_LOD_vs_CN; study_7_LOD_vs_CN",5,"study_1; study_11; study_4; study_6; study_7",0.145288222819087
"GALNT7",-0.0123552567772324,-0.0272012724977621,0.00249075894329734,-1.7216167624662,0.0851389646419954,0.536044693048814,-0.0114049701704605,-0.0171165616802479,-0.00104278817172191,8,1482,"study_1_LOD_vs_CN; study_11_LOD_vs_CN; study_2_LOD_vs_CN; study_3_Olink_LOD_vs_CN; study_4_LOD_vs_CN; study_5_LOD_vs_CN; study_6_LOD_vs_CN; study_7_LOD_vs_CN",5,"study_1; study_11; study_4; study_6; study_7",0.14549303068821
"PGLYRP2",-0.0268853834485433,-0.0681515108964053,0.0143807439993187,-1.71790761542905,0.0858134675562785,0.70531845026868,-0.0266521561766119,-0.0577172090779213,0.0203072010562016,9,1696,"study_1_LOD_vs_CN; study_10_LOD_vs_CN; study_11_LOD_vs_CN; study_2_LOD_vs_CN; study_3_Soma_LOD_vs_CN; study_4_LOD_vs_CN; study_5_LOD_vs_CN; study_6_LOD_vs_CN; study_7_LOD_vs_CN",5,"study_1; study_11; study_4; study_6; study_7",0.146320524502834
"SPRN",-0.0522981436031784,-0.0935536488902479,-0.011042638316109,-1.71343569157012,0.0866324147817469,0.885177086768232,-0.0510102281820587,-0.113615308720294,0.0102943188793556,6,1142,"study_1_LOD_vs_CN; study_11_LOD_vs_CN; study_2_LOD_vs_CN; study_3_Soma_LOD_vs_CN; study_6_LOD_vs_CN; study_7_LOD_vs_CN",4,"study_1; study_11; study_6; study_7",0.166425428396514
"SULF1",0.0614306603074456,-0.0042187574080873,0.127080078022978,1.71334390199103,0.0866492901510944,0.312819449850727,NA,NA,NA,4,466,"study_1_LOD_vs_CN; study_2_LOD_vs_CN; study_5_LOD_vs_CN; study_6_LOD_vs_CN",2,"study_1; study_6",0.254027456914481
"CR1",-0.0349887851290697,-0.0923517001965431,0.0223741299384036,-1.71328343436639,0.0866604084786379,0,NA,NA,NA,2,212,"study_3_Soma_LOD_vs_CN; study_7_LOD_vs_CN",2,"study_3_Soma; study_7",0.254027456914481
"REEP2",0.0796999750019694,-0.047247959200899,0.206647909204838,1.70977867378504,0.0873068080535992,0.0257310621808583,0.10454224973709,0.0553465102389591,0.182389173263077,4,420,"study_11_LOD_vs_CN; study_2_LOD_vs_CN; study_3_Soma_LOD_vs_CN; study_6_LOD_vs_CN",3,"study_11; study_2; study_6",0.22964586952487
"CLUL1",-0.0149224696278092,-0.0567913667122131,0.0269464274565948,-1.70812491369069,0.0876131670388844,0.620960736569391,-0.0145830755801532,-0.0439044725829852,0.00652418547448471,11,2268,"study_1_LOD_vs_CN; study_11_LOD_vs_CN; study_2_LOD_vs_CN; study_3_Olink_LOD_vs_CN; study_3_Soma_LOD_vs_CN; study_4_LOD_vs_CN; study_5_LOD_vs_CN; study_6_LOD_vs_CN; study_7_LOD_vs_CN; study_8_LOD_vs_CN; study_9_LOD_vs_CN",6,"study_1; study_11; study_4; study_6; study_7; study_8",0.158891675816282
"ENPP2",-0.0281545308776349,-0.0577036241318496,0.00139456237657984,-1.70740873528663,0.0877461078803825,0.822525218537844,-0.0303641028557233,-0.0661664967063965,-0.00210549204267042,10,1760,"study_1_LOD_vs_CN; study_10_LOD_vs_CN; study_11_LOD_vs_CN; study_2_LOD_vs_CN; study_3_Olink_LOD_vs_CN; study_3_Soma_LOD_vs_CN; study_4_LOD_vs_CN; study_5_LOD_vs_CN; study_6_LOD_vs_CN; study_7_LOD_vs_CN",5,"study_1; study_11; study_4; study_6; study_7",0.149284860531005
"FLNC",0.0202172448797466,-0.0109919700344855,0.0514264597939787,1.70447115759056,0.0882930999977161,0.71195161445547,0.0200011438633388,0.00806782316928315,0.0311670971644197,6,1251,"study_1_LOD_vs_CN; study_11_LOD_vs_CN; study_2_LOD_vs_CN; study_5_LOD_vs_CN; study_6_LOD_vs_CN; study_7_LOD_vs_CN",4,"study_1; study_11; study_6; study_7",0.168357706963445
"BACE1",0.020072928699499,-0.00324166502942328,0.0433875224284213,1.70282841138518,0.0886001842671004,0.323106807067091,0.0208542685165942,0.0034325241427049,0.039603456645832,6,1250,"study_1_LOD_vs_CN; study_11_LOD_vs_CN; study_2_LOD_vs_CN; study_5_LOD_vs_CN; study_6_LOD_vs_CN; study_7_LOD_vs_CN",4,"study_1; study_11; study_6; study_7",0.168357706963445
"MST1",-0.0464860554032518,-0.104546198864019,0.0115740880575155,-1.70180785570526,0.088791393398529,0.438588839625168,-0.0447949223863032,-0.0664293482458475,-0.00589811440778935,8,1428,"study_1_LOD_vs_CN; study_10_LOD_vs_CN; study_11_LOD_vs_CN; study_2_LOD_vs_CN; study_3_Soma_LOD_vs_CN; study_4_LOD_vs_CN; study_5_LOD_vs_CN; study_6_LOD_vs_CN",4,"study_1; study_11; study_4; study_6",0.168357706963445
"NPPC",-0.0229852514842831,-0.0447113549209929,-0.00125914804757325,-1.70028753275671,0.0890768543530853,0.788497872513813,-0.0236558940309692,-0.0449370496768506,-0.0143302280553787,11,2561,"study_1_LOD_vs_CN; study_10_LOD_vs_CN; study_11_LOD_vs_CN; study_2_LOD_vs_CN; study_3_Olink_LOD_vs_CN; study_4_LOD_vs_CN; study_5_LOD_vs_CN; study_6_LOD_vs_CN; study_7_LOD_vs_CN; study_8_LOD_vs_CN; study_9_LOD_vs_CN",6,"study_1; study_11; study_4; study_6; study_7; study_8",0.160188628836641
"IGLV5-37",-0.0969007508237486,-0.204818273410762,0.0110167717632643,-1.69619847632106,0.0898482989297299,0,-0.095770396263613,-0.131126709473682,-0.0564572966216485,4,937,"study_1_LOD_vs_CN; study_11_LOD_vs_CN; study_5_LOD_vs_CN; study_6_LOD_vs_CN",3,"study_1; study_11; study_6",0.23521606559434
"AGA",0.0257060605723091,-0.00178735030872741,0.0531994714533456,1.69252561422394,0.090545800544507,0.416570942228011,0.0259875677391457,0.0139384798651834,0.0362554567645327,9,1729,"study_1_LOD_vs_CN; study_10_LOD_vs_CN; study_11_LOD_vs_CN; study_2_LOD_vs_CN; study_3_Soma_LOD_vs_CN; study_4_LOD_vs_CN; study_5_LOD_vs_CN; study_6_LOD_vs_CN; study_7_LOD_vs_CN",5,"study_1; study_11; study_4; study_6; study_7",0.153707992535819
"RETN",0.129558871552293,-0.0105973808821663,0.269715123986751,1.69142163018958,0.0907563040145895,0,0.192332022773947,0.0844633480456528,0.361722864738666,6,1056,"study_2_LOD_vs_CN; study_3_Olink_LOD_vs_CN; study_3_Soma_LOD_vs_CN; study_6_LOD_vs_CN; study_8_LOD_vs_CN; study_9_LOD_vs_CN",3,"study_2; study_6; study_8",0.23559619429989
"CAMP",0.189781455495488,-0.00315710237190961,0.382720013362886,1.69097018832213,0.0908424965408585,0.778253929496942,0.0490125179517743,-0.291469623574708,0.237153988863542,5,993,"study_2_LOD_vs_CN; study_3_Soma_LOD_vs_CN; study_6_LOD_vs_CN; study_8_LOD_vs_CN; study_9_LOD_vs_CN",3,"study_2; study_6; study_8",0.23559619429989
"RELL1",0.0472744336318612,-0.00115631991197047,0.0957051871756929,1.69069392003582,0.0908952761318108,0.760873828750333,0.044765680307898,0.0272839601237598,0.0634062470580737,6,1770,"study_1_LOD_vs_CN; study_11_LOD_vs_CN; study_3_Soma_LOD_vs_CN; study_7_LOD_vs_CN; study_8_LOD_vs_CN; study_9_LOD_vs_CN",4,"study_1; study_11; study_7; study_8",0.171604012697126
"TNRC18",0.0615806941374503,-0.00106084286193833,0.124222231136839,1.69034212517134,0.0909625203674174,0.864485984560754,NA,NA,NA,3,1062,"study_7_LOD_vs_CN; study_8_LOD_vs_CN; study_9_LOD_vs_CN",2,"study_7; study_8",0.265624394076717
"HEXA",-0.018623645102394,-0.0441622380659645,0.00691494786117645,-1.68843893921484,0.0913270009658403,0.491851768915266,-0.0190849292450976,-0.0364150685673773,-0.00176365983224278,9,1731,"study_1_LOD_vs_CN; study_10_LOD_vs_CN; study_11_LOD_vs_CN; study_2_LOD_vs_CN; study_3_Olink_LOD_vs_CN; study_4_LOD_vs_CN; study_5_LOD_vs_CN; study_6_LOD_vs_CN; study_7_LOD_vs_CN",5,"study_1; study_11; study_4; study_6; study_7",0.154692651415707
"CYTL1",0.0348270204544119,-0.00364241056258594,0.0732964514714097,1.68737525942015,0.0915312179806143,0.500113251701102,0.0363352323187606,0.0180657236546152,0.0435001102925979,7,1297,"study_1_LOD_vs_CN; study_11_LOD_vs_CN; study_2_LOD_vs_CN; study_3_Soma_LOD_vs_CN; study_4_LOD_vs_CN; study_5_LOD_vs_CN; study_6_LOD_vs_CN",4,"study_1; study_11; study_4; study_6",0.172062976289738
"OLFM3",-0.0670780551874191,-0.129808148677577,-0.00434796169726062,-1.68002623375503,0.0929522116814717,0.707798799360403,-0.0600744960394226,-0.116131935507469,0.00957572699577386,3,776,"study_1_LOD_vs_CN; study_11_LOD_vs_CN; study_6_LOD_vs_CN",3,"study_1; study_11; study_6",0.239946406898683
"ADAM17",-0.0114336429933064,-0.0296575196519145,0.00679023366530174,-1.67979481295333,0.0929972447318882,0.793512088850964,-0.0118718388291954,-0.0304936045592352,0.00945027133124884,6,1231,"study_1_LOD_vs_CN; study_11_LOD_vs_CN; study_2_LOD_vs_CN; study_5_LOD_vs_CN; study_6_LOD_vs_CN; study_7_LOD_vs_CN",4,"study_1; study_11; study_6; study_7",0.173455848952591
"CILP",0.0687419957585318,-0.0113974299047218,0.148881421421785,1.67945084457629,0.0930642111960249,0,0.0656846306606657,0.0522742819929567,0.0772978258355201,4,697,"study_11_LOD_vs_CN; study_3_Soma_LOD_vs_CN; study_6_LOD_vs_CN; study_7_LOD_vs_CN",4,"study_11; study_3_Soma; study_6; study_7",0.173455848952591
"NID2",-0.00232826504826557,-0.0333291471674523,0.0286726170709211,-1.67868522225427,0.0932134075062888,0.749912275385811,-0.00273697541973144,-0.018226704223112,0.0117973577135904,12,2652,"study_1_LOD_vs_CN; study_10_LOD_vs_CN; study_11_LOD_vs_CN; study_2_LOD_vs_CN; study_3_Olink_LOD_vs_CN; study_3_Soma_LOD_vs_CN; study_4_LOD_vs_CN; study_5_LOD_vs_CN; study_6_LOD_vs_CN; study_7_LOD_vs_CN; study_8_LOD_vs_CN; study_9_LOD_vs_CN",6,"study_1; study_11; study_4; study_6; study_7; study_8",0.166230576719548
"C1QC",0.0205587087557767,3.66457393794449e-05,0.0410807717721739,1.67477757408294,0.0939778804931464,0.455441139828794,0.0212172648045164,0.0123166825902733,0.0299659138189555,8,1704,"study_1_LOD_vs_CN; study_10_LOD_vs_CN; study_11_LOD_vs_CN; study_2_LOD_vs_CN; study_4_LOD_vs_CN; study_5_LOD_vs_CN; study_6_LOD_vs_CN; study_7_LOD_vs_CN",5,"study_1; study_11; study_4; study_6; study_7",0.158832945273032
"ENG",-0.0264666470365962,-0.0685072737496389,0.0155739796764465,-1.67475835438729,0.0939816529268921,0.372985407583629,-0.0280631229000872,-0.0520186816102951,-0.00575300608586681,8,1809,"study_1_LOD_vs_CN; study_11_LOD_vs_CN; study_2_LOD_vs_CN; study_3_Olink_LOD_vs_CN; study_3_Soma_LOD_vs_CN; study_6_LOD_vs_CN; study_8_LOD_vs_CN; study_9_LOD_vs_CN",4,"study_1; study_11; study_6; study_8",0.174423576194825
"SVIP",-0.0675791396073345,-0.136646583251332,0.00148830403666281,-1.67199320624485,0.0945256617469413,0.583531829104499,-0.0385075914116654,-0.075781219128847,0.0354433549711201,4,574,"study_11_LOD_vs_CN; study_2_LOD_vs_CN; study_3_Soma_LOD_vs_CN; study_6_LOD_vs_CN",3,"study_11; study_2; study_6",0.242539397090783
"ERMN",0.0509805298782906,-0.00105296206479077,0.103014021821372,1.67044820390867,0.0948307192228827,0.705862659707249,0.100867525580429,0.0269086787972985,0.223886166742338,4,605,"study_11_LOD_vs_CN; study_2_LOD_vs_CN; study_3_Soma_LOD_vs_CN; study_6_LOD_vs_CN",3,"study_11; study_2; study_6",0.242539397090783
"FBLN7",-0.0213733676916946,-0.0454307009947378,0.00268396561134869,-1.66741183406514,0.0954325423416499,0.721685695017558,-0.0193370142234363,-0.0289846933070842,0.00810614902026282,8,1435,"study_1_LOD_vs_CN; study_11_LOD_vs_CN; study_2_LOD_vs_CN; study_3_Soma_LOD_vs_CN; study_4_LOD_vs_CN; study_5_LOD_vs_CN; study_6_LOD_vs_CN; study_7_LOD_vs_CN",5,"study_1; study_11; study_4; study_6; study_7",0.160937774255984
"SEMA7A",-0.0248103651573041,-0.0539380023434431,0.00431727202883489,-1.66526477327946,0.0958599432323431,0.504809755181631,-0.0246950244589064,-0.0351363476299967,-0.0116299101170195,12,2660,"study_1_LOD_vs_CN; study_10_LOD_vs_CN; study_11_LOD_vs_CN; study_2_LOD_vs_CN; study_3_Olink_LOD_vs_CN; study_3_Soma_LOD_vs_CN; study_4_LOD_vs_CN; study_5_LOD_vs_CN; study_6_LOD_vs_CN; study_7_LOD_vs_CN; study_8_LOD_vs_CN; study_9_LOD_vs_CN",6,"study_1; study_11; study_4; study_6; study_7; study_8",0.16953742026216
"MT3",-0.0303352503282929,-0.0606948530958928,2.43524393069711e-05,-1.66366269555334,0.0961798551561268,0.867106611248118,-0.0282271093747972,-0.0674051261699542,0.0296766736741249,8,1702,"study_1_LOD_vs_CN; study_10_LOD_vs_CN; study_11_LOD_vs_CN; study_2_LOD_vs_CN; study_4_LOD_vs_CN; study_5_LOD_vs_CN; study_6_LOD_vs_CN; study_7_LOD_vs_CN",5,"study_1; study_11; study_4; study_6; study_7",0.161843126072345
"EEF1A1P5",0.0402710489940888,-0.00827720013987465,0.0888192981280523,1.66176265169837,0.096560373521184,0,NA,NA,NA,2,675,"study_11_LOD_vs_CN; study_7_LOD_vs_CN",2,"study_11; study_7",0.280902904788899
"COL1A1",-0.0198883994305763,-0.0446726880674921,0.00489588920633949,-1.65817842429618,0.0972814582996143,0.8130973898292,-0.0199808994561821,-0.0360704268025149,-0.00253649648732448,12,2661,"study_1_LOD_vs_CN; study_10_LOD_vs_CN; study_11_LOD_vs_CN; study_2_LOD_vs_CN; study_3_Olink_LOD_vs_CN; study_3_Soma_LOD_vs_CN; study_4_LOD_vs_CN; study_5_LOD_vs_CN; study_6_LOD_vs_CN; study_7_LOD_vs_CN; study_8_LOD_vs_CN; study_9_LOD_vs_CN",6,"study_1; study_11; study_4; study_6; study_7; study_8",0.170641246525553
"CPZ",0.0513107709259775,-0.00857749209109026,0.111199033943045,1.65687318652787,0.097545116448822,0,0.067038445623122,0.0376800088735041,0.110968297886577,3,626,"study_11_LOD_vs_CN; study_3_Soma_LOD_vs_CN; study_6_LOD_vs_CN",3,"study_11; study_3_Soma; study_6",0.24832490686694
"SYT3",-0.0375768234914267,-0.0787907586625548,0.0036371116797013,-1.65468867269295,0.0979876659529005,0.864317043464488,-0.0333191390886547,-0.0718359090664401,-0.00162844888966946,4,887,"study_1_LOD_vs_CN; study_11_LOD_vs_CN; study_2_LOD_vs_CN; study_6_LOD_vs_CN",3,"study_1; study_11; study_6",0.24832490686694
"RMDN3",-0.0147493599840595,-0.0351555966119111,0.0056568766437921,-1.65045727730354,0.0988494444871383,0,-0.0137460860342638,-0.0185193178125672,-0.00324114979339126,6,1247,"study_1_LOD_vs_CN; study_11_LOD_vs_CN; study_2_LOD_vs_CN; study_5_LOD_vs_CN; study_6_LOD_vs_CN; study_7_LOD_vs_CN",4,"study_1; study_11; study_6; study_7",0.182683783482559
"CXADR",-0.00236562320175865,-0.0347316627240367,0.0300004163205194,-1.65013332061904,0.0989156710202573,0.815793721666991,-0.00291563833775294,-0.0338199882476287,0.00990772128851499,11,2278,"study_1_LOD_vs_CN; study_11_LOD_vs_CN; study_2_LOD_vs_CN; study_3_Olink_LOD_vs_CN; study_3_Soma_LOD_vs_CN; study_4_LOD_vs_CN; study_5_LOD_vs_CN; study_6_LOD_vs_CN; study_7_LOD_vs_CN; study_8_LOD_vs_CN; study_9_LOD_vs_CN",6,"study_1; study_11; study_4; study_6; study_7; study_8",0.172097183726301
"BTN2A2",-0.0239639907222201,-0.0534761157004397,0.00554813425599938,-1.6496986214473,0.0990045923050468,0.532530256332959,NA,NA,NA,4,569,"study_1_LOD_vs_CN; study_2_LOD_vs_CN; study_3_Soma_LOD_vs_CN; study_7_LOD_vs_CN",2,"study_1; study_7",0.286926516567079
"IGLV3-19",-0.0413671904794228,-0.099734969494896,0.0170005885360505,-1.64709585606382,0.099538344764021,0,-0.0401769119361525,-0.0578423278177978,-0.0209237981692472,8,1621,"study_1_LOD_vs_CN; study_10_LOD_vs_CN; study_11_LOD_vs_CN; study_2_LOD_vs_CN; study_4_LOD_vs_CN; study_5_LOD_vs_CN; study_6_LOD_vs_CN; study_7_LOD_vs_CN",5,"study_1; study_11; study_4; study_6; study_7",0.16712879284614
"LUM",-0.00560953020873656,-0.0354948232800575,0.0242757628625844,-1.64546149707531,0.099874676521989,0.911289529945523,-0.00545684116193775,-0.0428120863349639,0.0478999889419603,9,1732,"study_1_LOD_vs_CN; study_10_LOD_vs_CN; study_11_LOD_vs_CN; study_2_LOD_vs_CN; study_3_Soma_LOD_vs_CN; study_4_LOD_vs_CN; study_5_LOD_vs_CN; study_6_LOD_vs_CN; study_7_LOD_vs_CN",5,"study_1; study_11; study_4; study_6; study_7",0.167328161754705
"NUDT16",0.214500445915107,-0.123620380670372,0.552621272500585,1.64514586540166,0.0999397340872095,0,NA,NA,NA,2,67,"study_3_Soma_LOD_vs_CN; study_6_LOD_vs_CN",2,"study_3_Soma; study_6",0.287293242633979
"DKK1",0.0699880304799728,-0.0130431775932874,0.153019238553233,1.64402219135863,0.100171618590004,0,NA,NA,NA,3,928,"study_3_Olink_LOD_vs_CN; study_8_LOD_vs_CN; study_9_LOD_vs_CN",2,"study_3_Olink; study_8",0.287293242633979
"FAM241B",-0.0461737534545467,-0.103223946896535,0.0108764399874412,-1.64362652653342,0.100253371127482,0,NA,NA,NA,3,579,"study_11_LOD_vs_CN; study_2_LOD_vs_CN; study_3_Soma_LOD_vs_CN",2,"study_11; study_2",0.287293242633979
"TMEM248",-0.0412316035414299,-0.0907993871621632,0.00833618007930335,-1.64123158260312,0.100749352093903,0,-0.0417010293859754,-0.0430073719272539,-0.0393452334543753,3,582,"study_11_LOD_vs_CN; study_2_LOD_vs_CN; study_6_LOD_vs_CN",3,"study_11; study_2; study_6",0.253324086214574
"RMDN1",-0.0504834042730078,-0.120599280331472,0.0196324717854562,-1.64063505006905,0.100873194690848,0,-0.0528331862885416,-0.0681468368354051,-0.039965674826973,4,863,"study_1_LOD_vs_CN; study_11_LOD_vs_CN; study_3_Soma_LOD_vs_CN; study_6_LOD_vs_CN",3,"study_1; study_11; study_6",0.253324086214574
"PRDX5",0.0460326793845401,0.00199565525207325,0.0900697035170069,1.63975451607349,0.101056218779348,0.814135933558657,0.0447431024643371,-0.0113097195810156,0.0882924229636469,9,1966,"study_1_LOD_vs_CN; study_11_LOD_vs_CN; study_2_LOD_vs_CN; study_3_Olink_LOD_vs_CN; study_4_LOD_vs_CN; study_5_LOD_vs_CN; study_6_LOD_vs_CN; study_8_LOD_vs_CN; study_9_LOD_vs_CN",5,"study_1; study_11; study_4; study_6; study_8",0.168939635307215
"SLITRK2",-0.0192046980233446,-0.0685611789547213,0.0301517829080321,-1.63793680802442,0.101434876619241,0.484141338084617,-0.0187297197345725,-0.0333399210395976,-0.00910586018872648,10,2118,"study_1_LOD_vs_CN; study_11_LOD_vs_CN; study_2_LOD_vs_CN; study_3_Olink_LOD_vs_CN; study_3_Soma_LOD_vs_CN; study_5_LOD_vs_CN; study_6_LOD_vs_CN; study_7_LOD_vs_CN; study_8_LOD_vs_CN; study_9_LOD_vs_CN",5,"study_1; study_11; study_6; study_7; study_8",0.169204815878952
"SEMA4D",-0.00755328479260313,-0.0299163342400229,0.0148097646548167,-1.6368033929808,0.101671556575021,0.442422613697989,-0.00547584871541448,-0.0174369022467544,0.0122144373824111,7,1313,"study_1_LOD_vs_CN; study_11_LOD_vs_CN; study_2_LOD_vs_CN; study_3_Soma_LOD_vs_CN; study_5_LOD_vs_CN; study_6_LOD_vs_CN; study_7_LOD_vs_CN",4,"study_1; study_11; study_6; study_7",0.187109839411174
"ADAM10",-0.0156697669365288,-0.0310735677916401,-0.000265966081417516,-1.63673342740138,0.101686181198268,0.775539805279999,-0.0159343790348406,-0.0278308744981507,-0.00251191311279936,8,1466,"study_1_LOD_vs_CN; study_11_LOD_vs_CN; study_2_LOD_vs_CN; study_3_Soma_LOD_vs_CN; study_4_LOD_vs_CN; study_5_LOD_vs_CN; study_6_LOD_vs_CN; study_7_LOD_vs_CN",5,"study_1; study_11; study_4; study_6; study_7",0.169256868704476
"VIM",0.0616447066765659,-0.0267225402516217,0.150011953604754,1.63535374446586,0.101974913067026,0,0.0616489425468945,0.0453155925610116,0.079671048968317,11,2408,"study_1_LOD_vs_CN; study_11_LOD_vs_CN; study_2_LOD_vs_CN; study_3_Olink_LOD_vs_CN; study_3_Soma_LOD_vs_CN; study_4_LOD_vs_CN; study_5_LOD_vs_CN; study_6_LOD_vs_CN; study_7_LOD_vs_CN; study_8_LOD_vs_CN; study_9_LOD_vs_CN",6,"study_1; study_11; study_4; study_6; study_7; study_8",0.175988962873738
"GALM",0.0964397173256015,-0.0273259372514316,0.220205371902635,1.63399141519728,0.102260653198416,0,NA,NA,NA,2,298,"study_11_LOD_vs_CN; study_2_LOD_vs_CN",2,"study_11; study_2",0.291956065637112
"PGD",0.0590593065682933,0.00026556102091254,0.117853052115674,1.62983255737006,0.103136890753023,0.757466247041614,0.0569724815788452,0.00171012212776154,0.119743516121633,6,1144,"study_1_LOD_vs_CN; study_11_LOD_vs_CN; study_2_LOD_vs_CN; study_3_Soma_LOD_vs_CN; study_5_LOD_vs_CN; study_6_LOD_vs_CN",3,"study_1; study_11; study_6",0.257842226882558
"SEMA3B",-0.019973325174451,-0.0449189544787236,0.00497230412982168,-1.62968764174937,0.103167530598587,0.571840708897342,-0.0211051666795449,-0.0465803168937704,-0.00422581624076744,7,1374,"study_1_LOD_vs_CN; study_11_LOD_vs_CN; study_2_LOD_vs_CN; study_4_LOD_vs_CN; study_5_LOD_vs_CN; study_6_LOD_vs_CN; study_7_LOD_vs_CN",5,"study_1; study_11; study_4; study_6; study_7",0.171351686890526
"GLB1",-0.0365162994928228,-0.0755436106704338,0.00251101168478813,-1.62741399443163,0.103649201300063,0.747044154148952,-0.0382849539872654,-0.0639853598511494,0.00413449775648995,9,1989,"study_1_LOD_vs_CN; study_11_LOD_vs_CN; study_2_LOD_vs_CN; study_3_Olink_LOD_vs_CN; study_3_Soma_LOD_vs_CN; study_5_LOD_vs_CN; study_7_LOD_vs_CN; study_8_LOD_vs_CN; study_9_LOD_vs_CN",4,"study_1; study_11; study_7; study_8",0.189951255939028
"IGLC3",-0.0390579354784157,-0.101694944656887,0.0235790737000554,-1.62340613787499,0.10450261349253,0,-0.0402118447641697,-0.0505757800572436,-0.0345016055985237,4,1348,"study_1_LOD_vs_CN; study_10_LOD_vs_CN; study_11_LOD_vs_CN; study_7_LOD_vs_CN",3,"study_1; study_11; study_7",0.259677805542827
"MYL6",0.0529784888486793,-0.00224697220747731,0.108203949904836,1.62198342068343,0.104806898092961,0.888486551223745,0.057225098004596,0.0316004293005596,0.0855843135185174,6,1046,"study_1_LOD_vs_CN; study_11_LOD_vs_CN; study_2_LOD_vs_CN; study_3_Soma_LOD_vs_CN; study_5_LOD_vs_CN; study_6_LOD_vs_CN",3,"study_1; study_11; study_6",0.259677805542827
"DSG2",-0.0116322364054506,-0.0303500749747419,0.00708560216384082,-1.62047976657089,0.105129257263503,0.789688477270009,-0.010733088919212,-0.0244357261353949,0.00913543456762014,8,1465,"study_1_LOD_vs_CN; study_11_LOD_vs_CN; study_2_LOD_vs_CN; study_3_Soma_LOD_vs_CN; study_4_LOD_vs_CN; study_5_LOD_vs_CN; study_6_LOD_vs_CN; study_7_LOD_vs_CN",5,"study_1; study_11; study_4; study_6; study_7",0.174233618180245
"PCSK5",-0.0360714773873851,-0.0800446792853139,0.00790172451054365,-1.61927736333113,0.105387598929448,0,-0.0363976103284791,-0.0388915746274507,-0.0336274238942805,5,958,"study_1_LOD_vs_CN; study_11_LOD_vs_CN; study_2_LOD_vs_CN; study_5_LOD_vs_CN; study_6_LOD_vs_CN",3,"study_1; study_11; study_6",0.259956077359306
"SUMF1",-0.019556052851368,-0.0642605621619552,0.0251484564592192,-1.61643287790265,0.106000754726357,0.891872383159836,NA,NA,NA,4,881,"study_1_LOD_vs_CN; study_11_LOD_vs_CN; study_2_LOD_vs_CN; study_5_LOD_vs_CN",2,"study_1; study_11",0.301513257888306
"IGLV3-21",-0.0382719480546007,-0.0979282656478704,0.021384369538669,-1.61561080215542,0.106178486929327,0.418287723382463,-0.0417292874902625,-0.0902078258412,-0.00170964632883859,6,1482,"study_1_LOD_vs_CN; study_10_LOD_vs_CN; study_11_LOD_vs_CN; study_2_LOD_vs_CN; study_5_LOD_vs_CN; study_7_LOD_vs_CN",3,"study_1; study_11; study_7",0.260748054184851
"CD93",0.0326873017075411,-0.00490464361831636,0.0702792470333986,1.61512132254097,0.106284424262328,0.346979375511628,0.0325214330526022,0.0154442175462908,0.0450981574276191,9,2089,"study_1_LOD_vs_CN; study_11_LOD_vs_CN; study_2_LOD_vs_CN; study_3_Olink_LOD_vs_CN; study_3_Soma_LOD_vs_CN; study_5_LOD_vs_CN; study_6_LOD_vs_CN; study_8_LOD_vs_CN; study_9_LOD_vs_CN",4,"study_1; study_11; study_6; study_8",0.193834145829237
"S100A11",0.0283128874750826,-0.00485336120822503,0.0614791361583903,1.61342118059358,0.106653034577274,0.531261715446261,0.0271334103468963,0.00313874805718187,0.0428037557445859,9,2076,"study_1_LOD_vs_CN; study_11_LOD_vs_CN; study_2_LOD_vs_CN; study_3_Olink_LOD_vs_CN; study_3_Soma_LOD_vs_CN; study_5_LOD_vs_CN; study_6_LOD_vs_CN; study_8_LOD_vs_CN; study_9_LOD_vs_CN",4,"study_1; study_11; study_6; study_8",0.193834145829237
"DAG1",0.0572990250927423,0.0270004407942259,0.0875976093912588,1.61195309998741,0.106972145895344,0.970036166574054,0.0565822903856369,-0.00116286915521386,0.0822084013614989,12,2660,"study_1_LOD_vs_CN; study_10_LOD_vs_CN; study_11_LOD_vs_CN; study_2_LOD_vs_CN; study_3_Olink_LOD_vs_CN; study_3_Soma_LOD_vs_CN; study_4_LOD_vs_CN; study_5_LOD_vs_CN; study_6_LOD_vs_CN; study_7_LOD_vs_CN; study_8_LOD_vs_CN; study_9_LOD_vs_CN",6,"study_1; study_11; study_4; study_6; study_7; study_8",0.183136313772829
"IGSF1",-0.018769206419532,-0.0405317888517276,0.00299337601266367,-1.611730885941,0.107020513605032,0.619656358591269,-0.0200899498383141,-0.0425338430045996,-0.00742477213112192,7,1330,"study_1_LOD_vs_CN; study_11_LOD_vs_CN; study_2_LOD_vs_CN; study_4_LOD_vs_CN; study_5_LOD_vs_CN; study_6_LOD_vs_CN; study_7_LOD_vs_CN",5,"study_1; study_11; study_4; study_6; study_7",0.176986612822085
"CRELD2",-0.0249196469819535,-0.0817128644756849,0.0318735705117779,-1.6104349167539,0.107302943060079,0.744618612329864,-0.0273887105641872,-0.0674451477248071,-0.00791331639218098,8,1920,"study_1_LOD_vs_CN; study_11_LOD_vs_CN; study_2_LOD_vs_CN; study_3_Olink_LOD_vs_CN; study_5_LOD_vs_CN; study_6_LOD_vs_CN; study_8_LOD_vs_CN; study_9_LOD_vs_CN",4,"study_1; study_11; study_6; study_8",0.194209458926919
"GDF10",0.0360654466467547,-0.0139795648454114,0.0861104581389207,1.60991284189562,0.107416885076245,0,NA,NA,NA,2,530,"study_11_LOD_vs_CN; study_2_LOD_vs_CN",2,"study_11; study_2",0.304413903094302
"EFEMP2",0.0146941833452099,-0.000621458041827741,0.0300098247322475,1.60856036097108,0.107712507621486,0.317238607467132,0.0149647293359602,0.0110412612097939,0.0244422966735368,8,1592,"study_1_LOD_vs_CN; study_10_LOD_vs_CN; study_11_LOD_vs_CN; study_2_LOD_vs_CN; study_4_LOD_vs_CN; study_5_LOD_vs_CN; study_6_LOD_vs_CN; study_7_LOD_vs_CN",5,"study_1; study_11; study_4; study_6; study_7",0.177748751847474
"HBG1",-0.123977687352727,-0.296417399542286,0.0484620248368317,-1.60549349588636,0.108385243411416,0.644922819414453,NA,NA,NA,4,1038,"study_1_LOD_vs_CN; study_11_LOD_vs_CN; study_2_LOD_vs_CN; study_5_LOD_vs_CN",2,"study_1; study_11",0.306028922573411
"IGLV2-8",-0.0530227332294406,-0.11649213786207,0.0104466714031887,-1.60259952402096,0.10902309891779,0.313880382910156,-0.0553766802934112,-0.08738844643939,-0.0340413192507446,5,1233,"study_1_LOD_vs_CN; study_11_LOD_vs_CN; study_4_LOD_vs_CN; study_5_LOD_vs_CN; study_6_LOD_vs_CN",4,"study_1; study_11; study_4; study_6",0.196510770888856
"CCL2",-0.0494678738482505,-0.108730123418927,0.00979437572242645,-1.60219094216782,0.109113392436779,0,NA,NA,NA,3,447,"study_11_LOD_vs_CN; study_3_Olink_LOD_vs_CN; study_3_Soma_LOD_vs_CN",2,"study_11; study_3_Soma",0.306034923782946
"GKN1",-0.0523711734842258,-0.102833077438979,-0.00190926952947278,-1.60187011266702,0.109184334787145,0.853086732155094,NA,NA,NA,2,178,"study_2_LOD_vs_CN; study_7_LOD_vs_CN",2,"study_2; study_7",0.306034923782946
"FZD8",-0.0423961476691721,-0.10750191656413,0.0227096212257855,-1.59978784699254,0.10964565576488,0,NA,NA,NA,5,491,"study_1_LOD_vs_CN; study_2_LOD_vs_CN; study_3_Soma_LOD_vs_CN; study_5_LOD_vs_CN; study_6_LOD_vs_CN",2,"study_1; study_6",0.306210413190648
"IGHV5-51",-0.0397207639582328,-0.0968717423497111,0.0174302144332456,-1.59651166633299,0.110374603189724,0.539129355806094,-0.0401569904215178,-0.0712700011442801,-0.00742293883917765,7,1397,"study_1_LOD_vs_CN; study_11_LOD_vs_CN; study_2_LOD_vs_CN; study_4_LOD_vs_CN; study_5_LOD_vs_CN; study_6_LOD_vs_CN; study_7_LOD_vs_CN",5,"study_1; study_11; study_4; study_6; study_7",0.181751755573656
"PAMR1",0.0451206633487116,0.00595472074505563,0.0842866059523676,1.59591488336614,0.110507798129618,0.873473388618749,0.0446890118619212,0.0113775272241628,0.0667893980134813,10,2265,"study_1_LOD_vs_CN; study_11_LOD_vs_CN; study_2_LOD_vs_CN; study_3_Olink_LOD_vs_CN; study_4_LOD_vs_CN; study_5_LOD_vs_CN; study_6_LOD_vs_CN; study_7_LOD_vs_CN; study_8_LOD_vs_CN; study_9_LOD_vs_CN",6,"study_1; study_11; study_4; study_6; study_7; study_8",0.18713993602787
"LDLR",-0.00538419278913441,-0.0394884560210152,0.0287200704427464,-1.59442259159165,0.110841415741037,0.855746505591689,-0.00476322853902641,-0.0273329777228787,0.0145854078658268,9,2187,"study_1_LOD_vs_CN; study_11_LOD_vs_CN; study_2_LOD_vs_CN; study_3_Olink_LOD_vs_CN; study_4_LOD_vs_CN; study_5_LOD_vs_CN; study_6_LOD_vs_CN; study_8_LOD_vs_CN; study_9_LOD_vs_CN",5,"study_1; study_11; study_4; study_6; study_8",0.18213044595055
"VWC2",-0.021970649025552,-0.0535414132763007,0.00960011522519676,-1.59344819300478,0.111059681661399,0.695244089370313,-0.0224655065940617,-0.0287349920487674,-0.014181866387239,11,2380,"study_1_LOD_vs_CN; study_11_LOD_vs_CN; study_2_LOD_vs_CN; study_3_Olink_LOD_vs_CN; study_3_Soma_LOD_vs_CN; study_4_LOD_vs_CN; study_5_LOD_vs_CN; study_6_LOD_vs_CN; study_7_LOD_vs_CN; study_8_LOD_vs_CN; study_9_LOD_vs_CN",6,"study_1; study_11; study_4; study_6; study_7; study_8",0.18713993602787
"A1BG",-0.0190757223741161,-0.0611509095502463,0.022999464802014,-1.59216920618343,0.111346690345364,0.675041775302693,-0.0192472675737787,-0.0414055394793016,0.00584315057435706,9,1732,"study_1_LOD_vs_CN; study_10_LOD_vs_CN; study_11_LOD_vs_CN; study_2_LOD_vs_CN; study_3_Soma_LOD_vs_CN; study_4_LOD_vs_CN; study_5_LOD_vs_CN; study_6_LOD_vs_CN; study_7_LOD_vs_CN",5,"study_1; study_11; study_4; study_6; study_7",0.182570586088667
"ISLR",-0.0100319102980758,-0.0263135417395975,0.00624972114344587,-1.59034929583772,0.111756092679712,0.815234325923666,-0.0098862093233903,-0.0218940372095942,0.00841605560738412,7,1498,"study_1_LOD_vs_CN; study_10_LOD_vs_CN; study_11_LOD_vs_CN; study_2_LOD_vs_CN; study_4_LOD_vs_CN; study_5_LOD_vs_CN; study_6_LOD_vs_CN",4,"study_1; study_11; study_4; study_6",0.199870461723309
"FAM3A",-0.0224196964719799,-0.0463940961580735,0.00155470321411363,-1.59015581448463,0.111799687493632,0.0371877323770618,-0.0233328899908011,-0.0286223020421331,-0.0142787020489254,7,1233,"study_1_LOD_vs_CN; study_11_LOD_vs_CN; study_2_LOD_vs_CN; study_3_Soma_LOD_vs_CN; study_5_LOD_vs_CN; study_6_LOD_vs_CN; study_7_LOD_vs_CN",4,"study_1; study_11; study_6; study_7",0.199870461723309
"CDHR5",-0.208829857838821,-0.446249394906451,0.0285896792288093,-1.58682545293118,0.11255218242158,0.364876869416321,NA,NA,NA,3,87,"study_2_LOD_vs_CN; study_3_Olink_LOD_vs_CN; study_6_LOD_vs_CN",2,"study_2; study_6",0.313188681520919
"COL2A1",-0.0128732750139552,-0.0427498375865443,0.0170032875586338,-1.58219940697658,0.113604055723682,0.837193619346462,-0.013455342947882,-0.0320431461355474,0.0184924161776971,9,2167,"study_1_LOD_vs_CN; study_11_LOD_vs_CN; study_2_LOD_vs_CN; study_3_Soma_LOD_vs_CN; study_5_LOD_vs_CN; study_6_LOD_vs_CN; study_7_LOD_vs_CN; study_8_LOD_vs_CN; study_9_LOD_vs_CN",5,"study_1; study_11; study_6; study_7; study_8",0.18562643052947
"SERPINI1",-0.0302878125562616,-0.053624809699888,-0.00695081541263529,-1.58180903702439,0.113693171364604,0.921208941547091,-0.0302115338132727,-0.0497199744679644,-0.0140601401413691,8,1705,"study_1_LOD_vs_CN; study_10_LOD_vs_CN; study_11_LOD_vs_CN; study_2_LOD_vs_CN; study_4_LOD_vs_CN; study_5_LOD_vs_CN; study_6_LOD_vs_CN; study_7_LOD_vs_CN",5,"study_1; study_11; study_4; study_6; study_7",0.18562643052947
"ASAH1",-0.0259509307673553,-0.0559957056977834,0.00409384416307268,-1.58035274312442,0.114026107422154,0.583779586968109,-0.0267903252314176,-0.047365298908861,-0.0112060702066185,7,1454,"study_1_LOD_vs_CN; study_11_LOD_vs_CN; study_2_LOD_vs_CN; study_4_LOD_vs_CN; study_5_LOD_vs_CN; study_6_LOD_vs_CN; study_7_LOD_vs_CN",5,"study_1; study_11; study_4; study_6; study_7",0.185775586033129
"ADPGK",-0.0370136264873673,-0.0852486071224376,0.011221354147703,-1.57845180050527,0.114461852880505,0.785684238835811,-0.0449048744952285,-0.108885723121256,0.0176984104018258,6,941,"study_1_LOD_vs_CN; study_11_LOD_vs_CN; study_2_LOD_vs_CN; study_3_Soma_LOD_vs_CN; study_5_LOD_vs_CN; study_6_LOD_vs_CN",3,"study_1; study_11; study_6",0.279851666734273
"DNAJA1",-0.0886864959339008,-0.17992258697184,0.00254959510403842,-1.57534771195242,0.115176206591421,0.877784308936221,NA,NA,NA,2,330,"study_11_LOD_vs_CN; study_2_LOD_vs_CN",2,"study_11; study_2",0.31933330924986
"IGHV3-9",-0.0488314946919242,-0.110322956747866,0.0126599673640178,-1.57221392094585,0.115900948031872,0.639776496828833,NA,NA,NA,3,1018,"study_1_LOD_vs_CN; study_11_LOD_vs_CN; study_5_LOD_vs_CN",2,"study_1; study_11",0.320186791685173
"SERPINB9",0.0345172655342244,-0.00614842372008039,0.0751829547885292,1.56913797411235,0.116615793081785,0,0.0316499578521042,0.0133146930579851,0.0408521219957979,6,1109,"study_1_LOD_vs_CN; study_11_LOD_vs_CN; study_2_LOD_vs_CN; study_3_Soma_LOD_vs_CN; study_5_LOD_vs_CN; study_6_LOD_vs_CN",3,"study_1; study_11; study_6",0.281995841267446
"IGLV3-9",-0.052438700788635,-0.123935613123476,0.0190582115462057,-1.56891855896329,0.116666916843474,0,-0.0507379202360851,-0.0741123695141102,-0.0244928556696543,3,1109,"study_1_LOD_vs_CN; study_11_LOD_vs_CN; study_7_LOD_vs_CN",3,"study_1; study_11; study_7",0.281995841267446
"SPINT1",-0.00704603698027843,-0.0440310631311353,0.0299389891705785,-1.56818854710948,0.116837136436557,0.620365606962802,-0.00743799433612416,-0.0231988991006765,0.00778480278209344,10,2226,"study_1_LOD_vs_CN; study_11_LOD_vs_CN; study_2_LOD_vs_CN; study_3_Olink_LOD_vs_CN; study_3_Soma_LOD_vs_CN; study_4_LOD_vs_CN; study_5_LOD_vs_CN; study_6_LOD_vs_CN; study_8_LOD_vs_CN; study_9_LOD_vs_CN",5,"study_1; study_11; study_4; study_6; study_8",0.189952976574445
"TYMP",0.0972175039055117,-0.0101573536792631,0.204592361490286,1.56737756133641,0.117026465645539,0.816805653390364,0.0250560941397077,-0.178234814498631,0.14870963572375,5,1045,"study_3_Olink_LOD_vs_CN; study_3_Soma_LOD_vs_CN; study_7_LOD_vs_CN; study_8_LOD_vs_CN; study_9_LOD_vs_CN",3,"study_3_Soma; study_7; study_8",0.281995841267446
"GALNT17",-0.0113358622396147,-0.0332562652131842,0.0105845407339548,-1.56640917010062,0.117252857523119,0.696928868371313,-0.0100798378008014,-0.0257143880707629,0.00423615164521576,7,1423,"study_1_LOD_vs_CN; study_11_LOD_vs_CN; study_2_LOD_vs_CN; study_4_LOD_vs_CN; study_5_LOD_vs_CN; study_6_LOD_vs_CN; study_7_LOD_vs_CN",5,"study_1; study_11; study_4; study_6; study_7",0.190226682352908
"FAM171B",-0.0289579832489551,-0.0899660101273154,0.0320500436294053,-1.56590336469712,0.117371242041045,0,-0.023440592410601,-0.043227465231868,-0.00499777663769022,6,954,"study_1_LOD_vs_CN; study_11_LOD_vs_CN; study_2_LOD_vs_CN; study_3_Soma_LOD_vs_CN; study_5_LOD_vs_CN; study_6_LOD_vs_CN",3,"study_1; study_11; study_6",0.281995841267446
"CNPY3",0.0159713731902475,-0.0111506970949628,0.0430934434754577,1.56465706853484,0.117663339942338,0,0.0159672875152622,0.0107743355898746,0.0217939659857489,7,1213,"study_1_LOD_vs_CN; study_11_LOD_vs_CN; study_2_LOD_vs_CN; study_3_Soma_LOD_vs_CN; study_4_LOD_vs_CN; study_5_LOD_vs_CN; study_6_LOD_vs_CN",4,"study_1; study_11; study_4; study_6",0.208788173330634
"BAG6",0.074977341015327,-0.0297891687811203,0.179743850811774,1.56406316396929,0.117802735554937,0.826733648467239,NA,NA,NA,3,458,"study_11_LOD_vs_CN; study_3_Olink_LOD_vs_CN; study_3_Soma_LOD_vs_CN",2,"study_11; study_3_Soma",0.323969155084935
"SERPINC1",-0.015650758523844,-0.0561990117099738,0.0248974946622859,-1.56380113608824,0.117864277420304,0.71520557040391,-0.015783439632811,-0.0431502296009071,0.0189118976062798,9,1732,"study_1_LOD_vs_CN; study_10_LOD_vs_CN; study_11_LOD_vs_CN; study_2_LOD_vs_CN; study_3_Soma_LOD_vs_CN; study_4_LOD_vs_CN; study_5_LOD_vs_CN; study_6_LOD_vs_CN; study_7_LOD_vs_CN",5,"study_1; study_11; study_4; study_6; study_7",0.190816061760449
"BOD1L1",-0.0489806689903495,-0.133978864860673,0.0360175268799737,-1.56274003159229,0.118113754458049,0,NA,NA,NA,2,648,"study_1_LOD_vs_CN; study_11_LOD_vs_CN",2,"study_1; study_11",0.323969155084935
"ARSG",-0.0300339753170366,-0.0812481928702287,0.0211802422361555,-1.562680652636,0.118127727316046,0.383590184327103,-0.0311480882630026,-0.0627465662205555,0.000793601329195039,6,1203,"study_1_LOD_vs_CN; study_11_LOD_vs_CN; study_2_LOD_vs_CN; study_5_LOD_vs_CN; study_6_LOD_vs_CN; study_7_LOD_vs_CN",4,"study_1; study_11; study_6; study_7",0.208788173330634
"PCDH19",-0.0211889749382216,-0.0472839635929142,0.00490601371647103,-1.56158104654957,0.118386717358722,0.752842487620838,-0.0209087332468663,-0.0508835740788988,0.00357977109092091,6,1304,"study_1_LOD_vs_CN; study_11_LOD_vs_CN; study_2_LOD_vs_CN; study_5_LOD_vs_CN; study_6_LOD_vs_CN; study_7_LOD_vs_CN",4,"study_1; study_11; study_6; study_7",0.208788173330634
"IGHV3-48",-0.0541910679930465,-0.133037478907133,0.0246553429210402,-1.56061298262533,0.118615093698561,0.144430589869494,NA,NA,NA,2,924,"study_1_LOD_vs_CN; study_11_LOD_vs_CN",2,"study_1; study_11",0.32418644825799
"ANXA7",-0.0450791793649757,-0.132576629998359,0.0424182712684075,-1.56061238828769,0.118615234015014,0.329460278787688,-0.0466096002696844,-0.0991351613347883,-0.00996184171763393,5,770,"study_1_LOD_vs_CN; study_11_LOD_vs_CN; study_2_LOD_vs_CN; study_3_Soma_LOD_vs_CN; study_6_LOD_vs_CN",3,"study_1; study_11; study_6",0.283123198560552
"IGHV6-1",-0.0681567425080407,-0.150337809490501,0.0140243244744201,-1.55932582509451,0.118919282351406,0,-0.0720321048464943,-0.108915852842842,-0.0512712415527423,5,1240,"study_1_LOD_vs_CN; study_11_LOD_vs_CN; study_4_LOD_vs_CN; study_5_LOD_vs_CN; study_6_LOD_vs_CN",4,"study_1; study_11; study_4; study_6",0.208788173330634
"INSR",-0.0304809511572803,-0.0867805200619313,0.0258186177473707,-1.55925619705239,0.118935754678205,0.496046684674896,-0.0360175227085439,-0.0783363553861171,0.000286073090027399,5,726,"study_1_LOD_vs_CN; study_11_LOD_vs_CN; study_2_LOD_vs_CN; study_3_Soma_LOD_vs_CN; study_6_LOD_vs_CN",3,"study_1; study_11; study_6",0.283123198560552
"GALNT15",0.0218284971359508,-0.0090075011714042,0.0526644954433058,1.5582612454935,0.119171331809722,0.813101179222915,0.0224887887747185,0.00030895988713101,0.0470171340884915,6,1252,"study_1_LOD_vs_CN; study_11_LOD_vs_CN; study_2_LOD_vs_CN; study_4_LOD_vs_CN; study_5_LOD_vs_CN; study_6_LOD_vs_CN",4,"study_1; study_11; study_4; study_6",0.208788173330634
"SLC8A2",0.0331251878994119,-0.0129894805620989,0.0792398563609227,1.55741974142638,0.119370862095801,0.578656575562002,0.00776083808088568,-0.0582148819140172,0.0503230672940676,4,684,"study_11_LOD_vs_CN; study_2_LOD_vs_CN; study_5_LOD_vs_CN; study_6_LOD_vs_CN",3,"study_11; study_2; study_6",0.283123198560552
"CCL17",0.0900321133154551,-0.0199183003559694,0.19998252698688,1.55437018645179,0.120096140493145,0.483399226553515,NA,NA,NA,3,928,"study_3_Olink_LOD_vs_CN; study_8_LOD_vs_CN; study_9_LOD_vs_CN",2,"study_3_Olink; study_8",0.326205218296207
"CTTN",0.0729870353049152,-0.105027508816291,0.251001579426122,1.55392115462893,0.120203224971128,0.631620692306792,NA,NA,NA,3,167,"study_2_LOD_vs_CN; study_5_LOD_vs_CN; study_6_LOD_vs_CN",2,"study_2; study_6",0.326205218296207
"PCDH9",-0.0175356740442781,-0.0352135751069382,0.000142227018381895,-1.55197390909938,0.120668466624859,0.854111562378821,-0.0171159939276001,-0.0325569575660998,0.00127184687638172,8,1480,"study_1_LOD_vs_CN; study_11_LOD_vs_CN; study_2_LOD_vs_CN; study_3_Soma_LOD_vs_CN; study_4_LOD_vs_CN; study_5_LOD_vs_CN; study_6_LOD_vs_CN; study_7_LOD_vs_CN",5,"study_1; study_11; study_4; study_6; study_7",0.194945484946463
"HSPA1A",0.03563468499404,-0.0173199343528843,0.0885893043409643,1.55108715887048,0.120880798085293,0.640964650484641,0.0332157901667519,0.0159815303478402,0.0494431731796535,5,1190,"study_1_LOD_vs_CN; study_11_LOD_vs_CN; study_3_Soma_LOD_vs_CN; study_4_LOD_vs_CN; study_7_LOD_vs_CN",4,"study_1; study_11; study_4; study_7",0.21060860237961
"ART4",-0.153968398062267,-0.301266848862606,-0.0066699472619281,-1.550003508532,0.12114067389557,0.942263936521298,NA,NA,NA,2,344,"study_11_LOD_vs_CN; study_3_Soma_LOD_vs_CN",2,"study_11; study_3_Soma",0.327591681520416
"SLC5A5",-0.0484465793633892,-0.0992547747777255,0.00236161605094718,-1.54987270295025,0.121172072601968,0.827795151510591,-0.0553655611402574,-0.12528063293207,-0.0110294759732308,7,1440,"study_1_LOD_vs_CN; study_10_LOD_vs_CN; study_11_LOD_vs_CN; study_2_LOD_vs_CN; study_4_LOD_vs_CN; study_5_LOD_vs_CN; study_6_LOD_vs_CN",4,"study_1; study_11; study_4; study_6",0.21060860237961
"AEBP1",0.0162100152112886,-0.00246579790385706,0.0348858283264342,1.54872057882771,0.12144890472399,0.740315066268694,0.0155687466013857,-0.00171355812801117,0.0266387980387117,8,1644,"study_1_LOD_vs_CN; study_10_LOD_vs_CN; study_11_LOD_vs_CN; study_2_LOD_vs_CN; study_4_LOD_vs_CN; study_5_LOD_vs_CN; study_6_LOD_vs_CN; study_7_LOD_vs_CN",5,"study_1; study_11; study_4; study_6; study_7",0.195794984764672
"PTMA",0.0515422281858336,-0.0159960747622653,0.119080531133932,1.54777692591159,0.121676013711743,0,NA,NA,NA,2,519,"study_11_LOD_vs_CN; study_2_LOD_vs_CN",2,"study_11; study_2",0.32788483694954
"MGRN1",-0.0504498708836336,-0.100083722586135,-0.000816019181132117,-1.54586723400387,0.1221366352689,0.759859469185225,-0.0385204208832926,-0.084943493616033,0.0239931564642468,3,784,"study_1_LOD_vs_CN; study_11_LOD_vs_CN; study_7_LOD_vs_CN",3,"study_1; study_11; study_7",0.288450351379742
"PCDH10",-0.0155343529403696,-0.0359428947673305,0.00487418888659123,-1.54480714809566,0.122392917787597,0.749701262014404,-0.0147611158743384,-0.0322626521340951,0.0093520242933328,8,1481,"study_1_LOD_vs_CN; study_11_LOD_vs_CN; study_2_LOD_vs_CN; study_3_Soma_LOD_vs_CN; study_4_LOD_vs_CN; study_5_LOD_vs_CN; study_6_LOD_vs_CN; study_7_LOD_vs_CN",5,"study_1; study_11; study_4; study_6; study_7",0.196904087403058
"NT5C",0.124044222649378,-0.0213344910844923,0.269422936383249,1.54383176226745,0.122629094552003,0.60290998970842,NA,NA,NA,3,325,"study_11_LOD_vs_CN; study_2_LOD_vs_CN; study_3_Soma_LOD_vs_CN",2,"study_11; study_2",0.328499086474704
"PLBD1",-0.183882839408081,-0.355182962950787,-0.0125827158653738,-1.5418112072871,0.123119477842399,0.912534447248266,NA,NA,NA,2,66,"study_2_LOD_vs_CN; study_6_LOD_vs_CN",2,"study_2; study_6",0.328499086474704
"RNF11",-0.0525329616727303,-0.114838057520711,0.00977213417525021,-1.54153283698405,0.123187157428014,0.519771516414616,NA,NA,NA,2,548,"study_11_LOD_vs_CN; study_2_LOD_vs_CN",2,"study_11; study_2",0.328499086474704
"MDK",0.0249598659565317,-0.01335776255409,0.0632774944671535,1.54126366182079,0.123252629043809,0.406065053489488,0.0252731316942552,0.0180822343841013,0.0348137632670987,10,2181,"study_1_LOD_vs_CN; study_11_LOD_vs_CN; study_2_LOD_vs_CN; study_3_Olink_LOD_vs_CN; study_3_Soma_LOD_vs_CN; study_4_LOD_vs_CN; study_5_LOD_vs_CN; study_6_LOD_vs_CN; study_8_LOD_vs_CN; study_9_LOD_vs_CN",5,"study_1; study_11; study_4; study_6; study_8",0.197873218652795
"COL8A1",0.0419822129888327,-0.0112521174820877,0.0952165434597531,1.53969988844546,0.123633524044125,0,NA,NA,NA,2,843,"study_1_LOD_vs_CN; study_11_LOD_vs_CN",2,"study_1; study_11",0.328548603688194
"SUSD5",-0.0175720334796292,-0.0375092951010279,0.00236522814176946,-1.53854592853021,0.123915187734123,0.710713474343694,-0.0167529437061963,-0.0291847557211821,0.0036718926433171,8,1675,"study_1_LOD_vs_CN; study_10_LOD_vs_CN; study_11_LOD_vs_CN; study_2_LOD_vs_CN; study_4_LOD_vs_CN; study_5_LOD_vs_CN; study_6_LOD_vs_CN; study_7_LOD_vs_CN",5,"study_1; study_11; study_4; study_6; study_7",0.197983853374933
"LTBP4",-0.0143453426027626,-0.0314903282985745,0.00279964309304927,-1.53833023407517,0.123967890905476,0,-0.0147284287366,-0.0255649335873192,-0.00634911901367995,9,1691,"study_1_LOD_vs_CN; study_10_LOD_vs_CN; study_11_LOD_vs_CN; study_2_LOD_vs_CN; study_3_Soma_LOD_vs_CN; study_4_LOD_vs_CN; study_5_LOD_vs_CN; study_6_LOD_vs_CN; study_7_LOD_vs_CN",5,"study_1; study_11; study_4; study_6; study_7",0.197983853374933
"B3GALNT1",-0.0137193385267452,-0.033047346135118,0.00560866908162756,-1.53739691949131,0.12419614029048,0.428339642219892,-0.0126285336324341,-0.020129077928464,0.00512259295301671,7,1381,"study_1_LOD_vs_CN; study_11_LOD_vs_CN; study_2_LOD_vs_CN; study_4_LOD_vs_CN; study_5_LOD_vs_CN; study_6_LOD_vs_CN; study_7_LOD_vs_CN",5,"study_1; study_11; study_4; study_6; study_7",0.197983853374933
"KCNE5",-0.0490845271177421,-0.112237258379835,0.0140682041443505,-1.53720872791651,0.124242203709549,0.802501795762774,-0.0836820192336196,-0.18619698055341,-0.0120754878265531,4,630,"study_11_LOD_vs_CN; study_2_LOD_vs_CN; study_3_Soma_LOD_vs_CN; study_6_LOD_vs_CN",3,"study_11; study_2; study_6",0.291163837422363
"SHISA4",0.019751608530994,-0.0266750659310432,0.0661782829930312,1.53683047766479,0.124334827872252,0.803678413558265,0.0245030253384447,-0.0299210134194924,0.0851544217277169,5,1019,"study_1_LOD_vs_CN; study_11_LOD_vs_CN; study_2_LOD_vs_CN; study_5_LOD_vs_CN; study_6_LOD_vs_CN",3,"study_1; study_11; study_6",0.291163837422363
"CAT",-0.0618988676510249,-0.170884226800651,0.0470864914986006,-1.53676296001726,0.124351366944204,0.39382087478517,-0.0644946813710741,-0.158006531769124,0.0256519177888069,8,1347,"study_1_LOD_vs_CN; study_11_LOD_vs_CN; study_2_LOD_vs_CN; study_3_Soma_LOD_vs_CN; study_4_LOD_vs_CN; study_5_LOD_vs_CN; study_6_LOD_vs_CN; study_7_LOD_vs_CN",5,"study_1; study_11; study_4; study_6; study_7",0.197983853374933
"GPX3",-0.0136151186634709,-0.0330159087544825,0.00578567142754072,-1.53399406319077,0.125031113323037,0.439950762683004,-0.014135177557823,-0.0265614487058862,-0.00572006264930964,9,1731,"study_1_LOD_vs_CN; study_10_LOD_vs_CN; study_11_LOD_vs_CN; study_2_LOD_vs_CN; study_3_Soma_LOD_vs_CN; study_4_LOD_vs_CN; study_5_LOD_vs_CN; study_6_LOD_vs_CN; study_7_LOD_vs_CN",5,"study_1; study_11; study_4; study_6; study_7",0.198349876679555
"C1QB",0.0203204276240414,0.00215574066022092,0.0384851145878618,1.53372578965737,0.125097126384375,0.754411343412453,0.0213866401890076,0.00878270901338431,0.030565109157075,8,1704,"study_1_LOD_vs_CN; study_10_LOD_vs_CN; study_11_LOD_vs_CN; study_2_LOD_vs_CN; study_4_LOD_vs_CN; study_5_LOD_vs_CN; study_6_LOD_vs_CN; study_7_LOD_vs_CN",5,"study_1; study_11; study_4; study_6; study_7",0.198349876679555
"TNFRSF9",0.0608542993554556,-0.0162899381362059,0.137998536847117,1.53286696604341,0.125308636613038,0,NA,NA,NA,3,929,"study_3_Olink_LOD_vs_CN; study_8_LOD_vs_CN; study_9_LOD_vs_CN",2,"study_3_Olink; study_8",0.33185183765108
"RGMA",-0.0189500899898094,-0.037676249166982,-0.000223930812636806,-1.52979292126111,0.126067994333133,0.883963624534813,-0.0189580797295683,-0.0329528707177921,-0.00166202863267442,11,2409,"study_1_LOD_vs_CN; study_11_LOD_vs_CN; study_2_LOD_vs_CN; study_3_Olink_LOD_vs_CN; study_3_Soma_LOD_vs_CN; study_4_LOD_vs_CN; study_5_LOD_vs_CN; study_6_LOD_vs_CN; study_7_LOD_vs_CN; study_8_LOD_vs_CN; study_9_LOD_vs_CN",6,"study_1; study_11; study_4; study_6; study_7; study_8",0.209599755793534
"IGKV1-33",-0.0178557571113298,-0.110978175751256,0.0752666615285965,-1.52928337622798,0.126194208906691,0.838118542616649,NA,NA,NA,2,305,"study_4_LOD_vs_CN; study_7_LOD_vs_CN",2,"study_4; study_7",0.333048633815596
"WFIKKN2",-0.0230303334544674,-0.0648931758314528,0.0188325089225181,-1.52866498726626,0.126347516342831,0,-0.0232564465428471,-0.0355028647681522,-0.0168059645033866,12,2660,"study_1_LOD_vs_CN; study_10_LOD_vs_CN; study_11_LOD_vs_CN; study_2_LOD_vs_CN; study_3_Olink_LOD_vs_CN; study_3_Soma_LOD_vs_CN; study_4_LOD_vs_CN; study_5_LOD_vs_CN; study_6_LOD_vs_CN; study_7_LOD_vs_CN; study_8_LOD_vs_CN; study_9_LOD_vs_CN",6,"study_1; study_11; study_4; study_6; study_7; study_8",0.209599755793534
"FLT1",-0.0674545510295322,-0.145608259338703,0.0106991572796383,-1.52747873967115,0.126642009933164,0.768190322688201,NA,NA,NA,4,956,"study_3_Olink_LOD_vs_CN; study_3_Soma_LOD_vs_CN; study_8_LOD_vs_CN; study_9_LOD_vs_CN",2,"study_3_Soma; study_8",0.333085834344761
"CSF1R",-0.0156004132070545,-0.0377928767405613,0.00659205032645229,-1.5246292935528,0.12735158661967,0.362646616644404,-0.0146882587735586,-0.0229539607554774,0.00309978798157061,9,1730,"study_1_LOD_vs_CN; study_10_LOD_vs_CN; study_11_LOD_vs_CN; study_2_LOD_vs_CN; study_3_Soma_LOD_vs_CN; study_4_LOD_vs_CN; study_5_LOD_vs_CN; study_6_LOD_vs_CN; study_7_LOD_vs_CN",5,"study_1; study_11; study_4; study_6; study_7",0.201311626781884
"PLXNA4",-0.0333024259950341,-0.0712215941295703,0.00461674213950208,-1.52415353140626,0.127470362945297,0.199495091026199,-0.0310604026212617,-0.054732971440164,-0.00710044352542324,6,988,"study_1_LOD_vs_CN; study_11_LOD_vs_CN; study_2_LOD_vs_CN; study_3_Olink_LOD_vs_CN; study_3_Soma_LOD_vs_CN; study_6_LOD_vs_CN",3,"study_1; study_11; study_6",0.297252316952267
"IGHV3-64D",-0.0300526409645803,-0.085145074446606,0.0250397925174453,-1.52351178922321,0.127630713489617,0.383925173693957,-0.0304500885786206,-0.0462419231126054,-0.0185118931828403,6,1388,"study_1_LOD_vs_CN; study_11_LOD_vs_CN; study_4_LOD_vs_CN; study_5_LOD_vs_CN; study_6_LOD_vs_CN; study_7_LOD_vs_CN",5,"study_1; study_11; study_4; study_6; study_7",0.201311626781884
"CTSO",0.0271343368839243,-0.000783741153435352,0.055052414921284,1.52349767586752,0.127634241721539,0.293496981375749,0.0269310535764352,0.0109195488506549,0.0369140074227766,11,2380,"study_1_LOD_vs_CN; study_11_LOD_vs_CN; study_2_LOD_vs_CN; study_3_Olink_LOD_vs_CN; study_3_Soma_LOD_vs_CN; study_4_LOD_vs_CN; study_5_LOD_vs_CN; study_6_LOD_vs_CN; study_7_LOD_vs_CN; study_8_LOD_vs_CN; study_9_LOD_vs_CN",6,"study_1; study_11; study_4; study_6; study_7; study_8",0.21010559791084
"PLA2G7",-0.0387978968909674,-0.0895980866590095,0.0120022928770746,-1.52280644122078,0.127807138008714,0,-0.0384213016817122,-0.0504821436149121,-0.0250086641397832,7,1042,"study_1_LOD_vs_CN; study_11_LOD_vs_CN; study_2_LOD_vs_CN; study_3_Soma_LOD_vs_CN; study_5_LOD_vs_CN; study_6_LOD_vs_CN; study_7_LOD_vs_CN",4,"study_1; study_11; study_6; study_7",0.221262950386627
"IGKV2-30",-0.0248003244712148,-0.0751006923782555,0.0255000434358259,-1.52152069029335,0.128129223169022,0.736016828871768,-0.025168513249073,-0.0449664109710885,-0.00513260871032605,6,1412,"study_1_LOD_vs_CN; study_11_LOD_vs_CN; study_4_LOD_vs_CN; study_5_LOD_vs_CN; study_6_LOD_vs_CN; study_7_LOD_vs_CN",5,"study_1; study_11; study_4; study_6; study_7",0.201311626781884
"CFH",0.0219277443914015,-0.00058650167934805,0.044441990462151,1.52126130606725,0.128194276266925,0.819201444749703,0.0217723791723722,-0.00250454127613672,0.0514506014806324,9,1732,"study_1_LOD_vs_CN; study_10_LOD_vs_CN; study_11_LOD_vs_CN; study_2_LOD_vs_CN; study_3_Soma_LOD_vs_CN; study_4_LOD_vs_CN; study_5_LOD_vs_CN; study_6_LOD_vs_CN; study_7_LOD_vs_CN",5,"study_1; study_11; study_4; study_6; study_7",0.201311626781884
"B3GAT3",-0.00413511824619962,-0.0366233644986232,0.028353128006224,-1.5209436115731,0.128273988456597,0.493060084196983,-0.00475837734733597,-0.0267160771085197,0.00369328731011026,8,1780,"study_1_LOD_vs_CN; study_11_LOD_vs_CN; study_2_LOD_vs_CN; study_3_Soma_LOD_vs_CN; study_5_LOD_vs_CN; study_6_LOD_vs_CN; study_7_LOD_vs_CN; study_8_LOD_vs_CN",5,"study_1; study_11; study_6; study_7; study_8",0.201311626781884
"CD209",0.0642817516128959,-0.0169703041319778,0.14553380735777,1.51714736846513,0.129229481069941,0.279559567819919,0.0576203218773874,0.0154694101467193,0.0954167283607685,6,1255,"study_11_LOD_vs_CN; study_2_LOD_vs_CN; study_3_Olink_LOD_vs_CN; study_3_Soma_LOD_vs_CN; study_8_LOD_vs_CN; study_9_LOD_vs_CN",3,"study_11; study_2; study_8",0.300093564827687
"IGHV3-74",-0.062388988878665,-0.145615221260373,0.0208372435030431,-1.51027310581939,0.130973751253376,0,NA,NA,NA,4,1233,"study_1_LOD_vs_CN; study_10_LOD_vs_CN; study_11_LOD_vs_CN; study_5_LOD_vs_CN",2,"study_1; study_11",0.343303211476426
"DGCR2",-0.0176451733989358,-0.0362891178975113,0.000998771099639726,-1.50987570869563,0.131075142056745,0.838987087786563,-0.0174846662350435,-0.0281534065342121,-0.00980156131753318,6,1323,"study_1_LOD_vs_CN; study_11_LOD_vs_CN; study_2_LOD_vs_CN; study_5_LOD_vs_CN; study_6_LOD_vs_CN; study_7_LOD_vs_CN",4,"study_1; study_11; study_6; study_7",0.22602721346793
"SRI",0.0832286399980148,-0.0170788782189431,0.183536158214973,1.50845280260868,0.13143867756599,0.631496655515008,NA,NA,NA,3,477,"study_11_LOD_vs_CN; study_2_LOD_vs_CN; study_3_Soma_LOD_vs_CN",2,"study_11; study_2",0.343350014866259
"LRRC4C",0.0453615880185722,-0.0104935987442822,0.101216774781427,1.5059060574052,0.132091291350222,0.678929134324679,0.039649524575753,-0.00281440027482791,0.0648058456805896,5,893,"study_1_LOD_vs_CN; study_11_LOD_vs_CN; study_2_LOD_vs_CN; study_3_Soma_LOD_vs_CN; study_6_LOD_vs_CN",3,"study_1; study_11; study_6",0.305461111247387
"CAMKV",0.0607178464082348,-0.117296301380553,0.238731994197023,1.5057567116633,0.13212963958903,0.0734302591584121,NA,NA,NA,2,70,"study_2_LOD_vs_CN; study_6_LOD_vs_CN",2,"study_2; study_6",0.34398496001483
"PTGDS",0.0135864176372604,-0.00470098445942812,0.0318738197339489,1.50439770207212,0.132478995609101,0.751657546070581,0.0138919855127923,0.00104829927004427,0.0252864131551308,9,1732,"study_1_LOD_vs_CN; study_10_LOD_vs_CN; study_11_LOD_vs_CN; study_2_LOD_vs_CN; study_3_Soma_LOD_vs_CN; study_4_LOD_vs_CN; study_5_LOD_vs_CN; study_6_LOD_vs_CN; study_7_LOD_vs_CN",5,"study_1; study_11; study_4; study_6; study_7",0.207487469701423
"NEU1",-0.024180904549142,-0.0497787812939018,0.00141697219561788,-1.50099414316095,0.133357076428139,0.822560977995898,-0.0292109694832184,-0.0639119312092955,-0.00878732261369214,6,1176,"study_1_LOD_vs_CN; study_11_LOD_vs_CN; study_2_LOD_vs_CN; study_3_Soma_LOD_vs_CN; study_5_LOD_vs_CN; study_6_LOD_vs_CN",3,"study_1; study_11; study_6",0.307108619990113
"NCAN",-0.0218930808381075,-0.0431900583773447,-0.000596103298870259,-1.50047749134651,0.133490759764164,0.920241970992607,-0.0217004931757435,-0.0415615418873665,-4.48649223135445e-05,12,2661,"study_1_LOD_vs_CN; study_10_LOD_vs_CN; study_11_LOD_vs_CN; study_2_LOD_vs_CN; study_3_Olink_LOD_vs_CN; study_3_Soma_LOD_vs_CN; study_4_LOD_vs_CN; study_5_LOD_vs_CN; study_6_LOD_vs_CN; study_7_LOD_vs_CN; study_8_LOD_vs_CN; study_9_LOD_vs_CN",6,"study_1; study_11; study_4; study_6; study_7; study_8",0.215073729914067
"SPOCK1",0.0149014894784847,-0.0060592791026619,0.0358622580596312,1.50023862075255,0.133552602426763,0,0.0149369064487132,0.00905470674882041,0.0199237782677683,12,2660,"study_1_LOD_vs_CN; study_10_LOD_vs_CN; study_11_LOD_vs_CN; study_2_LOD_vs_CN; study_3_Olink_LOD_vs_CN; study_3_Soma_LOD_vs_CN; study_4_LOD_vs_CN; study_5_LOD_vs_CN; study_6_LOD_vs_CN; study_7_LOD_vs_CN; study_8_LOD_vs_CN; study_9_LOD_vs_CN",6,"study_1; study_11; study_4; study_6; study_7; study_8",0.215073729914067
"NLGN2",-0.00958276034105862,-0.0279428154157315,0.00877729473361422,-1.50003894704804,0.133604314176364,0.493257055412623,-0.00828764650203203,-0.0154420608789034,0.00643289616871016,8,1414,"study_1_LOD_vs_CN; study_11_LOD_vs_CN; study_2_LOD_vs_CN; study_3_Soma_LOD_vs_CN; study_4_LOD_vs_CN; study_5_LOD_vs_CN; study_6_LOD_vs_CN; study_7_LOD_vs_CN",5,"study_1; study_11; study_4; study_6; study_7",0.208498250289097
"LAMA4",0.0346998145595469,0.00161384915295535,0.0677857799661384,1.49979575176245,0.133667318124163,0.807886904931678,0.0343284174271943,0.0105238267433147,0.0449440747803368,10,2258,"study_1_LOD_vs_CN; study_11_LOD_vs_CN; study_2_LOD_vs_CN; study_3_Olink_LOD_vs_CN; study_4_LOD_vs_CN; study_5_LOD_vs_CN; study_6_LOD_vs_CN; study_7_LOD_vs_CN; study_8_LOD_vs_CN; study_9_LOD_vs_CN",6,"study_1; study_11; study_4; study_6; study_7; study_8",0.215073729914067
"COL12A1",-0.0166286741767093,-0.0361849075102961,0.00292755915687749,-1.49964568826252,0.133706206137663,0.776447324137111,-0.0180655704545091,-0.0412140030875336,-0.00539027380626083,7,1439,"study_1_LOD_vs_CN; study_11_LOD_vs_CN; study_2_LOD_vs_CN; study_4_LOD_vs_CN; study_5_LOD_vs_CN; study_6_LOD_vs_CN; study_7_LOD_vs_CN",5,"study_1; study_11; study_4; study_6; study_7",0.208498250289097
"MESD",0.0376618307541202,0.00823578401887144,0.067087877489369,1.49841531165362,0.1340253806755,0.843908626649328,0.0369532821046094,-0.0016884286109021,0.0549382478806671,10,2254,"study_1_LOD_vs_CN; study_11_LOD_vs_CN; study_2_LOD_vs_CN; study_3_Olink_LOD_vs_CN; study_3_Soma_LOD_vs_CN; study_5_LOD_vs_CN; study_6_LOD_vs_CN; study_7_LOD_vs_CN; study_8_LOD_vs_CN; study_9_LOD_vs_CN",5,"study_1; study_11; study_6; study_7; study_8",0.208498250289097
"LGALS3",-0.00365146529211594,-0.0291480255623476,0.0218450949781157,-1.4977089452822,0.134208886727052,0.818921054491638,-0.00317296935971222,-0.0159119917545204,0.0204190597939354,9,1485,"study_1_LOD_vs_CN; study_11_LOD_vs_CN; study_2_LOD_vs_CN; study_3_Olink_LOD_vs_CN; study_3_Soma_LOD_vs_CN; study_4_LOD_vs_CN; study_5_LOD_vs_CN; study_6_LOD_vs_CN; study_7_LOD_vs_CN",5,"study_1; study_11; study_4; study_6; study_7",0.208498250289097
"SLC9D1",-0.109679258962533,-0.235588312539181,0.0162297946141151,-1.49666922270505,0.134479348381576,0.840857223817407,NA,NA,NA,2,303,"study_11_LOD_vs_CN; study_2_LOD_vs_CN",2,"study_11; study_2",0.34891939039544
"PSAP",-0.0159274949862213,-0.0394638836835391,0.0076088937110965,-1.49662427034629,0.134491051275324,0.177479565555487,-0.016112319966104,-0.0251553675928468,-0.0100883638105392,9,1713,"study_1_LOD_vs_CN; study_10_LOD_vs_CN; study_11_LOD_vs_CN; study_2_LOD_vs_CN; study_3_Soma_LOD_vs_CN; study_4_LOD_vs_CN; study_5_LOD_vs_CN; study_6_LOD_vs_CN; study_7_LOD_vs_CN",5,"study_1; study_11; study_4; study_6; study_7",0.208515359739364
"ECM2",-0.0179067439861134,-0.0410720138467151,0.00525852587448822,-1.49148504962351,0.135834193479604,0,-0.0185858519205604,-0.028098524892901,-0.0138382590166017,8,1678,"study_1_LOD_vs_CN; study_10_LOD_vs_CN; study_11_LOD_vs_CN; study_2_LOD_vs_CN; study_4_LOD_vs_CN; study_5_LOD_vs_CN; study_6_LOD_vs_CN; study_7_LOD_vs_CN",5,"study_1; study_11; study_4; study_6; study_7",0.210174033774277
"NXPE3",-0.0919036299056903,-0.215903647041806,0.0320963872304259,-1.48950383430529,0.136354744413436,0.853172723602782,NA,NA,NA,2,303,"study_11_LOD_vs_CN; study_2_LOD_vs_CN",2,"study_11; study_2",0.352028181445762
"LCAT",-0.0239918371596232,-0.0523649038760549,0.00438122955680852,-1.4889670980991,0.136496032964794,0.592375003586683,-0.0256308866464229,-0.0493504806953558,-0.00908504482124011,9,1731,"study_1_LOD_vs_CN; study_10_LOD_vs_CN; study_11_LOD_vs_CN; study_2_LOD_vs_CN; study_3_Soma_LOD_vs_CN; study_4_LOD_vs_CN; study_5_LOD_vs_CN; study_6_LOD_vs_CN; study_7_LOD_vs_CN",5,"study_1; study_11; study_4; study_6; study_7",0.210773994678567
"ARL8B",-0.0383857939274888,-0.113973736743924,0.0372021488889465,-1.48859416783985,0.136594268321403,0.819171669091578,NA,NA,NA,3,601,"study_11_LOD_vs_CN; study_2_LOD_vs_CN; study_5_LOD_vs_CN",2,"study_11; study_2",0.352028181445762
"PACSIN1",0.0802175536013034,-0.0327439194537472,0.193179026656354,1.4855839790647,0.137389195268761,0.502871058062947,NA,NA,NA,2,300,"study_11_LOD_vs_CN; study_2_LOD_vs_CN",2,"study_11; study_2",0.352835598674396
"ATRN",-0.00885219470404829,-0.0261405630686311,0.0084361736605345,-1.48528196008183,0.137469148589287,0.79903208650237,-0.00820837476453202,-0.0156248409127253,0.0140035003073475,9,1731,"study_1_LOD_vs_CN; study_10_LOD_vs_CN; study_11_LOD_vs_CN; study_2_LOD_vs_CN; study_3_Soma_LOD_vs_CN; study_4_LOD_vs_CN; study_5_LOD_vs_CN; study_6_LOD_vs_CN; study_7_LOD_vs_CN",5,"study_1; study_11; study_4; study_6; study_7",0.211851253036396
"IGHV1-45",-0.0870150213510017,-0.190831594277495,0.0168015515754918,-1.48393409450025,0.137826405732186,0.780469831003974,NA,NA,NA,3,529,"study_1_LOD_vs_CN; study_5_LOD_vs_CN; study_6_LOD_vs_CN",2,"study_1; study_6",0.352835598674396
"KLK6",-0.0183119949494154,-0.0355193008380107,-0.00110468906082016,-1.48115467920276,0.138565359946957,0.805059954913587,-0.0177635378217978,-0.028642868338674,-0.00537976831801305,12,2661,"study_1_LOD_vs_CN; study_10_LOD_vs_CN; study_11_LOD_vs_CN; study_2_LOD_vs_CN; study_3_Olink_LOD_vs_CN; study_3_Soma_LOD_vs_CN; study_4_LOD_vs_CN; study_5_LOD_vs_CN; study_6_LOD_vs_CN; study_7_LOD_vs_CN; study_8_LOD_vs_CN; study_9_LOD_vs_CN",6,"study_1; study_11; study_4; study_6; study_7; study_8",0.221290947974992
"NALF1",-0.083457702660434,-0.199549437293366,0.0326340319724984,-1.48052267832726,0.138733813127411,0.555857507485026,-0.0730624035314526,-0.10257866936724,-0.0162629202908871,4,425,"study_11_LOD_vs_CN; study_2_LOD_vs_CN; study_4_LOD_vs_CN; study_6_LOD_vs_CN",4,"study_11; study_2; study_4; study_6",0.23829572607767
"ATP2B2",-0.0397628123989554,-0.0996756533860967,0.020150028588186,-1.47976911203994,0.138934874405312,0.844546507580191,NA,NA,NA,3,805,"study_1_LOD_vs_CN; study_11_LOD_vs_CN; study_2_LOD_vs_CN",2,"study_1; study_11",0.35449163967867
"GALNT16",-0.0163540331603999,-0.0366091039569061,0.00390103763610627,-1.47791847013956,0.139429601936308,0.19291445047085,-0.0171709342015909,-0.0300616109554803,-0.0103433815888156,8,1463,"study_1_LOD_vs_CN; study_11_LOD_vs_CN; study_2_LOD_vs_CN; study_3_Soma_LOD_vs_CN; study_4_LOD_vs_CN; study_5_LOD_vs_CN; study_6_LOD_vs_CN; study_7_LOD_vs_CN",5,"study_1; study_11; study_4; study_6; study_7",0.214442727778041
"H2AC11",-0.133178054214389,-0.278239323465007,0.0118832150362298,-1.47528035487628,0.140137185761181,0.756244389712399,NA,NA,NA,2,128,"study_3_Soma_LOD_vs_CN; study_7_LOD_vs_CN",2,"study_3_Soma; study_7",0.356375359816514
"METRNL",-0.00423077760796712,-0.0274692627971837,0.0190077075812495,-1.47145494500164,0.141168123551046,0.62885490758698,-0.00463713364826734,-0.0229056813915499,0.00787768845972407,11,2407,"study_1_LOD_vs_CN; study_11_LOD_vs_CN; study_2_LOD_vs_CN; study_3_Olink_LOD_vs_CN; study_3_Soma_LOD_vs_CN; study_4_LOD_vs_CN; study_5_LOD_vs_CN; study_6_LOD_vs_CN; study_7_LOD_vs_CN; study_8_LOD_vs_CN; study_9_LOD_vs_CN",6,"study_1; study_11; study_4; study_6; study_7; study_8",0.22377761807351
"ITM2A",-0.0186137162892634,-0.0551666752025131,0.0179392426239863,-1.46829987254524,0.142022785552287,0,-0.0186628196725005,-0.0275215016381167,-0.0101567349652366,9,2112,"study_1_LOD_vs_CN; study_11_LOD_vs_CN; study_2_LOD_vs_CN; study_3_Olink_LOD_vs_CN; study_4_LOD_vs_CN; study_5_LOD_vs_CN; study_6_LOD_vs_CN; study_8_LOD_vs_CN; study_9_LOD_vs_CN",5,"study_1; study_11; study_4; study_6; study_8",0.216946646269462
"IGHM",-0.0653700007135151,-0.165428267053249,0.0346882656262186,-1.46826724983066,0.142031643270129,0,-0.0644663277554653,-0.0894815428984315,-0.0474024252997824,9,1730,"study_1_LOD_vs_CN; study_10_LOD_vs_CN; study_11_LOD_vs_CN; study_2_LOD_vs_CN; study_3_Soma_LOD_vs_CN; study_4_LOD_vs_CN; study_5_LOD_vs_CN; study_6_LOD_vs_CN; study_7_LOD_vs_CN",5,"study_1; study_11; study_4; study_6; study_7",0.216946646269462
"ADAM9",-0.0154812539738063,-0.0443109469243951,0.0133484389767824,-1.46792925175523,0.142123441463496,0,-0.015268083333854,-0.0193834218136224,-0.0101244324501376,8,1397,"study_1_LOD_vs_CN; study_11_LOD_vs_CN; study_2_LOD_vs_CN; study_3_Soma_LOD_vs_CN; study_4_LOD_vs_CN; study_5_LOD_vs_CN; study_6_LOD_vs_CN; study_7_LOD_vs_CN",5,"study_1; study_11; study_4; study_6; study_7",0.216946646269462
"PLD4",-0.0185390458521356,-0.0519811268641475,0.0149030351598763,-1.4676986468958,0.142186098465291,0.662783911883122,-0.0163556286746231,-0.0350423662052317,0.00642754518657506,7,1429,"study_1_LOD_vs_CN; study_11_LOD_vs_CN; study_2_LOD_vs_CN; study_4_LOD_vs_CN; study_5_LOD_vs_CN; study_6_LOD_vs_CN; study_7_LOD_vs_CN",5,"study_1; study_11; study_4; study_6; study_7",0.216946646269462
"OS9",-0.0360899877617099,-0.0839606328648192,0.0117806573413993,-1.45785528714137,0.144880435328402,0,-0.0389895404712976,-0.0478719828653322,-0.0294658718348243,3,750,"study_1_LOD_vs_CN; study_11_LOD_vs_CN; study_6_LOD_vs_CN",3,"study_1; study_11; study_6",0.3322671140796
"MXRA7",-0.0158260532952989,-0.0389388281506424,0.00728672156004457,-1.45742741861406,0.144998433068001,0.405207888453139,-0.0158377183395321,-0.023945575297649,-0.0116759422771428,8,1385,"study_1_LOD_vs_CN; study_11_LOD_vs_CN; study_2_LOD_vs_CN; study_3_Soma_LOD_vs_CN; study_4_LOD_vs_CN; study_5_LOD_vs_CN; study_6_LOD_vs_CN; study_7_LOD_vs_CN",5,"study_1; study_11; study_4; study_6; study_7",0.220672597369371
"CCL14",0.0409128437239123,0.00294964789157297,0.0788760395562517,1.45668991401361,0.145201995148117,0.861315652730738,0.0400260072367331,0.0161755569595895,0.0743240382037438,10,2271,"study_1_LOD_vs_CN; study_11_LOD_vs_CN; study_2_LOD_vs_CN; study_3_Olink_LOD_vs_CN; study_3_Soma_LOD_vs_CN; study_5_LOD_vs_CN; study_6_LOD_vs_CN; study_7_LOD_vs_CN; study_8_LOD_vs_CN; study_9_LOD_vs_CN",5,"study_1; study_11; study_6; study_7; study_8",0.220672597369371
"H2AC25",-0.125092111724938,-0.267068023428112,0.0168837999782357,-1.45581848757849,0.145442803641357,0.729570092532798,NA,NA,NA,2,128,"study_3_Soma_LOD_vs_CN; study_7_LOD_vs_CN",2,"study_3_Soma; study_7",0.368037680138976
"MMP1",-0.146744451486885,-0.329589125529696,0.0361002225559264,-1.45495549891541,0.145681581721678,0.792323599483527,NA,NA,NA,3,449,"study_3_Olink_LOD_vs_CN; study_3_Soma_LOD_vs_CN; study_9_LOD_vs_CN",2,"study_3_Soma; study_9",0.368037680138976
"CRTAC1",0.0394168988243183,0.00250083661767046,0.0763329610309662,1.45358540897094,0.146061284630296,0.872649838400086,0.0389924325686122,-0.00590074603054303,0.0706601455496188,12,2660,"study_1_LOD_vs_CN; study_10_LOD_vs_CN; study_11_LOD_vs_CN; study_2_LOD_vs_CN; study_3_Olink_LOD_vs_CN; study_3_Soma_LOD_vs_CN; study_4_LOD_vs_CN; study_5_LOD_vs_CN; study_6_LOD_vs_CN; study_7_LOD_vs_CN; study_8_LOD_vs_CN; study_9_LOD_vs_CN",6,"study_1; study_11; study_4; study_6; study_7; study_8",0.229831727285908
"CRISPLD1",-0.0148364630270156,-0.0386524240919532,0.00897949803792203,-1.45255920241629,0.146346180418829,0.231534361867734,-0.0147353661842383,-0.0233807130879007,-0.000888877240285742,5,1079,"study_1_LOD_vs_CN; study_11_LOD_vs_CN; study_2_LOD_vs_CN; study_5_LOD_vs_CN; study_6_LOD_vs_CN",3,"study_1; study_11; study_6",0.333608425932888
"AREG",0.0361659034885932,-0.0134872004756999,0.0858190074528862,1.4517263017684,0.146577722991997,0,NA,NA,NA,3,929,"study_3_Olink_LOD_vs_CN; study_8_LOD_vs_CN; study_9_LOD_vs_CN",2,"study_3_Olink; study_8",0.368089746814745
"WFIKKN1",-0.0371502614091922,-0.0924754197922467,0.0181748969738623,-1.4514278531946,0.1466607584965,0,NA,NA,NA,3,929,"study_3_Olink_LOD_vs_CN; study_8_LOD_vs_CN; study_9_LOD_vs_CN",2,"study_3_Olink; study_8",0.368089746814745
"CSPG5",-0.0269844472322559,-0.0529097450963215,-0.00105914936819027,-1.45140367091692,0.146667488157882,0.93652548422425,-0.0213912845909681,-0.0511492747811468,0.0281766393015944,5,1228,"study_1_LOD_vs_CN; study_11_LOD_vs_CN; study_2_LOD_vs_CN; study_5_LOD_vs_CN; study_7_LOD_vs_CN",3,"study_1; study_11; study_7",0.333608425932888
"RNASE6",0.0216462747506682,0.00249182395379559,0.0408007255475409,1.45121101696239,0.146721110067371,0.860258366282901,0.0230291982092175,0.00436317584692457,0.0385758220860134,9,1730,"study_1_LOD_vs_CN; study_10_LOD_vs_CN; study_11_LOD_vs_CN; study_2_LOD_vs_CN; study_3_Soma_LOD_vs_CN; study_4_LOD_vs_CN; study_5_LOD_vs_CN; study_6_LOD_vs_CN; study_7_LOD_vs_CN",5,"study_1; study_11; study_4; study_6; study_7",0.222541486472994
"VEGFC",-0.0285009954748628,-0.0677301166636382,0.0107281257139126,-1.44916197254942,0.147292354518715,0.725700393675052,-0.0299193015013833,-0.0375361051852492,-0.0136701517342457,6,1128,"study_1_LOD_vs_CN; study_11_LOD_vs_CN; study_2_LOD_vs_CN; study_5_LOD_vs_CN; study_6_LOD_vs_CN; study_7_LOD_vs_CN",4,"study_1; study_11; study_6; study_7",0.252008012809364
"THSD7A",-0.0206704476923998,-0.0487561644952401,0.00741526911044055,-1.448202178656,0.147560515473688,0.288880283621026,-0.0234238497074028,-0.0427016649351245,-0.0134639472247963,6,1145,"study_1_LOD_vs_CN; study_11_LOD_vs_CN; study_2_LOD_vs_CN; study_3_Soma_LOD_vs_CN; study_5_LOD_vs_CN; study_6_LOD_vs_CN",3,"study_1; study_11; study_6",0.334269739134274
"VWC2L",-0.0487782045990156,-0.0991580804917364,0.00160167129370507,-1.43875513457831,0.150219912080279,0.937462540207211,NA,NA,NA,5,831,"study_1_LOD_vs_CN; study_11_LOD_vs_CN; study_2_LOD_vs_CN; study_3_Soma_LOD_vs_CN; study_5_LOD_vs_CN",2,"study_1; study_11",0.375794438037962
"ACVR1",-0.0288454029586695,-0.0666448880648042,0.00895408214746523,-1.43751291208065,0.150572306610563,0,-0.0258431413080634,-0.0374724714807238,-0.00817280560243481,6,1001,"study_1_LOD_vs_CN; study_11_LOD_vs_CN; study_2_LOD_vs_CN; study_3_Soma_LOD_vs_CN; study_5_LOD_vs_CN; study_6_LOD_vs_CN",3,"study_1; study_11; study_6",0.336392420506072
"IGKV1-5",-0.032398645719755,-0.0863038916396285,0.0215066002001185,-1.4365705609539,0.150840053518692,0.25276258010292,-0.0354121440922991,-0.0715618960660999,-0.00999607173639542,7,1508,"study_1_LOD_vs_CN; study_10_LOD_vs_CN; study_11_LOD_vs_CN; study_2_LOD_vs_CN; study_3_Soma_LOD_vs_CN; study_5_LOD_vs_CN; study_7_LOD_vs_CN",3,"study_1; study_11; study_7",0.336392420506072
"MICA",0.0996750549536978,-0.0549087601548149,0.254258870062211,1.43522092286487,0.151224153232564,0,NA,NA,NA,3,357,"study_11_LOD_vs_CN; study_3_Olink_LOD_vs_CN; study_3_Soma_LOD_vs_CN",2,"study_11; study_3_Soma",0.37707840806042
"PPP2R1A",0.18496756066809,-0.0680135487521313,0.437948670088311,1.43465491896958,0.151385456493799,0.790290487067952,0.193125448706617,0.159550447738035,0.212783529221456,4,413,"study_11_LOD_vs_CN; study_2_LOD_vs_CN; study_3_Soma_LOD_vs_CN; study_6_LOD_vs_CN",3,"study_11; study_2; study_6",0.336392420506072
"TMEM108",-0.0429723850796062,-0.101614058532127,0.0156692883729147,-1.43426482026209,0.151496705490046,0,-0.0420875824840758,-0.0464390075103578,-0.0360336271175909,5,885,"study_1_LOD_vs_CN; study_11_LOD_vs_CN; study_2_LOD_vs_CN; study_5_LOD_vs_CN; study_6_LOD_vs_CN",3,"study_1; study_11; study_6",0.336392420506072
"IGKV1D-13",0.0571329670594089,-0.0208322832836475,0.135098217402465,1.43415471293953,0.151528117345077,0,0.0556579308630895,0.048959961870928,0.0677348453652383,3,1010,"study_1_LOD_vs_CN; study_11_LOD_vs_CN; study_7_LOD_vs_CN",3,"study_1; study_11; study_7",0.336392420506072
"TFF2",-0.0776513757762331,-0.196322525858392,0.0410197743059261,-1.43231703581553,0.152053109794449,0.624484098123417,NA,NA,NA,4,956,"study_3_Olink_LOD_vs_CN; study_3_Soma_LOD_vs_CN; study_8_LOD_vs_CN; study_9_LOD_vs_CN",2,"study_3_Soma; study_8",0.377918408809505
"RFNG",0.0194722821269765,-0.00822278146118795,0.0471673457151409,1.42552357908849,0.154005909191024,0.450285381558433,0.0169734634317379,0.000983596518080727,0.030485623701726,7,1112,"study_1_LOD_vs_CN; study_11_LOD_vs_CN; study_2_LOD_vs_CN; study_3_Olink_LOD_vs_CN; study_5_LOD_vs_CN; study_6_LOD_vs_CN; study_7_LOD_vs_CN",4,"study_1; study_11; study_6; study_7",0.261752015926526
"RNASE3",0.0836760705397917,-0.0551143949268639,0.222466536006447,1.4249118135685,0.154182694312885,0.291451026328944,0.095008407093843,0.0505769442769485,0.151763841607279,6,433,"study_11_LOD_vs_CN; study_2_LOD_vs_CN; study_3_Olink_LOD_vs_CN; study_3_Soma_LOD_vs_CN; study_6_LOD_vs_CN; study_7_LOD_vs_CN",4,"study_11; study_2; study_6; study_7",0.261752015926526
"SEMA3D",-0.042728926385836,-0.0994256825351588,0.0139678297634868,-1.42345202883216,0.154605159028212,0.5717145996877,-0.0458093447132259,-0.0608582601654292,-0.0240218291546197,5,966,"study_1_LOD_vs_CN; study_11_LOD_vs_CN; study_2_LOD_vs_CN; study_5_LOD_vs_CN; study_6_LOD_vs_CN",3,"study_1; study_11; study_6",0.341856028926922
"TATDN1",-0.0586931029707953,-0.149149370933193,0.0317631649916025,-1.42164269543695,0.155130003542105,0,NA,NA,NA,2,136,"study_3_Soma_LOD_vs_CN; study_4_LOD_vs_CN",2,"study_3_Soma; study_4",0.38316115606631
"CRISP2",-0.0699266007128253,-0.163705746669846,0.0238525452441949,-1.42153401907883,0.155161570981578,0,NA,NA,NA,5,978,"study_2_LOD_vs_CN; study_3_Olink_LOD_vs_CN; study_3_Soma_LOD_vs_CN; study_8_LOD_vs_CN; study_9_LOD_vs_CN",2,"study_2; study_8",0.38316115606631
"UBL4A",0.0534275993709688,-0.0243758050591635,0.131231003801101,1.41916315272831,0.15585145572766,0.864974741442076,NA,NA,NA,2,332,"study_11_LOD_vs_CN; study_3_Soma_LOD_vs_CN",2,"study_11; study_3_Soma",0.38316115606631
"TNFSF10",0.0539273926386828,-0.0205389204914859,0.128393705768851,1.41811179763443,0.156158127407233,0,NA,NA,NA,3,929,"study_3_Olink_LOD_vs_CN; study_8_LOD_vs_CN; study_9_LOD_vs_CN",2,"study_3_Olink; study_8",0.38316115606631
"MGAT2",-0.0122692259634788,-0.0304919744029945,0.00595352247603689,-1.41370967483004,0.157447163510508,0,-0.0115712506530775,-0.0185715253059242,-0.000134135663115799,7,1355,"study_1_LOD_vs_CN; study_11_LOD_vs_CN; study_2_LOD_vs_CN; study_3_Soma_LOD_vs_CN; study_5_LOD_vs_CN; study_6_LOD_vs_CN; study_7_LOD_vs_CN",4,"study_1; study_11; study_6; study_7",0.266261998523561
"PPBP",-0.0400430610127957,-0.111032166795519,0.0309460447699274,-1.4114669453494,0.15810697548696,0.883233806645124,-0.0471744058386534,-0.158308436846737,0.0719751221609595,6,1124,"study_1_LOD_vs_CN; study_11_LOD_vs_CN; study_2_LOD_vs_CN; study_3_Soma_LOD_vs_CN; study_5_LOD_vs_CN; study_6_LOD_vs_CN",3,"study_1; study_11; study_6",0.348126008513877
"FBN1",-0.0141259678677231,-0.0325281361851493,0.00427620044970302,-1.41013485503774,0.158499867100351,0.754939274061946,-0.0149059374471996,-0.0356539924760009,0.000557323935387934,7,1437,"study_1_LOD_vs_CN; study_11_LOD_vs_CN; study_2_LOD_vs_CN; study_4_LOD_vs_CN; study_5_LOD_vs_CN; study_6_LOD_vs_CN; study_7_LOD_vs_CN",5,"study_1; study_11; study_4; study_6; study_7",0.239933853937342
"CLEC1B",0.0750318592628756,-0.0208456502531225,0.170909368778874,1.40956061997084,0.158669461919625,0.893490419831214,NA,NA,NA,3,929,"study_3_Olink_LOD_vs_CN; study_8_LOD_vs_CN; study_9_LOD_vs_CN",2,"study_3_Olink; study_8",0.388083269918064
"BTN2A1",-0.0286278075811977,-0.0655279114145255,0.00827229625213008,-1.40947324418345,0.158695279556776,0.0813362603390256,-0.0243326931229403,-0.0373873108626919,-0.00927339387708549,4,753,"study_11_LOD_vs_CN; study_3_Soma_LOD_vs_CN; study_5_LOD_vs_CN; study_7_LOD_vs_CN",3,"study_11; study_5; study_7",0.348126008513877
"ASRGL1",0.0307154174153274,-0.0462738179929114,0.107704652823566,1.40708948985628,0.159400854256745,0.665905555283394,0.0367487249473857,-0.0242460076697319,0.0982196479837603,6,831,"study_1_LOD_vs_CN; study_11_LOD_vs_CN; study_2_LOD_vs_CN; study_3_Soma_LOD_vs_CN; study_5_LOD_vs_CN; study_6_LOD_vs_CN",3,"study_1; study_11; study_6",0.34829714217517
"CALU",-0.0186168475464935,-0.0461461766493706,0.00891248155638357,-1.40692724399732,0.15944896402356,0,-0.0200918989457781,-0.034317096601955,-0.0134895142293544,6,1105,"study_1_LOD_vs_CN; study_11_LOD_vs_CN; study_2_LOD_vs_CN; study_5_LOD_vs_CN; study_6_LOD_vs_CN; study_7_LOD_vs_CN",4,"study_1; study_11; study_6; study_7",0.268610177855075
"GM2A",0.00963570735418042,-0.0112886569373686,0.0305600716457295,1.40343716733466,0.160486516268838,0.831868578665946,0.0111374353489719,-0.0028441533036766,0.0369986572994166,9,1732,"study_1_LOD_vs_CN; study_10_LOD_vs_CN; study_11_LOD_vs_CN; study_2_LOD_vs_CN; study_3_Soma_LOD_vs_CN; study_4_LOD_vs_CN; study_5_LOD_vs_CN; study_6_LOD_vs_CN; study_7_LOD_vs_CN",5,"study_1; study_11; study_4; study_6; study_7",0.24204320387379
"NCAM2",0.011351469269667,-0.00909499101446236,0.0317979295537964,1.40331542325589,0.160522801008625,0.906004765633288,0.0128355427540289,-0.00602551565576927,0.0473043630115544,9,1732,"study_1_LOD_vs_CN; study_10_LOD_vs_CN; study_11_LOD_vs_CN; study_2_LOD_vs_CN; study_3_Soma_LOD_vs_CN; study_4_LOD_vs_CN; study_5_LOD_vs_CN; study_6_LOD_vs_CN; study_7_LOD_vs_CN",5,"study_1; study_11; study_4; study_6; study_7",0.24204320387379
"TNFRSF19",0.0448204674348945,-0.00721134967045562,0.0968522845402447,1.40132852198256,0.161115855866576,0.609693247288434,0.0444360677557672,0.0120927834058568,0.0738612606080774,7,1571,"study_11_LOD_vs_CN; study_2_LOD_vs_CN; study_3_Olink_LOD_vs_CN; study_3_Soma_LOD_vs_CN; study_4_LOD_vs_CN; study_8_LOD_vs_CN; study_9_LOD_vs_CN",4,"study_11; study_2; study_4; study_8",0.270378332833564
"CD46",0.0325424385469832,-0.00140069841568875,0.0664855755096552,1.39731533354572,0.162318766813393,0.651703255330068,0.0322688804478998,0.00235981592932015,0.0508867382098054,9,2105,"study_1_LOD_vs_CN; study_11_LOD_vs_CN; study_2_LOD_vs_CN; study_3_Olink_LOD_vs_CN; study_3_Soma_LOD_vs_CN; study_5_LOD_vs_CN; study_6_LOD_vs_CN; study_8_LOD_vs_CN; study_9_LOD_vs_CN",4,"study_1; study_11; study_6; study_8",0.271357327726206
"PLXNA3",-0.0255293687869462,-0.0855785150037358,0.0345197774298434,-1.3955308484877,0.162855818971526,0.466980036579045,-0.0239058756564408,-0.0483123343747194,0.0096420966502321,4,1475,"study_11_LOD_vs_CN; study_6_LOD_vs_CN; study_8_LOD_vs_CN; study_9_LOD_vs_CN",3,"study_11; study_6; study_8",0.354450900114497
"HYAL1",-0.0162142958298447,-0.0394147780145976,0.00698618635490824,-1.39468042108302,0.163112231570527,0.806575684476347,-0.0171455026865585,-0.0483787078709736,0.013021743250629,8,1356,"study_1_LOD_vs_CN; study_11_LOD_vs_CN; study_2_LOD_vs_CN; study_3_Soma_LOD_vs_CN; study_4_LOD_vs_CN; study_5_LOD_vs_CN; study_6_LOD_vs_CN; study_7_LOD_vs_CN",5,"study_1; study_11; study_4; study_6; study_7",0.245466352402613
"ESAM",0.0125348895346685,-0.0224166215496473,0.0474864006189844,-1.39287623675878,0.163657219491366,0.825727220404385,0.0122723800373515,-0.026314820049188,0.0342356251569384,11,2350,"study_1_LOD_vs_CN; study_11_LOD_vs_CN; study_2_LOD_vs_CN; study_3_Olink_LOD_vs_CN; study_3_Soma_LOD_vs_CN; study_4_LOD_vs_CN; study_5_LOD_vs_CN; study_6_LOD_vs_CN; study_7_LOD_vs_CN; study_8_LOD_vs_CN; study_9_LOD_vs_CN",6,"study_1; study_11; study_4; study_6; study_7; study_8",0.25563974431498
"RNF167",0.0129285889160255,-0.0264101737966407,0.0522673516286917,1.39283422767739,0.163669925456985,0.873138459796826,NA,NA,NA,4,727,"study_1_LOD_vs_CN; study_11_LOD_vs_CN; study_2_LOD_vs_CN; study_5_LOD_vs_CN",2,"study_1; study_11",0.398099300653318
"QPRT",0.0751031315490029,-0.0359701458416466,0.186176408939652,1.39240009823463,0.16380127474798,0,NA,NA,NA,2,434,"study_11_LOD_vs_CN; study_2_LOD_vs_CN",2,"study_11; study_2",0.398099300653318
"APOH",-0.0112736095444506,-0.0556654420735898,0.0331182229846887,-1.39066896058477,0.164325834143424,0.83948946251172,-0.0111458865143525,-0.0536940952681968,0.0505283603799764,9,1731,"study_1_LOD_vs_CN; study_10_LOD_vs_CN; study_11_LOD_vs_CN; study_2_LOD_vs_CN; study_3_Soma_LOD_vs_CN; study_4_LOD_vs_CN; study_5_LOD_vs_CN; study_6_LOD_vs_CN; study_7_LOD_vs_CN",5,"study_1; study_11; study_4; study_6; study_7",0.246809700109947
"NDRG1",-0.038471409000683,-0.110443183055161,0.0335003650537951,-1.38908554810564,0.164806737797923,0,-0.0390285251683825,-0.0421112489281836,-0.0340313567618419,5,518,"study_11_LOD_vs_CN; study_2_LOD_vs_CN; study_3_Olink_LOD_vs_CN; study_3_Soma_LOD_vs_CN; study_7_LOD_vs_CN",3,"study_11; study_2; study_7",0.357055032075597
"NOMO3",-0.0116014279067353,-0.0310757040334578,0.00787284821998725,-1.38733709479488,0.165338996835006,0,-0.0105182803523182,-0.0154128481744313,-0.00358563095839912,4,1067,"study_1_LOD_vs_CN; study_11_LOD_vs_CN; study_2_LOD_vs_CN; study_7_LOD_vs_CN",3,"study_1; study_11; study_7",0.357055032075597
"DCBLD2",0.0362618650280901,0.00403685781216194,0.0684868722440183,1.38606714021828,0.165726403029354,0.82529020292611,0.0364573116613942,-0.00221405362548259,0.0623146526035369,8,2060,"study_1_LOD_vs_CN; study_11_LOD_vs_CN; study_2_LOD_vs_CN; study_3_Olink_LOD_vs_CN; study_5_LOD_vs_CN; study_6_LOD_vs_CN; study_8_LOD_vs_CN; study_9_LOD_vs_CN",4,"study_1; study_11; study_6; study_8",0.276000625577403
"HS6ST1",0.0160488317396164,-0.0199842363435252,0.052081899822758,1.38591111845546,0.165774045338674,0.343154021140015,0.0163104669242451,0.00992810730576037,0.0321367484392661,11,2379,"study_1_LOD_vs_CN; study_11_LOD_vs_CN; study_2_LOD_vs_CN; study_3_Olink_LOD_vs_CN; study_3_Soma_LOD_vs_CN; study_4_LOD_vs_CN; study_5_LOD_vs_CN; study_6_LOD_vs_CN; study_7_LOD_vs_CN; study_8_LOD_vs_CN; study_9_LOD_vs_CN",6,"study_1; study_11; study_4; study_6; study_7; study_8",0.257069896394755
"C1QTNF1",-0.00405203457116097,-0.0344660550295246,0.0263619858872027,-1.38557747997341,0.165875958698403,0.447959064140479,-0.00453805475529995,-0.0283884627772003,0.00642765297732146,10,2281,"study_1_LOD_vs_CN; study_11_LOD_vs_CN; study_2_LOD_vs_CN; study_3_Olink_LOD_vs_CN; study_3_Soma_LOD_vs_CN; study_5_LOD_vs_CN; study_6_LOD_vs_CN; study_7_LOD_vs_CN; study_8_LOD_vs_CN; study_9_LOD_vs_CN",5,"study_1; study_11; study_6; study_7; study_8",0.24865226557324
"ZFPL1",-0.0355142150523751,-0.0879772858062336,0.0169488557014833,-1.38336329141999,0.166553500319338,0,NA,NA,NA,2,552,"study_11_LOD_vs_CN; study_2_LOD_vs_CN",2,"study_11; study_2",0.403511319385651
"DSC1",-0.024258291379239,-0.0608076749700126,0.0122910922115347,-1.3830357488157,0.166653904749488,0,-0.0245953406374418,-0.0422517584689562,-0.00589364076193619,7,1421,"study_1_LOD_vs_CN; study_11_LOD_vs_CN; study_2_LOD_vs_CN; study_4_LOD_vs_CN; study_5_LOD_vs_CN; study_6_LOD_vs_CN; study_7_LOD_vs_CN",5,"study_1; study_11; study_4; study_6; study_7",0.24887256964222
"CPN2",-0.029754068519953,-0.0779399731654148,0.0184318361255087,-1.3829826481619,0.166670186431396,0.388277623353636,-0.0306477372079,-0.0698350716479278,0.00836385085162987,9,1731,"study_1_LOD_vs_CN; study_10_LOD_vs_CN; study_11_LOD_vs_CN; study_2_LOD_vs_CN; study_3_Soma_LOD_vs_CN; study_4_LOD_vs_CN; study_5_LOD_vs_CN; study_6_LOD_vs_CN; study_7_LOD_vs_CN",5,"study_1; study_11; study_4; study_6; study_7",0.24887256964222
"INAFM2",-0.0173452056629525,-0.0394651601435867,0.00477474881768177,-1.38294316756203,0.166682292717786,0.728813047709283,-0.0149235166123673,-0.0280479617743863,0.00946613001776926,4,1139,"study_1_LOD_vs_CN; study_11_LOD_vs_CN; study_2_LOD_vs_CN; study_7_LOD_vs_CN",3,"study_1; study_11; study_7",0.35856074596268
"CD2AP",0.0924544560278506,-0.0383936071732111,0.223302519228912,1.38094246756932,0.167296650962372,0.78662233112895,NA,NA,NA,4,956,"study_3_Olink_LOD_vs_CN; study_3_Soma_LOD_vs_CN; study_8_LOD_vs_CN; study_9_LOD_vs_CN",2,"study_3_Soma; study_8",0.404037194777049
"LYSMD3",-0.028036884703434,-0.0681382794136378,0.0120645100067698,-1.37899084976097,0.167897575132808,0,NA,NA,NA,3,883,"study_1_LOD_vs_CN; study_11_LOD_vs_CN; study_2_LOD_vs_CN",2,"study_1; study_11",0.404217359567387
"UBE2K",0.0940246776540538,-0.0721892083930023,0.26023856370111,1.37485439918885,0.169176589044514,0,0.157656884891198,0.0665591725273891,0.32196607920149,3,573,"study_11_LOD_vs_CN; study_3_Soma_LOD_vs_CN; study_6_LOD_vs_CN",3,"study_11; study_3_Soma; study_6",0.361363795748821
"IGHG1",-0.0312871263044921,-0.0829984480857852,0.020424195476801,-1.37406241862629,0.169422305330404,0.0917072582709064,-0.0333855601201662,-0.0678328891558831,-0.00133752471983666,7,1510,"study_1_LOD_vs_CN; study_10_LOD_vs_CN; study_11_LOD_vs_CN; study_2_LOD_vs_CN; study_3_Soma_LOD_vs_CN; study_5_LOD_vs_CN; study_7_LOD_vs_CN",3,"study_1; study_11; study_7",0.361363795748821
"AP1B1",0.0160862504846367,-0.0148187911683402,0.0469912921376135,1.37240096497875,0.169938649892689,0.733529751422514,0.0178742617251463,-0.013423750910368,0.046702719270169,6,1129,"study_1_LOD_vs_CN; study_11_LOD_vs_CN; study_2_LOD_vs_CN; study_3_Soma_LOD_vs_CN; study_5_LOD_vs_CN; study_6_LOD_vs_CN",3,"study_1; study_11; study_6",0.361363795748821
"MGAT1",0.0171779944257405,-0.00317655300623961,0.0375325418577206,1.37175990940789,0.170138191434955,0.795694104965619,0.0182752206344907,-0.000101938646920431,0.0314479755521307,8,1579,"study_1_LOD_vs_CN; study_10_LOD_vs_CN; study_11_LOD_vs_CN; study_2_LOD_vs_CN; study_4_LOD_vs_CN; study_5_LOD_vs_CN; study_6_LOD_vs_CN; study_7_LOD_vs_CN",5,"study_1; study_11; study_4; study_6; study_7",0.253558661266435
"PGF",-0.0454807598835112,-0.113264342522572,0.0223028227555497,-1.37120995422526,0.170309516032458,0.881289927344387,NA,NA,NA,5,952,"study_1_LOD_vs_CN; study_2_LOD_vs_CN; study_3_Olink_LOD_vs_CN; study_3_Soma_LOD_vs_CN; study_8_LOD_vs_CN",2,"study_1; study_8",0.408742838477899
"HEPH",-0.0215020064028868,-0.0568055620737126,0.0138015492679391,-1.37018358476859,0.170629601140832,0.422607988574748,-0.0256288303481916,-0.0596759459985726,-0.0088708250526268,7,1062,"study_1_LOD_vs_CN; study_11_LOD_vs_CN; study_2_LOD_vs_CN; study_3_Soma_LOD_vs_CN; study_5_LOD_vs_CN; study_6_LOD_vs_CN; study_7_LOD_vs_CN",4,"study_1; study_11; study_6; study_7",0.282749889317109
"ECRG4",-0.0335087918045266,-0.0895523472974551,0.0225347636884019,-1.36966907806596,0.170790225451316,0.741443863923514,-0.0355545751305542,-0.074482094262886,-4.07846788392265e-05,8,1641,"study_1_LOD_vs_CN; study_10_LOD_vs_CN; study_11_LOD_vs_CN; study_2_LOD_vs_CN; study_4_LOD_vs_CN; study_5_LOD_vs_CN; study_6_LOD_vs_CN; study_7_LOD_vs_CN",5,"study_1; study_11; study_4; study_6; study_7",0.254038072286387
"GABRD",-0.143546187093805,-0.33700920756203,0.0499168333744202,-1.36828711852518,0.171222221278177,0.467996579763922,NA,NA,NA,2,76,"study_2_LOD_vs_CN; study_6_LOD_vs_CN",2,"study_2; study_6",0.409117946325668
"CAPN1",0.0541012110301556,-0.0232930817376595,0.131495503797971,1.36784215257219,0.171361490095095,0.485386719113926,0.0523405739206633,0.0218092921248011,0.0976655035082923,5,964,"study_1_LOD_vs_CN; study_11_LOD_vs_CN; study_2_LOD_vs_CN; study_3_Soma_LOD_vs_CN; study_6_LOD_vs_CN",3,"study_1; study_11; study_6",0.36299857634648
"DNAJC5",-0.0846880944851749,-0.180512640909351,0.0111364519390016,-1.36730022157902,0.171531222287585,0.912559453230327,NA,NA,NA,2,508,"study_11_LOD_vs_CN; study_2_LOD_vs_CN",2,"study_11; study_2",0.409117946325668
"SEZ6",-0.0167825514837996,-0.0353478670276332,0.00178276406003398,-1.36720809252564,0.171560089517273,0.574929976721356,-0.0166831826335843,-0.0278599715761081,-0.00700695603432281,8,1699,"study_1_LOD_vs_CN; study_10_LOD_vs_CN; study_11_LOD_vs_CN; study_2_LOD_vs_CN; study_4_LOD_vs_CN; study_5_LOD_vs_CN; study_6_LOD_vs_CN; study_7_LOD_vs_CN",5,"study_1; study_11; study_4; study_6; study_7",0.254690557603827
"CPB2",-0.0232597143270288,-0.0675146365925876,0.0209952079385299,-1.36700552248274,0.1716235745298,0.763027531726244,-0.0206420040698687,-0.0422878823461742,0.0266211617305662,8,1460,"study_1_LOD_vs_CN; study_10_LOD_vs_CN; study_11_LOD_vs_CN; study_2_LOD_vs_CN; study_3_Soma_LOD_vs_CN; study_4_LOD_vs_CN; study_5_LOD_vs_CN; study_6_LOD_vs_CN",4,"study_1; study_11; study_4; study_6",0.282749889317109
"DSTN",0.0238393914832587,-0.0402628480749935,0.087941631041511,1.36671170924988,0.171715686206281,0.283396971295086,0.0193765211350645,-0.0307358939006758,0.0447640669703723,7,1165,"study_1_LOD_vs_CN; study_11_LOD_vs_CN; study_2_LOD_vs_CN; study_3_Soma_LOD_vs_CN; study_5_LOD_vs_CN; study_6_LOD_vs_CN; study_7_LOD_vs_CN",4,"study_1; study_11; study_6; study_7",0.282749889317109
"TM9SF3",-0.0167218678362398,-0.04533142414664,0.0118876884741603,-1.36186517328124,0.173240438903731,0.304501466732168,-0.0134876855543448,-0.025685401681323,0.00939727495560362,5,1111,"study_1_LOD_vs_CN; study_11_LOD_vs_CN; study_2_LOD_vs_CN; study_5_LOD_vs_CN; study_6_LOD_vs_CN",3,"study_1; study_11; study_6",0.365583435709394
"ACTA2",0.0272314363162809,-0.0114445498357035,0.0659074224682653,1.36116384899587,0.173461915775327,0,NA,NA,NA,2,584,"study_1_LOD_vs_CN; study_7_LOD_vs_CN",2,"study_1; study_7",0.412441954536999
"TNR",0.0191061301542585,-0.000855298786347256,0.0390675590948643,1.35743410461521,0.174643317912823,0.762989352638829,0.0188333977793277,-0.00337230753399533,0.0295927445006276,12,2610,"study_1_LOD_vs_CN; study_10_LOD_vs_CN; study_11_LOD_vs_CN; study_2_LOD_vs_CN; study_3_Olink_LOD_vs_CN; study_3_Soma_LOD_vs_CN; study_4_LOD_vs_CN; study_5_LOD_vs_CN; study_6_LOD_vs_CN; study_7_LOD_vs_CN; study_8_LOD_vs_CN; study_9_LOD_vs_CN",6,"study_1; study_11; study_4; study_6; study_7; study_8",0.268875323980893
"TPM3",0.0544761181660961,-0.00794562087426278,0.116897857206455,1.35540437312333,0.175288757108765,0.85921661387145,0.0388407593251244,-0.0778813504720235,0.133206423842112,6,1049,"study_1_LOD_vs_CN; study_11_LOD_vs_CN; study_2_LOD_vs_CN; study_3_Soma_LOD_vs_CN; study_5_LOD_vs_CN; study_6_LOD_vs_CN",3,"study_1; study_11; study_6",0.368504773467289
"FCGR2A",0.0285377932588481,-0.0190326490910283,0.0761082356087245,1.3551963061542,0.175355021266149,0.254201664136432,0.0287324800300853,0.0209499498622546,0.0474900004483029,10,2285,"study_1_LOD_vs_CN; study_11_LOD_vs_CN; study_2_LOD_vs_CN; study_3_Olink_LOD_vs_CN; study_3_Soma_LOD_vs_CN; study_5_LOD_vs_CN; study_6_LOD_vs_CN; study_7_LOD_vs_CN; study_8_LOD_vs_CN; study_9_LOD_vs_CN",5,"study_1; study_11; study_6; study_7; study_8",0.259822757906876
"PTX3",0.194429917399763,-0.0323730906160843,0.421232925415611,1.35464067082228,0.175532068898219,0.899789844421881,NA,NA,NA,2,128,"study_3_Olink_LOD_vs_CN; study_6_LOD_vs_CN",2,"study_3_Olink; study_6",0.415242614061625
"MYOM2",0.130503287987213,-0.0694818035797471,0.330488379554173,1.35404770584971,0.175721158294308,0,NA,NA,NA,2,91,"study_2_LOD_vs_CN; study_6_LOD_vs_CN",2,"study_2; study_6",0.415242614061625
"ACP6",-0.0346705109923995,-0.104815977765272,0.0354749557804728,-1.35329726057489,0.175960684014219,0.663647130563997,-0.0354481002580295,-0.0603963379577251,-0.00776627917975341,9,1786,"study_1_LOD_vs_CN; study_11_LOD_vs_CN; study_3_Olink_LOD_vs_CN; study_3_Soma_LOD_vs_CN; study_5_LOD_vs_CN; study_6_LOD_vs_CN; study_7_LOD_vs_CN; study_8_LOD_vs_CN; study_9_LOD_vs_CN",5,"study_1; study_11; study_6; study_7; study_8",0.260055943740262
"CACHD1",-0.0149648518564622,-0.0366170701675483,0.00668736645462378,-1.35208508549083,0.176348097905616,0.585558202832574,-0.0143435391382941,-0.0227432272284209,-0.00613879074978438,7,1452,"study_1_LOD_vs_CN; study_11_LOD_vs_CN; study_2_LOD_vs_CN; study_4_LOD_vs_CN; study_5_LOD_vs_CN; study_6_LOD_vs_CN; study_7_LOD_vs_CN",5,"study_1; study_11; study_4; study_6; study_7",0.260055943740262
"TLL1",-0.0275001503975413,-0.0598465531955657,0.00484625240048296,-1.35195254618534,0.176390496298398,0.750197310358798,-0.0232978804140654,-0.0458249870522868,0.00402163003978295,6,860,"study_11_LOD_vs_CN; study_2_LOD_vs_CN; study_3_Soma_LOD_vs_CN; study_5_LOD_vs_CN; study_6_LOD_vs_CN; study_7_LOD_vs_CN",4,"study_11; study_2; study_6; study_7",0.289359690556922
"GFRA1",-0.00845724657438442,-0.0363032802611106,0.0193887871123418,-1.35152623587142,0.176526921498592,0,-0.00876718502989956,-0.0183958151593388,-0.00407087858766418,9,2130,"study_1_LOD_vs_CN; study_11_LOD_vs_CN; study_2_LOD_vs_CN; study_3_Olink_LOD_vs_CN; study_3_Soma_LOD_vs_CN; study_6_LOD_vs_CN; study_7_LOD_vs_CN; study_8_LOD_vs_CN; study_9_LOD_vs_CN",5,"study_1; study_11; study_6; study_7; study_8",0.260055943740262
"IGHV1-3",-0.0511364853387012,-0.125060894519697,0.0227879238422951,-1.3482601700657,0.177574717934153,0,-0.0616733025169782,-0.111606266712807,-0.0206015324675957,4,832,"study_1_LOD_vs_CN; study_11_LOD_vs_CN; study_5_LOD_vs_CN; study_7_LOD_vs_CN",3,"study_1; study_11; study_7",0.371500614338564
"SHISA8",0.0361203047011235,-0.0151056317322877,0.0873462411345348,1.34677550295431,0.178052546691996,0,0.0326151877110775,0.0098131449024604,0.0463453791611239,4,945,"study_1_LOD_vs_CN; study_11_LOD_vs_CN; study_2_LOD_vs_CN; study_6_LOD_vs_CN",3,"study_1; study_11; study_6",0.371500614338564
"PI16",0.0213210809821843,-0.0042744668902096,0.0469166288545782,1.3460867088676,0.178274554526122,0.876193668273755,0.0213999967752683,-0.00613313969200981,0.0593447330304003,8,1705,"study_1_LOD_vs_CN; study_10_LOD_vs_CN; study_11_LOD_vs_CN; study_2_LOD_vs_CN; study_4_LOD_vs_CN; study_5_LOD_vs_CN; study_6_LOD_vs_CN; study_7_LOD_vs_CN",5,"study_1; study_11; study_4; study_6; study_7",0.261896065945075
"GAA",-0.00559931495346358,-0.025861024016686,0.0146623941097589,-1.34460770742403,0.17875195304179,0.778274644669967,-0.00424296517208536,-0.0218048651745995,0.0131906438596277,8,1477,"study_1_LOD_vs_CN; study_11_LOD_vs_CN; study_2_LOD_vs_CN; study_3_Soma_LOD_vs_CN; study_4_LOD_vs_CN; study_5_LOD_vs_CN; study_6_LOD_vs_CN; study_7_LOD_vs_CN",5,"study_1; study_11; study_4; study_6; study_7",0.261896065945075
"GNS",-0.0183663789127599,-0.0484454955495353,0.0117127377240155,-1.34446612234325,0.178797704318809,0.667077597028515,-0.018949132024127,-0.0416685183432268,0.00428832759003275,8,1457,"study_1_LOD_vs_CN; study_11_LOD_vs_CN; study_2_LOD_vs_CN; study_3_Soma_LOD_vs_CN; study_4_LOD_vs_CN; study_5_LOD_vs_CN; study_6_LOD_vs_CN; study_7_LOD_vs_CN",5,"study_1; study_11; study_4; study_6; study_7",0.261896065945075
"PCDHGC3",0.0141768674708615,-0.00281763939861414,0.0311713743403372,1.34218066928532,0.179537422670595,0.701489199259728,0.014360525970351,0.00570610061978436,0.0233589693427767,8,1442,"study_1_LOD_vs_CN; study_11_LOD_vs_CN; study_2_LOD_vs_CN; study_3_Soma_LOD_vs_CN; study_4_LOD_vs_CN; study_5_LOD_vs_CN; study_6_LOD_vs_CN; study_7_LOD_vs_CN",5,"study_1; study_11; study_4; study_6; study_7",0.262479616033627
"CPVL",-0.0223587581592549,-0.0541325704476182,0.00941505412910831,-1.34000982919286,0.180242149379975,0.622855140262285,-0.0247408617181225,-0.0573799027930151,-0.00863751609426482,10,1755,"study_1_LOD_vs_CN; study_10_LOD_vs_CN; study_11_LOD_vs_CN; study_2_LOD_vs_CN; study_3_Olink_LOD_vs_CN; study_3_Soma_LOD_vs_CN; study_4_LOD_vs_CN; study_5_LOD_vs_CN; study_6_LOD_vs_CN; study_7_LOD_vs_CN",5,"study_1; study_11; study_4; study_6; study_7",0.263009891600001
"CXCL6",0.0902172605529403,-0.0228373300872966,0.203271851193177,1.33788195432323,0.18093492058504,0.837073186737884,NA,NA,NA,4,956,"study_3_Olink_LOD_vs_CN; study_3_Soma_LOD_vs_CN; study_8_LOD_vs_CN; study_9_LOD_vs_CN",2,"study_3_Soma; study_8",0.42551279555952
"SLURP2",0.0507975841643932,-0.046806185817401,0.148401354146187,1.33714481859844,0.181175369984327,0.904535521194043,NA,NA,NA,2,411,"study_11_LOD_vs_CN; study_6_LOD_vs_CN",2,"study_11; study_6",0.42551279555952
"CCL16",-0.0592961474554671,-0.149689339525274,0.0310970446143396,-1.33479979928206,0.181941879214462,0.552659484594983,-0.0645297010427481,-0.0811340377481723,-0.0445462115332829,5,1279,"study_11_LOD_vs_CN; study_3_Olink_LOD_vs_CN; study_3_Soma_LOD_vs_CN; study_8_LOD_vs_CN; study_9_LOD_vs_CN",3,"study_11; study_3_Soma; study_8",0.378193793872758
"CHST14",-0.00246597817563513,-0.0292067591717006,0.0242748028204304,-1.33237832874684,0.182735899679478,0.885185197041239,-0.00169474112581407,-0.0220332549270445,0.0360811405758557,5,1187,"study_1_LOD_vs_CN; study_11_LOD_vs_CN; study_5_LOD_vs_CN; study_6_LOD_vs_CN; study_7_LOD_vs_CN",4,"study_1; study_11; study_6; study_7",0.298320322062035
"PDGFRB",0.0292585296895486,-0.00267427081523468,0.0611913301943318,1.33123353161894,0.183112181314076,0.541772644187058,0.0288877894554052,0.00894232864673197,0.0404311484328444,11,2340,"study_1_LOD_vs_CN; study_11_LOD_vs_CN; study_2_LOD_vs_CN; study_3_Olink_LOD_vs_CN; study_3_Soma_LOD_vs_CN; study_4_LOD_vs_CN; study_5_LOD_vs_CN; study_6_LOD_vs_CN; study_7_LOD_vs_CN; study_8_LOD_vs_CN; study_9_LOD_vs_CN",6,"study_1; study_11; study_4; study_6; study_7; study_8",0.279900048580087
"ACP1",0.0540795056672943,-0.0272473099696569,0.135406321304246,1.33092104329715,0.183214992316638,0,0.05212572622068,0.0421526754004462,0.0579086480446369,5,700,"study_11_LOD_vs_CN; study_2_LOD_vs_CN; study_3_Soma_LOD_vs_CN; study_6_LOD_vs_CN; study_7_LOD_vs_CN",4,"study_11; study_2; study_6; study_7",0.298320322062035
"LAMTOR3",-0.0402170896935237,-0.0978634174819304,0.0174292380948831,-1.32940040186085,0.183715905334978,0,-0.0343959202045828,-0.042602518755221,-0.0183078193331183,3,621,"study_11_LOD_vs_CN; study_3_Soma_LOD_vs_CN; study_6_LOD_vs_CN",3,"study_11; study_3_Soma; study_6",0.380456445749674
"IGKV1D-33",-0.0208893591520313,-0.0708786779319094,0.0290999596278467,-1.32788206623252,0.184217070134924,0.667263516682374,-0.0228715385686274,-0.0662733899335942,0.00963961976446066,7,1528,"study_1_LOD_vs_CN; study_10_LOD_vs_CN; study_11_LOD_vs_CN; study_2_LOD_vs_CN; study_5_LOD_vs_CN; study_6_LOD_vs_CN; study_7_LOD_vs_CN",4,"study_1; study_11; study_6; study_7",0.298841024885543
"ICAM2",0.0029577153847666,-0.0274471753160683,0.0333626060856015,-1.32563715676663,0.184959912413732,0.650153856056894,0.00278767403367995,-0.0218344201792716,0.0177710784818729,11,2371,"study_1_LOD_vs_CN; study_11_LOD_vs_CN; study_2_LOD_vs_CN; study_3_Olink_LOD_vs_CN; study_3_Soma_LOD_vs_CN; study_4_LOD_vs_CN; study_5_LOD_vs_CN; study_6_LOD_vs_CN; study_7_LOD_vs_CN; study_8_LOD_vs_CN; study_9_LOD_vs_CN",6,"study_1; study_11; study_4; study_6; study_7; study_8",0.280719299691764
"COL3A1",-0.0191803788588102,-0.0407574132347617,0.00239665551714126,-1.32262486049013,0.185960162583658,0.88728784734891,-0.0197573126063372,-0.0451428142945345,0.00770762679478867,9,1684,"study_1_LOD_vs_CN; study_10_LOD_vs_CN; study_11_LOD_vs_CN; study_2_LOD_vs_CN; study_3_Soma_LOD_vs_CN; study_4_LOD_vs_CN; study_5_LOD_vs_CN; study_6_LOD_vs_CN; study_7_LOD_vs_CN",5,"study_1; study_11; study_4; study_6; study_7",0.270839706490214
"GNAO1",-0.0184270225093564,-0.0778459113488565,0.0409918663301438,-1.32257774464698,0.185975839367187,0.915528369711087,NA,NA,NA,3,902,"study_1_LOD_vs_CN; study_11_LOD_vs_CN; study_2_LOD_vs_CN",2,"study_1; study_11",0.435455623884145
"IGF1",-0.0189700414496288,-0.0547615915249331,0.0168215086256754,-1.32128505875607,0.186406333976898,0,-0.0204719849510267,-0.0354719998590169,-0.0085155474642162,6,1085,"study_1_LOD_vs_CN; study_11_LOD_vs_CN; study_2_LOD_vs_CN; study_3_Soma_LOD_vs_CN; study_5_LOD_vs_CN; study_6_LOD_vs_CN",3,"study_1; study_11; study_6",0.384592993892856
"SLIT3",-0.0206681010059403,-0.0797212346253459,0.0383850326134654,-1.31800588732095,0.187501677103211,0.68396100768921,-0.0249355765943267,-0.0719498326897983,0.00317983967491299,6,966,"study_1_LOD_vs_CN; study_11_LOD_vs_CN; study_2_LOD_vs_CN; study_3_Soma_LOD_vs_CN; study_5_LOD_vs_CN; study_6_LOD_vs_CN",3,"study_1; study_11; study_6",0.385420114045489
"CD248",-0.0125777313276128,-0.0293440158572774,0.00418855320205188,-1.31751381084329,0.187666454803026,0.732625203556229,-0.0123812461552165,-0.0204495538604409,-0.000205195847507458,8,1479,"study_1_LOD_vs_CN; study_11_LOD_vs_CN; study_2_LOD_vs_CN; study_3_Soma_LOD_vs_CN; study_4_LOD_vs_CN; study_5_LOD_vs_CN; study_6_LOD_vs_CN; study_7_LOD_vs_CN",5,"study_1; study_11; study_4; study_6; study_7",0.272808135621035
"EIF3J",0.0509579272136632,-0.0362866967283698,0.138202551155696,1.31694095293087,0.187858417752944,0.184290017069331,NA,NA,NA,2,384,"study_11_LOD_vs_CN; study_2_LOD_vs_CN",2,"study_11; study_2",0.437948449821725
"FLG2",-0.249265073188396,-0.530229428528715,0.0316992821519222,-1.31236047066,0.189398537742871,0.888353754520667,-0.265338370867877,-0.3135590638299,-0.184932686215003,4,314,"study_1_LOD_vs_CN; study_2_LOD_vs_CN; study_6_LOD_vs_CN; study_7_LOD_vs_CN",3,"study_1; study_6; study_7",0.387871719538484
"SLITRK6",-0.0219701744497991,-0.0748168317109288,0.0308764828113307,-1.31207551376265,0.189494656891334,0.517248152281043,-0.0227883828144235,-0.0421250130716991,-0.0132453790722694,10,2129,"study_1_LOD_vs_CN; study_11_LOD_vs_CN; study_2_LOD_vs_CN; study_3_Olink_LOD_vs_CN; study_3_Soma_LOD_vs_CN; study_5_LOD_vs_CN; study_6_LOD_vs_CN; study_7_LOD_vs_CN; study_8_LOD_vs_CN; study_9_LOD_vs_CN",5,"study_1; study_11; study_6; study_7; study_8",0.274946021036672
"FREM1",0.0714895376995038,-0.0255268657716458,0.168505941170653,1.31201709191137,0.189514367675048,0.555848246087974,NA,NA,NA,3,446,"study_11_LOD_vs_CN; study_2_LOD_vs_CN; study_3_Soma_LOD_vs_CN",2,"study_11; study_2",0.437948449821725
"TTN",0.0746489797338415,-0.0472881034765921,0.196586062944275,1.31136023772191,0.189736085861177,0.169909692066719,NA,NA,NA,2,589,"study_11_LOD_vs_CN; study_6_LOD_vs_CN",2,"study_11; study_6",0.437948449821725
"HAPLN4",0.00916094049025928,-0.0232344394744534,0.0415563204549719,1.31032839027361,0.190084767182331,0.876296404118457,0.0105446019418473,-0.0327866886359908,0.0424656943583463,7,1174,"study_1_LOD_vs_CN; study_11_LOD_vs_CN; study_2_LOD_vs_CN; study_3_Soma_LOD_vs_CN; study_5_LOD_vs_CN; study_6_LOD_vs_CN; study_7_LOD_vs_CN",4,"study_1; study_11; study_6; study_7",0.307079190691269
"RNF150",-0.0412235870815113,-0.0935307071560378,0.0110835329930152,-1.30953472393435,0.190353283441933,0.890598829712131,-0.0432257928173429,-0.0811320296235557,-0.0204179230739697,4,1006,"study_1_LOD_vs_CN; study_11_LOD_vs_CN; study_5_LOD_vs_CN; study_6_LOD_vs_CN",3,"study_1; study_11; study_6",0.387871719538484
"CASP14",-0.0487637668201459,-0.156138100564983,0.0586105669246913,-1.30851827667805,0.190697579607363,0,-0.0514301550304579,-0.0754125677038978,-0.0297716849359913,5,1044,"study_1_LOD_vs_CN; study_11_LOD_vs_CN; study_2_LOD_vs_CN; study_6_LOD_vs_CN; study_7_LOD_vs_CN",4,"study_1; study_11; study_6; study_7",0.307079190691269
"IGHV3-11",-0.0417483201306801,-0.110368479311694,0.0268718390503334,-1.30841137233125,0.190733817416631,0.609326214750589,NA,NA,NA,2,924,"study_1_LOD_vs_CN; study_11_LOD_vs_CN",2,"study_1; study_11",0.437948449821725
"SLC4A4",-0.0599555879455939,-0.144354404090576,0.0244432281993885,-1.30722073931841,0.191137753905411,0.282581482700888,NA,NA,NA,2,395,"study_11_LOD_vs_CN; study_2_LOD_vs_CN",2,"study_11; study_2",0.437948449821725
"CD320",-0.0213963680808532,-0.0498171167791967,0.00702438061749023,-1.30657903825179,0.191355719573987,0.730038502586599,-0.0201089687996027,-0.0494085751338725,0.00525439267833002,6,1118,"study_1_LOD_vs_CN; study_11_LOD_vs_CN; study_2_LOD_vs_CN; study_3_Soma_LOD_vs_CN; study_5_LOD_vs_CN; study_6_LOD_vs_CN",3,"study_1; study_11; study_6",0.387871719538484
"CD48",0.066860625784526,-0.0183240338081742,0.152045285377226,1.30609748653112,0.191519407621557,0.836174227566736,NA,NA,NA,5,980,"study_2_LOD_vs_CN; study_3_Olink_LOD_vs_CN; study_3_Soma_LOD_vs_CN; study_8_LOD_vs_CN; study_9_LOD_vs_CN",2,"study_2; study_8",0.437948449821725
"POFUT2",0.0625883317849271,-0.0186873762640975,0.143864039833952,1.30586544292889,0.191598320161548,0.84055616314615,NA,NA,NA,2,507,"study_11_LOD_vs_CN; study_2_LOD_vs_CN",2,"study_11; study_2",0.437948449821725
"SYNJ1",0.0514305298505442,-0.0546242395974734,0.157485299298562,1.30571366083008,0.191649950600616,0.428421162799529,NA,NA,NA,2,341,"study_11_LOD_vs_CN; study_2_LOD_vs_CN",2,"study_11; study_2",0.437948449821725
"PDCD6",0.0410237902297231,-0.0167441841896073,0.0987917646490536,1.30518768023957,0.191828948172483,0,0.0409801174823226,0.0187346664385434,0.0618359072670158,4,1409,"study_11_LOD_vs_CN; study_3_Soma_LOD_vs_CN; study_8_LOD_vs_CN; study_9_LOD_vs_CN",3,"study_11; study_3_Soma; study_8",0.387871719538484
"CNTN5",-0.00888910472313594,-0.0429065601255064,0.0251283506792345,-1.30518465330127,0.191829978631995,0.718037706512079,-0.00781910228476413,-0.0213978624575242,0.0138289000504619,10,2151,"study_1_LOD_vs_CN; study_11_LOD_vs_CN; study_2_LOD_vs_CN; study_3_Olink_LOD_vs_CN; study_3_Soma_LOD_vs_CN; study_5_LOD_vs_CN; study_6_LOD_vs_CN; study_7_LOD_vs_CN; study_8_LOD_vs_CN; study_9_LOD_vs_CN",5,"study_1; study_11; study_6; study_7; study_8",0.27781027037289
"ARG1",-0.084995432871235,-0.221740495144403,0.0517496294019329,-1.30417860702899,0.192172692174377,0.334003262434641,NA,NA,NA,5,697,"study_1_LOD_vs_CN; study_11_LOD_vs_CN; study_2_LOD_vs_CN; study_3_Olink_LOD_vs_CN; study_5_LOD_vs_CN",2,"study_1; study_11",0.437948449821725
"TENM3",0.0205005818053019,-0.0207449630531858,0.0617461266637896,1.30413167755968,0.192188689861411,0,0.0210341427241863,0.0134078261677912,0.0292236276385312,5,982,"study_1_LOD_vs_CN; study_11_LOD_vs_CN; study_2_LOD_vs_CN; study_5_LOD_vs_CN; study_6_LOD_vs_CN",3,"study_1; study_11; study_6",0.387871719538484
"FAM234B",-0.0186912096366764,-0.0502477975354487,0.0128653782620959,-1.30373109681565,0.192325282830505,0.536731135562635,-0.0168434614544312,-0.0471876994879886,0.0119075704836827,7,1116,"study_1_LOD_vs_CN; study_11_LOD_vs_CN; study_2_LOD_vs_CN; study_3_Soma_LOD_vs_CN; study_5_LOD_vs_CN; study_6_LOD_vs_CN; study_7_LOD_vs_CN",4,"study_1; study_11; study_6; study_7",0.308565838387403
"ARSA",0.0342453095453515,-0.000873350234823926,0.069363969325527,1.30291034543081,0.192605371564357,0.686133585099113,0.0332462113052216,-0.000354477503329617,0.0496937390407733,10,2250,"study_1_LOD_vs_CN; study_11_LOD_vs_CN; study_2_LOD_vs_CN; study_3_Olink_LOD_vs_CN; study_3_Soma_LOD_vs_CN; study_5_LOD_vs_CN; study_6_LOD_vs_CN; study_7_LOD_vs_CN; study_8_LOD_vs_CN; study_9_LOD_vs_CN",5,"study_1; study_11; study_6; study_7; study_8",0.278408892355245
"CLCNKB",-0.0620928308494499,-0.126501872531179,0.00231621083227888,-1.30145708077949,0.193102046264798,0.9156135273294,-0.0794831335504918,-0.231421432281964,0.0526903728397072,3,333,"study_3_Soma_LOD_vs_CN; study_4_LOD_vs_CN; study_7_LOD_vs_CN",3,"study_3_Soma; study_4; study_7",0.388193934784081
"ASTN1",-0.010921740839071,-0.0347761415503886,0.0129326598722466,-1.29957333664425,0.193747243126469,0.688573850783206,-0.00895765386870694,-0.0346437779097484,0.0184081115511167,5,1129,"study_1_LOD_vs_CN; study_11_LOD_vs_CN; study_2_LOD_vs_CN; study_5_LOD_vs_CN; study_6_LOD_vs_CN",3,"study_1; study_11; study_6",0.388193934784081
"PTMS",0.0429846117225068,-0.0642832732948436,0.150252496739857,1.29912861705632,0.193899793691729,0.77915098004398,NA,NA,NA,2,406,"study_11_LOD_vs_CN; study_2_LOD_vs_CN",2,"study_11; study_2",0.440577046021443
"FRMPD1",0.0325779811796415,-0.0147648147192811,0.0799207770785642,1.29658679816985,0.194773397284664,0,0.0283069630651633,0.00259945865280706,0.0416740987310557,4,838,"study_11_LOD_vs_CN; study_4_LOD_vs_CN; study_5_LOD_vs_CN; study_6_LOD_vs_CN",4,"study_11; study_4; study_5; study_6",0.3113530949295
"HPX",-0.00529793609193697,-0.0431968869035624,0.0326010147196884,-1.29578308347078,0.195050227760863,0.848767460947293,-0.00502295053784607,-0.0314275966139566,0.0346031954254699,9,1632,"study_1_LOD_vs_CN; study_10_LOD_vs_CN; study_11_LOD_vs_CN; study_2_LOD_vs_CN; study_3_Soma_LOD_vs_CN; study_4_LOD_vs_CN; study_5_LOD_vs_CN; study_6_LOD_vs_CN; study_7_LOD_vs_CN",5,"study_1; study_11; study_4; study_6; study_7",0.281337852269247
"COLEC11",-0.032635107885522,-0.0862921726921191,0.0210219569210751,-1.2951237779635,0.1952775334781,0.459778830690785,-0.0354681302677696,-0.0708426774386568,0.00479916302168708,6,1075,"study_1_LOD_vs_CN; study_11_LOD_vs_CN; study_2_LOD_vs_CN; study_3_Soma_LOD_vs_CN; study_5_LOD_vs_CN; study_6_LOD_vs_CN",3,"study_1; study_11; study_6",0.389852629785415
"IGKV3D-20",-0.0296868132174988,-0.0883496284814358,0.0289760020464382,-1.2940565327034,0.195645894291381,0.252441883622795,-0.0308212040659437,-0.0455696809393567,-0.0108710730883849,6,1425,"study_1_LOD_vs_CN; study_11_LOD_vs_CN; study_4_LOD_vs_CN; study_5_LOD_vs_CN; study_6_LOD_vs_CN; study_7_LOD_vs_CN",5,"study_1; study_11; study_4; study_6; study_7",0.281337852269247
"CFHR1",-0.00954470055557624,-0.0730507383742688,0.0539613372631163,-1.29381539125478,0.195729195011765,0.758790941869571,-0.0111108602685226,-0.0686166246945209,0.0371773544260821,9,1725,"study_1_LOD_vs_CN; study_10_LOD_vs_CN; study_11_LOD_vs_CN; study_2_LOD_vs_CN; study_3_Soma_LOD_vs_CN; study_4_LOD_vs_CN; study_5_LOD_vs_CN; study_6_LOD_vs_CN; study_7_LOD_vs_CN",5,"study_1; study_11; study_4; study_6; study_7",0.281337852269247
"TXN2",0.0355745274011835,-0.0821069016914968,0.153255956493864,1.29134498587982,0.196584077981064,0.670006078096431,0.0693376715322512,0.0203109964007393,0.159914965158126,3,499,"study_11_LOD_vs_CN; study_2_LOD_vs_CN; study_6_LOD_vs_CN",3,"study_11; study_2; study_6",0.390066264160969
"IL1RL1",0.0946364092651017,-0.0510761395166122,0.240348958046816,1.29081979377683,0.196766172500981,0.392966635471583,NA,NA,NA,4,956,"study_3_Olink_LOD_vs_CN; study_3_Soma_LOD_vs_CN; study_8_LOD_vs_CN; study_9_LOD_vs_CN",2,"study_3_Soma; study_8",0.445771151860628
"ARPC2",0.050544716015344,-0.0043592479984279,0.105448680029116,1.29075055744013,0.196790187324453,0.828567732184293,0.0521043576771449,0.0263044023727246,0.102526142317085,4,901,"study_1_LOD_vs_CN; study_11_LOD_vs_CN; study_2_LOD_vs_CN; study_6_LOD_vs_CN",3,"study_1; study_11; study_6",0.390066264160969
"INHBA",0.0459827434664352,-0.0204922699309333,0.112457756863804,1.28798081411088,0.197752641886946,0,NA,NA,NA,4,637,"study_11_LOD_vs_CN; study_2_LOD_vs_CN; study_3_Soma_LOD_vs_CN; study_5_LOD_vs_CN",2,"study_11; study_2",0.446688320497571
"ARSB",-0.0253983320643561,-0.0679763791776037,0.0171797150488916,-1.28779508621555,0.197817303236038,0.70131983915065,-0.0276817785173962,-0.0565746514952022,-0.0102780131115961,8,1945,"study_1_LOD_vs_CN; study_11_LOD_vs_CN; study_2_LOD_vs_CN; study_3_Olink_LOD_vs_CN; study_5_LOD_vs_CN; study_6_LOD_vs_CN; study_8_LOD_vs_CN; study_9_LOD_vs_CN",4,"study_1; study_11; study_6; study_8",0.315069013881399
"GPC5",0.0183777133671045,-0.0334428823992686,0.0701983091334775,1.2864919895708,0.198271412662103,0,0.0186561622270047,0.00168001553245264,0.0354703327164159,7,1108,"study_1_LOD_vs_CN; study_11_LOD_vs_CN; study_2_LOD_vs_CN; study_3_Olink_LOD_vs_CN; study_3_Soma_LOD_vs_CN; study_5_LOD_vs_CN; study_6_LOD_vs_CN",3,"study_1; study_11; study_6",0.39160367981305
"OPALIN",-0.0345901730303616,-0.0941723848520613,0.024992038791338,-1.28417294968618,0.199081447738485,0,NA,NA,NA,3,905,"study_1_LOD_vs_CN; study_11_LOD_vs_CN; study_2_LOD_vs_CN",2,"study_1; study_11",0.447374537631052
"CD274",0.0587116630042526,-0.0257938538203276,0.143217179828833,1.28377277027277,0.199221473788828,0.145986819185882,NA,NA,NA,4,956,"study_3_Olink_LOD_vs_CN; study_3_Soma_LOD_vs_CN; study_8_LOD_vs_CN; study_9_LOD_vs_CN",2,"study_3_Soma; study_8",0.447374537631052
"RAB4A",-0.0210566379908587,-0.058552180876221,0.0164389048945036,-1.28222491978592,0.199763756871823,0.350970829993756,-0.0198855690688822,-0.0283727229718043,-0.0110962734910863,5,1051,"study_1_LOD_vs_CN; study_11_LOD_vs_CN; study_2_LOD_vs_CN; study_5_LOD_vs_CN; study_7_LOD_vs_CN",3,"study_1; study_11; study_7",0.391852711183039
"POMC",-0.0322213912470107,-0.0899643652495686,0.0255215827555472,-1.2820942646565,0.199809580657297,0,-0.0388072889397705,-0.069444774172033,-0.0226449331314506,5,890,"study_1_LOD_vs_CN; study_11_LOD_vs_CN; study_2_LOD_vs_CN; study_3_Soma_LOD_vs_CN; study_6_LOD_vs_CN",3,"study_1; study_11; study_6",0.391852711183039
"CADM2",-0.0247822714047073,-0.0467687229506288,-0.00279581985878577,-1.27874619932431,0.200986445073225,0.909252509681949,-0.0241146413903036,-0.0449173899336036,0.000386569012974566,9,1730,"study_1_LOD_vs_CN; study_10_LOD_vs_CN; study_11_LOD_vs_CN; study_2_LOD_vs_CN; study_3_Soma_LOD_vs_CN; study_4_LOD_vs_CN; study_5_LOD_vs_CN; study_6_LOD_vs_CN; study_7_LOD_vs_CN",5,"study_1; study_11; study_4; study_6; study_7",0.288355552726325
"EFHD1",0.097310190835262,-0.0401927450399436,0.234813126710468,1.2787032395649,0.201001578470525,0.489816682752663,0.0855979426064026,0.0459064748196168,0.121366497326316,3,360,"study_11_LOD_vs_CN; study_3_Soma_LOD_vs_CN; study_7_LOD_vs_CN",3,"study_11; study_3_Soma; study_7",0.392802380461765
"MGARP",0.0448138783395558,-0.0196023349474823,0.109230091626594,1.27799175074774,0.201252334933647,0.366226692868494,NA,NA,NA,2,533,"study_11_LOD_vs_CN; study_2_LOD_vs_CN",2,"study_11; study_2",0.450617472970965
"PLOD3",-0.0185499875237787,-0.0432996576940867,0.00619968264652929,-1.27676812492998,0.201684122035013,0.774654665406166,-0.0216291039109229,-0.0582300543165281,-0.00514103049937709,7,1290,"study_1_LOD_vs_CN; study_11_LOD_vs_CN; study_2_LOD_vs_CN; study_3_Soma_LOD_vs_CN; study_5_LOD_vs_CN; study_6_LOD_vs_CN; study_7_LOD_vs_CN",4,"study_1; study_11; study_6; study_7",0.320063932794695
"GUCA2A",-0.041381301490138,-0.10722650942105,0.0244639064407738,-1.274656434312,0.202430873187285,0.398912742437133,NA,NA,NA,3,728,"study_1_LOD_vs_CN; study_11_LOD_vs_CN; study_2_LOD_vs_CN",2,"study_1; study_11",0.451938693627426
"LEFTY2",0.0512169966649727,-0.0251472116755059,0.127581205005451,1.27304071512966,0.203003594406619,0,0.0510901411305705,0.0442966632777461,0.0573420512422074,3,627,"study_11_LOD_vs_CN; study_3_Soma_LOD_vs_CN; study_6_LOD_vs_CN",3,"study_11; study_3_Soma; study_6",0.395322789107626
"PROC",-0.0102052961966076,-0.0385140447176794,0.0181034523244642,-1.27300574108317,0.203016004632929,0,-0.0101131725181065,-0.0155584137222341,-0.00277801007991097,11,2405,"study_1_LOD_vs_CN; study_11_LOD_vs_CN; study_2_LOD_vs_CN; study_3_Olink_LOD_vs_CN; study_3_Soma_LOD_vs_CN; study_4_LOD_vs_CN; study_5_LOD_vs_CN; study_6_LOD_vs_CN; study_7_LOD_vs_CN; study_8_LOD_vs_CN; study_9_LOD_vs_CN",6,"study_1; study_11; study_4; study_6; study_7; study_8",0.305953697122865
"CHSY3",-0.0441331470131351,-0.106100627982802,0.0178343339565316,-1.27242356654128,0.203222665197781,0.118410814902102,NA,NA,NA,3,804,"study_1_LOD_vs_CN; study_11_LOD_vs_CN; study_2_LOD_vs_CN",2,"study_1; study_11",0.452391324266365
"GALNS",-0.021659829406539,-0.0548276055161036,0.0115079467030255,-1.27134462883007,0.203606071908513,0.332067068186083,-0.021735696470517,-0.0358102391564137,-0.0106640395680293,8,1450,"study_1_LOD_vs_CN; study_11_LOD_vs_CN; study_2_LOD_vs_CN; study_3_Soma_LOD_vs_CN; study_4_LOD_vs_CN; study_5_LOD_vs_CN; study_6_LOD_vs_CN; study_7_LOD_vs_CN",5,"study_1; study_11; study_4; study_6; study_7",0.291569961448132
"LPL",0.0341738152268684,-0.00555749984607823,0.0739051302998151,1.27082355882884,0.20379142556551,0.834737099606417,0.0324305515095417,-0.00136520325576996,0.0500809632417692,9,1963,"study_1_LOD_vs_CN; study_11_LOD_vs_CN; study_2_LOD_vs_CN; study_3_Olink_LOD_vs_CN; study_3_Soma_LOD_vs_CN; study_5_LOD_vs_CN; study_6_LOD_vs_CN; study_8_LOD_vs_CN; study_9_LOD_vs_CN",4,"study_1; study_11; study_6; study_8",0.322240593493479
"NLGN4X",-0.0228862508647609,-0.084732399374293,0.0389598976447711,-1.26691217868087,0.205186693539357,0.764932698439768,-0.0233017082758692,-0.0359132856825287,-0.0142852865627092,8,1367,"study_1_LOD_vs_CN; study_11_LOD_vs_CN; study_2_LOD_vs_CN; study_3_Soma_LOD_vs_CN; study_4_LOD_vs_CN; study_5_LOD_vs_CN; study_6_LOD_vs_CN; study_7_LOD_vs_CN",5,"study_1; study_11; study_4; study_6; study_7",0.29328729987317
"PTPRU",-0.0129404674906925,-0.0404744408041541,0.0145935058227691,-1.26628105750623,0.205412476241297,0.0494510197024385,-0.0129935873244362,-0.0235699852825005,0.00113677202609996,6,1158,"study_1_LOD_vs_CN; study_11_LOD_vs_CN; study_2_LOD_vs_CN; study_3_Soma_LOD_vs_CN; study_5_LOD_vs_CN; study_6_LOD_vs_CN",3,"study_1; study_11; study_6",0.398615119978741
"ST3GAL1",0.0326302628491465,-0.0261812332645071,0.0914417589628002,1.2592356054602,0.207945244515259,0.402303329449006,0.030967608074576,-0.0162798710616227,0.0782829100298323,5,1394,"study_11_LOD_vs_CN; study_3_Olink_LOD_vs_CN; study_3_Soma_LOD_vs_CN; study_8_LOD_vs_CN; study_9_LOD_vs_CN",3,"study_11; study_3_Soma; study_8",0.402124079114875
"PRCP",0.0591271016087317,0.0218515331211823,0.096402670096281,1.25865110132978,0.208156380693465,0.909159087915471,0.0575782080645267,-0.024512200024043,0.0841487597067326,12,2661,"study_1_LOD_vs_CN; study_10_LOD_vs_CN; study_11_LOD_vs_CN; study_2_LOD_vs_CN; study_3_Olink_LOD_vs_CN; study_3_Soma_LOD_vs_CN; study_4_LOD_vs_CN; study_5_LOD_vs_CN; study_6_LOD_vs_CN; study_7_LOD_vs_CN; study_8_LOD_vs_CN; study_9_LOD_vs_CN",6,"study_1; study_11; study_4; study_6; study_7; study_8",0.309882777829054
"GSTK1",-0.128959886574267,-0.391417475075871,0.133497701927337,-1.25834610080357,0.208266615510076,0,NA,NA,NA,2,56,"study_3_Soma_LOD_vs_CN; study_6_LOD_vs_CN",2,"study_3_Soma; study_6",0.461508419111596
"SPARCL1",-0.00786381661552634,-0.0361786680497046,0.0204510348186519,-1.25764753983079,0.208519252370953,0.7116097497764,-0.00804711576853363,-0.0312343566526392,0.0149214302374988,12,2661,"study_1_LOD_vs_CN; study_10_LOD_vs_CN; study_11_LOD_vs_CN; study_2_LOD_vs_CN; study_3_Olink_LOD_vs_CN; study_3_Soma_LOD_vs_CN; study_4_LOD_vs_CN; study_5_LOD_vs_CN; study_6_LOD_vs_CN; study_7_LOD_vs_CN; study_8_LOD_vs_CN; study_9_LOD_vs_CN",6,"study_1; study_11; study_4; study_6; study_7; study_8",0.309882777829054
"IFNLR1",0.0391228269245001,-0.0179397866814826,0.0961854405304829,1.2561419959633,0.209064492313311,0.23220623339459,NA,NA,NA,4,956,"study_3_Olink_LOD_vs_CN; study_3_Soma_LOD_vs_CN; study_8_LOD_vs_CN; study_9_LOD_vs_CN",2,"study_3_Soma; study_8",0.461508419111596
"LRP6",-0.0771406065176324,-0.210192784203222,0.0559115711679576,-1.25540290980258,0.209332533577333,0,NA,NA,NA,3,354,"study_11_LOD_vs_CN; study_2_LOD_vs_CN; study_3_Soma_LOD_vs_CN",2,"study_11; study_2",0.461508419111596
"SLC8A1",-0.103101163054633,-0.240037050332605,0.0338347242233383,-1.2534784485171,0.210031637484924,0.825332986799152,NA,NA,NA,2,356,"study_11_LOD_vs_CN; study_2_LOD_vs_CN",2,"study_11; study_2",0.461508419111596
"MIA",-0.0132737899206007,-0.0445305919451751,0.0179830121039738,-1.25340170204272,0.210059552370658,0.785022152626083,-0.014079211379659,-0.0542415071488402,0.0211326610744399,11,2362,"study_1_LOD_vs_CN; study_11_LOD_vs_CN; study_2_LOD_vs_CN; study_3_Olink_LOD_vs_CN; study_3_Soma_LOD_vs_CN; study_4_LOD_vs_CN; study_5_LOD_vs_CN; study_6_LOD_vs_CN; study_7_LOD_vs_CN; study_8_LOD_vs_CN; study_9_LOD_vs_CN",6,"study_1; study_11; study_4; study_6; study_7; study_8",0.31001892556773
"UBL7",-0.0948651675320179,-0.242900130946689,0.0531697958826528,-1.25267818759475,0.210322847251378,0.111251546916672,NA,NA,NA,2,296,"study_11_LOD_vs_CN; study_3_Soma_LOD_vs_CN",2,"study_11; study_3_Soma",0.461508419111596
"CUEDC2",-0.0333197932615235,-0.0804576929549986,0.0138181064319516,-1.25108060520777,0.210905070785639,0,-0.0325252264160509,-0.0508640974999879,-0.0119442016944274,3,771,"study_1_LOD_vs_CN; study_11_LOD_vs_CN; study_6_LOD_vs_CN",3,"study_1; study_11; study_6",0.404590594912207
"PECAM1",0.0560366995575508,0.00968994890420604,0.102383450210896,1.24978715247792,0.211377310487946,0.922688034502149,0.0560287960553059,-0.0197479871047169,0.129461287822737,5,1481,"study_11_LOD_vs_CN; study_2_LOD_vs_CN; study_3_Olink_LOD_vs_CN; study_8_LOD_vs_CN; study_9_LOD_vs_CN",3,"study_11; study_2; study_8",0.404590594912207
"IL34",-0.0618568481905506,-0.18272738034367,0.0590136839625687,-1.24970399276055,0.211407698242415,0,-0.0738298085020881,-0.105831207684403,-0.0547336196109636,3,450,"study_11_LOD_vs_CN; study_3_Soma_LOD_vs_CN; study_6_LOD_vs_CN",3,"study_11; study_3_Soma; study_6",0.404590594912207
"TPST2",-0.0814442106352937,-0.205459621662002,0.0425712003914142,-1.24810593736601,0.211992264242484,0,NA,NA,NA,2,430,"study_11_LOD_vs_CN; study_3_Soma_LOD_vs_CN",2,"study_11; study_3_Soma",0.463292396079058
"ZG16B",-0.613452599069316,-1.81713815057206,0.590232952433427,-1.24715042053294,0.212342348202902,0.922957331033749,NA,NA,NA,3,98,"study_2_LOD_vs_CN; study_3_Soma_LOD_vs_CN; study_6_LOD_vs_CN",2,"study_2; study_6",0.463292396079058
"PCDHGA3",0.0618559931889411,-0.0352581307914441,0.158970117169326,1.2461294775674,0.212716864397536,0.214851287140819,0.0323745634847885,-0.0558992471418138,0.0848833020226356,3,605,"study_11_LOD_vs_CN; study_5_LOD_vs_CN; study_6_LOD_vs_CN",3,"study_11; study_5; study_6",0.405697112510764
"KDR",0.029709922690231,-0.00717481271684033,0.0665946580973024,1.24599817357369,0.2127650657132,0.467699402705588,0.0290998839740919,-0.00339454190052559,0.0480984719559677,9,1981,"study_1_LOD_vs_CN; study_11_LOD_vs_CN; study_2_LOD_vs_CN; study_3_Olink_LOD_vs_CN; study_3_Soma_LOD_vs_CN; study_6_LOD_vs_CN; study_7_LOD_vs_CN; study_8_LOD_vs_CN; study_9_LOD_vs_CN",5,"study_1; study_11; study_6; study_7; study_8",0.303555353494342
"MBP",0.0305245869406511,-0.0119914500088028,0.073040623890105,1.24591332856026,0.212796216266309,0,0.0304449373431969,0.022984744254579,0.0380369120099713,6,1163,"study_1_LOD_vs_CN; study_11_LOD_vs_CN; study_2_LOD_vs_CN; study_5_LOD_vs_CN; study_6_LOD_vs_CN; study_7_LOD_vs_CN",4,"study_1; study_11; study_6; study_7",0.335268858721739
"NAPRT",-0.366312002071057,-1.30800310155434,0.575379097412222,-1.24422546574209,0.213416593797378,0,NA,NA,NA,2,78,"study_2_LOD_vs_CN; study_6_LOD_vs_CN",2,"study_2; study_6",0.464022505262057
"ISM1",-0.0850504944226553,-0.207818313748135,0.037717324902824,-1.24381385412352,0.213568080284258,0.6184059473952,-0.094812170028764,-0.123448976589804,-0.0677326108157604,3,334,"study_11_LOD_vs_CN; study_3_Soma_LOD_vs_CN; study_6_LOD_vs_CN",3,"study_11; study_3_Soma; study_6",0.405925632047134
"NCS1",0.0945128969318092,-0.0592042362729939,0.248230030136612,1.24164472589856,0.2143676720752,0,NA,NA,NA,2,332,"study_11_LOD_vs_CN; study_3_Olink_LOD_vs_CN",2,"study_11; study_3_Olink",0.464022505262057
"MAP1LC3B2",0.0360760082012811,-0.0450989629908667,0.117250979393429,1.24131455611251,0.214489569489623,0.839452194893719,NA,NA,NA,3,224,"study_2_LOD_vs_CN; study_3_Soma_LOD_vs_CN; study_7_LOD_vs_CN",2,"study_2; study_7",0.464022505262057
"CHST7",0.0270793582578038,-0.0151723414830217,0.0693310579986293,1.2404361174749,0.214814129003181,0.728008735640891,0.0324501883906015,0.00548254538388263,0.0939688918930005,6,1208,"study_1_LOD_vs_CN; study_11_LOD_vs_CN; study_2_LOD_vs_CN; study_5_LOD_vs_CN; study_6_LOD_vs_CN; study_7_LOD_vs_CN",4,"study_1; study_11; study_6; study_7",0.337235084241552
"NEFH",0.108701815809895,-0.0528522233667852,0.270255854986575,1.23990795511715,0.215009441152798,0.73410178857981,0.237985091165397,0.041946585164638,0.573980887818536,4,500,"study_11_LOD_vs_CN; study_2_LOD_vs_CN; study_3_Soma_LOD_vs_CN; study_6_LOD_vs_CN",3,"study_11; study_2; study_6",0.407270443139259
"GGH",-0.0163941884163015,-0.0404711772121799,0.00768280037957678,-1.23486263412434,0.216881631969238,0.632931602340442,-0.0168789820233091,-0.0312413752513711,-0.00370295602820057,9,1721,"study_1_LOD_vs_CN; study_10_LOD_vs_CN; study_11_LOD_vs_CN; study_2_LOD_vs_CN; study_3_Soma_LOD_vs_CN; study_4_LOD_vs_CN; study_5_LOD_vs_CN; study_6_LOD_vs_CN; study_7_LOD_vs_CN",5,"study_1; study_11; study_4; study_6; study_7",0.308855509230266
"FUCA1",0.0523738983627394,0.00912326959235649,0.0956245271331223,1.23425783134016,0.217106843838331,0.783383143004649,0.0514424498389785,-0.0118120955059806,0.0799632353012964,11,2411,"study_1_LOD_vs_CN; study_11_LOD_vs_CN; study_2_LOD_vs_CN; study_3_Olink_LOD_vs_CN; study_3_Soma_LOD_vs_CN; study_4_LOD_vs_CN; study_5_LOD_vs_CN; study_6_LOD_vs_CN; study_7_LOD_vs_CN; study_8_LOD_vs_CN; study_9_LOD_vs_CN",6,"study_1; study_11; study_4; study_6; study_7; study_8",0.318225099872623
"CLTB",0.0634470286567833,-0.0357800772780176,0.162674134591584,1.23304848906562,0.217557673931676,0,NA,NA,NA,2,349,"study_11_LOD_vs_CN; study_2_LOD_vs_CN",2,"study_11; study_2",0.46933790331328
"GMFG",0.0662845316360368,-0.0536693658791693,0.186238429151243,1.23032871098319,0.218574037057536,0,NA,NA,NA,2,310,"study_11_LOD_vs_CN; study_3_Soma_LOD_vs_CN",2,"study_11; study_3_Soma",0.470209693165792
"MAN2A1",-0.00444544083621479,-0.0156659072137687,0.00677502554133915,-1.2259851936807,0.220204246918261,0.58246013804589,-0.00363392901291232,-0.00870259715332925,0.00729076334749738,7,1454,"study_1_LOD_vs_CN; study_11_LOD_vs_CN; study_2_LOD_vs_CN; study_4_LOD_vs_CN; study_5_LOD_vs_CN; study_6_LOD_vs_CN; study_7_LOD_vs_CN",5,"study_1; study_11; study_4; study_6; study_7",0.313007515490097
"C1QTNF5",0.0127153821728396,-0.0110527473240054,0.0364835116696847,1.22413083508845,0.220902875533715,0.138939818931934,0.0131791214991221,0.00462828756761532,0.0177146000708581,8,1468,"study_1_LOD_vs_CN; study_11_LOD_vs_CN; study_2_LOD_vs_CN; study_3_Soma_LOD_vs_CN; study_4_LOD_vs_CN; study_5_LOD_vs_CN; study_6_LOD_vs_CN; study_7_LOD_vs_CN",5,"study_1; study_11; study_4; study_6; study_7",0.313397395095518
"RCN2",-0.00447303790529868,-0.0279221524225364,0.018976076611939,-1.22309554978125,0.221293609280711,0.52807675799075,-0.00294881170450974,-0.01567279040588,0.0121453028438326,7,1333,"study_1_LOD_vs_CN; study_11_LOD_vs_CN; study_2_LOD_vs_CN; study_4_LOD_vs_CN; study_5_LOD_vs_CN; study_6_LOD_vs_CN; study_7_LOD_vs_CN",5,"study_1; study_11; study_4; study_6; study_7",0.313397395095518
"HINT1",0.0765218807227648,-0.0410234725102406,0.19406723395577,1.22213102272016,0.221658083176264,0,NA,NA,NA,4,617,"study_11_LOD_vs_CN; study_2_LOD_vs_CN; study_3_Soma_LOD_vs_CN; study_5_LOD_vs_CN",2,"study_11; study_2",0.47463940388678
"CMPK1",0.104015353176938,-0.0577320710789265,0.265762777432803,1.22157285108234,0.221869200514784,0,NA,NA,NA,2,84,"study_2_LOD_vs_CN; study_6_LOD_vs_CN",2,"study_2; study_6",0.47463940388678
"PPP1CB",0.0449093640012918,-0.0169861768973897,0.106804904899973,1.21834868946313,0.223091494821288,0.656893209826073,NA,NA,NA,2,738,"study_1_LOD_vs_CN; study_11_LOD_vs_CN",2,"study_1; study_11",0.475826646396284
"ASPH",0.010307826823613,-0.0102430155863477,0.0308586692335737,1.21773511706297,0.22332464758681,0.734823286176767,0.0102989592195356,0.000783436926398535,0.023533518717639,8,1434,"study_1_LOD_vs_CN; study_11_LOD_vs_CN; study_2_LOD_vs_CN; study_3_Soma_LOD_vs_CN; study_4_LOD_vs_CN; study_5_LOD_vs_CN; study_6_LOD_vs_CN; study_7_LOD_vs_CN",5,"study_1; study_11; study_4; study_6; study_7",0.315397198018284
"FCN3",-0.035982429088801,-0.0949823096586228,0.0230174514810208,-1.21720567224186,0.223525972587731,0.676610019244784,-0.0375383442185771,-0.099609841978359,0.0329849848278511,8,1328,"study_1_LOD_vs_CN; study_11_LOD_vs_CN; study_2_LOD_vs_CN; study_3_Soma_LOD_vs_CN; study_4_LOD_vs_CN; study_5_LOD_vs_CN; study_6_LOD_vs_CN; study_7_LOD_vs_CN",5,"study_1; study_11; study_4; study_6; study_7",0.315397198018284
"KLK8",-0.03851598026099,-0.103645861630127,0.0266139011081466,-1.21684470710666,0.223663306444086,0.439034388780198,NA,NA,NA,5,976,"study_2_LOD_vs_CN; study_3_Olink_LOD_vs_CN; study_3_Soma_LOD_vs_CN; study_8_LOD_vs_CN; study_9_LOD_vs_CN",2,"study_2; study_8",0.475826646396284
"WBP2",0.00314376281955618,-0.021058671262158,0.0273461969012703,1.21531983293781,0.224244130466423,0.849874714578248,0.00368013342796174,-0.0203385497329582,0.0281283063325081,8,1441,"study_1_LOD_vs_CN; study_11_LOD_vs_CN; study_2_LOD_vs_CN; study_3_Soma_LOD_vs_CN; study_4_LOD_vs_CN; study_5_LOD_vs_CN; study_6_LOD_vs_CN; study_7_LOD_vs_CN",5,"study_1; study_11; study_4; study_6; study_7",0.315831018916995
"UBQLN1",0.0340745358699889,-0.0284620616445534,0.0966111333845313,1.21452248700342,0.224548268172016,0,0.0356811924684573,0.0298074099826783,0.0395536481357663,3,511,"study_11_LOD_vs_CN; study_2_LOD_vs_CN; study_7_LOD_vs_CN",3,"study_11; study_2; study_7",0.423892138896152
"NSG2",0.0189814302772183,-0.00936662774057674,0.0473294882950133,1.21272450617857,0.225235167172134,0.599796348370457,NA,NA,NA,3,949,"study_1_LOD_vs_CN; study_11_LOD_vs_CN; study_2_LOD_vs_CN",2,"study_1; study_11",0.477846984497787
"CD99",0.0329162779271797,0.0117805204491959,0.0540520354051636,1.21264154019657,0.225266899604425,0.917387116978623,0.0361835707547723,0.000928135919584622,0.0537645499909879,7,1468,"study_1_LOD_vs_CN; study_10_LOD_vs_CN; study_11_LOD_vs_CN; study_2_LOD_vs_CN; study_5_LOD_vs_CN; study_6_LOD_vs_CN; study_7_LOD_vs_CN",4,"study_1; study_11; study_6; study_7",0.352381792952636
"LSAMP",-0.0178442105091151,-0.0390624540474157,0.00337403302918554,-1.20927992979394,0.226555318831744,0.814587383431685,-0.0168044169828069,-0.0314704794233588,0.00862257231185991,9,1732,"study_1_LOD_vs_CN; study_10_LOD_vs_CN; study_11_LOD_vs_CN; study_2_LOD_vs_CN; study_3_Soma_LOD_vs_CN; study_4_LOD_vs_CN; study_5_LOD_vs_CN; study_6_LOD_vs_CN; study_7_LOD_vs_CN",5,"study_1; study_11; study_4; study_6; study_7",0.318502815688503
"THBS2",-0.00863210780348499,-0.0224144767148802,0.00515026110791024,-1.20796595818046,0.227060356777121,0.57137846682325,-0.00888086149793631,-0.0191403989175932,-0.00214073753385668,11,2403,"study_1_LOD_vs_CN; study_11_LOD_vs_CN; study_2_LOD_vs_CN; study_3_Olink_LOD_vs_CN; study_3_Soma_LOD_vs_CN; study_4_LOD_vs_CN; study_5_LOD_vs_CN; study_6_LOD_vs_CN; study_7_LOD_vs_CN; study_8_LOD_vs_CN; study_9_LOD_vs_CN",6,"study_1; study_11; study_4; study_6; study_7; study_8",0.32993794090318
"P0DOX8",0.0645319786791468,-0.102433723932288,0.231497681290582,1.20796484351692,0.227060785549558,0.880198453117953,NA,NA,NA,2,202,"study_4_LOD_vs_CN; study_6_LOD_vs_CN",2,"study_4; study_6",0.480393066947826
"SPARC",-0.0086182010531381,-0.0244601677747898,0.00722376566851364,-1.20505678874607,0.22818137969005,0.797142255163741,-0.00909708781574128,-0.0205990699504265,0.00566980824997677,12,2661,"study_1_LOD_vs_CN; study_10_LOD_vs_CN; study_11_LOD_vs_CN; study_2_LOD_vs_CN; study_3_Olink_LOD_vs_CN; study_3_Soma_LOD_vs_CN; study_4_LOD_vs_CN; study_5_LOD_vs_CN; study_6_LOD_vs_CN; study_7_LOD_vs_CN; study_8_LOD_vs_CN; study_9_LOD_vs_CN",6,"study_1; study_11; study_4; study_6; study_7; study_8",0.32993794090318
"PXYLP1",-0.0104741002904818,-0.0777998208003682,0.0568516202194045,-1.20410258815127,0.228549929719661,0.725372027381085,-0.0114274252243112,-0.037375833448616,0.0332228130677282,4,903,"study_1_LOD_vs_CN; study_11_LOD_vs_CN; study_3_Soma_LOD_vs_CN; study_6_LOD_vs_CN",3,"study_1; study_11; study_6",0.429983766082752
"ADAM8",0.0391985951986059,-0.0254726106574714,0.103869801054683,1.20394639956791,0.22861029627921,0,NA,NA,NA,3,929,"study_3_Olink_LOD_vs_CN; study_8_LOD_vs_CN; study_9_LOD_vs_CN",2,"study_3_Olink; study_8",0.482342603138554
"EMILIN2",0.01624636085373,-0.0110758570924621,0.0435685787999221,1.20183203264597,0.229428611989857,0.209750941598121,0.0161373072862038,0.0061842882707152,0.0234404289144553,6,1213,"study_1_LOD_vs_CN; study_11_LOD_vs_CN; study_2_LOD_vs_CN; study_4_LOD_vs_CN; study_5_LOD_vs_CN; study_6_LOD_vs_CN",4,"study_1; study_11; study_4; study_6",0.35724957606243
"CAPZA1",-0.0636428475686001,-0.164687512345333,0.0374018172081325,-1.20175278501726,0.229459323381258,0,-0.055673172510713,-0.0677077435386264,-0.0342587490101052,4,514,"study_11_LOD_vs_CN; study_2_LOD_vs_CN; study_3_Soma_LOD_vs_CN; study_6_LOD_vs_CN",3,"study_11; study_2; study_6",0.430236231339859
"CD58",0.0427737437507629,0.00655206855653206,0.0789954189449937,1.20033309619099,0.230010001026496,0.871820219081966,0.0416173219878521,-0.0085117700666297,0.0711201889970051,8,1934,"study_1_LOD_vs_CN; study_11_LOD_vs_CN; study_2_LOD_vs_CN; study_3_Olink_LOD_vs_CN; study_3_Soma_LOD_vs_CN; study_7_LOD_vs_CN; study_8_LOD_vs_CN; study_9_LOD_vs_CN",4,"study_1; study_11; study_7; study_8",0.35724957606243
"ENPP1",-0.0698278011311221,-0.218054785748074,0.0783991834858302,-1.19783877066955,0.230979790356672,0,NA,NA,NA,2,335,"study_11_LOD_vs_CN; study_2_LOD_vs_CN",2,"study_11; study_2",0.485431652816627
"CLMP",-0.0101123598253014,-0.0375564340806221,0.0173317144300194,-1.19773627647899,0.231019701967959,0.550534135296208,-0.0108465865406526,-0.0326696945058877,-0.00189160140195133,11,2347,"study_1_LOD_vs_CN; study_11_LOD_vs_CN; study_2_LOD_vs_CN; study_3_Olink_LOD_vs_CN; study_3_Soma_LOD_vs_CN; study_4_LOD_vs_CN; study_5_LOD_vs_CN; study_6_LOD_vs_CN; study_7_LOD_vs_CN; study_8_LOD_vs_CN; study_9_LOD_vs_CN",6,"study_1; study_11; study_4; study_6; study_7; study_8",0.331800108866733
"IL1R1",0.0453027915676013,-0.0272155078719851,0.117821091007188,1.19739360171341,0.23115317634803,0,0.0425091417832875,0.0210601884605164,0.0603482646881494,6,1309,"study_11_LOD_vs_CN; study_2_LOD_vs_CN; study_3_Olink_LOD_vs_CN; study_3_Soma_LOD_vs_CN; study_8_LOD_vs_CN; study_9_LOD_vs_CN",3,"study_11; study_2; study_8",0.431952905296824
"IGHV3-66",-0.0405824289328579,-0.110251194717367,0.0290863368516513,-1.19539955600751,0.231930959067153,0.423755857607929,NA,NA,NA,2,924,"study_1_LOD_vs_CN; study_11_LOD_vs_CN",2,"study_1; study_11",0.485431652816627
"FOXN4",0.0222832611372261,-0.0191516561488132,0.0637181784232654,1.19529806760982,0.231970594510029,0.723108522091363,NA,NA,NA,2,549,"study_11_LOD_vs_CN; study_3_Soma_LOD_vs_CN",2,"study_11; study_3_Soma",0.485431652816627
"FBLN1",-0.00648455482212136,-0.022726759654189,0.00975765000994628,-1.19478801992134,0.232169862169199,0.622871114508918,-0.0070854326619491,-0.0206163986537211,0.000652216417340084,9,1732,"study_1_LOD_vs_CN; study_10_LOD_vs_CN; study_11_LOD_vs_CN; study_2_LOD_vs_CN; study_3_Soma_LOD_vs_CN; study_4_LOD_vs_CN; study_5_LOD_vs_CN; study_6_LOD_vs_CN; study_7_LOD_vs_CN",5,"study_1; study_11; study_4; study_6; study_7",0.32580040877393
"CA1",-0.0657837430486641,-0.228681139402834,0.0971136533055062,-1.19356144898701,0.232649561600338,0.452486905479354,-0.0695381741689687,-0.204521172968076,0.0600149010904166,10,1623,"study_1_LOD_vs_CN; study_10_LOD_vs_CN; study_11_LOD_vs_CN; study_2_LOD_vs_CN; study_3_Olink_LOD_vs_CN; study_3_Soma_LOD_vs_CN; study_4_LOD_vs_CN; study_5_LOD_vs_CN; study_6_LOD_vs_CN; study_7_LOD_vs_CN",5,"study_1; study_11; study_4; study_6; study_7",0.325878894117778
"B4GALNT4",0.0120574158348863,-0.015905297711517,0.0400201293812897,1.19270761573172,0.23298390198085,0.774957358629731,0.0137726949980977,-0.0198245834529,0.046074849435058,5,1135,"study_1_LOD_vs_CN; study_11_LOD_vs_CN; study_2_LOD_vs_CN; study_5_LOD_vs_CN; study_6_LOD_vs_CN",3,"study_1; study_11; study_6",0.433912971809972
"UNC5B",-0.0122390970426698,-0.0321784276074331,0.00770023352209358,-1.19234138051625,0.23312741519313,0.53186238612986,-0.0135298741091401,-0.0204290865759953,-0.00430843801456617,7,1287,"study_1_LOD_vs_CN; study_11_LOD_vs_CN; study_2_LOD_vs_CN; study_3_Soma_LOD_vs_CN; study_4_LOD_vs_CN; study_5_LOD_vs_CN; study_6_LOD_vs_CN",4,"study_1; study_11; study_4; study_6",0.360812041889014
"LRRC4B",0.00808473256696271,-0.0120949862378176,0.028264451371743,1.19112256500075,0.233605472638132,0.803266614872694,0.00945305044097705,-0.00519987323510103,0.0297262634179563,9,1731,"study_1_LOD_vs_CN; study_10_LOD_vs_CN; study_11_LOD_vs_CN; study_2_LOD_vs_CN; study_3_Soma_LOD_vs_CN; study_4_LOD_vs_CN; study_5_LOD_vs_CN; study_6_LOD_vs_CN; study_7_LOD_vs_CN",5,"study_1; study_11; study_4; study_6; study_7",0.326596586874149
"SDF4",-0.00974203681231725,-0.0232405070725878,0.00375643344795333,-1.19008919000102,0.234011338579527,0.657377848171074,-0.0101383328143128,-0.0144724805457011,-0.00156021807037418,8,1620,"study_1_LOD_vs_CN; study_10_LOD_vs_CN; study_11_LOD_vs_CN; study_2_LOD_vs_CN; study_4_LOD_vs_CN; study_5_LOD_vs_CN; study_6_LOD_vs_CN; study_7_LOD_vs_CN",5,"study_1; study_11; study_4; study_6; study_7",0.326596586874149
"VIT",-0.0192165698387626,-0.0522025804086502,0.013769440731125,-1.18800156523591,0.234832793030804,0.624478381789383,-0.0218965959421134,-0.0623937207728276,0.00917200580714782,7,1204,"study_1_LOD_vs_CN; study_11_LOD_vs_CN; study_2_LOD_vs_CN; study_3_Soma_LOD_vs_CN; study_5_LOD_vs_CN; study_6_LOD_vs_CN; study_7_LOD_vs_CN",4,"study_1; study_11; study_6; study_7",0.361323430275215
"ANTXR1",-0.0049354277696732,-0.0251688009640453,0.0152979454246989,-1.18730404924007,0.235107711480448,0.688993969468058,-0.00347900821393153,-0.0173428118340824,0.00631287408016246,6,1263,"study_1_LOD_vs_CN; study_11_LOD_vs_CN; study_2_LOD_vs_CN; study_5_LOD_vs_CN; study_6_LOD_vs_CN; study_7_LOD_vs_CN",4,"study_1; study_11; study_6; study_7",0.361323430275215
"FLG",-0.128551977558699,-0.277474226050755,0.0203702709333562,-1.18451589980757,0.236208906129489,0.827746440212891,-0.124919681963428,-0.2301466107952,-0.00115741084253326,4,831,"study_1_LOD_vs_CN; study_11_LOD_vs_CN; study_2_LOD_vs_CN; study_7_LOD_vs_CN",3,"study_1; study_11; study_7",0.436495059277382
"TNFSF8",0.0342777943541049,-0.0253932131447471,0.0939488018529569,1.18362308584541,0.236562297665318,0.674805785601727,0.0775417421416225,0.0154645268648946,0.184276242795298,4,611,"study_11_LOD_vs_CN; study_2_LOD_vs_CN; study_3_Soma_LOD_vs_CN; study_6_LOD_vs_CN",3,"study_11; study_2; study_6",0.436495059277382
"TGFB1",-0.034336114023345,-0.0779183961437847,0.00924616809709458,-1.18320035364788,0.236729752869355,0.800242130399577,-0.0339220542253005,-0.0806663746941595,0.0180982465442178,8,1916,"study_1_LOD_vs_CN; study_11_LOD_vs_CN; study_2_LOD_vs_CN; study_3_Olink_LOD_vs_CN; study_3_Soma_LOD_vs_CN; study_5_LOD_vs_CN; study_8_LOD_vs_CN; study_9_LOD_vs_CN",3,"study_1; study_11; study_8",0.436495059277382
"SIGLEC1",0.053812518308005,-0.0340795795014,0.14170461611741,1.1825261105934,0.236997011435634,0,NA,NA,NA,3,929,"study_3_Olink_LOD_vs_CN; study_8_LOD_vs_CN; study_9_LOD_vs_CN",2,"study_3_Olink; study_8",0.494345847092939
"CTSH",-0.0277257595402408,-0.0784434112880336,0.022991892207552,-1.18186546968911,0.237259085104317,0,-0.0273904289071878,-0.0360505874750908,-0.00905700885708174,12,2611,"study_1_LOD_vs_CN; study_10_LOD_vs_CN; study_11_LOD_vs_CN; study_2_LOD_vs_CN; study_3_Olink_LOD_vs_CN; study_3_Soma_LOD_vs_CN; study_4_LOD_vs_CN; study_5_LOD_vs_CN; study_6_LOD_vs_CN; study_7_LOD_vs_CN; study_8_LOD_vs_CN; study_9_LOD_vs_CN",6,"study_1; study_11; study_4; study_6; study_7; study_8",0.338489628082159
"FOLH1",-0.0482169653810519,-0.156553216092373,0.0601192853302694,-1.18004493560047,0.237982343316862,0.357738299099944,NA,NA,NA,3,388,"study_11_LOD_vs_CN; study_2_LOD_vs_CN; study_3_Soma_LOD_vs_CN",2,"study_11; study_2",0.494345847092939
"CCL24",0.0752954160151496,-0.0341199959893291,0.184710828019628,1.17959480352618,0.238161410708838,0.717875321106992,NA,NA,NA,3,929,"study_3_Olink_LOD_vs_CN; study_8_LOD_vs_CN; study_9_LOD_vs_CN",2,"study_3_Olink; study_8",0.494345847092939
"FCRL1",-0.0450343377082632,-0.13443275424124,0.0443640788247135,-1.17520699518138,0.239911912321489,0.721498650243311,NA,NA,NA,3,929,"study_3_Olink_LOD_vs_CN; study_8_LOD_vs_CN; study_9_LOD_vs_CN",2,"study_3_Olink; study_8",0.496637058390575
"GPR180",-0.0131046246276641,-0.0417643003788222,0.0155550511234939,-1.17505207219644,0.23997388366392,0.792246299736406,-0.00831725697000439,-0.0326627957632359,0.0174882551582769,5,1167,"study_1_LOD_vs_CN; study_11_LOD_vs_CN; study_2_LOD_vs_CN; study_5_LOD_vs_CN; study_7_LOD_vs_CN",3,"study_1; study_11; study_7",0.441011607395615
"ITPA",0.0841896580387772,-0.0558422049980883,0.224221521075643,1.17344261264877,0.240618357350953,0,NA,NA,NA,2,338,"study_11_LOD_vs_CN; study_3_Soma_LOD_vs_CN",2,"study_11; study_3_Soma",0.49676047969229
"BST1",-0.0179517437272211,-0.0460348193284579,0.0101313318740157,-1.17326391270293,0.240689989059122,0.241312437265671,-0.0186755494788416,-0.0394042432880455,-0.00123908501977518,9,1415,"study_1_LOD_vs_CN; study_11_LOD_vs_CN; study_2_LOD_vs_CN; study_3_Olink_LOD_vs_CN; study_3_Soma_LOD_vs_CN; study_4_LOD_vs_CN; study_5_LOD_vs_CN; study_6_LOD_vs_CN; study_7_LOD_vs_CN",5,"study_1; study_11; study_4; study_6; study_7",0.335093488586195
"PPIB",0.0266609375297226,-0.00535805837794877,0.0586799334373939,1.1728816340658,0.240843275532101,0.697812894283311,0.0260234781741697,0.0023254613193612,0.0411894141602674,11,2625,"study_1_LOD_vs_CN; study_10_LOD_vs_CN; study_11_LOD_vs_CN; study_2_LOD_vs_CN; study_3_Olink_LOD_vs_CN; study_4_LOD_vs_CN; study_5_LOD_vs_CN; study_6_LOD_vs_CN; study_7_LOD_vs_CN; study_8_LOD_vs_CN; study_9_LOD_vs_CN",6,"study_1; study_11; study_4; study_6; study_7; study_8",0.341327556052117
"MANBA",-0.0115619389332643,-0.0278360215597027,0.00471214369317421,-1.17211267338672,0.241151822384825,0.528840267876366,-0.0116713913789225,-0.0159556944534245,-0.00481262424720111,8,1482,"study_1_LOD_vs_CN; study_11_LOD_vs_CN; study_2_LOD_vs_CN; study_3_Soma_LOD_vs_CN; study_4_LOD_vs_CN; study_5_LOD_vs_CN; study_6_LOD_vs_CN; study_7_LOD_vs_CN",5,"study_1; study_11; study_4; study_6; study_7",0.335093488586195
"IGKV6-21",-0.0439796749427694,-0.113899215730199,0.0259398658446598,-1.17195363767901,0.241215670466814,0,-0.0464297430217981,-0.0665069483562211,-0.0261193715770649,5,1280,"study_1_LOD_vs_CN; study_11_LOD_vs_CN; study_5_LOD_vs_CN; study_6_LOD_vs_CN; study_7_LOD_vs_CN",4,"study_1; study_11; study_6; study_7",0.369414208617009
"F9",-0.0131812111016636,-0.050939533923991,0.0245771117206638,-1.17147785884854,0.241406752505529,0.714610560138125,-0.0131294268595964,-0.0422426317513969,0.0274625385908597,8,1482,"study_1_LOD_vs_CN; study_11_LOD_vs_CN; study_2_LOD_vs_CN; study_3_Soma_LOD_vs_CN; study_4_LOD_vs_CN; study_5_LOD_vs_CN; study_6_LOD_vs_CN; study_7_LOD_vs_CN",5,"study_1; study_11; study_4; study_6; study_7",0.335093488586195
"NECAP1",0.041262723591361,-0.0889467449057721,0.171472192088494,1.17011338926918,0.241955340955705,0.880101705331036,NA,NA,NA,2,386,"study_11_LOD_vs_CN; study_2_LOD_vs_CN",2,"study_11; study_2",0.498181506310942
"HHIP",-0.0252139210473483,-0.0754848609739905,0.0250570188792939,-1.16871025239028,0.242520389875484,0,-0.0224155587157964,-0.0344817263680037,-0.0115741733458716,6,1042,"study_1_LOD_vs_CN; study_11_LOD_vs_CN; study_2_LOD_vs_CN; study_3_Soma_LOD_vs_CN; study_5_LOD_vs_CN; study_6_LOD_vs_CN",3,"study_1; study_11; study_6",0.44422051610856
"IGKV2D-28",-0.0277707580134877,-0.145046090914398,0.0895045748874223,-1.16835137139971,0.242665061620856,0,NA,NA,NA,2,215,"study_2_LOD_vs_CN; study_7_LOD_vs_CN",2,"study_2; study_7",0.49830686450486
"IGHV3-20",-0.0388561225161584,-0.137229164531373,0.0595169194990563,-1.1630672350948,0.244802224425456,0.722510280966282,-0.0508238184794554,-0.156995223045101,0.0245343868116711,4,1073,"study_1_LOD_vs_CN; study_11_LOD_vs_CN; study_5_LOD_vs_CN; study_6_LOD_vs_CN",3,"study_1; study_11; study_6",0.446925113671475
"CD300LG",0.0436519202867299,-0.0331433651242937,0.120447205697754,1.16055969405979,0.245821004678524,0.687258298351826,NA,NA,NA,4,956,"study_3_Olink_LOD_vs_CN; study_3_Soma_LOD_vs_CN; study_8_LOD_vs_CN; study_9_LOD_vs_CN",2,"study_3_Soma; study_8",0.50225300520603
"SCIN",0.0936954647366117,-0.0804726297613415,0.267863559234565,1.16037858827654,0.245894700465452,0,NA,NA,NA,2,327,"study_11_LOD_vs_CN; study_3_Soma_LOD_vs_CN",2,"study_11; study_3_Soma",0.50225300520603
"XPNPEP2",0.0824523392606506,-0.0588589863956705,0.223763664916972,1.15806022401629,0.246839460595189,0.489224254071996,NA,NA,NA,3,929,"study_3_Olink_LOD_vs_CN; study_8_LOD_vs_CN; study_9_LOD_vs_CN",2,"study_3_Olink; study_8",0.502845373307971
"ADAM15",-0.0135749381370665,-0.0354078013353456,0.0082579250612127,-1.15795186937747,0.246883678473139,0.546648648718156,-0.0127334077033575,-0.0221524498573883,-0.00522467092001869,9,1421,"study_1_LOD_vs_CN; study_11_LOD_vs_CN; study_2_LOD_vs_CN; study_3_Olink_LOD_vs_CN; study_3_Soma_LOD_vs_CN; study_4_LOD_vs_CN; study_5_LOD_vs_CN; study_6_LOD_vs_CN; study_7_LOD_vs_CN",5,"study_1; study_11; study_4; study_6; study_7",0.342078466208728
"CPA4",0.0479009512672746,-0.0308316156450177,0.126633518179567,1.15637664100245,0.247527131910768,0,NA,NA,NA,3,537,"study_11_LOD_vs_CN; study_2_LOD_vs_CN; study_3_Soma_LOD_vs_CN",2,"study_11; study_2",0.502912268009179
"IGHV4-28",-0.0252364192266975,-0.0821494067288407,0.0316765682754458,-1.15183274523903,0.249389809195846,0,-0.0257799695231676,-0.0436219384661776,-0.0122422305389725,6,1417,"study_1_LOD_vs_CN; study_11_LOD_vs_CN; study_4_LOD_vs_CN; study_5_LOD_vs_CN; study_6_LOD_vs_CN; study_7_LOD_vs_CN",5,"study_1; study_11; study_4; study_6; study_7",0.344929430344614
"PPP2CA",0.0360158353382312,-0.0307953474334691,0.102827018109932,1.14820691096421,0.250883156970338,0.83040267843844,NA,NA,NA,4,1203,"study_1_LOD_vs_CN; study_2_LOD_vs_CN; study_8_LOD_vs_CN; study_9_LOD_vs_CN",2,"study_1; study_8",0.50838592230401
"DCN",-0.011634526804823,-0.0359512892567097,0.0126822356470637,-1.14675433309997,0.251483167905651,0.693413239475791,-0.0121228190140021,-0.0306747211798362,-0.0013707730384486,12,2612,"study_1_LOD_vs_CN; study_10_LOD_vs_CN; study_11_LOD_vs_CN; study_2_LOD_vs_CN; study_3_Olink_LOD_vs_CN; study_3_Soma_LOD_vs_CN; study_4_LOD_vs_CN; study_5_LOD_vs_CN; study_6_LOD_vs_CN; study_7_LOD_vs_CN; study_8_LOD_vs_CN; study_9_LOD_vs_CN",6,"study_1; study_11; study_4; study_6; study_7; study_8",0.354061828498745
"IL6R",-0.00818249569375888,-0.043856294361664,0.0274913029741462,-1.14512655437714,0.252156736978953,0.300957940852432,-0.00875389723543354,-0.0292850274634103,0.00732417374391347,9,2097,"study_1_LOD_vs_CN; study_11_LOD_vs_CN; study_2_LOD_vs_CN; study_3_Olink_LOD_vs_CN; study_3_Soma_LOD_vs_CN; study_5_LOD_vs_CN; study_6_LOD_vs_CN; study_8_LOD_vs_CN; study_9_LOD_vs_CN",4,"study_1; study_11; study_6; study_8",0.384824567236172
"FMOD",-0.0112179283088352,-0.0402781844002141,0.0178423277825438,-1.14453976276572,0.252399857410106,0.77664907821397,-0.0129330066272526,-0.0479724953910387,0.00299972826403282,8,1478,"study_1_LOD_vs_CN; study_11_LOD_vs_CN; study_2_LOD_vs_CN; study_3_Soma_LOD_vs_CN; study_4_LOD_vs_CN; study_5_LOD_vs_CN; study_6_LOD_vs_CN; study_7_LOD_vs_CN",5,"study_1; study_11; study_4; study_6; study_7",0.348465871361529
"HNRNPK",-0.035244983033278,-0.235391780676761,0.164901814610205,-1.14292817261531,0.253068414389694,0.175611716323486,-0.0319509656635706,-0.085255572015254,0.0363617084390144,5,720,"study_1_LOD_vs_CN; study_11_LOD_vs_CN; study_2_LOD_vs_CN; study_3_Soma_LOD_vs_CN; study_6_LOD_vs_CN",3,"study_1; study_11; study_6",0.460501540938623
"CD27",0.0685074270142182,-0.0272316887915128,0.164246542819949,1.14097441053439,0.253880571969163,0.836953090109961,NA,NA,NA,5,986,"study_2_LOD_vs_CN; study_3_Olink_LOD_vs_CN; study_3_Soma_LOD_vs_CN; study_8_LOD_vs_CN; study_9_LOD_vs_CN",2,"study_2; study_8",0.513105998085045
"MDGA1",0.0263799314126196,-0.0148792522846546,0.0676391151098938,1.14057320742814,0.254047572001522,0.133997407262886,0.0263139377044466,0.00796790381993376,0.0375519689057596,11,2300,"study_1_LOD_vs_CN; study_11_LOD_vs_CN; study_2_LOD_vs_CN; study_3_Olink_LOD_vs_CN; study_3_Soma_LOD_vs_CN; study_4_LOD_vs_CN; study_5_LOD_vs_CN; study_6_LOD_vs_CN; study_7_LOD_vs_CN; study_8_LOD_vs_CN; study_9_LOD_vs_CN",6,"study_1; study_11; study_4; study_6; study_7; study_8",0.355334512472716
"TPST1",-0.0254809728922977,-0.0723370628226807,0.0213751170380852,-1.14002483222888,0.254275955778589,0,-0.024466330375402,-0.0282825443659263,-0.0181693467521853,6,965,"study_1_LOD_vs_CN; study_11_LOD_vs_CN; study_2_LOD_vs_CN; study_3_Soma_LOD_vs_CN; study_5_LOD_vs_CN; study_6_LOD_vs_CN",3,"study_1; study_11; study_6",0.460894118261659
"EXTL3",-0.025303626442387,-0.063756638923384,0.0131493860386101,-1.13909673071736,0.254662810948473,0,-0.0245026047950524,-0.0333160835774509,-0.0136291293534249,5,1111,"study_1_LOD_vs_CN; study_11_LOD_vs_CN; study_5_LOD_vs_CN; study_6_LOD_vs_CN; study_7_LOD_vs_CN",4,"study_1; study_11; study_6; study_7",0.387299691650803
"ADCYAP1R1",0.0134157222833786,-0.0191212323901325,0.0459526769568897,1.13842026801439,0.254945034786179,0.819360745826617,0.0209175722070145,-0.0197569862983534,0.0743137457031051,4,911,"study_1_LOD_vs_CN; study_11_LOD_vs_CN; study_2_LOD_vs_CN; study_6_LOD_vs_CN",3,"study_1; study_11; study_6",0.460894118261659
"EPHB6",-0.0136846430562791,-0.0572446868253012,0.0298754007127429,-1.1341014608281,0.256751990941315,0.798108289323202,-0.013883521295417,-0.0350675674136165,0.013580992805262,11,2320,"study_1_LOD_vs_CN; study_11_LOD_vs_CN; study_2_LOD_vs_CN; study_3_Olink_LOD_vs_CN; study_3_Soma_LOD_vs_CN; study_4_LOD_vs_CN; study_5_LOD_vs_CN; study_6_LOD_vs_CN; study_7_LOD_vs_CN; study_8_LOD_vs_CN; study_9_LOD_vs_CN",6,"study_1; study_11; study_4; study_6; study_7; study_8",0.356785234165203
"VEGFD",0.0447463402366674,-0.0266357625305825,0.116128443003917,1.13031930019357,0.258341704876834,0.629322844323981,0.043695796284146,-0.0291447950682118,0.111110703305858,5,1469,"study_11_LOD_vs_CN; study_3_Olink_LOD_vs_CN; study_3_Soma_LOD_vs_CN; study_8_LOD_vs_CN; study_9_LOD_vs_CN",3,"study_11; study_3_Soma; study_8",0.46551833183975
"TFF3",0.0351353888860453,-0.00580637552599092,0.0760771532980816,1.13012391281204,0.258424014857147,0.868583140702617,0.0348746593297795,-0.00168863060584273,0.0619339545672864,9,1951,"study_1_LOD_vs_CN; study_11_LOD_vs_CN; study_2_LOD_vs_CN; study_3_Olink_LOD_vs_CN; study_3_Soma_LOD_vs_CN; study_5_LOD_vs_CN; study_6_LOD_vs_CN; study_8_LOD_vs_CN; study_9_LOD_vs_CN",4,"study_1; study_11; study_6; study_8",0.391659925631247
"ACTR3",0.072957846461996,-0.021369646623753,0.167285339547745,1.12961864092032,0.258636952801667,0.904489592844179,NA,NA,NA,2,448,"study_11_LOD_vs_CN; study_2_LOD_vs_CN",2,"study_11; study_2",0.521064931300761
"TXNDC16",-0.0715046151028969,-0.19574864903336,0.0527394188275661,-1.12834196823853,0.259175525725118,0,NA,NA,NA,2,370,"study_11_LOD_vs_CN; study_6_LOD_vs_CN",2,"study_11; study_6",0.521064931300761
"LOXL3",-0.0213408363859182,-0.0544582822365868,0.0117766094647504,-1.12710443583042,0.259698328106589,0,-0.0221274706210111,-0.0325253166306488,-0.0143960411861075,6,1025,"study_1_LOD_vs_CN; study_11_LOD_vs_CN; study_2_LOD_vs_CN; study_3_Soma_LOD_vs_CN; study_5_LOD_vs_CN; study_6_LOD_vs_CN",3,"study_1; study_11; study_6",0.46644845339533
"NUCB2",-0.00965687333101933,-0.0445683389740961,0.0252545923120574,-1.12636836452623,0.260009631566078,0.861942208343425,-0.0110243290093246,-0.0339668270269337,0.00911992148196195,12,2552,"study_1_LOD_vs_CN; study_10_LOD_vs_CN; study_11_LOD_vs_CN; study_2_LOD_vs_CN; study_3_Olink_LOD_vs_CN; study_3_Soma_LOD_vs_CN; study_4_LOD_vs_CN; study_5_LOD_vs_CN; study_6_LOD_vs_CN; study_7_LOD_vs_CN; study_8_LOD_vs_CN; study_9_LOD_vs_CN",6,"study_1; study_11; study_4; study_6; study_7; study_8",0.358981039710585
"COL1A2",-0.0147645082413696,-0.0366925110385396,0.00716349455580032,-1.1234107280112,0.261263095634448,0.799547702015222,-0.0150783352303651,-0.029465334545268,0.00104846556669415,8,1687,"study_1_LOD_vs_CN; study_10_LOD_vs_CN; study_11_LOD_vs_CN; study_2_LOD_vs_CN; study_4_LOD_vs_CN; study_5_LOD_vs_CN; study_6_LOD_vs_CN; study_7_LOD_vs_CN",5,"study_1; study_11; study_4; study_6; study_7",0.36005613000518
"SLC1A3",-0.0390287779540911,-0.105820576863018,0.0277630209548358,-1.12028454228986,0.262592527040319,0,NA,NA,NA,3,600,"study_11_LOD_vs_CN; study_2_LOD_vs_CN; study_5_LOD_vs_CN",2,"study_11; study_2",0.524770687043959
"MME",0.0333251962318413,-0.0256671348906096,0.0923175273542922,1.11965372206944,0.262861352987272,0,NA,NA,NA,3,929,"study_3_Olink_LOD_vs_CN; study_8_LOD_vs_CN; study_9_LOD_vs_CN",2,"study_3_Olink; study_8",0.524770687043959
"ANGPT1",0.0429308707061784,-0.0315148475398866,0.117376588952243,1.11916761470794,0.263068638687401,0,NA,NA,NA,4,955,"study_3_Olink_LOD_vs_CN; study_3_Soma_LOD_vs_CN; study_8_LOD_vs_CN; study_9_LOD_vs_CN",2,"study_3_Soma; study_8",0.524770687043959
"IGHV4-34",-0.0291502775094403,-0.0920633362979145,0.033762781279034,-1.1188892768084,0.263187378204093,0,-0.0293641758191988,-0.0548770476795602,0.00423696220969301,5,1260,"study_1_LOD_vs_CN; study_11_LOD_vs_CN; study_2_LOD_vs_CN; study_4_LOD_vs_CN; study_7_LOD_vs_CN",4,"study_1; study_11; study_4; study_7",0.397503695356526
"TMEFF2",0.0188069805925765,-0.0120999932229302,0.0497139544080831,1.11743385986815,0.26380886441159,0.674691425963614,0.0197723450866443,-0.0118030375043485,0.0450347940657424,5,1109,"study_1_LOD_vs_CN; study_11_LOD_vs_CN; study_2_LOD_vs_CN; study_5_LOD_vs_CN; study_6_LOD_vs_CN",3,"study_1; study_11; study_6",0.472302966930428
"FGL2",-0.0109977642142939,-0.0330987574784641,0.0111032290498762,-1.11574418648523,0.264531650764783,0.775292987053447,-0.0122520551525222,-0.0432354052727511,0.00655905074917063,8,1462,"study_1_LOD_vs_CN; study_11_LOD_vs_CN; study_2_LOD_vs_CN; study_3_Soma_LOD_vs_CN; study_4_LOD_vs_CN; study_5_LOD_vs_CN; study_6_LOD_vs_CN; study_7_LOD_vs_CN",5,"study_1; study_11; study_4; study_6; study_7",0.363908478422394
"IGKV6D-21",0.0666530116727342,-0.0385654749383832,0.171871498283852,1.11469117577421,0.26498278372337,0,0.0639225961598361,0.0511777296847615,0.0814980762072018,4,1095,"study_1_LOD_vs_CN; study_11_LOD_vs_CN; study_5_LOD_vs_CN; study_7_LOD_vs_CN",3,"study_1; study_11; study_7",0.472879244265177
"METTL24",0.0694637701871063,-0.0526270481755556,0.191554588549768,1.11393567178146,0.265306784695602,0,NA,NA,NA,2,324,"study_11_LOD_vs_CN; study_3_Soma_LOD_vs_CN",2,"study_11; study_3_Soma",0.52786427628555
"IGKV3-15",-0.0128215896224531,-0.0726663262806513,0.0470231470357451,-1.11336225001567,0.26555288105362,0.632771353630954,-0.0140899752548269,-0.0456611819878072,0.0107038609578396,6,1320,"study_1_LOD_vs_CN; study_11_LOD_vs_CN; study_2_LOD_vs_CN; study_4_LOD_vs_CN; study_5_LOD_vs_CN; study_7_LOD_vs_CN",4,"study_1; study_11; study_4; study_7",0.399698150864212
"ITIH1",-0.019569905802346,-0.0716367954717335,0.0324969838670415,-1.11309516243248,0.265667561118117,0.70663712985538,-0.0196892208243424,-0.0620223570475089,0.0383065048102403,9,1732,"study_1_LOD_vs_CN; study_10_LOD_vs_CN; study_11_LOD_vs_CN; study_2_LOD_vs_CN; study_3_Soma_LOD_vs_CN; study_4_LOD_vs_CN; study_5_LOD_vs_CN; study_6_LOD_vs_CN; study_7_LOD_vs_CN",5,"study_1; study_11; study_4; study_6; study_7",0.364818490178271
"C6",-0.00996739483649827,-0.0547466289998667,0.0348118393268702,-1.11118314692299,0.26648952391847,0.800606250868724,-0.0106445712557397,-0.0558389260534934,0.0391230759721289,9,1732,"study_1_LOD_vs_CN; study_10_LOD_vs_CN; study_11_LOD_vs_CN; study_2_LOD_vs_CN; study_3_Soma_LOD_vs_CN; study_4_LOD_vs_CN; study_5_LOD_vs_CN; study_6_LOD_vs_CN; study_7_LOD_vs_CN",5,"study_1; study_11; study_4; study_6; study_7",0.365294908900719
"UFC1",0.0786381903611608,-0.0304516065188444,0.187727987241166,1.11033153983874,0.266856186844459,0.890745635854479,NA,NA,NA,3,512,"study_11_LOD_vs_CN; study_2_LOD_vs_CN; study_3_Soma_LOD_vs_CN",2,"study_11; study_2",0.529575068466523
"SSC5D",0.0105111928971458,-0.00708969269177294,0.0281120784860645,1.1063347522853,0.268581655235841,0,0.0103838486565897,0.00716750762086987,0.01367262444379,7,1445,"study_1_LOD_vs_CN; study_11_LOD_vs_CN; study_2_LOD_vs_CN; study_4_LOD_vs_CN; study_5_LOD_vs_CN; study_6_LOD_vs_CN; study_7_LOD_vs_CN",5,"study_1; study_11; study_4; study_6; study_7",0.367507638570038
"IGLV3-25",-0.0222583405046862,-0.0763566966058466,0.0318400155964742,-1.10616085366759,0.268656903212833,0,-0.0246115754158662,-0.0483402595266862,-0.0118139186769307,4,1139,"study_1_LOD_vs_CN; study_11_LOD_vs_CN; study_2_LOD_vs_CN; study_7_LOD_vs_CN",3,"study_1; study_11; study_7",0.477899298984366
"NHLRC3",-0.0135763712406135,-0.0389907621733816,0.0118380196921545,-1.10054489318572,0.271094780707174,0,-0.0130238248191904,-0.0162280242326006,-0.0112753731456768,5,1130,"study_1_LOD_vs_CN; study_11_LOD_vs_CN; study_2_LOD_vs_CN; study_5_LOD_vs_CN; study_6_LOD_vs_CN",3,"study_1; study_11; study_6",0.478025623018793
"P0DOX3",-0.110493760793596,-0.314053345187369,0.0930658236001773,-1.10008982897327,0.271292984951672,0,NA,NA,NA,2,150,"study_4_LOD_vs_CN; study_6_LOD_vs_CN",2,"study_4; study_6",0.536992300110525
"INHBB",0.0296366477840356,-0.0212575676094983,0.0805308631775695,1.09975026630646,0.271440946896082,0.464269925412992,0.0282167155827386,0.0102461382074036,0.0519581474124095,4,855,"study_1_LOD_vs_CN; study_11_LOD_vs_CN; study_3_Soma_LOD_vs_CN; study_6_LOD_vs_CN",3,"study_1; study_11; study_6",0.478025623018793
"TOR1B",0.032317563307796,-0.0269130604269847,0.0915481870425767,1.09888541007778,0.271818051300034,0,0.0411618496518982,0.0254841191810066,0.0657167670173574,3,639,"study_11_LOD_vs_CN; study_5_LOD_vs_CN; study_7_LOD_vs_CN",3,"study_11; study_5; study_7",0.478025623018793
"SPINK2",0.0879626996534818,-0.0581438930232682,0.234069292330232,1.09837109731055,0.272042477788207,0.805941050479934,NA,NA,NA,4,398,"study_1_LOD_vs_CN; study_2_LOD_vs_CN; study_3_Soma_LOD_vs_CN; study_6_LOD_vs_CN",2,"study_1; study_6",0.537091575684686
"GREM1",-0.0235168974545635,-0.0687025697806904,0.0216687748715635,-1.09807177842011,0.27217314752061,0,-0.025482452262594,-0.0396989618976866,-0.0138776867954193,6,1025,"study_1_LOD_vs_CN; study_11_LOD_vs_CN; study_2_LOD_vs_CN; study_3_Soma_LOD_vs_CN; study_5_LOD_vs_CN; study_7_LOD_vs_CN",3,"study_1; study_11; study_7",0.478025623018793
"BOLA2",0.078259619493607,-0.029263459110619,0.185782698097833,1.09642286976631,0.272893760169522,0.912625883221258,NA,NA,NA,2,377,"study_11_LOD_vs_CN; study_2_LOD_vs_CN",2,"study_11; study_2",0.537390789256905
"SCN4B",-0.01166054139325,-0.034951276852553,0.0116301940660529,-1.09609532853239,0.273037058773705,0,-0.0125236690954866,-0.0221441082120001,-0.00722424193776276,7,1447,"study_1_LOD_vs_CN; study_11_LOD_vs_CN; study_2_LOD_vs_CN; study_4_LOD_vs_CN; study_5_LOD_vs_CN; study_6_LOD_vs_CN; study_7_LOD_vs_CN",5,"study_1; study_11; study_4; study_6; study_7",0.372940494133177
"CORO1B",0.0461338878624813,-0.0453747547043034,0.137642530429266,1.09422898268919,0.273854563191118,0.75122259524184,0.0493447467122059,0.0312568748975308,0.0744382754843607,3,616,"study_1_LOD_vs_CN; study_11_LOD_vs_CN; study_6_LOD_vs_CN",3,"study_1; study_11; study_6",0.479461459214733
"BLVRA",0.0719546902085514,-0.0408361363694119,0.184745516786515,1.09141318436728,0.275091113592308,0.631910154211904,NA,NA,NA,3,560,"study_11_LOD_vs_CN; study_2_LOD_vs_CN; study_3_Soma_LOD_vs_CN",2,"study_11; study_2",0.540332417490775
"TMEM132A",0.000749567666757713,-0.0179356826594351,0.0194348179929506,1.09140801938467,0.275093385277273,0.911248241653091,0.000389442660359029,-0.0195436242208513,0.0161083916361098,9,1731,"study_1_LOD_vs_CN; study_10_LOD_vs_CN; study_11_LOD_vs_CN; study_2_LOD_vs_CN; study_3_Soma_LOD_vs_CN; study_4_LOD_vs_CN; study_5_LOD_vs_CN; study_6_LOD_vs_CN; study_7_LOD_vs_CN",5,"study_1; study_11; study_4; study_6; study_7",0.375083002266353
"COL16A1",-0.00685215250573858,-0.0384132350440242,0.0247089300325471,-1.08664316152416,0.277194542311567,0.701090617647798,-0.00698452922682155,-0.01612719345114,0.00210014436843367,6,1261,"study_1_LOD_vs_CN; study_11_LOD_vs_CN; study_2_LOD_vs_CN; study_5_LOD_vs_CN; study_6_LOD_vs_CN; study_7_LOD_vs_CN",4,"study_1; study_11; study_6; study_7",0.415791813467351
"SCAMP1",0.0168473784550874,-0.0108742343257154,0.0445689912358902,1.08277120522985,0.278909989507982,0.6115661925137,0.0206971441022168,-0.00572639544860442,0.0531965290041512,5,1034,"study_1_LOD_vs_CN; study_11_LOD_vs_CN; study_2_LOD_vs_CN; study_5_LOD_vs_CN; study_6_LOD_vs_CN",3,"study_1; study_11; study_6",0.486776868480913
"TUBB",-0.0257047710238062,-0.0889162405425623,0.0375066984949498,-1.08033667450395,0.279992283921304,0.634686162059478,NA,NA,NA,3,790,"study_1_LOD_vs_CN; study_11_LOD_vs_CN; study_2_LOD_vs_CN",2,"study_1; study_11",0.54804091302914
"ALPL",-0.059010884710147,-0.207136871717194,0.0891151022969,-1.0793251368905,0.28044281096413,0,NA,NA,NA,3,384,"study_11_LOD_vs_CN; study_2_LOD_vs_CN; study_3_Soma_LOD_vs_CN",2,"study_11; study_2",0.54804091302914
"CTSZ",-0.000742064849730568,-0.0271405461062324,0.0256564164067713,-1.07779312308422,0.28112608918449,0.519727587088349,-0.00120692461760585,-0.0218114175714346,0.011736944993132,12,2659,"study_1_LOD_vs_CN; study_10_LOD_vs_CN; study_11_LOD_vs_CN; study_2_LOD_vs_CN; study_3_Olink_LOD_vs_CN; study_3_Soma_LOD_vs_CN; study_4_LOD_vs_CN; study_5_LOD_vs_CN; study_6_LOD_vs_CN; study_7_LOD_vs_CN; study_8_LOD_vs_CN; study_9_LOD_vs_CN",6,"study_1; study_11; study_4; study_6; study_7; study_8",0.384419330917811
"CACYBP",0.0215592166386473,-0.0278934594250915,0.0710118927023862,1.07606634813172,0.281897584498491,0,0.0260364531795298,0.00362635990570999,0.0534187806595497,6,933,"study_1_LOD_vs_CN; study_11_LOD_vs_CN; study_2_LOD_vs_CN; study_3_Soma_LOD_vs_CN; study_5_LOD_vs_CN; study_6_LOD_vs_CN",3,"study_1; study_11; study_6",0.490448775538127
"MYOC",0.0461948853521251,-0.0168889844881928,0.109278755192443,1.07483411561259,0.282449003476575,0.664325338748106,0.0458615643062444,0.00657155183541543,0.0710841965835842,11,2383,"study_1_LOD_vs_CN; study_11_LOD_vs_CN; study_2_LOD_vs_CN; study_3_Olink_LOD_vs_CN; study_3_Soma_LOD_vs_CN; study_4_LOD_vs_CN; study_5_LOD_vs_CN; study_6_LOD_vs_CN; study_7_LOD_vs_CN; study_8_LOD_vs_CN; study_9_LOD_vs_CN",6,"study_1; study_11; study_4; study_6; study_7; study_8",0.384419330917811
"GASK1B",-0.00151188564466868,-0.0217388839482331,0.0187151126588957,-1.07199582520956,0.283721907279184,0.796759645497009,0.00061022623571804,-0.012089038180588,0.0233437865265595,8,1683,"study_1_LOD_vs_CN; study_10_LOD_vs_CN; study_11_LOD_vs_CN; study_2_LOD_vs_CN; study_4_LOD_vs_CN; study_5_LOD_vs_CN; study_6_LOD_vs_CN; study_7_LOD_vs_CN",5,"study_1; study_11; study_4; study_6; study_7",0.385932367563277
"BCAN",-0.0105929143027492,-0.0275199513701517,0.00633412276465331,-1.07176940519339,0.283823618154272,0.313936564672251,-0.0103539004106703,-0.0178804477977654,0.00255889577007832,12,2658,"study_1_LOD_vs_CN; study_10_LOD_vs_CN; study_11_LOD_vs_CN; study_2_LOD_vs_CN; study_3_Olink_LOD_vs_CN; study_3_Soma_LOD_vs_CN; study_4_LOD_vs_CN; study_5_LOD_vs_CN; study_6_LOD_vs_CN; study_7_LOD_vs_CN; study_8_LOD_vs_CN; study_9_LOD_vs_CN",6,"study_1; study_11; study_4; study_6; study_7; study_8",0.384419330917811
"ORM2",0.000398812889909435,-0.0508514840614918,0.0516491098413107,-1.07013994148699,0.284556322983849,0.857818993006096,-9.80106651546297e-05,-0.0531105575510629,0.0633406931591495,8,1705,"study_1_LOD_vs_CN; study_10_LOD_vs_CN; study_11_LOD_vs_CN; study_2_LOD_vs_CN; study_4_LOD_vs_CN; study_5_LOD_vs_CN; study_6_LOD_vs_CN; study_7_LOD_vs_CN",5,"study_1; study_11; study_4; study_6; study_7",0.385932367563277
"PRRT2",0.0120762387921207,-0.0133080527711706,0.0374605303554121,1.06978280208407,0.284717085170186,0.860771101162,0.0129094058528072,-0.0265165789863599,0.0509809242020379,9,1476,"study_1_LOD_vs_CN; study_10_LOD_vs_CN; study_11_LOD_vs_CN; study_2_LOD_vs_CN; study_3_Soma_LOD_vs_CN; study_4_LOD_vs_CN; study_5_LOD_vs_CN; study_6_LOD_vs_CN; study_7_LOD_vs_CN",5,"study_1; study_11; study_4; study_6; study_7",0.385932367563277
"LYZ",0.0354574378780602,-8.83573543301666e-05,0.0710032331104506,1.06902594746522,0.285057977602004,0.847489829574421,0.0361071970226648,0.0131318221470435,0.0648604600542437,9,1731,"study_1_LOD_vs_CN; study_10_LOD_vs_CN; study_11_LOD_vs_CN; study_2_LOD_vs_CN; study_3_Soma_LOD_vs_CN; study_4_LOD_vs_CN; study_5_LOD_vs_CN; study_6_LOD_vs_CN; study_7_LOD_vs_CN",5,"study_1; study_11; study_4; study_6; study_7",0.385932367563277
"IGHV2-70D",0.0783326349932574,-0.0631363796867867,0.219801649673301,1.06655561545104,0.286172552045263,0.25119309566957,0.0897111786367959,0.0389698743901901,0.211013905210639,5,1198,"study_1_LOD_vs_CN; study_11_LOD_vs_CN; study_4_LOD_vs_CN; study_5_LOD_vs_CN; study_6_LOD_vs_CN",4,"study_1; study_11; study_4; study_6",0.427204894128891
"IGLV2-11",-0.0444961523936458,-0.153562525119626,0.0645702203323342,-1.06526954577711,0.286753970031721,0,-0.0439758060108583,-0.0540132224670917,-0.0330396546943031,5,1189,"study_1_LOD_vs_CN; study_11_LOD_vs_CN; study_4_LOD_vs_CN; study_5_LOD_vs_CN; study_6_LOD_vs_CN",4,"study_1; study_11; study_4; study_6",0.427204894128891
"DNAJC16",-0.0453791654251082,-0.129958108982432,0.0391997781322152,-1.0630362542021,0.28776551063391,0,NA,NA,NA,3,305,"study_1_LOD_vs_CN; study_2_LOD_vs_CN; study_6_LOD_vs_CN",2,"study_1; study_6",0.560923634941225
"AMY2B",-0.0150284878945833,-0.0652915017869462,0.0352345259977796,-1.06093126878471,0.288721137696074,0.115745065798581,-0.0132819965438248,-0.0339498410973331,0.00648883164105753,7,1171,"study_1_LOD_vs_CN; study_11_LOD_vs_CN; study_2_LOD_vs_CN; study_3_Soma_LOD_vs_CN; study_5_LOD_vs_CN; study_6_LOD_vs_CN; study_7_LOD_vs_CN",4,"study_1; study_11; study_6; study_7",0.42758037836567
"CPE",0.0154748565570578,-0.0128475942164138,0.0437973073305294,1.06040930849825,0.288958429215156,0,0.0149556105040407,0.00803084682172106,0.0185714044156203,9,1575,"study_1_LOD_vs_CN; study_10_LOD_vs_CN; study_11_LOD_vs_CN; study_2_LOD_vs_CN; study_3_Olink_LOD_vs_CN; study_3_Soma_LOD_vs_CN; study_4_LOD_vs_CN; study_5_LOD_vs_CN; study_6_LOD_vs_CN",4,"study_1; study_11; study_4; study_6",0.42758037836567
"TMPRSS5",0.0228629942904584,-0.0208779906717579,0.0666039792526747,1.05793022202038,0.290087255626902,0.804897440070161,0.0215273067239726,0.000445030507705949,0.0515424595389087,10,2088,"study_1_LOD_vs_CN; study_11_LOD_vs_CN; study_2_LOD_vs_CN; study_3_Olink_LOD_vs_CN; study_3_Soma_LOD_vs_CN; study_5_LOD_vs_CN; study_6_LOD_vs_CN; study_7_LOD_vs_CN; study_8_LOD_vs_CN; study_9_LOD_vs_CN",5,"study_1; study_11; study_6; study_7; study_8",0.39198185229382
"KRT17",-0.0671670357050089,-0.202355291594969,0.0680212201849516,-1.0570161419101,0.290504220550341,0,-0.0650208982854361,-0.0736657436153194,-0.0519641544009095,6,1027,"study_1_LOD_vs_CN; study_11_LOD_vs_CN; study_2_LOD_vs_CN; study_3_Soma_LOD_vs_CN; study_5_LOD_vs_CN; study_6_LOD_vs_CN",3,"study_1; study_11; study_6",0.503843257516997
"IGHG3",-0.0160663494191952,-0.0882725323622099,0.0561398335238194,-1.05692522236323,0.2905457162646,0.725536751017525,-0.0148033195377041,-0.0486760607299282,0.055155107519479,8,1704,"study_1_LOD_vs_CN; study_10_LOD_vs_CN; study_11_LOD_vs_CN; study_2_LOD_vs_CN; study_4_LOD_vs_CN; study_5_LOD_vs_CN; study_6_LOD_vs_CN; study_7_LOD_vs_CN",5,"study_1; study_11; study_4; study_6; study_7",0.39198185229382
"CTSL",-0.00828163980348984,-0.0295921254209605,0.0130288458139808,-1.05591640650048,0.291006407797314,0.682186907483801,-0.0077216182267022,-0.0202635528201599,0.00553602230678333,8,1546,"study_1_LOD_vs_CN; study_10_LOD_vs_CN; study_11_LOD_vs_CN; study_2_LOD_vs_CN; study_3_Olink_LOD_vs_CN; study_4_LOD_vs_CN; study_5_LOD_vs_CN; study_6_LOD_vs_CN",4,"study_1; study_11; study_4; study_6",0.428417282944105
"SYT2",0.018010194195268,-0.0193435002055287,0.0553638885960648,1.05487990924697,0.291480251866081,0.229807311369946,0.0187458352117572,0.00543522861038243,0.032497801172026,6,1143,"study_1_LOD_vs_CN; study_11_LOD_vs_CN; study_2_LOD_vs_CN; study_5_LOD_vs_CN; study_6_LOD_vs_CN; study_7_LOD_vs_CN",4,"study_1; study_11; study_6; study_7",0.428417282944105
"HLA-E",-0.0191128023567461,-0.0544253362989302,0.0161997315854381,-1.0542076966036,0.291787837046193,0,NA,NA,NA,6,1081,"study_1_LOD_vs_CN; study_11_LOD_vs_CN; study_2_LOD_vs_CN; study_3_Olink_LOD_vs_CN; study_3_Soma_LOD_vs_CN; study_5_LOD_vs_CN",2,"study_1; study_11",0.56732419962399
"A8MTW9",0.0343613596647383,-0.0321622371158892,0.100884956445366,1.04950440262423,0.293946030010116,0.748107544293083,0.0449296796291508,0.000741956914398829,0.118386407030623,4,1014,"study_1_LOD_vs_CN; study_11_LOD_vs_CN; study_5_LOD_vs_CN; study_6_LOD_vs_CN",3,"study_1; study_11; study_6",0.50779045359754
"TNFRSF8",-0.0387339497213485,-0.147458275375476,0.0699903759327793,-1.04923763708257,0.294068760281335,0.801241333154632,NA,NA,NA,3,507,"study_11_LOD_vs_CN; study_2_LOD_vs_CN; study_3_Soma_LOD_vs_CN",2,"study_11; study_2",0.570315171454711
"WNT6",0.0487605000601549,-0.0256619178371061,0.123182917957416,1.04806218601101,0.294609956861996,0.587728055111442,0.0268087863542894,-0.0307440632372372,0.0570430605072652,3,581,"study_11_LOD_vs_CN; study_2_LOD_vs_CN; study_6_LOD_vs_CN",3,"study_11; study_2; study_6",0.50779045359754
"TMEM132C",-0.00985036853402974,-0.0254540964328351,0.00575335936477559,-1.04742972276528,0.294901429159184,0.47790660582431,-0.00989916038301777,-0.0197417823688556,-0.00299180346703522,8,1479,"study_1_LOD_vs_CN; study_11_LOD_vs_CN; study_2_LOD_vs_CN; study_3_Soma_LOD_vs_CN; study_4_LOD_vs_CN; study_5_LOD_vs_CN; study_6_LOD_vs_CN; study_7_LOD_vs_CN",5,"study_1; study_11; study_4; study_6; study_7",0.397161469393017
"GALNT2",0.00918262394521192,-0.0126582022541161,0.0310234501445399,1.04719356426143,0.295010312932594,0.265524033332715,0.009245122586217,0.00423064414744518,0.0137454781936091,12,2618,"study_1_LOD_vs_CN; study_10_LOD_vs_CN; study_11_LOD_vs_CN; study_2_LOD_vs_CN; study_3_Olink_LOD_vs_CN; study_3_Soma_LOD_vs_CN; study_4_LOD_vs_CN; study_5_LOD_vs_CN; study_6_LOD_vs_CN; study_7_LOD_vs_CN; study_8_LOD_vs_CN; study_9_LOD_vs_CN",6,"study_1; study_11; study_4; study_6; study_7; study_8",0.397057905456448
"CLSTN1",-0.0233517204837668,-0.0469791720676447,0.000275731100111049,-1.04627460566882,0.295434266353456,0.813373380900988,-0.023363365084342,-0.035468072677139,-0.0109758957802948,10,1760,"study_1_LOD_vs_CN; study_10_LOD_vs_CN; study_11_LOD_vs_CN; study_2_LOD_vs_CN; study_3_Olink_LOD_vs_CN; study_3_Soma_LOD_vs_CN; study_4_LOD_vs_CN; study_5_LOD_vs_CN; study_6_LOD_vs_CN; study_7_LOD_vs_CN",5,"study_1; study_11; study_4; study_6; study_7",0.397183480464699
"HAPLN2",-0.0193578956726857,-0.0541617833067222,0.0154459919613508,-1.0431232979417,0.296891191649387,0.366090829121873,-0.0181934538731832,-0.0275503827646328,-0.0120183171795933,4,797,"study_11_LOD_vs_CN; study_2_LOD_vs_CN; study_5_LOD_vs_CN; study_7_LOD_vs_CN",3,"study_11; study_2; study_7",0.509583870510747
"GSTM2",-0.0180683673652754,-0.0494022418931039,0.0132655071625532,-1.04213189492743,0.297350533003486,0.309436280862071,-0.0201327112766014,-0.0426846310047364,-0.00779018058434854,6,1232,"study_1_LOD_vs_CN; study_11_LOD_vs_CN; study_2_LOD_vs_CN; study_5_LOD_vs_CN; study_6_LOD_vs_CN; study_7_LOD_vs_CN",4,"study_1; study_11; study_6; study_7",0.435583723931527
"CNTNAP2",0.0127829518314419,-0.017147363694888,0.0427132673577719,1.04205568056391,0.29738586464274,0.840099146895609,0.0126781179133543,-0.00694340998783925,0.0369349828770018,11,2403,"study_1_LOD_vs_CN; study_11_LOD_vs_CN; study_2_LOD_vs_CN; study_3_Olink_LOD_vs_CN; study_3_Soma_LOD_vs_CN; study_4_LOD_vs_CN; study_5_LOD_vs_CN; study_6_LOD_vs_CN; study_7_LOD_vs_CN; study_8_LOD_vs_CN; study_9_LOD_vs_CN",6,"study_1; study_11; study_4; study_6; study_7; study_8",0.397753593959665
"KERA",-0.166943985782126,-0.387971542714303,0.0540835711500512,-1.04161863131623,0.2975885271768,0.701462802160735,NA,NA,NA,2,71,"study_3_Soma_LOD_vs_CN; study_6_LOD_vs_CN",2,"study_3_Soma; study_6",0.573288214900876
"SOD3",-0.00657449032605832,-0.0416639515327451,0.0285149708806285,-1.04145886993147,0.297662632585371,0.800455980891808,-0.00853787860206996,-0.0442017749481552,0.00371303539084428,9,1732,"study_1_LOD_vs_CN; study_10_LOD_vs_CN; study_11_LOD_vs_CN; study_2_LOD_vs_CN; study_3_Soma_LOD_vs_CN; study_4_LOD_vs_CN; study_5_LOD_vs_CN; study_6_LOD_vs_CN; study_7_LOD_vs_CN",5,"study_1; study_11; study_4; study_6; study_7",0.39888429747028
"LRRC4",-0.0117469095467339,-0.0340398243575221,0.0105460052640543,-1.04129903638096,0.297736783807465,0,-0.0111782431706176,-0.0145623365369916,-0.00487924401716334,8,1393,"study_1_LOD_vs_CN; study_11_LOD_vs_CN; study_2_LOD_vs_CN; study_3_Soma_LOD_vs_CN; study_4_LOD_vs_CN; study_5_LOD_vs_CN; study_6_LOD_vs_CN; study_7_LOD_vs_CN",5,"study_1; study_11; study_4; study_6; study_7",0.39888429747028
"SH3GLB2",-0.0438568338877703,-0.129129545772444,0.0414158779969031,-1.04119025692078,0.297787256677849,0,NA,NA,NA,2,314,"study_11_LOD_vs_CN; study_3_Soma_LOD_vs_CN",2,"study_11; study_3_Soma",0.573288214900876
"C2CD3",0.0882023931709768,-0.0038632963692171,0.180268082711171,1.04107413458416,0.297841142897721,0.969830449481445,NA,NA,NA,3,1086,"study_7_LOD_vs_CN; study_8_LOD_vs_CN; study_9_LOD_vs_CN",2,"study_7; study_8",0.573288214900876
"S100A8",-0.0453264875240802,-0.146300729932001,0.0556477548838407,-1.03950050961571,0.298572021177252,0.686969020485144,-0.0523855998705103,-0.173085912938516,0.057378995864407,7,1185,"study_1_LOD_vs_CN; study_11_LOD_vs_CN; study_2_LOD_vs_CN; study_3_Soma_LOD_vs_CN; study_5_LOD_vs_CN; study_6_LOD_vs_CN; study_7_LOD_vs_CN",4,"study_1; study_11; study_6; study_7",0.435915150918787
"CD74",0.0467369989466166,0.00384442794875652,0.0896295699444767,-1.03843908801374,0.299065679662245,0.978102704886764,0.0447078557728944,-0.0616348108751259,0.106395753797171,7,1977,"study_1_LOD_vs_CN; study_11_LOD_vs_CN; study_2_LOD_vs_CN; study_3_Olink_LOD_vs_CN; study_5_LOD_vs_CN; study_8_LOD_vs_CN; study_9_LOD_vs_CN",3,"study_1; study_11; study_8",0.509583870510747
"IGKV3D-15",-0.0214785652279826,-0.0951099448628742,0.052152814406909,-1.03749611509563,0.29950470531357,0,-0.0215171093671898,-0.0251738389202999,-0.012658358032428,6,1371,"study_1_LOD_vs_CN; study_11_LOD_vs_CN; study_4_LOD_vs_CN; study_5_LOD_vs_CN; study_6_LOD_vs_CN; study_7_LOD_vs_CN",5,"study_1; study_11; study_4; study_6; study_7",0.399886122444867
"TMEM59",-0.0224699063175487,-0.0665949645975925,0.0216551519624951,-1.03748435940956,0.29951018119194,0,-0.0196187236155571,-0.0292006735149427,-0.00298334794925979,5,905,"study_1_LOD_vs_CN; study_11_LOD_vs_CN; study_2_LOD_vs_CN; study_5_LOD_vs_CN; study_6_LOD_vs_CN",3,"study_1; study_11; study_6",0.509583870510747
"HLA-C",0.0496377027652975,-0.0276932940785535,0.126968699609149,1.03745343596233,0.299524585862475,0.252076169227193,0.0529860671534124,0.0100590401853414,0.10476773366162,8,1215,"study_1_LOD_vs_CN; study_11_LOD_vs_CN; study_2_LOD_vs_CN; study_3_Soma_LOD_vs_CN; study_4_LOD_vs_CN; study_5_LOD_vs_CN; study_6_LOD_vs_CN; study_7_LOD_vs_CN",5,"study_1; study_11; study_4; study_6; study_7",0.399886122444867
"ADGRF5",-0.0779413614984181,-0.200385605481001,0.044502882484165,-1.03717405158927,0.299654748829907,0.680388939728387,-0.161602415749434,-0.38847100854962,-0.0172898176085538,4,613,"study_11_LOD_vs_CN; study_2_LOD_vs_CN; study_3_Soma_LOD_vs_CN; study_6_LOD_vs_CN",3,"study_11; study_2; study_6",0.509583870510747
"CA9",0.0659238885492031,-0.041857548701431,0.173705325799837,1.03607138714504,0.300168839716479,0.761041774019424,NA,NA,NA,4,959,"study_2_LOD_vs_CN; study_3_Olink_LOD_vs_CN; study_8_LOD_vs_CN; study_9_LOD_vs_CN",2,"study_2; study_8",0.575885410794855
"LRP2",0.026346560206122,-0.0159210951591837,0.0686142155714276,1.03591605358446,0.300241307490116,0,0.0282929162738792,0.0137312685950514,0.0403049674955498,6,1004,"study_1_LOD_vs_CN; study_11_LOD_vs_CN; study_2_LOD_vs_CN; study_3_Soma_LOD_vs_CN; study_5_LOD_vs_CN; study_6_LOD_vs_CN",3,"study_1; study_11; study_6",0.509583870510747
"ILDR2",-0.0758438856290171,-0.227506909798603,0.0758191385405686,-1.03352240145325,0.301359492688253,0,NA,NA,NA,2,399,"study_11_LOD_vs_CN; study_2_LOD_vs_CN",2,"study_11; study_2",0.575885410794855
"CST4",-0.0794374882600504,-0.215494869848243,0.0566198933281424,-1.03335024916013,0.301440019712932,0.370610537114625,NA,NA,NA,3,240,"study_3_Soma_LOD_vs_CN; study_5_LOD_vs_CN; study_7_LOD_vs_CN",2,"study_5; study_7",0.575885410794855
"ST3GAL6",-0.0236166453378194,-0.0611180698392058,0.0138847791635671,-1.03260917146269,0.301786834395948,0.613535202637005,-0.0219359196133293,-0.0326001952194188,0.00914538971494282,8,1348,"study_1_LOD_vs_CN; study_11_LOD_vs_CN; study_2_LOD_vs_CN; study_3_Soma_LOD_vs_CN; study_4_LOD_vs_CN; study_5_LOD_vs_CN; study_6_LOD_vs_CN; study_7_LOD_vs_CN",5,"study_1; study_11; study_4; study_6; study_7",0.402208103380389
"IDS",0.00771854536555261,-0.0116389197294537,0.0270760104605589,1.03047367253695,0.302787704889736,0.384889395434779,0.0083781208030101,0.00154831914607772,0.0201511983621772,9,1727,"study_1_LOD_vs_CN; study_10_LOD_vs_CN; study_11_LOD_vs_CN; study_2_LOD_vs_CN; study_3_Soma_LOD_vs_CN; study_4_LOD_vs_CN; study_5_LOD_vs_CN; study_6_LOD_vs_CN; study_7_LOD_vs_CN",5,"study_1; study_11; study_4; study_6; study_7",0.402843849585133
"COL6A3",0.0122611922462204,-0.00305392004356882,0.0275763045360097,1.02805673811041,0.303923139167821,0.828132271440091,0.0123379152436501,0.00161046483337291,0.0267893532300138,9,1731,"study_1_LOD_vs_CN; study_10_LOD_vs_CN; study_11_LOD_vs_CN; study_2_LOD_vs_CN; study_3_Soma_LOD_vs_CN; study_4_LOD_vs_CN; study_5_LOD_vs_CN; study_6_LOD_vs_CN; study_7_LOD_vs_CN",5,"study_1; study_11; study_4; study_6; study_7",0.403273337705147
"MAN2A2",-0.0179083872406615,-0.0395163698576276,0.00369959537630463,-1.02748318169579,0.304193000813331,0.894844001098971,-0.0165831220788451,-0.0330669386544331,0.00894343902354859,8,1703,"study_1_LOD_vs_CN; study_10_LOD_vs_CN; study_11_LOD_vs_CN; study_2_LOD_vs_CN; study_4_LOD_vs_CN; study_5_LOD_vs_CN; study_6_LOD_vs_CN; study_7_LOD_vs_CN",5,"study_1; study_11; study_4; study_6; study_7",0.403273337705147
"C1QL3",0.0108180870781736,-0.0170169766658078,0.038653150822155,1.02644100731861,0.304683757095826,0.362562240384423,0.0103848396381225,-0.00787714317387316,0.0237450618726,8,1442,"study_1_LOD_vs_CN; study_11_LOD_vs_CN; study_2_LOD_vs_CN; study_3_Soma_LOD_vs_CN; study_4_LOD_vs_CN; study_5_LOD_vs_CN; study_6_LOD_vs_CN; study_7_LOD_vs_CN",5,"study_1; study_11; study_4; study_6; study_7",0.403273337705147
"LRFN1",-0.0393080326934937,-0.174627347747129,0.0960112823601413,-1.02578574016943,0.304992589063252,0.681216590266929,NA,NA,NA,2,435,"study_11_LOD_vs_CN; study_6_LOD_vs_CN",2,"study_11; study_6",0.581226571713591
"ABCA2",-0.00740626806626715,-0.0276921769170919,0.0128796407845576,-1.02307910412292,0.306270445890925,0.435604227072837,-0.00610663051440872,-0.0156164197032649,0.011643459306694,6,1268,"study_1_LOD_vs_CN; study_11_LOD_vs_CN; study_2_LOD_vs_CN; study_4_LOD_vs_CN; study_5_LOD_vs_CN; study_6_LOD_vs_CN",4,"study_1; study_11; study_4; study_6",0.444911369231532
"DNER",-0.00999329119016196,-0.0278592344972685,0.00787265211694454,-1.02199935303522,0.306781206615807,0.00331459893928697,-0.00974657140524375,-0.016806055129037,0.000900412798307194,12,2582,"study_1_LOD_vs_CN; study_10_LOD_vs_CN; study_11_LOD_vs_CN; study_2_LOD_vs_CN; study_3_Olink_LOD_vs_CN; study_3_Soma_LOD_vs_CN; study_4_LOD_vs_CN; study_5_LOD_vs_CN; study_6_LOD_vs_CN; study_7_LOD_vs_CN; study_8_LOD_vs_CN; study_9_LOD_vs_CN",6,"study_1; study_11; study_4; study_6; study_7; study_8",0.407771293265731
"CDH13",-0.0297525075578933,-0.0609765442914722,0.00147152917568562,-1.02157462925182,0.306982270634092,0.868222858311152,-0.02822618417343,-0.0534933263216613,0.0117678150626889,9,1721,"study_1_LOD_vs_CN; study_10_LOD_vs_CN; study_11_LOD_vs_CN; study_2_LOD_vs_CN; study_3_Soma_LOD_vs_CN; study_4_LOD_vs_CN; study_5_LOD_vs_CN; study_6_LOD_vs_CN; study_7_LOD_vs_CN",5,"study_1; study_11; study_4; study_6; study_7",0.405617467556043
"CPN1",-0.036146497286415,-0.097380305260093,0.0250873106872629,-1.02032212287304,0.307575714591684,0.588503769109578,-0.0388201205073144,-0.0972886356191094,0.0127905335029939,6,1266,"study_1_LOD_vs_CN; study_11_LOD_vs_CN; study_2_LOD_vs_CN; study_4_LOD_vs_CN; study_5_LOD_vs_CN; study_6_LOD_vs_CN",4,"study_1; study_11; study_4; study_6",0.444911369231532
"PPT1",-0.0135741696649245,-0.0384513168728338,0.0113029775429849,-1.01943805118355,0.307995049166315,0.55302070424806,-0.015910362692172,-0.0437758616680482,-0.00325676316323477,7,1249,"study_1_LOD_vs_CN; study_11_LOD_vs_CN; study_2_LOD_vs_CN; study_3_Soma_LOD_vs_CN; study_5_LOD_vs_CN; study_6_LOD_vs_CN; study_7_LOD_vs_CN",4,"study_1; study_11; study_6; study_7",0.444911369231532
"ANGPT2",0.0370006813837545,-0.0394493781692194,0.113450740936728,1.01856533198723,0.308409369851239,0.497176232208539,0.0216695205253058,-0.0624415706188439,0.0885842548696899,6,1249,"study_11_LOD_vs_CN; study_2_LOD_vs_CN; study_3_Olink_LOD_vs_CN; study_3_Soma_LOD_vs_CN; study_8_LOD_vs_CN; study_9_LOD_vs_CN",3,"study_11; study_2; study_8",0.521851220327553
"PRSS27",-0.0429267164286043,-0.118913297509017,0.0330598646518087,-1.01774967810341,0.308796932069373,0,-0.0413280062730453,-0.0504352965789336,-0.0332697590351257,6,1304,"study_11_LOD_vs_CN; study_3_Olink_LOD_vs_CN; study_3_Soma_LOD_vs_CN; study_6_LOD_vs_CN; study_8_LOD_vs_CN; study_9_LOD_vs_CN",4,"study_11; study_3_Soma; study_6; study_8",0.444911369231532
"IL16",0.0372766706719228,-0.0352336039481281,0.109786945291974,1.01725446929058,0.309032390158105,0,NA,NA,NA,4,955,"study_3_Olink_LOD_vs_CN; study_3_Soma_LOD_vs_CN; study_8_LOD_vs_CN; study_9_LOD_vs_CN",2,"study_3_Soma; study_8",0.587300980797277
"BMP6",0.00909132963163743,-0.024253712017738,0.0424363712810128,1.01694031654996,0.30918182259998,0.595874799163126,0.00866167788883871,-0.00521539420246556,0.0190770978503275,11,2249,"study_1_LOD_vs_CN; study_11_LOD_vs_CN; study_2_LOD_vs_CN; study_3_Olink_LOD_vs_CN; study_3_Soma_LOD_vs_CN; study_4_LOD_vs_CN; study_5_LOD_vs_CN; study_6_LOD_vs_CN; study_7_LOD_vs_CN; study_8_LOD_vs_CN; study_9_LOD_vs_CN",6,"study_1; study_11; study_4; study_6; study_7; study_8",0.408425370595035
"XYLT1",-0.00993073966997882,-0.0311419263212587,0.011280446981301,-1.01597738858901,0.309640154205316,0.560320072023938,-0.0104450947038119,-0.0199254567652415,0.0013105379307109,7,1404,"study_1_LOD_vs_CN; study_11_LOD_vs_CN; study_2_LOD_vs_CN; study_4_LOD_vs_CN; study_5_LOD_vs_CN; study_6_LOD_vs_CN; study_7_LOD_vs_CN",5,"study_1; study_11; study_4; study_6; study_7",0.408427579046121
"CHODL",-0.0617260872781102,-0.150455126105339,0.0270029515491189,-1.01583177581285,0.309709501592314,0.731157869014062,NA,NA,NA,2,100,"study_2_LOD_vs_CN; study_6_LOD_vs_CN",2,"study_2; study_6",0.587300980797277
"DPYSL3",0.0521657036326428,-0.0806401288319143,0.1849715360972,1.01301485399869,0.311053065961588,0.198841726658868,NA,NA,NA,3,428,"study_11_LOD_vs_CN; study_2_LOD_vs_CN; study_3_Soma_LOD_vs_CN",2,"study_11; study_2",0.588395947434728
"FKBP2",-0.0118169693596547,-0.0358062260383775,0.0121722873190682,-1.0127142960971,0.311196647307253,0.802690199767668,-0.0161431603181574,-0.0522206997106898,0.00777496716755321,6,1121,"study_1_LOD_vs_CN; study_11_LOD_vs_CN; study_2_LOD_vs_CN; study_3_Soma_LOD_vs_CN; study_5_LOD_vs_CN; study_6_LOD_vs_CN",3,"study_1; study_11; study_6",0.524966988618618
"IGHV3-23",-0.0393720395713206,-0.118873126545131,0.0401290474024893,-1.01044239397456,0.31228338546986,0,NA,NA,NA,3,927,"study_1_LOD_vs_CN; study_11_LOD_vs_CN; study_2_LOD_vs_CN",2,"study_1; study_11",0.589271842852217
"ATF6",-0.00198864806234471,-0.0386741438816779,0.0346968477569885,-1.00900478939454,0.312972337264672,0.764216501769231,0.000689490589528151,-0.0382993772020328,0.0432143222768147,6,886,"study_1_LOD_vs_CN; study_11_LOD_vs_CN; study_2_LOD_vs_CN; study_3_Soma_LOD_vs_CN; study_5_LOD_vs_CN; study_6_LOD_vs_CN",3,"study_1; study_11; study_6",0.526362567217857
"NXPH1",-0.0128317780670427,-0.0360718447228981,0.0104082885888128,-1.00867582555152,0.313130129169918,0.712677735093405,-0.0123372946054891,-0.0295060736318173,0.00718385638003174,9,1489,"study_1_LOD_vs_CN; study_11_LOD_vs_CN; study_2_LOD_vs_CN; study_3_Olink_LOD_vs_CN; study_3_Soma_LOD_vs_CN; study_4_LOD_vs_CN; study_5_LOD_vs_CN; study_6_LOD_vs_CN; study_7_LOD_vs_CN",5,"study_1; study_11; study_4; study_6; study_7",0.412323748855593
"CCL25",0.024493840760687,-0.0516715005677378,0.100659182089112,1.00482207693469,0.31498253134834,0.927206332437359,NA,NA,NA,4,956,"study_3_Olink_LOD_vs_CN; study_3_Soma_LOD_vs_CN; study_8_LOD_vs_CN; study_9_LOD_vs_CN",2,"study_3_Soma; study_8",0.591697617103394
"MFNG",-0.0166899577317319,-0.0805033159894059,0.0471234005259421,-1.00455785689021,0.315109798691781,0.700209622333401,NA,NA,NA,3,879,"study_1_LOD_vs_CN; study_11_LOD_vs_CN; study_3_Soma_LOD_vs_CN",2,"study_1; study_11",0.591697617103394
"KRT6A",-0.140242086551407,-0.334842442323362,0.0543582692205478,-1.00109846586445,0.316779206669166,0.756859638609387,-0.102299071800592,-0.219329883905558,0.051634021264459,5,686,"study_1_LOD_vs_CN; study_2_LOD_vs_CN; study_5_LOD_vs_CN; study_6_LOD_vs_CN; study_7_LOD_vs_CN",3,"study_1; study_6; study_7",0.531155467375792
"APPBP2",-0.0260043940326218,-0.0559957990951147,0.00398701102987108,-0.99652479576602,0.318995225520924,0.937302460410299,NA,NA,NA,3,1086,"study_7_LOD_vs_CN; study_8_LOD_vs_CN; study_9_LOD_vs_CN",2,"study_7; study_8",0.5967696652517
"FZD2",-0.0273057259127421,-0.0989836248638591,0.044372173038375,-0.994830538292972,0.319818690887903,0,NA,NA,NA,2,180,"study_3_Soma_LOD_vs_CN; study_7_LOD_vs_CN",2,"study_3_Soma; study_7",0.5967696652517
"IGHV1-2",-0.0277244745383128,-0.0947442995160847,0.039295350439459,-0.994823795371599,0.319821970946774,0.591134502096755,-0.0335706383950477,-0.0867169032755391,-0.00305419105185698,4,1158,"study_1_LOD_vs_CN; study_11_LOD_vs_CN; study_5_LOD_vs_CN; study_7_LOD_vs_CN",3,"study_1; study_11; study_7",0.534642150227288
"IGLV2-18",-0.0322575150400292,-0.104241093870182,0.0397260637901234,-0.994353521336292,0.320050787573525,0,-0.0339515982947887,-0.0502014752026215,-0.0196646855975762,6,1280,"study_1_LOD_vs_CN; study_11_LOD_vs_CN; study_4_LOD_vs_CN; study_5_LOD_vs_CN; study_6_LOD_vs_CN; study_7_LOD_vs_CN",5,"study_1; study_11; study_4; study_6; study_7",0.420716334434257
"EFNB3",-0.0152070978496128,-0.0427075541556264,0.0122933584564009,-0.994276889244569,0.320088083839907,0.543530803128345,-0.014416330312972,-0.036731169756637,0.00806103078065799,7,1274,"study_1_LOD_vs_CN; study_11_LOD_vs_CN; study_2_LOD_vs_CN; study_3_Soma_LOD_vs_CN; study_5_LOD_vs_CN; study_6_LOD_vs_CN; study_7_LOD_vs_CN",4,"study_1; study_11; study_6; study_7",0.459667477776653
"HAVCR1",-0.0367925506960964,-0.109323949077692,0.0357388476854996,-0.993148784014397,0.320637453068355,0,NA,NA,NA,3,928,"study_3_Olink_LOD_vs_CN; study_8_LOD_vs_CN; study_9_LOD_vs_CN",2,"study_3_Olink; study_8",0.5967696652517
"DDX46",-0.0308743697005138,-0.0986223700731975,0.0368736306721699,-0.9925709165175,0.320919103839781,0.590623880435014,NA,NA,NA,2,782,"study_1_LOD_vs_CN; study_11_LOD_vs_CN",2,"study_1; study_11",0.5967696652517
"B4GALT1",0.0389159848079338,0.00537985559988253,0.0724521140159851,0.990043461860404,0.322152876160052,0.844297836314815,0.0383606697763941,-0.0075579031432118,0.0646849274356813,11,2348,"study_1_LOD_vs_CN; study_11_LOD_vs_CN; study_2_LOD_vs_CN; study_3_Olink_LOD_vs_CN; study_3_Soma_LOD_vs_CN; study_4_LOD_vs_CN; study_5_LOD_vs_CN; study_6_LOD_vs_CN; study_7_LOD_vs_CN; study_8_LOD_vs_CN; study_9_LOD_vs_CN",6,"study_1; study_11; study_4; study_6; study_7; study_8",0.420450432355519
"CNTN1",0.0175961237446744,-0.00462814687231442,0.0398203943616631,0.989917694441171,0.322214350029463,0.738924796394924,0.0176967155653537,-0.00519968145091201,0.0376446912155734,12,2661,"study_1_LOD_vs_CN; study_10_LOD_vs_CN; study_11_LOD_vs_CN; study_2_LOD_vs_CN; study_3_Olink_LOD_vs_CN; study_3_Soma_LOD_vs_CN; study_4_LOD_vs_CN; study_5_LOD_vs_CN; study_6_LOD_vs_CN; study_7_LOD_vs_CN; study_8_LOD_vs_CN; study_9_LOD_vs_CN",6,"study_1; study_11; study_4; study_6; study_7; study_8",0.420450432355519
"SGSH",-0.0285936097150993,-0.160180389301029,0.10299316987083,-0.988962903740817,0.322681291887233,0.182727538442401,-0.0412813089767852,-0.0812017103098415,-0.0133002390917027,4,374,"study_11_LOD_vs_CN; study_2_LOD_vs_CN; study_3_Soma_LOD_vs_CN; study_7_LOD_vs_CN",3,"study_11; study_2; study_7",0.537802153145388
"CREG1",-0.0194763949780101,-0.0922980142282824,0.0533452242722623,-0.988949695872974,0.322687754308564,0.508018320416407,-0.023317582737541,-0.0605403171908062,0.00164144398916884,7,1123,"study_1_LOD_vs_CN; study_11_LOD_vs_CN; study_2_LOD_vs_CN; study_3_Soma_LOD_vs_CN; study_4_LOD_vs_CN; study_5_LOD_vs_CN; study_6_LOD_vs_CN",4,"study_1; study_11; study_4; study_6",0.461886393422062
"THSD4",0.00828696564133303,-0.0243316433758268,0.0409055746584929,0.988739853159299,0.322790438679216,0.476425454443713,0.00698317510268166,-0.00982132944665521,0.0167731523472536,7,1332,"study_1_LOD_vs_CN; study_11_LOD_vs_CN; study_2_LOD_vs_CN; study_4_LOD_vs_CN; study_5_LOD_vs_CN; study_6_LOD_vs_CN; study_7_LOD_vs_CN",5,"study_1; study_11; study_4; study_6; study_7",0.422322494966951
"IL6ST",-0.0134115660641792,-0.030718931459123,0.00389579933076469,-0.988629117690087,0.322844634529273,0.817775114116599,-0.0129241587715721,-0.0238178319167278,-0.0013864671892914,9,1731,"study_1_LOD_vs_CN; study_10_LOD_vs_CN; study_11_LOD_vs_CN; study_2_LOD_vs_CN; study_3_Soma_LOD_vs_CN; study_4_LOD_vs_CN; study_5_LOD_vs_CN; study_6_LOD_vs_CN; study_7_LOD_vs_CN",5,"study_1; study_11; study_4; study_6; study_7",0.422322494966951
"SHBG",0.0256154286380957,-0.028287339600212,0.0795181968764035,0.988474757011451,0.3229201912101,0.0535402586670237,0.0255662052530378,-0.00260548113379244,0.0644477029246836,8,1423,"study_1_LOD_vs_CN; study_11_LOD_vs_CN; study_2_LOD_vs_CN; study_3_Soma_LOD_vs_CN; study_4_LOD_vs_CN; study_5_LOD_vs_CN; study_6_LOD_vs_CN; study_7_LOD_vs_CN",5,"study_1; study_11; study_4; study_6; study_7",0.422322494966951
"LY6D",-0.0402796761831174,-0.131422769784564,0.0508634174183287,-0.987387789650214,0.323452567955083,0,NA,NA,NA,2,411,"study_11_LOD_vs_CN; study_2_LOD_vs_CN",2,"study_11; study_2",0.597619382454549
"IL12B",0.0422766419394897,-0.0375155855447774,0.122068869423757,0.98697052752263,0.323657087169527,0,NA,NA,NA,3,929,"study_3_Olink_LOD_vs_CN; study_8_LOD_vs_CN; study_9_LOD_vs_CN",2,"study_3_Olink; study_8",0.597619382454549
"DMKN",-0.0156250028149945,-0.0580307643158861,0.0267807586858971,-0.986082856514207,0.324092455486177,0,-0.0158014385072628,-0.0299038520636634,-6.68356080957768e-05,8,1438,"study_1_LOD_vs_CN; study_11_LOD_vs_CN; study_2_LOD_vs_CN; study_3_Soma_LOD_vs_CN; study_4_LOD_vs_CN; study_5_LOD_vs_CN; study_6_LOD_vs_CN; study_7_LOD_vs_CN",5,"study_1; study_11; study_4; study_6; study_7",0.423135990269728
"TUBB4B",-0.0526128752331374,-0.162376701395031,0.0571509509287567,-0.986044619533768,0.324111217812142,0,NA,NA,NA,2,142,"study_2_LOD_vs_CN; study_7_LOD_vs_CN",2,"study_2; study_7",0.597619382454549
"THBS3",-0.0242968538498716,-0.0985449256593393,0.0499512179595961,-0.986021710393179,0.3241224593306,0,-0.0259809813572035,-0.0366788341420253,-0.0141346524820862,6,835,"study_1_LOD_vs_CN; study_11_LOD_vs_CN; study_2_LOD_vs_CN; study_3_Soma_LOD_vs_CN; study_5_LOD_vs_CN; study_6_LOD_vs_CN",3,"study_1; study_11; study_6",0.538586721342764
"RAB6B",-0.0126515466524835,-0.0634357986680722,0.0381327053631053,-0.98476448236007,0.32473977065296,0.461406689904681,NA,NA,NA,4,959,"study_1_LOD_vs_CN; study_11_LOD_vs_CN; study_3_Soma_LOD_vs_CN; study_5_LOD_vs_CN",2,"study_1; study_11",0.597619382454549
"AMY2A",-0.0133757893272122,-0.105148317865568,0.0783967392111436,-0.984145448238812,0.325044003469406,0.667802252596128,-0.016263121993539,-0.10230035553095,0.0729141720671297,6,819,"study_1_LOD_vs_CN; study_11_LOD_vs_CN; study_2_LOD_vs_CN; study_3_Soma_LOD_vs_CN; study_6_LOD_vs_CN; study_7_LOD_vs_CN",4,"study_1; study_11; study_6; study_7",0.463743561953095
"OGFOD3",-0.0335365939190069,-0.105064185886418,0.0379909980484046,-0.983692356159135,0.325266799304689,0,NA,NA,NA,2,503,"study_11_LOD_vs_CN; study_2_LOD_vs_CN",2,"study_11; study_2",0.597619382454549
"NGFR",-0.0220542522552472,-0.0641013172833945,0.0199928127729002,-0.980246742370683,0.326964336663496,0,-0.0239064758364691,-0.0406051327233996,-0.00532412347392256,7,1173,"study_1_LOD_vs_CN; study_10_LOD_vs_CN; study_11_LOD_vs_CN; study_2_LOD_vs_CN; study_3_Soma_LOD_vs_CN; study_5_LOD_vs_CN; study_6_LOD_vs_CN",3,"study_1; study_11; study_6",0.541687184621612
"CDH2",0.0129976199654909,-0.0145273650372082,0.04052260496819,0.979542426647562,0.327312036188924,0.782514963762352,0.0131589486889265,-0.00680518646254898,0.0378995182136389,11,2634,"study_1_LOD_vs_CN; study_10_LOD_vs_CN; study_11_LOD_vs_CN; study_2_LOD_vs_CN; study_3_Olink_LOD_vs_CN; study_4_LOD_vs_CN; study_5_LOD_vs_CN; study_6_LOD_vs_CN; study_7_LOD_vs_CN; study_8_LOD_vs_CN; study_9_LOD_vs_CN",6,"study_1; study_11; study_4; study_6; study_7; study_8",0.422826392241833
"RAN",-0.0382061188544418,-0.124814378903843,0.0484021411949594,-0.979479239418167,0.327343241556744,0.348558217166153,NA,NA,NA,5,1009,"study_1_LOD_vs_CN; study_11_LOD_vs_CN; study_2_LOD_vs_CN; study_3_Soma_LOD_vs_CN; study_5_LOD_vs_CN",2,"study_1; study_11",0.599367199445574
"PLTP",0.0241938374310736,-0.00489873288397536,0.0532864077461226,0.978176923631095,0.327986827626842,0.844615452387398,0.0242502627718098,0.0140891387261392,0.0376594021699189,12,2661,"study_1_LOD_vs_CN; study_10_LOD_vs_CN; study_11_LOD_vs_CN; study_2_LOD_vs_CN; study_3_Olink_LOD_vs_CN; study_3_Soma_LOD_vs_CN; study_4_LOD_vs_CN; study_5_LOD_vs_CN; study_6_LOD_vs_CN; study_7_LOD_vs_CN; study_8_LOD_vs_CN; study_9_LOD_vs_CN",6,"study_1; study_11; study_4; study_6; study_7; study_8",0.422826392241833
"GPIHBP1",-0.0398397551746998,-0.112510562881059,0.0328310525316592,-0.977129409850175,0.32850508946615,0.814860473790782,NA,NA,NA,2,525,"study_11_LOD_vs_CN; study_2_LOD_vs_CN",2,"study_11; study_2",0.599367199445574
"GNRH1",-0.0525183416641435,-0.170342410310087,0.0653057269818002,-0.975534808206002,0.329295044227727,0,NA,NA,NA,2,391,"study_11_LOD_vs_CN; study_6_LOD_vs_CN",2,"study_11; study_6",0.599367199445574
"SPTB",-0.0777385647867883,-0.203859219857579,0.0483820902840026,-0.97544456013165,0.329339789278688,0.877432061869701,NA,NA,NA,3,859,"study_1_LOD_vs_CN; study_11_LOD_vs_CN; study_2_LOD_vs_CN",2,"study_1; study_11",0.599367199445574
"HLA-DRB1",0.0301342524884601,-0.0245302613496376,0.0847987663265577,0.974204574177219,0.32995497395368,0.753704573327815,0.0263232931577812,-0.00579761208562644,0.0528421558411757,6,1190,"study_1_LOD_vs_CN; study_11_LOD_vs_CN; study_2_LOD_vs_CN; study_4_LOD_vs_CN; study_5_LOD_vs_CN; study_7_LOD_vs_CN",4,"study_1; study_11; study_4; study_7",0.468062536103124
"CAST",0.0402551576386058,-0.0240495713681738,0.104559886645385,0.972961061491381,0.330572655086083,0.506932824250387,0.032048891273713,-0.0275479626607841,0.0782316277859108,6,1052,"study_1_LOD_vs_CN; study_11_LOD_vs_CN; study_2_LOD_vs_CN; study_3_Soma_LOD_vs_CN; study_5_LOD_vs_CN; study_6_LOD_vs_CN",3,"study_1; study_11; study_6",0.545215051740864
"LRIG2",0.0108394005571166,-0.0177138302194551,0.0393926313336883,0.972692348642814,0.330706229146025,0.362855525565246,0.0116759428855063,0.00439182850027921,0.0165654872051544,6,1197,"study_1_LOD_vs_CN; study_11_LOD_vs_CN; study_2_LOD_vs_CN; study_5_LOD_vs_CN; study_6_LOD_vs_CN; study_7_LOD_vs_CN",4,"study_1; study_11; study_6; study_7",0.468062536103124
"PCDHGB7",-0.0269000046327052,-0.0904874466639086,0.0366874373984983,-0.971983999071211,0.331058508894903,0,-0.0293099653173887,-0.0373086402201576,-0.0194992774564289,3,684,"study_11_LOD_vs_CN; study_5_LOD_vs_CN; study_6_LOD_vs_CN",3,"study_11; study_5; study_6",0.545215051740864
"MYLK",-0.00333866174354184,-0.0515465256102236,0.0448692021231399,0.971107218997957,0.331494889320902,0.803781656844535,0.00103616700107903,-0.0225473479284007,0.0598205602216565,6,983,"study_1_LOD_vs_CN; study_11_LOD_vs_CN; study_2_LOD_vs_CN; study_4_LOD_vs_CN; study_5_LOD_vs_CN; study_6_LOD_vs_CN",4,"study_1; study_11; study_4; study_6",0.468062536103124
"FITM1",-0.0187334272206404,-0.0530418929985659,0.0155750385572852,-0.96902707023693,0.332531682963735,0.61917348044966,-0.0178758439604578,-0.0312103185357728,-0.010695329953503,6,1333,"study_1_LOD_vs_CN; study_11_LOD_vs_CN; study_2_LOD_vs_CN; study_5_LOD_vs_CN; study_6_LOD_vs_CN; study_7_LOD_vs_CN",4,"study_1; study_11; study_6; study_7",0.468062536103124
"MLEC",-0.00900116443510905,-0.0258928189850935,0.00789049011487545,-0.96880526779668,0.332642357794868,0.290059346250047,-0.00858056182220563,-0.0149465900238347,0.00093464449924879,8,1420,"study_1_LOD_vs_CN; study_11_LOD_vs_CN; study_2_LOD_vs_CN; study_3_Soma_LOD_vs_CN; study_4_LOD_vs_CN; study_5_LOD_vs_CN; study_6_LOD_vs_CN; study_7_LOD_vs_CN",5,"study_1; study_11; study_4; study_6; study_7",0.433562666346192
"DSCAML1",-0.0156180430032595,-0.0657690164025454,0.0345329303960264,-0.967421348660232,0.333333441989256,0,-0.0139171345956887,-0.0236102862485525,0.000848058249317775,6,908,"study_1_LOD_vs_CN; study_11_LOD_vs_CN; study_2_LOD_vs_CN; study_3_Soma_LOD_vs_CN; study_5_LOD_vs_CN; study_6_LOD_vs_CN",3,"study_1; study_11; study_6",0.547294073607893
"IGKV2-29",0.0189070894772282,-0.07680851420322,0.114622693157676,-0.967259330203225,0.333414409278938,0.875367214646871,0.0153905892226207,-0.0887284754501864,0.0677659552403824,5,1177,"study_1_LOD_vs_CN; study_11_LOD_vs_CN; study_4_LOD_vs_CN; study_5_LOD_vs_CN; study_7_LOD_vs_CN",4,"study_1; study_11; study_4; study_7",0.468062536103124
"SOST",0.0741113627329929,-0.0754256962247742,0.22364842169076,0.965694668105283,0.334196988308443,0,NA,NA,NA,3,929,"study_3_Olink_LOD_vs_CN; study_8_LOD_vs_CN; study_9_LOD_vs_CN",2,"study_3_Olink; study_8",0.605572290918293
"EDA2R",0.0375167551415258,-0.0276141472121136,0.102647657495165,0.965502595003172,0.334293136852388,0.13485771705862,0.0366497160163837,0.00499566237581811,0.0652721135051078,6,1481,"study_11_LOD_vs_CN; study_2_LOD_vs_CN; study_3_Olink_LOD_vs_CN; study_3_Soma_LOD_vs_CN; study_8_LOD_vs_CN; study_9_LOD_vs_CN",3,"study_11; study_2; study_8",0.547294073607893
"PLXNB1",0.0131542327665935,-0.0133365960858162,0.0396450616190032,0.963265647807392,0.335414227880356,0.714339349667029,0.0125291202623072,0.00137851195154204,0.0198360241719069,9,2263,"study_1_LOD_vs_CN; study_11_LOD_vs_CN; study_2_LOD_vs_CN; study_3_Olink_LOD_vs_CN; study_5_LOD_vs_CN; study_6_LOD_vs_CN; study_7_LOD_vs_CN; study_8_LOD_vs_CN; study_9_LOD_vs_CN",5,"study_1; study_11; study_6; study_7; study_8",0.436435771979685
"KRT78",0.155714899888225,-0.436443834210032,0.747873633986481,0.962496501703751,0.335800259625229,0,NA,NA,NA,2,60,"study_2_LOD_vs_CN; study_6_LOD_vs_CN",2,"study_2; study_6",0.605572290918293
"ASPN",0.0529782067665344,-0.0344001562842491,0.140356569817318,0.962166453423079,0.335965997365226,0.589304230557504,0.00959612166175126,-0.100626309057471,0.0702444434643511,3,468,"study_11_LOD_vs_CN; study_3_Soma_LOD_vs_CN; study_7_LOD_vs_CN",3,"study_11; study_3_Soma; study_7",0.548415083934413
"ENSA",0.0224518552542052,-0.0784554081590767,0.123359118667487,0.961143701521236,0.336479918909605,0.926394522837854,NA,NA,NA,2,393,"study_11_LOD_vs_CN; study_2_LOD_vs_CN",2,"study_11; study_2",0.605572290918293
"TUBA1C",0.0343402461533855,-0.031958005061974,0.100638497368745,0.959844300503521,0.33713358258448,0,NA,NA,NA,2,677,"study_11_LOD_vs_CN; study_7_LOD_vs_CN",2,"study_11; study_7",0.605572290918293
"FAT3",-0.0263498319627981,-0.0772012959856026,0.0245016320600065,-0.958710156307808,0.337704780565008,0,-0.0230030108657837,-0.0342437960621707,-0.00350896803508055,4,946,"study_1_LOD_vs_CN; study_11_LOD_vs_CN; study_2_LOD_vs_CN; study_6_LOD_vs_CN",3,"study_1; study_11; study_6",0.549636812943048
"IGHV7-4-1",-0.0564965090860958,-0.179152773901101,0.0661597557289095,-0.957159559430087,0.338486725452205,0,NA,NA,NA,2,831,"study_1_LOD_vs_CN; study_11_LOD_vs_CN",2,"study_1; study_11",0.605572290918293
"PODN",0.0132652899358156,-0.0128470188063035,0.0393775986779346,0.957151945397669,0.338490567970647,0,0.0128757906352191,0.00539914362553054,0.0189173106393348,6,1237,"study_1_LOD_vs_CN; study_11_LOD_vs_CN; study_2_LOD_vs_CN; study_5_LOD_vs_CN; study_6_LOD_vs_CN; study_7_LOD_vs_CN",4,"study_1; study_11; study_6; study_7",0.47367050725605
"ADGRE2",0.0429539054979587,-0.0448020659942925,0.13070987699021,0.95665255939288,0.338742650628117,0,NA,NA,NA,4,956,"study_3_Olink_LOD_vs_CN; study_3_Soma_LOD_vs_CN; study_8_LOD_vs_CN; study_9_LOD_vs_CN",2,"study_3_Soma; study_8",0.605572290918293
"SMAD5",-0.0339402106435411,-0.100183632209223,0.0323032109221405,-0.955503194556281,0.339323290627255,0,NA,NA,NA,4,956,"study_3_Olink_LOD_vs_CN; study_3_Soma_LOD_vs_CN; study_8_LOD_vs_CN; study_9_LOD_vs_CN",2,"study_3_Soma; study_8",0.605572290918293
"FXYD6",-0.00847494357938752,-0.0346947949706417,0.0177449078118666,-0.9554437060886,0.339353360578135,0.576054284643613,-0.00922325894831167,-0.0337160324767524,0.0114371436873021,8,1458,"study_1_LOD_vs_CN; study_11_LOD_vs_CN; study_2_LOD_vs_CN; study_3_Soma_LOD_vs_CN; study_4_LOD_vs_CN; study_5_LOD_vs_CN; study_6_LOD_vs_CN; study_7_LOD_vs_CN",5,"study_1; study_11; study_4; study_6; study_7",0.440323560802518
"LAMA2",-0.0054957834467727,-0.0190230462146926,0.00803147932114722,-0.955060115451422,0.339547297211824,0.533357520854784,-0.00553008703361614,-0.0136574389370274,0.00608213326780599,9,1669,"study_1_LOD_vs_CN; study_10_LOD_vs_CN; study_11_LOD_vs_CN; study_2_LOD_vs_CN; study_3_Soma_LOD_vs_CN; study_4_LOD_vs_CN; study_5_LOD_vs_CN; study_6_LOD_vs_CN; study_7_LOD_vs_CN",5,"study_1; study_11; study_4; study_6; study_7",0.440323560802518
"MGAT4A",0.0223470258237406,-0.0379302963084998,0.082624347955981,0.955021519415615,0.339566814618897,0.328882955164141,NA,NA,NA,2,498,"study_11_LOD_vs_CN; study_2_LOD_vs_CN",2,"study_11; study_2",0.605572290918293
"TXNDC12",0.0420982197440156,-0.0114442774997362,0.0956407169877674,0.954949968794984,0.339602998543254,0.728064617975671,0.0445115501466345,-0.013780240018894,0.0983844772357776,6,862,"study_1_LOD_vs_CN; study_11_LOD_vs_CN; study_2_LOD_vs_CN; study_3_Soma_LOD_vs_CN; study_5_LOD_vs_CN; study_7_LOD_vs_CN",3,"study_1; study_11; study_7",0.55111012921493
"CNP",-0.0370048111605083,-0.109515249552117,0.0355056272311009,-0.953612481414173,0.340279835462299,0,NA,NA,NA,4,623,"study_1_LOD_vs_CN; study_11_LOD_vs_CN; study_2_LOD_vs_CN; study_3_Soma_LOD_vs_CN",2,"study_1; study_11",0.605572290918293
"RARRES2",-0.000124032447305327,-0.0234060785569732,0.0231580136623626,-0.95313625109192,0.34052104087682,0.789036515769596,-0.000370300379539268,-0.0113284027758993,0.0149139409763059,12,2660,"study_1_LOD_vs_CN; study_10_LOD_vs_CN; study_11_LOD_vs_CN; study_2_LOD_vs_CN; study_3_Olink_LOD_vs_CN; study_3_Soma_LOD_vs_CN; study_4_LOD_vs_CN; study_5_LOD_vs_CN; study_6_LOD_vs_CN; study_7_LOD_vs_CN; study_8_LOD_vs_CN; study_9_LOD_vs_CN",6,"study_1; study_11; study_4; study_6; study_7; study_8",0.433270100318583
"H2BC26",-0.107108431266071,-0.268466776509071,0.054249913976928,-0.952912485224962,0.34063441364154,0.810702883767934,NA,NA,NA,2,134,"study_3_Soma_LOD_vs_CN; study_7_LOD_vs_CN",2,"study_3_Soma; study_7",0.605572290918293
"KRT10",-0.066384547703373,-0.183086336722818,0.0503172413160718,-0.950911617472921,0.341649243851253,0.461122117277866,-0.0665066510654564,-0.0965060474628389,-0.0209177393282508,8,1662,"study_1_LOD_vs_CN; study_10_LOD_vs_CN; study_11_LOD_vs_CN; study_2_LOD_vs_CN; study_4_LOD_vs_CN; study_5_LOD_vs_CN; study_6_LOD_vs_CN; study_7_LOD_vs_CN",5,"study_1; study_11; study_4; study_6; study_7",0.442303482359618
"EIF5A",-0.0142721267648026,-0.09876125272509,0.0702169991954847,-0.949267046390725,0.342484809280082,0.8563201599204,-0.0313639739890767,-0.171333204837697,0.0671637475808255,6,1133,"study_1_LOD_vs_CN; study_11_LOD_vs_CN; study_2_LOD_vs_CN; study_3_Soma_LOD_vs_CN; study_5_LOD_vs_CN; study_7_LOD_vs_CN",3,"study_1; study_11; study_7",0.551480898065532
"NRSN2",-0.0197243618308484,-0.0540513895349759,0.0146026658732791,-0.949198896433571,0.342519462739508,0.607593876855219,-0.0215167612742502,-0.0392307486785602,-0.00845740818979736,5,1094,"study_1_LOD_vs_CN; study_11_LOD_vs_CN; study_2_LOD_vs_CN; study_5_LOD_vs_CN; study_6_LOD_vs_CN",3,"study_1; study_11; study_6",0.551480898065532
"CNTN4",0.0126091091408707,-0.02367966170581,0.0488978799875514,-0.949122450364172,0.342558337343059,0.878519007609005,0.0122710238371512,-0.0183033509459462,0.0327757401484107,12,2543,"study_1_LOD_vs_CN; study_10_LOD_vs_CN; study_11_LOD_vs_CN; study_2_LOD_vs_CN; study_3_Olink_LOD_vs_CN; study_3_Soma_LOD_vs_CN; study_4_LOD_vs_CN; study_5_LOD_vs_CN; study_6_LOD_vs_CN; study_7_LOD_vs_CN; study_8_LOD_vs_CN; study_9_LOD_vs_CN",6,"study_1; study_11; study_4; study_6; study_7; study_8",0.433270100318583
"ABI3BP",0.0147691691896046,-0.0111806500640995,0.0407189884433087,0.948886595638065,0.342678292730571,0.780542844096553,0.0144590205522871,-0.0135013597897778,0.0493197406770113,7,1322,"study_1_LOD_vs_CN; study_11_LOD_vs_CN; study_2_LOD_vs_CN; study_4_LOD_vs_CN; study_5_LOD_vs_CN; study_6_LOD_vs_CN; study_7_LOD_vs_CN",5,"study_1; study_11; study_4; study_6; study_7",0.442890095982873
"PPM1L",-0.0187467480262343,-0.0644756763759601,0.0269821803234914,-0.948622879575786,0.342812450148844,0,-0.0190042192380724,-0.0253554753238392,-0.0154549610605588,5,1104,"study_1_LOD_vs_CN; study_11_LOD_vs_CN; study_2_LOD_vs_CN; study_5_LOD_vs_CN; study_6_LOD_vs_CN",3,"study_1; study_11; study_6",0.551480898065532
"RRBP1",-0.0480945677374892,-0.133516678330264,0.0373275428552855,-0.948277830938407,0.342988033698084,0.482568888520023,NA,NA,NA,2,217,"study_6_LOD_vs_CN; study_7_LOD_vs_CN",2,"study_6; study_7",0.608348290716233
"S100A9",-0.0547311120100461,-0.164165180796486,0.0547029567763934,-0.948113346138882,0.34307175465873,0.756065234907316,-0.063091528464002,-0.183378253742423,0.0359787953098076,6,1139,"study_1_LOD_vs_CN; study_11_LOD_vs_CN; study_2_LOD_vs_CN; study_5_LOD_vs_CN; study_6_LOD_vs_CN; study_7_LOD_vs_CN",4,"study_1; study_11; study_6; study_7",0.47855232019275
"CTSD",-0.00927722010065239,-0.0342539956770665,0.0156995554757617,-0.947783923473262,0.343239466447638,0.742363411482894,-0.00994061388705854,-0.0273709951326053,0.00990404142084424,12,2661,"study_1_LOD_vs_CN; study_10_LOD_vs_CN; study_11_LOD_vs_CN; study_2_LOD_vs_CN; study_3_Olink_LOD_vs_CN; study_3_Soma_LOD_vs_CN; study_4_LOD_vs_CN; study_5_LOD_vs_CN; study_6_LOD_vs_CN; study_7_LOD_vs_CN; study_8_LOD_vs_CN; study_9_LOD_vs_CN",6,"study_1; study_11; study_4; study_6; study_7; study_8",0.433270100318583
"FAS",0.037076907711042,-0.0586258079996668,0.132779623421751,0.946273810170305,0.344008947832922,0,NA,NA,NA,4,474,"study_11_LOD_vs_CN; study_2_LOD_vs_CN; study_3_Olink_LOD_vs_CN; study_3_Soma_LOD_vs_CN",2,"study_11; study_2",0.60875316114213
"CST3",-0.00704237334162562,-0.0260337799807071,0.0119490332974559,-0.945925613496874,0.344186528290463,0.646582846382412,-0.00664958930316235,-0.0215895240256818,0.00810795490189368,12,2661,"study_1_LOD_vs_CN; study_10_LOD_vs_CN; study_11_LOD_vs_CN; study_2_LOD_vs_CN; study_3_Olink_LOD_vs_CN; study_3_Soma_LOD_vs_CN; study_4_LOD_vs_CN; study_5_LOD_vs_CN; study_6_LOD_vs_CN; study_7_LOD_vs_CN; study_8_LOD_vs_CN; study_9_LOD_vs_CN",6,"study_1; study_11; study_4; study_6; study_7; study_8",0.433270100318583
"GZMA",-0.0261476858860634,-0.115072958388085,0.0627775866159579,-0.942344737112846,0.346016170703716,0.8844624977746,NA,NA,NA,4,956,"study_3_Olink_LOD_vs_CN; study_3_Soma_LOD_vs_CN; study_8_LOD_vs_CN; study_9_LOD_vs_CN",2,"study_3_Soma; study_8",0.610897515173457
"DDRGK1",0.0180534154036878,-0.0310946406611641,0.0672014714685397,0.940106520578798,0.347162924471287,0,NA,NA,NA,4,717,"study_1_LOD_vs_CN; study_11_LOD_vs_CN; study_2_LOD_vs_CN; study_3_Soma_LOD_vs_CN",2,"study_1; study_11",0.611516344022818
"VSTM2A",-0.0321316445325348,-0.0731880099138819,0.00892472084881216,-0.936022349997626,0.349261680473163,0.859844512479601,-0.0301425202257207,-0.0824758444674661,0.0332719950121312,8,1667,"study_1_LOD_vs_CN; study_10_LOD_vs_CN; study_11_LOD_vs_CN; study_2_LOD_vs_CN; study_4_LOD_vs_CN; study_5_LOD_vs_CN; study_6_LOD_vs_CN; study_7_LOD_vs_CN",5,"study_1; study_11; study_4; study_6; study_7",0.45064132933534
"CCL15",-0.0394617391978532,-0.129482116033599,0.0505586376378931,-0.933340368009547,0.350644258728493,0,-0.0425952484684516,-0.0593551062414558,-0.0306737757267942,5,1232,"study_11_LOD_vs_CN; study_3_Olink_LOD_vs_CN; study_3_Soma_LOD_vs_CN; study_8_LOD_vs_CN; study_9_LOD_vs_CN",3,"study_11; study_3_Soma; study_8",0.562449605763912
"C1R",0.0125949150581424,-0.00471907859370752,0.0299089087099923,0.930839967806541,0.35193635171388,0.850327606576848,0.0126744113199658,-0.00084344052375782,0.0311943676945949,9,1732,"study_1_LOD_vs_CN; study_10_LOD_vs_CN; study_11_LOD_vs_CN; study_2_LOD_vs_CN; study_3_Soma_LOD_vs_CN; study_4_LOD_vs_CN; study_5_LOD_vs_CN; study_6_LOD_vs_CN; study_7_LOD_vs_CN",5,"study_1; study_11; study_4; study_6; study_7",0.453331749527595
"B3GNT7",0.0314371608819587,-0.0148032373693345,0.077677559133252,0.930745663366179,0.351985142880798,0.839963193929282,0.0303821614785752,-0.0184736284701005,0.0934006132361115,4,1066,"study_1_LOD_vs_CN; study_11_LOD_vs_CN; study_5_LOD_vs_CN; study_6_LOD_vs_CN",3,"study_1; study_11; study_6",0.562973355328077
"OLFML2A",0.00997029649039797,-0.0099637170773223,0.0299043100581182,0.928212858528038,0.353297165700002,0,0.0106865462034046,0.00663856300744501,0.0200406337839896,6,1333,"study_1_LOD_vs_CN; study_11_LOD_vs_CN; study_2_LOD_vs_CN; study_5_LOD_vs_CN; study_6_LOD_vs_CN; study_7_LOD_vs_CN",4,"study_1; study_11; study_6; study_7",0.489482966740855
"SEMA4B",-0.00741489838395799,-0.0219983487481616,0.00716855198024556,-0.927660377165624,0.353583767891486,0,-0.00718477312736803,-0.012880666282379,8.4129192772405e-05,9,1713,"study_1_LOD_vs_CN; study_10_LOD_vs_CN; study_11_LOD_vs_CN; study_2_LOD_vs_CN; study_3_Soma_LOD_vs_CN; study_4_LOD_vs_CN; study_5_LOD_vs_CN; study_6_LOD_vs_CN; study_7_LOD_vs_CN",5,"study_1; study_11; study_4; study_6; study_7",0.454692169746743
"DRAXIN",-0.0155446573754032,-0.0519863528246926,0.0208970380738861,-0.927173391103406,0.353836515933332,0.631523736646039,-0.0145407468924602,-0.034645152485666,0.00916709682677925,8,2072,"study_1_LOD_vs_CN; study_11_LOD_vs_CN; study_2_LOD_vs_CN; study_3_Olink_LOD_vs_CN; study_5_LOD_vs_CN; study_6_LOD_vs_CN; study_8_LOD_vs_CN; study_9_LOD_vs_CN",4,"study_1; study_11; study_6; study_8",0.489482966740855
"TNFSF12",-0.014312085630414,-0.040362287887836,0.0117381166270079,-0.926356960494348,0.354260503326144,0,-0.0135644194419422,-0.0276626020976589,0.00173957479939461,8,1270,"study_1_LOD_vs_CN; study_11_LOD_vs_CN; study_2_LOD_vs_CN; study_3_Olink_LOD_vs_CN; study_3_Soma_LOD_vs_CN; study_5_LOD_vs_CN; study_6_LOD_vs_CN; study_7_LOD_vs_CN",4,"study_1; study_11; study_6; study_7",0.489482966740855
"MFAP4",0.0153863965013586,-0.00648135136645835,0.0372541443691755,0.924670821407849,0.355137161614378,0.0588442921532461,0.0162667149012878,0.00901939642663615,0.023422778560246,8,1482,"study_1_LOD_vs_CN; study_11_LOD_vs_CN; study_2_LOD_vs_CN; study_3_Soma_LOD_vs_CN; study_4_LOD_vs_CN; study_5_LOD_vs_CN; study_6_LOD_vs_CN; study_7_LOD_vs_CN",5,"study_1; study_11; study_4; study_6; study_7",0.45592734103749
"SPPL2A",0.0416539128509795,-0.0421618789569094,0.125469704658868,0.922964830326324,0.356025533497135,0,NA,NA,NA,2,344,"study_11_LOD_vs_CN; study_2_LOD_vs_CN",2,"study_11; study_2",0.62569247076842
"C1S",0.0106103641405886,-0.00486536268476075,0.026086090965938,0.92106925973817,0.357014268235196,0.895499053848339,0.0113545483483648,-0.00205179952159235,0.0300139999184252,9,1732,"study_1_LOD_vs_CN; study_10_LOD_vs_CN; study_11_LOD_vs_CN; study_2_LOD_vs_CN; study_3_Soma_LOD_vs_CN; study_4_LOD_vs_CN; study_5_LOD_vs_CN; study_6_LOD_vs_CN; study_7_LOD_vs_CN",5,"study_1; study_11; study_4; study_6; study_7",0.457573287121442
"SERPINA4",-0.00100520317362773,-0.0433935337620013,0.0413831274147458,-0.916616640967686,0.359343561136867,0.740255006425609,-0.000185428372232607,-0.0157238261282915,0.0348958147626835,9,1732,"study_1_LOD_vs_CN; study_10_LOD_vs_CN; study_11_LOD_vs_CN; study_2_LOD_vs_CN; study_3_Soma_LOD_vs_CN; study_4_LOD_vs_CN; study_5_LOD_vs_CN; study_6_LOD_vs_CN; study_7_LOD_vs_CN",5,"study_1; study_11; study_4; study_6; study_7",0.459161479603633
"LIPA",0.021203657726931,-0.0132819551152655,0.0556892705691275,0.916418171166705,0.359447608220269,0.674686095767788,0.0202596599830761,-0.011660138170148,0.0478134604322855,7,1393,"study_1_LOD_vs_CN; study_11_LOD_vs_CN; study_2_LOD_vs_CN; study_4_LOD_vs_CN; study_5_LOD_vs_CN; study_6_LOD_vs_CN; study_7_LOD_vs_CN",5,"study_1; study_11; study_4; study_6; study_7",0.459161479603633
"UST",0.0364125572562195,-0.0367911545644701,0.109616269076909,0.916082326299972,0.359623716799919,0.0348539443212491,NA,NA,NA,4,583,"study_11_LOD_vs_CN; study_2_LOD_vs_CN; study_3_Soma_LOD_vs_CN; study_5_LOD_vs_CN",2,"study_11; study_2",0.630573092471091
"AVP",0.0206461569215574,-0.0183630929449093,0.0596554067880241,0.914353274789947,0.360531245410953,0.238804409773761,0.0189860447845621,-0.00800954378213487,0.0460806235448868,5,1098,"study_1_LOD_vs_CN; study_11_LOD_vs_CN; study_2_LOD_vs_CN; study_5_LOD_vs_CN; study_6_LOD_vs_CN",3,"study_1; study_11; study_6",0.574985175870917
"CRISP3",-0.0250999180510763,-0.0706346773385489,0.0204348412363963,-0.913580283872804,0.360937430241953,0.672131066997025,-0.025543308244478,-0.0493183453901901,0.00050052702591698,7,1413,"study_1_LOD_vs_CN; study_11_LOD_vs_CN; study_2_LOD_vs_CN; study_4_LOD_vs_CN; study_5_LOD_vs_CN; study_6_LOD_vs_CN; study_7_LOD_vs_CN",5,"study_1; study_11; study_4; study_6; study_7",0.4602999732273
"BGLAP",0.028385435398786,-0.0258083434511369,0.0825792142487088,0.910880419754243,0.362358383470742,0.73069172440227,0.0307583307274122,0.00138693891355316,0.0624771877104117,8,1295,"study_1_LOD_vs_CN; study_10_LOD_vs_CN; study_11_LOD_vs_CN; study_2_LOD_vs_CN; study_3_Soma_LOD_vs_CN; study_4_LOD_vs_CN; study_5_LOD_vs_CN; study_6_LOD_vs_CN",4,"study_1; study_11; study_4; study_6",0.499097396101211
"ENTPD4",-0.0245417038040508,-0.0781032250911721,0.0290198174830706,-0.910672414126511,0.362468003153102,0.492756904525847,-0.0229287536739749,-0.0331500329387637,-0.0145212081764352,5,906,"study_1_LOD_vs_CN; study_11_LOD_vs_CN; study_2_LOD_vs_CN; study_5_LOD_vs_CN; study_6_LOD_vs_CN",3,"study_1; study_11; study_6",0.575328357272741
"MANEA",0.0295962154619941,-0.0257940893944945,0.0849865203184827,0.910005356753882,0.362819684766594,0.617384455002624,0.0205631526134286,-0.0104107780146472,0.0450721153765992,4,690,"study_11_LOD_vs_CN; study_2_LOD_vs_CN; study_3_Soma_LOD_vs_CN; study_7_LOD_vs_CN",3,"study_11; study_2; study_7",0.575328357272741
"H1-3",-0.0524618876349331,-0.162077008001095,0.0571532327312285,-0.902980807134698,0.366536081314998,0.478295721189398,NA,NA,NA,2,616,"study_11_LOD_vs_CN; study_5_LOD_vs_CN",2,"study_11; study_5",0.641229408769747
"SV2A",-0.0308076161623581,-0.067680882171444,0.00606564984672784,-0.900922994944926,0.367629264040518,0.868006761518931,-0.030122030950706,-0.079619825055247,0.00835547195683873,6,1093,"study_1_LOD_vs_CN; study_11_LOD_vs_CN; study_2_LOD_vs_CN; study_3_Soma_LOD_vs_CN; study_5_LOD_vs_CN; study_6_LOD_vs_CN",3,"study_1; study_11; study_6",0.581294135448683
"GPM6A",-0.0306124585457476,-0.0917092319520652,0.03048431486057,-0.899363365108782,0.368459146058283,0.795876004928342,-0.057408702729037,-0.199116362582267,0.0269088305470525,4,554,"study_11_LOD_vs_CN; study_2_LOD_vs_CN; study_6_LOD_vs_CN; study_7_LOD_vs_CN",4,"study_11; study_2; study_6; study_7",0.505909423114507
"SORCS2",0.0108723809774665,-0.00931601887637161,0.0310607808313047,0.896152869097695,0.370171123654659,0.74410098112735,0.0111682745639948,-0.00948292461896407,0.0274570745380216,11,2611,"study_1_LOD_vs_CN; study_10_LOD_vs_CN; study_11_LOD_vs_CN; study_2_LOD_vs_CN; study_3_Olink_LOD_vs_CN; study_4_LOD_vs_CN; study_5_LOD_vs_CN; study_6_LOD_vs_CN; study_7_LOD_vs_CN; study_8_LOD_vs_CN; study_9_LOD_vs_CN",6,"study_1; study_11; study_4; study_6; study_7; study_8",0.461760980003689
"ITGB1",0.0384613043631279,0.00350000870163576,0.07342260002462,0.893530999567818,0.371572878861991,0.897778398999279,0.0379015671776772,-0.00671419757301457,0.0624108722716801,9,2107,"study_1_LOD_vs_CN; study_11_LOD_vs_CN; study_2_LOD_vs_CN; study_3_Olink_LOD_vs_CN; study_5_LOD_vs_CN; study_6_LOD_vs_CN; study_7_LOD_vs_CN; study_8_LOD_vs_CN; study_9_LOD_vs_CN",5,"study_1; study_11; study_6; study_7; study_8",0.473078714974952
"SORT1",0.0120923610678078,-0.0117989985887237,0.0359837207243392,0.892701127597182,0.372017246363725,0.51631385317565,0.0124027395305402,0.00424217345257048,0.0215836768841439,10,2381,"study_1_LOD_vs_CN; study_11_LOD_vs_CN; study_2_LOD_vs_CN; study_3_Olink_LOD_vs_CN; study_4_LOD_vs_CN; study_5_LOD_vs_CN; study_6_LOD_vs_CN; study_7_LOD_vs_CN; study_8_LOD_vs_CN; study_9_LOD_vs_CN",6,"study_1; study_11; study_4; study_6; study_7; study_8",0.461760980003689
"IL1R2",0.0332151884656449,-0.0361382898098594,0.102568666741149,0.892665880432398,0.372036127282483,0.657988609213221,0.0352084460366081,0.0144224283462151,0.067369754610532,7,1427,"study_11_LOD_vs_CN; study_2_LOD_vs_CN; study_3_Olink_LOD_vs_CN; study_3_Soma_LOD_vs_CN; study_6_LOD_vs_CN; study_8_LOD_vs_CN; study_9_LOD_vs_CN",4,"study_11; study_2; study_6; study_8",0.508000445155955
"EMILIN3",-0.00846961197717299,-0.033566254394084,0.016627030439738,-0.892170230259006,0.372301696107446,0.261348522882383,-0.00889689997034719,-0.0242902140294739,0.00747075835987131,7,1311,"study_1_LOD_vs_CN; study_11_LOD_vs_CN; study_2_LOD_vs_CN; study_3_Soma_LOD_vs_CN; study_5_LOD_vs_CN; study_6_LOD_vs_CN; study_7_LOD_vs_CN",4,"study_1; study_11; study_6; study_7",0.508000445155955
"ASTN2",-0.026178541179795,-0.0741455866026941,0.0217885042431042,-0.891904210311554,0.372444277746593,0.553541896385195,NA,NA,NA,3,532,"study_1_LOD_vs_CN; study_5_LOD_vs_CN; study_6_LOD_vs_CN",2,"study_1; study_6",0.647737356548112
"LYPD1",-0.0349337296583404,-0.115066624564914,0.0451991652482331,-0.891530956240565,0.372644391878884,0,NA,NA,NA,2,511,"study_11_LOD_vs_CN; study_2_LOD_vs_CN",2,"study_11; study_2",0.647737356548112
"SPTA1",-0.0622954522476842,-0.173502518587421,0.0489116140920521,-0.891266263036041,0.3727863432217,0.81454132394781,NA,NA,NA,3,909,"study_1_LOD_vs_CN; study_11_LOD_vs_CN; study_2_LOD_vs_CN",2,"study_1; study_11",0.647737356548112
"ECE1",0.00969476967691921,-0.097897404470219,0.117286943824057,0.890644759179891,0.373119778873351,0,0.00540664415882023,-0.0087717201266938,0.0278369846131536,5,786,"study_1_LOD_vs_CN; study_11_LOD_vs_CN; study_2_LOD_vs_CN; study_3_Olink_LOD_vs_CN; study_6_LOD_vs_CN",3,"study_1; study_11; study_6",0.588299651348608
"SELL",0.00335644267814668,-0.0307725009072374,0.0374853862635308,-0.890322477905722,0.373292754862795,0.722399487652084,0.00292014094371507,-0.0333586355510046,0.019822185787166,12,2640,"study_1_LOD_vs_CN; study_10_LOD_vs_CN; study_11_LOD_vs_CN; study_2_LOD_vs_CN; study_3_Olink_LOD_vs_CN; study_3_Soma_LOD_vs_CN; study_4_LOD_vs_CN; study_5_LOD_vs_CN; study_6_LOD_vs_CN; study_7_LOD_vs_CN; study_8_LOD_vs_CN; study_9_LOD_vs_CN",6,"study_1; study_11; study_4; study_6; study_7; study_8",0.461760980003689
"BCL2L11",-0.0127016292924323,-0.0360596136486416,0.010656355063777,-0.889149538818498,0.373922718104622,0.80690555600844,NA,NA,NA,3,929,"study_3_Olink_LOD_vs_CN; study_8_LOD_vs_CN; study_9_LOD_vs_CN",2,"study_3_Olink; study_8",0.648024709000166
"FCGBP",0.0317764840417049,-0.0192093288875556,0.0827622969709654,0.888593986448174,0.374221324116992,0.760639556821251,0.0334043749287136,-0.00257024596873105,0.0855852265157696,8,1705,"study_1_LOD_vs_CN; study_10_LOD_vs_CN; study_11_LOD_vs_CN; study_2_LOD_vs_CN; study_4_LOD_vs_CN; study_5_LOD_vs_CN; study_6_LOD_vs_CN; study_7_LOD_vs_CN",5,"study_1; study_11; study_4; study_6; study_7",0.475089099662555
"NSG1",-0.0146964906144925,-0.0386757764867787,0.00928279525779364,-0.88828492058397,0.374387508966851,0.702645796522258,-0.0156533125781584,-0.025620822819006,-0.00255949202391201,6,1306,"study_1_LOD_vs_CN; study_11_LOD_vs_CN; study_4_LOD_vs_CN; study_5_LOD_vs_CN; study_6_LOD_vs_CN; study_7_LOD_vs_CN",5,"study_1; study_11; study_4; study_6; study_7",0.475089099662555
"IL1RL2",-0.035486592387412,-0.113407497585593,0.0424343128107689,-0.887816836457607,0.374639284890721,0,NA,NA,NA,4,955,"study_3_Olink_LOD_vs_CN; study_3_Soma_LOD_vs_CN; study_8_LOD_vs_CN; study_9_LOD_vs_CN",2,"study_3_Soma; study_8",0.648024709000166
"TAFA5",-0.00868881383796893,-0.0271428819202885,0.00976525424435061,-0.884713494585519,0.3763111755938,0.215928422434263,-0.00839686878204397,-0.0182447327581929,0.00169870241384116,11,2466,"study_1_LOD_vs_CN; study_10_LOD_vs_CN; study_11_LOD_vs_CN; study_2_LOD_vs_CN; study_3_Olink_LOD_vs_CN; study_3_Soma_LOD_vs_CN; study_4_LOD_vs_CN; study_5_LOD_vs_CN; study_6_LOD_vs_CN; study_8_LOD_vs_CN; study_9_LOD_vs_CN",5,"study_1; study_11; study_4; study_6; study_8",0.476743482753924
"DNM1L",0.0398634092065877,-0.0373335372027102,0.117060355615886,0.88469965816856,0.37631864010396,0.65371195601356,NA,NA,NA,2,74,"study_3_Soma_LOD_vs_CN; study_7_LOD_vs_CN",2,"study_3_Soma; study_7",0.649466776628857
"PRSS23",-0.00745643995937164,-0.0307397851083289,0.0158269051895856,-0.883587934017255,0.376918694846543,0.481077302690799,-0.0063414650144649,-0.01795250332982,0.00388369625136375,5,1191,"study_1_LOD_vs_CN; study_11_LOD_vs_CN; study_4_LOD_vs_CN; study_5_LOD_vs_CN; study_6_LOD_vs_CN",4,"study_1; study_11; study_4; study_6",0.511482563376606
"GCHFR",0.0282998832039986,-0.0539763577081443,0.110576124116142,0.883335709411279,0.377054915528986,0,0.031730686111688,0.0273870197436736,0.0398074869868271,4,528,"study_11_LOD_vs_CN; study_2_LOD_vs_CN; study_3_Soma_LOD_vs_CN; study_7_LOD_vs_CN",3,"study_11; study_2; study_7",0.592820051327443
"FLRT2",-0.0228091119397432,-0.0590791435818268,0.0134609197023405,-0.883087131748003,0.377189196280008,0.388746649114624,-0.0227395600945943,-0.045307678149203,-4.3883284878341e-05,9,2026,"study_1_LOD_vs_CN; study_11_LOD_vs_CN; study_2_LOD_vs_CN; study_3_Olink_LOD_vs_CN; study_3_Soma_LOD_vs_CN; study_5_LOD_vs_CN; study_6_LOD_vs_CN; study_8_LOD_vs_CN; study_9_LOD_vs_CN",4,"study_1; study_11; study_6; study_8",0.511482563376606
"CAPZB",0.0374720579657237,-0.0311230702954248,0.106067186226872,0.88306529730452,0.377200992575564,0.69627581874082,NA,NA,NA,2,498,"study_11_LOD_vs_CN; study_2_LOD_vs_CN",2,"study_11; study_2",0.649529960309492
"NENF",-0.00675122984231579,-0.0202934319149086,0.00679097223027701,-0.881785435794476,0.377892849047956,0,-0.00642441918526786,-0.0128505775082986,0.00228293102704404,7,1444,"study_1_LOD_vs_CN; study_11_LOD_vs_CN; study_2_LOD_vs_CN; study_4_LOD_vs_CN; study_5_LOD_vs_CN; study_6_LOD_vs_CN; study_7_LOD_vs_CN",5,"study_1; study_11; study_4; study_6; study_7",0.47795986993072
"CLIC1",-0.0131770776168003,-0.0460361774833834,0.0196820222497827,-0.876234788124745,0.380902408134764,0.807100728903293,-0.01684539561128,-0.0662326331638125,0.0272475449898259,6,1176,"study_1_LOD_vs_CN; study_11_LOD_vs_CN; study_2_LOD_vs_CN; study_3_Soma_LOD_vs_CN; study_5_LOD_vs_CN; study_6_LOD_vs_CN",3,"study_1; study_11; study_6",0.597177504279079
"CALR",-0.00755335506279398,-0.0246024869070717,0.00949577678148371,-0.876143543752363,0.380952003443041,0.539491310536185,-0.00727192219590367,-0.0159354735853667,0.00281436338485889,11,2632,"study_1_LOD_vs_CN; study_10_LOD_vs_CN; study_11_LOD_vs_CN; study_2_LOD_vs_CN; study_3_Olink_LOD_vs_CN; study_4_LOD_vs_CN; study_5_LOD_vs_CN; study_6_LOD_vs_CN; study_7_LOD_vs_CN; study_8_LOD_vs_CN; study_9_LOD_vs_CN",6,"study_1; study_11; study_4; study_6; study_7; study_8",0.468527176648337
"ITM2B",-0.0106518464500707,-0.0369627332982775,0.0156590403981362,-0.87527881295528,0.381422219294355,0,-0.010196711715692,-0.0149827921996275,-0.003673966463845,9,1719,"study_1_LOD_vs_CN; study_10_LOD_vs_CN; study_11_LOD_vs_CN; study_2_LOD_vs_CN; study_3_Soma_LOD_vs_CN; study_4_LOD_vs_CN; study_5_LOD_vs_CN; study_6_LOD_vs_CN; study_7_LOD_vs_CN",5,"study_1; study_11; study_4; study_6; study_7",0.48163166935527
"BST2",-0.0287759724503981,-0.103456644734342,0.0459046998335456,-0.874896838457772,0.381630039464786,0,NA,NA,NA,3,517,"study_11_LOD_vs_CN; study_2_LOD_vs_CN; study_3_Olink_LOD_vs_CN",2,"study_11; study_2",0.654505661882259
"DKK4",-0.0356246745323353,-0.116871675834427,0.0456223267697562,-0.874593787195614,0.381794969431318,0,NA,NA,NA,4,956,"study_3_Olink_LOD_vs_CN; study_3_Soma_LOD_vs_CN; study_8_LOD_vs_CN; study_9_LOD_vs_CN",2,"study_3_Soma; study_8",0.654505661882259
"NPTN",-0.0170412850896458,-0.0427674131338011,0.00868484295450945,-0.872798754759315,0.382772778475618,0.788233625199303,-0.0139338471967758,-0.0402360176715277,0.0200024972053239,6,1176,"study_1_LOD_vs_CN; study_11_LOD_vs_CN; study_2_LOD_vs_CN; study_3_Soma_LOD_vs_CN; study_5_LOD_vs_CN; study_6_LOD_vs_CN",3,"study_1; study_11; study_6",0.598274454663748
"LEP",-0.0520350918905355,-0.242572077656915,0.138501893875844,-0.871167916722389,0.38366247502306,0.854467749340019,NA,NA,NA,3,375,"study_11_LOD_vs_CN; study_3_Olink_LOD_vs_CN; study_3_Soma_LOD_vs_CN",2,"study_11; study_3_Soma",0.654567365934644
"TMED3",-0.0174752807087965,-0.0628586376452089,0.0279080762276159,-0.870710803855087,0.383912077933141,0,NA,NA,NA,4,944,"study_1_LOD_vs_CN; study_11_LOD_vs_CN; study_2_LOD_vs_CN; study_5_LOD_vs_CN",2,"study_1; study_11",0.654567365934644
"SNX3",-0.0453780462899578,-0.193172316771385,0.10241622419147,-0.869333028155666,0.384665002636105,0.0776603150873785,NA,NA,NA,2,301,"study_11_LOD_vs_CN; study_3_Soma_LOD_vs_CN",2,"study_11; study_3_Soma",0.654567365934644
"CCL19",0.0496191845081794,-0.0328259394537089,0.132064308470068,0.868536742173577,0.385100567235373,0.874377991063026,0.0454724425025261,-0.0752734547374663,0.163254774083445,6,1696,"study_1_LOD_vs_CN; study_11_LOD_vs_CN; study_3_Olink_LOD_vs_CN; study_3_Soma_LOD_vs_CN; study_8_LOD_vs_CN; study_9_LOD_vs_CN",3,"study_1; study_11; study_8",0.598274454663748
"SERPINI2",0.0325950742180912,-0.0418179765226643,0.107008124958847,0.867853162850789,0.385474722219647,0,NA,NA,NA,2,587,"study_1_LOD_vs_CN; study_11_LOD_vs_CN",2,"study_1; study_11",0.654567365934644
"FAM177A1",-0.0264667730142529,-0.0928319164020521,0.0398983703735462,-0.867796044842514,0.385505995633036,0,-0.031714419884709,-0.0439808054405526,-0.0254475066592138,5,612,"study_11_LOD_vs_CN; study_2_LOD_vs_CN; study_3_Soma_LOD_vs_CN; study_5_LOD_vs_CN; study_6_LOD_vs_CN",3,"study_11; study_2; study_6",0.598274454663748
"C1RL",-0.0139619885164335,-0.0434429099310042,0.0155189328981372,-0.866888541724575,0.38600308226161,0.784919799100119,-0.0131054307732898,-0.0288727234300162,0.0270384952375623,9,1691,"study_1_LOD_vs_CN; study_10_LOD_vs_CN; study_11_LOD_vs_CN; study_2_LOD_vs_CN; study_3_Soma_LOD_vs_CN; study_4_LOD_vs_CN; study_5_LOD_vs_CN; study_6_LOD_vs_CN; study_7_LOD_vs_CN",5,"study_1; study_11; study_4; study_6; study_7",0.486617000424883
"FN3KRP",-0.0524121844707375,-0.163532966320092,0.0587085973786166,-0.866150299060381,0.386407744715562,0,NA,NA,NA,2,340,"study_11_LOD_vs_CN; study_2_LOD_vs_CN",2,"study_11; study_2",0.654567365934644
"PCDH18",0.0184578958662635,-0.0269309767921712,0.0638467685246983,0.865672716158879,0.386669666266764,0,0.0162053645579384,-0.000566189011416945,0.0348067029045509,4,879,"study_1_LOD_vs_CN; study_11_LOD_vs_CN; study_2_LOD_vs_CN; study_6_LOD_vs_CN",3,"study_1; study_11; study_6",0.598274454663748
"CCL4",-0.0379745354846034,-0.124345508175214,0.0483964372060068,-0.865171307784327,0.38694477100824,0,NA,NA,NA,3,929,"study_3_Olink_LOD_vs_CN; study_8_LOD_vs_CN; study_9_LOD_vs_CN",2,"study_3_Olink; study_8",0.654567365934644
"AHCY",0.0358022839089982,-0.0338535682770576,0.105458136095054,0.865085350712365,0.386991944548262,0.0679578187140099,0.0289962840234682,-0.0189975408606164,0.068136783832124,7,1068,"study_1_LOD_vs_CN; study_11_LOD_vs_CN; study_2_LOD_vs_CN; study_3_Olink_LOD_vs_CN; study_3_Soma_LOD_vs_CN; study_5_LOD_vs_CN; study_6_LOD_vs_CN",3,"study_1; study_11; study_6",0.598274454663748
"GLCE",0.0293343041859816,-0.0452213320685207,0.103889940440484,0.860269221879238,0.389640654759338,0,0.0101776771234647,-0.0468205817157658,0.0475743053579516,4,563,"study_11_LOD_vs_CN; study_2_LOD_vs_CN; study_3_Soma_LOD_vs_CN; study_6_LOD_vs_CN",3,"study_11; study_2; study_6",0.599667690164915
"PAPPA",0.0316540324035339,-0.0303904688962553,0.0936985337033231,0.859519222872486,0.39005411918835,0.729487884545342,0.0661662164882457,0.0165906812250253,0.145976316322982,6,1006,"study_2_LOD_vs_CN; study_3_Olink_LOD_vs_CN; study_3_Soma_LOD_vs_CN; study_6_LOD_vs_CN; study_8_LOD_vs_CN; study_9_LOD_vs_CN",3,"study_2; study_6; study_8",0.599667690164915
"CD200R1",0.0203834328725655,-0.0241164871692722,0.0648833529144031,0.858808925714791,0.390445942343436,0.425003309539463,NA,NA,NA,3,929,"study_3_Olink_LOD_vs_CN; study_8_LOD_vs_CN; study_9_LOD_vs_CN",2,"study_3_Olink; study_8",0.657611727478229
"CRABP1",-0.0150504385612661,-0.0652140884765322,0.0351132113540001,-0.857666143355161,0.39107684023809,0.310884842041186,-0.0185546985945489,-0.0609498702612488,0.00404712159517568,6,1210,"study_1_LOD_vs_CN; study_11_LOD_vs_CN; study_2_LOD_vs_CN; study_4_LOD_vs_CN; study_5_LOD_vs_CN; study_6_LOD_vs_CN",4,"study_1; study_11; study_4; study_6",0.52757308025262
"ALKAL2",0.069116616392453,-0.0885024208287358,0.226735653613642,0.8574048107236,0.391221201532423,0,NA,NA,NA,2,58,"study_3_Soma_LOD_vs_CN; study_6_LOD_vs_CN",2,"study_3_Soma; study_6",0.657611727478229
"P0DOX7",0.0598313583830294,-0.120557405491674,0.240220122257733,0.857238247878815,0.391313228460352,0.398398959345359,NA,NA,NA,2,193,"study_4_LOD_vs_CN; study_6_LOD_vs_CN",2,"study_4; study_6",0.657611727478229
"CCL18",-0.0139443787668593,-0.0789659382194723,0.0510771806857537,-0.856575043735497,0.391679782879603,0.673699947897469,-0.0171205779330059,-0.0345982011577674,0.00533310291946514,7,1673,"study_11_LOD_vs_CN; study_3_Olink_LOD_vs_CN; study_3_Soma_LOD_vs_CN; study_5_LOD_vs_CN; study_7_LOD_vs_CN; study_8_LOD_vs_CN; study_9_LOD_vs_CN",4,"study_11; study_5; study_7; study_8",0.52757308025262
"F2",-0.0143330221672659,-0.0599907712740645,0.0313247269395327,-0.854787953636998,0.392668548315877,0.601269732464759,-0.0144636820172003,-0.0467623787398487,0.0295519404553213,8,1547,"study_1_LOD_vs_CN; study_10_LOD_vs_CN; study_11_LOD_vs_CN; study_2_LOD_vs_CN; study_3_Soma_LOD_vs_CN; study_4_LOD_vs_CN; study_5_LOD_vs_CN; study_6_LOD_vs_CN",4,"study_1; study_11; study_4; study_6",0.52757308025262
"RAP2A",-0.0165811325478365,-0.108711591185254,0.0755493260895809,-0.852153385186531,0.394128965108974,0.717318802106356,NA,NA,NA,3,684,"study_1_LOD_vs_CN; study_11_LOD_vs_CN; study_2_LOD_vs_CN",2,"study_1; study_11",0.66089747861068
"LILRB5",-0.0409780771021385,-0.139160767081828,0.0572046128775504,-0.851347785709008,0.394576187416328,0,-0.0381604740211015,-0.0584040195731707,-0.0169235104814747,6,1281,"study_11_LOD_vs_CN; study_2_LOD_vs_CN; study_3_Olink_LOD_vs_CN; study_3_Soma_LOD_vs_CN; study_8_LOD_vs_CN; study_9_LOD_vs_CN",3,"study_11; study_2; study_8",0.604944154740503
"PTPRO",-0.0605902030790087,-0.178007866380165,0.0568274602221477,-0.849857984512676,0.39540404732899,0.644859254633095,NA,NA,NA,2,333,"study_11_LOD_vs_CN; study_2_LOD_vs_CN",2,"study_11; study_2",0.661591085726937
"CALY",-0.0200459662713083,-0.0515004583156216,0.0114085257730049,-0.848277392761189,0.396283504820567,0.785293580147776,-0.0189526444918578,-0.0505250974675944,0.0200665037374409,8,1432,"study_1_LOD_vs_CN; study_11_LOD_vs_CN; study_2_LOD_vs_CN; study_3_Soma_LOD_vs_CN; study_4_LOD_vs_CN; study_5_LOD_vs_CN; study_6_LOD_vs_CN; study_7_LOD_vs_CN",5,"study_1; study_11; study_4; study_6; study_7",0.497313730813856
"A4GALT",-0.0025334932627155,-0.0283911210333615,0.0233241345079304,-0.848228520091029,0.396310716885974,0.823229516279125,-0.00213519580026875,-0.0221739143002161,0.0313823318382921,8,1410,"study_1_LOD_vs_CN; study_11_LOD_vs_CN; study_2_LOD_vs_CN; study_3_Soma_LOD_vs_CN; study_4_LOD_vs_CN; study_5_LOD_vs_CN; study_6_LOD_vs_CN; study_7_LOD_vs_CN",5,"study_1; study_11; study_4; study_6; study_7",0.497313730813856
"SIRPB1",-0.0231182841551731,-0.0761058119233009,0.0298692436129548,-0.848017471702588,0.396428240557729,0.553110681312651,-0.0231206831795308,-0.0626057114494361,0.00767471111894101,9,1993,"study_1_LOD_vs_CN; study_11_LOD_vs_CN; study_2_LOD_vs_CN; study_3_Olink_LOD_vs_CN; study_3_Soma_LOD_vs_CN; study_6_LOD_vs_CN; study_7_LOD_vs_CN; study_8_LOD_vs_CN; study_9_LOD_vs_CN",5,"study_1; study_11; study_6; study_7; study_8",0.497313730813856
"S100A7",-0.0515934808506599,-0.162822564049727,0.0596356023484075,-0.84658160424987,0.397228371035692,0.210086511479929,-0.0565106438496942,-0.119852449664534,0.00750816098282226,6,1039,"study_1_LOD_vs_CN; study_11_LOD_vs_CN; study_2_LOD_vs_CN; study_5_LOD_vs_CN; study_6_LOD_vs_CN; study_7_LOD_vs_CN",4,"study_1; study_11; study_6; study_7",0.532067359368908
"PTGES3",0.0547586758758013,-0.053665846241249,0.163183197992852,0.845203489610293,0.397997234316342,0.588062265848198,NA,NA,NA,3,407,"study_11_LOD_vs_CN; study_2_LOD_vs_CN; study_3_Soma_LOD_vs_CN",2,"study_11; study_2",0.663600510828154
"IL1RN",-0.0571908280203198,-0.169609817907653,0.0552281618670131,-0.844601951468216,0.39833311912992,0.863238096659362,NA,NA,NA,4,944,"study_2_LOD_vs_CN; study_3_Olink_LOD_vs_CN; study_8_LOD_vs_CN; study_9_LOD_vs_CN",2,"study_2; study_8",0.663600510828154
"CTSF",-0.0182210171477783,-0.0500578110807306,0.013615776785174,-0.844474808197003,0.398404134808665,0.449652165731738,-0.0180238993194324,-0.0306813378282041,-0.000978143669299735,12,2637,"study_1_LOD_vs_CN; study_10_LOD_vs_CN; study_11_LOD_vs_CN; study_2_LOD_vs_CN; study_3_Olink_LOD_vs_CN; study_3_Soma_LOD_vs_CN; study_4_LOD_vs_CN; study_5_LOD_vs_CN; study_6_LOD_vs_CN; study_7_LOD_vs_CN; study_8_LOD_vs_CN; study_9_LOD_vs_CN",6,"study_1; study_11; study_4; study_6; study_7; study_8",0.487191341994596
"ADAMTSL4",-0.0159463362471134,-0.0605800731196716,0.0286874006254447,-0.840959817503975,0.400370445695611,0,-0.0190472703296219,-0.0483285335163305,0.0028790107343244,5,1035,"study_1_LOD_vs_CN; study_11_LOD_vs_CN; study_2_LOD_vs_CN; study_5_LOD_vs_CN; study_6_LOD_vs_CN",3,"study_1; study_11; study_6",0.609902268393095
"PTK7",0.031286896031438,0.00381523536098806,0.058758556701888,0.840511301224075,0.400621767820873,0.891080380019419,0.030254258993501,-0.0138986408430118,0.0495638832180778,9,2105,"study_1_LOD_vs_CN; study_11_LOD_vs_CN; study_2_LOD_vs_CN; study_3_Olink_LOD_vs_CN; study_3_Soma_LOD_vs_CN; study_5_LOD_vs_CN; study_6_LOD_vs_CN; study_8_LOD_vs_CN; study_9_LOD_vs_CN",4,"study_1; study_11; study_6; study_8",0.534054370535533
"ARPC4",0.0638470362181916,0.00199157912543253,0.125702493310951,0.84026307682695,0.400760898899021,0.945003475785439,0.059153563990889,0.00699951118419919,0.0925585726502328,4,987,"study_1_LOD_vs_CN; study_11_LOD_vs_CN; study_2_LOD_vs_CN; study_7_LOD_vs_CN",3,"study_1; study_11; study_7",0.609902268393095
"EPHA6",0.0102022692003083,-0.0217368331900601,0.0421413715906768,0.839646003952492,0.401106897231495,0,0.0117298824889199,-0.000444839171579265,0.0269460601111746,6,1112,"study_1_LOD_vs_CN; study_11_LOD_vs_CN; study_2_LOD_vs_CN; study_3_Soma_LOD_vs_CN; study_5_LOD_vs_CN; study_6_LOD_vs_CN",3,"study_1; study_11; study_6",0.609902268393095
"PON2",-0.031178849657875,-0.0874870638452265,0.0251293645294766,-0.8394407547561,0.401222022052178,0.393640830085277,-0.0319367106084187,-0.0841359066979241,0.0134323694622918,8,1655,"study_11_LOD_vs_CN; study_2_LOD_vs_CN; study_3_Olink_LOD_vs_CN; study_3_Soma_LOD_vs_CN; study_5_LOD_vs_CN; study_6_LOD_vs_CN; study_8_LOD_vs_CN; study_9_LOD_vs_CN",4,"study_11; study_2; study_6; study_8",0.534054370535533
"ITIH5",-0.00876027661495117,-0.0275627087975023,0.0100421555675999,-0.838833923541289,0.401562511315728,0,-0.00858666832685306,-0.0116819437811962,-0.00492355794792529,9,1731,"study_1_LOD_vs_CN; study_10_LOD_vs_CN; study_11_LOD_vs_CN; study_2_LOD_vs_CN; study_3_Soma_LOD_vs_CN; study_4_LOD_vs_CN; study_5_LOD_vs_CN; study_6_LOD_vs_CN; study_7_LOD_vs_CN",5,"study_1; study_11; study_4; study_6; study_7",0.502934155051784
"ATP6V1A",0.0476352150953178,-0.054467567409577,0.149737997600213,0.838744773714257,0.401612547341714,0,NA,NA,NA,2,435,"study_11_LOD_vs_CN; study_2_LOD_vs_CN",2,"study_11; study_2",0.667615663113498
"ATP1A1",0.00816153181310696,-0.0188222601782882,0.0351453238045021,0.837396502178374,0.402369731225401,0.543845049662994,0.00711384323157092,-0.0119707938686372,0.0200740811391726,6,1269,"study_1_LOD_vs_CN; study_11_LOD_vs_CN; study_2_LOD_vs_CN; study_5_LOD_vs_CN; study_6_LOD_vs_CN; study_7_LOD_vs_CN",4,"study_1; study_11; study_6; study_7",0.534054370535533
"PLOD1",-0.00890524280637419,-0.0311090299964563,0.0132985443837079,-0.834398975713336,0.404056194259369,0.68610895243197,-0.00918461052061403,-0.0226064860997368,0.00535332767226988,7,1442,"study_1_LOD_vs_CN; study_11_LOD_vs_CN; study_2_LOD_vs_CN; study_4_LOD_vs_CN; study_5_LOD_vs_CN; study_6_LOD_vs_CN; study_7_LOD_vs_CN",5,"study_1; study_11; study_4; study_6; study_7",0.505234493309683
"MMP2",0.0389278253539686,0.010180380102217,0.0676752706057201,0.834357171605838,0.404079743883565,0.928390474716634,0.0390048344931449,-0.000113606897427691,0.0678457813949509,11,2154,"study_1_LOD_vs_CN; study_10_LOD_vs_CN; study_11_LOD_vs_CN; study_2_LOD_vs_CN; study_3_Olink_LOD_vs_CN; study_3_Soma_LOD_vs_CN; study_4_LOD_vs_CN; study_5_LOD_vs_CN; study_6_LOD_vs_CN; study_7_LOD_vs_CN; study_9_LOD_vs_CN",6,"study_1; study_11; study_4; study_6; study_7; study_9",0.491324234040244
"TGFA",0.0208256066258275,-0.0231091011986892,0.0647603144503441,0.833568724711182,0.404524055695161,0,0.0198047617082431,-0.00573691040861529,0.0431291807215302,4,1394,"study_11_LOD_vs_CN; study_3_Olink_LOD_vs_CN; study_8_LOD_vs_CN; study_9_LOD_vs_CN",3,"study_11; study_3_Olink; study_8",0.611894975253885
"SDK2",0.0260428214963258,-0.0470631615711652,0.0991488045638169,0.832613291947414,0.405062860151441,0.509282250852001,0.0237117400330004,-0.0061649074556816,0.0419101472239383,4,781,"study_1_LOD_vs_CN; study_11_LOD_vs_CN; study_2_LOD_vs_CN; study_6_LOD_vs_CN",3,"study_1; study_11; study_6",0.611894975253885
"QSOX2",-0.00914110348809273,-0.0306154417975997,0.0123332348214142,-0.831669550406217,0.405595492442731,0,-0.00909928039108646,-0.0118576173161224,-0.00602790911416376,9,1647,"study_1_LOD_vs_CN; study_10_LOD_vs_CN; study_11_LOD_vs_CN; study_2_LOD_vs_CN; study_3_Soma_LOD_vs_CN; study_4_LOD_vs_CN; study_5_LOD_vs_CN; study_6_LOD_vs_CN; study_7_LOD_vs_CN",5,"study_1; study_11; study_4; study_6; study_7",0.506335931312435
"TMEM106B",-0.0373603430798191,-0.117753620933631,0.0430329347739926,-0.831440272018729,0.405724956564738,0.379238021957334,-0.00641437837404875,-0.0517614339750554,0.0702948239871644,3,477,"study_11_LOD_vs_CN; study_3_Soma_LOD_vs_CN; study_6_LOD_vs_CN",3,"study_11; study_3_Soma; study_6",0.611894975253885
"CR2",0.0468139836224112,-0.0547137992552451,0.148341766500068,0.830789360175122,0.406092634338303,0.086838130596639,NA,NA,NA,4,956,"study_3_Olink_LOD_vs_CN; study_3_Soma_LOD_vs_CN; study_8_LOD_vs_CN; study_9_LOD_vs_CN",2,"study_3_Soma; study_8",0.671600878385971
"LRRTM1",-0.0513884947199342,-0.169555151632909,0.0667781621930402,-0.830555476719498,0.40622479565223,0,NA,NA,NA,3,522,"study_11_LOD_vs_CN; study_2_LOD_vs_CN; study_3_Soma_LOD_vs_CN",2,"study_11; study_2",0.671600878385971
"CXCL8",0.0346797054426358,-0.0478301757641792,0.117189586649451,0.829832762712267,0.406633344335256,0,NA,NA,NA,4,956,"study_3_Olink_LOD_vs_CN; study_3_Soma_LOD_vs_CN; study_8_LOD_vs_CN; study_9_LOD_vs_CN",2,"study_3_Soma; study_8",0.671600878385971
"GSTM3",0.0835080116040683,-0.156926175884865,0.323942199093001,0.829343336908103,0.406910154889854,0,0.0971534456823539,0.0694209702890087,0.131995460506164,4,550,"study_11_LOD_vs_CN; study_2_LOD_vs_CN; study_3_Soma_LOD_vs_CN; study_6_LOD_vs_CN",3,"study_11; study_2; study_6",0.612019338655471
"F13A1",-0.0205101950672255,-0.060354780862168,0.0193343907277171,-0.827155251066802,0.408149071448657,0.629044749187213,-0.0227823906662233,-0.059953020020645,0.00369743490511721,7,1279,"study_1_LOD_vs_CN; study_11_LOD_vs_CN; study_2_LOD_vs_CN; study_3_Soma_LOD_vs_CN; study_4_LOD_vs_CN; study_5_LOD_vs_CN; study_6_LOD_vs_CN",4,"study_1; study_11; study_4; study_6",0.539233658834378
"KRT16",-0.0266070409670917,-0.134293088918357,0.0810790069841736,-0.826123234329886,0.408734188888159,0,-0.0261601754136055,-0.0376937747823084,-0.0184122816592406,7,1177,"study_1_LOD_vs_CN; study_11_LOD_vs_CN; study_2_LOD_vs_CN; study_3_Soma_LOD_vs_CN; study_5_LOD_vs_CN; study_6_LOD_vs_CN; study_7_LOD_vs_CN",4,"study_1; study_11; study_6; study_7",0.539233658834378
"AMIGO2",-0.0149080055918832,-0.0536344399078641,0.0238184287240976,-0.825667777592161,0.408992575687862,0,-0.0154534588262256,-0.025534033335374,-0.00906753637237045,7,1768,"study_1_LOD_vs_CN; study_11_LOD_vs_CN; study_2_LOD_vs_CN; study_3_Olink_LOD_vs_CN; study_3_Soma_LOD_vs_CN; study_8_LOD_vs_CN; study_9_LOD_vs_CN",3,"study_1; study_11; study_8",0.613488863531792
"PROS1",-0.00446669245938697,-0.0230066831184978,0.0140732981997239,-0.825473029762048,0.409103088442834,0.914131894315936,-0.00449286259416068,-0.0329311125248705,0.033984752548952,9,1732,"study_1_LOD_vs_CN; study_10_LOD_vs_CN; study_11_LOD_vs_CN; study_2_LOD_vs_CN; study_3_Soma_LOD_vs_CN; study_4_LOD_vs_CN; study_5_LOD_vs_CN; study_6_LOD_vs_CN; study_7_LOD_vs_CN",5,"study_1; study_11; study_4; study_6; study_7",0.509886993537341
"PON3",-0.0211876353467564,-0.0647336481514315,0.0223583774579186,-0.823609067657057,0.41016172203929,0.109804617557902,-0.0223524394593501,-0.0418808354672634,-0.0101650273202131,9,2193,"study_1_LOD_vs_CN; study_11_LOD_vs_CN; study_2_LOD_vs_CN; study_3_Olink_LOD_vs_CN; study_4_LOD_vs_CN; study_6_LOD_vs_CN; study_7_LOD_vs_CN; study_8_LOD_vs_CN; study_9_LOD_vs_CN",6,"study_1; study_11; study_4; study_6; study_7; study_8",0.495901743030554
"KIR3DL3",0.0291134381633751,-0.0396221244330078,0.097849000759758,0.822172786292656,0.410978564743146,0,NA,NA,NA,2,424,"study_11_LOD_vs_CN; study_3_Soma_LOD_vs_CN",2,"study_11; study_3_Soma",0.677320896400722
"PTGFRN",-0.0226681220326389,-0.0969670388833976,0.0516307948181198,-0.820354199369936,0.412014217098924,0.380240737633216,-0.0160707312982198,-0.0289190753224207,-7.8868930107466e-05,4,583,"study_11_LOD_vs_CN; study_2_LOD_vs_CN; study_3_Soma_LOD_vs_CN; study_6_LOD_vs_CN",3,"study_11; study_2; study_6",0.616355499972784
"CD8A",-0.138305148682408,-0.326802242611781,0.0501919452469652,-0.819125790198274,0.412714648934005,0.910368651014509,NA,NA,NA,5,417,"study_1_LOD_vs_CN; study_2_LOD_vs_CN; study_3_Olink_LOD_vs_CN; study_3_Soma_LOD_vs_CN; study_6_LOD_vs_CN",2,"study_1; study_6",0.678725589681618
"KRT1",-0.0662819898963519,-0.205687381140415,0.0731234013477115,-0.818700997366597,0.412957027461377,0,-0.0712579435727181,-0.117389693449379,-0.0280627880269478,8,1547,"study_1_LOD_vs_CN; study_10_LOD_vs_CN; study_11_LOD_vs_CN; study_2_LOD_vs_CN; study_3_Soma_LOD_vs_CN; study_4_LOD_vs_CN; study_5_LOD_vs_CN; study_6_LOD_vs_CN",4,"study_1; study_11; study_4; study_6",0.543168702787037
"PDPN",0.0393826912473197,-0.0410373238882035,0.119802706382843,0.817416402517612,0.413690505210074,0.495462244127666,NA,NA,NA,2,514,"study_11_LOD_vs_CN; study_2_LOD_vs_CN",2,"study_11; study_2",0.678876726498583
"DKK3",-0.0096818067854915,-0.0278257084995381,0.00846209492855506,-0.816748528337011,0.414072152389188,0.806912150385445,-0.00898913532963986,-0.0164084041890495,0.00296418624081688,12,2660,"study_1_LOD_vs_CN; study_10_LOD_vs_CN; study_11_LOD_vs_CN; study_2_LOD_vs_CN; study_3_Olink_LOD_vs_CN; study_3_Soma_LOD_vs_CN; study_4_LOD_vs_CN; study_5_LOD_vs_CN; study_6_LOD_vs_CN; study_7_LOD_vs_CN; study_8_LOD_vs_CN; study_9_LOD_vs_CN",6,"study_1; study_11; study_4; study_6; study_7; study_8",0.495984996727312
"DNAJB11",0.0197282642244954,-0.0306184897177556,0.0700750181667465,0.81595891052393,0.414523636864948,0.399335368684235,0.00221044358125981,-0.0484746796839457,0.037118454875633,5,742,"study_11_LOD_vs_CN; study_2_LOD_vs_CN; study_3_Soma_LOD_vs_CN; study_5_LOD_vs_CN; study_6_LOD_vs_CN",3,"study_11; study_2; study_6",0.618442522742059
"COL4A1",-0.0413733008843249,-0.0808169590709605,-0.00192964269768927,-0.815360556324502,0.41486595520649,0.848507582181704,-0.0401034476297774,-0.0700832753641804,0.0218710922783314,10,2234,"study_1_LOD_vs_CN; study_11_LOD_vs_CN; study_2_LOD_vs_CN; study_3_Olink_LOD_vs_CN; study_4_LOD_vs_CN; study_5_LOD_vs_CN; study_6_LOD_vs_CN; study_7_LOD_vs_CN; study_8_LOD_vs_CN; study_9_LOD_vs_CN",6,"study_1; study_11; study_4; study_6; study_7; study_8",0.495984996727312
"IL18R1",0.0472374033765888,-0.0533466237271149,0.147821430480292,0.815114368169204,0.415006847917949,0.294818354077887,NA,NA,NA,4,956,"study_3_Olink_LOD_vs_CN; study_3_Soma_LOD_vs_CN; study_8_LOD_vs_CN; study_9_LOD_vs_CN",2,"study_3_Soma; study_8",0.679584774415745
"NPW",0.138560381235391,-0.0679622607411048,0.345083023211886,0.811684841976904,0.416972494298429,0.829270645413462,0.0963319642802776,-0.0777815644584596,0.191927420345936,4,180,"study_2_LOD_vs_CN; study_3_Soma_LOD_vs_CN; study_6_LOD_vs_CN; study_7_LOD_vs_CN",3,"study_2; study_6; study_7",0.62042824218667
"FGB",-0.00561392773924958,-0.0637669692522192,0.05253911377372,-0.810503768999932,0.417650699736525,0.513252534723206,-0.0050824407955825,-0.0231052173359196,0.0267966118512659,9,1732,"study_1_LOD_vs_CN; study_10_LOD_vs_CN; study_11_LOD_vs_CN; study_2_LOD_vs_CN; study_3_Soma_LOD_vs_CN; study_4_LOD_vs_CN; study_5_LOD_vs_CN; study_6_LOD_vs_CN; study_7_LOD_vs_CN",5,"study_1; study_11; study_4; study_6; study_7",0.518895872752205
"APOF",-0.0138600574806258,-0.0641387546525288,0.0364186396912772,-0.810451353853986,0.417680813047614,0.755626377684592,-0.014389210275055,-0.05680033944269,0.034910100707743,8,1425,"study_1_LOD_vs_CN; study_11_LOD_vs_CN; study_2_LOD_vs_CN; study_3_Soma_LOD_vs_CN; study_4_LOD_vs_CN; study_5_LOD_vs_CN; study_6_LOD_vs_CN; study_7_LOD_vs_CN",5,"study_1; study_11; study_4; study_6; study_7",0.518895872752205
"DPP3",0.00975105037530216,-0.019059587696096,0.0385616884467003,0.810100043644406,0.417882679209468,0,0.00921071252034759,0.00534254625136686,0.0180178348604343,6,1249,"study_1_LOD_vs_CN; study_11_LOD_vs_CN; study_2_LOD_vs_CN; study_4_LOD_vs_CN; study_5_LOD_vs_CN; study_6_LOD_vs_CN",4,"study_1; study_11; study_4; study_6",0.547426253832871
"CALCA",-0.0126438606598528,-0.0602746632002931,0.0349869418805876,-0.80868980127771,0.418693595968063,0.202627960109905,-0.0131931912068447,-0.0322511467455377,0.00136291693235271,8,2147,"study_1_LOD_vs_CN; study_11_LOD_vs_CN; study_2_LOD_vs_CN; study_3_Olink_LOD_vs_CN; study_5_LOD_vs_CN; study_7_LOD_vs_CN; study_8_LOD_vs_CN; study_9_LOD_vs_CN",4,"study_1; study_11; study_7; study_8",0.547426253832871
"POMK",-0.0350146656185184,-0.111049127539759,0.0410197963027223,-0.808202192562505,0.418974195766708,0,-0.0241429929478326,-0.0381417163514959,0.00180963241341507,4,505,"study_11_LOD_vs_CN; study_2_LOD_vs_CN; study_3_Soma_LOD_vs_CN; study_6_LOD_vs_CN",3,"study_11; study_2; study_6",0.62173978248803
"SCUBE3",0.030566224456493,-0.0833620147295474,0.144494463642533,0.807880869153575,0.41915916531514,0.402382437415851,NA,NA,NA,3,445,"study_11_LOD_vs_CN; study_2_LOD_vs_CN; study_3_Soma_LOD_vs_CN",2,"study_11; study_2",0.684923912685165
"CELSR3",0.0283363105371288,-0.0523001358915539,0.108972756965812,0.805341505010359,0.42062263697495,0,0.029203470191857,0.0259259029482043,0.0312645264683502,3,586,"study_11_LOD_vs_CN; study_2_LOD_vs_CN; study_6_LOD_vs_CN",3,"study_11; study_2; study_6",0.622521502722926
"KRT5",-0.060742570403006,-0.177240239593083,0.0557550987870708,-0.80530954292444,0.420641076278202,0.190615846151177,-0.0628196130940669,-0.10508393329947,-0.0101554159940082,7,1351,"study_1_LOD_vs_CN; study_11_LOD_vs_CN; study_2_LOD_vs_CN; study_4_LOD_vs_CN; study_5_LOD_vs_CN; study_6_LOD_vs_CN; study_7_LOD_vs_CN",5,"study_1; study_11; study_4; study_6; study_7",0.521730625254738
"FCER2",-0.0646813073070903,-0.222780962440996,0.0934183478268155,-0.803425336739734,0.42172893546487,0,NA,NA,NA,4,956,"study_3_Olink_LOD_vs_CN; study_3_Soma_LOD_vs_CN; study_8_LOD_vs_CN; study_9_LOD_vs_CN",2,"study_3_Soma; study_8",0.68765992024845
"C6orf120",0.0261415562566084,-0.0469567027861562,0.099239815299373,0.802954028304008,0.422001306311282,0,0.0272306959913853,0.0254954729121698,0.030057024166527,3,592,"study_11_LOD_vs_CN; study_2_LOD_vs_CN; study_6_LOD_vs_CN",3,"study_11; study_2; study_6",0.622842284259905
"AOC3",-0.00621820386476982,-0.037546572692233,0.0251101649626933,-0.802214418240212,0.422428937462594,0.588493552122048,-0.00632576228311489,-0.0207927813145317,0.00864968638015348,10,2165,"study_1_LOD_vs_CN; study_11_LOD_vs_CN; study_2_LOD_vs_CN; study_3_Olink_LOD_vs_CN; study_3_Soma_LOD_vs_CN; study_5_LOD_vs_CN; study_6_LOD_vs_CN; study_7_LOD_vs_CN; study_8_LOD_vs_CN; study_9_LOD_vs_CN",5,"study_1; study_11; study_6; study_7; study_8",0.523104433025338
"CHST3",0.0220927034458521,-0.00713491767734941,0.0513203245690536,0.801082549426837,0.423083857956728,0.937398790377436,0.0271580838286877,-0.00464917420197311,0.0533924032767828,5,1115,"study_1_LOD_vs_CN; study_11_LOD_vs_CN; study_2_LOD_vs_CN; study_5_LOD_vs_CN; study_6_LOD_vs_CN",3,"study_1; study_11; study_6",0.622842284259905
"LGI1",0.0102502843806256,-0.0181313235996423,0.0386318923608934,0.800854619614335,0.423215814288975,0.825434667455226,0.00829816611286044,-0.0306654280845669,0.0410516845583553,6,1216,"study_1_LOD_vs_CN; study_11_LOD_vs_CN; study_2_LOD_vs_CN; study_4_LOD_vs_CN; study_5_LOD_vs_CN; study_6_LOD_vs_CN",4,"study_1; study_11; study_4; study_6",0.550450606394864
"TNFRSF4",0.0380568232482057,-0.0416838828697753,0.117797529366187,0.79976044716512,0.423849603331015,0.670797032649608,NA,NA,NA,3,929,"study_3_Olink_LOD_vs_CN; study_8_LOD_vs_CN; study_9_LOD_vs_CN",2,"study_3_Olink; study_8",0.689095012592011
"FAM20A",-0.00995670824521148,-0.0495581438036954,0.0296447273132724,-0.799233853066179,0.424154825775727,0,-0.00756065871228306,-0.0213903866161978,0.0118558320259445,6,1102,"study_1_LOD_vs_CN; study_11_LOD_vs_CN; study_2_LOD_vs_CN; study_3_Soma_LOD_vs_CN; study_6_LOD_vs_CN; study_7_LOD_vs_CN",4,"study_1; study_11; study_6; study_7",0.550450606394864
"STIP1",0.022390978044914,-0.0606151845977084,0.105397140687536,0.798161196964076,0.424776951966813,0,0.0234762719723605,0.018701541324754,0.0308284089369767,7,921,"study_1_LOD_vs_CN; study_11_LOD_vs_CN; study_2_LOD_vs_CN; study_3_Olink_LOD_vs_CN; study_5_LOD_vs_CN; study_6_LOD_vs_CN; study_7_LOD_vs_CN",4,"study_1; study_11; study_6; study_7",0.550450606394864
"TIMP2",-0.0103242300319754,-0.0335404886097986,0.0128920285458478,-0.796923971393333,0.425495187995787,0.469751103366795,-0.0110861617883704,-0.0287358871663925,-0.000380899534808402,9,1724,"study_1_LOD_vs_CN; study_10_LOD_vs_CN; study_11_LOD_vs_CN; study_2_LOD_vs_CN; study_3_Soma_LOD_vs_CN; study_4_LOD_vs_CN; study_5_LOD_vs_CN; study_6_LOD_vs_CN; study_7_LOD_vs_CN",5,"study_1; study_11; study_4; study_6; study_7",0.525715552872294
"GGT7",0.00270628157407531,-0.0193859919776989,0.0247985551258495,0.796218928114949,0.425904797710584,0.838786946826209,0.00309744295115431,-0.0266175855066409,0.0300068032779498,7,1404,"study_1_LOD_vs_CN; study_11_LOD_vs_CN; study_2_LOD_vs_CN; study_4_LOD_vs_CN; study_5_LOD_vs_CN; study_6_LOD_vs_CN; study_7_LOD_vs_CN",5,"study_1; study_11; study_4; study_6; study_7",0.525715552872294
"SLIT2",-0.0143626188650621,-0.0592868621213373,0.030561624391213,-0.795431362066531,0.426362622724439,0,NA,NA,NA,4,831,"study_1_LOD_vs_CN; study_11_LOD_vs_CN; study_2_LOD_vs_CN; study_3_Soma_LOD_vs_CN",2,"study_1; study_11",0.689095012592011
"LAMTOR2",0.103976938867571,-0.499103123248803,0.707057000983945,0.794830021744678,0.426712384844625,0,NA,NA,NA,2,110,"study_3_Soma_LOD_vs_CN; study_6_LOD_vs_CN",2,"study_3_Soma; study_6",0.689095012592011
"CD164",-0.00423215306697861,-0.0290149750613994,0.0205506689274422,-0.794367062734435,0.426981773119999,0,NA,NA,NA,4,1260,"study_1_LOD_vs_CN; study_3_Olink_LOD_vs_CN; study_8_LOD_vs_CN; study_9_LOD_vs_CN",2,"study_1; study_8",0.689095012592011
"ERLIN2",-0.0361577343114723,-0.12870914015144,0.0563936715284951,-0.794171931727575,0.42709534634609,0,NA,NA,NA,2,525,"study_11_LOD_vs_CN; study_2_LOD_vs_CN",2,"study_11; study_2",0.689095012592011
"DNASE2",-0.0103264129618769,-0.0404239598646533,0.0197711339408995,-0.792895105266676,0.427838939352367,0,-0.0104054542099837,-0.019057193173343,0.000683962560229547,7,1433,"study_1_LOD_vs_CN; study_11_LOD_vs_CN; study_2_LOD_vs_CN; study_4_LOD_vs_CN; study_5_LOD_vs_CN; study_6_LOD_vs_CN; study_7_LOD_vs_CN",5,"study_1; study_11; study_4; study_6; study_7",0.527256641605722
"TNN",-0.0556912161958467,-0.182612379146486,0.0712299467547922,-0.791363090023955,0.428732142154427,0,NA,NA,NA,2,411,"study_11_LOD_vs_CN; study_2_LOD_vs_CN",2,"study_11; study_2",0.689456866091697
"CDC42",0.0485239715876813,-0.0828128836388398,0.179860826814202,0.790706845093678,0.42911508071853,0,NA,NA,NA,3,356,"study_11_LOD_vs_CN; study_2_LOD_vs_CN; study_3_Soma_LOD_vs_CN",2,"study_11; study_2",0.689456866091697
"PRG4",0.0229107349815167,-0.0254411525741691,0.0712626225372024,0.790128940631199,0.429452469859326,0.476914491731884,0.0219950225091007,-0.0175413000506454,0.0598182113607728,8,1688,"study_1_LOD_vs_CN; study_10_LOD_vs_CN; study_11_LOD_vs_CN; study_2_LOD_vs_CN; study_4_LOD_vs_CN; study_5_LOD_vs_CN; study_6_LOD_vs_CN; study_7_LOD_vs_CN",5,"study_1; study_11; study_4; study_6; study_7",0.528398318914915
"GAS6",0.0086820536578584,-0.0168683333908657,0.0342324407065825,-0.78948676080537,0.42982756465683,0.866716328719246,0.00873184832536892,-0.00709195833483602,0.0205591661874665,11,2409,"study_1_LOD_vs_CN; study_11_LOD_vs_CN; study_2_LOD_vs_CN; study_3_Olink_LOD_vs_CN; study_3_Soma_LOD_vs_CN; study_4_LOD_vs_CN; study_5_LOD_vs_CN; study_6_LOD_vs_CN; study_7_LOD_vs_CN; study_8_LOD_vs_CN; study_9_LOD_vs_CN",6,"study_1; study_11; study_4; study_6; study_7; study_8",0.511017215758676
"PDIA4",0.0100630682318955,-0.00433371898079929,0.0244598554445902,0.788221610102848,0.430567090838222,0.654844860463829,0.0112629983951522,0.00473426137304175,0.0292509364607746,8,1345,"study_1_LOD_vs_CN; study_11_LOD_vs_CN; study_2_LOD_vs_CN; study_3_Soma_LOD_vs_CN; study_4_LOD_vs_CN; study_5_LOD_vs_CN; study_6_LOD_vs_CN; study_7_LOD_vs_CN",5,"study_1; study_11; study_4; study_6; study_7",0.528923471013727
"NOTCH1",0.00659639276459058,-0.0248512108669525,0.0380439963961337,-0.786577333641732,0.431529332248644,0.677234418183697,0.00581343801897176,-0.0255165271815829,0.020701554307516,10,2190,"study_1_LOD_vs_CN; study_11_LOD_vs_CN; study_2_LOD_vs_CN; study_3_Olink_LOD_vs_CN; study_3_Soma_LOD_vs_CN; study_4_LOD_vs_CN; study_5_LOD_vs_CN; study_6_LOD_vs_CN; study_8_LOD_vs_CN; study_9_LOD_vs_CN",5,"study_1; study_11; study_4; study_6; study_8",0.529260058212452
"APOB",0.028424739583667,-0.0319931559781509,0.0888426351454848,0.783368481183055,0.433410759441022,0.474854202269787,0.0264556510355577,-0.0313409941485364,0.0704020903372717,9,1679,"study_1_LOD_vs_CN; study_10_LOD_vs_CN; study_11_LOD_vs_CN; study_2_LOD_vs_CN; study_3_Soma_LOD_vs_CN; study_4_LOD_vs_CN; study_5_LOD_vs_CN; study_6_LOD_vs_CN; study_7_LOD_vs_CN",5,"study_1; study_11; study_4; study_6; study_7",0.530721136958831
"ST6GAL1",0.0190074492878746,-0.024678811718216,0.0626937102939653,0.781695243333418,0.434393697793798,0,0.0186772887864674,0.00803217824839268,0.024925502782254,8,1840,"study_1_LOD_vs_CN; study_11_LOD_vs_CN; study_2_LOD_vs_CN; study_3_Olink_LOD_vs_CN; study_5_LOD_vs_CN; study_6_LOD_vs_CN; study_8_LOD_vs_CN; study_9_LOD_vs_CN",4,"study_1; study_11; study_6; study_8",0.56125203431765
"JAM3",-0.00643325456689129,-0.0259501416803087,0.0130836325465261,-0.779949359432926,0.435420683307357,0.822748247411464,-0.00582583938829489,-0.026177290628891,0.0150857009029286,8,1428,"study_1_LOD_vs_CN; study_11_LOD_vs_CN; study_2_LOD_vs_CN; study_3_Soma_LOD_vs_CN; study_4_LOD_vs_CN; study_5_LOD_vs_CN; study_6_LOD_vs_CN; study_7_LOD_vs_CN",5,"study_1; study_11; study_4; study_6; study_7",0.532334666873383
"AHSP",0.0747414649469565,-0.0989200407711042,0.248402970665017,0.77840745901185,0.436328842863696,0.462585187719782,NA,NA,NA,3,454,"study_11_LOD_vs_CN; study_2_LOD_vs_CN; study_3_Soma_LOD_vs_CN",2,"study_11; study_2",0.69614159588546
"CD244",0.0295085073343286,-0.0454569896365855,0.104474004305243,0.777594680614611,0.436807997943506,0,NA,NA,NA,3,929,"study_3_Olink_LOD_vs_CN; study_8_LOD_vs_CN; study_9_LOD_vs_CN",2,"study_3_Olink; study_8",0.69614159588546
"H2BC21",-0.0781905813982716,-0.236894023277998,0.0805128604814551,-0.777403089512544,0.436920990259113,0.263201227137689,NA,NA,NA,3,228,"study_3_Soma_LOD_vs_CN; study_5_LOD_vs_CN; study_7_LOD_vs_CN",2,"study_5; study_7",0.69614159588546
"SCGB3A2",-0.0105493340670397,-0.154872774179944,0.133774106045864,0.776960399921727,0.437182134196218,0.343505618637581,-0.134624689325111,-0.43418393117495,0.0372275807681013,4,966,"study_3_Olink_LOD_vs_CN; study_6_LOD_vs_CN; study_8_LOD_vs_CN; study_9_LOD_vs_CN",3,"study_3_Olink; study_6; study_8",0.641894403383336
"TNXB",-0.0162546595296981,-0.040322322805321,0.00781300374592479,-0.776639437795218,0.437371526911684,0.787845883080872,-0.0168998679311174,-0.0355180685391756,-0.00286894778650424,12,2633,"study_1_LOD_vs_CN; study_10_LOD_vs_CN; study_11_LOD_vs_CN; study_2_LOD_vs_CN; study_3_Olink_LOD_vs_CN; study_3_Soma_LOD_vs_CN; study_4_LOD_vs_CN; study_5_LOD_vs_CN; study_6_LOD_vs_CN; study_7_LOD_vs_CN; study_8_LOD_vs_CN; study_9_LOD_vs_CN",6,"study_1; study_11; study_4; study_6; study_7; study_8",0.517113297011604
"DNAJA4",0.0439582898719141,-0.0633462630886002,0.151262842832429,0.774132142221895,0.438852651554006,0.233853882699265,NA,NA,NA,2,294,"study_11_LOD_vs_CN; study_3_Soma_LOD_vs_CN",2,"study_11; study_3_Soma",0.69614159588546
"GPC6",-0.00603708582632593,-0.0504760169960392,0.0384018453433873,-0.773865697521626,0.439010216574338,0.219371176785267,-0.00773313526735,-0.0345897244254161,0.0152256744009682,6,1078,"study_1_LOD_vs_CN; study_11_LOD_vs_CN; study_2_LOD_vs_CN; study_3_Soma_LOD_vs_CN; study_5_LOD_vs_CN; study_6_LOD_vs_CN",3,"study_1; study_11; study_6",0.642877757780363
"IGKJ1",-0.0197093141843199,-0.0920395871302206,0.0526209587615809,-0.77372697685274,0.439092263438336,0.69564396374398,-0.0192726212702351,-0.0477625165864317,0.0243111072894969,4,1058,"study_1_LOD_vs_CN; study_11_LOD_vs_CN; study_4_LOD_vs_CN; study_6_LOD_vs_CN",4,"study_1; study_11; study_4; study_6",0.565654151135268
"TREML1",-0.0169762403217276,-0.0596774712020383,0.0257249905585831,-0.773498552701009,0.439227384956335,0.597433758918242,NA,NA,NA,2,715,"study_1_LOD_vs_CN; study_11_LOD_vs_CN",2,"study_1; study_11",0.69614159588546
"MYL12A",0.0333817474685763,-0.0711957173048744,0.137959212242027,0.773086606997303,0.439471126761879,0,NA,NA,NA,2,397,"study_11_LOD_vs_CN; study_3_Soma_LOD_vs_CN",2,"study_11; study_3_Soma",0.69614159588546
"MXRA5",-0.0218077710709705,-0.0908389126269437,0.0472233704850027,-0.77283393154333,0.439620669276625,0.463944424331447,NA,NA,NA,3,700,"study_1_LOD_vs_CN; study_11_LOD_vs_CN; study_2_LOD_vs_CN",2,"study_1; study_11",0.69614159588546
"KIAA0319L",-0.00750826868353978,-0.0238872736883992,0.00887073632131961,-0.772735822505177,0.439678741641812,0.752658202073948,-0.00716402598627479,-0.0228761336622541,0.00931045540561487,8,1461,"study_1_LOD_vs_CN; study_11_LOD_vs_CN; study_2_LOD_vs_CN; study_3_Soma_LOD_vs_CN; study_4_LOD_vs_CN; study_5_LOD_vs_CN; study_6_LOD_vs_CN; study_7_LOD_vs_CN",5,"study_1; study_11; study_4; study_6; study_7",0.536687225908815
"CD38",0.0464789986189494,-0.0677260425495856,0.160684039787484,0.771056946147666,0.440673178494398,0.436138574172901,NA,NA,NA,3,929,"study_3_Olink_LOD_vs_CN; study_8_LOD_vs_CN; study_9_LOD_vs_CN",2,"study_3_Olink; study_8",0.696372430213369
"MARCKSL1",0.0149623958818319,-0.0218150530262988,0.0517398447899626,0.768221040969132,0.442355875040705,0,0.0147674448987467,0.00863052582547992,0.0240293980125652,7,1122,"study_1_LOD_vs_CN; study_11_LOD_vs_CN; study_2_LOD_vs_CN; study_3_Soma_LOD_vs_CN; study_5_LOD_vs_CN; study_6_LOD_vs_CN; study_7_LOD_vs_CN",4,"study_1; study_11; study_6; study_7",0.568187311635861
"IGFBP6",0.00654375932817922,-0.0269363149134361,0.0400238335697945,-0.766021906529987,0.443663267589441,0.814492873341101,0.00603648638646141,-0.0132293718072678,0.0297069270615208,12,2661,"study_1_LOD_vs_CN; study_10_LOD_vs_CN; study_11_LOD_vs_CN; study_2_LOD_vs_CN; study_3_Olink_LOD_vs_CN; study_3_Soma_LOD_vs_CN; study_4_LOD_vs_CN; study_5_LOD_vs_CN; study_6_LOD_vs_CN; study_7_LOD_vs_CN; study_8_LOD_vs_CN; study_9_LOD_vs_CN",6,"study_1; study_11; study_4; study_6; study_7; study_8",0.521669995956816
"CDH4",-0.0118892221273396,-0.0327489615186517,0.00897051726397247,-0.764805452156567,0.444387400697677,0.769480362424893,-0.0106935703797039,-0.0230002527784925,0.0130361301437998,8,1477,"study_1_LOD_vs_CN; study_11_LOD_vs_CN; study_2_LOD_vs_CN; study_3_Soma_LOD_vs_CN; study_4_LOD_vs_CN; study_5_LOD_vs_CN; study_6_LOD_vs_CN; study_7_LOD_vs_CN",5,"study_1; study_11; study_4; study_6; study_7",0.541575136507945
"RPN2",-0.0166166570030219,-0.0796786513572738,0.04644533735123,-0.764612980853026,0.444502037125595,0.570162560412655,-0.0269571331290316,-0.0571910304843981,-0.00835559925790338,4,623,"study_11_LOD_vs_CN; study_2_LOD_vs_CN; study_3_Soma_LOD_vs_CN; study_6_LOD_vs_CN",3,"study_11; study_2; study_6",0.647515460238423
"CRYAB",0.0273834786853904,-0.0304883590187406,0.0852553163895214,0.761483551082401,0.446368299974703,0.0418268704925693,0.0260244940173357,0.0109879555566624,0.0357386716343545,5,975,"study_1_LOD_vs_CN; study_11_LOD_vs_CN; study_2_LOD_vs_CN; study_5_LOD_vs_CN; study_7_LOD_vs_CN",3,"study_1; study_11; study_7",0.647515460238423
"STC1",0.0316028346972887,-0.0268187723927972,0.0900244417873746,0.761033338907463,0.446637154491963,0.664145041283897,0.0294362459326084,0.0118283122366177,0.0549465462995319,7,1656,"study_1_LOD_vs_CN; study_11_LOD_vs_CN; study_2_LOD_vs_CN; study_3_Olink_LOD_vs_CN; study_3_Soma_LOD_vs_CN; study_8_LOD_vs_CN; study_9_LOD_vs_CN",3,"study_1; study_11; study_8",0.647515460238423
"RBP1",0.020607246393367,-0.028088718375821,0.0693032111625551,0.760687065475341,0.446844002290659,0.764558089890988,0.0084621647587901,-0.0634331895112085,0.0705180660993435,6,922,"study_1_LOD_vs_CN; study_11_LOD_vs_CN; study_2_LOD_vs_CN; study_3_Soma_LOD_vs_CN; study_5_LOD_vs_CN; study_6_LOD_vs_CN",3,"study_1; study_11; study_6",0.647515460238423
"PCSK7",-0.0280564339486806,-0.104752658147918,0.0486397902505569,-0.759958406746711,0.447279447419502,0,NA,NA,NA,2,454,"study_11_LOD_vs_CN; study_3_Soma_LOD_vs_CN",2,"study_11; study_3_Soma",0.704073738265583
"STYK1",-0.031337815233242,-0.0951578086301612,0.0324821781636771,-0.759150818473544,0.447762342495854,0.376448150659001,NA,NA,NA,2,694,"study_1_LOD_vs_CN; study_11_LOD_vs_CN",2,"study_1; study_11",0.704073738265583
"DSC3",0.0122859959324397,-0.0123495696780163,0.0369215615428956,0.758661929615367,0.448054816088369,0.582326385483286,0.0120837661105202,-0.00139927498551952,0.0256828342263748,7,1441,"study_1_LOD_vs_CN; study_11_LOD_vs_CN; study_2_LOD_vs_CN; study_4_LOD_vs_CN; study_5_LOD_vs_CN; study_6_LOD_vs_CN; study_7_LOD_vs_CN",5,"study_1; study_11; study_4; study_6; study_7",0.545180622740437
"BPIFB1",-0.239237430181825,-1.36202468136801,0.883549821004359,-0.758257323111361,0.448296950536289,0,NA,NA,NA,2,71,"study_3_Soma_LOD_vs_CN; study_6_LOD_vs_CN",2,"study_3_Soma; study_6",0.704073738265583
"KREMEN1",-0.0152393430821214,-0.0665048174710499,0.0360261313068072,-0.756168638580966,0.449548093215545,0,-0.0214647587401306,-0.0500650214576732,-0.00566761315050433,5,884,"study_1_LOD_vs_CN; study_11_LOD_vs_CN; study_2_LOD_vs_CN; study_3_Soma_LOD_vs_CN; study_7_LOD_vs_CN",3,"study_1; study_11; study_7",0.649737478475592
"TSG101",0.036685097977749,-0.0696187813115745,0.142988977267072,0.753724185009585,0.451014856473382,0,NA,NA,NA,2,300,"study_11_LOD_vs_CN; study_3_Soma_LOD_vs_CN",2,"study_11; study_3_Soma",0.706896754635831
"NBR1",-0.0125341880955101,-0.0739694355011845,0.0489010593101642,-0.752653138832218,0.451658376554147,0.505143889090965,-0.0121345308978466,-0.0265333829344323,-0.000841170747688205,5,663,"study_11_LOD_vs_CN; study_2_LOD_vs_CN; study_3_Soma_LOD_vs_CN; study_6_LOD_vs_CN; study_7_LOD_vs_CN",4,"study_11; study_2; study_6; study_7",0.577040509550572
"NMB",0.0522811153618642,-0.0418206535188799,0.146382884242608,0.752457274047979,0.451776114754919,0.625727880523039,0.067844128658947,0.0258957632479975,0.118441545988944,4,466,"study_11_LOD_vs_CN; study_2_LOD_vs_CN; study_3_Soma_LOD_vs_CN; study_6_LOD_vs_CN",3,"study_11; study_2; study_6",0.650563656694442
"B4GALT3",-0.0252546166376837,-0.08562311961884,0.0351138863434726,-0.752278954254028,0.451883321406041,0.636880388478563,-0.0143415317563166,-0.0500622397686058,0.0686820170932065,5,831,"study_1_LOD_vs_CN; study_11_LOD_vs_CN; study_2_LOD_vs_CN; study_6_LOD_vs_CN; study_7_LOD_vs_CN",4,"study_1; study_11; study_6; study_7",0.577040509550572
"PRSS3",0.0335897916644051,-0.038416616872022,0.105596200200832,0.750191829921949,0.453139178724938,0.117297979592799,0.0296056345344666,0.0126177625807235,0.0469303507607728,3,727,"study_11_LOD_vs_CN; study_3_Soma_LOD_vs_CN; study_7_LOD_vs_CN",3,"study_11; study_3_Soma; study_7",0.650563656694442
"MSLN",0.0145537018071417,-0.0300423353643914,0.0591497389786749,0.74952732869747,0.453539433253369,0.439993474334263,0.0136395197930512,-0.0217684595090762,0.0273876923463715,11,2328,"study_1_LOD_vs_CN; study_11_LOD_vs_CN; study_2_LOD_vs_CN; study_3_Olink_LOD_vs_CN; study_3_Soma_LOD_vs_CN; study_4_LOD_vs_CN; study_5_LOD_vs_CN; study_6_LOD_vs_CN; study_7_LOD_vs_CN; study_8_LOD_vs_CN; study_9_LOD_vs_CN",6,"study_1; study_11; study_4; study_6; study_7; study_8",0.530368517574978
"EPHB1",0.0366223330069714,-0.0472878026493166,0.120532468663259,0.74858802250502,0.454105553462984,0.241780130487172,NA,NA,NA,3,556,"study_11_LOD_vs_CN; study_2_LOD_vs_CN; study_3_Soma_LOD_vs_CN",2,"study_11; study_2",0.707968896847979
"LUZP2",-0.0128327766742848,-0.0625405800183559,0.0368750266697862,-0.748499417650406,0.454158976200172,0.874433174250399,-0.0181578248011337,-0.0382044910928691,0.0169408496437639,5,912,"study_1_LOD_vs_CN; study_11_LOD_vs_CN; study_2_LOD_vs_CN; study_5_LOD_vs_CN; study_6_LOD_vs_CN",3,"study_1; study_11; study_6",0.650563656694442
"TRAPPC3",0.0843256129674563,-0.0332444937354956,0.201895719670408,0.747971093778365,0.454477593320758,0.887864511507968,NA,NA,NA,2,72,"study_3_Soma_LOD_vs_CN; study_6_LOD_vs_CN",2,"study_3_Soma; study_6",0.707968896847979
"DEFB1",-0.0188129915798679,-0.0857434576328526,0.0481174744731168,-0.747422668396823,0.4548084663017,0,-0.0137475040330558,-0.0300639698343338,0.0188666703609759,5,1077,"study_1_LOD_vs_CN; study_11_LOD_vs_CN; study_3_Soma_LOD_vs_CN; study_5_LOD_vs_CN; study_6_LOD_vs_CN",3,"study_1; study_11; study_6",0.650563656694442
"TIMD4",0.042685592259123,-0.0751655027098342,0.16053668722808,0.746630545698395,0.45528660486031,0,NA,NA,NA,4,956,"study_3_Olink_LOD_vs_CN; study_3_Soma_LOD_vs_CN; study_8_LOD_vs_CN; study_9_LOD_vs_CN",2,"study_3_Soma; study_8",0.707968896847979
"TP53I3",0.0993597009166976,-0.156837048246395,0.35555645007979,0.746465535243373,0.455386243545445,0,NA,NA,NA,2,115,"study_3_Soma_LOD_vs_CN; study_6_LOD_vs_CN",2,"study_3_Soma; study_6",0.707968896847979
"NDST2",-0.0348803056383882,-0.122934726351104,0.0531741150743276,-0.739684056653597,0.459491724389724,0,NA,NA,NA,2,545,"study_11_LOD_vs_CN; study_6_LOD_vs_CN",2,"study_11; study_6",0.712601012762288
"CA2",-0.0500305773826399,-0.191969724585584,0.0919085698203041,-0.738964429398704,0.459928597088639,0.509760779099148,-0.0553171542988647,-0.177544471950273,0.0571299015206923,7,1254,"study_1_LOD_vs_CN; study_11_LOD_vs_CN; study_2_LOD_vs_CN; study_3_Olink_LOD_vs_CN; study_4_LOD_vs_CN; study_5_LOD_vs_CN; study_6_LOD_vs_CN",4,"study_1; study_11; study_4; study_6",0.584890098031941
"C4BPB",0.0215472754352729,-0.0549310779690986,0.0980256288396444,0.737692871992746,0.4607011046142,0.788164784065094,0.0206681235100009,-0.0395778681533065,0.110921686012372,6,1192,"study_1_LOD_vs_CN; study_11_LOD_vs_CN; study_2_LOD_vs_CN; study_4_LOD_vs_CN; study_5_LOD_vs_CN; study_6_LOD_vs_CN",4,"study_1; study_11; study_4; study_6",0.584890098031941
"IGHV3-53",-0.0351971492887313,-0.128589698136836,0.0581953995593734,-0.737676181648155,0.460711249297961,0,NA,NA,NA,2,439,"study_11_LOD_vs_CN; study_2_LOD_vs_CN",2,"study_11; study_2",0.712601012762288
"RAB4B",-0.0110977617712653,-0.0397608441440821,0.0175653206015514,-0.736955595426722,0.461149353311012,0,NA,NA,NA,4,969,"study_1_LOD_vs_CN; study_11_LOD_vs_CN; study_3_Soma_LOD_vs_CN; study_5_LOD_vs_CN",2,"study_1; study_11",0.712601012762288
"BCAS1",0.0433069163123955,-0.0806404133879406,0.167254246012732,0.736689887955304,0.461310957608935,0,0.0484700060308247,0.0370778257884175,0.0618342511939009,3,406,"study_11_LOD_vs_CN; study_2_LOD_vs_CN; study_6_LOD_vs_CN",3,"study_11; study_2; study_6",0.653176927765133
"MAN2B1",-0.00601652836794362,-0.0298550231876623,0.0178219664517751,-0.736028986791531,0.461713057415117,0.792172040787234,-0.00714734915248308,-0.0417169159340181,0.0209062710182283,7,1403,"study_1_LOD_vs_CN; study_11_LOD_vs_CN; study_2_LOD_vs_CN; study_4_LOD_vs_CN; study_5_LOD_vs_CN; study_6_LOD_vs_CN; study_7_LOD_vs_CN",5,"study_1; study_11; study_4; study_6; study_7",0.560912071330529
"ACVR1B",0.00830657292726035,-0.019929324689946,0.0365424705444667,0.735753900510507,0.461880480714979,0.736481492451333,0.0096008780378092,-0.0227578259392967,0.0390448317062989,6,1168,"study_1_LOD_vs_CN; study_11_LOD_vs_CN; study_2_LOD_vs_CN; study_3_Soma_LOD_vs_CN; study_5_LOD_vs_CN; study_6_LOD_vs_CN",3,"study_1; study_11; study_6",0.653176927765133
"GTF2IRD2",-0.0246413594405677,-0.0890464493983015,0.039763730517166,-0.734766621450499,0.462481638560417,0,-0.0167336878347497,-0.0430316236007499,0.0126911108664478,3,737,"study_11_LOD_vs_CN; study_4_LOD_vs_CN; study_6_LOD_vs_CN",3,"study_11; study_4; study_6",0.653176927765133
"TMEM165",0.011860894610115,-0.0324693743059453,0.0561911635261753,0.732921072748666,0.463606569693276,0,0.0131362539382908,0.00334422012785199,0.0275385733958214,5,981,"study_1_LOD_vs_CN; study_11_LOD_vs_CN; study_2_LOD_vs_CN; study_5_LOD_vs_CN; study_6_LOD_vs_CN",3,"study_1; study_11; study_6",0.653176927765133
"DPT",-0.0128907595616132,-0.0452166391450391,0.0194351200218128,-0.732598037470631,0.463803628441717,0.731970635677379,-0.0117189097549397,-0.0272099913352275,0.0244702830696093,7,1320,"study_1_LOD_vs_CN; study_11_LOD_vs_CN; study_2_LOD_vs_CN; study_3_Soma_LOD_vs_CN; study_5_LOD_vs_CN; study_6_LOD_vs_CN; study_7_LOD_vs_CN",4,"study_1; study_11; study_6; study_7",0.58712713658229
"CDH23",-0.0142628734809152,-0.0465975032480039,0.0180717562861736,-0.731748889451771,0.464321850150116,0.466032687075069,-0.0169502552944289,-0.0458879360757571,0.00599734944693424,6,1150,"study_1_LOD_vs_CN; study_11_LOD_vs_CN; study_2_LOD_vs_CN; study_3_Soma_LOD_vs_CN; study_5_LOD_vs_CN; study_6_LOD_vs_CN",3,"study_1; study_11; study_6",0.653176927765133
"SDK1",-0.0180652375927903,-0.0785424120987003,0.0424119369131198,-0.731628635544158,0.464395265264223,0.143818704746983,-0.0467726730099099,-0.114128162143451,-0.0120028199024531,3,579,"study_11_LOD_vs_CN; study_2_LOD_vs_CN; study_6_LOD_vs_CN",3,"study_11; study_2; study_6",0.653176927765133
"LOXL1",-0.0115171522192775,-0.0394442763165901,0.0164099718780352,-0.730133601648657,0.465308523932543,0,-0.010014188334757,-0.0164152859042327,0.00676763243595513,6,1214,"study_1_LOD_vs_CN; study_11_LOD_vs_CN; study_2_LOD_vs_CN; study_5_LOD_vs_CN; study_6_LOD_vs_CN; study_7_LOD_vs_CN",4,"study_1; study_11; study_6; study_7",0.587334678623786
"FAM20C",0.00366304837286816,-0.0100078652746486,0.0173339620203849,0.730121900702305,0.465315675525365,0.434685698264485,0.00369623774494864,-0.00172824606552849,0.00807586595416005,8,1480,"study_1_LOD_vs_CN; study_11_LOD_vs_CN; study_2_LOD_vs_CN; study_3_Soma_LOD_vs_CN; study_4_LOD_vs_CN; study_5_LOD_vs_CN; study_6_LOD_vs_CN; study_7_LOD_vs_CN",5,"study_1; study_11; study_4; study_6; study_7",0.564397089083605
"CDH19",-0.0252724241610052,-0.0755740870662397,0.0250292387442292,-0.730019842905316,0.465378055618123,0.867984523980024,-0.0179910370636484,-0.0481765163445653,0.0192367500554967,5,945,"study_1_LOD_vs_CN; study_11_LOD_vs_CN; study_2_LOD_vs_CN; study_5_LOD_vs_CN; study_6_LOD_vs_CN",3,"study_1; study_11; study_6",0.653176927765133
"IGLV10-54",-0.0406111354231221,-0.190126467750325,0.108904196904081,-0.728878550948735,0.466075956263981,0,-0.0446052236486719,-0.10544009706618,0.0150983326906918,4,1053,"study_1_LOD_vs_CN; study_11_LOD_vs_CN; study_5_LOD_vs_CN; study_6_LOD_vs_CN",3,"study_1; study_11; study_6",0.653176927765133
"IGLV1-51",-0.0159300544222614,-0.0800827861896981,0.0482226773451752,-0.726944453160074,0.467259983992239,0,-0.0163193129243239,-0.0211370172075952,-0.00890024354056966,6,1414,"study_1_LOD_vs_CN; study_11_LOD_vs_CN; study_4_LOD_vs_CN; study_5_LOD_vs_CN; study_6_LOD_vs_CN; study_7_LOD_vs_CN",5,"study_1; study_11; study_4; study_6; study_7",0.565862878252019
"IGHV3-43",-0.0271031756471105,-0.0892187247796317,0.0350123734854107,-0.726108270624862,0.467772399220543,0.330025476917942,-0.0326958989628039,-0.078012697254674,-0.00689262932776449,4,1114,"study_1_LOD_vs_CN; study_11_LOD_vs_CN; study_5_LOD_vs_CN; study_6_LOD_vs_CN",3,"study_1; study_11; study_6",0.653176927765133
"FASLG",0.0411688662574392,-0.0491775268925083,0.131515259407387,0.725796328261071,0.46796363817455,0.854675344268528,NA,NA,NA,3,929,"study_3_Olink_LOD_vs_CN; study_8_LOD_vs_CN; study_9_LOD_vs_CN",2,"study_3_Olink; study_8",0.721678863690872
"SLC6A1",0.011044918283986,-0.0200866099045891,0.042176446472561,0.725077714322867,0.468404355406347,0,0.00936625469833785,-0.00469047822987535,0.0232502092690826,5,955,"study_1_LOD_vs_CN; study_11_LOD_vs_CN; study_2_LOD_vs_CN; study_5_LOD_vs_CN; study_6_LOD_vs_CN",3,"study_1; study_11; study_6",0.653176927765133
"EEF1A1",-0.0319450948765732,-0.0942441571491109,0.0303539673959645,-0.722000049839644,0.470294446880707,0.853519162614942,NA,NA,NA,5,689,"study_1_LOD_vs_CN; study_2_LOD_vs_CN; study_3_Soma_LOD_vs_CN; study_5_LOD_vs_CN; study_7_LOD_vs_CN",2,"study_1; study_7",0.723255508322951
"F7",-0.011634942498157,-0.0649444466512054,0.0416745616548915,-0.721522912756856,0.470587848580689,0.882632614059637,-0.0183536207192107,-0.119013668761967,0.0761960936739185,5,1005,"study_1_LOD_vs_CN; study_11_LOD_vs_CN; study_3_Olink_LOD_vs_CN; study_3_Soma_LOD_vs_CN; study_4_LOD_vs_CN",3,"study_1; study_11; study_4",0.654577082612236
"SELE",-0.0372763771259701,-0.134936289915621,0.0603835356636808,-0.721065084965248,0.470869471564421,0,NA,NA,NA,4,956,"study_3_Olink_LOD_vs_CN; study_3_Soma_LOD_vs_CN; study_8_LOD_vs_CN; study_9_LOD_vs_CN",2,"study_3_Soma; study_8",0.723255508322951
"IGHV2-70",-0.0198789926257687,-0.0963331497450326,0.0565751644934953,-0.718277909465221,0.472585948122192,0,-0.019628529403733,-0.0329394427145214,-0.00884450253535206,5,1269,"study_1_LOD_vs_CN; study_11_LOD_vs_CN; study_4_LOD_vs_CN; study_5_LOD_vs_CN; study_7_LOD_vs_CN",4,"study_1; study_11; study_4; study_7",0.594806451946897
"PAPLN",0.00843191858707396,-0.0123222619747577,0.0291860991489056,0.71809856160716,0.472696517009027,0.611286505842009,0.00878507157206095,-0.00107548657241191,0.0173181255287194,8,1700,"study_1_LOD_vs_CN; study_10_LOD_vs_CN; study_11_LOD_vs_CN; study_2_LOD_vs_CN; study_4_LOD_vs_CN; study_5_LOD_vs_CN; study_6_LOD_vs_CN; study_7_LOD_vs_CN",5,"study_1; study_11; study_4; study_6; study_7",0.571546574811229
"IGHV1-18",-0.0205561320604044,-0.0831072192064444,0.0419949550856356,-0.716610907281853,0.473614212453024,0.258917300831283,-0.0247669856569188,-0.0749807822372994,0.019303282568869,4,1031,"study_1_LOD_vs_CN; study_11_LOD_vs_CN; study_5_LOD_vs_CN; study_7_LOD_vs_CN",3,"study_1; study_11; study_7",0.65713971977857
"IFNGR1",0.023543085316658,-0.01101838892292,0.0581045595562361,0.715861095872519,0.474077122777485,0.774794529606338,0.0218901421091704,-0.0222517194668383,0.0538260851895583,8,1722,"study_1_LOD_vs_CN; study_11_LOD_vs_CN; study_2_LOD_vs_CN; study_3_Olink_LOD_vs_CN; study_3_Soma_LOD_vs_CN; study_6_LOD_vs_CN; study_8_LOD_vs_CN; study_9_LOD_vs_CN",4,"study_1; study_11; study_6; study_8",0.5949735810216
"RETREG2",0.0281238644064278,-0.0532210674200268,0.109468796232882,0.714681901446937,0.474805623600081,0,NA,NA,NA,2,531,"study_11_LOD_vs_CN; study_2_LOD_vs_CN",2,"study_11; study_2",0.726471537742122
"RPS28",0.0536325005488766,-0.0764385114917559,0.183703512589509,0.714601862295236,0.474855093680398,0.0464702643791736,NA,NA,NA,2,324,"study_11_LOD_vs_CN; study_2_LOD_vs_CN",2,"study_11; study_2",0.726471537742122
"TIMP4",-0.00580605794929651,-0.0455038153742051,0.0338916994756121,-0.712983656247724,0.475855870681919,0.556834302002524,-0.00698671624934521,-0.0236159892014607,0.00704134655789579,9,2105,"study_1_LOD_vs_CN; study_11_LOD_vs_CN; study_2_LOD_vs_CN; study_3_Olink_LOD_vs_CN; study_3_Soma_LOD_vs_CN; study_5_LOD_vs_CN; study_6_LOD_vs_CN; study_8_LOD_vs_CN; study_9_LOD_vs_CN",4,"study_1; study_11; study_6; study_8",0.595499632453373
"CFD",0.0163302544030474,-0.016816839972719,0.0494773487788137,0.712386133675557,0.476225699713138,0.879438343900122,0.0165182570090211,-0.00654207486563186,0.0454405352008179,9,1731,"study_1_LOD_vs_CN; study_10_LOD_vs_CN; study_11_LOD_vs_CN; study_2_LOD_vs_CN; study_3_Soma_LOD_vs_CN; study_4_LOD_vs_CN; study_5_LOD_vs_CN; study_6_LOD_vs_CN; study_7_LOD_vs_CN",5,"study_1; study_11; study_4; study_6; study_7",0.574909832149769
"PCDHA4",-0.0293566528832866,-0.102575142550438,0.0438618367838652,-0.710637547526375,0.477308869338753,0,NA,NA,NA,2,470,"study_11_LOD_vs_CN; study_3_Soma_LOD_vs_CN",2,"study_11; study_3_Soma",0.728773780620601
"APLP2",-0.0146446159995775,-0.0410935145482748,0.0118042825491199,-0.710203848309456,0.477577734798466,0.47120892915042,-0.0142155618837244,-0.0250229885123224,0.000912256809774626,9,1732,"study_1_LOD_vs_CN; study_10_LOD_vs_CN; study_11_LOD_vs_CN; study_2_LOD_vs_CN; study_3_Soma_LOD_vs_CN; study_4_LOD_vs_CN; study_5_LOD_vs_CN; study_6_LOD_vs_CN; study_7_LOD_vs_CN",5,"study_1; study_11; study_4; study_6; study_7",0.575638366865235
"SNX12",-0.0140752955784789,-0.0586210827818936,0.0304704916249358,-0.70831048579568,0.478752466831706,0,-0.0154383055244781,-0.0225054207702219,-0.00944246963261667,5,847,"study_1_LOD_vs_CN; study_11_LOD_vs_CN; study_2_LOD_vs_CN; study_3_Soma_LOD_vs_CN; study_6_LOD_vs_CN",3,"study_1; study_11; study_6",0.662612516437897
"CD160",0.0387722632690746,-0.0669247271830996,0.144469253721249,0.70701844752256,0.4795550138323,0,NA,NA,NA,3,929,"study_3_Olink_LOD_vs_CN; study_8_LOD_vs_CN; study_9_LOD_vs_CN",2,"study_3_Olink; study_8",0.730750497268266
"MEGF10",0.0104301157487163,-0.00921537264493867,0.0300756041423713,0.701535692692964,0.482968767953794,0.763285052181265,0.0124750337066965,-0.00278949175829918,0.0333679913069796,7,1519,"study_1_LOD_vs_CN; study_10_LOD_vs_CN; study_11_LOD_vs_CN; study_2_LOD_vs_CN; study_4_LOD_vs_CN; study_5_LOD_vs_CN; study_6_LOD_vs_CN",4,"study_1; study_11; study_4; study_6",0.602678975395333
"NAGK",0.0300806052764049,-0.0814908819480224,0.141652092500832,0.700469980047464,0.483633846494532,0,NA,NA,NA,3,442,"study_11_LOD_vs_CN; study_2_LOD_vs_CN; study_3_Soma_LOD_vs_CN",2,"study_11; study_2",0.73305717673205
"CHRDL1",-0.00955419030337928,-0.0281895213331429,0.00908114072638431,-0.700005139148946,0.483924095012974,0.66905139492254,-0.0100185067424299,-0.0262671189103936,0.00521949958476745,8,1424,"study_1_LOD_vs_CN; study_11_LOD_vs_CN; study_2_LOD_vs_CN; study_3_Soma_LOD_vs_CN; study_4_LOD_vs_CN; study_5_LOD_vs_CN; study_6_LOD_vs_CN; study_7_LOD_vs_CN",5,"study_1; study_11; study_4; study_6; study_7",0.582375006361466
"P0DOX2",-0.0950557148344713,-0.333380813240275,0.143269383571333,-0.699357285671397,0.484328774876792,0,NA,NA,NA,2,222,"study_4_LOD_vs_CN; study_6_LOD_vs_CN",2,"study_4; study_6",0.73305717673205
"PTPN4",-0.0363536042309755,-0.252305128695745,0.179597920233794,-0.699271419525219,0.484382424691174,0,NA,NA,NA,2,60,"study_3_Soma_LOD_vs_CN; study_6_LOD_vs_CN",2,"study_3_Soma; study_6",0.73305717673205
"PCSK6",-0.00581987352261296,-0.0327307959113132,0.0210910488660872,-0.698979580482702,0.484564792001011,0.192891031639818,-0.00499924923032753,-0.0124908280199876,0.0075691356093282,5,1145,"study_1_LOD_vs_CN; study_11_LOD_vs_CN; study_2_LOD_vs_CN; study_5_LOD_vs_CN; study_6_LOD_vs_CN",3,"study_1; study_11; study_6",0.668377931955159
"RNF130",-0.0158792960762148,-0.0600847171252448,0.0283261249728152,-0.698464456936796,0.484886778359221,0,NA,NA,NA,4,886,"study_1_LOD_vs_CN; study_11_LOD_vs_CN; study_2_LOD_vs_CN; study_5_LOD_vs_CN",2,"study_1; study_11",0.73305717673205
"ITGA1",0.0426609243560278,-0.0587033554350369,0.144025204147092,0.697760990728363,0.485326678518791,0.373859504265568,0.0393176498034723,0.0110725356538655,0.0590337241602049,6,909,"study_1_LOD_vs_CN; study_11_LOD_vs_CN; study_2_LOD_vs_CN; study_3_Soma_LOD_vs_CN; study_5_LOD_vs_CN; study_6_LOD_vs_CN",3,"study_1; study_11; study_6",0.668377931955159
"SHISA2",-0.0517306948074036,-0.165353308096553,0.0618919184817458,-0.694984586948254,0.48706496081127,0.441373167234481,NA,NA,NA,2,71,"study_2_LOD_vs_CN; study_6_LOD_vs_CN",2,"study_2; study_6",0.734903516508949
"EGFL7",0.0304488099434455,-0.0555564365659114,0.116454056452802,0.693093031329766,0.488251170638336,0,NA,NA,NA,3,929,"study_3_Olink_LOD_vs_CN; study_8_LOD_vs_CN; study_9_LOD_vs_CN",2,"study_3_Olink; study_8",0.735248821667141
"ANXA2",0.0136638743085167,-0.0387414039572262,0.0660691525742596,0.69074158447289,0.489727951417156,0.835843820225926,0.0140188142415923,-0.0246697595417351,0.0695488274938574,6,1091,"study_1_LOD_vs_CN; study_11_LOD_vs_CN; study_2_LOD_vs_CN; study_3_Soma_LOD_vs_CN; study_5_LOD_vs_CN; study_7_LOD_vs_CN",3,"study_1; study_11; study_7",0.672769834248816
"IGF2",0.00840081239032991,-0.0137464848328173,0.0305481096134771,0.687182478374442,0.491967744408696,0.544273323506408,0.00801336760902999,-0.0108341648196323,0.0277472917073384,9,1719,"study_1_LOD_vs_CN; study_10_LOD_vs_CN; study_11_LOD_vs_CN; study_2_LOD_vs_CN; study_3_Soma_LOD_vs_CN; study_4_LOD_vs_CN; study_5_LOD_vs_CN; study_6_LOD_vs_CN; study_7_LOD_vs_CN",5,"study_1; study_11; study_4; study_6; study_7",0.591129992891074
"SCARA5",-0.0214990979833334,-0.110725650013965,0.0677274540472978,-0.685952787632267,0.49274288083231,0.544069443873996,NA,NA,NA,5,974,"study_2_LOD_vs_CN; study_3_Olink_LOD_vs_CN; study_3_Soma_LOD_vs_CN; study_8_LOD_vs_CN; study_9_LOD_vs_CN",2,"study_2; study_8",0.740560728922142
"FAH",-0.00813800334581157,-0.0384967829932538,0.0222207763016306,-0.683704413101132,0.494161836213863,0.145805690562912,-0.00791850196982555,-0.0202996890515811,0.0120597671688359,7,1299,"study_1_LOD_vs_CN; study_11_LOD_vs_CN; study_2_LOD_vs_CN; study_3_Soma_LOD_vs_CN; study_5_LOD_vs_CN; study_6_LOD_vs_CN; study_7_LOD_vs_CN",4,"study_1; study_11; study_6; study_7",0.61358137257522
"CPM",0.000495295712567649,-0.0372565401635787,0.038247131588714,-0.683157441268974,0.494507361915645,0.448953343009857,0.000511115396016768,-0.0133080754020521,0.0151747132446015,9,2084,"study_1_LOD_vs_CN; study_11_LOD_vs_CN; study_2_LOD_vs_CN; study_3_Olink_LOD_vs_CN; study_3_Soma_LOD_vs_CN; study_5_LOD_vs_CN; study_6_LOD_vs_CN; study_8_LOD_vs_CN; study_9_LOD_vs_CN",4,"study_1; study_11; study_6; study_8",0.61358137257522
"B4GALT2",0.0143266293833742,-0.0341512928612546,0.062804551628003,0.68216271837548,0.495136065836878,0.315021638827837,0.0125284852472647,-0.00105205463863031,0.0253685154238894,4,938,"study_1_LOD_vs_CN; study_11_LOD_vs_CN; study_3_Soma_LOD_vs_CN; study_6_LOD_vs_CN",3,"study_1; study_11; study_6",0.678519793924611
"SRGN",0.0110339299711483,-0.0151655307295715,0.0372333906718681,0.68116925351792,0.49576440058078,0.111112802523658,0.0106122779948492,0.00550718988560401,0.0161961494542803,7,1320,"study_1_LOD_vs_CN; study_11_LOD_vs_CN; study_2_LOD_vs_CN; study_4_LOD_vs_CN; study_5_LOD_vs_CN; study_6_LOD_vs_CN; study_7_LOD_vs_CN",5,"study_1; study_11; study_4; study_6; study_7",0.594762596016567
"LYN",0.0100811135407461,-0.0322806141682507,0.0524428412497428,0.680794333815043,0.496001635867573,0.407185688896688,NA,NA,NA,4,956,"study_3_Olink_LOD_vs_CN; study_3_Soma_LOD_vs_CN; study_8_LOD_vs_CN; study_9_LOD_vs_CN",2,"study_3_Soma; study_8",0.742959264029526
"PLCH1",-0.0330965387014086,-0.131900474897992,0.0657073974951748,-0.680364693337206,0.496273570894722,0,NA,NA,NA,2,238,"study_6_LOD_vs_CN; study_7_LOD_vs_CN",2,"study_6; study_7",0.742959264029526
"GRID2",-0.0299523562452741,-0.0880483334015985,0.0281436209110504,-0.679056043249983,0.497102352712878,0.435815701873662,-0.0355712895002046,-0.0543324418688594,-0.00607363063131187,4,1066,"study_1_LOD_vs_CN; study_11_LOD_vs_CN; study_5_LOD_vs_CN; study_6_LOD_vs_CN",3,"study_1; study_11; study_6",0.679536467378442
"ANXA6",-0.0299740870998405,-0.0813311925975809,0.0213830183979,-0.676131517436785,0.498957147645364,0.727903503637237,-0.0286841382049747,-0.0426087585333604,-0.00695556658133402,5,984,"study_1_LOD_vs_CN; study_11_LOD_vs_CN; study_2_LOD_vs_CN; study_6_LOD_vs_CN; study_7_LOD_vs_CN",4,"study_1; study_11; study_6; study_7",0.617353758951044
"CANX",-0.00493769940586448,-0.0300478766094298,0.0201724777977009,-0.675751563765047,0.499198391795007,0.568240918155537,-0.00377762564829133,-0.011938901590882,0.0179348492296085,8,1586,"study_1_LOD_vs_CN; study_10_LOD_vs_CN; study_11_LOD_vs_CN; study_2_LOD_vs_CN; study_4_LOD_vs_CN; study_5_LOD_vs_CN; study_6_LOD_vs_CN; study_7_LOD_vs_CN",5,"study_1; study_11; study_4; study_6; study_7",0.597949475530156
"TAX1BP1",0.00803242958544528,-0.0276585323055838,0.0437233914764744,0.675634225138719,0.499272906180447,0.0349371646165794,NA,NA,NA,5,1001,"study_1_LOD_vs_CN; study_11_LOD_vs_CN; study_2_LOD_vs_CN; study_3_Soma_LOD_vs_CN; study_5_LOD_vs_CN",2,"study_1; study_11",0.745995315071174
"EFHD2",0.0575006953009046,-0.0512866013571993,0.166287991959008,0.674297395849111,0.500122259340344,0.575989918398246,0.0904779066745984,0.0195573686305191,0.182038147926482,3,443,"study_11_LOD_vs_CN; study_3_Soma_LOD_vs_CN; study_7_LOD_vs_CN",3,"study_11; study_3_Soma; study_7",0.681984899100469
"PRKCSH",-0.00358878758928298,-0.0206582271952001,0.0134806520166341,-0.673588683765358,0.500572849586646,0.612651290461033,-0.00261293481839345,-0.0119209992284693,0.0162984669031773,9,1698,"study_1_LOD_vs_CN; study_10_LOD_vs_CN; study_11_LOD_vs_CN; study_2_LOD_vs_CN; study_3_Soma_LOD_vs_CN; study_4_LOD_vs_CN; study_5_LOD_vs_CN; study_6_LOD_vs_CN; study_7_LOD_vs_CN",5,"study_1; study_11; study_4; study_6; study_7",0.598663330221043
"GOLM2",-0.0071192862698439,-0.0223713277547372,0.00813275521504938,-0.672234868212134,0.50143418646935,0.0712850324388793,-0.007166675802869,-0.0132134681688478,-0.00205680570049413,8,1453,"study_1_LOD_vs_CN; study_11_LOD_vs_CN; study_2_LOD_vs_CN; study_3_Soma_LOD_vs_CN; study_4_LOD_vs_CN; study_5_LOD_vs_CN; study_6_LOD_vs_CN; study_7_LOD_vs_CN",5,"study_1; study_11; study_4; study_6; study_7",0.598762250613246
"LGALS3BP",0.00658673207277325,-0.0107121984365645,0.023885662582111,0.66893726325541,0.503535498647891,0,0.00676531647547361,0.0033089694411096,0.0124594626280267,9,1732,"study_1_LOD_vs_CN; study_10_LOD_vs_CN; study_11_LOD_vs_CN; study_2_LOD_vs_CN; study_3_Soma_LOD_vs_CN; study_4_LOD_vs_CN; study_5_LOD_vs_CN; study_6_LOD_vs_CN; study_7_LOD_vs_CN",5,"study_1; study_11; study_4; study_6; study_7",0.600339222418958
"POMGNT1",-0.0137626780703171,-0.0342958113317207,0.0067704551910865,-0.666456590170605,0.50511930152726,0.874738992039131,-0.0131517235235723,-0.0268502274905894,0.00446324111333184,8,1661,"study_1_LOD_vs_CN; study_10_LOD_vs_CN; study_11_LOD_vs_CN; study_2_LOD_vs_CN; study_4_LOD_vs_CN; study_5_LOD_vs_CN; study_6_LOD_vs_CN; study_7_LOD_vs_CN",5,"study_1; study_11; study_4; study_6; study_7",0.601295267607528
"MT1E",-0.0164468128045739,-0.0695550539451319,0.0366614283359842,-0.664647005661063,0.506276296658004,0,NA,NA,NA,2,588,"study_11_LOD_vs_CN; study_4_LOD_vs_CN",2,"study_11; study_4",0.754990671521063
"ACAT2",0.071566103248615,-0.153372358669838,0.296504565167068,0.661464371054789,0.508314556314615,0,NA,NA,NA,4,179,"study_2_LOD_vs_CN; study_3_Soma_LOD_vs_CN; study_5_LOD_vs_CN; study_6_LOD_vs_CN",2,"study_2; study_6",0.755138439472687
"IL6",-0.0383403691027167,-0.161033716882149,0.0843529786767156,-0.66142173309103,0.508341892197108,0,NA,NA,NA,4,956,"study_3_Olink_LOD_vs_CN; study_3_Soma_LOD_vs_CN; study_8_LOD_vs_CN; study_9_LOD_vs_CN",2,"study_3_Soma; study_8",0.755138439472687
"HLA-DPA1",0.0241664835202905,-0.0452491500136979,0.0935821170542789,0.661237241150782,0.508460181823663,0,0.0221718211755105,0.00777295165831363,0.0320506234960083,4,559,"study_11_LOD_vs_CN; study_2_LOD_vs_CN; study_5_LOD_vs_CN; study_7_LOD_vs_CN",3,"study_11; study_2; study_7",0.691655394392483
"PODXL",0.0206669865506492,-0.0139598641835843,0.0552938372848828,0.659837797452332,0.509357924766868,0.791567606561045,0.0197869578930971,-0.0243205179144357,0.0576917182006271,8,1928,"study_1_LOD_vs_CN; study_11_LOD_vs_CN; study_2_LOD_vs_CN; study_3_Olink_LOD_vs_CN; study_5_LOD_vs_CN; study_6_LOD_vs_CN; study_8_LOD_vs_CN; study_9_LOD_vs_CN",4,"study_1; study_11; study_6; study_8",0.628447242388417
"EGFL8",-0.0107651522392848,-0.286265746215217,0.264735441736648,0.656537870096676,0.511478109520262,0.440605365348316,NA,NA,NA,2,441,"study_11_LOD_vs_CN; study_6_LOD_vs_CN",2,"study_11; study_6",0.758330478979848
"LAMA5",-0.0111268879983449,-0.0332871850047563,0.0110334090080665,-0.65620469752307,0.511692426816242,0.321549011942917,-0.0108716050989918,-0.0156631136866095,-0.00791952442347564,7,1384,"study_1_LOD_vs_CN; study_11_LOD_vs_CN; study_2_LOD_vs_CN; study_4_LOD_vs_CN; study_5_LOD_vs_CN; study_6_LOD_vs_CN; study_7_LOD_vs_CN",5,"study_1; study_11; study_4; study_6; study_7",0.60817847947711
"SACS",-0.0342001196573369,-0.142460965064926,0.0740607257502521,-0.653780733649131,0.513253080783876,0.162849208382518,NA,NA,NA,2,821,"study_1_LOD_vs_CN; study_11_LOD_vs_CN",2,"study_1; study_11",0.759495888327585
"PDIA2",0.0368907686953036,-0.0875957737461182,0.161377311136725,0.651507164094508,0.514719154006098,0.567881181813362,NA,NA,NA,4,423,"study_1_LOD_vs_CN; study_2_LOD_vs_CN; study_5_LOD_vs_CN; study_6_LOD_vs_CN",2,"study_1; study_6",0.76020059668593
"BPGM",0.0558358090487235,-0.0847723165732105,0.196443934670657,0.649308147469312,0.516139220565939,0.566685012956701,NA,NA,NA,4,637,"study_11_LOD_vs_CN; study_2_LOD_vs_CN; study_3_Soma_LOD_vs_CN; study_5_LOD_vs_CN",2,"study_11; study_2",0.760834781947487
"HMCN1",-0.00409296749577103,-0.0309352071068253,0.0227492721152832,-0.647063936996098,0.517590564139747,0.680438780307121,-0.00371602354201792,-0.0210679896969899,0.0255951644603715,7,1301,"study_1_LOD_vs_CN; study_11_LOD_vs_CN; study_2_LOD_vs_CN; study_4_LOD_vs_CN; study_5_LOD_vs_CN; study_6_LOD_vs_CN; study_7_LOD_vs_CN",5,"study_1; study_11; study_4; study_6; study_7",0.613424632690752
"LCP1",0.00860237482724774,-0.0173499021514425,0.034554651805938,0.646892263729692,0.517701673103119,0.548439306569726,0.00897505907104863,-0.000467635656734309,0.0305345814337362,8,1481,"study_1_LOD_vs_CN; study_11_LOD_vs_CN; study_2_LOD_vs_CN; study_3_Soma_LOD_vs_CN; study_4_LOD_vs_CN; study_5_LOD_vs_CN; study_6_LOD_vs_CN; study_7_LOD_vs_CN",5,"study_1; study_11; study_4; study_6; study_7",0.613424632690752
"FAP",0.00247441092494439,-0.0636959703263983,0.0686447921762871,-0.646765572741431,0.517783676918928,0.843099457574002,0.00617757159440244,-0.064154968650183,0.095025432511276,6,806,"study_1_LOD_vs_CN; study_11_LOD_vs_CN; study_2_LOD_vs_CN; study_3_Soma_LOD_vs_CN; study_5_LOD_vs_CN; study_6_LOD_vs_CN",3,"study_1; study_11; study_6",0.700334379744985
"ERLEC1",-0.00953623647376369,-0.0842902490045542,0.0652177760570268,-0.645766820381751,0.51843037884351,0.813006727586222,-0.00890052600503231,-0.0547218702906813,0.0490192431910392,6,738,"study_1_LOD_vs_CN; study_11_LOD_vs_CN; study_2_LOD_vs_CN; study_3_Soma_LOD_vs_CN; study_5_LOD_vs_CN; study_6_LOD_vs_CN",3,"study_1; study_11; study_6",0.700334379744985
"HUWE1",0.0295468457208096,-0.224618869512324,0.283712560953943,0.64560493983689,0.51853523738361,0.55300035239612,NA,NA,NA,2,59,"study_2_LOD_vs_CN; study_6_LOD_vs_CN",2,"study_2; study_6",0.762902418219564
"ARHGDIB",0.0251435852790364,-0.0167870890275534,0.0670742595856263,0.645464834019173,0.518626000135476,0.903162821247941,0.020230540327941,-0.0601881629931964,0.10084812326133,6,1126,"study_1_LOD_vs_CN; study_11_LOD_vs_CN; study_2_LOD_vs_CN; study_3_Soma_LOD_vs_CN; study_5_LOD_vs_CN; study_6_LOD_vs_CN",3,"study_1; study_11; study_6",0.700334379744985
"IL18",0.0278090538048204,-0.0561804497767682,0.111798557386409,0.644000813287712,0.519574906611264,0,NA,NA,NA,4,959,"study_2_LOD_vs_CN; study_3_Olink_LOD_vs_CN; study_8_LOD_vs_CN; study_9_LOD_vs_CN",2,"study_2; study_8",0.762970417356503
"APOD",0.00832277763682237,-0.0196884592423663,0.036334014516011,-0.6427596133595,0.520380092714646,0.8921271180192,0.00772018992593099,-0.0170152526659755,0.0275823635604513,9,1732,"study_1_LOD_vs_CN; study_10_LOD_vs_CN; study_11_LOD_vs_CN; study_2_LOD_vs_CN; study_3_Soma_LOD_vs_CN; study_4_LOD_vs_CN; study_5_LOD_vs_CN; study_6_LOD_vs_CN; study_7_LOD_vs_CN",5,"study_1; study_11; study_4; study_6; study_7",0.615649678919327
"PLEKHB2",0.000748292753288792,-0.0443876591695289,0.0458842446761065,0.642723877572226,0.520403284608226,0.598710134455773,0.00261785864832781,-0.0307716644968112,0.0368361913781647,5,1057,"study_1_LOD_vs_CN; study_11_LOD_vs_CN; study_2_LOD_vs_CN; study_5_LOD_vs_CN; study_6_LOD_vs_CN",3,"study_1; study_11; study_6",0.701028696498945
"EXT1",-0.00244769847669069,-0.0180189248169369,0.0131235278635555,-0.642597423619057,0.520485355263536,0.122867526965515,-0.00159330334049814,-0.00633266889612066,0.00307558364522037,6,1316,"study_1_LOD_vs_CN; study_11_LOD_vs_CN; study_2_LOD_vs_CN; study_5_LOD_vs_CN; study_6_LOD_vs_CN; study_7_LOD_vs_CN",4,"study_1; study_11; study_6; study_7",0.640372431475924
"SCPEP1",0.0119333271214306,-0.0227412272755197,0.046607881518381,0.639192335125346,0.522697817806637,0.360559968802766,0.0104290116504171,-0.0260276900759319,0.0393142717500619,7,1260,"study_1_LOD_vs_CN; study_11_LOD_vs_CN; study_2_LOD_vs_CN; study_4_LOD_vs_CN; study_5_LOD_vs_CN; study_6_LOD_vs_CN; study_7_LOD_vs_CN",5,"study_1; study_11; study_4; study_6; study_7",0.617441815504307
"TENM2",0.00856790452601426,-0.0344231762587995,0.051558985310828,0.638787084685547,0.522961451328636,0,0.0101184504055847,-0.0104845484049333,0.0303438004680832,5,1031,"study_1_LOD_vs_CN; study_11_LOD_vs_CN; study_2_LOD_vs_CN; study_5_LOD_vs_CN; study_6_LOD_vs_CN",3,"study_1; study_11; study_6",0.702769020550588
"NCMAP",0.00511970519836384,-0.0525037430903958,0.0627431534871235,-0.635739485771349,0.524946235561668,0.86276710781005,-0.00138551277712479,-0.110955146922309,0.0815935554169419,6,1137,"study_1_LOD_vs_CN; study_11_LOD_vs_CN; study_2_LOD_vs_CN; study_3_Soma_LOD_vs_CN; study_4_LOD_vs_CN; study_6_LOD_vs_CN",4,"study_1; study_11; study_4; study_6",0.642800532447689
"ISLR2",0.0110888048517038,-0.0131975366222373,0.0353751463256449,0.635052703258016,0.525394042502905,0.805375542623957,0.0123962244947361,-0.0125688433755114,0.0434262641254179,8,1389,"study_1_LOD_vs_CN; study_11_LOD_vs_CN; study_2_LOD_vs_CN; study_3_Olink_LOD_vs_CN; study_3_Soma_LOD_vs_CN; study_5_LOD_vs_CN; study_6_LOD_vs_CN; study_7_LOD_vs_CN",4,"study_1; study_11; study_6; study_7",0.642800532447689
"HSP90B1",-0.0130151496912407,-0.0357214385877726,0.00969113920529121,-0.634377819548486,0.525834281299113,0.803139850723535,-0.0118375722239842,-0.029435187877934,0.01724166059442,8,1482,"study_1_LOD_vs_CN; study_11_LOD_vs_CN; study_2_LOD_vs_CN; study_3_Soma_LOD_vs_CN; study_4_LOD_vs_CN; study_5_LOD_vs_CN; study_6_LOD_vs_CN; study_7_LOD_vs_CN",5,"study_1; study_11; study_4; study_6; study_7",0.620194113986223
"CLEC11A",0.0152644083423964,-0.0209257593437502,0.051454576028543,0.634359779805915,0.5258460515355,0.843614229644182,0.0156361744227902,0.00165287600177728,0.0348212476620472,11,2389,"study_1_LOD_vs_CN; study_11_LOD_vs_CN; study_2_LOD_vs_CN; study_3_Olink_LOD_vs_CN; study_3_Soma_LOD_vs_CN; study_4_LOD_vs_CN; study_5_LOD_vs_CN; study_6_LOD_vs_CN; study_7_LOD_vs_CN; study_8_LOD_vs_CN; study_9_LOD_vs_CN",6,"study_1; study_11; study_4; study_6; study_7; study_8",0.611581820807592
"EHBP1L1",0.0409777236802639,-0.0493657198420596,0.131321167202587,0.632386167585813,0.527134570367255,0.703452920526361,-0.0208271118353779,-0.162465698525531,0.0556069735998333,3,521,"study_11_LOD_vs_CN; study_2_LOD_vs_CN; study_6_LOD_vs_CN",3,"study_11; study_2; study_6",0.704945053893234
"FABP1",0.0218238404447049,-0.0328018967826635,0.0764495776720734,0.632143057841632,0.527293401620638,0.421042141162862,0.0258628821198552,0.00201728877982969,0.0395056140713226,4,831,"study_1_LOD_vs_CN; study_11_LOD_vs_CN; study_2_LOD_vs_CN; study_6_LOD_vs_CN",3,"study_1; study_11; study_6",0.704945053893234
"SPINK5",-0.0104542625993662,-0.0488888023317762,0.0279802771330437,-0.631196576349261,0.527912000261241,0.931428471314131,-0.00859904787821009,-0.058907173371163,0.0788563537012898,7,1228,"study_1_LOD_vs_CN; study_11_LOD_vs_CN; study_2_LOD_vs_CN; study_3_Olink_LOD_vs_CN; study_4_LOD_vs_CN; study_5_LOD_vs_CN; study_6_LOD_vs_CN",4,"study_1; study_11; study_4; study_6",0.644082050458005
"ITGA7",0.00688500165746365,-0.0202993306322859,0.0340693339472132,0.630919475777017,0.528093176825022,0,0.00636654217749382,-0.00552458241824398,0.0159598223827521,7,1297,"study_1_LOD_vs_CN; study_11_LOD_vs_CN; study_2_LOD_vs_CN; study_4_LOD_vs_CN; study_5_LOD_vs_CN; study_6_LOD_vs_CN; study_7_LOD_vs_CN",5,"study_1; study_11; study_4; study_6; study_7",0.621904522172193
"COLGALT1",0.0783387915534345,-0.101255667276577,0.257933250383446,0.629335845124395,0.529129209043708,0.824603574645828,NA,NA,NA,2,55,"study_3_Soma_LOD_vs_CN; study_6_LOD_vs_CN",2,"study_3_Soma; study_6",0.775517619361771
"MMP28",0.0234168549351132,-0.0247543010988806,0.071588010969107,0.629229305893198,0.529198945529686,0.172946423448125,0.0497098791105267,0.00932848025773415,0.111709611637683,3,571,"study_11_LOD_vs_CN; study_2_LOD_vs_CN; study_6_LOD_vs_CN",3,"study_11; study_2; study_6",0.704945053893234
"PRG2",-0.0132193493736105,-0.0797180905745226,0.0532793918273016,-0.628522947412451,0.529661418871132,0.74668302469001,-0.0198068233716008,-0.09275728083088,0.0525013521206282,5,1074,"study_1_LOD_vs_CN; study_11_LOD_vs_CN; study_2_LOD_vs_CN; study_5_LOD_vs_CN; study_6_LOD_vs_CN",3,"study_1; study_11; study_6",0.704945053893234
"HLA-A",0.00395598401135679,-0.0514892790586253,0.0594012470813389,-0.628377712998024,0.529756533504036,0.603426865234135,0.00774944478035069,-0.0144413265838475,0.0534032890175605,7,1340,"study_1_LOD_vs_CN; study_11_LOD_vs_CN; study_2_LOD_vs_CN; study_4_LOD_vs_CN; study_5_LOD_vs_CN; study_6_LOD_vs_CN; study_7_LOD_vs_CN",5,"study_1; study_11; study_4; study_6; study_7",0.622909440771566
"CST5",0.0131729050676011,-0.0357096706527034,0.0620554807879056,0.625928446667159,0.531361875035063,0.153187796217936,NA,NA,NA,4,956,"study_3_Olink_LOD_vs_CN; study_3_Soma_LOD_vs_CN; study_8_LOD_vs_CN; study_9_LOD_vs_CN",2,"study_3_Soma; study_8",0.777306514337007
"PCDHGA10",0.0261216751348256,-0.0978317865290722,0.150075136798723,0.623572188806622,0.532908579838724,0.665301454456944,NA,NA,NA,2,394,"study_11_LOD_vs_CN; study_3_Soma_LOD_vs_CN",2,"study_11; study_3_Soma",0.778087051931825
"H2BC18",-0.0599786880095417,-0.213839907505674,0.093882531486591,-0.620838174003343,0.534706103484601,0,NA,NA,NA,2,189,"study_5_LOD_vs_CN; study_7_LOD_vs_CN",2,"study_5; study_7",0.779230147013612
"PLXNB3",0.0177412074596439,-0.0159279973693116,0.0514104122885994,0.620349491646072,0.535027717781176,0.604286052226879,0.0178411639174627,0.000795709278072364,0.0314332919063453,9,2105,"study_1_LOD_vs_CN; study_11_LOD_vs_CN; study_2_LOD_vs_CN; study_3_Olink_LOD_vs_CN; study_3_Soma_LOD_vs_CN; study_5_LOD_vs_CN; study_6_LOD_vs_CN; study_8_LOD_vs_CN; study_9_LOD_vs_CN",4,"study_1; study_11; study_6; study_8",0.650950389967098
"LAIR2",0.0636265768698974,-0.127803615410391,0.255056769150186,0.619465318789414,0.535609862232163,0.613841438010804,0.0506777549881563,0.00203468679374197,0.0830842480725607,5,1134,"study_2_LOD_vs_CN; study_3_Olink_LOD_vs_CN; study_7_LOD_vs_CN; study_8_LOD_vs_CN; study_9_LOD_vs_CN",3,"study_2; study_7; study_8",0.711156635260407
"IGHV3-21",-0.0214640910998289,-0.0921764534151559,0.0492482712154982,-0.618111252342914,0.536502005430124,0,NA,NA,NA,2,924,"study_1_LOD_vs_CN; study_11_LOD_vs_CN",2,"study_1; study_11",0.780366553352908
"VWA1",-0.00495504530572697,-0.0244628191679367,0.0145527285564827,-0.617886893132528,0.536649899401047,0,-0.00505515693029733,-0.00998707662172788,-8.63710518305015e-05,9,1454,"study_1_LOD_vs_CN; study_11_LOD_vs_CN; study_2_LOD_vs_CN; study_3_Olink_LOD_vs_CN; study_3_Soma_LOD_vs_CN; study_4_LOD_vs_CN; study_5_LOD_vs_CN; study_6_LOD_vs_CN; study_7_LOD_vs_CN",5,"study_1; study_11; study_4; study_6; study_7",0.630051561281534
"HBA1",-0.0301878967895242,-0.212039561940334,0.151663768361285,-0.615810770883599,0.538019417801688,0,-0.0298638563374059,-0.0935156673467454,0.0673319601719929,9,1715,"study_1_LOD_vs_CN; study_10_LOD_vs_CN; study_11_LOD_vs_CN; study_2_LOD_vs_CN; study_3_Soma_LOD_vs_CN; study_4_LOD_vs_CN; study_5_LOD_vs_CN; study_6_LOD_vs_CN; study_7_LOD_vs_CN",5,"study_1; study_11; study_4; study_6; study_7",0.630696543124235
"LILRA3",-0.0572186694122715,-0.185706959834901,0.0712696210103581,-0.614970890637138,0.538573944530867,0.178958943015218,NA,NA,NA,2,370,"study_11_LOD_vs_CN; study_3_Soma_LOD_vs_CN",2,"study_11; study_3_Soma",0.781899412853886
"GRB2",0.00438818054545377,-0.0125082747728647,0.0212846358637723,0.613026027209815,0.539859130270904,0.772994979017646,0.00586225636659943,-0.00431066727564262,0.0329937780504881,8,1470,"study_1_LOD_vs_CN; study_11_LOD_vs_CN; study_2_LOD_vs_CN; study_3_Soma_LOD_vs_CN; study_4_LOD_vs_CN; study_5_LOD_vs_CN; study_6_LOD_vs_CN; study_7_LOD_vs_CN",5,"study_1; study_11; study_4; study_6; study_7",0.631889910469293
"DPP7",0.0296919451908389,-0.0118708460370352,0.0712547364187131,0.611852590468992,0.540635291109873,0.677790243407148,0.0295008761398407,-0.0168209557938754,0.0555156204724368,12,2656,"study_1_LOD_vs_CN; study_10_LOD_vs_CN; study_11_LOD_vs_CN; study_2_LOD_vs_CN; study_3_Olink_LOD_vs_CN; study_3_Soma_LOD_vs_CN; study_4_LOD_vs_CN; study_5_LOD_vs_CN; study_6_LOD_vs_CN; study_7_LOD_vs_CN; study_8_LOD_vs_CN; study_9_LOD_vs_CN",6,"study_1; study_11; study_4; study_6; study_7; study_8",0.624887540100983
"CALD1",0.0356685681835815,-0.103548168459761,0.174885304826924,0.610947838404493,0.54123411315009,0,NA,NA,NA,3,344,"study_11_LOD_vs_CN; study_2_LOD_vs_CN; study_3_Soma_LOD_vs_CN",2,"study_11; study_2",0.781945300319609
"PCYOX1L",-0.0355360056329776,-0.183349343184415,0.11227733191846,-0.609774414681494,0.542011252185074,0.571164215568105,-0.0428562946129501,-0.0655915511735729,-0.0158908805556593,3,381,"study_11_LOD_vs_CN; study_3_Soma_LOD_vs_CN; study_6_LOD_vs_CN",3,"study_11; study_3_Soma; study_6",0.717938532130588
"JUP",0.0425073935317368,-0.0898144303119689,0.174829217375443,0.609574287514726,0.542143848626097,0,NA,NA,NA,5,667,"study_1_LOD_vs_CN; study_11_LOD_vs_CN; study_2_LOD_vs_CN; study_3_Soma_LOD_vs_CN; study_5_LOD_vs_CN",2,"study_1; study_11",0.781945300319609
"IGLV3-16",-0.0424992827537775,-0.308632357346665,0.22363379183911,-0.609226333275395,0.542374428021096,0.628244290404459,NA,NA,NA,2,173,"study_5_LOD_vs_CN; study_6_LOD_vs_CN",2,"study_5; study_6",0.781945300319609
"TMED2",-0.0167087903722556,-0.064218410610183,0.0308008298656718,-0.60854111911344,0.542828642893642,0,NA,NA,NA,3,733,"study_1_LOD_vs_CN; study_11_LOD_vs_CN; study_3_Soma_LOD_vs_CN",2,"study_1; study_11",0.781945300319609
"PTPRF",0.0347600292023431,-0.00140548040743351,0.0709255388121196,0.608091855670339,0.543126553545714,0.904455059841292,0.0342616584655056,-0.00876487833721676,0.0637749540724939,11,2521,"study_1_LOD_vs_CN; study_10_LOD_vs_CN; study_11_LOD_vs_CN; study_2_LOD_vs_CN; study_3_Olink_LOD_vs_CN; study_4_LOD_vs_CN; study_5_LOD_vs_CN; study_6_LOD_vs_CN; study_7_LOD_vs_CN; study_8_LOD_vs_CN; study_9_LOD_vs_CN",6,"study_1; study_11; study_4; study_6; study_7; study_8",0.624887540100983
"COL15A1",0.0160534185454186,-0.00799854574462714,0.0401053828354642,0.607838974936501,0.543294276853201,0.799875105682851,0.0156260351316557,-0.0075031319921446,0.039506665235499,8,1455,"study_1_LOD_vs_CN; study_11_LOD_vs_CN; study_2_LOD_vs_CN; study_3_Soma_LOD_vs_CN; study_4_LOD_vs_CN; study_5_LOD_vs_CN; study_6_LOD_vs_CN; study_7_LOD_vs_CN",5,"study_1; study_11; study_4; study_6; study_7",0.63494422325245
"GBA1",-0.00916000570067414,-0.0325757638470358,0.0142557524456875,-0.607249783251915,0.543685158618367,0.703797144791531,-0.00954700632942273,-0.0330328896625601,0.0188948865219625,7,1289,"study_1_LOD_vs_CN; study_11_LOD_vs_CN; study_2_LOD_vs_CN; study_3_Soma_LOD_vs_CN; study_4_LOD_vs_CN; study_5_LOD_vs_CN; study_6_LOD_vs_CN",4,"study_1; study_11; study_4; study_6",0.655566229538929
"MYH9",-0.0148247538538821,-0.11620726040362,0.0865577526958557,-0.606617573366458,0.544104735101133,0.627793343307607,-0.0166396805666037,-0.0685921196692315,0.04409876946667,5,1075,"study_1_LOD_vs_CN; study_11_LOD_vs_CN; study_2_LOD_vs_CN; study_5_LOD_vs_CN; study_6_LOD_vs_CN",3,"study_1; study_11; study_6",0.718995542812212
"PDIA6",0.00640077916386115,-0.0118464847533198,0.0246480430810421,0.606513966225921,0.544173511034779,0.135179785835906,0.00649724639222423,0.00269435382319128,0.0118116657229021,8,1396,"study_1_LOD_vs_CN; study_11_LOD_vs_CN; study_2_LOD_vs_CN; study_3_Soma_LOD_vs_CN; study_4_LOD_vs_CN; study_5_LOD_vs_CN; study_6_LOD_vs_CN; study_7_LOD_vs_CN",5,"study_1; study_11; study_4; study_6; study_7",0.635006722284894
"ASPA",-0.067860535620995,-0.236135544227508,0.100414472985518,-0.606365699850716,0.544271939938675,0.461826947365556,NA,NA,NA,3,136,"study_2_LOD_vs_CN; study_3_Soma_LOD_vs_CN; study_6_LOD_vs_CN",2,"study_2; study_6",0.781945300319609
"SYT7",-0.022695474602065,-0.0846419929526189,0.0392510437484889,-0.605718160393909,0.544701922629782,0,-0.0194275943380694,-0.0376910761177114,0.0171130983644676,6,1093,"study_1_LOD_vs_CN; study_11_LOD_vs_CN; study_2_LOD_vs_CN; study_5_LOD_vs_CN; study_6_LOD_vs_CN; study_7_LOD_vs_CN",4,"study_1; study_11; study_6; study_7",0.655566229538929
"IGHV4-39",-0.0318656377879405,-0.13202396532688,0.068292689750999,-0.605699223766862,0.544714499571603,0,NA,NA,NA,3,646,"study_11_LOD_vs_CN; study_2_LOD_vs_CN; study_5_LOD_vs_CN",2,"study_11; study_2",0.781945300319609
"MENT",0.00654113461590274,-0.0179592566512598,0.0310415258830653,0.603648721748426,0.546077212999706,0.0353101735704602,0.00600682320330794,-0.00427488134166289,0.0119670457742769,7,1251,"study_1_LOD_vs_CN; study_11_LOD_vs_CN; study_2_LOD_vs_CN; study_3_Soma_LOD_vs_CN; study_5_LOD_vs_CN; study_6_LOD_vs_CN; study_7_LOD_vs_CN",4,"study_1; study_11; study_6; study_7",0.655566229538929
"SRPX",-0.0139514536856653,-0.0518730380799081,0.0239701307085774,-0.603308202195132,0.546303677469514,0,-0.0151930426570277,-0.0264287644018374,-0.00420110306358975,6,1275,"study_1_LOD_vs_CN; study_11_LOD_vs_CN; study_2_LOD_vs_CN; study_5_LOD_vs_CN; study_6_LOD_vs_CN; study_7_LOD_vs_CN",4,"study_1; study_11; study_6; study_7",0.655566229538929
"FAM107B",0.0629651378372992,-0.0604955300181328,0.186425805692731,0.60124105351259,0.54767944445041,0.673460601488739,NA,NA,NA,2,55,"study_2_LOD_vs_CN; study_6_LOD_vs_CN",2,"study_2; study_6",0.784734726376706
"SEMA3E",-0.0137730707932342,-0.0559873315636938,0.0284411899772255,-0.600189176075654,0.548380166410438,0,-0.0147120977900175,-0.0274052062540859,-0.00830205495999855,7,1313,"study_1_LOD_vs_CN; study_11_LOD_vs_CN; study_2_LOD_vs_CN; study_3_Soma_LOD_vs_CN; study_5_LOD_vs_CN; study_6_LOD_vs_CN; study_7_LOD_vs_CN",4,"study_1; study_11; study_6; study_7",0.655566229538929
"FAM171A1",0.00722834550213962,-0.0142143186268017,0.0286710096310809,0.598032949323795,0.549817947924572,0.474400015151844,0.00838226769059356,-0.000377649113313916,0.0291792025800536,8,1368,"study_1_LOD_vs_CN; study_11_LOD_vs_CN; study_2_LOD_vs_CN; study_3_Soma_LOD_vs_CN; study_4_LOD_vs_CN; study_5_LOD_vs_CN; study_6_LOD_vs_CN; study_7_LOD_vs_CN",5,"study_1; study_11; study_4; study_6; study_7",0.640621215081812
"F11",-0.0174301787958004,-0.0636940576274647,0.0288337000358639,-0.597906292982766,0.549902460661473,0.78327204411334,-0.0179757958720601,-0.0622690036743152,0.0386413408502388,8,1321,"study_1_LOD_vs_CN; study_11_LOD_vs_CN; study_2_LOD_vs_CN; study_3_Olink_LOD_vs_CN; study_3_Soma_LOD_vs_CN; study_4_LOD_vs_CN; study_5_LOD_vs_CN; study_6_LOD_vs_CN",4,"study_1; study_11; study_4; study_6",0.655566229538929
"GYG1",-0.0188919988688936,-0.0782240451493887,0.0404400474116015,-0.597715213036912,0.55002997281774,0.368196205962694,-0.0192848316202732,-0.0290998479851602,-0.00524525376444187,6,1196,"study_1_LOD_vs_CN; study_11_LOD_vs_CN; study_2_LOD_vs_CN; study_4_LOD_vs_CN; study_5_LOD_vs_CN; study_6_LOD_vs_CN",4,"study_1; study_11; study_4; study_6",0.655566229538929
"ZG16",-0.0244435467603758,-0.130359248361237,0.0814721548404858,-0.596640271718046,0.550747577862205,0,-0.0134587400902483,-0.0443632384471084,0.0234027537989983,4,461,"study_11_LOD_vs_CN; study_2_LOD_vs_CN; study_3_Soma_LOD_vs_CN; study_6_LOD_vs_CN",3,"study_11; study_2; study_6",0.725608068794932
"LAYN",-0.0151605216142395,-0.0569345554317035,0.0266135122032244,-0.596568704254085,0.550795370936817,0.724339992302487,-0.0140836204472129,-0.0454740616374728,0.00553010631166774,8,2035,"study_1_LOD_vs_CN; study_11_LOD_vs_CN; study_2_LOD_vs_CN; study_3_Olink_LOD_vs_CN; study_3_Soma_LOD_vs_CN; study_7_LOD_vs_CN; study_8_LOD_vs_CN; study_9_LOD_vs_CN",4,"study_1; study_11; study_7; study_8",0.655566229538929
"PRSS1",-0.0213636637125111,-0.0801134873982386,0.0373861599732164,-0.595179319215558,0.5517236126693,0,-0.0235478399880583,-0.0416552336674996,-0.0130622750259484,6,630,"study_10_LOD_vs_CN; study_2_LOD_vs_CN; study_3_Soma_LOD_vs_CN; study_4_LOD_vs_CN; study_5_LOD_vs_CN; study_7_LOD_vs_CN",3,"study_2; study_4; study_7",0.725608068794932
"EPCAM",-0.032674377044208,-0.147323888178836,0.0819751340904201,-0.593910026846816,0.552572292289764,0,NA,NA,NA,3,929,"study_3_Olink_LOD_vs_CN; study_8_LOD_vs_CN; study_9_LOD_vs_CN",2,"study_3_Olink; study_8",0.78719674212983
"CCN3",0.0111773779804326,-0.0150133218799977,0.0373680778408629,0.593838777421586,0.552619950360763,0.756895781873755,0.0103527116775638,-0.00113312742777709,0.0217334007959619,12,2645,"study_1_LOD_vs_CN; study_10_LOD_vs_CN; study_11_LOD_vs_CN; study_2_LOD_vs_CN; study_3_Olink_LOD_vs_CN; study_3_Soma_LOD_vs_CN; study_4_LOD_vs_CN; study_5_LOD_vs_CN; study_6_LOD_vs_CN; study_7_LOD_vs_CN; study_8_LOD_vs_CN; study_9_LOD_vs_CN",6,"study_1; study_11; study_4; study_6; study_7; study_8",0.632409996669536
"RNASE1",0.0101772081583903,-0.0147908315147209,0.0351452478315016,0.591347076644117,0.554287892828192,0.832280867302549,0.0109497870385852,-0.00360504299055357,0.0226403913745693,9,1731,"study_1_LOD_vs_CN; study_10_LOD_vs_CN; study_11_LOD_vs_CN; study_2_LOD_vs_CN; study_3_Soma_LOD_vs_CN; study_4_LOD_vs_CN; study_5_LOD_vs_CN; study_6_LOD_vs_CN; study_7_LOD_vs_CN",5,"study_1; study_11; study_4; study_6; study_7",0.644852329175309
"NTS",0.0189958720674188,-0.0328364444700361,0.0708281886048736,0.591273417197626,0.554337237862543,0.371172835583444,NA,NA,NA,2,549,"study_11_LOD_vs_CN; study_3_Soma_LOD_vs_CN",2,"study_11; study_3_Soma",0.78719674212983
"LGI3",-0.0204670200239789,-0.0964586241436656,0.0555245840957078,-0.590595397357028,0.554791549527391,0,NA,NA,NA,2,502,"study_11_LOD_vs_CN; study_2_LOD_vs_CN",2,"study_11; study_2",0.78719674212983
"ACY1",0.140128442922738,-1.20337971578006,1.48363660162553,0.58989587505884,0.555260459760478,0,NA,NA,NA,2,67,"study_3_Soma_LOD_vs_CN; study_6_LOD_vs_CN",2,"study_3_Soma; study_6",0.78719674212983
"RGN",-0.0177662256501945,-0.0545991050611675,0.0190666537607784,-0.589370223987623,0.55561294639427,0.782501285981558,-0.0124814175130142,-0.0468218182845667,0.0372534830807717,5,1115,"study_1_LOD_vs_CN; study_11_LOD_vs_CN; study_2_LOD_vs_CN; study_5_LOD_vs_CN; study_6_LOD_vs_CN",3,"study_1; study_11; study_6",0.726939682285972
"PCDHGA12",0.0224244204492274,-0.0689129900250315,0.113761830923486,0.589308816886365,0.555654131373011,0.626774743350195,NA,NA,NA,2,422,"study_11_LOD_vs_CN; study_3_Soma_LOD_vs_CN",2,"study_11; study_3_Soma",0.78719674212983
"PLXND1",-0.007910634855417,-0.0425182241868791,0.0266969544760451,-0.589224630066342,0.555710596847967,0.671923439425193,-0.0116451732912141,-0.0278705250628796,0.00193637027086681,6,1055,"study_1_LOD_vs_CN; study_11_LOD_vs_CN; study_2_LOD_vs_CN; study_3_Soma_LOD_vs_CN; study_5_LOD_vs_CN; study_6_LOD_vs_CN",3,"study_1; study_11; study_6",0.726939682285972
"CAPNS1",0.0388228847887397,-0.0400441618191473,0.117689931396627,0.588781823084657,0.556007640828191,0.871402483868064,NA,NA,NA,3,445,"study_11_LOD_vs_CN; study_2_LOD_vs_CN; study_3_Soma_LOD_vs_CN",2,"study_11; study_2",0.78719674212983
"IGHV4-30-2",0.0336634568435762,-0.0724592036920497,0.139786117379202,0.587801521791787,0.55666552247124,0,0.0304245301066947,0.00727274264983271,0.0460070797382629,3,912,"study_1_LOD_vs_CN; study_11_LOD_vs_CN; study_7_LOD_vs_CN",3,"study_1; study_11; study_7",0.726939682285972
"RABGAP1L",-0.0700504164500372,-0.346170855624227,0.206070022724153,-0.587209167086091,0.557063236407361,0,NA,NA,NA,2,95,"study_3_Soma_LOD_vs_CN; study_6_LOD_vs_CN",2,"study_3_Soma; study_6",0.78719674212983
"CPXM1",0.0219485466933391,-0.0301484010123247,0.0740454943990029,0.58687511996539,0.557287580604784,0.692198699438562,0.0200696161281518,-0.013519911333664,0.0337205245211026,10,2094,"study_1_LOD_vs_CN; study_11_LOD_vs_CN; study_2_LOD_vs_CN; study_3_Olink_LOD_vs_CN; study_3_Soma_LOD_vs_CN; study_5_LOD_vs_CN; study_6_LOD_vs_CN; study_7_LOD_vs_CN; study_8_LOD_vs_CN; study_9_LOD_vs_CN",5,"study_1; study_11; study_6; study_7; study_8",0.647362763572627
"ANGPTL3",0.0496239724385779,-0.0825496968952757,0.181797641772432,0.586413473302792,0.557597692341963,0.542934046748237,NA,NA,NA,3,459,"study_11_LOD_vs_CN; study_3_Olink_LOD_vs_CN; study_3_Soma_LOD_vs_CN",2,"study_11; study_3_Soma",0.78719674212983
"MGAT5",-0.00735273429316464,-0.0235568097482291,0.00885134116189983,-0.584248621915966,0.559053053395988,0.597165612143374,-0.00851124044886727,-0.0263559619737423,-0.00131330663321926,8,1426,"study_1_LOD_vs_CN; study_11_LOD_vs_CN; study_2_LOD_vs_CN; study_3_Soma_LOD_vs_CN; study_4_LOD_vs_CN; study_5_LOD_vs_CN; study_6_LOD_vs_CN; study_7_LOD_vs_CN",5,"study_1; study_11; study_4; study_6; study_7",0.648434084557338
"CFP",0.0107820600532055,-0.0381021832746547,0.0596663033810657,0.583097439475879,0.559827707342848,0.849962933743464,0.0106841700149589,-0.0389753451612631,0.080411289601783,7,1293,"study_1_LOD_vs_CN; study_11_LOD_vs_CN; study_2_LOD_vs_CN; study_3_Soma_LOD_vs_CN; study_4_LOD_vs_CN; study_5_LOD_vs_CN; study_6_LOD_vs_CN",4,"study_1; study_11; study_4; study_6",0.663175426785228
"MYDGF",0.00251698259110417,-0.0194911301808502,0.0245250953630586,0.582960382790821,0.559919970222595,0.0122294286682757,0.00271443414030578,-0.00687235241380459,0.0127488911649777,8,1480,"study_1_LOD_vs_CN; study_11_LOD_vs_CN; study_2_LOD_vs_CN; study_3_Soma_LOD_vs_CN; study_4_LOD_vs_CN; study_5_LOD_vs_CN; study_6_LOD_vs_CN; study_7_LOD_vs_CN",5,"study_1; study_11; study_4; study_6; study_7",0.648461531778879
"BOC",0.0118839226607794,-0.037720634402059,0.0614884797236179,0.582519687033428,0.560216684727247,0.647073160274537,0.0114379749485857,0.000850806027397089,0.0199624815242455,7,1496,"study_11_LOD_vs_CN; study_2_LOD_vs_CN; study_3_Olink_LOD_vs_CN; study_3_Soma_LOD_vs_CN; study_6_LOD_vs_CN; study_8_LOD_vs_CN; study_9_LOD_vs_CN",4,"study_11; study_2; study_6; study_8",0.663175426785228
"IGHV1-58",-0.0332326694086569,-0.109847781145813,0.0433824423284991,-0.58183587481886,0.560677237058817,0.608367231381063,-0.0434130382303165,-0.118249988590765,-0.00152275872296192,3,988,"study_1_LOD_vs_CN; study_11_LOD_vs_CN; study_6_LOD_vs_CN",3,"study_1; study_11; study_6",0.730459780675219
"FGA",0.00473613902554366,-0.0534031657512055,0.0628754438022928,-0.580919575434592,0.561294658441284,0.646388273236461,0.00494490195574289,-0.0233767221844131,0.045572992262904,9,1732,"study_1_LOD_vs_CN; study_10_LOD_vs_CN; study_11_LOD_vs_CN; study_2_LOD_vs_CN; study_3_Soma_LOD_vs_CN; study_4_LOD_vs_CN; study_5_LOD_vs_CN; study_6_LOD_vs_CN; study_7_LOD_vs_CN",5,"study_1; study_11; study_4; study_6; study_7",0.649076078708793
"SHISA9",-0.0467331341088894,-0.105157967577513,0.011691699359734,-0.57960878880327,0.562178464861717,0.877280448509043,-0.0392827385679459,-0.101806902656267,0.0459573750226279,5,682,"study_1_LOD_vs_CN; study_11_LOD_vs_CN; study_2_LOD_vs_CN; study_5_LOD_vs_CN; study_7_LOD_vs_CN",3,"study_1; study_11; study_7",0.730700346600124
"C5",-0.00426006705284385,-0.052708936218421,0.0441888021127333,-0.575896871887536,0.564684890100811,0.379000234411127,-0.00412829998856353,-0.025800594451827,0.0277934296210564,9,1732,"study_1_LOD_vs_CN; study_10_LOD_vs_CN; study_11_LOD_vs_CN; study_2_LOD_vs_CN; study_3_Soma_LOD_vs_CN; study_4_LOD_vs_CN; study_5_LOD_vs_CN; study_6_LOD_vs_CN; study_7_LOD_vs_CN",5,"study_1; study_11; study_4; study_6; study_7",0.651605185027679
"FXYD1",-0.00938979326516741,-0.0434840678237192,0.0247044812933844,-0.574082087477956,0.565912254103799,0.522258438607643,NA,NA,NA,3,915,"study_1_LOD_vs_CN; study_11_LOD_vs_CN; study_2_LOD_vs_CN",2,"study_1; study_11",0.795795730533213
"EPB41L2",-0.0201613753983124,-0.0789661105772304,0.0386433597806056,-0.573739541767059,0.566144066160696,0.0871529045062876,NA,NA,NA,4,1006,"study_1_LOD_vs_CN; study_11_LOD_vs_CN; study_2_LOD_vs_CN; study_5_LOD_vs_CN",2,"study_1; study_11",0.795795730533213
"PCDH8",-0.0206253334987426,-0.0496972328655065,0.00844656586802121,-0.573030350997445,0.566624143898154,0.902368500753608,-0.0206304291401872,-0.0646835605801337,0.0119528115182278,8,1635,"study_1_LOD_vs_CN; study_10_LOD_vs_CN; study_11_LOD_vs_CN; study_2_LOD_vs_CN; study_4_LOD_vs_CN; study_5_LOD_vs_CN; study_6_LOD_vs_CN; study_7_LOD_vs_CN",5,"study_1; study_11; study_4; study_6; study_7",0.651605185027679
"PRSS8",0.0131398967005772,-0.0411451401693143,0.0674249335704688,0.572498029365448,0.56698462052121,0,0.0133002045623672,0.00894960888993334,0.0205208720423272,7,1843,"study_1_LOD_vs_CN; study_11_LOD_vs_CN; study_2_LOD_vs_CN; study_3_Olink_LOD_vs_CN; study_3_Soma_LOD_vs_CN; study_8_LOD_vs_CN; study_9_LOD_vs_CN",3,"study_1; study_11; study_8",0.735225384087083
"PZP",-0.0185574367237683,-0.0877661275296946,0.050651254082158,-0.572055905741435,0.567284100543978,0,-0.0190026484292264,-0.0329384816429689,-0.00391070389144495,8,1410,"study_1_LOD_vs_CN; study_11_LOD_vs_CN; study_2_LOD_vs_CN; study_3_Soma_LOD_vs_CN; study_4_LOD_vs_CN; study_5_LOD_vs_CN; study_6_LOD_vs_CN; study_7_LOD_vs_CN",5,"study_1; study_11; study_4; study_6; study_7",0.651605185027679
"GOLM1",-0.00594186027897436,-0.0235748354696769,0.0116911149117282,-0.57199664220055,0.567324249478807,0.445654073652417,-0.00615525435294169,-0.0111418155318126,0.000180980484194225,9,1724,"study_1_LOD_vs_CN; study_10_LOD_vs_CN; study_11_LOD_vs_CN; study_2_LOD_vs_CN; study_3_Soma_LOD_vs_CN; study_4_LOD_vs_CN; study_5_LOD_vs_CN; study_6_LOD_vs_CN; study_7_LOD_vs_CN",5,"study_1; study_11; study_4; study_6; study_7",0.651605185027679
"PCMT1",0.00306593356799106,-0.0219158068032238,0.0280476739392059,0.57141489943283,0.567718431688615,0.663889141835791,0.00420431289558361,-0.00541857577299603,0.025670211545298,7,1455,"study_1_LOD_vs_CN; study_11_LOD_vs_CN; study_2_LOD_vs_CN; study_4_LOD_vs_CN; study_5_LOD_vs_CN; study_6_LOD_vs_CN; study_7_LOD_vs_CN",5,"study_1; study_11; study_4; study_6; study_7",0.651605185027679
"P3H1",-0.0358199938748238,-0.168740419988427,0.0971004322387797,-0.571008109350538,0.567994145837177,0.820093676639302,NA,NA,NA,2,336,"study_11_LOD_vs_CN; study_6_LOD_vs_CN",2,"study_11; study_6",0.795795730533213
"IGLV7-43",-0.0375679925901228,-0.174595811866413,0.0994598266861669,-0.570953293653233,0.568031303713643,0,NA,NA,NA,2,538,"study_11_LOD_vs_CN; study_2_LOD_vs_CN",2,"study_11; study_2",0.795795730533213
"RBP3",-0.0250059293915926,-0.0790504460172266,0.0290385872340414,-0.569183703104956,0.569231479103138,0.803696178538601,-0.0333315429461042,-0.113044908878525,0.0214585542990795,5,1149,"study_1_LOD_vs_CN; study_11_LOD_vs_CN; study_2_LOD_vs_CN; study_5_LOD_vs_CN; study_6_LOD_vs_CN",3,"study_1; study_11; study_6",0.736418347091473
"PCOLCE",0.0127586224972776,-0.01396664940304,0.0394838943975951,0.568938342000509,0.569397983953965,0.809227351828729,0.0127521123233824,0.00468571001622566,0.0292765294999951,12,2661,"study_1_LOD_vs_CN; study_10_LOD_vs_CN; study_11_LOD_vs_CN; study_2_LOD_vs_CN; study_3_Olink_LOD_vs_CN; study_3_Soma_LOD_vs_CN; study_4_LOD_vs_CN; study_5_LOD_vs_CN; study_6_LOD_vs_CN; study_7_LOD_vs_CN; study_8_LOD_vs_CN; study_9_LOD_vs_CN",6,"study_1; study_11; study_4; study_6; study_7; study_8",0.648144513649727
"PLA1A",-0.0301770163550142,-0.122129775068755,0.0617757423587269,-0.565723097976348,0.571582030869018,0,NA,NA,NA,2,474,"study_11_LOD_vs_CN; study_6_LOD_vs_CN",2,"study_11; study_6",0.795795730533213
"EIF4G3",-0.0103323215523601,-0.0613492431935846,0.0406846000888644,-0.564879363015813,0.572155821344304,0.33051699072556,-0.0121755910763305,-0.0476454893625649,0.0240384962053899,3,1005,"study_1_LOD_vs_CN; study_11_LOD_vs_CN; study_6_LOD_vs_CN",3,"study_1; study_11; study_6",0.737939779023453
"GUSB",0.0420143879840163,-0.0220596310834118,0.106088407051444,0.564809920723422,0.572203058462918,0.90133353985361,NA,NA,NA,7,1378,"study_1_LOD_vs_CN; study_2_LOD_vs_CN; study_3_Olink_LOD_vs_CN; study_3_Soma_LOD_vs_CN; study_5_LOD_vs_CN; study_8_LOD_vs_CN; study_9_LOD_vs_CN",2,"study_1; study_8",0.795795730533213
"MEGF6",-0.0440654849644098,-0.173494391243306,0.0853634213144862,-0.564542457699626,0.572385013639454,0.19269499670187,NA,NA,NA,2,386,"study_11_LOD_vs_CN; study_2_LOD_vs_CN",2,"study_11; study_2",0.795795730533213
"IGKV1D-12",-0.0222012616601079,-0.0980135892257784,0.0536110659055627,-0.564537266812521,0.572388545273364,0,NA,NA,NA,2,203,"study_2_LOD_vs_CN; study_7_LOD_vs_CN",2,"study_2; study_7",0.795795730533213
"LYPD6B",-0.0119986688876318,-0.0853540947826583,0.0613567570073948,-0.563617647967322,0.573014373678212,0.0124127877442662,NA,NA,NA,3,762,"study_1_LOD_vs_CN; study_11_LOD_vs_CN; study_2_LOD_vs_CN",2,"study_1; study_11",0.795795730533213
"SORL1",-0.00208031567108981,-0.0224568657564841,0.0182962344143045,-0.562890157897496,0.573509682525513,0.270839364821328,-0.00152668418568862,-0.0101305257106256,0.00286453280918382,7,1454,"study_1_LOD_vs_CN; study_11_LOD_vs_CN; study_2_LOD_vs_CN; study_4_LOD_vs_CN; study_5_LOD_vs_CN; study_6_LOD_vs_CN; study_7_LOD_vs_CN",5,"study_1; study_11; study_4; study_6; study_7",0.657271156277376
"GGT5",0.0181535820377403,-0.0819719830619711,0.118279147137452,0.561666312765646,0.574343390446616,0,0.0274142890025061,0.0124408628274063,0.0522796375326511,5,524,"study_11_LOD_vs_CN; study_2_LOD_vs_CN; study_3_Olink_LOD_vs_CN; study_3_Soma_LOD_vs_CN; study_7_LOD_vs_CN",3,"study_11; study_2; study_7",0.737939779023453
"SMPDL3A",-0.0113875241390552,-0.0454451709648576,0.0226701226867473,-0.561651781363565,0.574353292975559,0.536417572722514,-0.0134833601480246,-0.030084599967721,0.00409400607906246,7,1256,"study_1_LOD_vs_CN; study_11_LOD_vs_CN; study_2_LOD_vs_CN; study_3_Soma_LOD_vs_CN; study_4_LOD_vs_CN; study_5_LOD_vs_CN; study_6_LOD_vs_CN",4,"study_1; study_11; study_4; study_6",0.678077472569528
"PLOD2",-0.029435006105971,-0.106245901384795,0.0473758891728526,-0.56158857178909,0.574396368537174,0.767003713501166,-0.090572398079297,-0.26607667220446,0.0244953883514124,4,609,"study_11_LOD_vs_CN; study_2_LOD_vs_CN; study_3_Soma_LOD_vs_CN; study_6_LOD_vs_CN",3,"study_11; study_2; study_6",0.737939779023453
"PROCR",-0.00663598375155,-0.0338323097451498,0.0205603422420498,-0.560525422734902,0.575121104012616,0.413235420227083,-0.00549441657225,-0.017573588376471,0.00870156797447763,9,1656,"study_1_LOD_vs_CN; study_10_LOD_vs_CN; study_11_LOD_vs_CN; study_2_LOD_vs_CN; study_3_Soma_LOD_vs_CN; study_4_LOD_vs_CN; study_5_LOD_vs_CN; study_6_LOD_vs_CN; study_7_LOD_vs_CN",5,"study_1; study_11; study_4; study_6; study_7",0.658137096704913
"SPOCK3",-0.00478591153984993,-0.0217400089229832,0.0121681858432833,-0.558124284235587,0.576759519053432,0,-0.00491837800041445,-0.00718046975919457,-0.00299578145607237,9,1729,"study_1_LOD_vs_CN; study_10_LOD_vs_CN; study_11_LOD_vs_CN; study_2_LOD_vs_CN; study_3_Soma_LOD_vs_CN; study_4_LOD_vs_CN; study_5_LOD_vs_CN; study_6_LOD_vs_CN; study_7_LOD_vs_CN",5,"study_1; study_11; study_4; study_6; study_7",0.659031307803996
"ITGA6",0.0202163515341491,-0.0512653885690866,0.0916980916373847,0.556429861170952,0.577917030047495,0,NA,NA,NA,2,496,"study_11_LOD_vs_CN; study_2_LOD_vs_CN",2,"study_11; study_2",0.800111470965856
"EDIL3",-0.0194378371859189,-0.0608635408993073,0.0219878665274696,-0.556139290393848,0.578115637358934,0.72470335784362,-0.0207800234295179,-0.0442660767610022,-0.00305979258929182,10,2184,"study_1_LOD_vs_CN; study_11_LOD_vs_CN; study_2_LOD_vs_CN; study_3_Olink_LOD_vs_CN; study_3_Soma_LOD_vs_CN; study_5_LOD_vs_CN; study_6_LOD_vs_CN; study_7_LOD_vs_CN; study_8_LOD_vs_CN; study_9_LOD_vs_CN",5,"study_1; study_11; study_6; study_7; study_8",0.659600779123175
"CD1C",-0.0199742227679758,-0.101445703436121,0.0614972579001693,-0.55600775229947,0.57820555519017,0,NA,NA,NA,3,929,"study_3_Olink_LOD_vs_CN; study_8_LOD_vs_CN; study_9_LOD_vs_CN",2,"study_3_Olink; study_8",0.800111470965856
"TSKU",-0.0122577976465514,-0.0867008769328489,0.0621852816397461,-0.553091031916189,0.580201077282274,0,-0.0241248956614377,-0.0640564320397266,0.00236416271298927,3,602,"study_11_LOD_vs_CN; study_5_LOD_vs_CN; study_6_LOD_vs_CN",3,"study_11; study_5; study_6",0.743675745708227
"TRH",0.0466681560948558,-0.0356864605398934,0.129022772729605,0.552895225492166,0.580335156993732,0.467376665989078,0.0741501600737032,0.0097466662294969,0.202461809319115,5,740,"study_11_LOD_vs_CN; study_2_LOD_vs_CN; study_3_Soma_LOD_vs_CN; study_6_LOD_vs_CN; study_7_LOD_vs_CN",4,"study_11; study_2; study_6; study_7",0.683297846137781
"MSTN",-0.0064632113546863,-0.0323383728368082,0.0194119501274356,-0.549543126040272,0.58263277717429,0.806808697236641,-0.00636702975105843,-0.0167247649044345,0.0025247781850686,10,2305,"study_1_LOD_vs_CN; study_11_LOD_vs_CN; study_2_LOD_vs_CN; study_3_Olink_LOD_vs_CN; study_4_LOD_vs_CN; study_5_LOD_vs_CN; study_6_LOD_vs_CN; study_7_LOD_vs_CN; study_8_LOD_vs_CN; study_9_LOD_vs_CN",6,"study_1; study_11; study_4; study_6; study_7; study_8",0.659700604842847
"CUTA",-0.00477520766713997,-0.0238509480549949,0.014300532720715,-0.546291224564319,0.584865767450581,0.448119343811229,-0.00408231330165534,-0.0137843323866966,0.0100216659517162,9,1722,"study_1_LOD_vs_CN; study_10_LOD_vs_CN; study_11_LOD_vs_CN; study_2_LOD_vs_CN; study_3_Soma_LOD_vs_CN; study_4_LOD_vs_CN; study_5_LOD_vs_CN; study_6_LOD_vs_CN; study_7_LOD_vs_CN",5,"study_1; study_11; study_4; study_6; study_7",0.666313740991848
"DSCAM",-0.0258329331272344,-0.11150195341035,0.0598360871558812,-0.546043875149028,0.585035778107541,0,NA,NA,NA,3,538,"study_11_LOD_vs_CN; study_2_LOD_vs_CN; study_3_Soma_LOD_vs_CN",2,"study_11; study_2",0.808106974076604
"PTPRB",-0.0234116503206248,-0.0733773295954684,0.0265540289542188,-0.545540631518109,0.585381743399092,0.736019364897552,-0.0165160440818228,-0.0503377663725382,0.0391094735993129,4,929,"study_1_LOD_vs_CN; study_11_LOD_vs_CN; study_2_LOD_vs_CN; study_6_LOD_vs_CN",3,"study_1; study_11; study_6",0.746883880715979
"ADARB1",-0.0230278050231451,-0.101138881015055,0.0550832709687649,-0.545520661628489,0.585395474074686,0,-0.0271959839776825,-0.0604682981550379,-0.00707388018424343,3,979,"study_1_LOD_vs_CN; study_11_LOD_vs_CN; study_6_LOD_vs_CN",3,"study_1; study_11; study_6",0.746883880715979
"TNFRSF14",0.028920314716553,-0.0107581947142096,0.0685988241473157,0.544541048123765,0.586069209448798,0.780997634016527,0.0277638868604726,-0.00693104049472211,0.0473414848161265,9,1956,"study_1_LOD_vs_CN; study_11_LOD_vs_CN; study_2_LOD_vs_CN; study_3_Olink_LOD_vs_CN; study_3_Soma_LOD_vs_CN; study_5_LOD_vs_CN; study_6_LOD_vs_CN; study_8_LOD_vs_CN; study_9_LOD_vs_CN",4,"study_1; study_11; study_6; study_8",0.686682689598692
"NOTCH3",0.0202354560500406,-0.0127117016952459,0.053182613795327,-0.543202899520479,0.586990110441893,0.879442765531499,0.0199130837992135,-0.00981310958178817,0.041787705494062,11,2362,"study_1_LOD_vs_CN; study_11_LOD_vs_CN; study_2_LOD_vs_CN; study_3_Olink_LOD_vs_CN; study_3_Soma_LOD_vs_CN; study_4_LOD_vs_CN; study_5_LOD_vs_CN; study_6_LOD_vs_CN; study_7_LOD_vs_CN; study_8_LOD_vs_CN; study_9_LOD_vs_CN",6,"study_1; study_11; study_4; study_6; study_7; study_8",0.661136229655606
"FGFRL1",0.0207677785306272,-0.0747231028184172,0.116258659879672,0.54237992024849,0.587556809490628,0,NA,NA,NA,2,303,"study_11_LOD_vs_CN; study_3_Soma_LOD_vs_CN",2,"study_11; study_3_Soma",0.808425792306695
"PXDN",-0.00141678555604141,-0.0359997530412346,0.0331661819291518,-0.542148305536653,0.587716343755829,0.447965198256028,-0.0011639275380123,-0.0153710815398073,0.0219751608833105,5,1159,"study_1_LOD_vs_CN; study_11_LOD_vs_CN; study_4_LOD_vs_CN; study_5_LOD_vs_CN; study_6_LOD_vs_CN",4,"study_1; study_11; study_4; study_6",0.686682689598692
"MATN3",0.0212717730357161,-0.0188824716659119,0.0614260177373441,0.541862456709226,0.587913261642716,0.440135349087439,0.0211521429346314,-0.00151907474609399,0.0373404358035888,9,2074,"study_1_LOD_vs_CN; study_11_LOD_vs_CN; study_2_LOD_vs_CN; study_3_Olink_LOD_vs_CN; study_3_Soma_LOD_vs_CN; study_5_LOD_vs_CN; study_6_LOD_vs_CN; study_8_LOD_vs_CN; study_9_LOD_vs_CN",4,"study_1; study_11; study_6; study_8",0.686682689598692
"ST8SIA4",-0.0114220754658301,-0.0560390755005839,0.0331949245689237,-0.541629661883666,0.588073653790139,0,NA,NA,NA,4,636,"study_11_LOD_vs_CN; study_2_LOD_vs_CN; study_3_Soma_LOD_vs_CN; study_5_LOD_vs_CN",2,"study_11; study_2",0.808425792306695
"CAP1",0.0160771730171056,-0.036890982182312,0.0690453282165233,0.541263005245161,0.588326315732126,0.782982502529235,0.0073438066898529,-0.0602929493463551,0.0744645751333343,4,889,"study_1_LOD_vs_CN; study_11_LOD_vs_CN; study_2_LOD_vs_CN; study_6_LOD_vs_CN",3,"study_1; study_11; study_6",0.748803362760924
"KLRD1",-0.0183085706587836,-0.0927836334640518,0.0561664921464847,-0.540238333037136,0.589032679966162,0.769859013911547,NA,NA,NA,3,929,"study_3_Olink_LOD_vs_CN; study_8_LOD_vs_CN; study_9_LOD_vs_CN",2,"study_3_Olink; study_8",0.808425792306695
"EIF6",-0.020293934303508,-0.209975276553703,0.169387407946687,-0.539418203186577,0.589598323471214,0,-0.0102031604817075,-0.0386098176053564,0.0282227738027383,3,424,"study_11_LOD_vs_CN; study_2_LOD_vs_CN; study_6_LOD_vs_CN",3,"study_11; study_2; study_6",0.748803362760924
"TPP1",0.0040121766192066,-0.0288283885382525,0.0368527417766657,-0.538681620597144,0.590106557788077,0.64926304872088,0.00322096168662609,-0.0263908003966759,0.0186181524350627,12,2651,"study_1_LOD_vs_CN; study_10_LOD_vs_CN; study_11_LOD_vs_CN; study_2_LOD_vs_CN; study_3_Olink_LOD_vs_CN; study_3_Soma_LOD_vs_CN; study_4_LOD_vs_CN; study_5_LOD_vs_CN; study_6_LOD_vs_CN; study_7_LOD_vs_CN; study_8_LOD_vs_CN; study_9_LOD_vs_CN",6,"study_1; study_11; study_4; study_6; study_7; study_8",0.661166509773029
"LMNA",-0.0154096074331099,-0.111936298882902,0.0811170840166822,-0.53688361807562,0.591348007497506,0.886576695685536,NA,NA,NA,4,750,"study_1_LOD_vs_CN; study_11_LOD_vs_CN; study_2_LOD_vs_CN; study_5_LOD_vs_CN",2,"study_1; study_11",0.808425792306695
"KRT9",-0.00175346574422828,-0.131503968412924,0.127997036924467,0.536652693306208,0.591507538871211,0.349712950095449,-0.00217165340674889,-0.0360198437731351,0.0196984518181393,8,1683,"study_1_LOD_vs_CN; study_10_LOD_vs_CN; study_11_LOD_vs_CN; study_2_LOD_vs_CN; study_4_LOD_vs_CN; study_5_LOD_vs_CN; study_6_LOD_vs_CN; study_7_LOD_vs_CN",5,"study_1; study_11; study_4; study_6; study_7",0.672883576023611
"IZUMO4",0.0229701235286756,-0.0616972454835333,0.107637492540884,0.536383029054414,0.591693857936867,0,NA,NA,NA,2,450,"study_11_LOD_vs_CN; study_3_Soma_LOD_vs_CN",2,"study_11; study_3_Soma",0.808425792306695
"ANK1",0.0435706217302801,-0.0980490476391744,0.185190291099734,0.535573203244256,0.59225355267954,0.619880773486497,NA,NA,NA,2,455,"study_11_LOD_vs_CN; study_2_LOD_vs_CN",2,"study_11; study_2",0.808425792306695
"IGHV1-8",-0.0560552513882555,-0.23050693738794,0.118396434611429,-0.535021408630821,0.592635053474829,0.0105547127195736,NA,NA,NA,2,761,"study_1_LOD_vs_CN; study_11_LOD_vs_CN",2,"study_1; study_11",0.808425792306695
"HBG2",0.0798031345731414,-0.189068466081152,0.348674735227434,0.534143118237103,0.593242519841219,0.778703478647493,0.0476253653121517,-0.038059936097518,0.120064582051415,4,409,"study_11_LOD_vs_CN; study_2_LOD_vs_CN; study_3_Soma_LOD_vs_CN; study_7_LOD_vs_CN",3,"study_11; study_2; study_7",0.749453368707403
"ADGRL2",-0.0262278949395741,-0.114367825144418,0.0619120352652696,-0.533068319638715,0.593986288209913,0,-0.0315507575339869,-0.0555801103099632,-0.00673147846954539,5,1092,"study_1_LOD_vs_CN; study_11_LOD_vs_CN; study_2_LOD_vs_CN; study_5_LOD_vs_CN; study_6_LOD_vs_CN",3,"study_1; study_11; study_6",0.749453368707403
"B4GALNT1",-0.00156208198969689,-0.032846126573734,0.0297219625943402,-0.532366620157438,0.594472099328907,0,0.000227226879480818,-0.0105129799466416,0.0122092998199655,6,1296,"study_1_LOD_vs_CN; study_11_LOD_vs_CN; study_2_LOD_vs_CN; study_5_LOD_vs_CN; study_6_LOD_vs_CN; study_7_LOD_vs_CN",4,"study_1; study_11; study_6; study_7",0.692496754005483
"TMEM59L",-0.00947410701541266,-0.0449642394747802,0.0260160254439549,-0.532067429886716,0.594679294435185,0.882568096986501,-0.0090204294954951,-0.053857099473744,0.0252453105978159,6,1176,"study_1_LOD_vs_CN; study_11_LOD_vs_CN; study_2_LOD_vs_CN; study_3_Soma_LOD_vs_CN; study_5_LOD_vs_CN; study_6_LOD_vs_CN",3,"study_1; study_11; study_6",0.749453368707403
"RET",0.0177007717129733,-0.0822323481444652,0.117633891570412,0.530661284432229,0.595653519225521,0,0.0167389527018921,0.000109592121329096,0.031143482313053,6,1435,"study_11_LOD_vs_CN; study_2_LOD_vs_CN; study_3_Olink_LOD_vs_CN; study_3_Soma_LOD_vs_CN; study_8_LOD_vs_CN; study_9_LOD_vs_CN",3,"study_11; study_2; study_8",0.749453368707403
"VAT1",-0.0254487007978488,-0.121917547521265,0.0710201459255672,-0.530515404480465,0.595754631414907,0.349899880274972,NA,NA,NA,2,393,"study_11_LOD_vs_CN; study_3_Soma_LOD_vs_CN",2,"study_11; study_3_Soma",0.811152445395441
"AGRN",0.00191305764008846,-0.0131465184232248,0.0169726337034017,0.530045777363936,0.596080192105898,0.60059980797641,0.00214314730538083,-0.00639467085005798,0.00747206799673502,9,1732,"study_1_LOD_vs_CN; study_10_LOD_vs_CN; study_11_LOD_vs_CN; study_2_LOD_vs_CN; study_3_Soma_LOD_vs_CN; study_4_LOD_vs_CN; study_5_LOD_vs_CN; study_6_LOD_vs_CN; study_7_LOD_vs_CN",5,"study_1; study_11; study_4; study_6; study_7",0.676868222584809
"CFHR4",0.0276902421663605,-0.0719777372762017,0.127358221608923,0.529085319049478,0.596746265167219,0.222272098496807,NA,NA,NA,2,490,"study_11_LOD_vs_CN; study_2_LOD_vs_CN",2,"study_11; study_2",0.811152445395441
"C16orf89",0.00995598826464369,-0.0111389916204891,0.0310509681497764,0.529050119100034,0.596770682591028,0.635329748142897,0.0115408880657289,0.0027731613332719,0.0282851689013928,8,1696,"study_1_LOD_vs_CN; study_10_LOD_vs_CN; study_11_LOD_vs_CN; study_2_LOD_vs_CN; study_4_LOD_vs_CN; study_5_LOD_vs_CN; study_6_LOD_vs_CN; study_7_LOD_vs_CN",5,"study_1; study_11; study_4; study_6; study_7",0.676868222584809
"IGKV3D-7",-0.0185858512119923,-0.0915974743832919,0.0544257719593074,-0.527375318978799,0.597932979396679,0,NA,NA,NA,2,923,"study_1_LOD_vs_CN; study_11_LOD_vs_CN",2,"study_1; study_11",0.811329555082419
"LTF",0.0234999510807178,-0.0377906112484732,0.0847905134099088,0.526359163144034,0.598638683525365,0.245718137826425,0.0228553698386731,-0.00169454641078088,0.0442091029310253,8,1443,"study_1_LOD_vs_CN; study_11_LOD_vs_CN; study_2_LOD_vs_CN; study_3_Soma_LOD_vs_CN; study_4_LOD_vs_CN; study_5_LOD_vs_CN; study_6_LOD_vs_CN; study_7_LOD_vs_CN",5,"study_1; study_11; study_4; study_6; study_7",0.677986962637711
"PPA1",0.0775803348538423,-0.114527081576286,0.269687751283971,0.525415618312516,0.599294298525434,0.748133030666887,NA,NA,NA,3,333,"study_11_LOD_vs_CN; study_2_LOD_vs_CN; study_3_Soma_LOD_vs_CN",2,"study_11; study_2",0.811742541918048
"MYRF",-0.00531387259066112,-0.0282958165009616,0.0176680713196394,-0.523855805008485,0.60037883577303,0.905071353240566,0.000223537781028791,-0.0208422350054613,0.0393135692749601,4,1044,"study_1_LOD_vs_CN; study_11_LOD_vs_CN; study_2_LOD_vs_CN; study_6_LOD_vs_CN",3,"study_1; study_11; study_6",0.749453368707403
"ADGRG6",0.00288737664876595,-0.0670777245718862,0.0728524778694181,-0.523424371464213,0.600678967857231,0.750570362750153,-0.0209153781791221,-0.0789938018671677,0.00876387003957099,3,541,"study_11_LOD_vs_CN; study_2_LOD_vs_CN; study_7_LOD_vs_CN",3,"study_11; study_2; study_7",0.749453368707403
"IGKV1-6",-0.00727682888495594,-0.0845252197787345,0.0699715620088227,-0.523382692671029,0.60070796581661,0.808036710538658,0.00122035651374755,-0.0558965316161504,0.0502692502310129,3,1035,"study_1_LOD_vs_CN; study_11_LOD_vs_CN; study_4_LOD_vs_CN",3,"study_1; study_11; study_4",0.749453368707403
"BID",-0.00682290407818344,-0.0517400400173989,0.0380942318610321,-0.523087934558191,0.600913061396026,0,-0.01153783175253,-0.0411624838253504,0.0114359161920894,5,928,"study_1_LOD_vs_CN; study_11_LOD_vs_CN; study_2_LOD_vs_CN; study_3_Soma_LOD_vs_CN; study_6_LOD_vs_CN",3,"study_1; study_11; study_6",0.749453368707403
"SERPINA7",0.0192041550093495,-0.021248494607088,0.0596568046257871,0.523074123803253,0.600922671830165,0.563788999541989,0.0201972982683405,0.00379771616027229,0.0491217888173685,10,1760,"study_1_LOD_vs_CN; study_10_LOD_vs_CN; study_11_LOD_vs_CN; study_2_LOD_vs_CN; study_3_Olink_LOD_vs_CN; study_3_Soma_LOD_vs_CN; study_4_LOD_vs_CN; study_5_LOD_vs_CN; study_6_LOD_vs_CN; study_7_LOD_vs_CN",5,"study_1; study_11; study_4; study_6; study_7",0.679572845054995
"BLVRB",-0.00918790475664483,-0.11098231898566,0.0926065094723703,-0.522988444682285,0.6009822945646,0.303240948559102,-0.013265633114961,-0.0968117268213313,0.0590494439539505,8,1308,"study_1_LOD_vs_CN; study_11_LOD_vs_CN; study_2_LOD_vs_CN; study_3_Olink_LOD_vs_CN; study_3_Soma_LOD_vs_CN; study_5_LOD_vs_CN; study_6_LOD_vs_CN; study_7_LOD_vs_CN",4,"study_1; study_11; study_6; study_7",0.698223461589642
"SBSPON",0.0110065033027556,-0.0360581391415034,0.0580711457470145,0.521044583747817,0.602335713695256,0.448430065183025,0.00406092523915811,-0.0418404392403493,0.0435417670061311,5,995,"study_1_LOD_vs_CN; study_11_LOD_vs_CN; study_2_LOD_vs_CN; study_5_LOD_vs_CN; study_6_LOD_vs_CN",3,"study_1; study_11; study_6",0.749543320853962
"FXYD7",0.0443754755801408,-0.0946555962192223,0.183406547379504,0.518102553069736,0.604386719044753,0,NA,NA,NA,2,57,"study_2_LOD_vs_CN; study_6_LOD_vs_CN",2,"study_2; study_6",0.815564875835932
"CPA1",0.0369148767980033,-0.093647380193338,0.167477133789345,0.517848578280355,0.604563921750898,0,NA,NA,NA,3,929,"study_3_Olink_LOD_vs_CN; study_8_LOD_vs_CN; study_9_LOD_vs_CN",2,"study_3_Olink; study_8",0.815564875835932
"PCDHGA5",-0.0188181357652911,-0.115717005769129,0.0780807342385471,-0.516791010108111,0.60530205628448,0,NA,NA,NA,2,351,"study_11_LOD_vs_CN; study_2_LOD_vs_CN",2,"study_11; study_2",0.815564875835932
"JAML",0.0181146203622214,-0.0268508690260163,0.063080109750459,0.513013694517787,0.607941741280415,0.234680960250395,0.0197673933735742,0.00465874566632826,0.0380957398952516,8,1357,"study_1_LOD_vs_CN; study_11_LOD_vs_CN; study_2_LOD_vs_CN; study_3_Soma_LOD_vs_CN; study_4_LOD_vs_CN; study_5_LOD_vs_CN; study_6_LOD_vs_CN; study_7_LOD_vs_CN",5,"study_1; study_11; study_4; study_6; study_7",0.686501026497268
"CAPN2",-0.00863039251362958,-0.0967216301360747,0.0794608451088155,-0.512465773341268,0.608325068528841,0.809719479056103,NA,NA,NA,3,492,"study_11_LOD_vs_CN; study_2_LOD_vs_CN; study_3_Soma_LOD_vs_CN",2,"study_11; study_2",0.816936518889174
"PRL",-0.0174309422948134,-0.0585329629422783,0.0236710783526514,-0.510124265561392,0.60996440612,0.419607638506116,-0.0203900149254002,-0.0551744341423429,-0.00427328284531042,8,1372,"study_1_LOD_vs_CN; study_11_LOD_vs_CN; study_2_LOD_vs_CN; study_3_Soma_LOD_vs_CN; study_4_LOD_vs_CN; study_5_LOD_vs_CN; study_6_LOD_vs_CN; study_7_LOD_vs_CN",5,"study_1; study_11; study_4; study_6; study_7",0.687775114818592
"CD276",0.019428521772179,-0.0433874397255702,0.0822444832699281,0.509495514368166,0.610404941690499,0,NA,NA,NA,2,509,"study_11_LOD_vs_CN; study_2_LOD_vs_CN",2,"study_11; study_2",0.816936518889174
"MICOS10",-0.0137064783533801,-0.0663828847937719,0.0389699280870116,-0.508662770481162,0.610988622325655,0,NA,NA,NA,2,162,"study_3_Soma_LOD_vs_CN; study_7_LOD_vs_CN",2,"study_3_Soma; study_7",0.816936518889174
"LGMN",0.0149372080401512,-0.0245015560858003,0.0543759721661027,-0.507873726633182,0.611541901226175,0.904529205427552,0.0125536003020853,-0.0521330583648306,0.0453022705606687,11,2253,"study_1_LOD_vs_CN; study_11_LOD_vs_CN; study_2_LOD_vs_CN; study_3_Olink_LOD_vs_CN; study_3_Soma_LOD_vs_CN; study_4_LOD_vs_CN; study_5_LOD_vs_CN; study_6_LOD_vs_CN; study_7_LOD_vs_CN; study_8_LOD_vs_CN; study_9_LOD_vs_CN",6,"study_1; study_11; study_4; study_6; study_7; study_8",0.681614410741675
"FGF21",0.0334545278635886,-0.095560652078633,0.16246970780581,0.505571682310393,0.613157365025644,0,NA,NA,NA,3,929,"study_3_Olink_LOD_vs_CN; study_8_LOD_vs_CN; study_9_LOD_vs_CN",2,"study_3_Olink; study_8",0.816936518889174
"GSN",0.0135101134122428,-0.00434037329211277,0.0313606001165984,0.503724202623859,0.614455198280773,0.915284254095447,0.0142373604057819,-0.00549387905515195,0.0306018603922212,9,1732,"study_1_LOD_vs_CN; study_10_LOD_vs_CN; study_11_LOD_vs_CN; study_2_LOD_vs_CN; study_3_Soma_LOD_vs_CN; study_4_LOD_vs_CN; study_5_LOD_vs_CN; study_6_LOD_vs_CN; study_7_LOD_vs_CN",5,"study_1; study_11; study_4; study_6; study_7",0.691824374052583
"PCBP1",-0.0337655354836501,-0.185464527913693,0.117933456946393,-0.500033491714107,0.61705149510689,0,NA,NA,NA,3,325,"study_11_LOD_vs_CN; study_2_LOD_vs_CN; study_3_Soma_LOD_vs_CN",2,"study_11; study_2",0.816936518889174
"VAMP5",-0.00777424609640613,-0.0439430006685843,0.0283945084757721,-0.4999956399502,0.617078147500035,0.626229390098968,NA,NA,NA,4,953,"study_2_LOD_vs_CN; study_3_Olink_LOD_vs_CN; study_8_LOD_vs_CN; study_9_LOD_vs_CN",2,"study_2; study_8",0.816936518889174
"FBXO2",0.0580255703505537,-0.172209145481178,0.288260286182286,0.499873945435715,0.617163839131644,0,NA,NA,NA,2,75,"study_2_LOD_vs_CN; study_6_LOD_vs_CN",2,"study_2; study_6",0.816936518889174
"LCN2",0.0109495173555862,-0.0276287325849283,0.0495277672961007,0.499613128243128,0.61734751205664,0.702442546557668,0.0101665651476583,-0.0331305321596021,0.0580562580554423,9,1404,"study_1_LOD_vs_CN; study_11_LOD_vs_CN; study_2_LOD_vs_CN; study_3_Olink_LOD_vs_CN; study_3_Soma_LOD_vs_CN; study_4_LOD_vs_CN; study_5_LOD_vs_CN; study_6_LOD_vs_CN; study_7_LOD_vs_CN",5,"study_1; study_11; study_4; study_6; study_7",0.694064673642626
"ANKRD2",-0.0247830145250656,-0.120517572495992,0.0709515434458606,-0.499430172821624,0.617476367377529,0,NA,NA,NA,2,485,"study_11_LOD_vs_CN; study_3_Soma_LOD_vs_CN",2,"study_11; study_3_Soma",0.816936518889174
"BNC2",0.047573394048674,-0.0239712295165452,0.119118017613893,0.499078720031207,0.617723928258546,0.885982489964047,NA,NA,NA,2,475,"study_11_LOD_vs_CN; study_6_LOD_vs_CN",2,"study_11; study_6",0.816936518889174
"DKK2",0.021475742466851,-0.0813365792425581,0.12428806417626,0.498011949823613,0.61847561957126,0,NA,NA,NA,2,437,"study_11_LOD_vs_CN; study_3_Soma_LOD_vs_CN",2,"study_11; study_3_Soma",0.816936518889174
"TGOLN2",0.00638178469828185,-0.0153692935430138,0.0281328629395775,0.496783621214035,0.619341646489769,0.851464339632576,0.00732207399833181,-0.0166538527090359,0.038366062274362,8,1704,"study_1_LOD_vs_CN; study_10_LOD_vs_CN; study_11_LOD_vs_CN; study_2_LOD_vs_CN; study_4_LOD_vs_CN; study_5_LOD_vs_CN; study_6_LOD_vs_CN; study_7_LOD_vs_CN",5,"study_1; study_11; study_4; study_6; study_7",0.695290111168807
"SELENOS",-0.0652240914140993,-0.168773675671582,0.0383254928433836,-0.496545565157765,0.619509547899953,0.81198314081743,NA,NA,NA,2,206,"study_3_Soma_LOD_vs_CN; study_7_LOD_vs_CN",2,"study_3_Soma; study_7",0.816936518889174
"NAPA",0.0356046831578115,-0.104795886577429,0.176005252893052,0.495716709546074,0.620094296225167,0,NA,NA,NA,2,422,"study_11_LOD_vs_CN; study_3_Soma_LOD_vs_CN",2,"study_11; study_3_Soma",0.816936518889174
"TNFRSF10B",0.0193194149559593,-0.0600340636973861,0.0986728936093046,0.494726948093237,0.620792876602934,0,NA,NA,NA,4,955,"study_3_Olink_LOD_vs_CN; study_3_Soma_LOD_vs_CN; study_8_LOD_vs_CN; study_9_LOD_vs_CN",2,"study_3_Soma; study_8",0.816936518889174
"BMP5",-0.0218429577462608,-0.0815229936157055,0.037837078123184,-0.494195777475329,0.621167921559436,0.240549546612799,-0.017163603468445,-0.0414933857690875,0.0221802565367359,4,879,"study_1_LOD_vs_CN; study_11_LOD_vs_CN; study_3_Soma_LOD_vs_CN; study_6_LOD_vs_CN",3,"study_1; study_11; study_6",0.769650334810184
"IL17RA",0.0270399617246121,-0.0725476089524957,0.12662753240172,0.494133154269364,0.621212144571976,0.234146698163332,NA,NA,NA,4,956,"study_3_Olink_LOD_vs_CN; study_3_Soma_LOD_vs_CN; study_8_LOD_vs_CN; study_9_LOD_vs_CN",2,"study_3_Soma; study_8",0.816936518889174
"IDUA",0.0151842948464338,-0.0446583267985731,0.0750269164914408,-0.494074947175942,0.621253250258418,0.75444169469049,0.0136303801326595,-0.047940725023204,0.0465998345295431,9,1996,"study_1_LOD_vs_CN; study_11_LOD_vs_CN; study_2_LOD_vs_CN; study_3_Olink_LOD_vs_CN; study_3_Soma_LOD_vs_CN; study_5_LOD_vs_CN; study_6_LOD_vs_CN; study_8_LOD_vs_CN; study_9_LOD_vs_CN",4,"study_1; study_11; study_6; study_8",0.719864877283564
"SARAF",-0.00733629093255954,-0.0399992912441901,0.025326709379071,-0.494055056472933,0.62126729728822,0.492747662226612,-0.0120484476366257,-0.036609229939827,0.00342623213927016,5,986,"study_1_LOD_vs_CN; study_11_LOD_vs_CN; study_2_LOD_vs_CN; study_5_LOD_vs_CN; study_6_LOD_vs_CN",3,"study_1; study_11; study_6",0.769650334810184
"GPR37",-0.00209092755886649,-0.0250878595959685,0.0209060044782355,0.493300368544431,0.621800368015294,0.846761665546396,-0.000355992560458836,-0.0177358421540381,0.0365834846198167,9,1623,"study_1_LOD_vs_CN; study_10_LOD_vs_CN; study_11_LOD_vs_CN; study_2_LOD_vs_CN; study_3_Soma_LOD_vs_CN; study_4_LOD_vs_CN; study_5_LOD_vs_CN; study_6_LOD_vs_CN; study_7_LOD_vs_CN",5,"study_1; study_11; study_4; study_6; study_7",0.696172381767638
"TTR",-0.00729792782237748,-0.0397150130946594,0.0251191574499044,-0.493105371584815,0.621938135597357,0.615869190561563,-0.00905057570011336,-0.0370252277105165,0.00592776328884235,7,1455,"study_1_LOD_vs_CN; study_11_LOD_vs_CN; study_2_LOD_vs_CN; study_4_LOD_vs_CN; study_5_LOD_vs_CN; study_6_LOD_vs_CN; study_7_LOD_vs_CN",5,"study_1; study_11; study_4; study_6; study_7",0.696172381767638
"FTH1",0.00980157271145859,-0.0119911390231019,0.0315942844460191,0.489871989330044,0.624224485192701,0.723683907541684,0.00901663227274725,-0.0115058193027625,0.0233058382564106,8,1403,"study_1_LOD_vs_CN; study_11_LOD_vs_CN; study_2_LOD_vs_CN; study_3_Soma_LOD_vs_CN; study_4_LOD_vs_CN; study_5_LOD_vs_CN; study_6_LOD_vs_CN; study_7_LOD_vs_CN",5,"study_1; study_11; study_4; study_6; study_7",0.697306507604425
"ITIH2",-0.00426197739857427,-0.0565900530373721,0.0480660982402236,-0.488778620579556,0.624998435592324,0.71123932008847,-0.00421668975707217,-0.0416863688942804,0.0496354521565488,9,1732,"study_1_LOD_vs_CN; study_10_LOD_vs_CN; study_11_LOD_vs_CN; study_2_LOD_vs_CN; study_3_Soma_LOD_vs_CN; study_4_LOD_vs_CN; study_5_LOD_vs_CN; study_6_LOD_vs_CN; study_7_LOD_vs_CN",5,"study_1; study_11; study_4; study_6; study_7",0.697306507604425
"RHOA",0.0265883729356494,-0.0528748287074562,0.106051574578755,0.488463860380551,0.625221318010979,0,0.00125693566092268,-0.0575196134057692,0.0307313914348279,4,592,"study_11_LOD_vs_CN; study_2_LOD_vs_CN; study_3_Soma_LOD_vs_CN; study_6_LOD_vs_CN",3,"study_11; study_2; study_6",0.770376829921508
"IGLV9-49",-0.0133361092897717,-0.0981166061874509,0.0714443876079075,-0.487828053528888,0.625671638812813,0,-0.0135215236262132,-0.0220562699478589,-0.00512422279634037,6,1399,"study_1_LOD_vs_CN; study_11_LOD_vs_CN; study_4_LOD_vs_CN; study_5_LOD_vs_CN; study_6_LOD_vs_CN; study_7_LOD_vs_CN",5,"study_1; study_11; study_4; study_6; study_7",0.697306507604425
"MFAP2",0.0138128416802866,-0.0301883695451483,0.0578140529057216,0.486545895383073,0.626580173447113,0.0158764543856613,0.00148598715640208,-0.034452932425523,0.0248653120613127,5,709,"study_11_LOD_vs_CN; study_2_LOD_vs_CN; study_3_Soma_LOD_vs_CN; study_5_LOD_vs_CN; study_6_LOD_vs_CN",3,"study_11; study_2; study_6",0.770376829921508
"SEMA3A",-0.00632718292797502,-0.0312878339552615,0.0186334680993115,-0.486123162699428,0.626879845293419,0,-0.00683168608049691,-0.0140485317713584,-0.00220774941718275,6,1208,"study_1_LOD_vs_CN; study_11_LOD_vs_CN; study_2_LOD_vs_CN; study_5_LOD_vs_CN; study_6_LOD_vs_CN; study_7_LOD_vs_CN",4,"study_1; study_11; study_6; study_7",0.723334020987793
"EPB41",0.0384169684358363,-0.154183295134586,0.231017232006258,0.485129474963707,0.627584505114641,0,NA,NA,NA,2,496,"study_11_LOD_vs_CN; study_3_Soma_LOD_vs_CN",2,"study_11; study_3_Soma",0.822952775550881
"ANGPT4",0.027348362601047,-0.0359755794389079,0.0906723046410018,-0.48464228593384,0.627930112594813,0.956022874389102,NA,NA,NA,3,1086,"study_7_LOD_vs_CN; study_8_LOD_vs_CN; study_9_LOD_vs_CN",2,"study_7; study_8",0.822952775550881
"COX16",-0.0067406616212587,-0.0311786298884396,0.0176973066459222,-0.483764798347704,0.628552800162228,0,-0.00617109577877739,-0.0143163184030395,0.00248736461784429,4,1164,"study_1_LOD_vs_CN; study_11_LOD_vs_CN; study_5_LOD_vs_CN; study_7_LOD_vs_CN",3,"study_1; study_11; study_7",0.770376829921508
"PLXNA2",-0.00596197282716561,-0.0366645562671269,0.0247406106127957,-0.483620370809203,0.628655314975372,0.474233944511065,-0.00348894289205694,-0.0176643597764567,0.0274316665750287,6,1276,"study_1_LOD_vs_CN; study_11_LOD_vs_CN; study_2_LOD_vs_CN; study_5_LOD_vs_CN; study_6_LOD_vs_CN; study_7_LOD_vs_CN",4,"study_1; study_11; study_6; study_7",0.723334020987793
"ROR1",-0.00348833538732456,-0.0444951005475945,0.0375184297729454,-0.483154216051488,0.628986240940412,0,-0.00420262800989081,-0.0126194880136289,0.00496602029817385,8,1879,"study_1_LOD_vs_CN; study_11_LOD_vs_CN; study_2_LOD_vs_CN; study_3_Olink_LOD_vs_CN; study_3_Soma_LOD_vs_CN; study_5_LOD_vs_CN; study_8_LOD_vs_CN; study_9_LOD_vs_CN",3,"study_1; study_11; study_8",0.770376829921508
"HRNR",-0.01639798530497,-0.150971496470018,0.118175525860078,0.482506184193956,0.629446406340777,0.594682428010584,-0.0144865115565475,-0.0729694203387834,0.076576542321253,6,1091,"study_1_LOD_vs_CN; study_11_LOD_vs_CN; study_2_LOD_vs_CN; study_5_LOD_vs_CN; study_6_LOD_vs_CN; study_7_LOD_vs_CN",4,"study_1; study_11; study_6; study_7",0.723334020987793
"HLA-B",0.0288562988410784,-0.0320626817319239,0.0897752794140807,0.48170195734312,0.630017685417626,0.667065392018085,0.0249732748772706,-0.0112698753308374,0.0507352290650023,5,1124,"study_1_LOD_vs_CN; study_11_LOD_vs_CN; study_2_LOD_vs_CN; study_5_LOD_vs_CN; study_7_LOD_vs_CN",3,"study_1; study_11; study_7",0.770376829921508
"EGFLAM",0.00566646497228013,-0.0250709499525307,0.0364038798970909,0.481470519192068,0.630182127539396,0,0.0033880475071235,-0.00876156294960212,0.0138613103966576,6,1152,"study_1_LOD_vs_CN; study_11_LOD_vs_CN; study_2_LOD_vs_CN; study_3_Soma_LOD_vs_CN; study_5_LOD_vs_CN; study_6_LOD_vs_CN",3,"study_1; study_11; study_6",0.770376829921508
"MPZL1",-0.014589923189328,-0.0656345564048015,0.0364547100261456,-0.480526648625483,0.630852958943692,0.571764197052763,-0.00511455656935569,-0.0222454875520846,0.0343937094636357,5,572,"study_11_LOD_vs_CN; study_2_LOD_vs_CN; study_3_Soma_LOD_vs_CN; study_6_LOD_vs_CN; study_7_LOD_vs_CN",4,"study_11; study_2; study_6; study_7",0.723334020987793
"DYNC1I2",-0.0168286922095382,-0.0797547498919613,0.0460973654728849,-0.479935637027798,0.631273159999876,0,NA,NA,NA,2,457,"study_11_LOD_vs_CN; study_2_LOD_vs_CN",2,"study_11; study_2",0.823266467766271
"CAPS",-0.00170055466902261,-0.0728582131491253,0.0694571038110801,-0.479793710984367,0.631374085204583,0.694450245395001,NA,NA,NA,3,725,"study_1_LOD_vs_CN; study_11_LOD_vs_CN; study_3_Soma_LOD_vs_CN",2,"study_1; study_11",0.823266467766271
"ADH1B",0.035064063749488,-0.0635484461947161,0.133676573693692,0.479777869160338,0.631385350930122,0.596106224574631,NA,NA,NA,3,849,"study_1_LOD_vs_CN; study_11_LOD_vs_CN; study_2_LOD_vs_CN",2,"study_1; study_11",0.823266467766271
"ASPRV1",0.0166726317575542,-0.0371952783124659,0.0705405418275743,0.478545777657406,0.632261800340838,0,0.0151575775420163,0.00566164198415402,0.020288166798518,6,842,"study_1_LOD_vs_CN; study_11_LOD_vs_CN; study_2_LOD_vs_CN; study_3_Soma_LOD_vs_CN; study_5_LOD_vs_CN; study_7_LOD_vs_CN",3,"study_1; study_11; study_7",0.771220437778385
"TGFBR2",0.0215719866471822,-0.00915219136388632,0.0522961646582507,0.478026591571013,0.632631278699108,0.891861192958826,0.0215045636626744,-0.000326104486118391,0.0358509429029017,9,2202,"study_1_LOD_vs_CN; study_11_LOD_vs_CN; study_2_LOD_vs_CN; study_3_Olink_LOD_vs_CN; study_5_LOD_vs_CN; study_6_LOD_vs_CN; study_7_LOD_vs_CN; study_8_LOD_vs_CN; study_9_LOD_vs_CN",5,"study_1; study_11; study_6; study_7; study_8",0.704042624196258
"ENDOD1",-0.00145179772420615,-0.0172456029200159,0.0143420074716036,-0.47602561987821,0.634056125749205,0.834297278198208,-0.000696613825629584,-0.0142525482228683,0.0126759449936803,8,1698,"study_1_LOD_vs_CN; study_10_LOD_vs_CN; study_11_LOD_vs_CN; study_2_LOD_vs_CN; study_4_LOD_vs_CN; study_5_LOD_vs_CN; study_6_LOD_vs_CN; study_7_LOD_vs_CN",5,"study_1; study_11; study_4; study_6; study_7",0.704608613729969
"PLAU",0.0512354199548259,-0.120149694198863,0.222620534108515,0.475989169044547,0.634082094176287,0,NA,NA,NA,2,76,"study_3_Olink_LOD_vs_CN; study_6_LOD_vs_CN",2,"study_3_Olink; study_6",0.825194692375168
"ATRNL1",0.00979062555684728,-0.0205182217879162,0.0400994729016107,0.473610872746616,0.635777420637931,0.723759017750136,0.0115265877485257,-0.0262627968265949,0.0521703576368946,6,1221,"study_1_LOD_vs_CN; study_11_LOD_vs_CN; study_2_LOD_vs_CN; study_4_LOD_vs_CN; study_5_LOD_vs_CN; study_6_LOD_vs_CN",4,"study_1; study_11; study_4; study_6",0.727077050233456
"TEK",-0.0171721128035047,-0.089475484558393,0.0551312589513837,-0.473536320512147,0.635830594804361,0,NA,NA,NA,3,928,"study_3_Olink_LOD_vs_CN; study_8_LOD_vs_CN; study_9_LOD_vs_CN",2,"study_3_Olink; study_8",0.825194692375168
"ST6GALNAC6",-0.0165063550491091,-0.0980512036852608,0.0650384935870426,-0.473176060916621,0.636087575372525,0,NA,NA,NA,3,928,"study_3_Soma_LOD_vs_CN; study_8_LOD_vs_CN; study_9_LOD_vs_CN",2,"study_3_Soma; study_8",0.825194692375168
"IL13RA1",0.00402934634892233,-0.0401293413167675,0.0481880340146121,0.471732142394536,0.637117991527419,0.80653812267289,-0.00151881534451995,-0.0446154217174067,0.0318255649430611,6,1337,"study_11_LOD_vs_CN; study_2_LOD_vs_CN; study_3_Olink_LOD_vs_CN; study_3_Soma_LOD_vs_CN; study_8_LOD_vs_CN; study_9_LOD_vs_CN",3,"study_11; study_2; study_8",0.774014185455613
"ADGRE5",0.0156909539924409,-0.034391037973241,0.0657729459581228,-0.471419196169058,0.637341410366153,0.876787586628786,0.0142085870099966,-0.0193987838064185,0.0511116249839662,7,1926,"study_1_LOD_vs_CN; study_11_LOD_vs_CN; study_2_LOD_vs_CN; study_3_Olink_LOD_vs_CN; study_5_LOD_vs_CN; study_8_LOD_vs_CN; study_9_LOD_vs_CN",3,"study_1; study_11; study_8",0.774014185455613
"AXL",0.0202528222065876,-0.0076088090812438,0.048114453494419,0.465817651435991,0.641346029260013,0.781266274982709,0.019874665218659,-0.0102418122397688,0.0379858927647109,11,2592,"study_1_LOD_vs_CN; study_10_LOD_vs_CN; study_11_LOD_vs_CN; study_2_LOD_vs_CN; study_3_Olink_LOD_vs_CN; study_4_LOD_vs_CN; study_5_LOD_vs_CN; study_6_LOD_vs_CN; study_7_LOD_vs_CN; study_8_LOD_vs_CN; study_9_LOD_vs_CN",6,"study_1; study_11; study_4; study_6; study_7; study_8",0.711129794101776
"IGLV6-57",-0.0013185462836366,-0.0628996163550007,0.0602625237877275,-0.465601252015123,0.641500946628754,0.429729559181958,-0.000335721853510965,-0.0274613503082403,0.0208419729092242,6,1407,"study_1_LOD_vs_CN; study_11_LOD_vs_CN; study_4_LOD_vs_CN; study_5_LOD_vs_CN; study_6_LOD_vs_CN; study_7_LOD_vs_CN",5,"study_1; study_11; study_4; study_6; study_7",0.711853142795832
"GPHN",-0.0227843750356656,-0.174147243488295,0.128578493416964,-0.465331774011387,0.641693884046481,0,-0.0372319840271513,-0.0715084820239414,-0.0169536890698322,4,463,"study_11_LOD_vs_CN; study_2_LOD_vs_CN; study_3_Soma_LOD_vs_CN; study_6_LOD_vs_CN",3,"study_11; study_2; study_6",0.776460112068188
"LY75",-0.00706756133552441,-0.0372284193186516,0.0230932966476028,-0.464689961630991,0.642153498088826,0,-0.00713844119566406,-0.0109962416314234,-0.00219957243532275,7,1161,"study_1_LOD_vs_CN; study_11_LOD_vs_CN; study_2_LOD_vs_CN; study_3_Olink_LOD_vs_CN; study_3_Soma_LOD_vs_CN; study_5_LOD_vs_CN; study_6_LOD_vs_CN",3,"study_1; study_11; study_6",0.776460112068188
"CA3",-0.0275583811349698,-0.125367177619123,0.0702504153491836,-0.4636443468195,0.642902576275264,0.711730940463133,-0.0322187183988552,-0.118869822730195,0.0356153999478756,10,2005,"study_1_LOD_vs_CN; study_11_LOD_vs_CN; study_2_LOD_vs_CN; study_3_Olink_LOD_vs_CN; study_3_Soma_LOD_vs_CN; study_5_LOD_vs_CN; study_6_LOD_vs_CN; study_7_LOD_vs_CN; study_8_LOD_vs_CN; study_9_LOD_vs_CN",5,"study_1; study_11; study_6; study_7; study_8",0.71238052039723
"EGLN2",0.187983789778056,-0.717249909752309,1.09321748930842,0.463021450678449,0.643348991601853,0.611264355590982,NA,NA,NA,2,80,"study_3_Soma_LOD_vs_CN; study_6_LOD_vs_CN",2,"study_3_Soma; study_6",0.833207462985199
"UGGT1",-0.0142355889398123,-0.0576741476915186,0.0292029698118941,-0.461070577523869,0.64474797007324,0.398322799559604,-0.0205560701396703,-0.0627363594554738,0.0155169798667571,5,939,"study_1_LOD_vs_CN; study_11_LOD_vs_CN; study_2_LOD_vs_CN; study_5_LOD_vs_CN; study_6_LOD_vs_CN",3,"study_1; study_11; study_6",0.777902442153583
"FAHD1",-0.039982904309948,-0.149693120160342,0.0697273115404457,-0.458733734488941,0.646425385813917,0.836578952540273,NA,NA,NA,3,491,"study_11_LOD_vs_CN; study_2_LOD_vs_CN; study_3_Soma_LOD_vs_CN",2,"study_11; study_2",0.835782317011934
"MARCO",0.0121907273467454,-0.0231065477911529,0.0474880024846436,0.457729571778644,0.647146739696937,0.23349960928405,0.0128587843869871,0.00316348213129556,0.0267541793539143,11,2274,"study_1_LOD_vs_CN; study_11_LOD_vs_CN; study_2_LOD_vs_CN; study_3_Olink_LOD_vs_CN; study_3_Soma_LOD_vs_CN; study_4_LOD_vs_CN; study_5_LOD_vs_CN; study_6_LOD_vs_CN; study_7_LOD_vs_CN; study_8_LOD_vs_CN; study_9_LOD_vs_CN",6,"study_1; study_11; study_4; study_6; study_7; study_8",0.711212178247711
"CNTN2",-0.000196126011008437,-0.0165316613298108,0.016139409307794,-0.456448951406494,0.648067171767774,0.427248694722356,0.000189972595232736,-0.00482242938260542,0.00791915561992229,12,2661,"study_1_LOD_vs_CN; study_10_LOD_vs_CN; study_11_LOD_vs_CN; study_2_LOD_vs_CN; study_3_Olink_LOD_vs_CN; study_3_Soma_LOD_vs_CN; study_4_LOD_vs_CN; study_5_LOD_vs_CN; study_6_LOD_vs_CN; study_7_LOD_vs_CN; study_8_LOD_vs_CN; study_9_LOD_vs_CN",6,"study_1; study_11; study_4; study_6; study_7; study_8",0.711212178247711
"EFNB1",0.00639180444899726,-0.0117833672108616,0.0245669761088561,0.454401013052218,0.649540223353759,0.80819666234753,0.00726332824429995,-0.00194598299097533,0.0168304898093626,8,1433,"study_1_LOD_vs_CN; study_11_LOD_vs_CN; study_2_LOD_vs_CN; study_3_Soma_LOD_vs_CN; study_4_LOD_vs_CN; study_5_LOD_vs_CN; study_6_LOD_vs_CN; study_7_LOD_vs_CN",5,"study_1; study_11; study_4; study_6; study_7",0.71869990181157
"IGKV1-17",-0.011867446525145,-0.0975636541785162,0.0738287611282262,-0.453651582643226,0.650079620517507,0,NA,NA,NA,2,464,"study_1_LOD_vs_CN; study_7_LOD_vs_CN",2,"study_1; study_7",0.839094367323438
"TREM2",0.00357002977833252,-0.0264298216031971,0.0335698811598622,0.450773221722171,0.652153003059537,0.687465527946746,-0.00124017578572173,-0.0360134610538791,0.0223811268009679,5,1037,"study_1_LOD_vs_CN; study_11_LOD_vs_CN; study_2_LOD_vs_CN; study_3_Soma_LOD_vs_CN; study_7_LOD_vs_CN",3,"study_1; study_11; study_7",0.78512997114543
"CDH15",-0.00598865407780808,-0.0359065973572108,0.0239292892015947,-0.45041490823947,0.652411297297067,0.283283254361385,-0.00704380261456649,-0.0324186636853911,0.0097128784191936,9,1498,"study_1_LOD_vs_CN; study_11_LOD_vs_CN; study_2_LOD_vs_CN; study_3_Olink_LOD_vs_CN; study_3_Soma_LOD_vs_CN; study_4_LOD_vs_CN; study_5_LOD_vs_CN; study_6_LOD_vs_CN; study_7_LOD_vs_CN",5,"study_1; study_11; study_4; study_6; study_7",0.720839493708972
"LIPH",-0.0406851505347087,-0.213340735180758,0.13197043411134,-0.448359946736873,0.653893443376578,0,NA,NA,NA,2,348,"study_11_LOD_vs_CN; study_6_LOD_vs_CN",2,"study_11; study_6",0.842600947169819
"EPHB4",0.0195689625702759,-0.02260427863263,0.0617422037731818,0.447829579391552,0.654276194148182,0.602135093051432,0.0185357239157422,-0.000528874031227679,0.0357484119175559,8,1806,"study_1_LOD_vs_CN; study_11_LOD_vs_CN; study_2_LOD_vs_CN; study_3_Olink_LOD_vs_CN; study_3_Soma_LOD_vs_CN; study_5_LOD_vs_CN; study_8_LOD_vs_CN; study_9_LOD_vs_CN",3,"study_1; study_11; study_8",0.785636062866914
"THAP4",0.0233489990217066,-0.135533611569443,0.182231609612856,0.44519087174778,0.656181822871733,0,0.0224883104806443,0.0189661502341888,0.0262104646181417,3,259,"study_3_Soma_LOD_vs_CN; study_6_LOD_vs_CN; study_7_LOD_vs_CN",3,"study_3_Soma; study_6; study_7",0.785636062866914
"AIF1L",-0.0376462351836617,-0.159014394402728,0.0837219240354041,-0.444562930396713,0.65663564152573,0.518297162454174,NA,NA,NA,2,292,"study_11_LOD_vs_CN; study_3_Soma_LOD_vs_CN",2,"study_11; study_3_Soma",0.844717207188879
"NT5E",-0.00746466852281548,-0.0487727598121526,0.0338434227665216,-0.444045079247638,0.657009992375254,0,-0.00688263633525345,-0.0118085208291952,0.000778862752979449,7,1053,"study_1_LOD_vs_CN; study_11_LOD_vs_CN; study_2_LOD_vs_CN; study_3_Olink_LOD_vs_CN; study_3_Soma_LOD_vs_CN; study_5_LOD_vs_CN; study_6_LOD_vs_CN",3,"study_1; study_11; study_6",0.785636062866914
"RTN4",0.00340220687400097,-0.0780181716178677,0.0848225853658697,0.442572282140484,0.658075137085718,0.838989560987297,NA,NA,NA,2,550,"study_11_LOD_vs_CN; study_2_LOD_vs_CN",2,"study_11; study_2",0.845153353314099
"COL5A1",-0.000860067294072464,-0.0267918480224262,0.0250717134342813,-0.442094870534593,0.658420556083882,0.897645750999974,-0.000974104397571572,-0.0320091756892061,0.0395322692397118,8,1454,"study_1_LOD_vs_CN; study_11_LOD_vs_CN; study_2_LOD_vs_CN; study_3_Soma_LOD_vs_CN; study_4_LOD_vs_CN; study_5_LOD_vs_CN; study_6_LOD_vs_CN; study_7_LOD_vs_CN",5,"study_1; study_11; study_4; study_6; study_7",0.726367475116502
"TGFBI",0.0224505430529355,-0.00826331602029784,0.0531644021261688,0.441121276425475,0.659125201176491,0.813746040382412,0.0221500726374724,0.000631669036134851,0.0379773934142202,12,2660,"study_1_LOD_vs_CN; study_10_LOD_vs_CN; study_11_LOD_vs_CN; study_2_LOD_vs_CN; study_3_Olink_LOD_vs_CN; study_3_Soma_LOD_vs_CN; study_4_LOD_vs_CN; study_5_LOD_vs_CN; study_6_LOD_vs_CN; study_7_LOD_vs_CN; study_8_LOD_vs_CN; study_9_LOD_vs_CN",6,"study_1; study_11; study_4; study_6; study_7; study_8",0.716554135602779
"IGHG4",0.00243184654602465,-0.0929241823987543,0.0977878754908036,-0.440874800169022,0.659303638012118,0,0.003849051215303,-0.023545707726357,0.0464767353327811,9,1730,"study_1_LOD_vs_CN; study_10_LOD_vs_CN; study_11_LOD_vs_CN; study_2_LOD_vs_CN; study_3_Soma_LOD_vs_CN; study_4_LOD_vs_CN; study_5_LOD_vs_CN; study_6_LOD_vs_CN; study_7_LOD_vs_CN",5,"study_1; study_11; study_4; study_6; study_7",0.726367475116502
"MFRP",0.00604855276074079,-0.0371018034210848,0.0491989089425664,0.440550912304765,0.659538146572236,0.492602890593866,-0.0182928903769285,-0.0879884599526289,0.0219313937805307,4,676,"study_11_LOD_vs_CN; study_2_LOD_vs_CN; study_3_Soma_LOD_vs_CN; study_6_LOD_vs_CN",3,"study_11; study_2; study_6",0.785636062866914
"ANXA4",0.021342787963934,-0.174838743955856,0.217524319883724,0.440433191563509,0.659623389678086,0,NA,NA,NA,2,131,"study_2_LOD_vs_CN; study_6_LOD_vs_CN",2,"study_2; study_6",0.845727484595609
"CD99L2",-0.0046461557063388,-0.0271706801129677,0.0178783687002901,0.440421838499272,0.659631610811904,0.83321466244438,-0.00446306517453833,-0.0167178338995211,0.0138386975044476,11,2599,"study_1_LOD_vs_CN; study_10_LOD_vs_CN; study_11_LOD_vs_CN; study_2_LOD_vs_CN; study_3_Olink_LOD_vs_CN; study_4_LOD_vs_CN; study_5_LOD_vs_CN; study_6_LOD_vs_CN; study_7_LOD_vs_CN; study_8_LOD_vs_CN; study_9_LOD_vs_CN",6,"study_1; study_11; study_4; study_6; study_7; study_8",0.716554135602779
"TOR1AIP1",-0.0232111771831206,-0.124201429016203,0.0777790746499623,-0.438878993746003,0.660749218354545,0,-0.00498064346019507,-0.0325794553810412,0.040802856003061,4,469,"study_11_LOD_vs_CN; study_2_LOD_vs_CN; study_3_Soma_LOD_vs_CN; study_6_LOD_vs_CN",3,"study_11; study_2; study_6",0.785636062866914
"ANXA1",0.0164864896232346,-0.053447671328851,0.0864206505753203,0.438440847674449,0.661066741187115,0.608439192292123,0.00138494988001737,-0.0783996275838677,0.0465541020934296,6,938,"study_1_LOD_vs_CN; study_11_LOD_vs_CN; study_2_LOD_vs_CN; study_3_Olink_LOD_vs_CN; study_3_Soma_LOD_vs_CN; study_6_LOD_vs_CN",3,"study_1; study_11; study_6",0.785636062866914
"REG1A",-0.0109462607844793,-0.07323827135935,0.0513457497903914,-0.43822174860788,0.661225544350404,0.815684654998979,-0.0100408524947163,-0.0399462466103732,0.0251793977237279,10,2077,"study_1_LOD_vs_CN; study_11_LOD_vs_CN; study_2_LOD_vs_CN; study_3_Olink_LOD_vs_CN; study_3_Soma_LOD_vs_CN; study_5_LOD_vs_CN; study_6_LOD_vs_CN; study_7_LOD_vs_CN; study_8_LOD_vs_CN; study_9_LOD_vs_CN",5,"study_1; study_11; study_6; study_7; study_8",0.727442694714536
"SYNJ2BP-COX16",-0.0165242545859395,-0.0892821424788417,0.0562336333069626,-0.435619118523989,0.663113097179785,0,NA,NA,NA,2,172,"study_2_LOD_vs_CN; study_7_LOD_vs_CN",2,"study_2; study_7",0.848742828575771
"TCTN3",0.0246396283189208,-0.0722292848411838,0.121508541479025,0.434141806081586,0.664185468716196,0,NA,NA,NA,2,415,"study_11_LOD_vs_CN; study_6_LOD_vs_CN",2,"study_11; study_6",0.848742828575771
"IGLV2-23",-0.0157340965112424,-0.0998894463208185,0.0684212532983338,-0.433324473535441,0.664779060856918,0.179362535182781,-0.011243110466301,-0.0417308774439855,0.017023640125949,4,1120,"study_1_LOD_vs_CN; study_11_LOD_vs_CN; study_4_LOD_vs_CN; study_5_LOD_vs_CN",3,"study_1; study_11; study_4",0.788359783708524
"ALCAM",0.0180956804565483,-0.0110878002461566,0.0472791611592531,0.431483072531054,0.666117158208838,0.836597824947207,0.0180745051999927,-0.00823318687320763,0.0416730029420293,12,2621,"study_1_LOD_vs_CN; study_10_LOD_vs_CN; study_11_LOD_vs_CN; study_2_LOD_vs_CN; study_3_Olink_LOD_vs_CN; study_3_Soma_LOD_vs_CN; study_4_LOD_vs_CN; study_5_LOD_vs_CN; study_6_LOD_vs_CN; study_7_LOD_vs_CN; study_8_LOD_vs_CN; study_9_LOD_vs_CN",6,"study_1; study_11; study_4; study_6; study_7; study_8",0.719944807357027
"CHST1",-0.00607668912717819,-0.0314718231949528,0.0193184449405964,-0.43111269093594,0.666386433306152,0.723597787663655,-0.00342784025991569,-0.0187780650766281,0.0310022627803658,7,1328,"study_1_LOD_vs_CN; study_11_LOD_vs_CN; study_2_LOD_vs_CN; study_3_Soma_LOD_vs_CN; study_5_LOD_vs_CN; study_6_LOD_vs_CN; study_7_LOD_vs_CN",4,"study_1; study_11; study_6; study_7",0.760097025489829
"SERPINA5",-0.00188964384853533,-0.0333473131413134,0.0295680254442428,-0.430771397034395,0.666634599115343,0.863754120287885,-0.000421088523331112,-0.017738296694804,0.0487745862578589,10,1759,"study_1_LOD_vs_CN; study_10_LOD_vs_CN; study_11_LOD_vs_CN; study_2_LOD_vs_CN; study_3_Olink_LOD_vs_CN; study_3_Soma_LOD_vs_CN; study_4_LOD_vs_CN; study_5_LOD_vs_CN; study_6_LOD_vs_CN; study_7_LOD_vs_CN",5,"study_1; study_11; study_4; study_6; study_7",0.732345723885284
"ALAD",-0.0133762972407445,-0.114458480470377,0.0877058859888884,-0.428228772460228,0.668484570388113,0.710662655276098,NA,NA,NA,5,1037,"study_1_LOD_vs_CN; study_11_LOD_vs_CN; study_2_LOD_vs_CN; study_3_Soma_LOD_vs_CN; study_5_LOD_vs_CN",2,"study_1; study_11",0.852817525013407
"FBLN2",0.00393822626672797,-0.0147340821481546,0.0226105346816106,0.427074188554136,0.669325292358431,0,0.00345598201988875,-0.0080648258976142,0.0108646912608944,8,1697,"study_1_LOD_vs_CN; study_10_LOD_vs_CN; study_11_LOD_vs_CN; study_2_LOD_vs_CN; study_4_LOD_vs_CN; study_5_LOD_vs_CN; study_6_LOD_vs_CN; study_7_LOD_vs_CN",5,"study_1; study_11; study_4; study_6; study_7",0.734081296307487
"LRIG1",0.0305471787562321,-0.012751003434063,0.0738453609465271,0.426946863260307,0.669418030963048,0.788448362829406,0.0295359330595329,-0.0140895663433139,0.0547076634894678,9,2037,"study_1_LOD_vs_CN; study_11_LOD_vs_CN; study_2_LOD_vs_CN; study_3_Olink_LOD_vs_CN; study_3_Soma_LOD_vs_CN; study_5_LOD_vs_CN; study_6_LOD_vs_CN; study_8_LOD_vs_CN; study_9_LOD_vs_CN",4,"study_1; study_11; study_6; study_8",0.76157168197874
"PTPRD",-0.00015602323285669,-0.0175409713426221,0.0172289248769087,0.425978341446992,0.670123628098642,0.882721683930961,0.00112807212508534,-0.0111539173408828,0.028348210465058,9,1654,"study_1_LOD_vs_CN; study_10_LOD_vs_CN; study_11_LOD_vs_CN; study_2_LOD_vs_CN; study_3_Soma_LOD_vs_CN; study_4_LOD_vs_CN; study_5_LOD_vs_CN; study_6_LOD_vs_CN; study_7_LOD_vs_CN",5,"study_1; study_11; study_4; study_6; study_7",0.734081296307487
"MAG",-0.00261170879538068,-0.0234169651225975,0.0181935475318362,-0.423597365979812,0.671859476623751,0.710899626485297,-0.000988779177219519,-0.0120469946831835,0.0189348673664827,8,1457,"study_1_LOD_vs_CN; study_11_LOD_vs_CN; study_2_LOD_vs_CN; study_3_Soma_LOD_vs_CN; study_4_LOD_vs_CN; study_5_LOD_vs_CN; study_6_LOD_vs_CN; study_7_LOD_vs_CN",5,"study_1; study_11; study_4; study_6; study_7",0.734935899749168
"BMPR2",0.00616745332583065,-0.0220928102339558,0.0344277168856171,0.423488992728109,0.671938527807451,0.459143275796126,0.00831010523635659,-0.0145232121643633,0.0341925563643321,6,1144,"study_1_LOD_vs_CN; study_11_LOD_vs_CN; study_2_LOD_vs_CN; study_3_Soma_LOD_vs_CN; study_5_LOD_vs_CN; study_6_LOD_vs_CN",3,"study_1; study_11; study_6",0.792216544456312
"NAGPA",-0.0177283664427004,-0.0612743016537582,0.0258175687683575,-0.422322821376501,0.672789402789449,0.739356810194208,NA,NA,NA,5,934,"study_1_LOD_vs_CN; study_11_LOD_vs_CN; study_2_LOD_vs_CN; study_3_Soma_LOD_vs_CN; study_5_LOD_vs_CN",2,"study_1; study_11",0.854519921729079
"SLC39A14",0.0116870599417194,-0.0343689359175034,0.0577430558009422,0.421474455037972,0.673408660758853,0,0.00886205205716469,-0.0113065535133342,0.0260004554898304,5,1017,"study_1_LOD_vs_CN; study_11_LOD_vs_CN; study_2_LOD_vs_CN; study_5_LOD_vs_CN; study_6_LOD_vs_CN",3,"study_1; study_11; study_6",0.792216544456312
"DDR2",0.0251074501708023,-0.0850597634715561,0.135274663813161,0.420939908690489,0.673798962186145,0,0.039553622039956,0.0109375895288896,0.0795754977882558,4,659,"study_11_LOD_vs_CN; study_2_LOD_vs_CN; study_3_Soma_LOD_vs_CN; study_6_LOD_vs_CN",3,"study_11; study_2; study_6",0.792216544456312
"USP14",-0.0130078957332181,-0.102452479319258,0.076436687852822,-0.420931096946851,0.67380539685664,0,NA,NA,NA,4,826,"study_1_LOD_vs_CN; study_11_LOD_vs_CN; study_2_LOD_vs_CN; study_3_Soma_LOD_vs_CN",2,"study_1; study_11",0.854519921729079
"LAMA3",0.020711961069029,-0.0581677652377707,0.0995916873758287,0.420883496129939,0.673840157197077,0.226834284938484,0.0225489834752901,0.0141394666910919,0.0280285432910225,3,627,"study_11_LOD_vs_CN; study_2_LOD_vs_CN; study_6_LOD_vs_CN",3,"study_11; study_2; study_6",0.792216544456312
"PSMB3",0.0534418547643253,-0.0768018302284351,0.183685539757086,0.420493588392664,0.674124912252876,0.782763909177222,NA,NA,NA,2,52,"study_2_LOD_vs_CN; study_7_LOD_vs_CN",2,"study_2; study_7",0.854519921729079
"IFI6",0.0188190680810232,-0.0339279242600294,0.0715660604220757,0.42029546045648,0.674269625739351,0.547929376300237,NA,NA,NA,3,851,"study_1_LOD_vs_CN; study_11_LOD_vs_CN; study_2_LOD_vs_CN",2,"study_1; study_11",0.854519921729079
"PLA2R1",0.0230216636680829,-0.0591745920055862,0.105217919341752,0.419065403172226,0.675168334284389,0,0.0119454070798533,-0.0166944233307733,0.0281333949072816,4,475,"study_11_LOD_vs_CN; study_2_LOD_vs_CN; study_3_Soma_LOD_vs_CN; study_6_LOD_vs_CN",3,"study_11; study_2; study_6",0.792216544456312
"ESM1",-0.00302123236124665,-0.0472522006433199,0.0412097359208266,-0.416776526453623,0.67684187351242,0,-0.00359134486261906,-0.0154676451683883,0.00219676991340335,9,2046,"study_1_LOD_vs_CN; study_11_LOD_vs_CN; study_2_LOD_vs_CN; study_3_Olink_LOD_vs_CN; study_3_Soma_LOD_vs_CN; study_5_LOD_vs_CN; study_7_LOD_vs_CN; study_8_LOD_vs_CN; study_9_LOD_vs_CN",4,"study_1; study_11; study_7; study_8",0.768022644037409
"IGKV1-13",-0.0758377750033579,-0.254492400469341,0.102816850462625,-0.416667965824247,0.676921288629752,0.546262236479491,NA,NA,NA,2,196,"study_6_LOD_vs_CN; study_7_LOD_vs_CN",2,"study_6; study_7",0.855037606823378
"OBP2A",0.0363252976034382,-0.140209828909363,0.212860424116239,0.414124304990886,0.67878307374341,0,NA,NA,NA,3,541,"study_11_LOD_vs_CN; study_2_LOD_vs_CN; study_5_LOD_vs_CN",2,"study_11; study_2",0.855037606823378
"NRN1L",-0.00914138990442189,-0.0430539589273214,0.0247711791184776,-0.413985122022383,0.678885002834028,0,-0.0112482229598178,-0.0220516306388066,-0.00193889168742426,5,1087,"study_1_LOD_vs_CN; study_11_LOD_vs_CN; study_2_LOD_vs_CN; study_5_LOD_vs_CN; study_6_LOD_vs_CN",3,"study_1; study_11; study_6",0.79489699698921
"TMX4",-0.0222473987279935,-0.0963783034128053,0.0518835059568183,-0.413876161732465,0.678964802782758,0.851199855068159,NA,NA,NA,3,570,"study_11_LOD_vs_CN; study_2_LOD_vs_CN; study_5_LOD_vs_CN",2,"study_11; study_2",0.855037606823378
"TRIP10",0.012573766645223,-0.07445948040446,0.099607013694906,0.413648658345349,0.679131432502943,0,NA,NA,NA,3,928,"study_3_Soma_LOD_vs_CN; study_8_LOD_vs_CN; study_9_LOD_vs_CN",2,"study_3_Soma; study_8",0.855037606823378
"CHST12",-0.00732505376887064,-0.0273824158108118,0.0127323082730706,-0.410195663830292,0.681662421492717,0,-0.00817532188898696,-0.0135498348333484,7.72677035388241e-06,7,1234,"study_1_LOD_vs_CN; study_11_LOD_vs_CN; study_2_LOD_vs_CN; study_3_Soma_LOD_vs_CN; study_5_LOD_vs_CN; study_6_LOD_vs_CN; study_7_LOD_vs_CN",4,"study_1; study_11; study_6; study_7",0.769671878344586
"PMCH",-0.0128585689067665,-0.0504018526221234,0.0246847148085905,-0.4099947595161,0.681809791775569,0.670132501282408,-0.016529461015707,-0.0429967533879576,0.00865994342615946,6,1130,"study_1_LOD_vs_CN; study_11_LOD_vs_CN; study_2_LOD_vs_CN; study_5_LOD_vs_CN; study_6_LOD_vs_CN; study_7_LOD_vs_CN",4,"study_1; study_11; study_6; study_7",0.769671878344586
"UBE2V2",-0.020083364649266,-0.100151358126499,0.0599846288279666,-0.407542669465467,0.683609461659907,0,NA,NA,NA,4,531,"study_11_LOD_vs_CN; study_2_LOD_vs_CN; study_3_Soma_LOD_vs_CN; study_5_LOD_vs_CN",2,"study_11; study_2",0.859266884705088
"LXN",0.0440065034620057,-0.193989673878187,0.282002680802198,0.404712838900246,0.685688603707044,0,NA,NA,NA,3,73,"study_2_LOD_vs_CN; study_3_Olink_LOD_vs_CN; study_6_LOD_vs_CN",2,"study_2; study_6",0.859566464456891
"GNPTG",-4.9887952140051e-06,-0.0143774796445262,0.0143675020540982,-0.403643036537693,0.686475233635613,0.29364934188055,-6.6016659438295e-05,-0.00732118880249371,0.00906894376392234,9,1614,"study_1_LOD_vs_CN; study_10_LOD_vs_CN; study_11_LOD_vs_CN; study_2_LOD_vs_CN; study_3_Soma_LOD_vs_CN; study_4_LOD_vs_CN; study_5_LOD_vs_CN; study_6_LOD_vs_CN; study_7_LOD_vs_CN",5,"study_1; study_11; study_4; study_6; study_7",0.749857179922993
"LAP3",0.0101187234289022,-0.0332539927114519,0.0534914395692563,0.403023985459076,0.686930579586051,0,NA,NA,NA,5,963,"study_1_LOD_vs_CN; study_11_LOD_vs_CN; study_2_LOD_vs_CN; study_3_Soma_LOD_vs_CN; study_5_LOD_vs_CN",2,"study_1; study_11",0.859566464456891
"IL17RB",0.0188574801972487,-0.0605175497350319,0.0982325101295292,0.401236046134828,0.688246344265737,0,NA,NA,NA,4,956,"study_3_Olink_LOD_vs_CN; study_3_Soma_LOD_vs_CN; study_8_LOD_vs_CN; study_9_LOD_vs_CN",2,"study_3_Soma; study_8",0.859566464456891
"LRRC17",0.0196735358566511,-0.066386956311472,0.105734028024774,0.401129601528908,0.68832470786587,0.409492131458165,NA,NA,NA,2,501,"study_11_LOD_vs_CN; study_6_LOD_vs_CN",2,"study_11; study_6",0.859566464456891
"CTRC",-0.0278127966129687,-0.143866042714021,0.0882404494880834,-0.397020861069535,0.691352077272563,0,NA,NA,NA,3,928,"study_3_Olink_LOD_vs_CN; study_8_LOD_vs_CN; study_9_LOD_vs_CN",2,"study_3_Olink; study_8",0.86194544698917
"PTGR1",0.0181927533271729,-0.0753107852913322,0.111696291945678,0.395838065201708,0.692224493585459,0,0.0167693958115135,0.00295200322788918,0.0325542430790926,5,940,"study_1_LOD_vs_CN; study_11_LOD_vs_CN; study_2_LOD_vs_CN; study_3_Soma_LOD_vs_CN; study_6_LOD_vs_CN",3,"study_1; study_11; study_6",0.808670370153667
"BTD",-0.00083820983383757,-0.0145332184857743,0.0128567988180991,-0.395199519719525,0.692695647103349,0.726372252367608,1.90526349701888e-05,-0.00867023402352838,0.00746071735504149,9,1732,"study_1_LOD_vs_CN; study_10_LOD_vs_CN; study_11_LOD_vs_CN; study_2_LOD_vs_CN; study_3_Soma_LOD_vs_CN; study_4_LOD_vs_CN; study_5_LOD_vs_CN; study_6_LOD_vs_CN; study_7_LOD_vs_CN",5,"study_1; study_11; study_4; study_6; study_7",0.755578656202092
"FCN2",0.0162751877243467,-0.0603483375489015,0.0928987129975949,0.39402533377482,0.693562335483145,0,0.0155165442339897,0.00711605831473408,0.0203950500691699,6,1508,"study_11_LOD_vs_CN; study_2_LOD_vs_CN; study_3_Olink_LOD_vs_CN; study_3_Soma_LOD_vs_CN; study_8_LOD_vs_CN; study_9_LOD_vs_CN",3,"study_11; study_2; study_8",0.808670370153667
"SMPD1",-0.00409747083112979,-0.0363810247095164,0.0281860830472568,-0.392148840391979,0.694948242217881,0,-0.00414368748192024,-0.00996935987650505,0.00180181869585075,11,2328,"study_1_LOD_vs_CN; study_11_LOD_vs_CN; study_2_LOD_vs_CN; study_3_Olink_LOD_vs_CN; study_3_Soma_LOD_vs_CN; study_4_LOD_vs_CN; study_5_LOD_vs_CN; study_6_LOD_vs_CN; study_7_LOD_vs_CN; study_8_LOD_vs_CN; study_9_LOD_vs_CN",6,"study_1; study_11; study_4; study_6; study_7; study_8",0.747331275550887
"PRTG",0.0138250451963853,-0.0518755143708834,0.079525604763654,0.390347781357401,0.696279395581242,0,NA,NA,NA,4,956,"study_3_Olink_LOD_vs_CN; study_3_Soma_LOD_vs_CN; study_8_LOD_vs_CN; study_9_LOD_vs_CN",2,"study_3_Soma; study_8",0.865642524859769
"GRM3",0.0245630171733881,-0.143767795767929,0.192893830114705,0.389541554019252,0.696875577565071,0,NA,NA,NA,2,91,"study_2_LOD_vs_CN; study_6_LOD_vs_CN",2,"study_2; study_6",0.865642524859769
"SUCO",0.0113095165959111,-0.0331167429096075,0.0557357761014298,0.387849812098578,0.698127180527228,0,0.00124060134157114,-0.0240443559602054,0.013936951132833,4,655,"study_11_LOD_vs_CN; study_2_LOD_vs_CN; study_5_LOD_vs_CN; study_6_LOD_vs_CN",3,"study_11; study_2; study_6",0.812286342122876
"IGHV2-26",-0.0162098140404393,-0.0856979968748948,0.0532783687940162,-0.386532521261094,0.699102322035153,0.725726308252271,-0.0195641214633729,-0.0993661299620918,0.0361987836970085,6,1358,"study_1_LOD_vs_CN; study_11_LOD_vs_CN; study_4_LOD_vs_CN; study_5_LOD_vs_CN; study_6_LOD_vs_CN; study_7_LOD_vs_CN",5,"study_1; study_11; study_4; study_6; study_7",0.761486806862652
"ACO2",0.0019116070791714,-0.0777915047628697,0.0816147189212125,0.385779303371428,0.699660124548487,0,0.00136127862577645,-0.0312281301706467,0.0256585146610581,4,686,"study_1_LOD_vs_CN; study_11_LOD_vs_CN; study_2_LOD_vs_CN; study_6_LOD_vs_CN",3,"study_1; study_11; study_6",0.812366881013411
"RARRES1",0.0114934766909645,-0.0778899325984684,0.100876885980397,-0.385556236682754,0.69982534978458,0.93465414730536,NA,NA,NA,5,738,"study_1_LOD_vs_CN; study_11_LOD_vs_CN; study_2_LOD_vs_CN; study_3_Soma_LOD_vs_CN; study_5_LOD_vs_CN",2,"study_1; study_11",0.865642524859769
"VAMP2",0.00301664789058892,-0.0339429047722999,0.0399762005534778,0.385137069355562,0.700135864970687,0.267220548667528,NA,NA,NA,2,903,"study_1_LOD_vs_CN; study_11_LOD_vs_CN",2,"study_1; study_11",0.865642524859769
"TAFA2",-0.00121587355364212,-0.0418666588790354,0.0394349117717512,-0.381725281921124,0.702665145353753,0.929322636246116,NA,NA,NA,4,1013,"study_1_LOD_vs_CN; study_11_LOD_vs_CN; study_2_LOD_vs_CN; study_5_LOD_vs_CN",2,"study_1; study_11",0.865642524859769
"CD300A",-0.0124371401638946,-0.068536416985766,0.0436621366579767,-0.380315859544505,0.703710964235479,0,NA,NA,NA,3,519,"study_11_LOD_vs_CN; study_2_LOD_vs_CN; study_3_Soma_LOD_vs_CN",2,"study_11; study_2",0.865642524859769
"IGLV3-1",-0.00498263574796353,-0.0916855061526913,0.0817202346567642,-0.379558086906195,0.704273478203755,0.811319308017847,NA,NA,NA,2,897,"study_1_LOD_vs_CN; study_11_LOD_vs_CN",2,"study_1; study_11",0.865642524859769
"MMP19",0.0179659533808886,-0.0762800844924137,0.112211991254191,0.379517269564714,0.704303782553256,0,NA,NA,NA,3,502,"study_11_LOD_vs_CN; study_3_Soma_LOD_vs_CN; study_5_LOD_vs_CN",2,"study_11; study_5",0.865642524859769
"IGKV2D-26",0.0211770781673863,-0.0736947225786418,0.116048878913414,0.379304591895294,0.704461690152807,0,NA,NA,NA,2,863,"study_1_LOD_vs_CN; study_11_LOD_vs_CN",2,"study_1; study_11",0.865642524859769
"RBBP9",-0.00302254911721602,-0.0826583794498331,0.0766132812154011,0.378142463233288,0.705324765072058,0.749424152504029,-0.00635544395111927,-0.0675211814965244,0.060101420570623,5,839,"study_1_LOD_vs_CN; study_11_LOD_vs_CN; study_2_LOD_vs_CN; study_3_Soma_LOD_vs_CN; study_6_LOD_vs_CN",3,"study_1; study_11; study_6",0.816791840823312
"ENTPD2",-0.0211402182245753,-0.102000478427782,0.0597200419786312,-0.376639211562467,0.706441743477144,0.727020549071662,NA,NA,NA,4,956,"study_3_Olink_LOD_vs_CN; study_3_Soma_LOD_vs_CN; study_8_LOD_vs_CN; study_9_LOD_vs_CN",2,"study_3_Soma; study_8",0.866688912125313
"IGLC7",0.00901447283315149,-0.0782905840137074,0.0963195296800103,-0.376362860455611,0.706647152723558,0.82660255136957,0.0149280565828456,-0.0626181772098404,0.087787035091097,6,1415,"study_1_LOD_vs_CN; study_11_LOD_vs_CN; study_4_LOD_vs_CN; study_5_LOD_vs_CN; study_6_LOD_vs_CN; study_7_LOD_vs_CN",5,"study_1; study_11; study_4; study_6; study_7",0.768616209963814
"NME3",0.00605062216555105,-0.0201177618920198,0.0322190062231219,0.375960522200672,0.706946245255701,0.823686242852741,0.00560109328493873,-0.0193166717508254,0.0392608818256733,5,1091,"study_1_LOD_vs_CN; study_11_LOD_vs_CN; study_2_LOD_vs_CN; study_5_LOD_vs_CN; study_6_LOD_vs_CN",3,"study_1; study_11; study_6",0.816791840823312
"LRPAP1",0.0103481797069677,-0.0398497600527477,0.0605461194666832,0.37593368603048,0.706966196492701,0,0.00978255890770017,0.00161237716503394,0.0144597196804788,8,1909,"study_1_LOD_vs_CN; study_11_LOD_vs_CN; study_2_LOD_vs_CN; study_3_Olink_LOD_vs_CN; study_5_LOD_vs_CN; study_6_LOD_vs_CN; study_8_LOD_vs_CN; study_9_LOD_vs_CN",4,"study_1; study_11; study_6; study_8",0.796018493737282
"HBB",-0.0187410012545404,-0.212199465832851,0.174717463323771,-0.374853009339304,0.707769788118974,0,-0.0183356857796888,-0.0877630530018893,0.0891790675338273,9,1695,"study_1_LOD_vs_CN; study_10_LOD_vs_CN; study_11_LOD_vs_CN; study_2_LOD_vs_CN; study_3_Soma_LOD_vs_CN; study_4_LOD_vs_CN; study_5_LOD_vs_CN; study_6_LOD_vs_CN; study_7_LOD_vs_CN",5,"study_1; study_11; study_4; study_6; study_7",0.768749953479507
"NPC1",0.0138122142506588,-0.027965584037076,0.0555900125383936,0.374696410581974,0.70788626204687,0.530395052520303,0.0150343045950911,0.00293241594371701,0.0388317327652933,5,1097,"study_1_LOD_vs_CN; study_11_LOD_vs_CN; study_2_LOD_vs_CN; study_5_LOD_vs_CN; study_6_LOD_vs_CN",3,"study_1; study_11; study_6",0.816791840823312
"IGHV7-81",-0.0422410292568518,-0.263401289651133,0.178919231137429,-0.371278211588777,0.710430324675437,0,NA,NA,NA,2,222,"study_4_LOD_vs_CN; study_6_LOD_vs_CN",2,"study_4; study_6",0.869519382298
"RAB2A",0.0336710086956873,-0.0252192564755676,0.0925612738669422,0.370495612718491,0.711013244899927,0.891254251142823,NA,NA,NA,3,640,"study_1_LOD_vs_CN; study_11_LOD_vs_CN; study_2_LOD_vs_CN",2,"study_1; study_11",0.869519382298
"DCD",-0.0148648681839173,-0.082610405032399,0.0528806686645644,-0.36968375585844,0.711618136628115,0,-0.0146839694396639,-0.0322084106593476,0.0120013752034858,7,1315,"study_1_LOD_vs_CN; study_11_LOD_vs_CN; study_2_LOD_vs_CN; study_4_LOD_vs_CN; study_5_LOD_vs_CN; study_6_LOD_vs_CN; study_7_LOD_vs_CN",5,"study_1; study_11; study_4; study_6; study_7",0.771839699671397
"EEF2",0.0127869284863765,-0.0323110013499679,0.0578848583227209,0.366604269546642,0.71391422300862,0.39730570664024,0.00917652421493846,-0.0297822354941307,0.04106908193156,5,1114,"study_1_LOD_vs_CN; study_11_LOD_vs_CN; study_2_LOD_vs_CN; study_5_LOD_vs_CN; study_6_LOD_vs_CN",3,"study_1; study_11; study_6",0.8220381613481
"ADAMTS1",0.00466107672299901,-0.0196296338491329,0.0289517872951309,-0.365342207187818,0.714855975826607,0.714768932769837,0.00664193588616429,-0.00910852233486385,0.0262917589478634,6,1241,"study_1_LOD_vs_CN; study_11_LOD_vs_CN; study_2_LOD_vs_CN; study_5_LOD_vs_CN; study_6_LOD_vs_CN; study_7_LOD_vs_CN",4,"study_1; study_11; study_6; study_7",0.802838249774497
"CSMD1",0.0221642406823199,-0.0660828230873079,0.110411304451948,0.364349836814034,0.715596789173602,0,0.0194006676949992,-0.00519185282562329,0.041876338763304,5,762,"study_1_LOD_vs_CN; study_11_LOD_vs_CN; study_2_LOD_vs_CN; study_3_Soma_LOD_vs_CN; study_6_LOD_vs_CN",3,"study_1; study_11; study_6",0.822269602466561
"EGFR",0.0180028809248944,-0.0106944356913759,0.0467001975411648,0.363382181561617,0.716319410445898,0.559021033455354,0.0178471459339524,-0.00474870028784438,0.0319202860864833,11,2403,"study_1_LOD_vs_CN; study_11_LOD_vs_CN; study_2_LOD_vs_CN; study_3_Olink_LOD_vs_CN; study_3_Soma_LOD_vs_CN; study_4_LOD_vs_CN; study_5_LOD_vs_CN; study_6_LOD_vs_CN; study_7_LOD_vs_CN; study_8_LOD_vs_CN; study_9_LOD_vs_CN",6,"study_1; study_11; study_4; study_6; study_7; study_8",0.765316789448222
"C2",-0.00361421579299134,-0.0365717299252989,0.0293432983393162,-0.361841155141456,0.717470735674282,0.713592730032064,-0.00238976330717641,-0.0173103158139634,0.033204436126652,9,1567,"study_1_LOD_vs_CN; study_10_LOD_vs_CN; study_11_LOD_vs_CN; study_2_LOD_vs_CN; study_3_Olink_LOD_vs_CN; study_3_Soma_LOD_vs_CN; study_4_LOD_vs_CN; study_5_LOD_vs_CN; study_6_LOD_vs_CN",4,"study_1; study_11; study_4; study_6",0.803714021036664
"VPS29",0.019724584096995,-0.0514820086099582,0.0909311768039482,0.361208482042389,0.717943601836448,0.654637398374568,NA,NA,NA,4,775,"study_1_LOD_vs_CN; study_11_LOD_vs_CN; study_2_LOD_vs_CN; study_3_Soma_LOD_vs_CN",2,"study_1; study_11",0.875700122737277
"CD59",0.0132702165151359,-0.0130771816339963,0.0396176146642681,0.360028818470138,0.718825582612582,0.659774014286269,0.0132796194388949,-0.0129335414135694,0.035180140675581,12,2645,"study_1_LOD_vs_CN; study_10_LOD_vs_CN; study_11_LOD_vs_CN; study_2_LOD_vs_CN; study_3_Olink_LOD_vs_CN; study_3_Soma_LOD_vs_CN; study_4_LOD_vs_CN; study_5_LOD_vs_CN; study_6_LOD_vs_CN; study_7_LOD_vs_CN; study_8_LOD_vs_CN; study_9_LOD_vs_CN",6,"study_1; study_11; study_4; study_6; study_7; study_8",0.765316789448222
"PCDHGA4",0.00463465947453587,-0.0482018191096462,0.057471138058718,0.359961914784408,0.718875614691293,0.594995696757623,-0.000375350702446547,-0.05675201681732,0.0537955084197781,5,881,"study_1_LOD_vs_CN; study_11_LOD_vs_CN; study_2_LOD_vs_CN; study_5_LOD_vs_CN; study_6_LOD_vs_CN",3,"study_1; study_11; study_6",0.824330508581958
"IFI27L2",0.0131929593466421,-0.0549575280468439,0.081343446740128,0.359475715317384,0.719239241754758,0,NA,NA,NA,2,402,"study_11_LOD_vs_CN; study_2_LOD_vs_CN",2,"study_11; study_2",0.875700122737277
"MAN1C1",0.00204701666006286,-0.0147544550251756,0.0188484883453013,-0.358718815550071,0.719805451192121,0.649127354333795,0.00283151609072451,-0.00899657865336761,0.010012702523527,8,1482,"study_1_LOD_vs_CN; study_11_LOD_vs_CN; study_2_LOD_vs_CN; study_3_Soma_LOD_vs_CN; study_4_LOD_vs_CN; study_5_LOD_vs_CN; study_6_LOD_vs_CN; study_7_LOD_vs_CN",5,"study_1; study_11; study_4; study_6; study_7",0.779620270375691
"CXCL11",-0.0146351701165333,-0.144636994649166,0.115366654416099,-0.356816884018106,0.721228895586428,0.848276864592359,NA,NA,NA,4,956,"study_3_Olink_LOD_vs_CN; study_3_Soma_LOD_vs_CN; study_8_LOD_vs_CN; study_9_LOD_vs_CN",2,"study_3_Soma; study_8",0.875700122737277
"CCDC40",-0.0138603511165316,-0.0529057549496232,0.0251850527165601,-0.356134434559223,0.721739890509043,0.739493798483061,NA,NA,NA,2,464,"study_1_LOD_vs_CN; study_6_LOD_vs_CN",2,"study_1; study_6",0.875700122737277
"MBL2",0.0445506334732627,-0.0469979259020047,0.13609919284853,0.3559489615598,0.72187878785146,0.600267206765306,0.0429271442355485,-0.032779377662864,0.103696269134774,10,1961,"study_1_LOD_vs_CN; study_11_LOD_vs_CN; study_2_LOD_vs_CN; study_3_Olink_LOD_vs_CN; study_3_Soma_LOD_vs_CN; study_5_LOD_vs_CN; study_6_LOD_vs_CN; study_7_LOD_vs_CN; study_8_LOD_vs_CN; study_9_LOD_vs_CN",5,"study_1; study_11; study_6; study_7; study_8",0.779987823992435
"SLC4A10",-0.0279362145455281,-0.131640270375484,0.0757678412844275,-0.355092136855824,0.722520567194213,0.651224828286128,NA,NA,NA,3,415,"study_11_LOD_vs_CN; study_2_LOD_vs_CN; study_5_LOD_vs_CN",2,"study_11; study_2",0.875700122737277
"ARSK",0.0223999615181272,-0.060680404041316,0.10548032707757,0.354574082848508,0.722908695072179,0.592242628033453,NA,NA,NA,3,536,"study_11_LOD_vs_CN; study_2_LOD_vs_CN; study_3_Soma_LOD_vs_CN",2,"study_11; study_2",0.875700122737277
"IGFBP4",0.00828908522255506,-0.00787033157750212,0.0244485020226122,0.354570003119217,0.722911751902745,0.905418541174236,0.00863142215627681,-0.00478624207033322,0.0295995620783558,9,1707,"study_1_LOD_vs_CN; study_10_LOD_vs_CN; study_11_LOD_vs_CN; study_2_LOD_vs_CN; study_3_Soma_LOD_vs_CN; study_4_LOD_vs_CN; study_5_LOD_vs_CN; study_6_LOD_vs_CN; study_7_LOD_vs_CN",5,"study_1; study_11; study_4; study_6; study_7",0.779987823992435
"EPDR1",0.00565702487453949,-0.0274921784851088,0.0388062282341878,0.354201779132071,0.723187670359696,0,0.00550449519583298,-0.00211834658319845,0.0142097718685937,8,1482,"study_1_LOD_vs_CN; study_11_LOD_vs_CN; study_2_LOD_vs_CN; study_3_Soma_LOD_vs_CN; study_4_LOD_vs_CN; study_5_LOD_vs_CN; study_6_LOD_vs_CN; study_7_LOD_vs_CN",5,"study_1; study_11; study_4; study_6; study_7",0.779987823992435
"FLRT1",0.00606592847995427,-0.0174024462300775,0.0295343031899861,-0.350702586634592,0.72581148481201,0.70792625282601,0.00952130831748006,-0.00587350485455213,0.0332610934938766,7,1236,"study_1_LOD_vs_CN; study_11_LOD_vs_CN; study_2_LOD_vs_CN; study_3_Soma_LOD_vs_CN; study_5_LOD_vs_CN; study_6_LOD_vs_CN; study_7_LOD_vs_CN",4,"study_1; study_11; study_6; study_7",0.808523314476291
"SDC2",0.0062793032057713,-0.0211054913961978,0.0336640978077404,0.349229681545665,0.726916884659085,0,0.00514099873752421,-0.00430254442982689,0.0101220010297311,6,1132,"study_1_LOD_vs_CN; study_11_LOD_vs_CN; study_2_LOD_vs_CN; study_5_LOD_vs_CN; study_6_LOD_vs_CN; study_7_LOD_vs_CN",4,"study_1; study_11; study_6; study_7",0.808523314476291
"PTPRS",0.0157707224612322,-0.0129703178166546,0.044511762739119,-0.348868581400843,0.727187973426922,0.896372739808789,0.0157553196131712,-0.0124976624568972,0.0412804986499195,12,2660,"study_1_LOD_vs_CN; study_10_LOD_vs_CN; study_11_LOD_vs_CN; study_2_LOD_vs_CN; study_3_Olink_LOD_vs_CN; study_3_Soma_LOD_vs_CN; study_4_LOD_vs_CN; study_5_LOD_vs_CN; study_6_LOD_vs_CN; study_7_LOD_vs_CN; study_8_LOD_vs_CN; study_9_LOD_vs_CN",6,"study_1; study_11; study_4; study_6; study_7; study_8",0.770387258977036
"MYH11",0.0217482551554128,-0.038140175500122,0.0816366858109476,-0.348716981399102,0.72730179430059,0.925757941317484,0.0257613325674827,-0.0209067754008247,0.0467357184462415,6,1051,"study_1_LOD_vs_CN; study_11_LOD_vs_CN; study_2_LOD_vs_CN; study_5_LOD_vs_CN; study_6_LOD_vs_CN; study_7_LOD_vs_CN",4,"study_1; study_11; study_6; study_7",0.808523314476291
"ERAP2",0.0112808591247891,-0.0661019732542139,0.088663691503792,0.344662943842003,0.730347779489434,0,0.0138212104117542,-0.0153986168466989,0.0462674879527258,6,1165,"study_1_LOD_vs_CN; study_11_LOD_vs_CN; study_2_LOD_vs_CN; study_3_Soma_LOD_vs_CN; study_5_LOD_vs_CN; study_6_LOD_vs_CN",3,"study_1; study_11; study_6",0.835758799209559
"NETO2",-0.0256179187213451,-0.10555241928719,0.0543165818444994,-0.342101734283304,0.732274332346687,0.316374785434857,-0.00588034004321006,-0.0393025761039542,0.0520356546916993,4,379,"study_11_LOD_vs_CN; study_2_LOD_vs_CN; study_3_Soma_LOD_vs_CN; study_7_LOD_vs_CN",3,"study_11; study_2; study_7",0.836239206692205
"GASK1A",-0.00604748556915255,-0.0362768473975444,0.0241818762592393,-0.339834352016222,0.733981276683635,0.555906579496697,-0.00698984720438866,-0.0347648036931709,0.0209982812884355,6,1307,"study_1_LOD_vs_CN; study_11_LOD_vs_CN; study_2_LOD_vs_CN; study_5_LOD_vs_CN; study_6_LOD_vs_CN; study_7_LOD_vs_CN",4,"study_1; study_11; study_6; study_7",0.81388303591755
"HEPACAM",-0.00146295107106503,-0.0222568048293617,0.0193309026872316,-0.339185151614617,0.734470254268785,0.719410346679863,0.00165249206818396,-0.0121933665665176,0.0263566702907687,6,1167,"study_1_LOD_vs_CN; study_11_LOD_vs_CN; study_2_LOD_vs_CN; study_3_Soma_LOD_vs_CN; study_5_LOD_vs_CN; study_6_LOD_vs_CN",3,"study_1; study_11; study_6",0.837024622421306
"OLA1",-0.0187100924772134,-0.17000456408894,0.132584379134513,-0.337714172520892,0.735578593503388,0,NA,NA,NA,3,450,"study_11_LOD_vs_CN; study_2_LOD_vs_CN; study_3_Soma_LOD_vs_CN",2,"study_11; study_2",0.889017298836588
"MPZ",-0.0134333381013363,-0.0609450454273986,0.034078369224726,-0.336723442213032,0.736325389988432,0.781888951243042,-0.01747830071328,-0.0966341214403166,0.0261561057644834,8,1389,"study_1_LOD_vs_CN; study_11_LOD_vs_CN; study_2_LOD_vs_CN; study_3_Soma_LOD_vs_CN; study_4_LOD_vs_CN; study_5_LOD_vs_CN; study_6_LOD_vs_CN; study_7_LOD_vs_CN",5,"study_1; study_11; study_4; study_6; study_7",0.793045132914712
"H1-5",-0.0183063985853068,-0.113092749258371,0.0764799520877571,-0.335752227801206,0.737057717571013,0.885623906883742,NA,NA,NA,2,514,"study_11_LOD_vs_CN; study_2_LOD_vs_CN",2,"study_11; study_2",0.889017298836588
"FCMR",-0.0102702514294361,-0.133727852602528,0.113187349743656,-0.335331512106545,0.73737502520691,0.39702679610203,NA,NA,NA,2,450,"study_11_LOD_vs_CN; study_3_Soma_LOD_vs_CN",2,"study_11; study_3_Soma",0.889017298836588
"FAM3B",0.0109827822380896,-0.0509506157671999,0.0729161802433791,0.335119052526832,0.737535281186283,0.00476672211122099,0.00962982535846515,-0.00423908285407525,0.0241138609069739,9,1891,"study_1_LOD_vs_CN; study_11_LOD_vs_CN; study_2_LOD_vs_CN; study_3_Olink_LOD_vs_CN; study_3_Soma_LOD_vs_CN; study_5_LOD_vs_CN; study_6_LOD_vs_CN; study_8_LOD_vs_CN; study_9_LOD_vs_CN",4,"study_1; study_11; study_6; study_8",0.815127096485091
"CKM",-0.0391580066912594,-0.147020453841309,0.06870444045879,-0.333409431183203,0.738825244987628,0.546660378872384,-0.0418467007108853,-0.0611212842113018,-0.0173399202760989,5,663,"study_11_LOD_vs_CN; study_2_LOD_vs_CN; study_3_Soma_LOD_vs_CN; study_6_LOD_vs_CN; study_7_LOD_vs_CN",4,"study_11; study_2; study_6; study_7",0.815127096485091
"EFCAB14",0.00124731703629777,-0.01845081890201,0.0209454529746055,0.331396842482336,0.740344749615233,0.701186736589885,0.00265850656496745,-0.00928594816927383,0.0300302106536798,8,1482,"study_1_LOD_vs_CN; study_11_LOD_vs_CN; study_2_LOD_vs_CN; study_3_Soma_LOD_vs_CN; study_4_LOD_vs_CN; study_5_LOD_vs_CN; study_6_LOD_vs_CN; study_7_LOD_vs_CN",5,"study_1; study_11; study_4; study_6; study_7",0.796258898537222
"SCLT1",0.0617315633356318,-0.108104226364186,0.23156735303545,0.329433791847678,0.741827829713847,0.649788106519441,NA,NA,NA,2,79,"study_2_LOD_vs_CN; study_6_LOD_vs_CN",2,"study_2; study_6",0.892983970564631
"PRRG1",-0.00717565363586497,-0.0621183325239143,0.0477670252521844,-0.325371249002126,0.744900112679932,0.339638975054816,-0.00362049408002078,-0.0264132849671836,0.0313412576262994,6,1215,"study_1_LOD_vs_CN; study_11_LOD_vs_CN; study_2_LOD_vs_CN; study_4_LOD_vs_CN; study_5_LOD_vs_CN; study_6_LOD_vs_CN",4,"study_1; study_11; study_4; study_6",0.819764445612588
"MRC1",0.00533513325425091,-0.0175120544982494,0.0281823210067512,0.324070621856363,0.745884568073454,0.411896866776432,0.00613942405211975,-0.00491691847362731,0.0239780762363842,9,1700,"study_1_LOD_vs_CN; study_10_LOD_vs_CN; study_11_LOD_vs_CN; study_2_LOD_vs_CN; study_3_Soma_LOD_vs_CN; study_4_LOD_vs_CN; study_5_LOD_vs_CN; study_6_LOD_vs_CN; study_7_LOD_vs_CN",5,"study_1; study_11; study_4; study_6; study_7",0.801096693922467
"H2BC15",-0.0245844374832394,-0.171188935325717,0.122020060359238,-0.321945543180953,0.747493949975563,0,NA,NA,NA,2,137,"study_2_LOD_vs_CN; study_7_LOD_vs_CN",2,"study_2; study_7",0.898396484477672
"PLBD2",0.00383274665037545,-0.0285710023658129,0.0362364956665638,0.320718966266034,0.748423372967493,0.433398171684021,0.00233605869158895,-0.0272602899289694,0.0264762596311959,6,1270,"study_1_LOD_vs_CN; study_11_LOD_vs_CN; study_2_LOD_vs_CN; study_4_LOD_vs_CN; study_5_LOD_vs_CN; study_6_LOD_vs_CN",4,"study_1; study_11; study_4; study_6",0.820063084117091
"NDRG3",-0.0266093714685282,-0.14397802208416,0.0907592791471038,0.320607143151963,0.748508123712235,0.788720853868351,0.00292663382347899,-0.0457301635492799,0.094640963102162,3,477,"study_11_LOD_vs_CN; study_3_Soma_LOD_vs_CN; study_7_LOD_vs_CN",3,"study_11; study_3_Soma; study_7",0.851274607910431
"WNT4",-0.00910536093460515,-0.0644803700134289,0.0462696481442186,-0.31982504374837,0.749100961785613,0,NA,NA,NA,2,565,"study_11_LOD_vs_CN; study_6_LOD_vs_CN",2,"study_11; study_6",0.898921154142735
"HEG1",-0.00401157956525397,-0.0248909177648997,0.0168677586343918,-0.31917390509766,0.7495946436325,0.375368179600632,-0.00281493234838953,-0.00939092233068481,0.0156460351899609,7,1431,"study_1_LOD_vs_CN; study_11_LOD_vs_CN; study_2_LOD_vs_CN; study_4_LOD_vs_CN; study_5_LOD_vs_CN; study_6_LOD_vs_CN; study_7_LOD_vs_CN",5,"study_1; study_11; study_4; study_6; study_7",0.803203122400955
"DNAJC3",0.00527751890168051,-0.0133307738805292,0.0238858116838902,0.31872536980653,0.749934774881515,0,0.00583081775144463,0.000751164064169519,0.0122916687863765,7,1388,"study_1_LOD_vs_CN; study_11_LOD_vs_CN; study_2_LOD_vs_CN; study_4_LOD_vs_CN; study_5_LOD_vs_CN; study_6_LOD_vs_CN; study_7_LOD_vs_CN",5,"study_1; study_11; study_4; study_6; study_7",0.803203122400955
"DLK1",-0.00453060857757411,-0.0534216107173516,0.0443603935622034,-0.317627706063668,0.750767355268087,0.709813538945144,-0.00643678710548999,-0.0501302516466954,0.023794572172218,8,1877,"study_1_LOD_vs_CN; study_11_LOD_vs_CN; study_2_LOD_vs_CN; study_3_Olink_LOD_vs_CN; study_3_Soma_LOD_vs_CN; study_6_LOD_vs_CN; study_8_LOD_vs_CN; study_9_LOD_vs_CN",4,"study_1; study_11; study_6; study_8",0.820063084117091
"PNP",-0.0350715327444159,-0.169740237658054,0.0995971721692221,-0.317600033531602,0.750788348700807,0,-0.0620412895315558,-0.191209007887659,0.00980578068860045,5,732,"study_11_LOD_vs_CN; study_2_LOD_vs_CN; study_3_Soma_LOD_vs_CN; study_6_LOD_vs_CN; study_7_LOD_vs_CN",4,"study_11; study_2; study_6; study_7",0.820063084117091
"FLRT3",-0.00202482604520805,-0.0563580121863252,0.0523083600959091,-0.316902201102742,0.751317811811308,0.533742042978052,NA,NA,NA,3,562,"study_11_LOD_vs_CN; study_2_LOD_vs_CN; study_3_Soma_LOD_vs_CN",2,"study_11; study_2",0.900078841847653
"CFHR5",-0.00199345057490391,-0.0601701003438932,0.0561831991940854,-0.314708686827929,0.752982848031448,0.629708901789929,-0.00401258847144746,-0.0357470320325532,0.0358077859840739,8,1962,"study_1_LOD_vs_CN; study_11_LOD_vs_CN; study_3_Olink_LOD_vs_CN; study_3_Soma_LOD_vs_CN; study_5_LOD_vs_CN; study_6_LOD_vs_CN; study_8_LOD_vs_CN; study_9_LOD_vs_CN",4,"study_1; study_11; study_6; study_8",0.820414147855159
"LFNG",0.00347562979719532,-0.0131442668670004,0.020095526461391,0.314322150972149,0.753276376109673,0.275758482326109,0.00375302525761994,-0.0026952349761853,0.0116226883797883,7,1453,"study_1_LOD_vs_CN; study_11_LOD_vs_CN; study_2_LOD_vs_CN; study_4_LOD_vs_CN; study_5_LOD_vs_CN; study_6_LOD_vs_CN; study_7_LOD_vs_CN",5,"study_1; study_11; study_4; study_6; study_7",0.805659990581834
"STX1A",-0.0168308130473117,-0.0929764016711072,0.0593147755764838,-0.313080675422761,0.75421937038459,0.0364428511623915,NA,NA,NA,4,527,"study_11_LOD_vs_CN; study_2_LOD_vs_CN; study_3_Soma_LOD_vs_CN; study_5_LOD_vs_CN",2,"study_11; study_2",0.900078841847653
"IGFLR1",0.011111336733257,-0.0705968519701009,0.0928195254366148,0.312550927453784,0.754621865570859,0,NA,NA,NA,3,371,"study_11_LOD_vs_CN; study_2_LOD_vs_CN; study_3_Soma_LOD_vs_CN",2,"study_11; study_2",0.900078841847653
"PDGFRL",-0.00578778238885199,-0.112858720224385,0.101283155446681,-0.312192000552567,0.754894611152893,0.351204143990244,-0.00360711927771427,-0.0523395817233655,0.0431792096849574,5,867,"study_1_LOD_vs_CN; study_11_LOD_vs_CN; study_3_Soma_LOD_vs_CN; study_5_LOD_vs_CN; study_6_LOD_vs_CN",3,"study_1; study_11; study_6",0.856782227382118
"MAP4",0.00158373907501228,-0.0978188554836979,0.100986333633722,0.311820453355063,0.755176978988116,0.805747259134273,NA,NA,NA,2,356,"study_11_LOD_vs_CN; study_2_LOD_vs_CN",2,"study_11; study_2",0.900078841847653
"NGF",0.0100488278843112,-0.0365565994795872,0.0566542552482096,0.310835619211851,0.75592558983299,0.86184473407255,NA,NA,NA,3,1240,"study_11_LOD_vs_CN; study_8_LOD_vs_CN; study_9_LOD_vs_CN",2,"study_11; study_8",0.900078841847653
"H6PD",0.00589024008940904,-0.0314801683212962,0.0432606485001142,0.30725196817864,0.758651592338941,0,0.00406773112842907,-0.0213071902836367,0.0215124564248942,7,1176,"study_1_LOD_vs_CN; study_11_LOD_vs_CN; study_2_LOD_vs_CN; study_3_Soma_LOD_vs_CN; study_5_LOD_vs_CN; study_6_LOD_vs_CN; study_7_LOD_vs_CN",4,"study_1; study_11; study_6; study_7",0.823969922037
"SHH",-0.00359797167771485,-0.0581750327104496,0.0509790893550199,-0.30546924982817,0.760008786536411,0.61803363821959,-0.00189213328869396,-0.0246833015336964,0.02770706494904,7,1278,"study_1_LOD_vs_CN; study_11_LOD_vs_CN; study_2_LOD_vs_CN; study_3_Soma_LOD_vs_CN; study_5_LOD_vs_CN; study_6_LOD_vs_CN; study_7_LOD_vs_CN",4,"study_1; study_11; study_6; study_7",0.823969922037
"MT1HL1",-0.0154058139617345,-0.0583027048355764,0.0274910769121075,-0.304836154193461,0.76049094413993,0.907651978254986,NA,NA,NA,2,828,"study_1_LOD_vs_CN; study_11_LOD_vs_CN",2,"study_1; study_11",0.90411307290939
"MMRN1",0.0189274916315996,-0.0482594517029471,0.0861144349661462,0.301407429699081,0.763103829510393,0.557735189186271,-0.00470239701586959,-0.0608549753615619,0.0271307078380543,3,514,"study_11_LOD_vs_CN; study_2_LOD_vs_CN; study_7_LOD_vs_CN",3,"study_11; study_2; study_7",0.862739824674524
"OLFML1",-0.0213864459732517,-0.0840485519509988,0.0412756600044953,-0.301212170593847,0.763252709757101,0.557578274989018,-0.0293404820939942,-0.0672939275777127,-0.00175920298514613,5,1059,"study_1_LOD_vs_CN; study_11_LOD_vs_CN; study_2_LOD_vs_CN; study_5_LOD_vs_CN; study_6_LOD_vs_CN",3,"study_1; study_11; study_6",0.862739824674524
"ANG",0.00831024439208779,-0.0243421107331807,0.0409625995173563,0.301015105154591,0.763402976167334,0.859097911601497,0.00791682303816642,-0.0341933571991262,0.0625307673967904,9,1572,"study_1_LOD_vs_CN; study_10_LOD_vs_CN; study_11_LOD_vs_CN; study_2_LOD_vs_CN; study_3_Olink_LOD_vs_CN; study_3_Soma_LOD_vs_CN; study_4_LOD_vs_CN; study_5_LOD_vs_CN; study_6_LOD_vs_CN",4,"study_1; study_11; study_4; study_6",0.825606181632821
"GCLC",0.0302034990713759,-0.129296308305892,0.189703306448644,0.300770566766117,0.763589454061177,0,NA,NA,NA,2,427,"study_11_LOD_vs_CN; study_2_LOD_vs_CN",2,"study_11; study_2",0.905160710936936
"CST1",0.0177711150652383,-0.0777809093760252,0.113323139506502,0.300226647918652,0.76400427999178,0,NA,NA,NA,4,884,"study_1_LOD_vs_CN; study_11_LOD_vs_CN; study_2_LOD_vs_CN; study_3_Soma_LOD_vs_CN",2,"study_1; study_11",0.905160710936936
"KITLG",0.00919106130463906,-0.0241907951919681,0.0425729178012462,0.298034605960092,0.765676751386645,0.634112740703116,0.00973024826594932,-0.0124533073782252,0.0356503388309913,9,1996,"study_1_LOD_vs_CN; study_11_LOD_vs_CN; study_2_LOD_vs_CN; study_3_Olink_LOD_vs_CN; study_3_Soma_LOD_vs_CN; study_5_LOD_vs_CN; study_6_LOD_vs_CN; study_8_LOD_vs_CN; study_9_LOD_vs_CN",4,"study_1; study_11; study_6; study_8",0.826025657899879
"GALC",0.00480009575649142,-0.0504767512489455,0.0600769427619283,-0.296511946565972,0.766839144915708,0,0.00651280434232944,-0.011902067591497,0.0251559513778774,7,1353,"study_1_LOD_vs_CN; study_11_LOD_vs_CN; study_2_LOD_vs_CN; study_4_LOD_vs_CN; study_5_LOD_vs_CN; study_6_LOD_vs_CN; study_7_LOD_vs_CN",5,"study_1; study_11; study_4; study_6; study_7",0.819026808944694
"LY9",0.0121935054119659,-0.0383632350693159,0.0627502458932477,0.294973109618716,0.768014421649395,0.765900478382902,NA,NA,NA,4,956,"study_3_Olink_LOD_vs_CN; study_3_Soma_LOD_vs_CN; study_8_LOD_vs_CN; study_9_LOD_vs_CN",2,"study_3_Soma; study_8",0.905160710936936
"HYDIN",-0.00863998956199816,-0.116664214866132,0.0993842357421354,-0.294758461577417,0.768178400162138,0.557544513433541,NA,NA,NA,2,153,"study_4_LOD_vs_CN; study_6_LOD_vs_CN",2,"study_4; study_6",0.905160710936936
"SELENOP",0.0266619369295338,-0.0168231149527096,0.0701469888117771,0.294516479859187,0.768363272441413,0.859014989400024,0.0263707622876765,-5.33906704485061e-05,0.0480723965315628,10,2584,"study_1_LOD_vs_CN; study_10_LOD_vs_CN; study_11_LOD_vs_CN; study_2_LOD_vs_CN; study_4_LOD_vs_CN; study_5_LOD_vs_CN; study_6_LOD_vs_CN; study_7_LOD_vs_CN; study_8_LOD_vs_CN; study_9_LOD_vs_CN",6,"study_1; study_11; study_4; study_6; study_7; study_8",0.809998720701785
"IL36A",-0.00759226084780989,-0.136393496807592,0.121208975111972,-0.294441574168709,0.768420502517186,0.422126904814841,NA,NA,NA,3,928,"study_3_Soma_LOD_vs_CN; study_8_LOD_vs_CN; study_9_LOD_vs_CN",2,"study_3_Soma; study_8",0.905160710936936
"STK4",-0.0123035669902394,-0.0957851282811234,0.0711779943006446,-0.29345868806255,0.769171572264998,0.68657285228145,NA,NA,NA,3,238,"study_3_Olink_LOD_vs_CN; study_3_Soma_LOD_vs_CN; study_7_LOD_vs_CN",2,"study_3_Soma; study_7",0.905160710936936
"ITGB8",0.0177583686636989,-0.0776306891606719,0.11314742648807,0.29286894975934,0.769622323231535,0,NA,NA,NA,2,73,"study_2_LOD_vs_CN; study_6_LOD_vs_CN",2,"study_2; study_6",0.905160710936936
"CFHR3",-0.0025842934785721,-0.0612803015404852,0.056111714583341,0.292666792501277,0.769776854742871,0.776763607816792,-0.00414187539593992,-0.0736218400185175,0.0729636947222895,7,1334,"study_1_LOD_vs_CN; study_11_LOD_vs_CN; study_2_LOD_vs_CN; study_4_LOD_vs_CN; study_5_LOD_vs_CN; study_6_LOD_vs_CN; study_7_LOD_vs_CN",5,"study_1; study_11; study_4; study_6; study_7",0.821024134947667
"SLC12A2",-0.00506349860206284,-0.0491685604725032,0.0390415632683775,-0.290035011196762,0.77178945315243,0,NA,NA,NA,4,901,"study_1_LOD_vs_CN; study_11_LOD_vs_CN; study_2_LOD_vs_CN; study_5_LOD_vs_CN",2,"study_1; study_11",0.906321559665239
"ERBB4",0.0104850089946974,-0.0167607993364505,0.0377308173258454,0.289738332951935,0.772016428112532,0.632246722625233,0.0109522392294985,-0.00272725202775473,0.0291881336609671,8,2078,"study_1_LOD_vs_CN; study_11_LOD_vs_CN; study_2_LOD_vs_CN; study_3_Olink_LOD_vs_CN; study_5_LOD_vs_CN; study_6_LOD_vs_CN; study_8_LOD_vs_CN; study_9_LOD_vs_CN",4,"study_1; study_11; study_6; study_8",0.828405225289407
"C4BPA",0.01345685518554,-0.0581347957492053,0.0850485061202852,0.289588870424061,0.772130782450676,0.64272722502689,0.0116668693417347,-0.0598061685906877,0.0785073749796945,9,1698,"study_1_LOD_vs_CN; study_10_LOD_vs_CN; study_11_LOD_vs_CN; study_2_LOD_vs_CN; study_3_Soma_LOD_vs_CN; study_4_LOD_vs_CN; study_5_LOD_vs_CN; study_6_LOD_vs_CN; study_7_LOD_vs_CN",5,"study_1; study_11; study_4; study_6; study_7",0.822394143635139
"SCGB1A1",0.0178707090271149,-0.0419993303149887,0.0777407483692184,0.288212816761709,0.773183838504127,0.597703905446562,0.0182879815807096,-0.0259506239519594,0.075340049557206,7,1175,"study_1_LOD_vs_CN; study_11_LOD_vs_CN; study_2_LOD_vs_CN; study_3_Olink_LOD_vs_CN; study_4_LOD_vs_CN; study_5_LOD_vs_CN; study_7_LOD_vs_CN",4,"study_1; study_11; study_4; study_7",0.828405225289407
"ST6GALNAC5",0.0168511814532429,-0.0207170831284769,0.0544194460349626,0.287726011263861,0.773556477496273,0.59306741134289,0.021253804737962,-0.00524049665521789,0.0618982072477425,7,1236,"study_1_LOD_vs_CN; study_11_LOD_vs_CN; study_2_LOD_vs_CN; study_3_Soma_LOD_vs_CN; study_5_LOD_vs_CN; study_6_LOD_vs_CN; study_7_LOD_vs_CN",4,"study_1; study_11; study_6; study_7",0.828405225289407
"GXYLT1",-0.00414965291611568,-0.0431930409990673,0.0348937351668359,-0.286338268071985,0.774619050866566,0,-0.00505362248555429,-0.0203736922375019,0.011385334795052,6,1108,"study_1_LOD_vs_CN; study_11_LOD_vs_CN; study_2_LOD_vs_CN; study_3_Soma_LOD_vs_CN; study_5_LOD_vs_CN; study_6_LOD_vs_CN",3,"study_1; study_11; study_6",0.873808075672651
"COL6A1",-0.00699116290931156,-0.0271370624444243,0.0131547366258012,-0.283390810402545,0.77687727202135,0.489114965552495,-0.00735015028499866,-0.0153301878319036,-0.00113414449001573,9,1732,"study_1_LOD_vs_CN; study_10_LOD_vs_CN; study_11_LOD_vs_CN; study_2_LOD_vs_CN; study_3_Soma_LOD_vs_CN; study_4_LOD_vs_CN; study_5_LOD_vs_CN; study_6_LOD_vs_CN; study_7_LOD_vs_CN",5,"study_1; study_11; study_4; study_6; study_7",0.826305148249541
"EIF4B",0.012313654097196,-0.0778198373571098,0.102447145551502,0.282712652871658,0.777397116192464,0,NA,NA,NA,5,454,"study_1_LOD_vs_CN; study_2_LOD_vs_CN; study_3_Olink_LOD_vs_CN; study_3_Soma_LOD_vs_CN; study_6_LOD_vs_CN",2,"study_1; study_6",0.908507392701118
"C1QL2",-0.00132978404099436,-0.0990717836612158,0.0964122155792271,0.28232634540453,0.777693286190539,0,NA,NA,NA,4,617,"study_1_LOD_vs_CN; study_11_LOD_vs_CN; study_2_LOD_vs_CN; study_3_Soma_LOD_vs_CN",2,"study_1; study_11",0.908507392701118
"IGHD",-0.0190525844134688,-0.129402034587361,0.0912968657604231,-0.281991487333101,0.777950037664771,0,-0.0202627954817356,-0.0494952228441575,0.0124298154473488,5,1160,"study_1_LOD_vs_CN; study_11_LOD_vs_CN; study_3_Soma_LOD_vs_CN; study_5_LOD_vs_CN; study_7_LOD_vs_CN",3,"study_1; study_11; study_7",0.874889496593364
"OLFML2B",-0.00146946950325828,-0.0359626477616515,0.033023708755135,0.280415312211633,0.779158890668155,0.323000616571873,-0.00300279719209068,-0.0184577508456009,0.00896401859784584,5,1132,"study_1_LOD_vs_CN; study_11_LOD_vs_CN; study_2_LOD_vs_CN; study_5_LOD_vs_CN; study_6_LOD_vs_CN",3,"study_1; study_11; study_6",0.874889496593364
"ABCC2",0.0101461177390128,-0.138914479706451,0.159206715184477,-0.279707554327911,0.779701882071474,0.47688619810299,NA,NA,NA,2,407,"study_1_LOD_vs_CN; study_6_LOD_vs_CN",2,"study_1; study_6",0.908507392701118
"OXR1",-0.0216330482599694,-0.131390501914342,0.0881244053944034,0.278745963496466,0.780439786156035,0.950626143944712,NA,NA,NA,2,432,"study_11_LOD_vs_CN; study_2_LOD_vs_CN",2,"study_11; study_2",0.908507392701118
"TUBA4A",0.0196752226406434,-0.0497868019275081,0.0891372472087949,0.278032374294146,0.780987507035407,0.422424607524414,NA,NA,NA,3,787,"study_1_LOD_vs_CN; study_11_LOD_vs_CN; study_2_LOD_vs_CN",2,"study_1; study_11",0.908507392701118
"CFC1",-0.0157588847290484,-0.0939664143183554,0.0624486448602585,-0.277174046838698,0.781646466830811,0.576230877386188,NA,NA,NA,4,956,"study_3_Olink_LOD_vs_CN; study_3_Soma_LOD_vs_CN; study_8_LOD_vs_CN; study_9_LOD_vs_CN",2,"study_3_Soma; study_8",0.908507392701118
"CHPF",-0.0115573503863691,-0.0619581830179041,0.0388434822451659,-0.276969042466928,0.781803877108413,0.536099073453338,-0.018008207136775,-0.0439539742089199,0.0093321910397274,5,983,"study_1_LOD_vs_CN; study_11_LOD_vs_CN; study_2_LOD_vs_CN; study_5_LOD_vs_CN; study_6_LOD_vs_CN",3,"study_1; study_11; study_6",0.874889496593364
"ABHD14A",-0.00102676853016233,-0.0312928438182511,0.0292393067579265,0.276443583235246,0.782207385809779,0.745696052799409,-0.00136170689738259,-0.0236525333611755,0.0327083102466265,7,1215,"study_1_LOD_vs_CN; study_11_LOD_vs_CN; study_2_LOD_vs_CN; study_3_Soma_LOD_vs_CN; study_5_LOD_vs_CN; study_6_LOD_vs_CN; study_7_LOD_vs_CN",4,"study_1; study_11; study_6; study_7",0.83562642679191
"LRFN4",-0.0111899348098353,-0.290933652016678,0.268553782397007,0.276222674660541,0.782377042609823,0.476851179082616,NA,NA,NA,2,66,"study_3_Soma_LOD_vs_CN; study_6_LOD_vs_CN",2,"study_3_Soma; study_6",0.908507392701118
"RETREG1",0.0184880545946449,-0.108820539040451,0.14579664822974,0.275262665820398,0.783114445271015,0,NA,NA,NA,2,383,"study_11_LOD_vs_CN; study_2_LOD_vs_CN",2,"study_11; study_2",0.908507392701118
"NRG3",-0.00557300651826913,-0.0380348355751437,0.0268888225386054,-0.274417148280296,0.783764066225555,0,-0.00421299145521171,-0.0179700035105719,0.0118400830360531,6,1139,"study_1_LOD_vs_CN; study_11_LOD_vs_CN; study_2_LOD_vs_CN; study_3_Soma_LOD_vs_CN; study_5_LOD_vs_CN; study_6_LOD_vs_CN",3,"study_1; study_11; study_6",0.874889496593364
"RELT",-0.00175068370066159,-0.0250360640370072,0.021534696635684,-0.273970104792046,0.784107595882772,0.454866009423584,0.000907226586945383,-0.00965592125221146,0.0198172981703461,7,1204,"study_1_LOD_vs_CN; study_11_LOD_vs_CN; study_2_LOD_vs_CN; study_3_Olink_LOD_vs_CN; study_3_Soma_LOD_vs_CN; study_5_LOD_vs_CN; study_6_LOD_vs_CN",3,"study_1; study_11; study_6",0.874889496593364
"FOLR2",0.00430436536637061,-0.0200261622579555,0.0286348929906968,0.273508127850874,0.784462645329445,0.837069116708298,0.00597910807363161,-0.0113943917738598,0.0216540726940843,10,1691,"study_1_LOD_vs_CN; study_10_LOD_vs_CN; study_11_LOD_vs_CN; study_2_LOD_vs_CN; study_3_Olink_LOD_vs_CN; study_3_Soma_LOD_vs_CN; study_4_LOD_vs_CN; study_5_LOD_vs_CN; study_6_LOD_vs_CN; study_7_LOD_vs_CN",5,"study_1; study_11; study_4; study_6; study_7",0.83322068267727
"LRP4",0.00182966804188821,-0.0254753186154371,0.0291346546992135,0.272762248640148,0.785035980727019,0.881277941968638,0.00678948351615393,-0.0420894031911155,0.0618320621707102,6,1107,"study_1_LOD_vs_CN; study_11_LOD_vs_CN; study_2_LOD_vs_CN; study_3_Soma_LOD_vs_CN; study_5_LOD_vs_CN; study_6_LOD_vs_CN",3,"study_1; study_11; study_6",0.874889496593364
"COPB2",-0.00829915744427944,-0.122095709510391,0.105497394621832,0.271089101994859,0.786322503205458,0.785501641062296,NA,NA,NA,3,375,"study_11_LOD_vs_CN; study_2_LOD_vs_CN; study_3_Soma_LOD_vs_CN",2,"study_11; study_2",0.91005934256001
"TICAM2",-0.0060911196614182,-0.049522824112924,0.0373405847900876,-0.270439519856727,0.786822139921676,0,NA,NA,NA,3,232,"study_2_LOD_vs_CN; study_3_Soma_LOD_vs_CN; study_7_LOD_vs_CN",2,"study_2; study_7",0.91005934256001
"CLU",0.00662648350482167,-0.0116603593174009,0.0249133263270442,-0.269674073588173,0.787411008074455,0.840394464898327,0.00727389038413114,-0.00871885197974608,0.0237391824210248,9,1732,"study_1_LOD_vs_CN; study_10_LOD_vs_CN; study_11_LOD_vs_CN; study_2_LOD_vs_CN; study_3_Soma_LOD_vs_CN; study_4_LOD_vs_CN; study_5_LOD_vs_CN; study_6_LOD_vs_CN; study_7_LOD_vs_CN",5,"study_1; study_11; study_4; study_6; study_7",0.835198710633457
"MEGF11",-0.000316516571516665,-0.0599367137954085,0.0593036806523752,0.264909560534256,0.791079133142836,0.345928314998237,-0.00537839035664716,-0.0231216879967896,0.0189408012060542,4,846,"study_1_LOD_vs_CN; study_11_LOD_vs_CN; study_2_LOD_vs_CN; study_6_LOD_vs_CN",3,"study_1; study_11; study_6",0.879857552894336
"FUCA2",-0.0140297054654477,-0.071217851040077,0.0431584401091817,-0.262957452882266,0.79258337299308,0.118660688404865,-0.0121616216611851,-0.0272983627036639,0.0119550452324537,8,1703,"study_1_LOD_vs_CN; study_10_LOD_vs_CN; study_11_LOD_vs_CN; study_2_LOD_vs_CN; study_4_LOD_vs_CN; study_5_LOD_vs_CN; study_6_LOD_vs_CN; study_7_LOD_vs_CN",5,"study_1; study_11; study_4; study_6; study_7",0.839527016297078
"KPRP",0.0591791466920813,-0.204588273687932,0.322946567072095,0.261553422649803,0.793665757465232,0,NA,NA,NA,2,55,"study_2_LOD_vs_CN; study_6_LOD_vs_CN",2,"study_2; study_6",0.91600685674188
"FGFR3",-0.000727481377630139,-0.0202883030873644,0.0188333403321041,0.261249147217818,0.793900379685047,0.80199733783769,0.000379445503534831,-0.0160988968817297,0.0274813953677905,8,1474,"study_1_LOD_vs_CN; study_11_LOD_vs_CN; study_2_LOD_vs_CN; study_3_Soma_LOD_vs_CN; study_4_LOD_vs_CN; study_5_LOD_vs_CN; study_6_LOD_vs_CN; study_7_LOD_vs_CN",5,"study_1; study_11; study_4; study_6; study_7",0.839765325966714
"JAG2",-0.00612520018177763,-0.0515313280394094,0.0392809276758542,-0.260694706747495,0.794327948354472,0,-0.00668944755721379,-0.0103318066097499,-0.00348544799150183,5,876,"study_1_LOD_vs_CN; study_11_LOD_vs_CN; study_2_LOD_vs_CN; study_5_LOD_vs_CN; study_6_LOD_vs_CN",3,"study_1; study_11; study_6",0.880394719954591
"MFGE8",0.00694658320461068,-0.0333827446438129,0.0472759110530342,0.259426845421266,0.79530591889373,0.799816326811673,0.00651690854938842,-0.0118796003264136,0.0216977082271425,12,2593,"study_1_LOD_vs_CN; study_10_LOD_vs_CN; study_11_LOD_vs_CN; study_2_LOD_vs_CN; study_3_Olink_LOD_vs_CN; study_3_Soma_LOD_vs_CN; study_4_LOD_vs_CN; study_5_LOD_vs_CN; study_6_LOD_vs_CN; study_7_LOD_vs_CN; study_8_LOD_vs_CN; study_9_LOD_vs_CN",6,"study_1; study_11; study_4; study_6; study_7; study_8",0.832819429013907
"SCARF2",0.00299145936422675,-0.0579651878381796,0.0639481065666331,0.258300587951362,0.79617493253915,0,0.000156251494522856,-0.0237991227180014,0.022285720274184,6,1307,"study_11_LOD_vs_CN; study_2_LOD_vs_CN; study_3_Olink_LOD_vs_CN; study_3_Soma_LOD_vs_CN; study_8_LOD_vs_CN; study_9_LOD_vs_CN",3,"study_11; study_2; study_8",0.880394719954591
"AK1",0.0186062150846676,-0.0510997981226795,0.0883122282920146,0.257698225441789,0.796639815755198,0.767929344272786,NA,NA,NA,5,1052,"study_1_LOD_vs_CN; study_11_LOD_vs_CN; study_2_LOD_vs_CN; study_3_Soma_LOD_vs_CN; study_5_LOD_vs_CN",2,"study_1; study_11",0.91600685674188
"GJA1",-0.00833461489953862,-0.0432123804842699,0.0265431506851926,-0.257138944739853,0.797071514488558,0.81395581446128,-0.0121058740740865,-0.0285168667919108,0.0205850591653149,4,1062,"study_1_LOD_vs_CN; study_11_LOD_vs_CN; study_2_LOD_vs_CN; study_7_LOD_vs_CN",3,"study_1; study_11; study_7",0.880394719954591
"CNDP1",0.0153208274331141,-0.0160933566532278,0.0467350115194559,0.256202714318693,0.797794312840425,0.838475732275953,0.015405765628601,-0.0220399094047504,0.0511818229561707,12,2526,"study_1_LOD_vs_CN; study_10_LOD_vs_CN; study_11_LOD_vs_CN; study_2_LOD_vs_CN; study_3_Olink_LOD_vs_CN; study_3_Soma_LOD_vs_CN; study_4_LOD_vs_CN; study_5_LOD_vs_CN; study_6_LOD_vs_CN; study_7_LOD_vs_CN; study_8_LOD_vs_CN; study_9_LOD_vs_CN",6,"study_1; study_11; study_4; study_6; study_7; study_8",0.832819429013907
"CLEC7A",-0.0189464003746714,-0.157757601793187,0.119864801043844,-0.256154085034605,0.797831860868557,0,NA,NA,NA,4,959,"study_2_LOD_vs_CN; study_3_Olink_LOD_vs_CN; study_8_LOD_vs_CN; study_9_LOD_vs_CN",2,"study_2; study_8",0.91600685674188
"INHBC",-0.0152209326055031,-0.0923666651274751,0.061924799916469,-0.256056401154175,0.797907286733621,0.604979126816054,-0.0103515127535004,-0.0467289902819118,0.0148553695191005,5,723,"study_1_LOD_vs_CN; study_11_LOD_vs_CN; study_3_Olink_LOD_vs_CN; study_3_Soma_LOD_vs_CN; study_6_LOD_vs_CN",3,"study_1; study_11; study_6",0.880394719954591
"ITLN1",-0.0119296991912842,-0.117656022249078,0.0937966238665092,-0.254839731956876,0.798846886468129,0,NA,NA,NA,3,538,"study_11_LOD_vs_CN; study_2_LOD_vs_CN; study_5_LOD_vs_CN",2,"study_11; study_2",0.91600685674188
"ARL3",0.00767592352178256,-0.139024221165301,0.154376068208866,0.254437136247577,0.799157864144874,0,NA,NA,NA,3,118,"study_2_LOD_vs_CN; study_3_Soma_LOD_vs_CN; study_6_LOD_vs_CN",2,"study_2; study_6",0.91600685674188
"MEPE",0.0179488544379565,-0.0496097165543246,0.0855074254302376,0.251420993678135,0.80148863827403,0.548548406204475,0.023962351066329,-0.011907147123232,0.0696287346729484,6,857,"study_1_LOD_vs_CN; study_11_LOD_vs_CN; study_2_LOD_vs_CN; study_3_Olink_LOD_vs_CN; study_5_LOD_vs_CN; study_6_LOD_vs_CN",3,"study_1; study_11; study_6",0.881454408585483
"IGKV1D-17",0.0108687362895247,-0.0855967838107339,0.107334256389783,0.250837936616621,0.801939409831708,0,NA,NA,NA,2,787,"study_1_LOD_vs_CN; study_11_LOD_vs_CN",2,"study_1; study_11",0.91600685674188
"ATIC",0.0264837576640806,-0.108588438924198,0.161555954252359,0.250775478964466,0.801987700841296,0.462340871856695,NA,NA,NA,3,470,"study_11_LOD_vs_CN; study_2_LOD_vs_CN; study_3_Soma_LOD_vs_CN",2,"study_11; study_2",0.91600685674188
"DSP",-0.00142937562383973,-0.154344361025256,0.151485609777577,-0.250702533848934,0.802044101505709,0.163866835837418,0.0140530782931324,-0.0421488757283888,0.117817027970718,5,856,"study_1_LOD_vs_CN; study_11_LOD_vs_CN; study_2_LOD_vs_CN; study_5_LOD_vs_CN; study_6_LOD_vs_CN",3,"study_1; study_11; study_6",0.881454408585483
"NIT2",-0.0235370150239577,-0.155192422667385,0.10811839261947,-0.250699080481951,0.802046771651014,0,NA,NA,NA,2,363,"study_11_LOD_vs_CN; study_3_Soma_LOD_vs_CN",2,"study_11; study_3_Soma",0.91600685674188
"TUBB4A",-0.000822506149807389,-0.0668474947211339,0.0652024824215191,-0.249855992429686,0.802698716910528,0.756855873330837,NA,NA,NA,3,909,"study_1_LOD_vs_CN; study_11_LOD_vs_CN; study_2_LOD_vs_CN",2,"study_1; study_11",0.91600685674188
"TMEM25",0.000594798428931261,-0.0228836726091543,0.0240732694670168,0.248599976725309,0.803670226502364,0.653159646160458,0.0011140214892738,-0.0078976103249707,0.0152836091747352,8,1465,"study_1_LOD_vs_CN; study_11_LOD_vs_CN; study_2_LOD_vs_CN; study_3_Soma_LOD_vs_CN; study_4_LOD_vs_CN; study_5_LOD_vs_CN; study_6_LOD_vs_CN; study_7_LOD_vs_CN",5,"study_1; study_11; study_4; study_6; study_7",0.848931873874063
"CDON",-0.00937314696812129,-0.0956026776776464,0.0768563837414039,-0.246318429135229,0.805435744967977,0,NA,NA,NA,4,956,"study_3_Olink_LOD_vs_CN; study_3_Soma_LOD_vs_CN; study_8_LOD_vs_CN; study_9_LOD_vs_CN",2,"study_3_Soma; study_8",0.917766546194965
"AZGP1",0.0118049083422823,-0.0248727560339725,0.0484825727185371,-0.24471409024608,0.806677817267931,0.891313705984935,0.0130580906717608,-0.00742075785879648,0.0590420308308777,9,1732,"study_1_LOD_vs_CN; study_10_LOD_vs_CN; study_11_LOD_vs_CN; study_2_LOD_vs_CN; study_3_Soma_LOD_vs_CN; study_4_LOD_vs_CN; study_5_LOD_vs_CN; study_6_LOD_vs_CN; study_7_LOD_vs_CN",5,"study_1; study_11; study_4; study_6; study_7",0.850939974594017
"GRM4",-0.569065004031879,-1.92746531811497,0.789335310051214,0.243356434415621,0.80772928973246,0.993836503781632,NA,NA,NA,2,91,"study_3_Soma_LOD_vs_CN; study_6_LOD_vs_CN",2,"study_3_Soma; study_6",0.919016436317822
"AQP1",0.0130487423824397,-0.0798643780291202,0.105961862794,0.239763422340885,0.810513664672359,0,NA,NA,NA,2,518,"study_11_LOD_vs_CN; study_6_LOD_vs_CN",2,"study_11; study_6",0.920632195647919
"NIBAN1",-0.0169902960340065,-0.061705804472476,0.027725212404463,0.238430942880636,0.811546870382345,0.908577094572719,NA,NA,NA,2,890,"study_1_LOD_vs_CN; study_11_LOD_vs_CN",2,"study_1; study_11",0.920632195647919
"CTHRC1",-0.00217752960538217,-0.0277908584796599,0.0234357992688956,-0.2383628945839,0.811599643915601,0.935057726570112,-0.00706169765116515,-0.0624639332820196,0.0518034250322941,6,1090,"study_1_LOD_vs_CN; study_11_LOD_vs_CN; study_2_LOD_vs_CN; study_3_Soma_LOD_vs_CN; study_5_LOD_vs_CN; study_6_LOD_vs_CN",3,"study_1; study_11; study_6",0.890033426775718
"SERPING1",0.00391842411985417,-0.0151716540973887,0.023008502337097,-0.237844606463552,0.812001620260481,0.818282647494876,0.00380911090912666,-0.0107519049243491,0.0199707579164658,9,1732,"study_1_LOD_vs_CN; study_10_LOD_vs_CN; study_11_LOD_vs_CN; study_2_LOD_vs_CN; study_3_Soma_LOD_vs_CN; study_4_LOD_vs_CN; study_5_LOD_vs_CN; study_6_LOD_vs_CN; study_7_LOD_vs_CN",5,"study_1; study_11; study_4; study_6; study_7",0.855382528740151
"CRIM1",0.0222398152087188,-0.0175950340244051,0.0620746644418428,0.236956654779266,0.812690417137094,0.768210988749351,0.0212681931570074,-0.0201154851453522,0.0477095151418547,9,1956,"study_1_LOD_vs_CN; study_11_LOD_vs_CN; study_2_LOD_vs_CN; study_3_Olink_LOD_vs_CN; study_3_Soma_LOD_vs_CN; study_5_LOD_vs_CN; study_6_LOD_vs_CN; study_8_LOD_vs_CN; study_9_LOD_vs_CN",4,"study_1; study_11; study_6; study_8",0.866078838700844
"PEBP4",-0.00363568918724531,-0.0351673781724967,0.0278959997980061,0.236290464502655,0.813207285696864,0.700505079427265,-0.00291058791081678,-0.0137306400093925,0.00860262045408649,8,1704,"study_1_LOD_vs_CN; study_10_LOD_vs_CN; study_11_LOD_vs_CN; study_2_LOD_vs_CN; study_4_LOD_vs_CN; study_5_LOD_vs_CN; study_6_LOD_vs_CN; study_7_LOD_vs_CN",5,"study_1; study_11; study_4; study_6; study_7",0.855480715049095
"CPAMD8",-0.00459276329854666,-0.0376147502165223,0.0284292236194289,-0.236100260944667,0.813354871449071,0.749089137371754,-0.0087947407036757,-0.0528004835152055,0.0241367013001101,5,1144,"study_1_LOD_vs_CN; study_11_LOD_vs_CN; study_2_LOD_vs_CN; study_5_LOD_vs_CN; study_6_LOD_vs_CN",3,"study_1; study_11; study_6",0.890033426775718
"SDC1",0.00835161962034177,-0.0581684563672074,0.0748716956078909,0.233802597774467,0.815138232734051,0,0.00691770605078979,-0.00525102762407212,0.0152822121779148,5,1361,"study_11_LOD_vs_CN; study_2_LOD_vs_CN; study_3_Olink_LOD_vs_CN; study_8_LOD_vs_CN; study_9_LOD_vs_CN",3,"study_11; study_2; study_8",0.890033426775718
"PLA2G15",-0.00212463302367189,-0.0221901208803328,0.0179408548329891,-0.233686124290354,0.81522866074514,0.320271138782331,-0.00224488048014018,-0.0119737533675573,0.00978323919918311,7,1450,"study_1_LOD_vs_CN; study_11_LOD_vs_CN; study_2_LOD_vs_CN; study_4_LOD_vs_CN; study_5_LOD_vs_CN; study_6_LOD_vs_CN; study_7_LOD_vs_CN",5,"study_1; study_11; study_4; study_6; study_7",0.856435573924881
"ALDOB",-0.0109035672663563,-0.102832022205995,0.0810248876732822,-0.233477073327385,0.815390970492141,0,NA,NA,NA,3,492,"study_11_LOD_vs_CN; study_2_LOD_vs_CN; study_5_LOD_vs_CN",2,"study_11; study_2",0.923628709938001
"CYBB",0.0037809507746024,-0.113056542103711,0.120618443652916,-0.232351660951511,0.816264890502415,0.692950225188707,-0.0610472741100485,-0.222199149199134,0.0329132314853959,3,495,"study_11_LOD_vs_CN; study_2_LOD_vs_CN; study_6_LOD_vs_CN",3,"study_11; study_2; study_6",0.890033426775718
"MB",0.0142720740735162,-0.0705696135855519,0.0991137617325844,-0.232331841098399,0.816280283326317,0.74973466043069,0.0120005047182174,-0.10214183350724,0.0638550997987617,11,2379,"study_1_LOD_vs_CN; study_11_LOD_vs_CN; study_2_LOD_vs_CN; study_3_Olink_LOD_vs_CN; study_3_Soma_LOD_vs_CN; study_4_LOD_vs_CN; study_5_LOD_vs_CN; study_6_LOD_vs_CN; study_7_LOD_vs_CN; study_8_LOD_vs_CN; study_9_LOD_vs_CN",6,"study_1; study_11; study_4; study_6; study_7; study_8",0.845350731107028
"LRP1B",0.00421531350499332,-0.0179217195754455,0.0263523465854322,-0.231331914193878,0.817056955057742,0.398249296161102,0.00539605961773488,-0.00506675210126986,0.0186098376637459,7,1396,"study_1_LOD_vs_CN; study_11_LOD_vs_CN; study_2_LOD_vs_CN; study_4_LOD_vs_CN; study_5_LOD_vs_CN; study_6_LOD_vs_CN; study_7_LOD_vs_CN",5,"study_1; study_11; study_4; study_6; study_7",0.85718526390096
"GRN",-0.00139189172181382,-0.0316880486080949,0.0289042651644673,-0.230505395089934,0.817699071678294,0,-0.00156951040877336,-0.00662593347668312,0.00542333593069156,11,2329,"study_1_LOD_vs_CN; study_11_LOD_vs_CN; study_2_LOD_vs_CN; study_3_Olink_LOD_vs_CN; study_3_Soma_LOD_vs_CN; study_4_LOD_vs_CN; study_5_LOD_vs_CN; study_6_LOD_vs_CN; study_7_LOD_vs_CN; study_8_LOD_vs_CN; study_9_LOD_vs_CN",6,"study_1; study_11; study_4; study_6; study_7; study_8",0.845350731107028
"ITM2C",-0.00101360649052172,-0.0307093851180733,0.0286821721370298,-0.229294028427341,0.818640394483061,0.875582643021873,-0.0047066023214236,-0.0580220827092033,0.0447125863493618,5,1149,"study_1_LOD_vs_CN; study_11_LOD_vs_CN; study_2_LOD_vs_CN; study_5_LOD_vs_CN; study_6_LOD_vs_CN",3,"study_1; study_11; study_6",0.89087337046686
"LY96",0.00752352568369492,-0.0430716704509317,0.0581187218183216,-0.228229628540641,0.819467728950748,0.687348550774907,0.00647127646509464,-0.024061120450885,0.037988030357363,6,898,"study_1_LOD_vs_CN; study_11_LOD_vs_CN; study_2_LOD_vs_CN; study_5_LOD_vs_CN; study_6_LOD_vs_CN; study_7_LOD_vs_CN",4,"study_1; study_11; study_6; study_7",0.871181711845698
"ITPR2",-0.0112877373043618,-0.110034713811519,0.0874592392027958,-0.227984905925702,0.819657974873884,0,NA,NA,NA,2,246,"study_4_LOD_vs_CN; study_7_LOD_vs_CN",2,"study_4; study_7",0.924344418148058
"TGM4",-0.0443557610269876,-0.278790520337116,0.190078998283141,-0.227928357521444,0.81970193678129,0.583554729351974,NA,NA,NA,2,177,"study_4_LOD_vs_CN; study_6_LOD_vs_CN",2,"study_4; study_6",0.924344418148058
"RAB7A",0.0263680063531012,-0.0989259522619332,0.151661964968136,0.22579795097046,0.82135857081472,0,NA,NA,NA,3,380,"study_11_LOD_vs_CN; study_2_LOD_vs_CN; study_3_Soma_LOD_vs_CN",2,"study_11; study_2",0.924344418148058
"TGM3",-0.0907827648869439,-0.812867884586991,0.631302354813103,0.224541230485166,0.822336188550036,0.599590693443903,NA,NA,NA,2,67,"study_2_LOD_vs_CN; study_6_LOD_vs_CN",2,"study_2; study_6",0.924344418148058
"XCL1",0.0267136924824928,-0.0910356623528217,0.144463047317807,0.222488247861107,0.823933820873644,0.705710683530065,NA,NA,NA,4,955,"study_3_Olink_LOD_vs_CN; study_3_Soma_LOD_vs_CN; study_8_LOD_vs_CN; study_9_LOD_vs_CN",2,"study_3_Soma; study_8",0.924344418148058
"PRSS2",0.00938667644299337,-0.0366076956035743,0.0553810484895611,0.222249114023741,0.824119962555497,0.613428928571825,0.00863252088403719,-0.0125114979393796,0.0310899795653428,8,1997,"study_1_LOD_vs_CN; study_11_LOD_vs_CN; study_3_Olink_LOD_vs_CN; study_3_Soma_LOD_vs_CN; study_5_LOD_vs_CN; study_6_LOD_vs_CN; study_8_LOD_vs_CN; study_9_LOD_vs_CN",4,"study_1; study_11; study_6; study_8",0.874006158836096
"FUT8",-0.00565207182627225,-0.0642845245323717,0.0529803808798272,-0.22191641944115,0.824378948337657,0,NA,NA,NA,3,549,"study_11_LOD_vs_CN; study_3_Olink_LOD_vs_CN; study_3_Soma_LOD_vs_CN",2,"study_11; study_3_Soma",0.924344418148058
"AKAP5",0.0295351087705844,-0.159002196586224,0.218072414127393,0.219652199515144,0.826142034693573,0,NA,NA,NA,2,88,"study_2_LOD_vs_CN; study_6_LOD_vs_CN",2,"study_2; study_6",0.924344418148058
"PYGB",0.0155598655518774,-0.0616288826596492,0.0927486137634039,-0.217430307866183,0.827873013857111,0.843817876414185,NA,NA,NA,5,807,"study_1_LOD_vs_CN; study_11_LOD_vs_CN; study_2_LOD_vs_CN; study_3_Soma_LOD_vs_CN; study_5_LOD_vs_CN",2,"study_1; study_11",0.924344418148058
"C1QA",0.00506920646122362,-0.0168888507916645,0.0270272637141118,0.215694749696199,0.829225694028909,0.814820450833079,0.00546340804966609,-0.00413632038993903,0.0200342206647432,10,1759,"study_1_LOD_vs_CN; study_10_LOD_vs_CN; study_11_LOD_vs_CN; study_2_LOD_vs_CN; study_3_Olink_LOD_vs_CN; study_3_Soma_LOD_vs_CN; study_4_LOD_vs_CN; study_5_LOD_vs_CN; study_6_LOD_vs_CN; study_7_LOD_vs_CN",5,"study_1; study_11; study_4; study_6; study_7",0.868766428757808
"PLEKHB1",-0.000923142847235357,-0.0264171642599645,0.0245708785654938,-0.21344058764157,0.83098332543851,0.803942363900986,0.000341571592290238,-0.0194472960424442,0.0179496859375343,8,1410,"study_1_LOD_vs_CN; study_11_LOD_vs_CN; study_2_LOD_vs_CN; study_3_Soma_LOD_vs_CN; study_4_LOD_vs_CN; study_5_LOD_vs_CN; study_6_LOD_vs_CN; study_7_LOD_vs_CN",5,"study_1; study_11; study_4; study_6; study_7",0.869423370424781
"DSG1",-0.036964902034386,-0.192555354126396,0.118625550057624,-0.212668575260191,0.831585479352833,0,-0.0500029555778752,-0.0876505451928565,-0.0147332731119701,5,514,"study_1_LOD_vs_CN; study_2_LOD_vs_CN; study_5_LOD_vs_CN; study_6_LOD_vs_CN; study_7_LOD_vs_CN",3,"study_1; study_6; study_7",0.90318970849476
"PDIA3",0.0049745285511081,-0.00694846163162809,0.0168975187338443,0.211618337493348,0.832404802068572,0.50903132069294,0.00562858387303078,0.00159686385123351,0.0119559953252541,8,1455,"study_1_LOD_vs_CN; study_11_LOD_vs_CN; study_2_LOD_vs_CN; study_3_Soma_LOD_vs_CN; study_4_LOD_vs_CN; study_5_LOD_vs_CN; study_6_LOD_vs_CN; study_7_LOD_vs_CN",5,"study_1; study_11; study_4; study_6; study_7",0.869727299987408
"CRH",-0.00965987534151386,-0.0714051431773461,0.0520853924943183,-0.211050241306923,0.832848067292387,0.799512127749932,NA,NA,NA,4,751,"study_1_LOD_vs_CN; study_11_LOD_vs_CN; study_3_Olink_LOD_vs_CN; study_3_Soma_LOD_vs_CN",2,"study_1; study_11",0.924344418148058
"CNPY4",-0.0089720776908837,-0.0837017329461525,0.0657575775643851,-0.210865250355811,0.832992420621944,0,NA,NA,NA,3,563,"study_11_LOD_vs_CN; study_3_Soma_LOD_vs_CN; study_5_LOD_vs_CN",2,"study_11; study_5",0.924344418148058
"UQCR10",-0.0094073762597257,-0.0541151227441995,0.0353003702247481,-0.210105358001065,0.833585443736634,0.944771465783112,NA,NA,NA,2,556,"study_11_LOD_vs_CN; study_6_LOD_vs_CN",2,"study_11; study_6",0.924344418148058
"RAB1A",-0.000443898625329113,-0.0508820097558141,0.0499942125051559,-0.210035885956425,0.83363966473463,0.916540298617548,NA,NA,NA,5,934,"study_1_LOD_vs_CN; study_11_LOD_vs_CN; study_2_LOD_vs_CN; study_3_Soma_LOD_vs_CN; study_5_LOD_vs_CN",2,"study_1; study_11",0.924344418148058
"VSIR",0.0362686321257823,-0.147302573740316,0.219839837991881,-0.20999010889179,0.833675392892411,0.682753147108752,NA,NA,NA,3,92,"study_2_LOD_vs_CN; study_3_Soma_LOD_vs_CN; study_6_LOD_vs_CN",2,"study_2; study_6",0.924344418148058
"PPP4R3A",-0.000805303861103383,-0.0951754655250835,0.0935648578028767,-0.209422756542946,0.834118229459013,0.336984896237937,NA,NA,NA,2,351,"study_11_LOD_vs_CN; study_3_Soma_LOD_vs_CN",2,"study_11; study_3_Soma",0.924344418148058
"PGRMC1",0.00814906958381149,-0.00902945814572025,0.0253275973133432,0.209049521493282,0.834409579997548,0.856608081685855,0.00884608631588889,-0.002461690384456,0.0275110664830011,8,1419,"study_1_LOD_vs_CN; study_11_LOD_vs_CN; study_2_LOD_vs_CN; study_3_Soma_LOD_vs_CN; study_4_LOD_vs_CN; study_5_LOD_vs_CN; study_6_LOD_vs_CN; study_7_LOD_vs_CN",5,"study_1; study_11; study_4; study_6; study_7",0.87063903258903
"IGLV3-10",0.0116675415415774,-0.109047103256671,0.132382186339826,-0.207854487916198,0.835342586372205,0.530239254967227,0.0131936878174139,-0.0362991256757312,0.057508175268636,4,482,"study_4_LOD_vs_CN; study_5_LOD_vs_CN; study_6_LOD_vs_CN; study_7_LOD_vs_CN",4,"study_4; study_5; study_6; study_7",0.882918083599386
"KAZALD1",0.00619796789670834,-0.0753752772884199,0.0877712130818366,0.206437605819993,0.836449098206327,0,NA,NA,NA,4,956,"study_3_Olink_LOD_vs_CN; study_3_Soma_LOD_vs_CN; study_8_LOD_vs_CN; study_9_LOD_vs_CN",2,"study_3_Soma; study_8",0.924344418148058
"S100A4",0.0166623286685747,-0.0483275103978594,0.0816521677350089,0.206302270299274,0.836554805236861,0.70476437845983,0.0142779776512684,-0.0503516551539049,0.0674231761693748,9,2067,"study_1_LOD_vs_CN; study_11_LOD_vs_CN; study_2_LOD_vs_CN; study_3_Olink_LOD_vs_CN; study_3_Soma_LOD_vs_CN; study_5_LOD_vs_CN; study_7_LOD_vs_CN; study_8_LOD_vs_CN; study_9_LOD_vs_CN",4,"study_1; study_11; study_7; study_8",0.882918083599386
"IGHV5-10-1",0.0121161761663075,-0.116897005089583,0.141129357422198,-0.206094162770671,0.836717358334637,0.848791452517443,0.0209705999295574,-0.106615264949738,0.100235526584178,6,1403,"study_1_LOD_vs_CN; study_11_LOD_vs_CN; study_4_LOD_vs_CN; study_5_LOD_vs_CN; study_6_LOD_vs_CN; study_7_LOD_vs_CN",5,"study_1; study_11; study_4; study_6; study_7",0.871073131891567
"COL28A1",0.0163368462444175,-0.0325945018274856,0.0652681943163205,0.205615735340322,0.837091085133768,0.85063372225245,0.0159006310937904,-0.0443102597847374,0.0920597411709827,8,1288,"study_1_LOD_vs_CN; study_11_LOD_vs_CN; study_2_LOD_vs_CN; study_3_Soma_LOD_vs_CN; study_4_LOD_vs_CN; study_5_LOD_vs_CN; study_6_LOD_vs_CN; study_7_LOD_vs_CN",5,"study_1; study_11; study_4; study_6; study_7",0.871073131891567
"CLTC",0.03758512678205,-0.109466281499986,0.184636535064086,0.205574654355479,0.837123177536072,0.717054628919739,NA,NA,NA,3,415,"study_11_LOD_vs_CN; study_2_LOD_vs_CN; study_5_LOD_vs_CN",2,"study_11; study_2",0.924344418148058
"LSP1",0.0304264517828963,-0.118052472865358,0.178905376431151,0.204736553118732,0.837777960029383,0.390041721179968,NA,NA,NA,3,320,"study_11_LOD_vs_CN; study_3_Olink_LOD_vs_CN; study_3_Soma_LOD_vs_CN",2,"study_11; study_3_Soma",0.924344418148058
"HERC1",0.0034041351868548,-0.0974701259290878,0.104278396302797,0.204524961314896,0.837943287923192,0,NA,NA,NA,3,369,"study_11_LOD_vs_CN; study_2_LOD_vs_CN; study_3_Soma_LOD_vs_CN",2,"study_11; study_2",0.924344418148058
"EEA1",-0.00389232047670028,-0.0394272831747254,0.0316426422213249,-0.203312606923806,0.838890702407808,0,NA,NA,NA,2,762,"study_1_LOD_vs_CN; study_11_LOD_vs_CN",2,"study_1; study_11",0.924344418148058
"ABAT",-0.0130457628925233,-0.123128532080517,0.0970370062954702,-0.197535611493857,0.843408416466064,0,NA,NA,NA,2,503,"study_11_LOD_vs_CN; study_2_LOD_vs_CN",2,"study_11; study_2",0.927990922415383
"CXCL17",-0.00690080553573699,-0.0764173470238538,0.0626157359523798,-0.195771188141793,0.844789262206884,0,NA,NA,NA,3,929,"study_3_Olink_LOD_vs_CN; study_8_LOD_vs_CN; study_9_LOD_vs_CN",2,"study_3_Olink; study_8",0.928180476931169
"LMAN2",0.00112026016603682,-0.0134259060110029,0.0156664263430766,0.194659740819607,0.845659331101647,0.784603112447156,0.00176944160500835,-0.00566476429087441,0.0149004392247021,9,1726,"study_1_LOD_vs_CN; study_10_LOD_vs_CN; study_11_LOD_vs_CN; study_2_LOD_vs_CN; study_3_Soma_LOD_vs_CN; study_4_LOD_vs_CN; study_5_LOD_vs_CN; study_6_LOD_vs_CN; study_7_LOD_vs_CN",5,"study_1; study_11; study_4; study_6; study_7",0.878800034617792
"ITFG1",-0.00519943590072132,-0.082239083799888,0.0718402119984454,-0.191804086846638,0.847895669563568,0,NA,NA,NA,2,360,"study_11_LOD_vs_CN; study_2_LOD_vs_CN",2,"study_11; study_2",0.930262677464028
"B3GNT9",0.00395257989342254,-0.0199190887330992,0.0278242485199443,0.190058299936781,0.849263446256757,0,0.00381675896275697,-0.003537848494514,0.0122084497838006,7,1406,"study_1_LOD_vs_CN; study_11_LOD_vs_CN; study_2_LOD_vs_CN; study_4_LOD_vs_CN; study_5_LOD_vs_CN; study_6_LOD_vs_CN; study_7_LOD_vs_CN",5,"study_1; study_11; study_4; study_6; study_7",0.881354372701007
"PLAT",0.00643432243430812,-0.0591974628224612,0.0720661076910775,0.188944719274239,0.85013614386287,0,0.00676877571601082,-0.00416695350850392,0.0154078657433952,5,1308,"study_11_LOD_vs_CN; study_3_Olink_LOD_vs_CN; study_3_Soma_LOD_vs_CN; study_8_LOD_vs_CN; study_9_LOD_vs_CN",3,"study_11; study_3_Soma; study_8",0.921534296570103
"DEFA1",-0.00710545240201269,-0.115748572783481,0.101537667979456,-0.18770962516156,0.851104284608329,0.631671172441401,NA,NA,NA,6,836,"study_1_LOD_vs_CN; study_11_LOD_vs_CN; study_2_LOD_vs_CN; study_3_Olink_LOD_vs_CN; study_3_Soma_LOD_vs_CN; study_5_LOD_vs_CN",2,"study_1; study_11",0.931034235463777
"IGHV3-43D",-0.00670689146542322,-0.0966454356121402,0.0832316526812937,-0.185887325308384,0.852533121909699,0,NA,NA,NA,2,643,"study_11_LOD_vs_CN; study_4_LOD_vs_CN",2,"study_11; study_4",0.931034235463777
"GCSH",-0.00625756875791855,-0.105430354216649,0.0929152167008121,0.18513768946255,0.853121040642767,0.64523508968865,NA,NA,NA,3,430,"study_11_LOD_vs_CN; study_2_LOD_vs_CN; study_3_Soma_LOD_vs_CN",2,"study_11; study_2",0.931034235463777
"EPHA2",0.00471525012271008,-0.0465137786071407,0.0559442788525608,0.183933032446824,0.854065990731915,0,NA,NA,NA,4,956,"study_3_Olink_LOD_vs_CN; study_3_Soma_LOD_vs_CN; study_8_LOD_vs_CN; study_9_LOD_vs_CN",2,"study_3_Soma; study_8",0.931034235463777
"NCAM1",0.0212757993756787,-0.00998033791714093,0.0525319366684984,0.183363104839944,0.854513123099447,0.84880466078027,0.0210657746473931,-0.015119081252772,0.0514467024179043,12,2643,"study_1_LOD_vs_CN; study_10_LOD_vs_CN; study_11_LOD_vs_CN; study_2_LOD_vs_CN; study_3_Olink_LOD_vs_CN; study_3_Soma_LOD_vs_CN; study_4_LOD_vs_CN; study_5_LOD_vs_CN; study_6_LOD_vs_CN; study_7_LOD_vs_CN; study_8_LOD_vs_CN; study_9_LOD_vs_CN",6,"study_1; study_11; study_4; study_6; study_7; study_8",0.879162540111931
"CSTA",-0.00789725898045165,-0.088305818832033,0.0725113008711297,-0.18317547953491,0.854660333335889,0.451017612774532,NA,NA,NA,2,500,"study_11_LOD_vs_CN; study_2_LOD_vs_CN",2,"study_11; study_2",0.931034235463777
"ADAMTSL1",0.00683233152160488,-0.0799436125471247,0.0936082755903345,0.182352510803124,0.855306091766935,0,0.0105699221038588,-0.00420405378709173,0.0323921182611773,5,843,"study_1_LOD_vs_CN; study_11_LOD_vs_CN; study_2_LOD_vs_CN; study_3_Soma_LOD_vs_CN; study_6_LOD_vs_CN",3,"study_1; study_11; study_6",0.925331151911596
"NECTIN4",-0.00681852646190895,-0.0683730898674555,0.0547360369436376,-0.179495659216771,0.857548525425183,0,NA,NA,NA,3,929,"study_3_Olink_LOD_vs_CN; study_8_LOD_vs_CN; study_9_LOD_vs_CN",2,"study_3_Olink; study_8",0.932857319442692
"SFRP2",-0.00323172511266885,-0.0419792948628002,0.0355158446374625,-0.178264394603623,0.858515339894738,0,-0.00378794506504911,-0.00875515476465864,-9.61926638388055e-05,4,1062,"study_1_LOD_vs_CN; study_11_LOD_vs_CN; study_5_LOD_vs_CN; study_6_LOD_vs_CN",3,"study_1; study_11; study_6",0.926996135489455
"ANGPTL7",0.0183743669603452,-0.0330269239422436,0.0697756578629341,-0.177526603782356,0.859094770302533,0.746499172027684,0.0173027142134333,-0.0210632716868085,0.0568912768462437,10,2316,"study_1_LOD_vs_CN; study_11_LOD_vs_CN; study_2_LOD_vs_CN; study_3_Olink_LOD_vs_CN; study_4_LOD_vs_CN; study_5_LOD_vs_CN; study_6_LOD_vs_CN; study_7_LOD_vs_CN; study_8_LOD_vs_CN; study_9_LOD_vs_CN",6,"study_1; study_11; study_4; study_6; study_7; study_8",0.879647276769101
"TMEFF1",-0.00909436120772414,-0.0377623498065941,0.0195736273911458,-0.175886479247325,0.860383127752972,0.892685060153065,-0.012895123814651,-0.0417155618721209,0.00722716460191166,7,1236,"study_1_LOD_vs_CN; study_11_LOD_vs_CN; study_2_LOD_vs_CN; study_3_Soma_LOD_vs_CN; study_4_LOD_vs_CN; study_5_LOD_vs_CN; study_6_LOD_vs_CN",4,"study_1; study_11; study_4; study_6",0.90419324826592
"COL11A1",-0.0019479724885368,-0.0267384124648697,0.0228424674877961,0.17530304763796,0.860841517184677,0.59042967536665,-0.00417108053579375,-0.0296835156816516,0.00902973612034528,6,1208,"study_1_LOD_vs_CN; study_11_LOD_vs_CN; study_2_LOD_vs_CN; study_5_LOD_vs_CN; study_6_LOD_vs_CN; study_7_LOD_vs_CN",4,"study_1; study_11; study_6; study_7",0.90419324826592
"FSTL1",-0.00242093297887399,-0.022241566474351,0.0173997005166031,0.174177907897594,0.861725647086421,0.790840142025454,-0.00394215108188459,-0.0307160464812586,0.0100181286633692,9,1730,"study_1_LOD_vs_CN; study_10_LOD_vs_CN; study_11_LOD_vs_CN; study_2_LOD_vs_CN; study_3_Soma_LOD_vs_CN; study_4_LOD_vs_CN; study_5_LOD_vs_CN; study_6_LOD_vs_CN; study_7_LOD_vs_CN",5,"study_1; study_11; study_4; study_6; study_7",0.891915597595681
"SIGLEC14",-0.00295660129841361,-0.0710440431801477,0.0651308405833205,-0.174134444829755,0.861759803658766,0,-0.00283959873561779,-0.00853212348105547,0.00381299229196651,8,1408,"study_1_LOD_vs_CN; study_11_LOD_vs_CN; study_2_LOD_vs_CN; study_3_Soma_LOD_vs_CN; study_4_LOD_vs_CN; study_5_LOD_vs_CN; study_6_LOD_vs_CN; study_7_LOD_vs_CN",5,"study_1; study_11; study_4; study_6; study_7",0.891915597595681
"CXCL1",-0.00676494647503072,-0.0955278611666198,0.0819979682165584,-0.173858687106865,0.861976520994994,0,NA,NA,NA,4,956,"study_3_Olink_LOD_vs_CN; study_3_Soma_LOD_vs_CN; study_8_LOD_vs_CN; study_9_LOD_vs_CN",2,"study_3_Soma; study_8",0.935422888192544
"PCDHGA6",-0.00761775559150088,-0.0818854785321665,0.0666499673491647,-0.17295347159959,0.862688000651699,0,NA,NA,NA,2,409,"study_11_LOD_vs_CN; study_6_LOD_vs_CN",2,"study_11; study_6",0.935422888192544
"LY86",-0.0100554895439222,-0.078370227683615,0.0582592485957706,-0.171842981697004,0.863560973604835,0,NA,NA,NA,4,737,"study_1_LOD_vs_CN; study_11_LOD_vs_CN; study_2_LOD_vs_CN; study_3_Soma_LOD_vs_CN",2,"study_1; study_11",0.935422888192544
"RNF149",0.0328523745673755,-0.1457504811111,0.211455230245851,0.169450382961676,0.865442396562394,0.572713482247526,NA,NA,NA,2,350,"study_11_LOD_vs_CN; study_2_LOD_vs_CN",2,"study_11; study_2",0.936140507830871
"VMO1",0.0110766988703555,-0.0403355041137474,0.0624889018544583,-0.166368273967758,0.867867139690823,0.924906428686754,0.0153218991964188,-0.0359464103135436,0.0622022048308229,7,1164,"study_1_LOD_vs_CN; study_11_LOD_vs_CN; study_2_LOD_vs_CN; study_3_Olink_LOD_vs_CN; study_5_LOD_vs_CN; study_6_LOD_vs_CN; study_7_LOD_vs_CN",4,"study_1; study_11; study_6; study_7",0.9093918832167
"KRT6B",0.00388331675212154,-0.121464729301219,0.129231362805462,0.166037091453967,0.868127760523223,0,NA,NA,NA,3,954,"study_1_LOD_vs_CN; study_11_LOD_vs_CN; study_2_LOD_vs_CN",2,"study_1; study_11",0.936792256243929
"CADPS",0.00980091757843874,-0.0517116366771022,0.0713134718339797,0.165583812014753,0.868484487559476,0,NA,NA,NA,4,738,"study_1_LOD_vs_CN; study_11_LOD_vs_CN; study_2_LOD_vs_CN; study_5_LOD_vs_CN",2,"study_1; study_11",0.936792256243929
"CDH20",0.00633634766268574,-0.0116825713298954,0.0243552666552669,0.164207704562888,0.869567636074417,0.630627626110556,0.00747723740930622,0.000217053679226395,0.0258233279569784,8,1456,"study_1_LOD_vs_CN; study_11_LOD_vs_CN; study_2_LOD_vs_CN; study_3_Soma_LOD_vs_CN; study_4_LOD_vs_CN; study_5_LOD_vs_CN; study_6_LOD_vs_CN; study_7_LOD_vs_CN",5,"study_1; study_11; study_4; study_6; study_7",0.898786978684445
"ANXA11",0.0397282919069914,-0.149004418687046,0.228461002501029,0.161825912694665,0.871442946615336,0.621971609176666,NA,NA,NA,4,142,"study_2_LOD_vs_CN; study_3_Olink_LOD_vs_CN; study_3_Soma_LOD_vs_CN; study_6_LOD_vs_CN",2,"study_2; study_6",0.937478102861902
"SORD",0.0369901826266548,-0.128114351926685,0.202094717179994,0.161312940827435,0.871846931434451,0.694361840102891,NA,NA,NA,3,389,"study_11_LOD_vs_CN; study_2_LOD_vs_CN; study_3_Soma_LOD_vs_CN",2,"study_11; study_2",0.937478102861902
"POFUT3",-0.000591051293078383,-0.0979497302323935,0.0967676276462368,0.160125329741312,0.872782348367526,0,NA,NA,NA,3,557,"study_1_LOD_vs_CN; study_11_LOD_vs_CN; study_3_Soma_LOD_vs_CN",2,"study_1; study_11",0.937478102861902
"LEAP2",0.0133274404809032,-0.0654310039214395,0.0920858848832458,-0.157836535329103,0.874585608456971,0.961831884261463,NA,NA,NA,5,600,"study_1_LOD_vs_CN; study_2_LOD_vs_CN; study_3_Soma_LOD_vs_CN; study_5_LOD_vs_CN; study_6_LOD_vs_CN",2,"study_1; study_6",0.938102999015299
"SLC2A1",-0.00391271999515196,-0.204353382133701,0.196527942143397,0.157492944288382,0.874856368146373,0,-0.0783803286459143,-0.295839880709553,0.0618493111583499,3,495,"study_11_LOD_vs_CN; study_2_LOD_vs_CN; study_6_LOD_vs_CN",3,"study_11; study_2; study_6",0.94280637732279
"PHB2",-0.0029969687893217,-0.0593135972589334,0.05331965968029,-0.15582841807849,0.876168269860293,0,NA,NA,NA,5,521,"study_1_LOD_vs_CN; study_2_LOD_vs_CN; study_3_Soma_LOD_vs_CN; study_5_LOD_vs_CN; study_6_LOD_vs_CN",2,"study_1; study_6",0.938489862277134
"SLC3A2",-0.000351837346612782,-0.0125393076855714,0.0118356329923459,-0.1543510179091,0.877332972778945,0.121989522101436,-5.44194762269534e-05,-0.00344989922047028,0.00287373639561526,7,1449,"study_1_LOD_vs_CN; study_11_LOD_vs_CN; study_2_LOD_vs_CN; study_4_LOD_vs_CN; study_5_LOD_vs_CN; study_6_LOD_vs_CN; study_7_LOD_vs_CN",5,"study_1; study_11; study_4; study_6; study_7",0.905596048412092
"CXCL10",0.0131948324347401,-0.0793247711722889,0.105714436041769,0.151534471235687,0.879554120677407,0,0.0117901207114956,-0.0200688106818978,0.0447863006487445,6,1415,"study_11_LOD_vs_CN; study_3_Olink_LOD_vs_CN; study_3_Soma_LOD_vs_CN; study_5_LOD_vs_CN; study_8_LOD_vs_CN; study_9_LOD_vs_CN",3,"study_11; study_5; study_8",0.942820264486617
"ELN",0.00548067725418741,-0.0362006561388325,0.0471620106472073,0.150922092955443,0.880037172447309,0.818395379328869,0.0298729263025337,-0.0171181809952875,0.111452480137723,3,719,"study_11_LOD_vs_CN; study_6_LOD_vs_CN; study_7_LOD_vs_CN",3,"study_11; study_6; study_7",0.942820264486617
"FCGRT",0.00748949338664639,-0.0250342117136615,0.0400131984869543,0.149872150733308,0.8808654840128,0.715789421929625,0.00661564760861358,-0.0118726671206833,0.0314634937115541,6,1019,"study_1_LOD_vs_CN; study_11_LOD_vs_CN; study_2_LOD_vs_CN; study_3_Soma_LOD_vs_CN; study_5_LOD_vs_CN; study_6_LOD_vs_CN",3,"study_1; study_11; study_6",0.942820264486617
"TM2D3",0.0385917897314537,-0.0631650153040977,0.140348594767005,-0.149658027553955,0.881034424297651,0.815193203791873,NA,NA,NA,2,398,"study_11_LOD_vs_CN; study_6_LOD_vs_CN",2,"study_11; study_6",0.942387796463225
"GFRA3",-0.0038953310293307,-0.0374991395009835,0.0297084774423221,-0.149332599848623,0.881291192708151,0.770941439735941,-0.00363348125351008,-0.0218033753087577,0.0136702593995028,9,2187,"study_1_LOD_vs_CN; study_11_LOD_vs_CN; study_2_LOD_vs_CN; study_3_Olink_LOD_vs_CN; study_4_LOD_vs_CN; study_5_LOD_vs_CN; study_6_LOD_vs_CN; study_8_LOD_vs_CN; study_9_LOD_vs_CN",5,"study_1; study_11; study_4; study_6; study_8",0.908249139060545
"PSME1",-0.00294960145079462,-0.0764225066193846,0.0705233037177954,-0.14885968242593,0.881664355438836,0.778349903165375,-0.00492630716504436,-0.0643493105267874,0.0693134734140548,7,1110,"study_1_LOD_vs_CN; study_11_LOD_vs_CN; study_2_LOD_vs_CN; study_3_Olink_LOD_vs_CN; study_3_Soma_LOD_vs_CN; study_5_LOD_vs_CN; study_6_LOD_vs_CN",3,"study_1; study_11; study_6",0.942820264486617
"A2M",0.00966436944350459,-0.007273294383971,0.0266020332709802,0.148828809172155,0.881688717366645,0.91966107802132,0.0113587465921954,-0.00237347411557595,0.0408561566849377,8,1547,"study_1_LOD_vs_CN; study_10_LOD_vs_CN; study_11_LOD_vs_CN; study_2_LOD_vs_CN; study_3_Soma_LOD_vs_CN; study_4_LOD_vs_CN; study_5_LOD_vs_CN; study_6_LOD_vs_CN",4,"study_1; study_11; study_4; study_6",0.918644304167283
"C3",0.00179664068554268,-0.0348057436499592,0.0383990250210446,-0.147055748905392,0.883088017319923,0.49902142294678,0.00282251144760728,-0.009126871937995,0.0316649093679864,8,1547,"study_1_LOD_vs_CN; study_10_LOD_vs_CN; study_11_LOD_vs_CN; study_2_LOD_vs_CN; study_3_Soma_LOD_vs_CN; study_4_LOD_vs_CN; study_5_LOD_vs_CN; study_6_LOD_vs_CN",4,"study_1; study_11; study_4; study_6",0.918644304167283
"C9",0.0199354714020769,-0.029845815633207,0.0697167584373609,-0.146711669103604,0.883359607663973,0.79972613573023,0.0209780993630691,-0.00458800951027803,0.0688636225106848,9,1732,"study_1_LOD_vs_CN; study_10_LOD_vs_CN; study_11_LOD_vs_CN; study_2_LOD_vs_CN; study_3_Soma_LOD_vs_CN; study_4_LOD_vs_CN; study_5_LOD_vs_CN; study_6_LOD_vs_CN; study_7_LOD_vs_CN",5,"study_1; study_11; study_4; study_6; study_7",0.908249139060545
"LRG1",0.0185993287667639,-0.0300315091853337,0.0672301667188616,-0.146601592324257,0.883446496771506,0.847847388009007,0.0186669920978352,-0.0252563125429882,0.0780040954745386,8,1705,"study_1_LOD_vs_CN; study_10_LOD_vs_CN; study_11_LOD_vs_CN; study_2_LOD_vs_CN; study_4_LOD_vs_CN; study_5_LOD_vs_CN; study_6_LOD_vs_CN; study_7_LOD_vs_CN",5,"study_1; study_11; study_4; study_6; study_7",0.908249139060545
"KRT14",-0.0227479037290557,-0.1339880103575,0.0884922028993888,-0.143069451373571,0.88623533098236,0.474225781449885,-0.0201561868113094,-0.0493767773681158,0.0157968125018079,6,1289,"study_1_LOD_vs_CN; study_11_LOD_vs_CN; study_2_LOD_vs_CN; study_5_LOD_vs_CN; study_6_LOD_vs_CN; study_7_LOD_vs_CN",4,"study_1; study_11; study_6; study_7",0.918644304167283
"LNPEP",1.29127890157463e-05,-0.0295422721037386,0.0295680976817701,0.142377692068699,0.886781682016398,0,0.000145104160516927,-0.00861713776416119,0.00805019872250104,6,1184,"study_1_LOD_vs_CN; study_11_LOD_vs_CN; study_2_LOD_vs_CN; study_5_LOD_vs_CN; study_6_LOD_vs_CN; study_7_LOD_vs_CN",4,"study_1; study_11; study_6; study_7",0.918644304167283
"UFD1",-0.0255548585509562,-0.108858353819112,0.0577486367172001,-0.142100566862941,0.88700057042926,0.905710415654861,NA,NA,NA,2,516,"study_11_LOD_vs_CN; study_2_LOD_vs_CN",2,"study_11; study_2",0.947449844352812
"B3GNT8",0.0178780084357696,-0.0239905233671805,0.0597465402387196,0.14186849136187,0.887183882791691,0.750674760512366,0.0175566974557513,-0.0181378377117172,0.061505424235482,7,1258,"study_1_LOD_vs_CN; study_11_LOD_vs_CN; study_2_LOD_vs_CN; study_3_Soma_LOD_vs_CN; study_5_LOD_vs_CN; study_6_LOD_vs_CN; study_7_LOD_vs_CN",4,"study_1; study_11; study_6; study_7",0.918644304167283
"LDLRAD3",-0.0037753673047023,-0.0645499166428338,0.0569991820334292,-0.139284608370504,0.889225252063566,0,NA,NA,NA,3,559,"study_11_LOD_vs_CN; study_2_LOD_vs_CN; study_3_Soma_LOD_vs_CN",2,"study_11; study_2",0.94850693553447
"FGG",0.0142705274231125,-0.0460399357413442,0.0745809905875693,-0.138761975235019,0.88963824259009,0.524065324793302,0.0151734543278111,-0.00491946472075942,0.0455665086944068,9,1732,"study_1_LOD_vs_CN; study_10_LOD_vs_CN; study_11_LOD_vs_CN; study_2_LOD_vs_CN; study_3_Soma_LOD_vs_CN; study_4_LOD_vs_CN; study_5_LOD_vs_CN; study_6_LOD_vs_CN; study_7_LOD_vs_CN",5,"study_1; study_11; study_4; study_6; study_7",0.912294137296965
"MIA3",0.00494785334525202,-0.0166577707237438,0.0265534774142479,0.138615859824604,0.889753709977534,0.402460894845765,0.00518076741898241,-0.00367053743570255,0.0125113049209571,7,1374,"study_1_LOD_vs_CN; study_11_LOD_vs_CN; study_2_LOD_vs_CN; study_4_LOD_vs_CN; study_5_LOD_vs_CN; study_6_LOD_vs_CN; study_7_LOD_vs_CN",5,"study_1; study_11; study_4; study_6; study_7",0.912294137296965
"CEP128",-0.014341660729981,-0.126052484489724,0.0973691630297623,-0.137531700006937,0.890610537824187,0.518102881496795,NA,NA,NA,3,475,"study_1_LOD_vs_CN; study_2_LOD_vs_CN; study_6_LOD_vs_CN",2,"study_1; study_6",0.948666980650451
"PEAR1",0.0204806460698949,-0.0459091570260409,0.0868704491658306,0.137318899322782,0.890778732444218,0.805600667731848,0.0129524819511399,-0.0771101829671079,0.0919479380178269,6,1382,"study_11_LOD_vs_CN; study_2_LOD_vs_CN; study_3_Olink_LOD_vs_CN; study_3_Soma_LOD_vs_CN; study_8_LOD_vs_CN; study_9_LOD_vs_CN",3,"study_11; study_2; study_8",0.948338286162923
"FIBIN",0.00143789840448301,-0.0472113289977971,0.0500871258067631,0.13686446293764,0.891137928915134,0,0.00231166345121805,-0.00137576022205789,0.00904148358651811,5,975,"study_1_LOD_vs_CN; study_11_LOD_vs_CN; study_2_LOD_vs_CN; study_5_LOD_vs_CN; study_6_LOD_vs_CN",3,"study_1; study_11; study_6",0.948338286162923
"ANPEP",0.00689276406199631,-0.022493914558767,0.0362794426827596,0.135341362014724,0.892341983748699,0.501767077381358,0.00647774858213004,-0.00593402994396516,0.0217759821520198,10,2356,"study_1_LOD_vs_CN; study_11_LOD_vs_CN; study_2_LOD_vs_CN; study_3_Olink_LOD_vs_CN; study_4_LOD_vs_CN; study_5_LOD_vs_CN; study_6_LOD_vs_CN; study_7_LOD_vs_CN; study_8_LOD_vs_CN; study_9_LOD_vs_CN",6,"study_1; study_11; study_4; study_6; study_7; study_8",0.909338973915341
"DLL1",-0.00675803827723231,-0.0712721591970414,0.0577560826425768,-0.134680703899102,0.892864330229008,0.718403103146741,-0.012497456561606,-0.0686782391641071,0.0407108212040804,6,1325,"study_11_LOD_vs_CN; study_2_LOD_vs_CN; study_3_Olink_LOD_vs_CN; study_3_Soma_LOD_vs_CN; study_8_LOD_vs_CN; study_9_LOD_vs_CN",3,"study_11; study_2; study_8",0.948338286162923
"RAB14",-0.000226026262416873,-0.0259582712779572,0.0255062187531235,-0.133675319814683,0.893659321915692,0.752791117800385,-0.00413634951482629,-0.0295718902264291,0.0116491729480885,6,1162,"study_1_LOD_vs_CN; study_11_LOD_vs_CN; study_2_LOD_vs_CN; study_3_Soma_LOD_vs_CN; study_5_LOD_vs_CN; study_6_LOD_vs_CN",3,"study_1; study_11; study_6",0.948338286162923
"HPR",0.00302199408823326,-0.0754853260830727,0.0815293142595392,-0.133226047389328,0.894014611624693,0.488272212131749,0.000582168134296527,-0.0490167610261724,0.0224182566056361,7,1422,"study_1_LOD_vs_CN; study_11_LOD_vs_CN; study_2_LOD_vs_CN; study_4_LOD_vs_CN; study_5_LOD_vs_CN; study_6_LOD_vs_CN; study_7_LOD_vs_CN",5,"study_1; study_11; study_4; study_6; study_7",0.915442391929945
"CST7",-0.0103220493009081,-0.180961103728204,0.160317005126388,-0.133059691401345,0.894146173218048,0,NA,NA,NA,5,436,"study_10_LOD_vs_CN; study_2_LOD_vs_CN; study_3_Soma_LOD_vs_CN; study_5_LOD_vs_CN; study_6_LOD_vs_CN",2,"study_2; study_6",0.951113934946622
"EMILIN1",-0.00282445829764167,-0.0302681541415637,0.0246192375462803,-0.129886457455146,0.896656258904447,0.297456677763504,-0.00450656299344416,-0.0256336870559449,0.00600393078475262,6,1245,"study_1_LOD_vs_CN; study_11_LOD_vs_CN; study_2_LOD_vs_CN; study_5_LOD_vs_CN; study_6_LOD_vs_CN; study_7_LOD_vs_CN",4,"study_1; study_11; study_6; study_7",0.926262833490915
"LAMC1",0.00309087432701749,-0.0106208214152119,0.0168025700692469,0.129093674998496,0.89728352675132,0.620949384514946,0.00359290780677696,-0.00267317538521172,0.0139013249605063,8,1584,"study_1_LOD_vs_CN; study_10_LOD_vs_CN; study_11_LOD_vs_CN; study_2_LOD_vs_CN; study_4_LOD_vs_CN; study_5_LOD_vs_CN; study_6_LOD_vs_CN; study_7_LOD_vs_CN",5,"study_1; study_11; study_4; study_6; study_7",0.91756786179756
"DCBLD1",0.0013037502681185,-0.0439188173959845,0.0465263179322215,0.128360043121928,0.897864050490939,0,0.00163982068716169,-0.00249764984582251,0.00561181684589111,4,912,"study_1_LOD_vs_CN; study_11_LOD_vs_CN; study_2_LOD_vs_CN; study_6_LOD_vs_CN",3,"study_1; study_11; study_6",0.949656120239249
"FST",0.0126667061182136,-0.0522148837012086,0.0775482959376358,-0.127521551813459,0.898527616550016,0.859007775684351,0.0222962121314848,-0.074473860622829,0.118531996725342,4,1260,"study_11_LOD_vs_CN; study_3_Olink_LOD_vs_CN; study_8_LOD_vs_CN; study_9_LOD_vs_CN",3,"study_11; study_3_Olink; study_8",0.949656120239249
"KRT23",-0.004411905152674,-0.148780478440812,0.139956668135464,0.126854615485475,0.899055467950636,0.348325845820337,NA,NA,NA,2,301,"study_11_LOD_vs_CN; study_2_LOD_vs_CN",2,"study_11; study_2",0.955013277159182
"SELPLG",-0.00507169538393765,-0.0658403214624607,0.0556969306945854,0.124797381797143,0.900683960211544,0.836938683496946,-0.0146322953455519,-0.124560059039713,0.084998859014458,5,1336,"study_11_LOD_vs_CN; study_3_Olink_LOD_vs_CN; study_3_Soma_LOD_vs_CN; study_8_LOD_vs_CN; study_9_LOD_vs_CN",3,"study_11; study_3_Soma; study_8",0.949656120239249
"FLT4",0.00704390081824293,-0.0379097536115457,0.0519975552480315,0.124325516947526,0.901057544432343,0.583075778864893,0.00452621209509868,-0.0337711399730701,0.0235273125365926,8,1714,"study_1_LOD_vs_CN; study_11_LOD_vs_CN; study_2_LOD_vs_CN; study_3_Olink_LOD_vs_CN; study_3_Soma_LOD_vs_CN; study_6_LOD_vs_CN; study_8_LOD_vs_CN; study_9_LOD_vs_CN",4,"study_1; study_11; study_6; study_8",0.927931662474066
"SERPINA1",0.00376527394060112,-0.0553553348866524,0.0628858827678547,0.12403140295892,0.901290411067267,0.442873389559901,0.00395260280326873,-0.0181613665464975,0.038192551397124,9,1662,"study_1_LOD_vs_CN; study_10_LOD_vs_CN; study_11_LOD_vs_CN; study_2_LOD_vs_CN; study_3_Soma_LOD_vs_CN; study_4_LOD_vs_CN; study_5_LOD_vs_CN; study_6_LOD_vs_CN; study_7_LOD_vs_CN",5,"study_1; study_11; study_4; study_6; study_7",0.920441336136425
"FLNB",0.0312820754054209,-0.0460353525248228,0.108599503335665,-0.123456597851677,0.901745541200151,0.731393617769964,0.0390595888774769,-0.00869880455628175,0.0950968353919163,4,903,"study_1_LOD_vs_CN; study_11_LOD_vs_CN; study_2_LOD_vs_CN; study_6_LOD_vs_CN",3,"study_1; study_11; study_6",0.949656120239249
"SELENOF",0.00141576443032699,-0.0248884233594439,0.0277199522200979,0.122492636626268,0.902508877200804,0.290592049165863,0.00116445841870905,-0.00794535733217165,0.0123574457580922,7,1303,"study_1_LOD_vs_CN; study_11_LOD_vs_CN; study_2_LOD_vs_CN; study_3_Soma_LOD_vs_CN; study_5_LOD_vs_CN; study_6_LOD_vs_CN; study_7_LOD_vs_CN",4,"study_1; study_11; study_6; study_7",0.927931662474066
"FZD3",-0.00549617686493393,-0.0758583198080923,0.0648659660782245,-0.121042200373654,0.903657609842472,0,-0.0175672287931273,-0.047698904561039,0.00288158750840605,4,579,"study_11_LOD_vs_CN; study_2_LOD_vs_CN; study_5_LOD_vs_CN; study_6_LOD_vs_CN",3,"study_11; study_2; study_6",0.949867373982143
"ORM1",0.00463180053187885,-0.0482115166666567,0.0574751177304144,-0.118936670254974,0.905325529283931,0.28214573225901,0.00346814814353876,-0.0369305224506757,0.0372678797649986,8,1704,"study_1_LOD_vs_CN; study_10_LOD_vs_CN; study_11_LOD_vs_CN; study_2_LOD_vs_CN; study_4_LOD_vs_CN; study_5_LOD_vs_CN; study_6_LOD_vs_CN; study_7_LOD_vs_CN",5,"study_1; study_11; study_4; study_6; study_7",0.923335984110535
"H2AC4",0.0182166568584019,-0.100422169616422,0.136855483333226,0.118747201559087,0.905475639644499,0,-0.00111802015158998,-0.0574461314457923,0.0295834230217986,3,637,"study_11_LOD_vs_CN; study_2_LOD_vs_CN; study_7_LOD_vs_CN",3,"study_11; study_2; study_7",0.949979168247064
"DDI2",-0.00798736677379611,-0.319537036600447,0.303562303052855,-0.115919556620097,0.907716296240292,0,NA,NA,NA,2,290,"study_11_LOD_vs_CN; study_3_Soma_LOD_vs_CN",2,"study_11; study_3_Soma",0.961596033409465
"TAPBPL",-0.00548198292098864,-0.087307871392051,0.0763439055500737,-0.115785811261387,0.907822295849604,0,NA,NA,NA,3,573,"study_11_LOD_vs_CN; study_2_LOD_vs_CN; study_3_Soma_LOD_vs_CN",2,"study_11; study_2",0.961596033409465
"LIPG",-0.00442626248133398,-0.0828654452371085,0.0740129202744406,-0.113346294967498,0.909756015623233,0,NA,NA,NA,2,534,"study_11_LOD_vs_CN; study_3_Soma_LOD_vs_CN",2,"study_11; study_3_Soma",0.961596033409465
"RANBP3",-0.00747247218055735,-0.112572754041416,0.0976278096803015,0.112709551505303,0.910260828500887,0.863008844008249,NA,NA,NA,2,99,"study_3_Soma_LOD_vs_CN; study_7_LOD_vs_CN",2,"study_3_Soma; study_7",0.961596033409465
"STX7",0.00160208064954289,-0.0248274348079508,0.0280315961070366,0.111974384665163,0.910843716894306,0,0.00192104172724532,0.000517207766340956,0.00361047173915734,6,1162,"study_1_LOD_vs_CN; study_11_LOD_vs_CN; study_2_LOD_vs_CN; study_3_Soma_LOD_vs_CN; study_5_LOD_vs_CN; study_6_LOD_vs_CN",3,"study_1; study_11; study_6",0.953808043162905
"GALNT10",0.0152084711588822,-0.00429698163975698,0.0347139239575213,0.111082175287124,0.911551183317324,0.776459720042548,0.0150106337714226,-0.00596033449384919,0.0242115700666342,11,2406,"study_1_LOD_vs_CN; study_11_LOD_vs_CN; study_2_LOD_vs_CN; study_3_Olink_LOD_vs_CN; study_3_Soma_LOD_vs_CN; study_4_LOD_vs_CN; study_5_LOD_vs_CN; study_6_LOD_vs_CN; study_7_LOD_vs_CN; study_8_LOD_vs_CN; study_9_LOD_vs_CN",6,"study_1; study_11; study_4; study_6; study_7; study_8",0.924511626682026
"B4GALT6",0.00305281551560866,-0.121592063253382,0.127697694284599,0.109171198647014,0.913066703893724,0,NA,NA,NA,3,503,"study_11_LOD_vs_CN; study_2_LOD_vs_CN; study_3_Soma_LOD_vs_CN",2,"study_11; study_2",0.963235204107665
"FAIM2",-0.00199650685294833,-0.028748145060927,0.0247551313550303,0.109000016525853,0.913202477228199,0.838440518400726,-0.00118097585733173,-0.0274342733297794,0.0301438153161905,7,1445,"study_1_LOD_vs_CN; study_11_LOD_vs_CN; study_2_LOD_vs_CN; study_4_LOD_vs_CN; study_5_LOD_vs_CN; study_6_LOD_vs_CN; study_7_LOD_vs_CN",5,"study_1; study_11; study_4; study_6; study_7",0.930136033097331
"SCN1B",-8.29011195835026e-05,-0.0271100080325999,0.0269442057934329,0.106502098266038,0.915183990703383,0.874184231130846,0.00787434117939206,-0.0277973483838719,0.0599360111696165,4,963,"study_1_LOD_vs_CN; study_11_LOD_vs_CN; study_2_LOD_vs_CN; study_7_LOD_vs_CN",3,"study_1; study_11; study_7",0.956548238870767
"CLDN4",0.00199788017636248,-0.0231683640211883,0.0271641243739133,-0.105001655859195,0.916374494799211,0.398143052082491,NA,NA,NA,3,1086,"study_7_LOD_vs_CN; study_8_LOD_vs_CN; study_9_LOD_vs_CN",2,"study_7; study_8",0.965398644726741
"LAMC3",-0.00332116192742213,-0.025001555390845,0.0183592315360008,-0.104822949890453,0.916516298990712,0.36921889520137,-0.00400986657278637,-0.0231301297003079,0.0109586357003287,7,1396,"study_1_LOD_vs_CN; study_11_LOD_vs_CN; study_2_LOD_vs_CN; study_4_LOD_vs_CN; study_5_LOD_vs_CN; study_6_LOD_vs_CN; study_7_LOD_vs_CN",5,"study_1; study_11; study_4; study_6; study_7",0.932276499899282
"CPA2",-0.00387462061271963,-0.0966681484881333,0.088918907262694,0.100934076010651,0.919602792482792,0,-0.00591441390187105,-0.0383540071839029,0.0142154389573555,5,1604,"study_1_LOD_vs_CN; study_11_LOD_vs_CN; study_3_Olink_LOD_vs_CN; study_8_LOD_vs_CN; study_9_LOD_vs_CN",3,"study_1; study_11; study_8",0.959360056067574
"HAPLN1",0.00685695319938699,-0.0791552236006492,0.0928691299994232,0.0982256111875122,0.921753146011446,0,0.00403348705018556,-0.0305984714032795,0.028479290941935,6,893,"study_1_LOD_vs_CN; study_11_LOD_vs_CN; study_2_LOD_vs_CN; study_3_Soma_LOD_vs_CN; study_6_LOD_vs_CN; study_7_LOD_vs_CN",4,"study_1; study_11; study_6; study_7",0.945498543215488
"MMP14",0.00096161781857324,-0.018420945070678,0.0203441807078245,0.0976415636536784,0.922216919152523,0,0.000374668572412973,-0.00969561863648617,0.0040359798144069,8,1478,"study_1_LOD_vs_CN; study_11_LOD_vs_CN; study_2_LOD_vs_CN; study_3_Soma_LOD_vs_CN; study_4_LOD_vs_CN; study_5_LOD_vs_CN; study_6_LOD_vs_CN; study_7_LOD_vs_CN",5,"study_1; study_11; study_4; study_6; study_7",0.936835945612009
"BMP1",-0.00447861436055978,-0.0294848788059535,0.0205276500848339,-0.0943879204866089,0.924801011020691,0.804727862615848,-0.00497136883055006,-0.0183238344263878,0.00962112582127084,7,1376,"study_1_LOD_vs_CN; study_11_LOD_vs_CN; study_2_LOD_vs_CN; study_4_LOD_vs_CN; study_5_LOD_vs_CN; study_6_LOD_vs_CN; study_7_LOD_vs_CN",5,"study_1; study_11; study_4; study_6; study_7",0.938221606167429
"CLSTN2",0.0022830782291702,-0.023666704461354,0.0282328609196945,-0.092799108871428,0.926063158974793,0.780635147423071,0.00196928189430891,-0.00695109153352773,0.0112170932536658,12,2634,"study_1_LOD_vs_CN; study_10_LOD_vs_CN; study_11_LOD_vs_CN; study_2_LOD_vs_CN; study_3_Olink_LOD_vs_CN; study_3_Soma_LOD_vs_CN; study_4_LOD_vs_CN; study_5_LOD_vs_CN; study_6_LOD_vs_CN; study_7_LOD_vs_CN; study_8_LOD_vs_CN; study_9_LOD_vs_CN",6,"study_1; study_11; study_4; study_6; study_7; study_8",0.934799603870782
"ADAMTS15",-0.00205947866587142,-0.0928714493770857,0.0887524920453429,-0.0905326716690315,0.927863932306845,0,NA,NA,NA,3,929,"study_3_Olink_LOD_vs_CN; study_8_LOD_vs_CN; study_9_LOD_vs_CN",2,"study_3_Olink; study_8",0.974809556682977
"FGFBP2",-0.00438913807085374,-0.0566154162289199,0.0478371400872124,-0.0903213856078181,0.928031826348736,0.783553858986501,-0.0137643139599247,-0.0882666678813026,0.054788366925873,5,1000,"study_1_LOD_vs_CN; study_11_LOD_vs_CN; study_2_LOD_vs_CN; study_5_LOD_vs_CN; study_7_LOD_vs_CN",3,"study_1; study_11; study_7",0.966337079969134
"APEX1",0.00029889838894682,-0.0786882002793258,0.0792859970572194,-0.0901094512412885,0.928200238771679,0,NA,NA,NA,5,974,"study_2_LOD_vs_CN; study_3_Olink_LOD_vs_CN; study_3_Soma_LOD_vs_CN; study_8_LOD_vs_CN; study_9_LOD_vs_CN",2,"study_2; study_8",0.974809556682977
"AHNAK",0.00295888399050608,-0.0301369868096173,0.0360547547906295,0.0876378559728937,0.930164513203998,0.735618143847114,0.00106275229921542,-0.0427114065313064,0.0419246341072344,6,1221,"study_1_LOD_vs_CN; study_11_LOD_vs_CN; study_2_LOD_vs_CN; study_4_LOD_vs_CN; study_5_LOD_vs_CN; study_6_LOD_vs_CN",4,"study_1; study_11; study_4; study_6",0.951897328933063
"PDCD1LG2",0.00391446478600544,-0.0726929817105212,0.0805219112825321,-0.0864497032044301,0.931108937341871,0.611346607068345,NA,NA,NA,3,533,"study_11_LOD_vs_CN; study_2_LOD_vs_CN; study_3_Olink_LOD_vs_CN",2,"study_11; study_2",0.974809556682977
"SEMA4C",-0.00735845509777832,-0.0325650293473534,0.0178481191517968,0.0863161203729524,0.931215124097435,0.698041223162772,-0.00749988978902132,-0.0227082999723031,0.00829634143599645,10,2197,"study_1_LOD_vs_CN; study_11_LOD_vs_CN; study_2_LOD_vs_CN; study_3_Olink_LOD_vs_CN; study_3_Soma_LOD_vs_CN; study_5_LOD_vs_CN; study_6_LOD_vs_CN; study_7_LOD_vs_CN; study_8_LOD_vs_CN; study_9_LOD_vs_CN",5,"study_1; study_11; study_6; study_7; study_8",0.943431412677914
"IL2RA",0.00271813180232968,-0.0954849937375796,0.100921257342239,-0.0859074305339692,0.93154000463888,0.566750453525537,NA,NA,NA,3,929,"study_3_Olink_LOD_vs_CN; study_8_LOD_vs_CN; study_9_LOD_vs_CN",2,"study_3_Olink; study_8",0.974809556682977
"GPRC5B",0.00862482710256832,-0.0321783785742011,0.0494280327793377,0.085774350949229,0.931645796294626,0.444554068896411,0.00762355065626192,-0.013997374756473,0.032756427500257,5,1068,"study_1_LOD_vs_CN; study_11_LOD_vs_CN; study_2_LOD_vs_CN; study_5_LOD_vs_CN; study_6_LOD_vs_CN",3,"study_1; study_11; study_6",0.968283552328684
"PLXNC1",-0.00897758021513518,-0.0715337354230172,0.0535785749927469,0.0857641252499368,0.931653925267325,0.645239750783537,NA,NA,NA,5,840,"study_1_LOD_vs_CN; study_11_LOD_vs_CN; study_2_LOD_vs_CN; study_3_Soma_LOD_vs_CN; study_5_LOD_vs_CN",2,"study_1; study_11",0.974809556682977
"CHST15",0.000575701853692135,-0.0151573790224619,0.0163087827298462,-0.0848382894078858,0.932389952711593,0.477433793449475,0.00102230756286452,-0.00410418635271018,0.00845783039564948,8,1441,"study_1_LOD_vs_CN; study_11_LOD_vs_CN; study_2_LOD_vs_CN; study_3_Soma_LOD_vs_CN; study_4_LOD_vs_CN; study_5_LOD_vs_CN; study_6_LOD_vs_CN; study_7_LOD_vs_CN",5,"study_1; study_11; study_4; study_6; study_7",0.943431412677914
"PNLIP",0.112961140394491,-0.839327792588422,1.0652500733774,-0.0823059422138027,0.934403429252017,0.582374576007239,NA,NA,NA,2,107,"study_3_Soma_LOD_vs_CN; study_6_LOD_vs_CN",2,"study_3_Soma; study_6",0.975312152547655
"SUSD2",-0.00646781878793891,-0.0697223497648298,0.0567867121889519,-0.0819655024287786,0.934674146191503,0.423203260829804,NA,NA,NA,2,528,"study_11_LOD_vs_CN; study_2_LOD_vs_CN",2,"study_11; study_2",0.975312152547655
"MATN2",0.0235967893087488,-0.00905101723649143,0.056244595853989,0.0811797728198336,0.935298985367654,0.870006445697514,0.0228963786667736,-0.00417210636329625,0.0418124397087691,11,2378,"study_1_LOD_vs_CN; study_11_LOD_vs_CN; study_2_LOD_vs_CN; study_3_Olink_LOD_vs_CN; study_3_Soma_LOD_vs_CN; study_4_LOD_vs_CN; study_5_LOD_vs_CN; study_6_LOD_vs_CN; study_7_LOD_vs_CN; study_8_LOD_vs_CN; study_9_LOD_vs_CN",6,"study_1; study_11; study_4; study_6; study_7; study_8",0.939690060416329
"SPESP1",0.00492288420799862,-0.063743365649878,0.0735891340658753,-0.0789728093040428,0.937054250530634,0.0412940795651362,0.00381204479667674,-0.018409258071423,0.0367554937582101,4,980,"study_1_LOD_vs_CN; study_11_LOD_vs_CN; study_5_LOD_vs_CN; study_6_LOD_vs_CN",3,"study_1; study_11; study_6",0.971991972482503
"AARS1",-0.0172474972380838,-0.0837179694745738,0.0492229749984062,-0.0778322758896322,0.937961471868685,0.662981957176082,NA,NA,NA,4,704,"study_1_LOD_vs_CN; study_11_LOD_vs_CN; study_2_LOD_vs_CN; study_3_Soma_LOD_vs_CN",2,"study_1; study_11",0.976046995595515
"ADAMTS13",-0.00561060788628563,-0.133070698287981,0.12184948251541,-0.0768830627573577,0.938716571622742,0,-0.00794274329489245,-0.0148752216918031,-0.00230795681195051,4,402,"study_11_LOD_vs_CN; study_3_Olink_LOD_vs_CN; study_3_Soma_LOD_vs_CN; study_6_LOD_vs_CN",3,"study_11; study_3_Soma; study_6",0.971991972482503
"IGSF3",-0.00379045637744697,-0.0830683656278381,0.0754874528729441,-0.0756395959843865,0.939705833642377,0,NA,NA,NA,4,956,"study_3_Olink_LOD_vs_CN; study_3_Soma_LOD_vs_CN; study_8_LOD_vs_CN; study_9_LOD_vs_CN",2,"study_3_Soma; study_8",0.976046995595515
"TMEM9B",-0.0130168412169631,-0.118033003316502,0.0919993208825756,-0.0748999441474579,0.940294320997821,0.0858089635349773,NA,NA,NA,3,395,"study_11_LOD_vs_CN; study_2_LOD_vs_CN; study_5_LOD_vs_CN",2,"study_11; study_2",0.976046995595515
"NSFL1C",0.00785683173001955,-0.0609928592405007,0.0767065227005398,-0.0746892652812266,0.940461948881095,0.854432203956164,NA,NA,NA,4,749,"study_1_LOD_vs_CN; study_11_LOD_vs_CN; study_2_LOD_vs_CN; study_3_Soma_LOD_vs_CN",2,"study_1; study_11",0.976046995595515
"HNRNPA2B1",0.00418430792044036,-0.0695705022265168,0.0779391180673975,0.0742862205850038,0.940782641115933,0,-0.00238224825517014,-0.0491668584508332,0.0225231094242629,6,1079,"study_1_LOD_vs_CN; study_11_LOD_vs_CN; study_2_LOD_vs_CN; study_3_Soma_LOD_vs_CN; study_5_LOD_vs_CN; study_6_LOD_vs_CN",3,"study_1; study_11; study_6",0.972317254784623
"SPINT2",0.0109483386052343,-0.0199177791818514,0.04181445639232,-0.07417870432468,0.940868190646457,0.835138056772442,0.010828501415671,-0.0136243563443808,0.0343536241636978,12,2636,"study_1_LOD_vs_CN; study_10_LOD_vs_CN; study_11_LOD_vs_CN; study_2_LOD_vs_CN; study_3_Olink_LOD_vs_CN; study_3_Soma_LOD_vs_CN; study_4_LOD_vs_CN; study_5_LOD_vs_CN; study_6_LOD_vs_CN; study_7_LOD_vs_CN; study_8_LOD_vs_CN; study_9_LOD_vs_CN",6,"study_1; study_11; study_4; study_6; study_7; study_8",0.940868190646457
"ERAP1",-0.000611111090003461,-0.0307346448081689,0.029512422628162,-0.0724937416134371,0.942208985835519,0,-0.00104164547983048,-0.0113560417850163,0.0066331246528583,8,1475,"study_1_LOD_vs_CN; study_11_LOD_vs_CN; study_2_LOD_vs_CN; study_3_Soma_LOD_vs_CN; study_4_LOD_vs_CN; study_5_LOD_vs_CN; study_6_LOD_vs_CN; study_7_LOD_vs_CN",5,"study_1; study_11; study_4; study_6; study_7",0.952113942322621
"OLFM2",0.00126689567994887,-0.0197138345339949,0.0222476258938927,-0.070865209137611,0.943505032821036,0.189639866733235,0.00149884352082358,-0.00535850822134708,0.0134311442867388,7,1262,"study_1_LOD_vs_CN; study_11_LOD_vs_CN; study_2_LOD_vs_CN; study_3_Soma_LOD_vs_CN; study_4_LOD_vs_CN; study_5_LOD_vs_CN; study_6_LOD_vs_CN",4,"study_1; study_11; study_4; study_6",0.963298844698401
"SYT11",-0.00963767183833496,-0.0900901592638705,0.0708148155872006,0.0701177139117816,0.944099967739905,0,-0.0044170847695554,-0.0209399878354569,0.0176125185075529,4,584,"study_11_LOD_vs_CN; study_2_LOD_vs_CN; study_3_Soma_LOD_vs_CN; study_7_LOD_vs_CN",3,"study_11; study_2; study_7",0.973932122854363
"FZD4",-0.00750931571888701,-0.0593179840330309,0.0442993525952569,-0.0698701898167018,0.944296980204598,0,NA,NA,NA,4,617,"study_1_LOD_vs_CN; study_11_LOD_vs_CN; study_2_LOD_vs_CN; study_3_Soma_LOD_vs_CN",2,"study_1; study_11",0.97870456247926
"ADAMTSL3",0.000139340803931318,-0.0258259069763975,0.0261045885842602,-0.0659107772295286,0.947448860254302,0,0.00022409354784824,-0.00716874849803008,0.0111414677217501,5,1149,"study_1_LOD_vs_CN; study_11_LOD_vs_CN; study_2_LOD_vs_CN; study_5_LOD_vs_CN; study_6_LOD_vs_CN",3,"study_1; study_11; study_6",0.975573501746081
"GLDN",0.00592261229164979,-0.0271156145262945,0.038960839109594,0.0653419601941538,0.947901734304306,0.738647424444675,0.00690887188811712,-0.015959361029221,0.025491030283597,9,1724,"study_1_LOD_vs_CN; study_10_LOD_vs_CN; study_11_LOD_vs_CN; study_2_LOD_vs_CN; study_3_Soma_LOD_vs_CN; study_4_LOD_vs_CN; study_5_LOD_vs_CN; study_6_LOD_vs_CN; study_7_LOD_vs_CN",5,"study_1; study_11; study_4; study_6; study_7",0.956609493018387
"TNFSF14",0.0019192106992018,-0.0622717965863602,0.0661102179847638,0.0652395950239618,0.947983235991679,0,NA,NA,NA,3,929,"study_3_Olink_LOD_vs_CN; study_8_LOD_vs_CN; study_9_LOD_vs_CN",2,"study_3_Olink; study_8",0.981200977414568
"IGHV1-46",-8.72740328205189e-05,-0.0616780045614325,0.0615034564957915,-0.0634198060003797,0.949432216089337,0,-0.00288730198625303,-0.0271085253855217,0.0122773799396496,4,1041,"study_1_LOD_vs_CN; study_11_LOD_vs_CN; study_2_LOD_vs_CN; study_7_LOD_vs_CN",3,"study_1; study_11; study_7",0.975805333202929
"CCL8",0.0119924198911068,-0.0894897520764253,0.113474591858639,0.063078457363421,0.94970402866452,0.29683471116388,NA,NA,NA,4,956,"study_3_Olink_LOD_vs_CN; study_3_Soma_LOD_vs_CN; study_8_LOD_vs_CN; study_9_LOD_vs_CN",2,"study_3_Soma; study_8",0.981659076735331
"TMEM130",-0.00551377403579814,-0.0497557383869336,0.0387281903153373,0.0625167880330228,0.950151293172571,0.410002107836247,-0.00907594491938137,-0.0415234416906482,0.011999191570525,6,1119,"study_1_LOD_vs_CN; study_11_LOD_vs_CN; study_2_LOD_vs_CN; study_5_LOD_vs_CN; study_6_LOD_vs_CN; study_7_LOD_vs_CN",4,"study_1; study_11; study_6; study_7",0.967828526533921
"SCARF1",0.00952372956175522,-0.0490133148803304,0.0680607740038408,-0.0582343599903156,0.953561951837376,0.5133781594113,0.00810178397335298,-0.0370915867692167,0.0370799605879994,7,1763,"study_1_LOD_vs_CN; study_11_LOD_vs_CN; study_2_LOD_vs_CN; study_3_Olink_LOD_vs_CN; study_3_Soma_LOD_vs_CN; study_8_LOD_vs_CN; study_9_LOD_vs_CN",3,"study_1; study_11; study_8",0.977458666903086
"SAA1",0.0248834607415293,-0.0736508451073663,0.123417766590425,0.0575481237710924,0.95410857237227,0.481003445812366,0.02262345509181,-0.00779460506534928,0.0455314782132411,7,1272,"study_1_LOD_vs_CN; study_11_LOD_vs_CN; study_2_LOD_vs_CN; study_3_Soma_LOD_vs_CN; study_4_LOD_vs_CN; study_6_LOD_vs_CN; study_7_LOD_vs_CN",5,"study_1; study_11; study_4; study_6; study_7",0.961611392076377
"CD302",-0.00270716922557425,-0.030908086696234,0.0254937482450855,-0.0569773490410715,0.95456323866932,0.638944240956987,-0.00672285017261086,-0.0378564285324284,0.0126613160467527,5,1112,"study_1_LOD_vs_CN; study_11_LOD_vs_CN; study_3_Olink_LOD_vs_CN; study_5_LOD_vs_CN; study_6_LOD_vs_CN",3,"study_1; study_11; study_6",0.977458666903086
"PAFAH1B1",0.0051630678452382,-0.0343406262089906,0.044666761899467,0.0561678483437662,0.955208094017462,0.864703373686731,NA,NA,NA,3,851,"study_1_LOD_vs_CN; study_11_LOD_vs_CN; study_2_LOD_vs_CN",2,"study_1; study_11",0.986021258340606
"RSPO1",0.00139090135663124,-0.0492911760108807,0.0520729787241432,0.0530002306408811,0.957731723948555,0,NA,NA,NA,4,956,"study_3_Olink_LOD_vs_CN; study_3_Soma_LOD_vs_CN; study_8_LOD_vs_CN; study_9_LOD_vs_CN",2,"study_3_Soma; study_8",0.987264283502089
"KRT4",0.00173586164355156,-0.612991460323471,0.616463183610574,0.0503957060461771,0.959807058119207,0,NA,NA,NA,2,53,"study_2_LOD_vs_CN; study_6_LOD_vs_CN",2,"study_2; study_6",0.987264283502089
"ADAM28",0.000987596081768603,-0.0383450910002429,0.0403202831637801,0.0495112659063152,0.960511859316903,0,0.00147210277303818,-0.00335459064108201,0.00412449230411556,7,1326,"study_1_LOD_vs_CN; study_11_LOD_vs_CN; study_2_LOD_vs_CN; study_3_Soma_LOD_vs_CN; study_4_LOD_vs_CN; study_5_LOD_vs_CN; study_7_LOD_vs_CN",4,"study_1; study_11; study_4; study_7",0.973166580236431
"ELANE",-0.00526221230449097,-0.267927097070222,0.25740267246124,-0.0492405804555283,0.960727571946198,0,NA,NA,NA,2,396,"study_11_LOD_vs_CN; study_3_Soma_LOD_vs_CN",2,"study_11; study_3_Soma",0.987264283502089
"FZD6",0.0190674532013968,-0.083042313506692,0.121177219909486,0.0482032298682711,0.961554276119222,0.732981092076179,NA,NA,NA,2,407,"study_11_LOD_vs_CN; study_2_LOD_vs_CN",2,"study_11; study_2",0.987264283502089
"SCUBE2",5.85758204571008e-05,-0.0236782396747502,0.0237953913156644,-0.0475066191594746,0.962109454967534,0,4.91415792982131e-05,-0.00272778647762624,0.00368054634221572,6,1230,"study_1_LOD_vs_CN; study_11_LOD_vs_CN; study_2_LOD_vs_CN; study_5_LOD_vs_CN; study_6_LOD_vs_CN; study_7_LOD_vs_CN",4,"study_1; study_11; study_6; study_7",0.973166580236431
"ADH5",0.0382811179852356,-0.0534419420426628,0.130004178013134,-0.0464609283322782,0.962942875111095,0.908103568271275,NA,NA,NA,3,665,"study_1_LOD_vs_CN; study_11_LOD_vs_CN; study_2_LOD_vs_CN",2,"study_1; study_11",0.987369997443686
"CADM4",-0.00109611467374926,-0.0159051800751512,0.0137129507276527,0.0454176001821164,0.963774452545993,0.815362986483197,-0.000202655338510301,-0.00845626445797326,0.0162786403850974,8,1705,"study_1_LOD_vs_CN; study_10_LOD_vs_CN; study_11_LOD_vs_CN; study_2_LOD_vs_CN; study_4_LOD_vs_CN; study_5_LOD_vs_CN; study_6_LOD_vs_CN; study_7_LOD_vs_CN",5,"study_1; study_11; study_4; study_6; study_7",0.97008187697365
"ADAMTS2",-0.0039429576236793,-0.0284206613785642,0.0205347461312056,-0.0452821417313346,0.963882421670083,0.0111980464270649,-0.00292308961947231,-0.00891441114303712,0.00993595959459431,5,1266,"study_1_LOD_vs_CN; study_11_LOD_vs_CN; study_5_LOD_vs_CN; study_6_LOD_vs_CN; study_7_LOD_vs_CN",4,"study_1; study_11; study_6; study_7",0.973166580236431
"B3GAT1",-0.0056407157148346,-0.0533514596865307,0.0420700282568615,-0.0450365201946731,0.964078199568365,0.76524110381085,-0.00321026242009607,-0.0354417496557187,0.0221040531626582,6,977,"study_1_LOD_vs_CN; study_11_LOD_vs_CN; study_2_LOD_vs_CN; study_3_Soma_LOD_vs_CN; study_5_LOD_vs_CN; study_6_LOD_vs_CN",3,"study_1; study_11; study_6",0.984715314598509
"CCDC126",0.00557834331249111,-0.0155684565404417,0.0267251431654239,-0.0447843315084276,0.964279214206875,0.316614334683017,0.00690824489942782,-0.00104133372448549,0.0151654452461143,6,1282,"study_1_LOD_vs_CN; study_11_LOD_vs_CN; study_2_LOD_vs_CN; study_5_LOD_vs_CN; study_6_LOD_vs_CN; study_7_LOD_vs_CN",4,"study_1; study_11; study_6; study_7",0.973166580236431
"DHH",0.020262465235409,-0.046616128174717,0.087141058645535,-0.043631133358582,0.965198434489349,0.883085161415287,0.0100388710150907,-0.0969644055925731,0.113536876601423,6,1038,"study_1_LOD_vs_CN; study_11_LOD_vs_CN; study_2_LOD_vs_CN; study_3_Soma_LOD_vs_CN; study_5_LOD_vs_CN; study_6_LOD_vs_CN",3,"study_1; study_11; study_6",0.984715314598509
"PKD1",0.0178076105727491,-0.0828801915984572,0.118495412743955,-0.0430983697107267,0.965623118875877,0.847522397066964,NA,NA,NA,2,476,"study_11_LOD_vs_CN; study_2_LOD_vs_CN",2,"study_11; study_2",0.988223588757312
"XPNPEP1",0.00070668324190128,-0.105769760878472,0.107183127362275,0.0416658079889772,0.966765111550487,0,NA,NA,NA,3,459,"study_11_LOD_vs_CN; study_2_LOD_vs_CN; study_3_Soma_LOD_vs_CN",2,"study_11; study_2",0.988223588757312
"CRLF1",-0.00236940204521542,-0.0858749300325036,0.0811361259420727,0.0394545573423107,0.96852798327093,0,NA,NA,NA,4,663,"study_1_LOD_vs_CN; study_11_LOD_vs_CN; study_2_LOD_vs_CN; study_3_Soma_LOD_vs_CN",2,"study_1; study_11",0.988223588757312
"CSF2RA",0.0221681072295824,-0.0311486840659195,0.0754848985250843,-0.0393541951312938,0.968607998585351,0.673194736556271,0.0223799456830925,-0.00905789745846156,0.0436840390109155,10,2278,"study_1_LOD_vs_CN; study_11_LOD_vs_CN; study_2_LOD_vs_CN; study_3_Olink_LOD_vs_CN; study_3_Soma_LOD_vs_CN; study_5_LOD_vs_CN; study_6_LOD_vs_CN; study_7_LOD_vs_CN; study_8_LOD_vs_CN; study_9_LOD_vs_CN",5,"study_1; study_11; study_6; study_7; study_8",0.973672615571418
"RECK",0.00117087090515235,-0.0179349430969068,0.0202766849072115,-0.039048456931913,0.968851755005758,0.821662379960471,0.00141857368122158,-0.0113335189541335,0.022592336199532,6,1210,"study_1_LOD_vs_CN; study_11_LOD_vs_CN; study_2_LOD_vs_CN; study_4_LOD_vs_CN; study_5_LOD_vs_CN; study_6_LOD_vs_CN",4,"study_1; study_11; study_4; study_6",0.975533491247177
"CPD",-0.00150313372773041,-0.0179761567185503,0.0149698892630894,0.0375205015832404,0.970069993755329,0.495503108351385,-0.00118529788399466,-0.0110330078001128,0.0093531353399748,8,1340,"study_1_LOD_vs_CN; study_11_LOD_vs_CN; study_2_LOD_vs_CN; study_3_Soma_LOD_vs_CN; study_4_LOD_vs_CN; study_5_LOD_vs_CN; study_6_LOD_vs_CN; study_7_LOD_vs_CN",5,"study_1; study_11; study_4; study_6; study_7",0.973869223495885
"TACSTD2",-0.0014270057875888,-0.0663480556181743,0.0634940440429967,-0.0368157354455545,0.970631927482838,0,NA,NA,NA,3,929,"study_3_Olink_LOD_vs_CN; study_8_LOD_vs_CN; study_9_LOD_vs_CN",2,"study_3_Olink; study_8",0.988223588757312
"HIBADH",-0.000763347097426466,-0.0497277579680697,0.0482010637732168,0.036802293835778,0.970642645072641,0,-0.00415304541767555,-0.0151004424793576,0.00543699555066275,3,670,"study_11_LOD_vs_CN; study_2_LOD_vs_CN; study_7_LOD_vs_CN",3,"study_11; study_2; study_7",0.988452601862964
"NXPH2",5.05736381504647e-05,-0.102883301332067,0.102984448608368,0.0359283824621473,0.971339464540441,0.693178252068137,NA,NA,NA,2,313,"study_11_LOD_vs_CN; study_3_Soma_LOD_vs_CN",2,"study_11; study_3_Soma",0.988223588757312
"PF4",-0.0118689714510374,-0.130593914632687,0.106855971730612,0.0357322618700362,0.971495845718451,0.613148248180626,NA,NA,NA,2,465,"study_11_LOD_vs_CN; study_3_Soma_LOD_vs_CN",2,"study_11; study_3_Soma",0.988223588757312
"ARPC5",0.0220499041740191,-0.125973439099951,0.17007324744799,-0.0330102429383523,0.973666419410372,0.719440331641691,NA,NA,NA,3,363,"study_11_LOD_vs_CN; study_2_LOD_vs_CN; study_3_Soma_LOD_vs_CN",2,"study_11; study_2",0.989121441940695
"CBLN2",-0.000319364849222593,-0.0331762031241829,0.0325374734257377,-0.0319614529736667,0.974502791251671,0.854601218348799,0.0053772823367936,-0.026589248395877,0.0468623424698938,6,1220,"study_1_LOD_vs_CN; study_11_LOD_vs_CN; study_2_LOD_vs_CN; study_3_Soma_LOD_vs_CN; study_5_LOD_vs_CN; study_7_LOD_vs_CN",3,"study_1; study_11; study_7",0.990048296592927
"PDXK",0.0416039977080747,-1.46456260498906,1.54777060040521,-0.031298499327593,0.975031487186217,0,NA,NA,NA,3,87,"study_2_LOD_vs_CN; study_3_Soma_LOD_vs_CN; study_6_LOD_vs_CN",2,"study_2; study_6",0.989199712231195
"TINAGL1",0.000943014417907021,-0.0322353517937776,0.0341213806295916,-0.0303632793777497,0.975777330155551,0.802708615927448,-3.87138813891796e-05,-0.0272088306101745,0.0328481780309917,7,1110,"study_1_LOD_vs_CN; study_11_LOD_vs_CN; study_2_LOD_vs_CN; study_3_Olink_LOD_vs_CN; study_3_Soma_LOD_vs_CN; study_5_LOD_vs_CN; study_6_LOD_vs_CN",3,"study_1; study_11; study_6",0.990048296592927
"MASP1",0.00695296275284592,-0.0182456364045914,0.0321515619102833,-0.0282464587514569,0.977465583265453,0.821188189501005,0.00746738406052531,-0.00849546701589947,0.0370333896807393,9,1711,"study_1_LOD_vs_CN; study_10_LOD_vs_CN; study_11_LOD_vs_CN; study_2_LOD_vs_CN; study_3_Olink_LOD_vs_CN; study_4_LOD_vs_CN; study_5_LOD_vs_CN; study_6_LOD_vs_CN; study_7_LOD_vs_CN",5,"study_1; study_11; study_4; study_6; study_7",0.980014385307866
"SLC4A1",-0.00486028337626315,-0.144856901430903,0.135136334678377,-0.026386528961447,0.978949038741632,0,NA,NA,NA,4,1002,"study_1_LOD_vs_CN; study_11_LOD_vs_CN; study_2_LOD_vs_CN; study_5_LOD_vs_CN",2,"study_1; study_11",0.991695457716289
"PCDHGB6",0.00606886718982338,-0.0327840452095765,0.0449217795892233,0.0237466950177742,0.981054659255673,0.276615325553353,NA,NA,NA,2,896,"study_1_LOD_vs_CN; study_11_LOD_vs_CN",2,"study_1; study_11",0.991695457716289
"CNTNAP3",0.00180048933982345,-0.0533686404768995,0.0569696191565464,-0.0227455173952987,0.981853267584205,0,0.00219351682334596,-0.0157464434809309,0.0165779022642911,4,1047,"study_1_LOD_vs_CN; study_11_LOD_vs_CN; study_2_LOD_vs_CN; study_6_LOD_vs_CN",3,"study_1; study_11; study_6",0.990178515100111
"EIF4A2",0.00862371335937558,-0.0574655241508395,0.0747129508695907,0.0223168367688269,0.982195218427601,0.725840740532461,NA,NA,NA,4,984,"study_1_LOD_vs_CN; study_11_LOD_vs_CN; study_3_Soma_LOD_vs_CN; study_5_LOD_vs_CN",2,"study_1; study_11",0.991695457716289
"CLIC6",0.00842132048468009,-0.0738033884930649,0.0906460294624251,0.0222676288081603,0.982234470945326,0.635009755251346,0.0101234066236526,-0.076556968578201,0.0904083401221566,5,846,"study_1_LOD_vs_CN; study_11_LOD_vs_CN; study_2_LOD_vs_CN; study_5_LOD_vs_CN; study_6_LOD_vs_CN",3,"study_1; study_11; study_6",0.990178515100111
"PIP",-0.023624413993044,-0.21455008193021,0.167301253944122,0.0221758747594742,0.982307662010804,0,-0.0194449466819497,-0.0538004370459106,0.0202306946352858,4,214,"study_2_LOD_vs_CN; study_5_LOD_vs_CN; study_6_LOD_vs_CN; study_7_LOD_vs_CN",3,"study_2; study_6; study_7",0.990178515100111
"CD33",0.00881482328611923,-0.0348447968476793,0.0524744434199178,-0.0219614688344164,0.982478691534817,0.754029882783442,0.0150773456786158,-0.0181888122513569,0.0509728805820118,8,1180,"study_1_LOD_vs_CN; study_11_LOD_vs_CN; study_2_LOD_vs_CN; study_3_Olink_LOD_vs_CN; study_3_Soma_LOD_vs_CN; study_5_LOD_vs_CN; study_6_LOD_vs_CN; study_7_LOD_vs_CN",4,"study_1; study_11; study_6; study_7",0.986985474523509
"ACLY",0.0227342346216628,-0.199970604076631,0.245439073319956,0.0214425819418914,0.982892605886788,0.116578031975195,NA,NA,NA,2,367,"study_11_LOD_vs_CN; study_2_LOD_vs_CN",2,"study_11; study_2",0.991695457716289
"SVEP1",-0.00171586583362709,-0.035797102867502,0.0323653712002479,-0.0212551844653234,0.98304209336966,0.370523097945018,-0.00114609448578217,-0.0103920212721611,0.0163642210225788,6,1131,"study_1_LOD_vs_CN; study_11_LOD_vs_CN; study_2_LOD_vs_CN; study_3_Soma_LOD_vs_CN; study_5_LOD_vs_CN; study_6_LOD_vs_CN",3,"study_1; study_11; study_6",0.990178515100111
"SDF2L1",-0.00610364119526276,-0.194589891563956,0.182382609173431,0.019573985521873,0.984383216403197,0,NA,NA,NA,2,313,"study_11_LOD_vs_CN; study_3_Soma_LOD_vs_CN",2,"study_11; study_3_Soma",0.991695457716289
"NOMO2",0.00207536812014691,-0.0643206249950668,0.0684713612353606,0.0185010911792758,0.985239107080115,0,NA,NA,NA,3,234,"study_3_Soma_LOD_vs_CN; study_5_LOD_vs_CN; study_7_LOD_vs_CN",2,"study_5; study_7",0.991695457716289
"MMP17",-0.000511139518815472,-0.0272979600040543,0.0262756809664234,-0.0151146204809,0.98794073683761,0.862095912840054,0.000427905792256778,-0.0329060389514318,0.0339691515316487,7,1332,"study_1_LOD_vs_CN; study_11_LOD_vs_CN; study_2_LOD_vs_CN; study_3_Soma_LOD_vs_CN; study_5_LOD_vs_CN; study_6_LOD_vs_CN; study_7_LOD_vs_CN",4,"study_1; study_11; study_6; study_7",0.990201470789184
"TXNDC15",-0.000472201006508385,-0.101010288985847,0.10006588697283,-0.012470987809153,0.990049849286873,0,NA,NA,NA,3,501,"study_11_LOD_vs_CN; study_3_Olink_LOD_vs_CN; study_3_Soma_LOD_vs_CN",2,"study_11; study_3_Soma",0.995233356351202
"TFPI2",-0.00374276915248704,-0.0978330455236797,0.0903475072187056,0.0108034226899653,0.99138028350569,0.561945214738569,NA,NA,NA,4,956,"study_3_Olink_LOD_vs_CN; study_3_Soma_LOD_vs_CN; study_8_LOD_vs_CN; study_9_LOD_vs_CN",2,"study_3_Soma; study_8",0.99526804932336
"TGM2",0.0127474795231541,-0.0630813550074244,0.0885763140537326,0.00982476985562698,0.992161093928799,0.659680630566391,0.00864582892807128,-0.0262166394616317,0.0518237229908186,6,1651,"study_1_LOD_vs_CN; study_11_LOD_vs_CN; study_3_Olink_LOD_vs_CN; study_3_Soma_LOD_vs_CN; study_8_LOD_vs_CN; study_9_LOD_vs_CN",3,"study_1; study_11; study_8",0.997553273787107
"RPN1",0.000791876920246575,-0.107325339040271,0.108909092880764,-0.00780498428270354,0.993772586770284,0,NA,NA,NA,3,470,"study_11_LOD_vs_CN; study_2_LOD_vs_CN; study_3_Soma_LOD_vs_CN",2,"study_11; study_2",0.996367293263157
"F10",0.00217872862069032,-0.0227576660938335,0.0271151233352141,-0.00736335992899411,0.9941249418871,0.522349922625613,0.00294332147822203,-0.00523349112588711,0.0235999575175367,8,1545,"study_1_LOD_vs_CN; study_10_LOD_vs_CN; study_11_LOD_vs_CN; study_2_LOD_vs_CN; study_3_Soma_LOD_vs_CN; study_4_LOD_vs_CN; study_5_LOD_vs_CN; study_6_LOD_vs_CN",4,"study_1; study_11; study_4; study_6",0.9941249418871
"COL21A1",0.00393713835887597,-0.0200389443493285,0.0279132210670805,0.00728224094713186,0.994189663734972,0.81871659996256,0.00450296987323673,-0.0092584781090276,0.0317999206932944,7,1419,"study_1_LOD_vs_CN; study_11_LOD_vs_CN; study_2_LOD_vs_CN; study_4_LOD_vs_CN; study_5_LOD_vs_CN; study_6_LOD_vs_CN; study_7_LOD_vs_CN",5,"study_1; study_11; study_4; study_6; study_7",0.995484181526293
"LPA",-0.0289639140687581,-0.122944329522742,0.0650165013852257,0.00636698180352007,0.994919917843197,0.716931705391187,-0.0362636176234118,-0.132043005080206,0.0483273496242422,5,1135,"study_1_LOD_vs_CN; study_11_LOD_vs_CN; study_2_LOD_vs_CN; study_5_LOD_vs_CN; study_6_LOD_vs_CN",3,"study_1; study_11; study_6",0.997917566463454
"PTN",-0.00501621746077882,-0.0340836318788315,0.0240511969572739,0.00358726321835458,0.997137784201257,0.853222851003687,-0.00488353613337394,-0.0200101349467081,0.0245096745875065,11,2468,"study_1_LOD_vs_CN; study_10_LOD_vs_CN; study_11_LOD_vs_CN; study_2_LOD_vs_CN; study_3_Olink_LOD_vs_CN; study_3_Soma_LOD_vs_CN; study_4_LOD_vs_CN; study_5_LOD_vs_CN; study_6_LOD_vs_CN; study_8_LOD_vs_CN; study_9_LOD_vs_CN",5,"study_1; study_11; study_4; study_6; study_8",0.997137784201257
"PDCD6IP",0.00973386707224002,-0.0442493153523377,0.0637170494968177,-0.00319116085504685,0.997453826344217,0.607999801942854,0.00432819327962154,-0.0505379043755435,0.0468068791420811,6,1086,"study_1_LOD_vs_CN; study_11_LOD_vs_CN; study_2_LOD_vs_CN; study_3_Soma_LOD_vs_CN; study_5_LOD_vs_CN; study_6_LOD_vs_CN",3,"study_1; study_11; study_6",0.997917566463454
"CLCC1",-0.00422398823222331,-0.103164353364831,0.0947163769003842,0.00273108968531653,0.997820908414838,0,NA,NA,NA,2,315,"study_11_LOD_vs_CN; study_2_LOD_vs_CN",2,"study_11; study_2",0.998455848060365
"HBE1",0.00369474537739579,-0.23923468368643,0.246624174441222,0.00260994635445082,0.997917566463454,0,-0.0135930476612062,-0.0752101286873614,0.0261784397301174,4,434,"study_11_LOD_vs_CN; study_2_LOD_vs_CN; study_3_Soma_LOD_vs_CN; study_7_LOD_vs_CN",3,"study_11; study_2; study_7",0.997917566463454
"CNPY2",0.000563312536610119,-0.0316632360663896,0.0327898611396098,-0.00193530866419719,0.998455848060365,0,NA,NA,NA,3,915,"study_1_LOD_vs_CN; study_11_LOD_vs_CN; study_5_LOD_vs_CN",2,"study_1; study_11",0.998455848060365
