"Protein","Log2FC","SE","F_value","P_value","FDR","Comparison","N","Study"
"UBA52",0.131460725580625,0.0377383463784737,12.1346238160602,0.000666428707740427,0.00134985195447606,"EOD_vs_CN",151,"study_4"
"MT3",-0.0416380793716895,0.0494800184276654,0.708144150413268,0.401478466707856,0.4621574068107,"EOD_vs_CN",151,"study_4"
"NFASC",-0.214517366012174,0.0304827516065761,49.5240983241868,8.09869791082203e-11,4.81465444372365e-10,"EOD_vs_CN",151,"study_4"
"ALDOA",0.504644872378329,0.0490437066870016,105.877860496489,2.69568866997712e-18,6.51653435003166e-17,"EOD_vs_CN",151,"study_4"
"LSAMP",-0.166293727199944,0.0311597570589474,28.4815492417749,3.85276959308271e-07,1.27129964021008e-06,"EOD_vs_CN",151,"study_4"
"PARK7",0.0864187478196712,0.0310163977528515,7.763065020188,0.0061583814316035,0.0105193857940754,"EOD_vs_CN",151,"study_4"
"YWHAZ",0.957308900891503,0.0453008731372174,446.571546468884,3.35312062256893e-44,3.72867013229665e-41,"EOD_vs_CN",151,"study_4"
"CXCL16",0.139010170453532,0.0433411853346347,10.2870673328989,0.00167576226014629,0.00316374810404529,"EOD_vs_CN",136,"study_4"
"SELENBP1",-0.0255516018269937,0.0406425734542585,0.395251806688499,0.53051425735834,0.588167352126096,"EOD_vs_CN",151,"study_4"
"PROCR",0.0855169983883082,0.062795086111978,1.85461418500429,0.176709199291848,0.22380481732635,"EOD_vs_CN",103,"study_4"
"NCAN",-0.197108708823304,0.04975575117787,15.6936893446604,0.000116291847490853,0.000266632029710987,"EOD_vs_CN",151,"study_4"
"NICOL1",-0.364790288650091,0.0585359499256204,38.8365993941228,5.46368652523791e-09,2.34579900234153e-08,"EOD_vs_CN",151,"study_4"
"DPP7",0.0531756633181839,0.0593880539059497,0.801729093861268,0.372021874171627,0.430925337582134,"EOD_vs_CN",151,"study_4"
"ICOSLG",0.320926142520966,0.0510105824640915,39.581261076043,3.97073489538448e-09,1.75216555701093e-08,"EOD_vs_CN",139,"study_4"
"PAPLN",0.0698987988938651,0.0345339614347718,4.09681758387255,0.0447541007660001,0.0658287831372912,"EOD_vs_CN",151,"study_4"
"FOLR2",0.125872158399917,0.0451213543917535,7.78206948483096,0.00597763298594501,0.0102263505851859,"EOD_vs_CN",151,"study_4"
"GC",0.172825390465226,0.0707376121898495,5.96917487128714,0.0157516647653732,0.0253485545862445,"EOD_vs_CN",151,"study_4"
"HBA1",1.00162532196914,0.35791738558392,7.83150089329281,0.00587602208518593,0.0100835440721092,"EOD_vs_CN",151,"study_4"
"IGLV3-19",0.760975255669245,0.133324830492771,32.5775927590953,1.05083797586292e-07,3.78165640504713e-07,"EOD_vs_CN",118,"study_4"
"FBLN5",0.184890342950125,0.0285163639882058,42.0378171716747,1.27048909792381e-09,6.08958567625551e-09,"EOD_vs_CN",151,"study_4"
"LAMP2",0.0728001029750605,0.0625143548237478,1.35613985795894,0.247287872324099,0.30118741952289,"EOD_vs_CN",103,"study_4"
"NUCB2",0.0840442389632372,0.0506143966010763,2.75719682859006,0.0989497194536376,0.133350998518662,"EOD_vs_CN",151,"study_4"
"PDGFB",-0.112456011554488,0.0568169043774376,3.91751093316228,0.0509785133367827,0.0735254303897566,"EOD_vs_CN",104,"study_4"
"ITIH2",0.366675113361326,0.0856653731235406,18.3211296563636,3.42127298627335e-05,8.5301694186905e-05,"EOD_vs_CN",151,"study_4"
"CSF1R",-0.178791580114493,0.0428718330859835,17.3920197046131,5.24136995705833e-05,0.000127815863865107,"EOD_vs_CN",146,"study_4"
"PGLYRP2",-0.082094103205506,0.0855978376485329,0.919810448190055,0.339110574187586,0.397775272675733,"EOD_vs_CN",151,"study_4"
"IGHM",0.535045868140015,0.146795191948027,13.2849023611842,0.000368958748240905,0.000769760090138623,"EOD_vs_CN",151,"study_4"
"LAMA2",0.0588324265764406,0.025747057268238,5.22129612618112,0.0237432362512731,0.0366701093214107,"EOD_vs_CN",151,"study_4"
"APLP2",-0.185718889679597,0.0457168374341682,16.5028821470747,7.85096144955728e-05,0.000184182893078221,"EOD_vs_CN",151,"study_4"
"AGA",-0.374016846482055,0.0568954512181616,43.2142754955876,1.0973286527585e-09,5.30413559519588e-09,"EOD_vs_CN",144,"study_4"
"CFI",0.323850706088013,0.0625259881855921,26.8267812592646,7.50361725239345e-07,2.35706847024337e-06,"EOD_vs_CN",151,"study_4"
"CD44",-0.0107587468425407,0.0324850710521957,0.109687145622904,0.740966228304251,0.779521708490376,"EOD_vs_CN",151,"study_4"
"IGSF8",-0.0813068295131316,0.0235884578980509,11.881053556314,0.000737186886146968,0.0014877528446378,"EOD_vs_CN",151,"study_4"
"CNTNAP4",-0.236371446403428,0.048491385384445,23.7607881164198,2.76482656730485e-06,8.06825497139347e-06,"EOD_vs_CN",151,"study_4"
"C1QC",0.128214693435474,0.0316775455555704,16.3822122452111,8.45086976924013e-05,0.00019659763981998,"EOD_vs_CN",151,"study_4"
"C1R",0.197733830865269,0.0258248371236616,58.625529541477,2.22554138320392e-12,1.79333479574113e-11,"EOD_vs_CN",151,"study_4"
"CPN2",0.209958974447858,0.0821042945151675,6.53938848221322,0.0115585333504335,0.0190134453930208,"EOD_vs_CN",151,"study_4"
"AMBP",0.495800376655347,0.0745628587107998,44.2148956136726,7.54966342910815e-10,3.69762268729554e-09,"EOD_vs_CN",151,"study_4"
"C5",0.442908505117437,0.0803379122774771,30.3939368554203,1.65132594573904e-07,5.88549503737759e-07,"EOD_vs_CN",151,"study_4"
"HEXA",0.081097618633029,0.0403763712449709,4.03423909333562,0.0464347746639581,0.0674713432035902,"EOD_vs_CN",151,"study_4"
"DBI",-0.0902278641029906,0.0320392712530821,7.93078350964732,0.00552815569461451,0.00955539452940599,"EOD_vs_CN",151,"study_4"
"C1QA",0.125927638064605,0.0279866702157175,20.2460196879526,1.36586427463065e-05,3.57374370209243e-05,"EOD_vs_CN",151,"study_4"
"NRXN3",-0.327603127750455,0.0429024792817397,58.3084233661351,4.01562378120323e-12,3.10095391992916e-11,"EOD_vs_CN",151,"study_4"
"IGHV3-30",0.689054905694128,0.0895460349671404,59.2127099034114,1.87647888897241e-12,1.53429744451274e-11,"EOD_vs_CN",151,"study_4"
"C6",0.501313821783775,0.0751313634466446,44.5222205809844,4.79051135973875e-10,2.42138574183159e-09,"EOD_vs_CN",151,"study_4"
"CLEC3B",0.271449571412058,0.0295750488517061,84.2417498346289,3.90920295900121e-16,6.0375467922352e-15,"EOD_vs_CN",151,"study_4"
"SPARCL1",-0.165078966114658,0.0337792112761762,23.8827576019389,2.71527893240037e-06,7.96672868820372e-06,"EOD_vs_CN",151,"study_4"
"GAP43",0.477373647177803,0.0542484741892122,77.4358065361381,6.90959794777397e-15,8.63311563811759e-14,"EOD_vs_CN",151,"study_4"
"MCAM",-0.552882986892744,0.040092643940394,190.167833257046,4.07335932683046e-28,7.54929261905911e-26,"EOD_vs_CN",151,"study_4"
"SCG2",-0.412179938892276,0.0464362423198534,78.7879069612916,4.30896685314926e-15,5.57159434965347e-14,"EOD_vs_CN",151,"study_4"
"LMAN1",-0.15279619792938,0.0380314252050723,16.1413514682167,9.43615326628679e-05,0.000218604217335644,"EOD_vs_CN",151,"study_4"
"ADGRB2",-0.349383809707429,0.0589299393781881,35.1506664463257,2.5659337707454e-08,9.90735539260031e-08,"EOD_vs_CN",140,"study_4"
"LTBP4",0.204407953940295,0.041565752266723,24.1837860719407,2.48257392364605e-06,7.34208032737875e-06,"EOD_vs_CN",151,"study_4"
"IGHG3",1.12849915783788,0.111549293578491,102.345518367141,1.62521594610203e-18,4.10736393651241e-17,"EOD_vs_CN",151,"study_4"
"PON1",0.122047571638936,0.113591932811294,1.15441857716365,0.284373927646834,0.339660373301052,"EOD_vs_CN",151,"study_4"
"AXL",-0.0240301386469737,0.0364804792170651,0.433901831941078,0.51143027414775,0.569279744596895,"EOD_vs_CN",122,"study_4"
"CADM1",-0.307359129026844,0.0370449606725926,68.838905640643,1.04554368529943e-13,1.05694961641178e-12,"EOD_vs_CN",151,"study_4"
"APOD",0.215054225689135,0.0509329727322549,17.8278065001364,4.35032786716006e-05,0.000107025765227477,"EOD_vs_CN",151,"study_4"
"SPON1",0.165899098155286,0.0226943090468303,53.4384829903094,1.58260676074646e-11,1.11383463161397e-10,"EOD_vs_CN",151,"study_4"
"MGAT1",-0.0721829304684363,0.0404717892484232,3.18100395605678,0.0765345531299873,0.106250216080582,"EOD_vs_CN",151,"study_4"
"SERPINF2",0.153115112964738,0.0677247355384298,5.11141899545616,0.0252863712957131,0.0388913483828948,"EOD_vs_CN",151,"study_4"
"CP",0.180687269195463,0.0612137931380719,8.71277553135469,0.0036738829331617,0.00651572220362968,"EOD_vs_CN",151,"study_4"
"PCSK1",-0.814855333124912,0.0944562693004776,74.4216762532829,1.88969241166814e-13,1.76583021997897e-12,"EOD_vs_CN",133,"study_4"
"CPB2",0.432654267245802,0.0724204646069489,35.6910536934872,1.7269673962801e-08,6.85852765951239e-08,"EOD_vs_CN",151,"study_4"
"SPARC",0.0124460886553663,0.0370594944319608,0.112789013904639,0.737473133796735,0.777829944699801,"EOD_vs_CN",151,"study_4"
"LYVE1",-0.449502440453173,0.0472214868381258,90.6118074001995,4.75874232190633e-17,8.39955787612673e-16,"EOD_vs_CN",151,"study_4"
"IGKC",0.674178924956697,0.0825259716522814,66.7373644373599,1.22502036914914e-13,1.22722761305752e-12,"EOD_vs_CN",151,"study_4"
"IGHG4",-0.703839662608135,0.234452569895234,9.01233813842791,0.00314717471817823,0.00562646026786847,"EOD_vs_CN",151,"study_4"
"CNDP1",-0.0139307023655508,0.0415615545555312,0.112347253558735,0.737959165160333,0.777829944699801,"EOD_vs_CN",151,"study_4"
"EFNB2",-0.20073668121674,0.0334034780752445,36.1135432371013,1.74411460561113e-08,6.90197665992733e-08,"EOD_vs_CN",151,"study_4"
"PRRT2",0.226772365296724,0.0682372752174383,11.0442672300346,0.00131411448799261,0.00253257419523012,"EOD_vs_CN",87,"study_4"
"RNASET2",0.044944396017776,0.0358256201829867,1.57385117483217,0.211617689847727,0.263514973248233,"EOD_vs_CN",151,"study_4"
"PNOC",-0.442025224062893,0.0617492446616645,51.2425586530594,3.46539896679941e-11,2.2274703185439e-10,"EOD_vs_CN",151,"study_4"
"PLTP",0.037049146114672,0.0308949136744106,1.43807797231769,0.232391767905249,0.285231397252359,"EOD_vs_CN",151,"study_4"
"ATRN",0.0138810755767089,0.0323398165130149,0.184234574020696,0.668382587417019,0.713968719700024,"EOD_vs_CN",151,"study_4"
"LGALS1",0.0447171218121785,0.0321732388563385,1.93178201740937,0.166901067475225,0.213081500611309,"EOD_vs_CN",151,"study_4"
"OMG",-0.107279216778899,0.0416929962538793,6.62071624459405,0.0110766858677191,0.0182748882565337,"EOD_vs_CN",151,"study_4"
"FAT2",-0.583650743386967,0.0572178260945358,104.050310177751,8.46484158666735e-19,2.2958302059449e-17,"EOD_vs_CN",151,"study_4"
"AHSG",-0.0665866727301161,0.0758435812404764,0.770791585616436,0.381466086384192,0.441405086429991,"EOD_vs_CN",151,"study_4"
"IGFBP6",0.281059239748481,0.0469234875598692,35.8769212826671,1.61139468049687e-08,6.44557872198748e-08,"EOD_vs_CN",151,"study_4"
"CFHR2",0.47072777852901,0.100924316710501,21.7544455805132,6.87320857049676e-06,1.86414827570546e-05,"EOD_vs_CN",151,"study_4"
"IGHV3-72",-0.33132192507192,0.156724380863193,4.46917361831531,0.0365346608989482,0.0546055684403634,"EOD_vs_CN",132,"study_4"
"NPPC",-0.138240685781061,0.0337449510978179,16.7824032794576,7.21686918772417e-05,0.000170792376920306,"EOD_vs_CN",136,"study_4"
"CPE",-0.337118301811307,0.0326693564559769,106.483790447977,3.59019272724845e-19,1.07899846289197e-17,"EOD_vs_CN",151,"study_4"
"HSPA8",0.160185887776185,0.0404129273311641,15.7111467495496,0.000116034708272168,0.000266592139666634,"EOD_vs_CN",151,"study_4"
"C4BPA",0.73621275709156,0.103621304633919,50.4787469107456,8.13988341205078e-11,4.81465444372365e-10,"EOD_vs_CN",151,"study_4"
"VTN",0.0379008956318856,0.0731635769626342,0.268354625740506,0.605207996758494,0.660442877718789,"EOD_vs_CN",151,"study_4"
"SEMA6A",-0.109698807826523,0.0380564469108754,8.30897282519136,0.00455666236574785,0.00800475284472607,"EOD_vs_CN",151,"study_4"
"WFDC1",-0.378201074444142,0.0722504985098459,27.4008364638559,5.52882252087107e-07,1.77177251965667e-06,"EOD_vs_CN",151,"study_4"
"NPTX1",-0.47443957996806,0.0486038938727578,95.2839379618651,4.31748498782445e-17,7.81913596373461e-16,"EOD_vs_CN",151,"study_4"
"PTN",0.0946975774549719,0.0419310749905551,5.1004177085939,0.0253799738354611,0.0389813962776696,"EOD_vs_CN",151,"study_4"
"DCN",0.264000843934635,0.0553333704273236,22.7633607699654,4.33450484690592e-06,1.21716398731297e-05,"EOD_vs_CN",151,"study_4"
"MEGF10",0.0996750513677194,0.0319052566478652,9.75996929493467,0.00217618987646778,0.00399327251259434,"EOD_vs_CN",151,"study_4"
"PSAP",-0.0979313395141066,0.0248760506797629,15.4981736937142,0.000126411965722588,0.000288644981280324,"EOD_vs_CN",151,"study_4"
"GGH",-0.0502063247818256,0.0395761889434865,1.60934413212504,0.206617841475166,0.257866486779331,"EOD_vs_CN",151,"study_4"
"F10",0.206764091992182,0.0382312490486397,29.2491508961138,2.47979376752253e-07,8.45868303523021e-07,"EOD_vs_CN",151,"study_4"
"KRT2",0.0670534997798047,0.244059909226776,0.0754831490006383,0.78390385083938,0.816199515106171,"EOD_vs_CN",148,"study_4"
"GALNT2",-0.0606740549566354,0.0157647675113778,14.8125865287895,0.0001774453687349,0.000393066235125913,"EOD_vs_CN",151,"study_4"
"NTNG1",-0.351895709378619,0.03879214413737,82.2887326240005,6.92772920268234e-16,1.04103173964632e-14,"EOD_vs_CN",151,"study_4"
"CD55",-0.106486144781757,0.0278645822469347,14.6043131122364,0.00019825071521097,0.000436544149137818,"EOD_vs_CN",151,"study_4"
"CD99L2",-0.10105004855587,0.0416198551856468,5.89483866608132,0.0164458389048706,0.026313342247793,"EOD_vs_CN",151,"study_4"
"IGHA1",1.13622144457521,0.125234340550715,82.315021687292,7.81718016750181e-16,1.14377688766605e-14,"EOD_vs_CN",151,"study_4"
"ACYP2",-0.0271260674475737,0.0426197706991225,0.405089938937248,0.525568028957609,0.58384780040046,"EOD_vs_CN",135,"study_4"
"EFEMP2",0.0608342573676737,0.0395643652156058,2.36422070970005,0.126363324101943,0.165507675384405,"EOD_vs_CN",151,"study_4"
"CHI3L1",0.658793743503555,0.0565878230703342,135.53546751906,2.43843388428872e-22,1.35576923966453e-20,"EOD_vs_CN",151,"study_4"
"FAM3C",-0.302552300106987,0.0369549405452014,67.0279446054902,1.8502436739084e-13,1.74361946219165e-12,"EOD_vs_CN",151,"study_4"
"CRTAC1",-0.226579784720123,0.035674626690774,40.3388437039685,3.00352219230154e-09,1.35219298697948e-08,"EOD_vs_CN",151,"study_4"
"IL6ST",-0.183244139846879,0.0266358813149568,47.3288603890795,1.75504403081429e-10,9.47382991391016e-10,"EOD_vs_CN",151,"study_4"
"PRSS1",0.0270687403604413,0.0616560595202018,0.192745639775043,0.661282972952618,0.70774462552773,"EOD_vs_CN",151,"study_4"
"CTSH",0.148680313521495,0.0699493709530596,4.51792804546846,0.0351909625258336,0.0528101893774992,"EOD_vs_CN",151,"study_4"
"SEMA6D",-0.0642525442909161,0.028978510125491,4.91618879636748,0.0281759845277285,0.0428614155880084,"EOD_vs_CN",151,"study_4"
"TIMP1",0.319323453830529,0.039654194275049,64.8460274863658,2.39215520183965e-13,2.21673048703807e-12,"EOD_vs_CN",151,"study_4"
"IDS",-0.162543345789742,0.0432203044047417,14.1436905998392,0.000242840964830255,0.000530528787605587,"EOD_vs_CN",151,"study_4"
"SELL",0.0742997603189561,0.0514662986154582,2.08414991282498,0.151202462031154,0.195281228546625,"EOD_vs_CN",136,"study_4"
"PROS1",0.111121963971486,0.0349785322076048,10.0924511108376,0.0018103476429478,0.00338337240161,"EOD_vs_CN",151,"study_4"
"CYCS",0.0716636526529877,0.0338672671031809,4.47752041162797,0.0361461057483754,0.0540975364632482,"EOD_vs_CN",151,"study_4"
"ADAMTS4",-0.121555860515166,0.0415543272107921,8.55695590059152,0.00410750836422696,0.0072500782555879,"EOD_vs_CN",124,"study_4"
"NELL2",-0.337692502068373,0.0505499086823251,44.6274513342894,5.70211810635817e-10,2.85619609651815e-09,"EOD_vs_CN",151,"study_4"
"TAFA5",-0.242559412291852,0.0437373123874915,30.7561576405107,2.52676369594482e-07,8.59254198743313e-07,"EOD_vs_CN",122,"study_4"
"TNFRSF21",-0.218301983354537,0.0432408998122784,25.4874224540861,1.39067238507054e-06,4.22521227376624e-06,"EOD_vs_CN",151,"study_4"
"CTSB",0.0521637390331815,0.0285916582547989,3.32857800144154,0.0701554135879084,0.097883086461423,"EOD_vs_CN",151,"study_4"
"LAMP1",0.149706856150999,0.0331346062185721,20.4136071707278,1.2625142469153e-05,3.31942346783824e-05,"EOD_vs_CN",151,"study_4"
"IGFBP7",0.471535672672202,0.061347745661936,59.0788306135195,1.89366639619168e-12,1.53704892887967e-11,"EOD_vs_CN",151,"study_4"
"SEZ6L2",-0.212739843513321,0.0423461781748708,25.2388306674013,1.72852909194564e-06,5.18092816777239e-06,"EOD_vs_CN",151,"study_4"
"COL3A1",-0.00588936023992837,0.035743062116353,0.0271489306599509,0.86935135224823,0.890984980368693,"EOD_vs_CN",151,"study_4"
"KIT",-0.356357245335152,0.0347297293808752,105.285457306668,6.50528890512929e-19,1.80847031562594e-17,"EOD_vs_CN",151,"study_4"
"HSPG2",0.0855104373239666,0.026896251873179,10.1077555180053,0.00179615582614117,0.0033625004691397,"EOD_vs_CN",151,"study_4"
"IGFBP2",0.364002441215769,0.0350376985552042,107.928824955948,2.53406778633506e-19,8.05109536687024e-18,"EOD_vs_CN",151,"study_4"
"PRELP",0.0917992693263958,0.0412885958366145,4.94331427656687,0.0277220449458914,0.0422286492874401,"EOD_vs_CN",151,"study_4"
"C1QB",0.17665897729315,0.0292691478506927,36.4293369645799,1.2032446994186e-08,4.91914744762308e-08,"EOD_vs_CN",151,"study_4"
"GDA",0.529521316199988,0.0604309669899452,76.7799469609758,6.55086937484198e-15,8.27791675548214e-14,"EOD_vs_CN",151,"study_4"
"NTM",-0.276458803688671,0.0324822059576001,72.4385614817835,3.2051525020007e-14,3.56412958222477e-13,"EOD_vs_CN",151,"study_4"
"NECTIN1",-0.055861214362622,0.0373070432413808,2.24201794360567,0.136593297481414,0.177859188289617,"EOD_vs_CN",151,"study_4"
"ALCAM",-0.0783185516236156,0.0247793504675807,9.98963127124088,0.00192652853398336,0.00356778164406377,"EOD_vs_CN",151,"study_4"
"APOC3",-0.4077728297092,0.104618274527829,15.1922278089559,0.000147569035663233,0.000334209302764796,"EOD_vs_CN",151,"study_4"
"WFIKKN2",0.332174841403862,0.0611661043774461,29.4925164047844,2.28162122220685e-07,7.92863374716881e-07,"EOD_vs_CN",151,"study_4"
"TGFBI",0.354287893467934,0.0349671023735787,102.658126501575,1.36458734440963e-18,3.52888634182212e-17,"EOD_vs_CN",151,"study_4"
"DNER",-0.197692840549666,0.0328501484775682,36.2165610596619,1.32124609154159e-08,5.36213742260675e-08,"EOD_vs_CN",151,"study_4"
"CDH2",-0.11034057324097,0.0268920950526335,16.8353130511153,6.96224825996378e-05,0.000165782014241536,"EOD_vs_CN",151,"study_4"
"C1S",0.189630637859642,0.0226992242318825,69.7902865921164,4.54764947698963e-14,4.90969535768201e-13,"EOD_vs_CN",151,"study_4"
"CHGB",-0.594926557174867,0.0442516886260698,180.745301400175,1.14586886589959e-25,1.41578464320039e-23,"EOD_vs_CN",151,"study_4"
"ALDOC",0.00982856973364488,0.0339249109321883,0.0839350231248274,0.772468345288048,0.806558497615314,"EOD_vs_CN",151,"study_4"
"LYNX1",-0.147143892476952,0.0473438435897248,9.65956245688773,0.00226270692633522,0.00412480344604061,"EOD_vs_CN",151,"study_4"
"ICAM5",0.00248279361231241,0.0609456064643626,0.00165957327554976,0.967570717249479,0.974471487514227,"EOD_vs_CN",151,"study_4"
"HPX",0.339183483770082,0.0671853280895136,25.4871050169779,1.31955928081375e-06,4.02013676784902e-06,"EOD_vs_CN",151,"study_4"
"LAMB1",0.0274512907218849,0.0252317281387139,1.18367246508307,0.278441806804286,0.333290946357768,"EOD_vs_CN",151,"study_4"
"MOG",-0.300027575039461,0.0365727538607426,67.2987530445298,1.46134656441847e-13,1.41305859098552e-12,"EOD_vs_CN",151,"study_4"
"STC2",-0.146712729107652,0.0399148719004556,13.5103348161121,0.000330475749429294,0.00070265589553609,"EOD_vs_CN",151,"study_4"
"CHGA",-0.342073802951155,0.0706956850373022,23.4128249192181,3.38128765083941e-06,9.64603022168684e-06,"EOD_vs_CN",151,"study_4"
"HYOU1",-0.0377438139438979,0.0269607842639324,1.95986665037215,0.164047372293299,0.209920227836764,"EOD_vs_CN",151,"study_4"
"IGHG2",-0.069982923134015,0.0959510856256262,0.531966607404199,0.466926405891668,0.527664800153999,"EOD_vs_CN",151,"study_4"
"ITIH5",-0.0797371880167272,0.0304368709950088,6.86312366963444,0.00972250549476143,0.0162577836243229,"EOD_vs_CN",151,"study_4"
"GPI",0.4836142593815,0.0488773093505141,97.9002079614705,9.48047671795745e-18,2.06711570791543e-16,"EOD_vs_CN",146,"study_4"
"APCS",0.405889797971041,0.114641385361113,12.535262121828,0.000536427681310169,0.00109854066596116,"EOD_vs_CN",151,"study_4"
"MST1",0.549801413418183,0.0915970037889344,36.0287478147174,1.52083299977041e-08,6.10529348644293e-08,"EOD_vs_CN",146,"study_4"
"GPR158",-0.498680112560572,0.0690259266658177,52.1938828262429,1.66855126198007e-10,9.09524021236196e-10,"EOD_vs_CN",91,"study_4"
"HP",0.904454003480689,0.178892494526701,25.5616409857782,1.27293950262165e-06,3.89947307690157e-06,"EOD_vs_CN",151,"study_4"
"COL18A1",0.459969282838577,0.0423961045071384,117.707938072663,1.5470838756891e-20,6.14413310630815e-19,"EOD_vs_CN",151,"study_4"
"RTN4R",-0.464953956956062,0.0498999086086629,86.8201227955566,1.99479559353853e-16,3.21480101451427e-15,"EOD_vs_CN",151,"study_4"
"GRIA4",-0.241455932937734,0.0510098499238122,22.4061722682839,5.18356674110089e-06,1.43030427198615e-05,"EOD_vs_CN",151,"study_4"
"MEGF8",-0.290808145548819,0.0371187367343965,61.3799823348693,8.33720613311066e-13,7.13151786155312e-12,"EOD_vs_CN",151,"study_4"
"SERPIND1",-0.117681149061243,0.0510763015532148,5.30853782045083,0.0226705697655316,0.0352582847262533,"EOD_vs_CN",151,"study_4"
"COCH",0.0433645186582776,0.0576588502001031,0.565636081363727,0.453197195763352,0.514765354125483,"EOD_vs_CN",151,"study_4"
"CBLN1",-0.510075739071748,0.0601291999270521,71.9612145355749,4.98190497773243e-14,5.32680609157545e-13,"EOD_vs_CN",151,"study_4"
"CD59",-0.0747898112000449,0.0282032525844515,7.03212334856111,0.00887330657846085,0.0149501771443159,"EOD_vs_CN",151,"study_4"
"KRT10",-0.265198561987308,0.283920406687009,0.872467207951416,0.351802047498245,0.409637567348742,"EOD_vs_CN",151,"study_4"
"ATP6AP1",-0.425398919615695,0.0330080441625063,166.093708417741,1.07421844123134e-25,1.41578464320039e-23,"EOD_vs_CN",151,"study_4"
"SERPINI1",-0.252700538132325,0.0339614714940672,55.3655138592123,7.38362623009962e-12,5.36640024043842e-11,"EOD_vs_CN",151,"study_4"
"TGFBR3",0.00462048078390964,0.0221689707575488,0.0434393457635354,0.83518710885087,0.859933393557563,"EOD_vs_CN",151,"study_4"
"PTPRG",-0.185580496885828,0.0316984482310345,34.2758838052718,3.26809551048567e-08,1.24883924661858e-07,"EOD_vs_CN",151,"study_4"
"CLSTN2",-0.184741716605003,0.0304539281652624,36.7996180855402,1.21823186098037e-08,4.96217519930467e-08,"EOD_vs_CN",145,"study_4"
"ART3",-0.0521382781229125,0.0336770134292281,2.39687965246035,0.12370262211761,0.162405331516862,"EOD_vs_CN",151,"study_4"
"KRT1",-0.110302294475348,0.235255722015043,0.219830882042233,0.639868901362548,0.690809920694324,"EOD_vs_CN",151,"study_4"
"L1CAM",-0.0910965423813632,0.0292392616717543,9.70668604459545,0.00221231179678709,0.00405286773974834,"EOD_vs_CN",151,"study_4"
"NRXN2",-0.37460335092811,0.0399308575585781,88.0087882398752,2.84436975610574e-16,4.51848452684225e-15,"EOD_vs_CN",151,"study_4"
"B2M",0.0892909426826876,0.0289210756185307,9.5320417102227,0.00241034219491896,0.0043582122288616,"EOD_vs_CN",151,"study_4"
"C3",0.190077545696004,0.0508670331412958,13.9633240120781,0.000268492418863288,0.000581995262721202,"EOD_vs_CN",151,"study_4"
"APLP1",-0.266660814822218,0.0399798361709419,44.4873342964433,5.91636853687811e-10,2.95022502825492e-09,"EOD_vs_CN",151,"study_4"
"LUM",0.181576668666077,0.0519318440861848,12.225105025418,0.000621875267696488,0.00126652984922801,"EOD_vs_CN",151,"study_4"
"BCAN",-0.160657804066753,0.0337997977054178,22.5930805727861,4.7877780738681e-06,1.33100230453533e-05,"EOD_vs_CN",151,"study_4"
"CARTPT",-0.025549025746253,0.0614312696137008,0.172969570001301,0.678132000672309,0.722994040985243,"EOD_vs_CN",151,"study_4"
"B3GNT2",-0.100630428709035,0.0324514259325672,9.61592520038599,0.00234940653843613,0.00425495125527847,"EOD_vs_CN",151,"study_4"
"NBL1",-0.0579568751107971,0.0275134954193712,4.43729585480484,0.0368397591663548,0.0549876673731363,"EOD_vs_CN",151,"study_4"
"PKM",0.348891418253505,0.0446156209194608,61.1514404307544,1.81404508500957e-12,1.49423565520788e-11,"EOD_vs_CN",151,"study_4"
"RBP4",0.337297300674001,0.0621196360264825,29.4827456926212,2.427372657933e-07,8.30534890960462e-07,"EOD_vs_CN",151,"study_4"
"LRG1",0.579114686179247,0.0857282282035353,45.6332564084374,3.33266848758798e-10,1.74807894254615e-09,"EOD_vs_CN",151,"study_4"
"SOD1",0.575463446932217,0.0441282246111921,170.060156881603,2.93513272484393e-25,2.9671523545695e-23,"EOD_vs_CN",151,"study_4"
"AGRN",0.161131343326467,0.0254688381504652,40.0259628900145,2.87961556577815e-09,1.30699286087564e-08,"EOD_vs_CN",151,"study_4"
"SPOCK3",-0.066982110227956,0.0248938997348334,7.23988685602555,0.00796932812012963,0.0134679222942008,"EOD_vs_CN",151,"study_4"
"COL1A1",0.158855814018827,0.0391073656895631,16.5001960284388,7.84785813737494e-05,0.000184182893078221,"EOD_vs_CN",151,"study_4"
"COL6A3",0.21590051520954,0.0319518429036225,45.6578579822649,3.35294850650475e-10,1.75045950198746e-09,"EOD_vs_CN",151,"study_4"
"DDR1",0.0957332707066403,0.0440231432221671,4.7289388500397,0.0312414033506424,0.047330300444025,"EOD_vs_CN",151,"study_4"
"PTPRD",-0.157067902125849,0.0255966466389649,37.653793812813,7.33447751833488e-09,3.07771283033524e-08,"EOD_vs_CN",151,"study_4"
"GASK1B",-0.114964291397475,0.040436424694062,8.08314622400855,0.00526246640144009,0.0091578445045405,"EOD_vs_CN",136,"study_4"
"TPP1",0.0536596407137981,0.0505884150523286,1.12510582921875,0.290661133058915,0.346425701995192,"EOD_vs_CN",151,"study_4"
"VSTM2A",-0.0820391802207485,0.0624618597374553,1.72509415035116,0.191196564503914,0.240237943195878,"EOD_vs_CN",151,"study_4"
"CLIC4",0.136356004492076,0.0519049699972377,6.9012958485615,0.00960819384713575,0.0161151003891628,"EOD_vs_CN",140,"study_4"
"AEBP1",0.254273886561897,0.0397510281226864,40.9172832967414,1.96452468036867e-09,9.02707208499983e-09,"EOD_vs_CN",151,"study_4"
"FGA",0.405959510443873,0.0941590754473983,18.5883597591836,3.02213434149944e-05,7.60319770983569e-05,"EOD_vs_CN",151,"study_4"
"HBB",0.958631377830472,0.371522600318442,6.65783158095674,0.0108645798596338,0.0179515792034365,"EOD_vs_CN",150,"study_4"
"SCG5",-0.318646932654843,0.0327086248035636,94.9062720070305,2.29950493090474e-17,4.48605172485275e-16,"EOD_vs_CN",151,"study_4"
"ZP2",-0.725713341169964,0.0689239517306252,110.863829177184,1.03102403815948e-19,3.82166243477781e-18,"EOD_vs_CN",151,"study_4"
"SLITRK1",-0.285089459035666,0.0582822432029349,23.9270855381168,2.74406101559085e-06,8.0299890772027e-06,"EOD_vs_CN",151,"study_4"
"CAMK2A",0.213545585578837,0.11096386098761,3.7035488466804,0.0578100015932769,0.0822055265623068,"EOD_vs_CN",101,"study_4"
"CTSL",-0.0442576647532773,0.033378451634325,1.75810421893874,0.186905780210594,0.235112248409706,"EOD_vs_CN",151,"study_4"
"KLK6",-0.157846679644774,0.0244529470983504,41.6685593106894,1.5638436696444e-09,7.37475203712458e-09,"EOD_vs_CN",151,"study_4"
"PCOLCE",0.0967401505540142,0.0264931966456586,13.3335192350725,0.000360426840944165,0.000756216315339455,"EOD_vs_CN",151,"study_4"
"C16orf89",-0.0605815572213189,0.0426441960632777,2.01818513074963,0.157582894055008,0.202580552819848,"EOD_vs_CN",151,"study_4"
"NRCAM",-0.271865935056718,0.042824587874213,40.3016848825275,3.21818668858503e-09,1.442993386172e-08,"EOD_vs_CN",151,"study_4"
"PLXDC2",0.17649735930951,0.036211649782978,23.756354703313,2.77164874017294e-06,8.06825497139347e-06,"EOD_vs_CN",151,"study_4"
"CACNA2D1",-0.368208991503868,0.0508003151968884,52.5358744381357,2.77014883590662e-11,1.83357470567152e-10,"EOD_vs_CN",151,"study_4"
"TAGLN",0.259784334021436,0.0685338832746872,14.3686258024775,0.000217879331694873,0.000477873406005323,"EOD_vs_CN",151,"study_4"
"PRNP",-0.188142526320828,0.0370139671649088,25.8370349018524,1.20471845554154e-06,3.71093330349639e-06,"EOD_vs_CN",151,"study_4"
"C1RL",0.251047767976317,0.0439555513784294,32.6200982326378,5.98347896050372e-08,2.1886936197632e-07,"EOD_vs_CN",151,"study_4"
"SERPINA7",0.154224807134598,0.0765455292132553,4.05946509637043,0.0457746948142587,0.0670638480019178,"EOD_vs_CN",151,"study_4"
"C1QTNF3",-0.14741879833596,0.085364449200094,2.98230219837109,0.0885526703890015,0.12082278462892,"EOD_vs_CN",96,"study_4"
"CNTN2",-0.144465567185568,0.0371009724244123,15.1620564268915,0.000148516657093203,0.000335671794080573,"EOD_vs_CN",151,"study_4"
"SERPINA1",0.365070568449292,0.0730639599817332,24.9659002272701,1.63790370624338e-06,4.93683074785177e-06,"EOD_vs_CN",151,"study_4"
"F5",0.155259214675603,0.0641924683131124,5.84987544780263,0.0167842135010947,0.0268161572028984,"EOD_vs_CN",151,"study_4"
"SLC5A5",0.00606219486973725,0.0916336752118868,0.00437672817206892,0.947359421825309,0.955956149791056,"EOD_vs_CN",133,"study_4"
"NCAM1",-0.168226663804681,0.0310993132893605,29.2609259982249,2.80025890537022e-07,9.3791804300352e-07,"EOD_vs_CN",151,"study_4"
"AJAP1",-0.156350348580808,0.0548945897476977,8.11219945558119,0.00562894801301951,0.00968945849919147,"EOD_vs_CN",95,"study_4"
"PTPRS",-0.222243501159927,0.030936374232176,51.6082716667142,3.80872525468966e-11,2.43408188690512e-10,"EOD_vs_CN",151,"study_4"
"RARRES2",0.197707040602445,0.0412006518709351,23.0269329234119,3.86365396449194e-06,1.09601612462118e-05,"EOD_vs_CN",151,"study_4"
"LAMC1",-0.0293871297934469,0.0248320368066538,1.40052109809124,0.238635645942936,0.291607514602796,"EOD_vs_CN",151,"study_4"
"APOA2",-0.0421962991868128,0.0926443947271863,0.207448562309503,0.649472104853498,0.698465164987514,"EOD_vs_CN",151,"study_4"
"A1BG",0.178389582790114,0.0739290693999454,5.82248663987605,0.0170906458806282,0.0271885525311281,"EOD_vs_CN",151,"study_4"
"MASP1",-0.0936014521363582,0.0465614588842691,4.04121553842357,0.0462064468172608,0.0673415057153264,"EOD_vs_CN",151,"study_4"
"OAF",0.0747006073036882,0.037383662805215,3.99286441896399,0.047531517507173,0.0688216763905942,"EOD_vs_CN",151,"study_4"
"DPP6",-0.0970291103974814,0.0421422292452637,5.30113774042201,0.0230572322796035,0.035759612684685,"EOD_vs_CN",151,"study_4"
"NID2",0.0887534038734987,0.0368690272950112,5.79490974761062,0.0173130666512461,0.0275030430231224,"EOD_vs_CN",151,"study_4"
"CPVL",-0.196055171761717,0.0645632399121795,9.22116884185339,0.00283042357168487,0.00507650163179608,"EOD_vs_CN",151,"study_4"
"SERPINC1",0.0620665323956313,0.0739499869154919,0.70443148991589,0.402759791914686,0.46315293547997,"EOD_vs_CN",151,"study_4"
"CHL1",-0.274714358764117,0.0506774538891634,29.3855040857217,2.54862492034989e-07,8.64046009582035e-07,"EOD_vs_CN",151,"study_4"
"CELSR2",-0.320893807906008,0.0429419209026764,55.8418423766273,7.22710128554828e-12,5.28719515100637e-11,"EOD_vs_CN",151,"study_4"
"FGB",0.339700918840997,0.0920815754996864,13.6096814563938,0.000321024537081284,0.000685180969739707,"EOD_vs_CN",151,"study_4"
"BTD",0.0229447651519745,0.0215320628528594,1.13552305432393,0.28843626638358,0.344142841436203,"EOD_vs_CN",151,"study_4"
"PI16",0.20878618420128,0.0431058797463343,23.4601339923798,3.18171431651805e-06,9.16597492219707e-06,"EOD_vs_CN",151,"study_4"
"CPQ",-0.0461615178131094,0.0378478202326637,1.48757344090055,0.224562931158191,0.277152030463827,"EOD_vs_CN",151,"study_4"
"GFRA2",-0.300181530417323,0.0553913782709301,29.3686235002058,2.35795036487303e-07,8.11777339238022e-07,"EOD_vs_CN",151,"study_4"
"SHISA5",0.221300884228045,0.0313798903156592,49.7351527278894,6.40840835616179e-11,3.85197302273076e-10,"EOD_vs_CN",151,"study_4"
"PGK1",0.3504687891783,0.0325491339998199,115.936402417833,1.4028530976187e-19,5.03216982113547e-18,"EOD_vs_CN",151,"study_4"
"SPP1",0.163843509056861,0.0445253187778723,13.5408025879919,0.000346078689976399,0.000730245736724393,"EOD_vs_CN",151,"study_4"
"VCAN",-0.108301617175311,0.0207302981356617,27.29347209352,5.80802768462383e-07,1.85058074077412e-06,"EOD_vs_CN",151,"study_4"
"ITM2B",0.0446473875125637,0.0376268132413256,1.4079824057914,0.237475140914384,0.290828586670479,"EOD_vs_CN",151,"study_4"
"PCDH8",-0.121936418092983,0.0642900048469214,3.59732726855435,0.0599677406808991,0.0850562852514794,"EOD_vs_CN",147,"study_4"
"ENO2",0.20679980337327,0.0443948699451117,21.6987475368155,8.19704491050538e-06,2.18587864280143e-05,"EOD_vs_CN",127,"study_4"
"CTSA",-0.0238766548148357,0.0591069311130262,0.163181206498639,0.686845706203414,0.731582782852679,"EOD_vs_CN",151,"study_4"
"SEZ6L",-0.204553990423487,0.0413581452080273,24.4621038085579,2.14452339460477e-06,6.35922670613469e-06,"EOD_vs_CN",151,"study_4"
"POMGNT1",-0.233180548621013,0.0275606215327797,71.5824609245704,3.54401739937963e-14,3.90192806743579e-13,"EOD_vs_CN",151,"study_4"
"CTSF",0.107438803490872,0.0304227981231806,12.471652887382,0.000550266605484642,0.00112480967885831,"EOD_vs_CN",151,"study_4"
"AZGP1",0.380682242463372,0.0618493963586595,37.8838673422209,8.56076175214753e-09,3.5520772643239e-08,"EOD_vs_CN",151,"study_4"
"ECRG4",-0.0144171620655804,0.0957423225942482,0.0226752269995441,0.880508522160522,0.900759408134775,"EOD_vs_CN",151,"study_4"
"SELENOP",0.0321476210481881,0.0277990560643563,1.33732690408871,0.24939398826856,0.303420257061968,"EOD_vs_CN",151,"study_4"
"SIAE",0.029669899114106,0.0547896890899939,0.293247600519085,0.588970414290556,0.644621162097538,"EOD_vs_CN",151,"study_4"
"GSN",0.131465093875278,0.0332903557636032,15.5949518802923,0.000122394974737642,0.000280047761128103,"EOD_vs_CN",151,"study_4"
"RNASE4",0.310097373971123,0.0407699002911246,57.8518002895377,3.7288994690817e-12,2.9200959222668e-11,"EOD_vs_CN",151,"study_4"
"C2",0.42757052528885,0.0499955576438779,73.1396175500745,1.5123313581717e-14,1.77022365293362e-13,"EOD_vs_CN",151,"study_4"
"RNASE1",-0.163960171326472,0.0324386457494445,25.5476699555199,1.29132023541301e-06,3.94491236752546e-06,"EOD_vs_CN",151,"study_4"
"CDH13",-0.0543642150631634,0.0484829954450631,1.25732443379145,0.264059508694137,0.318475242589892,"EOD_vs_CN",151,"study_4"
"A2M",0.117602063622112,0.0313686009915184,14.0552826980614,0.000273785132730118,0.000590017572860254,"EOD_vs_CN",151,"study_4"
"PODXL2",-0.252045188957137,0.0357737640159876,49.6395171539918,9.4739484494438e-11,5.51572286690131e-10,"EOD_vs_CN",144,"study_4"
"COL1A2",0.14839976498296,0.0380743231390829,15.1915484617058,0.000146401530206049,0.000332241839977808,"EOD_vs_CN",151,"study_4"
"GOT1",0.202859286554688,0.042710232326671,22.5593155951196,5.26287451636484e-06,1.4485931837123e-05,"EOD_vs_CN",151,"study_4"
"SCG3",-0.386835697057489,0.0466626825746288,68.7248314249417,7.34190691645184e-14,7.6300939169107e-13,"EOD_vs_CN",151,"study_4"
"PEBP1",0.116512810613994,0.0295664720508641,15.5291735892131,0.000128737678493502,0.000293353070665521,"EOD_vs_CN",151,"study_4"
"MAN1B1",-0.277685690566223,0.0449122828931073,38.2275741778285,1.18156675964963e-08,4.84834773701251e-08,"EOD_vs_CN",137,"study_4"
"RELN",-0.520526667810024,0.0543692778125233,91.6597862396461,3.23201878630012e-17,5.99000815060956e-16,"EOD_vs_CN",151,"study_4"
"PPIC",-0.00472273156283176,0.0387455561027359,0.0148573969041801,0.903153342190401,0.916338062514349,"EOD_vs_CN",151,"study_4"
"CDH6",-0.108366705232593,0.0319681363987741,11.4909808146915,0.000901957932905622,0.00179836463992551,"EOD_vs_CN",151,"study_4"
"SEZ6",-0.303968433727952,0.0288322668587034,111.147421875037,4.95152921288104e-19,1.41182063710864e-17,"EOD_vs_CN",151,"study_4"
"GOLM1",0.00630687407384301,0.0220982061366171,0.0814543492878383,0.775743813004992,0.808460281219823,"EOD_vs_CN",151,"study_4"
"APP",0.228841280614239,0.0468379619039726,23.8711180687746,2.67806684893506e-06,7.878334222264e-06,"EOD_vs_CN",151,"study_4"
"ACTB",0.18394127187786,0.052708142336241,12.1787565779766,0.000666204219042999,0.00134985195447606,"EOD_vs_CN",129,"study_4"
"LDHB",0.0213186539644425,0.0302561515773234,0.496469057541578,0.482222379484768,0.542744216586095,"EOD_vs_CN",151,"study_4"
"EFEMP1",-0.0301495726799565,0.0240823130824935,1.5673497751904,0.21256928264222,0.264403850445356,"EOD_vs_CN",151,"study_4"
"PLD3",0.107441388760473,0.0427484734979273,6.3168709449488,0.0130711561110586,0.0212501836191479,"EOD_vs_CN",151,"study_4"
"C8B",0.102625526301219,0.0842186409286654,1.48489018705444,0.224973908302135,0.277351425756069,"EOD_vs_CN",151,"study_4"
"GPX3",0.148810626952343,0.0331098122806174,20.200143556265,1.44016809515808e-05,3.75050801362011e-05,"EOD_vs_CN",151,"study_4"
"CBLN3",-0.596756001543937,0.0673220426707133,78.5740287107222,2.94898286689666e-15,3.95092644336035e-14,"EOD_vs_CN",151,"study_4"
"LTBP2",0.315441100039502,0.0477227758490126,43.6903137260406,7.58145658905921e-10,3.69762268729554e-09,"EOD_vs_CN",151,"study_4"
"IGFBP5",0.186866801936572,0.0391758913723856,22.7523642874908,4.37541691071275e-06,1.22555758305103e-05,"EOD_vs_CN",151,"study_4"
"OPCML",-0.284316761281699,0.0482324316308223,34.7477438969183,3.04138765563219e-08,1.17025019829169e-07,"EOD_vs_CN",151,"study_4"
"FSTL1",0.0423251097144259,0.0373205858701055,1.28617267737473,0.258633302250957,0.313290013184166,"EOD_vs_CN",151,"study_4"
"EPHA4",-0.315554304684522,0.0486122976047164,42.1362538837051,1.58255390295302e-09,7.42531620288503e-09,"EOD_vs_CN",151,"study_4"
"IGLON5",-0.309983562583843,0.0474060677073412,42.7572205073367,1.61168026929514e-09,7.5302036111605e-09,"EOD_vs_CN",143,"study_4"
"ROBO1",-0.238547288852155,0.031193632745634,58.4813057256323,2.42329487869065e-12,1.93863590295252e-11,"EOD_vs_CN",151,"study_4"
"CA1",0.996418742300127,0.294659859563914,11.4351488118198,0.000982900857507073,0.00192766446833839,"EOD_vs_CN",134,"study_4"
"GAPDH",-0.181524293462189,0.0768960765853516,5.57264203783494,0.019576429824005,0.030790650585988,"EOD_vs_CN",151,"study_4"
"BASP1",0.407647580300306,0.0580214295444605,49.3620159383591,9.64555224747574e-11,5.5612399962974e-10,"EOD_vs_CN",151,"study_4"
"THY1",-0.223256795737258,0.0462214269790349,23.3304263975631,3.38305016767794e-06,9.64603022168684e-06,"EOD_vs_CN",151,"study_4"
"LTBP1",0.148619109344234,0.0319785297271285,21.5989343228803,7.36780571214615e-06,1.98377722806453e-05,"EOD_vs_CN",151,"study_4"
"HSPA5",-0.172616356542349,0.0165157696461661,109.236117863463,1.71705857676632e-19,5.96677855426297e-18,"EOD_vs_CN",151,"study_4"
"TGOLN2",-0.177112651486445,0.0332461189332265,28.380318247138,4.10372583722391e-07,1.34611891769705e-06,"EOD_vs_CN",151,"study_4"
"PRRT3",-0.286136571332084,0.045019407640955,40.3968205476308,2.67473403040136e-09,1.21897714828127e-08,"EOD_vs_CN",151,"study_4"
"ANG",0.286982976972336,0.0552119751745493,27.0175338742985,6.80151293898417e-07,2.14865976936091e-06,"EOD_vs_CN",151,"study_4"
"PLG",0.260400996750439,0.07232075603184,12.9646073891593,0.000437690695650713,0.000908044876051479,"EOD_vs_CN",151,"study_4"
"BPNT2",-0.446446978184529,0.0387142824640975,132.983373756092,8.28270282228606e-22,4.38588835161052e-20,"EOD_vs_CN",151,"study_4"
"MAN1A1",-0.233689794901606,0.0211622289681957,121.942944309027,4.72143904291576e-21,2.10009608628893e-19,"EOD_vs_CN",151,"study_4"
"ISLR",0.0533260311980852,0.0300741797220072,3.14406085457994,0.0782891311263235,0.108280489816507,"EOD_vs_CN",151,"study_4"
"SERPINA6",0.130484919285911,0.0692796974825662,3.54738787507398,0.0616434553728084,0.0869971661594911,"EOD_vs_CN",151,"study_4"
"HRG",0.313064755766813,0.0824634842799283,14.4126883209847,0.000215993570209951,0.000474673616745979,"EOD_vs_CN",151,"study_4"
"F2",0.118361798525685,0.0686485525186523,2.97276338088052,0.0869080314862396,0.119016910114161,"EOD_vs_CN",151,"study_4"
"APOC1",-0.167713432626211,0.0905714321197319,3.42888741725002,0.0661777855074282,0.092682238645164,"EOD_vs_CN",151,"study_4"
"PAM",-0.385199532106896,0.0370352865460824,108.178282855339,2.48170595299392e-19,8.05109536687024e-18,"EOD_vs_CN",151,"study_4"
"SIRPA",-0.221290204098549,0.0738258593533101,8.98477812228614,0.00319534646381832,0.00569427126244547,"EOD_vs_CN",151,"study_4"
"PFN1",0.245490358307904,0.0415272707685741,34.9463723818885,2.3417532171819e-08,9.13694588598693e-08,"EOD_vs_CN",151,"study_4"
"SEMA4B",0.000528443409790746,0.0359982032708587,0.000215494069396413,0.988309054846432,0.988309054846432,"EOD_vs_CN",151,"study_4"
"PTPRN2",-0.350661163769539,0.0540419177842895,42.1030768470503,1.56514521651205e-09,7.37475203712458e-09,"EOD_vs_CN",151,"study_4"
"SHISA6",-0.430533759834693,0.0620052098350241,48.2123233469574,1.10184831159195e-09,5.30413559519588e-09,"EOD_vs_CN",103,"study_4"
"AGT",-0.0574039249623528,0.0295602836341179,3.7710820559715,0.0540941206987649,0.0777166178514555,"EOD_vs_CN",151,"study_4"
"CLSTN1",-0.350238672844908,0.0357093732500987,96.1974902342378,2.43622323073317e-17,4.67082798719876e-16,"EOD_vs_CN",151,"study_4"
"QDPR",-0.161227697919717,0.0431885719645315,13.9361116608395,0.000269619564935832,0.000583301471223046,"EOD_vs_CN",151,"study_4"
"FRZB",0.18670133338059,0.0403362316858889,21.4241792577231,8.03050509577299e-06,2.14661578521624e-05,"EOD_vs_CN",151,"study_4"
"CALM1",0.40269099742128,0.0406338410212594,98.2127987035614,9.10498560891927e-18,2.02494879942365e-16,"EOD_vs_CN",151,"study_4"
"SEMA7A",-0.161636771581506,0.0493139176622685,10.7433895599431,0.00130423765195894,0.00251790324475406,"EOD_vs_CN",151,"study_4"
"IGF2",0.26295844483271,0.0427241334843375,37.8815480760961,6.66244564390399e-09,2.80630286212925e-08,"EOD_vs_CN",151,"study_4"
"MMRN2",-0.0401464587077189,0.0395129002233568,1.03232553360581,0.311506401764572,0.368897890055596,"EOD_vs_CN",151,"study_4"
"FUCA2",-0.147953334431181,0.100278659809162,2.17686989029114,0.1422143928593,0.184627802461613,"EOD_vs_CN",151,"study_4"
"HTRA1",0.0530966813410805,0.0277422508246785,3.66312186621173,0.0575729465471295,0.0819732606407273,"EOD_vs_CN",151,"study_4"
"TMEM132A",-0.112862355313015,0.0398675163579141,8.01419409507015,0.00528474119090351,0.00917210808368471,"EOD_vs_CN",151,"study_4"
"LYZ",0.514925920131773,0.0621664990653652,68.608304413827,6.54154992752871e-14,6.86245615038861e-13,"EOD_vs_CN",151,"study_4"
"KNG1",0.203379104564714,0.0727443417778138,7.81653406108523,0.00589386493798635,0.0100985790616962,"EOD_vs_CN",151,"study_4"
"MCFD2",-0.124734307282557,0.0551427018410874,5.11676835281087,0.0257896722244904,0.0394472015318202,"EOD_vs_CN",107,"study_4"
"PPIA",0.421068809100476,0.0278565947793282,228.480999862103,1.62830748953819e-31,4.52669482091617e-29,"EOD_vs_CN",151,"study_4"
"CALB1",-0.0894937007761554,0.0478989125538545,3.49086961092259,0.0637650879343958,0.0897554149152508,"EOD_vs_CN",151,"study_4"
"GPR37",-0.134687141245815,0.039847459290801,11.4248629445707,0.000952411527077829,0.00187780428743005,"EOD_vs_CN",146,"study_4"
"SHISA7",-0.190358387127663,0.045791131148848,17.2814941780771,5.49127934803863e-05,0.000133617125492756,"EOD_vs_CN",151,"study_4"
"MAPT",1.13943336811658,0.0946244655396283,145.000996893188,2.45713539749036e-19,8.05109536687024e-18,"EOD_vs_CN",93,"study_4"
"ATP6AP2",-0.658349637355696,0.0660673136366808,99.2978635982329,4.47523835771672e-18,1.0588223518683e-16,"EOD_vs_CN",146,"study_4"
"C7",0.131405345900998,0.0438129647404512,8.99540628590605,0.00317367470189529,0.00566472916293349,"EOD_vs_CN",151,"study_4"
"CANX",-0.0542593381619803,0.0253613631262747,4.57724121086248,0.0340483505439474,0.0511645483849587,"EOD_vs_CN",151,"study_4"
"VGF",-0.924384113613256,0.0755369184538003,149.756754252267,1.98111660654441e-23,1.22388981470966e-21,"EOD_vs_CN",151,"study_4"
"ENPP2",0.0675804499129065,0.0534457367891103,1.59888055360252,0.20804617380354,0.259358010391857,"EOD_vs_CN",151,"study_4"
"MGP",0.477697731196364,0.09599158959935,24.7650945352535,1.8017950063479e-06,5.38601087919048e-06,"EOD_vs_CN",151,"study_4"
"MRC1",-0.310834514128993,0.0463316846291509,45.0093030445107,3.98607675884456e-10,2.04263472619132e-09,"EOD_vs_CN",151,"study_4"
"SERPINA5",0.138127282286446,0.0573466803696156,5.8015276717916,0.0173568768504866,0.0275333053605436,"EOD_vs_CN",151,"study_4"
"IGKV4-1",0.471081203283084,0.0859930326749038,30.009932656901,1.80075286647356e-07,6.31683655368644e-07,"EOD_vs_CN",151,"study_4"
"LDHA",0.162605177504443,0.0359032545853063,20.5116738556771,1.25668194074906e-05,3.31931191950819e-05,"EOD_vs_CN",151,"study_4"
"PRCP",-0.0487373908383688,0.0433476240330823,1.26413645327672,0.262677985126978,0.317497738544783,"EOD_vs_CN",151,"study_4"
"FRRS1L",-0.367123253195138,0.0526298279741615,48.658630920794,1.11235217404604e-10,6.27886100273702e-10,"EOD_vs_CN",147,"study_4"
"F12",0.0687048339985949,0.0808674217628664,0.721817480296591,0.396922779833183,0.457861131923755,"EOD_vs_CN",151,"study_4"
"TPI1",-0.0438099015529172,0.0365856696948866,1.4339121221602,0.233121743860144,0.285811884423904,"EOD_vs_CN",151,"study_4"
"FGG",0.282819286084411,0.0934117365911512,9.1667450204468,0.00291521242000406,0.00522015492921821,"EOD_vs_CN",151,"study_4"
"OGN",-0.156306934887416,0.0408296331265635,14.6556653093398,0.000189712490910437,0.000419404154855678,"EOD_vs_CN",151,"study_4"
"LCAT",-0.503406752367074,0.0486777579545057,106.949052025118,3.70656275858836e-19,1.08465731251323e-17,"EOD_vs_CN",151,"study_4"
"LINGO1",-0.191616691101112,0.0522954391324074,13.4257650981749,0.000349696737192881,0.000736482522269856,"EOD_vs_CN",151,"study_4"
"LRP1",-0.0359308458324605,0.018670767726236,3.70348448367753,0.0562089512914441,0.0803397864217042,"EOD_vs_CN",151,"study_4"
"MEGF9",-0.123604325085211,0.0288498684231499,18.356068156794,3.27497988359424e-05,8.18376995630742e-05,"EOD_vs_CN",151,"study_4"
"CSF1",-0.0502402455490412,0.0194567396277081,6.66750534288477,0.0108319464739364,0.01792429237949,"EOD_vs_CN",151,"study_4"
"SEMA3G",-0.0938842210955046,0.0340962715597032,7.58178443480938,0.0066547137301818,0.0113323762143372,"EOD_vs_CN",151,"study_4"
"DKK3",-0.08100167395828,0.033519493469244,5.83973437936554,0.0169101945766807,0.0269400234516747,"EOD_vs_CN",151,"study_4"
"NCAM2",0.436353120419557,0.0384708508827933,128.650828714145,2.9544523373778e-21,1.46667567100381e-19,"EOD_vs_CN",151,"study_4"
"NPTX2",-0.939466713640651,0.0727435582386668,166.791422635194,7.51170726984184e-25,6.42539883389548e-23,"EOD_vs_CN",151,"study_4"
"SPOCK1",-0.300882425996901,0.0337661606731347,79.4017873990097,1.71525428353641e-15,2.38420345411561e-14,"EOD_vs_CN",151,"study_4"
"TF",-0.157609111967586,0.0438447294937042,12.9219439865999,0.000454770523038682,0.000939971787395937,"EOD_vs_CN",151,"study_4"
"QSOX2",-0.543388081535315,0.0437011965605218,154.608568963286,3.71489434298294e-24,2.75397500626469e-22,"EOD_vs_CN",151,"study_4"
"PIK3IP1",-0.274088022671375,0.0333060863754384,67.7224884128755,1.43547333911212e-13,1.4002160992041e-12,"EOD_vs_CN",151,"study_4"
"SMOC1",0.400451762914135,0.03217431872031,154.910801342054,8.68775747095125e-25,6.90056164835557e-23,"EOD_vs_CN",151,"study_4"
"LMAN2",-0.0453033144284429,0.0192759524387399,5.52367682050867,0.0200747833624129,0.031485414808185,"EOD_vs_CN",151,"study_4"
"CLSTN3",-0.274139855982424,0.0424872115854883,41.6320600763537,2.93297433716556e-09,1.32579978167809e-08,"EOD_vs_CN",146,"study_4"
"NEO1",-0.166770540966152,0.028134578274328,35.1364479909714,2.35253297275925e-08,9.14691141856044e-08,"EOD_vs_CN",151,"study_4"
"IGFBP4",0.120666645746585,0.0300847159240909,16.0872811195112,9.56575755018354e-05,0.000221145995754763,"EOD_vs_CN",151,"study_4"
"PRKCSH",-0.190144764837573,0.0260495366960985,53.2805547825586,2.50589805018681e-11,1.68882341321681e-10,"EOD_vs_CN",151,"study_4"
"BCHE",0.00570634869181585,0.045414715425581,0.0157878654977361,0.900181255454085,0.914817968766997,"EOD_vs_CN",151,"study_4"
"SPINT2",-0.0601704805744863,0.0446664818632316,1.81469426505669,0.180902360680203,0.227818148444378,"EOD_vs_CN",114,"study_4"
"TWSG1",0.0555810865973312,0.0286673081306514,3.75906847454103,0.0544790855697955,0.0781687008433711,"EOD_vs_CN",146,"study_4"
"HEXB",0.13768110766278,0.0421090798490187,10.6904798579804,0.0013375986043629,0.00256892858039991,"EOD_vs_CN",151,"study_4"
"SULF2",-0.297892263942951,0.0410850009593622,52.5716789649159,2.42569433138036e-11,1.66504450400923e-10,"EOD_vs_CN",151,"study_4"
"FETUB",0.0365378806464882,0.0786562086840354,0.215784719469695,0.64304112445864,0.692923004474076,"EOD_vs_CN",151,"study_4"
"MMP2",0.214131838558735,0.0324259598434173,43.6090685626039,6.63845045909957e-10,3.26635261527377e-09,"EOD_vs_CN",151,"study_4"
"MFGE8",-0.368335560539563,0.0380517506076699,93.6996600610887,1.71050722580385e-17,3.55190360423024e-16,"EOD_vs_CN",151,"study_4"
"SLC39A10",-0.20884494567091,0.0438335715649456,22.700437195689,4.59298446247694e-06,1.2832660106217e-05,"EOD_vs_CN",151,"study_4"
"KLKB1",0.204718346533221,0.0783541274634926,6.82636919588812,0.00996608750373741,0.0165902534493353,"EOD_vs_CN",151,"study_4"
"FGFR2",-0.0461050463419568,0.0261869692347923,3.09974843771438,0.0804994220087664,0.111199201582296,"EOD_vs_CN",151,"study_4"
"PTPRZ1",-0.0411958849079355,0.0231474488549285,3.16738901322884,0.0773464278769879,0.107243426183554,"EOD_vs_CN",151,"study_4"
"GNPTG",0.0513998343385182,0.0272239677985339,3.56468036340087,0.0611204576535861,0.0864706729144882,"EOD_vs_CN",151,"study_4"
"DYNLL2",0.199476176447242,0.0423010875763111,22.2371437426747,6.28893159115351e-06,1.71404213954968e-05,"EOD_vs_CN",148,"study_4"
"SDF4",-0.00780837818303404,0.0245072654774376,0.101515408834421,0.75046710804883,0.787531513931637,"EOD_vs_CN",151,"study_4"
"PTPRN",-0.376429024174898,0.0550417422900773,46.7715603376306,2.78574070843699e-10,1.46812496103409e-09,"EOD_vs_CN",151,"study_4"
"VSTM2B",-0.261686863020557,0.050514645015041,26.836707420579,7.47086408469632e-07,2.35342800628394e-06,"EOD_vs_CN",151,"study_4"
"PRDX1",0.0402703654018488,0.0269681786471193,2.22981025096566,0.137489436891395,0.178816671138282,"EOD_vs_CN",151,"study_4"
"APOA4",0.223177789581474,0.08050391235641,7.6854264382278,0.00634357828435866,0.0108191089757773,"EOD_vs_CN",151,"study_4"
"FBLN1",0.0106420099984774,0.0240353965938734,0.196040020891212,0.658580329391205,0.705531142854548,"EOD_vs_CN",151,"study_4"
"CADM3",-0.229081460126876,0.032131023115169,50.8312484043458,4.30972820362087e-11,2.72296463774228e-10,"EOD_vs_CN",151,"study_4"
"SERPING1",0.299500236641094,0.0341192380238179,77.0540894082908,3.77374417267134e-15,4.99571847620301e-14,"EOD_vs_CN",151,"study_4"
"APOE",-0.17495814010995,0.0367194554088662,22.7026128734357,4.63451763110696e-06,1.29162496385738e-05,"EOD_vs_CN",151,"study_4"
"SOD2",0.128063087979538,0.0404670777007131,10.0148454802278,0.00191428506146273,0.00355373119924299,"EOD_vs_CN",151,"study_4"
"PENK",-0.0822186614907814,0.0441387048554364,3.46977755304483,0.0647155564170425,0.090863255979484,"EOD_vs_CN",151,"study_4"
"CST3",-0.0562940325754866,0.0336774515183768,2.79412789422795,0.0967124164262158,0.130832368693372,"EOD_vs_CN",151,"study_4"
"CFD",0.511078278920968,0.052693533516642,94.0719621028765,1.72921671276211e-17,3.55190360423024e-16,"EOD_vs_CN",151,"study_4"
"CADM4",-0.10214750404816,0.0228735318138092,19.9429345231392,1.57001448451733e-05,4.07910305323193e-05,"EOD_vs_CN",151,"study_4"
"FN1",-0.131424393982655,0.0241740311234643,29.5565549599919,2.24536737432183e-07,7.82711134873315e-07,"EOD_vs_CN",151,"study_4"
"COLEC12",-0.000810576044077749,0.0246942320831544,0.00107744839326082,0.973860825980257,0.977957957204452,"EOD_vs_CN",151,"study_4"
"CFH",0.129688214151798,0.0389711106749489,11.0742788071657,0.00111608231837124,0.00216216644255891,"EOD_vs_CN",151,"study_4"
"CNTN1",-0.22948947605629,0.0218586258381548,110.224931224767,3.36299074913178e-19,1.03879047584293e-17,"EOD_vs_CN",151,"study_4"
"ORM1",0.549612711839758,0.0902154048591697,37.1152280017344,9.08674457749297e-09,3.74239258154525e-08,"EOD_vs_CN",151,"study_4"
"NPY",-0.641287478322534,0.0757089065472375,71.7482929184643,1.73573249635781e-13,1.66390908271542e-12,"EOD_vs_CN",107,"study_4"
"ECM2",-0.0362262624962106,0.0451468287587111,0.643861652829726,0.423637602668838,0.483716868343655,"EOD_vs_CN",151,"study_4"
"CD14",0.0484846387439317,0.0314410077377334,2.37801950889294,0.125176137869718,0.164146067583875,"EOD_vs_CN",151,"study_4"
"C4A",0.166439757858862,0.0854055114907674,3.79788976099283,0.0531962835693645,0.0765255722239759,"EOD_vs_CN",151,"study_4"
"ENDOD1",-0.00941074775075101,0.0296508838055542,0.100733280915498,0.751412712483333,0.787531513931637,"EOD_vs_CN",151,"study_4"
"APOA1",0.0334208978907427,0.088096721354005,0.143918536958763,0.704978839997532,0.748745434648764,"EOD_vs_CN",151,"study_4"
"OLFM1",-0.140095576147715,0.0276876757810795,25.602114861051,1.22911483393917e-06,3.77562346779105e-06,"EOD_vs_CN",151,"study_4"
"FGFR1",-0.293788030459449,0.0266374264749733,121.642032342649,1.15997817267807e-20,4.77739158525189e-19,"EOD_vs_CN",151,"study_4"
"HABP2",0.229723207423698,0.073977111157077,9.64306306122775,0.00228471880934558,0.00415811344679589,"EOD_vs_CN",151,"study_4"
"PTGDS",-0.149228405173908,0.0240189848231141,38.6005684027096,5.20935248740771e-09,2.26281248671772e-08,"EOD_vs_CN",151,"study_4"
"GLDN",0.0578018269069389,0.0508738127250919,1.29090581269965,0.257860459784811,0.312694472498047,"EOD_vs_CN",151,"study_4"
"GOLIM4",-0.210461872385755,0.0315673717594579,44.4498203360051,5.18743486164617e-10,2.61014821997762e-09,"EOD_vs_CN",151,"study_4"
"SOD3",0.231956984009575,0.0649637809067205,12.7488884307321,0.000482062448586868,0.000989028492303686,"EOD_vs_CN",151,"study_4"
"SERPINF1",0.0313377831906436,0.0367535056814478,0.727007687576725,0.395223476605778,0.456374357202103,"EOD_vs_CN",151,"study_4"
"C8A",0.112804958268187,0.0830494113766062,1.84494430831344,0.176438665986513,0.223716985834666,"EOD_vs_CN",151,"study_4"
"RNASE2",0.385519136290071,0.0691497799232649,31.0820944707689,2.29278518689437e-07,7.94260787484904e-07,"EOD_vs_CN",99,"study_4"
"ITIH1",0.314090924322933,0.0910383981697033,11.903140500976,0.000744198977389132,0.00149918344720419,"EOD_vs_CN",151,"study_4"
"TIMP2",0.177944102234873,0.037222370990231,22.853837233918,4.24094476283563e-06,1.19693669448559e-05,"EOD_vs_CN",151,"study_4"
"SORCS2",-0.139208660754728,0.041178659779021,11.4284700709703,0.000936285328800912,0.00185919515290467,"EOD_vs_CN",147,"study_4"
"ORM2",0.399647352087113,0.0905609824381551,19.4747382467823,1.95514962217228e-05,4.99799167782892e-05,"EOD_vs_CN",151,"study_4"
"CD163",0.15604074407973,0.0346969129087365,20.2252711723436,1.41265190522219e-05,3.68748572442976e-05,"EOD_vs_CN",151,"study_4"
"CADM2",-0.181776736202272,0.0414304969753147,19.2502474774717,2.32420798538416e-05,5.88728765318264e-05,"EOD_vs_CN",151,"study_4"
"SORCS3",-0.265406677265798,0.0365013370288295,52.8696145650148,2.45139721651224e-11,1.67207562724894e-10,"EOD_vs_CN",151,"study_4"
"TALDO1",0.194744944226734,0.0333679971527427,34.0621536754904,3.56487988761041e-08,1.35295100171426e-07,"EOD_vs_CN",151,"study_4"
"OMD",0.0531532043041771,0.0375633759124038,2.00230240349277,0.159239366650289,0.204237803592989,"EOD_vs_CN",151,"study_4"
"ENO1",0.146329387898483,0.0329769739193735,19.6898093170179,1.77285869847514e-05,4.55293042195001e-05,"EOD_vs_CN",151,"study_4"
"NRXN1",-0.367272813309928,0.0376875551857064,94.9689491637873,2.14970151449077e-17,4.26869300734595e-16,"EOD_vs_CN",151,"study_4"
"SERPINA3",0.331728176342578,0.0572841980925826,33.5347479612635,4.19736949961426e-08,1.57154036483874e-07,"EOD_vs_CN",151,"study_4"
"FCGBP",0.94110645007623,0.0846856207963163,123.497495099918,3.03359176556543e-21,1.46667567100381e-19,"EOD_vs_CN",151,"study_4"
"MAN2A2",-0.261277785535462,0.038798490510121,45.3497935641434,4.21006632946781e-10,2.13771404491699e-09,"EOD_vs_CN",151,"study_4"
"RNASE6",-0.0737312532647412,0.0310398108732762,5.64241595824981,0.0188367318335091,0.0297112706366839,"EOD_vs_CN",151,"study_4"
"MARCKS",-0.00569003203616347,0.0452164641672343,0.0158356621028446,0.900029689015802,0.914817968766997,"EOD_vs_CN",151,"study_4"
"ST6GAL2",-0.175530368290849,0.0394395450601335,19.8080049004293,1.73789676085431e-05,4.47347499553238e-05,"EOD_vs_CN",151,"study_4"
"NID1",0.161739066421346,0.0258807141646922,39.0550637797938,4.86437552547247e-09,2.12960062375015e-08,"EOD_vs_CN",151,"study_4"
"COTL1",0.0747530980197473,0.0325981840747275,5.25861742794144,0.0232456943462553,0.0360016881797157,"EOD_vs_CN",151,"study_4"
"TXN",0.144579341986688,0.0339000910105863,18.1890811018919,3.72749516372695e-05,9.23156931417453e-05,"EOD_vs_CN",151,"study_4"
"CUTA",-0.318689641980129,0.0351891270934846,82.0198383499147,7.48204515309507e-16,1.1093378946989e-14,"EOD_vs_CN",151,"study_4"
"NPTXR",-0.554355041564989,0.0545578123165933,103.243354819575,2.53535137423662e-18,6.26513495144692e-17,"EOD_vs_CN",151,"study_4"
"MDH1",0.342309558091182,0.0368658721788181,86.2162294651339,4.72607463279687e-16,7.19917122146592e-15,"EOD_vs_CN",151,"study_4"
"C8G",0.111135417743675,0.0802049705304727,1.92000520226071,0.168012568871931,0.214205482188718,"EOD_vs_CN",151,"study_4"
"PRG4",0.435097887762092,0.0827015819838751,27.6787399632104,4.94316329749305e-07,1.59327466284414e-06,"EOD_vs_CN",151,"study_4"
"ARMH4",-0.301884209983919,0.0414258835682087,53.1052228169191,2.24412751179007e-11,1.54998123795687e-10,"EOD_vs_CN",151,"study_4"
"GOT2",-0.0176112813270306,0.0379246998472738,0.215644112106036,0.643072428612632,0.692923004474076,"EOD_vs_CN",151,"study_4"
"PPIB",0.0466864171472263,0.0375967252496669,1.54198821682312,0.216437885117572,0.268315416110079,"EOD_vs_CN",151,"study_4"
"QSOX1",-0.0414329218589202,0.025443383687839,2.65180379327384,0.10561598946358,0.140821319284773,"EOD_vs_CN",151,"study_4"
"APOM",0.0379855212898752,0.106624032726411,0.126918804553573,0.722174978063894,0.764817691054333,"EOD_vs_CN",151,"study_4"
"FBLN2",0.100556364171249,0.0292902541763806,11.7861738655261,0.000773347829387864,0.00155508641280164,"EOD_vs_CN",151,"study_4"
"LY6H",-0.187111409196156,0.0594388092186917,9.90969615432666,0.00201402193914496,0.00370180561376727,"EOD_vs_CN",151,"study_4"
"WFDC2",-0.0923031681235233,0.0290274323797256,10.1115089615593,0.00179306960680745,0.00336238347853268,"EOD_vs_CN",151,"study_4"
"GPR37L1",-0.299074368346117,0.0372247134309514,64.5499131336279,2.98879999147816e-13,2.68027870203525e-12,"EOD_vs_CN",151,"study_4"
"TNXB",0.252868549848493,0.0394019745447254,41.1863839460921,1.87665645172827e-09,8.65932287604305e-09,"EOD_vs_CN",151,"study_4"
"APOH",0.131055803490975,0.0974078344855475,1.81019240270965,0.180701012615402,0.227818148444378,"EOD_vs_CN",151,"study_4"
"SERPINA4",0.0487955498192196,0.0758390609067658,0.41397540394615,0.521059934647029,0.579418647327496,"EOD_vs_CN",151,"study_4"
"NPC2",0.109837220053754,0.018968434714333,33.5301948130267,4.03059810319918e-08,1.51419766579645e-07,"EOD_vs_CN",151,"study_4"
"ADGRB1",-0.408306450981602,0.0562672815412992,52.6575460461976,2.83431793839628e-11,1.86494766124063e-10,"EOD_vs_CN",151,"study_4"
"IGKV3-20",0.834150530021186,0.101424142528129,67.640400548756,2.4655119806998e-13,2.26582588639519e-12,"EOD_vs_CN",138,"study_4"
"ITIH4",0.355223723114777,0.0759749382818319,21.8606570824687,6.54674195960176e-06,1.77994549121691e-05,"EOD_vs_CN",151,"study_4"
"BGLAP",0.142971754056759,0.0861843650681224,2.75196887581063,0.101450087237983,0.135918671094743,"EOD_vs_CN",94,"study_4"
"RTN4RL2",-0.216156103414956,0.0558038660651446,15.0039784014002,0.000163032841462723,0.000365509112311589,"EOD_vs_CN",151,"study_4"
"C4B",0.319322755927332,0.0998098724891403,10.235586577185,0.00171235251969262,0.00322188832808493,"EOD_vs_CN",151,"study_4"
"DAG1",-0.185070931686454,0.0213900265088256,74.8606815995339,8.02818075217148e-15,9.81026043562053e-14,"EOD_vs_CN",151,"study_4"
"CGREF1",-0.370924515421544,0.0503816218821098,54.2034322505926,1.7330593566314e-11,1.21205157520385e-10,"EOD_vs_CN",151,"study_4"
"DIPK1C",-0.309858402913499,0.0430520550189956,51.8010762427051,4.85165344090347e-11,3.0139880593769e-10,"EOD_vs_CN",132,"study_4"
"CFHR1",0.348832646184598,0.138163392097876,6.37453148474473,0.0127852745739404,0.0208463714460729,"EOD_vs_CN",146,"study_4"
"CLU",-0.054973462838138,0.0243635415899682,5.09126086689421,0.0255410564613372,0.0391279636339294,"EOD_vs_CN",151,"study_4"
"FSTL4",-0.353599112291498,0.0549415440725173,41.4210029817971,1.62646956726285e-09,7.56750694057023e-09,"EOD_vs_CN",151,"study_4"
"NTRK2",-0.0188001910662914,0.0417950049230659,0.202337213410985,0.653526479785096,0.700792136471578,"EOD_vs_CN",151,"study_4"
"NXPH4",-0.147772954022267,0.0564183496307764,6.86039551605942,0.00979918417476133,0.016361400604106,"EOD_vs_CN",151,"study_4"
"ADAM22",-0.311968938417534,0.0350993814870388,78.9993982436776,2.58028157632085e-15,3.499113552279e-14,"EOD_vs_CN",151,"study_4"
"CCN3",0.285088304317478,0.0411299758949216,48.0443023870892,1.1909603242819e-10,6.68862565960342e-10,"EOD_vs_CN",151,"study_4"
"CNTN4",-0.363942552796757,0.0388314963700993,87.8410303463133,3.19937220127037e-16,5.0108477293136e-15,"EOD_vs_CN",151,"study_4"
"SPOCK2",-0.141256016254763,0.0317139467002241,19.8387052052045,1.65067701457152e-05,4.26872753535704e-05,"EOD_vs_CN",151,"study_4"
"KRT9",0.28654470300299,0.258370055051081,1.2299866952779,0.26939962424062,0.3242125348004,"EOD_vs_CN",148,"study_4"
"TNR",-0.142914835671145,0.0306717371317905,21.710902728678,6.98693511278594e-06,1.89038244414062e-05,"EOD_vs_CN",151,"study_4"
"LRRC4B",-0.10969615461792,0.0370214781905521,8.77961146484986,0.00356329639471789,0.00632968944237427,"EOD_vs_CN",151,"study_4"
"CTSD",0.0302601967980536,0.0459057381946274,0.434519774251223,0.510826028525009,0.56917689751484,"EOD_vs_CN",151,"study_4"
"CTSZ",0.0471410674438681,0.0345564820532615,1.86097173619651,0.174570471574664,0.221854130732602,"EOD_vs_CN",151,"study_4"
"CANT1",-0.141877312027111,0.023810604683165,35.5046351632092,1.76660560702119e-08,6.96618948584242e-08,"EOD_vs_CN",151,"study_4"
"PCSK1N",-0.269826641056186,0.0398609445878761,45.822046547031,3.73208348312072e-10,1.92133186723622e-09,"EOD_vs_CN",151,"study_4"
"GM2A",-0.277823163351703,0.0325092605704119,73.0336020814927,1.48581277628767e-14,1.75768490131053e-13,"EOD_vs_CN",151,"study_4"
"C9",0.488286904358565,0.0982194546909399,24.7146871003778,1.83535129019136e-06,5.47161028067774e-06,"EOD_vs_CN",151,"study_4"
"CALR",-0.127921654689336,0.0232502799977563,30.271348098121,1.73330259600975e-07,6.11883329131061e-07,"EOD_vs_CN",151,"study_4"
"COL6A1",0.178539459787283,0.0347548564034928,26.3898812400138,8.64712964560334e-07,2.70101352975026e-06,"EOD_vs_CN",151,"study_4"
"CAMK2B",-0.2014393710453,0.0628122655628138,10.2848934589073,0.00185999536616399,0.00345872048022468,"EOD_vs_CN",95,"study_4"
"SPINK6",-0.544077371827187,0.0876292390247014,38.5498992527915,1.88254013086977e-08,7.39711881811727e-08,"EOD_vs_CN",102,"study_4"
"APOB",0.769936606241441,0.112584255254042,46.7686267696492,2.56398043192988e-10,1.35768868586001e-09,"EOD_vs_CN",151,"study_4"
"AFM",0.10462580170471,0.0812700389737002,1.65735926953143,0.200060087529295,0.250525695194342,"EOD_vs_CN",151,"study_4"
"PTPRF",-0.157698455043778,0.0337980029614571,21.7707202823543,7.4930940209084e-06,2.01263781431163e-05,"EOD_vs_CN",151,"study_4"
"LGALS3BP",0.238712905407626,0.033056954195646,52.1466153652443,2.58724531871047e-11,1.73314264723256e-10,"EOD_vs_CN",151,"study_4"
"ECM1",-0.0113162988649069,0.0356244625405176,0.100904881223126,0.751191758396654,0.787531513931637,"EOD_vs_CN",151,"study_4"
"SLITRK4",-0.431412602218189,0.0608998066201419,50.1826772837779,5.59247708086501e-11,3.41694204061642e-10,"EOD_vs_CN",151,"study_4"
"PCSK2",-0.484046931407988,0.0511532136542137,89.5424754328691,8.5469572400624e-17,1.41853976879842e-15,"EOD_vs_CN",151,"study_4"
"VSIG4",0.172614617337934,0.0556021253814204,9.63767671296984,0.00231680844070932,0.00420275854171088,"EOD_vs_CN",139,"study_4"
"SUSD5",-0.255388367171381,0.0385019849474255,43.9983087668896,6.02828967387774e-10,2.99261523096074e-09,"EOD_vs_CN",151,"study_4"
"B4GAT1",-0.283578706212195,0.0334759023442609,71.7600361822612,2.8636189657837e-14,3.24933090811375e-13,"EOD_vs_CN",151,"study_4"
"NEGR1",-0.289184113508959,0.0380751696295571,57.6853017083984,4.86455487132648e-12,3.63045974289600e-11,"EOD_vs_CN",151,"study_4"
"PEBP4",-0.117577550386573,0.0492587945976015,5.69745961527176,0.0182659298761535,0.0288518665089243,"EOD_vs_CN",151,"study_4"
"GMFB",0.205224582192461,0.0593785037572588,11.9453879973403,0.000794430027486452,0.00159459601185006,"EOD_vs_CN",151,"study_4"
"SCRG1",0.081958924448708,0.03814460274531,4.61664317034298,0.0332791204893287,0.0500762949717639,"EOD_vs_CN",151,"study_4"
"NUCB1",0.0439946722901876,0.0287607193026802,2.33991826299901,0.128218036765529,0.167542252506778,"EOD_vs_CN",151,"study_4"
"A4GALT",0.0203283741998908,0.0534927686883164,0.144415942683281,0.704950286528048,0.748745434648764,"EOD_vs_CN",81,"study_4"
"ABCA2",-0.197776542068373,0.0457039197420967,18.7258983675051,2.86922481326353e-05,7.23487073095022e-05,"EOD_vs_CN",147,"study_4"
"ABHD14B",0.209550697185234,0.0618943314015341,11.4624239774697,0.00152820092131817,0.00290986202826336,"EOD_vs_CN",88,"study_4"
"ABI3BP",0.314983405600461,0.0505136988401493,38.8827530620533,4.95811650344897e-09,2.16212766738638e-08,"EOD_vs_CN",144,"study_4"
"ACE",-0.0243447002780091,0.0734035479596349,0.109995459939923,0.740865491576059,0.779521708490376,"EOD_vs_CN",103,"study_4"
"ACP2",-0.0456583686899164,0.0903650241447861,0.255293668136661,0.616356741173308,0.67047258650844,"EOD_vs_CN",79,"study_4"
"ACYP1",0.0376697181319923,0.0491800084805676,0.586688455517305,0.44585629703234,0.5074638713408,"EOD_vs_CN",86,"study_4"
"ADA2",0.44105975565619,0.0499018207639207,78.1199723878221,4.14166832840691e-15,5.41827668375116e-14,"EOD_vs_CN",142,"study_4"
"ADAM10",0.0822939428062748,0.0322761329601532,6.50088897634376,0.0118062095851262,0.0193350589965543,"EOD_vs_CN",151,"study_4"
"ADAM11",-0.424512349149797,0.0523461516701738,65.7674704895253,1.81198268817652e-13,1.72215790534384e-12,"EOD_vs_CN",151,"study_4"
"ADAM15",-0.0250215140498797,0.0451354793798638,0.307320160769618,0.580525130867842,0.63725957110073,"EOD_vs_CN",106,"study_4"
"ADAM23",-0.143581902693277,0.0547839103417073,6.86899740768966,0.0102234703001647,0.0169932720086445,"EOD_vs_CN",120,"study_4"
"ADAM28",0.0892868364895909,0.0662643358338652,1.8155790919718,0.180744543717386,0.227818148444378,"EOD_vs_CN",109,"study_4"
"ADAM9",0.0335212816186337,0.0563706267511022,0.353618927218407,0.553832050122617,0.609763603699356,"EOD_vs_CN",82,"study_4"
"ADAMTS8",-0.11269904924267,0.0708236024604325,2.53212113104524,0.114320669832184,0.15133879149213,"EOD_vs_CN",117,"study_4"
"ADGRB3",-0.119216617074643,0.0655043835232797,3.31232437475506,0.070772581508338,0.0986204393950776,"EOD_vs_CN",151,"study_4"
"ADGRL1",-0.296976819354474,0.0385772274412305,59.2629246314533,4.29294416993313e-12,3.29224408066596e-11,"EOD_vs_CN",151,"study_4"
"ADGRL3",-0.237706968013831,0.0315386543942944,56.8064310593852,4.35183077057437e-12,3.3145450800539e-11,"EOD_vs_CN",151,"study_4"
"ADM",-0.103367903596854,0.0404369402624052,6.53453734017947,0.0116429330108973,0.0191239904108091,"EOD_vs_CN",143,"study_4"
"AHNAK",0.279845139689077,0.0750088577687876,13.9190768570359,0.000333004486655602,0.000706681277024865,"EOD_vs_CN",95,"study_4"
"AKR1B1",0.175253282374142,0.0467138823635488,14.0747404877735,0.000270424593654241,0.000583907083773817,"EOD_vs_CN",131,"study_4"
"ALB",0.030782760786499,0.0682333998997084,0.203526569081776,0.652579793691518,0.700452442649583,"EOD_vs_CN",151,"study_4"
"ALDH1A1",-0.528348020089993,0.0691355924834009,58.4032197817734,1.75794800804377e-11,1.22177386559042e-10,"EOD_vs_CN",121,"study_4"
"ANGPTL7",-0.136300933018089,0.0991789603750677,1.888680751766,0.172693092576736,0.219719358061018,"EOD_vs_CN",99,"study_4"
"ANPEP",0.18146653683921,0.0533158579801427,11.5845801146692,0.000897236846810251,0.0017944736936205,"EOD_vs_CN",136,"study_4"
"ANXA5",0.201917467278091,0.0851652030344218,5.62112713437342,0.0204002135087007,0.0319058191584742,"EOD_vs_CN",95,"study_4"
"AP2B1",0.0867970923004462,0.0415683332605829,4.35998636095673,0.0387201313083991,0.0575625481483152,"EOD_vs_CN",151,"study_4"
"APMAP",0.0791786602995179,0.109471573970624,0.523134754915829,0.471274406393266,0.531498113498288,"EOD_vs_CN",115,"study_4"
"APOC2",-0.170300318558367,0.0985874032899147,2.98392611290384,0.0861787550635522,0.118163718410197,"EOD_vs_CN",151,"study_4"
"APOF",0.17844677063493,0.0944794502117323,3.56732494751558,0.0609924433958771,0.0863994866958157,"EOD_vs_CN",145,"study_4"
"APOL1",-0.011278822931061,0.101666573165345,0.0123075380414097,0.911820884513397,0.923447016009925,"EOD_vs_CN",151,"study_4"
"ARHGAP36",-0.208942282099422,0.0557870103793739,14.0277007044419,0.000286948144692837,0.000615996789379219,"EOD_vs_CN",114,"study_4"
"ASAH1",0.0579954888410965,0.0550206292987912,1.11105950791551,0.293585708391874,0.349536732046856,"EOD_vs_CN",151,"study_4"
"ASPH",-0.0121107088093249,0.0419074100069399,0.0835136532367774,0.773311451066535,0.806681363589106,"EOD_vs_CN",121,"study_4"
"ATP1B1",-0.0529341813093271,0.0309012485520468,2.93440697725867,0.0888198617680248,0.12089068088867,"EOD_vs_CN",151,"study_4"
"ATP1B2",-0.0500575532871013,0.0457955242165379,1.19479436941546,0.277796006683064,0.33323533919263,"EOD_vs_CN",91,"study_4"
"ATRNL1",0.0713344845914348,0.0840366847145786,0.720545206779546,0.399092581733975,0.459886995739047,"EOD_vs_CN",82,"study_4"
"B3GALNT1",-0.193119021682098,0.0493001435818177,15.3445351760278,0.000173622920410609,0.000386137374993195,"EOD_vs_CN",113,"study_4"
"B3GNT9",0.0273514084429367,0.0575294596763857,0.226036617496275,0.635714686964304,0.688562276443419,"EOD_vs_CN",86,"study_4"
"B4GALT1",-0.206381801271816,0.0370874544145835,30.9662593045103,1.65843178279855e-07,5.8919365574185e-07,"EOD_vs_CN",134,"study_4"
"BCAM",0.0442793760579967,0.0368872426054227,1.44095560630733,0.231935133034017,0.284985489429643,"EOD_vs_CN",148,"study_4"
"BGN",0.0599872208045324,0.0510921053576032,1.37850988639314,0.242376476927787,0.295529213096161,"EOD_vs_CN",151,"study_4"
"BLMH",0.0578105337432984,0.05275653938626,1.20077422875161,0.275411431401962,0.33073165412417,"EOD_vs_CN",123,"study_4"
"BMP1",-0.157223644368543,0.0324282223536674,23.5065792116515,3.38157210581101e-06,9.64603022168684e-06,"EOD_vs_CN",137,"study_4"
"BMP6",0.193341228861305,0.067147741760116,8.29060313239208,0.00492520221039766,0.00862492103616094,"EOD_vs_CN",104,"study_4"
"BSG",-0.153665423487926,0.0394922127508826,15.1401221278123,0.000168014840160648,0.000375165667186026,"EOD_vs_CN",119,"study_4"
"BST1",0.291087971565637,0.0703560863634191,17.1176906206929,6.87475459632787e-05,0.000164049938006794,"EOD_vs_CN",114,"study_4"
"C11orf87",-0.351049073391427,0.103544514513316,11.4942719908901,0.00146023566586894,0.00279480561178359,"EOD_vs_CN",93,"study_4"
"SPRING1",-0.0837193716049809,0.0456421998118294,3.36448645302889,0.0688719208301949,0.0963340578153167,"EOD_vs_CN",135,"study_4"
"C1QL3",0.152112978044843,0.0580108386976004,6.87565772700582,0.00971680133124863,0.0162577836243229,"EOD_vs_CN",151,"study_4"
"C1QTNF4",-0.25537711517237,0.0505994366079146,25.4725598239243,1.54858962324532e-06,4.69218436253078e-06,"EOD_vs_CN",129,"study_4"
"C1QTNF5",-0.100969702276219,0.0516036264598262,3.82843877008814,0.0526934495270215,0.0759004091632744,"EOD_vs_CN",123,"study_4"
"C4BPB",0.861323949560525,0.121100896755974,50.5869304873961,9.20354621754673e-11,5.38649652311156e-10,"EOD_vs_CN",128,"study_4"
"CA10",-0.102796419700196,0.0711241021977016,2.08892276617121,0.151562878176924,0.195519629388328,"EOD_vs_CN",100,"study_4"
"CA11",-0.120055595413149,0.0528850753349022,5.15345581998696,0.0246516605147851,0.0379676544216635,"EOD_vs_CN",151,"study_4"
"CA2",0.433460046150129,0.158037873296962,7.52273549938197,0.00722760767193667,0.0122703812689978,"EOD_vs_CN",109,"study_4"
"CA4",-0.578076723418625,0.0461068955047103,157.195171964939,6.85478018720834e-24,4.76407223010979e-22,"EOD_vs_CN",151,"study_4"
"CACHD1",-0.0324395760730756,0.0461537826885135,0.494009998025407,0.483252884504797,0.542805260171044,"EOD_vs_CN",151,"study_4"
"CACNA2D2",-0.236625087086241,0.0387940693651683,37.204108103155,8.87267466988350e-09,3.66781198249459e-08,"EOD_vs_CN",151,"study_4"
"CACNA2D3",-0.207949116070225,0.055423962973126,14.0772883195854,0.000259120607059525,0.000563878894423076,"EOD_vs_CN",146,"study_4"
"CALY",-0.238777366266904,0.0741840015137914,10.3601442863838,0.00192827047489418,0.00356778164406377,"EOD_vs_CN",106,"study_4"
"CAMK2D",-0.115720642705214,0.0442666058618132,6.8339095518516,0.00993092055292882,0.0165564972336684,"EOD_vs_CN",143,"study_4"
"GOLM2",-0.199219170585542,0.0374851926286431,28.2450768970822,5.03788515882556e-07,1.61911222445492e-06,"EOD_vs_CN",138,"study_4"
"CAT",-0.0512033637484111,0.141928255614936,0.130154519952221,0.719467777319141,0.762676995594743,"EOD_vs_CN",90,"study_4"
"CBR1",0.305650452876971,0.0435636252828802,49.2268515102275,1.10068207798801e-10,6.24468607511567e-10,"EOD_vs_CN",136,"study_4"
"CCER2",-0.268399973746021,0.0577158031489304,21.6259627719369,9.59377877394825e-06,2.55222057335657e-05,"EOD_vs_CN",127,"study_4"
"CCK",-0.156527444948432,0.109290533115725,2.05123729175896,0.154189680362147,0.198447829354985,"EOD_vs_CN",151,"study_4"
"CD109",0.151444672073199,0.0377046940428034,16.1330751298138,9.34963554932262e-05,0.000217052082063607,"EOD_vs_CN",151,"study_4"
"CD200",-0.117390493841945,0.0709609212388152,2.73670111553034,0.100257369714742,0.134807974755493,"EOD_vs_CN",151,"study_4"
"CD248",0.140961127842709,0.03795362958801,13.7940597342053,0.000295183066172663,0.000632453891298654,"EOD_vs_CN",147,"study_4"
"CD5L",0.479889373785987,0.127700937326036,14.1219313796344,0.000282288213587953,0.000607165364622445,"EOD_vs_CN",109,"study_4"
"CD81",0.367412793986571,0.0841123435943888,19.0804706398648,2.45847025941674e-05,6.21322483743504e-05,"EOD_vs_CN",144,"study_4"
"CD9",0.257451633735243,0.0810319935437286,10.0943476360613,0.00184609733997259,0.00343862687110472,"EOD_vs_CN",139,"study_4"
"CDH10",-0.209895476222706,0.0621848720743184,11.3929624658763,0.00108208272964499,0.00209995810709464,"EOD_vs_CN",110,"study_4"
"CDH11",-0.0660679708490921,0.0384366455083596,2.9545475258093,0.0887448561945326,0.12089068088867,"EOD_vs_CN",151,"study_4"
"CDH15",-0.41759089385287,0.0523687765028627,63.5853672966944,3.75151724014978e-13,3.31419807676349e-12,"EOD_vs_CN",151,"study_4"
"CDH18",-0.350653921344335,0.0496176461132555,49.9442027970596,9.6521521518471e-11,5.5612399962974e-10,"EOD_vs_CN",128,"study_4"
"CDH20",0.0953030835602018,0.0390055352964924,5.96982252704156,0.01597235644168,0.0256665612184221,"EOD_vs_CN",125,"study_4"
"CDH22",-0.604197531453488,0.0772338836167363,61.19869288583,4.47593090042528e-12,3.37375410944218e-11,"EOD_vs_CN",142,"study_4"
"CDH4",-0.126584496784001,0.0393088061737409,10.3700614608238,0.00162624208378516,0.00307547822647805,"EOD_vs_CN",135,"study_4"
"CDH5",0.228865788579355,0.0499359945712804,21.0055640567833,1.00424949906985e-05,2.66521585433335e-05,"EOD_vs_CN",145,"study_4"
"CDH7",-0.398250143041558,0.0402670778023596,97.8163950679731,5.52359948143204e-18,1.27963387986509e-16,"EOD_vs_CN",151,"study_4"
"CDH8",-0.166379620615959,0.0567886581683476,8.58374969951523,0.00394190624861435,0.006968839027757,"EOD_vs_CN",151,"study_4"
"CDH9",-0.25405901349961,0.095218662455374,7.11909947881186,0.00907090888350262,0.0152599858978138,"EOD_vs_CN",94,"study_4"
"CEL",0.219044118189944,0.137934552017948,2.52183724423845,0.11545018348992,0.152471026176712,"EOD_vs_CN",106,"study_4"
"CEMIP",-0.0843577012884484,0.0283535377613973,8.85186871097447,0.00341744799152725,0.00608032346652528,"EOD_vs_CN",151,"study_4"
"CFB",0.237763377349447,0.0738852412621836,10.3555824467804,0.00159119781446131,0.00301433044238668,"EOD_vs_CN",151,"study_4"
"CFHR3",0.789599973484606,0.134503165473541,34.4626952291894,4.67662938464498e-08,1.73093059560088e-07,"EOD_vs_CN",112,"study_4"
"CFL1",0.242503223271298,0.0455212208090347,28.3796627128598,3.98762696119677e-07,1.31190567480793e-06,"EOD_vs_CN",140,"study_4"
"CFP",0.164831364814781,0.0860191540464707,3.67188756904915,0.0575447665473379,0.0819732606407273,"EOD_vs_CN",138,"study_4"
"CHAD",-0.0273567143186604,0.0442360991502251,0.382449612084973,0.53733900036203,0.593957225052264,"EOD_vs_CN",137,"study_4"
"CHI3L2",0.059423800379129,0.0824227733762829,0.51978817950002,0.47226932648822,0.532080538049544,"EOD_vs_CN",133,"study_4"
"CHID1",-0.152212943220293,0.0500642181223746,9.2437521289246,0.00282564576949295,0.0050761197022232,"EOD_vs_CN",142,"study_4"
"CHIT1",1.2737763628989,0.176662341733316,51.9874367873304,1.24722992423335e-10,6.93459837873742e-10,"EOD_vs_CN",105,"study_4"
"CHRD",-0.206763307172205,0.0251195474216541,67.7521871081074,1.0399419787436e-13,1.05694961641178e-12,"EOD_vs_CN",151,"study_4"
"CHRDL1",0.0227529502435226,0.0363106604966139,0.392651387513712,0.5319217774887,0.58914045474844,"EOD_vs_CN",146,"study_4"
"CHST10",-0.235305678625463,0.0331436568558369,50.4038799279791,4.82026870236504e-11,3.01131393091569e-10,"EOD_vs_CN",151,"study_4"
"CHST15",-0.186070225606467,0.0510903893573663,13.2640253597587,0.000439995077854741,0.000911125747810934,"EOD_vs_CN",107,"study_4"
"CKB",0.174165981063601,0.0640767209209763,7.38798666780573,0.00807366581504984,0.0136235453510401,"EOD_vs_CN",101,"study_4"
"CKMT1A",-0.0986996308427175,0.0833639828693888,1.40176155668929,0.239364547473375,0.292177142470245,"EOD_vs_CN",99,"study_4"
"CLEC11A",0.281722388474789,0.0479695524114589,34.4914451389365,3.2249969608983e-08,1.23661952431686e-07,"EOD_vs_CN",151,"study_4"
"CLMP",-0.430521876142302,0.057839794929578,55.4034691452592,1.79989753556378e-10,9.58018917863678e-10,"EOD_vs_CN",96,"study_4"
"CLN5",0.0305938533654846,0.0460725709732129,0.440944029141111,0.507705281109559,0.567405299089276,"EOD_vs_CN",151,"study_4"
"CLUL1",-0.0396760874679414,0.0825951367363246,0.230753727439591,0.632052122723561,0.685911582186198,"EOD_vs_CN",100,"study_4"
"CNPY3",-0.161115238653402,0.0712575117656506,5.112248209567,0.0265367619697759,0.0405341748769104,"EOD_vs_CN",88,"study_4"
"CNTFR",-0.246255006593372,0.0301411068803425,66.7500728102926,1.32255292308524e-13,1.31310611649178e-12,"EOD_vs_CN",151,"study_4"
"CNTN3",-0.338772518434555,0.0388008277073914,76.2314823832359,7.61141850175464e-15,9.40433041550129e-14,"EOD_vs_CN",151,"study_4"
"CNTN6",-0.352158451538661,0.0407955056412101,74.5163528379243,9.0000204361959e-15,1.07613147581181e-13,"EOD_vs_CN",151,"study_4"
"CNTNAP2",-0.114522553991097,0.0556162609823648,4.24012317255057,0.0413887203230364,0.0612839640468928,"EOD_vs_CN",151,"study_4"
"CNTNAP5",-0.254247003011157,0.0567368987597511,20.0807762688573,1.85255882014285e-05,4.74664840552731e-05,"EOD_vs_CN",125,"study_4"
"COL12A1",-0.0825132034635709,0.0405099476472865,4.14880987202792,0.0435396355783388,0.0642123007468338,"EOD_vs_CN",146,"study_4"
"COL14A1",-0.0381018353601048,0.0396331550920775,0.924218161936451,0.337966895106666,0.396852362575092,"EOD_vs_CN",151,"study_4"
"COL15A1",-0.054786335257667,0.0557634582778673,0.96526176236138,0.327488595417348,0.38658950966464,"EOD_vs_CN",151,"study_4"
"COL21A1",-0.0854220661855747,0.0612044683077741,1.94793241585131,0.166403575184489,0.212690546672589,"EOD_vs_CN",97,"study_4"
"COL28A1",0.25469311628471,0.0884728502174644,8.28732512501598,0.00514417558902576,0.00896602391065305,"EOD_vs_CN",82,"study_4"
"COL4A1",-0.0534924107247772,0.0344844971254434,2.40622672849029,0.123252403635309,0.162005523454449,"EOD_vs_CN",136,"study_4"
"COL4A2",-0.0303901036272611,0.0378341952615725,0.645201487785884,0.423216544975185,0.483716868343655,"EOD_vs_CN",140,"study_4"
"COL5A1",0.0494596993116181,0.0505576871779486,0.957036599688517,0.329613798719088,0.388273881541976,"EOD_vs_CN",144,"study_4"
"COL6A2",0.398846088259128,0.0417532148256367,91.2495715612366,7.35727971620333e-17,1.23959015824517e-15,"EOD_vs_CN",151,"study_4"
"COMP",0.44167816626535,0.0761932763551112,33.6030396449551,3.92630439786183e-08,1.48505118721849e-07,"EOD_vs_CN",151,"study_4"
"CPD",-0.0970655077289981,0.077354445709029,1.57456032529306,0.213909312148517,0.265773357663856,"EOD_vs_CN",99,"study_4"
"CPN1",0.152021074534495,0.0936877517398804,2.6329460575218,0.106966656386414,0.14245140347508,"EOD_vs_CN",139,"study_4"
"CPXM2",0.307863775099543,0.0571300319523863,29.0394406653743,2.75027531384117e-07,9.23959561628817e-07,"EOD_vs_CN",151,"study_4"
"CRABP1",0.0177760966253402,0.0916595993929899,0.0376111744549852,0.846627428913293,0.870101387201092,"EOD_vs_CN",100,"study_4"
"CREG1",-0.0430779800938073,0.0547388293379841,0.619326484131251,0.432834393489897,0.493147382746686,"EOD_vs_CN",124,"study_4"
"CRELD1",-0.172639497125214,0.0451487216263592,14.6214151661794,0.000192659441899156,0.000425074006729885,"EOD_vs_CN",151,"study_4"
"CRISP3",0.375784824640704,0.0787438529669577,22.7743061026321,5.00912911782624e-06,1.38560984552805e-05,"EOD_vs_CN",127,"study_4"
"CRYM",-0.018202055014191,0.0666513811862071,0.07458002734224,0.785312959961454,0.816901788098351,"EOD_vs_CN",110,"study_4"
"CSPG4",0.011302235630585,0.0260986363593684,0.187539641747763,0.665624075099002,0.711705741836625,"EOD_vs_CN",151,"study_4"
"CST6",0.259916040911924,0.0522725978974697,24.7239579893487,1.98782403234806e-06,5.91032172184771e-06,"EOD_vs_CN",151,"study_4"
"CSTB",0.643618832130982,0.0438751749110455,215.188849832324,2.08682068729374e-28,4.64108920854128e-26,"EOD_vs_CN",126,"study_4"
"CTBS",-0.081764197875696,0.0434215644976532,3.54580972435234,0.0616490709835242,0.0869971661594911,"EOD_vs_CN",151,"study_4"
"CCN2",-0.0120832704502378,0.0400707552291157,0.0909314123190267,0.763420291612275,0.798610878902023,"EOD_vs_CN",151,"study_4"
"CTSC",0.191687130439576,0.0616051390890285,9.68170904773309,0.00225378781966075,0.00411529073146593,"EOD_vs_CN",143,"study_4"
"CTSO",0.0599721566696978,0.0525673287469999,1.30156996011328,0.256391546338228,0.311252619572172,"EOD_vs_CN",113,"study_4"
"CTSS",-0.00132415617754233,0.0599923151712525,0.000487177449662478,0.982421898391046,0.984192027937696,"EOD_vs_CN",146,"study_4"
"CXADR",0.418891776676748,0.0416758628896399,101.026304825152,2.61803329514769e-17,4.93432715966819e-16,"EOD_vs_CN",139,"study_4"
"CXCL12",0.0578972101740964,0.0644176168558396,0.807803939584638,0.370262646348022,0.429334789091763,"EOD_vs_CN",147,"study_4"
"CYTL1",0.0378383796945654,0.0572115476822257,0.437419025703217,0.509440225643929,0.568202137328033,"EOD_vs_CN",151,"study_4"
"DBH",-0.0937946293388405,0.127136982261119,0.544267178567589,0.46320509661851,0.524525526924423,"EOD_vs_CN",90,"study_4"
"DCC",-0.247974409148083,0.0430915849962149,33.115307415475,4.79961416590506e-08,1.76727514982994e-07,"EOD_vs_CN",151,"study_4"
"DCD",-0.0387132226457929,0.143789633776239,0.0724875623540407,0.788199873430581,0.817610316469035,"EOD_vs_CN",126,"study_4"
"DDAH1",0.215799344377766,0.0358511005846925,36.2322460381734,1.50960628119467e-08,6.08218182858141e-08,"EOD_vs_CN",151,"study_4"
"DDB1",0.0872467512644954,0.0432758189619939,4.06450758448287,0.0456737355984253,0.06700421370112,"EOD_vs_CN",147,"study_4"
"DIPK2B",-0.142164933706949,0.0329315097214601,18.6363857637897,3.25710483497146e-05,8.15743373082942e-05,"EOD_vs_CN",129,"study_4"
"DLD",0.0594140218649732,0.0366390484900228,2.62959902626037,0.107160167620209,0.14253840477712,"EOD_vs_CN",151,"study_4"
"DMKN",-0.258865618697431,0.0710370224616217,13.2794242990149,0.0003961522497362,0.000823404302255429,"EOD_vs_CN",127,"study_4"
"DNAJC3",0.0734596796478106,0.0393664551155388,3.48213369845659,0.0640308959138024,0.0900156210570775,"EOD_vs_CN",151,"study_4"
"DNASE2",0.0818254702817089,0.0679066513787451,1.45195243721177,0.231543891409617,0.284819477043688,"EOD_vs_CN",99,"study_4"
"DPP10",0.0972406155005663,0.0944663613826984,1.05959773881683,0.306800032646114,0.364488927673589,"EOD_vs_CN",95,"study_4"
"DPP3",-0.0437761287270009,0.0659960529178995,0.439985922557863,0.508692467726668,0.567937775212907,"EOD_vs_CN",109,"study_4"
"DPYSL2",0.350585081708103,0.0630587253973608,30.9098208083296,2.92178720409662e-07,9.75683895181815e-07,"EOD_vs_CN",89,"study_4"
"DSC1",-0.00932258482940895,0.0730965279935723,0.0162659408932216,0.898722230498373,0.914817968766997,"EOD_vs_CN",126,"study_4"
"DSC2",-0.0557151492222241,0.0453144319379373,1.51172750879037,0.220983266856122,0.273340815065637,"EOD_vs_CN",139,"study_4"
"DSC3",0.0189870272110539,0.0563191240377256,0.113658563514151,0.736514777161192,0.777829944699801,"EOD_vs_CN",144,"study_4"
"DSG2",-0.0376289051188525,0.0337991222549727,1.23945944077016,0.267384568253737,0.322136121233104,"EOD_vs_CN",151,"study_4"
"EDN3",0.0751696068942778,0.0451705410370288,2.7693252998216,0.0984620920015019,0.132876027069988,"EOD_vs_CN",134,"study_4"
"EFCAB14",-0.207410896831298,0.0359559374400229,33.2752943944707,4.4695692744883e-08,1.66749314281003e-07,"EOD_vs_CN",151,"study_4"
"EFNA1",0.0515935403899022,0.0396559129144684,1.69267958653565,0.195419221647548,0.244990050137625,"EOD_vs_CN",140,"study_4"
"EFNA3",-0.0103048578531331,0.0690420673718604,0.0222769862260323,0.881790908188754,0.901242178222329,"EOD_vs_CN",112,"study_4"
"EFNB1",0.15540038779841,0.0368014821706208,17.8309128030701,4.26369640628052e-05,0.000105127059950863,"EOD_vs_CN",147,"study_4"
"EGFR",-0.129077974612889,0.0317723887165982,16.5045827655617,8.03015173506447e-05,0.000187990078513509,"EOD_vs_CN",145,"study_4"
"EMC10",-0.173052529716071,0.0540588584723156,10.2475999546363,0.00231028692651782,0.00419777624556832,"EOD_vs_CN",82,"study_4"
"EMILIN2",0.11301275322667,0.0663842270290635,2.89817833268046,0.0926270289299168,0.125918406075877,"EOD_vs_CN",92,"study_4"
"ENPP4",0.263812096317973,0.0544989200415571,23.4322297693127,3.25197256271267e-06,9.3441692241253e-06,"EOD_vs_CN",151,"study_4"
"ENPP5",0.105854190858667,0.123532381642209,0.734267802028571,0.393363173373189,0.454698387516617,"EOD_vs_CN",121,"study_4"
"ENPP6",0.117127411592638,0.0487307939348907,5.77710309265715,0.0175012356565147,0.0276833201280859,"EOD_vs_CN",149,"study_4"
"ENTPD6",-0.312155217804548,0.0581363763977758,28.8300422942327,4.62461135069143e-07,1.499290910195e-06,"EOD_vs_CN",121,"study_4"
"EPDR1",-0.0229036631465238,0.0645820075479912,0.125772824296139,0.723361307724995,0.765345170494952,"EOD_vs_CN",151,"study_4"
"EPHA10",-0.192437580060177,0.0597451528114652,10.3746731020101,0.00158277271518814,0.00300348679059592,"EOD_vs_CN",147,"study_4"
"EPHA5",-0.122716363924066,0.0517512368427394,5.6229405233821,0.0193282450069972,0.0304433547418992,"EOD_vs_CN",138,"study_4"
"EPHA7",0.0466489944207318,0.0287939892834048,2.62470739858662,0.107496709505383,0.142815222186363,"EOD_vs_CN",147,"study_4"
"EPHB6",-0.174105248872796,0.0622531122935536,7.82170786913691,0.00586653724437597,0.010082827535929,"EOD_vs_CN",147,"study_4"
"ERAP1",0.0891625163320615,0.0604988238249908,2.17205476029238,0.142651450742381,0.184881600495953,"EOD_vs_CN",151,"study_4"
"ERBB3",0.0828546437655886,0.0750636622006604,1.21835601278804,0.272663186495063,0.327785365818929,"EOD_vs_CN",91,"study_4"
"ERP44",-0.198021214828024,0.0277527174003256,50.9110922205594,3.95291843893578e-11,2.51179731662662e-10,"EOD_vs_CN",151,"study_4"
"ESAM",-0.1519065380173,0.0450772459570423,11.3563346889478,0.000980538734236699,0.00192642945666291,"EOD_vs_CN",139,"study_4"
"EXTL2",-0.295970119550681,0.0310700848467483,90.7425244981329,4.35959019560743e-17,7.81913596373461e-16,"EOD_vs_CN",151,"study_4"
"EZR",0.16621638758754,0.0576152977906734,8.32284979958181,0.00505563315901826,0.00882553229643377,"EOD_vs_CN",82,"study_4"
"F11",0.114364293232133,0.0773694160598595,2.18495382135927,0.142289592364751,0.184627802461613,"EOD_vs_CN",135,"study_4"
"F13A1",0.0898149438730593,0.0956289227408833,0.88210173990848,0.349950615522159,0.408336919685877,"EOD_vs_CN",118,"study_4"
"F13B",0.441468983934058,0.0698405935898462,39.9562342147046,3.23560518520149e-09,1.44497709475665e-08,"EOD_vs_CN",151,"study_4"
"F7",0.185955021171064,0.112752074995994,2.71998640508849,0.103696430504885,0.138761047799557,"EOD_vs_CN",81,"study_4"
"F9",0.291068439284377,0.0694848889905796,17.5472675644727,4.85948273927275e-05,0.000118763622111457,"EOD_vs_CN",151,"study_4"
"FABP3",0.807300456826815,0.0590437643849593,186.94864401608,7.61222277892583e-26,1.20925596145222e-23,"EOD_vs_CN",119,"study_4"
"FABP5",0.033380409018565,0.053440334420414,0.3901620040816,0.533372279695247,0.590159179125488,"EOD_vs_CN",134,"study_4"
"FAIM2",-0.0572524571298336,0.0509361920847094,1.26338382166948,0.263191950438422,0.317773560138464,"EOD_vs_CN",136,"study_4"
"NALF1",-0.302287297528742,0.0624585118631309,23.4237557572694,4.13380014538118e-06,1.16966558820964e-05,"EOD_vs_CN",117,"study_4"
"FAM171A1",-0.000848796855893674,0.0555952881947739,0.000233094245823547,0.987868557405889,0.988309054846432,"EOD_vs_CN",92,"study_4"
"FAM174A",-0.175026214193453,0.11236649750882,2.42623302691032,0.126662127458401,0.165703865569108,"EOD_vs_CN",84,"study_4"
"FAM20B",-0.222477214495552,0.0312064823960557,50.8254744540794,4.37032119604784e-11,2.745648118647e-10,"EOD_vs_CN",151,"study_4"
"FAM20C",-0.115500138625761,0.039551783600899,8.52771868140266,0.00427089747513343,0.0075146170765006,"EOD_vs_CN",134,"study_4"
"FBLN7",-0.181450140359111,0.0385196256263705,22.1896525422447,6.21855059588113e-06,1.69902414314983e-05,"EOD_vs_CN",133,"study_4"
"FBN1",0.0584008716662971,0.0369829665218669,2.49364811901396,0.116444606239668,0.153601900520179,"EOD_vs_CN",151,"study_4"
"FCGR3A",0.312602443708918,0.0609602311557835,26.2961111716269,1.04827170489495e-06,3.24701430596987e-06,"EOD_vs_CN",131,"study_4"
"FCN3",0.64181576821304,0.111650383549497,33.0445868793748,7.2391144475422e-08,2.63068472734213e-07,"EOD_vs_CN",127,"study_4"
"FGFR3",-0.101836642260326,0.0508061115590942,4.01768818431642,0.0468908327161186,0.0679825371321041,"EOD_vs_CN",151,"study_4"
"FGL2",0.288263519187969,0.0461308843436277,39.0477314756211,4.1433008450545e-09,1.82108716984214e-08,"EOD_vs_CN",151,"study_4"
"FKBP1A",0.57638225509086,0.063297127714311,82.9188361021558,4.14531299693038e-14,4.5192039731241e-13,"EOD_vs_CN",86,"study_4"
"FLNA",0.262612944962293,0.0837979286691572,9.82122571467012,0.00258892933115979,0.00467352177962611,"EOD_vs_CN",101,"study_4"
"FMOD",0.0608269120650009,0.0650158028105254,0.875293453306455,0.351555328252003,0.409637567348742,"EOD_vs_CN",127,"study_4"
"FOLR1",0.283425662243618,0.0683759932307108,17.1818943483686,5.69338196152813e-05,0.000137631320461289,"EOD_vs_CN",151,"study_4"
"FRMPD1",-0.00441731899585918,0.0290315724101316,0.0231513546703411,0.879270157251127,0.900320823999312,"EOD_vs_CN",151,"study_4"
"FSCN1",0.142919973678768,0.0407578185146155,12.2960039149746,0.000610124506824185,0.00124487789282292,"EOD_vs_CN",151,"study_4"
"FSTL5",-0.449007978856107,0.0472262700138805,90.3942540531632,5.05058927367652e-17,8.77539886301296e-16,"EOD_vs_CN",151,"study_4"
"FTH1",-0.0316661435586028,0.0455200887864532,0.483931789282897,0.488237230268118,0.547298185542487,"EOD_vs_CN",104,"study_4"
"FUCA1",-0.0845415990384311,0.0545232866818449,2.40423470062762,0.123162698796364,0.162005523454449,"EOD_vs_CN",151,"study_4"
"FXYD6",0.123849423472715,0.06426189148566,3.71433413594668,0.0565264720942065,0.0806899062500098,"EOD_vs_CN",127,"study_4"
"FZD1",-0.277425051735193,0.0680617249163215,16.6144300874,0.000112393006556634,0.000258759882590014,"EOD_vs_CN",79,"study_4"
"GAA",0.0555052079565677,0.0468254495990848,1.40508810199283,0.237963716603063,0.291106328781745,"EOD_vs_CN",147,"study_4"
"GALC",-0.00372824135735161,0.0999748246111653,0.00139067849116065,0.970308482133391,0.975572361783301,"EOD_vs_CN",135,"study_4"
"GALNS",-0.214806465116022,0.0656415257329611,10.7087150560392,0.0013333093058457,0.00256512101747477,"EOD_vs_CN",147,"study_4"
"GALNT1",-0.209523286233903,0.0294774769607789,50.5224004680401,5.65647337648014e-11,3.43715759270269e-10,"EOD_vs_CN",151,"study_4"
"GALNT10",-0.0117325822510823,0.0227915744141448,0.264995538110635,0.607569566132625,0.662369958372039,"EOD_vs_CN",146,"study_4"
"GALNT13",-0.407100104954628,0.0400306964681453,103.422763073376,8.90152049138706e-19,2.35678352057677e-17,"EOD_vs_CN",151,"study_4"
"GALNT15",-0.186517757056607,0.0715214741590943,6.80091667544066,0.0103642816298725,0.0172016136901765,"EOD_vs_CN",129,"study_4"
"GALNT16",-0.329447821053591,0.0405054654286196,66.1524640412964,4.57041773012218e-13,3.97055040304364e-12,"EOD_vs_CN",140,"study_4"
"GALNT17",-0.274497524711651,0.0426265970541733,41.4682337380449,1.87670576719998e-09,8.65932287604305e-09,"EOD_vs_CN",139,"study_4"
"GALNT18",-0.180325807015133,0.0330386542583017,29.7900389183811,1.98294989477814e-07,6.93408894023048e-07,"EOD_vs_CN",151,"study_4"
"GALNT6",-0.362984592065499,0.0521879278801691,48.3767038081035,1.41032418295131e-10,7.72551966227513e-10,"EOD_vs_CN",147,"study_4"
"GALNT7",-0.176829015203831,0.027975354261266,39.9535953552448,3.86163807294076e-09,1.71765661484405e-08,"EOD_vs_CN",151,"study_4"
"GANAB",-0.278820628105219,0.0311598132896396,80.0682080551424,1.32761865256202e-15,1.86874929322654e-14,"EOD_vs_CN",151,"study_4"
"GAS6",-0.150849679190626,0.0246054007706097,37.5861545723473,7.57070703710702e-09,3.16489707716654e-08,"EOD_vs_CN",151,"study_4"
"GBA1",-0.00731401988209956,0.0333373963606616,0.0481336633336613,0.826652729830381,0.852725264908519,"EOD_vs_CN",147,"study_4"
"GDF11",-0.0754669444402758,0.0313737058223704,5.78604614019044,0.0174154032582857,0.0275867926256605,"EOD_vs_CN",151,"study_4"
"GDI1",0.293966295010295,0.04727661115967,38.6636099691303,5.80313279511686e-09,2.46300903365265e-08,"EOD_vs_CN",138,"study_4"
"GDI2",0.133889575059474,0.0512649614696263,6.82106606354748,0.0106159680670583,0.0175930797176883,"EOD_vs_CN",98,"study_4"
"GFRA3",-0.189853244154209,0.0560770936938866,11.4621226293557,0.00095143252230074,0.00187780428743005,"EOD_vs_CN",131,"study_4"
"GGCT",0.439427694585715,0.0507236357479479,75.0505879177064,8.63448927210125e-15,1.04364696419311e-13,"EOD_vs_CN",151,"study_4"
"GGT7",-0.093852043475863,0.0511111895719408,3.37175094874014,0.068974558624318,0.0963564185807055,"EOD_vs_CN",138,"study_4"
"GLG1",-0.149650877554761,0.0285491917993741,27.4771003097332,5.79785639421734e-07,1.85058074077412e-06,"EOD_vs_CN",151,"study_4"
"GLO1",0.224741486599001,0.0508138445284157,19.5615106130953,2.3043565245602e-05,5.85032980664598e-05,"EOD_vs_CN",122,"study_4"
"GLOD4",0.330565079565948,0.0445240439893152,55.1219712792908,1.56466573780368e-11,1.10822184741254e-10,"EOD_vs_CN",146,"study_4"
"GLRX",-0.0185206945418646,0.0432864374031183,0.183067331440219,0.669369640144616,0.714336890442239,"EOD_vs_CN",151,"study_4"
"GNAS",0.098277609408683,0.0722140184214912,1.8521072966527,0.177482879968651,0.224273821051295,"EOD_vs_CN",110,"study_4"
"GNS",0.0505279180838212,0.0516138182098222,0.958364753145499,0.329253059258922,0.388260235308506,"EOD_vs_CN",151,"study_4"
"GPC1",-0.0875647580513768,0.0444543732477657,3.87998208943217,0.0507286607494719,0.073260091887549,"EOD_vs_CN",151,"study_4"
"GPLD1",-0.0612380720920802,0.0598928113087621,1.04542678156451,0.308368197662537,0.365960977375391,"EOD_vs_CN",151,"study_4"
"GPNMB",0.553544463098622,0.0732505062931315,57.1062655462101,3.90100834630199e-12,3.03351138537609e-11,"EOD_vs_CN",151,"study_4"
"GRB2",0.0255272682766918,0.036464660584076,0.490077014985715,0.485327455690119,0.544585399321304,"EOD_vs_CN",131,"study_4"
"GRIA2",0.123736992859944,0.059873991897004,4.27093228807131,0.0417556774039141,0.0616630986363246,"EOD_vs_CN",91,"study_4"
"GRN",0.0666146362758928,0.0331161667633609,4.04631044476827,0.0461476625132425,0.0673415057153264,"EOD_vs_CN",146,"study_4"
"GRP",-0.159308309182826,0.100094078418812,2.53314520952719,0.114818756327016,0.151817428104211,"EOD_vs_CN",110,"study_4"
"GSR",0.287830631053763,0.0512544178629765,31.5363487152458,2.6274825854346e-07,8.85382010607054e-07,"EOD_vs_CN",88,"study_4"
"GSS",0.118663166503579,0.0467020780379805,6.45593956208473,0.0120858713109158,0.01976395426138,"EOD_vs_CN",151,"study_4"
"GSTO1",0.367811335345356,0.0787376472265086,21.8215377543287,1.03160983741554e-05,2.73130985525257e-05,"EOD_vs_CN",117,"study_4"
"GSTP1",-0.00404447926387785,0.0353296032035278,0.0131053223191784,0.909022725177927,0.921452388694489,"EOD_vs_CN",142,"study_4"
"GTF2IRD2",0.0797739767040575,0.0735270017740842,1.17714176838621,0.279692696737716,0.334428256744452,"EOD_vs_CN",151,"study_4"
"GYG1",-0.0513623238673073,0.1092793509772,0.220908850557957,0.639863178976658,0.690809920694324,"EOD_vs_CN",71,"study_4"
"HAVCR2",0.0273093494530388,0.0406392232838873,0.451577101519063,0.502701620427319,0.562378472751689,"EOD_vs_CN",142,"study_4"
"HEG1",-0.0625488150428355,0.0369815630749966,2.86066924378547,0.0928844272258174,0.126114142948851,"EOD_vs_CN",151,"study_4"
"HGFAC",0.343804217097471,0.0804819991761123,18.248404008545,3.52032467960535e-05,8.75749674210547e-05,"EOD_vs_CN",151,"study_4"
"HK1",-0.0132477618597191,0.0393163207046018,0.113537489604727,0.736710743166082,0.777829944699801,"EOD_vs_CN",140,"study_4"
"HLA-A",0.326658203180675,0.131234138317085,6.19574435213986,0.0141257027280398,0.022797941122758,"EOD_vs_CN",131,"study_4"
"HLA-C",0.246152002067974,0.217142661814623,1.28503936087008,0.259407109863726,0.313885425645771,"EOD_vs_CN",113,"study_4"
"HLA-DRA",0.387435561181318,0.103480086904043,14.0179785543835,0.000264329896572874,0.000574091494119211,"EOD_vs_CN",147,"study_4"
"HLA-DRB1",0.786363527169654,0.132133876778621,35.4175380736802,4.68534270931534e-08,1.73093059560088e-07,"EOD_vs_CN",100,"study_4"
"HMCN1",-0.182009784736154,0.0716148110771909,6.45927494221317,0.0129303205308477,0.0210520006300186,"EOD_vs_CN",87,"study_4"
"HPR",0.374941536776115,0.181896434961292,4.2489217756198,0.0412876002500059,0.0612157486373421,"EOD_vs_CN",132,"study_4"
"HPRT1",0.389109024674046,0.0612615435822391,40.3428649562557,5.40852207217106e-09,2.33111493963342e-08,"EOD_vs_CN",136,"study_4"
"HS6ST1",-0.133251784619267,0.037176470385273,12.8472376926511,0.000471178048614564,0.000972077903635241,"EOD_vs_CN",151,"study_4"
"HS6ST3",-0.304003883904283,0.0530213020979393,32.8743735990777,5.58695820419862e-08,2.05039522213494e-07,"EOD_vs_CN",151,"study_4"
"HSP90B1",0.0529510781933897,0.0431301678110569,1.50725703482197,0.22164726769061,0.273857512968842,"EOD_vs_CN",151,"study_4"
"HSPA13",0.25736190356146,0.0344606967126032,55.7751071251844,6.82840448413104e-12,5.0285998585124e-11,"EOD_vs_CN",151,"study_4"
"HSPA1A",-0.00391030362886102,0.0445499675996548,0.00770417566906628,0.930180627528904,0.941183674078382,"EOD_vs_CN",151,"study_4"
"HSPE1",0.00487951302052725,0.0387793828062132,0.0158325612519174,0.900153676276157,0.914817968766997,"EOD_vs_CN",114,"study_4"
"HYAL1",-0.0964720051524379,0.0484500834654519,3.96472940288546,0.0485024160907524,0.0701361335408539,"EOD_vs_CN",137,"study_4"
"ICAM1",0.340166785895083,0.0601961412989837,31.9334989841291,2.55816742740428e-07,8.64645039292875e-07,"EOD_vs_CN",107,"study_4"
"ICAM2",0.258845870843631,0.035359304001303,53.5889276946982,1.43665370185813e-11,1.0306831719137e-10,"EOD_vs_CN",151,"study_4"
"IDH1",0.180511722032448,0.0556388472509655,10.5257868581773,0.00183217651825726,0.00341842330252026,"EOD_vs_CN",91,"study_4"
"IFNAR2",0.195611626250319,0.0575060578553285,11.5707666045247,0.000988770302087533,0.0019357615773263,"EOD_vs_CN",110,"study_4"
"IGF2R",-0.00553754160443987,0.0443208962454469,0.0156105044112208,0.900832442266062,0.914817968766997,"EOD_vs_CN",140,"study_4"
"IGFALS",0.264740188178077,0.0818874373071417,10.4521392382749,0.00150965568064969,0.00287948047492703,"EOD_vs_CN",151,"study_4"
"IGFBP3",0.539353331701288,0.0424161605048008,161.690321303292,5.80416533606439e-25,5.37852654475301e-23,"EOD_vs_CN",151,"study_4"
"IGHV1-69",0.280587416477424,0.161576674909049,3.0156368912334,0.0846053153196489,0.116149519303024,"EOD_vs_CN",151,"study_4"
"IGHV2-26",0.550415189379782,0.106397462368642,26.7619823946887,9.48191357816436e-07,2.94522008349686e-06,"EOD_vs_CN",128,"study_4"
"IGHV2-70",0.424243419758803,0.110912404572266,14.6308644950631,0.000247176475534265,0.000538941648615888,"EOD_vs_CN",88,"study_4"
"IGHV2-70D",0.436567808838277,0.249199663637819,3.06908215798377,0.0822676868027036,0.11350082844244,"EOD_vs_CN",131,"study_4"
"IGHV3-43D",0.479471458877317,0.0961014371537508,24.8923418135812,1.69278519698638e-06,5.08750578121313e-06,"EOD_vs_CN",151,"study_4"
"IGHV3-49",0.281531026818743,0.116493967593763,5.84044118587606,0.0168709357405432,0.026916040951914,"EOD_vs_CN",151,"study_4"
"IGHV3-64D",0.480696691613477,0.12194086438701,15.5397392686878,0.000149360697330395,0.00033689471689939,"EOD_vs_CN",103,"study_4"
"IGHV3-7",0.499151960319388,0.0881014128281191,32.0996144535082,7.35600241635746e-08,2.66445429543632e-07,"EOD_vs_CN",151,"study_4"
"IGHV4-28",0.636632446458639,0.0899634254854323,50.0778380204875,5.41833086766907e-11,3.34732440269334e-10,"EOD_vs_CN",151,"study_4"
"IGHV4-34",0.595296446039981,0.0867448012786693,47.0955276143022,1.70415034258862e-10,9.24397649248068e-10,"EOD_vs_CN",151,"study_4"
"IGHV4-4",0.668264528237098,0.166973521958249,16.0177533841383,9.91339008118359e-05,0.000228707256644733,"EOD_vs_CN",151,"study_4"
"IGHV5-10-1",0.392522025883628,0.225541280922242,3.02883753110599,0.0840163926354891,0.115626520557752,"EOD_vs_CN",143,"study_4"
"IGHV5-51",0.510204967137732,0.11449093883637,19.8585315644663,2.11790131050955e-05,5.38925916999226e-05,"EOD_vs_CN",107,"study_4"
"IGHV6-1",0.604535660465756,0.121035769486616,24.9468880002202,1.63821092262347e-06,4.93683074785177e-06,"EOD_vs_CN",151,"study_4"
"IGKJ1",0.758332021848934,0.121387511620004,39.0275036462718,5.67757612521777e-09,2.418951973656e-08,"EOD_vs_CN",132,"study_4"
"IGKV1-6",0.87829664692452,0.12951100814694,45.9906006268092,3.52573648168361e-10,1.83206493814588e-09,"EOD_vs_CN",136,"study_4"
"IGKV2-29",0.602515564187719,0.172400211469013,12.214085387399,0.000658549509072286,0.00133876975153269,"EOD_vs_CN",126,"study_4"
"IGKV2-30",0.441764720244718,0.0931362538455551,22.4980319006549,5.3833083090539e-06,1.47444306395762e-05,"EOD_vs_CN",134,"study_4"
"IGKV3-11",0.486639603271142,0.0880995014800262,30.5118118016806,1.45108057177608e-07,5.18842956853697e-07,"EOD_vs_CN",151,"study_4"
"IGKV3-15",0.634683135756134,0.0813574086780566,60.8582840336064,4.49024827515686e-12,3.37375410944218e-11,"EOD_vs_CN",117,"study_4"
"IGKV3D-15",0.781953434096244,0.1164026697948,45.1269414851927,9.60347825038233e-10,4.66334839057867e-09,"EOD_vs_CN",109,"study_4"
"IGKV3D-20",0.618838698748933,0.0987978874045223,39.2337311883061,3.93206795970897e-09,1.74201576541688e-08,"EOD_vs_CN",151,"study_4"
"IGLC7",0.599977110883451,0.155300069266369,14.925402984932,0.000172012138720578,0.000383321639794153,"EOD_vs_CN",150,"study_4"
"IGLV1-51",0.572702425303058,0.134924895719074,18.0166425573688,3.86156369179943e-05,9.54235294506881e-05,"EOD_vs_CN",151,"study_4"
"IGLV2-11",0.672581544685453,0.128503323409669,27.394360912603,6.05558697707295e-07,1.91846516196727e-06,"EOD_vs_CN",140,"study_4"
"IGLV2-18",0.577806421197717,0.171137463362815,11.3992045488566,0.00101967715882438,0.0019857810868874,"EOD_vs_CN",111,"study_4"
"IGLV2-23",0.866101525731015,0.150859391469779,32.9604326852072,6.37596677023948e-08,2.32461477000207e-07,"EOD_vs_CN",132,"study_4"
"IGLV2-8",0.421238380645332,0.0932888794549622,20.3890089261689,1.28854370580878e-05,3.37938820957397e-05,"EOD_vs_CN",151,"study_4"
"IGLV3-27",0.749932645983013,0.154192442540369,23.6547489477306,3.15805345841224e-06,9.12144271624522e-06,"EOD_vs_CN",138,"study_4"
"IGLV4-60",0.508020266644754,0.196470010174662,6.68604878214737,0.0113732981871077,0.0187364556800944,"EOD_vs_CN",95,"study_4"
"IGLV6-57",1.02561001126399,0.123969704957207,68.4436824565347,9.4441435764515e-14,9.7239700527908e-13,"EOD_vs_CN",151,"study_4"
"IGLV7-46",0.378220007346282,0.105929504085489,12.748383490538,0.000480984571306115,0.000988641115143069,"EOD_vs_CN",151,"study_4"
"IGLV8-61",0.0665257583128227,0.140589098598084,0.223911487213794,0.636853930462116,0.688892578476531,"EOD_vs_CN",144,"study_4"
"IGLV9-49",0.979567852662679,0.18598675875063,27.7399067177369,4.8202704382451e-07,1.55818044399086e-06,"EOD_vs_CN",151,"study_4"
"IGSF1",-0.369097667925084,0.0598302677155148,38.0575397907496,2.46785937366671e-08,9.56188022131492e-08,"EOD_vs_CN",85,"study_4"
"IGSF21",-0.417641288928642,0.0424390598387263,96.8445858345518,1.17614807431622e-17,2.51514742046085e-16,"EOD_vs_CN",147,"study_4"
"IL18BP",0.0834325532184987,0.0493376616780569,2.85965698752345,0.0933997492658347,0.126659172175132,"EOD_vs_CN",131,"study_4"
"IL1RAP",0.0326046581747717,0.0600697079779899,0.294610527395131,0.588107768089859,0.64431117055756,"EOD_vs_CN",151,"study_4"
"IMPA1",0.176298122614684,0.0464477200190063,14.4067683753409,0.000223290096768891,0.000488776747257887,"EOD_vs_CN",137,"study_4"
"ITGA7",-0.0252320139844877,0.0418410470615333,0.363662688575503,0.54785450036718,0.603780182763434,"EOD_vs_CN",117,"study_4"
"ITGAM",0.509412286084712,0.0979400698546706,27.0531606434525,3.13184720880695e-06,9.06930754217012e-06,"EOD_vs_CN",76,"study_4"
"ITGBL1",-0.0137292435986032,0.0462511204006142,0.0881147688409624,0.767010892473568,0.801612887622751,"EOD_vs_CN",151,"study_4"
"ITIH3",0.609138082769713,0.0941481394408609,41.8608478524135,1.37348810517127e-09,6.52700330320705e-09,"EOD_vs_CN",151,"study_4"
"ITM2A",-0.0889474776361592,0.065359134075304,1.85205847440784,0.177313385407602,0.224273821051295,"EOD_vs_CN",85,"study_4"
"JAG1",-0.174834827947659,0.0550156627376074,10.0991123351526,0.0022277537743489,0.0040744444030855,"EOD_vs_CN",91,"study_4"
"JAM2",0.262651180725334,0.0290826145946647,81.5627422462362,8.40112591263072e-16,1.21325350842148e-14,"EOD_vs_CN",151,"study_4"
"JAM3",-0.285222192498948,0.0417647463211627,46.6387532428068,3.6796843080182e-10,1.90316695372848e-09,"EOD_vs_CN",136,"study_4"
"JAML",0.179594537955139,0.102230880198426,3.08618565591963,0.0836070039967418,0.11520568580468,"EOD_vs_CN",80,"study_4"
"JCHAIN",0.784857008528887,0.132715125247243,34.9735919746011,2.21482641922241e-08,8.6721372470962e-08,"EOD_vs_CN",151,"study_4"
"KIAA0319L",-0.167852210841822,0.0386573307400497,18.8534314276661,3.24538656905347e-05,8.14643310335768e-05,"EOD_vs_CN",132,"study_4"
"KIAA1549L",-0.246442658120304,0.0592556200472083,17.2970752593354,5.75623996544805e-05,0.000138848998732716,"EOD_vs_CN",148,"study_4"
"KLK10",0.294811429269724,0.0737410503612208,15.9834303838732,0.000139256983707889,0.000316674367859248,"EOD_vs_CN",88,"study_4"
"KLK11",0.150303775348089,0.0747252242073073,4.04580852533608,0.0464593887647954,0.0674713432035902,"EOD_vs_CN",142,"study_4"
"KRT5",-0.2730105904472,0.300800240575539,0.823763661185035,0.365907067904841,0.425171013072291,"EOD_vs_CN",123,"study_4"
"LAMA4",-0.0505114425738231,0.0697269432387706,0.524781226919958,0.470334420488413,0.530976523434635,"EOD_vs_CN",113,"study_4"
"LAMA5",-0.0458857628982963,0.0570843016036519,0.646133902949183,0.42368725698446,0.483716868343655,"EOD_vs_CN",93,"study_4"
"LAMB2",-0.139127230073024,0.0240715464161055,33.4053706442167,4.48363713759171e-08,1.66749314281003e-07,"EOD_vs_CN",151,"study_4"
"LAMC3",-0.159380198392849,0.0753550578587121,4.47346363111519,0.0383024756881615,0.0570178754554694,"EOD_vs_CN",94,"study_4"
"LAMP5",0.149987657562259,0.0596337732224322,6.32596036099688,0.013857252639872,0.0224297888435774,"EOD_vs_CN",89,"study_4"
"LBP",0.349878571168824,0.0960366073795497,13.2727547383251,0.000383449095608947,0.000798493247784923,"EOD_vs_CN",151,"study_4"
"LCN2",0.785399613646533,0.0728116402859067,116.353576396167,2.71693663552542e-20,1.04180466851871e-18,"EOD_vs_CN",148,"study_4"
"LCP1",0.0492167896299147,0.0481775216024095,1.04360861036842,0.308777061420976,0.366055535501199,"EOD_vs_CN",151,"study_4"
"LDLR",-0.120339920759847,0.0480978000262053,6.25992338060095,0.0138341524942949,0.0224250401948337,"EOD_vs_CN",128,"study_4"
"LECT2",0.251920783061196,0.110766044181239,5.17266917408794,0.0255457748185546,0.0391279636339294,"EOD_vs_CN",88,"study_4"
"LFNG",-0.28734217415603,0.0321834582478851,79.7137662724941,1.7733313061687e-15,2.43449927464148e-14,"EOD_vs_CN",151,"study_4"
"LGALS3",0.033350796405772,0.0662767608430222,0.253215256320091,0.615599860239111,0.670467232699208,"EOD_vs_CN",144,"study_4"
"LGI1",0.108735471412662,0.0782282284655344,1.93203723660193,0.168166713984488,0.214205482188718,"EOD_vs_CN",87,"study_4"
"LGMN",-0.0263241455538159,0.080177031927455,0.10779748208876,0.743621508348848,0.781575725221095,"EOD_vs_CN",92,"study_4"
"LILRA2",0.282737595582646,0.0854234606011501,10.9550105064005,0.00147479233861853,0.00281781628959416,"EOD_vs_CN",86,"study_4"
"LIPA",-0.0490243414490958,0.0589741187240116,0.691035911746456,0.407379284990406,0.467498209400755,"EOD_vs_CN",142,"study_4"
"LRP11",-0.204389689117721,0.0794642618303559,6.61567648158898,0.0117867946845008,0.0193317340548154,"EOD_vs_CN",100,"study_4"
"LRP1B",-0.149200968552238,0.0408545918010428,13.3371038739294,0.000367074635037324,0.000767268786017865,"EOD_vs_CN",142,"study_4"
"LRP8",-0.416451821334375,0.0537073593759203,60.1259472653109,2.657009781676e-12,2.11042491230266e-11,"EOD_vs_CN",143,"study_4"
"LRRC4",-0.0940548797782288,0.0412760658715246,5.19237525502188,0.0242036950979241,0.0373294160178802,"EOD_vs_CN",151,"study_4"
"LRTM2",-0.200859697824814,0.0849670335405822,5.5883641516283,0.020108799401073,0.0314943449774552,"EOD_vs_CN",114,"study_4"
"LSR",0.00139326123894357,0.0457947711631134,0.00092562126558755,0.9757748615283,0.978414468908449,"EOD_vs_CN",134,"study_4"
"LTF",-0.359828638368208,0.215472356399553,2.78874194309826,0.0972504436230884,0.131400356389884,"EOD_vs_CN",139,"study_4"
"MAG",-0.305763659345581,0.0380828523717448,64.4633389109001,2.73609567675202e-13,2.49388392831823e-12,"EOD_vs_CN",151,"study_4"
"MAN1A2",-0.0396120466254954,0.0434546429706317,0.830963965283889,0.363673393204739,0.423017587074969,"EOD_vs_CN",139,"study_4"
"MAN1C1",-0.0169602726171547,0.0314118204798315,0.29152744338013,0.590049477957256,0.645167177471454,"EOD_vs_CN",151,"study_4"
"MAN2A1",0.0873150607415152,0.0214403252621176,16.5850040452935,7.56343120881302e-05,0.000178567632785564,"EOD_vs_CN",151,"study_4"
"MAN2B1",0.179972217469285,0.0488180175118518,13.5909763808235,0.000339760284148014,0.000719644639947794,"EOD_vs_CN",133,"study_4"
"MAN2B2",0.197315833337171,0.0974671584302012,4.09833318351533,0.0464775619549911,0.0674713432035902,"EOD_vs_CN",82,"study_4"
"MANBA",-0.162929386736508,0.0262119014533827,38.6368571885193,5.55835316775396e-09,2.37726489328554e-08,"EOD_vs_CN",151,"study_4"
"MANSC1",-0.0302505497827683,0.0635562262113781,0.226542839600922,0.635929368621755,0.688562276443419,"EOD_vs_CN",101,"study_4"
"MARCO",0.370539223341594,0.108290351104595,11.7081654302844,0.000997468663992435,0.00194593886729752,"EOD_vs_CN",84,"study_4"
"MATN2",0.323608052824524,0.0444564834845127,52.9868896046845,2.4660108171657e-11,1.67207562724894e-10,"EOD_vs_CN",144,"study_4"
"MB",0.521190923867356,0.207703130582346,6.29662172596356,0.0132384052331634,0.0214906665974857,"EOD_vs_CN",142,"study_4"
"MDGA1",-0.355843145639008,0.0663639902930679,28.7509518412029,4.54378515598479e-07,1.48172700687833e-06,"EOD_vs_CN",123,"study_4"
"MDH2",0.0959735477380494,0.0526669368920859,3.32067962329313,0.0708830412961511,0.0986507408276846,"EOD_vs_CN",123,"study_4"
"MDK",0.159699689819092,0.0443181004675375,12.9851170825261,0.000474214716147329,0.000976531045103389,"EOD_vs_CN",112,"study_4"
"MELTF",-0.0116951267362575,0.0506052344362456,0.0534095578506464,0.817712159197991,0.845070558576362,"EOD_vs_CN",117,"study_4"
"METRNL",-0.0955284081991623,0.0361370164468143,6.98812227488948,0.00908637837103382,0.015262919559803,"EOD_vs_CN",151,"study_4"
"MFAP4",0.057677887220569,0.0453734306189178,1.61590361770497,0.205645169093358,0.256940930372825,"EOD_vs_CN",151,"study_4"
"MFAP5",0.661557381529701,0.0925625776848279,51.0815607711104,6.7058149708755e-11,4.00906787506105e-10,"EOD_vs_CN",134,"study_4"
"MGAT5",-0.149740813939908,0.0367100309157498,16.6383738558977,7.75531563347255e-05,0.000182709978483506,"EOD_vs_CN",139,"study_4"
"MIA",0.0318517700978784,0.0797821300960337,0.159388098720005,0.690691269850852,0.734974824951337,"EOD_vs_CN",103,"study_4"
"MIA3",-0.154700959655917,0.0315817224018442,23.9946484754598,2.84582152084e-06,8.2625418568514e-06,"EOD_vs_CN",137,"study_4"
"MIF",0.378933306156241,0.0445786635965143,72.2555928052655,2.53954563957021e-14,2.91131417649699e-13,"EOD_vs_CN",151,"study_4"
"MINPP1",-0.173164674457676,0.0215848900696852,64.3604273616141,2.8379445953113e-13,2.56568649592372e-12,"EOD_vs_CN",151,"study_4"
"MLEC",-0.0393463003003669,0.0273054591368208,2.07638956426862,0.151799486360094,0.195597947662138,"EOD_vs_CN",151,"study_4"
"MMP14",0.130970695116125,0.0337983307755179,15.0161210655093,0.000159854426864124,0.000359107318531123,"EOD_vs_CN",151,"study_4"
"MOXD1",-0.0238074289229484,0.0879010456157458,0.0733562142776382,0.787727826148065,0.817610316469035,"EOD_vs_CN",93,"study_4"
"MPZ",0.217166290687588,0.0988270769374981,4.82873004595365,0.0299017806549183,0.0453625922077341,"EOD_vs_CN",124,"study_4"
"MRC2",-0.10016923198812,0.0351192138817398,8.13540383850024,0.00496258468191241,0.00867672038724308,"EOD_vs_CN",151,"study_4"
"MSLN",0.0226493076244427,0.100788124672092,0.0504999713615249,0.822595929655129,0.849328387907617,"EOD_vs_CN",124,"study_4"
"MSN",0.177997416299727,0.0429110736171408,17.2063453629275,5.65588149532594e-05,0.000137022662806154,"EOD_vs_CN",151,"study_4"
"MSTN",-0.32433506165103,0.0416900183012261,60.5234433227049,1.30840193208289e-12,1.09394206652344e-11,"EOD_vs_CN",148,"study_4"
"MT1E",-0.0776798606247899,0.093702138766968,0.687254935923332,0.409958921666051,0.469973526693452,"EOD_vs_CN",71,"study_4"
"MXRA7",-0.0566522167020791,0.0297286860522124,3.63146937530929,0.0586262641901632,0.0832597774961194,"EOD_vs_CN",151,"study_4"
"MYDGF",-0.229505757033698,0.0418186179186739,30.1195040911654,1.71072136560238e-07,6.05835082340714e-07,"EOD_vs_CN",151,"study_4"
"MYLK",0.171534035755439,0.0360937083187012,22.5859104752028,5.35191359527529e-06,1.46946368344349e-05,"EOD_vs_CN",129,"study_4"
"MYOC",0.132358465306333,0.0871006159775948,2.30919704483612,0.130779869225116,0.170689218988649,"EOD_vs_CN",151,"study_4"
"NAGA",0.0340134637383196,0.0738799470602169,0.211957393097903,0.646782527257578,0.696246050639329,"EOD_vs_CN",82,"study_4"
"NAGLU",0.190222919519598,0.0461485787687487,16.9906120809094,6.6459579530051e-05,0.000159168173834269,"EOD_vs_CN",139,"study_4"
"NAXE",0.00575460752598111,0.0422269830035354,0.0185716851269092,0.891795749640891,0.910630737925318,"EOD_vs_CN",151,"study_4"
"NCMAP",-0.166644694697884,0.0819256396631388,4.13755044829438,0.0437893004551951,0.0644949696770555,"EOD_vs_CN",151,"study_4"
"NDRG2",-0.284182189300184,0.0332832773871687,72.9023524200086,1.86814740208777e-14,2.16393740741834e-13,"EOD_vs_CN",151,"study_4"
"NDRG4",-0.392335185370142,0.0443432774138553,78.2814639932464,5.45577618390639e-15,6.97335990402748e-14,"EOD_vs_CN",145,"study_4"
"NDST1",0.0106235752323229,0.0628985186395549,0.0285272928897658,0.866112591940965,0.889304895880289,"EOD_vs_CN",147,"study_4"
"NECTIN2",0.237301705733018,0.0753159312010994,9.92722853279508,0.00273601507042992,0.00492305624323313,"EOD_vs_CN",95,"study_4"
"NENF",-0.0832272713486066,0.0285965524598603,8.47040069503789,0.00416391812334807,0.0073379983409874,"EOD_vs_CN",151,"study_4"
"NLGN1",-0.264594498235256,0.0332021258427666,63.5082047900316,6.44954104158173e-13,5.55960437072781e-12,"EOD_vs_CN",144,"study_4"
"NLGN2",-0.222411999490987,0.0659206948407726,11.3834230475507,0.00120953468483357,0.002339134903539,"EOD_vs_CN",103,"study_4"
"NLGN4X",-0.353519265029399,0.0538568114913364,43.0868649120523,8.02563169713595e-09,3.34251027985587e-08,"EOD_vs_CN",97,"study_4"
"NME2",0.424413893010452,0.0461973835573511,84.400384447644,1.14517533907544e-15,1.63260894493831e-14,"EOD_vs_CN",130,"study_4"
"NOTCH1",-0.128607252298679,0.0588536232416938,4.77512241602835,0.0323940101512341,0.0490097133172412,"EOD_vs_CN",90,"study_4"
"NOTCH2",-0.0763054940761858,0.031392082350407,5.9084201083827,0.0163181676029681,0.026146689300433,"EOD_vs_CN",151,"study_4"
"NOTCH3",-0.0977809022647573,0.0418368823721118,5.46247487812421,0.0217517991486945,0.0338767516153338,"EOD_vs_CN",99,"study_4"
"NPDC1",-0.242354609906451,0.07556760405056,10.2856386926544,0.00175097113582904,0.00328898632270589,"EOD_vs_CN",123,"study_4"
"NPEPPS",0.0252723515189244,0.0344341934587586,0.538655969416773,0.464172725698801,0.525086542194371,"EOD_vs_CN",151,"study_4"
"NRN1",-0.383994317998122,0.0464776703128732,68.2591528888297,3.75529638194424e-13,3.31419807676349e-12,"EOD_vs_CN",119,"study_4"
"NRP1",0.289638700415279,0.0374764316691594,59.7305776719103,5.60953655421047e-12,4.15853643218803e-11,"EOD_vs_CN",117,"study_4"
"NRP2",0.0593081029722899,0.0218872482080653,7.34253017343835,0.00752454350127957,0.0127550188619251,"EOD_vs_CN",151,"study_4"
"NSF",0.0401241798871617,0.065376350679299,0.376678635519948,0.54088466387244,0.596690224430708,"EOD_vs_CN",103,"study_4"
"NSG1",-0.578485317309923,0.0546269875949703,112.14248536611,7.89624383742672e-18,1.79196390759562e-16,"EOD_vs_CN",102,"study_4"
"NTRK3",-0.202008940595097,0.0378275036401823,28.5184435033416,3.42570768907147e-07,1.13713043290969e-06,"EOD_vs_CN",151,"study_4"
"NUTF2",0.100707960835327,0.0449612935453319,5.01706825794985,0.0267828123676326,0.0408538921163339,"EOD_vs_CN",141,"study_4"
"NXPH1",-0.211456560010499,0.0478969869092222,19.4906327315108,2.01521527739571e-05,5.13972336803677e-05,"EOD_vs_CN",146,"study_4"
"NXPH3",-0.172094133619071,0.046434463953004,13.7357146419315,0.000329014975698951,0.00070089013980313,"EOD_vs_CN",117,"study_4"
"OLFM2",-0.0264706166875852,0.0428501096175253,0.381613951601994,0.538851370715829,0.595037462001988,"EOD_vs_CN",89,"study_4"
"OLFML3",0.140632806827007,0.0292573295462049,23.1048909172757,3.75947984143305e-06,1.06919222088838e-05,"EOD_vs_CN",151,"study_4"
"OSMR",0.031084919017367,0.0407519496319458,0.581838826796456,0.44697353375657,0.508215306275364,"EOD_vs_CN",133,"study_4"
"OXT",-0.1636499179242,0.0650757534010781,6.32401911748158,0.0139198537646864,0.0224983682940862,"EOD_vs_CN",82,"study_4"
"P4HB",-0.0780237120100731,0.02018960658603,14.9347344053876,0.000165936819217848,0.000371271112616192,"EOD_vs_CN",151,"study_4"
"PAMR1",0.377162825060781,0.0599591171783019,39.568291689686,6.3933693436066e-09,2.70320407227777e-08,"EOD_vs_CN",118,"study_4"
"PBXIP1",0.0306387657817151,0.0435765464957258,0.494352705973683,0.483190198530812,0.542805260171044,"EOD_vs_CN",140,"study_4"
"PCDH1",-0.219728434001571,0.0336590944354893,42.6155076207734,1.36651728794034e-09,6.52174774330328e-09,"EOD_vs_CN",151,"study_4"
"PCDH10",0.0309042372731145,0.0371855311897273,0.690697811062886,0.407275148589316,0.467498209400755,"EOD_vs_CN",151,"study_4"
"PCDH17",-0.00949508332810645,0.0349461806246633,0.0738240940720668,0.786246062246383,0.817108057213063,"EOD_vs_CN",151,"study_4"
"PCDH7",-0.113052290809001,0.0558454629199044,4.09810369678455,0.0458742416908883,0.0670939943506579,"EOD_vs_CN",116,"study_4"
"PCDH9",0.034816944949478,0.0338946934047988,1.05515898621757,0.306035473146864,0.363969461111565,"EOD_vs_CN",151,"study_4"
"PCDHAC2",-0.198866394229598,0.0386920267205104,26.4167776434903,8.90358935165958e-07,2.77333091289789e-06,"EOD_vs_CN",145,"study_4"
"PCDHGC3",-0.0365127052451752,0.0528742239575644,0.476870009116207,0.491507833743098,0.550409578169511,"EOD_vs_CN",109,"study_4"
"PCDHGC5",-0.188874396649574,0.0666726522424898,8.02510487378912,0.00528715942593696,0.00917210808368471,"EOD_vs_CN",151,"study_4"
"PCMT1",-0.327029160133714,0.044262809557114,54.5877261190855,9.9461767932887e-12,7.18191467151755e-11,"EOD_vs_CN",151,"study_4"
"PCP4",0.378266422162193,0.0638269615642277,35.12264726053,3.96298009095811e-08,1.49384198682895e-07,"EOD_vs_CN",110,"study_4"
"PCSK9",-0.223048872146752,0.0603701527528259,13.650718586573,0.000359612012846304,0.000755933002429283,"EOD_vs_CN",122,"study_4"
"PCYOX1",-0.103583072570073,0.0649651151427472,2.54224354643406,0.113286198651258,0.150148096424551,"EOD_vs_CN",131,"study_4"
"PDGFRB",-0.109317063790047,0.0511795824197365,4.56228530058931,0.0357241290185413,0.0535380478013718,"EOD_vs_CN",102,"study_4"
"PDIA3",-0.073265905229321,0.0218102335453737,11.2845230403798,0.000994941403604139,0.00194441975537399,"EOD_vs_CN",151,"study_4"
"PDIA4",0.0651290325811997,0.0403987784978292,2.59903894189734,0.110434561974213,0.146543237369123,"EOD_vs_CN",94,"study_4"
"PDIA6",-0.126607281972658,0.0428335898334011,8.73672012257748,0.00370462669656701,0.00655978485124604,"EOD_vs_CN",132,"study_4"
"PDYN",-0.228839443628304,0.0478926810174922,22.8309229097374,4.30309837918407e-06,1.21140389813992e-05,"EOD_vs_CN",147,"study_4"
"PEA15",0.634464641500189,0.053108942103526,142.718261499282,3.7614137172824e-21,1.74278835567418e-19,"EOD_vs_CN",106,"study_4"
"PGAM1",0.388573295496494,0.0561664758468211,47.8620781107202,1.77486277118418e-10,9.53452850993627e-10,"EOD_vs_CN",136,"study_4"
"PGM1",-0.0680998366353016,0.0625260248501158,1.18623436796753,0.278372614310071,0.333290946357768,"EOD_vs_CN",117,"study_4"
"PGRMC1",-0.0241519848155205,0.0381134662647837,0.401558439800596,0.527804962417637,0.585747622962487,"EOD_vs_CN",99,"study_4"
"PIANP",-0.225996112233358,0.0551366089841768,16.8004854598118,7.04419619531974e-05,0.000167374918145204,"EOD_vs_CN",151,"study_4"
"PIGR",0.940897961908683,0.0748978649011863,157.814237222982,7.76544766600484e-24,5.07951635564552e-22,"EOD_vs_CN",127,"study_4"
"PILRA",0.062909385629025,0.0492052913093508,1.63458411163214,0.203336019624455,0.254341567854211,"EOD_vs_CN",137,"study_4"
"PITHD1",-0.0447386913986483,0.0602011898008553,0.552276297332488,0.459390906083672,0.52073668457191,"EOD_vs_CN",90,"study_4"
"PLA2G15",-0.126303312839694,0.0391105592387255,10.4289703312141,0.00154281224978875,0.00293266191754716,"EOD_vs_CN",146,"study_4"
"PLBD2",0.101553777321762,0.0643830381195442,2.48799343857261,0.116875485390662,0.153987606344095,"EOD_vs_CN",151,"study_4"
"PLD4",-0.0849731329101435,0.0901539633881624,0.888369445857192,0.348346166473939,0.40689174067124,"EOD_vs_CN",109,"study_4"
"PLEKHB1",-0.278188798319498,0.0690148750348681,16.2477738331104,0.000174484197725069,0.000387278299142269,"EOD_vs_CN",67,"study_4"
"PLOD1",0.0929030794801342,0.0378288961478869,6.03132709929186,0.0152382416641362,0.0245578619282891,"EOD_vs_CN",147,"study_4"
"PLXDC1",-0.437014162662885,0.0521932430692594,70.1071734192208,5.9025370836406e-14,6.25106784476986e-13,"EOD_vs_CN",145,"study_4"
"PLXNA1",-0.106989001538235,0.0599577177350839,3.18411014563121,0.0780659471837848,0.10810626808016,"EOD_vs_CN",111,"study_4"
"PLXNB2",-0.100999118292229,0.0246017717935785,16.8539768720892,6.65586338425677e-05,0.000159168173834269,"EOD_vs_CN",151,"study_4"
"PON3",0.169938227046608,0.10286702215198,2.72916523392204,0.100781569305487,0.135185892723404,"EOD_vs_CN",143,"study_4"
"PPP5C",0.194243271271,0.0572409372122087,11.5153858636782,0.000939248186801029,0.00186175398168047,"EOD_vs_CN",133,"study_4"
"PRAP1",0.328885155420559,0.0776793491916411,17.9257521141222,4.39866916701636e-05,0.000107976161450821,"EOD_vs_CN",134,"study_4"
"PRDX2",0.00191808847932773,0.0482408958082845,0.00158090781375881,0.968337224553256,0.974471487514227,"EOD_vs_CN",151,"study_4"
"PRDX5",0.25668912586115,0.0774773901155899,10.9765276699222,0.00135623033862507,0.00260022092508807,"EOD_vs_CN",88,"study_4"
"PRDX6",-0.1064866015948,0.0464971853344398,5.24489268179263,0.0237271498893242,0.0366701093214107,"EOD_vs_CN",136,"study_4"
"PRKAR1A",0.0741809063677508,0.0567375450893301,1.70939799016096,0.194174926527984,0.24370487392677,"EOD_vs_CN",111,"study_4"
"PRL",0.272711166753389,0.128494650452939,4.50438753812473,0.0372222825957677,0.0554841531454339,"EOD_vs_CN",91,"study_4"
"PRND",0.0436094990956839,0.0735507963275295,0.351550272063824,0.554490978428061,0.60988523047676,"EOD_vs_CN",109,"study_4"
"PROC",0.0369608392887946,0.0409282251524016,0.815526025372899,0.367964826759577,0.427115748806524,"EOD_vs_CN",151,"study_4"
"PROZ",0.0895570959963266,0.119738496383048,0.559412807063231,0.455903420410541,0.51731081989441,"EOD_vs_CN",130,"study_4"
"PRRG1",0.138279508476523,0.101167076004627,1.86825975446993,0.174935906753274,0.222064758344339,"EOD_vs_CN",97,"study_4"
"PRSS23",0.0979895545029166,0.0560342079714388,3.05810991665051,0.0842024216013145,0.115739298913055,"EOD_vs_CN",98,"study_4"
"PSAT1",-0.0068471929695777,0.0315423566674713,0.0471234261202388,0.828469857263087,0.8538076749551,"EOD_vs_CN",146,"study_4"
"PTPRK",-0.0359129675245224,0.0364888536219736,0.968684046028651,0.326671120627358,0.386034310454434,"EOD_vs_CN",145,"study_4"
"PTPRM",0.0188934011829449,0.0325904488310717,0.336077633062917,0.563086876010352,0.618727871663549,"EOD_vs_CN",144,"study_4"
"PTPRT",-0.0442473362036822,0.0921033544060772,0.230793389559819,0.632247636457601,0.685911582186198,"EOD_vs_CN",87,"study_4"
"PVALB",-0.14662738941596,0.0519988202071606,7.95139309893592,0.00553387956559124,0.00955539452940599,"EOD_vs_CN",151,"study_4"
"PVR",-0.14879406817465,0.0405154880839894,13.4874263330888,0.000343475723000113,0.000726131186266398,"EOD_vs_CN",151,"study_4"
"PXDN",0.210908365868929,0.0660894546118077,10.1841145970058,0.00195940720154114,0.00361336784098465,"EOD_vs_CN",91,"study_4"
"PZP",0.812449373643664,0.15962848882592,25.9042970652283,1.06712868300766e-06,3.29624193195698e-06,"EOD_vs_CN",151,"study_4"
"QPCT",-0.0730313296049045,0.0434269839117482,2.82812811533929,0.0947480585460883,0.128331109748173,"EOD_vs_CN",151,"study_4"
"RAD23B",0.115239304073169,0.0521113307227938,4.89031604232739,0.0297631891029607,0.0452140249760823,"EOD_vs_CN",86,"study_4"
"RCN1",-0.0054210446769396,0.0423590128232725,0.0163785070629399,0.898368748707449,0.914817968766997,"EOD_vs_CN",129,"study_4"
"RCN2",0.0224615348379995,0.0497724258011599,0.203657891190295,0.652526643451726,0.700452442649583,"EOD_vs_CN",134,"study_4"
"RECK",0.028688262024132,0.0570919862299346,0.252498134010358,0.616810661868826,0.67047258650844,"EOD_vs_CN",96,"study_4"
"RGMA",-0.155168246246187,0.045758015033911,11.4992985634099,0.000902416788739601,0.00179836463992551,"EOD_vs_CN",146,"study_4"
"RGMB",-0.214348243370523,0.0436534423861527,24.1103138766763,2.53858537769321e-06,7.48781681696246e-06,"EOD_vs_CN",151,"study_4"
"RIDA",-0.150584541748779,0.0448631384911758,11.2663043410936,0.00107304300873957,0.00208605563936784,"EOD_vs_CN",119,"study_4"
"RNF13",0.0512737586499892,0.0416472799530639,1.51571317316581,0.220262791048426,0.272753033013195,"EOD_vs_CN",147,"study_4"
"ROBO2",-0.0784956418753282,0.0538196390367034,2.12720590021244,0.147725688969111,0.191012751318199,"EOD_vs_CN",112,"study_4"
"ROBO4",0.180847113162594,0.083152534382363,4.73012023428883,0.0331716777076024,0.050050075455704,"EOD_vs_CN",90,"study_4"
"RTBDN",-0.019123315068212,0.0753017980952276,0.0644934585876667,0.80016826655788,0.829251735705836,"EOD_vs_CN",90,"study_4"
"RTN4RL1",-0.264709924554674,0.0642968697954902,16.9496520677258,8.42741291520282e-05,0.000196462959364896,"EOD_vs_CN",95,"study_4"
"S100A6",0.327002806896311,0.0785403462883502,17.3347402148744,5.5825827549906e-05,0.000135542183920296,"EOD_vs_CN",140,"study_4"
"SAA1",1.55898008172614,0.211134287318675,54.5209732364009,2.91351228333984e-11,1.90577979945523e-10,"EOD_vs_CN",135,"study_4"
"SAA4",0.313099731038037,0.109605765372294,8.16015843483893,0.00490519184684422,0.0086034279711211,"EOD_vs_CN",151,"study_4"
"SCGB1A1",0.989146367600904,0.158412348798482,38.9890859914718,3.51215751712489e-08,1.33750656131605e-07,"EOD_vs_CN",81,"study_4"
"SCN3B",-0.161080733942368,0.0682167067093702,5.57578091618114,0.0198661334152588,0.0312021756465647,"EOD_vs_CN",125,"study_4"
"SCN4B",-0.124118256449428,0.0359275532679592,11.9348248115258,0.000717756006069978,0.00145117214318148,"EOD_vs_CN",151,"study_4"
"SCPEP1",-0.0267333224898048,0.0721665146182225,0.137225370780729,0.712125729760221,0.755614323944051,"EOD_vs_CN",87,"study_4"
"SCUBE1",-0.106406941352068,0.0545691997373112,3.8022857295962,0.0548036154515767,0.0785330159563831,"EOD_vs_CN",83,"study_4"
"SELENOM",-0.269754095710746,0.0497774714852543,29.3677334820054,2.39993846247154e-07,8.23682583416158e-07,"EOD_vs_CN",151,"study_4"
"SEMA3B",0.0804057558354696,0.0549378569510047,2.14205614160098,0.145570334534552,0.188444949944612,"EOD_vs_CN",141,"study_4"
"SEMA3C",-0.0926680299415095,0.0567309601992642,2.66820744781555,0.105087252656012,0.14045315499217,"EOD_vs_CN",120,"study_4"
"SEMA3F",0.00206782042787257,0.0643545644445231,0.00103244501600224,0.974440122826018,0.977957957204452,"EOD_vs_CN",108,"study_4"
"SEMA6B",-0.126967051823071,0.0673971973733059,3.54893786783308,0.0621831424842697,0.0876396127281469,"EOD_vs_CN",115,"study_4"
"SERPINA10",0.155725363433575,0.0937440350075748,2.75950649457305,0.0990538891874236,0.133350998518662,"EOD_vs_CN",143,"study_4"
"SERPINB1",0.0869603297193757,0.0503775012209165,2.97967646767517,0.0872022168018436,0.119272896781857,"EOD_vs_CN",112,"study_4"
"SERPINE2",-0.450485788304446,0.0820602778101975,30.1367366775883,1.74551624016026e-07,6.14244955398166e-07,"EOD_vs_CN",151,"study_4"
"SF3A1",-0.391387333056319,0.058276903437875,45.104575230325,6.48325824907219e-10,3.20417029909701e-09,"EOD_vs_CN",129,"study_4"
"SFRP1",0.440020407435323,0.102945572608232,18.2696526500433,7.2187425496892e-05,0.000170792376920306,"EOD_vs_CN",79,"study_4"
"SFRP4",0.361147304877947,0.0672823910903708,28.8115035111613,2.99543821187272e-07,9.97283620240259e-07,"EOD_vs_CN",151,"study_4"
"SGCE",-0.19285543243175,0.0245634442229906,61.6432075455544,1.21023297443548e-12,1.01952959664564e-11,"EOD_vs_CN",151,"study_4"
"SH3BGRL",0.272775488203198,0.0379314652567845,51.714394564102,3.20713855530568e-11,2.0734523683139e-10,"EOD_vs_CN",147,"study_4"
"SH3BGRL3",0.296134052869978,0.042066832499708,49.5560949410036,8.26105017862520e-11,4.86046973472552e-10,"EOD_vs_CN",142,"study_4"
"SHBG",0.189209986753244,0.0919907354634415,4.23058016152243,0.0414526696924935,0.0612970328431554,"EOD_vs_CN",151,"study_4"
"SIGLEC14",0.00686535625844531,0.0978659864743196,0.00492110465565059,0.944176922121824,0.953610115712505,"EOD_vs_CN",138,"study_4"
"SIL1",0.02215005952681,0.0401145104801787,0.304892542361073,0.581708064753618,0.637928370814619,"EOD_vs_CN",147,"study_4"
"SLC24A2",-0.407325537984745,0.05704001860747,50.9945733458112,1.33195016629454e-10,7.36879892994792e-10,"EOD_vs_CN",113,"study_4"
"SLC38A10",-0.143807675424422,0.027243736880346,27.8631862484021,4.5626209638021e-07,1.48351886308419e-06,"EOD_vs_CN",151,"study_4"
"SLC39A12",0.323027705129022,0.100717715100249,10.2865043646329,0.00170974339953613,0.00322188832808493,"EOD_vs_CN",134,"study_4"
"SLC3A2",-0.167895516868639,0.022030127073921,58.0823520843771,2.82686766978798e-12,2.2294162048257e-11,"EOD_vs_CN",151,"study_4"
"SLITRK5",-0.117666517977427,0.0711063674022349,2.73834913257413,0.100458255508152,0.134914951841866,"EOD_vs_CN",128,"study_4"
"SLPI",0.6722438252279,0.0705760970010437,90.7273798466834,5.66984257255073e-17,9.69979221642524e-16,"EOD_vs_CN",151,"study_4"
"SMPD1",0.016051368811417,0.066262383589854,0.0586799910200915,0.809162627279337,0.83701287584616,"EOD_vs_CN",103,"study_4"
"SMPDL3A",-0.00466810108317706,0.0571045520473571,0.00668250119691063,0.934984933440905,0.945184769078442,"EOD_vs_CN",122,"study_4"
"SMPDL3B",-0.636252567615841,0.088581939308047,51.5903801396031,1.10047637341687e-10,6.24468607511567e-10,"EOD_vs_CN",128,"study_4"
"SNCG",0.680349581522641,0.0703458319353735,93.5378759428634,1.0126872578901e-16,1.65604151584381e-15,"EOD_vs_CN",136,"study_4"
"SNED1",0.111279384612881,0.0393278106629707,8.0062636926868,0.00532763122615457,0.00922792199919608,"EOD_vs_CN",146,"study_4"
"SORCS1",-0.111544163850377,0.0479880136148627,5.40291528188975,0.021461920827343,0.0335186677680697,"EOD_vs_CN",151,"study_4"
"SORL1",-0.0557720347034367,0.034241452351348,2.65294730565592,0.105551520834696,0.140821319284773,"EOD_vs_CN",151,"study_4"
"SORT1",0.236963712174626,0.0453862783230476,27.259290339158,5.97149264943873e-07,1.89722852176453e-06,"EOD_vs_CN",151,"study_4"
"SPINK5",0.249352559493379,0.0730750144725472,11.6436687238654,0.000946778258560731,0.00187334061124472,"EOD_vs_CN",98,"study_4"
"SPINT1",-0.214871557743207,0.0504112696325562,18.1678105981424,3.57288616773753e-05,8.86841388063422e-05,"EOD_vs_CN",151,"study_4"
"SPON2",0.12118640160738,0.0561645764288339,4.65567659292144,0.0332669056186881,0.0500762949717639,"EOD_vs_CN",119,"study_4"
"SRGN",0.219524102599907,0.0792064737162001,7.68144743882543,0.00690611176347768,0.011742501958696,"EOD_vs_CN",86,"study_4"
"SSC5D",0.253706108540276,0.0356094211662188,50.7612162601236,5.57936166081774e-11,3.41694204061642e-10,"EOD_vs_CN",151,"study_4"
"SST",-0.440446775422211,0.0732427037735158,36.1624739290838,1.64806615494213e-08,6.5686364311672e-08,"EOD_vs_CN",144,"study_4"
"ST3GAL6",-0.0773063832152285,0.0789795591458594,0.958078953684722,0.330060802967108,0.388389008359179,"EOD_vs_CN",108,"study_4"
"ST6GALNAC1",-0.204214419497573,0.0502015686348559,16.5477226447305,8.08427892865648e-05,0.000188859625392143,"EOD_vs_CN",136,"study_4"
"ST8SIA3",-0.392416944397058,0.0492754289496546,63.4212323163734,4.51447259172265e-13,3.95282954487841e-12,"EOD_vs_CN",151,"study_4"
"ST8SIA5",-0.451155251323313,0.0618126049008765,53.2718699489555,3.04543786267371e-11,1.98042508964512e-10,"EOD_vs_CN",127,"study_4"
"STMN3",-0.0262271438154933,0.0498814743886675,0.276454352444846,0.600051709602251,0.655459234850396,"EOD_vs_CN",118,"study_4"
"SYT1",0.138227871164704,0.0679959368690445,4.13261849585621,0.0459159439755851,0.0670939943506579,"EOD_vs_CN",84,"study_4"
"TAC1",-0.432440299705922,0.0648998922335987,44.3980982602921,2.24712176495579e-09,1.02831251137072e-08,"EOD_vs_CN",90,"study_4"
"TAC3",-0.11076632123362,0.116181269085867,0.908956777304942,0.343080307468499,0.401584528321022,"EOD_vs_CN",92,"study_4"
"TAGLN3",0.29004437554981,0.0763103936355622,14.4464623063952,0.000364595570215132,0.000763522173407207,"EOD_vs_CN",99,"study_4"
"TBCA",0.180552921535809,0.0567974895905318,10.1053360185781,0.00196869918001155,0.00362449253008748,"EOD_vs_CN",115,"study_4"
"TCN2",-0.0558735055406636,0.0448950991420855,1.54886644200121,0.215334187823762,0.267245108102705,"EOD_vs_CN",151,"study_4"
"TFRC",-0.0831408916564662,0.0357634046975771,5.40445171805572,0.0214917357181957,0.0335186677680697,"EOD_vs_CN",146,"study_4"
"THBS1",0.136764479874374,0.0899859240959956,2.30992284728972,0.131595193666623,0.171551999246523,"EOD_vs_CN",106,"study_4"
"THBS2",0.132558281424641,0.0341394873003797,15.0764725233927,0.000155680867675321,0.000350439523997889,"EOD_vs_CN",151,"study_4"
"THBS4",-0.00693619085487018,0.0354290869174991,0.0383285287972224,0.845052376785469,0.869286071216875,"EOD_vs_CN",151,"study_4"
"THSD4",0.312819624534907,0.0694382513030641,20.2950642399987,1.71419629364023e-05,4.42270598266342e-05,"EOD_vs_CN",108,"study_4"
"TIE1",0.0736062256293133,0.0901006657670624,0.66737986091645,0.417380365662514,0.477988637092395,"EOD_vs_CN",99,"study_4"
"TMED4",0.0536368445002307,0.055609579636467,0.930308985603258,0.337367438348013,0.39656722139851,"EOD_vs_CN",92,"study_4"
"TMEFF1",0.159536933862201,0.0462686080114531,11.8891173644909,0.000904987666446633,0.00180026169067738,"EOD_vs_CN",87,"study_4"
"TMEM132C",-0.128243009026159,0.0275198657701255,21.7157471626068,7.1044722597947e-06,1.91751775555624e-05,"EOD_vs_CN",151,"study_4"
"TMEM132D",-0.28679010541338,0.0616962893224577,21.6077844167579,7.67801699945867e-06,2.05733853093929e-05,"EOD_vs_CN",151,"study_4"
"TMEM132E",-0.293363391104466,0.0544657699056767,29.0111229953513,4.42956441378357e-07,1.4487281259198e-06,"EOD_vs_CN",109,"study_4"
"TMEM25",0.248315263898745,0.0805960481388017,9.49247228011346,0.00265550844253058,0.00478594066141653,"EOD_vs_CN",118,"study_4"
"TMSB4X",0.27573564388521,0.0402441854703467,46.9439399743052,1.80059311001357e-10,9.58018917863678e-10,"EOD_vs_CN",151,"study_4"
"TNC",0.324852979194863,0.0613819841622527,28.0086297333293,7.72585444962145e-07,2.42004229520537e-06,"EOD_vs_CN",99,"study_4"
"TNFRSF12A",0.159238696720149,0.0426940224653844,13.9111515013788,0.000303772215981924,0.000649605200330575,"EOD_vs_CN",118,"study_4"
"TNFRSF19",0.263469023745823,0.0558870483299734,22.2247445772627,1.26269435871904e-05,3.31942346783824e-05,"EOD_vs_CN",81,"study_4"
"TPBG",0.0598177367745096,0.0604031970236236,0.980708870386719,0.324351898342067,0.383701394634446,"EOD_vs_CN",113,"study_4"
"TPPP3",0.159144131222936,0.0618827583141135,6.61366097618572,0.0125653336354497,0.0205178428819679,"EOD_vs_CN",84,"study_4"
"TTR",0.00989338625660707,0.0591570282413693,0.0279690188784965,0.867411864786898,0.889817337309069,"EOD_vs_CN",151,"study_4"
"TXNDC17",0.058699258906552,0.0486549415174775,1.45549704027823,0.230176066616127,0.283450482920413,"EOD_vs_CN",143,"study_4"
"TYRO3",-0.135500630870956,0.0329281480148367,16.9335503685073,6.53802387854428e-05,0.000157025541100243,"EOD_vs_CN",151,"study_4"
"UCHL1",0.880030520344894,0.0510006246007002,297.745000963193,2.06202730314025e-34,7.64324787030652e-32,"EOD_vs_CN",123,"study_4"
"UNC5A",-0.198635369345564,0.0702227862052573,8.00123545720391,0.00559450008564794,0.00964509162052792,"EOD_vs_CN",134,"study_4"
"UNC5B",-0.283919993817657,0.0333211592526772,72.6025290588887,3.05913107098086e-14,3.43611489993001e-13,"EOD_vs_CN",135,"study_4"
"UNC5C",-0.155169644162967,0.0455698263126693,11.5946803929385,0.000973205183044017,0.0019154055991946,"EOD_vs_CN",110,"study_4"
"VAPA",-0.00308814601953689,0.0493966157103959,0.00390842033272764,0.950259695316116,0.958013400898931,"EOD_vs_CN",133,"study_4"
"VASN",0.17800489344833,0.0265622864355684,44.9089572977912,4.10910358107429e-10,2.0960198083278e-09,"EOD_vs_CN",151,"study_4"
"VCAM1",0.0590295454534093,0.0330409217714763,3.19179190274124,0.0760559263348359,0.105717737605422,"EOD_vs_CN",151,"study_4"
"VCL",0.120120430001758,0.0519179966058464,5.35300815470147,0.0228806999117178,0.035535388689707,"EOD_vs_CN",113,"study_4"
"VIM",0.284194040386748,0.140872634678428,4.0698336537562,0.0455746473601078,0.0669471702304358,"EOD_vs_CN",148,"study_4"
"VLDLR",0.0151773554154699,0.0483033863013305,0.0987272528672103,0.754042397287523,0.789543451773753,"EOD_vs_CN",104,"study_4"
"VWA1",-0.0545683317679906,0.03882279566899,1.9756396864148,0.162017106148845,0.207561085296677,"EOD_vs_CN",151,"study_4"
"VWC2",-0.276270159374822,0.0498247062250856,30.7452807420213,3.46684432408952e-07,1.14736038344868e-06,"EOD_vs_CN",112,"study_4"
"VWF",0.105295557739947,0.0432794042029584,5.91912554749466,0.0162434265718942,0.0260644882365747,"EOD_vs_CN",142,"study_4"
"WBP2",-0.00998793904259809,0.0411368485374541,0.0589508037782909,0.808505925100929,0.83701287584616,"EOD_vs_CN",151,"study_4"
"WDR1",0.231952245638675,0.0849016509829076,7.46388418361554,0.00760867695144084,0.0128780042161373,"EOD_vs_CN",107,"study_4"
"WSCD1",-0.338226816874739,0.04782783487375,50.0097443498376,1.06233540924339e-10,6.08926275813735e-10,"EOD_vs_CN",136,"study_4"
"XXYLT1",-0.51963237030131,0.0447162622401516,135.039681838506,1.45228189120892e-22,8.49967085802275e-21,"EOD_vs_CN",151,"study_4"
"XYLT1",-0.268947495115312,0.0558206510172686,23.2137451950834,4.98250259461898e-06,1.3816815175103e-05,"EOD_vs_CN",107,"study_4"
"YWHAB",0.618069149193347,0.075047604517012,67.8266650900716,1.47731127998992e-11,1.05305778419794e-10,"EOD_vs_CN",98,"study_4"
"YWHAE",0.658245213673808,0.0480987596650357,187.287013872137,1.4374351327329e-25,1.59842786759899e-23,"EOD_vs_CN",135,"study_4"
"YWHAG",0.801445697148352,0.0457220416804328,307.253594780804,2.68639759498685e-37,1.49363706281269e-34,"EOD_vs_CN",151,"study_4"
"YWHAH",0.450631848161462,0.0560201209083892,64.7076578356678,1.37615571510201e-12,1.14200384715928e-11,"EOD_vs_CN",112,"study_4"
"ARF3",0.251495635639281,0.0555370441682899,20.5066813171089,1.59181414964879e-05,4.12610101260945e-05,"EOD_vs_CN",107,"study_4"
"IGLC2",0.696694480620213,0.08534443617992,66.6398963173846,1.40357503465974e-13,1.38121720224923e-12,"EOD_vs_CN",151,"study_4"
"SAE1",0.133214548850203,0.0938284133323768,2.01574026926456,0.158535537269729,0.203569881574987,"EOD_vs_CN",118,"study_4"
"SUMO3",0.592870506994423,0.0515778404993499,132.127550348145,1.15493954959838e-20,4.77739158525189e-19,"EOD_vs_CN",115,"study_4"
"P0DOX5",0.857528819507154,0.0885834863703282,93.711288990829,1.75678685461028e-17,3.55190360423024e-16,"EOD_vs_CN",151,"study_4"
"P0DOX7",0.607475076981632,0.0998616073014733,37.0049503402371,1.3843450464373e-08,5.59778796959373e-08,"EOD_vs_CN",125,"study_4"
"P0DOX8",0.571910643582477,0.0826921745808013,47.8329903714042,1.35640790705687e-10,7.46695837944177e-10,"EOD_vs_CN",151,"study_4"
"P0DOX2",0.299274564080965,0.174025897923164,2.9574121123297,0.0875957821076756,0.119664016835056,"EOD_vs_CN",151,"study_4"
"ACTG2",0.199216418039132,0.0483343756780184,16.9878347460172,6.45854085223697e-05,0.000155452325274621,"EOD_vs_CN",140,"study_4"
"P0DOX3",0.280631532903241,0.132229137251844,4.50420977143377,0.0392993279000762,0.0583455976300196,"EOD_vs_CN",83,"study_4"
"IGKV1-33",0.805394429463067,0.103106989583286,61.0156200594689,1.14694223845469e-12,9.73587610047037e-12,"EOD_vs_CN",146,"study_4"
"AMY1A",-0.118711767166483,0.10256070224362,1.33975556098277,0.251142134109136,0.305213172818972,"EOD_vs_CN",85,"study_4"
"IGLV3-10",0.777157135521033,0.112102830436051,48.0600835686224,1.24532000801066e-10,6.93459837873742e-10,"EOD_vs_CN",151,"study_4"
"PLS1",0.0469705437443713,0.0588514855449188,0.636995428653757,0.426621297780796,0.486567059622815,"EOD_vs_CN",115,"study_4"
"ST13P4",0.443025644938022,0.0561062835754912,62.3497516738612,2.67852912541269e-11,1.78354753740055e-10,"EOD_vs_CN",101,"study_4"
"BTBD16",0.272273399415647,0.286372381844875,0.903957815554564,0.343546474821698,0.401707339644299,"EOD_vs_CN",131,"study_4"
"IGHV7-81",0.646571925016057,0.114579098561025,31.8436530754469,9.00243517272888e-08,3.25022984158264e-07,"EOD_vs_CN",151,"study_4"
"CROT",0.224013400786331,0.10378793769214,4.6585872477767,0.0325234354359965,0.0491386687565599,"EOD_vs_CN",149,"study_4"
"HYDIN",0.11647680987765,0.060319784638282,3.72871654991133,0.0559417186907451,0.0800607351146828,"EOD_vs_CN",122,"study_4"
"WDR87",0.122105358845056,0.0656695266364862,3.45733670543079,0.0655381826569737,0.0919022183033477,"EOD_vs_CN",117,"study_4"
"ZFP42",0.832722272808027,0.132610407564078,39.4316674154967,5.25143103167802e-09,2.27221451643033e-08,"EOD_vs_CN",126,"study_4"
"ITPR2",-0.0936086410221542,0.0979254147549299,0.913778722934107,0.341843245289946,0.400558154649547,"EOD_vs_CN",93,"study_4"
"TATDN1",-0.255618854471967,0.0457307661809074,31.2441571246571,2.31367920718341e-07,7.99009713785078e-07,"EOD_vs_CN",117,"study_4"
"VAMP1",0.209072461612878,0.0649564762711358,10.3597374799849,0.00195775493659403,0.00361336784098465,"EOD_vs_CN",90,"study_4"
"ZBTB18",-0.15102766937568,0.0436299089638093,11.9824169452203,0.000800546831182161,0.00160397851581002,"EOD_vs_CN",115,"study_4"
"TGM4",0.647104525478531,0.151545549284541,18.2331834570438,4.73310332167242e-05,0.000115929755367835,"EOD_vs_CN",95,"study_4"
"CLCNKB",-0.396980653624708,0.056256438743298,49.7959718388605,6.22508871597176e-11,3.76211883269598e-10,"EOD_vs_CN",151,"study_4"
"USH2A",-0.311496754418251,0.0551660005961852,31.8833577604491,1.37945086604914e-07,4.94822375176337e-07,"EOD_vs_CN",119,"study_4"
