"Protein","Log2FC","SE","F_value","P_value","FDR","Comparison","N","Study"
"MT3",-0.13365840297479,0.0864901466648377,2.38813716956396,0.127923575547612,0.404730628774598,"EOAD_vs_CN",62,"study_5"
"NFASC",-0.107929424701681,0.0503943790689981,4.58686044976133,0.036305337157525,0.202035388947558,"EOAD_vs_CN",62,"study_5"
"ALDOA",0.299946882323529,0.0538320809613099,31.04605106502,1.1188775666848e-06,5.13285083716651e-05,"EOAD_vs_CN",62,"study_5"
"LSAMP",-0.0995355381134454,0.0467448301440721,4.53407986127418,0.0377569923067526,0.204377819713543,"EOAD_vs_CN",62,"study_5"
"PARK7",0.303862812689076,0.0361874285689717,70.5082051513141,1.38200241814108e-11,2.30543130662625e-09,"EOAD_vs_CN",62,"study_5"
"YWHAZ",0.597983115512605,0.0364697666023574,268.85113557711,3.15386479036565e-21,5.78734189032096e-18,"EOAD_vs_CN",62,"study_5"
"CXCL16",0.114172745012605,0.0438430044948616,6.78147662984851,0.011595739550392,0.0998975684270858,"EOAD_vs_CN",62,"study_5"
"CST7",-0.0639759467563025,0.112720480993791,0.322127481049904,0.572560394005768,0.820566455922413,"EOAD_vs_CN",62,"study_5"
"SELENBP1",-0.150252231453782,0.0565419851605103,7.06154541648315,0.0101565255197006,0.0909132894080515,"EOAD_vs_CN",62,"study_5"
"PROCR",-0.0543439828067227,0.0731787830482937,0.551483549848312,0.46097430372942,0.756714015544857,"EOAD_vs_CN",62,"study_5"
"NCAN",-0.0339064645378151,0.0783953471110661,0.187061512200345,0.666995433599812,0.860723610162478,"EOAD_vs_CN",62,"study_5"
"NICOL1",-0.262739588705882,0.110468833869263,5.65680870287422,0.0212790585265605,0.147545878394635,"EOAD_vs_CN",62,"study_5"
"DPP7",0.00583662007773111,0.100044752648875,0.00340356633932511,0.953698429235747,0.983475346192762,"EOAD_vs_CN",62,"study_5"
"ICOSLG",-0.0184979051092437,0.0843047868419162,0.0481438287107337,0.827070011910503,0.934570169434353,"EOAD_vs_CN",62,"study_5"
"PAPLN",0.0255730978403361,0.0541115424822896,0.223350460661052,0.638562288734997,0.850335123242902,"EOAD_vs_CN",62,"study_5"
"FOLR2",-0.0453000317752101,0.0636343934196072,0.506772682167914,0.479575561667094,0.766568950922576,"EOAD_vs_CN",62,"study_5"
"GC",-0.0697262845546218,0.11348957557906,0.377468837953336,0.541535120298557,0.802031433210534,"EOAD_vs_CN",62,"study_5"
"HBA1",0.313963405457983,0.416828772526537,0.567339058002428,0.454278438859541,0.75597673286097,"EOAD_vs_CN",62,"study_5"
"IGLV3-19",-0.203918022634454,0.201755982424285,1.02154706412451,0.316277704996518,0.651368786384523,"EOAD_vs_CN",62,"study_5"
"FBLN5",0.0778766729642857,0.035488338778951,4.81552274016012,0.0325297297003759,0.19258479992927,"EOAD_vs_CN",62,"study_5"
"LAMP2",0.0699025018613445,0.0537962397850337,1.6884243161414,0.199149526421235,0.508207499317086,"EOAD_vs_CN",62,"study_5"
"NUCB2",0.0613729795630252,0.0725568302138134,0.715480518924924,0.40188921682087,0.721591695563891,"EOAD_vs_CN",62,"study_5"
"PDGFB",-0.142664371132353,0.0529045126847896,7.27186178933672,0.00938811250940134,0.0874476469784338,"EOAD_vs_CN",62,"study_5"
"ITIH2",0.0026430645,0.140908640312216,0.000351836000069195,0.985096966142921,0.997632760547841,"EOAD_vs_CN",62,"study_5"
"CSF1R",-0.0851824730840336,0.0561135107027085,2.30444107507638,0.134256539714587,0.412502663660863,"EOAD_vs_CN",62,"study_5"
"PGLYRP2",-0.0876757090546219,0.110120174708206,0.633905894470191,0.42911309745584,0.740674271253897,"EOAD_vs_CN",62,"study_5"
"IGHM",0.0444545765609244,0.29365949000262,0.0229163198540787,0.880215067066091,0.954772423714634,"EOAD_vs_CN",62,"study_5"
"LAMA2",-0.0179607378340336,0.0359512625443727,0.249585904159343,0.619597360266982,0.843086622581683,"EOAD_vs_CN",62,"study_5"
"COL23A1",0.00885301426890757,0.0636636426447914,0.0193374569703972,0.889894237639178,0.956256794027433,"EOAD_vs_CN",62,"study_5"
"APLP2",-0.0459473817331933,0.0738293753543625,0.387313958689294,0.536142058833796,0.797242673900417,"EOAD_vs_CN",62,"study_5"
"AGA",0.109679925680672,0.0732312754082339,2.24316437526162,0.14059447777174,0.42176731397332,"EOAD_vs_CN",62,"study_5"
"CFI",-0.175124047023109,0.100801989965818,3.01823713724247,0.0876052595533142,0.324439898291216,"EOAD_vs_CN",62,"study_5"
"CD44",0.0604334346932773,0.0376040473986646,2.58276785591692,0.113282976580795,0.378641643034169,"EOAD_vs_CN",62,"study_5"
"IGSF8",-0.0279690457605042,0.0381881812254704,0.536410597379941,0.467171915911029,0.760657023688321,"EOAD_vs_CN",62,"study_5"
"CNTNAP4",-0.0681873518823529,0.0717916895696365,0.902109591791147,0.34628394038986,0.682525274560036,"EOAD_vs_CN",62,"study_5"
"C1QC",-0.0208742000168067,0.0500589886029053,0.173882365404183,0.678235246884401,0.864848415812655,"EOAD_vs_CN",62,"study_5"
"C1R",0.00762211949579833,0.0389480604496903,0.0382983298728547,0.845649293853263,0.941034841856118,"EOAD_vs_CN",62,"study_5"
"CPN2",-0.0789594789747899,0.140677297212332,0.315036240612481,0.576773578203913,0.822361706296954,"EOAD_vs_CN",62,"study_5"
"AMBP",-0.0354537237752101,0.112752173202253,0.0988721255902583,0.754309601212908,0.901603477019406,"EOAD_vs_CN",62,"study_5"
"C5",-0.0083731638592437,0.13521695594627,0.00383457177344511,0.950837701409993,0.982072053674937,"EOAD_vs_CN",62,"study_5"
"HEXA",0.0442258572521008,0.0790152951565327,0.313278208203101,0.577858428600771,0.822615694663838,"EOAD_vs_CN",62,"study_5"
"DBI",0.0632880763340336,0.0387032932000857,2.67391717408619,0.107549049308495,0.367509321193832,"EOAD_vs_CN",62,"study_5"
"C1QA",0.00718114827100838,0.0513096293716843,0.0195879971619444,0.889168614317585,0.956256794027433,"EOAD_vs_CN",62,"study_5"
"NRXN3",-0.00513867189705883,0.0664341636682495,0.00598299767068274,0.938617489008795,0.977248817868311,"EOAD_vs_CN",62,"study_5"
"C6",0.0185632398991596,0.138314479073387,0.0180124282407112,0.893700933241002,0.957350386746783,"EOAD_vs_CN",62,"study_5"
"CLEC3B",0.00990636690546219,0.0320955734477407,0.0952661334538973,0.758759826319697,0.90351997488426,"EOAD_vs_CN",62,"study_5"
"SPARCL1",-0.095615943262605,0.068540600916671,1.94609847400526,0.168341075882619,0.458317320837694,"EOAD_vs_CN",62,"study_5"
"GAP43",0.290212129357143,0.0661284940592965,19.2598922959632,5.65288999643914e-05,0.00144070182548136,"EOAD_vs_CN",62,"study_5"
"MT1X",-0.000188632184873971,0.0813865363631426,5.37188191862633e-06,0.998158427963998,0.999247526085072,"EOAD_vs_CN",62,"study_5"
"MCAM",-0.139656225352941,0.0509879406088539,7.50214850665764,0.00810334697188713,0.0782612720705941,"EOAD_vs_CN",62,"study_5"
"SCG2",-0.271300546781513,0.0776755603200762,12.1992336275246,0.00105257398594276,0.0177039419859485,"EOAD_vs_CN",62,"study_5"
"LMAN1",-0.0467056542731092,0.0316593824895011,2.17637656559958,0.14578047751131,0.430768399731487,"EOAD_vs_CN",62,"study_5"
"HBD",0.252594308271008,0.332719475696233,0.576355808980581,0.4507291958244,0.7548998228203,"EOAD_vs_CN",62,"study_5"
"ADGRB2",-0.228975380894958,0.0916674460673233,6.2394644819746,0.0157270270324453,0.119747280516751,"EOAD_vs_CN",62,"study_5"
"LTBP4",0.0524397491512605,0.0519288698994638,1.01977290407951,0.317409876498706,0.652967627102159,"EOAD_vs_CN",62,"study_5"
"IGHG3",-0.0694932321722689,0.220139535542438,0.0996526681464549,0.753448697026694,0.901603477019406,"EOAD_vs_CN",62,"study_5"
"PON1",-0.109205127445378,0.188986919339548,0.333904728078758,0.565534887270739,0.814565555841292,"EOAD_vs_CN",62,"study_5"
"AXL",-0.0249638027331933,0.0353968176955497,0.497385414757504,0.483392898439874,0.766724912774555,"EOAD_vs_CN",62,"study_5"
"CADM1",-0.0789110954831933,0.0549804018044973,2.05996729909109,0.157495944061534,0.446127698916303,"EOAD_vs_CN",62,"study_5"
"APOD",0.0126891671617647,0.0744295086605822,0.0290653751739642,0.865241334682701,0.946760792571709,"EOAD_vs_CN",62,"study_5"
"SPON1",0.114166085855042,0.0389923950460578,8.57263631492307,0.00492041031027439,0.0540655863434341,"EOAD_vs_CN",62,"study_5"
"MGAT1",-0.054535739592437,0.0341646115467674,2.54805876763373,0.115986337848049,0.383486360272377,"EOAD_vs_CN",62,"study_5"
"SERPINF2",-0.0722438129768907,0.111277387850608,0.421490193396394,0.518853150753385,0.791182821742104,"EOAD_vs_CN",62,"study_5"
"CP",-0.0507556196407563,0.10328444478613,0.241489598669246,0.625002972063236,0.843563516523458,"EOAD_vs_CN",62,"study_5"
"PCSK1",-0.420034449216387,0.114360094984597,13.4902751102738,0.000555998471700936,0.0108537999528853,"EOAD_vs_CN",62,"study_5"
"CPB2",-0.0239489861638656,0.116066250536478,0.0425757548124095,0.837260543948025,0.938405500272777,"EOAD_vs_CN",62,"study_5"
"SPARC",0.0392731947457983,0.04903577339621,0.641455308300015,0.426512234591964,0.740674271253897,"EOAD_vs_CN",62,"study_5"
"LYVE1",-0.108543409052521,0.0510236582509449,4.52547040173372,0.0375623016176015,0.204377819713543,"EOAD_vs_CN",62,"study_5"
"IGKC",-0.0991413962836135,0.165411618295569,0.359234502084769,0.551308193957244,0.805874087840305,"EOAD_vs_CN",62,"study_5"
"IGHG4",-0.130720480462185,0.296370155895627,0.194544220645718,0.660840612157484,0.860030158375166,"EOAD_vs_CN",62,"study_5"
"CNDP1",-0.0108565114831933,0.0625820138940424,0.0300941112976427,0.862933426140272,0.946760792571709,"EOAD_vs_CN",62,"study_5"
"EFNB2",-0.094821961644958,0.0510086215108415,3.45565754266147,0.0691380924187286,0.2847425412746,"EOAD_vs_CN",62,"study_5"
"PRRT2",0.0140838042962185,0.086532429642745,0.0264900127541426,0.871328758746678,0.949525914214188,"EOAD_vs_CN",62,"study_5"
"RNASET2",0.0207591242773109,0.050230835570346,0.170795825882753,0.681122392168797,0.86694945561321,"EOAD_vs_CN",62,"study_5"
"PNOC",-0.315621211394958,0.107792583754331,8.5734298925783,0.00527504312598121,0.0572763558353581,"EOAD_vs_CN",62,"study_5"
"PLTP",-0.031681675565126,0.039739430144501,0.635584085531194,0.428855215405856,0.740674271253897,"EOAD_vs_CN",62,"study_5"
"ATRN",-0.0864089047521008,0.04694503757845,3.38795488688742,0.0706290534915394,0.2873709826097,"EOAD_vs_CN",62,"study_5"
"LGALS1",0.141300168392857,0.0390157895864112,13.1160951320843,0.000653161973672891,0.0118668536800966,"EOAD_vs_CN",62,"study_5"
"OMG",-0.0480824687184874,0.072656893196132,0.437945298526202,0.510876778050368,0.789106807847159,"EOAD_vs_CN",62,"study_5"
"IGLL5",-0.0418251845819327,0.177828967419371,0.0553185412279385,0.814874799739349,0.929332043208021,"EOAD_vs_CN",62,"study_5"
"FAT2",-0.0904447674705882,0.0764135018614847,1.40096307021272,0.241230686527998,0.568312622929541,"EOAD_vs_CN",62,"study_5"
"AHSG",-0.169160675409664,0.120580613236536,1.96808496919622,0.166548990413997,0.455498613521811,"EOAD_vs_CN",62,"study_5"
"IGFBP6",0.0122593594915966,0.0696714073187013,0.0309618138077556,0.860924114437854,0.946488338994301,"EOAD_vs_CN",62,"study_5"
"CFHR2",0.169038797892857,0.186886699669565,0.818118101520531,0.369375636539427,0.704578267203585,"EOAD_vs_CN",62,"study_5"
"IGHV3-72",-0.102944583548319,0.164882563880114,0.389814094765441,0.534794892327804,0.795967497617179,"EOAD_vs_CN",62,"study_5"
"NPPC",-0.038389480039916,0.053546265953928,0.514003502565252,0.476436526142871,0.764732991092043,"EOAD_vs_CN",62,"study_5"
"CPE",0.0437183716743697,0.0544372387109461,0.644964454378136,0.425090161109273,0.740674271253897,"EOAD_vs_CN",62,"study_5"
"HSPA8",0.138628741880252,0.0484383553544356,8.19082761363074,0.0062216857829875,0.0637809687809054,"EOAD_vs_CN",62,"study_5"
"C4BPA",-0.090585226184874,0.185173113998096,0.239308919603227,0.626556208887536,0.843563516523458,"EOAD_vs_CN",62,"study_5"
"VTN",-0.105853974882353,0.114573388939764,0.853585095064173,0.359381981399508,0.691692184405983,"EOAD_vs_CN",62,"study_5"
"SEMA6A",-0.0532629118172269,0.0510823910747569,1.0871948211376,0.301328861641137,0.631395547057838,"EOAD_vs_CN",62,"study_5"
"WFDC1",-0.0875255211743697,0.112165097176653,0.608911164584382,0.438333362683884,0.745364341841765,"EOAD_vs_CN",62,"study_5"
"NPTX1",-0.159384986439076,0.0685446479497188,5.40689230370073,0.023671352597534,0.157952480059909,"EOAD_vs_CN",62,"study_5"
"PTN",0.131686033245798,0.0685602714076305,3.68921847703765,0.0598049276499662,0.261914181951523,"EOAD_vs_CN",62,"study_5"
"DCN",0.0139080006617647,0.0718080482990054,0.0375131176680481,0.847106408808502,0.941955005184631,"EOAD_vs_CN",62,"study_5"
"MEGF10",0.0518648948802521,0.0419438840407621,1.52900785286257,0.221395749464611,0.546050000359624,"EOAD_vs_CN",62,"study_5"
"PSAP",0.042062834052521,0.0471675172597314,0.795263457867713,0.376693269324355,0.708229661076015,"EOAD_vs_CN",62,"study_5"
"IGLV3-21",0.0237964198529412,0.149235007925928,0.025426221126944,0.873847030452748,0.951073132195013,"EOAD_vs_CN",62,"study_5"
"GGH",0.0379701385882353,0.0652506622885226,0.338621490033857,0.562806167945202,0.813355187706845,"EOAD_vs_CN",62,"study_5"
"F10",0.0546710289285714,0.0666237106605004,0.673374801119916,0.415143877587159,0.731785797668047,"EOAD_vs_CN",62,"study_5"
"KRT2",-0.0320029617163866,0.25155873867716,0.0161845834778198,0.899196365908476,0.958138784503279,"EOAD_vs_CN",62,"study_5"
"GALNT2",-0.0272932228193277,0.0177566383789081,2.36258880153142,0.129539535557603,0.406333414954191,"EOAD_vs_CN",62,"study_5"
"NTNG1",-0.107486555840336,0.0596289976793666,3.24932592651684,0.077216087166997,0.304059055689784,"EOAD_vs_CN",62,"study_5"
"CD55",-0.0739005628886555,0.0433537981647055,2.90563588127041,0.0945754730115013,0.336329443752141,"EOAD_vs_CN",62,"study_5"
"CD99L2",-0.0602072201281513,0.0730176759752629,0.679893891188525,0.413150775674766,0.731785797668047,"EOAD_vs_CN",62,"study_5"
"IGHA1",-0.00153882011974787,0.20302138387695,5.74502793013908e-05,0.993978661004423,0.998472740562973,"EOAD_vs_CN",62,"study_5"
"ACYP2",0.0139915566953781,0.0431447300383424,0.105166291951467,0.746982131432671,0.901035498775104,"EOAD_vs_CN",62,"study_5"
"EFEMP2",0.0367073753487395,0.030939789542126,1.40757632950674,0.240488932148772,0.568312622929541,"EOAD_vs_CN",62,"study_5"
"CHI3L1",0.236566265415966,0.08706492841124,7.38276650590259,0.00963398212687995,0.0888359658433402,"EOAD_vs_CN",62,"study_5"
"FAM3C",-0.086369230894958,0.0610805634084521,1.99945684891495,0.162948582363625,0.449640073138725,"EOAD_vs_CN",62,"study_5"
"IGKV1-5",-0.111592920144958,0.219919766327794,0.25748074306195,0.613893320168242,0.839978839489575,"EOAD_vs_CN",62,"study_5"
"CRTAC1",-0.0908533787605042,0.0523694278496772,3.0097228653959,0.0885308788852126,0.325559444397525,"EOAD_vs_CN",62,"study_5"
"IL6ST",-0.0451563389285714,0.058373051116276,0.598429039159558,0.442258438289341,0.74659083188679,"EOAD_vs_CN",62,"study_5"
"PRSS1",0.0193326808844538,0.0671215626187924,0.0829583389291596,0.774390218666151,0.910317777868281,"EOAD_vs_CN",62,"study_5"
"CTSH",-0.130724535016807,0.109408238883667,1.42762504009244,0.238665724210572,0.568312622929541,"EOAD_vs_CN",62,"study_5"
"SEMA6D",-0.104235909535714,0.0493156761514948,4.4675018049469,0.0392668391222007,0.208492806430809,"EOAD_vs_CN",62,"study_5"
"TIMP1",0.116191253478992,0.0582864806056181,3.97384760278025,0.0511818455112442,0.244778024523744,"EOAD_vs_CN",62,"study_5"
"IDS",-0.0239817938907563,0.0553999964544442,0.187388898537056,0.666713227265591,0.860723610162478,"EOAD_vs_CN",62,"study_5"
"SELL",-0.0441867667436975,0.0589808646548566,0.561257527382409,0.456869455483392,0.756430452821454,"EOAD_vs_CN",62,"study_5"
"PROS1",0.0199341191785714,0.0543138219825378,0.134701791505524,0.715038503387612,0.884161491722553,"EOAD_vs_CN",62,"study_5"
"CYCS",0.091862565,0.0449865418865059,4.16976821846959,0.0456302564312604,0.231114610769565,"EOAD_vs_CN",62,"study_5"
"ADAMTS4",-0.012496120815126,0.04148402530889,0.090737884496403,0.764312948472892,0.906602624723825,"EOAD_vs_CN",62,"study_5"
"NELL2",-0.186213907766807,0.074904798697227,6.1802343799471,0.016032681762723,0.121069839648546,"EOAD_vs_CN",62,"study_5"
"TAFA5",-0.0383852047773109,0.0519566518438952,0.545814928821189,0.463301388499878,0.757041894832837,"EOAD_vs_CN",62,"study_5"
"TNFRSF21",-0.158138900886555,0.0717454344787777,4.85835104608382,0.0320426455873474,0.190903424197345,"EOAD_vs_CN",62,"study_5"
"IGKV1D-33",-0.115888862642857,0.145942649968811,0.630549151750325,0.430602847642446,0.740752190689464,"EOAD_vs_CN",62,"study_5"
"CTSB",0.0624804076596639,0.0549567057452959,1.29254694307446,0.26093884726267,0.591869944038319,"EOAD_vs_CN",62,"study_5"
"LAMP1",0.0626213527773109,0.0437499093077637,2.04875759370671,0.158028885174712,0.446127698916303,"EOAD_vs_CN",62,"study_5"
"IGFBP7",0.0350398120882353,0.0804921851690015,0.189503005281146,0.665047403109119,0.860723610162478,"EOAD_vs_CN",62,"study_5"
"SEZ6L2",-0.0874530899705882,0.050016233641083,3.05723165583493,0.086626329945653,0.322879839336528,"EOAD_vs_CN",62,"study_5"
"COL3A1",-0.00961445515966386,0.0389892188979679,0.0608079394635943,0.806069503866911,0.926063556044607,"EOAD_vs_CN",62,"study_5"
"KIT",-0.0220600137815126,0.0687951299328621,0.102824396298156,0.749729976006972,0.901035498775104,"EOAD_vs_CN",62,"study_5"
"HSPG2",0.0100566655945378,0.037965897956631,0.0701650220564433,0.79221073929727,0.919428429118511,"EOAD_vs_CN",62,"study_5"
"IGFBP2",0.0894042532983193,0.0396785683815989,5.07696736957541,0.0286116083859967,0.178246173081762,"EOAD_vs_CN",62,"study_5"
"PRELP",0.130534838676471,0.0573250223034935,5.18518682427634,0.0267244577353082,0.171466363441576,"EOAD_vs_CN",62,"study_5"
"C1QB",-0.0164522569432773,0.0416553886077419,0.155994248474789,0.694306910204923,0.873237272259104,"EOAD_vs_CN",62,"study_5"
"GDA",0.401218014638655,0.0869495575908717,21.2924725434825,2.60409332173961e-05,0.00069253786165104,"EOAD_vs_CN",62,"study_5"
"NTM",-0.088871018460084,0.0563000106240073,2.49174365359105,0.120736968480267,0.39202620744715,"EOAD_vs_CN",62,"study_5"
"NECTIN1",-0.127578136161765,0.0628131036034691,4.12526641617177,0.0476610261284584,0.235284606019774,"EOAD_vs_CN",62,"study_5"
"ALCAM",-0.0773420723655462,0.038162478632698,4.10731925523146,0.0476722845808917,0.235284606019774,"EOAD_vs_CN",62,"study_5"
"APOC3",-0.223254847407563,0.139319863836982,2.56788583625083,0.114340453916896,0.38009915387229,"EOAD_vs_CN",62,"study_5"
"WFIKKN2",0.00875544657142857,0.0887512576898443,0.00973212261709414,0.921752603984114,0.968737702354439,"EOAD_vs_CN",62,"study_5"
"TGFBI",-0.0266556325294118,0.0494886113475809,0.290113173646174,0.592289950814839,0.830184065102588,"EOAD_vs_CN",62,"study_5"
"DNER",-0.0243224813781513,0.0386744759491296,0.395518574606561,0.532072721561753,0.795505097455128,"EOAD_vs_CN",62,"study_5"
"CDH2",-0.0496737804369748,0.0390229396335412,1.62037100216496,0.208624383934391,0.52610375896528,"EOAD_vs_CN",62,"study_5"
"C1S",-0.0013532859936975,0.03185838591471,0.00180439508891504,0.966287557093656,0.990455034085244,"EOAD_vs_CN",62,"study_5"
"CHGB",-0.179424976193277,0.0556897895678065,10.3804131904467,0.0021595298759926,0.0300207372912607,"EOAD_vs_CN",62,"study_5"
"ALDOC",0.158791037390756,0.0464642518510763,11.6792263279227,0.00123130496543983,0.0196473444485399,"EOAD_vs_CN",62,"study_5"
"LYNX1",-0.11793950272479,0.0549542937372126,4.60590867997189,0.0365726780498047,0.202141157293348,"EOAD_vs_CN",62,"study_5"
"ICAM5",-0.105819371214286,0.0889852189926845,1.41414716117961,0.239408070800061,0.568312622929541,"EOAD_vs_CN",62,"study_5"
"HPX",0.0128666975231092,0.103214825423585,0.0155399643529964,0.901224818557307,0.958138784503279,"EOAD_vs_CN",62,"study_5"
"LAMB1",0.0145371318697479,0.0325487354240286,0.199475342688443,0.657156224004707,0.858844200527947,"EOAD_vs_CN",62,"study_5"
"MOG",-0.0454992325042017,0.0530852041745031,0.734617310222183,0.394921460189475,0.717875196892391,"EOAD_vs_CN",62,"study_5"
"STC2",-0.0745287355462185,0.0367531816757565,4.11204277200211,0.0476980236726736,0.235284606019774,"EOAD_vs_CN",62,"study_5"
"CHGA",-0.238602042457983,0.112014308522225,4.53733984912991,0.0379322247839877,0.204722448466522,"EOAD_vs_CN",62,"study_5"
"HYOU1",-0.033816179012605,0.0257187067864123,1.72882412118456,0.193609091863409,0.498482612234125,"EOAD_vs_CN",62,"study_5"
"IGHG2",-0.134519348451681,0.165567255376224,0.660116534833944,0.419830827586736,0.735104550211508,"EOAD_vs_CN",62,"study_5"
"ITIH5",0.023366714460084,0.0531220559677128,0.193484220858958,0.661740895178954,0.860591454750802,"EOAD_vs_CN",62,"study_5"
"GPI",0.382484689962185,0.0524366381914877,53.2057330262236,1.81228857524155e-09,1.66277476778412e-07,"EOAD_vs_CN",62,"study_5"
"APCS",-0.123041187897059,0.208307860199467,0.34889095880306,0.556984596027697,0.809878552861192,"EOAD_vs_CN",62,"study_5"
"MST1",-0.0251501645861345,0.13157873430434,0.0365350960997871,0.849077197676942,0.941993142525508,"EOAD_vs_CN",62,"study_5"
"GPR158",-0.140803282313025,0.0617385823082401,5.20130417812727,0.0262386150845724,0.17013377625509,"EOAD_vs_CN",62,"study_5"
"HP",0.042052121762605,0.254973208651561,0.0272011163406598,0.869593830664605,0.949259178625551,"EOAD_vs_CN",62,"study_5"
"COL18A1",0.031755123737395,0.0401745630197717,0.62477737697338,0.432393006986788,0.740752190689464,"EOAD_vs_CN",62,"study_5"
"RTN4R",-0.115988359523109,0.0575157394192033,4.0668241816466,0.0482185115292791,0.236580130096864,"EOAD_vs_CN",62,"study_5"
"GRIA4",-0.0637137133760504,0.0653533314733729,0.950452401784273,0.333521132355964,0.670212621157339,"EOAD_vs_CN",62,"study_5"
"MEGF8",-0.0772356838865546,0.0559208194492112,1.90760713921298,0.172487980961867,0.463419392481737,"EOAD_vs_CN",62,"study_5"
"SERPIND1",-0.0397693287310925,0.0790115981638342,0.253346453094434,0.616574579782809,0.842452981311582,"EOAD_vs_CN",62,"study_5"
"COCH",0.097072778592437,0.0819552776187615,1.40294637216649,0.241089399526386,0.568312622929541,"EOAD_vs_CN",62,"study_5"
"CBLN1",-0.0761097056071428,0.0778029997916524,0.95694593077915,0.332220781528415,0.669414340428849,"EOAD_vs_CN",62,"study_5"
"CD59",-0.124064718207983,0.0388902519655473,10.1768898305661,0.00232240473258636,0.0315675013651553,"EOAD_vs_CN",62,"study_5"
"KRT10",-0.134528703584034,0.215452787630384,0.38987526139345,0.534838106028328,0.795967497617179,"EOAD_vs_CN",62,"study_5"
"ATP6AP1",-0.0989938844915966,0.0480772433147927,4.23972430374477,0.0446661658628347,0.229527524793877,"EOAD_vs_CN",62,"study_5"
"SERPINI1",-0.0180881827037815,0.0707419809652175,0.0653785731290077,0.799151196760698,0.923899213605369,"EOAD_vs_CN",62,"study_5"
"TGFBR3",0.021967182342437,0.0267290128878686,0.675433923473751,0.414720505486927,0.731785797668047,"EOAD_vs_CN",62,"study_5"
"PTPRG",-0.0778693951848739,0.0512996311808198,2.30412012661213,0.13442866096414,0.412502663660863,"EOAD_vs_CN",62,"study_5"
"CLSTN2",-0.0346135998130252,0.0460446459882363,0.565112950468828,0.455233945401293,0.75597673286097,"EOAD_vs_CN",62,"study_5"
"ART3",-0.123929070571429,0.0992284671896545,1.55981761244084,0.217611810443017,0.539868524577655,"EOAD_vs_CN",62,"study_5"
"KRT1",-0.105587129466387,0.281324503550895,0.140866214505806,0.70876728498581,0.88115715985702,"EOAD_vs_CN",62,"study_5"
"L1CAM",-0.0536085259390756,0.055456306406731,0.934471047316469,0.337608060448562,0.674671366752823,"EOAD_vs_CN",62,"study_5"
"NRXN2",-0.0987312156365546,0.0525869407564833,3.52495157970514,0.0653869171470374,0.27456520129248,"EOAD_vs_CN",62,"study_5"
"B2M",-0.000249418283613453,0.0467870510675678,2.84187666882717e-05,0.995764632201416,0.998472740562973,"EOAD_vs_CN",62,"study_5"
"C3",-0.0606000615651261,0.0850814160448864,0.507313841691961,0.479130341315885,0.766525001146163,"EOAD_vs_CN",62,"study_5"
"APLP1",-0.138366400762605,0.0648318668934167,4.55495648878951,0.0374301315802126,0.204377819713543,"EOAD_vs_CN",62,"study_5"
"LUM",-0.0569826106932773,0.0779577848648972,0.534276048130384,0.467714232046277,0.760864907628474,"EOAD_vs_CN",62,"study_5"
"BCAN",-0.015778915262605,0.0546370860428685,0.0834025308701133,0.773742708073896,0.910317777868281,"EOAD_vs_CN",62,"study_5"
"CARTPT",-0.14496841437605,0.050810417044423,8.14031589190412,0.00618021813841678,0.0637117993482854,"EOAD_vs_CN",62,"study_5"
"B3GNT2",-0.0657593317457983,0.0240017223989767,7.50636996374269,0.00810211645188409,0.0782612720705941,"EOAD_vs_CN",62,"study_5"
"NBL1",-0.0839957888970588,0.047408713645178,3.1390532535626,0.0820308417798138,0.314909193861837,"EOAD_vs_CN",62,"study_5"
"PKM",0.258542345193277,0.0537100413055447,23.1714064403067,1.39141163843092e-05,0.000425540059420124,"EOAD_vs_CN",62,"study_5"
"RBP4",-0.0178530243697479,0.0842581478150987,0.0448951864339934,0.832945194273599,0.938277735722563,"EOAD_vs_CN",62,"study_5"
"LRG1",-0.0534941789978992,0.11618477139305,0.211989640096289,0.646884524528605,0.855981383514897,"EOAD_vs_CN",62,"study_5"
"SOD1",0.0881407231302521,0.0536616326097776,2.69789756001752,0.106004012088057,0.363583854545019,"EOAD_vs_CN",62,"study_5"
"AGRN",-0.0111097918907563,0.0301168807520475,0.136079238046216,0.713588976549333,0.883559900113378,"EOAD_vs_CN",62,"study_5"
"SPOCK3",0.0276120682289916,0.0330584727972952,0.69764149249476,0.406897323479717,0.727026863276807,"EOAD_vs_CN",62,"study_5"
"COL1A1",0.0246946283844538,0.043651465477165,0.320042263386825,0.573695642195448,0.820566455922413,"EOAD_vs_CN",62,"study_5"
"COL6A3",0.0295339686764706,0.0388118999940588,0.579046995491967,0.450020797199592,0.754833786893283,"EOAD_vs_CN",62,"study_5"
"DDR1",-0.0349734277037815,0.0767201356895975,0.207805804197824,0.650294869831213,0.85666900983808,"EOAD_vs_CN",62,"study_5"
"PTPRD",-0.0624898511890756,0.0425596258648928,2.15587401494377,0.148375959210308,0.434909283548888,"EOAD_vs_CN",62,"study_5"
"GASK1B",-0.0124676148634454,0.0364011546478718,0.117310378659106,0.733219734290015,0.89189110675122,"EOAD_vs_CN",62,"study_5"
"TPP1",0.0410051198277311,0.0784547268017371,0.273173106762767,0.603428817215266,0.836597625584912,"EOAD_vs_CN",62,"study_5"
"VSTM2A",-0.108890948233193,0.104448409338941,1.08687574878951,0.301762340473964,0.631395547057838,"EOAD_vs_CN",62,"study_5"
"CLIC4",0.128501859201681,0.0592898865554319,4.69740043510474,0.0350214647089738,0.197405028549913,"EOAD_vs_CN",62,"study_5"
"AEBP1",0.114875621573529,0.0581329963669766,3.90490373148432,0.0532027535510016,0.249432341565345,"EOAD_vs_CN",62,"study_5"
"FGA",0.0964929513928571,0.172323833913524,0.313545436093686,0.57774189334818,0.822615694663838,"EOAD_vs_CN",62,"study_5"
"IGHV3-74",-0.469421700714286,0.262304601715705,3.20268706523886,0.0825368986116725,0.31553168531754,"EOAD_vs_CN",42,"study_5"
"HBB",0.246407690489496,0.372357343934037,0.437913837857168,0.510666438987535,0.789106807847159,"EOAD_vs_CN",62,"study_5"
"SCG5",-0.0887340962710084,0.0541640043827502,2.68385798666012,0.108422502217361,0.368435725127512,"EOAD_vs_CN",62,"study_5"
"ZP2",-0.296203001344538,0.116144105065662,6.50406040075637,0.0134231063520405,0.108032456824536,"EOAD_vs_CN",62,"study_5"
"SLITRK1",-0.183024175714286,0.0927690395230671,3.8923402642922,0.0541180174215793,0.250660616137024,"EOAD_vs_CN",62,"study_5"
"CAMK2A",0.254132187060924,0.0934707109384973,7.39210719586434,0.00862680657974307,0.0824489066345236,"EOAD_vs_CN",62,"study_5"
"CTSL",0.0638852197542017,0.0444797391854483,2.06289119424419,0.156198740433754,0.446127698916303,"EOAD_vs_CN",62,"study_5"
"KLK6",-0.0167314780798319,0.0354312385880878,0.222995422711654,0.638550876008084,0.850335123242902,"EOAD_vs_CN",62,"study_5"
"PCOLCE",0.0207911836890756,0.0382073818963824,0.296117362263635,0.588515203506337,0.828163649105927,"EOAD_vs_CN",62,"study_5"
"C16orf89",-0.0034483123067227,0.0472777368907379,0.00531985537094106,0.942126582208174,0.978781776397292,"EOAD_vs_CN",62,"study_5"
"NRCAM",-0.163986780441176,0.0622112922098162,6.94831076695972,0.0109378650209607,0.096033408198387,"EOAD_vs_CN",62,"study_5"
"PLXDC2",0.0729430845105042,0.0378731601730657,3.70941273969645,0.0589459794047979,0.260014115884145,"EOAD_vs_CN",62,"study_5"
"DDAH2",0.0547105013634454,0.0420380439255646,1.69377761915818,0.199141219229056,0.508207499317086,"EOAD_vs_CN",62,"study_5"
"CACNA2D1",-0.219201443071429,0.0821804681344911,7.114585388935,0.0100366940712108,0.0907257813826197,"EOAD_vs_CN",62,"study_5"
"TAGLN",0.124220133203782,0.112993436523131,1.20858596538356,0.27813557356076,0.616165930082479,"EOAD_vs_CN",62,"study_5"
"PRNP",-0.0617557936932773,0.0520058712407807,1.41010243520059,0.240817857393393,0.568312622929541,"EOAD_vs_CN",62,"study_5"
"C1RL",-0.0985645524663866,0.0850040579027456,1.34450428834053,0.250903815557303,0.581186065872043,"EOAD_vs_CN",62,"study_5"
"SERPINA7",-0.0456684284159664,0.112836778833946,0.163806365141642,0.68714625133491,0.87079652707152,"EOAD_vs_CN",62,"study_5"
"CRP",-0.509868411508403,0.259884540928868,3.84906566134469,0.0544976536685143,0.25107580496804,"EOAD_vs_CN",62,"study_5"
"C1QTNF3",-0.175715837241597,0.0963218747497708,3.32791295721567,0.0731000060839066,0.292878845336176,"EOAD_vs_CN",62,"study_5"
"CNTN2",-0.0999594892478991,0.0667850316084985,2.24021543447006,0.139951154729556,0.421353504212576,"EOAD_vs_CN",62,"study_5"
"SERPINA1",-0.0216133410735294,0.108167799435566,0.0399252666120739,0.84230601370196,0.939244431829841,"EOAD_vs_CN",62,"study_5"
"F5",-0.013130210355042,0.0945679469570869,0.0192777101533348,0.890074443705099,0.956256794027433,"EOAD_vs_CN",62,"study_5"
"SLC5A5",0.064204819266807,0.12810003728159,0.251209895764785,0.618219311973242,0.843086622581683,"EOAD_vs_CN",62,"study_5"
"NCAM1",-0.08089777925,0.0468777657305116,2.97810078437018,0.0903914799208076,0.329758182216068,"EOAD_vs_CN",62,"study_5"
"AJAP1",-0.128815212710084,0.0636501227419193,4.09577243698778,0.0486842182599166,0.238228108018525,"EOAD_vs_CN",62,"study_5"
"PTPRS",-0.0805246309516807,0.0319636521914219,6.34665211552583,0.0149310251795046,0.115075828149806,"EOAD_vs_CN",62,"study_5"
"RARRES2",0.0362992930714286,0.0544659307966121,0.444167189957133,0.507733743090194,0.78690153595482,"EOAD_vs_CN",62,"study_5"
"LAMC1",-0.0243226068781513,0.0311716681259649,0.608835760625919,0.439078900919377,0.745364341841765,"EOAD_vs_CN",62,"study_5"
"APOA2",-0.185810602365546,0.152245631935477,1.48953701569774,0.227070586436097,0.553524315026925,"EOAD_vs_CN",62,"study_5"
"A1BG",-0.0750223366470588,0.111194530374926,0.455212651013212,0.502544674882005,0.785227192632865,"EOAD_vs_CN",62,"study_5"
"MASP1",0.0148288232205882,0.057818048852378,0.0657788856989549,0.798570868839391,0.923899213605369,"EOAD_vs_CN",62,"study_5"
"OAF",-0.0551913296281513,0.0522899264643459,1.11405248477283,0.295604855510978,0.627747677134273,"EOAD_vs_CN",62,"study_5"
"DPP6",0.0861945173991597,0.0465578486686345,3.42746853142101,0.0692071789691942,0.2847425412746,"EOAD_vs_CN",62,"study_5"
"NID2",0.0337976681386554,0.0596491600088494,0.321044186512758,0.57372575637518,0.820566455922413,"EOAD_vs_CN",62,"study_5"
"CPVL",0.140111259504202,0.121050818719983,1.33970942278792,0.253298337077046,0.582459208692205,"EOAD_vs_CN",62,"study_5"
"SERPINC1",0.020607394894958,0.117788394899218,0.030608438856182,0.861733035278047,0.946488338994301,"EOAD_vs_CN",62,"study_5"
"CHL1",-0.145831041344538,0.0750045342403279,3.78028825450558,0.0572078772527838,0.257295232252104,"EOAD_vs_CN",62,"study_5"
"CELSR2",-0.047165120737395,0.0728585081624763,0.419064963066399,0.520285996558693,0.791182821742104,"EOAD_vs_CN",62,"study_5"
"FGB",0.0862984241722689,0.152710924314793,0.319348969674121,0.574253605866128,0.820681749816468,"EOAD_vs_CN",62,"study_5"
"BTD",-0.0532517965735294,0.0383017132324841,1.93300121884402,0.169665985266881,0.460557815036577,"EOAD_vs_CN",62,"study_5"
"PI16",-0.055120861052521,0.0642307184612062,0.736455358517039,0.394504446838012,0.717875196892391,"EOAD_vs_CN",62,"study_5"
"CPQ",0.000446508142857127,0.0540448437638029,6.82574776324887e-05,0.9934371729905,0.998472740562973,"EOAD_vs_CN",62,"study_5"
"GFRA2",-0.221227063201681,0.0913293307123166,5.86753863826729,0.0188314743338324,0.135512766284637,"EOAD_vs_CN",62,"study_5"
"SHISA5",-0.0220397519012605,0.0482170732559524,0.208935247502347,0.64952106719707,0.85666900983808,"EOAD_vs_CN",62,"study_5"
"PGK1",0.337208151634454,0.0338212652706399,99.4068764928048,5.35812236718895e-14,1.63869242396529e-11,"EOAD_vs_CN",62,"study_5"
"SPP1",0.242170667346639,0.0450287376439251,28.9243450164821,1.31659666903561e-06,5.61849973879151e-05,"EOAD_vs_CN",62,"study_5"
"VCAN",-0.0166627228907563,0.0399048361954063,0.174357598575525,0.678064634752589,0.864848415812655,"EOAD_vs_CN",62,"study_5"
"IGHG1",-0.0728080634159664,0.173832399546765,0.175427433223309,0.67687903530674,0.864848415812655,"EOAD_vs_CN",62,"study_5"
"ITM2B",-0.0209757298865546,0.0792513919678236,0.0700519720627783,0.79220455976185,0.919428429118511,"EOAD_vs_CN",62,"study_5"
"PCDH8",-0.0807097919768908,0.0856383321294914,0.888210810910753,0.349994469599574,0.683475162757232,"EOAD_vs_CN",62,"study_5"
"ENO2",0.131124159882353,0.0403230338009193,10.5744804253812,0.00189329766033686,0.0276121886739777,"EOAD_vs_CN",62,"study_5"
"CTSA",0.0367664308907563,0.0846991046254112,0.188427942829843,0.66582788736856,0.860723610162478,"EOAD_vs_CN",62,"study_5"
"SEZ6L",-0.100844723121849,0.0842587869809317,1.43243838634018,0.236215377790017,0.568312622929541,"EOAD_vs_CN",62,"study_5"
"POMGNT1",-0.04592015275,0.077949648391944,0.347039034944382,0.558042594528227,0.810505503055499,"EOAD_vs_CN",62,"study_5"
"CTSF",0.0794635862584034,0.0564812645199381,1.97937235296819,0.166830728987651,0.455557124542171,"EOAD_vs_CN",62,"study_5"
"AZGP1",0.0175406295105042,0.0986467571028423,0.03161729601878,0.859539919670746,0.946488338994301,"EOAD_vs_CN",62,"study_5"
"ECRG4",-0.09530275780042,0.111681379599279,0.728197855997884,0.396931407895954,0.718363804977826,"EOAD_vs_CN",62,"study_5"
"SELENOP",-0.0100613055273109,0.0466950362592363,0.0464266385655269,0.830169312878797,0.937292991169554,"EOAD_vs_CN",62,"study_5"
"SIAE",0.0793406107962183,0.0822019045429489,0.931595365472236,0.338713751280961,0.674853130945238,"EOAD_vs_CN",62,"study_5"
"GSN",0.00818507193697479,0.0400230926904931,0.0418238214655108,0.838683934848695,0.938405500272777,"EOAD_vs_CN",62,"study_5"
"RNASE4",0.0839191305357143,0.0552022538627919,2.311044623338,0.133793703884093,0.411931957428374,"EOAD_vs_CN",62,"study_5"
"C2",-0.0542593811827731,0.0855285891217716,0.402464016350242,0.52830420314127,0.795273349273363,"EOAD_vs_CN",62,"study_5"
"RNASE1",-0.0387729621365546,0.0562960268554019,0.474353895788504,0.494523578209678,0.77759277293467,"EOAD_vs_CN",62,"study_5"
"CDH13",-0.12948656687605,0.0835156612882147,2.40388442869133,0.126876607107932,0.403336593750839,"EOAD_vs_CN",62,"study_5"
"A2M",-0.0758428280903362,0.042905318766357,3.12468880962797,0.0838800641089642,0.318674777722462,"EOAD_vs_CN",62,"study_5"
"PODXL2",-0.0818997871512605,0.0366638506157735,4.98987190137112,0.0292694745064984,0.179630387021487,"EOAD_vs_CN",62,"study_5"
"COL1A2",0.0677077686260504,0.0456970363962013,2.19533565927695,0.143681702705954,0.425938488635582,"EOAD_vs_CN",62,"study_5"
"GOT1",0.182097175684874,0.0599595281238984,9.22337799281378,0.00381216306154709,0.0434491876890616,"EOAD_vs_CN",62,"study_5"
"SCG3",-0.204565418359244,0.0807959265706488,6.41040554163103,0.0148588197309691,0.11504613589168,"EOAD_vs_CN",62,"study_5"
"PEBP1",0.150362532455882,0.0389730979282765,14.8850194260581,0.000337233868533836,0.00703209259954079,"EOAD_vs_CN",62,"study_5"
"MAN1B1",-0.0169789404537815,0.0470077028620359,0.130461723810883,0.719340100483403,0.88571197661055,"EOAD_vs_CN",62,"study_5"
"RELN",-0.0630782342457984,0.0713590405769004,0.781377768289152,0.380299019516661,0.712044896726676,"EOAD_vs_CN",62,"study_5"
"PPIC",0.0261353562542017,0.0419658286385656,0.38785129240903,0.53656387044524,0.797242673900417,"EOAD_vs_CN",62,"study_5"
"CDH6",-0.163018271195378,0.0432146431217753,14.2301901917431,0.000419633679395507,0.00855586446323062,"EOAD_vs_CN",62,"study_5"
"SEZ6",-0.0539943849012605,0.0379541690262321,2.02384953561772,0.160105710787848,0.447423526312992,"EOAD_vs_CN",62,"study_5"
"GOLM1",-0.0139559437920168,0.0386462196161989,0.130408046190095,0.719671148297728,0.88571197661055,"EOAD_vs_CN",62,"study_5"
"APP",-0.0607330256008403,0.0702299288399376,0.747834295629648,0.390633824633465,0.717875196892391,"EOAD_vs_CN",62,"study_5"
"ACTB",0.138309257491597,0.0533895474972342,6.71104297125515,0.0126441304334305,0.103580264934576,"EOAD_vs_CN",62,"study_5"
"LDHB",0.229957201533613,0.0420966705846122,29.8399802812285,1.46930162918807e-06,6.12765565809115e-05,"EOAD_vs_CN",62,"study_5"
"EFEMP1",0.0131812387563025,0.0314894398685036,0.175219558710392,0.677061341090059,0.864848415812655,"EOAD_vs_CN",62,"study_5"
"PLD3",0.113812913237395,0.049678892128511,5.24854923504264,0.0255744370452204,0.167007444761493,"EOAD_vs_CN",62,"study_5"
"C8B",-0.0630182563277311,0.126962747689965,0.246365640880615,0.62151148745891,0.84311900750892,"EOAD_vs_CN",62,"study_5"
"GPX3",0.0820508566092437,0.0588469497799817,1.94409876783462,0.170794463222978,0.462253451348325,"EOAD_vs_CN",62,"study_5"
"CBLN3",-0.0811864109915966,0.0942344065010777,0.742245693679805,0.392405174523409,0.717875196892391,"EOAD_vs_CN",62,"study_5"
"LTBP2",0.135807073165966,0.0622127524364996,4.7652528238707,0.0330220168760008,0.192813848284658,"EOAD_vs_CN",62,"study_5"
"IGFBP5",0.104704316029412,0.0462845386883379,5.11749337658773,0.0279648313885904,0.175794657495976,"EOAD_vs_CN",62,"study_5"
"OPCML",-0.151497346754202,0.0677007818792218,5.00751991302361,0.0295371462554336,0.180159306398476,"EOAD_vs_CN",62,"study_5"
"FSTL1",0.0843120006638655,0.0587708573780863,2.05804438568688,0.158005547293854,0.446127698916303,"EOAD_vs_CN",62,"study_5"
"EPHA4",-0.131038881529412,0.0709963739071984,3.40665394394792,0.0704465500717475,0.2873709826097,"EOAD_vs_CN",62,"study_5"
"IGLON5",-0.105170057016807,0.037985691576027,7.66556451989097,0.00747876787715976,0.0734644579720667,"EOAD_vs_CN",62,"study_5"
"ROBO1",-0.0710596292857143,0.0385305191319606,3.40123119866828,0.0701943206542062,0.2873709826097,"EOAD_vs_CN",62,"study_5"
"NGFR",0.0873376134033613,0.0945981563235536,0.852387938657153,0.359604547097171,0.691692184405983,"EOAD_vs_CN",62,"study_5"
"CA1",0.286183248245798,0.341288008198211,0.703147375109324,0.405060090879634,0.724449577742815,"EOAD_vs_CN",62,"study_5"
"GAPDH",0.542913623852941,0.0957228599902711,32.1684509395716,5.59719917180517e-07,2.93453156578928e-05,"EOAD_vs_CN",62,"study_5"
"BASP1",0.270245457579832,0.0845017787849955,10.2278677445668,0.00235766581260157,0.0315944720346199,"EOAD_vs_CN",62,"study_5"
"THY1",-0.140234029308824,0.0491482171678648,8.14125369306731,0.0060824789970034,0.0634167554517115,"EOAD_vs_CN",62,"study_5"
"LTBP1",0.0843149793886555,0.0431327874777786,3.82115298206556,0.0562048535521335,0.254029325783658,"EOAD_vs_CN",62,"study_5"
"HSPA5",-0.0504142223613445,0.0178999890132636,7.93232713174368,0.00663594426048859,0.0665407525573582,"EOAD_vs_CN",62,"study_5"
"TGOLN2",-0.0236982554369748,0.0427297772197222,0.307589492492222,0.581798253366604,0.822615694663838,"EOAD_vs_CN",62,"study_5"
"PRRT3",-0.153055158697479,0.0571509438490048,7.17214613122245,0.00968347578359243,0.0888458903144605,"EOAD_vs_CN",62,"study_5"
"ANG",0.0366398893655462,0.0893467312119884,0.168170947363068,0.683205589694316,0.868802672965398,"EOAD_vs_CN",62,"study_5"
"PLG",-0.0186901118466386,0.124886248425455,0.0223972429725381,0.881568157007985,0.954772423714634,"EOAD_vs_CN",62,"study_5"
"BPNT2",-0.0701555485672269,0.042714737798865,2.69754414171923,0.105734978490452,0.363583854545019,"EOAD_vs_CN",62,"study_5"
"MAN1A1",-0.10806508335084,0.0342378854477482,9.96223808128409,0.00277895186041785,0.034531243453309,"EOAD_vs_CN",62,"study_5"
"ISLR",-0.0433881393487395,0.044954768836515,0.931516420657399,0.339392324043954,0.675471707831514,"EOAD_vs_CN",62,"study_5"
"SERPINA6",-0.0737303682836135,0.112478136376288,0.429691321595639,0.514870372649413,0.791182821742104,"EOAD_vs_CN",62,"study_5"
"HRG",-0.0910656059222689,0.130332100281105,0.488209218240465,0.487547974642515,0.771250459887082,"EOAD_vs_CN",62,"study_5"
"F2",0.005998973302521,0.114307030604599,0.00275427926241452,0.958335477324873,0.985179608342376,"EOAD_vs_CN",62,"study_5"
"APOC1",-0.0803238655273109,0.155186625579462,0.26790487793571,0.606650268497325,0.838125651347235,"EOAD_vs_CN",62,"study_5"
"PAM",-0.220446620754202,0.0674465952226305,10.6828426087112,0.00193929502918879,0.0280205226658381,"EOAD_vs_CN",62,"study_5"
"SIRPA",-0.101206394361345,0.0843647512574093,1.43910951510984,0.23510238458711,0.566902596212019,"EOAD_vs_CN",62,"study_5"
"PFN1",0.120726683651261,0.0489457855752472,6.08381409873592,0.0173056796378159,0.127023688541569,"EOAD_vs_CN",62,"study_5"
"SEMA4B",0.00713011963655463,0.0314542566024815,0.0513848133185645,0.821657545377874,0.934570169434353,"EOAD_vs_CN",62,"study_5"
"PTPRN2",-0.213791851237395,0.0744407868825267,8.24822283334948,0.00594921469234521,0.0623817654883055,"EOAD_vs_CN",62,"study_5"
"SHISA6",-0.0521899516142473,0.0592947411756576,0.774714051388412,0.383285760723251,0.712593080979905,"EOAD_vs_CN",55,"study_5"
"AGT",-0.0315793009978992,0.0358731404480794,0.774936701409311,0.382394330428269,0.712593080979905,"EOAD_vs_CN",62,"study_5"
"CLSTN1",-0.0885158704369748,0.0637075257277378,1.93046002228704,0.170545675179451,0.462253451348325,"EOAD_vs_CN",62,"study_5"
"QDPR",0.0627517351701681,0.0638715697596593,0.965242194969234,0.330956282455979,0.668837861571278,"EOAD_vs_CN",62,"study_5"
"FRZB",0.168705022111345,0.0579730463740167,8.46844707326641,0.00567458436891068,0.0605337074382029,"EOAD_vs_CN",62,"study_5"
"SEMA7A",-0.0515858097394958,0.0731151374707794,0.497789695528184,0.483329371714353,0.766724912774555,"EOAD_vs_CN",62,"study_5"
"IGF2",0.0485639721155462,0.0557093985627858,0.759926277854361,0.387179353091377,0.716203742865601,"EOAD_vs_CN",62,"study_5"
"MMRN2",-0.0908755494495798,0.0423683399099775,4.60056534914892,0.037216973058889,0.204377819713543,"EOAD_vs_CN",62,"study_5"
"FUCA2",-0.101052758728992,0.154513440721278,0.427724198642793,0.516508756842285,0.791182821742104,"EOAD_vs_CN",62,"study_5"
"HTRA1",0.095797223197479,0.0371481437261179,6.65015253799196,0.0124677604028758,0.10259345443622,"EOAD_vs_CN",62,"study_5"
"TMEM132A",-0.0671787041365546,0.0565118676687553,1.41313587889923,0.239730046856834,0.568312622929541,"EOAD_vs_CN",62,"study_5"
"LYZ",0.0286476255861344,0.0842073660611623,0.115738299615101,0.734997147589769,0.892135059769026,"EOAD_vs_CN",62,"study_5"
"KNG1",-0.0400816128571429,0.117326428899831,0.11670747514598,0.733846986751837,0.89189110675122,"EOAD_vs_CN",62,"study_5"
"MCFD2",0.00712863023739496,0.0493919899437552,0.0208304728921281,0.885816301887075,0.955598420906986,"EOAD_vs_CN",62,"study_5"
"PPIA",0.292027485012605,0.0369908361758891,62.3245511173369,7.73103158607966e-11,9.45762864030412e-09,"EOAD_vs_CN",62,"study_5"
"CALB1",0.0767916825021008,0.0659509412547496,1.35577109253179,0.249796343923108,0.579489622122508,"EOAD_vs_CN",62,"study_5"
"GPR37",0.00589193628151261,0.0509887995479813,0.0133526205765852,0.908439579793659,0.962622859707346,"EOAD_vs_CN",62,"study_5"
"SHISA7",-0.182404470472689,0.0806030154403863,5.12116038245675,0.0279738637541281,0.175794657495976,"EOAD_vs_CN",62,"study_5"
"MAPT",0.775156500495192,0.0965015701285018,64.5223278574043,3.54393804998018e-10,3.42269806405981e-08,"EOAD_vs_CN",58,"study_5"
"ATP6AP2",0.101926876016807,0.0532476432180067,3.66417870637315,0.0605326752187291,0.263390366842657,"EOAD_vs_CN",62,"study_5"
"C7",0.0599599453928572,0.0650471154126207,0.849701477077801,0.361013293223225,0.692949155925333,"EOAD_vs_CN",62,"study_5"
"CANX",-0.0133361116533613,0.03102829540117,0.184732203617673,0.668916546942879,0.861064709387781,"EOAD_vs_CN",62,"study_5"
"VGF",-0.453610459670168,0.132819173618655,11.6639210926764,0.00131073069168039,0.0207344036140821,"EOAD_vs_CN",62,"study_5"
"ENPP2",0.0531005979075632,0.0754314761109206,0.495556993570932,0.484423479445846,0.767631334009609,"EOAD_vs_CN",62,"study_5"
"MGP",0.115487961972689,0.0856817176043322,1.8167581072779,0.184130588619521,0.482685185881172,"EOAD_vs_CN",62,"study_5"
"MRC1",-0.0755164839978991,0.0585130815094488,1.66562634765928,0.202729630449975,0.514535092497517,"EOAD_vs_CN",62,"study_5"
"SERPINA5",0.0274078350105042,0.110571533908786,0.0614416392018379,0.80514996200958,0.926063556044607,"EOAD_vs_CN",62,"study_5"
"IGKV4-1",-0.241324318716387,0.174338096813291,1.9160973768905,0.171456662841323,0.462680847520334,"EOAD_vs_CN",62,"study_5"
"LDHA",0.360410449640756,0.0535116886367726,45.3625475741357,1.03624131415689e-08,7.92292838115786e-07,"EOAD_vs_CN",62,"study_5"
"PRCP",0.082161731579832,0.0703400495220009,1.36437523428487,0.248214162599276,0.578745855615847,"EOAD_vs_CN",62,"study_5"
"FRRS1L",-0.195683810176471,0.075942157771869,6.63963073203092,0.0128601222263497,0.104417364094476,"EOAD_vs_CN",62,"study_5"
"F12",0.00433921365756303,0.156477340399843,0.000768987282863865,0.977969235403139,0.996431730685597,"EOAD_vs_CN",62,"study_5"
"TPI1",0.131818836962185,0.048514017541464,7.38278921784327,0.00881626185155882,0.0838230077596396,"EOAD_vs_CN",62,"study_5"
"FGG",0.098558033552521,0.169819296242596,0.336829395628998,0.563967185429172,0.813899896913649,"EOAD_vs_CN",62,"study_5"
"OGN",0.026730082855042,0.0571730220268017,0.218583971624161,0.642104871806239,0.852577742231874,"EOAD_vs_CN",62,"study_5"
"LCAT",-0.0477335072752101,0.0672088690470861,0.504421415910021,0.480417439689122,0.766724912774555,"EOAD_vs_CN",62,"study_5"
"LINGO1",-0.127118648556723,0.0903584023340304,1.97916247187241,0.164693388700215,0.452413724947447,"EOAD_vs_CN",62,"study_5"
"LRP1",0.0196799332752101,0.0272393746752448,0.5219789343683,0.472946064282002,0.762882445472245,"EOAD_vs_CN",62,"study_5"
"MEGF9",-0.0739512745693277,0.0470517944993875,2.47023882930743,0.12316580502504,0.39650746003675,"EOAD_vs_CN",62,"study_5"
"CSF1",-0.0143558687752101,0.0213472959285068,0.452244421606103,0.503852848985328,0.786187620811505,"EOAD_vs_CN",62,"study_5"
"SEMA3G",-0.0663323445504202,0.0405200332341672,2.67985385199137,0.107219721996005,0.367067518400502,"EOAD_vs_CN",62,"study_5"
"DKK3",-0.0542164165126051,0.035620916803944,2.31660202713022,0.133608370841223,0.411931957428374,"EOAD_vs_CN",62,"study_5"
"NCAM2",-0.0765862109369748,0.0536650035832963,2.03666144344511,0.160215311916771,0.447423526312992,"EOAD_vs_CN",62,"study_5"
"NPTX2",-0.518666110892857,0.111288515847018,21.7207613429166,2.4846954777572e-05,0.000674666101808216,"EOAD_vs_CN",62,"study_5"
"SPOCK1",0.0103460369516807,0.0498254782396706,0.0431166587534228,0.836234262156739,0.938405500272777,"EOAD_vs_CN",62,"study_5"
"TF",-0.102459314922269,0.053886964104339,3.61522608249559,0.0621916968152444,0.265399450362729,"EOAD_vs_CN",62,"study_5"
"QSOX2",-0.0665730493844538,0.0570574881827476,1.36135566414505,0.248040102169097,0.578745855615847,"EOAD_vs_CN",62,"study_5"
"PIK3IP1",-0.103689947329832,0.0539811138122388,3.68968784226046,0.0597347477097722,0.261914181951523,"EOAD_vs_CN",62,"study_5"
"SMOC1",0.417407556065126,0.05776825926107,52.20860041009,6.25452529785014e-09,5.46526377216905e-07,"EOAD_vs_CN",62,"study_5"
"LMAN2",-0.0445335488781513,0.0326840591129951,1.85653284192712,0.178734647124831,0.476020431747555,"EOAD_vs_CN",62,"study_5"
"CLSTN3",-0.12216362797479,0.0469440394812115,6.77209323611882,0.0119185742517736,0.100786100239652,"EOAD_vs_CN",62,"study_5"
"NEO1",-0.0829861884495798,0.0461525746610818,3.23310469910952,0.07782680090784,0.305807665237444,"EOAD_vs_CN",62,"study_5"
"IGFBP4",0.00517064367857145,0.0409375643250189,0.0159531049243363,0.899934067539254,0.958138784503279,"EOAD_vs_CN",62,"study_5"
"PRKCSH",-0.0512012564831933,0.0396830707219866,1.6647564088275,0.202040358296722,0.513495924479895,"EOAD_vs_CN",62,"study_5"
"BCHE",-0.0491729162352941,0.0396482155333617,1.53817107128205,0.220288231029531,0.54404966882798,"EOAD_vs_CN",62,"study_5"
"SPINT2",-0.0362576630903362,0.0564062357651985,0.413185794278209,0.523507889725916,0.792437812254977,"EOAD_vs_CN",62,"study_5"
"TWSG1",0.00571394234663863,0.0313297666217057,0.0332626915495525,0.856018815314979,0.946488338994301,"EOAD_vs_CN",62,"study_5"
"HEXB",0.0133586516344537,0.0595137180086273,0.0503838190227404,0.8232879585187,0.934570169434353,"EOAD_vs_CN",62,"study_5"
"SULF2",-0.0590464442584034,0.0329012884091633,3.22078466081513,0.0787167223817162,0.306027935530613,"EOAD_vs_CN",62,"study_5"
"FETUB",0.0336993497457983,0.11976555360395,0.079173380612173,0.779389018506058,0.911926971974527,"EOAD_vs_CN",62,"study_5"
"MMP2",-0.00971574146638655,0.044195559960572,0.0483275321043898,0.826803789719703,0.934570169434353,"EOAD_vs_CN",62,"study_5"
"MFGE8",0.0651501656176471,0.0548670582745913,1.4099629357428,0.239836953830276,0.568312622929541,"EOAD_vs_CN",62,"study_5"
"SLC39A10",-0.180047699714286,0.0850626531815923,4.48019900388075,0.0391684292211005,0.208492806430809,"EOAD_vs_CN",62,"study_5"
"KLKB1",-0.0472167720105042,0.130081108175878,0.131754097359321,0.717940107977638,0.88571197661055,"EOAD_vs_CN",62,"study_5"
"FGFR2",-0.0261992479642857,0.0507906216637699,0.266078996266807,0.608293661476686,0.839262307375728,"EOAD_vs_CN",62,"study_5"
"PTPRZ1",-0.008221686644958,0.0453831271355164,0.0328195789654131,0.856872941704777,0.946488338994301,"EOAD_vs_CN",62,"study_5"
"GNPTG",0.0174565741176471,0.037082713063554,0.221602692083255,0.639543211315059,0.851023780103795,"EOAD_vs_CN",62,"study_5"
"DYNLL2",0.174689258970588,0.0435670402619495,16.0774175498435,0.000180668945101106,0.00419655081342442,"EOAD_vs_CN",62,"study_5"
"SDF4",0.0480378904390756,0.0276182649734246,3.02534613829148,0.0873410302367339,0.32443479855143,"EOAD_vs_CN",62,"study_5"
"PTPRN",-0.372487567558824,0.107808600222406,11.9375924910788,0.00114814838837526,0.0184811604620053,"EOAD_vs_CN",62,"study_5"
"VSTM2B",-0.230015255720588,0.0846552860778613,7.38252828555618,0.00921069201537037,0.0866749735805366,"EOAD_vs_CN",62,"study_5"
"PRDX1",0.168644808470588,0.043402630035738,15.0978066454597,0.000258468154763905,0.00571432607218995,"EOAD_vs_CN",62,"study_5"
"APOA4",-0.0230043145168067,0.111901069864964,0.0422620068268588,0.83782206182962,0.938405500272777,"EOAD_vs_CN",62,"study_5"
"FBLN1",0.0127145855420168,0.0440403874756725,0.0833493377310679,0.77397516490446,0.910317777868281,"EOAD_vs_CN",62,"study_5"
"CADM3",-0.0534414282415966,0.0556732456881452,0.921431448673094,0.341463558810274,0.676658348182347,"EOAD_vs_CN",62,"study_5"
"SERPING1",0.0281151623256303,0.0527755092752979,0.283802570594845,0.596369305981545,0.832829281945309,"EOAD_vs_CN",62,"study_5"
"APOE",-0.118653835966387,0.0599497495472538,3.91731792717063,0.0527054293702633,0.248623297929134,"EOAD_vs_CN",62,"study_5"
"SOD2",0.140911275296218,0.0542511157874172,6.74643190702258,0.0118211928245265,0.100739489462007,"EOAD_vs_CN",62,"study_5"
"PENK",-0.16705241209874,0.0542322282577445,9.48834798675791,0.00315853161424366,0.0373929387879814,"EOAD_vs_CN",62,"study_5"
"CST3",-0.0233103653739496,0.0541189540872852,0.185523689358741,0.66843874109165,0.861064709387781,"EOAD_vs_CN",62,"study_5"
"CFD",-0.0384033995042017,0.0750820031631885,0.261618010411373,0.610888924218295,0.839978839489575,"EOAD_vs_CN",62,"study_5"
"CADM4",-0.089525589460084,0.0269467497485172,11.0377766064473,0.00155391998761137,0.0241647726887023,"EOAD_vs_CN",62,"study_5"
"FN1",0.0249153062289916,0.0413367356287822,0.363295571643617,0.548958830362781,0.805874087840305,"EOAD_vs_CN",62,"study_5"
"COLEC12",-0.0634918464306722,0.0339236485436318,3.50292471814543,0.0664050651665281,0.276311325579544,"EOAD_vs_CN",62,"study_5"
"CFH",0.00107211807563026,0.0600297191808472,0.000318972037735167,0.985813142800319,0.997632760547841,"EOAD_vs_CN",62,"study_5"
"CNTN1",-0.0687485048466387,0.0351286927372896,3.8300331954427,0.0550285699369154,0.251187626453333,"EOAD_vs_CN",62,"study_5"
"ORM1",-0.0427910230861345,0.127289168373655,0.113011448656277,0.738063513738868,0.89453497694976,"EOAD_vs_CN",62,"study_5"
"NPY",-0.558485893117647,0.117525540918381,22.581869738908,2.00472361361249e-05,0.000583915528726814,"EOAD_vs_CN",62,"study_5"
"ECM2",0.054431050157563,0.0550065502924523,0.979184676093442,0.326579448501762,0.663647052049538,"EOAD_vs_CN",62,"study_5"
"CD14",0.00710371426260503,0.0413126993755082,0.0295667659145254,0.864055732332314,0.946760792571709,"EOAD_vs_CN",62,"study_5"
"C4A",0.413470624529412,0.195324122538003,4.48102695277699,0.038914543065973,0.208187132729039,"EOAD_vs_CN",62,"study_5"
"ENDOD1",-0.016991812789916,0.0268555295485319,0.400324332558005,0.529568144067803,0.795505097455128,"EOAD_vs_CN",62,"study_5"
"APOA1",-0.107242900861345,0.142273540307352,0.568183776057239,0.45392997312652,0.75597673286097,"EOAD_vs_CN",62,"study_5"
"OLFM1",-0.0856622861764706,0.0443901295259457,3.72397277271108,0.0586704477104384,0.259454126935615,"EOAD_vs_CN",62,"study_5"
"FGFR1",-0.0889276202815126,0.0380899263557363,5.45070998720373,0.0229593996442147,0.154891538040934,"EOAD_vs_CN",62,"study_5"
"HABP2",-0.0199875191932773,0.12357250073554,0.0261621912695215,0.872092667933069,0.94972703006361,"EOAD_vs_CN",62,"study_5"
"PTGDS",-0.0113601465021008,0.035573244171249,0.101981387780501,0.750781077725958,0.901035498775104,"EOAD_vs_CN",62,"study_5"
"GLDN",0.10544375707563,0.0915815141110836,1.32564154127309,0.254522571095156,0.584439865045039,"EOAD_vs_CN",62,"study_5"
"GOLIM4",-0.0417792515021009,0.0536982397773818,0.605342562115182,0.440056229695189,0.745616972752236,"EOAD_vs_CN",62,"study_5"
"SOD3",-0.0224650370882353,0.0733437119834358,0.093818504854871,0.76046623401093,0.903792447804441,"EOAD_vs_CN",62,"study_5"
"SERPINF1",-0.0380977750294118,0.0539417677968581,0.498825762956149,0.482981771773017,0.766724912774555,"EOAD_vs_CN",62,"study_5"
"C8A",-0.0667297063109243,0.120504299860615,0.306643200676614,0.581882927342595,0.822615694663838,"EOAD_vs_CN",62,"study_5"
"RNASE2",-0.0456008697079832,0.0704488054239518,0.418985491603494,0.520101836328284,0.791182821742104,"EOAD_vs_CN",62,"study_5"
"ITIH1",-0.0486317982079832,0.153804341185687,0.0999777754139888,0.752968345388376,0.901603477019406,"EOAD_vs_CN",62,"study_5"
"TIMP2",0.0463544370714286,0.0532593373594737,0.757514770234247,0.387877537289936,0.716361578398327,"EOAD_vs_CN",62,"study_5"
"SORCS2",-0.0687467716512605,0.0585388007245163,1.37916737556034,0.245422731097433,0.574426928015038,"EOAD_vs_CN",62,"study_5"
"ORM2",-0.160560661594538,0.134611672191671,1.4226984538533,0.237856569149812,0.568312622929541,"EOAD_vs_CN",62,"study_5"
"CD163",-0.0332801790840336,0.0456906992620745,0.530537027631902,0.469320996492719,0.761039784706535,"EOAD_vs_CN",62,"study_5"
"CADM2",-0.0968588828802521,0.067382017476388,2.06628818129914,0.157014278796166,0.446127698916303,"EOAD_vs_CN",62,"study_5"
"SORCS3",-0.107303036014706,0.0423009771954472,6.43462467049996,0.0138117548812069,0.110674979069933,"EOAD_vs_CN",62,"study_5"
"TALDO1",0.0740122289978992,0.0395750013192199,3.49755934187694,0.0669255925744248,0.277847199941334,"EOAD_vs_CN",62,"study_5"
"OMD",0.056136298262605,0.0583729725496798,0.924834288112405,0.341393711916181,0.676658348182347,"EOAD_vs_CN",62,"study_5"
"ENO1",0.325353026483193,0.0492414431842855,43.6564237378334,1.27596589014088e-08,9.36558963363408e-07,"EOAD_vs_CN",62,"study_5"
"NRXN1",-0.0894506005462185,0.0696294743401496,1.65036607708016,0.204472574404267,0.518164888752092,"EOAD_vs_CN",62,"study_5"
"KIAA0319",-0.0641566223340336,0.0527069410033056,1.48165591835998,0.228576899541838,0.556284629521582,"EOAD_vs_CN",62,"study_5"
"SERPINA3",0.0894674629747899,0.0913171182563025,0.959899684557614,0.33139688618978,0.668991513925463,"EOAD_vs_CN",62,"study_5"
"FCGBP",-0.0967944271491597,0.160631375450475,0.363111456530957,0.549391234284646,0.805874087840305,"EOAD_vs_CN",62,"study_5"
"MAN2A2",-0.0356491518991597,0.0550990974193448,0.418609842378717,0.520194832155184,0.791182821742104,"EOAD_vs_CN",62,"study_5"
"RNASE6",-0.0109047419705882,0.0377300627626456,0.0835325486175087,0.773592691125861,0.910317777868281,"EOAD_vs_CN",62,"study_5"
"MARCKS",0.113079317737395,0.0400410036628359,7.97547300144775,0.00643627207397591,0.064893182723878,"EOAD_vs_CN",62,"study_5"
"ST6GAL2",-0.0842359608088235,0.0632244933099929,1.77510624811995,0.1889385429496,0.490385044289272,"EOAD_vs_CN",62,"study_5"
"NID1",0.0681057720588236,0.0381738105590656,3.18300127928461,0.0802098270695356,0.310516946566662,"EOAD_vs_CN",62,"study_5"
"COTL1",0.076789377539916,0.0498250597180919,2.37523529771274,0.128654827906035,0.405640464161761,"EOAD_vs_CN",62,"study_5"
"TXN",0.148727717271008,0.0468087880014453,10.0955278684137,0.00237373955384133,0.0315944720346199,"EOAD_vs_CN",62,"study_5"
"CUTA",-0.000564371468487396,0.0524106329190663,0.000115955483606818,0.991450818588545,0.998472740562973,"EOAD_vs_CN",62,"study_5"
"NPTXR",-0.36057225712605,0.100266423074719,12.9322345524251,0.00073433894210046,0.0130806343441253,"EOAD_vs_CN",62,"study_5"
"MDH1",0.331143233945378,0.053937592416822,37.6919544159755,1.17703986249608e-07,6.74958796150094e-06,"EOAD_vs_CN",62,"study_5"
"C8G",-0.138000744117647,0.121203877908764,1.29637254794893,0.259639157360677,0.589786819719656,"EOAD_vs_CN",62,"study_5"
"PRG4",0.0238393205063025,0.152262931997717,0.0245131638592516,0.87635777492206,0.952111614554162,"EOAD_vs_CN",62,"study_5"
"ARMH4",-0.108282379682773,0.0596462061931166,3.29571715075534,0.0750964180325699,0.297240479304351,"EOAD_vs_CN",62,"study_5"
"GOT2",0.207591230653361,0.0535701217166056,15.0166390107403,0.000281711287737047,0.00603062093655459,"EOAD_vs_CN",62,"study_5"
"PPIB",0.0369963608970588,0.0496048562190358,0.556249488077069,0.458797655948736,0.756430452821454,"EOAD_vs_CN",62,"study_5"
"QSOX1",-0.00546346175,0.0247980295131486,0.0485401896403332,0.826375374778638,0.934570169434353,"EOAD_vs_CN",62,"study_5"
"APOM",-0.0991596624054622,0.153439243065631,0.417635285181385,0.520606764783955,0.791182821742104,"EOAD_vs_CN",62,"study_5"
"FBLN2",-0.00141449195798318,0.0507703097429722,0.000776213763698525,0.977866863771258,0.996431730685597,"EOAD_vs_CN",62,"study_5"
"LY6H",-0.237708492233193,0.105465760753603,5.08003161799394,0.029063148849105,0.179212833718475,"EOAD_vs_CN",62,"study_5"
"WFDC2",-0.0828636391764706,0.0563630800362143,2.16141703386771,0.146819238055872,0.432445107275321,"EOAD_vs_CN",62,"study_5"
"GPR37L1",-0.144491864947479,0.0753769611303384,3.67459554199858,0.0608476665937731,0.263421041669747,"EOAD_vs_CN",62,"study_5"
"TNXB",0.0758893932710084,0.0575902221859377,1.73645947875726,0.193142727124599,0.498482612234125,"EOAD_vs_CN",62,"study_5"
"APOH",-0.0487146357415966,0.116988060084507,0.17339470853737,0.678682135569604,0.864848415812655,"EOAD_vs_CN",62,"study_5"
"SERPINA4",0.0209369637794118,0.115719883996875,0.0327349305760471,0.857036534344504,0.946488338994301,"EOAD_vs_CN",62,"study_5"
"NPC2",0.0469340350483193,0.0344870456371067,1.85209731923588,0.179018397599633,0.476085158833807,"EOAD_vs_CN",62,"study_5"
"ADGRB1",-0.196709015042017,0.0910900498014928,4.66344273906362,0.0351778988206112,0.197405028549913,"EOAD_vs_CN",62,"study_5"
"IGKV3-20",-0.182702518252101,0.204948333027197,0.794694644510187,0.376409228048765,0.708229661076015,"EOAD_vs_CN",62,"study_5"
"ITIH4",-0.0150550951428571,0.115843466626242,0.0168897771042782,0.897063594218624,0.958138784503279,"EOAD_vs_CN",62,"study_5"
"BGLAP",0.169157117170772,0.136624719610783,1.53292879762718,0.22432804319959,0.55094212054887,"EOAD_vs_CN",50,"study_5"
"RTN4RL2",-0.180325018023109,0.0827586488971851,4.74772094709737,0.0333089863249246,0.192813848284658,"EOAD_vs_CN",62,"study_5"
"C4B",0.0865356966617647,0.0886855293533002,0.952105477009065,0.333642600373438,0.670212621157339,"EOAD_vs_CN",62,"study_5"
"DAG1",-0.0113887745882353,0.019990644075902,0.324564055195201,0.571851365786419,0.820443515416793,"EOAD_vs_CN",62,"study_5"
"CD99",-0.0529244655252101,0.0652692114799201,0.657500715408021,0.420681306972042,0.735891514102666,"EOAD_vs_CN",62,"study_5"
"CGREF1",-0.175698795966387,0.0673015961950976,6.81532925199483,0.0116911483470324,0.100248865499086,"EOAD_vs_CN",62,"study_5"
"DIPK1C",-0.0145167651617647,0.07097007416752,0.0418397599726261,0.838620382563953,0.938405500272777,"EOAD_vs_CN",62,"study_5"
"CFHR1",-0.0732772721932773,0.144489401185861,0.257197418690997,0.613918159312227,0.839978839489575,"EOAD_vs_CN",62,"study_5"
"CLU",-0.0279788101722689,0.0317450504687585,0.776795032651717,0.381651960275391,0.712442875997296,"EOAD_vs_CN",62,"study_5"
"FSTL4",-0.0793683418865546,0.0728733750439941,1.18619707049212,0.28045579822388,0.616728660365012,"EOAD_vs_CN",62,"study_5"
"NTRK2",0.00461163443697479,0.0401412082187416,0.0131986303724862,0.908999049242784,0.962622859707346,"EOAD_vs_CN",62,"study_5"
"NXPH4",0.0979969008508403,0.0636370419598413,2.37139944803979,0.128876507142402,0.405640464161761,"EOAD_vs_CN",62,"study_5"
"ADAM22",-0.0853203590252101,0.0630055896591721,1.83377981385032,0.180963357943972,0.477108853199982,"EOAD_vs_CN",62,"study_5"
"CCN3",0.0962371085777311,0.0461786773427411,4.34312324214007,0.0425283060491149,0.221702959091267,"EOAD_vs_CN",62,"study_5"
"CNTN4",-0.0868645058403361,0.0436473284384628,3.96067651780517,0.0521562186393782,0.247944718143158,"EOAD_vs_CN",62,"study_5"
"SPOCK2",0.0616266480987395,0.0500748403121279,1.51459998357993,0.223756460351275,0.5503929018024,"EOAD_vs_CN",62,"study_5"
"KRT9",-0.156726875142857,0.317652962080898,0.243433941182456,0.623557440790059,0.843563516523458,"EOAD_vs_CN",62,"study_5"
"TNR",-0.00761390986974791,0.0504491292174645,0.0227776079791706,0.88059994584681,0.954772423714634,"EOAD_vs_CN",62,"study_5"
"IGHA2",-0.0744393006806722,0.267279506047302,0.0775663309625214,0.78163873985978,0.911926971974527,"EOAD_vs_CN",62,"study_5"
"LRRC4B",0.00108646277310924,0.0484791656081573,0.000502249400888302,0.98219738620149,0.997319159991424,"EOAD_vs_CN",62,"study_5"
"CTSD",0.0729791798046219,0.0759586162327893,0.923089619944765,0.340801935070818,0.676658348182347,"EOAD_vs_CN",62,"study_5"
"CTSZ",0.0191647735294118,0.0589049971023647,0.105852983968925,0.746232635042676,0.900879529804809,"EOAD_vs_CN",62,"study_5"
"CANT1",-0.121545389445378,0.0386225059892641,9.9036681711207,0.00277593805792536,0.034531243453309,"EOAD_vs_CN",62,"study_5"
"PCSK1N",-0.0629859098046218,0.0425643960434045,2.18974661140404,0.144600036838271,0.427969463868109,"EOAD_vs_CN",62,"study_5"
"CBLN4",-0.231778816392857,0.103034993243193,5.06032007424926,0.0286553793237711,0.178246173081762,"EOAD_vs_CN",62,"study_5"
"GM2A",0.00971428079621847,0.0457459223226872,0.0450937683227242,0.832566407648732,0.938277735722563,"EOAD_vs_CN",62,"study_5"
"C9",-0.0290497353718487,0.136920863852818,0.0450137402047178,0.832845643593465,0.938277735722563,"EOAD_vs_CN",62,"study_5"
"CALR",-0.0237065626764706,0.0359348964010028,0.435215527994586,0.512115960919241,0.790355583083942,"EOAD_vs_CN",62,"study_5"
"COL6A1",0.00930650357352941,0.0441518554062859,0.0444298839961813,0.833775038740828,0.938388589556044,"EOAD_vs_CN",62,"study_5"
"CAMK2B",0.18968657332563,0.0613237049358919,9.56789524040088,0.00301823950292528,0.0363300604225811,"EOAD_vs_CN",62,"study_5"
"SPINK6",-0.017244427982009,0.12145383568081,0.0201592845873017,0.88768263450152,0.956256794027433,"EOAD_vs_CN",52,"study_5"
"APOB",0.0247923292415967,0.139020418600056,0.0318036875130962,0.859159456694385,0.946488338994301,"EOAD_vs_CN",62,"study_5"
"AFM",-0.132548074371849,0.136633379999791,0.941094470565012,0.335950591099554,0.673021128307938,"EOAD_vs_CN",62,"study_5"
"PTPRF",-0.0849852889054622,0.0391994132530057,4.70033029756687,0.0346317861308224,0.197339704185814,"EOAD_vs_CN",62,"study_5"
"LGALS3BP",-0.0526408038382353,0.0498621314617371,1.11455972620271,0.29743968156328,0.628803935102096,"EOAD_vs_CN",62,"study_5"
"ECM1",-0.139751823747899,0.0450208940993067,9.63577691607711,0.00302915490171929,0.0363300604225811,"EOAD_vs_CN",62,"study_5"
"SLITRK4",-0.141212659768908,0.0726625762004916,3.77681474931999,0.0566690464778107,0.25549803510266,"EOAD_vs_CN",62,"study_5"
"PCSK2",-0.235076444302521,0.0711912640532854,10.903472127133,0.00165615461575422,0.025325364332575,"EOAD_vs_CN",62,"study_5"
"VSIG4",0.144580325537815,0.0695133893721277,4.32594971973518,0.0424322329773286,0.221702959091267,"EOAD_vs_CN",62,"study_5"
"SUSD5",-0.0341337738844538,0.0568479186418392,0.360528396714568,0.55055791359111,0.805874087840305,"EOAD_vs_CN",62,"study_5"
"B4GAT1",-0.0731132504663865,0.0378179234104983,3.73763448781172,0.0579674590559766,0.258808485079603,"EOAD_vs_CN",62,"study_5"
"NEGR1",-0.120828359554622,0.0558967216973864,4.67266970548352,0.0347743643449467,0.197339704185814,"EOAD_vs_CN",62,"study_5"
"PEBP4",-0.174816282594538,0.0860722159958619,4.12513145822974,0.0466892045601208,0.234083853463994,"EOAD_vs_CN",62,"study_5"
"GMFB",0.147024442821429,0.042507918338437,11.9629808983788,0.00102079988816633,0.0173441462480113,"EOAD_vs_CN",62,"study_5"
"SCRG1",0.0363106575945378,0.0524087136254747,0.480022095196977,0.49166507999897,0.774940365894986,"EOAD_vs_CN",62,"study_5"
"NUCB1",0.0177759269243698,0.0328329474940465,0.293119538471899,0.590432881239708,0.829589844620876,"EOAD_vs_CN",62,"study_5"
"A8MTW9",0.140461246384454,0.141943472106037,0.979224310526066,0.326438021808047,0.663647052049538,"EOAD_vs_CN",62,"study_5"
"A4GALT",-0.103969506871849,0.069084920435589,2.26488129313264,0.137845960360651,0.418094772333546,"EOAD_vs_CN",62,"study_5"
"ABCA2",0.0280057491281512,0.0525704574901539,0.283799009507869,0.596318339341712,0.832829281945309,"EOAD_vs_CN",62,"study_5"
"ABHD14A",-0.0729245167423077,0.0677620755105077,1.15817375746645,0.287718909252506,0.618931767635029,"EOAD_vs_CN",46,"study_5"
"ABHD14B",0.0824983579264706,0.104879792785875,0.618738253814623,0.434626967125835,0.741208628880955,"EOAD_vs_CN",62,"study_5"
"ABI3BP",0.0753794057331932,0.0673119051472327,1.25406963753795,0.267648428701896,0.600956282340757,"EOAD_vs_CN",62,"study_5"
"ACAN",0.134942662363445,0.108133184954887,1.55732967411377,0.217351799042504,0.539868524577655,"EOAD_vs_CN",62,"study_5"
"ACE",-0.0750891767941177,0.0376570487360092,3.97614419292907,0.0512233032245873,0.244778024523744,"EOAD_vs_CN",62,"study_5"
"ACHE",0.140260543529412,0.0738005200988776,3.6120369978206,0.0650732729781487,0.274504496356099,"EOAD_vs_CN",62,"study_5"
"ACP2",0.0573456149012604,0.0725904590468623,0.624081548148073,0.432809894862552,0.740752190689464,"EOAD_vs_CN",62,"study_5"
"ACP6",0.141035807929825,0.344666804031164,0.16744025134928,0.688832919368203,0.871167109380043,"EOAD_vs_CN",31,"study_5"
"ACVR1",-0.144244652493333,0.0652893223691047,4.88107095840285,0.0318700018014905,0.190493333243437,"EOAD_vs_CN",55,"study_5"
"ACVR1B",-0.221246817254202,0.0849998054947277,6.77513884718288,0.0121234419288768,0.101120526997677,"EOAD_vs_CN",62,"study_5"
"ACYP1",0.0949871346785714,0.0545290256409747,3.03440887157059,0.0867464636473616,0.322879839336528,"EOAD_vs_CN",62,"study_5"
"ADA",0.186128361302632,0.150474753149149,1.53002253880036,0.227141040444291,0.553524315026925,"EOAD_vs_CN",35,"study_5"
"ADA2",-0.0461780294810924,0.0687556488630919,0.451080469101695,0.504838018997907,0.786187620811505,"EOAD_vs_CN",62,"study_5"
"ADAM10",-0.0281859818907563,0.0407140116494777,0.479268122733039,0.491992112407443,0.774940365894986,"EOAD_vs_CN",62,"study_5"
"ADAM11",-0.0777652008718488,0.0442981739985467,3.08176094407626,0.0843855326024335,0.319800380931094,"EOAD_vs_CN",62,"study_5"
"ADAM15",-0.0269118447268908,0.0522928082744883,0.264851847115547,0.608852178034544,0.839401763105475,"EOAD_vs_CN",62,"study_5"
"ADAM17",0.0155451987689076,0.0542500874883312,0.082109172110419,0.775562641044586,0.91111232158567,"EOAD_vs_CN",62,"study_5"
"ADAM23",-0.0685625247878151,0.0479799093038257,2.04199539562879,0.158925509777854,0.446597718901013,"EOAD_vs_CN",62,"study_5"
"ADAM28",-0.101551115710084,0.111482983449851,0.829759499876426,0.367419571084803,0.702307200979807,"EOAD_vs_CN",62,"study_5"
"ADAM9",-0.0476148836533613,0.041696669724497,1.3040153860129,0.259388865266255,0.589786819719656,"EOAD_vs_CN",62,"study_5"
"ADAMDEC1",0.0191410004957983,0.107787526579277,0.0315349579784827,0.859782915567158,0.946488338994301,"EOAD_vs_CN",62,"study_5"
"ADAMTS1",-0.0429312610021008,0.0573845855134267,0.559701913725476,0.457510188674903,0.756430452821454,"EOAD_vs_CN",62,"study_5"
"ADAMTS2",-0.080573186039916,0.0593047611545731,1.84587357050289,0.179413281031187,0.476444820104526,"EOAD_vs_CN",62,"study_5"
"ADAMTS8",-0.0384648837415966,0.0643087777608991,0.357757162366142,0.552034729381615,0.805874087840305,"EOAD_vs_CN",62,"study_5"
"ADAMTSL2",-0.0197158612584034,0.0464823691471191,0.179909872555992,0.673600852818079,0.864375919525298,"EOAD_vs_CN",62,"study_5"
"ADAMTSL3",0.041439320802521,0.06354920647611,0.425211491800354,0.516838732767929,0.791182821742104,"EOAD_vs_CN",62,"study_5"
"ADAMTSL4",0.0930661519705882,0.0694031289243551,1.79814791645509,0.185008534881987,0.483604930923712,"EOAD_vs_CN",62,"study_5"
"ADCYAP1",-0.0682159755567503,0.123965919418181,0.302808162023954,0.584457935130675,0.824984854588299,"EOAD_vs_CN",58,"study_5"
"ADGRB3",-0.0320311909096638,0.0511222095756335,0.392578886636952,0.533328184638455,0.795505097455128,"EOAD_vs_CN",62,"study_5"
"ADGRG1",0.13061324577521,0.079350930083219,2.70938299538564,0.105777249040846,0.363583854545019,"EOAD_vs_CN",62,"study_5"
"ADGRL1",-0.133207509439076,0.0330263656339173,16.2680630741644,0.000158568651705263,0.00373042917793792,"EOAD_vs_CN",62,"study_5"
"ADGRL2",-0.198573102615137,0.0870248910725889,5.20659583129122,0.0270762299911261,0.172516951505959,"EOAD_vs_CN",50,"study_5"
"ADGRL3",-0.0337103503466387,0.0448138191987922,0.565851689428508,0.454924770926712,0.75597673286097,"EOAD_vs_CN",62,"study_5"
"ADIPOQ",0.0525835049201681,0.148361126084932,0.125620008555991,0.724346532229813,0.887893043848835,"EOAD_vs_CN",62,"study_5"
"ADIRF",0.217509244,0.0990709722629389,4.82017257748576,0.0345595161452207,0.197339704185814,"EOAD_vs_CN",46,"study_5"
"ADM",-0.0735831659621849,0.0431913094047806,2.90244633392148,0.0937318311846304,0.334264868296085,"EOAD_vs_CN",62,"study_5"
"ADPGK",0.174456214063158,0.155432115104949,1.25977032271203,0.268164860407885,0.600956282340757,"EOAD_vs_CN",44,"study_5"
"AHCY",0.168610317335664,0.107566261104057,2.45706216800787,0.124102398974844,0.398822945917405,"EOAD_vs_CN",48,"study_5"
"AHNAK",0.0812896412184874,0.0781710893868652,1.08137938202181,0.303149162558565,0.633574844299507,"EOAD_vs_CN",62,"study_5"
"AK1",0.146725344355556,0.0845306436421193,3.01288061548153,0.0896665021837192,0.32776500300224,"EOAD_vs_CN",52,"study_5"
"AKAP12",0.00854691099702382,0.146975820922699,0.00338163378503163,0.953997883500336,0.983475346192762,"EOAD_vs_CN",37,"study_5"
"AKR1A1",0.253193216013636,0.0626793964457354,16.3175337070035,0.000239420247911648,0.00542390314713424,"EOAD_vs_CN",42,"study_5"
"AKR1B1",0.107831890794118,0.0393581902648308,7.50627029975542,0.00829898930110866,0.079731127578714,"EOAD_vs_CN",62,"study_5"
"ALAD",0.130146917202632,0.191508771814507,0.461838813431028,0.501169886411369,0.784681520106538,"EOAD_vs_CN",39,"study_5"
"ALB",-0.0738345600294118,0.114030859341839,0.41925146441624,0.51988002925592,0.791182821742104,"EOAD_vs_CN",62,"study_5"
"ALDH1A1",0.00945291225210084,0.0702958702979294,0.0180830477405388,0.893484909298416,0.957350386746783,"EOAD_vs_CN",62,"study_5"
"ALDOB",-0.263562002991453,0.232767336359997,1.28209889278486,0.265195738364131,0.598566026935031,"EOAD_vs_CN",44,"study_5"
"AMY2B",0.0248368692394958,0.0544057456069106,0.208403097079272,0.64968756221398,0.85666900983808,"EOAD_vs_CN",62,"study_5"
"ANGPTL1",0.0716030179789916,0.0476926196879162,2.25403314943618,0.13955253545493,0.421182405525982,"EOAD_vs_CN",62,"study_5"
"ANGPTL2",-0.0122799841785714,0.039118091835999,0.0985462926663024,0.754693700654936,0.901603477019406,"EOAD_vs_CN",62,"study_5"
"ANGPTL4",0.118573525602699,0.0823520774629536,2.0731290985015,0.15651812381524,0.446127698916303,"EOAD_vs_CN",52,"study_5"
"ANGPTL7",-0.0785243148382353,0.154829762470806,0.257216850547442,0.614054234362197,0.839978839489575,"EOAD_vs_CN",62,"study_5"
"ANPEP",-0.0361850215840336,0.061021151151795,0.351638873025493,0.555471139042666,0.808776282228541,"EOAD_vs_CN",62,"study_5"
"ANTXR1",-0.0360924241218487,0.0347851507321504,1.07657508562189,0.303655667570699,0.633911433438261,"EOAD_vs_CN",62,"study_5"
"ANTXR2",0.0698726883577586,0.118598906046387,0.347099141844746,0.558740850880222,0.810505503055499,"EOAD_vs_CN",53,"study_5"
"ANXA2",-0.0988795924282407,0.136681558852496,0.523351518608675,0.472379949403072,0.762882445472245,"EOAD_vs_CN",59,"study_5"
"ANXA5",0.113491121210084,0.0872007025751562,1.693884542879,0.198508946665083,0.508207499317086,"EOAD_vs_CN",62,"study_5"
"AOC3",-0.0740511737917772,0.125775285768015,0.346635683854115,0.558528566752773,0.810505503055499,"EOAD_vs_CN",55,"study_5"
"AP1B1",0.0180970000892857,0.114740146646245,0.0248761046901118,0.875313419692824,0.951540358493087,"EOAD_vs_CN",52,"study_5"
"AP2A1",-0.0799227941869748,0.0488706638888392,2.67451378200751,0.108694647523059,0.368677778567122,"EOAD_vs_CN",62,"study_5"
"AP2A2",0.0852680086274039,0.0736510214299678,1.34033911718418,0.252441991741947,0.582305920982425,"EOAD_vs_CN",58,"study_5"
"AP2B1",0.085384859907563,0.0393835950794448,4.7003589546672,0.0351590053345026,0.197405028549913,"EOAD_vs_CN",62,"study_5"
"APMAP",-0.0973180737794118,0.090057695164771,1.16773783804853,0.284214575371593,0.616728660365012,"EOAD_vs_CN",62,"study_5"
"APOC2",-0.159461828911765,0.147005723819444,1.17664374944709,0.282386524307894,0.616728660365012,"EOAD_vs_CN",62,"study_5"
"APOF",-0.0145440879096639,0.130171403108818,0.0124836564856976,0.911433417268742,0.96341032297704,"EOAD_vs_CN",62,"study_5"
"APOL1",-0.139892081642857,0.177523487060089,0.620975727875017,0.433897565104627,0.740752190689464,"EOAD_vs_CN",62,"study_5"
"AQP4",0.24825603782563,0.0770357056128302,10.3852154263392,0.00212029240631227,0.029928742812177,"EOAD_vs_CN",62,"study_5"
"ARG1",-0.0381671715098039,0.282148119513311,0.018298927343692,0.893373786140753,0.957350386746783,"EOAD_vs_CN",32,"study_5"
"ARHGDIA",0.0965706228319327,0.056224991798309,2.95006281412173,0.0918486224892401,0.333746974787635,"EOAD_vs_CN",62,"study_5"
"ARHGDIB",0.0162998354936975,0.0608746942818964,0.0716956582249683,0.789987536531375,0.919428429118511,"EOAD_vs_CN",62,"study_5"
"ARL8B",-0.130765138518621,0.100572335638025,1.69054557865465,0.199850372618034,0.508634443486953,"EOAD_vs_CN",54,"study_5"
"ARSA",0.108507258502101,0.0738721419827471,2.15752679467209,0.149077896104769,0.434909283548888,"EOAD_vs_CN",62,"study_5"
"ARSB",0.00197926905555557,0.0809451623610613,0.00059789906275134,0.980605236658714,0.997319159991424,"EOAD_vs_CN",49,"study_5"
"ARSG",-0.151550787201238,0.188886500695439,0.643746011433692,0.428205124341988,0.740674271253897,"EOAD_vs_CN",36,"study_5"
"ASAH1",-0.0209788663760504,0.0828033195521893,0.0641901717709429,0.800952395707407,0.923899213605369,"EOAD_vs_CN",62,"study_5"
"ASPH",0.0185976417184874,0.0287958086703924,0.417116332261228,0.52084405921769,0.791182821742104,"EOAD_vs_CN",62,"study_5"
"ASPRV1",-0.0424039168897059,0.100404891029332,0.178361949683132,0.675869139991128,0.864848415812655,"EOAD_vs_CN",33,"study_5"
"ASRGL1",0.279657524111111,0.13819976946396,4.09485360236697,0.0503396758561767,0.243729037456687,"EOAD_vs_CN",39,"study_5"
"ASTN1",-0.0725543924,0.0771192549948537,0.885119213349935,0.351235465111754,0.683475162757232,"EOAD_vs_CN",55,"study_5"
"ATF6",0.0237468744004329,0.0695331528650111,0.116635046291292,0.733926741795282,0.89189110675122,"EOAD_vs_CN",61,"study_5"
"ATF6B",0.00656627202272728,0.0574903067799551,0.0130451323174677,0.90963925816487,0.962622859707346,"EOAD_vs_CN",42,"study_5"
"ATOX1",0.227417175915966,0.0452660498828896,25.2406961569915,5.47414904701113e-06,0.000205001295944192,"EOAD_vs_CN",62,"study_5"
"ATP1A1",0.0076114032710084,0.0610020828382718,0.0155682622126715,0.901159477380662,0.958138784503279,"EOAD_vs_CN",62,"study_5"
"ATP1A2",-0.0375533513319328,0.0630873283867406,0.354334245610105,0.554190290009573,0.807735649060815,"EOAD_vs_CN",62,"study_5"
"ATP1A3",-0.086629943013986,0.120308166912357,0.518496510702995,0.476759968288445,0.764732991092043,"EOAD_vs_CN",35,"study_5"
"ATP1B1",-0.00548211702731088,0.0313330719251074,0.0306119258869818,0.861897555563748,0.946488338994301,"EOAD_vs_CN",62,"study_5"
"ATP1B2",0.0393304822121849,0.0493609526626516,0.634879751755037,0.428762211102432,0.740674271253897,"EOAD_vs_CN",62,"study_5"
"ATP1B3",0.0952632583928572,0.107028815556762,0.792226609601768,0.383139804559699,0.712593080979905,"EOAD_vs_CN",33,"study_5"
"ATRNL1",4.3198259615386e-05,0.0769892395883112,3.14827339990062e-07,0.999554404860222,0.999554404860222,"EOAD_vs_CN",58,"study_5"
"AVP",-0.034517777065126,0.102154041340177,0.114175923736703,0.736981054831027,0.893826989831417,"EOAD_vs_CN",62,"study_5"
"B3GALNT1",-0.0365066772352941,0.0445744715821894,0.670767798651492,0.416057355991328,0.732486301703995,"EOAD_vs_CN",62,"study_5"
"B3GAT1",-0.0508093464642858,0.0744177594682403,0.466158960807482,0.499706320381181,0.783727434102108,"EOAD_vs_CN",34,"study_5"
"B3GAT3",-0.00167133738235295,0.0398574801257392,0.00175836316607168,0.966705703567668,0.990455034085244,"EOAD_vs_CN",62,"study_5"
"B3GNT7",-0.0376252246910919,0.096290850753208,0.152682111250527,0.697758500637343,0.875777598269169,"EOAD_vs_CN",53,"study_5"
"B3GNT8",0.0468982136890756,0.0780899748622723,0.360679979428056,0.550390751335392,0.805874087840305,"EOAD_vs_CN",62,"study_5"
"B3GNT9",0.0388967608529412,0.0533216141738045,0.532133128625772,0.46948067372632,0.761039784706535,"EOAD_vs_CN",62,"study_5"
"B4GALNT1",-0.0397494070693277,0.0467848503851343,0.721856413879989,0.39891701213755,0.718363804977826,"EOAD_vs_CN",62,"study_5"
"B4GALNT4",0.0675926427605042,0.0667930760966977,1.0240849033394,0.315616398245505,0.650737180652249,"EOAD_vs_CN",62,"study_5"
"B4GALT1",-0.0131406165294118,0.046346750791818,0.0803883099543101,0.777860446302849,0.911926971974527,"EOAD_vs_CN",62,"study_5"
"BACE1",0.00512615608613445,0.0618878631957619,0.00686076708246389,0.934290912257718,0.976323362182752,"EOAD_vs_CN",62,"study_5"
"BAMBI",-0.0514402667710084,0.0792739892696848,0.421060980335848,0.519603263326363,0.791182821742104,"EOAD_vs_CN",62,"study_5"
"BCAM",-0.0326280112457983,0.034532354216247,0.892747890282875,0.348552873935513,0.682790570088873,"EOAD_vs_CN",62,"study_5"
"BDNF",-0.320987645869748,0.104486788889857,9.43743275632432,0.00346849212599796,0.0402828041215585,"EOAD_vs_CN",62,"study_5"
"BGN",0.0500148020042017,0.0763843671432309,0.428734209651919,0.515714453976187,0.791182821742104,"EOAD_vs_CN",62,"study_5"
"BIN1",0.122930161779487,0.0696128170483704,3.11844787056426,0.0830773118508759,0.316279807565056,"EOAD_vs_CN",56,"study_5"
"BLMH",0.0202207851302521,0.0444401940606526,0.207035173746543,0.650788337718956,0.85666900983808,"EOAD_vs_CN",62,"study_5"
"BLVRB",-0.132444568969577,0.155980659971235,0.720985949754771,0.399661099467879,0.718998154434861,"EOAD_vs_CN",55,"study_5"
"BMP1",-0.0221136883095239,0.0928116203992594,0.0567698383687213,0.812818842921702,0.928718914546278,"EOAD_vs_CN",45,"study_5"
"BMP6",0.0908393750084034,0.0690332168916568,1.73153809917024,0.193231479222738,0.498482612234125,"EOAD_vs_CN",62,"study_5"
"BMP7",-0.121197507470588,0.0987670162302558,1.5057868802939,0.22955411702366,0.557922920183332,"EOAD_vs_CN",36,"study_5"
"BMPR2",0.00486298108796296,0.0626643308038957,0.00602232721846456,0.938439929201649,0.977248817868311,"EOAD_vs_CN",59,"study_5"
"BPGM",-0.00100933815000004,0.195166933543338,2.67461268555678e-05,0.995898899004756,0.998472740562973,"EOAD_vs_CN",45,"study_5"
"BRINP1",-0.0693250970181818,0.0595613950711118,1.35472532411109,0.249642653411872,0.579489622122508,"EOAD_vs_CN",58,"study_5"
"BSG",-0.0393868036953782,0.0475240104938937,0.686871205872318,0.410612387904848,0.730818362565854,"EOAD_vs_CN",62,"study_5"
"BST1",-0.00455580205672269,0.073871293915416,0.00380345498339216,0.951031084130988,0.982072053674937,"EOAD_vs_CN",62,"study_5"
"BTN2A1",-0.0305662924810924,0.0505744129409911,0.365278262515586,0.547953625615267,0.805874087840305,"EOAD_vs_CN",62,"study_5"
"BKGD",0.0396408816814815,0.0924131778470897,0.184000414459182,0.670548824442817,0.862268460303132,"EOAD_vs_CN",42,"study_5"
"C11orf87",-0.0963001766805556,0.127967988724759,0.566306412668098,0.454866387222883,0.75597673286097,"EOAD_vs_CN",59,"study_5"
"SPRING1",-0.0798371025457272,0.0934033864535922,0.730607774771847,0.398356142791209,0.718363804977826,"EOAD_vs_CN",52,"study_5"
"C1GALT1",-0.132218272905462,0.0560454225446864,5.5654804844799,0.0219325424346742,0.149614183522777,"EOAD_vs_CN",62,"study_5"
"C1GALT1C1",-0.0701879416701681,0.0421972232812547,2.76666939059112,0.101461933787116,0.357908062856979,"EOAD_vs_CN",62,"study_5"
"C1QL1",0.0380658814369748,0.0561761887406076,0.459163374153529,0.501086895533771,0.784681520106538,"EOAD_vs_CN",62,"study_5"
"C1QL3",-0.0342906043533653,0.0838188582311981,0.167365830727572,0.684078674213229,0.869310503588141,"EOAD_vs_CN",58,"study_5"
"C1QTNF1",-0.0413116894348739,0.0460065799030336,0.806317364823713,0.373313735125206,0.706946030913059,"EOAD_vs_CN",62,"study_5"
"C1QTNF4",-0.123894631610577,0.0565924121324744,4.79279183728224,0.0339450316622957,0.195877777045008,"EOAD_vs_CN",58,"study_5"
"C1QTNF5",0.00902651199369747,0.065443437713554,0.0190242576026444,0.890785091643022,0.956289576049104,"EOAD_vs_CN",62,"study_5"
"C4BPB",-0.0734248295133335,0.177774748916551,0.170586926988352,0.681275811985967,0.86694945561321,"EOAD_vs_CN",55,"study_5"
"CA10",0.0010205511302521,0.0674164831060406,0.000229159227674222,0.987972651799147,0.998472740562973,"EOAD_vs_CN",62,"study_5"
"CA11",-0.10066424382563,0.0793404849724696,1.60975865754703,0.209426658789478,0.526382241974801,"EOAD_vs_CN",62,"study_5"
"CA14",-0.0586961332929293,0.047768689886573,1.50984485642593,0.224580221346351,0.55094212054887,"EOAD_vs_CN",60,"study_5"
"CA2",0.281235045865546,0.260644192358062,1.1642406879561,0.285005942228627,0.616728660365012,"EOAD_vs_CN",62,"study_5"
"CA3",0.00684251150833336,0.312670753769449,0.000478912918137102,0.982644709135964,0.997319159991424,"EOAD_vs_CN",44,"study_5"
"CA4",-0.118753760296218,0.0603737376807065,3.86899896645434,0.0541548793750885,0.250660616137024,"EOAD_vs_CN",62,"study_5"
"CACHD1",-0.0132371230693277,0.0558290552034312,0.0562168693498861,0.813429015725262,0.928837737309182,"EOAD_vs_CN",62,"study_5"
"CACNA2D2",-0.116771155245798,0.0442321692601014,6.96938852536989,0.0106766776308216,0.0941908819834503,"EOAD_vs_CN",62,"study_5"
"CACNA2D3",-0.117252872882353,0.0750319884961259,2.44204730439041,0.124569513284693,0.399118421776692,"EOAD_vs_CN",62,"study_5"
"CACYBP",0.0183061798901099,0.0989107471559044,0.0342537786184344,0.854860041051261,0.946488338994301,"EOAD_vs_CN",34,"study_5"
"CADPS",0.0615596267884615,0.0748604808074306,0.67621800816301,0.414455970707545,0.731785797668047,"EOAD_vs_CN",58,"study_5"
"CALB2",0.236488576128151,0.060688760898739,15.184615243477,0.00026229421968832,0.00572987968009604,"EOAD_vs_CN",62,"study_5"
"CALCA",-0.0161214033256303,0.117274947447243,0.018897101362554,0.891147234356385,0.956289576049104,"EOAD_vs_CN",62,"study_5"
"CALU",-0.0533769224722222,0.0663284107417522,0.647601546891661,0.428233519074114,0.740674271253897,"EOAD_vs_CN",34,"study_5"
"CALY",-0.0895402393720508,0.0724474869683445,1.52753036209194,0.223218689184567,0.549807106917692,"EOAD_vs_CN",48,"study_5"
"CAMK2D",0.14879157512395,0.0655443999521794,5.15330086638313,0.0268613132438533,0.171743936593975,"EOAD_vs_CN",62,"study_5"
"CAMK2G",0.139058468625882,0.0717483056524381,3.75639787048902,0.0577746097221697,0.258576606927272,"EOAD_vs_CN",59,"study_5"
"CAND1",0.5373392685875,0.0994017851247222,29.2219229982841,5.42228848761475e-06,0.000205001295944192,"EOAD_vs_CN",36,"study_5"
"CAP2",0.0635972649566667,0.0872312774103731,0.531535668773696,0.470959380053483,0.762580651167855,"EOAD_vs_CN",49,"study_5"
"CAPG",0.185260799195378,0.0697711619289236,7.0504226996557,0.0101347301501243,0.0909132894080515,"EOAD_vs_CN",62,"study_5"
"GOLM2",-0.0422472205336134,0.0437686839679164,0.931685435691929,0.338453982504689,0.674853130945238,"EOAD_vs_CN",62,"study_5"
"CAST",0.265697341533333,0.119169034195251,4.97104367537901,0.0330492407488614,0.192813848284658,"EOAD_vs_CN",35,"study_5"
"CAT",-0.134343405012605,0.168909690145619,0.632591821227599,0.4295424013645,0.740674271253897,"EOAD_vs_CN",62,"study_5"
"CBLN2",-0.0254585240065681,0.0929500972985614,0.0750182182404515,0.785752015482748,0.915463459308471,"EOAD_vs_CN",50,"study_5"
"CBR1",0.101315593327731,0.0615068751364694,2.71334650113465,0.105376265376473,0.363583854545019,"EOAD_vs_CN",62,"study_5"
"CCDC126",-0.0828730955294117,0.0441149910120577,3.52902497780707,0.0662706551984797,0.276311325579544,"EOAD_vs_CN",62,"study_5"
"CCDC80",0.0360577236421405,0.0964163684879536,0.139860498570798,0.710112413521403,0.881824813001321,"EOAD_vs_CN",49,"study_5"
"CCER2",-0.171502049107143,0.0753997436296486,5.17367195736343,0.0265840294215012,0.171200312763883,"EOAD_vs_CN",62,"study_5"
"CCK",-0.0616581241116626,0.0981982873706777,0.394250985999698,0.533615564749624,0.795505097455128,"EOAD_vs_CN",57,"study_5"
"CCL14",0.120198623538462,0.0947796603110492,1.60830604010606,0.209979183174689,0.526382241974801,"EOAD_vs_CN",58,"study_5"
"CCL18",-0.0750398868848684,0.214234077788094,0.122689453715108,0.728381049300678,0.889866328539776,"EOAD_vs_CN",35,"study_5"
"UQCC4",-0.167128734542017,0.0936550504460619,3.18448967697653,0.0805179576482955,0.3110535837571,"EOAD_vs_CN",62,"study_5"
"CD109",0.0970073074285714,0.0568531391785174,2.91138742345065,0.0932893981674289,0.334264868296085,"EOAD_vs_CN",62,"study_5"
"CD177",0.0847681987857143,0.193752301760052,0.191413325697358,0.663317685000781,0.860723610162478,"EOAD_vs_CN",62,"study_5"
"CD200",-0.191083624336134,0.0762807824806324,6.27504235370095,0.0149880778898113,0.115075828149806,"EOAD_vs_CN",62,"study_5"
"CD248",-0.108949552067227,0.0420764673018274,6.70459206280267,0.0123600678464366,0.102182458971596,"EOAD_vs_CN",62,"study_5"
"CD302",0.00663616263865546,0.05808237660826,0.0130540504069944,0.909421971215284,0.962622859707346,"EOAD_vs_CN",62,"study_5"
"CD320",-0.101364784814516,0.0709813185429369,2.03932329659223,0.159691179036661,0.447379104629425,"EOAD_vs_CN",55,"study_5"
"CD33",0.118004719858333,0.0977618505788385,1.45700126408864,0.232896177937431,0.562321692783139,"EOAD_vs_CN",54,"study_5"
"CD46",0.0143106384390756,0.037822426000469,0.143159197408726,0.706575583991731,0.879624285362841,"EOAD_vs_CN",62,"study_5"
"CD5L",-0.156968735754202,0.184041674544157,0.727434624130001,0.39739762010058,0.718363804977826,"EOAD_vs_CN",62,"study_5"
"CD74",-0.0987039362478991,0.0456198207849395,4.68124956948348,0.0348436316927542,0.197339704185814,"EOAD_vs_CN",62,"study_5"
"CD83",-0.003552811842437,0.121767130894739,0.000851303206394241,0.976831612419747,0.996431730685597,"EOAD_vs_CN",62,"study_5"
"CD84",-0.00870478232919256,0.139385112491963,0.00390016563644012,0.950473672712183,0.982072053674937,"EOAD_vs_CN",51,"study_5"
"CD9",-0.120753412287815,0.140407293862765,0.739638460419637,0.393277001127458,0.717875196892391,"EOAD_vs_CN",62,"study_5"
"CD93",-0.0936028404558824,0.0523125678848856,3.20159194107993,0.0786332337581879,0.306027935530613,"EOAD_vs_CN",62,"study_5"
"ADGRE5",-0.0668358562339545,0.0913989655541913,0.534732365737455,0.468839677606879,0.761039784706535,"EOAD_vs_CN",44,"study_5"
"CDH1",0.0219385705819328,0.0689257017408684,0.101310454146828,0.751516250914426,0.90132831400521,"EOAD_vs_CN",62,"study_5"
"CDH10",-0.150042041754202,0.0621380055890857,5.83057399175796,0.0188156818156484,0.135512766284637,"EOAD_vs_CN",62,"study_5"
"CDH11",-0.0811514203004202,0.0226559314833179,12.8300516630902,0.000703757033044672,0.0126607270160488,"EOAD_vs_CN",62,"study_5"
"CDH15",-0.00153889750420169,0.0729099947229582,0.00044549748539617,0.983232308964489,0.997363895494659,"EOAD_vs_CN",62,"study_5"
"CDH18",-0.0928523760621267,0.0855784734331246,1.17721821419341,0.282694809339449,0.616728660365012,"EOAD_vs_CN",58,"study_5"
"CDH19",-0.115498973662055,0.119666677013593,0.931557758637844,0.339858398235823,0.675666479699606,"EOAD_vs_CN",45,"study_5"
"CDH20",-0.0959321884096639,0.0414547060599835,5.35526570268625,0.0241539243555392,0.159433277670555,"EOAD_vs_CN",62,"study_5"
"CDH22",-0.164181756947479,0.0607503381047305,7.30385930952152,0.00911609240904039,0.0862269565494284,"EOAD_vs_CN",62,"study_5"
"CDH23",-0.045451529310606,0.0911773083636722,0.248498325442979,0.619993661317214,0.843086622581683,"EOAD_vs_CN",61,"study_5"
"CDH3",-0.000788091997899198,0.0842987344734235,8.74000590121716e-05,0.992572017628579,0.998472740562973,"EOAD_vs_CN",62,"study_5"
"CDH4",-0.0638718881071429,0.0595274494219788,1.1512906020147,0.288385101541117,0.618931767635029,"EOAD_vs_CN",62,"study_5"
"CDH5",-0.114264210588235,0.0527414917606106,4.69370324655379,0.0342887246475211,0.197240782847025,"EOAD_vs_CN",62,"study_5"
"CDH7",-0.125807308512605,0.0390046725521828,10.4034760071376,0.00204766556699149,0.0291276458560417,"EOAD_vs_CN",62,"study_5"
"CDH8",-0.279324984615546,0.0869813126881758,10.3125876283848,0.00243089864367364,0.0320913597923822,"EOAD_vs_CN",62,"study_5"
"CDH9",-0.1599676965,0.0973429078899452,2.70057318429808,0.105827587587439,0.363583854545019,"EOAD_vs_CN",62,"study_5"
"CEL",-0.216168477281513,0.141803026976083,2.32388013536634,0.132928748529399,0.411931957428374,"EOAD_vs_CN",62,"study_5"
"CEMIP",0.0429843801491597,0.0409342453591626,1.10267558849263,0.297941544061947,0.629140084411591,"EOAD_vs_CN",62,"study_5"
"CEND1",0.181328140564904,0.069863251193358,6.73647700281015,0.0120399032081063,0.101120526997677,"EOAD_vs_CN",58,"study_5"
"CETP",-0.256541745489496,0.108599685079103,5.58031813543319,0.0216182873444293,0.148575120887744,"EOAD_vs_CN",62,"study_5"
"CFB",-0.182805316331933,0.132276658219747,1.90990257522247,0.172386738933256,0.463419392481737,"EOAD_vs_CN",62,"study_5"
"CFHR3",-0.049843966684874,0.156010916994708,0.102074019073037,0.750470656736443,0.901035498775104,"EOAD_vs_CN",62,"study_5"
"CFHR5",-0.0432224322310925,0.119558824162647,0.130693844593523,0.718987318999345,0.88571197661055,"EOAD_vs_CN",62,"study_5"
"CFL1",0.372756784014706,0.0604167141767488,38.0659706367829,6.55147331324693e-08,3.87804952574456e-06,"EOAD_vs_CN",62,"study_5"
"CFL2",0.248731091634921,0.103269945186384,5.80112547090863,0.0213077154084895,0.147545878394635,"EOAD_vs_CN",39,"study_5"
"CFP",-0.0987987804621849,0.123295989650473,0.642103838183877,0.4262503269171,0.740674271253897,"EOAD_vs_CN",62,"study_5"
"CHAD",0.0702272870441177,0.0612553984936801,1.31438636121054,0.256546413172464,0.587052257289103,"EOAD_vs_CN",62,"study_5"
"CHI3L2",0.0949000800273109,0.0994906613925197,0.909847322495691,0.3442880678981,0.680785134259714,"EOAD_vs_CN",62,"study_5"
"CHID1",-0.020589230697479,0.0536969239336594,0.147021694707235,0.702852569936699,0.878565712420873,"EOAD_vs_CN",62,"study_5"
"CHIT1",0.846435645754202,0.253544393411847,11.1449946884689,0.00162379128434502,0.0250391345106984,"EOAD_vs_CN",62,"study_5"
"CHPF",-0.277590594406948,0.0884088568615536,9.85866123236974,0.00271859245609978,0.034531243453309,"EOAD_vs_CN",57,"study_5"
"CHRD",-0.0396951320609244,0.0407077851206476,0.950866518484218,0.333827975878915,0.670212621157339,"EOAD_vs_CN",62,"study_5"
"CHRDL1",0.000243914857142868,0.0430370437653786,3.21211914156166e-05,0.995497376291575,0.998472740562973,"EOAD_vs_CN",62,"study_5"
"CHST1",-0.00829005873109245,0.059661994776684,0.0193072168837869,0.889961839169709,0.956256794027433,"EOAD_vs_CN",62,"study_5"
"CHST10",-0.0881530887247899,0.0509529949792321,2.99319929589675,0.0893578181051914,0.32776500300224,"EOAD_vs_CN",62,"study_5"
"CHST11",-0.118595105,0.0909575869658376,1.70002640604334,0.199405667306977,0.508207499317086,"EOAD_vs_CN",44,"study_5"
"CHST12",0.0145898517920168,0.059627150037856,0.0598706062972987,0.80790132445037,0.926063556044607,"EOAD_vs_CN",62,"study_5"
"CHST14",0.0214767644444444,0.0677520106844228,0.100483170802836,0.752501361931277,0.901603477019406,"EOAD_vs_CN",60,"study_5"
"CHST15",-0.0271999254726891,0.0260386094676145,1.09118868042273,0.300813404946535,0.631395547057838,"EOAD_vs_CN",62,"study_5"
"CHST3",0.0395594573822115,0.0591532394189412,0.447243035064219,0.506408301696125,0.786187620811505,"EOAD_vs_CN",58,"study_5"
"CHST7",0.0926854270552885,0.0928017892276156,0.997493815124053,0.322700411741986,0.658682152999493,"EOAD_vs_CN",58,"study_5"
"CHST8",-0.081820112710084,0.0456711745427119,3.20948821634342,0.0783590696080627,0.306027935530613,"EOAD_vs_CN",62,"study_5"
"CKB",0.267354531758403,0.0777225525563888,11.8326219596305,0.00109752907022932,0.0181438364312685,"EOAD_vs_CN",62,"study_5"
"CKMT1A",0.313897747303529,0.113957576783728,7.58734769751487,0.0111515088736646,0.0974429465865451,"EOAD_vs_CN",42,"study_5"
"CLEC11A",-0.0239215372121849,0.0551482457291881,0.188154567057876,0.666432544010738,0.860723610162478,"EOAD_vs_CN",62,"study_5"
"CLIC1",0.0566677496596639,0.0635321490147217,0.795581803825855,0.376512786392355,0.708229661076015,"EOAD_vs_CN",62,"study_5"
"CLIC6",-0.125543726481066,0.150996550912078,0.69128315898602,0.409555018402777,0.729644134727278,"EOAD_vs_CN",54,"study_5"
"CLMP",-0.0684370693991597,0.0546482746668171,1.56830272728026,0.216432199850757,0.538878000985262,"EOAD_vs_CN",62,"study_5"
"CLN5",0.0395199354411765,0.0945087928244815,0.174859012388837,0.677567584152838,0.864848415812655,"EOAD_vs_CN",62,"study_5"
"CLTC",-0.0820264642777777,0.156384616405572,0.275118582599216,0.603467045522775,0.836597625584912,"EOAD_vs_CN",36,"study_5"
"CLUL1",0.00724361978991597,0.0809129355617555,0.00801448051529876,0.929080536601696,0.973650933560315,"EOAD_vs_CN",62,"study_5"
"CNPY2",-0.0632488065378151,0.066744718852146,0.897988663668904,0.347140862571344,0.682790570088873,"EOAD_vs_CN",62,"study_5"
"CNPY3",0.027808108775974,0.0637588863195684,0.190222314666628,0.664346323171654,0.860723610162478,"EOAD_vs_CN",61,"study_5"
"CNPY4",0.105565283330882,0.0985140269959977,1.14827547921926,0.293399204479727,0.626275056894558,"EOAD_vs_CN",33,"study_5"
"CNR1",-0.124193192110837,0.0778587905460147,2.54437004140851,0.116695197981442,0.384444682757533,"EOAD_vs_CN",57,"study_5"
"CNTFR",-0.0887361863046219,0.041716298157922,4.52470212753698,0.0377291111221321,0.204377819713543,"EOAD_vs_CN",62,"study_5"
"CNTN3",-0.10600565869958,0.0483833269211672,4.80028079299148,0.033277664732001,0.192813848284658,"EOAD_vs_CN",62,"study_5"
"CNTN5",-0.116384686543956,0.0810462610464211,2.06217593434091,0.157070407820125,0.446127698916303,"EOAD_vs_CN",54,"study_5"
"CNTN6",-0.0115960368046218,0.0509443294758223,0.0518116555037166,0.820753509930571,0.934294473152976,"EOAD_vs_CN",62,"study_5"
"CNTNAP2",-0.059075548802521,0.0772755652130587,0.584428180696147,0.447622094941028,0.752185480052003,"EOAD_vs_CN",62,"study_5"
"CNTNAP5",-0.0719889020315126,0.048213803446656,2.22940162558199,0.142408394400669,0.424219811242252,"EOAD_vs_CN",62,"study_5"
"COL11A1",-0.0131675086212121,0.0833505578493622,0.0249568748453169,0.875197494569132,0.951540358493087,"EOAD_vs_CN",46,"study_5"
"COL12A1",0.0469839127626049,0.0568375901495519,0.683324592172577,0.412289612131021,0.731785797668047,"EOAD_vs_CN",62,"study_5"
"COL14A1",-0.011901434105042,0.0533361515281899,0.0497915035538267,0.824311746049955,0.934570169434353,"EOAD_vs_CN",62,"study_5"
"COL15A1",0.0318551180021008,0.0793106948371218,0.161322493805895,0.689501713364539,0.871167109380043,"EOAD_vs_CN",62,"study_5"
"COL16A1",0.0420287534411765,0.0544920843920926,0.594875629320706,0.443575746104383,0.747713079580604,"EOAD_vs_CN",62,"study_5"
"COL21A1",0.0103779090903361,0.0708788786252477,0.0214380879387503,0.884082782853255,0.954772423714634,"EOAD_vs_CN",62,"study_5"
"COL28A1",0.0213619783256302,0.11744661449817,0.0330827753177385,0.85632536372059,0.946488338994301,"EOAD_vs_CN",62,"study_5"
"COL2A1",-0.0682436806428572,0.0578385108750792,1.39216489377906,0.243074221058186,0.571115487377428,"EOAD_vs_CN",62,"study_5"
"COL4A1",0.00390958077100842,0.0354879197333415,0.0121366630722994,0.912697053378174,0.963635841742778,"EOAD_vs_CN",62,"study_5"
"COL4A2",-0.025651621697479,0.0468133641577518,0.300254792999123,0.586285688972044,0.826338388498876,"EOAD_vs_CN",62,"study_5"
"COL5A1",-0.067119152644958,0.0721033272891545,0.866527435613916,0.35568020133566,0.688251424390767,"EOAD_vs_CN",62,"study_5"
"COL5A2",-0.0292967152230769,0.0765692263427826,0.146396043999064,0.703989176949344,0.87876390761557,"EOAD_vs_CN",46,"study_5"
"COL6A2",0.122425424857143,0.0647766550268303,3.57195684982074,0.0642488872014144,0.271651400955289,"EOAD_vs_CN",62,"study_5"
"COLEC11",-0.253000699145833,0.176931935595454,2.04470653672583,0.163258664611855,0.449819293637769,"EOAD_vs_CN",40,"study_5"
"COMP",0.0491681038235292,0.0979879796854621,0.25178004856271,0.617787892733651,0.843086622581683,"EOAD_vs_CN",62,"study_5"
"CORO1A",0.00844364120798319,0.0563161334963951,0.0224798744815454,0.881527018542575,0.954772423714634,"EOAD_vs_CN",62,"study_5"
"COX16",0.168559544944712,0.067970071157309,6.14994527346783,0.0162309687178182,0.121566643253862,"EOAD_vs_CN",58,"study_5"
"CPAMD8",0.0659076061802885,0.109568513786551,0.361825802775658,0.549944627953113,0.805874087840305,"EOAD_vs_CN",58,"study_5"
"CPB1",0.0160149942836134,0.0853806522122012,0.0351831435243116,0.851848657515407,0.944496849873578,"EOAD_vs_CN",62,"study_5"
"CPD",0.0137138669495798,0.0474598710024503,0.083496208786163,0.773799423674497,0.910317777868281,"EOAD_vs_CN",62,"study_5"
"CPLX2",0.0996942209428572,0.057828232960353,2.97207745996436,0.0915466169736389,0.333309607433785,"EOAD_vs_CN",53,"study_5"
"CPM",0.0407010229642857,0.0615165169807077,0.437751026745656,0.510759545718269,0.789106807847159,"EOAD_vs_CN",62,"study_5"
"CPN1",-0.0430396439642857,0.17254009272574,0.0622239083234869,0.803904908459892,0.926029822362776,"EOAD_vs_CN",62,"study_5"
"CPPED1",0.140599395065476,0.082159021296063,2.92857526454877,0.093223175962427,0.334264868296085,"EOAD_vs_CN",52,"study_5"
"CPXM1",0.101890358874074,0.109119847034348,0.871883957437007,0.355021839374932,0.688251424390767,"EOAD_vs_CN",57,"study_5"
"CPXM2",0.105747288113445,0.0669724868930399,2.49313402400732,0.120538697786265,0.39202620744715,"EOAD_vs_CN",62,"study_5"
"CRABP1",-0.0412659880399159,0.134565548425113,0.0940408886779715,0.760219384526973,0.903792447804441,"EOAD_vs_CN",62,"study_5"
"CRB2",0.0263732578592437,0.0487214939195737,0.293012649412209,0.590359901475251,0.829589844620876,"EOAD_vs_CN",62,"study_5"
"CREG1",0.0735480824664352,0.0777563590179872,0.89468648304204,0.348651097642111,0.682790570088873,"EOAD_vs_CN",59,"study_5"
"CRELD1",0.021021231605042,0.07024287431636,0.089559521673005,0.765781492260357,0.907563092458103,"EOAD_vs_CN",62,"study_5"
"CRELD2",-0.122445899170909,0.090116269874826,1.8462141517886,0.180232205487649,0.476550572146737,"EOAD_vs_CN",58,"study_5"
"CRHBP",-0.0840876792851614,0.100755921229929,0.696503939058569,0.408499689071003,0.728471262823411,"EOAD_vs_CN",56,"study_5"
"CRIM1",0.132265573710623,0.176646678993864,0.560638200418109,0.45959173078697,0.756430452821454,"EOAD_vs_CN",34,"study_5"
"CRISP3",-0.0421543148046218,0.108978800765917,0.1496235724876,0.700378992319368,0.877266519389788,"EOAD_vs_CN",62,"study_5"
"CRISPLD1",0.0948636267184874,0.0495269022433023,3.66874154825301,0.0610395051910106,0.263421041669747,"EOAD_vs_CN",62,"study_5"
"CRYAB",0.251860225277311,0.115332440595667,4.76887797729257,0.0331463933359953,0.192813848284658,"EOAD_vs_CN",62,"study_5"
"CRYM",0.471242495088235,0.0876217250599041,28.9244623697561,1.30634798848172e-06,5.61849973879151e-05,"EOAD_vs_CN",62,"study_5"
"CRYZ",0.277369904494152,0.148367124804929,3.49496887755034,0.0711861259864069,0.28779702205054,"EOAD_vs_CN",37,"study_5"
"CSF2RA",0.0849389845546218,0.0825108097800771,1.05972317157902,0.307556838993016,0.639146998360344,"EOAD_vs_CN",62,"study_5"
"CSMD2",-0.144340345481092,0.0828198043814804,3.03743560986307,0.0865813330534577,0.322879839336528,"EOAD_vs_CN",62,"study_5"
"CSPG4",-0.0257981673718487,0.0332863955469809,0.600681383984167,0.441368174824252,0.746351805655215,"EOAD_vs_CN",62,"study_5"
"CSPG5",-0.24176888778125,0.0682600343709664,12.5449177993762,0.000829903626803696,0.0143667278791017,"EOAD_vs_CN",56,"study_5"
"CSRP1",0.111302859067227,0.0694611411424552,2.56760854861808,0.115565168645232,0.382783545963901,"EOAD_vs_CN",62,"study_5"
"CST6",0.00409579485504202,0.0754197649227564,0.00294921234698312,0.956903475951173,0.984810924492655,"EOAD_vs_CN",62,"study_5"
"CSTB",0.175421394663866,0.0534348405521828,10.7774516540719,0.00171717467158003,0.0260414505979286,"EOAD_vs_CN",62,"study_5"
"CTBS",0.016199630657563,0.0514016022261554,0.0993246201844961,0.753783109899282,0.901603477019406,"EOAD_vs_CN",62,"study_5"
"CCN2",0.060525192182773,0.0623559404885288,0.942142697840124,0.33662470039089,0.67361649423913,"EOAD_vs_CN",62,"study_5"
"CTHRC1",0.0716103737941177,0.0568277969204924,1.58792593432763,0.214010620460107,0.53429862386979,"EOAD_vs_CN",62,"study_5"
"CTSC",0.00944041158613451,0.0797833115456493,0.0140009576336407,0.906215626422384,0.961719282317198,"EOAD_vs_CN",62,"study_5"
"CTSO",0.0805095534852941,0.0488271429417016,2.71876838010018,0.104405285320545,0.363536429911194,"EOAD_vs_CN",62,"study_5"
"CTSS",0.140296771773109,0.0655089173657129,4.58663849641017,0.0363333397017406,0.202035388947558,"EOAD_vs_CN",62,"study_5"
"CX3CL1",-0.251827676316342,0.124399308104789,4.09799087061852,0.050113417048378,0.243275450486174,"EOAD_vs_CN",52,"study_5"
"CXADR",-0.0946517452631579,0.0812190440585819,1.3581305090701,0.25210877606692,0.582305920982425,"EOAD_vs_CN",36,"study_5"
"CXCL10",0.203642770322368,0.14960771625035,1.85280624519993,0.186090346588906,0.4857408051076,"EOAD_vs_CN",35,"study_5"
"CXCL12",0.0591210665840335,0.0759683887613674,0.60564577237041,0.439500936170458,0.745364341841765,"EOAD_vs_CN",62,"study_5"
"CYTL1",0.0576627018991598,0.108021262252127,0.284951849998659,0.595588928318201,0.832829281945309,"EOAD_vs_CN",62,"study_5"
"DBH",-0.19420767187037,0.145454503710204,1.78270063160619,0.187126102856258,0.486842497419007,"EOAD_vs_CN",59,"study_5"
"DCBLD2",-0.0777396729424242,0.0438344173971131,3.14524833354825,0.0824825423043549,0.31553168531754,"EOAD_vs_CN",52,"study_5"
"DCC",-0.156586840279412,0.052703947759881,8.82722562514474,0.00435184363956867,0.0489916139791933,"EOAD_vs_CN",62,"study_5"
"DCD",0.11155679414916,0.15772470134718,0.500256365013363,0.482150970460736,0.766724912774555,"EOAD_vs_CN",62,"study_5"
"DCHS1",-0.0895815832920168,0.0698379761400692,1.64533439845803,0.205006926013089,0.518164888752092,"EOAD_vs_CN",62,"study_5"
"DDAH1",0.257135233081933,0.0546410746790353,22.1454603173854,2.13622979787797e-05,0.000604274593941822,"EOAD_vs_CN",62,"study_5"
"DDB1",0.0400923284642857,0.0476669977389124,0.70743568195634,0.404294968528936,0.724449577742815,"EOAD_vs_CN",62,"study_5"
"DDT",0.285660791911765,0.0637254397132648,20.0944253028995,3.39105838908966e-05,0.000888941734854219,"EOAD_vs_CN",62,"study_5"
"DEFA1",-0.0496545191290323,0.214969186022487,0.0533537730085341,0.818503495851412,0.932311554864892,"EOAD_vs_CN",54,"study_5"
"DEFB1",-0.00474704614242427,0.168908106842828,0.00078985235578337,0.977717202397425,0.996431730685597,"EOAD_vs_CN",52,"study_5"
"DGCR2",-0.0713354879663866,0.112419391889796,0.40265102524118,0.528820100804304,0.795397446701555,"EOAD_vs_CN",62,"study_5"
"DHH",-0.0584820678554839,0.139357383892384,0.176110589554236,0.676480033579683,0.864848415812655,"EOAD_vs_CN",56,"study_5"
"DIPK2B",-0.0962925019432773,0.0469845693850674,4.2002432276929,0.0454856552872231,0.231114610769565,"EOAD_vs_CN",62,"study_5"
"DLD",0.299209340491597,0.0560704206612278,28.476241345133,1.75670204647634e-06,7.16344056729797e-05,"EOAD_vs_CN",62,"study_5"
"DLK2",-0.141121788546218,0.0717903133791448,3.86417196838601,0.0552016402307574,0.251352381695881,"EOAD_vs_CN",62,"study_5"
"DLST",0.0325610201153846,0.0637278630542319,0.261058172561803,0.611733890495014,0.839978839489575,"EOAD_vs_CN",56,"study_5"
"DMKN",-0.00898486940966386,0.109372954526093,0.00674844403288443,0.934878132608921,0.976380975149328,"EOAD_vs_CN",62,"study_5"
"DNAJB11",-0.0329634760025641,0.0609170773513067,0.292811335963698,0.59266546337024,0.830184065102588,"EOAD_vs_CN",41,"study_5"
"DNAJB2",0.0957589182494118,0.0765439249011983,1.56508167930961,0.219887425500634,0.543791678967202,"EOAD_vs_CN",42,"study_5"
"DNAJC3",0.0303227555168067,0.0352104946420584,0.741639882485163,0.392699483475081,0.717875196892391,"EOAD_vs_CN",62,"study_5"
"DNASE2",0.118178997279412,0.0828204729110008,2.03612853120162,0.159367740568279,0.447155663521087,"EOAD_vs_CN",62,"study_5"
"DNM1",-0.000904124521008395,0.0643022107616444,0.000197699097564286,0.988838040297383,0.998472740562973,"EOAD_vs_CN",62,"study_5"
"DPP10",0.108241625815126,0.0595630405241573,3.3024396917957,0.0744164772597661,0.296213092780197,"EOAD_vs_CN",62,"study_5"
"DPP3",0.0500229966995798,0.0634824110780443,0.620915618756535,0.433941722887292,0.740752190689464,"EOAD_vs_CN",62,"study_5"
"DPT",-0.076925708197479,0.0871718432447824,0.778736530451656,0.381050729474439,0.712044896726676,"EOAD_vs_CN",62,"study_5"
"DPYSL2",0.192192499367647,0.0592941614150356,10.5062808636204,0.00227044252980066,0.0313252785126633,"EOAD_vs_CN",62,"study_5"
"DRAXIN",0.112312179538065,0.108301311542699,1.07544023002349,0.305093754758703,0.635467695780044,"EOAD_vs_CN",56,"study_5"
"DSC1",-0.0835097053509615,0.0881968814839681,0.896535403046357,0.347919402271572,0.682790570088873,"EOAD_vs_CN",58,"study_5"
"DSC2",-0.0615425502226891,0.0426911466858178,2.07814256238519,0.154789868640729,0.445897251994565,"EOAD_vs_CN",62,"study_5"
"DSC3",0.0496462444705882,0.0887724428175504,0.312763785807243,0.578739020802763,0.822615694663838,"EOAD_vs_CN",62,"study_5"
"DSCAML1",-0.00573205478846156,0.0750591554624353,0.00583194364290488,0.939399863972801,0.977248817868311,"EOAD_vs_CN",58,"study_5"
"DSG2",0.000788438542016809,0.0454393827572534,0.000301072331433797,0.986215709882171,0.997632760547841,"EOAD_vs_CN",62,"study_5"
"DSP",-0.0224091289376812,0.330120045120916,0.00460793303784697,0.946145648979816,0.982000715994323,"EOAD_vs_CN",53,"study_5"
"DSTN",0.0908018675733334,0.15077369695552,0.362692349099869,0.551516749531327,0.805874087840305,"EOAD_vs_CN",43,"study_5"
"DTD1",0.199421883768908,0.0640548854088335,9.69261832590911,0.00307883619127288,0.0366861325388684,"EOAD_vs_CN",62,"study_5"
"EDIL3",0.127752471268908,0.0719537643813872,3.15232931355781,0.081272451337389,0.312651883027482,"EOAD_vs_CN",62,"study_5"
"EDN3",-0.147932625901261,0.0613422333218665,5.81579065894667,0.0194792317528272,0.138544148319527,"EOAD_vs_CN",62,"study_5"
"EEF2",0.0623020307457983,0.0789935949387101,0.622043345169014,0.43388547821649,0.740752190689464,"EOAD_vs_CN",62,"study_5"
"EFCAB14",-0.0148413443088236,0.0561909934971297,0.0697610581523149,0.792623877951027,0.919428429118511,"EOAD_vs_CN",62,"study_5"
"EFNA1",0.0554103140819328,0.0615564628559135,0.810277744780509,0.372200353036021,0.70614030580692,"EOAD_vs_CN",62,"study_5"
"EFNA3",-0.00420177150344826,0.090428462777477,0.00215900956459488,0.963119773787399,0.988436680592773,"EOAD_vs_CN",54,"study_5"
"EFNA5",-0.109624283905462,0.0672132640782485,2.6601343168263,0.108396211372735,0.368435725127512,"EOAD_vs_CN",62,"study_5"
"EFNB1",-0.0582200998571429,0.031620715035493,3.39002202063042,0.0705990705391206,0.2873709826097,"EOAD_vs_CN",62,"study_5"
"EFNB3",-0.034721246657563,0.0871422375701486,0.15875711773232,0.692186182820765,0.871167109380043,"EOAD_vs_CN",62,"study_5"
"EGFLAM",0.077200833447479,0.0699026022400667,1.21971198459421,0.274630517157424,0.612329281875909,"EOAD_vs_CN",62,"study_5"
"EGFR",-0.0326746139306723,0.0433890686820683,0.567100816954754,0.454459439948038,0.75597673286097,"EOAD_vs_CN",62,"study_5"
"EIF4A2",0.0848384287922705,0.0777977782849633,1.18918889237372,0.28236119484006,0.616728660365012,"EOAD_vs_CN",41,"study_5"
"EIF5A",0.0562216227373272,0.119761819234434,0.220378886385895,0.641573398344094,0.852488910906164,"EOAD_vs_CN",52,"study_5"
"ELFN2",-0.102297836526061,0.0979273278547491,1.09125209353962,0.301154320841592,0.631395547057838,"EOAD_vs_CN",58,"study_5"
"EMC10",-0.105591344502101,0.0681006132380311,2.4041114354614,0.127925757323851,0.404730628774598,"EOAD_vs_CN",62,"study_5"
"EMILIN1",0.0207173939936975,0.0740360886746755,0.0783038862587846,0.780752265693756,0.911926971974527,"EOAD_vs_CN",62,"study_5"
"EMILIN2",0.0572906998487395,0.0640630468170471,0.799747839625608,0.37476217668088,0.708227182501971,"EOAD_vs_CN",62,"study_5"
"EMILIN3",0.0659042386617647,0.0625217337341848,1.11112947830995,0.296238530071451,0.627747677134273,"EOAD_vs_CN",62,"study_5"
"ENOPH1",0.270089571784722,0.0900035600273916,9.00526000712481,0.00533450524888577,0.0575812772453258,"EOAD_vs_CN",34,"study_5"
"ENPP4",0.150832762771008,0.0698863363129059,4.65807872689756,0.0354059372072093,0.198078947485454,"EOAD_vs_CN",62,"study_5"
"ENPP5",0.00759558122268905,0.0734345540963229,0.0106984558829826,0.917985144802362,0.966878546892794,"EOAD_vs_CN",62,"study_5"
"ENPP6",-0.0530287181617647,0.06592211218724,0.647083059930928,0.425056167948985,0.740674271253897,"EOAD_vs_CN",62,"study_5"
"ENTPD4",-0.0618359346571428,0.0813631269168364,0.577599219112474,0.452926924185162,0.75597673286097,"EOAD_vs_CN",34,"study_5"
"ENTPD6",-0.0865428550441176,0.0424145325489004,4.16325552339618,0.0457191300868404,0.231114610769565,"EOAD_vs_CN",62,"study_5"
"EPB41L2",0.0505441094166666,0.132245183081173,0.146076842560861,0.705155492911262,0.87876390761557,"EOAD_vs_CN",42,"study_5"
"EPDR1",0.0604602149810924,0.0942996720206657,0.41107305414136,0.524027703321652,0.792437812254977,"EOAD_vs_CN",62,"study_5"
"EPHA10",-0.22286764012605,0.102293157249736,4.74679922283711,0.0347148266665837,0.197339704185814,"EOAD_vs_CN",62,"study_5"
"EPHA5",-0.14517572157563,0.0455451456280336,10.1602360177134,0.00259898209932193,0.0340652296589696,"EOAD_vs_CN",62,"study_5"
"EPHA6",-0.0545132348382353,0.0552141613329213,0.974771781128202,0.327697778563262,0.664447981948713,"EOAD_vs_CN",62,"study_5"
"EPHA7",-0.090097411552521,0.0320310064015753,7.91194864677158,0.00705473172082459,0.0699753119335844,"EOAD_vs_CN",62,"study_5"
"EPHB2",-0.0782681590945378,0.0516611625967846,2.29531284659955,0.136161951767967,0.415045151983752,"EOAD_vs_CN",62,"study_5"
"EPHB3",-0.0176900557146402,0.0474179582886127,0.139178676029028,0.710561507742648,0.881824813001321,"EOAD_vs_CN",57,"study_5"
"EPHB4",-0.0964964284378882,0.0679035732601282,2.01946914279988,0.162451658513644,0.448978779534163,"EOAD_vs_CN",51,"study_5"
"EPHB6",-0.0757655564579832,0.0882638278733006,0.736848354508081,0.394384992748438,0.717875196892391,"EOAD_vs_CN",62,"study_5"
"ERAP1",-0.0505442777268908,0.0709407474293348,0.507636066264324,0.478927871911903,0.766525001146163,"EOAD_vs_CN",62,"study_5"
"ERAP2",0.0134688969642857,0.216847092150726,0.00385795231773039,0.950680749974385,0.982072053674937,"EOAD_vs_CN",62,"study_5"
"ERBB3",-0.0275905843613445,0.0637911664221217,0.187068520308677,0.667002165477408,0.860723610162478,"EOAD_vs_CN",62,"study_5"
"ERBB4",0.0252844121533613,0.0558419538520321,0.205014468314144,0.652707425943928,0.857073793425556,"EOAD_vs_CN",62,"study_5"
"ERLEC1",0.0699647852852942,0.173731696448606,0.162181342250477,0.689799064470594,0.871167109380043,"EOAD_vs_CN",37,"study_5"
"ERP44",-0.0329488180588235,0.0404794627519769,0.662537097279998,0.418904943168397,0.735104550211508,"EOAD_vs_CN",62,"study_5"
"ESAM",-0.116279761483193,0.0551696458031298,4.44229988563119,0.0393125400681525,0.208492806430809,"EOAD_vs_CN",62,"study_5"
"ESD",-0.00950127394097222,0.0724629429882964,0.0171922114111194,0.896197789716395,0.958138784503279,"EOAD_vs_CN",59,"study_5"
"ESM1",-0.10677848029697,0.123171852377647,0.751526891759918,0.390670813267412,0.717875196892391,"EOAD_vs_CN",52,"study_5"
"EVI2A",-0.094287708210084,0.0821631192835209,1.31691068719944,0.256907934846575,0.58708102172287,"EOAD_vs_CN",62,"study_5"
"EXT1",-0.0390605006722689,0.0318804517630647,1.50115894184021,0.225305043258002,0.551787109465128,"EOAD_vs_CN",62,"study_5"
"EXT2",-0.0566241057478992,0.0344030393208748,2.70900052428858,0.105255398794242,0.363583854545019,"EOAD_vs_CN",62,"study_5"
"EXTL2",-0.119894650033613,0.0381504847486441,9.8764185739665,0.00275619540222303,0.034531243453309,"EOAD_vs_CN",62,"study_5"
"EXTL3",-0.0509416650024814,0.0799679875001327,0.405801770940853,0.526930013928219,0.795161657531482,"EOAD_vs_CN",57,"study_5"
"EZR",0.0879884777857143,0.0628663188028869,1.95891480107682,0.16715826434653,0.455773276487195,"EOAD_vs_CN",62,"study_5"
"F11",-0.0597617025084034,0.121971954924445,0.240063400386992,0.626095863913741,0.843563516523458,"EOAD_vs_CN",62,"study_5"
"F13A1",-0.0589846884054622,0.093756924049392,0.395796434594398,0.531717929778461,0.795505097455128,"EOAD_vs_CN",62,"study_5"
"F13B",-0.0852954354957983,0.116400828694636,0.536956912284179,0.466557419934295,0.760331141722408,"EOAD_vs_CN",62,"study_5"
"F9",-0.0225875385273109,0.11393834448341,0.0393004934097179,0.843528514253721,0.939244431829841,"EOAD_vs_CN",62,"study_5"
"FABP3",0.601023554796218,0.0607615158562004,97.8421045757525,1.55194795591443e-13,4.06832071300426e-11,"EOAD_vs_CN",62,"study_5"
"FABP4",-0.20026945977381,0.179140117053486,1.24980928080444,0.268873785669212,0.601687069150005,"EOAD_vs_CN",58,"study_5"
"FABP5",0.0963945686953781,0.050886693708124,3.58836540250693,0.0632674152250016,0.268740062356199,"EOAD_vs_CN",62,"study_5"
"FABP7",0.226223043824519,0.0786489828385209,8.27346554140954,0.00570699258136736,0.0605337074382029,"EOAD_vs_CN",58,"study_5"
"FAH",-0.0477581959285714,0.0623393824197327,0.586909088504589,0.446725104383288,0.752055565636086,"EOAD_vs_CN",62,"study_5"
"FAIM2",-0.00469995479831931,0.0733744548414307,0.0041029628736827,0.949163856074297,0.982072053674937,"EOAD_vs_CN",62,"study_5"
"FAM171A1",-0.00303493624579834,0.0575241242106704,0.00278355055899749,0.958141440987669,0.985179608342376,"EOAD_vs_CN",62,"study_5"
"FAM171B",0.111091340882353,0.149310388780468,0.553579966366798,0.461692457993135,0.756801395923423,"EOAD_vs_CN",39,"study_5"
"FAM174A",-0.151340758069328,0.0686810633543786,4.85554282695429,0.031743610035488,0.19035792292523,"EOAD_vs_CN",62,"study_5"
"FAM177A1",-0.201813347501548,0.0826118390199557,5.96781280722837,0.0201560579522124,0.141710215870919,"EOAD_vs_CN",36,"study_5"
"TAFA1",-0.0885276163083333,0.0638136973967749,1.92455232825418,0.171840644328476,0.463036097419607,"EOAD_vs_CN",54,"study_5"
"TAFA2",-0.0229369174390756,0.136950427170463,0.0280506752486145,0.867722324406174,0.948344529651775,"EOAD_vs_CN",62,"study_5"
"FAM20B",-0.11054146342437,0.0364459518194215,9.19923738961875,0.00357406233643775,0.0409900274210205,"EOAD_vs_CN",62,"study_5"
"FAM20C",-0.0336002052857143,0.028263614167159,1.41328083583645,0.241261870987527,0.568312622929541,"EOAD_vs_CN",62,"study_5"
"FAM234A",-0.282272328771429,0.193767504931679,2.12214335666122,0.171438210078487,0.462680847520334,"EOAD_vs_CN",31,"study_5"
"FAM234B",-0.14000859357072,0.0800005058140976,3.06283724947903,0.0857100292515084,0.322210010471892,"EOAD_vs_CN",57,"study_5"
"FAM3A",0.0201858859537815,0.0656447858389606,0.094557320912234,0.75982200580137,0.903792447804441,"EOAD_vs_CN",62,"study_5"
"FAM3B",-0.0238614580970589,0.183444500068098,0.0169193847297673,0.897389561800997,0.958138784503279,"EOAD_vs_CN",37,"study_5"
"CYRIB",0.12324370677521,0.0497916684908495,6.12655229742556,0.0163913326456795,0.122058972715373,"EOAD_vs_CN",62,"study_5"
"FAP",-0.0784796551654978,0.113580189567181,0.477429218159403,0.492665709682812,0.775335829560857,"EOAD_vs_CN",54,"study_5"
"FAT1",-0.0600516855756302,0.0496688967336046,1.46177785152943,0.231531427219371,0.560412932610177,"EOAD_vs_CN",62,"study_5"
"FBLN7",-0.0643747867163866,0.0595003779728124,1.1705558970284,0.283654384908302,0.616728660365012,"EOAD_vs_CN",62,"study_5"
"FBN1",0.0409272152352941,0.0477731358827168,0.733933804161681,0.395265904626566,0.717875196892391,"EOAD_vs_CN",62,"study_5"
"FCGR2A",-0.0826278788424371,0.121275472975036,0.46420226368584,0.499509117553301,0.783727434102108,"EOAD_vs_CN",62,"study_5"
"FCGR3A",0.0380014519579831,0.0626221637478748,0.368251260383735,0.546432686454397,0.805874087840305,"EOAD_vs_CN",62,"study_5"
"FCGRT",0.0335021925970962,0.083877646815974,0.159534268829824,0.691493562851367,0.871167109380043,"EOAD_vs_CN",48,"study_5"
"FCN3",-0.152963821411765,0.14435284269579,1.12286299157522,0.293632622725526,0.626275056894558,"EOAD_vs_CN",62,"study_5"
"FDPS",0.186781966581933,0.0542822749595002,11.8400573558744,0.00106127172667811,0.0177039419859485,"EOAD_vs_CN",62,"study_5"
"FGFBP2",0.253879675613527,0.239464055483571,1.12402301275657,0.300626165197336,0.631395547057838,"EOAD_vs_CN",41,"study_5"
"FGFR3",-0.051995029855042,0.0516420877233827,1.01371548747293,0.318759873681979,0.654704866125539,"EOAD_vs_CN",62,"study_5"
"FGL2",-0.0447862429222689,0.047096746148406,0.904289433343124,0.346098703862887,0.682525274560036,"EOAD_vs_CN",62,"study_5"
"FHL1",0.265721088666667,0.168327913444583,2.49195253602858,0.125036449146052,0.399724536904192,"EOAD_vs_CN",47,"study_5"
"FIBIN",0.030565206744709,0.0767562264359644,0.158572343545437,0.692081054770071,0.871167109380043,"EOAD_vs_CN",55,"study_5"
"FITM1",0.0204360470336134,0.0454825547486081,0.201885015331429,0.654974043144518,0.857872867380215,"EOAD_vs_CN",62,"study_5"
"FJX1",0.00460788198319328,0.0609258981023713,0.00572003670030144,0.939969571410119,0.977248817868311,"EOAD_vs_CN",62,"study_5"
"FKBP2",0.0746235049242424,0.0615219165423362,1.47126727060146,0.231800226621866,0.560412932610177,"EOAD_vs_CN",46,"study_5"
"FKRP",-0.0229039034138656,0.0639106426040432,0.128431820489545,0.721329952020625,0.886564274586636,"EOAD_vs_CN",62,"study_5"
"FLNA",0.0907969452605042,0.0865298310454689,1.10105943711462,0.300541271845797,0.631395547057838,"EOAD_vs_CN",62,"study_5"
"FLNC",0.0132759303256303,0.0429775759060496,0.0954214687222804,0.75864651817177,0.90351997488426,"EOAD_vs_CN",62,"study_5"
"FLRT1",-0.065940530125,0.0472115827625785,1.95077754521673,0.168608013807547,0.458364007906444,"EOAD_vs_CN",56,"study_5"
"FLRT2",-0.0283002651380952,0.0706612767074803,0.160405054325284,0.691137589519773,0.871167109380043,"EOAD_vs_CN",51,"study_5"
"FLT3",-0.154616752356522,0.174613749835045,0.784072489111123,0.382656972504602,0.712593080979905,"EOAD_vs_CN",43,"study_5"
"FMOD",0.056114698302521,0.0872193042856484,0.413931072073587,0.522949085539029,0.792437812254977,"EOAD_vs_CN",62,"study_5"
"FOLR1",-0.0399465762457983,0.104555578362824,0.145970369623879,0.704012136487239,0.87876390761557,"EOAD_vs_CN",62,"study_5"
"FREM2",-0.0660576103846154,0.177462849754202,0.138557747900989,0.711226552175453,0.881824813001321,"EOAD_vs_CN",56,"study_5"
"FRMPD1",0.0313578391659664,0.0580518440849723,0.291783155214287,0.591473852699298,0.830184065102588,"EOAD_vs_CN",62,"study_5"
"FSCN1",0.204158399726891,0.0446125734691518,20.9420867093153,2.50012506392146e-05,0.000674666101808216,"EOAD_vs_CN",62,"study_5"
"FSTL3",0.0861100230693277,0.0637768320385653,1.82297841054051,0.182537192711305,0.47950956267492,"EOAD_vs_CN",62,"study_5"
"FSTL5",-0.0909186770840336,0.064789345025877,1.96924175879616,0.166561073391354,0.455498613521811,"EOAD_vs_CN",62,"study_5"
"FTH1",-0.130466425722689,0.075557307482121,2.98156706594412,0.0895280605641868,0.32776500300224,"EOAD_vs_CN",62,"study_5"
"FTL",-0.148315277357241,0.104130926768994,2.02867421488978,0.160438517882261,0.447423526312992,"EOAD_vs_CN",54,"study_5"
"FUCA1",0.0212662264558824,0.102501004455145,0.0430451896777802,0.836577398237177,0.938405500272777,"EOAD_vs_CN",62,"study_5"
"FURIN",0.0376188522266667,0.0753277881313718,0.249402413005684,0.619695299171908,0.843086622581683,"EOAD_vs_CN",58,"study_5"
"POFUT4",-0.00726600018907564,0.049329923259933,0.0216955133136544,0.883393988475914,0.954772423714634,"EOAD_vs_CN",62,"study_5"
"FXYD6",0.0373040944726891,0.0758971600148306,0.241580543396883,0.625364493947076,0.843563516523458,"EOAD_vs_CN",62,"study_5"
"FZD1",-0.00809237539495797,0.0786009337447705,0.0105997746244999,0.918402892225689,0.966878546892794,"EOAD_vs_CN",62,"study_5"
"FZD3",-0.103467966258929,0.113948258892282,0.824510970122755,0.370355087160468,0.705712964630799,"EOAD_vs_CN",37,"study_5"
"FZD7",0.0943587526071429,0.0799140048852897,1.39417917172596,0.243772410043102,0.57202349415485,"EOAD_vs_CN",49,"study_5"
"GAA",-0.0474423117079832,0.0890647632735476,0.283739532854318,0.597498904281377,0.83377223525196,"EOAD_vs_CN",62,"study_5"
"GABARAP",0.073072081706044,0.0455635052096677,2.57198662394718,0.11506627480873,0.381820278976527,"EOAD_vs_CN",54,"study_5"
"GABARAPL2",0.181674814230952,0.0589753876181038,9.48959857770842,0.00329396184690297,0.0387462819811984,"EOAD_vs_CN",58,"study_5"
"GAL3ST4",0.00232671760924369,0.0734614428551856,0.00100315593125288,0.974852431498684,0.996021276057954,"EOAD_vs_CN",62,"study_5"
"GALC",-0.00965374692647059,0.111988034468464,0.0074310224705328,0.931591904548684,0.974057632391359,"EOAD_vs_CN",62,"study_5"
"GALNS",0.0718384664768907,0.0573742336996052,1.56776263575162,0.215667986943789,0.537704831578605,"EOAD_vs_CN",62,"study_5"
"GALNT1",-0.0673731727941177,0.0297911712087009,5.11444891677422,0.0278658840969971,0.175794657495976,"EOAD_vs_CN",62,"study_5"
"GALNT10",-0.0235329415861345,0.0359673165051577,0.428091259053721,0.515443912441766,0.791182821742104,"EOAD_vs_CN",62,"study_5"
"GALNT11",-0.0516990343004201,0.0591801076677417,0.763156064692945,0.386697340556789,0.716033925248947,"EOAD_vs_CN",62,"study_5"
"GALNT13",-0.0017232860210084,0.0559119721406303,0.000949959539025828,0.975525427940189,0.996154234986226,"EOAD_vs_CN",62,"study_5"
"GALNT15",0.0543080616512605,0.0878423676445502,0.382226275688116,0.53886185947638,0.799362580549035,"EOAD_vs_CN",62,"study_5"
"GALNT16",-0.096073826460084,0.0576466888006603,2.77754717043557,0.101936355894107,0.358339488631583,"EOAD_vs_CN",62,"study_5"
"GALNT17",0.0141386644768907,0.0554331313368361,0.0650545913183419,0.799584475537988,0.923899213605369,"EOAD_vs_CN",62,"study_5"
"GALNT18",-0.0759585975105042,0.0387642930591461,3.83963673796152,0.0549870209811235,0.251187626453333,"EOAD_vs_CN",62,"study_5"
"GALNT5",0.0406770863606238,0.101447945357346,0.160773017786318,0.690389618519275,0.871167109380043,"EOAD_vs_CN",46,"study_5"
"GALNT6",0.00031348624159664,0.0630639472521815,2.4710109481139e-05,0.99605029354569,0.998472740562973,"EOAD_vs_CN",62,"study_5"
"GALNT7",-0.0595729560147059,0.0612780154925388,0.945124271976995,0.33596041064309,0.673021128307938,"EOAD_vs_CN",62,"study_5"
"GANAB",-0.114401534455882,0.0404107650759884,8.01437304556246,0.00630666445876081,0.0642929404545894,"EOAD_vs_CN",62,"study_5"
"GAS1",0.0425620813755556,0.0792788978557872,0.288224243274809,0.594673928741795,0.832362058917768,"EOAD_vs_CN",43,"study_5"
"GAS6",-0.0220787638697479,0.0298051291288189,0.548741105779207,0.461916928302035,0.756801395923423,"EOAD_vs_CN",62,"study_5"
"GASK1A",0.0145105258235295,0.0821142449969962,0.0312269302102999,0.860342468620443,0.946488338994301,"EOAD_vs_CN",62,"study_5"
"GBA1",-0.0267897284894958,0.0537548317791053,0.248371414115453,0.620254463479712,0.843086622581683,"EOAD_vs_CN",62,"study_5"
"GDF11",-0.0541745490672269,0.0323221311059952,2.80925158828339,0.0989456831763055,0.350512217429576,"EOAD_vs_CN",62,"study_5"
"GDI1",0.267817039203782,0.0269130688520682,99.0261658317648,3.11931379265818e-14,1.14478816190555e-11,"EOAD_vs_CN",62,"study_5"
"GDI2",0.115985412119748,0.0335852072545853,11.9264357962486,0.00111594873332948,0.0182836243362465,"EOAD_vs_CN",62,"study_5"
"GFAP",0.343307121472689,0.0878659777717695,15.2659604314508,0.000257596995497946,0.00571432607218995,"EOAD_vs_CN",62,"study_5"
"GFRA3",-0.00514683010909089,0.0790929247120872,0.00423452201761359,0.948352385741277,0.982072053674937,"EOAD_vs_CN",58,"study_5"
"GGCT",0.208975904004202,0.0600216489325896,12.1220642230289,0.00113694174452311,0.0184627265592912,"EOAD_vs_CN",62,"study_5"
"GGT7",0.111451687036058,0.0557346035545921,3.99874270595584,0.0520907244756678,0.247944718143158,"EOAD_vs_CN",58,"study_5"
"GINM1",-0.0576457075861344,0.0531175304306887,1.17776379035779,0.282289933607855,0.616728660365012,"EOAD_vs_CN",62,"study_5"
"GLA",-0.0379404698928572,0.0507497745467304,0.558903946359167,0.458591937904996,0.756430452821454,"EOAD_vs_CN",62,"study_5"
"GLB1",0.0309062817899161,0.0762062751083363,0.164479603921736,0.686756989065443,0.87079652707152,"EOAD_vs_CN",62,"study_5"
"GLG1",-0.0247519774558824,0.0379074788451444,0.426353663470635,0.5166065057448,0.791182821742104,"EOAD_vs_CN",62,"study_5"
"GLO1",0.31346558919958,0.0492009190199007,40.5913332178444,6.2025149279339e-08,3.87804952574456e-06,"EOAD_vs_CN",62,"study_5"
"GLOD4",0.227588582922269,0.0294717906001456,59.633170195783,1.56922949151127e-10,1.69384477466069e-08,"EOAD_vs_CN",62,"study_5"
"GLRX",0.0793093916890756,0.0441747190617018,3.22330680610711,0.0784321829236045,0.306027935530613,"EOAD_vs_CN",62,"study_5"
"GNAS",-0.0567497943172269,0.066423894776624,0.729927808857762,0.39635765897838,0.718363804977826,"EOAD_vs_CN",62,"study_5"
"GNS",0.0552461813802521,0.0865854689898399,0.407112561298183,0.526477309403141,0.795132397329024,"EOAD_vs_CN",62,"study_5"
"GP1BA",-0.0523437483571429,0.151028080734681,0.120119698103054,0.730680656759249,0.890422842804162,"EOAD_vs_CN",43,"study_5"
"GPC1",0.00776322032142857,0.0594916731405029,0.0170283064370772,0.896620494884737,0.958138784503279,"EOAD_vs_CN",62,"study_5"
"GPC4",0.0175644532836134,0.0708530037491182,0.0614543655947749,0.805072431770206,0.926063556044607,"EOAD_vs_CN",62,"study_5"
"GPC5",0.0985809540309524,0.100345160220849,0.965146348899693,0.33027014570567,0.668187119481703,"EOAD_vs_CN",58,"study_5"
"GPC6",0.00648755515878791,0.0807728199537707,0.00645106824244856,0.936359570856706,0.977248817868311,"EOAD_vs_CN",58,"study_5"
"GPLD1",-0.14014022032563,0.0909882133552671,2.37222193468428,0.128779236705998,0.405640464161761,"EOAD_vs_CN",62,"study_5"
"GPNMB",0.228047665882353,0.0862396278510555,6.99258115632237,0.010471886717657,0.0932811268296143,"EOAD_vs_CN",62,"study_5"
"GPR180",-0.134033756172269,0.0609977323964833,4.82837504093705,0.0327180867983311,0.19258479992927,"EOAD_vs_CN",62,"study_5"
"GPRC5B",-0.0030034038394649,0.0879555480427366,0.00116600653705006,0.972906755645957,0.994803117301068,"EOAD_vs_CN",49,"study_5"
"GRB2",0.0439810652289916,0.0433491537550499,1.0293669972645,0.315176467361921,0.650561099672807,"EOAD_vs_CN",62,"study_5"
"GREM1",0.0723278205277778,0.150752033560686,0.230188911198822,0.63470207520085,0.849069348334092,"EOAD_vs_CN",34,"study_5"
"GRIA2",-0.107176485796218,0.0652142813467368,2.70093168850973,0.105822061760083,0.363583854545019,"EOAD_vs_CN",62,"study_5"
"GRID2",-0.0583242330210084,0.0730326946846663,0.637769024921224,0.427774924804532,0.740674271253897,"EOAD_vs_CN",62,"study_5"
"GRN",0.0424066007310924,0.0404446115908341,1.09937431059158,0.298856011407307,0.630345725209665,"EOAD_vs_CN",62,"study_5"
"GRP",-0.0270024019275362,0.110584777609288,0.0596230374436505,0.808075579573375,0.926063556044607,"EOAD_vs_CN",53,"study_5"
"GSR",0.134953086754202,0.0371764822566261,13.1773796554709,0.000634091406077897,0.0116355773015294,"EOAD_vs_CN",62,"study_5"
"GSS",0.164064048048319,0.0520965770226929,9.9176429181676,0.00275241684125101,0.034531243453309,"EOAD_vs_CN",62,"study_5"
"GSTM2",-0.00823267183613446,0.0658269145225699,0.015641363551029,0.900891517885146,0.958138784503279,"EOAD_vs_CN",62,"study_5"
"GSTO1",0.204762193184874,0.0862365858597152,5.63788790230224,0.0208067375910017,0.145172484712883,"EOAD_vs_CN",62,"study_5"
"GSTP1",0.0521130520693277,0.0485140136268459,1.15387458072222,0.287060087451705,0.618931767635029,"EOAD_vs_CN",62,"study_5"
"GXYLT1",0.0934242400501253,0.0882417533348575,1.120910377718,0.296428976705265,0.627747677134273,"EOAD_vs_CN",40,"study_5"
"GYG1",-0.0396860077733333,0.0750340440234651,0.279742285480063,0.599119788889419,0.834764474268856,"EOAD_vs_CN",55,"study_5"
"H6PD",-0.0317921584047619,0.144654086250493,0.0483035016108214,0.827101562368286,0.934570169434353,"EOAD_vs_CN",45,"study_5"
"HACD3",0.165454075973333,0.0555788949635165,8.86206896697445,0.00454551492099501,0.0505516356365202,"EOAD_vs_CN",55,"study_5"
"HAGH",0.335704747201681,0.0713952597058101,22.1093619671031,1.89756117999192e-05,0.000561616897626639,"EOAD_vs_CN",62,"study_5"
"HAPLN2",0.0416771232948717,0.133769244821536,0.0970695282241636,0.757362705241239,0.90351997488426,"EOAD_vs_CN",44,"study_5"
"HAPLN4",0.0806251004214286,0.0938169190660941,0.738547111262292,0.395515980413192,0.717875196892391,"EOAD_vs_CN",41,"study_5"
"HAVCR2",-0.0133712547794118,0.0364284326435856,0.134729704233703,0.714869931339678,0.884161491722553,"EOAD_vs_CN",62,"study_5"
"HBG1",0.00486170750952386,0.326292913878841,0.000222004802747241,0.98816575163445,0.998472740562973,"EOAD_vs_CN",58,"study_5"
"HCRT",-0.101226601432773,0.0722499028060744,1.96297504228304,0.166480643630469,0.455498613521811,"EOAD_vs_CN",62,"study_5"
"HDHD2",0.168352055054622,0.0560392875466369,9.02509191778865,0.00393952140700776,0.0446235912460447,"EOAD_vs_CN",62,"study_5"
"HEBP2",0.114305739506667,0.070031650047673,2.66408058298868,0.108286049042716,0.368435725127512,"EOAD_vs_CN",58,"study_5"
"HEG1",-0.109551479728992,0.0627024858089322,3.05257946896146,0.0866233342872852,0.322879839336528,"EOAD_vs_CN",62,"study_5"
"HEPACAM",0.0129910844369748,0.0508374125830065,0.0653016167565637,0.799279474024351,0.923899213605369,"EOAD_vs_CN",62,"study_5"
"HEPH",-0.0764477736626984,0.073517875349608,1.08129399079763,0.304343946154456,0.634626296810713,"EOAD_vs_CN",46,"study_5"
"HGFAC",-0.00931839091176473,0.128674049485984,0.00524444956436479,0.942510844083932,0.978781776397292,"EOAD_vs_CN",62,"study_5"
"HHIP",0.0156399776714286,0.153629440589576,0.0103639034649112,0.919711081440297,0.967268895254802,"EOAD_vs_CN",34,"study_5"
"HINT1",0.277438898077176,0.108961814993345,6.48314961699254,0.0141569780108446,0.111670066917351,"EOAD_vs_CN",50,"study_5"
"H1-3",-0.235690778970588,0.164612749088762,2.05002070713067,0.15786095644453,0.446127698916303,"EOAD_vs_CN",62,"study_5"
"H4C1",-0.283921902987395,0.181325401757046,2.45177435236186,0.122996058472034,0.39650746003675,"EOAD_vs_CN",62,"study_5"
"HK1",0.14055551485084,0.0422314773609289,11.077027447563,0.0015309847435049,0.0240115983276196,"EOAD_vs_CN",62,"study_5"
"HLA-A",0.208538435953782,0.240137552891957,0.754140149393069,0.388826230018929,0.716361578398327,"EOAD_vs_CN",62,"study_5"
"HLA-B",-0.146634783484244,0.14632218198582,1.00427734761475,0.320523767371915,0.656090323642434,"EOAD_vs_CN",62,"study_5"
"HLA-C",0.0592304712619048,0.127354906896164,0.216301240816431,0.644244309534568,0.853752750629351,"EOAD_vs_CN",49,"study_5"
"HLA-DPA1",0.0747258234054622,0.144519179174477,0.267356314587504,0.607013073918515,0.838125651347235,"EOAD_vs_CN",62,"study_5"
"HLA-DRA",-0.045466542447479,0.0994726638926909,0.208918241185031,0.649270029516568,0.85666900983808,"EOAD_vs_CN",62,"study_5"
"HLA-DRB1",0.484586683388655,0.159582661435991,9.22086244467555,0.00355013761493336,0.0409717139836649,"EOAD_vs_CN",62,"study_5"
"HLA-E",-0.0998218363596177,0.0940798865164378,1.12579039844031,0.29417094000687,0.626275056894558,"EOAD_vs_CN",58,"study_5"
"HMCN1",0.0169125303508403,0.0702895290491586,0.0578943138303026,0.810937821009245,0.92772500096756,"EOAD_vs_CN",62,"study_5"
"HNRNPA2B1",-0.0035175561866666,0.130925918147086,0.000721823189367272,0.978687075589123,0.996609757883486,"EOAD_vs_CN",55,"study_5"
"HPR",0.0694899500882353,0.204224220312537,0.115778923204536,0.735099842163906,0.892135059769026,"EOAD_vs_CN",62,"study_5"
"HPRT1",0.294354600621849,0.0538845173507298,29.84101985714,1.28436178986335e-06,5.61849973879151e-05,"EOAD_vs_CN",62,"study_5"
"HRNR",0.990545744080702,0.569782194529174,3.02225653650934,0.0932611816882625,0.334264868296085,"EOAD_vs_CN",34,"study_5"
"HS3ST1",-0.00938576683333336,0.103397832297863,0.00823979968825818,0.928237056194047,0.97332285606633,"EOAD_vs_CN",36,"study_5"
"HS6ST1",0.0483109465651261,0.052896229215899,0.834145220866314,0.365107911451815,0.698616285207592,"EOAD_vs_CN",62,"study_5"
"HS6ST2",-0.13612561145,0.0773281754441032,3.09887573096294,0.0852972281324076,0.321397153229914,"EOAD_vs_CN",46,"study_5"
"HS6ST3",-0.174446414422269,0.0848489651093035,4.22698781035532,0.0449683794184703,0.229852301484382,"EOAD_vs_CN",62,"study_5"
"HSP90AA1",0.268738274218487,0.0336510394063716,63.7767055320463,6.46444487839894e-11,8.47304025133003e-09,"EOAD_vs_CN",62,"study_5"
"HSP90AB1",0.09233242163,0.0726699181844931,1.61435524732282,0.209852841151142,0.526382241974801,"EOAD_vs_CN",57,"study_5"
"HSP90B1",0.0198190918319328,0.0600990311070337,0.108750824655293,0.742734135833341,0.897837377637801,"EOAD_vs_CN",62,"study_5"
"HSPA13",0.0299847596512606,0.0448479081608903,0.447009509137422,0.506844662354229,0.786187620811505,"EOAD_vs_CN",62,"study_5"
"HSPA2",-0.00164831767788462,0.0699746730465056,0.000554881284621323,0.981321698719213,0.997319159991424,"EOAD_vs_CN",58,"study_5"
"HSPB1",0.207018669367788,0.101338693521435,4.17319255203777,0.0461011098506264,0.231768593358629,"EOAD_vs_CN",58,"study_5"
"HSPE1",0.328766384046218,0.0690307987143055,22.6824004437697,1.25143472758294e-05,0.000389217411036389,"EOAD_vs_CN",62,"study_5"
"HYAL1",0.00661892822689081,0.0753324957707801,0.0077198814618225,0.930366270757727,0.973686499080784,"EOAD_vs_CN",62,"study_5"
"ICAM1",-0.0170971232983193,0.052008779322744,0.108066918008873,0.743513646562597,0.898187979883058,"EOAD_vs_CN",62,"study_5"
"ICAM2",-0.118521890798319,0.0560440319955832,4.47237692188534,0.0386253371702112,0.207244133647186,"EOAD_vs_CN",62,"study_5"
"IDH1",0.0782670463487395,0.0400173656610016,3.82525946116449,0.0553475351973267,0.251392888829442,"EOAD_vs_CN",62,"study_5"
"IDUA",0.0344433830903361,0.107275293176085,0.103088966071334,0.749521894715626,0.901035498775104,"EOAD_vs_CN",62,"study_5"
"IFI30",0.0968733781953783,0.104245044332823,0.86357100653629,0.357189973463463,0.689926537431564,"EOAD_vs_CN",62,"study_5"
"IFNAR1",0.0544140495697115,0.0756771182714845,0.517002833884175,0.475355694805095,0.76381584935845,"EOAD_vs_CN",58,"study_5"
"IFNAR2",-0.0694651561127273,0.050642010334324,1.88153437470797,0.175631211262281,0.46843498934053,"EOAD_vs_CN",58,"study_5"
"IGF1",0.0276957460860606,0.0626678926025447,0.195315161443285,0.660511977202547,0.860030158375166,"EOAD_vs_CN",58,"study_5"
"IGF2R",0.0136281695378151,0.0241774789680451,0.3177261987919,0.575166416206516,0.821346594349383,"EOAD_vs_CN",62,"study_5"
"IGFALS",-0.0255646685693277,0.128427259956143,0.0396246920300194,0.842889748847298,0.939244431829841,"EOAD_vs_CN",62,"study_5"
"IGFBP3",0.0878785235546218,0.0804651675169119,1.19275065563322,0.2798907038674,0.616728660365012,"EOAD_vs_CN",62,"study_5"
"IGFBPL1",0.164998651920168,0.0743912559087236,4.91945520521497,0.0308638385664353,0.18629981503095,"EOAD_vs_CN",62,"study_5"
"IGHD",0.0791563515105042,0.3248354858298,0.0593806030318166,0.808476194432403,0.926063556044607,"EOAD_vs_CN",62,"study_5"
"IGHV1-18",-0.119283454258824,0.105506546392882,1.2782082011043,0.266279768904639,0.600274417616724,"EOAD_vs_CN",37,"study_5"
"IGHV1-2",-0.0750669919159664,0.174528956948515,0.184996298953646,0.668657792330412,0.861064709387781,"EOAD_vs_CN",62,"study_5"
"IGHV1-24",-0.220264752315152,0.179644487556613,1.50335733055902,0.225526066538881,0.551787109465128,"EOAD_vs_CN",58,"study_5"
"IGHV1-3",0.0381872886111111,0.252307707428194,0.0229074428725029,0.881329849966774,0.954772423714634,"EOAD_vs_CN",31,"study_5"
"IGHV1-69",-0.22642259242437,0.209456837793011,1.16855842746669,0.28402377982099,0.616728660365012,"EOAD_vs_CN",62,"study_5"
"IGHV2-26",-0.182521329936975,0.263305714190599,0.480514702923413,0.491102865295865,0.774873310926875,"EOAD_vs_CN",62,"study_5"
"IGHV2-5",-0.3639396286,0.189589003519412,3.68495685437426,0.0641193812764828,0.271651400955289,"EOAD_vs_CN",34,"study_5"
"IGHV2-70",-0.153873970573529,0.208748877317425,0.543352943448827,0.464149581520005,0.757525122930922,"EOAD_vs_CN",62,"study_5"
"IGHV2-70D",-0.21148733089916,0.314868510011139,0.451138877155648,0.504827931064155,0.786187620811505,"EOAD_vs_CN",62,"study_5"
"IGHV3-13",-0.118454373266807,0.189209808877884,0.391935772977324,0.533660367829571,0.795505097455128,"EOAD_vs_CN",62,"study_5"
"IGHV3-15",-0.0641905363571428,0.144354164786452,0.19773491997636,0.658176969122253,0.85890094880014,"EOAD_vs_CN",62,"study_5"
"IGHV3-20",-0.0159911810252101,0.175559040365891,0.0082968775924969,0.927778558190797,0.97332285606633,"EOAD_vs_CN",62,"study_5"
"IGHV3-43",-0.243039976086134,0.166114921155617,2.14061290237828,0.148759375526397,0.434909283548888,"EOAD_vs_CN",62,"study_5"
"IGHV3-49",-0.286983851184874,0.163888434221066,3.06632586636112,0.0850408215623005,0.321090344787698,"EOAD_vs_CN",62,"study_5"
"IGHV3-64",-0.119739814981092,0.243942926929843,0.240935450126187,0.625384744179821,0.843563516523458,"EOAD_vs_CN",62,"study_5"
"IGHV3-64D",-0.127004986042017,0.143220252029251,0.786380389982111,0.378774915378078,0.710687085602017,"EOAD_vs_CN",62,"study_5"
"IGHV3-7",-0.168408722686975,0.154185878554504,1.1929986833258,0.279096116500167,0.616728660365012,"EOAD_vs_CN",62,"study_5"
"IGHV3-73",-0.173283879579832,0.164525456570496,1.10930281713742,0.29659794881494,0.627747677134273,"EOAD_vs_CN",62,"study_5"
"IGHV3-9",-0.117297510571429,0.13389050478279,0.767499378343416,0.384491940915918,0.713905137636376,"EOAD_vs_CN",62,"study_5"
"IGHV4-28",-0.15754167210084,0.207530446922976,0.576271655082771,0.450882945946075,0.7548998228203,"EOAD_vs_CN",62,"study_5"
"IGHV4-39",0.0220387292247899,0.200065119402556,0.0121347362918704,0.912690057134608,0.963635841742778,"EOAD_vs_CN",62,"study_5"
"IGHV4-4",-0.20341967769958,0.236195682876326,0.741723455474333,0.39256077444091,0.717875196892391,"EOAD_vs_CN",62,"study_5"
"IGHV5-10-1",-0.95914727430273,0.522388729990288,3.37118818434387,0.0725612497768121,0.291356440569913,"EOAD_vs_CN",57,"study_5"
"IGHV5-51",-0.303912373716387,0.155935163861861,3.79846949766789,0.0559793404458193,0.253634789427354,"EOAD_vs_CN",62,"study_5"
"IGHV6-1",-0.239249758771008,0.22222386473879,1.15910191854744,0.285977501879103,0.617752068843581,"EOAD_vs_CN",62,"study_5"
"IGKV1-8",0.0600625557589742,0.158022676343141,0.144467045304291,0.705405578156804,0.87876390761557,"EOAD_vs_CN",56,"study_5"
"IGKV2-29",-0.144480787532468,0.29535634937444,0.239291668281088,0.626581511183364,0.843563516523458,"EOAD_vs_CN",61,"study_5"
"IGKV2-30",-0.0726545761428571,0.204348782692452,0.126410118102621,0.723443571805346,0.887893043848835,"EOAD_vs_CN",62,"study_5"
"IGKV2-40",0.567898559604167,0.384672165967293,2.17951573432113,0.149009362636495,0.434909283548888,"EOAD_vs_CN",40,"study_5"
"IGKV3-11",-0.0867710246197479,0.180970365027981,0.229897647245256,0.633384743153386,0.848985393489016,"EOAD_vs_CN",62,"study_5"
"IGKV3-15",-0.195801626640756,0.195473746459675,1.00335753699776,0.320677599019848,0.656090323642434,"EOAD_vs_CN",62,"study_5"
"IGKV3D-15",-0.20268817562605,0.264708798358745,0.586300243013233,0.44727059954341,0.752185480052003,"EOAD_vs_CN",62,"study_5"
"IGKV3D-20",-0.170178794796218,0.205933353538586,0.682900614660157,0.412035410065769,0.731785797668047,"EOAD_vs_CN",62,"study_5"
"IGKV6-21",-0.0468110496904763,0.244729317658536,0.0365868281969981,0.848971838054271,0.941993142525508,"EOAD_vs_CN",61,"study_5"
"IGKV6D-21",0.0152178597673611,0.313141798357851,0.00236170186613567,0.961412473428062,0.987236647308614,"EOAD_vs_CN",59,"study_5"
"IGLC7",-0.17588966417437,0.300762859697854,0.342004821280097,0.56092944067537,0.81239583554799,"EOAD_vs_CN",62,"study_5"
"IGLV1-36",-0.269045720074074,0.168427289862965,2.55168613872678,0.117025666055698,0.384553038026273,"EOAD_vs_CN",48,"study_5"
"IGLV1-40",0.00207453663589741,0.164161616513768,0.000159697816276473,0.989972139759943,0.998472740562973,"EOAD_vs_CN",56,"study_5"
"IGLV1-44",-0.413670193105128,0.165854756292123,6.2208910750592,0.015810729099825,0.119887140075119,"EOAD_vs_CN",56,"study_5"
"IGLV1-47",-0.144171863060924,0.131794410509884,1.19664970331957,0.27836597059312,0.616165930082479,"EOAD_vs_CN",62,"study_5"
"IGLV1-51",-0.18343995747479,0.229763377087257,0.637420857536498,0.428004407106611,0.740674271253897,"EOAD_vs_CN",62,"study_5"
"IGLV10-54",-0.271121979686452,0.401171953352045,0.456739242999061,0.502346611368546,0.785227192632865,"EOAD_vs_CN",56,"study_5"
"IGLV2-11",0.00482449639285715,0.268391197893916,0.000323122674367395,0.985728152403027,0.997632760547841,"EOAD_vs_CN",62,"study_5"
"IGLV2-18",0.08464112724,0.290991089681093,0.0846064544155843,0.772565641509318,0.910317777868281,"EOAD_vs_CN",55,"study_5"
"IGLV2-23",-0.0017217372980769,0.369222545951287,2.17448967652175e-05,0.996296233226596,0.998472740562973,"EOAD_vs_CN",58,"study_5"
"IGLV2-8",-0.0654425735063026,0.189071282415765,0.119803525711943,0.730471151141599,0.890422842804162,"EOAD_vs_CN",62,"study_5"
"IGLV3-27",-0.155673215170168,0.209162878274754,0.55393469984425,0.459629403213036,0.756430452821454,"EOAD_vs_CN",62,"study_5"
"IGLV4-60",-0.309888036272593,0.355792849822065,0.758604103763169,0.388736423262506,0.716361578398327,"EOAD_vs_CN",52,"study_5"
"IGLV4-69",-0.189137246409664,0.213651593245907,0.783685573991702,0.379562491717712,0.71143735679469,"EOAD_vs_CN",62,"study_5"
"IGLV5-37",-0.518945592838235,0.462271586321018,1.2602283802938,0.267007761919389,0.600956282340757,"EOAD_vs_CN",62,"study_5"
"IGLV6-57",-0.262670615342437,0.185733139059985,2.00006534734503,0.162464255918629,0.448978779534163,"EOAD_vs_CN",62,"study_5"
"IGLV7-46",-0.222288234292017,0.19675265543152,1.27641455363485,0.26306463284216,0.595220223508463,"EOAD_vs_CN",62,"study_5"
"IGLV8-61",-0.218408784890756,0.234368133087462,0.868446530015951,0.355205068415387,0.688251424390767,"EOAD_vs_CN",62,"study_5"
"IGLV9-49",-0.146942361602941,0.287571764766214,0.261096797848026,0.611246318149538,0.839978839489575,"EOAD_vs_CN",62,"study_5"
"IGSF1",-0.112252801279412,0.0524442573542391,4.58140299668013,0.0365222522172006,0.202141157293348,"EOAD_vs_CN",62,"study_5"
"IGSF21",-0.104864290928571,0.0468804951283513,5.00346503822121,0.0290917517591256,0.179212833718475,"EOAD_vs_CN",62,"study_5"
"IL18BP",-0.0937016642983194,0.0469645322310182,3.98065562350369,0.0505858797276149,0.24427655078993,"EOAD_vs_CN",62,"study_5"
"IL1RAP",0.0883009434579832,0.0962173780169239,0.842216318363219,0.363098944728847,0.696224204365134,"EOAD_vs_CN",62,"study_5"
"IL1RAPL1",-0.0314717336833333,0.0897401719711481,0.122989359613171,0.727136355715869,0.88923221969881,"EOAD_vs_CN",58,"study_5"
"IL6R",-0.128684070283613,0.0934576989193197,1.89591739329715,0.174115575116083,0.466426394654033,"EOAD_vs_CN",62,"study_5"
"IMPA1",0.167015039936975,0.0356967008558935,21.8904658496383,2.33434410141799e-05,0.000649018397894245,"EOAD_vs_CN",62,"study_5"
"INAFM1",-0.0346645816730769,0.119530031422934,0.0841042340105727,0.773061574071557,0.910317777868281,"EOAD_vs_CN",50,"study_5"
"INHBA",0.0143757569133127,0.148027044076381,0.00943146825190404,0.923291794137097,0.969714579233778,"EOAD_vs_CN",36,"study_5"
"ISLR2",-0.0176210317394958,0.0631296988088301,0.0779103637992752,0.78138827436679,0.911926971974527,"EOAD_vs_CN",62,"study_5"
"ITGA1",-0.0804510579703947,0.107227592252177,0.562924837199916,0.458957114747111,0.756430452821454,"EOAD_vs_CN",35,"study_5"
"ITGA7",-0.20357856775641,0.102430005853201,3.95011477021878,0.0535186308727679,0.249889790461906,"EOAD_vs_CN",47,"study_5"
"ITGAM",0.310614022958333,0.0798551153474659,15.1299200893905,0.000282634005745883,0.00603062093655459,"EOAD_vs_CN",55,"study_5"
"ITGB1",-0.0266772095063025,0.0404774295421738,0.434365124318698,0.512576298741144,0.790401267386553,"EOAD_vs_CN",62,"study_5"
"ITGB2",0.307579792693277,0.0944589928902075,10.6030052886743,0.00199969184969201,0.0286674573764441,"EOAD_vs_CN",62,"study_5"
"ITGB4",0.208667412507143,0.100860997780745,4.28018697686421,0.0451532779415772,0.230156291729984,"EOAD_vs_CN",48,"study_5"
"ITGBL1",0.00364742419117647,0.0659484055460213,0.00305889062537671,0.956088524479162,0.984524378461987,"EOAD_vs_CN",62,"study_5"
"ITIH3",0.0440756794831934,0.13220081903959,0.111155188851209,0.740041906998489,0.895763126215189,"EOAD_vs_CN",62,"study_5"
"ITLN1",0.240385410797619,0.119370566567942,4.05528799976979,0.0509864339772336,0.244778024523744,"EOAD_vs_CN",49,"study_5"
"ITM2A",-0.0413352691722689,0.0604524990501531,0.46753380969446,0.496768743271169,0.780454318409755,"EOAD_vs_CN",62,"study_5"
"ITM2C",-0.0199065115294118,0.0714143770191789,0.0776996415952828,0.78172268496781,0.911926971974527,"EOAD_vs_CN",62,"study_5"
"JAG1",-0.142003089073529,0.0551889762051347,6.62050180864671,0.0139457775673027,0.111263051460872,"EOAD_vs_CN",62,"study_5"
"JAG2",-0.134251603275,0.118135455821151,1.29145250522246,0.26156878439706,0.592566320208155,"EOAD_vs_CN",49,"study_5"
"JAM2",-0.0193128743487395,0.0445948160199436,0.187553458422732,0.666530490314027,0.860723610162478,"EOAD_vs_CN",62,"study_5"
"JAM3",-0.0629195491176471,0.0416366478643219,2.28359818188904,0.136003996307264,0.415045151983752,"EOAD_vs_CN",62,"study_5"
"JAML",-0.0314518512142857,0.133069143744944,0.0558647295170015,0.814194578303393,0.929133738300203,"EOAD_vs_CN",49,"study_5"
"JCHAIN",0.0686613006134453,0.22085751455491,0.0966495175740356,0.757030753009741,0.90351997488426,"EOAD_vs_CN",62,"study_5"
"JMJD8",0.0183854918636364,0.12497268960086,0.0216431401999684,0.883747954212427,0.954772423714634,"EOAD_vs_CN",44,"study_5"
"JUP",-0.302495062755556,0.389904542848831,0.601893967600804,0.443738170933666,0.747713079580604,"EOAD_vs_CN",33,"study_5"
"KCTD12",-0.074690461697479,0.0526888513002918,2.0095222875872,0.162024601492727,0.448978779534163,"EOAD_vs_CN",62,"study_5"
"KIAA0319L",-0.0446778341218487,0.0306475617967758,2.12516357664591,0.150117735567314,0.435841349725245,"EOAD_vs_CN",62,"study_5"
"KIAA1549L",-0.147761506636555,0.0946654426762981,2.43635001740964,0.124629349143349,0.399118421776692,"EOAD_vs_CN",62,"study_5"
"KITLG",-0.0576183132291667,0.0957401961860864,0.362186663191045,0.551794417790094,0.805874087840305,"EOAD_vs_CN",34,"study_5"
"KLK10",0.0406694217922078,0.124521912801058,0.106670524194678,0.747993910755921,0.901035498775104,"EOAD_vs_CN",32,"study_5"
"KLK11",0.000487111728991518,0.0996437576642823,2.38977481615998e-05,0.996116001106468,0.998472740562973,"EOAD_vs_CN",62,"study_5"
"KLK7",-0.0650133177373949,0.130871422718075,0.246782870409898,0.621233595737912,0.84311900750892,"EOAD_vs_CN",62,"study_5"
"KRT14",-0.047610740302521,0.290298329837735,0.0268980498634408,0.870278688618057,0.949441970044076,"EOAD_vs_CN",62,"study_5"
"KRT16",-0.310364710991597,0.409534111890222,0.574333973656132,0.451802349500477,0.755061303582309,"EOAD_vs_CN",62,"study_5"
"KRT17",0.0876136301230938,0.457307351366487,0.0367051483940543,0.848775093676325,0.941993142525508,"EOAD_vs_CN",61,"study_5"
"KRT5",-0.112217623292017,0.327706947688444,0.117260255150469,0.733235306874709,0.89189110675122,"EOAD_vs_CN",62,"study_5"
"LAIR1",-0.0958185792415966,0.172863545091771,0.307250517823883,0.581879201490931,0.822615694663838,"EOAD_vs_CN",62,"study_5"
"LAMA4",0.050994956710084,0.0598819850017375,0.72520715222473,0.398393947419175,0.718363804977826,"EOAD_vs_CN",62,"study_5"
"LAMA5",-0.0452721683235294,0.0216024602507461,4.39193760837256,0.0404561312595015,0.213324715118349,"EOAD_vs_CN",62,"study_5"
"LAMB2",-0.042089422039916,0.0291607064984619,2.08329053556108,0.155031306143069,0.445897251994565,"EOAD_vs_CN",62,"study_5"
"LAMC3",6.30529663865897e-05,0.0461685640986943,1.86516952573237e-06,0.998914989585797,0.999459654247512,"EOAD_vs_CN",62,"study_5"
"LAMP5",0.0289178400336134,0.0569557175033176,0.25778464646145,0.613664577519367,0.839978839489575,"EOAD_vs_CN",62,"study_5"
"LAP3",0.0217182480277778,0.107846012638452,0.0405547185532945,0.842203676998374,0.939244431829841,"EOAD_vs_CN",30,"study_5"
"LARGE1",-0.0821731912801724,0.0828018208232327,0.984873683543975,0.326470218448592,0.663647052049538,"EOAD_vs_CN",53,"study_5"
"LASP1",0.43643405015,0.149713158927152,8.49801131276703,0.00637790800348467,0.064660006554665,"EOAD_vs_CN",35,"study_5"
"LBP",-0.15930554280042,0.125680543250786,1.6066662647208,0.210573927240981,0.527153010214461,"EOAD_vs_CN",62,"study_5"
"LCN2",-0.0753485966364764,0.115433388183843,0.426076370536371,0.517550796374776,0.791182821742104,"EOAD_vs_CN",57,"study_5"
"LCP1",-0.0572677210042017,0.0615578966684139,0.865470474325333,0.355940382423345,0.688251424390767,"EOAD_vs_CN",62,"study_5"
"LDLR",-0.193041654281513,0.0633011619417779,9.29990896719594,0.00346795090741953,0.0402828041215585,"EOAD_vs_CN",62,"study_5"
"LECT2",-0.136583662193277,0.154638207493217,0.780124455826275,0.38086363107205,0.712044896726676,"EOAD_vs_CN",62,"study_5"
"LFNG",0.0384628603844538,0.0308726358823138,1.5521573127392,0.217712647513605,0.539868524577655,"EOAD_vs_CN",62,"study_5"
"LGALS3",-0.0134947299642857,0.0553494476062135,0.0594431499765419,0.808294219605157,0.926063556044607,"EOAD_vs_CN",62,"study_5"
"LGI1",0.0680151091302521,0.0614862292689898,1.22364398070629,0.273835145492054,0.611298652041263,"EOAD_vs_CN",62,"study_5"
"LGMN",0.058208783027311,0.080599286746349,0.521572448236221,0.473111838118482,0.762882445472245,"EOAD_vs_CN",62,"study_5"
"LHPP",0.0239667648382353,0.0545762385519522,0.192846441068696,0.662324778874257,0.860723610162478,"EOAD_vs_CN",62,"study_5"
"LILRA2",0.077024086262605,0.126111024932503,0.373032782164471,0.543922032658028,0.80426827552577,"EOAD_vs_CN",62,"study_5"
"LILRB1",-0.173791406175316,0.0905743766669986,3.6816787136245,0.0605112999244813,0.263390366842657,"EOAD_vs_CN",54,"study_5"
"LILRB4",0.0645650237612121,0.0626372898621234,1.06249944740566,0.307380963392869,0.639146998360344,"EOAD_vs_CN",58,"study_5"
"LINGO2",-0.183514436776769,0.110115110453666,2.77745245161242,0.103917504952896,0.363216422073455,"EOAD_vs_CN",48,"study_5"
"LINGO3",-0.148042777268908,0.073787153012892,4.02543612537209,0.0494515237432075,0.240699061190413,"EOAD_vs_CN",62,"study_5"
"LIPA",0.0924535063571428,0.104040622675342,0.789661360757702,0.378328463251265,0.710575977549715,"EOAD_vs_CN",62,"study_5"
"LMNA",-0.0566437048193277,0.201973799643829,0.0786526265882473,0.7801894136439,0.911926971974527,"EOAD_vs_CN",62,"study_5"
"LNPEP",0.12393934687395,0.0670465661973569,3.41716009299658,0.069541696683813,0.28547877721431,"EOAD_vs_CN",62,"study_5"
"LOXL1",0.107498364386905,0.0688235503967185,2.4396614693323,0.125590081703599,0.40079617378453,"EOAD_vs_CN",52,"study_5"
"LOXL3",-0.0821203758647344,0.0746537465386734,1.21003697470041,0.276952876310314,0.615264561778967,"EOAD_vs_CN",50,"study_5"
"LPA",-0.400784820205645,0.328308216847007,1.49024963366916,0.230059025962479,0.558410466456547,"EOAD_vs_CN",55,"study_5"
"LPL",0.0518751533493589,0.0720800874617373,0.517950405265215,0.475227301630838,0.76381584935845,"EOAD_vs_CN",50,"study_5"
"LRFN2",-0.308985668136555,0.0993655827618332,9.66951527112386,0.00289022763246235,0.0353571180371227,"EOAD_vs_CN",62,"study_5"
"LRIG1",-0.0259088592710084,0.0494670186343666,0.274324825406389,0.602390839474018,0.836597625584912,"EOAD_vs_CN",62,"study_5"
"LRIG2",-0.00850028571848739,0.0582268596868756,0.0213118088006677,0.884530310798299,0.954772423714634,"EOAD_vs_CN",62,"study_5"
"LRP11",-0.0611734793886555,0.0655938156202678,0.869762293699885,0.355008397830792,0.688251424390767,"EOAD_vs_CN",62,"study_5"
"LRP1B",-0.0668798521932773,0.0537606301318835,1.54761135779684,0.218536027381458,0.541178961194299,"EOAD_vs_CN",62,"study_5"
"LRP2",0.0378769525852273,0.129525261248173,0.0855147650310028,0.7717869917533,0.910317777868281,"EOAD_vs_CN",38,"study_5"
"LRP4",-0.0720282028487179,0.115932452927759,0.386006935829537,0.537076681055528,0.79735898846027,"EOAD_vs_CN",56,"study_5"
"LRP8",-0.094474490315126,0.0493591218011083,3.66348372872536,0.0605726075245783,0.263390366842657,"EOAD_vs_CN",62,"study_5"
"LRPAP1",-0.157662618677895,0.0942732728356986,2.79692166021199,0.10491490030339,0.363583854545019,"EOAD_vs_CN",44,"study_5"
"LRRC4",-0.0739433077184874,0.0678254032778177,1.18853774589462,0.279988514512155,0.616728660365012,"EOAD_vs_CN",62,"study_5"
"LRRN1",-0.0663086395168067,0.0320484390437808,4.28081511767598,0.0428886932707414,0.222318508903419,"EOAD_vs_CN",62,"study_5"
"LRRTM2",-0.0955945231008403,0.0602141137295163,2.52039973264978,0.118702823966384,0.387579505299493,"EOAD_vs_CN",62,"study_5"
"LRTM2",-0.26371828084874,0.0980262426673636,7.23761969158666,0.00994085588694648,0.0903043096660732,"EOAD_vs_CN",62,"study_5"
"LSR",-0.100859951913866,0.0438026311479726,5.30196817223378,0.0248190621865076,0.162653496829434,"EOAD_vs_CN",62,"study_5"
"LTA4H",0.100304590340336,0.0588476877722549,2.90524532093567,0.0934699836937887,0.334264868296085,"EOAD_vs_CN",62,"study_5"
"LTBP3",0.00787591397689075,0.0438601019073713,0.032245020336162,0.858119725999825,0.946488338994301,"EOAD_vs_CN",62,"study_5"
"LTF",-0.0218144329432773,0.131696004628094,0.0274373811985161,0.869079250321934,0.949259178625551,"EOAD_vs_CN",62,"study_5"
"LUZP2",-0.0484367350120192,0.0591149499629576,0.671359392307554,0.416339625437203,0.732486301703995,"EOAD_vs_CN",58,"study_5"
"LY75",-0.0953556607920168,0.0851755257782309,1.25332387829799,0.267380461153866,0.600956282340757,"EOAD_vs_CN",62,"study_5"
"LY96",-0.130563461,0.12068544576338,1.1703978358508,0.287489683504103,0.618931767635029,"EOAD_vs_CN",36,"study_5"
"MAG",-0.00673383018067231,0.05692691828384,0.0139922955990631,0.906290565326823,0.961719282317198,"EOAD_vs_CN",62,"study_5"
"MAMDC2",0.0922084174138656,0.061620713549326,2.23917321490503,0.141913943404586,0.423434286418563,"EOAD_vs_CN",62,"study_5"
"MAN1A2",-0.101269436292017,0.0401063352642436,6.37574332939827,0.0142402156177984,0.111670066917351,"EOAD_vs_CN",62,"study_5"
"MAN1C1",0.0540550232268908,0.0397693075978537,1.84746430889332,0.180124722848144,0.476550572146737,"EOAD_vs_CN",62,"study_5"
"MAN2A1",-0.0255332143088235,0.0421644314112123,0.366706395598646,0.547934542340921,0.805874087840305,"EOAD_vs_CN",62,"study_5"
"MAN2B1",0.0909546378046219,0.0547672942104277,2.75808170461412,0.102720642106673,0.360406076989951,"EOAD_vs_CN",62,"study_5"
"MAN2B2",0.0633952034054622,0.0704883142800783,0.80886966812606,0.372087997749897,0.70614030580692,"EOAD_vs_CN",62,"study_5"
"MANBA",-0.0160100193760505,0.0411349459294125,0.151482287085202,0.69870570771891,0.876367035997403,"EOAD_vs_CN",62,"study_5"
"MANEAL",-0.107296327441176,0.0786773870107733,1.85981548055736,0.179735141829037,0.476550572146737,"EOAD_vs_CN",62,"study_5"
"MANF",0.0614436303094737,0.145375905874487,0.178635951267807,0.675026856960055,0.864848415812655,"EOAD_vs_CN",44,"study_5"
"MANSC1",-0.067064683539916,0.0435572463049352,2.37064720327832,0.131163961371506,0.409329709382165,"EOAD_vs_CN",62,"study_5"
"MAPK1",0.4717172862,0.0914883465862632,26.5847159822881,8.19933808978049e-06,0.000283882743297117,"EOAD_vs_CN",40,"study_5"
"MARCKSL1",0.204083861745652,0.0629940039908225,10.4958810420635,0.00237604203857087,0.0315944720346199,"EOAD_vs_CN",43,"study_5"
"MARCO",0.184197640989583,0.115435395175781,2.54618608142826,0.116684003740893,0.384444682757533,"EOAD_vs_CN",56,"study_5"
"MASP2",0.0560177713407738,0.220684256201393,0.0644330886812169,0.800946362300632,0.923899213605369,"EOAD_vs_CN",53,"study_5"
"MAT2A",0.276433239907563,0.0566542253940844,23.8076163651261,1.19840562709237e-05,0.000379150745812844,"EOAD_vs_CN",62,"study_5"
"MATN2",-0.0228615654453781,0.050226364955184,0.207180289113139,0.650758980646511,0.85666900983808,"EOAD_vs_CN",62,"study_5"
"MATN3",-0.00037291574999998,0.0940427262337649,1.57242895014816e-05,0.996853016785212,0.998485418013572,"EOAD_vs_CN",53,"study_5"
"MB",-0.0244137025882353,0.253963209437191,0.00924114289288389,0.923739010627053,0.969714579233778,"EOAD_vs_CN",62,"study_5"
"MBL2",0.0197777496388889,0.184395132908247,0.0115041581267076,0.9150628920256,0.965578152309934,"EOAD_vs_CN",47,"study_5"
"MBP",0.0123655763775745,0.121889204147246,0.0102919636986437,0.919827914016147,0.967268895254802,"EOAD_vs_CN",42,"study_5"
"MDGA1",-0.00380928174789916,0.0604851866997833,0.00396632356803117,0.949994535588681,0.982072053674937,"EOAD_vs_CN",62,"study_5"
"MDGA2",-0.0811983810294118,0.0565635956635683,2.06072823728299,0.156412489909866,0.446127698916303,"EOAD_vs_CN",62,"study_5"
"MDH2",0.0883361808802521,0.0484260950335192,3.32750209977668,0.0747385618125586,0.296851214125639,"EOAD_vs_CN",62,"study_5"
"MDK",0.118253303544118,0.0644343481296364,3.36815202661951,0.0717523273923036,0.289374770911818,"EOAD_vs_CN",62,"study_5"
"ME1",0.127137075846154,0.0502319381996738,6.40596505738319,0.0142136245730417,0.111670066917351,"EOAD_vs_CN",58,"study_5"
"MELTF",-0.0775214759726891,0.0531290935795073,2.12901760456407,0.150670151088557,0.435841349725245,"EOAD_vs_CN",62,"study_5"
"MENT",0.0256381813740741,0.0556849029687879,0.21198224960235,0.647467117339878,0.855981383514897,"EOAD_vs_CN",47,"study_5"
"MEPE",-0.0723667282582419,0.150593193793452,0.230922998887344,0.633007796649318,0.848985393489016,"EOAD_vs_CN",54,"study_5"
"MERTK",-0.0970071459894958,0.0544636440137268,3.17244472745831,0.081230404649169,0.312651883027482,"EOAD_vs_CN",62,"study_5"
"MESD",-0.0232830709054622,0.0650555246137957,0.128089094252931,0.721822896457096,0.886576315260221,"EOAD_vs_CN",62,"study_5"
"MET",-0.0484157641407563,0.0400715881633878,1.45982390434885,0.23170638038807,0.560412932610177,"EOAD_vs_CN",62,"study_5"
"METRN",-0.0444402783382353,0.0508101129276043,0.764985530033694,0.385596233885078,0.714716251696078,"EOAD_vs_CN",62,"study_5"
"METRNL",-0.0256829406911765,0.0531328874860604,0.233648319375611,0.630718128247346,0.847267763787613,"EOAD_vs_CN",62,"study_5"
"MFAP2",0.0821291703148148,0.107136194481521,0.587655004570781,0.448832197870487,0.753528895784395,"EOAD_vs_CN",45,"study_5"
"MFAP4",-0.00659215260084033,0.0441799260970374,0.0222640687467468,0.881931627828781,0.954772423714634,"EOAD_vs_CN",62,"study_5"
"MFAP5",0.00678236454545456,0.089422463259676,0.00575266388752048,0.939810041834955,0.977248817868311,"EOAD_vs_CN",60,"study_5"
"MGAT2",0.0247339732058824,0.033441659599356,0.547031239138745,0.462554911047569,0.756887818099082,"EOAD_vs_CN",62,"study_5"
"MGAT3",0.120623802494505,0.0788378442326163,2.34097377866315,0.132248067028541,0.410617940773896,"EOAD_vs_CN",54,"study_5"
"MGAT4B",-0.0438608307512821,0.075720587275945,0.335525675370068,0.564832284355702,0.814192648698125,"EOAD_vs_CN",56,"study_5"
"MGAT5",0.0117779194348739,0.026205255451984,0.202004183286075,0.654975415367674,0.857872867380215,"EOAD_vs_CN",62,"study_5"
"MGAT5B",0.0260121332480818,0.117926049799992,0.0486555557902918,0.827107332513019,0.934570169434353,"EOAD_vs_CN",40,"study_5"
"MIA",0.0615560289579832,0.136054142079366,0.204699911223052,0.653131375198887,0.857073793425556,"EOAD_vs_CN",62,"study_5"
"MIA3",0.0110565616596639,0.0308251521274925,0.12865590593471,0.721294723359485,0.886564274586636,"EOAD_vs_CN",62,"study_5"
"MIF",0.323203467831933,0.0700201735837559,21.3061832362145,2.14048221287294e-05,0.000604274593941822,"EOAD_vs_CN",62,"study_5"
"MILR1",0.0144621688655462,0.082316128892803,0.0308671817662129,0.861228656044191,0.946488338994301,"EOAD_vs_CN",62,"study_5"
"MINPP1",-0.0456705881848739,0.0200282749664648,5.1997937706856,0.0265896943529737,0.171200312763883,"EOAD_vs_CN",62,"study_5"
"MLEC",-0.0709077986596639,0.0373620668725864,3.6018549456228,0.0625936026897759,0.26649480495531,"EOAD_vs_CN",62,"study_5"
"MMP14",0.0721156305987395,0.0609126531271855,1.40166354631854,0.241235528692695,0.568312622929541,"EOAD_vs_CN",62,"study_5"
"MMP16",-0.102706391126667,0.0855297935925516,1.44198283534575,0.236664553052599,0.568312622929541,"EOAD_vs_CN",55,"study_5"
"MMP17",-0.149440954764423,0.0984453791617568,2.30435080561966,0.13482024396017,0.413013602115044,"EOAD_vs_CN",58,"study_5"
"MMP19",0.0438713436600496,0.0987423001096987,0.197403747379604,0.658568738398799,0.85890094880014,"EOAD_vs_CN",57,"study_5"
"MOXD1",-0.104519026319048,0.0684660554293158,2.33045164349517,0.133338817422461,0.411931957428374,"EOAD_vs_CN",58,"study_5"
"MPI",-0.0265373758088235,0.0584290764555678,0.206280371979727,0.651586184412614,0.857073793425556,"EOAD_vs_CN",62,"study_5"
"MPZ",0.0807544579705881,0.146403684108796,0.304248889680665,0.583408405004237,0.824137354259257,"EOAD_vs_CN",62,"study_5"
"MRC2",-0.127788502777311,0.0349814377111008,13.3446827706301,0.000573528172255737,0.011072258145096,"EOAD_vs_CN",62,"study_5"
"MSLN",-0.231995155650997,0.117188359275662,3.91912292058977,0.0531737822503196,0.249432341565345,"EOAD_vs_CN",53,"study_5"
"MSN",0.0821270051659664,0.0556976488107736,2.17419377201406,0.146363479338792,0.431795795155441,"EOAD_vs_CN",62,"study_5"
"MSTN",0.0178082668718488,0.0451743194165961,0.155403241719211,0.694822616129737,0.873287329176759,"EOAD_vs_CN",62,"study_5"
"MT1F",-0.0591745908865546,0.0803013964462706,0.543030637048652,0.464422759290075,0.757525122930922,"EOAD_vs_CN",62,"study_5"
"MXRA7",0.00274718412019231,0.0720602643853073,0.00145339557120728,0.969741658712361,0.993011129317624,"EOAD_vs_CN",58,"study_5"
"MXRA8",-0.0356353978508403,0.0360498177878963,0.977140638874747,0.327051264111245,0.663870652261212,"EOAD_vs_CN",62,"study_5"
"MYDGF",-0.0494059896323529,0.0588357366247483,0.70514237718298,0.404724759239115,0.724449577742815,"EOAD_vs_CN",62,"study_5"
"MYH11",0.0388389815889725,0.199819994124753,0.0377796372348796,0.847502841177017,0.941955005184631,"EOAD_vs_CN",40,"study_5"
"MYH9",0.0498458472395833,0.150422172992295,0.109808067369878,0.742201199340529,0.8977845753394,"EOAD_vs_CN",56,"study_5"
"MYL6",-0.0167337340310558,0.0996360448035443,0.0282067315567999,0.867432473811654,0.948344529651775,"EOAD_vs_CN",44,"study_5"
"MYLK",0.200539811366667,0.109882568505765,3.33076198427581,0.0795802674525047,0.308731058721662,"EOAD_vs_CN",35,"study_5"
"MYOC",0.160280496584034,0.186306288349355,0.740127142118099,0.393326304737295,0.717875196892391,"EOAD_vs_CN",62,"study_5"
"NAGA",-0.0266933045420168,0.0766200115246776,0.121372488593203,0.728885560096718,0.889890221408834,"EOAD_vs_CN",62,"study_5"
"NAGLU",-0.0201860025693278,0.0778989780640116,0.0671486255713772,0.796568553166022,0.923375423284681,"EOAD_vs_CN",62,"study_5"
"NAGPA",-0.101213718742947,0.0933956908198214,1.17442445499751,0.284461158668446,0.616728660365012,"EOAD_vs_CN",51,"study_5"
"NAXD",0.487320811914654,0.130390847804063,13.9680473946093,0.000496435431585458,0.00990172844520995,"EOAD_vs_CN",50,"study_5"
"NAXE",0.0725404913445378,0.0472347233197496,2.35851278174599,0.131033015218326,0.409329709382165,"EOAD_vs_CN",62,"study_5"
"NCR3LG1",-0.0876079970294117,0.0601451184134515,2.12171347179208,0.150446510517128,0.435841349725245,"EOAD_vs_CN",62,"study_5"
"NCSTN",0.107941819033613,0.0630246905927927,2.9333103896062,0.0921286447139489,0.334102891403352,"EOAD_vs_CN",62,"study_5"
"NDRG2",-0.0152310062163866,0.0337170845399946,0.204059661097325,0.653121876318126,0.857073793425556,"EOAD_vs_CN",62,"study_5"
"NDRG4",-0.0449369008214285,0.0426667901569198,1.10924196152854,0.296575519932147,0.627747677134273,"EOAD_vs_CN",62,"study_5"
"NDST1",-0.10895479864916,0.0452668593194421,5.79337976064952,0.0192709236618186,0.13759589462816,"EOAD_vs_CN",62,"study_5"
"NECTIN2",-0.0126732987605042,0.0451989092220628,0.0786182618242302,0.780187584094015,0.911926971974527,"EOAD_vs_CN",62,"study_5"
"NECTIN3",-0.156184207247899,0.0752019975186476,4.31335777079418,0.0427637281333903,0.222298700070173,"EOAD_vs_CN",62,"study_5"
"NEDD8",0.20553602161039,0.0646431709553158,10.1095212233837,0.00277346674536681,0.034531243453309,"EOAD_vs_CN",50,"study_5"
"NEFM",0.840751792336135,0.0962233317430513,76.3439845653881,2.80534293313342e-12,5.7197825358887e-10,"EOAD_vs_CN",62,"study_5"
"NELL1",-0.143708019777311,0.0940407130188786,2.33523280835192,0.132140182368584,0.410617940773896,"EOAD_vs_CN",62,"study_5"
"NENF",-0.00866800619117647,0.0299734390114036,0.0836306122603902,0.773491754835337,0.910317777868281,"EOAD_vs_CN",62,"study_5"
"NEU1",0.0582127840231091,0.0691285041059547,0.709124387558037,0.404545830195943,0.724449577742815,"EOAD_vs_CN",62,"study_5"
"NHLRC3",-0.102215490092567,0.0687598972109306,2.20985100402041,0.143315967807725,0.425541749073101,"EOAD_vs_CN",54,"study_5"
"NIF3L1",0.147102529934874,0.0657762855300844,5.00151521845764,0.0291037735412019,0.179212833718475,"EOAD_vs_CN",62,"study_5"
"NLGN1",-0.00785513335648148,0.0535391988009609,0.0215260026443005,0.883889892738568,0.954772423714634,"EOAD_vs_CN",59,"study_5"
"NLGN2",-0.116361472785714,0.0462227845054937,6.33732836511276,0.0145295746695238,0.112973599654984,"EOAD_vs_CN",62,"study_5"
"NLGN3",0.00812654369278998,0.0650781490406382,0.015593419587226,0.901148783893796,0.958138784503279,"EOAD_vs_CN",51,"study_5"
"NLGN4X",0.0239924033541667,0.0483071973990856,0.246674254263958,0.621656685100582,0.84311900750892,"EOAD_vs_CN",56,"study_5"
"NME1",0.432699378061053,0.0749912091276195,33.2929156030934,8.78418896839518e-07,4.24183862026451e-05,"EOAD_vs_CN",44,"study_5"
"NME2",0.360970858865546,0.0410164618893063,77.4511544260686,1.8386797638284e-11,2.81164780552093e-09,"EOAD_vs_CN",62,"study_5"
"NME3",-0.022930642842437,0.0492528335324691,0.216755446352333,0.643358867118404,0.853625105684939,"EOAD_vs_CN",62,"study_5"
"NOTCH1",-0.0411445417163866,0.0383562274134976,1.15067503012758,0.289293410267997,0.620155850282447,"EOAD_vs_CN",62,"study_5"
"NOTCH2",-0.0549332795420168,0.0295942843844862,3.44552471205751,0.0684840873088343,0.283036712188538,"EOAD_vs_CN",62,"study_5"
"NOTCH3",-0.0823197160945378,0.0340029725379295,5.86103019113148,0.0190931451181569,0.136859067546164,"EOAD_vs_CN",62,"study_5"
"NPC1",-0.0438194411037868,0.0979134133709809,0.20028539737507,0.65664206514229,0.858829785841841,"EOAD_vs_CN",54,"study_5"
"NPDC1",-0.0750872478172269,0.0594490907694377,1.59529843503619,0.211534118198585,0.528835295496462,"EOAD_vs_CN",62,"study_5"
"NPEPPS",0.0994634275315126,0.0277561929135625,12.8412425000676,0.000886460374980166,0.0152023811970898,"EOAD_vs_CN",62,"study_5"
"NPNT",-0.0716743544768907,0.0920355935902247,0.606479247984761,0.43948147315333,0.745364341841765,"EOAD_vs_CN",62,"study_5"
"NPTN",-0.0520568754033613,0.0396269395105879,1.72573906458299,0.193959991899273,0.498482612234125,"EOAD_vs_CN",62,"study_5"
"NQO2",0.251039307201681,0.152168145724516,2.72167308482877,0.10422549080974,0.363536429911194,"EOAD_vs_CN",62,"study_5"
"NRG3",-0.256532687346154,0.110615157781592,5.3784376090069,0.0257247410050605,0.16739326150456,"EOAD_vs_CN",58,"study_5"
"NRGN",0.618489616823529,0.110352159166717,31.4125473411919,7.0109749473177e-07,3.47706460225081e-05,"EOAD_vs_CN",62,"study_5"
"NRN1",-0.151067752289916,0.0469748983801219,10.3421739091545,0.00214564375916691,0.0300207372912607,"EOAD_vs_CN",62,"study_5"
"NRN1L",0.0421926032692308,0.0871853713557243,0.234199196436957,0.630395992465547,0.847267763787613,"EOAD_vs_CN",57,"study_5"
"NRP1",-0.0808530672563025,0.0314646597736816,6.60308548620353,0.0127937914649647,0.104340477058712,"EOAD_vs_CN",62,"study_5"
"NRP2",-0.0561737927058823,0.0273581825951066,4.21592626810179,0.0446051034797771,0.229527524793877,"EOAD_vs_CN",62,"study_5"
"NRSN2",-0.0481616111544228,0.104572395972043,0.212113297978793,0.64712014262251,0.855981383514897,"EOAD_vs_CN",52,"study_5"
"NSF",0.0476166505693277,0.0502908870480678,0.896476881769567,0.347732511600699,0.682790570088873,"EOAD_vs_CN",62,"study_5"
"NSG1",-0.0137715086617647,0.0464716165266383,0.0878187962082959,0.768002499595145,0.909215862423929,"EOAD_vs_CN",62,"study_5"
"NT5E",-0.0015784590818182,0.128753940902364,0.000150295367543939,0.990385664317642,0.998472740562973,"EOAD_vs_CN",32,"study_5"
"NTRK3",-0.129890620777311,0.0539708914279574,5.79210468004786,0.0199394775147521,0.140726697075269,"EOAD_vs_CN",62,"study_5"
"NUDC",0.104423493806061,0.0739431131177188,1.99434816245309,0.164222323755116,0.4517960481119,"EOAD_vs_CN",58,"study_5"
"NUDT5",0.101377923989496,0.105598820762643,0.921655566137281,0.34290053273798,0.678772899217038,"EOAD_vs_CN",62,"study_5"
"NUTF2",0.100455019735294,0.0397105354240707,6.3992901372647,0.0141069672696205,0.111670066917351,"EOAD_vs_CN",62,"study_5"
"NXPH1",-0.0336199792668067,0.0623438255348438,0.290809096272888,0.591903552634036,0.830184065102588,"EOAD_vs_CN",62,"study_5"
"NXPH3",-0.0944619495454546,0.0584195432749332,2.61455326735594,0.111680633708524,0.376025619917691,"EOAD_vs_CN",58,"study_5"
"OBP2A",-0.168120155219048,0.287295851027875,0.342437136067332,0.562921574053239,0.813355187706845,"EOAD_vs_CN",36,"study_5"
"OLFM2",-0.0259260788886555,0.0467753950707201,0.307212404709093,0.581475896787409,0.822615694663838,"EOAD_vs_CN",62,"study_5"
"OLFML1",0.013413929934874,0.0725775280370194,0.0341592024871066,0.854147261121194,0.946473565312434,"EOAD_vs_CN",62,"study_5"
"OLFML2A",-0.138949273443277,0.0567027596432257,6.00487772738093,0.0173841783661412,0.127091503194698,"EOAD_vs_CN",62,"study_5"
"OLFML2B",0.037014050302521,0.0647659106381666,0.32661811579919,0.570922846834932,0.819752287904617,"EOAD_vs_CN",62,"study_5"
"OLFML3",0.103402202172269,0.0397477548209425,6.76759516776344,0.0121193123304873,0.101120526997677,"EOAD_vs_CN",62,"study_5"
"OSCAR",0.111006349476891,0.0688956670661904,2.59604264739135,0.112380821111305,0.377335511144803,"EOAD_vs_CN",62,"study_5"
"OSMR",-0.0165521744222689,0.0471741636467865,0.123112369404258,0.72717814256188,0.88923221969881,"EOAD_vs_CN",62,"study_5"
"OXT",0.0462580186113445,0.081053338033148,0.325710862578661,0.57032829172725,0.819539871041115,"EOAD_vs_CN",62,"study_5"
"P4HB",-0.029781918447479,0.0261733648222877,1.2947509033606,0.25969904650326,0.589786819719656,"EOAD_vs_CN",62,"study_5"
"PALM",-0.0310818196071429,0.10309574411795,0.0908932004977929,0.76416592470938,0.906602624723825,"EOAD_vs_CN",62,"study_5"
"PAMR1",0.0450841222478991,0.0518822659030371,0.75510851406876,0.388555393982354,0.716361578398327,"EOAD_vs_CN",62,"study_5"
"PAPPA2",-0.195070363611345,0.0550251544957147,12.5678227142157,0.000793091986199909,0.0138602266159698,"EOAD_vs_CN",62,"study_5"
"PBXIP1",0.103864143632353,0.0598477020251308,3.01187074749272,0.0879121470702521,0.324585090289563,"EOAD_vs_CN",62,"study_5"
"PCDH1",-0.165068570630252,0.0572016930272614,8.32743047031728,0.00562856109094426,0.0604000561513609,"EOAD_vs_CN",62,"study_5"
"PCDH10",-0.147835707869748,0.0771331972503146,3.67346598599805,0.0611538767037123,0.263421041669747,"EOAD_vs_CN",62,"study_5"
"PCDH17",-0.0477077564033613,0.0525509804204204,0.824169123896121,0.36797508907649,0.702637136790177,"EOAD_vs_CN",62,"study_5"
"PCDH19",-0.0921910473508404,0.085564183090021,1.16089644442766,0.286152184477953,0.617752068843581,"EOAD_vs_CN",62,"study_5"
"PCDH7",-0.158003584165966,0.0626451648872821,6.36148875644003,0.0143545289905301,0.112087492330309,"EOAD_vs_CN",62,"study_5"
"PCDH9",-0.0632395297478992,0.0574504374648212,1.21168737711648,0.27564868488007,0.613537229620662,"EOAD_vs_CN",62,"study_5"
"PCDHAC2",-0.0592058742773109,0.0326882301662707,3.28055091614849,0.0757100692186139,0.298769843045498,"EOAD_vs_CN",62,"study_5"
"PCDHB10",-0.158700317902534,0.0773394782765936,4.21068853052362,0.046936352311484,0.2345056847101,"EOAD_vs_CN",46,"study_5"
"PCDHGA3",0.0228628145119048,0.077586761006643,0.0868328672953082,0.769702765185828,0.910317777868281,"EOAD_vs_CN",52,"study_5"
"PCDHGA4",-0.101195190991453,0.170907194773337,0.350589622794459,0.560693239949153,0.81239583554799,"EOAD_vs_CN",31,"study_5"
"PCDHGB7",-0.127380350639551,0.080476895899306,2.50531562286804,0.121431356671784,0.392992133144134,"EOAD_vs_CN",54,"study_5"
"PCDHGC3",-0.0743975849369748,0.0378554217950334,3.86243778177702,0.0540593330662434,0.250660616137024,"EOAD_vs_CN",62,"study_5"
"PCDHGC5",-0.259507936436975,0.0702008756028134,13.6652074934466,0.000594415412682873,0.0111796622881416,"EOAD_vs_CN",62,"study_5"
"PCMT1",0.0337276921890756,0.0642580025552238,0.275498227103297,0.601608565214282,0.836327058460764,"EOAD_vs_CN",62,"study_5"
"PCP4",0.0971865997731092,0.0503430842148674,3.72677470063948,0.0586776363369374,0.259454126935615,"EOAD_vs_CN",62,"study_5"
"PCSK5",-0.0099901043,0.0790201327885636,0.0159832294670182,0.900103497766355,0.958138784503279,"EOAD_vs_CN",38,"study_5"
"PCSK6",-0.0168327816701681,0.0591868151897511,0.0808838542577837,0.777156488154081,0.911926971974527,"EOAD_vs_CN",62,"study_5"
"PCSK9",-0.100661309271008,0.0862332782168211,1.36262187557824,0.24930918846482,0.579489622122508,"EOAD_vs_CN",62,"study_5"
"PCYOX1",-0.103264419285714,0.0686073885894904,2.26547688888528,0.13758066871023,0.417981005104755,"EOAD_vs_CN",62,"study_5"
"PDCD6IP",0.110917203944444,0.182365175433315,0.369925277900101,0.547680382697304,0.805874087840305,"EOAD_vs_CN",32,"study_5"
"PDGFA",0.083257613679803,0.0496421840021565,2.81284731084341,0.101618583514161,0.357908062856979,"EOAD_vs_CN",50,"study_5"
"PDGFD",-0.2130900348125,0.122573413004807,3.02227321810333,0.0926985408877101,0.334264868296085,"EOAD_vs_CN",32,"study_5"
"PDGFRA",-0.0713186857061469,0.0841452695890413,0.718368449534306,0.401125286638828,0.720925466192213,"EOAD_vs_CN",52,"study_5"
"PDGFRB",-0.0480628756092437,0.0607280223191257,0.626384822717782,0.43185172154594,0.740752190689464,"EOAD_vs_CN",62,"study_5"
"PDGFRL",0.208079485314286,0.10098282208133,4.24583901191974,0.0440359450143847,0.227622420003932,"EOAD_vs_CN",58,"study_5"
"PDIA3",0.000126762991596641,0.0210894160670574,3.61289924209448e-05,0.995224094450728,0.998472740562973,"EOAD_vs_CN",62,"study_5"
"PDIA4",0.0182960248739496,0.0285361797326025,0.411075714820534,0.523866550272989,0.792437812254977,"EOAD_vs_CN",62,"study_5"
"PDIA6",-0.000375653966386551,0.0357922389759469,0.000110153480649807,0.991661196998511,0.998472740562973,"EOAD_vs_CN",62,"study_5"
"PDXP",0.5329789678,0.0868702342773063,37.642473846122,4.76084881021938e-07,2.5694581078684e-05,"EOAD_vs_CN",45,"study_5"
"PDYN",-0.251267661934874,0.0742779470142374,11.4433561314596,0.00174347889147477,0.0262236374250509,"EOAD_vs_CN",62,"study_5"
"PEA15",0.439066265842437,0.0425549228848532,106.45364245451,8.83088297374934e-15,4.05116756420751e-12,"EOAD_vs_CN",62,"study_5"
"PEPD",0.0199833041911765,0.0957344773985735,0.0435710330509232,0.835400179362474,0.938405500272777,"EOAD_vs_CN",62,"study_5"
"PFN2",0.448704726230588,0.0705529265085928,40.447457033637,5.30448805242918e-08,3.47633413435984e-06,"EOAD_vs_CN",59,"study_5"
"PGAM1",0.290935391289916,0.0307088918700354,89.756274760497,2.08641845989026e-13,4.78572234237328e-11,"EOAD_vs_CN",62,"study_5"
"PGD",0.0422773765357576,0.0833857129239347,0.257058972602325,0.614225654330587,0.839978839489575,"EOAD_vs_CN",58,"study_5"
"PGLS",0.09035908175,0.0606294116985844,2.22114499190929,0.141389595106064,0.422556851823499,"EOAD_vs_CN",62,"study_5"
"PGM1",0.100975253672269,0.0551802275251717,3.34859737166621,0.07248771536012,0.291356440569913,"EOAD_vs_CN",62,"study_5"
"PGRMC1",-0.0219009656491597,0.0327332019426655,0.447661296731343,0.506140925755132,0.786187620811505,"EOAD_vs_CN",62,"study_5"
"PHPT1",0.276990900183333,0.0884630680187575,9.80408366961423,0.00279749700745604,0.034531243453309,"EOAD_vs_CN",58,"study_5"
"PIANP",-0.23041871730042,0.0966483167950099,5.68390642681897,0.020778094643174,0.145172484712883,"EOAD_vs_CN",62,"study_5"
"PIGR",0.355612397060924,0.113091967446413,9.88758582298821,0.00263490650338947,0.0342911591043949,"EOAD_vs_CN",62,"study_5"
"PILRA",-0.030493797144958,0.0675519022878694,0.203773566628339,0.653431191826895,0.857073793425556,"EOAD_vs_CN",62,"study_5"
"PITHD1",0.080375500262605,0.0494855942762272,2.63809115503671,0.110698527839495,0.373404041517413,"EOAD_vs_CN",62,"study_5"
"PKDCC",0.0665946104621849,0.0852660688385516,0.609994170882152,0.437876176296127,0.745364341841765,"EOAD_vs_CN",62,"study_5"
"PLA2G15",-0.0254917131638655,0.0598897397472705,0.181172882664199,0.672415966240422,0.864063934209506,"EOAD_vs_CN",62,"study_5"
"PLA2G7",-0.0147535354270834,0.0728909109465456,0.0409680650227992,0.840453270374137,0.939244431829841,"EOAD_vs_CN",56,"study_5"
"PLAUR",0.0109474017545582,0.078388908982896,0.0195035142880016,0.889496712541518,0.956256794027433,"EOAD_vs_CN",54,"study_5"
"PLBD2",0.127456417254202,0.0844092096035608,2.28004671789708,0.136424221738418,0.415154969966828,"EOAD_vs_CN",62,"study_5"
"PLD4",-0.0477313737962185,0.075926628077976,0.395202462793827,0.531963547180247,0.795505097455128,"EOAD_vs_CN",62,"study_5"
"PLEKHB1",-0.0641295910882353,0.0503932523691312,1.61946722969015,0.208721273311566,0.52610375896528,"EOAD_vs_CN",62,"study_5"
"PLEKHB2",-0.11122137189916,0.0783630129265586,2.01443957284721,0.161094867954005,0.447892549538788,"EOAD_vs_CN",62,"study_5"
"PLOD1",0.101045168357143,0.0562183343212633,3.2305402467845,0.0783610133832162,0.306027935530613,"EOAD_vs_CN",62,"study_5"
"PLOD3",0.047874471960084,0.0647461802347424,0.546738541631376,0.462794622292736,0.756887818099082,"EOAD_vs_CN",62,"study_5"
"PLS3",0.00474020253781515,0.0795977007179395,0.00354644110001791,0.952731345196437,0.983274476060439,"EOAD_vs_CN",62,"study_5"
"PLXDC1",-0.109681839663866,0.0447071210462764,6.018884982672,0.0171296213992165,0.126236366536395,"EOAD_vs_CN",62,"study_5"
"PLXNA1",-0.120080978894958,0.0643567106829426,3.48145480271471,0.0680986432611369,0.28207903021261,"EOAD_vs_CN",62,"study_5"
"PLXNA2",-0.122594561495798,0.0583990271750176,4.40687958578385,0.0400593672550083,0.211841322515678,"EOAD_vs_CN",62,"study_5"
"PLXNB1",-0.0122161605693277,0.031477408125259,0.15061614749701,0.699322937722147,0.876542070164029,"EOAD_vs_CN",62,"study_5"
"PLXNB2",0.00921080192647059,0.0366584278740272,0.0631316607857876,0.802546065975578,0.92504524564396,"EOAD_vs_CN",62,"study_5"
"PLXNB3",-0.0513781295,0.0473478026625217,1.17748916722894,0.282421517048796,0.616728660365012,"EOAD_vs_CN",62,"study_5"
"PLXNC1",-0.10492179977957,0.0718085995986587,2.13490497278425,0.149897739504264,0.435841349725245,"EOAD_vs_CN",55,"study_5"
"PLXND1",-0.0754215671236364,0.0524259332427809,2.06965884443983,0.156147654798647,0.446127698916303,"EOAD_vs_CN",58,"study_5"
"PMCH",-0.01850284348,0.108157861747391,0.0292658245390955,0.865171400136915,0.946760792571709,"EOAD_vs_CN",42,"study_5"
"PODN",0.156946622102941,0.0852299419128307,3.39093575040169,0.0711491882630297,0.28779702205054,"EOAD_vs_CN",62,"study_5"
"PODXL",-0.110113403627949,0.116735690280882,0.889760378558396,0.354257824076334,0.688251424390767,"EOAD_vs_CN",48,"study_5"
"PON2",-0.18783096799569,0.122994577024242,2.33218214832148,0.133773748695175,0.411931957428374,"EOAD_vs_CN",53,"study_5"
"POSTN",-0.0608260353319328,0.100409613464285,0.36696819801325,0.547731393812372,0.805874087840305,"EOAD_vs_CN",62,"study_5"
"PPBP",-0.00200515835714288,0.114880257065243,0.000304653769403474,0.986136206677513,0.997632760547841,"EOAD_vs_CN",58,"study_5"
"PPM1L",-0.0715485610030303,0.0838472132897783,0.728156181745127,0.397560789816896,0.718363804977826,"EOAD_vs_CN",52,"study_5"
"PPP1R7",0.370330950533333,0.123841733373658,8.94223287449023,0.00575089385446521,0.0606487943847337,"EOAD_vs_CN",36,"study_5"
"PPP3CA",0.481701099818182,0.0886562088995685,29.5214009670188,2.59293552184127e-06,0.000103435580056059,"EOAD_vs_CN",45,"study_5"
"PPP5C",0.130722176794118,0.0495729833356616,6.9535796017161,0.0106472898692333,0.0941908819834503,"EOAD_vs_CN",62,"study_5"
"PPT1",0.0269594461435185,0.101628172611578,0.0703709960952573,0.792172154689278,0.919428429118511,"EOAD_vs_CN",51,"study_5"
"PRAP1",-0.0391578976233766,0.107907135630369,0.13168563561542,0.717999420923914,0.88571197661055,"EOAD_vs_CN",61,"study_5"
"PRDX2",0.236280320607143,0.106911887954132,4.88430870839358,0.0311435415938974,0.187371799425579,"EOAD_vs_CN",62,"study_5"
"PRDX3",0.263215607577731,0.0539641098278165,23.7910297516589,1.05390386459115e-05,0.000351620653004503,"EOAD_vs_CN",62,"study_5"
"PRDX5",0.0241857632934783,0.108224767894375,0.0499420390708257,0.824179942577154,0.934570169434353,"EOAD_vs_CN",47,"study_5"
"PRDX6",0.14332428619958,0.0622088772736412,5.30804808275708,0.0247070963844269,0.162500078370693,"EOAD_vs_CN",62,"study_5"
"PREP",0.0950658744369748,0.0446845204949964,4.52621407423707,0.0375495699951746,0.204377819713543,"EOAD_vs_CN",62,"study_5"
"PRG2",-0.0440903312259615,0.145048907952299,0.0923969841563558,0.762320109169186,0.905409320599,"EOAD_vs_CN",58,"study_5"
"PRKAR1A",0.170591722936975,0.0518039103798468,10.8440328426101,0.00177750136086732,0.0265180081072483,"EOAD_vs_CN",62,"study_5"
"PRKAR1B",0.155077951075736,0.0787883834576769,3.87414372984059,0.0545935946497264,0.25107580496804,"EOAD_vs_CN",54,"study_5"
"PRL",-0.0428065007962186,0.115761253871728,0.136739192730562,0.713199397389065,0.883559900113378,"EOAD_vs_CN",62,"study_5"
"PRND",0.0240305283229167,0.108883706763589,0.0487080612648145,0.826214139089716,0.934570169434353,"EOAD_vs_CN",56,"study_5"
"PROC",0.0351597251701681,0.0560840536558242,0.393017737458346,0.533311687409783,0.795505097455128,"EOAD_vs_CN",62,"study_5"
"PROZ",-0.0430891948340336,0.168546984674546,0.0653574024185464,0.799100758113987,0.923899213605369,"EOAD_vs_CN",62,"study_5"
"PRRG1",0.146630909991597,0.138561383101267,1.1198674975589,0.294195694301422,0.626275056894558,"EOAD_vs_CN",62,"study_5"
"PRRT1",-0.169507336033333,0.0744388206218306,5.18534945139181,0.0304231682784264,0.184245920102021,"EOAD_vs_CN",35,"study_5"
"PRSS2",0.0463216803939392,0.102960568711512,0.202407567649656,0.655573947237685,0.858044360328924,"EOAD_vs_CN",55,"study_5"
"PRSS23",-0.0750428995051282,0.0553141820754956,1.84054407602474,0.180827575460788,0.477108853199982,"EOAD_vs_CN",56,"study_5"
"PSAT1",0.0772808085,0.0516973202924956,2.2346383591871,0.140665719973663,0.42176731397332,"EOAD_vs_CN",62,"study_5"
"PSMA1",0.44475186731871,0.0931435288147971,22.7997552702337,1.45496957215124e-05,0.000437683469655333,"EOAD_vs_CN",56,"study_5"
"PSMA3",0.405523475113095,0.0827701457842399,24.0040520346756,1.08013067552456e-05,0.000353935676712064,"EOAD_vs_CN",52,"study_5"
"PSMA4",0.412204781026667,0.0851733497692332,23.4217096914351,1.17874816759212e-05,0.000379150745812844,"EOAD_vs_CN",55,"study_5"
"PSMA5",0.142193433034314,0.122335936303818,1.35098640569156,0.256575427981395,0.587052257289103,"EOAD_vs_CN",29,"study_5"
"PSMA6",0.360171260758514,0.0835957704291497,18.5630571996277,0.000133207037852481,0.0032162488744645,"EOAD_vs_CN",36,"study_5"
"PSMB1",0.201954218273548,0.0774512903744607,6.79905481057242,0.012362128551332,0.102182458971596,"EOAD_vs_CN",56,"study_5"
"PSMB4",0.32791421516,0.100108071769661,10.7295694476332,0.00186109688554759,0.0275412321369341,"EOAD_vs_CN",59,"study_5"
"PSMB7",0.439442086106061,0.106292380789343,17.0922417179027,0.000149483145919731,0.00356235808782737,"EOAD_vs_CN",49,"study_5"
"PSME1",0.118363762409091,0.147942780077178,0.640103161308161,0.433590652128628,0.740752190689464,"EOAD_vs_CN",34,"study_5"
"PTHLH",-0.196987049564103,0.13488326566781,2.13284456527404,0.151624443142051,0.437469894914564,"EOAD_vs_CN",56,"study_5"
"PTK7",0.0165867221365546,0.0423460982593205,0.153424365844632,0.69667537722086,0.875016644216481,"EOAD_vs_CN",62,"study_5"
"PTPA",0.457383580964286,0.0670012482079225,46.6010126050765,9.97940007956783e-09,7.92292838115786e-07,"EOAD_vs_CN",55,"study_5"
"PTPRC",-0.0457174199096639,0.0485456540601432,0.886875610949931,0.350112276457373,0.683475162757232,"EOAD_vs_CN",62,"study_5"
"PTPRJ",-0.0304982463760504,0.0507077683418627,0.361743504645777,0.549821944060711,0.805874087840305,"EOAD_vs_CN",62,"study_5"
"PTPRK",-0.0423106765147059,0.0374954506351937,1.2733353143418,0.263869864596438,0.596306898441459,"EOAD_vs_CN",62,"study_5"
"PTPRM",-0.10273957771875,0.0391802389906547,6.87608744631779,0.0113216473783465,0.0984607722240084,"EOAD_vs_CN",58,"study_5"
"PTPRR",-0.123799949886555,0.0565540095774252,4.79197049838944,0.0327446635302083,0.19258479992927,"EOAD_vs_CN",62,"study_5"
"PTPRT",-0.151514912226891,0.0547171370095603,7.66768081602905,0.00748656874156756,0.0734644579720667,"EOAD_vs_CN",62,"study_5"
"PTPRU",-0.103110316845161,0.0548560763141578,3.53309049590104,0.0658260189119669,0.275777955943971,"EOAD_vs_CN",56,"study_5"
"PTTG1IP",0.0581935618181818,0.111220057828111,0.273768606960272,0.604082754168942,0.836597625584912,"EOAD_vs_CN",40,"study_5"
"PVALB",0.113419674869748,0.0709957807330391,2.55218244520386,0.117147219758412,0.384553038026273,"EOAD_vs_CN",62,"study_5"
"PVR",-0.0373548955861345,0.0588681135659062,0.402656593974743,0.52813580560415,0.795273349273363,"EOAD_vs_CN",62,"study_5"
"PXDN",0.100758610476923,0.052743714014421,3.6494122332007,0.0615002186540574,0.264292508735821,"EOAD_vs_CN",56,"study_5"
"PYGB",0.0746211318026316,0.133752645267006,0.311256839826578,0.580323841851326,0.822615694663838,"EOAD_vs_CN",39,"study_5"
"PZP",0.0710482666092437,0.18831423523734,0.142344493605391,0.707357084286565,0.880000169264981,"EOAD_vs_CN",62,"study_5"
"QPCT",-0.041440052487395,0.0591954582092613,0.490076435149736,0.487405387728511,0.771250459887082,"EOAD_vs_CN",62,"study_5"
"RAB14",-0.0244739011442308,0.0389394472816006,0.395027051822182,0.532418227506524,0.795505097455128,"EOAD_vs_CN",58,"study_5"
"RAB1A",-0.0428518156433566,0.0571428164910156,0.562360969464275,0.457776555871317,0.756430452821454,"EOAD_vs_CN",48,"study_5"
"RAB4A",0.00517854925939396,0.0811737868843053,0.00406990816252602,0.949394246352649,0.982072053674937,"EOAD_vs_CN",58,"study_5"
"RAB4B",-0.0271048573660131,0.0987027880783247,0.0754111235809602,0.785383455861352,0.915463459308471,"EOAD_vs_CN",35,"study_5"
"RAB6B",0.0279138515404762,0.0761590472819657,0.134337271637654,0.716027810830423,0.884788574325809,"EOAD_vs_CN",41,"study_5"
"RAD23A",0.213513387117647,0.0587643710882979,13.201462156639,0.000603153442248513,0.0111796622881416,"EOAD_vs_CN",62,"study_5"
"RAD23B",0.240430675136555,0.0355823914693401,45.6572221782296,1.34722243501232e-08,9.50828141633695e-07,"EOAD_vs_CN",62,"study_5"
"RAN",0.15076657218,0.175551472769804,0.737566473061947,0.395477298267079,0.717875196892391,"EOAD_vs_CN",45,"study_5"
"RARRES1",-0.0642592271,0.150758098862358,0.181681075020771,0.673082310390248,0.864314933216308,"EOAD_vs_CN",31,"study_5"
"RBP1",-0.198158255316667,0.137894608725434,2.06504616987136,0.16181837543976,0.448978779534163,"EOAD_vs_CN",31,"study_5"
"RBP3",0.0560668593403362,0.13816413434286,0.164672780163226,0.686361388368866,0.87079652707152,"EOAD_vs_CN",62,"study_5"
"RCN1",-0.0364429104054622,0.0549239464281317,0.440253317168231,0.510196378592861,0.789106807847159,"EOAD_vs_CN",62,"study_5"
"RCN2",-0.135320547609244,0.0607075875460958,4.96868590307706,0.0296713344909107,0.180287744340467,"EOAD_vs_CN",62,"study_5"
"RDX",0.256745431315126,0.0704193696191113,13.2929442215748,0.000579257101868782,0.011072258145096,"EOAD_vs_CN",62,"study_5"
"RECK",-0.00312442058193277,0.0470533946731071,0.00440917217268089,0.947280325123277,0.982072053674937,"EOAD_vs_CN",62,"study_5"
"REG1A",0.0207481788739494,0.160612298789099,0.016687926213826,0.897747946623216,0.958138784503279,"EOAD_vs_CN",62,"study_5"
"RELT",-0.0879347078256302,0.0567167884847456,2.4037947750333,0.127045531982553,0.403336593750839,"EOAD_vs_CN",62,"study_5"
"RFNG",0.10201418331203,0.0753267548577041,1.83409825692841,0.182603778576231,0.47950956267492,"EOAD_vs_CN",47,"study_5"
"RGMA",-0.107273092338235,0.0690769926132435,2.41165265304414,0.125906752148926,0.401109184363331,"EOAD_vs_CN",62,"study_5"
"RGMB",-0.104256339115546,0.0510396070015283,4.17244190437956,0.0458835556343099,0.231308584035601,"EOAD_vs_CN",62,"study_5"
"RGN",0.0937095443229167,0.155057762419474,0.365241928356407,0.549821057602289,0.805874087840305,"EOAD_vs_CN",56,"study_5"
"RIDA",0.0368788808130252,0.058839861857075,0.392836810857423,0.533217447715737,0.795505097455128,"EOAD_vs_CN",62,"study_5"
"RMDN3",-0.0301266208739496,0.046325797002911,0.422916904446037,0.517967741594177,0.791182821742104,"EOAD_vs_CN",62,"study_5"
"RNF13",0.0293718460441176,0.0613325184374203,0.229340571364071,0.634243414595937,0.849069348334092,"EOAD_vs_CN",62,"study_5"
"RNF130",0.201087697667702,0.100700573766582,3.9875589210457,0.0547697452167026,0.251187626453333,"EOAD_vs_CN",37,"study_5"
"RNF150",0.092492110900161,0.0683059473204645,1.83354825773388,0.182657866108866,0.47950956267492,"EOAD_vs_CN",50,"study_5"
"RNF167",0.0844680560933015,0.0648632431408135,1.69585095530684,0.204969687189523,0.518164888752092,"EOAD_vs_CN",41,"study_5"
"RNH1",0.219515315327731,0.0599189920260926,13.4214875804446,0.000528842584864848,0.0104346897121182,"EOAD_vs_CN",62,"study_5"
"ROBO2",-0.0569669587058823,0.0485045129268997,1.37937316616383,0.245110043989811,0.574426928015038,"EOAD_vs_CN",62,"study_5"
"ROBO4",-0.152670246388655,0.0675052395339166,5.11486113822118,0.0273971485791519,0.173957673504304,"EOAD_vs_CN",62,"study_5"
"ROR1",0.0475182102859532,0.0902601735976367,0.277158256902213,0.601056099528693,0.836327058460764,"EOAD_vs_CN",49,"study_5"
"RTBDN",-0.00511772665966387,0.0584740516512768,0.00765998287165781,0.930706332091387,0.973686499080784,"EOAD_vs_CN",62,"study_5"
"RTN1",0.333568805724868,0.0872323401081258,14.6223041758471,0.000352042084581718,0.00725839578884778,"EOAD_vs_CN",55,"study_5"
"RTN4RL1",-0.208967110794118,0.0855134630598591,5.9715474456896,0.0175894978942591,0.128082256491926,"EOAD_vs_CN",62,"study_5"
"RXYLT1",-0.189089125573529,0.073936806932432,6.54051167109601,0.0168437928740625,0.124630483564131,"EOAD_vs_CN",29,"study_5"
"S100A11",0.134458011117647,0.0715506883290409,3.531390413332,0.0653367305399922,0.27456520129248,"EOAD_vs_CN",62,"study_5"
"S100A13",-0.0213641229447115,0.0808335501440769,0.0698532844187446,0.792662547610618,0.919428429118511,"EOAD_vs_CN",58,"study_5"
"S100A4",0.0979737295459977,0.123633534262736,0.627981301081095,0.431459640635241,0.740752190689464,"EOAD_vs_CN",58,"study_5"
"S100A6",0.0922946829747899,0.138149711033685,0.446327250065801,0.506764284054766,0.786187620811505,"EOAD_vs_CN",62,"study_5"
"S100A7",-0.010993021874552,0.220551699475138,0.00248435335807386,0.960429421651775,0.986779388987126,"EOAD_vs_CN",58,"study_5"
"S100A8",0.105080281094538,0.261114712227882,0.161949557984295,0.688812785008783,0.871167109380043,"EOAD_vs_CN",62,"study_5"
"S100A9",0.209581630648268,0.300590425309504,0.486134165430796,0.488396990506468,0.77192805993055,"EOAD_vs_CN",61,"study_5"
"S100B",0.101733332384454,0.0780987682388995,1.69682936897294,0.199137058116319,0.508207499317086,"EOAD_vs_CN",62,"study_5"
"S1PR1",-0.147741216905093,0.0589647097712386,6.27796677917377,0.0153600901259893,0.117440689088293,"EOAD_vs_CN",59,"study_5"
"SAA4",-0.0640859528340336,0.168232889514122,0.145112185529196,0.704612901995281,0.87876390761557,"EOAD_vs_CN",62,"study_5"
"SARAF",0.0473442179715909,0.0923548463307054,0.262793436755623,0.611366808952195,0.839978839489575,"EOAD_vs_CN",38,"study_5"
"SBSN",0.0354829932542017,0.105709640898943,0.112670780377614,0.738539776609747,0.89453497694976,"EOAD_vs_CN",62,"study_5"
"SBSPON",-0.14061748532563,0.131423236044081,1.14481244259978,0.291152629631396,0.623413156795347,"EOAD_vs_CN",62,"study_5"
"SCAMP1",-0.0326329475603865,0.087610474567862,0.138739632724009,0.711216394737527,0.881824813001321,"EOAD_vs_CN",50,"study_5"
"SCGB1A1",-0.309910747613446,0.148318960439141,4.36596178150542,0.0413385351369094,0.217291052994266,"EOAD_vs_CN",62,"study_5"
"SCN2B",0.0235372820096154,0.0502327622970319,0.219552557463705,0.641214207072703,0.852488910906164,"EOAD_vs_CN",58,"study_5"
"SCN3B",-0.250024291514706,0.105529388075112,5.6132911779033,0.0221417491832375,0.150481887967558,"EOAD_vs_CN",62,"study_5"
"SCN4B",-0.0393928423865546,0.0600421312797772,0.430449727632173,0.514571597811366,0.791182821742104,"EOAD_vs_CN",62,"study_5"
"SCPEP1",0.0315926738027295,0.109066341521412,0.083905663422134,0.773259149244948,0.910317777868281,"EOAD_vs_CN",57,"study_5"
"SCRN1",0.267647429040404,0.0678064343093208,15.5806057351743,0.000221076843055745,0.00507095008759114,"EOAD_vs_CN",60,"study_5"
"SCUBE1",0.0452511833529412,0.0640701671654028,0.498824949687258,0.483433637100905,0.766724912774555,"EOAD_vs_CN",62,"study_5"
"SCUBE2",-0.0739156636722689,0.0537936365282659,1.88803983450332,0.174710090192135,0.467336757292374,"EOAD_vs_CN",62,"study_5"
"SDC2",0.0412186394111111,0.0667929710404784,0.380825288937459,0.541082192121661,0.802007934202947,"EOAD_vs_CN",38,"study_5"
"SDC4",-0.137747949157738,0.107845961128094,1.63140771873793,0.209941072644375,0.526382241974801,"EOAD_vs_CN",37,"study_5"
"SDCBP",-0.0832560586494118,0.146811944583761,0.321594722185883,0.573190250306337,0.820566455922413,"EOAD_vs_CN",59,"study_5"
"SEL1L",-0.091496026222689,0.0596842814623417,2.3500901682082,0.130958883034646,0.409329709382165,"EOAD_vs_CN",62,"study_5"
"SELENOF",0.118584517421053,0.0823490404733614,2.07366641929613,0.158545916442129,0.446597718901013,"EOAD_vs_CN",38,"study_5"
"SELENOM",-0.0611118585987395,0.0598543827426563,1.04245921190132,0.312100678497256,0.645664876034345,"EOAD_vs_CN",62,"study_5"
"SEMA3A",-0.00746535122478992,0.0434628681027402,0.0295028333460123,0.864215972890638,0.946760792571709,"EOAD_vs_CN",62,"study_5"
"SEMA3B",0.0645537348361344,0.0631152687891407,1.04610162271715,0.311787309467847,0.645664876034345,"EOAD_vs_CN",62,"study_5"
"SEMA3C",0.0467998997352941,0.0745997602468877,0.393563651977848,0.533053700546189,0.795505097455128,"EOAD_vs_CN",62,"study_5"
"SEMA3D",-0.0753176608442982,0.10595990927704,0.505254850641941,0.481224618406641,0.766724912774555,"EOAD_vs_CN",43,"study_5"
"SEMA3E",-0.232559534516807,0.131733163306118,3.11657840926643,0.0828883303383516,0.316216395365645,"EOAD_vs_CN",62,"study_5"
"SEMA3F",-0.0883602102710084,0.0328481083027946,7.23590328615264,0.00932810969725161,0.0873320474206975,"EOAD_vs_CN",62,"study_5"
"SEMA4A",0.0191867395078787,0.117915210765305,0.0264766293319221,0.871390539257053,0.949525914214188,"EOAD_vs_CN",58,"study_5"
"SEMA4C",0.0227655728655462,0.0433150267173182,0.276235819733277,0.601183836757195,0.836327058460764,"EOAD_vs_CN",62,"study_5"
"SEMA4D",-0.0612515708067227,0.031063344058257,3.88810556243418,0.053284729097338,0.249432341565345,"EOAD_vs_CN",62,"study_5"
"SEMA6B",-0.158953484716387,0.0783175024693028,4.11929076078084,0.047028932955486,0.2345056847101,"EOAD_vs_CN",62,"study_5"
"SEMA6C",-0.0434704952542017,0.0534890990155049,0.660478387519872,0.4197206579473,0.735104550211508,"EOAD_vs_CN",62,"study_5"
"SERPINA10",-0.0419476633277311,0.118652894158845,0.124985282328351,0.724935097417567,0.888021297570918,"EOAD_vs_CN",62,"study_5"
"SERPINA2",0.0682080476869748,0.0854236838055825,0.637550581074727,0.427752861860658,0.740674271253897,"EOAD_vs_CN",62,"study_5"
"SERPINB1",-0.00868468556512605,0.0363470199542633,0.0570913850843712,0.812040828196164,0.928408049682218,"EOAD_vs_CN",62,"study_5"
"SERPINB6",0.0118615134327731,0.0425295499702176,0.0777854978359738,0.781294625015429,0.911926971974527,"EOAD_vs_CN",62,"study_5"
"SERPINB9",-0.02477632990625,0.0978353766511639,0.0641330815162417,0.801048309997898,0.923899213605369,"EOAD_vs_CN",59,"study_5"
"SERPINE2",0.22386181989916,0.086249620074035,6.73667628289013,0.0118581633372171,0.100739489462007,"EOAD_vs_CN",62,"study_5"
"SF3A1",-0.136124521758403,0.0708177608103251,3.69477803065757,0.059747042874483,0.261914181951523,"EOAD_vs_CN",62,"study_5"
"SFRP1",0.18827015782563,0.0661119375053116,8.1096703961054,0.00616698862070676,0.0637117993482854,"EOAD_vs_CN",62,"study_5"
"SFRP2",0.0773797710357143,0.085774721074115,0.813834790870224,0.371374371016085,0.70614030580692,"EOAD_vs_CN",62,"study_5"
"SFRP4",0.00322451896638654,0.095213306796312,0.00114692382459091,0.973118035725023,0.994803117301068,"EOAD_vs_CN",62,"study_5"
"SGCE",-0.0536123994012605,0.0332742381083955,2.59605714800878,0.113601135236,0.379014696651019,"EOAD_vs_CN",62,"study_5"
"SH3BGRL",0.120758155686975,0.0390357521155352,9.56990970425477,0.00300762947576214,0.0363300604225811,"EOAD_vs_CN",62,"study_5"
"SH3BGRL3",0.1420828695,0.0385066911741891,13.6147927654914,0.000485662098126469,0.00979329615452825,"EOAD_vs_CN",62,"study_5"
"SHBG",0.115585076989496,0.14455775147897,0.639323641496978,0.427293617715946,0.740674271253897,"EOAD_vs_CN",62,"study_5"
"SHH",-0.081402684697479,0.166600733052249,0.238739148591253,0.62712874410504,0.843681264980021,"EOAD_vs_CN",62,"study_5"
"SHISA4",-0.102663924157895,0.108365708540745,0.897536194081065,0.350279668289805,0.683475162757232,"EOAD_vs_CN",36,"study_5"
"SHISA9",-0.319634506025,0.137851908545998,5.37627837942574,0.0295520170168617,0.180159306398476,"EOAD_vs_CN",36,"study_5"
"SIGLEC14",-0.247978656495798,0.168225369157422,2.17292944734992,0.147982648981366,0.434909283548888,"EOAD_vs_CN",62,"study_5"
"SIGLEC9",0.444182924371053,0.27034318418005,2.69955927984504,0.114237529414436,0.38009915387229,"EOAD_vs_CN",39,"study_5"
"SIL1",0.0409997761638655,0.0569030346545612,0.519149111794418,0.474238547910308,0.76381584935845,"EOAD_vs_CN",62,"study_5"
"SKP1",0.160860719878151,0.0443740006109209,13.1414366490843,0.00059831614623537,0.0111796622881416,"EOAD_vs_CN",62,"study_5"
"SLC12A2",-0.0590759688157895,0.110905881930761,0.283734761156942,0.597996341856028,0.833832285186787,"EOAD_vs_CN",37,"study_5"
"SLC12A5",-0.135385971145833,0.0645683282946902,4.39651181128784,0.0414451599716583,0.217291052994266,"EOAD_vs_CN",56,"study_5"
"SLC1A2",0.0456393838151261,0.0629093294644744,0.526319465411009,0.471262375163132,0.762580651167855,"EOAD_vs_CN",62,"study_5"
"SLC1A3",0.218297568853383,0.110885852268044,3.8756586596856,0.0582992284952484,0.25913359659027,"EOAD_vs_CN",33,"study_5"
"SLC24A2",-0.038734169144958,0.0517560284525109,0.560101329473582,0.457236510885226,0.756430452821454,"EOAD_vs_CN",62,"study_5"
"SLC38A10",-0.0595562494642857,0.0355811670130713,2.80165274034693,0.0997433176191961,0.352657009308718,"EOAD_vs_CN",62,"study_5"
"SLC39A12",-0.0770521593004203,0.152072154800796,0.256726221058711,0.614306050460495,0.839978839489575,"EOAD_vs_CN",62,"study_5"
"SLC39A14",-0.0637921174166667,0.0993706361039172,0.41211450039156,0.523620988277662,0.792437812254977,"EOAD_vs_CN",56,"study_5"
"SLC39A6",-0.0845283022179487,0.108687291129282,0.604848715547745,0.441071814457024,0.746351805655215,"EOAD_vs_CN",47,"study_5"
"SLC3A2",-0.0198074828529412,0.0385849654340647,0.263525318086292,0.610328978460723,0.839978839489575,"EOAD_vs_CN",62,"study_5"
"SLC4A1",0.165826786431818,0.381627574468092,0.18881212281559,0.666359361826555,0.860723610162478,"EOAD_vs_CN",42,"study_5"
"SLC4A10",0.3550017587,0.147837109842352,5.76625815494711,0.0222404645251694,0.150595027319874,"EOAD_vs_CN",36,"study_5"
"SLC6A1",0.0382884498675214,0.0769107425806566,0.247834383816477,0.623830342160373,0.843563516523458,"EOAD_vs_CN",31,"study_5"
"SLC8A2",-0.125924240600956,0.106528712156648,1.3972860633034,0.242313919779039,0.570059029223764,"EOAD_vs_CN",58,"study_5"
"NHERF1",0.136666657368207,0.0674425241842395,4.1063646463121,0.0478730067680296,0.235514657960682,"EOAD_vs_CN",55,"study_5"
"SLIT1",-0.156829107523809,0.14312123313329,1.20072956192553,0.279581822776601,0.616728660365012,"EOAD_vs_CN",44,"study_5"
"SLIT3",0.0225296708,0.100211713513266,0.0505443615952254,0.823058661974984,0.934570169434353,"EOAD_vs_CN",58,"study_5"
"SLITRK2",-0.0662859501764706,0.0605088428158425,1.20006640230814,0.277706633028131,0.616165930082479,"EOAD_vs_CN",62,"study_5"
"SLITRK3",-0.0699250280252101,0.0644509546960509,1.17708164776929,0.282368246240887,0.616728660365012,"EOAD_vs_CN",62,"study_5"
"SLITRK5",-0.0896008868676471,0.0625917212988349,2.04923057318035,0.157696106999243,0.446127698916303,"EOAD_vs_CN",62,"study_5"
"SLITRK6",-0.0118488764012605,0.113952992056627,0.0108119212226773,0.917567290963251,0.966878546892794,"EOAD_vs_CN",62,"study_5"
"SLPI",0.0791014240945378,0.104365496714294,0.574453283099888,0.45153110092779,0.755061303582309,"EOAD_vs_CN",62,"study_5"
"SMOC2",-0.00330981200000002,0.139996680503474,0.000558947703478258,0.981396867853597,0.997319159991424,"EOAD_vs_CN",36,"study_5"
"SMPD1",0.129685662604167,0.0869923239618643,2.22239916217995,0.14327221927555,0.425541749073101,"EOAD_vs_CN",56,"study_5"
"SMPDL3A",0.0393548964138656,0.0832045086402111,0.223719493168886,0.638071861948325,0.850335123242902,"EOAD_vs_CN",62,"study_5"
"SMPDL3B",-0.0301343163382353,0.0871690389579956,0.11950832795873,0.730777548372244,0.890422842804162,"EOAD_vs_CN",62,"study_5"
"SNAP25",0.0965932907590909,0.0960347036064872,1.01166685888393,0.320715542401778,0.656090323642434,"EOAD_vs_CN",42,"study_5"
"SNCA",0.361492638230159,0.107368127346824,11.3356951454119,0.00189598679723225,0.0276121886739777,"EOAD_vs_CN",39,"study_5"
"SNCB",0.55427199460084,0.08260566292777,45.0221499258871,8.48663166599535e-09,7.07862232140976e-07,"EOAD_vs_CN",62,"study_5"
"SNCG",0.327985880682773,0.0661539097653304,24.5809839735777,6.91935844335259e-06,0.000244173514299077,"EOAD_vs_CN",62,"study_5"
"SNED1",-0.0194059487689076,0.0478819398235576,0.16425790826985,0.686755727642575,0.87079652707152,"EOAD_vs_CN",62,"study_5"
"SORCS1",-0.168479248132353,0.0713231453245623,5.57996991189647,0.0215650451102236,0.148575120887744,"EOAD_vs_CN",62,"study_5"
"SORL1",-0.00654661990336135,0.0616352200743628,0.0112817468661167,0.915810874586448,0.965812043026513,"EOAD_vs_CN",62,"study_5"
"SORT1",0.0204477235903361,0.0429532053977068,0.226620281178146,0.636106461918816,0.849841607564063,"EOAD_vs_CN",62,"study_5"
"SPESP1",0.229546314270053,0.16040537486293,2.04787203127276,0.160813510639878,0.447788758762027,"EOAD_vs_CN",39,"study_5"
"SPINK1",0.303363992305556,0.171492529821001,3.12923117382971,0.0845248963223871,0.319800380931094,"EOAD_vs_CN",42,"study_5"
"SPINK5",0.069508872144958,0.0984279197427848,0.498705169914544,0.482809453948664,0.766724912774555,"EOAD_vs_CN",62,"study_5"
"SPINT1",-0.0581276057205882,0.0475130809857092,1.49671283553559,0.225991962711128,0.552190747769534,"EOAD_vs_CN",62,"study_5"
"SPON2",-0.0584735485819328,0.0512695424377438,1.30076852073312,0.258668592318673,0.589635859509024,"EOAD_vs_CN",62,"study_5"
"SQSTM1",-0.0549291722468443,0.0937781180999319,0.343086067871987,0.561400356655336,0.812436636011469,"EOAD_vs_CN",54,"study_5"
"SRGN",-0.0135033508852814,0.0577025078133066,0.0547638193268336,0.815853374945792,0.929870150947533,"EOAD_vs_CN",61,"study_5"
"SRPX",0.0188850597731093,0.0846520599199997,0.0497693153176758,0.824403730070016,0.934570169434353,"EOAD_vs_CN",62,"study_5"
"SSC5D",0.0189118290210084,0.0490623376849175,0.148583502321632,0.701261817876854,0.877773148570278,"EOAD_vs_CN",62,"study_5"
"SST",-0.337886680747899,0.114601845122719,8.69278473726668,0.00525835982194293,0.0572763558353581,"EOAD_vs_CN",62,"study_5"
"ST13",0.281801240855042,0.0643059498016945,19.2036369928202,5.16336800455252e-05,0.00133447609695125,"EOAD_vs_CN",62,"study_5"
"ST3GAL6",-0.0375651677457983,0.0843285461349989,0.19843644550167,0.657589156262543,0.858844200527947,"EOAD_vs_CN",62,"study_5"
"ST6GAL1",0.243506248558696,0.1268723826392,3.68371504839211,0.0619666975392881,0.265055687609775,"EOAD_vs_CN",43,"study_5"
"ST6GALNAC1",-0.161405205021008,0.0600470841266054,7.22522249868447,0.0095726508234022,0.0887162336411264,"EOAD_vs_CN",62,"study_5"
"ST6GALNAC5",0.0532673456239496,0.108817671554065,0.239620105071176,0.626288171973948,0.843563516523458,"EOAD_vs_CN",62,"study_5"
"ST8SIA3",-0.113298327945378,0.0576939620808935,3.85643727252428,0.0542301169517158,0.250660616137024,"EOAD_vs_CN",62,"study_5"
"ST8SIA4",-0.0971518217722222,0.120955315223414,0.645137047624411,0.427766465126732,0.740674271253897,"EOAD_vs_CN",38,"study_5"
"ST8SIA5",-0.151859696743697,0.0874061063916151,3.01857177962152,0.0876960161048737,0.324439898291216,"EOAD_vs_CN",62,"study_5"
"STAB1",0.0801203139180672,0.0559920728929075,2.047539047363,0.157823603082183,0.446127698916303,"EOAD_vs_CN",62,"study_5"
"STIP1",0.194966460006956,0.0978381675603137,3.97103022315502,0.0524830608609118,0.248212414123127,"EOAD_vs_CN",48,"study_5"
"STMN1",0.310971080897059,0.0630836067800883,24.3000392145016,1.0341890794833e-05,0.00035143277052812,"EOAD_vs_CN",62,"study_5"
"STMN3",-0.109507285460084,0.0687743888145302,2.53531863084673,0.117528032850092,0.385114179071284,"EOAD_vs_CN",62,"study_5"
"STX12",0.061820699894958,0.0537587048936597,1.32242253116319,0.254796671409281,0.584439865045039,"EOAD_vs_CN",62,"study_5"
"STX1A",-0.0763576720625,0.15742752228337,0.23525780380948,0.631383724237845,0.847541429390231,"EOAD_vs_CN",31,"study_5"
"STX1B",0.0145758119936975,0.0516941565662323,0.0795028336563273,0.77905981414912,0.911926971974527,"EOAD_vs_CN",62,"study_5"
"STX7",-0.00193672677731092,0.0523652139832648,0.00136788929007046,0.97063575990053,0.993372347695189,"EOAD_vs_CN",62,"study_5"
"SUCO",-0.0826995250526316,0.110756507431721,0.557529081936717,0.460637350643323,0.756714015544857,"EOAD_vs_CN",35,"study_5"
"SUGT1",0.0870555516666667,0.100437175881314,0.751283686701244,0.391618527193209,0.717875196892391,"EOAD_vs_CN",46,"study_5"
"SUMF1",-0.0528460906666667,0.0706863058892942,0.558927090155386,0.46103883889872,0.756714015544857,"EOAD_vs_CN",35,"study_5"
"SUMF2",-0.0979514995333333,0.0879375204507634,1.24071989547031,0.272372031965466,0.608773055611,"EOAD_vs_CN",53,"study_5"
"SV2A",-0.0438988018194444,0.0801338461561287,0.300105087325387,0.586317483283671,0.826338388498876,"EOAD_vs_CN",51,"study_5"
"SVEP1",0.161348452263027,0.0975266267329646,2.73705296466668,0.103821119077238,0.363216422073455,"EOAD_vs_CN",57,"study_5"
"SYN1",0.481929609489496,0.0854850098190707,31.7824438240486,6.08124016478696e-07,3.09974325066224e-05,"EOAD_vs_CN",62,"study_5"
"SYT1",0.0457455852878151,0.0554106038722257,0.681573365343312,0.412462781416459,0.731785797668047,"EOAD_vs_CN",62,"study_5"
"SYT2",0.06431200842875,0.063938325800548,1.01172300347879,0.318967929327647,0.654704866125539,"EOAD_vs_CN",57,"study_5"
"SYT7",-0.20869675344,0.175580787110136,1.4127893193192,0.241067641994468,0.568312622929541,"EOAD_vs_CN",53,"study_5"
"TAC1",-0.215955977069328,0.0926265878413871,5.43574563101787,0.0238556104478088,0.158605236129453,"EOAD_vs_CN",62,"study_5"
"TAC3",-0.199900126472689,0.151228449072145,1.74726646341097,0.193905508677373,0.498482612234125,"EOAD_vs_CN",62,"study_5"
"TAGLN2",0.149489676660522,0.0675061993611407,4.90382642739511,0.0325838285293641,0.19258479992927,"EOAD_vs_CN",52,"study_5"
"TAGLN3",0.274550781782407,0.0697824019301568,15.4793792801967,0.000290002079318963,0.00611671052356664,"EOAD_vs_CN",59,"study_5"
"TAX1BP1",0.0262421976513057,0.0723038786168904,0.131727732028099,0.718460371219661,0.88571197661055,"EOAD_vs_CN",52,"study_5"
"TBCA",0.172962778762605,0.0480560677075574,12.9541477497753,0.000741354753018548,0.0130806343441253,"EOAD_vs_CN",62,"study_5"
"TBCB",0.175757589851852,0.0903428655269235,3.78477837757082,0.058322711385167,0.25913359659027,"EOAD_vs_CN",48,"study_5"
"TCN2",-0.0102015472521008,0.0734100915560388,0.0193117023724196,0.889990583893297,0.956256794027433,"EOAD_vs_CN",62,"study_5"
"TENM1",-0.0578907231848739,0.0397760999179856,2.11823214331159,0.150822483419908,0.435841349725245,"EOAD_vs_CN",62,"study_5"
"TENM2",-0.069921791228022,0.0756138595176105,0.855110577384465,0.359469899307536,0.691692184405983,"EOAD_vs_CN",54,"study_5"
"TENM3",-0.122417636396154,0.132351674119955,0.855517902289286,0.3601279631692,0.69197362556595,"EOAD_vs_CN",46,"study_5"
"TFF3",0.179115639823636,0.104353270098382,2.9461502494983,0.0938127559523071,0.334264868296085,"EOAD_vs_CN",47,"study_5"
"TFPI",0.098490283315126,0.061184818455576,2.59119097245053,0.112820119739318,0.377782700221987,"EOAD_vs_CN",62,"study_5"
"TFRC",-0.0634093511428571,0.0576583286190638,1.20943496559146,0.27584098879403,0.613537229620662,"EOAD_vs_CN",62,"study_5"
"TGFB1",0.0114282595071429,0.0542372563814091,0.0443981385671494,0.834144744264297,0.938388589556044,"EOAD_vs_CN",48,"study_5"
"TGFB2",-0.0564684604810924,0.0843449055693597,0.448223045859661,0.505758357652303,0.786187620811505,"EOAD_vs_CN",62,"study_5"
"TGFBR1",0.153919046232609,0.0714838913665665,4.63626610384803,0.0372366642622023,0.204377819713543,"EOAD_vs_CN",43,"study_5"
"TGFBR2",-0.150085041327742,0.0558414668643328,7.22372463219624,0.00979247991302105,0.0893990081611624,"EOAD_vs_CN",56,"study_5"
"THBS1",0.126708554521008,0.059297427523979,4.56604478870052,0.0381416140764959,0.205248861672639,"EOAD_vs_CN",62,"study_5"
"THBS2",0.053040925657563,0.0494695532993237,1.14959856168909,0.288115989453211,0.618931767635029,"EOAD_vs_CN",62,"study_5"
"THBS3",-0.0409952810825806,0.0789278269664502,0.269778567909561,0.605641705418678,0.838124079519814,"EOAD_vs_CN",56,"study_5"
"THBS4",-0.00234754674579832,0.0542224226913852,0.00187443619356345,0.965614106871024,0.990442641759827,"EOAD_vs_CN",62,"study_5"
"THSD4",0.0809529942521008,0.0677822822949921,1.42637414488384,0.237100664546828,0.568312622929541,"EOAD_vs_CN",62,"study_5"
"THSD7A",0.0430471035163043,0.0607086194218509,0.502790607328863,0.482152004957652,0.766724912774555,"EOAD_vs_CN",55,"study_5"
"TIE1",-0.233351053712185,0.0543637382257618,18.4247204604607,6.55644216451135e-05,0.00162582045565923,"EOAD_vs_CN",62,"study_5"
"TIMP3",0.0222315586413043,0.0835149394095386,0.0708616862998026,0.791345644370247,0.919428429118511,"EOAD_vs_CN",47,"study_5"
"TIMP4",-0.0294966812626051,0.0635746790050546,0.215267247838865,0.644385591074469,0.853752750629351,"EOAD_vs_CN",62,"study_5"
"TINAGL1",-0.0703299174012121,0.0742493832109124,0.897210844193023,0.348078731343968,0.682790570088873,"EOAD_vs_CN",58,"study_5"
"TKT",0.242107462054622,0.047553507687486,25.9209691801359,3.79061097899478e-06,0.000147995130775647,"EOAD_vs_CN",62,"study_5"
"TLL1",-0.103872413882784,0.0706770428181359,2.15995005284617,0.148887553276117,0.434909283548888,"EOAD_vs_CN",47,"study_5"
"TM9SF3",-0.016948656407563,0.0807476892563464,0.0440565357711234,0.834577753763196,0.938388589556044,"EOAD_vs_CN",62,"study_5"
"TMED3",0.00507497375851393,0.0888653582688346,0.00326138905694606,0.954793016428716,0.983742383574786,"EOAD_vs_CN",36,"study_5"
"TMED4",0.0885639502331933,0.0437996208306258,4.08858712480495,0.0476429807785309,0.235284606019774,"EOAD_vs_CN",62,"study_5"
"TMED7",-0.0231849294264706,0.0424841533912608,0.297822579013307,0.587286484893565,0.827068840966762,"EOAD_vs_CN",62,"study_5"
"TMEFF1",-0.0356315328262069,0.0686008816606547,0.269779916896905,0.606229078859619,0.838125651347235,"EOAD_vs_CN",54,"study_5"
"TMEFF2",0.0447921056932773,0.0755891560084356,0.351142960231801,0.555785772147243,0.808776282228541,"EOAD_vs_CN",62,"study_5"
"TMEM108",-0.448282237096273,0.159496309319364,7.89953967947495,0.00760213892709836,0.0742017283575824,"EOAD_vs_CN",51,"study_5"
"TMEM130",-0.171859428907273,0.0891591934092638,3.715476054702,0.0611300438265871,0.263421041669747,"EOAD_vs_CN",47,"study_5"
"TMEM132B",-0.136424966712185,0.0993725823424603,1.88475351305426,0.175480090915081,0.46843498934053,"EOAD_vs_CN",62,"study_5"
"TMEM132C",-0.0194177869642857,0.0452084499000805,0.184484647853995,0.669143474434319,0.861064709387781,"EOAD_vs_CN",62,"study_5"
"TMEM132D",-0.157855126228992,0.0868608672127677,3.30269947703648,0.0751605353663318,0.297240479304351,"EOAD_vs_CN",62,"study_5"
"TMEM132E",-0.0948492123676471,0.0559198859642622,2.87696715305066,0.0952917530916945,0.338221212617523,"EOAD_vs_CN",62,"study_5"
"TMEM165",-0.303792108076253,0.174951358510476,3.01521535979261,0.0923860880060018,0.334264868296085,"EOAD_vs_CN",44,"study_5"
"TMEM178A",-0.0526183077235577,0.0860527515507932,0.373890327283264,0.54359813826356,0.80426827552577,"EOAD_vs_CN",58,"study_5"
"TMEM25",-0.00969032155882349,0.0862105495783407,0.0126344269891446,0.910961493360348,0.96341032297704,"EOAD_vs_CN",62,"study_5"
"TMEM59",-0.0511007493333333,0.0722984169977171,0.499570701830984,0.491104992156924,0.774873310926875,"EOAD_vs_CN",30,"study_5"
"TMEM59L",-0.125483111516807,0.0838293134878356,2.24067433125308,0.14006846734042,0.421353504212576,"EOAD_vs_CN",62,"study_5"
"TMEM9B",0.0563805909615385,0.0887791610939769,0.403308312782431,0.528084662423653,0.795273349273363,"EOAD_vs_CN",56,"study_5"
"TMPRSS5",0.12176468078125,0.103630708408962,1.38059321657013,0.245801290706509,0.574580087192922,"EOAD_vs_CN",58,"study_5"
"TMX4",-0.095561851625,0.0981688859830771,0.947592003015401,0.337887185856046,0.674671366752823,"EOAD_vs_CN",33,"study_5"
"TNC",0.0542138561491597,0.0455565646558332,1.41618067485159,0.239079980535012,0.568312622929541,"EOAD_vs_CN",62,"study_5"
"TNFRSF11B",0.36629318348538,0.140561391570431,6.7908725127268,0.0133694914040992,0.108032456824536,"EOAD_vs_CN",37,"study_5"
"TNFRSF14",-0.0714384963024194,0.0463404324924215,2.37653625343119,0.129146888259777,0.405795445131321,"EOAD_vs_CN",55,"study_5"
"TNFRSF1A",0.065959501039916,0.0553089792209464,1.42220904693793,0.238908048987053,0.568312622929541,"EOAD_vs_CN",62,"study_5"
"TNFSF12",-0.0341031159684874,0.0719614675564584,0.224588803023863,0.637525108528436,0.850335123242902,"EOAD_vs_CN",62,"study_5"
"TNFSF13B",0.0216813194868422,0.104659387411009,0.0429155854308166,0.837256874464072,0.938405500272777,"EOAD_vs_CN",35,"study_5"
"TOLLIP",0.0656589930903361,0.057372246454489,1.30973889846396,0.258447525278672,0.589635859509024,"EOAD_vs_CN",62,"study_5"
"TOM1L2",0.173885158455556,0.124991113572689,1.93538226155044,0.174009742917677,0.466426394654033,"EOAD_vs_CN",38,"study_5"
"TOR1B",0.07435505879,0.109984223661693,0.457046360981121,0.502802153320772,0.785227192632865,"EOAD_vs_CN",45,"study_5"
"TPBG",-0.174522563504808,0.0774075216462938,5.08319583180405,0.0280953687539639,0.175955637076873,"EOAD_vs_CN",58,"study_5"
"TPM1",0.327833123746032,0.135996005990551,5.81103318922045,0.0240037308777574,0.159013885056624,"EOAD_vs_CN",39,"study_5"
"TPM3",0.21527644630094,0.0901283366207813,5.70519272073455,0.0217097970291811,0.148647304285625,"EOAD_vs_CN",51,"study_5"
"TPM4",0.413459658585714,0.126738234108361,10.6426794100611,0.00231848959550993,0.0315675013651553,"EOAD_vs_CN",41,"study_5"
"TPPP3",0.0846837051071428,0.0593275859528007,2.03744712956776,0.15869417426426,0.446597718901013,"EOAD_vs_CN",62,"study_5"
"TPST1",0.0417410910419581,0.0747560016496155,0.311770818640623,0.579588095145233,0.822615694663838,"EOAD_vs_CN",48,"study_5"
"TRHDE",-0.0788474294054622,0.0501137819275131,2.47548740103101,0.120919255267077,0.39202620744715,"EOAD_vs_CN",62,"study_5"
"TRIL",-0.102303583737395,0.0698287226069339,2.14641403807196,0.149895912163702,0.435841349725245,"EOAD_vs_CN",62,"study_5"
"TSKU",0.036976810641604,0.113922826418718,0.105350692825467,0.747390433185467,0.901035498775104,"EOAD_vs_CN",40,"study_5"
"TTR",0.0599813487710084,0.080139412249332,0.560196187321169,0.457602738656571,0.756430452821454,"EOAD_vs_CN",62,"study_5"
"TWF2",0.164184089662338,0.0669683003944743,6.01067968495719,0.0185031614720257,0.134202771941372,"EOAD_vs_CN",50,"study_5"
"TXNDC12",-0.0801677613205128,0.0958310014930087,0.699821786524053,0.408371319181067,0.728471262823411,"EOAD_vs_CN",44,"study_5"
"TXNDC17",0.0888606186134454,0.0592689315000125,2.24783520589853,0.139252419614354,0.421182405525982,"EOAD_vs_CN",62,"study_5"
"TXNDC5",-0.0052009641407563,0.0304838266084336,0.0291090983528191,0.865128352494461,0.946760792571709,"EOAD_vs_CN",62,"study_5"
"TXNRD1",0.235348240596639,0.0432705394041549,29.582664882977,1.04302239667789e-06,4.90755409718958e-05,"EOAD_vs_CN",62,"study_5"
"TYRO3",-0.0903313339306723,0.051619613341041,3.06229730992307,0.0858641390303842,0.322210010471892,"EOAD_vs_CN",62,"study_5"
"UBA1",0.136734667410509,0.125593518582675,1.18528509160456,0.283049083263171,0.616728660365012,"EOAD_vs_CN",50,"study_5"
"UBB",0.11530169507563,0.0575948267901666,4.00778514260622,0.0508553603986851,0.244778024523744,"EOAD_vs_CN",62,"study_5"
"UBE2D2",0.138050843027972,0.0731780317275624,3.55890731677766,0.0662142629942673,0.276311325579544,"EOAD_vs_CN",48,"study_5"
"UBE2L3",0.252205591594538,0.0329514504896382,58.5814812663688,2.02028401071058e-10,2.05956731091884e-08,"EOAD_vs_CN",62,"study_5"
"UBE2N",0.338723512334034,0.0418855014067657,65.3978168490635,4.39457669506482e-11,6.20311402726457e-09,"EOAD_vs_CN",62,"study_5"
"UBE2V1",0.298428468084034,0.0704756337651462,17.9309177766968,8.55044498148176e-05,0.00209200887213587,"EOAD_vs_CN",62,"study_5"
"UBE2V2",0.274771155781513,0.04451819576338,38.0949292435157,6.41219714832031e-08,3.87804952574456e-06,"EOAD_vs_CN",62,"study_5"
"UBL3",-0.143159738048485,0.0820126369450792,3.04705461269857,0.0882691095132303,0.325248626419232,"EOAD_vs_CN",58,"study_5"
"UBQLN2",-0.0358279191681034,0.102131021728387,0.123063090715609,0.727377417857174,0.88923221969881,"EOAD_vs_CN",53,"study_5"
"UCHL1",0.639157719144958,0.0546565219731654,136.751497918619,9.49793954580156e-17,5.80957302218196e-14,"EOAD_vs_CN",62,"study_5"
"UFM1",0.144597844957143,0.0597715494863203,5.85240822528541,0.0198971341947033,0.140726697075269,"EOAD_vs_CN",53,"study_5"
"UGGT1",-0.210438385105263,0.132739449982831,2.51333218785395,0.122533510993234,0.395860902592577,"EOAD_vs_CN",35,"study_5"
"ULBP2",-0.0432104059894958,0.121770368180841,0.125919634755971,0.724341291086499,0.887893043848835,"EOAD_vs_CN",62,"study_5"
"UNC5A",-0.107475208197115,0.11702326853844,0.843474858381056,0.364057820800822,0.697334134832471,"EOAD_vs_CN",58,"study_5"
"UNC5B",-0.0597332588088235,0.063550351702839,0.88347954893126,0.351021952979298,0.683475162757232,"EOAD_vs_CN",62,"study_5"
"UNC5C",-0.0767129661617647,0.0374250123499295,4.20158976133948,0.0447797568807672,0.229527524793877,"EOAD_vs_CN",62,"study_5"
"UNC5D",-0.0307428043004201,0.0798070139142143,0.14839006947776,0.701809881910026,0.87786034990109,"EOAD_vs_CN",62,"study_5"
"UST",-0.1492689723,0.111849427679721,1.78103130512765,0.192058014744952,0.497075397823677,"EOAD_vs_CN",36,"study_5"
"VAPA",0.0300309050420168,0.0534004339776171,0.316262186034049,0.576068923592198,0.821995703570516,"EOAD_vs_CN",62,"study_5"
"VASN",0.0758067026134454,0.049606972507801,2.33523056719485,0.131777603526839,0.410546523721136,"EOAD_vs_CN",62,"study_5"
"VAT1L",0.00177898909873947,0.0772874977518649,0.000529819672565184,0.981715712530278,0.997319159991424,"EOAD_vs_CN",62,"study_5"
"VCAM1",-0.00325213905672267,0.0426802723357687,0.00580609116121272,0.939522269783702,0.977248817868311,"EOAD_vs_CN",62,"study_5"
"VCL",0.0425833670378151,0.074214596287967,0.329231466901368,0.569122805780507,0.818448549065228,"EOAD_vs_CN",62,"study_5"
"VEGFA",-0.147549986322115,0.0576076192118282,6.5602213417281,0.0161656428349058,0.121566643253862,"EOAD_vs_CN",42,"study_5"
"VEGFC",0.0373107906260504,0.0516371271454799,0.522089260448192,0.47284036333999,0.762882445472245,"EOAD_vs_CN",62,"study_5"
"VIM",0.193691486239496,0.190521763655526,1.03355091785632,0.313413605512653,0.647650862742926,"EOAD_vs_CN",62,"study_5"
"VIP",-0.118713465031579,0.136904477300111,0.751907921051707,0.394497602226436,0.717875196892391,"EOAD_vs_CN",34,"study_5"
"VIT",0.128032174388655,0.0853918169610319,2.24804879406183,0.139545293669706,0.421182405525982,"EOAD_vs_CN",62,"study_5"
"VLDLR",-0.0623286508928572,0.0573929039769938,1.17939437927031,0.282361605645339,0.616728660365012,"EOAD_vs_CN",62,"study_5"
"VMO1",0.13185999172,0.146201671593884,0.813432297151456,0.372503441973351,0.70614030580692,"EOAD_vs_CN",44,"study_5"
"VNN1",-0.244216755180672,0.182886182889865,1.78315510809023,0.187308339606441,0.486842497419007,"EOAD_vs_CN",62,"study_5"
"VSNL1",0.127976884462609,0.0692869191173443,3.41161932124536,0.0712042768452016,0.28779702205054,"EOAD_vs_CN",48,"study_5"
"VWA1",-0.157744535584034,0.0796686312820657,3.92043209245024,0.0522993979571654,0.247982933466146,"EOAD_vs_CN",62,"study_5"
"VWC2",-0.055173884144958,0.0671666502009268,0.674776172689753,0.414731575049926,0.731785797668047,"EOAD_vs_CN",62,"study_5"
"VWC2L",0.192914148023077,0.164219861080268,1.37999272773682,0.253192356270697,0.582459208692205,"EOAD_vs_CN",33,"study_5"
"VWF",-0.0494295227542019,0.0495863127309394,0.993686076409541,0.323483400862573,0.65954671175869,"EOAD_vs_CN",62,"study_5"
"WBP2",-0.0567694055378152,0.0634041890712217,0.801664751214405,0.374421952013767,0.708227182501971,"EOAD_vs_CN",62,"study_5"
"WDR1",0.20202447087605,0.0815828441503751,6.13211474182263,0.0164297363818513,0.122058972715373,"EOAD_vs_CN",62,"study_5"
"WIF1",-0.0860027756472728,0.109218984786342,0.620052788573021,0.435331576822466,0.7417209317263,"EOAD_vs_CN",58,"study_5"
"CCN5",-0.0689186654195804,0.0865304371156426,0.634360193147094,0.42987362337079,0.740674271253897,"EOAD_vs_CN",48,"study_5"
"WSCD1",-0.0556226813445378,0.0522523941625269,1.13316056611771,0.292128899815394,0.624774511842947,"EOAD_vs_CN",62,"study_5"
"XXYLT1",-0.0927878807710084,0.0477887050792038,3.76991871389171,0.0576308245994223,0.258563724058533,"EOAD_vs_CN",62,"study_5"
"XYLT1",-0.050682946552521,0.0616967805950296,0.674836719663871,0.414909065860251,0.731785797668047,"EOAD_vs_CN",62,"study_5"
"XYLT2",0.0929210794789916,0.0859802809926244,1.16796753880443,0.284898803793524,0.616728660365012,"EOAD_vs_CN",62,"study_5"
"YIPF3",-0.0357781094663865,0.0499193437715787,0.513685186488387,0.477216007572959,0.764795959734829,"EOAD_vs_CN",62,"study_5"
"YKT6",0.0344504919428571,0.0687286161224516,0.251255546216794,0.61867353645092,0.843086622581683,"EOAD_vs_CN",48,"study_5"
"YWHAB",0.33468934259874,0.0674846227418509,24.5965456101658,6.33691098120247e-06,0.000232564633010131,"EOAD_vs_CN",62,"study_5"
"YWHAE",0.475717954947479,0.0352413135245212,182.219525789457,1.64882429768494e-19,1.51279629312594e-16,"EOAD_vs_CN",62,"study_5"
"YWHAG",0.546611240661765,0.0593165620413134,84.9190591114173,5.76085803448224e-12,1.05711744932749e-09,"EOAD_vs_CN",62,"study_5"
"YWHAH",0.423284714518908,0.0528378530967237,64.1763251831519,1.52059020524176e-10,1.69384477466069e-08,"EOAD_vs_CN",62,"study_5"
"ADD1",0.284414598361538,0.273147613750973,1.08419886009477,0.310312040464268,0.643415360736646,"EOAD_vs_CN",33,"study_5"
"ARF3",0.24776454671875,0.0558709033379641,19.6655880688977,5.94062769844425e-05,0.00149329477077332,"EOAD_vs_CN",58,"study_5"
"ASTN2",-0.14556947826,0.0894866461498439,2.64620927770195,0.1097302522549,0.371503713815021,"EOAD_vs_CN",55,"study_5"
"ATP6V1E1",0.24358584219697,0.101987252457551,5.70443059938155,0.0234226623748055,0.157438041969847,"EOAD_vs_CN",37,"study_5"
"CD47",-0.0373078728917647,0.0757349708031519,0.242665508723885,0.624648797365423,0.843563516523458,"EOAD_vs_CN",59,"study_5"
"DPP4",-0.138026666273913,0.152309160845428,0.82124728471473,0.372116347438473,0.70614030580692,"EOAD_vs_CN",43,"study_5"
"DSG1",0.178439281013158,0.299003551142621,0.356146135927108,0.5537130933597,0.807681658438036,"EOAD_vs_CN",47,"study_5"
"EEF1A1",0.0435169366533613,0.0911322010575738,0.228019984860216,0.634835501860694,0.849069348334092,"EOAD_vs_CN",62,"study_5"
"F11R",-0.110574987981693,0.168451768694556,0.430886265392277,0.515616835539718,0.791182821742104,"EOAD_vs_CN",42,"study_5"
"FZD8",-0.0627462792,0.131151161535661,0.228892558046856,0.63633916555478,0.849841607564063,"EOAD_vs_CN",35,"study_5"
"GUSB",0.0546575688042857,0.0984162619806205,0.308437297194415,0.581135752160363,0.822615694663838,"EOAD_vs_CN",53,"study_5"
"H2AX",-0.0422768794411765,0.171198035203892,0.0609829311335447,0.805797483844963,0.926063556044607,"EOAD_vs_CN",62,"study_5"
"HCN2",-0.0670845267264957,0.114953180313301,0.340567136960041,0.567804966973742,0.81719381521319,"EOAD_vs_CN",31,"study_5"
"HEBP1",0.210150227375,0.112498545063991,3.48952180861923,0.0739474097326278,0.294985862737765,"EOAD_vs_CN",34,"study_5"
"H1-4",-0.456549231466207,0.195175876065191,5.47170855744083,0.023551224740361,0.157724443060447,"EOAD_vs_CN",54,"study_5"
"H3C1",-0.136784056680672,0.15314074932225,0.797791534897573,0.375367634705611,0.708229661076015,"EOAD_vs_CN",62,"study_5"
"HLA-DPB1",0.0428278571953782,0.134119488806064,0.101969176716785,0.75063435745373,0.901035498775104,"EOAD_vs_CN",62,"study_5"
"HSPD1",0.0577732476935817,0.185667099974558,0.0968241416698282,0.7584690491405,0.90351997488426,"EOAD_vs_CN",44,"study_5"
"IGHV1-45",-0.335667333129808,0.253818685734544,1.74892414784884,0.191875009313884,0.497075397823677,"EOAD_vs_CN",58,"study_5"
"IGLC2",-0.123879699668067,0.172110056908519,0.51806922097774,0.474558918843809,0.76381584935845,"EOAD_vs_CN",62,"study_5"
"IGLV2-14",0.205191454809524,0.251394778471228,0.666202158059907,0.419640652488948,0.735104550211508,"EOAD_vs_CN",39,"study_5"
"KRT6A",-0.23708593685084,0.325479302230645,0.530597054951368,0.469361161097364,0.761039784706535,"EOAD_vs_CN",62,"study_5"
"LEAP2",-0.15338079034375,0.132681816447975,1.33634663859355,0.252597009864856,0.582305920982425,"EOAD_vs_CN",58,"study_5"
"LTBR",0.0255235508508403,0.0578198482865359,0.194862509626264,0.660487651857917,0.860030158375166,"EOAD_vs_CN",62,"study_5"
"MPST",-0.123620404375959,0.102299537317041,1.4602693870946,0.236501822982476,0.568312622929541,"EOAD_vs_CN",40,"study_5"
"NCL",-0.299737761435088,0.186456498935786,2.58421039097276,0.11779034256258,0.385285701608438,"EOAD_vs_CN",34,"study_5"
"PCDHA9",-0.101424163123843,0.0972400325360097,1.08790926374947,0.301714278255622,0.631395547057838,"EOAD_vs_CN",59,"study_5"
"PCDHGA9",-0.102495871629121,0.0674228944228907,2.31098943980415,0.135470474984665,0.414313869328101,"EOAD_vs_CN",54,"study_5"
"PDIA2",-0.0886046657792208,0.212344124443938,0.174113596460837,0.677995992481629,0.864848415812655,"EOAD_vs_CN",61,"study_5"
"PGA4",0.0960142711250001,0.238397120559049,0.162206990871887,0.690527747009116,0.871167109380043,"EOAD_vs_CN",37,"study_5"
"PHB2",-0.188841502952381,0.115743582490459,2.66195712055278,0.110148683410548,0.372233580217967,"EOAD_vs_CN",49,"study_5"
"PKIA",0.24147474747619,0.130865280539361,3.40482315771446,0.0736929665306017,0.294611314997068,"EOAD_vs_CN",45,"study_5"
"RANBP1",0.147764455322115,0.112357097709856,1.72957313012953,0.198591008012144,0.508207499317086,"EOAD_vs_CN",42,"study_5"
"RAP1B",-0.0778001366638655,0.0837823957393509,0.862293614847095,0.357558657818756,0.689926537431564,"EOAD_vs_CN",62,"study_5"
"S100A1",0.237227475055024,0.122924719768314,3.7243588460198,0.0618419194468426,0.265055687609775,"EOAD_vs_CN",41,"study_5"
"SAE1",-0.172300458653846,0.174753290478436,0.972125069784982,0.329437383413996,0.667237967510687,"EOAD_vs_CN",48,"study_5"
"SULF1",0.123214591977778,0.144238210998539,0.729732404800254,0.398637193984056,0.718363804977826,"EOAD_vs_CN",38,"study_5"
"MST1L",0.0353172040600961,0.143708852449007,0.0603956398219266,0.806810148166401,0.926063556044607,"EOAD_vs_CN",58,"study_5"
"KRT77",0.0956469179068966,0.395592938626755,0.0584581272748047,0.810049988731181,0.92728741691935,"EOAD_vs_CN",49,"study_5"
"LRP3",-0.0160975325833333,0.126273373077145,0.0162515602487884,0.899493534881578,0.958138784503279,"EOAD_vs_CN",33,"study_5"
"TPM2",0.118413661071429,0.0881839570204767,1.80311925825133,0.184510094070868,0.482990046533585,"EOAD_vs_CN",62,"study_5"
"SAA2",0.0563835095042018,0.282590103532002,0.0398098289583444,0.842615880493023,0.939244431829841,"EOAD_vs_CN",62,"study_5"
"ARPP21",0.253013291642857,0.0845206243808044,8.96109909917623,0.00461548352410343,0.0510205558236734,"EOAD_vs_CN",51,"study_5"
"TUBB2A",-0.268268363198529,0.162265705328969,2.7332882550795,0.112480939834445,0.377335511144803,"EOAD_vs_CN",33,"study_5"
"GLIPR2",-0.162942804421053,0.120728772435494,1.82158232612281,0.186814196460376,0.486842497419007,"EOAD_vs_CN",38,"study_5"
"SUMO3",0.37644667904,0.0553839864516973,46.1996319427061,1.76486919590658e-08,1.19945739795873e-06,"EOAD_vs_CN",50,"study_5"
"PDLIM5",0.492255473614719,0.0776210509671622,40.218148242836,1.43613267466629e-07,7.98576805458378e-06,"EOAD_vs_CN",43,"study_5"
"CTTN",0.129531559523809,0.0865456107434431,2.24006744563186,0.141177941992131,0.422556851823499,"EOAD_vs_CN",50,"study_5"
"GART",0.00505166273202614,0.0649163213524391,0.0060556517617048,0.938390574416998,0.977248817868311,"EOAD_vs_CN",44,"study_5"
"PIP",-0.0528386625,0.244572818984175,0.0466753145082661,0.830538639586755,0.937292991169554,"EOAD_vs_CN",30,"study_5"
"KRT6C",0.0600424960150376,0.508827269156542,0.013924407347652,0.906689023655996,0.961719282317198,"EOAD_vs_CN",40,"study_5"
"MTIF3",0.0149732078172269,0.0501065491389672,0.089297791315001,0.766111842080436,0.907563092458103,"EOAD_vs_CN",62,"study_5"
"ACAT2",0.31563123547619,0.11876678190055,7.06268720625795,0.0113825373973768,0.0985233779442755,"EOAD_vs_CN",42,"study_5"
"MAPRE1",0.307642643766667,0.0889042202566965,11.974249834273,0.00280389933217604,0.034531243453309,"EOAD_vs_CN",32,"study_5"
"GNAI2",-0.0991806782404092,0.120846065656374,0.673579895387032,0.41970575040267,0.735104550211508,"EOAD_vs_CN",40,"study_5"
"FOLR3",-0.0556484829634782,0.0633910438459508,0.77063876712575,0.38476958099312,0.713905137636376,"EOAD_vs_CN",48,"study_5"
"ACTC1",0.172171164,0.0576651682294003,8.9144325754003,0.00446647314021112,0.0499754769041915,"EOAD_vs_CN",62,"study_5"
"CD82",-0.229874833973529,0.195740832886602,1.37917695971666,0.248671699303587,0.579076863225994,"EOAD_vs_CN",37,"study_5"
"DLG4",0.067352546125418,0.115974093756942,0.337276483253517,0.564185650612622,0.813899896913649,"EOAD_vs_CN",49,"study_5"
"IMMT",0.0384348512749999,0.32180707726917,0.014264587843276,0.905943047245017,0.961719282317198,"EOAD_vs_CN",36,"study_5"
"IGLV3-10",-0.162512432991597,0.182057706580625,0.796810501847108,0.37563671597958,0.708229661076015,"EOAD_vs_CN",62,"study_5"
"HSPA1B",0.0453520931722689,0.0583893786509258,0.603291164536589,0.44171011495453,0.746351805655215,"EOAD_vs_CN",62,"study_5"
"TUBA1B",0.0335000487878151,0.104135582135702,0.103488616421666,0.748801183650218,0.901035498775104,"EOAD_vs_CN",62,"study_5"
"IGHV3-30-5",-0.246370401529412,0.144269192837789,2.91628429218086,0.0929065442735699,0.334264868296085,"EOAD_vs_CN",62,"study_5"
"IGHV3-33",-0.138114965308824,0.134320115171458,1.05730276103065,0.308108233286994,0.639568561178318,"EOAD_vs_CN",62,"study_5"
"CALM3",0.249180737411765,0.0487012410831243,26.1787482050747,6.77551523644677e-06,0.000243785695272153,"EOAD_vs_CN",62,"study_5"
"NOMO2",-0.0509266851344538,0.05209658133304,0.955591695197138,0.33233594775514,0.669414340428849,"EOAD_vs_CN",62,"study_5"
"H2BC18",-0.148158497267241,0.157118896188366,0.889193521941951,0.350758982130685,0.683475162757232,"EOAD_vs_CN",53,"study_5"
"RPL8",0.0586789131764707,0.330728317676709,0.0314790312999459,0.860296585395982,0.946488338994301,"EOAD_vs_CN",34,"study_5"
"H2BC21",-0.0796495329201681,0.152749557632699,0.271898332622546,0.60405938194773,0.836597625584912,"EOAD_vs_CN",62,"study_5"
"IGHV4-59",-0.180780441934066,0.279733147106755,0.41765244172986,0.524261310124001,0.792437812254977,"EOAD_vs_CN",34,"study_5"
"CST4",-0.337848188677419,0.211003957495995,2.56366921368723,0.119110820555368,0.388220880495737,"EOAD_vs_CN",52,"study_5"
"TIAM1",-0.151795816009615,0.130681181442265,1.34925332829326,0.251161062799199,0.581186065872043,"EOAD_vs_CN",50,"study_5"
"GNB4",-0.0838275002142858,0.106356219401542,0.621222602047656,0.433955643046961,0.740752190689464,"EOAD_vs_CN",62,"study_5"
"IGLV3-16",-0.0205701956428572,0.233695505714892,0.00774775936724135,0.930155098939215,0.973686499080784,"EOAD_vs_CN",62,"study_5"
"UBR4",0.277938998352941,0.274526717497231,1.02501386878877,0.321336798800904,0.656629204676681,"EOAD_vs_CN",34,"study_5"
"IGLV5-39",-0.290688512668067,0.305791270324137,0.903661070596768,0.345874364894152,0.682525274560036,"EOAD_vs_CN",62,"study_5"
"COPG2",-0.0424157646113446,0.213898486694108,0.0393223239296898,0.843509676113799,0.939244431829841,"EOAD_vs_CN",62,"study_5"
"SPATA31C1",-0.0519052233088236,0.0462888474281843,1.25738823737269,0.268219724924839,0.600956282340757,"EOAD_vs_CN",62,"study_5"
"ARL8A",-0.0238345490903361,0.119906793942986,0.0395117530149637,0.84313334690326,0.939244431829841,"EOAD_vs_CN",62,"study_5"
"NINL",-0.117757359857143,0.143388157826233,0.67444967521547,0.414872895346094,0.731785797668047,"EOAD_vs_CN",62,"study_5"
"ELF2",-0.226953625382353,0.113057035024139,4.02975892501864,0.0492854690089994,0.24052881816892,"EOAD_vs_CN",62,"study_5"
"HROB",-0.0735667619831933,0.132433395102215,0.30858034231318,0.580706969288053,0.822615694663838,"EOAD_vs_CN",62,"study_5"
"TMSB15B",0.165506848284512,0.0583131558128132,8.05561768016083,0.00689774301738397,0.0687899915048891,"EOAD_vs_CN",49,"study_5"
