"Protein","Log2FC","SE","F_value","P_value","FDR","Comparison","N","Study"
"MT3",-0.0569754275395163,0.0332524466064075,2.93581020647418,0.0891350342722208,0.211400812008109,"EOD_vs_CN",322,"study_1"
"NFASC",-0.044995712168114,0.016774477802852,7.19522271778942,0.00819522307636306,0.0374508974731358,"EOD_vs_CN",322,"study_1"
"ALDOA",0.295882193840576,0.0255410225579693,134.202652285597,1.25635475821011e-20,1.28622429425611e-18,"EOD_vs_CN",322,"study_1"
"LSAMP",-0.021052309658158,0.0238895252892046,0.776576884036751,0.379919168319528,0.549319214176793,"EOD_vs_CN",322,"study_1"
"PARK7",0.272490108358774,0.0212719510586889,164.091782601596,2.48868985540851e-27,3.94553060922841e-25,"EOD_vs_CN",322,"study_1"
"YWHAZ",0.493915369264748,0.0240252898523456,422.637286159704,6.41318111830276e-44,1.3217566284822e-40,"EOD_vs_CN",322,"study_1"
"CXCL16",0.0465917022047415,0.0241602333025842,3.71890348535507,0.0563800324682702,0.155346586787573,"EOD_vs_CN",322,"study_1"
"SELENBP1",-0.102339407325679,0.0254662095964436,16.1494291960155,8.77355584358835e-05,0.000803657715272692,"EOD_vs_CN",322,"study_1"
"PROCR",-0.0813215946732729,0.0304151413613733,7.14878266677055,0.00856471964986441,0.0387953564799353,"EOD_vs_CN",322,"study_1"
"NCAN",-0.0260921753678369,0.0312214798040974,0.698415084311699,0.404735314331083,0.571018531179527,"EOD_vs_CN",322,"study_1"
"NICOL1",-0.0993118116732745,0.0353436752368384,7.89547736985693,0.00575645716662731,0.0281138820389073,"EOD_vs_CN",322,"study_1"
"DPP7",-0.0803679181436919,0.0402206379279119,3.99270779709621,0.047981588396961,0.139085870163343,"EOD_vs_CN",322,"study_1"
"ICOSLG",0.0155126363432822,0.0275869468986317,0.3162015142545,0.574826409264771,0.708986971570732,"EOD_vs_CN",322,"study_1"
"PAPLN",0.0303264367432771,0.0276040864846997,1.20696871020053,0.274146782095036,0.442090275111214,"EOD_vs_CN",322,"study_1"
"FOLR2",0.012292545885601,0.028882894385202,0.181134948449115,0.671253510337592,0.787843670162743,"EOD_vs_CN",322,"study_1"
"GC",-0.11976322933422,0.0454228054483493,6.95182911135239,0.00934824620849626,0.0418842074689365,"EOD_vs_CN",322,"study_1"
"HBA1",-0.263243943513831,0.153157726200391,2.95419362043233,0.0874128901878456,0.209636650067143,"EOD_vs_CN",322,"study_1"
"IGLV3-19",-0.142225465308603,0.0722209042280941,3.87818822423513,0.0511042384824248,0.146082989614809,"EOD_vs_CN",322,"study_1"
"FBLN5",0.0777317343866764,0.0159137484661385,23.8589725443985,3.63600987791521e-06,4.65454432197717e-05,"EOD_vs_CN",322,"study_1"
"LAMP2",0.0632448584866542,0.0263638940943695,5.75481455778532,0.0175250426275957,0.0662736015696785,"EOD_vs_CN",322,"study_1"
"NUCB2",-0.0458940873424933,0.0288619919743151,2.52848785811909,0.114292356318072,0.253713572236035,"EOD_vs_CN",322,"study_1"
"PDGFB",-0.0829137422376597,0.0251601873410015,10.85988667019,0.00134802420020058,0.00836936779501964,"EOD_vs_CN",322,"study_1"
"ITIH2",-0.0852829389951946,0.0583748168915677,2.13438742893487,0.146288985088092,0.296170528749075,"EOD_vs_CN",322,"study_1"
"CSF1R",-0.0118450274613862,0.0242738175932466,0.238120055808826,0.626391083420464,0.755309186269861,"EOD_vs_CN",322,"study_1"
"PGLYRP2",-0.117532437501183,0.0505807399427822,5.39939536613235,0.0216685842158701,0.0771311780119315,"EOD_vs_CN",322,"study_1"
"IGHM",-0.097216022039306,0.109673167510712,0.785732865771039,0.377049478061527,0.546099068365992,"EOD_vs_CN",322,"study_1"
"LAMA2",0.00389775596189382,0.0165600430482825,0.0553995664715747,0.814356304313939,0.886386242639177,"EOD_vs_CN",322,"study_1"
"APLP2",-0.05840262173294,0.0262213866180142,4.96081896584555,0.0276414557076257,0.0917375848847287,"EOD_vs_CN",322,"study_1"
"AGA",0.0101042365117305,0.0317864394373293,0.101046957233,0.751171348886739,0.843735239336488,"EOD_vs_CN",322,"study_1"
"CFI",-0.146063925371601,0.0387316738613323,14.2217618927696,0.000236954695384743,0.00192269144562187,"EOD_vs_CN",322,"study_1"
"CD44",0.0549274490242826,0.0216907849122957,6.41251396145133,0.012623365440817,0.0523475979346556,"EOD_vs_CN",322,"study_1"
"IGSF8",0.00287102779418223,0.014977209385618,0.0367462470886351,0.848237352170039,0.903938564024018,"EOD_vs_CN",322,"study_1"
"CNTNAP4",-0.0584711610271203,0.0315201556579037,3.44117475232184,0.0660248198041786,0.172031799767904,"EOD_vs_CN",322,"study_1"
"C1QC",-0.0184858943662698,0.0225649301220995,0.671139728878197,0.41392168935207,0.57981139891121,"EOD_vs_CN",322,"study_1"
"C1R",-0.00636516154917582,0.0195248688060232,0.106277813879328,0.74494982688284,0.842206030282793,"EOD_vs_CN",322,"study_1"
"CPN2",-0.0972037567012519,0.0576025828635162,2.84762098522966,0.0938014120263692,0.21918901381672,"EOD_vs_CN",322,"study_1"
"AMBP",-0.0516894827535549,0.04709196158465,1.20478849170715,0.274349083875421,0.442090275111214,"EOD_vs_CN",322,"study_1"
"C5",-0.073588479572358,0.0550940813221322,1.784061283189,0.183861978954897,0.34539927601399,"EOD_vs_CN",322,"study_1"
"HEXA",-0.0397740711089538,0.0284240491482375,1.95806994268859,0.164437764082074,0.323075530765637,"EOD_vs_CN",322,"study_1"
"DBI",0.084697651408308,0.0201418458115685,17.6825217787781,4.31027025816774e-05,0.000437609211925306,"EOD_vs_CN",322,"study_1"
"C1QA",-0.0372739763736821,0.0242062852090859,2.37112887416346,0.125667570235683,0.269543828546781,"EOD_vs_CN",322,"study_1"
"NRXN3",-0.0337535941782728,0.0201518315623763,2.80550469673259,0.0962115561095594,0.223553570622099,"EOD_vs_CN",322,"study_1"
"IGHV3-30",-0.0686645785156059,0.0601527256599398,1.30303144137084,0.255695307328427,0.423124137099114,"EOD_vs_CN",322,"study_1"
"C6",-0.0521135554692357,0.0517203268933358,1.01526376393868,0.315476224856019,0.484405653601816,"EOD_vs_CN",322,"study_1"
"CLEC3B",0.0211303766452527,0.0184125660963855,1.31700019410516,0.253527778182734,0.420370676455844,"EOD_vs_CN",322,"study_1"
"SPARCL1",-0.0385668205445508,0.0308469413546137,1.56316009067221,0.21360887191186,0.377996286625861,"EOD_vs_CN",322,"study_1"
"GAP43",0.332603349945061,0.0334027270051811,99.1492400592759,6.23035417899126e-17,3.89113938269727e-15,"EOD_vs_CN",322,"study_1"
"MCAM",-0.0750013147350334,0.0216450365929621,12.0066293537076,0.000704275894631698,0.00480814256791037,"EOD_vs_CN",322,"study_1"
"SCG2",-0.150460848009863,0.0324399432266452,21.5122996903048,9.58873014801246e-06,0.000110404317514266,"EOD_vs_CN",322,"study_1"
"LMAN1",0.00829733733264455,0.0160853096154095,0.266083928751825,0.606717206630315,0.740531553398838,"EOD_vs_CN",322,"study_1"
"HBD",-0.267659065948376,0.118313736738184,5.11792095550601,0.0248278365402762,0.0857121794129134,"EOD_vs_CN",322,"study_1"
"ADGRB2",-0.123252831771428,0.032706701340166,14.2010455938993,0.000258272804541333,0.00203380121065397,"EOD_vs_CN",322,"study_1"
"LTBP4",0.0132447448260525,0.0224178396079698,0.349059671734296,0.55589845931121,0.696055118250549,"EOD_vs_CN",322,"study_1"
"IGHG3",-0.0925030516236835,0.0855515630098885,1.16911228305179,0.281724468779836,0.449059652092221,"EOD_vs_CN",322,"study_1"
"PON1",-0.142518934416326,0.0712849285175328,3.99714309739157,0.0475904818108809,0.13853669916981,"EOD_vs_CN",322,"study_1"
"AXL",-0.0486668191956434,0.0169737958277322,8.2206844209762,0.00481065080709477,0.024360568337647,"EOD_vs_CN",322,"study_1"
"CADM1",-0.0196425621708202,0.0180423456739945,1.18525084703645,0.278422782580374,0.447255927434256,"EOD_vs_CN",322,"study_1"
"APOD",-0.0474599152734865,0.0288256567404739,2.71078763357532,0.101692815740454,0.233655399376897,"EOD_vs_CN",322,"study_1"
"SPON1",0.145664151427556,0.0205628359634945,50.1810037785685,1.27916024980959e-10,3.25475219118219e-09,"EOD_vs_CN",322,"study_1"
"MGAT1",-0.00667597935342029,0.0172213377477079,0.150278274974702,0.698955060693525,0.811223569219174,"EOD_vs_CN",322,"study_1"
"SERPINF2",-0.127569000696769,0.0478724612159826,7.10098826751428,0.0086828972197826,0.0392444104604648,"EOD_vs_CN",322,"study_1"
"CP",-0.113362868521632,0.0400644962025928,8.00612343199461,0.00534509203557369,0.0264813333781668,"EOD_vs_CN",322,"study_1"
"PCSK1",-0.230920420207991,0.0431645573083812,28.6200307381664,4.72575569119569e-07,7.37862309057145e-06,"EOD_vs_CN",322,"study_1"
"CPB2",-0.0794571938330225,0.0499829087129609,2.52710562495272,0.11448501803955,0.253713572236035,"EOD_vs_CN",322,"study_1"
"SPARC",-0.00817639833397726,0.0217661954029661,0.14111040384782,0.70783939126639,0.818067767414803,"EOD_vs_CN",322,"study_1"
"LYVE1",-0.054545793241888,0.0255533629816158,4.55644776295572,0.0344412945435268,0.108615260866997,"EOD_vs_CN",322,"study_1"
"IGKC",-0.0864742857952055,0.0676755482879006,1.63271507112371,0.2037976438105,0.367799425475868,"EOD_vs_CN",322,"study_1"
"IGHG4",0.0307373342909487,0.105985757743283,0.0841080148180818,0.772304435694856,0.858069780036171,"EOD_vs_CN",322,"study_1"
"CNDP1",-0.0390564383365079,0.0325462322487882,1.44007076577672,0.232652304601661,0.398252823740883,"EOD_vs_CN",322,"study_1"
"EFNB2",-0.0224998798053632,0.0186364742782668,1.45758163507122,0.229617316004245,0.394696654115721,"EOD_vs_CN",322,"study_1"
"PRRT2",0.0744279970063693,0.0317084464268452,5.50963380801149,0.0206531045274244,0.074315502648484,"EOD_vs_CN",322,"study_1"
"RNASET2",0.0196969321814471,0.0221741287561242,0.789049137129939,0.376089529670506,0.545148628965485,"EOD_vs_CN",322,"study_1"
"PNOC",-0.162502340615989,0.0326516917307126,24.7689653893759,2.20436997768244e-06,3.00874604238643e-05,"EOD_vs_CN",322,"study_1"
"PLTP",-0.010045629663289,0.0172839930670194,0.337805067651463,0.562095358158759,0.700129004832622,"EOD_vs_CN",322,"study_1"
"ATRN",-0.0709970288951739,0.0204111713193201,12.0988611691885,0.000704541026447807,0.00480814256791037,"EOD_vs_CN",322,"study_1"
"LGALS1",0.0514333870467168,0.0183255772561802,7.87725531935561,0.00567500826804398,0.0278480762867587,"EOD_vs_CN",322,"study_1"
"OMG",-0.043451929550962,0.0295011983843431,2.16939591169279,0.143262005968803,0.291966859867649,"EOD_vs_CN",322,"study_1"
"IGLL5",-0.0952196015939035,0.0761500205792036,1.56355322605454,0.213598662804003,0.377996286625861,"EOD_vs_CN",322,"study_1"
"FAT2",-0.0639496331870393,0.0338910644672249,3.56045659955347,0.0613558207383138,0.163589064090123,"EOD_vs_CN",322,"study_1"
"AHSG",-0.170717293864526,0.0508086191853206,11.289644096113,0.00102491694707963,0.00660110571228471,"EOD_vs_CN",322,"study_1"
"IGFBP6",-0.0516297511592857,0.0261161308919999,3.90825048611954,0.0500428685062045,0.143847073906956,"EOD_vs_CN",322,"study_1"
"CFHR2",-0.0125555066349101,0.0640312406476734,0.0384489647222184,0.844843953860357,0.903045671915034,"EOD_vs_CN",322,"study_1"
"IGHV3-72",-0.122542866246707,0.0587150626030958,4.35589108173339,0.0385915596668797,0.117138740019792,"EOD_vs_CN",322,"study_1"
"NPPC",0.0214725394521666,0.0245288965269447,0.766321122383191,0.382859703798678,0.551799894775578,"EOD_vs_CN",322,"study_1"
"CPE",0.00900481376886342,0.024699197782538,0.132917993092241,0.715986245421175,0.823177463295827,"EOD_vs_CN",322,"study_1"
"HSPA8",0.156739211858972,0.0263706786806033,35.3274835841577,2.40574892106224e-08,4.50749866028115e-07,"EOD_vs_CN",322,"study_1"
"C4BPA",-0.162433329805109,0.0805575298198381,4.06572511948002,0.0453796750674649,0.132908200723795,"EOD_vs_CN",322,"study_1"
"VTN",-0.145062768366548,0.0482922953317633,9.02310947743591,0.00318241290488942,0.0173977533076316,"EOD_vs_CN",322,"study_1"
"SEMA6A",-0.0679375261901464,0.0237970371089566,8.15030163791408,0.00504882628401988,0.0253178369132968,"EOD_vs_CN",322,"study_1"
"WFDC1",-0.0495909488347843,0.049919279292458,0.986888804876567,0.3224116891657,0.490630136345725,"EOD_vs_CN",322,"study_1"
"NPTX1",-0.120895669900832,0.0334990412051275,13.0243703850899,0.000423020086076671,0.00308072225231102,"EOD_vs_CN",322,"study_1"
"PTN",-0.00925396808153278,0.0332074073145546,0.0776579739925435,0.780923003559659,0.862763243489828,"EOD_vs_CN",322,"study_1"
"DCN",-0.105099918235396,0.0348133777815259,9.11407148270253,0.00307476053068071,0.0169440680581095,"EOD_vs_CN",322,"study_1"
"MEGF10",0.0345691868041674,0.0192837757225498,3.2136174962938,0.0754180231855363,0.191188863204662,"EOD_vs_CN",322,"study_1"
"PSAP",-0.0221269039214942,0.0209812604302419,1.11218786237571,0.293398892964728,0.461085808806201,"EOD_vs_CN",322,"study_1"
"IGLV3-21",-0.0594345772133667,0.0647082401508586,0.843643914582226,0.360028165324224,0.531151072822638,"EOD_vs_CN",322,"study_1"
"GGH",-0.0340708371542437,0.0266476245867762,1.63473968901587,0.203669091165805,0.367799425475868,"EOD_vs_CN",322,"study_1"
"F10",0.0215879600972961,0.0246643037467603,0.766100053953106,0.382749130667889,0.551799894775578,"EOD_vs_CN",322,"study_1"
"KRT2",-0.0362701653365632,0.132376572140223,0.0750717964784559,0.784608014622503,0.865672975448061,"EOD_vs_CN",322,"study_1"
"GALNT2",0.0052131198174464,0.0113658518415351,0.210373693809559,0.647175623054479,0.771445320483101,"EOD_vs_CN",322,"study_1"
"NTNG1",-0.0912070266746031,0.0262745030243433,12.0500146726377,0.000710414275700621,0.00483222383570621,"EOD_vs_CN",322,"study_1"
"CD55",-0.0154260923393685,0.0202131383751156,0.582430829474497,0.446807785938986,0.608237019035832,"EOD_vs_CN",322,"study_1"
"CD99L2",-0.00486869123082258,0.0291709818981512,0.0278562319470428,0.867740182691909,0.918547774282498,"EOD_vs_CN",322,"study_1"
"IGHA1",-0.0557213589701545,0.0812221493812839,0.470646077408853,0.493962597376537,0.648857178580652,"EOD_vs_CN",322,"study_1"
"ACYP2",0.0890864293370982,0.0226749126965391,15.4358964873757,0.00013928779558605,0.00120618549034811,"EOD_vs_CN",322,"study_1"
"EFEMP2",0.0231485232025678,0.012302151184394,3.5406619162223,0.0619919961113801,0.16485871482007,"EOD_vs_CN",322,"study_1"
"CHI3L1",0.314347475803751,0.0404972775450324,60.2515602515107,3.85259518747386e-12,1.22156902790517e-10,"EOD_vs_CN",322,"study_1"
"FAM3C",-0.0280593431491542,0.0283455485699838,0.979907920289165,0.324294238486197,0.491810467638008,"EOD_vs_CN",322,"study_1"
"IGKV1-5",-0.0247916569488622,0.0674939777944602,0.134921468362534,0.714033267168626,0.82259506072361,"EOD_vs_CN",322,"study_1"
"CRTAC1",-0.00747130949659613,0.0232009524137616,0.103700733422269,0.748002470945735,0.842556402487002,"EOD_vs_CN",322,"study_1"
"IL6ST",-0.027133776302183,0.0210153192733637,1.66704950054217,0.199031545638352,0.363907512727701,"EOD_vs_CN",322,"study_1"
"CTSH",-0.0740140936075158,0.0413360014818897,3.20606203860639,0.0759073244420784,0.191957049908127,"EOD_vs_CN",322,"study_1"
"SEMA6D",-0.0531206364501965,0.0203039460440859,6.84487683939983,0.0099781266939914,0.0432036115888997,"EOD_vs_CN",322,"study_1"
"TIMP1",0.00742395335836143,0.0243813745287418,0.0927158742501357,0.761265443727489,0.851062525890981,"EOD_vs_CN",322,"study_1"
"IDS",-0.0353116578661677,0.0224865537568607,2.46598490048071,0.118832819399178,0.259745008386252,"EOD_vs_CN",322,"study_1"
"SELL",-0.0230697763526028,0.030513933160342,0.571597587940557,0.450966094694464,0.61147442181927,"EOD_vs_CN",322,"study_1"
"PROS1",-0.0189955168105066,0.0207267185349171,0.839926199341309,0.360566312894161,0.531564499910491,"EOD_vs_CN",322,"study_1"
"CYCS",0.0881392717593205,0.0201210825534047,19.18828807609,2.3394404131188e-05,0.000253767720601992,"EOD_vs_CN",322,"study_1"
"ADAMTS4",-0.0223898492792727,0.017481781798403,1.64032894968436,0.202684295858256,0.366753585394088,"EOD_vs_CN",322,"study_1"
"NELL2",-0.0861385039023579,0.0327793961361654,6.90546218650183,0.00970629339989108,0.0425631291429266,"EOD_vs_CN",322,"study_1"
"TAFA5",0.0290607307673793,0.0228306955137037,1.62022294377174,0.20548825213653,0.369233903795457,"EOD_vs_CN",322,"study_1"
"TNFRSF21",-0.0398744055296213,0.028854252391219,1.90971601537608,0.16975294638528,0.329125891345308,"EOD_vs_CN",322,"study_1"
"IGKV1D-33",-0.0160668255279336,0.0648918216056635,0.0613027876860191,0.804858485359381,0.881409850332457,"EOD_vs_CN",322,"study_1"
"CTSB",0.0322731621399182,0.0269985102527589,1.42890526962017,0.234606481694883,0.400268177792346,"EOD_vs_CN",322,"study_1"
"LAMP1",0.020690527030522,0.0199780040448916,1.07260276686066,0.302102798404916,0.470267271535145,"EOD_vs_CN",322,"study_1"
"IGFBP7",-0.0492301747059297,0.0382577139096914,1.65586422605454,0.200590168547002,0.365372448060804,"EOD_vs_CN",322,"study_1"
"COL3A1",-0.0264345455552497,0.0211065728666968,1.56858571129083,0.212681213432979,0.377225456872092,"EOD_vs_CN",322,"study_1"
"KIT",-0.0372677993632865,0.0280152105529548,1.76961876872707,0.185788839925826,0.347468964688862,"EOD_vs_CN",322,"study_1"
"HSPG2",0.018282415329209,0.0167351200831592,1.19346441823426,0.276782193809051,0.445311191010708,"EOD_vs_CN",322,"study_1"
"IGFBP2",0.0716868737409286,0.0211392885110515,11.5000187998566,0.000956534668622907,0.00623866440516396,"EOD_vs_CN",322,"study_1"
"PRELP",0.00439987176316901,0.0299409483627758,0.0215947874249058,0.883432974918496,0.928483101125457,"EOD_vs_CN",322,"study_1"
"C1QB",-0.0135422649165669,0.020695870346598,0.428169000015321,0.513794683823344,0.661005520199695,"EOD_vs_CN",322,"study_1"
"GDA",0.343449461198281,0.035219360923362,95.096106583703,9.68271144517062e-17,5.86943184955784e-15,"EOD_vs_CN",322,"study_1"
"NTM",-0.0219102972451576,0.0260656947440337,0.70657444985375,0.402357012332302,0.569936633963488,"EOD_vs_CN",322,"study_1"
"NECTIN1",-0.00961214124717821,0.0235967265887865,0.16593452903912,0.684504704506197,0.799091959033614,"EOD_vs_CN",322,"study_1"
"ALCAM",-0.00694595033028034,0.015340865985828,0.205004594610999,0.651445316447456,0.775144489911706,"EOD_vs_CN",322,"study_1"
"APOC3",-0.256348950424135,0.0583844014343363,19.2783305743658,2.1922635754908e-05,0.000239061123232092,"EOD_vs_CN",322,"study_1"
"WFIKKN2",-0.0571351437286218,0.0371143344914049,2.36986328905866,0.126216219961781,0.270126302535026,"EOD_vs_CN",322,"study_1"
"TGFBI",-0.0277417272732041,0.0174106001596171,2.53886443522925,0.113199343583346,0.252766898293907,"EOD_vs_CN",322,"study_1"
"DNER",0.0157784146968559,0.0182755644628908,0.745392696916978,0.389506582137834,0.556322290912041,"EOD_vs_CN",322,"study_1"
"CDH2",-0.00522952002985195,0.0200296581233374,0.0681673778059081,0.794467906389396,0.875146101052136,"EOD_vs_CN",322,"study_1"
"C1S",-0.00772873706432031,0.0156742512341857,0.243132747671493,0.6227717630656,0.752805046145573,"EOD_vs_CN",322,"study_1"
"CHGB",-0.131366480925254,0.0260339500827083,25.4617937913445,1.4255424837517e-06,2.04030767986962e-05,"EOD_vs_CN",322,"study_1"
"ALDOC",0.111525697320352,0.0198102382839392,31.6935214382352,1.10904609318092e-07,1.93777430451671e-06,"EOD_vs_CN",322,"study_1"
"LYNX1",-0.0286039886802016,0.0252141050744988,1.28696305083527,0.258928071451623,0.426238622413574,"EOD_vs_CN",322,"study_1"
"ICAM5",-0.0317515028877175,0.0350319193223618,0.821487026137206,0.366436566075121,0.536763157555667,"EOD_vs_CN",322,"study_1"
"HPX",-0.0479721462231703,0.0426559621885952,1.26479113234848,0.26268270723354,0.42763748784228,"EOD_vs_CN",322,"study_1"
"LAMB1",-0.01862044896606,0.0144241716784611,1.66647395647578,0.199169177271638,0.363907512727701,"EOD_vs_CN",322,"study_1"
"MOG",-0.0333641151349519,0.0276662413468632,1.45431639482649,0.230284160694673,0.39500731157942,"EOD_vs_CN",322,"study_1"
"STC2",-0.0436473795046118,0.0164162102605459,7.06920437417726,0.00889033536307883,0.0400940507293336,"EOD_vs_CN",322,"study_1"
"CHGA",-0.110862994853873,0.046394229379555,5.71012061763398,0.0184579672998721,0.0689164322555007,"EOD_vs_CN",322,"study_1"
"HYOU1",-0.0573560219898109,0.0131067841806103,19.1498664059737,2.13852996497262e-05,0.000234442034989818,"EOD_vs_CN",322,"study_1"
"IGHG2",-0.115896360996581,0.0655530602066472,3.1257458157201,0.0793242611320972,0.197687185239725,"EOD_vs_CN",322,"study_1"
"ITIH5",-0.0104364547771651,0.0214055415770739,0.237713338032777,0.626675744066697,0.755309186269861,"EOD_vs_CN",322,"study_1"
"GPI",0.184539185032852,0.023003508483279,64.3559992265238,7.20243496228877e-13,2.74892934394021e-11,"EOD_vs_CN",322,"study_1"
"APCS",-0.17267304768562,0.0767564296473612,5.06080470620885,0.026001716425923,0.0881406867661633,"EOD_vs_CN",322,"study_1"
"MST1",-0.0332269486951637,0.0569623827286781,0.340255086935459,0.560633389290633,0.699011140549301,"EOD_vs_CN",322,"study_1"
"GPR158",-0.0605562181259826,0.0269913882600694,5.03346490058412,0.0266631781257545,0.0892281815426897,"EOD_vs_CN",322,"study_1"
"HP",0.096484334177222,0.11189936201485,0.743461335525468,0.390158893200921,0.556836023407028,"EOD_vs_CN",322,"study_1"
"COL18A1",0.0107573810205278,0.015994367088443,0.452354571926618,0.502406355380598,0.654220074690103,"EOD_vs_CN",322,"study_1"
"RTN4R",-0.104871500936166,0.025418780580512,17.0218023357247,6.58086869674075e-05,0.000627924554814013,"EOD_vs_CN",322,"study_1"
"GRIA4",-0.0731625400932125,0.0317779226493803,5.30061843976684,0.0227055749964564,0.0805442169839874,"EOD_vs_CN",322,"study_1"
"MEGF8",-0.0522309884186311,0.0236985347397829,4.85750771932135,0.0290077695346727,0.0948968460491436,"EOD_vs_CN",322,"study_1"
"SERPIND1",-0.051516715184337,0.032706358148198,2.48102963103479,0.117418606761406,0.25766925548231,"EOD_vs_CN",322,"study_1"
"COCH",0.112384871496018,0.0280611535005961,16.0400112203236,0.000106639231023774,0.000955580239739127,"EOD_vs_CN",322,"study_1"
"CBLN1",-0.0498383620316735,0.0336233011327231,2.19708480580657,0.140853593328033,0.288854980944355,"EOD_vs_CN",322,"study_1"
"CD59",-0.0211372443850068,0.0198250381731607,1.13675971084747,0.288370652574316,0.456258611615834,"EOD_vs_CN",322,"study_1"
"KRT10",-0.0939583220436835,0.135847993753551,0.478370121928035,0.49049974484754,0.645130806720344,"EOD_vs_CN",322,"study_1"
"ATP6AP1",-0.0802903207619262,0.0200724425617936,16.0002194119176,0.000108369606893547,0.000966882077089183,"EOD_vs_CN",322,"study_1"
"SERPINI1",-0.0288811335454278,0.0272966548978231,1.11946265734015,0.291855770884382,0.459647228589459,"EOD_vs_CN",322,"study_1"
"TGFBR3",0.00976307453545902,0.0119869178500992,0.663373550742836,0.416888313063375,0.582118437143372,"EOD_vs_CN",322,"study_1"
"PTPRG",-0.0514314432108304,0.0187161572661857,7.55134045055341,0.0067585184434867,0.0322437650741345,"EOD_vs_CN",322,"study_1"
"CLSTN2",-0.0341933455422718,0.0198150917988204,2.97776905786099,0.0867543448126988,0.209290538561232,"EOD_vs_CN",322,"study_1"
"ART3",-0.0478470515611673,0.033605036673269,2.02722341679445,0.157092463196263,0.312599177888505,"EOD_vs_CN",322,"study_1"
"KRT1",0.0903574672259545,0.15193633806204,0.353675346698615,0.553324040748293,0.694519395847888,"EOD_vs_CN",322,"study_1"
"L1CAM",-0.00844799593070905,0.0206805916210345,0.166871232870249,0.683526819634132,0.798610416817429,"EOD_vs_CN",322,"study_1"
"NRXN2",-0.0680838690664724,0.0214058916223967,10.116302590831,0.00180957385388224,0.0108102368488443,"EOD_vs_CN",322,"study_1"
"B2M",0.0420437594817109,0.0233294961116328,3.24782311654917,0.0742080603196447,0.188818286813318,"EOD_vs_CN",322,"study_1"
"C3",-0.0595849838200524,0.0334755041850129,3.16824966737231,0.0770876985498082,0.193700004496227,"EOD_vs_CN",322,"study_1"
"APLP1",-0.0532244475539695,0.0298682725758769,3.17542685002489,0.0772544413856858,0.193700004496227,"EOD_vs_CN",322,"study_1"
"LUM",-0.0754586721895947,0.030557036351831,6.09811845240256,0.0146767202221107,0.0586215511197095,"EOD_vs_CN",322,"study_1"
"BCAN",-0.0228682864500761,0.0253603654334169,0.813122975518964,0.368750563961787,0.538621482866933,"EOD_vs_CN",322,"study_1"
"CARTPT",-0.119578181593291,0.0293713933586366,16.5750478369416,7.51843899369507e-05,0.000701153971312468,"EOD_vs_CN",322,"study_1"
"B3GNT2",-0.0418509137550194,0.0152996145800365,7.48253760925859,0.00734764639337547,0.0344170436744246,"EOD_vs_CN",322,"study_1"
"NBL1",-0.0517590507708852,0.0236286858141117,4.79836710193337,0.0304978513328871,0.0982820450805513,"EOD_vs_CN",322,"study_1"
"PKM",0.300151537492331,0.0287127176223171,109.277951421835,4.77256513519936e-18,3.27875224788196e-16,"EOD_vs_CN",322,"study_1"
"RBP4",-0.048303134964741,0.0406861689619539,1.40947390509547,0.23738598043107,0.40285665595365,"EOD_vs_CN",322,"study_1"
"LRG1",-0.0620893028993658,0.0437646199740112,2.01273799252601,0.157843532165411,0.312966332621988,"EOD_vs_CN",322,"study_1"
"SOD1",0.108813785586587,0.0209267593376233,27.0373348236638,9.42880484039311e-07,1.40817150551088e-05,"EOD_vs_CN",322,"study_1"
"AGRN",-0.000835309001937262,0.0145809103047721,0.00328189775396089,0.954404597339007,0.971371790180589,"EOD_vs_CN",322,"study_1"
"SPOCK3",0.0183963882842753,0.0175388512558714,1.10017771841308,0.296278974083315,0.464358148734382,"EOD_vs_CN",322,"study_1"
"COL1A1",0.0456326099210156,0.0268269519606716,2.89339651538403,0.09145444784178,0.214923166478801,"EOD_vs_CN",322,"study_1"
"COL6A3",0.0224153942501269,0.0151255888643077,2.1961812563895,0.140625590973137,0.288674644417963,"EOD_vs_CN",322,"study_1"
"DDR1",-0.0582537335659554,0.0286219220896961,4.14238003446498,0.0438457862074904,0.129279206543115,"EOD_vs_CN",322,"study_1"
"PTPRD",-0.00324598952086494,0.020525743990376,0.0250090048779403,0.874618915140688,0.923931104103002,"EOD_vs_CN",322,"study_1"
"GASK1B",-0.0359598517728487,0.0181897999085168,3.90822845363025,0.0502242595929806,0.144167408107428,"EOD_vs_CN",322,"study_1"
"TPP1",-0.0324993869637923,0.0373335624603513,0.757794538956824,0.38582681214934,0.55491211433342,"EOD_vs_CN",322,"study_1"
"VSTM2A",0.0111622170636725,0.0449126624582055,0.0617679695089572,0.804134472685196,0.881085139927798,"EOD_vs_CN",322,"study_1"
"CLIC4",0.0722742846826301,0.0275136177925481,6.90036723230563,0.0098444691837497,0.0429810278531917,"EOD_vs_CN",322,"study_1"
"AEBP1",0.0556942170012282,0.0227319226358342,6.00271696833466,0.0157618874650018,0.0615250948207742,"EOD_vs_CN",322,"study_1"
"FGA",0.0361069356845883,0.0637917659026319,0.320370128624146,0.572294897441301,0.707134162845637,"EOD_vs_CN",322,"study_1"
"IGHV3-74",-0.177332142290168,0.0744779725065948,5.66916673859567,0.0187895525743355,0.0692759711193301,"EOD_vs_CN",322,"study_1"
"HBB",-0.286660554163933,0.165421058959059,3.00299271644663,0.0848432113947159,0.20596214214901,"EOD_vs_CN",322,"study_1"
"SCG5",-0.0427066404565395,0.029113908543997,2.15173998682715,0.145107925159312,0.294398763543217,"EOD_vs_CN",322,"study_1"
"ZP2",-0.215751003145944,0.0459500497154998,22.0461966074983,6.6861938799521e-06,8.10602681563605e-05,"EOD_vs_CN",322,"study_1"
"SLITRK1",-0.0599347586693124,0.037641048126324,2.53532772663069,0.113894043012946,0.253494192926221,"EOD_vs_CN",322,"study_1"
"IGLC3",-0.0315794882584729,0.068147109931134,0.214741158224616,0.643953442488927,0.769384373895466,"EOD_vs_CN",309,"study_1"
"CAMK2A",0.22689522776839,0.0447457174029931,25.712705295256,1.34582785242336e-06,1.93968615653464e-05,"EOD_vs_CN",322,"study_1"
"CTSL",-0.0125621533715912,0.0192486086046483,0.425921437202789,0.515113540208258,0.662288837410617,"EOD_vs_CN",322,"study_1"
"KLK6",0.00816197586465289,0.0185889632472448,0.192788122939013,0.661398931992486,0.779914262238651,"EOD_vs_CN",322,"study_1"
"PCOLCE",0.0112482110961411,0.0153914143833869,0.534084352985754,0.466170177872322,0.625505687887276,"EOD_vs_CN",322,"study_1"
"C16orf89",0.00863296198838789,0.0167425989422759,0.265872799884366,0.606869380732963,0.740531553398838,"EOD_vs_CN",322,"study_1"
"NRCAM",-0.0640286101321402,0.029256244490254,4.78972959617475,0.0304735538627761,0.0982820450805513,"EOD_vs_CN",322,"study_1"
"PLXDC2",0.0953908571099654,0.0218454022242462,19.0674848997677,2.5422339195409e-05,0.00027147896933543,"EOD_vs_CN",322,"study_1"
"DDAH2",0.0636443239225649,0.0277602256155593,5.25621803470542,0.0236350200612327,0.0827025065300519,"EOD_vs_CN",312,"study_1"
"CACNA2D1",-0.103484607013042,0.0328106917199694,9.94765550306363,0.00200672579674611,0.0118167481916964,"EOD_vs_CN",322,"study_1"
"TAGLN",0.10431161878883,0.0508318690844271,4.21107728879854,0.0426876587520607,0.126406989494249,"EOD_vs_CN",322,"study_1"
"PRNP",0.0030811233267477,0.023418358030014,0.0173103273659739,0.895557123175647,0.935500877275726,"EOD_vs_CN",322,"study_1"
"C1RL",-0.0839184474217979,0.0301632417183092,7.74031886407173,0.00608646036983608,0.0295157525228992,"EOD_vs_CN",322,"study_1"
"SERPINA7",-0.0934789856399242,0.0468914125015254,3.97412343500035,0.0480877537705475,0.139197837810531,"EOD_vs_CN",322,"study_1"
"IGKV2-28",-0.123685821681787,0.0585247510181826,4.46643160129199,0.0364414451579584,0.113281777481979,"EOD_vs_CN",322,"study_1"
"CRP",-0.266554308159862,0.118793434076472,5.0348500200459,0.0265711153219246,0.0892281815426897,"EOD_vs_CN",322,"study_1"
"C1QTNF3",-0.0702536828325394,0.0417924693855006,2.82580458497033,0.0950570096834181,0.221120199726326,"EOD_vs_CN",320,"study_1"
"CNTN2",-0.0384801435220278,0.0253204549710813,2.30956588715077,0.13090808208993,0.276988134681636,"EOD_vs_CN",322,"study_1"
"SERPINA1",-0.0368233330955056,0.0456977840453611,0.649315710558553,0.421598167681926,0.585011005950603,"EOD_vs_CN",322,"study_1"
"F5",-0.104546318806613,0.0376603334060603,7.70635781366232,0.00642059108168236,0.0309178463068863,"EOD_vs_CN",322,"study_1"
"SLC5A5",-0.0125802937136281,0.057530373783567,0.0478175334212594,0.82729930118972,0.892888722612631,"EOD_vs_CN",322,"study_1"
"NCAM1",-0.00332041668187787,0.0238288937267615,0.0194167890993787,0.889425070510601,0.933024766101897,"EOD_vs_CN",322,"study_1"
"AJAP1",-0.0200939908189787,0.0297468940165462,0.456298610956173,0.500639181076438,0.653742277350534,"EOD_vs_CN",322,"study_1"
"PTPRS",-0.0124107952503535,0.0157541178369302,0.62059895863209,0.43244992704732,0.594186199763017,"EOD_vs_CN",322,"study_1"
"RARRES2",0.0086942891334106,0.0229931523208892,0.142978627848923,0.705924760904727,0.816906755881327,"EOD_vs_CN",322,"study_1"
"LAMC1",-0.0105793354637602,0.0144218364838022,0.538115674684723,0.46461745694842,0.624642256210498,"EOD_vs_CN",322,"study_1"
"APOA2",-0.162435389662908,0.0616398955818059,6.94444464552392,0.00946488495793067,0.0423148110592085,"EOD_vs_CN",322,"study_1"
"A1BG",-0.0842719111657217,0.0462275926454481,3.32325090062321,0.0704957901253836,0.180262808248654,"EOD_vs_CN",322,"study_1"
"MASP1",-0.0236392364926648,0.0272862241561608,0.750550650759452,0.388013753187196,0.555296449958703,"EOD_vs_CN",322,"study_1"
"OAF",-0.0275530167152893,0.021064332602759,1.71097200697899,0.193255492685287,0.356755363280091,"EOD_vs_CN",322,"study_1"
"DPP6",0.0370059071916982,0.0199376333394087,3.44504501338787,0.0655202320114075,0.171334043107599,"EOD_vs_CN",322,"study_1"
"NID2",-0.0274457733282905,0.0213726857101816,1.64904590585467,0.201661804664592,0.36554527652922,"EOD_vs_CN",322,"study_1"
"CPVL",0.0301750147716502,0.0458329598315942,0.433450166508545,0.511800392451294,0.660381021891799,"EOD_vs_CN",322,"study_1"
"SERPINC1",-0.0621442754258965,0.0482769207719027,1.65700238556686,0.200379738412563,0.365372448060804,"EOD_vs_CN",322,"study_1"
"CHL1",-0.0688690174900547,0.0303761374708912,5.14023145948894,0.0251726829895672,0.0861808964144484,"EOD_vs_CN",322,"study_1"
"CELSR2",-0.0228889429213716,0.0289224682160228,0.626297628624921,0.430363636934532,0.592900705696571,"EOD_vs_CN",322,"study_1"
"FGB",0.0463656355530563,0.0621978648922266,0.555701387524475,0.45731588611062,0.617646160730005,"EOD_vs_CN",322,"study_1"
"BTD",-0.0549902607767102,0.0159029549604617,11.9568257583163,0.000761987996680804,0.00514904020052176,"EOD_vs_CN",322,"study_1"
"PI16",-0.0227121635500014,0.033134389971511,0.469849809509923,0.494279220475517,0.648859537197478,"EOD_vs_CN",322,"study_1"
"CPQ",-0.0243319551176073,0.0224300780936919,1.17677231382882,0.280239818975913,0.448079338176382,"EOD_vs_CN",322,"study_1"
"GFRA2",-0.106326366967639,0.0397321984744836,7.16138062980891,0.00843929258400314,0.0383959867894712,"EOD_vs_CN",322,"study_1"
"SHISA5",0.0442383212496342,0.0273702725573517,2.6123961298852,0.109093635347528,0.245987886402579,"EOD_vs_CN",322,"study_1"
"PGK1",0.240378488556217,0.018998621236177,160.08366959557,1.83180261501588e-28,4.19482798838637e-26,"EOD_vs_CN",322,"study_1"
"SPP1",0.133527725760604,0.0288575955441965,21.4102934551065,1.1153461580014e-05,0.000127001570808888,"EOD_vs_CN",322,"study_1"
"VCAN",-0.0077578370234071,0.0168537070542126,0.211880223143177,0.645962636884442,0.770445020034048,"EOD_vs_CN",322,"study_1"
"IGHG1",-0.0623649592987903,0.0642786408460922,0.941343040591244,0.333764931717603,0.501518460409898,"EOD_vs_CN",322,"study_1"
"ITM2B",-0.0234313248474633,0.032588053680572,0.516983692402871,0.47329446779116,0.630957243284335,"EOD_vs_CN",322,"study_1"
"PCDH8",-0.039985970538954,0.0333746767198241,1.43542712266269,0.233204987302194,0.398859058317867,"EOD_vs_CN",322,"study_1"
"ENO2",0.150907616654537,0.0191735033652586,61.9468706696568,1.2867642076365e-12,4.49495090159123e-11,"EOD_vs_CN",322,"study_1"
"CTSA",-0.0515349993579748,0.0372361182333024,1.91547173877001,0.169177207087142,0.328627920647126,"EOD_vs_CN",322,"study_1"
"SEZ6L",-0.0407739469236234,0.0318978939116779,1.63396025310761,0.203588411058023,0.367799425475868,"EOD_vs_CN",322,"study_1"
"POMGNT1",-0.0070161793760959,0.0249510139917759,0.0790724086016184,0.779017647574037,0.862673578089489,"EOD_vs_CN",322,"study_1"
"CTSF",0.0196695720142447,0.0229762828800281,0.732875631657113,0.393626016319691,0.559928221570859,"EOD_vs_CN",322,"study_1"
"AZGP1",-0.0251935612903435,0.0423637102878045,0.353664237494585,0.553062595095337,0.694519395847888,"EOD_vs_CN",322,"study_1"
"ECRG4",-0.0434774031322387,0.0537039376185456,0.65541282132513,0.419750994926751,0.584531621989212,"EOD_vs_CN",322,"study_1"
"SELENOP",-0.013430786487136,0.0166178353749942,0.65321174589282,0.42019603509651,0.58471294664597,"EOD_vs_CN",322,"study_1"
"SIAE",-0.0741199718468298,0.037763296821917,3.85239390446035,0.0520712442318553,0.147618754280404,"EOD_vs_CN",322,"study_1"
"GSN",-0.0159616684597306,0.0153657725044224,1.07906541591334,0.3006428791537,0.468348430790458,"EOD_vs_CN",322,"study_1"
"RNASE4",0.0364267514394615,0.0211102637666166,2.97751230661694,0.0869025361239076,0.209290538561232,"EOD_vs_CN",322,"study_1"
"C2",-0.0631607552569173,0.0305786760574596,4.26635777845664,0.0403977997159877,0.120841604085124,"EOD_vs_CN",322,"study_1"
"RNASE1",0.0410243098796642,0.0229556821338587,3.19375915975142,0.0765519619319134,0.193089915096956,"EOD_vs_CN",322,"study_1"
"CDH13",-0.0223133030995872,0.032036701728334,0.485100959942878,0.487391918909199,0.643919708251192,"EOD_vs_CN",322,"study_1"
"A2M",-0.0354348656932598,0.0185733116937489,3.63984498333388,0.0590067955085498,0.160017112556738,"EOD_vs_CN",322,"study_1"
"PODXL2",-0.0297947528104329,0.0219884868112812,1.83606852853331,0.177656211037359,0.337997413413866,"EOD_vs_CN",311,"study_1"
"COL1A2",0.0388689100187707,0.0220908545536212,3.09584844290086,0.0807526476109365,0.200037508084303,"EOD_vs_CN",322,"study_1"
"GOT1",0.209872133586138,0.0270439729830509,60.2238573145029,4.26634669540652e-12,1.31157362756438e-10,"EOD_vs_CN",322,"study_1"
"SCG3",-0.116951004103471,0.0370473415305621,9.9653788028466,0.00207002027076469,0.0120517281865707,"EOD_vs_CN",322,"study_1"
"PEBP1",0.190742569313283,0.0173349194241328,121.074198289638,6.54386227678568e-20,5.18726928940588e-18,"EOD_vs_CN",322,"study_1"
"MAN1B1",-0.0228693171838561,0.020492932008395,1.245369420408,0.266714719735135,0.43249334175776,"EOD_vs_CN",322,"study_1"
"RELN",-0.0941059192485498,0.0357291802697446,6.93725690686905,0.00949940298883245,0.0423772068397915,"EOD_vs_CN",322,"study_1"
"PPIC",0.0541595759202261,0.0212311895189796,6.50731538819913,0.0116908636844106,0.0491732041909598,"EOD_vs_CN",322,"study_1"
"CDH6",-0.0660087445557271,0.0180089402014691,13.4346585681325,0.000365160788666986,0.00270718124259949,"EOD_vs_CN",322,"study_1"
"SEZ6",-0.0218170784765567,0.0179823052673064,1.47198185211102,0.226891062755604,0.391301373811813,"EOD_vs_CN",322,"study_1"
"GOLM1",0.00682913357265977,0.0182539478844326,0.139964404913478,0.708998902820076,0.818625623928391,"EOD_vs_CN",322,"study_1"
"APP",-0.0801171726186158,0.0277325185228925,8.34588901919642,0.00448378717898926,0.0230451006880221,"EOD_vs_CN",322,"study_1"
"ACTB",0.077068958749553,0.0302889165760226,6.47428040107143,0.0118962526854231,0.0498464847376943,"EOD_vs_CN",322,"study_1"
"LDHB",0.216224918668607,0.0197451268993771,119.920001804312,3.71423853169139e-20,3.47956618809816e-18,"EOD_vs_CN",322,"study_1"
"EFEMP1",0.0318420034316778,0.0140353588468292,5.14699478122447,0.0250712906995319,0.086119883552892,"EOD_vs_CN",322,"study_1"
"PLD3",0.0511598130447083,0.0231592024637405,4.87989748466518,0.028975434036826,0.0948968460491436,"EOD_vs_CN",322,"study_1"
"C8B",-0.118094827201303,0.0534570541991573,4.88035826231532,0.0288825256782393,0.0948968460491436,"EOD_vs_CN",322,"study_1"
"GPX3",-0.00753155049641524,0.0247894703875482,0.0923069258439393,0.761868200033411,0.851062525890981,"EOD_vs_CN",322,"study_1"
"CBLN3",-0.0792659633560644,0.0424681557765436,3.48374758708275,0.0643660641858667,0.170074946521886,"EOD_vs_CN",322,"study_1"
"LTBP2",0.0682575801856574,0.0259379723844457,6.9251586759355,0.00955392812888438,0.0424367367966179,"EOD_vs_CN",322,"study_1"
"IGFBP5",0.0746453851373429,0.0206373690505953,13.0826964597316,0.000436882241765956,0.00315934842203381,"EOD_vs_CN",322,"study_1"
"OPCML",-0.0600951169373787,0.0307480237448611,3.81982928222022,0.052856385690034,0.148821053151858,"EOD_vs_CN",322,"study_1"
"FSTL1",0.0237694888169547,0.0246966230787768,0.926327456469261,0.337782860495125,0.50630580034942,"EOD_vs_CN",322,"study_1"
"EPHA4",-0.0319363045484958,0.0314377983921266,1.0319652497466,0.311860687735041,0.480018579105243,"EOD_vs_CN",322,"study_1"
"IGLON5",-0.0436485231791219,0.0155423126209845,7.88692712587555,0.00560185413331097,0.0276206252841002,"EOD_vs_CN",322,"study_1"
"ROBO1",-0.0395642643185509,0.0157811917255544,6.28530847270261,0.0133250313347926,0.0541674350710208,"EOD_vs_CN",322,"study_1"
"NGFR",-0.0323420265686822,0.0550848247584592,0.344723201767775,0.558719885854604,0.697047024664854,"EOD_vs_CN",238,"study_1"
"CA1",-0.281943617682941,0.134935187212082,4.36590321697171,0.0380727433498985,0.115905353093266,"EOD_vs_CN",322,"study_1"
"GAPDH",0.328511813682181,0.0485615682551875,45.7632202270815,3.6717648378718e-10,8.5028172256784e-09,"EOD_vs_CN",322,"study_1"
"BASP1",0.270209230830736,0.0333647949879901,65.587857004037,9.3956657941089e-13,3.39727494765938e-11,"EOD_vs_CN",322,"study_1"
"THY1",-0.118335468694263,0.022741729546448,27.0758992635629,7.09476962526085e-07,1.07027947937966e-05,"EOD_vs_CN",322,"study_1"
"LTBP1",0.0523858715487906,0.0216663140535842,5.84599284508475,0.0172062570816883,0.0651876761863226,"EOD_vs_CN",322,"study_1"
"HSPA5",-0.0102024463420962,0.0109443237515018,0.86902200831745,0.352940086840223,0.524448103084138,"EOD_vs_CN",322,"study_1"
"TGOLN2",0.0278137520942314,0.0261076227655226,1.13497031082163,0.288454619570806,0.456258611615834,"EOD_vs_CN",322,"study_1"
"PRRT3",-0.0672081293460139,0.0216853145919548,9.6053271514461,0.00239269054389092,0.0135476242059319,"EOD_vs_CN",322,"study_1"
"ANG",-0.00284781026352819,0.0324911245271351,0.00768232394664263,0.930284072403246,0.958322855085163,"EOD_vs_CN",322,"study_1"
"PLG",-0.0729887569612959,0.0533057477345832,1.87483846658624,0.173432621096961,0.333106476162739,"EOD_vs_CN",322,"study_1"
"BPNT2",-0.0606070390617921,0.021169183176849,8.19667909735334,0.00490753960956935,0.0246693637446888,"EOD_vs_CN",322,"study_1"
"MAN1A1",-0.0624973629625511,0.0168875211133833,13.6959315210056,0.000334814742007425,0.00251844227473468,"EOD_vs_CN",322,"study_1"
"ISLR",-0.0429095765685897,0.0162680037434436,6.9572871829888,0.00953425544953184,0.0424367367966179,"EOD_vs_CN",322,"study_1"
"SERPINA6",-0.129112900511557,0.0513900225562453,6.31221319348016,0.0133085498769727,0.0541674350710208,"EOD_vs_CN",322,"study_1"
"HRG",-0.101113651361488,0.0568144537810209,3.16739273301322,0.0775627014803776,0.194236607230933,"EOD_vs_CN",322,"study_1"
"F2",-0.0687405020183654,0.0478352470166245,2.06504422570561,0.153209356738971,0.307462983679667,"EOD_vs_CN",322,"study_1"
"APOC1",-0.142337519113151,0.0671901687731964,4.4877361986112,0.0359255627339825,0.112355970856962,"EOD_vs_CN",322,"study_1"
"PAM",-0.126091579191927,0.0270209238718004,21.7756827208254,8.25999413156803e-06,9.78382063515041e-05,"EOD_vs_CN",322,"study_1"
"SIRPA",-0.00530851360359597,0.0325872910009386,0.0265368488990256,0.870829397755014,0.920871928564948,"EOD_vs_CN",322,"study_1"
"PFN1",0.078734159955812,0.0233094257369234,11.4094116079723,0.000940128566099666,0.00615112690390924,"EOD_vs_CN",322,"study_1"
"SEMA4B",0.0171308990305493,0.0157652059971824,1.18075831066563,0.27915788928805,0.447285273496632,"EOD_vs_CN",322,"study_1"
"PTPRN2",-0.133006031227136,0.0339604268905266,15.3389767039571,0.000155136447097423,0.00132670629654684,"EOD_vs_CN",322,"study_1"
"SHISA6",-0.00500732545310692,0.021947434694538,0.052052801462072,0.819876916531326,0.888837224965207,"EOD_vs_CN",322,"study_1"
"AGT",-0.0302646502485355,0.0198341094046481,2.32833737621258,0.129899880277757,0.275720341588924,"EOD_vs_CN",322,"study_1"
"CLSTN1",-0.0250499115485678,0.0249249097571212,1.01005542191388,0.316880957153032,0.485570002001783,"EOD_vs_CN",322,"study_1"
"QDPR",0.0911392429002598,0.027589329578907,10.912607591462,0.00129635856698541,0.00817062693136677,"EOD_vs_CN",322,"study_1"
"FRZB",0.112078377778188,0.0270514025003898,17.1658020462432,6.95542500924737e-05,0.00066060511262944,"EOD_vs_CN",322,"study_1"
"CALM1",0.233450110382173,0.0246378021978216,89.7809587477632,7.00677704966948e-16,3.70281217932533e-14,"EOD_vs_CN",322,"study_1"
"SEMA7A",-0.0770792079436174,0.0316674042584294,5.92447067442577,0.0163240246637472,0.0630033985617658,"EOD_vs_CN",322,"study_1"
"IGF2",0.0118685231696774,0.023173842332179,0.262299382541671,0.609388044280661,0.742741163114254,"EOD_vs_CN",322,"study_1"
"MMRN2",-0.0646377373287624,0.01590138084582,16.5235215886249,8.33463928248128e-05,0.000770300070008696,"EOD_vs_CN",322,"study_1"
"FUCA2",-0.0469595366467116,0.0609298934378706,0.594000443089859,0.442361259035163,0.604981124665874,"EOD_vs_CN",322,"study_1"
"HTRA1",0.0418417229582361,0.0130307068721598,10.3105817133955,0.00167828874645702,0.0101138979720699,"EOD_vs_CN",322,"study_1"
"TMEM132A",0.0397769583830261,0.0231943428737355,2.94102689538127,0.0889187450847122,0.211374317900337,"EOD_vs_CN",322,"study_1"
"LYZ",0.00252670974342645,0.0424869410669247,0.00353671269670053,0.952661970131626,0.971036755905678,"EOD_vs_CN",322,"study_1"
"KNG1",-0.104630709933962,0.0494215842380113,4.4821358801865,0.0360881306007209,0.112693389648615,"EOD_vs_CN",322,"study_1"
"MCFD2",-0.0150500827256479,0.0190892186156274,0.62158635301097,0.432008741486593,0.593975994799111,"EOD_vs_CN",322,"study_1"
"PPIA",0.217450704555517,0.0208968150951433,108.283288985548,5.72488382459978e-20,4.71959422500006e-18,"EOD_vs_CN",322,"study_1"
"CALB1",0.0221348252209634,0.0287890536521673,0.59114962174707,0.443669709821373,0.606359807563747,"EOD_vs_CN",322,"study_1"
"GPR37",-0.00525282718163639,0.0229875689329334,0.0522155835927812,0.819657384741902,0.888837224965207,"EOD_vs_CN",322,"study_1"
"SHISA7",-0.0557742980729953,0.0344198109227411,2.62573725450124,0.107930911698871,0.243642507131843,"EOD_vs_CN",322,"study_1"
"MAPT",0.674898589957115,0.0413538226674835,266.345718188134,2.1092489195031e-30,5.43395252886987e-28,"EOD_vs_CN",322,"study_1"
"ATP6AP2",0.150709762378023,0.0232143147680304,42.1474236400331,8.49440008820462e-10,1.82364151893643e-08,"EOD_vs_CN",322,"study_1"
"C7",0.00257433687252212,0.0343739113285677,0.00560883739633273,0.940428473281529,0.964290091260314,"EOD_vs_CN",322,"study_1"
"CANX",-0.00302210730846423,0.016322981789427,0.0342784179735122,0.853428944207605,0.907125865916387,"EOD_vs_CN",322,"study_1"
"VGF",-0.277310059460721,0.0472761996204558,34.4069465180375,4.68463276565004e-08,8.46932292105677e-07,"EOD_vs_CN",322,"study_1"
"ENPP2",-0.0232721249497368,0.0336306887811487,0.47885117327289,0.490271499927297,0.645130806720344,"EOD_vs_CN",322,"study_1"
"MGP",0.0799850837983631,0.0375649290235499,4.53370087774212,0.0353738541901463,0.110798652714121,"EOD_vs_CN",322,"study_1"
"MRC1",0.0015630555730432,0.0271593671206169,0.00331214657169375,0.954199680124847,0.971371790180589,"EOD_vs_CN",322,"study_1"
"SERPINA5",-0.0343935220631924,0.0421652857068679,0.665339349292424,0.416176672864154,0.581518727303744,"EOD_vs_CN",322,"study_1"
"IGKV4-1",-0.125257471491764,0.0609626407299992,4.22162583422956,0.0417798331435174,0.124075268168284,"EOD_vs_CN",322,"study_1"
"LDHA",0.36120071667891,0.0247600790304232,212.810549735493,2.88872849364423e-28,5.95366942540076e-26,"EOD_vs_CN",322,"study_1"
"PRCP",-0.0078775334641521,0.0304163825741841,0.067075727139734,0.796130878936561,0.875385454024656,"EOD_vs_CN",322,"study_1"
"FRRS1L",-0.0419202222299831,0.0302698698019918,1.91790038647759,0.168599129726111,0.328123518758748,"EOD_vs_CN",322,"study_1"
"F12",-0.130618564347997,0.0629870690088759,4.30038177532934,0.0401833599851358,0.120374861815937,"EOD_vs_CN",322,"study_1"
"TPI1",0.113913721212311,0.0224648047312126,25.7126466923911,1.23683202426768e-06,1.80166948284859e-05,"EOD_vs_CN",322,"study_1"
"FGG",0.0783020843366379,0.064282530190888,1.48374996122545,0.225276682184723,0.389836475216385,"EOD_vs_CN",322,"study_1"
"OGN",0.0286067602274074,0.0224828863536358,1.61894919928709,0.205827587889447,0.369387681071002,"EOD_vs_CN",322,"study_1"
"LCAT",-0.0724188655605929,0.0329333089261595,4.83540325639521,0.029801970037938,0.0968799057542433,"EOD_vs_CN",322,"study_1"
"LINGO1",-0.14424370245457,0.0289515298518444,24.8227953927661,1.95885686596034e-06,2.69146933382951e-05,"EOD_vs_CN",322,"study_1"
"MEGF9",-0.0225137224307834,0.0201723747018793,1.24560562753741,0.266552371251813,0.43249334175776,"EOD_vs_CN",322,"study_1"
"CSF1",0.000476840046182925,0.0154394949270352,0.000953848199951443,0.975418929673967,0.985227192086125,"EOD_vs_CN",322,"study_1"
"SEMA3G",-0.0390252919032733,0.0189014202365939,4.26288330922597,0.0409372869793345,0.12227789632523,"EOD_vs_CN",322,"study_1"
"DKK3",-0.0375220122462765,0.0193464676177193,3.76156767926904,0.0546568220082986,0.152432625384443,"EOD_vs_CN",322,"study_1"
"NCAM2",0.00345647395130147,0.025361051365388,0.0185751388701796,0.891828621650042,0.933024766101897,"EOD_vs_CN",322,"study_1"
"NPTX2",-0.374143884127088,0.0403430325098691,86.0082716628025,9.12842401155032e-16,4.7034204719513e-14,"EOD_vs_CN",322,"study_1"
"SPOCK1",0.00347863322555879,0.0165137930267235,0.0443734920069665,0.833452768912356,0.896419231802649,"EOD_vs_CN",322,"study_1"
"TF",-0.104331041948316,0.022167255546187,22.1515047712414,5.56595766376887e-06,6.91050526808894e-05,"EOD_vs_CN",322,"study_1"
"QSOX2",-0.0325546192651204,0.0233608001560079,1.94200262531813,0.165711922016498,0.324034412975334,"EOD_vs_CN",322,"study_1"
"PIK3IP1",-0.0551928693870889,0.0201172568580649,7.52711278945376,0.0069398112702055,0.0330322194639574,"EOD_vs_CN",322,"study_1"
"SMOC1",0.406426160043588,0.0271168344890278,224.639087999954,5.71595992690423e-28,1.0709630372136e-25,"EOD_vs_CN",322,"study_1"
"LMAN2",-0.000887738863099258,0.0179970105455271,0.00243315470462899,0.960743598349755,0.975415052314702,"EOD_vs_CN",322,"study_1"
"CLSTN3",-0.0717820213430613,0.0202411988536019,12.5764742039097,0.000558350312719801,0.00390088133734071,"EOD_vs_CN",322,"study_1"
"NEO1",-0.0254602286057971,0.0195387156886474,1.6979800010848,0.194825780532201,0.359155575739594,"EOD_vs_CN",322,"study_1"
"IGFBP4",0.0145049031685754,0.0216737931839639,0.447878090503019,0.504910134857385,0.654866992208556,"EOD_vs_CN",322,"study_1"
"PRKCSH",-0.02960673312004,0.0167175600737818,3.13642706499375,0.078769828087058,0.19654311826565,"EOD_vs_CN",322,"study_1"
"BCHE",-0.0811789900240983,0.0226816257186965,12.809699101212,0.000475607865092404,0.00342736996487917,"EOD_vs_CN",322,"study_1"
"SPINT2",-0.0326250522212905,0.0216661325817627,2.26746001951748,0.135035449459061,0.281638126053099,"EOD_vs_CN",322,"study_1"
"TWSG1",-0.0148099894984472,0.0146920972941799,1.01611277092946,0.31565103968328,0.484405653601816,"EOD_vs_CN",322,"study_1"
"HEXB",-0.0448509646952076,0.0274829239752121,2.66328537585715,0.105527068116827,0.239527849547115,"EOD_vs_CN",322,"study_1"
"SULF2",-0.0634205529983661,0.0209751045480711,9.14222237242349,0.00321578348369367,0.0175336766134726,"EOD_vs_CN",322,"study_1"
"FETUB",-0.0588805570975709,0.048078208799633,1.49984804854012,0.222617625000696,0.387055614327907,"EOD_vs_CN",322,"study_1"
"MMP2",-0.0353375534727826,0.0198190129886019,3.17913457852292,0.0768402010467336,0.193367099337385,"EOD_vs_CN",322,"study_1"
"MFGE8",0.041056181253751,0.0248740822242335,2.72435044998099,0.101129149361666,0.232739103996993,"EOD_vs_CN",322,"study_1"
"SLC39A10",-0.0547191065435834,0.0327939022036214,2.78414468533699,0.0980509160727335,0.227059480927982,"EOD_vs_CN",322,"study_1"
"KLKB1",-0.0893563318066255,0.0498319434279547,3.21540005296839,0.0751621230322229,0.190774797499275,"EOD_vs_CN",322,"study_1"
"FGFR2",-0.0183310074331396,0.0204866945762207,0.800624510077339,0.372637430742071,0.541611949759808,"EOD_vs_CN",322,"study_1"
"PTPRZ1",-0.0036361884786735,0.0184927910029774,0.0386623145480163,0.844414401914719,0.903045671915034,"EOD_vs_CN",322,"study_1"
"GNPTG",-0.0217573877657435,0.0136484837100245,2.54123420529105,0.113356292318094,0.25284341825497,"EOD_vs_CN",322,"study_1"
"DYNLL2",0.156456583055623,0.0208782569556379,56.1563931470149,2.09540501974161e-11,5.91593115847597e-10,"EOD_vs_CN",322,"study_1"
"SDF4",-0.00965208463841119,0.013137411911112,0.539787233766237,0.463771844723082,0.623912383795217,"EOD_vs_CN",322,"study_1"
"PTPRN",-0.162153860870791,0.0388365820582902,17.4330182379409,5.88853001099212e-05,0.000571064887628019,"EOD_vs_CN",322,"study_1"
"VSTM2B",-0.119060618070165,0.0309459187162315,14.8023103165866,0.000203249741185913,0.00169594217240554,"EOD_vs_CN",322,"study_1"
"PRDX1",0.0932616498924035,0.0312157560229984,8.92603269343558,0.003263403224626,0.0176532127190398,"EOD_vs_CN",322,"study_1"
"APOA4",-0.0714649893273341,0.0498259683468929,2.05719362964475,0.153525132793748,0.307796983159451,"EOD_vs_CN",322,"study_1"
"FBLN1",0.0136076185845951,0.0190620254408164,0.509596182244213,0.476725305261955,0.633890873641865,"EOD_vs_CN",322,"study_1"
"CADM3",-0.00562269274149728,0.0209879452462573,0.0717709769995197,0.789232713810478,0.870309589707541,"EOD_vs_CN",322,"study_1"
"SERPING1",-0.0220997995655178,0.020356937845679,1.17856019339607,0.279309144585233,0.447285273496632,"EOD_vs_CN",322,"study_1"
"APOE",0.102014961045208,0.0900353540546177,1.28381244899099,0.259197109675055,0.426340976089616,"EOD_vs_CN",322,"study_1"
"SOD2",0.134737572260101,0.0257287742880245,27.4245330459523,7.11442448690019e-07,1.07027947937966e-05,"EOD_vs_CN",322,"study_1"
"PENK",-0.0736143717220046,0.022299819250893,10.8973910032539,0.00125394496490082,0.00792754776889751,"EOD_vs_CN",322,"study_1"
"CST3",0.0228941082914171,0.0299140983684633,0.585727521451756,0.445518924748226,0.607284724805618,"EOD_vs_CN",322,"study_1"
"CFD",-0.00373904517585466,0.0336937139977784,0.0123146948444594,0.911816312556104,0.94434845235082,"EOD_vs_CN",322,"study_1"
"CADM4",-0.0193024660840939,0.0173177584130599,1.24234507426312,0.267473228224528,0.433382329693987,"EOD_vs_CN",322,"study_1"
"FN1",0.0488349419265787,0.0166640865908131,8.58812434636102,0.00395912838134638,0.0208157234539666,"EOD_vs_CN",322,"study_1"
"COLEC12",0.0479817955605872,0.0208482948918636,5.29677968541616,0.0234248569885556,0.0822620862196459,"EOD_vs_CN",322,"study_1"
"CFH",-0.00467087646781125,0.0233876588641715,0.0398862550476314,0.841969921429106,0.902392099877997,"EOD_vs_CN",322,"study_1"
"CNTN1",-0.026049971780885,0.014808416230526,3.09454846313486,0.0805282391173139,0.199721661637526,"EOD_vs_CN",322,"study_1"
"ORM1",-0.0437615510961243,0.0518442218659357,0.712499711275142,0.400067745474154,0.568021797733365,"EOD_vs_CN",322,"study_1"
"NPY",-0.27693427726924,0.0412640245495175,45.0412319389298,7.0707033299785e-10,1.58399125685714e-08,"EOD_vs_CN",322,"study_1"
"ECM2",-0.00284654762531306,0.0227747083171805,0.0156218067706248,0.90074858932206,0.939495365684598,"EOD_vs_CN",322,"study_1"
"CD14",0.0219014988804049,0.0236594814445334,0.856913987840697,0.356397515736177,0.527304579994444,"EOD_vs_CN",322,"study_1"
"ENDOD1",-0.00755940706650401,0.0187675612391253,0.16224068872577,0.687886308946726,0.801432268365857,"EOD_vs_CN",322,"study_1"
"APOA1",-0.132288095622438,0.0590310968383213,5.02203602207788,0.0267121727374282,0.0892281815426897,"EOD_vs_CN",322,"study_1"
"OLFM1",-0.0391186116047104,0.0200086424579807,3.82236026215511,0.0528096909711841,0.148821053151858,"EOD_vs_CN",322,"study_1"
"FGFR1",-0.0449720949135351,0.0199374094491194,5.08801966588515,0.0256448764978662,0.0872179710595747,"EOD_vs_CN",322,"study_1"
"HABP2",-0.125101652404594,0.0495947628362472,6.36289060510017,0.0128175439625104,0.0528339162134679,"EOD_vs_CN",322,"study_1"
"PTGDS",0.0472923818473437,0.0204219593172147,5.36275012424268,0.022321013436521,0.0793165667114995,"EOD_vs_CN",322,"study_1"
"GLDN",0.00402129552467323,0.0351587684937456,0.0130817146539632,0.909123048393903,0.943384116963131,"EOD_vs_CN",322,"study_1"
"GOLIM4",-0.0104740146795883,0.0182746982170934,0.328492855754945,0.56753968265784,0.703869755426777,"EOD_vs_CN",322,"study_1"
"SOD3",-0.0209099078613919,0.0314032186056588,0.443359392509468,0.506635754169483,0.655889628984488,"EOD_vs_CN",322,"study_1"
"SERPINF1",-0.0592320854825404,0.024797383241853,5.70561337469467,0.0185036495489197,0.0689387768581703,"EOD_vs_CN",322,"study_1"
"C8A",-0.125173592595871,0.0511332280235249,5.9926513754388,0.0156610698222209,0.0612542355467934,"EOD_vs_CN",322,"study_1"
"RNASE2",-0.0540012103847483,0.0292463564335553,3.40928612748791,0.0671229119371309,0.17423214295016,"EOD_vs_CN",322,"study_1"
"ITIH1",-0.116306008433394,0.0597362963752594,3.79077245593487,0.0535228315902931,0.150491890733416,"EOD_vs_CN",322,"study_1"
"TIMP2",0.00598835283336369,0.0215054504436149,0.0775385499516023,0.781133533407093,0.862763243489828,"EOD_vs_CN",322,"study_1"
"SORCS2",0.0482897944155261,0.0341775482268876,1.99631423404958,0.16033852056555,0.316439797363645,"EOD_vs_CN",322,"study_1"
"ORM2",-0.13492689746612,0.0470450470451073,8.22563158477213,0.00466099444323193,0.023742360698119,"EOD_vs_CN",322,"study_1"
"CD163",-0.00534668381614331,0.0235418308229568,0.0515808548685179,0.820703245812941,0.888837224965207,"EOD_vs_CN",322,"study_1"
"CADM2",-0.00743356041424361,0.0234279031937542,0.10067622186178,0.75156912357655,0.843735239336488,"EOD_vs_CN",322,"study_1"
"SORCS3",-0.0642029038706262,0.0151572504573511,17.9419023677149,4.07301588957391e-05,0.000415568601406526,"EOD_vs_CN",322,"study_1"
"TALDO1",0.102594583681202,0.0258933882173602,15.6989679034223,0.00011197320881,0.000990458297671291,"EOD_vs_CN",322,"study_1"
"OMD",0.0115310171512408,0.0228834388745797,0.253917513430798,0.615243598855957,0.747651566770122,"EOD_vs_CN",322,"study_1"
"ENO1",0.249935155675021,0.0197410868612302,160.292269172161,1.96362538817153e-24,2.89073708930108e-22,"EOD_vs_CN",322,"study_1"
"NRXN1",-0.0153109106829338,0.0275070299342228,0.30982370699352,0.578776211820844,0.71257931455362,"EOD_vs_CN",322,"study_1"
"KIAA0319",-0.068035465576597,0.0438572523010661,2.406511180329,0.122248839647084,0.263551107230795,"EOD_vs_CN",309,"study_1"
"SERPINA3",0.0449391986156393,0.0346633510560198,1.6807749082693,0.196827408072727,0.361229998252797,"EOD_vs_CN",322,"study_1"
"FCGBP",-0.0828582829805038,0.0616057848770058,1.80895960483794,0.18086522429128,0.342348544659876,"EOD_vs_CN",322,"study_1"
"MAN2A2",-0.0171753781080315,0.0229005461558122,0.562497936154105,0.454649735031559,0.615254828562077,"EOD_vs_CN",322,"study_1"
"RNASE6",0.0171484492040256,0.018914850836183,0.821947087948422,0.36637002534295,0.536763157555667,"EOD_vs_CN",322,"study_1"
"MARCKS",0.139421162100748,0.0175107774750123,63.3937639619253,1.76781486887373e-12,5.97289581106353e-11,"EOD_vs_CN",322,"study_1"
"ST6GAL2",-0.0434007310630069,0.0271039335444932,2.56406743208271,0.111732376629846,0.249761852748496,"EOD_vs_CN",322,"study_1"
"NID1",0.00866677159845053,0.0193168560220343,0.201299092621536,0.654580931165612,0.776232047832178,"EOD_vs_CN",322,"study_1"
"COTL1",0.116645649300012,0.0221370186183619,27.7650736099472,6.48739788974502e-07,9.97800526176454e-06,"EOD_vs_CN",322,"study_1"
"TXN",0.160036076137241,0.0300659640482438,28.3325407092708,3.95057778005246e-07,6.31173705789777e-06,"EOD_vs_CN",322,"study_1"
"CUTA",-0.048183774142193,0.0177924462018764,7.33382100795024,0.00770960020576271,0.0356266502781994,"EOD_vs_CN",322,"study_1"
"NPTXR",-0.225980605046779,0.0374407025550411,36.4295960259047,1.68294756095535e-08,3.18216047993483e-07,"EOD_vs_CN",322,"study_1"
"MDH1",0.313122449978274,0.024812775076307,159.249374535115,4.56224051073122e-24,5.87673605788565e-22,"EOD_vs_CN",322,"study_1"
"C8G",-0.13363109104361,0.0531899582999793,6.31183633040901,0.0131303997133682,0.0538007033981148,"EOD_vs_CN",322,"study_1"
"PRG4",-0.0779766915358543,0.0567021365433117,1.89117083750545,0.171512989195491,0.331359120968387,"EOD_vs_CN",322,"study_1"
"ARMH4",-0.0535172080503365,0.0283290035616469,3.56881716522923,0.0611865594950597,0.163349092123469,"EOD_vs_CN",322,"study_1"
"GOT2",0.138509497147761,0.0181619357842894,58.1613975532548,3.55660377642981e-12,1.14533755987841e-10,"EOD_vs_CN",322,"study_1"
"PPIB",0.00968869308199936,0.0195721873968886,0.245048284477672,0.621512755550963,0.752042550209243,"EOD_vs_CN",322,"study_1"
"QSOX1",0.00789821691324203,0.0115440286397589,0.468105045921157,0.495176184237765,0.64934724183026,"EOD_vs_CN",322,"study_1"
"APOM",-0.185321708381233,0.0683034352819562,7.36152000307749,0.0075497981865143,0.0350585348373988,"EOD_vs_CN",322,"study_1"
"FBLN2",-0.0153003667192344,0.0195417683669961,0.613021854876136,0.434959110397399,0.59698526864742,"EOD_vs_CN",322,"study_1"
"LY6H",-0.0888496041509688,0.0363148411173986,5.98608249602184,0.0159058250310846,0.061852651677482,"EOD_vs_CN",322,"study_1"
"WFDC2",-0.0343912845635094,0.0228225784655045,2.27073982860462,0.134659991269474,0.281208188659558,"EOD_vs_CN",322,"study_1"
"GPR37L1",-0.0309099121420728,0.0294571410524833,1.10106853636044,0.295789656109659,0.463944049651451,"EOD_vs_CN",322,"study_1"
"TNXB",-0.02628267899891,0.0210360105641656,1.56103449951271,0.213849427562229,0.377996286625861,"EOD_vs_CN",322,"study_1"
"APOH",-0.0505520228294664,0.0510842839539243,0.979270014322633,0.324133088165506,0.491810467638008,"EOD_vs_CN",322,"study_1"
"SERPINA4",-0.0652357317785407,0.0517949581892335,1.58633937162984,0.210179417381521,0.374722992407711,"EOD_vs_CN",322,"study_1"
"NPC2",0.0641724549729594,0.0167864525765844,14.6143482508014,0.000205461035987646,0.00170748062568765,"EOD_vs_CN",322,"study_1"
"ADGRB1",-0.0994604142862626,0.0349650904048543,8.09154058564422,0.00519834083831144,0.0259413570647939,"EOD_vs_CN",322,"study_1"
"IGKV3-20",-0.0821945446145703,0.0677049900249823,1.47382062703892,0.227072509984924,0.391301373811813,"EOD_vs_CN",322,"study_1"
"ITIH4",-0.103209502656463,0.0495069312255951,4.34617648042419,0.0387980424721159,0.117247456796233,"EOD_vs_CN",322,"study_1"
"BGLAP",0.102418959000769,0.0513051720652619,3.98509260258006,0.0481952406370659,0.13931331129452,"EOD_vs_CN",289,"study_1"
"RTN4RL2",-0.131890727489365,0.0334144438691414,15.5797345130301,0.000130782131242162,0.00114212700207668,"EOD_vs_CN",322,"study_1"
"DAG1",-0.024061262222198,0.0112720431746914,4.55650157912225,0.0350908473588489,0.110247311595408,"EOD_vs_CN",322,"study_1"
"CD99",0.0351288979126331,0.0168224576205584,4.36063929744518,0.0387090482858684,0.117150291508333,"EOD_vs_CN",322,"study_1"
"CGREF1",-0.0735015990471702,0.0311528700301974,5.56669527449205,0.0199409086168247,0.0724836202103627,"EOD_vs_CN",322,"study_1"
"DIPK1C",-0.00344323161619253,0.0261683444577554,0.017313304972511,0.895485847656527,0.935500877275726,"EOD_vs_CN",322,"study_1"
"CFHR1",-0.00642348089254902,0.052919092775687,0.0147338448649345,0.903546715165251,0.94098523494471,"EOD_vs_CN",322,"study_1"
"CLU",-0.0365178860793728,0.0156128757340087,5.47073215955454,0.0207106537381599,0.0743635145546124,"EOD_vs_CN",322,"study_1"
"FSTL4",-0.118388298827059,0.0305579279733708,15.0096219685481,0.000162780485189132,0.00138061967067819,"EOD_vs_CN",322,"study_1"
"NTRK2",-0.03655435732875,0.0196577045752074,3.45790213452968,0.0643361344457993,0.170074946521886,"EOD_vs_CN",322,"study_1"
"NXPH4",0.021535929323439,0.0311077730657097,0.479280092513735,0.490133097098975,0.645130806720344,"EOD_vs_CN",322,"study_1"
"ADAM22",-0.0180668946092231,0.0250613800363592,0.519705194623595,0.472314978736223,0.630488688491806,"EOD_vs_CN",322,"study_1"
"CCN3",0.0794418836460498,0.0242022795169789,10.7742369280384,0.00136649205117771,0.00843215604035106,"EOD_vs_CN",322,"study_1"
"CNTN4",-0.0132870679122823,0.018156481861239,0.535543693258235,0.465640042976928,0.625201386694103,"EOD_vs_CN",322,"study_1"
"SPOCK2",0.0610229910784299,0.0233383963764103,6.83667537627024,0.00984899092237102,0.0429810278531917,"EOD_vs_CN",322,"study_1"
"KRT9",0.149298852472643,0.160838999382889,0.86164865458319,0.355440720282004,0.526645093099361,"EOD_vs_CN",322,"study_1"
"TNR",-0.0632060711538708,0.0178733655096766,12.5056110731173,0.00055702770112425,0.00390088133734071,"EOD_vs_CN",322,"study_1"
"IGHA2",-0.110182008447259,0.0867678353257959,1.61251529814413,0.206526776032274,0.369810326153359,"EOD_vs_CN",322,"study_1"
"LRRC4B",-0.00780526971879653,0.0236708618713185,0.108729574367438,0.742112116937541,0.84084281088965,"EOD_vs_CN",322,"study_1"
"CTSD",-0.00795121050960018,0.0354619329908769,0.0502737977446483,0.822985340433588,0.890379415555709,"EOD_vs_CN",322,"study_1"
"CTSZ",-0.0706413368623691,0.027241231196736,6.7245674619097,0.010688157172023,0.0455214486602933,"EOD_vs_CN",322,"study_1"
"CANT1",-0.0911932068998719,0.0201150730907929,20.5533087771621,1.43445022106176e-05,0.000160674016609146,"EOD_vs_CN",322,"study_1"
"PCSK1N",-0.0676225908201473,0.0237760321598445,8.08918657949359,0.00529115022511944,0.0263407261207033,"EOD_vs_CN",322,"study_1"
"CBLN4",-0.127001189671093,0.0350005787670612,13.1663418418893,0.00041859958332261,0.00307022683710996,"EOD_vs_CN",322,"study_1"
"GM2A",0.0371885400796032,0.0230368880329694,2.60597734561328,0.109208595855585,0.245987886402579,"EOD_vs_CN",322,"study_1"
"C9",-0.0799071625691049,0.05120460200899,2.43530538598168,0.120995942467407,0.262175559051414,"EOD_vs_CN",322,"study_1"
"CALR",0.0225102909717207,0.0192404538598944,1.36877351402464,0.24396125538755,0.408783859637187,"EOD_vs_CN",322,"study_1"
"COL6A1",-0.0305153849888262,0.0219674143517543,1.92965568521068,0.167147928782271,0.325606693024821,"EOD_vs_CN",322,"study_1"
"CAMK2B",0.138583738288497,0.0212581159525865,42.4986369538629,1.20192401123488e-09,2.52771978281131e-08,"EOD_vs_CN",322,"study_1"
"SPINK6",0.0122261877481656,0.0438604411099824,0.0777027037884857,0.780874385622943,0.862763243489828,"EOD_vs_CN",322,"study_1"
"APOB",-0.0746291198996268,0.0592410504889724,1.58697884684338,0.209564783192462,0.373950665073302,"EOD_vs_CN",322,"study_1"
"AFM",-0.145495736406752,0.0580342770032607,6.28537765581586,0.0134652728724734,0.0544912429425627,"EOD_vs_CN",322,"study_1"
"PTPRF",-0.0142183585814339,0.019727045237202,0.519487192128682,0.472515893266834,0.630488688491806,"EOD_vs_CN",322,"study_1"
"LGALS3BP",-0.0422502803346682,0.0196832675071981,4.60749423075162,0.0338084537936321,0.107198805028732,"EOD_vs_CN",322,"study_1"
"ECM1",-0.0904643281665716,0.0218308691987756,17.1716753642589,6.36126525928549e-05,0.000612643350438663,"EOD_vs_CN",322,"study_1"
"SLITRK4",-0.118294027371083,0.0342111876230964,11.9560943642772,0.000756791909182418,0.00513075041060843,"EOD_vs_CN",322,"study_1"
"PCSK2",-0.248447510021632,0.0331909970049533,56.0310422305537,5.85186279031464e-12,1.74792597258529e-10,"EOD_vs_CN",322,"study_1"
"VSIG4",0.124759515490823,0.0321717680846761,15.0382569208942,0.000184365764693717,0.0015446253700559,"EOD_vs_CN",322,"study_1"
"SUSD5",-0.0179678427360076,0.0234174802118674,0.588723743806309,0.444442187155976,0.606359807563747,"EOD_vs_CN",322,"study_1"
"B4GAT1",-0.0653521070989357,0.0172622809577838,14.3325289570954,0.000225417981161854,0.00184359706021659,"EOD_vs_CN",322,"study_1"
"NEGR1",-0.071717102220366,0.0223502992639712,10.2962429442074,0.00164958324775167,0.00997006179946096,"EOD_vs_CN",322,"study_1"
"PEBP4",-0.0873087783807541,0.0327182904695408,7.12089555526111,0.00855670471588697,0.0387953564799353,"EOD_vs_CN",322,"study_1"
"GMFB",0.227740490066139,0.0323212164489202,49.6483827674038,4.03096352896455e-10,9.23090648132882e-09,"EOD_vs_CN",322,"study_1"
"SCRG1",0.0494356840062399,0.022128094989825,4.99106287531789,0.0273787919065332,0.0910124034183306,"EOD_vs_CN",322,"study_1"
"NUCB1",-0.0394177192429228,0.0161384058692222,5.96570421448427,0.0158115392457046,0.0616022351330758,"EOD_vs_CN",322,"study_1"
"A8MTW9",0.150600452975938,0.0629411612583621,5.72509969303345,0.0180928336632155,0.0677987821452495,"EOD_vs_CN",286,"study_1"
"A4GALT",-0.0307171031112626,0.0227358642619559,1.82531396130052,0.178882775609219,0.339169641702484,"EOD_vs_CN",322,"study_1"
"AAMDC",0.178317203505183,0.0738438616345856,5.83119667395727,0.0179761710672382,0.0677310577140363,"EOD_vs_CN",205,"study_1"
"AARS1",0.0327058155015585,0.0433659617296246,0.56879006312502,0.45321253395886,0.613902799038591,"EOD_vs_CN",210,"study_1"
"ABCA2",0.0257108995484459,0.0225740908892453,1.29722110147962,0.257096584341729,0.424580176545115,"EOD_vs_CN",322,"study_1"
"ABHD14A",-0.0759568251364025,0.0310096005637054,5.99986202312182,0.0156149940373412,0.0612542355467934,"EOD_vs_CN",282,"study_1"
"ABHD14B",0.0227523185801313,0.033858293599316,0.45156595019185,0.502489266489293,0.654220074690103,"EOD_vs_CN",322,"study_1"
"ABI3BP",-0.00876337690014109,0.0253885024559176,0.11914307685709,0.730487552599604,0.830812733460793,"EOD_vs_CN",322,"study_1"
"ACAN",0.0707597030356979,0.0480337655372233,2.17009494577676,0.143362669668152,0.291966859867649,"EOD_vs_CN",322,"study_1"
"ACE",-0.0566005419138709,0.0160549605465476,12.4286138018373,0.000565695486908216,0.00393884594093862,"EOD_vs_CN",322,"study_1"
"ACHE",0.147196675250594,0.0417354705667626,12.4389972624925,0.000670175751053589,0.00460410740973816,"EOD_vs_CN",322,"study_1"
"ACO2",0.0133641424651987,0.0547708156719599,0.0595365652535652,0.807840670095407,0.88233154269562,"EOD_vs_CN",219,"study_1"
"ACP2",-0.0516501073802045,0.0255790737056774,4.07730153636226,0.0456945360099036,0.133583601016186,"EOD_vs_CN",311,"study_1"
"ACP6",-0.011411323846534,0.0791583761518746,0.0207815677805108,0.88580244221928,0.930498895725758,"EOD_vs_CN",203,"study_1"
"ACVR1",-0.0301428087268436,0.0326299489109784,0.853364648497587,0.357698176428911,0.528849312496403,"EOD_vs_CN",243,"study_1"
"ACVR1B",0.0109551835295858,0.030040166212892,0.132994797513439,0.716029891396792,0.823177463295827,"EOD_vs_CN",322,"study_1"
"ACYP1",0.0705862027880032,0.0242792324034585,8.45219940625241,0.00429845845243191,0.0222033154648175,"EOD_vs_CN",322,"study_1"
"ADA2",0.026087249533996,0.031214305538737,0.698472369164185,0.404783150923478,0.571018531179527,"EOD_vs_CN",322,"study_1"
"ADAM10",-0.0492244860480327,0.0156863288370659,9.84735853903536,0.00201721086018591,0.0118446483841686,"EOD_vs_CN",322,"study_1"
"ADAM11",-0.0128148194316722,0.0256994516898591,0.248643589681927,0.618913314898,0.750058126089153,"EOD_vs_CN",322,"study_1"
"ADAM15",-0.087235986206773,0.0240878371533921,13.1158287449848,0.000421993810916917,0.00308072225231102,"EOD_vs_CN",318,"study_1"
"ADAM17",-0.0206919713175,0.0183151892736479,1.27638271188335,0.260752451150101,0.42662841861855,"EOD_vs_CN",322,"study_1"
"ADAM23",-0.0229655206443158,0.0195337737422112,1.38222990616105,0.242082084534883,0.407623509988883,"EOD_vs_CN",322,"study_1"
"ADAM28",0.0125491716939591,0.0366836340528719,0.117026823691983,0.732869928354536,0.831332091815959,"EOD_vs_CN",322,"study_1"
"ADAM9",-0.0390528099246913,0.0166900755041125,5.47504852368598,0.020992246782725,0.074982704712645,"EOD_vs_CN",322,"study_1"
"ADAMDEC1",-0.0733062493017689,0.0441413299983288,2.7579803649875,0.0996082906031514,0.230148752167147,"EOD_vs_CN",322,"study_1"
"ADAMTS1",-0.0141899429336982,0.0219761510964642,0.416925091743822,0.519635457555995,0.66685471856968,"EOD_vs_CN",322,"study_1"
"ADAMTS2",-0.00823472934163921,0.0236836295004874,0.120893274723873,0.728681640635784,0.830189530873605,"EOD_vs_CN",322,"study_1"
"ADAMTS8",-0.0542771985975214,0.0285952096125883,3.60286741062194,0.0597380349303356,0.16136863612938,"EOD_vs_CN",322,"study_1"
"ADAMTSL1",-0.123852146744417,0.0819963346728573,2.28148805118422,0.134072834547451,0.280801742780649,"EOD_vs_CN",207,"study_1"
"ADAMTSL2",-0.00539967936655394,0.0307672953890995,0.0308004670504717,0.861055844625478,0.912409303739388,"EOD_vs_CN",316,"study_1"
"ADAMTSL3",0.0141100665634452,0.0246235004445115,0.328366271421351,0.567666983899563,0.703869755426777,"EOD_vs_CN",322,"study_1"
"ADAMTSL4",-0.0613488882326643,0.0334993747803039,3.35382185496116,0.0689414357401788,0.177610373825636,"EOD_vs_CN",286,"study_1"
"ADARB1",-0.111390109678189,0.0887583236106515,1.57498013694987,0.211961779839485,0.37692254378704,"EOD_vs_CN",312,"study_1"
"ADCYAP1",-0.12262847262526,0.0399656279255812,9.41476223004545,0.00262917721984436,0.0147248213317914,"EOD_vs_CN",257,"study_1"
"ADCYAP1R1",0.0584325057059502,0.0301560027258501,3.75458095180699,0.0560988731963276,0.154980656169936,"EOD_vs_CN",258,"study_1"
"ADGRB3",-0.0710783960344546,0.0228747189157257,9.655254049655,0.00229003708350043,0.0131104623030399,"EOD_vs_CN",322,"study_1"
"ADGRG1",0.0517226354270043,0.0322432847974331,2.57325444829627,0.111296227766928,0.249327745030042,"EOD_vs_CN",313,"study_1"
"ADGRL1",-0.0710088111780537,0.0146683027781464,23.4349888763182,3.38995360659029e-06,4.36668398948911e-05,"EOD_vs_CN",322,"study_1"
"ADGRL2",-0.0800769918575881,0.0244428450080694,10.7327742004146,0.00134819510332194,0.00836936779501964,"EOD_vs_CN",292,"study_1"
"ADGRL3",-0.0379624601953685,0.0169878328347883,4.99381835862544,0.0270185715133349,0.0901056244158306,"EOD_vs_CN",322,"study_1"
"ADH1B",-0.0144775218470944,0.0863152502526707,0.0281328279292377,0.867160389711821,0.918405736483074,"EOD_vs_CN",239,"study_1"
"ADH5",0.00686816827414977,0.0556303294902022,0.0152425837442391,0.901998889346659,0.939848185512368,"EOD_vs_CN",197,"study_1"
"ADIPOQ",-0.0914991437970417,0.0570015995249111,2.57667696604306,0.110809113278091,0.248506618570344,"EOD_vs_CN",312,"study_1"
"ADIRF",0.142660418496145,0.0400055428444386,12.7164723628476,0.000557924572693703,0.00390088133734071,"EOD_vs_CN",295,"study_1"
"ADM",-0.0141034274046888,0.0197507983617522,0.509894144079546,0.476511327365997,0.633890873641865,"EOD_vs_CN",322,"study_1"
"ADPGK",-0.0288592236385156,0.0527582808003597,0.299218207735286,0.585659078608855,0.718232395897905,"EOD_vs_CN",230,"study_1"
"AHCY",0.102636698742401,0.062526969344324,2.69445286797952,0.102759287700073,0.235128000420151,"EOD_vs_CN",239,"study_1"
"AHNAK",-0.0499002712277358,0.0327603471776303,2.32011131066823,0.129997350866918,0.275720341588924,"EOD_vs_CN",322,"study_1"
"AK1",0.0161534332134093,0.047160616449846,0.117319643429133,0.732316836069615,0.831332091815959,"EOD_vs_CN",322,"study_1"
"AKAP12",-0.00180969809177636,0.0529221600977797,0.00116933010883962,0.972789316699806,0.98425075194811,"EOD_vs_CN",267,"study_1"
"AKR1A1",0.102565631733094,0.0277504805289015,13.6603775618329,0.000298351637439109,0.00227741749911853,"EOD_vs_CN",322,"study_1"
"AKR1B1",0.0971399416106068,0.0239292163719799,16.4792985894208,9.34332121208883e-05,0.00084458706219803,"EOD_vs_CN",322,"study_1"
"ALAD",-0.0473765179561813,0.0736736042880249,0.413525639588623,0.520889526875191,0.667514320606976,"EOD_vs_CN",320,"study_1"
"ALB",-0.0935543295159363,0.0477229819006363,3.84301993273109,0.0520694037081308,0.147618754280404,"EOD_vs_CN",322,"study_1"
"ALDH1A1",-0.029616032814617,0.0351767393664009,0.708830837671269,0.400729594325236,0.568021797733365,"EOD_vs_CN",322,"study_1"
"AMIGO2",-0.0551322390925464,0.0462698377234569,1.41976121867254,0.236672816895223,0.402793291181714,"EOD_vs_CN",232,"study_1"
"AMY2A",-0.0248858531717827,0.0818395999604246,0.0924651488620237,0.761710562195597,0.851062525890981,"EOD_vs_CN",234,"study_1"
"AMY2B",-0.0251619600587813,0.0237877715988568,1.11887460658147,0.291935090841146,0.459647228589459,"EOD_vs_CN",322,"study_1"
"ANGPTL1",0.00856485409018867,0.0245808811523563,0.121407367838915,0.728056670573118,0.830189530873605,"EOD_vs_CN",322,"study_1"
"ANGPTL2",-0.0221462691440416,0.0154716365619973,2.0489371513828,0.154568832418503,0.309588302832395,"EOD_vs_CN",322,"study_1"
"ANGPTL4",0.17993614177204,0.0634644164408901,8.03852239334853,0.00569155762467247,0.0278629459963182,"EOD_vs_CN",313,"study_1"
"ANGPTL7",-0.136101896442968,0.0567739264316083,5.74685834218688,0.0180179693235204,0.0677646619995906,"EOD_vs_CN",322,"study_1"
"ANPEP",-0.0576970460294407,0.0242679785523267,5.65249195076307,0.0187183489917436,0.0691742366850958,"EOD_vs_CN",322,"study_1"
"ANTXR1",0.00359564844768764,0.0172737944296784,0.0433290286542368,0.835449072942384,0.89680236423659,"EOD_vs_CN",322,"study_1"
"ANTXR2",-0.0661304782695691,0.0355607628143738,3.45828825986075,0.0649819466228986,0.170826265293105,"EOD_vs_CN",308,"study_1"
"ANXA1",0.0663751205917087,0.0766201229494715,0.750455521287887,0.388549721343683,0.555340482447525,"EOD_vs_CN",198,"study_1"
"ANXA2",-0.0789100515668061,0.0792662610986113,0.991032523715042,0.321705274964172,0.490410186169495,"EOD_vs_CN",309,"study_1"
"ANXA5",0.0311652185228922,0.0373968513849905,0.69449684298428,0.406449150851827,0.572903919451029,"EOD_vs_CN",322,"study_1"
"ANXA6",0.0494132998601578,0.043636244801082,1.28230984262422,0.259699474693546,0.426389680618368,"EOD_vs_CN",306,"study_1"
"ANXA7",0.00219596705388658,0.0593611936128443,0.00136850500544179,0.970540576023036,0.982648425656066,"EOD_vs_CN",265,"study_1"
"AOC3",-0.0528985672028701,0.0427022286113218,1.53457011220538,0.218312399630383,0.382851273622314,"EOD_vs_CN",313,"study_1"
"AP1B1",0.0283228051935397,0.0265637000576296,1.13682965758809,0.288253244183028,0.456258611615834,"EOD_vs_CN",301,"study_1"
"AP2A1",0.0200968824978291,0.0275256673259797,0.533066846825733,0.46661035533851,0.625606028216826,"EOD_vs_CN",294,"study_1"
"AP2A2",0.0352203598135471,0.031714591677497,1.23330169488349,0.269035778501857,0.435229779821293,"EOD_vs_CN",305,"study_1"
"AP2B1",0.0993653158184649,0.0198632565921126,25.0246912995038,1.79789198531297e-06,2.48688280653022e-05,"EOD_vs_CN",322,"study_1"
"APMAP",-0.122789460883305,0.0379562713480981,10.4653823468473,0.00146327298255417,0.00892250182557439,"EOD_vs_CN",322,"study_1"
"APOC2",-0.209831396511073,0.06124490632952,11.7381861524739,0.000795645342012337,0.00532410730482931,"EOD_vs_CN",322,"study_1"
"APOC4",-0.0465043304423778,0.0965120242701951,0.232179537807923,0.630922509371639,0.758653029063563,"EOD_vs_CN",205,"study_1"
"APOF",-0.129718882899603,0.0521971781975176,6.17607198174997,0.0139304387103632,0.0559661485030382,"EOD_vs_CN",321,"study_1"
"APOL1",-0.17501778868854,0.0679955305642421,6.62527105351573,0.0111080828018996,0.047009771364918,"EOD_vs_CN",322,"study_1"
"AQP4",0.150251694080267,0.0218327850339426,47.3609578592418,3.1895305630565e-10,7.47002555734028e-09,"EOD_vs_CN",322,"study_1"
"ARG1",-0.010353834982199,0.170301418260771,0.0036962892433994,0.951701446820219,0.970537695149169,"EOD_vs_CN",220,"study_1"
"ARHGDIA",0.0638459259352787,0.0288545047710857,4.89597430278616,0.0283504221777954,0.0939392606244958,"EOD_vs_CN",321,"study_1"
"ARHGDIB",-0.0410270541642742,0.0290771009312409,1.99084964295222,0.159895474897776,0.315958364107685,"EOD_vs_CN",322,"study_1"
"ARPC2",0.0257012211854142,0.0515761996085298,0.248318366320427,0.61935991539829,0.750058126089153,"EOD_vs_CN",262,"study_1"
"ARPC4",0.174280347781427,0.0446965286170937,15.2036984220837,0.000147188132006949,0.00126926669483817,"EOD_vs_CN",286,"study_1"
"ARSA",-0.0107058728406444,0.0285201958546273,0.140909136745978,0.708118824390106,0.818067767414803,"EOD_vs_CN",322,"study_1"
"ARSB",-0.0326056326394878,0.0389601153941063,0.700397832201577,0.404643763940893,0.571018531179527,"EOD_vs_CN",265,"study_1"
"ARSG",-0.0811014508401374,0.0549252399311122,2.18028527375587,0.142428614975002,0.291219428817903,"EOD_vs_CN",322,"study_1"
"ASAH1",-0.0597642393637888,0.0365069386487415,2.67998251778587,0.104559499706698,0.238036076632577,"EOD_vs_CN",322,"study_1"
"ASPH",-0.00420246984888115,0.0120842605078064,0.120939746608424,0.728474385826786,0.830189530873605,"EOD_vs_CN",322,"study_1"
"ASPRV1",-0.133660493400466,0.031241173567226,18.3042290027228,3.39791118205967e-05,0.000353691663950757,"EOD_vs_CN",251,"study_1"
"ASRGL1",0.213976727791088,0.0487540023915676,19.262494827316,2.75454570873155e-05,0.000292634984829676,"EOD_vs_CN",221,"study_1"
"ASTN1",-0.0277903025866331,0.027213416076214,1.04284659478053,0.308723179162793,0.477625512237409,"EOD_vs_CN",316,"study_1"
"ATF6",-0.00457748442146583,0.0256244349363021,0.031911348396591,0.85854074910924,0.910680640202853,"EOD_vs_CN",299,"study_1"
"ATF6B",0.0598698840611872,0.0307508425057619,3.7905549454424,0.0541394666437398,0.151811484017344,"EOD_vs_CN",299,"study_1"
"ATOX1",0.15657766880424,0.0230220935161609,46.2562070426652,2.67765338590138e-10,6.49252191569734e-09,"EOD_vs_CN",322,"study_1"
"ATP1A1",-0.00560801772822395,0.0340358875763241,0.0271484222163251,0.869411408128701,0.919844410756289,"EOD_vs_CN",320,"study_1"
"ATP1A2",0.0212270954261837,0.0203094314118138,1.09240986820093,0.297788812890704,0.465970973908643,"EOD_vs_CN",322,"study_1"
"ATP1A3",-0.035156166131703,0.0299486194466051,1.37800058351701,0.242882668218896,0.407971621189197,"EOD_vs_CN",300,"study_1"
"ATP1B1",0.00763590661913949,0.013212588231982,0.333999192169712,0.564278441564199,0.70185749430526,"EOD_vs_CN",322,"study_1"
"ATP1B2",0.0136816820244919,0.0247730097055386,0.305015170243193,0.581816154718469,0.715467240378738,"EOD_vs_CN",322,"study_1"
"ATP1B3",0.00171376136872957,0.0413659237279385,0.00171638710846659,0.967090422476357,0.980409916735747,"EOD_vs_CN",193,"study_1"
"ATP2B2",-0.145415755118116,0.0558917879845084,6.76903749538869,0.010383651336098,0.0444989554373049,"EOD_vs_CN",198,"study_1"
"ATRNL1",0.0338950658813154,0.0297325242866822,1.29959909471055,0.256134896550441,0.423331212341988,"EOD_vs_CN",322,"study_1"
"AVP",0.0716410084578397,0.0439012386507177,2.66299182704582,0.105497713776122,0.239527849547115,"EOD_vs_CN",317,"study_1"
"B3GALNT1",-0.0171117698100747,0.0167902967964324,1.03865929662726,0.310212354266318,0.478658942562527,"EOD_vs_CN",322,"study_1"
"B3GAT1",0.0241255103419887,0.0358123410781483,0.453824140564735,0.501959973670831,0.654220074690103,"EOD_vs_CN",231,"study_1"
"B3GAT3",-0.00523996093442453,0.0174365523092798,0.0903097966496743,0.764294926240825,0.852505129433257,"EOD_vs_CN",322,"study_1"
"B3GNT7",-0.0877736811447435,0.0448665668369972,3.82721577081765,0.0526958804795543,0.148775629682687,"EOD_vs_CN",308,"study_1"
"B3GNT8",-0.0403610244732295,0.0315335644015174,1.63824267365845,0.202560521676236,0.366753585394088,"EOD_vs_CN",322,"study_1"
"B3GNT9",-0.0204558842313657,0.0219755615808774,0.866476023930385,0.353689416890001,0.524804815126201,"EOD_vs_CN",322,"study_1"
"B4GALNT1",0.000818534355924272,0.0268007030287556,0.000932784782040566,0.975666520644241,0.985227192086125,"EOD_vs_CN",322,"study_1"
"B4GALNT4",0.049028910124916,0.0257850790501528,3.61549316035096,0.0598183590503865,0.16136863612938,"EOD_vs_CN",322,"study_1"
"B4GALT1",-0.00869962497327015,0.0168151023587699,0.267671437888938,0.605825832033748,0.740340291564033,"EOD_vs_CN",322,"study_1"
"B4GALT2",-0.000114398008168995,0.0459105871791447,6.20885090539233e-06,0.998016344102114,0.998985762600514,"EOD_vs_CN",275,"study_1"
"B4GALT3",0.0362495928958058,0.0437498101821216,0.686521149419558,0.410073946187386,0.57690266422676,"EOD_vs_CN",216,"study_1"
"BACE1",0.0412914657639581,0.0265976159153708,2.41010064483725,0.122235745789073,0.263551107230795,"EOD_vs_CN",322,"study_1"
"BAMBI",-0.00871413702183829,0.0296177903477542,0.086565224538059,0.76913181889418,0.855005759838676,"EOD_vs_CN",311,"study_1"
"BCAM",0.00466856405015756,0.0157340468851232,0.0880411614120742,0.767232304982724,0.853815216290169,"EOD_vs_CN",322,"study_1"
"BDNF",-0.242782285551096,0.043069907369857,31.7750407098535,1.28398436344074e-07,2.20524314420947e-06,"EOD_vs_CN",322,"study_1"
"BGN",-0.0238386138247163,0.0363082309961876,0.431073987703353,0.512872979556399,0.660644506791087,"EOD_vs_CN",322,"study_1"
"BID",-0.0307474562603358,0.0385242304252324,0.637016147226639,0.426760765030891,0.58872418790406,"EOD_vs_CN",244,"study_1"
"BIN1",0.157938270163979,0.0344677275405866,20.9966230523562,1.21147920471563e-05,0.000136440362891744,"EOD_vs_CN",299,"study_1"
"BLMH",0.106954790029094,0.0289965946177761,13.6052486974702,0.000372200124982919,0.00274947834261575,"EOD_vs_CN",322,"study_1"
"BLVRB",-0.172933131314654,0.0710238218525816,5.92854791207153,0.0156627763867832,0.0612542355467934,"EOD_vs_CN",308,"study_1"
"BMP1",-0.0571376766220406,0.0395053392718885,2.09186455790657,0.15128079053942,0.304185082245604,"EOD_vs_CN",289,"study_1"
"BMP5",0.0370110142621373,0.0491784258596716,0.566386282937851,0.453352770566102,0.613902799038591,"EOD_vs_CN",243,"study_1"
"BMP6",0.0794000070164544,0.024852327646728,10.2072074262792,0.00181814409718893,0.0108131502337837,"EOD_vs_CN",322,"study_1"
"BMP7",-0.0101861116494182,0.0434335119245474,0.0550005421973037,0.814993658321805,0.886386242639177,"EOD_vs_CN",290,"study_1"
"BMPR2",0.0310637854571852,0.0260629581071644,1.42056576531473,0.235300530203895,0.400788754339031,"EOD_vs_CN",316,"study_1"
"BOD1L1",-0.111504950403479,0.0498494815356456,5.00342053016755,0.0271192913038878,0.0902954109488091,"EOD_vs_CN",215,"study_1"
"BPNT1",0.111204267129978,0.047195352171058,5.55193588763136,0.0204150743343427,0.0739463413059409,"EOD_vs_CN",261,"study_1"
"BRINP1",-0.0203877166431834,0.0248407216230819,0.673610366380622,0.413052441061603,0.579116381651676,"EOD_vs_CN",322,"study_1"
"BSG",0.00675144929657703,0.021197021382323,0.101448199851379,0.750639857032617,0.843735239336488,"EOD_vs_CN",322,"study_1"
"BST1",-0.025101996588279,0.029687073315898,0.714960028747089,0.399286811723931,0.567538013077946,"EOD_vs_CN",322,"study_1"
"C11orf87",-0.0252966741202532,0.0357850086128229,0.499717547611012,0.480919244431932,0.637411294388561,"EOD_vs_CN",321,"study_1"
"SPRING1",-0.0432460305029653,0.0250401520597405,2.98276183028927,0.0868973514836266,0.209290538561232,"EOD_vs_CN",322,"study_1"
"C1GALT1",-0.0211764831484113,0.0233230971937309,0.824394773428489,0.365641754207962,0.536743344318098,"EOD_vs_CN",322,"study_1"
"C1GALT1C1",-0.062631640728125,0.0196674545159709,10.141244856789,0.00178831160701443,0.0107142739013277,"EOD_vs_CN",301,"study_1"
"C1QL1",0.0539799246336885,0.0219103549854895,6.06967894679838,0.0150058448449026,0.0595896844418965,"EOD_vs_CN",322,"study_1"
"C1QL2",-0.130075748769242,0.0616711867984134,4.44864813834531,0.037793340818831,0.1156003982922,"EOD_vs_CN",239,"study_1"
"C1QL3",0.0757707774680006,0.0442840717016701,2.92757747094253,0.0900651695720217,0.212820280084128,"EOD_vs_CN",311,"study_1"
"C1QTNF1",-0.0394823349303436,0.0198537707788814,3.95475560080123,0.0489176645157831,0.14100602317067,"EOD_vs_CN",322,"study_1"
"C1QTNF4",-0.0384422944078149,0.0200419853397623,3.67906211770159,0.0577880171327025,0.157603048895731,"EOD_vs_CN",322,"study_1"
"C1QTNF5",-0.0100091336361097,0.0258301561960737,0.150154693116493,0.699045637522199,0.811223569219174,"EOD_vs_CN",322,"study_1"
"C4BPB",-0.173942744018749,0.0788920782747433,4.86122631351168,0.0289554983788666,0.0948968460491436,"EOD_vs_CN",283,"study_1"
"QNG1",0.132844557228965,0.0453061865217317,8.5975065243848,0.00391779573248213,0.0207040436016555,"EOD_vs_CN",242,"study_1"
"CA10",-0.0423777933347644,0.0282142906809375,2.25599641204022,0.135628963935898,0.282069923987775,"EOD_vs_CN",322,"study_1"
"CA11",-0.112391764348962,0.0330475589820199,11.5661868792854,0.00089591035987934,0.00591817708881833,"EOD_vs_CN",322,"study_1"
"CA14",0.00187734075907464,0.01943569422918,0.00933009579128574,0.923178303043109,0.952287528814738,"EOD_vs_CN",312,"study_1"
"CA2",-0.25263184945138,0.114387451711572,4.87774882345211,0.0283964352776219,0.0939406951961137,"EOD_vs_CN",322,"study_1"
"CA3",-0.210395714065216,0.128003693646136,2.70164806235231,0.102909605625715,0.235140462521729,"EOD_vs_CN",256,"study_1"
"CA4",-0.0439963773498729,0.0265483182581843,2.74637480326961,0.099904769024276,0.230575284388615,"EOD_vs_CN",322,"study_1"
"CAB39",0.135389026142424,0.0486802524653592,7.73501722059153,0.00657262566565132,0.0315761806454717,"EOD_vs_CN",206,"study_1"
"CACHD1",-0.0556795767009621,0.0256679095526709,4.70555494966575,0.0320172940334883,0.102596164378512,"EOD_vs_CN",322,"study_1"
"CACNA2D2",-0.0346876114081613,0.0201248314245187,2.97087437796123,0.0873826202484135,0.209636650067143,"EOD_vs_CN",322,"study_1"
"CACNA2D3",-0.0525184752861245,0.0286836406016996,3.35239877915305,0.0697015399688216,0.179120790368755,"EOD_vs_CN",322,"study_1"
"CACYBP",0.129715013256182,0.0348528834450372,13.8516994852541,0.000336684431079369,0.00252329677256211,"EOD_vs_CN",208,"study_1"
"CADPS",0.0441407317569258,0.0413684281089909,1.13852092965861,0.288175858335438,0.456258611615834,"EOD_vs_CN",255,"study_1"
"CALB2",0.171827333925089,0.0244964540796695,49.2014674300137,1.33027277964109e-10,3.34352707175645e-09,"EOD_vs_CN",322,"study_1"
"CALCA",-0.00450610719462435,0.0419125773470378,0.0115588413223552,0.9145616522428,0.945765963508485,"EOD_vs_CN",322,"study_1"
"CALU",-0.0224786962120929,0.0278580316655388,0.651090533190261,0.421798328404947,0.585011005950603,"EOD_vs_CN",241,"study_1"
"CALY",-0.0143962543462458,0.0332298166191106,0.187690863654531,0.665645458088543,0.78304525634731,"EOD_vs_CN",322,"study_1"
"CAMK2D",0.127078068361686,0.0202729345479366,39.2923472058209,3.27240635242643e-09,6.67765296272363e-08,"EOD_vs_CN",322,"study_1"
"CAMK2G",0.0939932490921822,0.0282922862463833,11.0371574424151,0.00113459961086072,0.0072621422297638,"EOD_vs_CN",322,"study_1"
"CAND1",0.290444380105046,0.0473599278398893,37.6100483035092,4.47200029225806e-09,8.77789771651797e-08,"EOD_vs_CN",309,"study_1"
"CAP1",-0.000501864184174805,0.0538818558935523,8.67535617380544e-05,0.992584923098972,0.995967637053058,"EOD_vs_CN",230,"study_1"
"CAP2",0.135631487131075,0.0317209562218375,18.2822021231282,4.35383114791264e-05,0.000439864999796469,"EOD_vs_CN",257,"study_1"
"CAPG",0.117815512588586,0.0270007752916031,19.0393661149389,2.44874052092663e-05,0.000262856990293218,"EOD_vs_CN",322,"study_1"
"CAPN1",-0.0417501928259801,0.0699823876576257,0.355909401297456,0.551738105177486,0.694519395847888,"EOD_vs_CN",239,"study_1"
"CAPS",-0.0622509538589236,0.0589958698134542,1.11339381304292,0.295224586479197,0.463410413353865,"EOD_vs_CN",199,"study_1"
"GOLM2",0.0148004814834079,0.0163170548835147,0.822750470285509,0.366139439288653,0.536763157555667,"EOD_vs_CN",322,"study_1"
"CASP14",-0.0281954547156305,0.122537312447603,0.0529445795856444,0.818531111683022,0.888826460052006,"EOD_vs_CN",270,"study_1"
"CAST",-0.0228971127068247,0.0495888521078377,0.21320301070621,0.644931941953514,0.770022663838982,"EOD_vs_CN",243,"study_1"
"CAT",-0.137015237553918,0.0983245568462153,1.94184133130544,0.165212120320099,0.323363893617972,"EOD_vs_CN",322,"study_1"
"CBLN2",-0.0342441612226375,0.0378541399703388,0.818363589948445,0.367712089399668,0.537485543441642,"EOD_vs_CN",304,"study_1"
"CBR1",0.0484138567493904,0.0257614784480448,3.5318137632075,0.0625458216182961,0.165903395566677,"EOD_vs_CN",322,"study_1"
"CCDC126",-0.0607027286999269,0.0188241363945126,10.3988737550378,0.0016400333397559,0.00994149621540269,"EOD_vs_CN",322,"study_1"
"CCDC80",0.0444401703754107,0.0282923320353963,2.46725443334244,0.119065149647779,0.259950501508552,"EOD_vs_CN",276,"study_1"
"CCER2",-0.0695133412538581,0.030193698460898,5.30033965591073,0.0229867473258449,0.0814015227466774,"EOD_vs_CN",322,"study_1"
"CCK",-0.07102169649055,0.0350934878216775,4.09570829124124,0.0453990166470411,0.132908200723795,"EOD_vs_CN",322,"study_1"
"CCL14",0.00233850245007616,0.0365685211127824,0.00408941197322527,0.949119718385372,0.969044778421137,"EOD_vs_CN",322,"study_1"
"CCL19",0.0719242432365165,0.0734222665656545,0.959610580617884,0.32994736987824,0.497819567583494,"EOD_vs_CN",254,"study_1"
"UQCC4",-0.0595457985140422,0.0254156802402428,5.48907002649265,0.0208310196781854,0.0745359922860072,"EOD_vs_CN",294,"study_1"
"CD109",0.059808460902338,0.0240419871914141,6.18848767236341,0.0140913730990531,0.0563928542857252,"EOD_vs_CN",322,"study_1"
"CD177",-0.0361029259930317,0.0442685074054832,0.665112398741931,0.416158467351818,0.581518727303744,"EOD_vs_CN",322,"study_1"
"CD200",-0.120242212424376,0.0248256732107921,23.4591271123081,3.06612888711861e-06,4.13025597147154e-05,"EOD_vs_CN",322,"study_1"
"CD248",-0.0444363321690328,0.0165859123412801,7.17790452807255,0.00827204371113222,0.0377183232049635,"EOD_vs_CN",322,"study_1"
"CD302",-0.00451836082216803,0.0241807136095064,0.0349159282145048,0.852030052049923,0.906630214904682,"EOD_vs_CN",297,"study_1"
"CD320",0.0162871477011701,0.0305807308621004,0.283657550631263,0.595437763942153,0.728739448625165,"EOD_vs_CN",298,"study_1"
"CD33",0.0868638576607207,0.0449459319449367,3.73505882061166,0.0559688208146226,0.154834549931459,"EOD_vs_CN",279,"study_1"
"CD46",-0.0339707368244592,0.0192857856316961,3.10266769178784,0.0809221389301128,0.200216720690231,"EOD_vs_CN",322,"study_1"
"CD58",-0.079523752836015,0.0296090291631182,7.2134894038845,0.00895229797129737,0.0402853408708382,"EOD_vs_CN",232,"study_1"
"CD5L",-0.112459172632,0.064779346908232,3.01381533023856,0.084463604928625,0.205680994981937,"EOD_vs_CN",322,"study_1"
"CD74",-0.0674266506872736,0.0239227421005366,7.94403699308157,0.00562116622059427,0.0276496982831618,"EOD_vs_CN",322,"study_1"
"CD81",-0.129618132883084,0.0479858353465059,7.29634571537529,0.00790007699995347,0.0363438810198752,"EOD_vs_CN",280,"study_1"
"CD83",0.00975724505586196,0.0324825596849121,0.0902306186153214,0.764262275227747,0.852505129433257,"EOD_vs_CN",301,"study_1"
"CD84",-0.0112047761176616,0.0320537736444002,0.122193480498522,0.727341210169939,0.830189530873605,"EOD_vs_CN",286,"study_1"
"CD9",-0.135017560057839,0.0541756635429757,6.21115021120118,0.0139978436473128,0.0561275403834858,"EOD_vs_CN",322,"study_1"
"CD93",-0.0260178277152196,0.0214304317956746,1.47394142179922,0.226653648550212,0.391233810437176,"EOD_vs_CN",316,"study_1"
"ADGRE5",-0.0636152900121817,0.0278077285805322,5.23349713977496,0.0234303406483712,0.0822620862196459,"EOD_vs_CN",316,"study_1"
"CDH1",-0.0297091443564129,0.0291611153662109,1.03793946676244,0.31028061487799,0.478658942562527,"EOD_vs_CN",322,"study_1"
"CDH10",-0.0477082804643381,0.0246954823481168,3.73209337548408,0.0553976554938465,0.1538740808259,"EOD_vs_CN",322,"study_1"
"CDH11",-0.0344378858591068,0.0165046417431782,4.35372266732168,0.0390865661082357,0.117773995247184,"EOD_vs_CN",322,"study_1"
"CDH12",-0.035326698047436,0.0383519067461034,0.848461559900439,0.359283632804636,0.530432354735211,"EOD_vs_CN",266,"study_1"
"CDH15",-0.026590094352833,0.0307047168136742,0.74994525946309,0.388249482964819,0.555296449958703,"EOD_vs_CN",322,"study_1"
"CDH18",-0.0759642486552438,0.0365188752001638,4.32696824738122,0.0398753572049218,0.119626071614765,"EOD_vs_CN",311,"study_1"
"CDH19",-0.0354971104831727,0.0344683110108581,1.06058626522212,0.305389531141438,0.47430883472683,"EOD_vs_CN",257,"study_1"
"CDH20",0.00372501607386407,0.0193255726530115,0.0371528007751324,0.847418683900231,0.903533319978466,"EOD_vs_CN",322,"study_1"
"CDH22",-0.0533548890088344,0.030438967560622,3.07247675584842,0.0817828153636897,0.2021035760966,"EOD_vs_CN",322,"study_1"
"CDH23",-0.0978698031861857,0.037370448785817,6.85868414382215,0.00995574678850118,0.0431974613286336,"EOD_vs_CN",311,"study_1"
"CDH3",-0.0683697268020352,0.0400613961252728,2.91256434430738,0.0903898551631272,0.213150447930441,"EOD_vs_CN",301,"study_1"
"CDH4",0.0160061846688022,0.0262052977334413,0.373076118511163,0.542566361841892,0.686030228071252,"EOD_vs_CN",322,"study_1"
"CDH5",-0.0613696163644463,0.0223137707325534,7.56416308576998,0.00662172097128591,0.0317380626088843,"EOD_vs_CN",322,"study_1"
"CDH7",-0.0477241284404606,0.0182241417104119,6.85775308353662,0.00986415631953405,0.0429810278531917,"EOD_vs_CN",322,"study_1"
"CDH8",-0.107753840876885,0.0313160995480343,11.8394135070023,0.000802557778107677,0.00535298246174732,"EOD_vs_CN",322,"study_1"
"CDH9",-0.0852309383839575,0.0348872229957803,5.96845244095069,0.0160736732245044,0.0622703769092173,"EOD_vs_CN",322,"study_1"
"CEL",-0.141268064559895,0.0589545094727015,5.7418775940762,0.0180792630718859,0.0677987821452495,"EOD_vs_CN",322,"study_1"
"CEMIP",0.017025555185577,0.0163058255335898,1.09022712459598,0.298429096499834,0.465970973908643,"EOD_vs_CN",322,"study_1"
"CEND1",0.145188061833325,0.0266745459189241,29.6256402732001,3.12925915337991e-07,5.24341716676097e-06,"EOD_vs_CN",316,"study_1"
"CETP",-0.189674559937238,0.0415404221296835,20.8485741843674,1.1399449677016e-05,0.000129089372441373,"EOD_vs_CN",322,"study_1"
"CFB",-0.165545387379439,0.0486995311919841,11.5553900050768,0.00087417351302411,0.0057931563033527,"EOD_vs_CN",322,"study_1"
"CFHR3",-0.0191429226570018,0.05519052621583,0.120306036623191,0.729140570245766,0.830253433854433,"EOD_vs_CN",312,"study_1"
"CFHR5",-0.115328518151404,0.0652068289038658,3.12814778777076,0.0802736318441301,0.199330066543075,"EOD_vs_CN",244,"study_1"
"CFL1",0.209792369965315,0.0293169024118041,51.2086368704902,2.08628484666391e-11,5.91593115847597e-10,"EOD_vs_CN",322,"study_1"
"CFL2",0.11520404883736,0.0284246069822772,16.4265571163844,9.15295443441001e-05,0.000831023748428151,"EOD_vs_CN",269,"study_1"
"CFP",-0.0887932440754035,0.0476590754541293,3.47111194662291,0.0642751907473791,0.170074946521886,"EOD_vs_CN",322,"study_1"
"CHAD",0.0124277800292468,0.0243880536301972,0.2596766097899,0.611147589411107,0.743990066022617,"EOD_vs_CN",322,"study_1"
"CHI3L2",0.111326911778736,0.0426117920261024,6.82559831091086,0.0101834758893688,0.0438586203728952,"EOD_vs_CN",322,"study_1"
"CHID1",0.010910866828075,0.0250138436646125,0.190264448984631,0.663416555520437,0.78176187588772,"EOD_vs_CN",322,"study_1"
"CHIT1",0.526754189343959,0.0970602503442042,29.4532471916785,3.89390490145801e-07,6.26979531398825e-06,"EOD_vs_CN",322,"study_1"
"CHPF",-0.0731458770706795,0.0386057356162814,3.58984782621177,0.0607275954488296,0.162334078106405,"EOD_vs_CN",217,"study_1"
"CHRD",0.00358146268112435,0.0183298842685115,0.0381769662920856,0.845466269720569,0.903045671915034,"EOD_vs_CN",322,"study_1"
"CHRDL1",0.0108802122768651,0.0199147433232508,0.298486924265247,0.585807208881309,0.718232395897905,"EOD_vs_CN",322,"study_1"
"CHST1",-0.0352233395069902,0.0196958854404561,3.1982325466229,0.0760154093915801,0.191994802397116,"EOD_vs_CN",322,"study_1"
"CHST10",-0.0569523510454063,0.0181855798661831,9.80774140719579,0.00213440706575221,0.0123131546952272,"EOD_vs_CN",322,"study_1"
"CHST11",-0.006395157702273,0.03218950663754,0.0394706134481767,0.842850868455329,0.902866756697731,"EOD_vs_CN",266,"study_1"
"CHST12",-0.00955309313098519,0.0212696371630155,0.20172877927141,0.654127644930749,0.776155607961957,"EOD_vs_CN",316,"study_1"
"CHST14",0.0100608201772744,0.0273605677888307,0.135212412615577,0.713872232995315,0.82259506072361,"EOD_vs_CN",301,"study_1"
"CHST15",-0.023670886646439,0.0143497092313251,2.72108964322734,0.101814230003548,0.233673861956918,"EOD_vs_CN",322,"study_1"
"CHST3",0.00407645688655878,0.019372474329522,0.044278766995136,0.833618038771704,0.896419231802649,"EOD_vs_CN",322,"study_1"
"CHST6",-0.0434918689551683,0.0365714765930285,1.4142661619077,0.236986527284952,0.40285665595365,"EOD_vs_CN",303,"study_1"
"CHST7",0.0147574426262788,0.0328722943000025,0.201540426851593,0.654139879199379,0.776155607961957,"EOD_vs_CN",322,"study_1"
"CHST8",-0.0907399763251918,0.0233599880449252,15.0887092793383,0.000156940171026317,0.00133658550613735,"EOD_vs_CN",322,"study_1"
"CHSY3",-0.0873973372692946,0.0476039131252444,3.37063009803614,0.0691113841576325,0.177825921034807,"EOD_vs_CN",286,"study_1"
"CKB",0.152672074010592,0.0255174270526471,35.7969023475682,2.85057488292677e-08,5.29282417451539e-07,"EOD_vs_CN",322,"study_1"
"CKMT1A",0.25029330211391,0.0366100820386843,46.7408979849672,2.7720786950156e-10,6.64331882607808e-09,"EOD_vs_CN",285,"study_1"
"CLEC11A",-0.0375660442980835,0.0227377989334812,2.72956907448945,0.101181095187436,0.232739103996993,"EOD_vs_CN",322,"study_1"
"CLIC1",-0.0420620523679032,0.0307630114642382,1.86949033753839,0.173583869674324,0.333106476162739,"EOD_vs_CN",322,"study_1"
"CLIC6",-0.147912917261544,0.0654625222353665,5.10536429180658,0.0254441496520411,0.0868218417762527,"EOD_vs_CN",291,"study_1"
"CLMP",-0.00812199254695656,0.0250080095844752,0.105479222286237,0.745844603957871,0.84229355000393,"EOD_vs_CN",322,"study_1"
"CLN5",-0.0423729568979141,0.0341568170223168,1.53894378516114,0.217099571441611,0.381451165167229,"EOD_vs_CN",322,"study_1"
"CLUL1",-0.0322320385774674,0.0371925985641612,0.751039023291677,0.38732950043702,0.555265683874954,"EOD_vs_CN",322,"study_1"
"CNDP2",-0.0478247605147158,0.0483160385654471,0.979767364844768,0.325302548781407,0.492614660571991,"EOD_vs_CN",205,"study_1"
"CNP",-0.0144904118236431,0.0690514382520749,0.0440368250018737,0.834351495736381,0.896419231802649,"EOD_vs_CN",199,"study_1"
"CNPY2",-0.0478769881282559,0.0315685127044197,2.3000930241646,0.13301921145296,0.279177795116649,"EOD_vs_CN",240,"study_1"
"CNPY3",-0.000108328417472187,0.0243003565071852,1.98728203831806e-05,0.996450660901527,0.997903212885349,"EOD_vs_CN",299,"study_1"
"CNR1",-0.0777723739290371,0.0296489903296323,6.88067261294137,0.00991868142487148,0.0431274312587766,"EOD_vs_CN",322,"study_1"
"CNTFR",-0.0507255616841967,0.0199262359497196,6.48042057524834,0.0121648813184026,0.0506501422166218,"EOD_vs_CN",322,"study_1"
"CNTN3",-0.0239524308202469,0.0211569739797281,1.28171682452844,0.260054259358219,0.426389680618368,"EOD_vs_CN",322,"study_1"
"CNTN5",-0.0302595143558182,0.0233352485115678,1.68150842098836,0.196805572982807,0.361229998252797,"EOD_vs_CN",310,"study_1"
"CNTN6",-0.0300490365866921,0.020352060464775,2.17993897663915,0.142642384920105,0.291219428817903,"EOD_vs_CN",322,"study_1"
"CNTNAP2",-0.023921939152526,0.0290759020543672,0.676902890058612,0.411948447853123,0.578749659867271,"EOD_vs_CN",322,"study_1"
"CNTNAP3",-0.0779326046812853,0.0733109377644191,1.13005825833421,0.290170328597217,0.45791810661475,"EOD_vs_CN",316,"study_1"
"CNTNAP5",-0.00569311521438542,0.0232661272544179,0.0598758576998795,0.807157331179036,0.882052629671259,"EOD_vs_CN",322,"study_1"
"COA3",0.0385664715698033,0.033017385518171,1.36437719949469,0.246027483010296,0.411645307833775,"EOD_vs_CN",216,"study_1"
"COL11A1",0.00875486643520532,0.0305582534379845,0.0820808779002422,0.774971221306809,0.859069644878388,"EOD_vs_CN",285,"study_1"
"COL12A1",0.00739188832956217,0.0216467174057233,0.116607557757064,0.733358649905983,0.831381835784506,"EOD_vs_CN",322,"study_1"
"COL14A1",-0.0426076721527199,0.0224965793810771,3.58709301298395,0.0606859124482169,0.162334078106405,"EOD_vs_CN",322,"study_1"
"COL15A1",0.00812280604118212,0.0314003217932117,0.066918156570814,0.796384146674542,0.875385454024656,"EOD_vs_CN",322,"study_1"
"COL16A1",0.0521767903509668,0.028115166383126,3.44408137415275,0.0656640028068306,0.171334043107599,"EOD_vs_CN",302,"study_1"
"COL21A1",0.0132638189904017,0.0264208954714492,0.252024120143165,0.616282101412682,0.748215050873726,"EOD_vs_CN",322,"study_1"
"COL28A1",-0.0537294053832632,0.0439939048520367,1.49155422359045,0.224003030924549,0.388284480013033,"EOD_vs_CN",322,"study_1"
"COL2A1",-0.00799353753857529,0.0315669417039363,0.0641228801788685,0.800546833553698,0.878655952445825,"EOD_vs_CN",322,"study_1"
"COL4A1",-0.0367307025671862,0.0265807848803358,1.90951409926615,0.170172744722655,0.329629724505068,"EOD_vs_CN",321,"study_1"
"COL4A2",0.0175649484213427,0.0197414280017245,0.791656221418128,0.375601963874256,0.545148628965485,"EOD_vs_CN",322,"study_1"
"COL5A1",-0.0221668677182125,0.0266248043433268,0.693163696849814,0.406675610944617,0.572903919451029,"EOD_vs_CN",322,"study_1"
"COL5A2",-0.0334027359579595,0.0322751784372244,1.0710920037836,0.302956772057574,0.47088529955555,"EOD_vs_CN",322,"study_1"
"COL6A2",0.053555608565625,0.0228164564023441,5.50951698487533,0.0205158349790555,0.074180940161111,"EOD_vs_CN",322,"study_1"
"COL8A1",0.13687847009114,0.0491403170064074,7.75879678511664,0.00630533226756459,0.0304339339659265,"EOD_vs_CN",307,"study_1"
"COLEC11",-0.0795858566837484,0.0571772401930754,1.93742728934429,0.167025193637769,0.325606693024821,"EOD_vs_CN",261,"study_1"
"COMP",-0.0526311513295821,0.0401958327927309,1.71444548046975,0.192591223672149,0.356311052054128,"EOD_vs_CN",322,"study_1"
"CORO1A",0.0666780935843122,0.0236397376617288,7.95574845441586,0.00547020054969861,0.0270361710621795,"EOD_vs_CN",322,"study_1"
"CORO1B",0.182109555836737,0.0438527899614745,17.2453102753013,5.90183508320077e-05,0.000571064887628019,"EOD_vs_CN",217,"study_1"
"CORO1C",0.0984716016161883,0.03353734556535,8.62113868927929,0.00428568331906175,0.0222033154648175,"EOD_vs_CN",238,"study_1"
"COX16",0.0323418955524312,0.0241129344245222,1.79899853761562,0.182439923840219,0.34370080716151,"EOD_vs_CN",313,"study_1"
"CPA2",-0.103315632357076,0.125970183129582,0.672661474530167,0.414832165936551,0.580427083499817,"EOD_vs_CN",205,"study_1"
"CPAMD8",0.0606174633708829,0.0384239324288642,2.48881088554856,0.117520184450932,0.25766925548231,"EOD_vs_CN",322,"study_1"
"CPB1",-0.015826670868868,0.0262111237939804,0.36459260744901,0.546868387943972,0.690622394333656,"EOD_vs_CN",322,"study_1"
"CPD",0.00576020465594421,0.0166316694540941,0.119951073126664,0.729624607266486,0.830345839633477,"EOD_vs_CN",322,"study_1"
"CPLX2",0.137094250623415,0.0288706047964284,22.5489706005865,5.72757900543342e-06,7.06858702407082e-05,"EOD_vs_CN",322,"study_1"
"CPM",-0.0359229199619915,0.0242114564660921,2.20141250925992,0.14012632762621,0.288223913410798,"EOD_vs_CN",322,"study_1"
"CPN1",-0.139687326434592,0.066195763121666,4.4530095240814,0.0367825790494083,0.11371613786361,"EOD_vs_CN",322,"study_1"
"CPPED1",0.0261523915123316,0.0414453574314649,0.398172296110662,0.528926795505168,0.672912423170463,"EOD_vs_CN",314,"study_1"
"CPXM1",0.0569796568136544,0.0479886430426232,1.40981692140138,0.237687381678622,0.40285665595365,"EOD_vs_CN",289,"study_1"
"CPXM2",0.00499527394770322,0.0321476233701719,0.0241446479697251,0.876805651630152,0.924346009212145,"EOD_vs_CN",322,"study_1"
"CRABP1",0.0144886113663785,0.042371219595178,0.11692613578439,0.732911407486462,0.831332091815959,"EOD_vs_CN",322,"study_1"
"CRB2",0.0273775271730976,0.039993716451286,0.468602834194221,0.495280865675482,0.64934724183026,"EOD_vs_CN",306,"study_1"
"CREG1",-0.0459195383891211,0.0447393123837936,1.05345603950815,0.307796668545319,0.476969123211957,"EOD_vs_CN",230,"study_1"
"CREG2",0.0104121905481359,0.0441027377845336,0.0557382224174342,0.813893105537716,0.886386242639177,"EOD_vs_CN",268,"study_1"
"CRELD1",-0.0319277215539937,0.0245162051088936,1.69601372424739,0.195193649892701,0.359512164815779,"EOD_vs_CN",322,"study_1"
"CRELD2",-0.00302949183235041,0.0398429093158316,0.00578145947774853,0.939513750821906,0.964290091260314,"EOD_vs_CN",295,"study_1"
"CRH",-0.0196351756130723,0.0607212941492571,0.104565288872382,0.747045908493675,0.842556402487002,"EOD_vs_CN",313,"study_1"
"CRHBP",-0.111695760801146,0.0443169957781742,6.35232569296608,0.0131132469780301,0.0538007033981148,"EOD_vs_CN",320,"study_1"
"CRIM1",-0.0286218413517054,0.0404382542813697,0.500968411782064,0.480457839374836,0.637411294388561,"EOD_vs_CN",272,"study_1"
"CRIP1",0.113195944045986,0.0649170110650329,3.04049784762498,0.0841822135485087,0.205680994981937,"EOD_vs_CN",306,"study_1"
"CRIP2",0.124903339375386,0.0488334785165817,6.54203370169484,0.0119786844826517,0.0499758476087958,"EOD_vs_CN",290,"study_1"
"CRISP3",-0.0906584433571523,0.0435855387003711,4.32644990429211,0.0390463811840046,0.117773995247184,"EOD_vs_CN",322,"study_1"
"CRISPLD1",0.00902236141157514,0.0258447798865768,0.121869425564365,0.727796084920123,0.830189530873605,"EOD_vs_CN",288,"study_1"
"CRLF1",-0.0133094576864455,0.0419907608981815,0.10046463967487,0.751965040778479,0.843735239336488,"EOD_vs_CN",251,"study_1"
"CRYAB",0.0597620600599976,0.0623422102361281,0.918939095317965,0.33997582579175,0.508852706577195,"EOD_vs_CN",314,"study_1"
"CRYM",0.355370427310435,0.0319091212294882,124.031752772667,4.19923706109703e-20,3.76288155779173e-18,"EOD_vs_CN",322,"study_1"
"CSF2RA",0.0277936241201907,0.0367294752388973,0.572612616367802,0.450567051254202,0.61147442181927,"EOD_vs_CN",322,"study_1"
"CSMD1",-0.0971041833451755,0.0600433356275395,2.61544901568175,0.109516112224038,0.246142537943013,"EOD_vs_CN",217,"study_1"
"CSMD2",-0.121522969820495,0.0319729908371889,14.4460868801254,0.000217301662954893,0.00178429771852604,"EOD_vs_CN",312,"study_1"
"CSPG4",-0.0193871224615431,0.014533696584755,1.77940386083228,0.184466159129048,0.345622503604515,"EOD_vs_CN",322,"study_1"
"CSPG5",-0.076422513983965,0.0265949388360016,8.25742520246487,0.00471367318360961,0.0239282769246784,"EOD_vs_CN",322,"study_1"
"CSRP1",0.115667443389803,0.038133119028065,9.20063103208546,0.00312228123199399,0.017160057651039,"EOD_vs_CN",291,"study_1"
"CST1",-0.0576966268757,0.0864148152486605,0.445783957936256,0.505834250927253,0.655263602238258,"EOD_vs_CN",251,"study_1"
"CST6",0.0286706658496125,0.0385864418524205,0.552085183668689,0.459201107444487,0.619380551337099,"EOD_vs_CN",322,"study_1"
"CSTB",0.0732861896169125,0.0327821301008111,4.99769725995168,0.0266618197564845,0.0892281815426897,"EOD_vs_CN",322,"study_1"
"CTBS",-0.0388852689220931,0.0226313820355518,2.95221553844434,0.0886766426076699,0.211195134478424,"EOD_vs_CN",322,"study_1"
"CCN2",0.0861416826053168,0.0326079327707392,6.97879059825199,0.00959905723006645,0.0424600529664446,"EOD_vs_CN",322,"study_1"
"CTHRC1",-0.0242866311548678,0.0289595930453173,0.703314619558911,0.403822661937755,0.571018531179527,"EOD_vs_CN",270,"study_1"
"CTSC",-0.102269321724861,0.0348105830898829,8.63113988635138,0.00394977094906528,0.0208157234539666,"EOD_vs_CN",322,"study_1"
"CTSO",0.0167491541188644,0.0219070415113731,0.584545464554773,0.445830559354214,0.607307853819587,"EOD_vs_CN",322,"study_1"
"CTSS",0.0718011248059119,0.0276287897772344,6.75365344541927,0.0104424819962357,0.0446513597390907,"EOD_vs_CN",322,"study_1"
"CUEDC2",-0.0628822283264124,0.0297935057712133,4.45464015898038,0.0371958667124743,0.114484663554187,"EOD_vs_CN",252,"study_1"
"CX3CL1",-0.269055705523429,0.0505223607784269,28.3607127008499,4.9761168256306e-07,7.71111035911629e-06,"EOD_vs_CN",318,"study_1"
"CXADR",0.0219935887762986,0.022370262860893,0.966607201935685,0.327431846610554,0.495266538384372,"EOD_vs_CN",322,"study_1"
"CXCL12",0.0385791811384558,0.0308066523305065,1.56825613755605,0.212442817705371,0.377225456872092,"EOD_vs_CN",322,"study_1"
"CCN1",0.232871097662116,0.0458094081426525,25.8417439547808,1.61881598317413e-06,2.28519160364512e-05,"EOD_vs_CN",285,"study_1"
"CYTL1",0.0333580198862113,0.0395569706722216,0.711138965861904,0.400606230613959,0.568021797733365,"EOD_vs_CN",322,"study_1"
"CZIB",0.0907046206301003,0.0412802003620424,4.8280885793098,0.0293580246884741,0.0958904736655231,"EOD_vs_CN",237,"study_1"
"DBH",-0.133641508857566,0.0590053260562924,5.12979856245127,0.0247782069396161,0.0856843699707193,"EOD_vs_CN",322,"study_1"
"DCBLD1",-0.0225694124464181,0.0342814927187777,0.43343208601328,0.511980082075,0.660381021891799,"EOD_vs_CN",268,"study_1"
"DCBLD2",-0.0573314881142336,0.0337583460540195,2.88419159985871,0.0924609670801157,0.216547787672862,"EOD_vs_CN",314,"study_1"
"DCC",-0.0875059890635184,0.0220439630124721,15.7578226581204,0.00010935393906881,0.000971458915606971,"EOD_vs_CN",322,"study_1"
"DCD",-0.0727118154862198,0.0746117127327653,0.949720817757544,0.331682434839485,0.499705773541066,"EOD_vs_CN",322,"study_1"
"DCHS1",-0.0786704560958408,0.028574585477965,7.57989968637213,0.00675358844086188,0.0322437650741345,"EOD_vs_CN",289,"study_1"
"DDAH1",0.231633064191263,0.0193136777784676,143.837173936273,7.09331967380083e-22,7.69438518300184e-20,"EOD_vs_CN",322,"study_1"
"DDB1",0.0522918581065329,0.0207006600407089,6.3811618750315,0.0127507538544914,0.0526639352587308,"EOD_vs_CN",322,"study_1"
"DDRGK1",0.0432639955949957,0.0375881336156505,1.32480429506816,0.252974990048098,0.420130100313561,"EOD_vs_CN",213,"study_1"
"DDT",0.220986898257639,0.0486966956763649,20.59368503952,9.40355827669163e-06,0.000109495670103172,"EOD_vs_CN",316,"study_1"
"DDX46",-0.0484617018217956,0.0744930623462464,0.423219496327805,0.516880611642792,0.664146471693139,"EOD_vs_CN",239,"study_1"
"DEFA1",0.0147387232317142,0.0918144888397722,0.0257689834044085,0.872780852399776,0.922462223997917,"EOD_vs_CN",205,"study_1"
"DEFB1",0.00523920769921161,0.068557245982589,0.00584015676519233,0.939238789769851,0.964290091260314,"EOD_vs_CN",266,"study_1"
"DGCR2",-0.0315566381150408,0.0191891528236227,2.70439332716923,0.102790067141463,0.235128000420151,"EOD_vs_CN",322,"study_1"
"DHH",-0.0600454329478,0.0573049559335838,1.09793238496645,0.297191531782314,0.465434458209232,"EOD_vs_CN",276,"study_1"
"DIPK2B",-0.0538466034356692,0.0295264899693866,3.32577590965796,0.0708771034850996,0.181013271725886,"EOD_vs_CN",322,"study_1"
"DLD",0.235247484318008,0.0218732081806788,115.671136568084,5.38601192396204e-20,4.6252377397024e-18,"EOD_vs_CN",322,"study_1"
"DLK1",-0.141961940392758,0.0716347862505206,3.92731661538384,0.0506719904652829,0.145250309247494,"EOD_vs_CN",265,"study_1"
"DLK2",-0.0722907307030889,0.0248382811301066,8.47075561801537,0.00429551130550445,0.0222033154648175,"EOD_vs_CN",311,"study_1"
"DLST",0.0707710640817139,0.0210006712799065,11.3565154723663,0.000985618580657446,0.00638792419727986,"EOD_vs_CN",309,"study_1"
"DMKN",0.137499142332667,0.0711808890599705,3.73141164212643,0.0561720282187976,0.154980656169936,"EOD_vs_CN",322,"study_1"
"DNAJB2",0.0978829584344533,0.0331069277093516,8.74130780394662,0.00380950661143095,0.0202355492942247,"EOD_vs_CN",272,"study_1"
"DNAJC3",0.0179184655842141,0.014103920717636,1.61406833583124,0.205932287991548,0.369387681071002,"EOD_vs_CN",322,"study_1"
"DNASE1",-0.140564386493775,0.0934177413685246,2.26408056760222,0.136060136834354,0.282681393160891,"EOD_vs_CN",244,"study_1"
"DNASE2",-0.0216127879474501,0.0336472695117951,0.412593071897866,0.521993057191531,0.668215957063196,"EOD_vs_CN",322,"study_1"
"DNM1",0.0868909587141878,0.0263494185889826,10.8744450878571,0.00130284765591178,0.00818649091107983,"EOD_vs_CN",322,"study_1"
"DPP10",0.0259318979816585,0.0223177196593676,1.35010943682186,0.247297345735627,0.413030656046294,"EOD_vs_CN",322,"study_1"
"DPP3",0.0614029665866523,0.0261425698714237,5.51673538215413,0.0200438144910637,0.0727294043416941,"EOD_vs_CN",322,"study_1"
"DPT",-0.0102005232765483,0.0408097142471835,0.0624766586537249,0.80303420555799,0.880347605135647,"EOD_vs_CN",322,"study_1"
"DPYSL2",0.116668766822357,0.0273188334252964,18.2383235024201,3.86546209242257e-05,0.0003966813868566,"EOD_vs_CN",322,"study_1"
"DRAXIN",0.101331934602182,0.0385365356825653,6.91428581074395,0.00961140542961923,0.0424600529664446,"EOD_vs_CN",322,"study_1"
"DSC1",0.0284485405942119,0.0725384085585423,0.153809775283274,0.695839614815356,0.808413442014909,"EOD_vs_CN",322,"study_1"
"DSC2",0.0165568685147915,0.0213751733964984,0.599980460362283,0.440253348279545,0.603299302396371,"EOD_vs_CN",322,"study_1"
"DSC3",0.0558545566478957,0.0353020149120788,2.50333072441239,0.116432884842269,0.256150893137818,"EOD_vs_CN",322,"study_1"
"DSCAML1",-0.0668829473441518,0.0320784211285805,4.34715211154757,0.0392607579234586,0.1181261636208,"EOD_vs_CN",313,"study_1"
"DSG2",0.00275875162562304,0.019254076684227,0.0205295679592592,0.886266210139841,0.930511797808565,"EOD_vs_CN",322,"study_1"
"DSP",0.0865717576325165,0.141682651400153,0.373352547367317,0.542375334786965,0.686030228071252,"EOD_vs_CN",322,"study_1"
"DSTN",0.0933274123539057,0.0527747680993693,3.12727290268921,0.0797423580127927,0.198489130270973,"EOD_vs_CN",303,"study_1"
"DTD1",0.182087884756399,0.0253862790948147,51.4474674579976,7.8411134362584e-11,2.09877075222449e-09,"EOD_vs_CN",322,"study_1"
"ECE1",0.0278589026148898,0.0372364726927162,0.559745925453176,0.456423789380626,0.617250282095453,"EOD_vs_CN",250,"study_1"
"EDIL3",0.00109056506656469,0.0346516649838307,0.000990501072822018,0.974939675544125,0.985227192086125,"EOD_vs_CN",322,"study_1"
"EDN3",-0.0620310857624562,0.0247576597327417,6.27768595924832,0.0134840048038365,0.0544912429425627,"EOD_vs_CN",322,"study_1"
"EEA1",-0.00214166275795351,0.0197104564020225,0.0118061639004263,0.913655851228184,0.94530356896651,"EOD_vs_CN",273,"study_1"
"EEF1G",0.070364935373986,0.0396244851876522,3.15344543510988,0.0786696625570138,0.196531120642431,"EOD_vs_CN",293,"study_1"
"EEF2",-0.0354074626844426,0.0422988093306435,0.700701951558511,0.404109755762083,0.571018531179527,"EOD_vs_CN",319,"study_1"
"EFCAB14",-0.0254910143453885,0.0203507642752384,1.56896330738912,0.212574648136042,0.377225456872092,"EOD_vs_CN",322,"study_1"
"EFNA1",0.00632765919933869,0.0272289954595835,0.0540036261331936,0.816620354754396,0.887219057010443,"EOD_vs_CN",322,"study_1"
"EFNA3",-0.0797783758633195,0.0294066664568633,7.36001653548558,0.00748311529180188,0.0349721102412782,"EOD_vs_CN",315,"study_1"
"EFNA5",-0.0991224340513896,0.0279694388016291,12.5596174381557,0.00053987179472733,0.00381053345525009,"EOD_vs_CN",322,"study_1"
"EFNB1",-0.0154561430357151,0.0121879724045112,1.6081973119731,0.206975618940632,0.370292318260974,"EOD_vs_CN",322,"study_1"
"EFNB3",0.0618040461801899,0.0304599478280921,4.11694918363106,0.0449201164149458,0.132039461027664,"EOD_vs_CN",322,"study_1"
"EGFLAM",-0.021611208805896,0.0285749935873417,0.571986575121555,0.450868173562236,0.61147442181927,"EOD_vs_CN",313,"study_1"
"EGFR",-0.0504376284758208,0.0193694062646798,6.78073387496374,0.0101932455888485,0.0438586203728952,"EOD_vs_CN",322,"study_1"
"EIF4A2",-0.0901497069581791,0.0580996256960079,2.4075868895372,0.123015329226128,0.264649888867484,"EOD_vs_CN",319,"study_1"
"EIF4G3",-0.014275091101041,0.0511326130459334,0.0779402514669487,0.780611904510692,0.862763243489828,"EOD_vs_CN",322,"study_1"
"EIF5A",-0.0542927996486172,0.0604691844526849,0.806150729391466,0.370451642810114,0.539576562425191,"EOD_vs_CN",278,"study_1"
"ELFN2",-0.0335847685962631,0.0336727049349313,0.994783815801393,0.320348071529098,0.489427261246457,"EOD_vs_CN",322,"study_1"
"EMC10",-0.0259645872430648,0.021779329586133,1.42126097664251,0.235295581936464,0.400788754339031,"EOD_vs_CN",322,"study_1"
"EMILIN1",0.0475756370379655,0.0380424969796115,1.56397999906147,0.213813140358152,0.377996286625861,"EOD_vs_CN",322,"study_1"
"EMILIN2",0.0663402213077535,0.0310322462255883,4.57011792896608,0.0344659779752627,0.108615260866997,"EOD_vs_CN",322,"study_1"
"EMILIN3",-0.0227716049411183,0.0215103499440235,1.12070763290031,0.291445045503876,0.45957784145638,"EOD_vs_CN",322,"study_1"
"ENG",0.0224141540961486,0.0516929734971716,0.188010315296087,0.665615154715622,0.78304525634731,"EOD_vs_CN",208,"study_1"
"ENOPH1",0.188506701718318,0.0290220614928327,42.1887903598799,9.71341231219327e-10,2.06384977066292e-08,"EOD_vs_CN",291,"study_1"
"ENPP4",0.0462220204520095,0.0327499876002701,1.9919368731254,0.160446185465798,0.316439797363645,"EOD_vs_CN",322,"study_1"
"ENPP5",0.0368406773428627,0.0286637344702144,1.65192250091016,0.20096574718561,0.365372448060804,"EOD_vs_CN",322,"study_1"
"ENPP6",-0.0490344946763805,0.0323802586053994,2.29320448368495,0.132870939509923,0.279150872915343,"EOD_vs_CN",322,"study_1"
"ENTPD4",-0.0791253192905398,0.030638290881683,6.66963213386181,0.0106901412671431,0.0455214486602933,"EOD_vs_CN",238,"study_1"
"ENTPD6",-0.0661186715418284,0.0203732505325174,10.5324058753831,0.00144605915789818,0.0088700235846076,"EOD_vs_CN",322,"study_1"
"EPB41L2",0.0451041426556835,0.0540276304025347,0.696949039271584,0.404756024258964,0.571018531179527,"EOD_vs_CN",316,"study_1"
"EPDR1",-0.0719956455221207,0.0375793103068561,3.67041228264092,0.0577553064640024,0.157603048895731,"EOD_vs_CN",322,"study_1"
"EPHA10",-0.0446438140248979,0.0358723908348051,1.54882352083649,0.215852888133292,0.379908456398561,"EOD_vs_CN",322,"study_1"
"EPHA5",-0.116191600127467,0.0284058615572759,16.7314481951799,7.43602589073048e-05,0.000696620425490706,"EOD_vs_CN",322,"study_1"
"EPHA6",-0.0102278515611635,0.0235737771975165,0.188239379958573,0.665110884171463,0.78304525634731,"EOD_vs_CN",322,"study_1"
"EPHA7",-0.00925730980235864,0.0182114586136792,0.258392636610795,0.612132609376402,0.74474929629561,"EOD_vs_CN",322,"study_1"
"EPHB2",-0.0561188377199953,0.0194377231120069,8.3354020566472,0.00459422791793169,0.0235539894001423,"EOD_vs_CN",322,"study_1"
"EPHB3",-0.0868772428721225,0.0387229087705633,5.03357001040777,0.0263395988782241,0.0888476485892307,"EOD_vs_CN",315,"study_1"
"EPHB4",0.020862220021594,0.0290187456668683,0.51684910713432,0.47386888503462,0.631314655498611,"EOD_vs_CN",292,"study_1"
"EPHB6",0.00715111024694554,0.0382639133649215,0.0349275544121605,0.852082836618325,0.906630214904682,"EOD_vs_CN",322,"study_1"
"ERAP1",-0.0237135848818619,0.0333515418061472,0.505548230629156,0.478442012803638,0.635353729631635,"EOD_vs_CN",322,"study_1"
"ERAP2",-0.137534799693497,0.0764071201510242,3.24009345162366,0.0743992852431865,0.189071426493474,"EOD_vs_CN",311,"study_1"
"ERBB3",0.000377369922750281,0.025773113819477,0.000214388152871265,0.9883408592415,0.993644151656942,"EOD_vs_CN",322,"study_1"
"ERBB4",-0.00439827918737318,0.0225456184605154,0.0380575897699418,0.845646844636592,0.903045671915034,"EOD_vs_CN",322,"study_1"
"ERLEC1",-0.0677645210149924,0.0474982061991205,2.03540261806431,0.157285466991936,0.312599177888505,"EOD_vs_CN",223,"study_1"
"ERP44",-0.0240076079983282,0.0124468051215924,3.72033461165683,0.0557851813825326,0.154533950039516,"EOD_vs_CN",322,"study_1"
"ESAM",-0.0318143340117416,0.0182525514708087,3.03807512671875,0.0837831723283587,0.205323565004456,"EOD_vs_CN",322,"study_1"
"ESD",0.038017857261802,0.0405772892155281,0.877827558054075,0.350458411378318,0.521889296134908,"EOD_vs_CN",309,"study_1"
"ESM1",-0.108391198227229,0.0456686565575945,5.63315319852822,0.0192960121711075,0.0706377994398804,"EOD_vs_CN",312,"study_1"
"EVI2A",0.0148933150024288,0.0310361657836457,0.23027491162026,0.632268798271041,0.759385776944415,"EOD_vs_CN",322,"study_1"
"EXT1",0.00471031827243959,0.0134628724782109,0.122412295460111,0.726951130679855,0.830189530873605,"EOD_vs_CN",322,"study_1"
"EXT2",-0.0510168837798418,0.0189316713628904,7.26189459822969,0.00803414738408278,0.0368783469011016,"EOD_vs_CN",322,"study_1"
"EXTL2",-0.062888294089362,0.0169289443012208,13.8000250963688,0.000302653813962727,0.00230173251135491,"EOD_vs_CN",322,"study_1"
"EXTL3",-0.0680964698384899,0.032126110774456,4.49296351344586,0.0361975193193508,0.112863974761244,"EOD_vs_CN",293,"study_1"
"EZR",0.051263119683005,0.0248857304732333,4.24335413661953,0.0410953830432497,0.122572481117421,"EOD_vs_CN",322,"study_1"
"F11",-0.0520337881887529,0.052055120828243,0.999180550616327,0.319308597405297,0.488563488680265,"EOD_vs_CN",322,"study_1"
"F13A1",-0.0265085658032519,0.038015148006466,0.486249415141201,0.486621815654046,0.64363251936554,"EOD_vs_CN",322,"study_1"
"F13B",-0.0888190732986494,0.0449060712897016,3.91203158253742,0.0497115471839121,0.14309427199168,"EOD_vs_CN",322,"study_1"
"F7",-0.142744686623784,0.0556005827431551,6.59115031691435,0.0116467681021481,0.0490879121851271,"EOD_vs_CN",305,"study_1"
"F9",-0.067324484037906,0.0420369325925235,2.56498028179282,0.111488943086923,0.24948828632155,"EOD_vs_CN",322,"study_1"
"FABP1",-0.144455225584927,0.0702803713324252,4.22472474741945,0.0435624437672897,0.128812333722215,"EOD_vs_CN",177,"study_1"
"FABP3",0.476796588690803,0.0282692386076756,284.471037030807,1.30234652885775e-31,4.47356032662637e-29,"EOD_vs_CN",322,"study_1"
"FABP4",-0.143321372533927,0.0603509167159197,5.63967626118045,0.0191059440463846,0.0700664602839833,"EOD_vs_CN",288,"study_1"
"FABP5",0.0947400093857858,0.0432977391092191,4.78780449691942,0.0307050882577875,0.0987257205917316,"EOD_vs_CN",322,"study_1"
"FABP7",0.148508885425332,0.0303721506433485,23.9085802162056,3.27118441713363e-06,4.29421088134549e-05,"EOD_vs_CN",290,"study_1"
"FAH",-0.0711453218673328,0.0284226381860133,6.26561814860724,0.013088175171156,0.0538007033981148,"EOD_vs_CN",322,"study_1"
"FAIM2",0.0291678085572701,0.0272126855361712,1.14885388049188,0.285856597962132,0.4535415307159,"EOD_vs_CN",322,"study_1"
"NIBAN1",0.0690003053045484,0.0283139887991893,5.93881658744381,0.0164748822281167,0.0631128852642166,"EOD_vs_CN",307,"study_1"
"FAM171A1",0.00309017607479652,0.0225903690895823,0.018711982309601,0.891432169982712,0.933024766101897,"EOD_vs_CN",314,"study_1"
"FAM171B",-0.0588301424467207,0.0486621132983001,1.46156410606224,0.229854323993246,0.394774801458401,"EOD_vs_CN",219,"study_1"
"FAM174A",-0.0350013580460794,0.0310189132206127,1.27325864876784,0.261356434705867,0.42662841861855,"EOD_vs_CN",322,"study_1"
"TAFA1",-0.0454885888420632,0.0391073808788692,1.35296781730568,0.248541729764949,0.414772878579401,"EOD_vs_CN",242,"study_1"
"TAFA2",0.0465272123733054,0.0513450732903078,0.821138679365308,0.366811146401159,0.536930236315902,"EOD_vs_CN",294,"study_1"
"FAM20A",-0.00225546260533668,0.0423058640150174,0.00284230136698495,0.957607694426398,0.97342634779396,"EOD_vs_CN",230,"study_1"
"FAM20B",-0.0509215481049363,0.0155660689679644,10.7015157832196,0.00135819643587004,0.00840613469768214,"EOD_vs_CN",322,"study_1"
"FAM20C",-0.037906271534136,0.0124763479636333,9.23096663428154,0.00287762707965887,0.0159859552861912,"EOD_vs_CN",322,"study_1"
"FAM234A",-0.169059570037116,0.044387117651074,14.506599847863,0.000259574395741326,0.00203380121065397,"EOD_vs_CN",219,"study_1"
"FAM234B",-0.059193173244061,0.0318109633639889,3.46249856248438,0.0648693469083179,0.170748051057526,"EOD_vs_CN",258,"study_1"
"FAM3A",-0.0330180505475755,0.0216678432245748,2.32204957128382,0.130034047561588,0.275720341588924,"EOD_vs_CN",322,"study_1"
"FAM3B",0.0432240607322295,0.0703753071306052,0.377233734549302,0.540706923028715,0.684567839213933,"EOD_vs_CN",209,"study_1"
"CYRIB",0.177161462165898,0.0243353724150439,52.9983706736622,1.83606405500443e-11,5.32975777093541e-10,"EOD_vs_CN",311,"study_1"
"FAP",-0.158726117998638,0.0471844179509322,11.3161731814658,0.00105951001723494,0.00680264842841497,"EOD_vs_CN",255,"study_1"
"FAT1",-0.0526037281795551,0.0239385328966388,4.82878633099589,0.0296359635014559,0.0966451278109188,"EOD_vs_CN",322,"study_1"
"FAT3",-0.0367339352667742,0.0323475870865628,1.28958843925341,0.258539415076348,0.425939036348803,"EOD_vs_CN",283,"study_1"
"FBLN7",-0.0379302179286721,0.0258857007497704,2.14709283890231,0.145128162911164,0.294398763543217,"EOD_vs_CN",322,"study_1"
"FBN1",0.00617786356335091,0.0194387786799382,0.101004023737463,0.751151823104153,0.843735239336488,"EOD_vs_CN",322,"study_1"
"FCGR2A",-0.0169538597518331,0.0466432461427507,0.132117284040328,0.716909938268422,0.823607236773254,"EOD_vs_CN",322,"study_1"
"FCGR3A",0.0533207286849329,0.0311185419272472,2.93598391737041,0.0890251859299069,0.211383534794399,"EOD_vs_CN",322,"study_1"
"FCGRT",-0.00759153887876878,0.0262723263596609,0.0834954059086592,0.773115851344103,0.858265181345213,"EOD_vs_CN",256,"study_1"
"FCN3",-0.12687162041163,0.063560330155332,3.98434268962826,0.0477146201513262,0.138702160975858,"EOD_vs_CN",295,"study_1"
"FDPS",0.0684463706602227,0.0375013285010597,3.33125243217652,0.0702284745367558,0.179802342882303,"EOD_vs_CN",322,"study_1"
"FGFBP2",-0.00481715670634694,0.0673115697226487,0.00512155819651224,0.943125285941788,0.966574447700659,"EOD_vs_CN",239,"study_1"
"FGFR3",-0.00624378290556618,0.0261126131161955,0.0571735185401283,0.811473472471172,0.884424551434736,"EOD_vs_CN",322,"study_1"
"FGL2",-0.016466342163442,0.0214555203500977,0.5890011839872,0.444020382980658,0.606359807563747,"EOD_vs_CN",322,"study_1"
"FHL1",0.0355410575834932,0.0489515151559046,0.527142966481247,0.469262526135975,0.628019523614445,"EOD_vs_CN",255,"study_1"
"FIBIN",0.048753399635328,0.0397490581389362,1.50437506060356,0.222576250357817,0.387055614327907,"EOD_vs_CN",306,"study_1"
"FITM1",-0.0116672488866076,0.0327396839489004,0.126995390966796,0.722168125095562,0.828262941470202,"EOD_vs_CN",322,"study_1"
"FJX1",0.0480527942043715,0.0322778797590371,2.21629360780487,0.13882627654691,0.285948008810449,"EOD_vs_CN",309,"study_1"
"FKBP1A",0.191477669384158,0.0269900447359246,50.3302464101104,2.91804281837406e-11,8.12714357928234e-10,"EOD_vs_CN",322,"study_1"
"FKBP2",-0.034459736931227,0.0285660673682495,1.45520106273995,0.230373017233607,0.39500731157942,"EOD_vs_CN",302,"study_1"
"FKRP",-0.0589807532574624,0.0294931702665468,3.99924226375624,0.047412510949733,0.138213840265063,"EOD_vs_CN",322,"study_1"
"FLG",0.00295040098326826,0.18063012674693,0.000266797474893844,0.98699506497103,0.992775416742456,"EOD_vs_CN",306,"study_1"
"FLNA",0.0503062666836838,0.0394726252415554,1.62424730479597,0.205368837788858,0.369233903795457,"EOD_vs_CN",322,"study_1"
"FLNB",-0.0749841529179999,0.0465941762624263,2.58985651028561,0.109663474332377,0.246205251197198,"EOD_vs_CN",299,"study_1"
"FLNC",0.0526465495182256,0.0349180792576523,2.27320777260107,0.134201706277991,0.280801742780649,"EOD_vs_CN",322,"study_1"
"FLRT1",0.007370723113377,0.0207724730083462,0.125905234774547,0.723296611197057,0.829095837417761,"EOD_vs_CN",322,"study_1"
"FLRT2",-0.0208935501914958,0.0312647897602185,0.446594588403666,0.505210343334111,0.654866992208556,"EOD_vs_CN",315,"study_1"
"FLT3",-0.111467099250963,0.0527131083816869,4.47152997220522,0.0366038682307239,0.113615319914943,"EOD_vs_CN",262,"study_1"
"FLT4",-0.125586352245566,0.0580165599761301,4.68576974497048,0.0335673746641125,0.106688767072106,"EOD_vs_CN",207,"study_1"
"FMOD",-0.00351186337671583,0.0341359458551367,0.0105840368222564,0.918222752566747,0.948124796112257,"EOD_vs_CN",322,"study_1"
"FNDC1",-0.0827300655426176,0.0665369669174728,1.54596884427176,0.218318363690694,0.382851273622314,"EOD_vs_CN",226,"study_1"
"FOLR1",-0.108805260555552,0.0442276711257374,6.05217731670191,0.0153606747054985,0.0605322190593352,"EOD_vs_CN",322,"study_1"
"FREM2",-0.130214207183655,0.0638379678898027,4.16062557378595,0.0436311927545704,0.128830785483051,"EOD_vs_CN",322,"study_1"
"FSCN1",0.131926665891145,0.0212066393498235,38.7009363368953,4.45042872111625e-09,8.77789771651797e-08,"EOD_vs_CN",322,"study_1"
"FSTL3",0.0176642767510793,0.0314741747218876,0.314980028435297,0.575587549241587,0.709501159681167,"EOD_vs_CN",316,"study_1"
"FSTL5",-0.0477982961003559,0.0274523139546436,3.03156522455067,0.0843414617216837,0.205680994981937,"EOD_vs_CN",322,"study_1"
"FTH1",-0.105067660025629,0.0242899455018142,18.7104847570096,2.8891097101587e-05,0.000305356672442928,"EOD_vs_CN",311,"study_1"
"FTL",-0.0707408143927118,0.0297655744564499,5.64821959788981,0.0186723112848351,0.0691742366850958,"EOD_vs_CN",311,"study_1"
"FUCA1",0.00701226239011998,0.0382577665531275,0.0335951892086511,0.854897630621566,0.908218565314973,"EOD_vs_CN",322,"study_1"
"FURIN",-0.0462816482607591,0.0295786338851025,2.4482818390625,0.119721580038512,0.260555624561112,"EOD_vs_CN",270,"study_1"
"POFUT3",-0.0846836817649207,0.055914570304836,2.29376794553656,0.134668841439585,0.281208188659558,"EOD_vs_CN",184,"study_1"
"POFUT4",0.00639754390349556,0.0169833755645814,0.141898734658296,0.706969450854203,0.817656587099053,"EOD_vs_CN",322,"study_1"
"FXYD1",-0.0359848911608902,0.0406342911809563,0.784250871848984,0.377906074675849,0.546955351058234,"EOD_vs_CN",299,"study_1"
"FXYD6",-0.0312476075006273,0.0277169452389053,1.27099199154443,0.261648870030979,0.42662841861855,"EOD_vs_CN",322,"study_1"
"FZD1",-0.0203440789959528,0.0300479445284155,0.458402027038154,0.49982462286926,0.653641210490828,"EOD_vs_CN",294,"study_1"
"FZD4",-0.0354490767635144,0.0407122028363922,0.758159628056607,0.386574073623031,0.555265683874954,"EOD_vs_CN",236,"study_1"
"FZD7",0.00520320517665859,0.0344216163872569,0.0228496410874077,0.88015864322717,0.926459123437792,"EOD_vs_CN",265,"study_1"
"GAA",-0.0722414151153054,0.0278382135198892,6.73425823724087,0.0109027859261711,0.0462358884646885,"EOD_vs_CN",322,"study_1"
"GABARAP",0.111996657822439,0.0214544058316818,27.2506673641281,1.24132492268074e-06,1.80166948284859e-05,"EOD_vs_CN",257,"study_1"
"GABARAPL2",0.191115802068973,0.0230304767035094,68.8632221815529,2.96240233888797e-13,1.1741367731631e-11,"EOD_vs_CN",309,"study_1"
"GAL3ST4",0.0149003618875479,0.0251906729463253,0.3498759524706,0.555268171354896,0.696055118250549,"EOD_vs_CN",322,"study_1"
"GALC",-0.138424411443591,0.042161605173722,10.7793133631108,0.00132178930422142,0.00825517501818285,"EOD_vs_CN",322,"study_1"
"GALNS",-0.00563313452348241,0.0297239708642766,0.0359158865792026,0.850012556521467,0.905362211364725,"EOD_vs_CN",322,"study_1"
"GALNT1",-0.0264046960710393,0.0130307325303124,4.10605426695528,0.0446907739671608,0.131582407351884,"EOD_vs_CN",322,"study_1"
"GALNT10",-0.0193996390773487,0.0112958060706916,2.94953018394934,0.0882587110205921,0.21102227774181,"EOD_vs_CN",322,"study_1"
"GALNT11",-0.015447871478561,0.0348638676832945,0.196329773647357,0.658573475718157,0.778688771897578,"EOD_vs_CN",314,"study_1"
"GALNT13",-0.047932448847372,0.0233275711231001,4.2220190691268,0.0416929849561374,0.123996020194227,"EOD_vs_CN",322,"study_1"
"GALNT15",0.0299441577263614,0.0330872036201585,0.819038044209989,0.36716912606738,0.537072795475422,"EOD_vs_CN",322,"study_1"
"GALNT16",-0.0335915042199561,0.0188077870467355,3.18994728448416,0.0766363661083505,0.193089915096956,"EOD_vs_CN",322,"study_1"
"GALNT17",-0.0384670461648585,0.0226597938370018,2.8818128187376,0.091592708751643,0.215002930224529,"EOD_vs_CN",322,"study_1"
"GALNT18",-0.0574853622145535,0.0172424410128676,11.1151939855392,0.00113838197494314,0.00726379334476105,"EOD_vs_CN",322,"study_1"
"GALNT4",0.00757787660412795,0.0553418938536044,0.0187493848747698,0.891386253788089,0.933024766101897,"EOD_vs_CN",259,"study_1"
"GALNT5",0.00827103221285645,0.0327243602869639,0.0638817924640427,0.800880119777811,0.878655952445825,"EOD_vs_CN",316,"study_1"
"GALNT6",-0.0610811377271643,0.0286468629612793,4.54632098053136,0.0347712566370235,0.109410015158634,"EOD_vs_CN",322,"study_1"
"GALNT7",0.00265195477416524,0.0203388960727951,0.0170011176411716,0.896496696079682,0.936007948642464,"EOD_vs_CN",322,"study_1"
"GANAB",-0.0953042367020074,0.0197533639475236,23.2778188320514,4.04526583637561e-06,5.14647709183341e-05,"EOD_vs_CN",322,"study_1"
"GAS1",-0.0768455315035548,0.0281728600157684,7.44004158135787,0.00753177024430013,0.0350585348373988,"EOD_vs_CN",258,"study_1"
"GAS6",-0.0241764800946607,0.0152439374771431,2.51531178045347,0.115554298791481,0.255047757454609,"EOD_vs_CN",322,"study_1"
"GASK1A",-0.0215791380024064,0.0359696462240424,0.359911606491526,0.549678716420595,0.693321808165757,"EOD_vs_CN",311,"study_1"
"GBA1",-0.0355891614345396,0.0261097595669768,1.85793178670367,0.174669422672915,0.3343384950609,"EOD_vs_CN",322,"study_1"
"GBE1",-0.14744087843595,0.0628291032551763,5.50698758029989,0.0206494457938275,0.074315502648484,"EOD_vs_CN",235,"study_1"
"GDF11",-0.019774716132142,0.016804514046059,1.38474115470038,0.241256418452027,0.406898100187912,"EOD_vs_CN",322,"study_1"
"GDF15",0.117485719759005,0.0406460234988771,8.3547610989711,0.00466552939482687,0.023742360698119,"EOD_vs_CN",246,"study_1"
"GDI1",0.238394548393985,0.0178530358579057,178.30703770507,1.78548166003229e-27,3.06656475110546e-25,"EOD_vs_CN",322,"study_1"
"GDI2",0.077787720826347,0.0229289311168956,11.509447455743,0.000783574919640108,0.00526041664292593,"EOD_vs_CN",322,"study_1"
"GFAP",0.191532334948732,0.0504245793596306,14.4277842120973,0.000251078799598083,0.00200571087585911,"EOD_vs_CN",305,"study_1"
"GFRA1",0.0251149246642571,0.0240628241912074,1.08935784047757,0.298890648960323,0.465970973908643,"EOD_vs_CN",278,"study_1"
"GFRA3",-0.0297391519039832,0.0346112561491912,0.738282264298473,0.392163028010861,0.558568072377598,"EOD_vs_CN",322,"study_1"
"GGCT",0.225938176089432,0.0290322116243664,60.5646198050347,6.10224843180148e-12,1.79667628827755e-10,"EOD_vs_CN",322,"study_1"
"GGT7",0.00437834087347494,0.0222669440640895,0.038663209644114,0.844396855761198,0.903045671915034,"EOD_vs_CN",322,"study_1"
"GINM1",-0.0320080610910811,0.0204169896885022,2.45773647961313,0.119699422163492,0.260555624561112,"EOD_vs_CN",322,"study_1"
"GJA1",-0.0119914715913522,0.034168141222713,0.123169239229843,0.726206440846397,0.830189530873605,"EOD_vs_CN",260,"study_1"
"GLA",-0.0560764046873221,0.0227199777326627,6.09178433425998,0.0149209319398172,0.0594817035357121,"EOD_vs_CN",322,"study_1"
"GLB1",0.00922667073871652,0.0441044669994305,0.0437647940850967,0.834489127390625,0.896419231802649,"EOD_vs_CN",282,"study_1"
"GLG1",-0.020710748288884,0.0163727595609467,1.60010253270408,0.208488395573077,0.372352325195937,"EOD_vs_CN",322,"study_1"
"GLO1",0.239527631929039,0.0320542055128232,55.8394597350452,2.75895691976204e-12,9.17130679295091e-11,"EOD_vs_CN",322,"study_1"
"GLOD4",0.206437124467939,0.0229313557355656,81.0431175033128,4.67105113736348e-16,2.60190172813679e-14,"EOD_vs_CN",322,"study_1"
"GLRX",0.104323117990033,0.0227668900167964,20.9968283708262,7.9909069794101e-06,9.5198030546614e-05,"EOD_vs_CN",322,"study_1"
"GLUL",0.0683552225772642,0.0485052000612041,1.98594310910481,0.161355256791008,0.317928474422817,"EOD_vs_CN",267,"study_1"
"GNAO1",-0.12593804076426,0.0518743416741223,5.89398014942789,0.0170607766017456,0.0647555443392224,"EOD_vs_CN",298,"study_1"
"GNAS",0.0109889013335389,0.0276996666377197,0.157383595646434,0.692286165642513,0.804738740772262,"EOD_vs_CN",322,"study_1"
"GNB1",-0.0708412240014911,0.0364713925789152,3.7728315947432,0.0543505255637931,0.152174692564527,"EOD_vs_CN",292,"study_1"
"GNS",-0.0346420548877595,0.0386307039474231,0.804159221829552,0.371978446986387,0.541035694593467,"EOD_vs_CN",322,"study_1"
"GP1BA",-0.0715879642177584,0.0552109449049226,1.68123980911209,0.197043450797221,0.361304761648641,"EOD_vs_CN",258,"study_1"
"GPC1",-0.0138208839719,0.0219959449602071,0.394808408430264,0.530954787589194,0.674659566720918,"EOD_vs_CN",322,"study_1"
"GPC4",-0.00861689984170122,0.0240664391882749,0.128197162946201,0.720956192600824,0.82733335910373,"EOD_vs_CN",322,"study_1"
"GPC5",-0.0371479194082012,0.0285514437316337,1.69282803210164,0.195643327698699,0.360018659274125,"EOD_vs_CN",322,"study_1"
"GPC6",-0.0528055636832089,0.030831157902509,2.93345678639644,0.0895974684576701,0.212253313208343,"EOD_vs_CN",300,"study_1"
"GPLD1",-0.130356978115138,0.042004075434011,9.63131770530826,0.00234824625062539,0.0134064695915206,"EOD_vs_CN",322,"study_1"
"GPNMB",0.0719918284753697,0.037835763201343,3.62044046844175,0.0594192165355013,0.16092379143189,"EOD_vs_CN",322,"study_1"
"GPR180",-0.0610824396759845,0.0248838133545459,6.025580309742,0.015323924034322,0.0605030793768922,"EOD_vs_CN",322,"study_1"
"GPRC5B",0.0943659278778875,0.0320864588680967,8.64941726930678,0.00391035505303911,0.0207040436016555,"EOD_vs_CN",295,"study_1"
"GRB2",0.024626616317067,0.0162556995926667,2.29508174451641,0.132400595222184,0.278730977275711,"EOD_vs_CN",322,"study_1"
"GREM1",0.0362310989469449,0.0607081990751612,0.356179003844398,0.552230421853803,0.694519395847888,"EOD_vs_CN",253,"study_1"
"GRIA2",-0.0237466409241109,0.0270713405762522,0.769457868834868,0.381924844968515,0.551609744555087,"EOD_vs_CN",322,"study_1"
"GRIA3",-0.0373015246973179,0.053696811437795,0.482565391952579,0.488807884379611,0.644894507585738,"EOD_vs_CN",204,"study_1"
"GRID2",-0.000751464402026863,0.0387672145895019,0.000375740170438772,0.984574481386882,0.991358153111447,"EOD_vs_CN",284,"study_1"
"GRM1",-0.0243993824745152,0.0226361184534086,1.16185987615385,0.28272993342882,0.450089213583527,"EOD_vs_CN",308,"study_1"
"GRN",0.0485672753155069,0.0253327247934379,3.67556129134555,0.0575665890039396,0.157603048895731,"EOD_vs_CN",322,"study_1"
"GRP",-0.0777874297986048,0.0511554564427645,2.3122506805469,0.131121008566857,0.276988134681636,"EOD_vs_CN",303,"study_1"
"GSR",0.159491954566849,0.020940719185177,58.0088658844983,1.5469567712228e-12,5.31379650915031e-11,"EOD_vs_CN",322,"study_1"
"GSS",0.183550560561152,0.0272654741738209,45.3195219968477,8.48841382217526e-10,1.82364151893643e-08,"EOD_vs_CN",322,"study_1"
"GSTM2",-0.0829865083059757,0.0279169386813382,8.8364820253549,0.00347544014757481,0.0186533389170616,"EOD_vs_CN",322,"study_1"
"GSTO1",0.183565972653491,0.0371037728962076,24.4764378462736,1.5570618841618e-06,2.21317554707411e-05,"EOD_vs_CN",322,"study_1"
"GSTP1",0.075573161039162,0.0205764820158935,13.4894091086114,0.000324258795777863,0.00245697565477271,"EOD_vs_CN",322,"study_1"
"GSTT1",0.230555917377785,0.0960981341825548,5.75602451773984,0.0181667523496385,0.06795222612088,"EOD_vs_CN",267,"study_1"
"GUCA2A",0.00582545050027156,0.0915567496606786,0.00404835230599878,0.949489402568281,0.969044778421137,"EOD_vs_CN",189,"study_1"
"GXYLT1",-0.0205372320570363,0.0349380919483029,0.345529756298734,0.557578332711393,0.69688838309168,"EOD_vs_CN",305,"study_1"
"GYG1",-0.0457670771662906,0.0376203165615096,1.47999914464538,0.225767126357369,0.390357422334343,"EOD_vs_CN",322,"study_1"
"H6PD",0.0117044010972019,0.0361828034896342,0.104639092696078,0.746853201199405,0.842556402487002,"EOD_vs_CN",267,"study_1"
"HACD3",0.0692820387195622,0.0249373627299372,7.718630886427,0.0062362478938325,0.0301711429793164,"EOD_vs_CN",296,"study_1"
"HAGH",0.299656919216507,0.0379513160808426,62.3440394991848,1.70095891125491e-13,7.01135263219275e-12,"EOD_vs_CN",322,"study_1"
"HAMP",-0.0724475240825139,0.0445017955034307,2.65028164254605,0.106498606867484,0.240937023879126,"EOD_vs_CN",317,"study_1"
"HAPLN1",-0.146013007004228,0.0673374969604907,4.70185413571865,0.0322437480537063,0.10303002285068,"EOD_vs_CN",261,"study_1"
"HAPLN4",0.0493807932479977,0.0363226326373568,1.84825328841307,0.17738875496509,0.337997413413866,"EOD_vs_CN",250,"study_1"
"HAVCR2",0.0167802399606534,0.0188960379191227,0.788596473265876,0.376128748369199,0.545148628965485,"EOD_vs_CN",322,"study_1"
"HBG1",-0.258454201485233,0.122893340717911,4.42293434540729,0.0367250872136747,0.11371613786361,"EOD_vs_CN",322,"study_1"
"HCRT",-0.0238083951330635,0.0313859342089498,0.575426850715533,0.449577989100728,0.610797782159921,"EOD_vs_CN",322,"study_1"
"HDHD2",0.164074683226927,0.0260940222605761,39.5367614026623,4.14350009377575e-09,8.37230754242335e-08,"EOD_vs_CN",296,"study_1"
"HEBP2",0.0439275710498578,0.0276958750119626,2.51561513224038,0.115352584559774,0.255047757454609,"EOD_vs_CN",302,"study_1"
"HEG1",-0.044393895084188,0.0240377140459509,3.4108307818906,0.0673824627774616,0.174466401739131,"EOD_vs_CN",322,"study_1"
"HEPACAM",0.0261751250911055,0.0224835772960728,1.35533517049737,0.246530067129623,0.412083104910099,"EOD_vs_CN",322,"study_1"
"HEPH",-0.0651707646687338,0.0287121056643536,5.1519963455509,0.0250343356150787,0.086119883552892,"EOD_vs_CN",216,"study_1"
"HGFAC",-0.0338305344688453,0.0487745524333578,0.481095320029025,0.489068469362692,0.644894507585738,"EOD_vs_CN",322,"study_1"
"HHIP",-0.133390591643195,0.0552204382075388,5.83513220596921,0.0176016621467672,0.0664414389825771,"EOD_vs_CN",287,"study_1"
"H2BC12",-0.0706090964764879,0.0651247477524657,1.17551777414822,0.280514756760039,0.448171250916621,"EOD_vs_CN",322,"study_1"
"H4C1",-0.146348712590634,0.0756588090478093,3.7416125296095,0.055590836102182,0.154202844154236,"EOD_vs_CN",322,"study_1"
"HK1",0.125814670577051,0.0180634046408373,48.5135826984079,1.24593466188511e-10,3.20983917268152e-09,"EOD_vs_CN",322,"study_1"
"HLA-A",0.0730241336630322,0.0542863296616145,1.80947200056755,0.18089158909976,0.342348544659876,"EOD_vs_CN",322,"study_1"
"HLA-B",-0.0500868034045645,0.0491923210968361,1.03669738041156,0.310545284955148,0.47870892467656,"EOD_vs_CN",322,"study_1"
"HLA-C",0.115955043517312,0.110671511197377,1.09776051584097,0.298631411175752,0.465970973908643,"EOD_vs_CN",212,"study_1"
"HLA-DRA",-0.00573147336746976,0.0505910481800705,0.0128346846477181,0.909969735333675,0.943384116963131,"EOD_vs_CN",322,"study_1"
"HLA-DRB1",0.1477221173891,0.0733778782760694,4.05285203212658,0.0463369806602812,0.135269854307138,"EOD_vs_CN",305,"study_1"
"HLA-E",-0.0181960957345138,0.0332827980629749,0.298893703441432,0.585473823116374,0.718232395897905,"EOD_vs_CN",312,"study_1"
"HMCN1",0.00718329568060072,0.0242102852143511,0.0880334404932652,0.767213167157304,0.853815216290169,"EOD_vs_CN",322,"study_1"
"HNRNPA2B1",-0.0594775341819038,0.0680092244584549,0.764839423890175,0.384091769742491,0.552802470278823,"EOD_vs_CN",285,"study_1"
"HNRNPK",-0.115503081332098,0.0933560949600654,1.53074125263772,0.219267958054986,0.383625858702314,"EOD_vs_CN",239,"study_1"
"HPR",-9.9603413563687e-05,0.0901756326164124,1.22002870733626e-06,0.999120526966235,0.999120526966235,"EOD_vs_CN",322,"study_1"
"HPRT1",0.266352716157072,0.0285646442848822,86.9474039450904,1.91189421788173e-16,1.12583256658693e-14,"EOD_vs_CN",322,"study_1"
"HRNR",0.303463076662671,0.203162618220074,2.23112607113651,0.138213716500744,0.28537054855091,"EOD_vs_CN",307,"study_1"
"HS3ST1",-0.0154983236874786,0.0323521912427639,0.229489094185022,0.63282331141972,0.759609111727457,"EOD_vs_CN",232,"study_1"
"HS6ST1",0.0469550375730187,0.0182031955288335,6.65379040858506,0.0111558207360701,0.0471150543791814,"EOD_vs_CN",322,"study_1"
"HS6ST2",0.0553303287200754,0.0331510076992579,2.78569158435145,0.0974245434692074,0.226090650536224,"EOD_vs_CN",279,"study_1"
"HS6ST3",-0.0738523774238751,0.0335816902064886,4.83641833770384,0.0299361820761525,0.0971629468644887,"EOD_vs_CN",322,"study_1"
"HSP90AA1",0.153555465353021,0.0253415119571354,36.7168581332248,6.9536223967431e-09,1.33938465043809e-07,"EOD_vs_CN",322,"study_1"
"HSP90AB1",0.0491137883619174,0.036129058560187,1.8479643080493,0.17655128728279,0.337029140692672,"EOD_vs_CN",290,"study_1"
"HSP90B1",0.0416013650988382,0.0271198309190553,2.35310446717748,0.127626748109765,0.272861750886127,"EOD_vs_CN",322,"study_1"
"HSPA13",-0.0095367897067386,0.0176006712668649,0.29359317079201,0.588995938176267,0.721712621035247,"EOD_vs_CN",322,"study_1"
"HSPA1A",0.0269982753691962,0.0274663659138329,0.966205804428973,0.32753434828622,0.495266538384372,"EOD_vs_CN",322,"study_1"
"HSPA2",0.0750211734405554,0.0249908918007483,9.01164753738529,0.00328347254260499,0.0177152798699185,"EOD_vs_CN",322,"study_1"
"HSPA4",0.0953942778470663,0.040756630305849,5.47832898845832,0.0207599897894805,0.0744110242715119,"EOD_vs_CN",290,"study_1"
"HSPB1",0.02064811621826,0.0553848473540004,0.138988524911222,0.709911106853889,0.819219927898021,"EOD_vs_CN",322,"study_1"
"HSPE1",0.117969363107265,0.026512912033676,19.7981042938347,1.7091530303297e-05,0.000189385182554275,"EOD_vs_CN",322,"study_1"
"HYAL1",-0.0134962599821799,0.0298259505422343,0.204756776804878,0.651783309566709,0.775144489911706,"EOD_vs_CN",322,"study_1"
"ICAM1",0.00166454627464124,0.0260051791269997,0.00409705738629842,0.949046028665382,0.969044778421137,"EOD_vs_CN",322,"study_1"
"ICAM2",-0.0496115706024897,0.0196395474939687,6.38120942427938,0.0126863627096844,0.0525031998888748,"EOD_vs_CN",322,"study_1"
"IDH1",0.0684444766641602,0.0182666377517909,14.0397566969813,0.00025935934866093,0.00203380121065397,"EOD_vs_CN",322,"study_1"
"IDUA",-0.0465391207770453,0.0416202027909402,1.25033953829547,0.265704635640678,0.431534479161101,"EOD_vs_CN",316,"study_1"
"IFI30",-0.0835819550617137,0.0399757186309651,4.37152022138452,0.0386994161130177,0.117150291508333,"EOD_vs_CN",322,"study_1"
"IFI6",-0.0490364539976946,0.0419817752544161,1.36432084872513,0.246068422732271,0.411645307833775,"EOD_vs_CN",232,"study_1"
"IFNAR1",-0.0110097306664728,0.0373567190803005,0.0868592223096286,0.768839328674614,0.855005759838676,"EOD_vs_CN",252,"study_1"
"IFNAR2",-0.0437628165858727,0.0228700197027892,3.66165525916655,0.0577592923961354,0.157603048895731,"EOD_vs_CN",305,"study_1"
"IFNGR1",-0.0178330632266337,0.0280346209096796,0.404634140476943,0.526065909843675,0.670541267325887,"EOD_vs_CN",259,"study_1"
"IGF1",-0.0316056830928002,0.0257908103481052,1.50175949510854,0.222730693155215,0.387055614327907,"EOD_vs_CN",316,"study_1"
"IGF2R",0.0151714842040189,0.0100221583636979,2.29157257833892,0.132328177822248,0.278730977275711,"EOD_vs_CN",322,"study_1"
"IGFALS",-0.134351702564849,0.0552522377811175,5.91271035011265,0.0163561268282882,0.0630093035385084,"EOD_vs_CN",322,"study_1"
"IGFBP3",0.0069030306599564,0.0349919931808945,0.0389172588072981,0.843902457751651,0.903045671915034,"EOD_vs_CN",322,"study_1"
"IGFBPL1",0.083833307737445,0.0353004649413297,5.63991233029822,0.0189887315108685,0.0698853136498213,"EOD_vs_CN",306,"study_1"
"IGHD",0.0673616406283354,0.138996400655443,0.23486494669745,0.628927334668482,0.757137404644709,"EOD_vs_CN",322,"study_1"
"IGHV1-18",-0.0441400386604687,0.0669240107300763,0.435012261176283,0.510709535996823,0.660333973456368,"EOD_vs_CN",322,"study_1"
"IGHV1-2",-0.029435795236622,0.0769980359893609,0.146147789536833,0.702761741416521,0.814618644015439,"EOD_vs_CN",311,"study_1"
"IGHV1-24",-0.175912001943148,0.0728114984145999,5.83701762713254,0.0167630552690972,0.06387012513624,"EOD_vs_CN",306,"study_1"
"IGHV1-3",-0.0541037399149397,0.0976143448632303,0.30720429671772,0.581135832954694,0.715057284608731,"EOD_vs_CN",177,"study_1"
"IGHV1-46",-0.0122550176470862,0.0785919701103702,0.0243148464153855,0.876368778638812,0.924346009212145,"EOD_vs_CN",316,"study_1"
"IGHV1-58",-0.0477951003959348,0.0868151059019864,0.303093175399806,0.582880048885127,0.716348110168304,"EOD_vs_CN",322,"study_1"
"IGHV1-69",-0.0271537620341076,0.0676438543847524,0.161139986681745,0.688761145063328,0.801998146878825,"EOD_vs_CN",322,"study_1"
"IGHV1-8",0.131416590431481,0.164373642605195,0.639198918927407,0.425475849949429,0.58805807284457,"EOD_vs_CN",286,"study_1"
"IGHV2-26",-0.00923004529587945,0.0878806972218192,0.0110311471254823,0.916541299424137,0.947337822524146,"EOD_vs_CN",322,"study_1"
"IGHV2-5",-0.0601948551183618,0.0907208862103469,0.440254880419364,0.508358565131991,0.657706844153818,"EOD_vs_CN",322,"study_1"
"IGHV2-70",-0.0274675030364068,0.0919859510191409,0.0891651935957224,0.765757847008206,0.853095633883196,"EOD_vs_CN",322,"study_1"
"IGHV2-70D",-0.0667156493577272,0.137111779439062,0.236758674889185,0.627517060882241,0.755881158666452,"EOD_vs_CN",322,"study_1"
"IGHV3-11",-0.0997355048726987,0.0663270738633962,2.26109028926675,0.1351480381691,0.281638126053099,"EOD_vs_CN",322,"study_1"
"IGHV3-13",-0.167754460262545,0.0649851870602432,6.66376089025205,0.0107675128233154,0.0457563792347483,"EOD_vs_CN",322,"study_1"
"IGHV3-15",-0.125620938513842,0.0639170494876639,3.86269688438811,0.0514900956427464,0.146576087181907,"EOD_vs_CN",322,"study_1"
"IGHV3-20",-0.162218586022246,0.08472582708669,3.6658069389677,0.0578107253591327,0.157603048895731,"EOD_vs_CN",322,"study_1"
"IGHV3-21",-0.107852167332307,0.0640528539881982,2.83518095669125,0.0943246568827844,0.219913029225587,"EOD_vs_CN",322,"study_1"
"IGHV3-23",-0.0238025396727584,0.0725132667246052,0.10774860453835,0.74336920757842,0.841342085018739,"EOD_vs_CN",300,"study_1"
"IGHV3-43",-0.0467489565167364,0.0721416852725384,0.419924560075366,0.518188185195957,0.665411744354434,"EOD_vs_CN",322,"study_1"
"IGHV3-48",-0.11154170113162,0.068491650620126,2.65215719886104,0.106032212149171,0.240409669130299,"EOD_vs_CN",322,"study_1"
"IGHV3-49",-0.151256689733863,0.0659049966711255,5.26735389817822,0.0232099071949785,0.0819103060425527,"EOD_vs_CN",322,"study_1"
"IGHV3-64",-0.0469729494821399,0.0688026714378799,0.466106392759854,0.495923162952951,0.649775994180567,"EOD_vs_CN",322,"study_1"
"IGHV3-64D",-0.0953237364216263,0.0618449762715819,2.37570909218247,0.125813276594859,0.269543828546781,"EOD_vs_CN",322,"study_1"
"IGHV3-66",-0.124443420826985,0.0640727011393656,3.77222696869307,0.054012509467782,0.15166182835572,"EOD_vs_CN",322,"study_1"
"IGHV3-7",-0.114511644307402,0.0614980837973812,3.46717796511606,0.064611191361088,0.170488752788775,"EOD_vs_CN",322,"study_1"
"IGHV3-73",-0.0976999728332959,0.0625806816339002,2.43729617823717,0.121039219475479,0.262175559051414,"EOD_vs_CN",322,"study_1"
"IGHV3-9",-0.0851127041993428,0.0571560927702491,2.21750043313897,0.138881104715798,0.285948008810449,"EOD_vs_CN",322,"study_1"
"IGHV4-28",-0.0219791310340207,0.0782763713789789,0.0788423691897877,0.779378070064351,0.862673578089489,"EOD_vs_CN",322,"study_1"
"IGHV4-30-2",-0.245831888806621,0.116756841099125,4.43314322931521,0.0379155904814729,0.1156003982922,"EOD_vs_CN",251,"study_1"
"IGHV4-34",-0.0495205412816785,0.0733420466417044,0.455894881454878,0.500853496330177,0.653742277350534,"EOD_vs_CN",322,"study_1"
"IGHV4-4",-0.0825675615013354,0.0958123351024885,0.742636118750795,0.390406624853544,0.556836023407028,"EOD_vs_CN",322,"study_1"
"IGHV5-10-1",-0.502040737382627,0.128428633434139,15.2810851164494,0.00014837017848503,0.0012741289077402,"EOD_vs_CN",322,"study_1"
"IGHV5-51",-0.142469954595248,0.0624201752328356,5.20950674567832,0.0241567670992852,0.0839580050449019,"EOD_vs_CN",322,"study_1"
"IGHV6-1",-0.110708746320552,0.0846454571784836,1.71063185689507,0.193350674810219,0.356755363280091,"EOD_vs_CN",322,"study_1"
"IGHV7-4-1",0.0710514377035243,0.104279229537015,0.464248076315821,0.496955563386681,0.650301851517428,"EOD_vs_CN",296,"study_1"
"IGKJ1",-0.109115153468718,0.081346532536869,1.79925220935599,0.182317907610217,0.34370080716151,"EOD_vs_CN",322,"study_1"
"IGKV1-12",-0.0739139440080747,0.0607996022030874,1.47792119566784,0.226394027959757,0.391113236902816,"EOD_vs_CN",322,"study_1"
"IGKV1-16",-0.108595060442746,0.0692778535961166,2.45714788415173,0.119587519125911,0.260555624561112,"EOD_vs_CN",322,"study_1"
"IGKV1-27",-0.0641549236115734,0.079577421889147,0.64995045849824,0.421746624735592,0.585011005950603,"EOD_vs_CN",322,"study_1"
"IGKV1-39",-0.0713959629739594,0.0718080780843994,0.988554699344217,0.322079331772413,0.490617518686581,"EOD_vs_CN",322,"study_1"
"IGKV1-6",-0.0894070985818894,0.0629735697374606,2.01570687884991,0.157925757363837,0.312966332621988,"EOD_vs_CN",322,"study_1"
"IGKV1-8",0.0897538152713101,0.075451630510215,1.41503955107706,0.23713094122517,0.40285665595365,"EOD_vs_CN",264,"study_1"
"IGKV1-9",-0.0865955665136944,0.0697792390631013,1.54006431221504,0.216999857379813,0.381451165167229,"EOD_vs_CN",322,"study_1"
"IGKV1D-13",0.114116418389427,0.117229483982689,0.947594559424552,0.332656593155001,0.500807332719107,"EOD_vs_CN",270,"study_1"
"IGKV1D-17",-0.0548936973445349,0.0972869284526115,0.318372819049135,0.573668925292058,0.708344560176515,"EOD_vs_CN",322,"study_1"
"IGKV2-24",-0.118250357146752,0.0678424337151059,3.03810013638319,0.083489632456399,0.20484777677695,"EOD_vs_CN",322,"study_1"
"IGKV2-29",-0.148064675609874,0.0988745979709262,2.24250519431437,0.1367219327035,0.28291556556417,"EOD_vs_CN",322,"study_1"
"IGKV2-30",-0.112462224830244,0.0644117775252844,3.04847595091342,0.0831108526100333,0.20416146272858,"EOD_vs_CN",322,"study_1"
"IGKV2-40",-0.0774872129492,0.0537663251268335,2.0770137577292,0.152026274287735,0.305386112385012,"EOD_vs_CN",322,"study_1"
"IGKV2D-26",-0.123022029128945,0.0883215702593664,1.94013615332704,0.166216388835354,0.324712774776933,"EOD_vs_CN",306,"study_1"
"IGKV2D-29",-0.0503898999104866,0.0580715015055911,0.752940885968026,0.387326913667711,0.555265683874954,"EOD_vs_CN",234,"study_1"
"IGKV3-11",-0.0812507267981559,0.0719449156151172,1.27542314520484,0.261036278150867,0.42662841861855,"EOD_vs_CN",322,"study_1"
"IGKV3-15",-0.098839197524407,0.0692653634098193,2.03622697800243,0.156086585578066,0.311724762390451,"EOD_vs_CN",322,"study_1"
"IGKV3D-15",-0.0436034878072231,0.101506942042139,0.184523196738309,0.6683427642125,0.785769787245843,"EOD_vs_CN",322,"study_1"
"IGKV3D-20",-0.123276957065961,0.0730175022212406,2.85042662898189,0.0939216426239107,0.21922141047325,"EOD_vs_CN",322,"study_1"
"IGKV3D-7",-0.0745750176172279,0.0598617197670845,1.55198796870195,0.214983550246248,0.379213601909785,"EOD_vs_CN",322,"study_1"
"IGKV6-21",-0.100434177254151,0.0751884795587148,1.78426948030526,0.18414742594424,0.34539927601399,"EOD_vs_CN",322,"study_1"
"IGKV6D-21",-0.0908007697674253,0.123132897867711,0.543789552641412,0.462555651957637,0.622682690192483,"EOD_vs_CN",265,"study_1"
"IGLC7",-0.063482341680252,0.06922141628882,0.841056002825659,0.360829711383087,0.531572576955355,"EOD_vs_CN",322,"study_1"
"IGLL1",-0.0917370920265423,0.0701031532002134,1.7124379079789,0.192794065931376,0.356366430389745,"EOD_vs_CN",322,"study_1"
"IGLV1-36",-0.0595536484126217,0.0637364624074323,0.873053455035008,0.351794236848809,0.523122598950502,"EOD_vs_CN",296,"study_1"
"IGLV1-40",-0.106007680268991,0.0680530926180072,2.42649236914773,0.121892657333473,0.263488260412446,"EOD_vs_CN",322,"study_1"
"IGLV1-44",-0.245803586210969,0.0668877972509059,13.504628501145,0.000327925315103248,0.00247565595028496,"EOD_vs_CN",283,"study_1"
"IGLV1-47",-0.132846321006447,0.0563331497577957,5.56123175804912,0.0198812346017111,0.0723943896009302,"EOD_vs_CN",322,"study_1"
"IGLV1-51",-0.0814142102727087,0.0659003569100671,1.5262472542717,0.218931015788056,0.383361787204064,"EOD_vs_CN",322,"study_1"
"IGLV10-54",-0.131202839964539,0.104546196485389,1.5749616991671,0.211375749524694,0.376205025708457,"EOD_vs_CN",322,"study_1"
"IGLV2-11",-0.163682303335723,0.0958083290319951,2.91875017511485,0.0901465815203513,0.212820280084128,"EOD_vs_CN",322,"study_1"
"IGLV2-18",-0.00583828234585787,0.100462766157515,0.00337722444727354,0.95376281616621,0.971371790180589,"EOD_vs_CN",321,"study_1"
"IGLV2-23",-0.0941008066607672,0.095289336563981,0.975209865734811,0.325300538407443,0.492614660571991,"EOD_vs_CN",322,"study_1"
"IGLV2-8",-0.0526550032438502,0.0857992553573156,0.376627693305505,0.54074548386234,0.684567839213933,"EOD_vs_CN",322,"study_1"
"IGLV3-1",-0.103305281194994,0.0726738168608017,2.0206407546855,0.157465093670939,0.312654680207905,"EOD_vs_CN",300,"study_1"
"IGLV3-12",-0.163000098293736,0.0999145630141579,2.66144898524322,0.106205223995404,0.240537325993987,"EOD_vs_CN",246,"study_1"
"IGLV3-25",-0.0950225416128213,0.0625483843739843,2.30792181569875,0.131169538791498,0.276988134681636,"EOD_vs_CN",322,"study_1"
"IGLV3-27",-0.0868019349875769,0.0638448018264913,1.84845008123227,0.176445355440976,0.337029140692672,"EOD_vs_CN",322,"study_1"
"IGLV3-9",-0.152392793185046,0.0724994255444362,4.41834605357162,0.0375254221835187,0.115089129643202,"EOD_vs_CN",322,"study_1"
"IGLV4-60",-0.39657379897684,0.11312142283126,12.290182086858,0.000618503230715907,0.00427763476008551,"EOD_vs_CN",320,"study_1"
"IGLV4-69",-0.136406668712101,0.0774509900267864,3.10182476131227,0.0802549276577363,0.199330066543075,"EOD_vs_CN",322,"study_1"
"IGLV5-37",-0.124335342082725,0.116807815929097,1.13304035959993,0.289128351563446,0.456973567923514,"EOD_vs_CN",311,"study_1"
"IGLV5-45",-0.102799016608836,0.0890980530343092,1.33119443186767,0.25072512670973,0.417740085811442,"EOD_vs_CN",322,"study_1"
"IGLV6-57",-0.0238409390954539,0.0691533629718611,0.118855725301699,0.730841089647946,0.830812733460793,"EOD_vs_CN",322,"study_1"
"IGLV7-46",-0.162757366531759,0.0684959210487667,5.6461431985449,0.0187283959584102,0.0691742366850958,"EOD_vs_CN",322,"study_1"
"IGLV8-61",-0.172398111680053,0.100858299284022,2.92174108727963,0.0897148500229565,0.212287377608856,"EOD_vs_CN",322,"study_1"
"IGLV9-49",-0.0325244801870059,0.112775924640776,0.0831740665504265,0.773549238254611,0.858265181345213,"EOD_vs_CN",322,"study_1"
"IGSF1",-0.079325369792101,0.0205660694037852,14.877214218992,0.000182542707515907,0.00153559395996035,"EOD_vs_CN",322,"study_1"
"IGSF11",-0.0392541537039193,0.0237517042504428,2.73137722311398,0.101166439712355,0.232739103996993,"EOD_vs_CN",272,"study_1"
"IGSF21",-0.0529258037214754,0.0199921955419794,7.00832029588036,0.00910220628982658,0.0408706909876527,"EOD_vs_CN",322,"study_1"
"IL18BP",-0.00901984555969183,0.0284764540924666,0.10032897691066,0.752033786832183,0.843735239336488,"EOD_vs_CN",322,"study_1"
"IL1RAP",-0.0288379797242005,0.0399189720325859,0.521880375397183,0.471428764148699,0.630427522607869,"EOD_vs_CN",322,"study_1"
"IL1RAPL1",-0.0525894941372459,0.03599853561568,2.13416659438414,0.146672320811448,0.296655204310494,"EOD_vs_CN",294,"study_1"
"IL6R",-0.0246587031339687,0.0306891155355998,0.645612187221737,0.423275603544998,0.586270846039141,"EOD_vs_CN",322,"study_1"
"IMPA1",0.107596012855739,0.021981554442292,23.959378866095,3.19579810958152e-06,4.24938058312742e-05,"EOD_vs_CN",322,"study_1"
"INAFM1",-0.0100627818238127,0.0309465495148786,0.105733265982178,0.745594767150586,0.84229355000393,"EOD_vs_CN",322,"study_1"
"INAFM2",-0.000134923173167392,0.0232988057484911,3.35355761492146e-05,0.995386741677493,0.997537410181841,"EOD_vs_CN",322,"study_1"
"INHBB",0.117173796703855,0.0389895875550408,9.03157977602346,0.00326022139969547,0.0176532127190398,"EOD_vs_CN",214,"study_1"
"INHBC",-0.0261605037977009,0.0677412618153866,0.149137082436063,0.700162389769258,0.812062287740259,"EOD_vs_CN",213,"study_1"
"INSR",-0.0978458842908756,0.0452916935739199,4.6671096496582,0.0332209896231822,0.105988327574889,"EOD_vs_CN",185,"study_1"
"ISLR2",0.0461233102211658,0.0268872637801165,2.94271173683849,0.0887408959040832,0.211195134478424,"EOD_vs_CN",322,"study_1"
"ITGA1",-0.0428602778224855,0.0398070052983213,1.15928695898521,0.283908734064803,0.451145644493106,"EOD_vs_CN",269,"study_1"
"ITGA7",-0.0125140057612275,0.0405690376772448,0.0951487942096833,0.758447884270904,0.850006030169838,"EOD_vs_CN",277,"study_1"
"ITGAM",0.242907471418943,0.0343789679933576,49.9224711893891,9.5670176275975e-11,2.49590168740233e-09,"EOD_vs_CN",299,"study_1"
"ITGB1",-0.00918853036868811,0.0195788619850188,0.220250660834482,0.639645426559611,0.766366837551454,"EOD_vs_CN",322,"study_1"
"ITGB2",0.358142390353818,0.0359019133447712,99.5121861279445,3.11280999262109e-17,2.00484418587252e-15,"EOD_vs_CN",301,"study_1"
"ITGB4",0.0553451403961121,0.0297908094406528,3.45139272964006,0.0656738932823886,0.171334043107599,"EOD_vs_CN",262,"study_1"
"ITGBL1",0.0264209671541293,0.0304470297852228,0.753021815494021,0.387452303738494,0.555265683874954,"EOD_vs_CN",300,"study_1"
"ITIH3",-0.0314272164109491,0.0503405970376881,0.389740114467996,0.533329871939951,0.677259929801749,"EOD_vs_CN",322,"study_1"
"ITM2A",-0.0295649004127684,0.0260178075418988,1.29125330840991,0.258210953408849,0.425738219980511,"EOD_vs_CN",322,"study_1"
"ITM2C",-0.0560049757829448,0.0285684848177267,3.84307458150488,0.0513170647834927,0.146488186314098,"EOD_vs_CN",322,"study_1"
"JAG1",-0.112723481896514,0.023778888187827,22.4722056608032,6.66780001484705e-06,8.10602681563605e-05,"EOD_vs_CN",322,"study_1"
"JAG2",-0.0226425840994907,0.036402521054934,0.386891381615509,0.535027685552939,0.678997573845202,"EOD_vs_CN",252,"study_1"
"JAM2",-0.0565849756560285,0.0189829323707699,8.88537303946831,0.00355959596564363,0.0190060292362475,"EOD_vs_CN",322,"study_1"
"JAM3",-0.0132411361931486,0.0224466169905895,0.347975536204041,0.556361050067214,0.696211368663344,"EOD_vs_CN",311,"study_1"
"JAML",0.00792291346670612,0.0536366024489122,0.0218196261349299,0.882832265648739,0.928325152807169,"EOD_vs_CN",269,"study_1"
"JCHAIN",0.0485376946753875,0.0913388836185885,0.282388425867305,0.596066039361252,0.729075434494683,"EOD_vs_CN",322,"study_1"
"JMJD8",0.00825861377865583,0.0597703913153832,0.0190915906767278,0.890484661186558,0.933024766101897,"EOD_vs_CN",210,"study_1"
"JUP",0.119632362104548,0.152566126331946,0.614866902950713,0.435557548568301,0.597261548635575,"EOD_vs_CN",234,"study_1"
"KCTD12",-0.0356673686180336,0.0238028130580913,2.24535786567682,0.136581697729275,0.28290942615079,"EOD_vs_CN",311,"study_1"
"KDR",-0.00401310843003355,0.0363557154243402,0.0121847436745311,0.912344084958159,0.944420471671907,"EOD_vs_CN",258,"study_1"
"KIAA0319L",-0.00170636507312955,0.0173269311146962,0.00969841153439408,0.921681909900968,0.951220038210263,"EOD_vs_CN",322,"study_1"
"KIAA1549L",-0.059551729043116,0.0344086409052805,2.99539232757404,0.0861397287102574,0.208618073879954,"EOD_vs_CN",322,"study_1"
"KIRREL3",-0.010240006137286,0.0476336750749093,0.0462138610384716,0.830399967212772,0.894644188408532,"EOD_vs_CN",223,"study_1"
"KITLG",-0.0438015851600354,0.0235240957181108,3.46699950560217,0.0655452835492744,0.171334043107599,"EOD_vs_CN",272,"study_1"
"KLK10",-0.0318333140936485,0.0439997043715502,0.523436727016784,0.471673575866732,0.630427522607869,"EOD_vs_CN",232,"study_1"
"KLK11",-0.079031961757304,0.0406939863041566,3.77176872759577,0.0544166659000759,0.152174692564527,"EOD_vs_CN",322,"study_1"
"KLK7",-0.0735069773763928,0.0426860319760304,2.96541553863877,0.0875557184921541,0.209636650067143,"EOD_vs_CN",316,"study_1"
"KREMEN1",0.0310099903421527,0.0519564372020322,0.356225116099571,0.552593580070565,0.694519395847888,"EOD_vs_CN",193,"study_1"
"KRT14",-0.0618884445243033,0.146999064241625,0.177251530828648,0.67454490435002,0.789907413559882,"EOD_vs_CN",322,"study_1"
"KRT16",-0.0211602440780043,0.154411479414377,0.0187794201214739,0.891252657649913,0.933024766101897,"EOD_vs_CN",322,"study_1"
"KRT17",0.0422385911376964,0.181714662811835,0.0540304895780064,0.81660385907922,0.887219057010443,"EOD_vs_CN",322,"study_1"
"KRT5",0.0701162832963944,0.148642048576957,0.222512498321787,0.638093031438299,0.765043477483615,"EOD_vs_CN",322,"study_1"
"KRT6B",-0.00209027395269434,0.169921396455788,0.000151324859870438,0.990205499923405,0.995033415573933,"EOD_vs_CN",322,"study_1"
"LAIR1",0.0836310040361228,0.0774231202246262,1.16679156781403,0.282807147787806,0.450089213583527,"EOD_vs_CN",322,"study_1"
"LAMA4",-0.0363684297712598,0.0260194171211927,1.95368244559494,0.165100690703825,0.323363893617972,"EOD_vs_CN",322,"study_1"
"LAMA5",-0.023115886684892,0.0125673208801989,3.3832625828214,0.0674739235650825,0.174484010624385,"EOD_vs_CN",322,"study_1"
"LAMB2",-0.0175705637333369,0.0126955005611997,1.91545402827596,0.169404388673177,0.328759364458961,"EOD_vs_CN",322,"study_1"
"LAMC3",0.0359458627859885,0.0414140557139393,0.753359549155217,0.387689140755002,0.555265683874954,"EOD_vs_CN",322,"study_1"
"LAMP5",0.114189287633473,0.0214519219293846,28.3346799667011,4.39547976703647e-07,6.91533114493294e-06,"EOD_vs_CN",322,"study_1"
"LAP3",0.0138669520039671,0.0325249354289884,0.181772901127521,0.670628437263644,0.787558523760895,"EOD_vs_CN",265,"study_1"
"LARGE1",-0.0329742470680669,0.0390321294945443,0.713682887490859,0.40035866449407,0.568021797733365,"EOD_vs_CN",282,"study_1"
"LASP1",0.222839863552673,0.0331527291931586,45.1801007945799,3.14177934318391e-10,7.44276692678394e-09,"EOD_vs_CN",289,"study_1"
"LAYN",0.00367407894820651,0.0485050195886264,0.00573751190476724,0.939772208547698,0.964290091260314,"EOD_vs_CN",297,"study_1"
"LBP",-0.157828994165154,0.0490890805921138,10.3372205283652,0.0016089352033919,0.00978175650203747,"EOD_vs_CN",322,"study_1"
"LCN2",-0.0690115087204425,0.0360500364722678,3.66464261121192,0.0572272377753023,0.157470409953135,"EOD_vs_CN",322,"study_1"
"LCP1",-0.0448434922248685,0.0253622450780655,3.12624825875115,0.0786527074453788,0.196531120642431,"EOD_vs_CN",322,"study_1"
"LDLR",-0.109251828930508,0.0270919421972251,16.2621196220405,9.59963459458671e-05,0.000863967113512804,"EOD_vs_CN",316,"study_1"
"LECT2",-0.160729925341677,0.0561275864921191,8.20050788203752,0.00487441227900469,0.0245627474499478,"EOD_vs_CN",322,"study_1"
"LFNG",0.0127248212018211,0.0183341699454446,0.481704687120198,0.488867016135191,0.644894507585738,"EOD_vs_CN",322,"study_1"
"LGALS3",-0.0106440402443724,0.0240330314551917,0.196153429705841,0.658545705416803,0.778688771897578,"EOD_vs_CN",322,"study_1"
"LGI1",-0.0322256040264755,0.0243253272623414,1.7550308268377,0.187482368652528,0.349052540011617,"EOD_vs_CN",322,"study_1"
"LGMN",-0.0613272686775367,0.0404159567916248,2.3025099566947,0.132092046396329,0.278650673104232,"EOD_vs_CN",316,"study_1"
"LHPP",0.100241826488774,0.0208534149458846,23.1070004348249,3.34981829303861e-06,4.36668398948911e-05,"EOD_vs_CN",322,"study_1"
"LILRA2",0.0922328482868937,0.0481110879568868,3.67519921591798,0.0577858654936069,0.157603048895731,"EOD_vs_CN",322,"study_1"
"LILRB1",0.0303094056606363,0.0310446533247568,0.953193806460377,0.331147637239084,0.499265018544076,"EOD_vs_CN",312,"study_1"
"LILRB4",0.076190767189278,0.0463702084654845,2.6997689398952,0.103888529533071,0.237114351459201,"EOD_vs_CN",314,"study_1"
"LINGO3",-0.134190285291684,0.0422018452440826,10.1106545299129,0.00192007609902022,0.0113692199426473,"EOD_vs_CN",322,"study_1"
"LIPA",0.00641241244857532,0.0408424467830429,0.0246501401834213,0.87552102895696,0.924346009212145,"EOD_vs_CN",322,"study_1"
"LMNA",-0.168886705542886,0.10448799013647,2.61251129747736,0.109461490819346,0.246142537943013,"EOD_vs_CN",253,"study_1"
"LNPEP",-0.0389727017149728,0.0246010061319391,2.50966231061947,0.115148364414487,0.254909537119502,"EOD_vs_CN",322,"study_1"
"LOXL1",0.0376856744324463,0.0321400547653665,1.37486279251818,0.243570733287267,0.408711727470271,"EOD_vs_CN",305,"study_1"
"LOXL3",0.0349514023678362,0.0294976126985158,1.40396238860679,0.238365571766297,0.403342728579916,"EOD_vs_CN",254,"study_1"
"LPA",-0.195790220427759,0.0982251805702856,3.97316241887557,0.0478879472418753,0.139009942627472,"EOD_vs_CN",322,"study_1"
"LPL",0.0337699232107911,0.0308616330636718,1.19735336638636,0.275825793146794,0.444122624746518,"EOD_vs_CN",235,"study_1"
"LRFN2",-0.175289233354325,0.0357382907029482,24.057080912913,2.63629570513703e-06,3.57460884755751e-05,"EOD_vs_CN",311,"study_1"
"LRIG1",-0.0602717215797499,0.037865171268593,2.53365420811126,0.114412208392526,0.253713572236035,"EOD_vs_CN",292,"study_1"
"LRIG2",-0.0139755106776388,0.0209045899315238,0.446942925300685,0.505073741894543,0.654866992208556,"EOD_vs_CN",322,"study_1"
"LRP11",-0.0343234562368581,0.0219971306154631,2.43472524621558,0.12110195643714,0.262175559051414,"EOD_vs_CN",322,"study_1"
"LRP1B",-0.0179343340329582,0.0314725637487905,0.324717926388342,0.570169488264026,0.705353730679567,"EOD_vs_CN",322,"study_1"
"LRP2",0.0797210849046193,0.0439965535969669,3.28328879472115,0.0726280743029743,0.185255521210928,"EOD_vs_CN",222,"study_1"
"LRP4",-0.0036416841873903,0.0310157893507717,0.0137860193563703,0.90671993789934,0.942385169949844,"EOD_vs_CN",311,"study_1"
"LRP8",-0.0477816626516489,0.0203970612118957,5.48766153161923,0.0206612241715581,0.074315502648484,"EOD_vs_CN",322,"study_1"
"LRPAP1",-0.0175036455069293,0.0325424280543591,0.289305780781848,0.591657925269349,0.72454366249562,"EOD_vs_CN",312,"study_1"
"LRRC4",-0.0462228164444244,0.0204206129467984,5.12360052111618,0.0251343776271608,0.0861808964144484,"EOD_vs_CN",322,"study_1"
"LRRC4C",-0.0878461611765379,0.0409123820994745,4.61037277640152,0.033565991072475,0.106688767072106,"EOD_vs_CN",285,"study_1"
"LRRN1",0.00339104586025935,0.0137824779632703,0.0605358594802866,0.806020415091837,0.881745263006516,"EOD_vs_CN",322,"study_1"
"LRRTM2",-0.0161780300538905,0.0245403393544443,0.434600425963454,0.511079973311989,0.660381021891799,"EOD_vs_CN",322,"study_1"
"LRTM2",-0.100040852787183,0.0325747716145744,9.43174414907158,0.00259734139087,0.014586159690962,"EOD_vs_CN",322,"study_1"
"LSR",-0.0376096469263079,0.0193950101022139,3.76026534667833,0.0545420264441206,0.152318586045166,"EOD_vs_CN",322,"study_1"
"LTA4H",0.0409843679005704,0.0306249247247872,1.79096221334091,0.182635246504443,0.343745967911546,"EOD_vs_CN",322,"study_1"
"LTBP3",0.00586796299575413,0.0231148848960476,0.0644453019137538,0.800039056145233,0.878655952445825,"EOD_vs_CN",305,"study_1"
"LTF",-0.00444435352208035,0.070383996833212,0.00398721215163876,0.949767322858174,0.969044778421137,"EOD_vs_CN",322,"study_1"
"LUZP2",-0.00975245966475008,0.0326457529869077,0.0892431611009458,0.765729839843794,0.853095633883196,"EOD_vs_CN",299,"study_1"
"LY6E",-0.0115049346599883,0.0279241068850485,0.169749979174553,0.681074123751245,0.796647996056365,"EOD_vs_CN",311,"study_1"
"LY75",-0.0236238078878331,0.0301772615349699,0.612830188654939,0.435066411212239,0.59698526864742,"EOD_vs_CN",316,"study_1"
"LY86",0.0221205754322977,0.0330475046643726,0.448038665954406,0.504392349827176,0.654866992208556,"EOD_vs_CN",300,"study_1"
"LY96",-0.0501947257132399,0.0413821072504317,1.47126521432674,0.228852481852866,0.393710321451383,"EOD_vs_CN",216,"study_1"
"LYPD6B",0.0107982847385401,0.0590928416517047,0.0333917977054279,0.855612465090186,0.90834960874375,"EOD_vs_CN",175,"study_1"
"LYSMD3",-0.0352416742219793,0.0372273885912228,0.896164877823034,0.345617846855126,0.515425747010431,"EOD_vs_CN",267,"study_1"
"MAG",-0.00314495748554797,0.0237074051946172,0.0175979270397422,0.894674162260277,0.935500877275726,"EOD_vs_CN",322,"study_1"
"MAMDC2",0.0736331529919205,0.0279953270887055,6.9179226676701,0.00965942243102095,0.0424600529664446,"EOD_vs_CN",316,"study_1"
"MAN1A2",-0.0315114387395548,0.0209374778243454,2.26510185746814,0.135365666623572,0.281806705970891,"EOD_vs_CN",322,"study_1"
"MAN1C1",-0.0186379208969783,0.0165181267833915,1.27313171791011,0.261547725024427,0.42662841861855,"EOD_vs_CN",322,"study_1"
"MAN2A1",-0.0130175236759522,0.014501851663023,0.805767665140286,0.371603254929115,0.540871686729453,"EOD_vs_CN",322,"study_1"
"MAN2B1",0.0349139296013039,0.0257320742449586,1.84097492047984,0.177448777657221,0.337997413413866,"EOD_vs_CN",322,"study_1"
"MAN2B2",-0.0366470396051647,0.0298675769023441,1.50548978778932,0.222350848860126,0.387055614327907,"EOD_vs_CN",321,"study_1"
"MANBA",-0.0132143353288106,0.0189456730547964,0.48648624988473,0.486862250213914,0.64363251936554,"EOD_vs_CN",322,"study_1"
"MANEAL",-0.0860951574420915,0.0240208281929228,12.8464016148213,0.000481250907957789,0.00345595164216378,"EOD_vs_CN",322,"study_1"
"MANF",0.0394828006226006,0.0266810820187681,2.18982306495816,0.141412883221499,0.289713670297723,"EOD_vs_CN",295,"study_1"
"MANSC1",-0.00356470201538438,0.0161430624047641,0.0487612254999221,0.825662478957261,0.89187126264723,"EOD_vs_CN",322,"study_1"
"MAP1B",0.203591057305966,0.0392900334696363,26.8505136424127,9.67079942051203e-07,1.4339221299047e-05,"EOD_vs_CN",290,"study_1"
"MAP2",0.18990048718956,0.0634775541293429,8.94976823460652,0.00352694594414832,0.0188806119243888,"EOD_vs_CN",221,"study_1"
"MAPK1",0.272757033696955,0.0328250579035873,69.0463802632709,2.79942295813182e-14,1.25426319928471e-12,"EOD_vs_CN",322,"study_1"
"MARCKSL1",0.131692547729282,0.0345743391240872,14.5082364283997,0.000246759763797202,0.00198415263093264,"EOD_vs_CN",259,"study_1"
"MARCO",0.049841864887267,0.0372319649230744,1.79207694849158,0.182797467652137,0.343745967911546,"EOD_vs_CN",321,"study_1"
"MASP2",-0.00957396011601963,0.0642857254429564,0.0221796214510321,0.88183607232985,0.927750967366933,"EOD_vs_CN",312,"study_1"
"MAT2A",0.149327425880998,0.0344193832042275,18.8223129741369,2.9762165562224e-05,0.000312958281753794,"EOD_vs_CN",322,"study_1"
"MATN2",-0.00784891709431024,0.019283347841338,0.165674097299628,0.68471441031216,0.799091959033614,"EOD_vs_CN",322,"study_1"
"MATN3",-0.0358075344930605,0.0316309591050489,1.28151624710303,0.25978636259007,0.426389680618368,"EOD_vs_CN",315,"study_1"
"MB",-0.194282540448457,0.11411930587909,2.89833982616276,0.0908785993317678,0.214058049397455,"EOD_vs_CN",322,"study_1"
"MBL2",-0.0944605540581946,0.0710086367444874,1.76961433338793,0.18554716601497,0.347332160905407,"EOD_vs_CN",273,"study_1"
"MBP",0.042247674051876,0.0482248506462791,0.767474271149821,0.38281130796823,0.551799894775578,"EOD_vs_CN",307,"study_1"
"MCMBP",-0.128107192643474,0.0557404526416418,5.28209303205056,0.0238892835904763,0.0831686038513033,"EOD_vs_CN",251,"study_1"
"MDGA1",-0.0154583610651765,0.0268163382163218,0.332298166599655,0.565312671883881,0.702296212629704,"EOD_vs_CN",322,"study_1"
"MDGA2",-0.0438356523749108,0.0229197357081206,3.65793292560038,0.0580820532344962,0.157924949493795,"EOD_vs_CN",322,"study_1"
"MDH2",0.0827637368407158,0.0184365378759867,20.152152564564,1.66171307841424e-05,0.000185123819168203,"EOD_vs_CN",322,"study_1"
"MDK",-0.00780079065688946,0.0272653330609568,0.0818569638337954,0.775288471360408,0.859069644878388,"EOD_vs_CN",306,"study_1"
"ME1",0.145571934207393,0.0268573764347893,29.3783995074406,3.28952102453038e-07,5.38071653298183e-06,"EOD_vs_CN",322,"study_1"
"MEGF11",-0.00402802003236571,0.0387673547282144,0.0107957024780743,0.917449428101684,0.947801138505048,"EOD_vs_CN",259,"study_1"
"MELTF",-0.0490304394860034,0.0202788079870989,5.84583732741708,0.016929006904815,0.0643739543004126,"EOD_vs_CN",322,"study_1"
"MENT",-0.0209053581558035,0.0181086442155364,1.33273361689516,0.249895208738446,0.41669419515367,"EOD_vs_CN",317,"study_1"
"MEPE",-0.0698938686261462,0.0594871399176399,1.38048591753995,0.242848904698104,0.407971621189197,"EOD_vs_CN",269,"study_1"
"MERTK",-0.0205138646479514,0.0166303869304231,1.5215641377683,0.219689034349114,0.384036556228604,"EOD_vs_CN",322,"study_1"
"MESD",0.0318093451487748,0.0173314088458421,3.3685401048114,0.0687954741920752,0.177456160588069,"EOD_vs_CN",322,"study_1"
"MET",-0.0596942724537676,0.0169074704556409,12.4654526237489,0.000572550935440365,0.0039731564913892,"EOD_vs_CN",322,"study_1"
"METRN",-0.0390029656713261,0.0210971544951743,3.41780668616984,0.0662866033593552,0.172495820105595,"EOD_vs_CN",322,"study_1"
"METRNL",-0.0378192360716439,0.0211489700286992,3.19776879847799,0.0758956545908423,0.191957049908127,"EOD_vs_CN",322,"study_1"
"MFAP4",0.0205978197364934,0.0181217318901425,1.2919422605341,0.257746396754257,0.425312508975599,"EOD_vs_CN",322,"study_1"
"MFNG",0.0351985288346737,0.0369886533529568,0.905549058809294,0.343018263771407,0.512661814092001,"EOD_vs_CN",291,"study_1"
"MGAT2",-0.0228259268316026,0.0185635832989554,1.51193534331216,0.220877175442937,0.385459660108292,"EOD_vs_CN",322,"study_1"
"MGAT3",-0.0364552880236047,0.0359477713233221,1.02843566010724,0.313216760635919,0.481386833460573,"EOD_vs_CN",275,"study_1"
"MGAT4B",-0.0320388873812618,0.0269854540730599,1.40959837831567,0.237564872571846,0.40285665595365,"EOD_vs_CN",275,"study_1"
"MGAT5",0.00438581961265866,0.0125110083058723,0.12289010231514,0.726438412401839,0.830189530873605,"EOD_vs_CN",322,"study_1"
"MGRN1",0.0345242707700083,0.0436580971987286,0.62534462495686,0.431309450832459,0.59344256330211,"EOD_vs_CN",201,"study_1"
"MIA",-0.00100556020096629,0.0506999249026292,0.000393370257511156,0.984208051158142,0.991358153111447,"EOD_vs_CN",322,"study_1"
"MIA3",-0.0350997326973282,0.0155752652209312,5.07851473400559,0.0255478355401615,0.0870315521459054,"EOD_vs_CN",322,"study_1"
"MIF",0.304666459865114,0.0247277300924626,151.803151950969,2.95522955126745e-23,3.58278123833072e-21,"EOD_vs_CN",322,"study_1"
"MILR1",0.0831589096580977,0.0436843866732666,3.62380723400903,0.0602261684554176,0.16210257727891,"EOD_vs_CN",261,"study_1"
"MINPP1",-0.0414049105084794,0.0152681968950306,7.35407740781623,0.00783632587724717,0.0361312475011329,"EOD_vs_CN",322,"study_1"
"MLEC",0.00374507944643056,0.0151626651672461,0.0610057795110315,0.805326592854453,0.881454119953812,"EOD_vs_CN",322,"study_1"
"MMP14",0.0427676858989139,0.0179601729715776,5.67035792932617,0.0185308502568784,0.0689387768581703,"EOD_vs_CN",322,"study_1"
"MMP16",0.044192980657607,0.0461306846301016,0.917755061118095,0.339803322749342,0.508852706577195,"EOD_vs_CN",312,"study_1"
"MMP17",0.0183086237845094,0.0315745972141841,0.336229459960905,0.563204968691944,0.700945314295953,"EOD_vs_CN",322,"study_1"
"MMP3",0.211805950518979,0.0669782008923384,10.0002154949609,0.00213882066030633,0.0123131546952272,"EOD_vs_CN",213,"study_1"
"MOXD1",-0.117314513242196,0.0295895142899123,15.7191049429218,0.000129650644858125,0.00113706374064935,"EOD_vs_CN",322,"study_1"
"MPI",0.0996888592671685,0.0259686422523601,14.7365141624947,0.000173503283224816,0.00146553388002601,"EOD_vs_CN",322,"study_1"
"MPZ",0.0489338613548747,0.0526935533569646,0.862390576824575,0.354770723986641,0.526030548299616,"EOD_vs_CN",322,"study_1"
"MRC2",-0.059751288981961,0.0162390340977912,13.5386128582245,0.00034384328420117,0.00256761235050222,"EOD_vs_CN",322,"study_1"
"MSLN",0.0140540744692808,0.0508994517969041,0.0762391930907925,0.783009371261163,0.864371887610743,"EOD_vs_CN",322,"study_1"
"MSN",0.0609158148933354,0.0269740181339988,5.09998414951364,0.0257579590301455,0.0874582430990607,"EOD_vs_CN",322,"study_1"
"MSTN",-0.00826162610414355,0.0183898284026485,0.201825352127615,0.653972584441392,0.776155607961957,"EOD_vs_CN",322,"study_1"
"MT1F",0.0504031612990678,0.0362562206057243,1.93263789676918,0.168952344272023,0.328500737306264,"EOD_vs_CN",176,"study_1"
"MT1HL1",0.00377864116731941,0.0336668503781381,0.0125969766912747,0.910824338085654,0.943795354848935,"EOD_vs_CN",291,"study_1"
"MT2A",0.0375464334816196,0.027372682982297,1.8814931627129,0.172348616583881,0.331405220693716,"EOD_vs_CN",322,"study_1"
"MXRA5",-0.116496309569185,0.055915298696138,4.34073264077991,0.039418688065263,0.118428449129019,"EOD_vs_CN",225,"study_1"
"MXRA7",0.0136776869772832,0.0292261806905981,0.21901869696429,0.640684163561938,0.766366837551454,"EOD_vs_CN",322,"study_1"
"MXRA8",-0.0489240443741308,0.0160448929058674,9.29760426812072,0.00265061874410645,0.0147963335287449,"EOD_vs_CN",322,"study_1"
"MYDGF",0.0483311552797632,0.0246412453756219,3.84706076342039,0.0521701017227407,0.147695851168363,"EOD_vs_CN",322,"study_1"
"MYH11",0.164812189595489,0.112943734974748,2.12938586786475,0.149304988263446,0.300799199228702,"EOD_vs_CN",237,"study_1"
"MYH9",-0.0284161815972027,0.0640506690198381,0.196826739487862,0.658108214939899,0.778688771897578,"EOD_vs_CN",315,"study_1"
"MYL6",-0.0116523009881753,0.0512884765479631,0.0516159339825871,0.820655529596759,0.888837224965207,"EOD_vs_CN",293,"study_1"
"MYLK",0.100129044961657,0.0408565994740535,6.00614362703443,0.0161175380688195,0.062323163151664,"EOD_vs_CN",263,"study_1"
"MYOC",-0.0293899787268941,0.0693733165659982,0.179478994731628,0.672570826623061,0.788491737013725,"EOD_vs_CN",322,"study_1"
"MYRF",0.0209093472170213,0.0254267951494884,0.676235086878233,0.412752051912649,0.579116381651676,"EOD_vs_CN",313,"study_1"
"NAGA",-0.0729771751521467,0.0299422488800891,5.94025741375687,0.0164702451602074,0.0631128852642166,"EOD_vs_CN",322,"study_1"
"NAGLU",0.00465737021126805,0.0385824733988361,0.0145714037283907,0.904144164252622,0.941131880062957,"EOD_vs_CN",322,"study_1"
"NAGPA",-0.0853130861758161,0.0400406491897593,4.53972018489095,0.0368456507869998,0.11371613786361,"EOD_vs_CN",214,"study_1"
"NAV1",0.0693748683614541,0.0271172140690496,6.54506863336741,0.0119234919823791,0.0498464847376943,"EOD_vs_CN",267,"study_1"
"NAXD",0.334435467009328,0.048327962845687,47.8881079991138,4.93863453857574e-10,1.11851931692358e-08,"EOD_vs_CN",238,"study_1"
"NAXE",0.123388466848711,0.0197175675286635,39.1599800802411,5.01603092247096e-09,9.75286767095533e-08,"EOD_vs_CN",322,"study_1"
"NCMAP",0.0414009266528024,0.0512021723502926,0.653797641071208,0.42044861083422,0.58471294664597,"EOD_vs_CN",322,"study_1"
"NCR3LG1",-0.134250249213043,0.0330863760283191,16.4638650905023,8.63559905845988e-05,0.000794552216941331,"EOD_vs_CN",312,"study_1"
"NCSTN",0.0413428409624284,0.025252095078481,2.68043822024241,0.104093536479522,0.23731944544723,"EOD_vs_CN",322,"study_1"
"NDRG2",0.0196908259579045,0.0154485731024373,1.62461748337357,0.204718064526226,0.368814624989993,"EOD_vs_CN",322,"study_1"
"NDRG4",-0.0365954424844418,0.0193345071075992,3.58251316580673,0.0604050360748193,0.16210257727891,"EOD_vs_CN",322,"study_1"
"NDST1",-0.0928948387521449,0.0284899077363693,10.6316601321941,0.00146057528338386,0.00892250182557439,"EOD_vs_CN",322,"study_1"
"NECTIN2",-0.00120828227905527,0.0189496793608466,0.00406567894264699,0.949284297647406,0.969044778421137,"EOD_vs_CN",322,"study_1"
"NECTIN3",-0.0251983446105227,0.0356091420173267,0.500750051465785,0.48066172780447,0.637411294388561,"EOD_vs_CN",307,"study_1"
"NEDD8",0.207678756033036,0.0247861687741474,70.2045633285554,1.10633212731037e-13,4.65336839670748e-12,"EOD_vs_CN",300,"study_1"
"NEFL_x",0.28311493676547,0.0539635887010548,27.5247839322836,6.83226504282528e-07,1.04305912987133e-05,"EOD_vs_CN",290,"study_1"
"NEFM",0.353204896856909,0.040026101223853,77.8694044829318,7.37451955559665e-15,3.45429200092834e-13,"EOD_vs_CN",322,"study_1"
"NELL1",-0.0836658263282092,0.0381746771023756,4.80336362459058,0.030519412349128,0.0982820450805513,"EOD_vs_CN",305,"study_1"
"NENF",0.001074687988092,0.013320527683626,0.00650911479108047,0.935825160273656,0.962923442498256,"EOD_vs_CN",322,"study_1"
"NEU1",-0.00896245109440064,0.0344503519937953,0.0676809226372467,0.795255120245736,0.875385454024656,"EOD_vs_CN",322,"study_1"
"NHLRC3",-0.0901855152905738,0.023899055945338,14.2400688892326,0.000261258218894931,0.00203380121065397,"EOD_vs_CN",311,"study_1"
"NIF3L1",0.112528861244366,0.0262009277669681,18.4456731263884,3.56501571137051e-05,0.000369220973926363,"EOD_vs_CN",322,"study_1"
"NLGN1",-0.0498567255652238,0.0190273219293966,6.86581617654981,0.0100913053201852,0.0436020550626869,"EOD_vs_CN",322,"study_1"
"NLGN2",-0.0545842762180621,0.0199792525965619,7.46408603366981,0.00723203982490045,0.0341346432121719,"EOD_vs_CN",322,"study_1"
"NLGN3",-0.059897199106735,0.0279712317155645,4.58553325200624,0.0344524119486874,0.108615260866997,"EOD_vs_CN",286,"study_1"
"NLGN4X",-0.0300562843254873,0.0192375047516566,2.44102990836337,0.121066775118251,0.262175559051414,"EOD_vs_CN",311,"study_1"
"NME1",0.250577095512261,0.0343649225808282,53.1682054588655,4.02291489627102e-12,1.25624660624463e-10,"EOD_vs_CN",322,"study_1"
"NME3",-0.0219661872245826,0.0326858300341527,0.451637844189048,0.502943093855426,0.654397548255071,"EOD_vs_CN",301,"study_1"
"NOMO3",-0.04496667861822,0.0178855642985662,6.3208622653282,0.0134321981883751,0.0544912429425627,"EOD_vs_CN",322,"study_1"
"NOTCH1",-0.0654736513792644,0.0173850925345855,14.1833594704332,0.000247417382896501,0.00198415263093264,"EOD_vs_CN",322,"study_1"
"NOTCH2",-0.0381687274665217,0.0168407712097463,5.13678525542142,0.0252808643302815,0.0864077303229026,"EOD_vs_CN",322,"study_1"
"NOTCH3",-0.019647881855303,0.0160674690125944,1.49532823569725,0.223921781726939,0.388284480013033,"EOD_vs_CN",322,"study_1"
"NPC1",0.000650620776025929,0.0322644353687098,0.000406637770945941,0.983943003236583,0.991358153111447,"EOD_vs_CN",311,"study_1"
"NPDC1",-0.0171517919831149,0.0299665776933495,0.327600613750986,0.568286886477515,0.703869755426777,"EOD_vs_CN",322,"study_1"
"NPEPPS",0.125126910356223,0.0145536748518564,73.9190039448576,2.29140433539473e-14,1.04946318561079e-12,"EOD_vs_CN",322,"study_1"
"NPNT",0.00107374861423576,0.0340281915461339,0.00099569767971306,0.974881539198372,0.985227192086125,"EOD_vs_CN",292,"study_1"
"NPTN",-0.0123083018648097,0.0205715729138956,0.357982073390219,0.550764875195995,0.694266916072749,"EOD_vs_CN",322,"study_1"
"NQO2",0.167722316612622,0.0678612695154743,6.10854453864296,0.0149510539447305,0.0594867223553851,"EOD_vs_CN",306,"study_1"
"NRG3",-0.0744723178043639,0.0328306158278423,5.14554858066953,0.0249284039169206,0.0859154522956076,"EOD_vs_CN",322,"study_1"
"NRGN",0.556479863533495,0.0428972773375285,168.282691821273,2.36344768077634e-24,3.24737711338669e-22,"EOD_vs_CN",322,"study_1"
"NRN1",-0.0683275061005553,0.0243564580470603,7.86978510690327,0.00583981621110734,0.0283864651205005,"EOD_vs_CN",322,"study_1"
"NRN1L",-0.00935031783564436,0.0284326669073178,0.108147766027298,0.742870264481678,0.841239348954251,"EOD_vs_CN",322,"study_1"
"NRP1",-0.0441766429395759,0.0135393139483252,10.6461382725666,0.0014249918787767,0.00876689033480231,"EOD_vs_CN",322,"study_1"
"NRP2",-0.0373159377779421,0.0127125733066236,8.61631920935109,0.00403809886899391,0.0211769001755635,"EOD_vs_CN",322,"study_1"
"NRSN2",-0.0378661882939549,0.0308967398108393,1.50202744836493,0.222528972903698,0.387055614327907,"EOD_vs_CN",321,"study_1"
"NSF",0.0949791460142841,0.0216595193957325,19.2290969534821,2.44081659580315e-05,0.000262856990293218,"EOD_vs_CN",322,"study_1"
"NSFL1C",-0.0128898887637414,0.056780229789118,0.0515352096922613,0.820752597870653,0.888837224965207,"EOD_vs_CN",172,"study_1"
"NSG1",0.0411086671900354,0.0221095413593289,3.45706325170024,0.0646881148378564,0.170488752788775,"EOD_vs_CN",322,"study_1"
"NSG2",0.0438529119166124,0.0311625006895123,1.98030585280577,0.1617748783224,0.318146969677927,"EOD_vs_CN",316,"study_1"
"NT5E",-0.13337364462942,0.0287400893361673,21.5359389094858,9.21623735928249e-06,0.000107924234076598,"EOD_vs_CN",276,"study_1"
"NTNG2",-0.114078399944249,0.0382571183398264,8.8916494742544,0.00343069085511893,0.0184612372125329,"EOD_vs_CN",259,"study_1"
"NTRK3",-0.0285152934753129,0.0210763590808567,1.83047799788098,0.178696483667911,0.339128409612859,"EOD_vs_CN",322,"study_1"
"NUDC",0.181237609969777,0.025594158279051,50.1435352979319,8.98732694832158e-11,2.37472831288343e-09,"EOD_vs_CN",279,"study_1"
"NUDT5",0.0189253994060083,0.0318313672202402,0.353491944819511,0.553104531635529,0.694519395847888,"EOD_vs_CN",322,"study_1"
"NUTF2",0.10936588650593,0.0240065393666592,20.7541349593734,9.48450897783728e-06,0.000109817825861363,"EOD_vs_CN",322,"study_1"
"NXPH1",-0.0356619871803052,0.0277221338213194,1.65484669842437,0.20075475470219,0.365372448060804,"EOD_vs_CN",322,"study_1"
"NXPH3",-0.146152156557084,0.0292970522322711,24.8864302575657,1.6504931196648e-06,2.31405872083615e-05,"EOD_vs_CN",308,"study_1"
"OLFM2",-0.0132967662829822,0.0208007161752375,0.408634936573117,0.524048378093359,0.669634590118738,"EOD_vs_CN",322,"study_1"
"OLFM3",-0.0502998264831401,0.0537314020237508,0.87634805699296,0.351756824018048,0.523122598950502,"EOD_vs_CN",254,"study_1"
"OLFML1",0.0336154098165361,0.0302578368395311,1.23424412065598,0.268979995517501,0.435229779821293,"EOD_vs_CN",300,"study_1"
"OLFML2A",0.013278893282048,0.0208680320328064,0.404912115739146,0.525773038687665,0.670541267325887,"EOD_vs_CN",322,"study_1"
"OLFML2B",-0.0256594741828798,0.0284915185077064,0.811081157495382,0.369817511737191,0.539419805377782,"EOD_vs_CN",316,"study_1"
"OLFML3",0.0589864796312472,0.017454699802254,11.4203703499974,0.000982237038967684,0.0063860900230675,"EOD_vs_CN",322,"study_1"
"OPALIN",-0.186873124466408,0.0607492613553692,9.46262632569627,0.00250826917737914,0.0141631308892559,"EOD_vs_CN",289,"study_1"
"OS9",-0.0120985759688138,0.0375764348733291,0.103666244341904,0.748121405410584,0.842556402487002,"EOD_vs_CN",195,"study_1"
"OSCAR",0.0236503507717622,0.0353102374089331,0.448615110524028,0.504236164476976,0.654866992208556,"EOD_vs_CN",322,"study_1"
"OSMR",-0.0119135088517912,0.0206236398907355,0.333694270523706,0.564712154779908,0.70197331182231,"EOD_vs_CN",300,"study_1"
"OSTM1",0.0519908707122735,0.0364054948669647,2.03948400598476,0.156401449402281,0.311744088218666,"EOD_vs_CN",252,"study_1"
"OTUB1",0.258479117222133,0.0411477660450216,39.4601198315137,4.19794674957486e-09,8.39996917560562e-08,"EOD_vs_CN",232,"study_1"
"OXT",0.0461392747196988,0.0272651032294119,2.86369811839792,0.0929922513210506,0.217544869435511,"EOD_vs_CN",322,"study_1"
"P4HB",-0.0116644045555395,0.0101998473761452,1.30778936410849,0.2545688815626,0.421757608440931,"EOD_vs_CN",322,"study_1"
"PAFAH1B1",0.0767373785250369,0.0318029015895923,5.82211027575429,0.0167655204748694,0.06387012513624,"EOD_vs_CN",265,"study_1"
"PALM",0.0792450660817094,0.0417765107092952,3.59815722584709,0.0603599464135567,0.16210257727891,"EOD_vs_CN",322,"study_1"
"PAMR1",0.0234365844134036,0.0179032866191779,1.71365388185084,0.192532193147098,0.356311052054128,"EOD_vs_CN",316,"study_1"
"PAPPA2",-0.139313083837055,0.025430045274428,30.0116273344758,2.67910727498066e-07,4.5259345030616e-06,"EOD_vs_CN",322,"study_1"
"PARM1",-0.0416521777069687,0.0381587848223612,1.19147889289305,0.276996092613162,0.445311191010708,"EOD_vs_CN",274,"study_1"
"PBXIP1",0.0925822710055136,0.0163282003476703,32.1498549738214,9.02033099580487e-08,1.6026639812374e-06,"EOD_vs_CN",322,"study_1"
"PCDH1",-0.0625735512002442,0.0254132177171879,6.06264713461836,0.0152720434981028,0.0604139762947982,"EOD_vs_CN",322,"study_1"
"PCDH10",-0.0212344758935206,0.030379494018017,0.488564626988448,0.486024503432327,0.643350354254352,"EOD_vs_CN",322,"study_1"
"PCDH12",-0.075358982153529,0.0431778454738403,3.04612774603525,0.084386757984888,0.205680994981937,"EOD_vs_CN",241,"study_1"
"PCDH17",-0.0573525174671088,0.0201354988012386,8.11297591437395,0.00514631853637711,0.0257440837462943,"EOD_vs_CN",322,"study_1"
"PCDH18",-0.0144226507221294,0.0471836767236249,0.0934343595487588,0.760524166762969,0.850944792453029,"EOD_vs_CN",205,"study_1"
"PCDH19",0.0462522551523485,0.0328281532753739,1.9850567200035,0.161510179718007,0.317929780705646,"EOD_vs_CN",322,"study_1"
"PCDH7",-0.0549255437436781,0.0239255491890479,5.27017333323127,0.0234692414833342,0.0822620862196459,"EOD_vs_CN",322,"study_1"
"PCDH9",-0.0410966912763462,0.0236516927214323,3.01918176407951,0.0846621914011209,0.205765066601073,"EOD_vs_CN",322,"study_1"
"PCDHAC2",-0.0268867836205165,0.0198468989033906,1.83523798372889,0.177936532534713,0.337997413413866,"EOD_vs_CN",322,"study_1"
"PCDHB10",-0.112470439992254,0.0487998599561185,5.31177458797389,0.0238224357551807,0.0831686038513033,"EOD_vs_CN",225,"study_1"
"PCDHB16",-0.0402520152548873,0.0262538129324218,2.35066361110371,0.128678585624914,0.274257047541828,"EOD_vs_CN",287,"study_1"
"PCDHGA4",-0.133976889601685,0.0581593509456305,5.30665287134423,0.0233440749567778,0.0822429717708016,"EOD_vs_CN",268,"study_1"
"PCDHGB6",-0.0227250518921797,0.0238988489138481,0.904181880789161,0.343322821616369,0.512745170544447,"EOD_vs_CN",299,"study_1"
"PCDHGC3",0.00341211083174248,0.0153171367242666,0.0496239214683157,0.824051050474636,0.890597385961313,"EOD_vs_CN",322,"study_1"
"PCDHGC5",-0.115414740241222,0.0307561976151777,14.081770808569,0.000269771800058821,0.00208239580494843,"EOD_vs_CN",322,"study_1"
"PCMT1",0.038138509732887,0.0250076598543223,2.32584800853459,0.129171632751752,0.274739664707287,"EOD_vs_CN",322,"study_1"
"PCP4",0.110516283828689,0.0220283729669797,25.170260145391,1.74348776295073e-06,2.42792451313612e-05,"EOD_vs_CN",313,"study_1"
"PCP4L1",0.128562678543074,0.0352505777043877,13.3013997832711,0.000487666652245889,0.00347778882449404,"EOD_vs_CN",187,"study_1"
"PCSK5",-0.0453898681572873,0.0455179450013029,0.99438038536756,0.321577897944234,0.490410186169495,"EOD_vs_CN",218,"study_1"
"PCSK6",-0.0119057564486313,0.0237120912284535,0.252100829041534,0.616433360690726,0.748215050873726,"EOD_vs_CN",322,"study_1"
"PCSK9",-0.0388791798973903,0.0266759223414883,2.12419949933658,0.147683387533749,0.298115045746382,"EOD_vs_CN",322,"study_1"
"PCYOX1",-0.0418798939671736,0.0364505114966431,1.32009106912079,0.252897823191067,0.420130100313561,"EOD_vs_CN",322,"study_1"
"PDCD6IP",-0.0732580902770326,0.0475326109555472,2.37535128189764,0.125687851734831,0.269543828546781,"EOD_vs_CN",305,"study_1"
"PDGFA",0.0321255644288369,0.0248567539108586,1.67037010246184,0.198926418973372,0.363907512727701,"EOD_vs_CN",322,"study_1"
"PDGFD",-0.0291390509022084,0.0323698423460157,0.810344401065522,0.370082292481409,0.539419805377782,"EOD_vs_CN",286,"study_1"
"PDGFRA",-0.0220213538147226,0.0469978689859751,0.219549118102155,0.64046239517962,0.766366837551454,"EOD_vs_CN",278,"study_1"
"PDGFRB",-0.0367887684168095,0.0240850399127132,2.33311291416523,0.129045584567009,0.274739664707287,"EOD_vs_CN",322,"study_1"
"PDGFRL",0.000845623068580326,0.0447215902928198,0.000357535497591806,0.984938970803377,0.991358153111447,"EOD_vs_CN",297,"study_1"
"PDIA3",0.00706084514566363,0.00967732861084306,0.532356298505759,0.466852048227792,0.625606028216826,"EOD_vs_CN",322,"study_1"
"PDIA4",-0.00841875427588389,0.0121697189301171,0.478557989765794,0.489998577891389,0.645130806720344,"EOD_vs_CN",322,"study_1"
"PDIA6",0.0136298311403806,0.014045197729436,0.941727462835765,0.333691937031968,0.501518460409898,"EOD_vs_CN",322,"study_1"
"PDXP",0.406135902870399,0.040921397962055,98.5012729906285,5.76091234013745e-18,3.8300775267817e-16,"EOD_vs_CN",319,"study_1"
"PDYN",-0.0981481667772538,0.0310763480672027,9.97480536677691,0.00209251151437007,0.0121483555806104,"EOD_vs_CN",322,"study_1"
"PEA15",0.316029696072989,0.0187405668364308,284.374297863277,3.41789517853087e-34,1.76107049073803e-31,"EOD_vs_CN",322,"study_1"
"PEPD",-0.0331889855900565,0.0324401669200215,1.04669896977373,0.307644549938954,0.476969123211957,"EOD_vs_CN",322,"study_1"
"PFN2",0.285006406777043,0.0276982583088079,105.877657320351,2.33347215252897e-18,1.65837451943524e-16,"EOD_vs_CN",311,"study_1"
"PGAM1",0.274301707158221,0.016222920843081,285.889972425516,3.37655198401313e-35,2.31969121301702e-32,"EOD_vs_CN",322,"study_1"
"PGD",0.00544826170795326,0.0421861815558353,0.0166792103881911,0.897363248996031,0.936438306926997,"EOD_vs_CN",322,"study_1"
"PGLS",0.0542091538554328,0.0199174775096041,7.40758401900801,0.0070268845740254,0.0333696062374801,"EOD_vs_CN",322,"study_1"
"PGM1",0.0688363907422555,0.023857176640346,8.32526545440757,0.00463768846351636,0.0237178062613082,"EOD_vs_CN",322,"study_1"
"PGRMC1",0.0117040264350609,0.0148295292209132,0.62289645585204,0.431332828639768,0.59344256330211,"EOD_vs_CN",322,"study_1"
"PHPT1",0.164378401017839,0.0421104053582814,15.2373926556454,0.000138499282544214,0.00120441781149209,"EOD_vs_CN",282,"study_1"
"PIANP",-0.0485020652781977,0.0411531196839842,1.38904059124665,0.241169827199033,0.406898100187912,"EOD_vs_CN",322,"study_1"
"PIGR",0.107777892933419,0.0410468687997389,6.89444499855331,0.0096240101425985,0.0424600529664446,"EOD_vs_CN",322,"study_1"
"PILRA",0.0265529880710435,0.0333876803969558,0.632490935130754,0.428070677073678,0.590136231069466,"EOD_vs_CN",312,"study_1"
"PITHD1",0.140903863299597,0.0252161896564678,31.2238805622673,1.24308980129013e-07,2.15294796677224e-06,"EOD_vs_CN",322,"study_1"
"PITPNA",0.0829254463130042,0.0463617025945285,3.19931411345004,0.0772173720423033,0.193700004496227,"EOD_vs_CN",250,"study_1"
"PKDCC",-0.0375537228252521,0.0339001164724057,1.227166842694,0.270023638276613,0.436143196307288,"EOD_vs_CN",322,"study_1"
"PLA2G15",-0.0321695563985128,0.0237322690958119,1.83743344157806,0.177848031687072,0.337997413413866,"EOD_vs_CN",322,"study_1"
"PLA2G7",-0.0056785336204947,0.0264047073616808,0.0462497815244851,0.830036598941785,0.894644188408532,"EOD_vs_CN",292,"study_1"
"PLAUR",0.0376901379973422,0.0318178871640792,1.40317804359387,0.238114660239585,0.403249231515025,"EOD_vs_CN",301,"study_1"
"PLBD2",-0.0237442212169177,0.0377529903823887,0.395560707259389,0.53068518296097,0.674659566720918,"EOD_vs_CN",322,"study_1"
"PLD4",-0.0353429103952621,0.0295504959801772,1.43045786591514,0.233649306685877,0.398965386147135,"EOD_vs_CN",322,"study_1"
"PLD5",0.0153374027325925,0.0385123823091769,0.158599887425301,0.691309329138937,0.804140870188134,"EOD_vs_CN",264,"study_1"
"PLEC",0.19842683552241,0.0476276843469981,17.3572883950018,5.30619721813516e-05,0.000523257055817061,"EOD_vs_CN",292,"study_1"
"PLEKHB1",-0.00122655118415941,0.0307952966264598,0.00158636298885195,0.968303537701554,0.981157124485203,"EOD_vs_CN",311,"study_1"
"PLEKHB2",-0.0108616097137317,0.0308415700193691,0.124026769125193,0.725275636963853,0.830189530873605,"EOD_vs_CN",304,"study_1"
"PLOD1",0.00160480359934873,0.0229183512632314,0.00490317096469481,0.944299035957013,0.967296378283998,"EOD_vs_CN",322,"study_1"
"PLOD3",0.00330018271439375,0.0276653087386242,0.014230000916142,0.905257922254355,0.941340352051577,"EOD_vs_CN",322,"study_1"
"PLS3",0.038267595212076,0.0296678380742668,1.66375947924054,0.199611139308785,0.364391991244824,"EOD_vs_CN",322,"study_1"
"PLXDC1",-0.0545872038482193,0.0187160481983031,8.50654860139715,0.00413310945445858,0.0215654141408586,"EOD_vs_CN",322,"study_1"
"PLXNA1",-0.0645815326307003,0.0245505270518265,6.91982409581326,0.00966218575510068,0.0424600529664446,"EOD_vs_CN",322,"study_1"
"PLXNA2",-0.128742842650527,0.0267679056363427,23.1322247418759,3.37972000669869e-06,4.36668398948911e-05,"EOD_vs_CN",319,"study_1"
"PLXNA4",-0.107431341592149,0.0286102746360134,14.099962089375,0.000262489627381832,0.00203380121065397,"EOD_vs_CN",291,"study_1"
"PLXNB1",-0.00651683141648632,0.0163752175806534,0.158379444101334,0.691381670050156,0.804140870188134,"EOD_vs_CN",322,"study_1"
"PLXNB2",0.00781848741947849,0.0158103262532307,0.244547833463428,0.621776082269069,0.752042550209243,"EOD_vs_CN",322,"study_1"
"PLXNB3",-0.0360304290823209,0.0242626784839519,2.20526803152438,0.140393509193528,0.288485565750609,"EOD_vs_CN",322,"study_1"
"PLXNC1",-0.0328198490054244,0.0353973752248816,0.859668548731754,0.355907339885095,0.526957634700561,"EOD_vs_CN",251,"study_1"
"PLXND1",-0.0278546166544888,0.0242026206190361,1.32455374662769,0.25160839901902,0.418535036624859,"EOD_vs_CN",255,"study_1"
"PMCH",-0.0705767194884612,0.0492280658454168,2.05540491182399,0.154768662004572,0.309687584846041,"EOD_vs_CN",211,"study_1"
"PODN",0.0543429377875814,0.0314911943806201,2.97788526107871,0.087106283876579,0.209481973243441,"EOD_vs_CN",322,"study_1"
"PODXL",-0.0809740393109242,0.0293933303599696,7.58916537600053,0.00716089178855303,0.0339278114395582,"EOD_vs_CN",239,"study_1"
"POMC",-0.0111795910569073,0.0456285782907838,0.060031329403625,0.807025437243369,0.882052629671259,"EOD_vs_CN",198,"study_1"
"PON3",-0.0255981247990345,0.0674431263771109,0.144059172522104,0.705073432966189,0.816379969293997,"EOD_vs_CN",281,"study_1"
"POSTN",-0.0366460288075607,0.04591897295693,0.636897443390742,0.426387119069369,0.588602714267897,"EOD_vs_CN",322,"study_1"
"PPBP",-0.0680777163795165,0.0635414659274034,1.14787738189334,0.285606154164821,0.453493284848764,"EOD_vs_CN",301,"study_1"
"PPM1L",-0.0173377781811315,0.0225895267820289,0.589077748523604,0.444546176239118,0.606359807563747,"EOD_vs_CN",294,"study_1"
"PPP1CB",0.00230613312241887,0.0527235092152907,0.00191319893141053,0.965196375263633,0.978971323532651,"EOD_vs_CN",235,"study_1"
"PPP1R7",0.299577169023367,0.0432499240163016,47.9785067554961,1.44225657942432e-10,3.58131422914882e-09,"EOD_vs_CN",275,"study_1"
"PPP3CA",0.319876193517684,0.0293789950451518,118.546835862945,1.21822872777008e-19,9.29914595531162e-18,"EOD_vs_CN",304,"study_1"
"PPP3R1",0.341010367620403,0.0411528310282692,68.6650485985868,9.27725670675178e-13,3.39727494765938e-11,"EOD_vs_CN",215,"study_1"
"PPP5C",0.162045784317988,0.0206877953742593,61.3545889094409,2.85757340447306e-12,9.34834728034757e-11,"EOD_vs_CN",322,"study_1"
"PPT1",0.0113657926209023,0.0267790600987052,0.180139434701698,0.67208890293052,0.788375201445533,"EOD_vs_CN",322,"study_1"
"PRAP1",-0.0769622787530928,0.0457322951384869,2.83210819731537,0.0948291147110195,0.220839328157527,"EOD_vs_CN",322,"study_1"
"PRDX2",0.0368563317031738,0.0641129281544718,0.330470723325122,0.565941850294274,0.702654309311144,"EOD_vs_CN",322,"study_1"
"PRDX3",0.166430155465072,0.0217752168424029,58.416974533066,4.3273656804647e-12,1.31157362756438e-10,"EOD_vs_CN",322,"study_1"
"PRDX5",-0.00866690878232734,0.039702672199881,0.0476528604751276,0.827470868602681,0.892888722612631,"EOD_vs_CN",273,"study_1"
"PRDX6",0.0458791001748193,0.0477486859535858,0.923223678262728,0.337513197054933,0.5062697955824,"EOD_vs_CN",322,"study_1"
"PREP",0.097660251270997,0.0207884681781802,22.069408662574,7.39320851163482e-06,8.85895508283684e-05,"EOD_vs_CN",322,"study_1"
"PRG2",-0.0771532392808265,0.0683076494820609,1.27576195551206,0.261136607335702,0.42662841861855,"EOD_vs_CN",276,"study_1"
"PRKAR1A",0.159584974253035,0.0223140837423249,51.1476728334677,6.24821080848782e-11,1.69441611530176e-09,"EOD_vs_CN",322,"study_1"
"PRKAR1B",0.183650520105808,0.0355253543478207,26.7243707575207,1.20841779462632e-06,1.77896362480347e-05,"EOD_vs_CN",258,"study_1"
"PRL",-0.0172883796347592,0.0427391079163271,0.163628020035126,0.686636800170958,0.800428984814675,"EOD_vs_CN",322,"study_1"
"PRND",0.0620092736045026,0.0764477378027497,0.657936546281195,0.419651707082528,0.584531621989212,"EOD_vs_CN",282,"study_1"
"PROC",0.0202871208513884,0.0237020281013421,0.732604893534188,0.393661326082569,0.559928221570859,"EOD_vs_CN",322,"study_1"
"PROZ",-0.0707470755525109,0.0650995480182846,1.18103029494623,0.279087684442248,0.447285273496632,"EOD_vs_CN",322,"study_1"
"PRRG1",0.0326945779286952,0.0531688110163144,0.378126899202968,0.539769998706646,0.684173411644771,"EOD_vs_CN",314,"study_1"
"PRSS2",-0.137474180668043,0.0358505596882199,14.7045046746268,0.000210116524551686,0.0017322006284041,"EOD_vs_CN",286,"study_1"
"PRSS23",-0.0300636810784402,0.0227321865121889,1.74904865183176,0.188438146991315,0.350433417101542,"EOD_vs_CN",311,"study_1"
"PRSS8",0.0297773908106422,0.0372599359640929,0.63868846592803,0.425707251181028,0.58805807284457,"EOD_vs_CN",284,"study_1"
"PSAT1",0.123688616686301,0.0255396398795166,23.4547023798975,4.91585723421715e-06,6.14035258164942e-05,"EOD_vs_CN",322,"study_1"
"PSMA1",0.171274927853536,0.0482038126159935,12.6248087385375,0.000483666242921996,0.00346123655091053,"EOD_vs_CN",311,"study_1"
"PSMA3",0.175990407903727,0.0466101877370728,14.2566107240679,0.000209267311744435,0.00173212823094491,"EOD_vs_CN",300,"study_1"
"PSMA4",0.164239287537273,0.0485932402966847,11.4235841574903,0.000914820955208594,0.00600460505950609,"EOD_vs_CN",322,"study_1"
"PSMA5",0.11875473145825,0.0618199835684797,3.6901504520865,0.0573258130576647,0.157531334282463,"EOD_vs_CN",260,"study_1"
"PSMA6",0.183627563115323,0.044125462649251,17.3179785651408,5.13248865293e-05,0.000508560534311959,"EOD_vs_CN",299,"study_1"
"PSMA7",0.0792326143086214,0.0459953585627043,2.96742638639597,0.087577465166332,0.209636650067143,"EOD_vs_CN",224,"study_1"
"PSMB1",0.0779849508507487,0.0341944562894869,5.20127960014262,0.0238776952023073,0.0831686038513033,"EOD_vs_CN",292,"study_1"
"PSMB4",0.194443533787937,0.0548827732083958,12.5520573405492,0.000526127768147528,0.00373913562121398,"EOD_vs_CN",242,"study_1"
"PSMB6",0.200327167318988,0.0596060252986798,11.2953417259686,0.000993760284548715,0.00642050139954514,"EOD_vs_CN",290,"study_1"
"PSMB7",0.176680726747098,0.053565694918298,10.8793980559097,0.00118245211181566,0.00749856554600639,"EOD_vs_CN",283,"study_1"
"PSME1",-0.00343786836929749,0.0633015429722392,0.00294951015861121,0.956753874278915,0.973282198859252,"EOD_vs_CN",307,"study_1"
"PTGR1",-0.0795522540798353,0.0760186439589402,1.09512764651285,0.29807372038933,0.465970973908643,"EOD_vs_CN",231,"study_1"
"PTH2R",-0.0385319438563422,0.0605365486130034,0.405141306323149,0.525451738830027,0.670541267325887,"EOD_vs_CN",311,"study_1"
"PTHLH",-0.148012196565561,0.0475709028318961,9.68082166686034,0.0023836842103265,0.0135338103511926,"EOD_vs_CN",322,"study_1"
"PTK7",0.00174006723554498,0.0205293852122205,0.00718422907024755,0.932578036491642,0.960061604999638,"EOD_vs_CN",322,"study_1"
"PTPA",0.305395991439702,0.0532895172236414,32.8430206274258,3.70041024801069e-08,6.80941564388395e-07,"EOD_vs_CN",242,"study_1"
"PTPRB",-0.0305419211323075,0.0412054420322174,0.549393539231166,0.460321936237379,0.62048627245601,"EOD_vs_CN",292,"study_1"
"PTPRC",0.0187258743613838,0.0274600025749084,0.465032240282062,0.496337217501908,0.649905340070796,"EOD_vs_CN",320,"study_1"
"PTPRJ",-0.0558752401198448,0.0345072689750592,2.62190907547839,0.107341332971262,0.242577288655451,"EOD_vs_CN",322,"study_1"
"PTPRK",-0.0553075888730939,0.0163173089774465,11.4887393704752,0.000908611826684209,0.00598290407283116,"EOD_vs_CN",322,"study_1"
"PTPRM",-0.0699747291952359,0.0184787359032572,14.3396296718768,0.000240203991465928,0.00194141343690697,"EOD_vs_CN",322,"study_1"
"PTPRR",-0.0315370542510939,0.0234379333381547,1.81052122703618,0.181246356544407,0.342705266823874,"EOD_vs_CN",322,"study_1"
"PTPRT",-0.0739677513430319,0.0240484479874328,9.46042669919498,0.00252053496225498,0.0141935042546654,"EOD_vs_CN",322,"study_1"
"PTPRU",-0.0653725819420357,0.0216833324772816,9.08948376253225,0.00305067635618475,0.0168564181503935,"EOD_vs_CN",322,"study_1"
"PTTG1IP",0.0503249573939939,0.0354663571059762,2.0134167002776,0.158085697515092,0.312982346377142,"EOD_vs_CN",299,"study_1"
"PVALB",0.0300737265505316,0.0319155283060301,0.887913005827083,0.348246779121945,0.518970796652443,"EOD_vs_CN",322,"study_1"
"PVR",-0.0280392053808378,0.0201772164104872,1.93111838896002,0.166607834798465,0.325169268484504,"EOD_vs_CN",322,"study_1"
"PXDN",0.0496879584472921,0.0272182665314837,3.33258611882668,0.0701543059891495,0.179802342882303,"EOD_vs_CN",309,"study_1"
"PXYLP1",-0.00598762504781145,0.0526813571034177,0.012918000134579,0.909785433420265,0.943384116963131,"EOD_vs_CN",230,"study_1"
"PYCARD",0.0365167266697402,0.0395440414702279,0.85274970097152,0.35828621662258,0.529338991010135,"EOD_vs_CN",224,"study_1"
"PYGB",-0.0470808345873936,0.0484482283520517,0.944348956518331,0.333858965396594,0.501518460409898,"EOD_vs_CN",210,"study_1"
"PZP",-0.0790165658581242,0.0705072168353273,1.25594076801011,0.264236292102248,0.429827149189213,"EOD_vs_CN",322,"study_1"
"QPCT",-0.0870696443612883,0.0240895108160703,13.0640423425023,0.000435378794892538,0.00315934842203381,"EOD_vs_CN",322,"study_1"
"RAB14",-0.03584819223386,0.0207325843781114,2.9897001721936,0.0861119970215091,0.208618073879954,"EOD_vs_CN",322,"study_1"
"RAB1A",-0.0947240756058152,0.0429327354559966,4.86792222351028,0.0287477654676995,0.0948968460491436,"EOD_vs_CN",228,"study_1"
"RAB2A",0.0512442558924585,0.0357971910150059,2.04923839412252,0.15624050439075,0.311724762390451,"EOD_vs_CN",210,"study_1"
"RAB4A",-0.00723481320319577,0.0308080787712878,0.0551474471151668,0.814785578289558,0.886386242639177,"EOD_vs_CN",278,"study_1"
"RAB4B",-0.0498540719573046,0.031311095582949,2.53515632585912,0.113706865586325,0.25335118916045,"EOD_vs_CN",298,"study_1"
"RAB6B",0.0217312989568685,0.025297102982266,0.737954856810278,0.391458579594057,0.557950299130948,"EOD_vs_CN",294,"study_1"
"RAD23A",0.0922739544000513,0.0371739060160328,6.16143501306355,0.0138797778634342,0.0558715276885505,"EOD_vs_CN",285,"study_1"
"RAD23B",0.194491709256005,0.0241265721365584,64.9846734922713,7.73498839207537e-13,2.89851110473952e-11,"EOD_vs_CN",322,"study_1"
"RAN",0.00890618622004913,0.0768626835083425,0.0134261797526021,0.907922132691917,0.943159029978851,"EOD_vs_CN",312,"study_1"
"RAP2A",-0.0552385389918374,0.0603887494416296,0.836704865574916,0.362961387582809,0.533772181948341,"EOD_vs_CN",196,"study_1"
"RARRES1",-0.203525186878203,0.0709660980352008,8.22497280487174,0.00534374966450337,0.0264813333781668,"EOD_vs_CN",188,"study_1"
"RBBP9",-0.0824682341980214,0.102332361493719,0.649452508394008,0.422340087304709,0.585368473392741,"EOD_vs_CN",262,"study_1"
"RBP1",-0.0724131743994905,0.0464734486398953,2.42786967118672,0.122385584068756,0.263570207696662,"EOD_vs_CN",212,"study_1"
"RBP3",-0.0886897286617054,0.0510454138940252,3.01879201990588,0.0845278033720042,0.205680994981937,"EOD_vs_CN",322,"study_1"
"RCN1",-0.00978903634352438,0.0161924996719344,0.365470298516158,0.546428665632258,0.690490177724147,"EOD_vs_CN",322,"study_1"
"RCN2",-0.0864780974791905,0.0247601647953353,12.1984651943,0.000654201646880286,0.00450939663618819,"EOD_vs_CN",301,"study_1"
"RDX",0.112474017542578,0.0233606469270802,23.1811344321345,3.26588522734542e-06,4.29421088134549e-05,"EOD_vs_CN",322,"study_1"
"RECK",-0.0297086763526899,0.0217442170401575,1.86671946692552,0.174390578744813,0.3343384950609,"EOD_vs_CN",311,"study_1"
"REG1A",0.0625018167024785,0.0657482146293336,0.903685582185123,0.343768550737941,0.513039089841345,"EOD_vs_CN",322,"study_1"
"RELL1",-0.046196589318381,0.0318253591317038,2.10704203387238,0.150225571192428,0.302358302956635,"EOD_vs_CN",238,"study_1"
"RELT",-0.0112723691138639,0.0231008277123191,0.238108730954406,0.626451363149714,0.755309186269861,"EOD_vs_CN",322,"study_1"
"REXO2",0.0207973692019847,0.0513100504887704,0.164290298718236,0.685915355484209,0.800040491031667,"EOD_vs_CN",241,"study_1"
"RFNG",0.0221785022952091,0.0343670357193424,0.416466699939251,0.520356055549484,0.667363926874603,"EOD_vs_CN",237,"study_1"
"RGMA",0.00793746417958255,0.0275465211428087,0.0830290440706162,0.773729600649882,0.858265181345213,"EOD_vs_CN",322,"study_1"
"RGMB",-0.0577372297938526,0.0222204444112604,6.75159533334854,0.0103852486974011,0.0444989554373049,"EOD_vs_CN",322,"study_1"
"RGN",0.0342878150532024,0.0335363140932327,1.04531929120852,0.308915481713958,0.477625512237409,"EOD_vs_CN",322,"study_1"
"RIDA",0.090325271172551,0.0204694344147599,19.4718341678167,2.08445521302001e-05,0.00022973594620504,"EOD_vs_CN",322,"study_1"
"RMDN1",-0.0407504739125835,0.0545887684546054,0.55726110844712,0.457238704994863,0.617646160730005,"EOD_vs_CN",201,"study_1"
"RMDN3",-0.0322803569936262,0.0253624580700381,1.61992151638962,0.20546261505926,0.369233903795457,"EOD_vs_CN",309,"study_1"
"RNF13",0.0338985645137058,0.0257585128637649,1.73189294688344,0.190895916432094,0.353809787559843,"EOD_vs_CN",322,"study_1"
"RNF130",-0.0711492066241974,0.0384779063271696,3.41914294081856,0.0672193861770366,0.174263087938204,"EOD_vs_CN",228,"study_1"
"RNF150",0.0248765032837369,0.0301692531452551,0.679907060086292,0.411549196191297,0.578583146896497,"EOD_vs_CN",272,"study_1"
"RNF167",0.0283155554948898,0.0283485695680354,0.997672203575399,0.320589019302146,0.489432569467943,"EOD_vs_CN",218,"study_1"
"RNH1",0.0834952659948687,0.0309721345764591,7.26743958168905,0.00760130492932746,0.0352051448524582,"EOD_vs_CN",322,"study_1"
"RNPEP",0.03846638800807,0.0529132091416344,0.528487369152798,0.46827127448885,0.627100127824249,"EOD_vs_CN",229,"study_1"
"ROBO2",-0.024398737437408,0.0174714280994583,1.95019436103772,0.165072710722594,0.323363893617972,"EOD_vs_CN",322,"study_1"
"ROBO4",-0.0773325034253824,0.0241997405186318,10.2118098736938,0.00182055464877387,0.0108131502337837,"EOD_vs_CN",322,"study_1"
"ROR1",-0.0627941169841874,0.0362059151146081,3.0080071049479,0.0868601108686939,0.209290538561232,"EOD_vs_CN",238,"study_1"
"RPH3A",0.139376212143374,0.0371008816291619,14.1126592325514,0.000281468158066232,0.00216457415587501,"EOD_vs_CN",267,"study_1"
"RTBDN",-0.057343716467627,0.0254825709743302,5.06390077930639,0.0263370656836836,0.0888476485892307,"EOD_vs_CN",322,"study_1"
"RTN1",0.298346672630883,0.0325603847426209,83.9582429666553,2.53401606813171e-15,1.27380661376084e-13,"EOD_vs_CN",316,"study_1"
"RTN4RL1",-0.143313116973827,0.0340835480352546,17.6800011152747,4.6692525934423e-05,0.000469430711955345,"EOD_vs_CN",322,"study_1"
"RXYLT1",-0.0522918554094428,0.0423325562865927,1.52587555066983,0.220186914427713,0.384580703928403,"EOD_vs_CN",235,"study_1"
"S100A11",0.0380094297699391,0.0351403003369986,1.16996203829377,0.281093734035149,0.448562081052633,"EOD_vs_CN",322,"study_1"
"S100A13",0.0334347057678603,0.0291142659133608,1.31881331365095,0.253367055852538,0.420370676455844,"EOD_vs_CN",313,"study_1"
"S100A4",-0.0226609206031327,0.0754825959976627,0.0901283545440524,0.764400523625744,0.852505129433257,"EOD_vs_CN",272,"study_1"
"S100A6",-0.0688786341027929,0.0712157698672156,0.935441655929785,0.334782825330649,0.502539987623064,"EOD_vs_CN",322,"study_1"
"S100A7",-0.0890999351254765,0.116886607828613,0.581065733916526,0.447159900526555,0.608314557746027,"EOD_vs_CN",249,"study_1"
"S100A8",-0.165868524811889,0.106573164819787,2.42232403626399,0.121963998269516,0.263488260412446,"EOD_vs_CN",279,"study_1"
"S100A9",-0.123755622963217,0.108444293712338,1.3023162876532,0.255804306077388,0.423124137099114,"EOD_vs_CN",303,"study_1"
"S100B",0.0977727012949625,0.0318137715003627,9.44506418178874,0.00265630441806678,0.0147963335287449,"EOD_vs_CN",322,"study_1"
"S1PR1",-0.0646059316200636,0.0297699062679727,4.70966321708685,0.0320581901308887,0.102596164378512,"EOD_vs_CN",322,"study_1"
"SAA1",-0.146331794147592,0.110118933028829,1.76584835602127,0.186219557191914,0.3476435755186,"EOD_vs_CN",300,"study_1"
"SAA4",-0.0383361392370231,0.078400544557537,0.239099456547182,0.625834843631385,0.755309186269861,"EOD_vs_CN",322,"study_1"
"SACS",-0.118094237598135,0.108767049861412,1.17886131214444,0.280006551967906,0.448053962426905,"EOD_vs_CN",316,"study_1"
"SARAF",-0.0172082292552466,0.0371059475332932,0.215072713367224,0.643812977457605,0.769384373895466,"EOD_vs_CN",233,"study_1"
"SBSN",0.0530340454139686,0.10359212608856,0.262093360577409,0.60983871919402,0.742835461145907,"EOD_vs_CN",314,"study_1"
"SBSPON",0.0107240999168578,0.0520480408242731,0.0424534442338471,0.837202624284147,0.897749536238099,"EOD_vs_CN",227,"study_1"
"SCAMP1",-0.0333871722526012,0.0405976779602011,0.676327251712247,0.412895755396967,0.579116381651676,"EOD_vs_CN",282,"study_1"
"SCARF1",0.0342166987503958,0.0599831394525772,0.325400208874881,0.570056506648108,0.705353730679567,"EOD_vs_CN",209,"study_1"
"SCGB1A1",-0.0422186226322387,0.0656021274605987,0.414163930621704,0.521121078047852,0.667514320606976,"EOD_vs_CN",322,"study_1"
"SCN1B",-0.00167878129874674,0.0330472977130416,0.00258057413156417,0.959590132302045,0.974724131431501,"EOD_vs_CN",231,"study_1"
"SCN2B",0.039442439498843,0.0306726907906145,1.65357456331028,0.201389180493485,0.365372448060804,"EOD_vs_CN",311,"study_1"
"SCN3B",-0.104429194371905,0.038144089653233,7.49530562726859,0.00723767058889816,0.0341346432121719,"EOD_vs_CN",322,"study_1"
"SCN4B",-0.0361117249439203,0.0248928200438869,2.10449679461165,0.148923112023443,0.300323418669585,"EOD_vs_CN",322,"study_1"
"SCPEP1",0.0265407551101759,0.0532552020049941,0.248371909876141,0.619407535470033,0.750058126089153,"EOD_vs_CN",322,"study_1"
"SCRN1",0.280567226264942,0.0310719720965591,81.5335291277837,5.98207140712193e-15,2.93548789763769e-13,"EOD_vs_CN",322,"study_1"
"SCUBE1",0.0665888703878618,0.0339518769284006,3.84658841493641,0.052642772254319,0.148775629682687,"EOD_vs_CN",322,"study_1"
"SCUBE2",-0.0300000839701582,0.0233544572245779,1.6500814567252,0.201135531741994,0.365372448060804,"EOD_vs_CN",322,"study_1"
"SDC2",0.0241753846136419,0.0312489136683727,0.598517613874722,0.440889585730414,0.603368815531463,"EOD_vs_CN",286,"study_1"
"SDCBP",-0.0244384753830115,0.0499181638263917,0.23967956789868,0.625460590486938,0.755309186269861,"EOD_vs_CN",258,"study_1"
"SDK2",0.0786456230451985,0.0663602996455227,1.40453458585132,0.240258660989941,0.405879590410056,"EOD_vs_CN",230,"study_1"
"SECTM1",-0.0589762540720635,0.0361184837294884,2.66621611305074,0.104638857559008,0.238036076632577,"EOD_vs_CN",312,"study_1"
"SEL1L",-0.0204817412929157,0.0447125204658839,0.209833801430581,0.648011648671698,0.771676200164089,"EOD_vs_CN",311,"study_1"
"SELENOF",0.0115481455220039,0.025256457033906,0.209064185216219,0.648118147736069,0.771676200164089,"EOD_vs_CN",322,"study_1"
"SELENOM",-0.0087835417410651,0.0240962026215135,0.132874647702015,0.716136434589723,0.823177463295827,"EOD_vs_CN",322,"study_1"
"SEMA3A",-0.0495078661836049,0.0197500376895676,6.28365828379922,0.0131870657515307,0.0539126825536293,"EOD_vs_CN",322,"study_1"
"SEMA3B",-0.0668951233155108,0.0274780509771002,5.92675626594484,0.0163873019774326,0.063011621969195,"EOD_vs_CN",322,"study_1"
"SEMA3C",-0.0534390361624452,0.0254722398975484,4.40132015414035,0.0379164819240791,0.1156003982922,"EOD_vs_CN",322,"study_1"
"SEMA3D",0.0370917105945564,0.0411817291259358,0.811231058902592,0.370005690166824,0.539419805377782,"EOD_vs_CN",236,"study_1"
"SEMA3E",-0.16900730552907,0.0405323952338334,17.3862699353582,5.36839905536945e-05,0.000526870021576973,"EOD_vs_CN",322,"study_1"
"SEMA3F",-0.0420610263811521,0.0191223716864628,4.83811538340464,0.0297979530111654,0.0968799057542433,"EOD_vs_CN",322,"study_1"
"SEMA4C",-0.00174272151065335,0.0187902401184752,0.00860183927845156,0.926265648697758,0.954994248107093,"EOD_vs_CN",322,"study_1"
"SEMA4D",-0.0362103125991099,0.0152979599266859,5.60270182765359,0.0194986031903125,0.0712528744241739,"EOD_vs_CN",322,"study_1"
"SEMA5A",-0.0191405748921073,0.0381712516324199,0.251441613124622,0.617179051077262,0.748679237357408,"EOD_vs_CN",235,"study_1"
"SEMA6B",-0.122673633660774,0.0299440453862527,16.7834606347947,7.29592758010365e-05,0.000686616746237152,"EOD_vs_CN",322,"study_1"
"SEMA6C",-0.023542651094749,0.0237279038675005,0.98444619429142,0.32308398108939,0.491059059753121,"EOD_vs_CN",322,"study_1"
"SERPINA10",-0.0808761103186544,0.0424622632822882,3.62772396832221,0.0587800990158084,0.159612363730673,"EOD_vs_CN",322,"study_1"
"SERPINB1",-0.0041151754365254,0.0181748952436998,0.0512664064669557,0.82112861539726,0.888837224965207,"EOD_vs_CN",322,"study_1"
"SERPINB6",0.0055970264999296,0.0307737565589183,0.0330791010290216,0.855902445502359,0.90834960874375,"EOD_vs_CN",321,"study_1"
"SERPINB9",0.00974409214705999,0.0406167188111407,0.057553679220977,0.810825731874355,0.884186155234416,"EOD_vs_CN",285,"study_1"
"SERPINE1",0.0118479436124312,0.0489237518759272,0.0586470872386324,0.809225867309014,0.883376330785952,"EOD_vs_CN",242,"study_1"
"SERPINE2",0.146725786705916,0.0307257762338045,22.8037970256148,4.19393630682641e-06,5.27055044412758e-05,"EOD_vs_CN",322,"study_1"
"SERPINI2",-0.000404241312898554,0.0731132499041504,3.05695618297059e-05,0.995601384155287,0.997537410181841,"EOD_vs_CN",192,"study_1"
"SF3A1",-0.0996359539462774,0.0303490922516838,10.7780639216876,0.00131869723097384,0.00825517501818285,"EOD_vs_CN",322,"study_1"
"SFRP1",0.0746172244163149,0.0260732356623008,8.19008333016121,0.00487105374482998,0.0245627474499478,"EOD_vs_CN",279,"study_1"
"SFRP2",0.041947848444326,0.0405176949734586,1.07183989821034,0.302489931779391,0.470514527847038,"EOD_vs_CN",311,"study_1"
"SFRP4",-0.0851370896590485,0.0379000201720956,5.04613329052758,0.0265736605868496,0.0892281815426897,"EOD_vs_CN",322,"study_1"
"SGCE",-0.0143978024611229,0.0144073251102119,0.998678519159305,0.319566181843816,0.488594881884351,"EOD_vs_CN",322,"study_1"
"SH3BGRL",0.113277423050321,0.0243839086638615,21.5814229250112,8.57477986987335e-06,0.000100986407496051,"EOD_vs_CN",322,"study_1"
"SH3BGRL3",0.172595445851744,0.0262857583012163,43.113933130847,1.22433344104015e-09,2.5488396181654e-08,"EOD_vs_CN",322,"study_1"
"SHBG",-0.0876602220379351,0.0682636494589763,1.64902077753493,0.201267978092771,0.365372448060804,"EOD_vs_CN",322,"study_1"
"SHH",-0.127685949712325,0.0560372482660212,5.191975330883,0.0242763820833958,0.0842316893499643,"EOD_vs_CN",322,"study_1"
"SHISA4",0.0198940860204908,0.0424279343052591,0.219858979332104,0.640095727233658,0.766366837551454,"EOD_vs_CN",292,"study_1"
"SHISA8",0.0411070120960551,0.034942035563298,1.38399786069516,0.242008893110167,0.407623509988883,"EOD_vs_CN",257,"study_1"
"SHISA9",-0.0315020872422985,0.0531682940120109,0.351053420360947,0.55587652633876,0.696055118250549,"EOD_vs_CN",187,"study_1"
"SIGLEC14",-0.0147022280845407,0.0711859305085852,0.0426557889807741,0.836718567143363,0.897697536117892,"EOD_vs_CN",322,"study_1"
"SIGLEC9",0.027424859233967,0.0485917380337011,0.318539979496043,0.573961870691305,0.708344560176515,"EOD_vs_CN",232,"study_1"
"SIL1",-0.0107142668514071,0.0242151393701515,0.195772177629413,0.65891956244026,0.778688771897578,"EOD_vs_CN",322,"study_1"
"SIRPB1",7.60957838421561e-05,0.0595502619277466,1.63287837618642e-06,0.998983270902636,0.999120526966235,"EOD_vs_CN",240,"study_1"
"SKP1",0.151816272024257,0.0212551579791207,51.0161840864691,4.15116622846442e-11,1.14074047958202e-09,"EOD_vs_CN",322,"study_1"
"SLC12A2",0.000804314133695416,0.0429285830422783,0.000351041363738896,0.985105044916178,0.991358153111447,"EOD_vs_CN",222,"study_1"
"SLC12A5",-0.0491330156095704,0.0232036680426502,4.48366909693235,0.0364010088931707,0.113281777481979,"EOD_vs_CN",311,"study_1"
"SLC1A2",0.0486076309625272,0.032943837016931,2.1770106244281,0.142713063127648,0.291219428817903,"EOD_vs_CN",291,"study_1"
"SLC24A2",-0.0423287074179883,0.0221439562776598,3.65392461344502,0.0580781304126512,0.157924949493795,"EOD_vs_CN",322,"study_1"
"SLC38A10",-0.0410868909790402,0.0161042901677838,6.50913659288678,0.0119229894384739,0.0498464847376943,"EOD_vs_CN",322,"study_1"
"SLC39A12",-0.0747254465879442,0.0527781306228853,2.00460602425289,0.159247901680978,0.31498073451487,"EOD_vs_CN",322,"study_1"
"SLC39A14",0.0790024885259577,0.04506021294504,3.07393771485829,0.0823500625915329,0.20277596057485,"EOD_vs_CN",230,"study_1"
"SLC39A6",0.0427430632019725,0.0425309477572881,1.00999951328118,0.317381064922643,0.485975018429098,"EOD_vs_CN",228,"study_1"
"SLC3A2",-0.0234525340907052,0.0121064930741529,3.75269126219748,0.0552797688895466,0.153753851121937,"EOD_vs_CN",322,"study_1"
"SLC4A1",-0.0732731854032791,0.124926341279495,0.344018740973134,0.558367696019357,0.697029570863656,"EOD_vs_CN",304,"study_1"
"SLC6A1",0.0762909964265989,0.0334667848347508,5.19659165178708,0.0247136342697527,0.085604706268841,"EOD_vs_CN",250,"study_1"
"NHERF1",0.108370499037387,0.0271708250358977,15.9080334234118,0.000114990428350208,0.00101280031123837,"EOD_vs_CN",316,"study_1"
"SLIT1",-0.0433554086260078,0.0361894189872236,1.43523608943829,0.233393510107398,0.398859058317867,"EOD_vs_CN",278,"study_1"
"SLIT2",-0.0179069979360887,0.0387594778386534,0.213446841052858,0.645234905604038,0.770022663838982,"EOD_vs_CN",239,"study_1"
"SLIT3",-0.0639953316882581,0.0389196451980713,2.7037021337457,0.102719624125879,0.235128000420151,"EOD_vs_CN",292,"study_1"
"SLITRK2",-0.0935831572316367,0.0494400101202336,3.58292967483536,0.061530123102969,0.163841839425348,"EOD_vs_CN",223,"study_1"
"SLITRK3",-0.138228394837716,0.0402459904153231,11.7963945776909,0.000777105560685451,0.00523403451167554,"EOD_vs_CN",322,"study_1"
"SLITRK5",-0.0585521178002993,0.0279660762468579,4.38351140709148,0.03835991648009,0.116607356733725,"EOD_vs_CN",322,"study_1"
"SLITRK6",0.00204931322965932,0.0557289845384173,0.00135224202278937,0.970728866878093,0.982648425656066,"EOD_vs_CN",322,"study_1"
"SLPI",-0.00210987861580297,0.0398343702387511,0.00280542737048029,0.957840190842383,0.97342634779396,"EOD_vs_CN",322,"study_1"
"SMOC2",0.414552731156452,0.0334326156315443,153.751319188444,2.21885006775398e-22,2.54058332757831e-20,"EOD_vs_CN",310,"study_1"
"SMPD1",-0.00395129936339228,0.0345239826000646,0.013098998454288,0.909116868073997,0.943384116963131,"EOD_vs_CN",312,"study_1"
"SMPDL3A",-0.0442500000595903,0.0321688809337991,1.89214600316758,0.171547880676016,0.331359120968387,"EOD_vs_CN",322,"study_1"
"SMPDL3B",-0.0547997002431817,0.0398321822573744,1.89272781688015,0.171478035844766,0.331359120968387,"EOD_vs_CN",322,"study_1"
"SNAP25",0.128519451987511,0.0472986506732385,7.38312509974794,0.00755263923716889,0.0350585348373988,"EOD_vs_CN",285,"study_1"
"SNAP91",0.18828159377073,0.0463245540691247,16.519360733333,8.26306825691097e-05,0.000767125390878086,"EOD_vs_CN",302,"study_1"
"SNCA",0.292701318170145,0.0678907001781366,18.5878338195793,3.8686539911779e-05,0.0003966813868566,"EOD_vs_CN",211,"study_1"
"SNCB",0.347008755597962,0.0422383101722808,67.4944084983115,4.53028761443852e-14,1.98657931348038e-12,"EOD_vs_CN",322,"study_1"
"SNCG",0.209252891770442,0.0312260070033842,44.9065851748617,7.96643154891021e-10,1.76546402390365e-08,"EOD_vs_CN",310,"study_1"
"SNED1",-0.00355884094941814,0.0184548369311003,0.0371874786744478,0.847364131577219,0.903533319978466,"EOD_vs_CN",322,"study_1"
"SNX12",-0.00281057274898931,0.0407084653134747,0.00476672614789086,0.94512111980367,0.967657539948019,"EOD_vs_CN",177,"study_1"
"SORCS1",-0.131530556429068,0.0285480033189053,21.2276460497296,1.00254702299368e-05,0.000114791634132776,"EOD_vs_CN",322,"study_1"
"SORL1",-0.0480326780836884,0.0248005815294896,3.75102427255737,0.0552130391747562,0.153753851121937,"EOD_vs_CN",322,"study_1"
"SORT1",-0.00836530414100847,0.0219486434811036,0.145260689908624,0.703807419987587,0.815372171216648,"EOD_vs_CN",322,"study_1"
"SPESP1",-0.12910398195512,0.0583674734689269,4.89257493084336,0.028893558296564,0.0948968460491436,"EOD_vs_CN",247,"study_1"
"SPINK5",-0.0208099401265999,0.0487121614918311,0.182501677072361,0.669987599033331,0.787254527712483,"EOD_vs_CN",322,"study_1"
"SPINT1",-0.0288842489911434,0.0182890217824359,2.49425703526347,0.11645482138289,0.256150893137818,"EOD_vs_CN",322,"study_1"
"SPON2",-0.0900403718988797,0.0215506245623858,17.4564061610058,5.03754578349074e-05,0.000501564341051904,"EOD_vs_CN",322,"study_1"
"SPRN",0.0798730576342445,0.045485895832836,3.08352245352708,0.0819061728827593,0.202166014744152,"EOD_vs_CN",307,"study_1"
"SPTA1",-0.146543915667875,0.0984378389195596,2.21621271402561,0.138323715673149,0.28537054855091,"EOD_vs_CN",297,"study_1"
"SPTAN1",0.156979483907107,0.0581895231279852,7.27773432748404,0.00807709461724577,0.0369930933469856,"EOD_vs_CN",255,"study_1"
"SPTB",-0.172063237450042,0.128260661198865,1.79965489220713,0.182239989885553,0.34370080716151,"EOD_vs_CN",249,"study_1"
"SPTBN1",0.0007424676677322,0.0713982038526539,0.000108138544381846,0.991733598043853,0.995598122536961,"EOD_vs_CN",199,"study_1"
"SQSTM1",-0.0215001780163682,0.0264207765050021,0.662205764343829,0.417356271225056,0.582377301959947,"EOD_vs_CN",298,"study_1"
"SRGN",-0.0598872933067634,0.0292520234191461,4.19138490540968,0.0425024530980246,0.126039648683495,"EOD_vs_CN",322,"study_1"
"SRPX",-0.0237036767924479,0.0371018628632585,0.408168985352718,0.524075979554354,0.669634590118738,"EOD_vs_CN",322,"study_1"
"SSC5D",0.019428087261176,0.0217594535164437,0.797194186476821,0.373664453458673,0.542721944029827,"EOD_vs_CN",322,"study_1"
"SST",-0.227965620843837,0.0468997080782698,23.6264479749608,4.16263512543922e-06,5.26330735799401e-05,"EOD_vs_CN",322,"study_1"
"ST13",0.140437935765008,0.0339057212452602,17.1562711040204,4.84728817559951e-05,0.000484964122811193,"EOD_vs_CN",322,"study_1"
"ST3GAL6",-0.0603006953744979,0.0474565756596714,1.61455128929631,0.206187194425513,0.369523311053028,"EOD_vs_CN",322,"study_1"
"ST6GAL1",0.0565502635809763,0.0302974801891056,3.48382432094163,0.065271118118353,0.171334043107599,"EOD_vs_CN",196,"study_1"
"ST6GALNAC1",-0.0312968748415196,0.0237218362595227,1.74062548760444,0.189475469148012,0.351493197042351,"EOD_vs_CN",322,"study_1"
"ST6GALNAC2",-0.0032724343693091,0.0696798681913431,0.00220560252143899,0.962644063144668,0.976863325524944,"EOD_vs_CN",263,"study_1"
"ST6GALNAC5",-0.0340130425815833,0.0300599179228689,1.28031072841229,0.260026849646751,0.426389680618368,"EOD_vs_CN",322,"study_1"
"ST8SIA3",-0.0630850066857635,0.0208686572525369,9.13825545475828,0.00302598906674454,0.0167649555552701,"EOD_vs_CN",322,"study_1"
"ST8SIA5",-0.0511303664332544,0.032167951732228,2.52645166238047,0.114290812981852,0.253713572236035,"EOD_vs_CN",322,"study_1"
"STAB1",0.0759262534833521,0.0244413290006278,9.65015539896405,0.00238335009237429,0.0135338103511926,"EOD_vs_CN",322,"study_1"
"STC1",-0.0180516667750668,0.037482333404648,0.231943057263597,0.631410148428715,0.75879668566273,"EOD_vs_CN",218,"study_1"
"STIP1",0.0263679344543299,0.0601161466848281,0.192384442855999,0.661470223383388,0.779914262238651,"EOD_vs_CN",274,"study_1"
"STMN1",0.312499482179431,0.0356374248970662,76.8928527955194,4.85329651845065e-14,2.08388419260975e-12,"EOD_vs_CN",322,"study_1"
"STMN3",-0.0241660258962033,0.0227644511866891,1.12692782910236,0.290146046413391,0.45791810661475,"EOD_vs_CN",322,"study_1"
"STX12",0.0793525181266016,0.0271451982151155,8.54545893339914,0.00420894445463307,0.0219056427297948,"EOD_vs_CN",322,"study_1"
"STX1B",0.0916243795488547,0.0289652892037214,10.0061349402987,0.00192520997573212,0.0113692199426473,"EOD_vs_CN",303,"study_1"
"STX7",0.031502773321289,0.0254606894745586,1.53093677744768,0.218453710713169,0.382851273622314,"EOD_vs_CN",322,"study_1"
"STX8",0.102050629671697,0.0476694077416364,4.58302118902603,0.0353408126923014,0.110798652714121,"EOD_vs_CN",201,"study_1"
"STYK1",-0.0385440390690597,0.0401974547909272,0.919427172969366,0.340466366912169,0.509217113357025,"EOD_vs_CN",244,"study_1"
"SUMF1",0.02495473558785,0.0322398293617936,0.599129185720579,0.44059384925131,0.603364733094319,"EOD_vs_CN",270,"study_1"
"SUMF2",-0.00958680588451957,0.0379641040374514,0.063767818178352,0.801064791191511,0.878655952445825,"EOD_vs_CN",311,"study_1"
"SV2A",-0.0477170238117309,0.030303266698214,2.47952105377628,0.118122679248514,0.258715028619752,"EOD_vs_CN",304,"study_1"
"SV2B",0.00929490050423212,0.0283968517323215,0.107139373582007,0.744229030228068,0.841852926070279,"EOD_vs_CN",265,"study_1"
"SVEP1",-0.0182839188267233,0.0286113994649623,0.408376146968942,0.523596039481617,0.669634590118738,"EOD_vs_CN",310,"study_1"
"SYN1",0.41262154653007,0.0390014387120633,111.928980808903,4.60348971231656e-19,3.38849724895873e-17,"EOD_vs_CN",322,"study_1"
"SYT1",0.0969785928879915,0.0233001855819828,17.3233945424238,6.42233781405097e-05,0.000615648289988793,"EOD_vs_CN",322,"study_1"
"SYT2",0.0108761574642229,0.0519636288687644,0.0438078590012527,0.834657208068551,0.896419231802649,"EOD_vs_CN",248,"study_1"
"SYT3",-0.0494330575032685,0.0369034554059769,1.79432406047473,0.184179429567868,0.34539927601399,"EOD_vs_CN",200,"study_1"
"SYT4",-0.0209686831303047,0.0360855043013189,0.337657776055321,0.562209365840849,0.700129004832622,"EOD_vs_CN",280,"study_1"
"SYT7",-0.0362271069297941,0.057016836625532,0.403702156390479,0.526086962283338,0.670541267325887,"EOD_vs_CN",294,"study_1"
"TAC1",-0.147959948604129,0.0277226257797608,28.4852226510001,3.36877338920144e-07,5.46696216940485e-06,"EOD_vs_CN",322,"study_1"
"TAC3",-0.114352698238611,0.0463327802545262,6.09138585440628,0.0151154319698395,0.0599094332496909,"EOD_vs_CN",322,"study_1"
"TAGLN2",0.000829648229254465,0.0346042913255218,0.000574814959426194,0.980904018087742,0.990030940880919,"EOD_vs_CN",303,"study_1"
"TAGLN3",0.180944249866423,0.0263243939303223,47.2468447406873,2.30277689544712e-10,5.65002759704346e-09,"EOD_vs_CN",322,"study_1"
"TAX1BP1",0.0377241200145216,0.0295350145513448,1.63141276959764,0.204638944975516,0.368814624989993,"EOD_vs_CN",271,"study_1"
"TBCA",0.180518008964786,0.0226314642391598,63.6232372317786,1.86381175189956e-13,7.53199219738233e-12,"EOD_vs_CN",322,"study_1"
"TBCB",0.176251355686085,0.0275717225731829,40.8636477951018,2.11412201273362e-09,4.35720546824398e-08,"EOD_vs_CN",320,"study_1"
"TCN2",-0.00383872364615589,0.0320930353480452,0.0143071162817241,0.904986799116312,0.941340352051577,"EOD_vs_CN",322,"study_1"
"TENM1",-0.014214038205826,0.0194321502175041,0.535048608302131,0.465585162641426,0.625201386694103,"EOD_vs_CN",322,"study_1"
"TENM2",-0.0247781096434105,0.0368248317571767,0.452746183512519,0.50239980733946,0.654220074690103,"EOD_vs_CN",299,"study_1"
"TENM3",0.00231420896052137,0.0264446104744744,0.00765827210318777,0.93042408201136,0.958322855085163,"EOD_vs_CN",284,"study_1"
"TENM4",0.000858184218445773,0.0384653231120434,0.000497762617873676,0.982249351317886,0.990903530624651,"EOD_vs_CN",246,"study_1"
"TFF3",0.0522118820612145,0.0415016938712635,1.58273079148204,0.211353745741844,0.376205025708457,"EOD_vs_CN",266,"study_1"
"TFPI",0.0977052047982975,0.040997118046252,5.67974374522469,0.0190482190019052,0.0699792858519192,"EOD_vs_CN",281,"study_1"
"TFRC",-0.01931191969069,0.0222784842602452,0.75141457341146,0.387430957158909,0.555265683874954,"EOD_vs_CN",322,"study_1"
"TGFB1",0.0427439842472241,0.0273625926667105,2.44025668681274,0.121054337044175,0.262175559051414,"EOD_vs_CN",283,"study_1"
"TGFB2",-0.10269001189461,0.0420547557925478,5.96246959603337,0.0160349829037648,0.0622374760163075,"EOD_vs_CN",322,"study_1"
"TGFBR2",-0.0577457641523433,0.0226891256153456,6.47746009934722,0.0123974277023951,0.0515143114811216,"EOD_vs_CN",283,"study_1"
"TGM2",-0.0436790163899929,0.0664380191658236,0.432227453933128,0.512027594848663,0.660381021891799,"EOD_vs_CN",208,"study_1"
"THBS1",0.0825307443558531,0.0275036915978696,9.00429147628952,0.00316824426125603,0.0173663601660869,"EOD_vs_CN",322,"study_1"
"THBS2",0.0249456968094399,0.0243226176716591,1.05189079074438,0.307290649103041,0.4769021293685,"EOD_vs_CN",322,"study_1"
"THBS3",-0.0251562467924602,0.038356452890201,0.430144939146984,0.513336090219486,0.660828033692917,"EOD_vs_CN",271,"study_1"
"THBS4",0.0692989282488893,0.0202991645027755,11.6545822164469,0.000860260617020539,0.00571934558606236,"EOD_vs_CN",322,"study_1"
"THOP1",0.119891130097149,0.0632103395402913,3.59747563644176,0.060706403311637,0.162334078106405,"EOD_vs_CN",275,"study_1"
"THSD4",0.0376535025463744,0.0258068954170211,2.12882145097824,0.147119609417343,0.297268151969749,"EOD_vs_CN",311,"study_1"
"THSD7A",-0.0510320915354715,0.0268494386850425,3.61257036319118,0.0597985058776873,0.16136863612938,"EOD_vs_CN",313,"study_1"
"TIE1",-0.0557491674740173,0.0222979462185661,6.25096468382186,0.0137441029944262,0.0554336521947406,"EOD_vs_CN",322,"study_1"
"TIMP3",0.0420806259752691,0.0284874093383799,2.18201871461461,0.142710398455094,0.291219428817903,"EOD_vs_CN",277,"study_1"
"TIMP4",-0.0355442890325554,0.0291054949713405,1.49138470499215,0.223813256747893,0.388284480013033,"EOD_vs_CN",322,"study_1"
"TINAGL1",-0.0172568660835862,0.0292830304085848,0.34728963424401,0.556985220063852,0.6965695015483,"EOD_vs_CN",296,"study_1"
"TKT",0.135592741568442,0.0254536451818858,28.3774202651639,3.22555144037216e-07,5.31828921488561e-06,"EOD_vs_CN",322,"study_1"
"TLN1",0.05411750334383,0.058121660788154,0.866960826408477,0.35346603650143,0.524804815126201,"EOD_vs_CN",281,"study_1"
"TM9SF3",0.0192912464978294,0.0293696890850593,0.431441465736499,0.512766528977743,0.660644506791087,"EOD_vs_CN",311,"study_1"
"TMED2",0.0583790632017155,0.0439186380135148,1.76691849358846,0.18723641988036,0.348909820409965,"EOD_vs_CN",207,"study_1"
"TMED3",-0.00810698263889881,0.0362916541193133,0.0499005071714517,0.823663216003986,0.890597385961313,"EOD_vs_CN",296,"study_1"
"TMED4",0.0279480237378933,0.0211740446424026,1.74218615503344,0.189231122725214,0.351356165708709,"EOD_vs_CN",322,"study_1"
"TMED7",-0.0060264373725111,0.0146534941364364,0.169137109983064,0.681591600640201,0.7968010714234,"EOD_vs_CN",322,"study_1"
"TMEFF1",0.054551363054921,0.0269400335944746,4.10029352440062,0.0449741395640078,0.132039461027664,"EOD_vs_CN",322,"study_1"
"TMEFF2",0.107887758161566,0.0303834851355265,12.6086666072761,0.000529145704537566,0.00374766081461142,"EOD_vs_CN",300,"study_1"
"TMEM108",-0.071334132882913,0.0415181853268546,2.95201151080855,0.0885306073268951,0.211195134478424,"EOD_vs_CN",292,"study_1"
"TMEM130",-0.0147140896821502,0.0403552591161854,0.132943319027562,0.716095049095426,0.823177463295827,"EOD_vs_CN",198,"study_1"
"TMEM132B",-0.0523218445019979,0.0374299644473799,1.95401216129355,0.164699544704972,0.323281677749473,"EOD_vs_CN",322,"study_1"
"TMEM132C",-0.037248750060646,0.0213115849397986,3.05486420085036,0.0828894489115533,0.20386056587913,"EOD_vs_CN",322,"study_1"
"TMEM132D",-0.0602853854735155,0.0355447777355041,2.87655365158529,0.0924409580802313,0.216547787672862,"EOD_vs_CN",322,"study_1"
"TMEM132E",-0.0452478438889232,0.0240620202514162,3.53615752179709,0.06236259974004,0.165630564515751,"EOD_vs_CN",322,"study_1"
"TMEM165",0.00638815163277821,0.030351668904601,0.0442981184906746,0.833660090311799,0.896419231802649,"EOD_vs_CN",311,"study_1"
"TMEM178A",0.00574985801390251,0.0369192387225456,0.0242554181665866,0.876540466058079,0.924346009212145,"EOD_vs_CN",293,"study_1"
"TMEM25",-0.037416533651068,0.0319449989318777,1.37189649390093,0.243719899592898,0.408711727470271,"EOD_vs_CN",322,"study_1"
"TMEM59",0.0102390978305927,0.0232427242371626,0.194065942564778,0.660639736980034,0.779827318393957,"EOD_vs_CN",251,"study_1"
"TMEM59L",0.0523985736031795,0.0330531869410079,2.5131143483558,0.115582050200196,0.255047757454609,"EOD_vs_CN",322,"study_1"
"TMPRSS5",0.0221332638151306,0.0502086355880155,0.194327418696968,0.660325533297502,0.779827318393957,"EOD_vs_CN",265,"study_1"
"TMSB4X",0.260344401298358,0.0284974618208139,83.4611038303482,6.38654977570807e-15,3.06108815993822e-13,"EOD_vs_CN",322,"study_1"
"TNC",0.0189522628760992,0.0231316228598143,0.6712896285908,0.414110809896799,0.57981139891121,"EOD_vs_CN",322,"study_1"
"TNFRSF12A",0.125875387194902,0.0299807575567689,17.6277317912388,5.46425457099906e-05,0.000533735955963463,"EOD_vs_CN",322,"study_1"
"TNFRSF14",-0.0333538737854621,0.0256326329905966,1.6931916707053,0.196308400902444,0.360920262497713,"EOD_vs_CN",241,"study_1"
"TNFRSF1A",0.0445150711872413,0.0193426830487053,5.29639922683915,0.0231456471729399,0.0818236343455045,"EOD_vs_CN",290,"study_1"
"TNFSF12",0.00659187751013594,0.0306181302396328,0.0463511939293044,0.82994275421346,0.894644188408532,"EOD_vs_CN",300,"study_1"
"TNFSF13",-0.00195511521201953,0.0295313526641481,0.00438306619525739,0.947335911007415,0.96896243800808,"EOD_vs_CN",282,"study_1"
"TNFSF13B",-0.0494979345647429,0.0360384786793265,1.88643243690802,0.172375738274461,0.331405220693716,"EOD_vs_CN",311,"study_1"
"TOLLIP",0.114858554765103,0.0241011943925171,22.7116958460993,6.03219805907404e-06,7.40021440461404e-05,"EOD_vs_CN",322,"study_1"
"TOM1L2",0.082620436280683,0.048023319344011,2.95985624075448,0.0887387348092224,0.211195134478424,"EOD_vs_CN",249,"study_1"
"TPBG",-0.110834656298516,0.0293472394428146,14.2631893205093,0.000236073152126341,0.00192269144562187,"EOD_vs_CN",304,"study_1"
"TPD52",0.0653676550211494,0.0555966951137438,1.38238132654756,0.242724989480488,0.407971621189197,"EOD_vs_CN",269,"study_1"
"TPM1",0.230639547590138,0.0679337427702097,11.526473869835,0.00117727768236713,0.00748879414616868,"EOD_vs_CN",206,"study_1"
"TPM3",0.109856300059209,0.0533972882156349,4.23264195152241,0.0413374700750038,0.12311636679853,"EOD_vs_CN",254,"study_1"
"TPM4",0.127186952758708,0.0429603970587897,8.76493200360052,0.00357391909082134,0.0190331970185602,"EOD_vs_CN",322,"study_1"
"TPPP3",0.0904696738222109,0.0240463599757973,14.1549180892284,0.000254642145517448,0.0020263222467624,"EOD_vs_CN",313,"study_1"
"TPST1",-0.0133805744943245,0.0316230947871032,0.179036170889641,0.673076144693314,0.788635551002228,"EOD_vs_CN",267,"study_1"
"TPT1",0.127774549457305,0.0230936133385328,30.6129326799487,1.10944865566702e-07,1.93777430451671e-06,"EOD_vs_CN",304,"study_1"
"TREM2",0.0199972518814802,0.0340683770721809,0.34453848763086,0.558209392105929,0.697029570863656,"EOD_vs_CN",224,"study_1"
"TREML1",-0.034117002819945,0.0474901738053498,0.516100434526647,0.474621218966852,0.631908483391913,"EOD_vs_CN",196,"study_1"
"TRHDE",-0.0818781388216117,0.022045866570097,13.7937253720958,0.000290604986132056,0.00222653113910099,"EOD_vs_CN",322,"study_1"
"TRIL",0.0018349670111488,0.027520478253571,0.00444574519970714,0.946932218225933,0.96896243800808,"EOD_vs_CN",292,"study_1"
"TTR",-0.00649635222590395,0.0367472082394264,0.0312529075263824,0.859977368803345,0.911735265999843,"EOD_vs_CN",322,"study_1"
"TUBA4A",-0.024006843231028,0.0475317269081814,0.255095575720551,0.614380728119087,0.747043469412058,"EOD_vs_CN",322,"study_1"
"TUBB",-0.0258251806122728,0.0470737435034182,0.300974195164327,0.584218616675179,0.717565297358489,"EOD_vs_CN",299,"study_1"
"TUBB4A",-0.0447391577898066,0.0647477990323001,0.477447461318087,0.491047069597525,0.645438782168685,"EOD_vs_CN",281,"study_1"
"TWF2",0.150720169849289,0.0346829495555017,18.8847265754632,3.34720460965292e-05,0.0003501821675378,"EOD_vs_CN",231,"study_1"
"TXNDC12",0.0489324621864324,0.035612457265269,1.88794899044734,0.171871720490881,0.331405220693716,"EOD_vs_CN",306,"study_1"
"TXNDC17",0.04658058433138,0.0214482097515471,4.71658611542631,0.0316927511206782,0.101742616915448,"EOD_vs_CN",322,"study_1"
"TXNDC5",0.0109836628892223,0.0152529085035305,0.518548115054077,0.472637080892693,0.630488688491806,"EOD_vs_CN",322,"study_1"
"TXNL1",-0.0453156176719895,0.0405040169487792,1.25169816564292,0.264731986707718,0.430293867984705,"EOD_vs_CN",224,"study_1"
"TXNRD1",0.182616821455782,0.0293226227665175,38.7860838740706,8.59542001111814e-09,1.64029265212171e-07,"EOD_vs_CN",322,"study_1"
"TYRO3",-0.0429254845879245,0.0232764728834213,3.40091728830323,0.0676693344983109,0.174770048121577,"EOD_vs_CN",322,"study_1"
"UBA1",0.0173128815419756,0.0566568935318498,0.0933755553162161,0.760388374198468,0.850944792453029,"EOD_vs_CN",295,"study_1"
"UBB",0.171862368443854,0.0299253166718053,32.9825382974256,8.83812468608537e-08,1.58394565026278e-06,"EOD_vs_CN",322,"study_1"
"UBE2L3",0.12781092484093,0.0236319060821818,29.2508473109469,1.78735514697509e-07,3.04441236191377e-06,"EOD_vs_CN",310,"study_1"
"UBE2N",0.236275779520908,0.0271759446950865,75.590829172759,6.3002070866712e-16,3.41703336990246e-14,"EOD_vs_CN",322,"study_1"
"UBE2V1",0.209400324671621,0.02759096146162,57.5998075305552,1.26005442641256e-12,4.47753822902807e-11,"EOD_vs_CN",322,"study_1"
"UBL3",-0.0579774144355613,0.0340424962937948,2.90051348918976,0.0913135746749175,0.214837074663248,"EOD_vs_CN",239,"study_1"
"UBQLN2",0.0831621574436286,0.026742049738795,9.67079351533444,0.00216905474197005,0.012452428476881,"EOD_vs_CN",291,"study_1"
"UCHL1",0.454533470969588,0.0287272453716667,250.34779516698,5.69630170599388e-31,1.67715397372191e-28,"EOD_vs_CN",322,"study_1"
"UFM1",0.176223518418808,0.0361067806284735,23.8204631410174,3.13907598011864e-06,4.20106207469124e-05,"EOD_vs_CN",277,"study_1"
"UGGT1",-0.0986615967662357,0.0447986118401908,4.85028397100386,0.0289353226743256,0.0948968460491436,"EOD_vs_CN",221,"study_1"
"ULBP2",-0.0614027619104179,0.0510692101279105,1.44563126047654,0.232087103515356,0.397615561384163,"EOD_vs_CN",322,"study_1"
"UNC5A",-0.0624840004953929,0.0409464814693809,2.32865138616883,0.13024057021627,0.275874424682151,"EOD_vs_CN",322,"study_1"
"UNC5B",0.00671773368587296,0.0216741474911975,0.0960641881997131,0.757115810344617,0.848974801480008,"EOD_vs_CN",322,"study_1"
"UNC5C",0.0216042310161958,0.0144764462912217,2.22717169402147,0.137993290257335,0.285259951073588,"EOD_vs_CN",322,"study_1"
"UNC5D",-0.0285807096538321,0.0407160996558941,0.492735302403639,0.484366863730182,0.641568191611764,"EOD_vs_CN",322,"study_1"
"UQCC3",-0.0371777613507034,0.0344480667505017,1.16476084426702,0.283165250630345,0.450311405516312,"EOD_vs_CN",235,"study_1"
"USP14",-0.00465394822817811,0.0621420721578925,0.00560882169136233,0.940407532269129,0.964290091260314,"EOD_vs_CN",244,"study_1"
"VAMP2",0.0350970975481307,0.0239832825593158,2.14153490446815,0.145566075794391,0.294996737671819,"EOD_vs_CN",321,"study_1"
"VAPA",0.0889804141130674,0.0152889970644415,33.8712208580261,4.09953230337966e-08,7.47711157280131e-07,"EOD_vs_CN",322,"study_1"
"VASN",0.0882804648623252,0.0187047268089908,22.275449871076,7.00247257782994e-06,8.43982221222662e-05,"EOD_vs_CN",322,"study_1"
"VAT1L",0.0374486773648614,0.0225240874713328,2.76425788311011,0.0982834062427121,0.227342424541223,"EOD_vs_CN",322,"study_1"
"VCAM1",0.0391850287539485,0.0226917472691889,2.98197819672072,0.0869251339196578,0.209290538561232,"EOD_vs_CN",322,"study_1"
"VCL",0.0422627755240106,0.0309558093031714,1.86393904109703,0.174712546909553,0.3343384950609,"EOD_vs_CN",322,"study_1"
"VCP",-0.136558915960904,0.0736076322685573,3.44186970012817,0.0655164630106448,0.171334043107599,"EOD_vs_CN",226,"study_1"
"VEGFA",-0.086859805920267,0.0545537911931644,2.53505762072317,0.116335333050142,0.256150893137818,"EOD_vs_CN",222,"study_1"
"VEGFC",0.0349458627242752,0.0351979188192099,0.985729065642951,0.322563723798378,0.490630136345725,"EOD_vs_CN",299,"study_1"
"VIM",0.0881651737233369,0.0642489267739233,1.88305229060676,0.172375463381878,0.331405220693716,"EOD_vs_CN",322,"study_1"
"VIP",0.0231226435753433,0.0384151542152608,0.362301229312446,0.548298307341798,0.692004171115399,"EOD_vs_CN",314,"study_1"
"VIT",0.00636987771837835,0.0343217239424539,0.034444826611175,0.853060696664709,0.907125865916387,"EOD_vs_CN",310,"study_1"
"VLDLR",-0.0525111592342851,0.024919922594921,4.44027464789473,0.0373185901149958,0.114625356523109,"EOD_vs_CN",322,"study_1"
"VMO1",-0.0232495082189737,0.0626386416678491,0.137766263368292,0.711314896091924,0.820380526494379,"EOD_vs_CN",289,"study_1"
"VNN1",-0.0862569492027396,0.0643080546798093,1.79910886102748,0.182388899364022,0.34370080716151,"EOD_vs_CN",314,"study_1"
"VPS29",-0.00520343385821176,0.0684297627561587,0.00578215871447074,0.939550760568557,0.964290091260314,"EOD_vs_CN",277,"study_1"
"VSNL1",0.132009236860721,0.04156628861156,10.0861667371364,0.0020580525411947,0.0120159951484484,"EOD_vs_CN",230,"study_1"
"VWA1",-0.0389467752720563,0.0159160800546123,5.98784816737067,0.0154549609384806,0.0607875467446726,"EOD_vs_CN",322,"study_1"
"VWA7",-0.273627955488462,0.0728400734446468,14.111727478165,0.00035560436502181,0.00264585052819476,"EOD_vs_CN",195,"study_1"
"VWC2",-0.0294759172899713,0.0265520737873243,1.23236048897721,0.269273785896373,0.435273155084255,"EOD_vs_CN",322,"study_1"
"VWC2L",0.0604550906685505,0.0554233507678148,1.18981707269366,0.278744873309288,0.447285273496632,"EOD_vs_CN",230,"study_1"
"VWF",-0.045001662658448,0.0205664141388799,4.78784371778831,0.0303326436428921,0.0982820450805513,"EOD_vs_CN",322,"study_1"
"WBP2",0.033389186302394,0.0263960587686167,1.60004979148106,0.208296067305568,0.372331478505444,"EOD_vs_CN",322,"study_1"
"WDR1",0.138827949235608,0.0368870046343855,14.1646887542364,0.000262471636049037,0.00203380121065397,"EOD_vs_CN",322,"study_1"
"CCN5",-0.000327086585121483,0.0517892851664224,3.98883096087647e-05,0.994974955747402,0.997537410181841,"EOD_vs_CN",243,"study_1"
"WSCD1",-0.031273909062753,0.0213217206906096,2.15139343090294,0.144603811604223,0.2939136644145,"EOD_vs_CN",322,"study_1"
"WSCD2",-0.00804463855305104,0.0522282729927747,0.0237247552567855,0.877912943873879,0.925040172456066,"EOD_vs_CN",261,"study_1"
"XXYLT1",-0.0329474590957958,0.0197288031817001,2.78896057131538,0.097522847320089,0.226090650536224,"EOD_vs_CN",322,"study_1"
"XYLT1",-0.0432275084395195,0.0220176314847973,3.85459906240202,0.0519526334619321,0.147618754280404,"EOD_vs_CN",322,"study_1"
"XYLT2",-0.0167387837104349,0.0270853258430654,0.381926388438126,0.537570208792782,0.681804430967337,"EOD_vs_CN",309,"study_1"
"YIPF3",-0.0291357270921037,0.0193273668506367,2.27251281530881,0.134155513992721,0.280801742780649,"EOD_vs_CN",322,"study_1"
"YKT6",0.110023871071487,0.0266564807467275,17.0360229959358,7.0243868177064e-05,0.000664094551894169,"EOD_vs_CN",257,"study_1"
"YWHAB",0.293513170400463,0.0278733123648211,110.886333459149,1.31056332748075e-20,1.28622429425611e-18,"EOD_vs_CN",322,"study_1"
"YWHAE",0.386470007764997,0.0225467650286774,293.807659832608,3.19500234856708e-38,3.29244992019838e-35,"EOD_vs_CN",322,"study_1"
"YWHAG",0.438317062605756,0.0266715315700785,270.072798021609,2.67540635236159e-32,1.10280249844345e-29,"EOD_vs_CN",322,"study_1"
"YWHAH",0.215114877458738,0.0334717025309784,41.3033510451697,8.28691736433342e-10,1.81695071147779e-08,"EOD_vs_CN",322,"study_1"
"TRYP",-0.0919964220716477,0.0389678969332405,5.57349913889771,0.019666735591633,0.071740074432488,"EOD_vs_CN",322,"study_1"
"LYSC",-0.105455322483737,0.0362995488153295,8.43984662106148,0.00431342391068446,0.0222249166998017,"EOD_vs_CN",322,"study_1"
"ABCC2",0.137049180944362,0.13966698755429,0.962864902926143,0.329793583935915,0.497819567583494,"EOD_vs_CN",253,"study_1"
"ACADS",-0.0215867878303441,0.0609178955831026,0.125570106237627,0.723893148416445,0.82931838737426,"EOD_vs_CN",219,"study_1"
"ACTA2",0.0623628303606785,0.0356024110288779,3.06826464329233,0.0823454166697567,0.20277596057485,"EOD_vs_CN",322,"study_1"
"ACTN4",-0.0817195777366298,0.0614144058209496,1.77056436355158,0.18686347426904,0.348529973274653,"EOD_vs_CN",256,"study_1"
"ADD1",0.21416631268427,0.0943788846323275,5.14935268091489,0.0262736943794685,0.0888476485892307,"EOD_vs_CN",205,"study_1"
"ADGRA2",-0.10620221302189,0.0387502045492844,7.51136964057316,0.00729491606603664,0.0342478861323497,"EOD_vs_CN",267,"study_1"
"ADGRA3",-0.0114845431374893,0.0328536024137634,0.122197255656871,0.727525476395585,0.830189530873605,"EOD_vs_CN",228,"study_1"
"ADRA2B",0.0554636045363672,0.0542562465890879,1.04500095830584,0.308729508785721,0.477625512237409,"EOD_vs_CN",307,"study_1"
"C1QTNF6",-0.089359170551001,0.0484120872069039,3.40698831434202,0.0669536101367686,0.174011841729988,"EOD_vs_CN",322,"study_1"
"ARF3",0.0740712386285232,0.0339969840646915,4.74699124467466,0.0304024519568371,0.0982820450805513,"EOD_vs_CN",322,"study_1"
"ASTN2",-0.0416289072415013,0.0369006090731009,1.27269093992206,0.261933712580082,0.42675524239332,"EOD_vs_CN",293,"study_1"
"ATP6V1E1",0.108972351299199,0.0515337855218649,4.47145178602366,0.0368570500208111,0.11371613786361,"EOD_vs_CN",221,"study_1"
"BTN2A2",-0.020087329854319,0.0220601982140534,0.829135674820323,0.364219723210047,0.535036956190952,"EOD_vs_CN",322,"study_1"
"C1orf232",0.103093496248987,0.0271641989168195,14.4035230665575,0.00025840937083735,0.00203380121065397,"EOD_vs_CN",255,"study_1"
"CALCB",-0.104585720350088,0.0696949075489663,2.25186676558268,0.136489220162777,0.28290942615079,"EOD_vs_CN",231,"study_1"
"CCDC40",-0.00932346380053631,0.0291375141609994,0.102388123290385,0.749561289459727,0.843716994853358,"EOD_vs_CN",317,"study_1"
"CD164",0.0457609714470496,0.0377584796960775,1.46879596785146,0.227898350164164,0.392396407425516,"EOD_vs_CN",263,"study_1"
"CD300LF",-0.0400503105857527,0.0772953994699684,0.268475391703536,0.605994212454403,0.740340291564033,"EOD_vs_CN",198,"study_1"
"CD47",-0.0537937424024627,0.0542976745953833,0.981524302087883,0.324145306610746,0.491810467638008,"EOD_vs_CN",208,"study_1"
"CD68",0.113547944771849,0.0739601113870306,2.35702094951075,0.128307793649867,0.274033536489509,"EOD_vs_CN",203,"study_1"
"CD8A",0.0468474615229662,0.065667322493393,0.508948113280012,0.477957541407218,0.6351195956417,"EOD_vs_CN",219,"study_1"
"CENPV",-0.303569222739289,0.152292293110953,3.97337564354577,0.0488540442782511,0.14100602317067,"EOD_vs_CN",231,"study_1"
"CEP128",0.0165214064884702,0.0849358336160388,0.0378366019404052,0.846160503436925,0.903126254574574,"EOD_vs_CN",277,"study_1"
"CISD1",0.00449398710874355,0.0593715965425084,0.00572936102621137,0.939841956461514,0.964290091260314,"EOD_vs_CN",214,"study_1"
"CMBL",0.079571024769706,0.0579516293268451,1.88529189686892,0.172252242725108,0.331405220693716,"EOD_vs_CN",189,"study_1"
"CNNM3",0.0727475726154264,0.0509835584410691,2.03599508429031,0.157237858544166,0.312599177888505,"EOD_vs_CN",239,"study_1"
"COL6A5",-0.0712124784178795,0.0523842177697055,1.84803960960787,0.17660915669485,0.337029140692672,"EOD_vs_CN",322,"study_1"
"COLEC10",-0.0501847898061084,0.0573936770239467,0.764568004996804,0.38405622959331,0.552802470278823,"EOD_vs_CN",201,"study_1"
"CORT",-0.236875757384753,0.0796859898473727,8.83643909325749,0.00406747109516166,0.0212767967693609,"EOD_vs_CN",195,"study_1"
"CPNE4",-0.143044358865197,0.0455144926678993,9.87738674417435,0.00204703018145945,0.0119855943295112,"EOD_vs_CN",296,"study_1"
"CRYGD",0.112417727444447,0.0396347327575946,8.04484599762312,0.00577988635599516,0.0281615739472955,"EOD_vs_CN",226,"study_1"
"CSN1S1",-0.135012869700872,0.10833636306764,1.55310862956502,0.215113427335371,0.379213601909785,"EOD_vs_CN",292,"study_1"
"HTRA4",-0.168821948285514,0.108943166878815,2.40136305388686,0.123718930141522,0.265886042775471,"EOD_vs_CN",303,"study_1"
"DIP2B",-0.037283532419483,0.055053827323354,0.458626423554165,0.500232174967739,0.653742277350534,"EOD_vs_CN",252,"study_1"
"DISP2",-0.16946547433276,0.0524098876513695,10.4552881274005,0.00176380865098576,0.0105982788037366,"EOD_vs_CN",196,"study_1"
"DLG2",0.0930093360151759,0.0466957032851404,3.96733840674402,0.0510349998993758,0.146082989614809,"EOD_vs_CN",189,"study_1"
"DNAH17",-0.137872506565849,0.0642716058121552,4.60168663637698,0.0338657353544008,0.107215484739509,"EOD_vs_CN",246,"study_1"
"DNAJC16",-0.124599238926828,0.0629530395254047,3.91739506332015,0.0514325254500063,0.146576087181907,"EOD_vs_CN",183,"study_1"
"DPP4",-0.0245807590262393,0.0429416812106516,0.327666839023043,0.568137767318399,0.703869755426777,"EOD_vs_CN",314,"study_1"
"DSG1",0.0642154652354589,0.15351879529696,0.174967005555537,0.676765217619362,0.792057418235949,"EOD_vs_CN",266,"study_1"
"DST",0.0164336783741081,0.0369641785319753,0.197654837453555,0.657555440283116,0.778688771897578,"EOD_vs_CN",197,"study_1"
"EEF1A1",-0.0805486836861453,0.0537020711276362,2.24975292104455,0.136215629767277,0.282719449094017,"EOD_vs_CN",311,"study_1"
"EIF4B",0.146999296260935,0.0633282231184387,5.38810320833626,0.0215028011621237,0.0766734830365691,"EOD_vs_CN",216,"study_1"
"EPB41L1",0.290760520003081,0.0540462519835195,28.9427444677907,4.28786223891659e-07,6.797910826467e-06,"EOD_vs_CN",279,"study_1"
"F11R",0.151021620679376,0.0498429326597658,9.18060026897828,0.00325649381341658,0.0176532127190398,"EOD_vs_CN",257,"study_1"
"FAM200B",-0.0750381627075579,0.0763962732956835,0.964761660763803,0.328550764636131,0.496439241873215,"EOD_vs_CN",242,"study_1"
"FLG2",0.0916934455724232,0.18941718937448,0.234335350551806,0.629610093781691,0.757516872903716,"EOD_vs_CN",188,"study_1"
"FZD8",-0.0283585064372239,0.0381686553764293,0.552017678982241,0.458968954284949,0.619380551337099,"EOD_vs_CN",238,"study_1"
"GABRA2",-0.00559272425401469,0.036698095801552,0.0232252156026267,0.879209757288285,0.925933219096145,"EOD_vs_CN",283,"study_1"
"GALNT14",-0.0175579803826865,0.0296908638949754,0.349706295461796,0.555525172200875,0.696055118250549,"EOD_vs_CN",200,"study_1"
"GATD3",0.0130465648201532,0.0502104994302313,0.0675154661122516,0.795643712898573,0.875385454024656,"EOD_vs_CN",235,"study_1"
"GTPBP1",-0.0176522487734423,0.0547926932065964,0.103789825862978,0.748112136322553,0.842556402487002,"EOD_vs_CN",274,"study_1"
"GUSB",0.0470011046647056,0.0444051033488876,1.12034133652468,0.292509893993263,0.460200680549707,"EOD_vs_CN",252,"study_1"
"H2AX",-0.0196934235406681,0.073813170116255,0.0711827442543784,0.79009889119579,0.870798831419531,"EOD_vs_CN",322,"study_1"
"HAUS3",0.0567910484046298,0.0621634682393367,0.834620982692723,0.363099756958551,0.533772181948341,"EOD_vs_CN",249,"study_1"
"HCN2",-0.0380038740509531,0.0474978094522708,0.640189546617498,0.425654117150039,0.58805807284457,"EOD_vs_CN",234,"study_1"
"HEBP1",0.0521954035473337,0.0482806679692942,1.16874019211987,0.281194667016012,0.448562081052633,"EOD_vs_CN",260,"study_1"
"H1-4",-0.162399072770979,0.0723774187176386,5.03455291699609,0.0266739563716059,0.0892281815426897,"EOD_vs_CN",322,"study_1"
"H3C1",-0.0334387349985803,0.0701280620982312,0.227361017053292,0.634480511172123,0.761155025335125,"EOD_vs_CN",302,"study_1"
"HLA-DPB1",-0.0226591334068232,0.0511445743019096,0.196285155531273,0.658438708283003,0.778688771897578,"EOD_vs_CN",311,"study_1"
"HNRNPA1",-0.0584399071537204,0.0723266098273549,0.652864143291109,0.421729032793304,0.585011005950603,"EOD_vs_CN",211,"study_1"
"HNRNPC",0.0520539965466287,0.101368504160584,0.263695113531002,0.609400925194664,0.742741163114254,"EOD_vs_CN",175,"study_1"
"HRAS",-0.0347808981607442,0.0278576622858113,1.55880664024577,0.214679162731524,0.379137750119684,"EOD_vs_CN",243,"study_1"
"HSPD1",0.0473767672809193,0.0453622193943421,1.09079278792837,0.298710064678994,0.465970973908643,"EOD_vs_CN",256,"study_1"
"IGHV1-45",-0.169125850291526,0.0710295483737882,5.66946240127151,0.0186846062186187,0.0691742366850958,"EOD_vs_CN",322,"study_1"
"IGKV1-17",-0.0781383868465646,0.0852089519756485,0.840927266847759,0.361775824355128,0.53258569571137,"EOD_vs_CN",222,"study_1"
"IGKV1D-43",-0.052243157843497,0.0778407623360755,0.450448016574013,0.503361452861967,0.654528677822406,"EOD_vs_CN",304,"study_1"
"IGLC2",-0.0705615998760318,0.0696104861798593,1.02751342382426,0.312801023133484,0.481106648267247,"EOD_vs_CN",322,"study_1"
"IGLV2-14",-0.110378730333289,0.0703288913940466,2.46322024347047,0.118844998985073,0.259745008386252,"EOD_vs_CN",322,"study_1"
"BLTP2",-0.135948858912326,0.13474486424751,1.01795057255806,0.316302402394786,0.485044085815219,"EOD_vs_CN",197,"study_1"
"KRT6A",-0.0251490600476245,0.18138377495438,0.0192241277269705,0.889964887512165,0.933024766101897,"EOD_vs_CN",312,"study_1"
"LAMB4",0.085737091866224,0.0340010708381458,6.3584653201173,0.0132100459435142,0.0539126825536293,"EOD_vs_CN",252,"study_1"
"LEAP2",-0.00731915576071573,0.0591667511669624,0.0153026460564931,0.901775651862197,0.939848185512368,"EOD_vs_CN",297,"study_1"
"LRP10",0.0190983194281701,0.0299951087611137,0.405405301479927,0.526588639134447,0.670765874694744,"EOD_vs_CN",191,"study_1"
"LRRC3B",-0.0656570296187013,0.0428118797556444,2.35198131930526,0.128514118857614,0.274190061040934,"EOD_vs_CN",284,"study_1"
"LTBR",0.0621880331875144,0.0294542127773482,4.45778176783755,0.0372172365751119,0.114484663554187,"EOD_vs_CN",286,"study_1"
"LYPD6",0.0191100784608909,0.0622456204698489,0.094255638458004,0.759651233816863,0.850891952661171,"EOD_vs_CN",216,"study_1"
"MAT2B",0.23231085898539,0.0421275744136953,30.4092782503578,3.20824486041783e-07,5.31828921488561e-06,"EOD_vs_CN",198,"study_1"
"MPST",-0.0155381869246687,0.0647608804869148,0.0575672115949314,0.810774725421294,0.884186155234416,"EOD_vs_CN",228,"study_1"
"MT1L",0.0431326472195998,0.0489421531424944,0.776687084577655,0.380072391759392,0.549319214176793,"EOD_vs_CN",311,"study_1"
"MUC5B",-0.10667484563999,0.0856433597043439,1.55144596562585,0.215274097154026,0.379213601909785,"EOD_vs_CN",277,"study_1"
"NCL",-0.0356526378864905,0.0562033623403692,0.402400712249981,0.527091484748953,0.670991692444466,"EOD_vs_CN",310,"study_1"
"NEK9",-0.0519330961620736,0.05108718410766,1.03339058363889,0.311596353338465,0.47997016758638,"EOD_vs_CN",262,"study_1"
"NKPD1",-0.0164529924349002,0.0459270273331659,0.128337366585717,0.720829590701039,0.82733335910373,"EOD_vs_CN",291,"study_1"
"NOP56",0.0649898375418621,0.0454958130283186,2.04055376324596,0.156106437861385,0.311724762390451,"EOD_vs_CN",271,"study_1"
"NPM1",-0.0307267887860445,0.0383670587248616,0.641382840379172,0.424795085039201,0.587980302394757,"EOD_vs_CN",322,"study_1"
"NRDC",-0.359823083142883,0.0879287651925181,16.7461930098896,9.11974062837566e-05,0.000831023748428151,"EOD_vs_CN",292,"study_1"
"NUP155",-0.112487163366465,0.0764293194029453,2.1661371254058,0.14400839534378,0.292992401582952,"EOD_vs_CN",234,"study_1"
"OPTN",0.124080676916537,0.0450123027339677,7.59881455628357,0.00725968082721681,0.0341602789609449,"EOD_vs_CN",236,"study_1"
"PCDHA9",-0.0717405049023244,0.0392410423302423,3.34231815779141,0.0699536473967049,0.17954479113899,"EOD_vs_CN",255,"study_1"
"PCDHGA9",-0.0379633706851685,0.0250590774903338,2.29508816182894,0.132558471957198,0.278778582350802,"EOD_vs_CN",311,"study_1"
"PDIA2",-0.0657506716512495,0.0887224572222637,0.549203459691726,0.460713082792258,0.620607623290748,"EOD_vs_CN",212,"study_1"
"PGA4",-0.0921395066514,0.0815896773373202,1.27532635277168,0.261629008887159,0.42662841861855,"EOD_vs_CN",202,"study_1"
"PGF",0.0599499424450635,0.0724493052986579,0.68471381441553,0.410070233396178,0.57690266422676,"EOD_vs_CN",289,"study_1"
"PHB2",-0.106738383897347,0.0438303745862339,5.93049414371335,0.0165418180505819,0.0632517384086257,"EOD_vs_CN",242,"study_1"
"PKIA",0.469451620435898,0.0497749220131879,88.952981343649,2.42121506841079e-16,1.38614562666518e-14,"EOD_vs_CN",271,"study_1"
"PLPBP",0.03574281830475,0.0598119137757225,0.357110146381992,0.551888842910922,0.694519395847888,"EOD_vs_CN",209,"study_1"
"POM121",-0.110952358268784,0.0855652023909242,1.68142968759391,0.197937165590391,0.362620887361596,"EOD_vs_CN",210,"study_1"
"PPP2CA",-0.0383900929936508,0.0687340560780292,0.31195674661822,0.577676627592149,0.711650645228583,"EOD_vs_CN",211,"study_1"
"PSMC5",-0.0491489274643173,0.0605167292849157,0.65959475607175,0.418078019342204,0.582989714387201,"EOD_vs_CN",317,"study_1"
"RAB5C",-0.11703921573577,0.0368668903622783,10.078358231767,0.0021174097484798,0.0122583749764519,"EOD_vs_CN",220,"study_1"
"RAC1",-0.0853326960762357,0.0450422671726609,3.58914042171764,0.0603951809033312,0.16210257727891,"EOD_vs_CN",285,"study_1"
"RANBP1",0.0498140095125713,0.0654225535814573,0.579759689333684,0.447942173428362,0.608976793823123,"EOD_vs_CN",210,"study_1"
"RAP1B",-0.178020359724711,0.0494931362272396,12.9374713002593,0.000403756830871107,0.00297193867294768,"EOD_vs_CN",313,"study_1"
"RPL5",-0.146122689263323,0.0689794825665589,4.48740686796969,0.0378230167871158,0.1156003982922,"EOD_vs_CN",187,"study_1"
"S100A1",0.326834085879072,0.0399481565714807,66.9362225291353,4.65064812271829e-13,1.80848788319291e-11,"EOD_vs_CN",242,"study_1"
"SAE1",-0.0716345133132866,0.0701182842749383,1.04371534266858,0.310034777318422,0.478658942562527,"EOD_vs_CN",220,"study_1"
"SELENOW",0.0506815771399743,0.0280155623956126,3.27266500048155,0.0740188814625694,0.188569733861997,"EOD_vs_CN",194,"study_1"
"SPINK2",0.0349193005590575,0.10177513987224,0.117719296049151,0.732417343686272,0.831332091815959,"EOD_vs_CN",239,"study_1"
"SULF1",0.0560240609246672,0.0485254729117648,1.33293698387914,0.251155791860671,0.418119617952215,"EOD_vs_CN",267,"study_1"
"TMEM198",-0.0463521078847314,0.0420788812886422,1.21341848638906,0.27259815367736,0.439956769560719,"EOD_vs_CN",322,"study_1"
"TNFRSF6B",-0.139005385030312,0.104056341544426,1.78453941490742,0.186117523956863,0.3476435755186,"EOD_vs_CN",203,"study_1"
"TPR",-0.0729909537445955,0.0618186590617999,1.39411601499645,0.239664556681946,0.405208081477842,"EOD_vs_CN",322,"study_1"
"TUBA1A",-0.051976756013126,0.0492681357185459,1.11297672736393,0.293519932631604,0.461085808806201,"EOD_vs_CN",316,"study_1"
"TUBB3",-0.000666569242161796,0.0571552828940718,0.000136012174043476,0.990715172356342,0.995060414340361,"EOD_vs_CN",310,"study_1"
"UBE2D3",0.086797376513826,0.0497008995890191,3.04989366716192,0.0842134017019228,0.205680994981937,"EOD_vs_CN",214,"study_1"
"UTS2",0.00900583098229385,0.0199655135973879,0.203463546829316,0.65264566702105,0.775722445057892,"EOD_vs_CN",322,"study_1"
"VSTM2L",-0.0687943388651878,0.0560707221579083,1.50533480608538,0.224510798724379,0.388837610227684,"EOD_vs_CN",202,"study_1"
"WDR41",-0.151606211017368,0.0704574279021059,4.62999389039029,0.0335958320377472,0.106688767072106,"EOD_vs_CN",250,"study_1"
"ZNF513",0.108239186504941,0.190526900032563,0.322742706373851,0.571296052757157,0.70632343415267,"EOD_vs_CN",198,"study_1"
"ZNF587B",-0.0745546259530398,0.0472432627162778,2.49040181868564,0.117076112090841,0.257242928591922,"EOD_vs_CN",313,"study_1"
"ZNF799",0.0417085473565336,0.0315361151945172,1.74917693486259,0.188564124000781,0.350433417101542,"EOD_vs_CN",297,"study_1"
