"Protein","Log2FC","SE","F_value","P_value","FDR","Comparison","N","Study"
"MT3",0.0551467767991201,0.0241621161708621,5.20919160374044,0.0230632918503916,0.064583484379969,"LOAD_vs_CN",402,"study_1"
"NFASC",-0.031629845328393,0.0129198542277115,5.99347791205705,0.0148244083527354,0.0452123621096023,"LOAD_vs_CN",402,"study_1"
"ALDOA",0.25130510622958,0.0171096137711245,215.735797322839,1.10870300981546e-37,1.52335793548644e-35,"LOAD_vs_CN",402,"study_1"
"LSAMP",0.0136453512354928,0.0171268884905651,0.634764306289987,0.426149625359101,0.555530915790706,"LOAD_vs_CN",402,"study_1"
"PARK7",0.192693840433642,0.0178309838278928,116.784458829285,4.87489328512949e-24,2.79087640573663e-22,"LOAD_vs_CN",402,"study_1"
"YWHAZ",0.406751307095472,0.0201542553187579,407.30937135438,9.81035808152891e-60,1.01095740030155e-56,"LOAD_vs_CN",402,"study_1"
"CXCL16",0.0305981494067054,0.0192187100340597,2.53478922973292,0.112524100876344,0.211213271317073,"LOAD_vs_CN",402,"study_1"
"SELENBP1",-0.113711160554578,0.0226495522306865,25.2050139844869,8.07408092929202e-07,9.90516714004218e-06,"LOAD_vs_CN",402,"study_1"
"PROCR",-0.0103313655302979,0.0245148957134258,0.177605068150772,0.673747725126311,0.769304189188547,"LOAD_vs_CN",402,"study_1"
"NCAN",0.048365401914967,0.0248852356838542,3.77734007060167,0.0527341832798636,0.120360079446067,"LOAD_vs_CN",402,"study_1"
"NICOL1",-0.000797365969299579,0.0257491920321518,0.000958932815376453,0.975313625626331,0.981504581257748,"LOAD_vs_CN",402,"study_1"
"DPP7",-0.0624895822447155,0.0343228404284653,3.31473489469125,0.0697370582266283,0.146961223931576,"LOAD_vs_CN",402,"study_1"
"ICOSLG",-0.0132819071856956,0.0227844613815701,0.339815628930811,0.560330184775129,0.681724032362184,"LOAD_vs_CN",402,"study_1"
"PAPLN",0.0105409105884902,0.0226762809213886,0.216079020230868,0.642391424260098,0.747160680248342,"LOAD_vs_CN",402,"study_1"
"FOLR2",-0.0198505152184469,0.0195154331094905,1.03463503015149,0.309853705545326,0.443786300992993,"LOAD_vs_CN",402,"study_1"
"GC",-0.158485323633683,0.0360894579324674,19.2848996862013,1.49496823958617e-05,0.000148131227970533,"LOAD_vs_CN",402,"study_1"
"HBA1",-0.251426975269384,0.139651233918956,3.24141163552482,0.0726287839739042,0.151813310111782,"LOAD_vs_CN",402,"study_1"
"IGLV3-19",-0.0875936671210886,0.0561138197264685,2.43672069555876,0.119474213385853,0.220641894075486,"LOAD_vs_CN",402,"study_1"
"FBLN5",-0.0130499824620464,0.0127704448903034,1.04425797709791,0.307778747796208,0.442043205022986,"LOAD_vs_CN",402,"study_1"
"LAMP2",0.00574438254616371,0.0240723963783225,0.0569440111999074,0.811530810627258,0.87155716025409,"LOAD_vs_CN",402,"study_1"
"NUCB2",-0.0580338017701556,0.021063487376951,7.59104367827431,0.00616416883971807,0.0232279242659397,"LOAD_vs_CN",402,"study_1"
"PDGFB",-0.0440222243811691,0.0151868296250291,8.4025232825377,0.00399274525354507,0.0164580959351128,"LOAD_vs_CN",402,"study_1"
"ITIH2",-0.128815987489891,0.0460846810618945,7.8131535919864,0.00546622086747373,0.0211367377258224,"LOAD_vs_CN",402,"study_1"
"CSF1R",0.000458001963714809,0.0201687441598966,0.000515676055477946,0.981897142558089,0.986021543037544,"LOAD_vs_CN",402,"study_1"
"PGLYRP2",-0.135827469071437,0.0384649912135718,12.4693536285753,0.000467822017266397,0.00281102384135873,"LOAD_vs_CN",402,"study_1"
"IGHM",-0.106847388733276,0.0956181454520492,1.24866860744012,0.264715044239389,0.395346163896652,"LOAD_vs_CN",402,"study_1"
"LAMA2",-0.032194113781137,0.010911089745692,8.70596051940385,0.00339119538030701,0.0146218696209472,"LOAD_vs_CN",402,"study_1"
"APLP2",0.00933923490674116,0.0196237616630085,0.226494717377203,0.634424454408648,0.743213681272996,"LOAD_vs_CN",402,"study_1"
"AGA",0.00137946786039056,0.0219632914044602,0.00394483030171428,0.949957936371583,0.966969448075319,"LOAD_vs_CN",402,"study_1"
"CFI",-0.116296445474888,0.0330931189851625,12.3497305007179,0.000501458924134249,0.00297840588657259,"LOAD_vs_CN",402,"study_1"
"CD44",0.0277278574447039,0.0174701513916102,2.51906450313515,0.11353074278819,0.212908881607334,"LOAD_vs_CN",402,"study_1"
"IGSF8",-0.000795055116403015,0.0133244393415216,0.00356038190633611,0.952454611036797,0.967902802728077,"LOAD_vs_CN",402,"study_1"
"CNTNAP4",-0.0331296195927496,0.0224794160235066,2.17201514264904,0.141440292637842,0.249152515492815,"LOAD_vs_CN",402,"study_1"
"C1QC",-0.00118082732306202,0.0175381830086358,0.00453318655743541,0.946354376833812,0.964607502796482,"LOAD_vs_CN",402,"study_1"
"C1R",-0.0303874021042067,0.0158435948515917,3.67857562721999,0.0559966008909831,0.125444559169909,"LOAD_vs_CN",402,"study_1"
"CPN2",-0.117747673437438,0.0454437372013707,6.71361743576388,0.00996599210070557,0.0337827462492667,"LOAD_vs_CN",402,"study_1"
"AMBP",-0.134574771015274,0.0365253747414953,13.5749406108246,0.000265326468505283,0.00174708578782552,"LOAD_vs_CN",402,"study_1"
"C5",-0.0783339436947675,0.0450732849881358,3.02037982630939,0.0831289308077135,0.167313209369822,"LOAD_vs_CN",402,"study_1"
"HEXA",-0.0575442081140864,0.0195503823474861,8.66348694456161,0.00347083917191687,0.0148719325017062,"LOAD_vs_CN",402,"study_1"
"DBI",0.0393237707508461,0.0170293759146084,5.33227877288785,0.0214803553738075,0.0610563203970234,"LOAD_vs_CN",402,"study_1"
"C1QA",0.0129728220272007,0.0182827350072959,0.503485063286962,0.47839132433242,0.602589060136232,"LOAD_vs_CN",402,"study_1"
"NRXN3",-0.0210843025751299,0.0156908512126511,1.80561632042318,0.179878789514793,0.299813877229853,"LOAD_vs_CN",402,"study_1"
"IGHV3-30",-0.0901240536975164,0.0464972677139839,3.75687346890542,0.0533823529620018,0.12157019829247,"LOAD_vs_CN",402,"study_1"
"C6",-0.123412786332057,0.0428498640190153,8.29509605027683,0.00423932663363172,0.0172332390373076,"LOAD_vs_CN",402,"study_1"
"CLEC3B",0.0166996714087381,0.0130413874218148,1.63971457946289,0.201268865759447,0.323865623201854,"LOAD_vs_CN",402,"study_1"
"SPARCL1",0.0185330890574557,0.0229491535356521,0.652172200063581,0.419911283140504,0.549483907652431,"LOAD_vs_CN",402,"study_1"
"GAP43",0.286623366336186,0.0210884551023333,184.728393790367,6.10174398489704e-34,6.61878650151199e-32,"LOAD_vs_CN",402,"study_1"
"MCAM",-0.0343942618568965,0.0185369023522041,3.44268797362128,0.0644300438586575,0.138323250409055,"LOAD_vs_CN",402,"study_1"
"SCG2",-0.0925435519208915,0.0213051750225654,18.8678370025658,1.83897113109343e-05,0.000178779221753942,"LOAD_vs_CN",402,"study_1"
"LMAN1",0.0237367578433142,0.0149850590435688,2.50914570617928,0.114176547777731,0.213211488271274,"LOAD_vs_CN",402,"study_1"
"HBD",-0.28073148228011,0.111197182119589,6.37374484828883,0.0120057308070146,0.0389666318004048,"LOAD_vs_CN",402,"study_1"
"ADGRB2",-0.0298701689015092,0.0227935395883766,1.71732231590809,0.190902803404174,0.313969175019459,"LOAD_vs_CN",402,"study_1"
"LTBP4",-0.0328241777128567,0.0163108889598789,4.04978948285777,0.0451148238341141,0.107617652687626,"LOAD_vs_CN",402,"study_1"
"IGHG3",-0.180478070909468,0.0593288939363519,9.2537204744992,0.00252103956773157,0.0113446780547921,"LOAD_vs_CN",402,"study_1"
"PON1",-0.108067472123746,0.055353729945045,3.81150245831033,0.0516874026689694,0.118627769377223,"LOAD_vs_CN",402,"study_1"
"AXL",0.00475786189288341,0.0129976673236223,0.133996307000878,0.714539210820754,0.80341806519453,"LOAD_vs_CN",402,"study_1"
"CADM1",-0.0313758891274825,0.0131334053260797,5.70738786884091,0.0174262513509465,0.0513812647128767,"LOAD_vs_CN",402,"study_1"
"APOD",-0.0361850714254943,0.0259675600864654,1.94176459435565,0.164394367191408,0.279782651347227,"LOAD_vs_CN",402,"study_1"
"SPON1",0.147222975870132,0.0143778843663596,104.848256020651,1.56690173382295e-21,7.5101964497886e-20,"LOAD_vs_CN",402,"study_1"
"MGAT1",0.0128821205115724,0.0130186650531272,0.979133271138876,0.323150591459181,0.455238119615429,"LOAD_vs_CN",402,"study_1"
"SERPINF2",-0.141930931688863,0.036365798745006,15.2323828051069,0.000113960080730784,0.000854079005040528,"LOAD_vs_CN",402,"study_1"
"CP",-0.113720645039466,0.0333080315967181,11.6568361730864,0.000716733540686949,0.00400321904432467,"LOAD_vs_CN",402,"study_1"
"PCSK1",-0.0883782180395451,0.0303882775974418,8.45820703388563,0.00388756358730248,0.0161965403378674,"LOAD_vs_CN",402,"study_1"
"CPB2",-0.115576559567951,0.0348094424330536,11.0241570353306,0.000990208859712111,0.00530083236329003,"LOAD_vs_CN",402,"study_1"
"SPARC",-0.0596569606533196,0.0150017717124774,15.8138327902514,8.43821739117661e-05,0.000671473592402123,"LOAD_vs_CN",402,"study_1"
"LYVE1",-0.0679057007280567,0.0214592216897901,10.0134685349758,0.00168917609900902,0.00836929416844472,"LOAD_vs_CN",402,"study_1"
"IGKC",-0.0729919492804458,0.0487319131055231,2.24348412791661,0.135099763861,0.240865582454602,"LOAD_vs_CN",402,"study_1"
"IGHG4",-0.0991343522234361,0.0779468235701501,1.6175268652584,0.204316853799066,0.327701973291731,"LOAD_vs_CN",402,"study_1"
"CNDP1",0.00829575115706305,0.0231844575006644,0.128031713016453,0.720718924740807,0.808161971648968,"LOAD_vs_CN",402,"study_1"
"EFNB2",-0.00257639730290245,0.0141095827494771,0.0333424362766889,0.855222973915436,0.903570947155235,"LOAD_vs_CN",402,"study_1"
"PRRT2",0.086477815355112,0.020798669042386,17.2877443208526,4.0354542735807e-05,0.000352418273637705,"LOAD_vs_CN",402,"study_1"
"RNASET2",-0.0312415360720963,0.0181928069494522,2.94893592177755,0.0869369408473737,0.172784026119997,"LOAD_vs_CN",402,"study_1"
"PNOC",-0.09172443402927,0.0238208596542978,14.8270659959467,0.000141210762352042,0.00102633520564211,"LOAD_vs_CN",402,"study_1"
"PLTP",-0.0239070356161446,0.013099540890279,3.33072906885382,0.0688337570510922,0.145648801315164,"LOAD_vs_CN",402,"study_1"
"ATRN",-0.0616136001034893,0.0150955899770677,16.6591557604503,5.61427533500767e-05,0.000476173722858058,"LOAD_vs_CN",402,"study_1"
"LGALS1",0.0155100372116254,0.0164239053100364,0.891810978880529,0.345681262729594,0.481709994919333,"LOAD_vs_CN",402,"study_1"
"OMG",-0.00478538379636136,0.0202960405323254,0.0555918217773014,0.813730804439588,0.872696167088197,"LOAD_vs_CN",402,"study_1"
"IGLL5",-0.0747363923773743,0.0578679788181258,1.66796768523879,0.197468238153577,0.319703094135525,"LOAD_vs_CN",402,"study_1"
"FAT2",-0.0522009004655252,0.0262400766774618,3.95754434340054,0.0474365470590844,0.111478590067016,"LOAD_vs_CN",402,"study_1"
"AHSG",-0.163753562157189,0.0393384102956867,17.3279785132588,3.98411933876619e-05,0.000350908972529791,"LOAD_vs_CN",402,"study_1"
"IGFBP6",-0.0761983025252498,0.0214720846281405,12.5933760767747,0.000441553660456123,0.00266874514428173,"LOAD_vs_CN",402,"study_1"
"CFHR2",-0.0821872231934946,0.0480304316483194,2.92803076545534,0.0879045840725527,0.174035876823757,"LOAD_vs_CN",402,"study_1"
"IGHV3-72",-0.0948214389377159,0.046990144536873,4.0719226668086,0.0443193680718569,0.106408651445798,"LOAD_vs_CN",402,"study_1"
"NPPC",-0.0235043725719106,0.0192386876651311,1.49261030982928,0.222605116754565,0.350220721855846,"LOAD_vs_CN",402,"study_1"
"CPE",0.00974393216210628,0.0200527567842358,0.236113234530295,0.627337310224709,0.738493728505705,"LOAD_vs_CN",402,"study_1"
"HSPA8",0.123782664177492,0.0187889002371974,43.4027183536014,1.5020579150212e-10,3.06509045827594e-09,"LOAD_vs_CN",402,"study_1"
"C4BPA",-0.135253163945873,0.0704788660668352,3.68279080609556,0.0557564268855476,0.1250424328739,"LOAD_vs_CN",402,"study_1"
"VTN",-0.135956348053274,0.0372671670170302,13.3090244030146,0.000303627519407003,0.00196168124607471,"LOAD_vs_CN",402,"study_1"
"SEMA6A",-0.0406946732917865,0.0167265589001741,5.91918514002278,0.015455972734104,0.0467078589515958,"LOAD_vs_CN",402,"study_1"
"WFDC1",-0.0354626283487028,0.037054877456143,0.915906368049471,0.339214232669296,0.474946014627322,"LOAD_vs_CN",402,"study_1"
"NPTX1",-0.0435978657149788,0.0257508098213276,2.86647841530871,0.0912631685160299,0.178966118279294,"LOAD_vs_CN",402,"study_1"
"PTN",0.040502441608711,0.0261743454255145,2.39447744251412,0.122668119553853,0.225128222974614,"LOAD_vs_CN",402,"study_1"
"DCN",-0.0397633607335011,0.0259200316047751,2.35339655170465,0.125923954471427,0.230272120055255,"LOAD_vs_CN",402,"study_1"
"MEGF10",0.0175322170415058,0.0151433727181643,1.34038158804585,0.247807158795168,0.377308134099833,"LOAD_vs_CN",402,"study_1"
"PSAP",0.00496147036708516,0.0168693722135885,0.0865013652615713,0.768843595931062,0.839738553902447,"LOAD_vs_CN",402,"study_1"
"IGLV3-21",-0.102483353572979,0.0488333998634312,4.40425781430647,0.0365443392989651,0.092075651950082,"LOAD_vs_CN",402,"study_1"
"GGH",-0.0453756593921142,0.0186863888563074,5.89651128678695,0.0157102062290129,0.0472658469158419,"LOAD_vs_CN",402,"study_1"
"F10",-0.0374665308301895,0.0200415125865539,3.49482933404837,0.06232504020303,0.135212534587837,"LOAD_vs_CN",402,"study_1"
"KRT2",-0.0271021108199175,0.079923580054831,0.114989020641043,0.734726764457369,0.81764139392367,"LOAD_vs_CN",402,"study_1"
"GALNT2",-0.00711652705155004,0.00953588097721358,0.556947893375856,0.456007156804073,0.582660105501051,"LOAD_vs_CN",402,"study_1"
"NTNG1",-0.0521571597950478,0.0191724343454377,7.40070936855971,0.0068396784964587,0.025027409216791,"LOAD_vs_CN",402,"study_1"
"CD55",-0.0121545572186646,0.0161579583600994,0.565855205802729,0.452471743189274,0.579220038952233,"LOAD_vs_CN",402,"study_1"
"CD99L2",0.0384755604265213,0.019551593076637,3.87262646667235,0.0498607829022452,0.1158546488856,"LOAD_vs_CN",402,"study_1"
"IGHA1",-0.112148616066609,0.0657284990806963,2.91125606915726,0.0889572541634635,0.175613889684768,"LOAD_vs_CN",402,"study_1"
"ACYP2",0.119388388553891,0.0171483571747355,48.470682999996,1.69424703826951e-11,3.83719027019061e-10,"LOAD_vs_CN",402,"study_1"
"EFEMP2",-0.00783317307771471,0.0110080859962639,0.506351170064297,0.477263654642577,0.601614918787983,"LOAD_vs_CN",402,"study_1"
"CHI3L1",0.249797758445431,0.0290259007821223,74.0637437847652,3.3253442835806e-16,1.07086477632181e-14,"LOAD_vs_CN",402,"study_1"
"FAM3C",0.00657573116786392,0.0198976126021297,0.109215972577307,0.7412445919612,0.82016060122,"LOAD_vs_CN",402,"study_1"
"IGKV1-5",-0.0717424696805806,0.0482085371301683,2.21464815721267,0.137622297400798,0.243886117749824,"LOAD_vs_CN",402,"study_1"
"CRTAC1",0.0284018261657846,0.0163258189624923,3.02651323477596,0.0828047632766421,0.166823672642384,"LOAD_vs_CN",402,"study_1"
"IL6ST",-0.00373324811060091,0.0155018983904784,0.0579967872186628,0.809831463708503,0.870740188014147,"LOAD_vs_CN",402,"study_1"
"CTSH",-0.00475510815523032,0.0309773551531431,0.023563083866217,0.87809748867431,0.919592949267151,"LOAD_vs_CN",402,"study_1"
"SEMA6D",-0.0187042362085715,0.013911578290633,1.80770328989176,0.179586209565424,0.299698119768696,"LOAD_vs_CN",402,"study_1"
"TIMP1",-0.0148375617559216,0.0205723837850299,0.520182627300915,0.471337630920321,0.597438331217125,"LOAD_vs_CN",402,"study_1"
"IDS",0.0127671424528446,0.0165060845367354,0.598272827303451,0.439751217263078,0.567910441789063,"LOAD_vs_CN",402,"study_1"
"SELL",-0.0373277355588894,0.0263593356554213,2.00536933117391,0.157753058764177,0.272530640497041,"LOAD_vs_CN",402,"study_1"
"PROS1",-0.0933258775657225,0.0180111023182721,26.8487195214317,3.52029446457103e-07,4.71125122823435e-06,"LOAD_vs_CN",402,"study_1"
"CYCS",0.0676789830159273,0.0166643534336481,16.4941793393439,6.085407259931e-05,0.000509838388728366,"LOAD_vs_CN",402,"study_1"
"ADAMTS4",-0.0146064279703213,0.0146870759646098,0.989047980421141,0.320790560373483,0.453774430288091,"LOAD_vs_CN",402,"study_1"
"NELL2",-0.0104589542722083,0.0230631471737397,0.205655054393993,0.650471020283114,0.752734852781301,"LOAD_vs_CN",402,"study_1"
"TAFA5",0.0208346968558573,0.017079995589904,1.48798606241628,0.223392174661117,0.350923225591892,"LOAD_vs_CN",402,"study_1"
"TNFRSF21",0.00765844458469041,0.0196948845027527,0.151207826861991,0.697633114728473,0.789578171035356,"LOAD_vs_CN",402,"study_1"
"IGKV1D-33",-0.0822510879195078,0.0457971629470369,3.22556762805251,0.0733266030485578,0.152652655437452,"LOAD_vs_CN",402,"study_1"
"CTSB",0.0288608095086589,0.0190961410838978,2.28415613688395,0.131775664808124,0.236821611569147,"LOAD_vs_CN",402,"study_1"
"LAMP1",0.0383677771204874,0.0159163374814049,5.81094813169569,0.0164215671582969,0.0488381672629869,"LOAD_vs_CN",402,"study_1"
"IGFBP7",-0.0564365559478526,0.0274485360317639,4.22749043227817,0.0405098895650787,0.0996311245747342,"LOAD_vs_CN",402,"study_1"
"COL3A1",-0.0809157749241629,0.0188382694269874,18.4494909376672,2.38713461001813e-05,0.000226722784850109,"LOAD_vs_CN",402,"study_1"
"KIT",-0.0386633208189558,0.0194062831360916,3.96929684960514,0.0470478494307925,0.110817848773558,"LOAD_vs_CN",402,"study_1"
"HSPG2",0.00717860500941109,0.013461616981036,0.284371229848001,0.594236373956252,0.708750675187404,"LOAD_vs_CN",402,"study_1"
"IGFBP2",0.00102851718168484,0.0155594009181116,0.00436955650143703,0.94733829431345,0.96513308184875,"LOAD_vs_CN",402,"study_1"
"PRELP",-0.00670064082939992,0.0199177675886801,0.113175222682751,0.736761506675818,0.819108844136381,"LOAD_vs_CN",402,"study_1"
"C1QB",0.0059615251378401,0.0168082504501727,0.125796841761631,0.723021870143335,0.809863083894246,"LOAD_vs_CN",402,"study_1"
"GDA",0.337176762040583,0.0239713869151549,197.846762463463,6.97911433891372e-36,7.99108591805621e-34,"LOAD_vs_CN",402,"study_1"
"NTM",-0.000853907262315944,0.0172522194850333,0.00244980470842046,0.960552616304968,0.972825033024343,"LOAD_vs_CN",402,"study_1"
"NECTIN1",0.017858795184101,0.0167663275885349,1.13456248265583,0.287579228842325,0.419462696846448,"LOAD_vs_CN",402,"study_1"
"ALCAM",0.00924800492416755,0.0115924848723264,0.636418841941536,0.425531417688141,0.55507610876915,"LOAD_vs_CN",402,"study_1"
"APOC3",-0.297971212890195,0.0457197375939617,42.4757600990611,2.35801989394306e-10,4.71832912758897e-09,"LOAD_vs_CN",402,"study_1"
"WFIKKN2",-0.0244914583473716,0.027837324764385,0.774059419102358,0.379578131254554,0.514000651037007,"LOAD_vs_CN",402,"study_1"
"TGFBI",-0.0330135293819025,0.0150160227354288,4.83363750432307,0.0285775221180269,0.0760422672638976,"LOAD_vs_CN",402,"study_1"
"DNER",0.0133768617245361,0.0148376488396314,0.812789900749795,0.367953969037675,0.502220616017648,"LOAD_vs_CN",402,"study_1"
"CDH2",0.0182750960173965,0.0141466501985859,1.66883002544971,0.197257775119982,0.319613423366575,"LOAD_vs_CN",402,"study_1"
"C1S",-0.0342303762514763,0.0134340073099854,6.49250339015461,0.0113157019970689,0.0370773637773592,"LOAD_vs_CN",402,"study_1"
"CHGB",-0.0819150361157608,0.0209246266919264,15.325399936471,0.000109172532669306,0.000821184634421316,"LOAD_vs_CN",402,"study_1"
"ALDOC",0.119983614898267,0.0166862794745706,51.7040851647857,5.0851094028344e-12,1.20464488267146e-10,"LOAD_vs_CN",402,"study_1"
"LYNX1",-0.0256552830334714,0.0191388904342776,1.79688427484769,0.181066032376282,0.301435454545653,"LOAD_vs_CN",402,"study_1"
"ICAM5",0.00711493493660984,0.0246722860096407,0.083161647443389,0.773215695672079,0.842727418709759,"LOAD_vs_CN",402,"study_1"
"HPX",-0.0975072673846508,0.0345735881428326,7.95399040779871,0.00507289367983638,0.0197268563663071,"LOAD_vs_CN",402,"study_1"
"LAMB1",-0.0444981739379693,0.0104600914779921,18.0972844792912,2.70254681048041e-05,0.000252033890334848,"LOAD_vs_CN",402,"study_1"
"MOG",0.00201186883841625,0.02041020600084,0.00971638135030359,0.92154003936847,0.948496225605171,"LOAD_vs_CN",402,"study_1"
"STC2",-0.0467816555429211,0.0116649080822315,16.083795101895,7.38548356097659e-05,0.000606433530644333,"LOAD_vs_CN",402,"study_1"
"CHGA",0.0199931996952856,0.0338270599020176,0.349330175988285,0.554898277416998,0.676313039477489,"LOAD_vs_CN",402,"study_1"
"HYOU1",-0.012498164391844,0.0104684041285636,1.42538277219417,0.233238560013295,0.360618658805253,"LOAD_vs_CN",402,"study_1"
"IGHG2",-0.0760670951691222,0.0550211229893371,1.91132598137385,0.16776630580954,0.284397675366416,"LOAD_vs_CN",402,"study_1"
"ITIH5",-0.0176267234847697,0.0177132798799203,0.990250826982161,0.320430123709011,0.453575882530407,"LOAD_vs_CN",402,"study_1"
"GPI",0.224768272253195,0.0218450875668589,105.867445656221,5.21354530505635e-21,2.4420720167548e-19,"LOAD_vs_CN",402,"study_1"
"APCS",-0.180542831525966,0.0622725510331385,8.40557029238594,0.00397273469553758,0.016408429273553,"LOAD_vs_CN",402,"study_1"
"MST1",-0.121503070725711,0.047381605392469,6.57589643610339,0.0107716655765153,0.0357100491672694,"LOAD_vs_CN",402,"study_1"
"GPR158",-0.0303165133816879,0.0206255849625328,2.16045864117067,0.142565283356419,0.250542243110138,"LOAD_vs_CN",402,"study_1"
"HP",0.0730106178281674,0.0913968715588166,0.638130328942257,0.424982275550583,0.554710873913712,"LOAD_vs_CN",402,"study_1"
"COL18A1",-0.0207209722126751,0.0144516445094546,2.05582298186616,0.152708532112144,0.26604588730611,"LOAD_vs_CN",402,"study_1"
"RTN4R",-0.0735957474566795,0.0192942871470921,14.5494965433121,0.000161376904326576,0.00113903356101738,"LOAD_vs_CN",402,"study_1"
"GRIA4",-0.0189743441173725,0.0248034430054407,0.585207124951261,0.44475176882433,0.571894574201034,"LOAD_vs_CN",402,"study_1"
"MEGF8",-0.0086444624884163,0.0196068638720602,0.194383644722372,0.659550871079077,0.760254108106252,"LOAD_vs_CN",402,"study_1"
"SERPIND1",-0.103149013277488,0.0258145430981594,15.9661891621032,7.78539492505327e-05,0.000631720430729716,"LOAD_vs_CN",402,"study_1"
"COCH",0.00670707028300893,0.0230319417320404,0.0848017097159897,0.77109283466153,0.841303510977985,"LOAD_vs_CN",402,"study_1"
"CBLN1",-0.0373636772872888,0.0233295205885575,2.5650013388493,0.110119877309934,0.207077615999793,"LOAD_vs_CN",402,"study_1"
"CD59",-0.00568560277341422,0.0151206278696882,0.141388269214206,0.707139206854118,0.796836470927467,"LOAD_vs_CN",402,"study_1"
"KRT10",7.7567437538173e-05,0.0896205079225335,7.49107400290432e-07,0.99930988156376,0.99930988156376,"LOAD_vs_CN",402,"study_1"
"ATP6AP1",0.00532637489310578,0.0161240853943465,0.109122242495306,0.741367879705415,0.82016060122,"LOAD_vs_CN",402,"study_1"
"SERPINI1",0.00677225891237732,0.0216320753584285,0.0980100774592163,0.754412417635956,0.829692632202618,"LOAD_vs_CN",402,"study_1"
"TGFBR3",0.0224345427262006,0.00981259141672343,5.22717466598717,0.0228982041703918,0.0642084337349353,"LOAD_vs_CN",402,"study_1"
"PTPRG",-0.0337071227004843,0.0146625922840876,5.28471835524096,0.0220644780067101,0.062209150713857,"LOAD_vs_CN",402,"study_1"
"CLSTN2",0.000340269021773282,0.0164565625341693,0.000427529981764519,0.983516292413852,0.986387872829659,"LOAD_vs_CN",402,"study_1"
"ART3",0.00460648321137783,0.0247169567649135,0.034733535299887,0.852267857266289,0.901243742342648,"LOAD_vs_CN",402,"study_1"
"KRT1",0.0283054017540275,0.0953486209980792,0.088127168015395,0.766758383831702,0.837905105555216,"LOAD_vs_CN",402,"study_1"
"L1CAM",0.0532813533386226,0.0175027698862154,9.26695232122229,0.00251785266524001,0.0113446780547921,"LOAD_vs_CN",402,"study_1"
"NRXN2",-0.0369885276804494,0.0162452307051605,5.18420686354687,0.0233541799012854,0.0650445469953367,"LOAD_vs_CN",402,"study_1"
"B2M",0.0495654759021166,0.0162086659053235,9.35112838352423,0.00241279948963171,0.0110261191754566,"LOAD_vs_CN",402,"study_1"
"C3",-0.0534819461297263,0.0282435305551309,3.58572051354849,0.0590865525332511,0.130182061159486,"LOAD_vs_CN",402,"study_1"
"APLP1",0.00166803025814659,0.0203571972383681,0.00671385380224854,0.934740315512202,0.95655401701621,"LOAD_vs_CN",402,"study_1"
"LUM",-0.129267100584352,0.0251192881591907,26.4826450486434,4.38641435911373e-07,5.7217721481857e-06,"LOAD_vs_CN",402,"study_1"
"BCAN",0.0153847859419229,0.0189678027572497,0.657883306258637,0.417815595931989,0.547088909285788,"LOAD_vs_CN",402,"study_1"
"CARTPT",-0.00963485727030455,0.0247259626933432,0.151839285554267,0.697016127143944,0.789313317606411,"LOAD_vs_CN",402,"study_1"
"B3GNT2",-0.0272462716821773,0.0102979601441061,7.00022101949652,0.00859374308008114,0.0301732614787858,"LOAD_vs_CN",402,"study_1"
"NBL1",-0.000637088469008315,0.0169320197989902,0.00141573495148846,0.970008573717271,0.979939636350844,"LOAD_vs_CN",402,"study_1"
"PKM",0.271708875694447,0.0184820792147031,216.125492615982,4.68413611480203e-38,8.04500377717248e-36,"LOAD_vs_CN",402,"study_1"
"RBP4",-0.155118839873787,0.0294192511871088,27.8013488512045,2.32713282387766e-07,3.24068969595396e-06,"LOAD_vs_CN",402,"study_1"
"LRG1",-0.11868183608777,0.0420637448119043,7.96072542753079,0.00506988542337706,0.0197268563663071,"LOAD_vs_CN",402,"study_1"
"SOD1",0.129904661957564,0.0148817123210599,76.1980161406508,1.7313123107921e-16,5.75521721377825e-15,"LOAD_vs_CN",402,"study_1"
"AGRN",0.00431032952058368,0.011650374653764,0.136880367432416,0.711640525195732,0.800633226627542,"LOAD_vs_CN",402,"study_1"
"SPOCK3",0.000735868234608972,0.0139239996241288,0.00279300752831857,0.957885773064485,0.970601070937023,"LOAD_vs_CN",402,"study_1"
"COL1A1",-0.0818718139243814,0.01997727548803,16.7956303551729,5.20449041226689e-05,0.000443241931391821,"LOAD_vs_CN",402,"study_1"
"COL6A3",-0.0213125927138393,0.0127799495496148,2.7810851904581,0.0963319497552854,0.186167297636341,"LOAD_vs_CN",402,"study_1"
"DDR1",-0.0396177195438843,0.0212510962540456,3.47549181286712,0.063091979535458,0.136531174938612,"LOAD_vs_CN",402,"study_1"
"PTPRD",0.0252088155408705,0.0149793913052812,2.83215194110856,0.0933572189353134,0.182378415379792,"LOAD_vs_CN",402,"study_1"
"GASK1B",-0.0265319571870644,0.0143990730833468,3.39523237685741,0.0662936293883502,0.141451678814726,"LOAD_vs_CN",402,"study_1"
"TPP1",-0.047871737472939,0.0250949101664797,3.63904218150686,0.0572490565718477,0.127219804186483,"LOAD_vs_CN",402,"study_1"
"VSTM2A",0.0795773762186062,0.0325107283684884,5.99136575013064,0.0148614578330508,0.0452429314533497,"LOAD_vs_CN",402,"study_1"
"CLIC4",0.0533647137761255,0.0197517788319848,7.29954753122806,0.00728144349244531,0.0262991854283895,"LOAD_vs_CN",402,"study_1"
"AEBP1",-0.00789033117347762,0.0166333993719205,0.225023789091514,0.635555466644851,0.743405117341111,"LOAD_vs_CN",402,"study_1"
"FGA",-0.0896355939533314,0.0502477062726533,3.18220766727858,0.075285076422505,0.154738785157632,"LOAD_vs_CN",402,"study_1"
"IGHV3-74",-0.0909182585866166,0.0598446505117902,2.30808366564288,0.129714346100138,0.234304353472729,"LOAD_vs_CN",402,"study_1"
"HBB",-0.258205432496391,0.151713330134892,2.89656492931297,0.0896244979684756,0.176321585193771,"LOAD_vs_CN",402,"study_1"
"SCG5",-0.00251539295866099,0.0198668702558513,0.0160307104777495,0.899319639992884,0.934222670375673,"LOAD_vs_CN",402,"study_1"
"ZP2",-0.171990284488525,0.0351142766399297,23.9905595304455,1.48526591138738e-06,1.73928013827806e-05,"LOAD_vs_CN",402,"study_1"
"SLITRK1",0.00218578128457747,0.027182841686606,0.00646582125483645,0.935956707838146,0.957323461466213,"LOAD_vs_CN",402,"study_1"
"IGLC3",-0.0453861945501893,0.0480041214751285,0.89390319330927,0.345076195039232,0.481192177250242,"LOAD_vs_CN",391,"study_1"
"CAMK2A",0.296923437076211,0.0321147717188889,85.4829064167815,1.86032204517537e-18,7.37331487520469e-17,"LOAD_vs_CN",402,"study_1"
"CTSL",-0.0338546263956372,0.0152510494870794,4.92761297820209,0.0270788804554078,0.0725742166691749,"LOAD_vs_CN",402,"study_1"
"KLK6",0.0185913239236573,0.014017424606847,1.75907427640085,0.185677344027498,0.307127613194762,"LOAD_vs_CN",402,"study_1"
"PCOLCE",-0.0462456423183999,0.0122631593504465,14.2212210977747,0.000191340300600886,0.00131450786512809,"LOAD_vs_CN",402,"study_1"
"C16orf89",-0.00997567915330863,0.0157968037658182,0.398792056129826,0.52817695164267,0.651128364093979,"LOAD_vs_CN",402,"study_1"
"NRCAM",0.00126185336771883,0.0216182944481577,0.00340702191193848,0.953487291630241,0.968047934999964,"LOAD_vs_CN",402,"study_1"
"PLXDC2",0.0855657411342325,0.0194130617888779,19.427269241292,1.46617198455706e-05,0.000146688371853015,"LOAD_vs_CN",402,"study_1"
"DDAH2",0.0276945039338599,0.021358762085267,1.68126055754208,0.195722217563594,0.318376866928624,"LOAD_vs_CN",388,"study_1"
"CACNA2D1",-0.0452337532664404,0.0242950127143318,3.46649827333363,0.0634449230978082,0.136778228561279,"LOAD_vs_CN",402,"study_1"
"TAGLN",0.0859539473126638,0.0348936001517602,6.0679234231022,0.0143451554619374,0.0442595290524745,"LOAD_vs_CN",402,"study_1"
"PRNP",0.0053633053652006,0.0161494530016875,0.110293372219448,0.740016144211535,0.819985630763427,"LOAD_vs_CN",402,"study_1"
"C1RL",-0.10860987141123,0.0276816764450565,15.3940829633694,0.000106602951467489,0.000807752510935641,"LOAD_vs_CN",402,"study_1"
"SERPINA7",-0.0499338594375401,0.0357306819128183,1.95302435613168,0.163071666716322,0.278220782369486,"LOAD_vs_CN",402,"study_1"
"IGKV2-28",-0.154525038615602,0.0439218725552281,12.37758811406,0.000489623082281226,0.00293346852494653,"LOAD_vs_CN",402,"study_1"
"CRP",-0.136994418721234,0.101104446757234,1.8359685342693,0.176441712761382,0.296128965799029,"LOAD_vs_CN",402,"study_1"
"C1QTNF3",-0.0788239784731412,0.0352340985072433,5.00484202701999,0.0259546424062863,0.0703769277422195,"LOAD_vs_CN",400,"study_1"
"CNTN2",-0.0025021209906477,0.0189619738079325,0.0174120348551061,0.895091590156647,0.932043196412669,"LOAD_vs_CN",402,"study_1"
"SERPINA1",-0.0697994806244566,0.0388489581277991,3.2280899655468,0.0732262047708904,0.152597783652988,"LOAD_vs_CN",402,"study_1"
"F5",-0.0324922235683396,0.0262845228270982,1.52812426267263,0.217249445833235,0.343894860109291,"LOAD_vs_CN",402,"study_1"
"SLC5A5",-0.0726212838584044,0.0378365022546678,3.68388344732075,0.0557459351822396,0.1250424328739,"LOAD_vs_CN",402,"study_1"
"NCAM1",0.0240646565310389,0.0160917529001717,2.23641617590378,0.135709205320023,0.241743018292624,"LOAD_vs_CN",402,"study_1"
"AJAP1",-0.00612578705558089,0.0209553346053893,0.0854544320133439,0.770206837782482,0.840781934676745,"LOAD_vs_CN",402,"study_1"
"PTPRS",0.00235015852385803,0.0109962445577071,0.0456778374683562,0.830892267146834,0.884776598080448,"LOAD_vs_CN",402,"study_1"
"RARRES2",-0.0538417683585137,0.0184732224692384,8.49480296056051,0.00379355098190626,0.015891277588839,"LOAD_vs_CN",402,"study_1"
"LAMC1",-0.021111627091241,0.0106314910803541,3.94325673519878,0.0478588910201188,0.112087698173255,"LOAD_vs_CN",402,"study_1"
"APOA2",-0.159007188790206,0.0459072853964897,11.9969346583358,0.000599355013227803,0.00344086541020196,"LOAD_vs_CN",402,"study_1"
"A1BG",-0.0766618740386226,0.0375135643623254,4.17620877656928,0.0417620268082514,0.101619288372853,"LOAD_vs_CN",402,"study_1"
"MASP1",-0.061513680627807,0.0212392654354992,8.3881162757225,0.00404001059360248,0.0165865773573998,"LOAD_vs_CN",402,"study_1"
"OAF",-0.0642644463907407,0.0168817336579499,14.4913035249656,0.00016899471557192,0.00118468744487663,"LOAD_vs_CN",402,"study_1"
"DPP6",0.076384961166969,0.0176467901887079,18.7363193451041,2.01213558001752e-05,0.000192884252577493,"LOAD_vs_CN",402,"study_1"
"NID2",-0.0527869573020596,0.0147939553537137,12.731648840918,0.00041090065231658,0.00251295621490941,"LOAD_vs_CN",402,"study_1"
"CPVL",-0.0208919392963783,0.0271163256702444,0.593602646019165,0.44157937668931,0.569454775649029,"LOAD_vs_CN",402,"study_1"
"SERPINC1",-0.0955231653519159,0.0351214964092414,7.39726858367183,0.0068524188693368,0.025027409216791,"LOAD_vs_CN",402,"study_1"
"CHL1",0.0126592340210346,0.0213354911523496,0.352054230035375,0.553333879028009,0.675204928760643,"LOAD_vs_CN",402,"study_1"
"CELSR2",0.031601578899664,0.0195227438389366,2.62020850271653,0.106423510400588,0.202155626668767,"LOAD_vs_CN",402,"study_1"
"FGB",-0.0805129110218089,0.0480110726946403,2.81221318304816,0.0944355189506821,0.183268930844968,"LOAD_vs_CN",402,"study_1"
"BTD",-0.015768144512258,0.0129709988040834,1.47779551597804,0.22512954094185,0.351775575345832,"LOAD_vs_CN",402,"study_1"
"PI16",-0.066549498004862,0.0253851468710598,6.87274462455718,0.00913640724714238,0.0315628905956067,"LOAD_vs_CN",402,"study_1"
"CPQ",-0.0532441704595728,0.0179923755101733,8.75723728284436,0.0033354456818304,0.0144723232636894,"LOAD_vs_CN",402,"study_1"
"GFRA2",-0.0197679162165678,0.0295125537628601,0.44865054632337,0.503418571825809,0.62613916105972,"LOAD_vs_CN",402,"study_1"
"SHISA5",0.0765044087770446,0.0158252593852923,23.3706748052797,1.99752059986496e-06,2.31285952602342e-05,"LOAD_vs_CN",402,"study_1"
"PGK1",0.169254444679427,0.0190543407160496,78.9027810886393,2.51837216672639e-17,9.10590357126856e-16,"LOAD_vs_CN",402,"study_1"
"SPP1",0.166806330588345,0.0181477394356187,84.4850737577028,6.55106012042558e-18,2.41102409074949e-16,"LOAD_vs_CN",402,"study_1"
"VCAN",0.0318054759545321,0.0143746212406759,4.89565694266943,0.0275682464221778,0.0736941061946932,"LOAD_vs_CN",402,"study_1"
"IGHG1",-0.0839596843153165,0.0484889467101729,2.9981688885553,0.0842429886881868,0.168731583757389,"LOAD_vs_CN",402,"study_1"
"ITM2B",-0.0265690502992471,0.0261153589127039,1.03504698403556,0.309652570687197,0.443786300992993,"LOAD_vs_CN",402,"study_1"
"PCDH8",0.0793276592829206,0.0242265017588337,10.7218040065246,0.00116573211545046,0.00610303956704462,"LOAD_vs_CN",402,"study_1"
"ENO2",0.157520909889992,0.016069125510287,96.0930410615923,6.28791240310418e-20,2.69987238808286e-18,"LOAD_vs_CN",402,"study_1"
"CTSA",-0.0975100733886238,0.0239358922608552,16.5958585226967,5.74299896235284e-05,0.000485095117270869,"LOAD_vs_CN",402,"study_1"
"SEZ6L",0.0170610722510039,0.022480847572144,0.575953315120211,0.448403093727088,0.575441330119259,"LOAD_vs_CN",402,"study_1"
"POMGNT1",0.00886407150594368,0.0185976298318375,0.227170170072492,0.63392759062706,0.743188148055956,"LOAD_vs_CN",402,"study_1"
"CTSF",-0.0231043125376904,0.0168468059147647,1.88083611941733,0.17113418385564,0.289104551579077,"LOAD_vs_CN",402,"study_1"
"AZGP1",-0.0973574966127055,0.0333075361967349,8.54385323167601,0.00369645532286827,0.015579538692089,"LOAD_vs_CN",402,"study_1"
"ECRG4",-0.0700336848074925,0.0416782337814067,2.82354908366065,0.0938602374001796,0.182668507348225,"LOAD_vs_CN",402,"study_1"
"SELENOP",-0.0498192073205003,0.013777259941675,13.0757895231615,0.000340415048434705,0.0021455517272903,"LOAD_vs_CN",402,"study_1"
"SIAE",-0.0681358568983773,0.0269099953334298,6.41097671239299,0.0118022184770244,0.038427128406236,"LOAD_vs_CN",402,"study_1"
"GSN",-0.0259879784892494,0.013231375950985,3.85775797979305,0.0503425248831881,0.116448870689395,"LOAD_vs_CN",402,"study_1"
"RNASE4",0.0136667077325276,0.0157802254608077,0.750069327209767,0.387058411889326,0.521302258248921,"LOAD_vs_CN",402,"study_1"
"C2",-0.0717561984502418,0.0274602750300813,6.82824474777699,0.00934879609454867,0.0321131145847747,"LOAD_vs_CN",402,"study_1"
"RNASE1",0.0117876444621479,0.0165388968935647,0.50797340690337,0.476529348855317,0.601248267376886,"LOAD_vs_CN",402,"study_1"
"CDH13",0.0248749983040107,0.023941687847538,1.0794849486243,0.299528691480589,0.432909279902871,"LOAD_vs_CN",402,"study_1"
"A2M",-0.048063714406312,0.0118392239346763,16.4811757478015,6.05066960387846e-05,0.000508997145044633,"LOAD_vs_CN",402,"study_1"
"PODXL2",-0.0277839082059983,0.0170858718575244,2.64431008401997,0.104832974614153,0.19950208742361,"LOAD_vs_CN",384,"study_1"
"COL1A2",-0.0506387174775741,0.0183047880169152,7.65307532785422,0.0059863787853583,0.0227217802516086,"LOAD_vs_CN",402,"study_1"
"GOT1",0.213610001202386,0.0181977967733159,137.786143105732,6.13819603027376e-27,4.21694067279808e-25,"LOAD_vs_CN",402,"study_1"
"SCG3",-0.0191615803512483,0.0233730786328103,0.672095223634544,0.412890073623108,0.544444300535652,"LOAD_vs_CN",402,"study_1"
"PEBP1",0.126571646123705,0.0134317296295584,88.7991838636697,9.74136493887454e-19,3.9366574782393e-17,"LOAD_vs_CN",402,"study_1"
"MAN1B1",-0.01941239117465,0.0159188310653195,1.48708475131196,0.22361091625653,0.350984085289584,"LOAD_vs_CN",402,"study_1"
"RELN",-0.065443765634378,0.026128920635602,6.27326482897729,0.012703608722526,0.0403422766981912,"LOAD_vs_CN",402,"study_1"
"PPIC",0.0182831319920331,0.0208808515086302,0.766663485505193,0.381932987189697,0.516173040392109,"LOAD_vs_CN",402,"study_1"
"CDH6",-0.0300718440474396,0.0134574418178284,4.99338553913764,0.0260938402423127,0.070576646639641,"LOAD_vs_CN",402,"study_1"
"SEZ6",0.00867898126568549,0.0156953626661328,0.305769942367197,0.580642901116555,0.698601879276835,"LOAD_vs_CN",402,"study_1"
"GOLM1",0.00597147003909546,0.012886736180544,0.214722047601664,0.643390742764406,0.747851726669237,"LOAD_vs_CN",402,"study_1"
"APP",0.0189403747347817,0.0211094976537683,0.805047188439151,0.370166637769092,0.504238889915464,"LOAD_vs_CN",402,"study_1"
"ACTB",0.0219594186061208,0.0262522165018144,0.69969653108856,0.403441740319621,0.53575607396826,"LOAD_vs_CN",402,"study_1"
"LDHB",0.191286569145724,0.0156776188631099,148.87053579377,1.49881966314453e-28,1.14409900953365e-26,"LOAD_vs_CN",402,"study_1"
"EFEMP1",0.00279465450264463,0.0116503089808965,0.0575415242686992,0.810594019442249,0.871029339974179,"LOAD_vs_CN",402,"study_1"
"PLD3",0.0686140647131126,0.0174326488567553,15.4917161504357,0.000100244294615499,0.000776704854144902,"LOAD_vs_CN",402,"study_1"
"C8B",-0.191767148910603,0.0424741130475523,20.3844869656808,8.74157633959165e-06,9.0998279185423e-05,"LOAD_vs_CN",402,"study_1"
"GPX3",-0.0318405216016342,0.0154024889392428,4.27344910461876,0.0394822708245783,0.0976866268540886,"LOAD_vs_CN",402,"study_1"
"CBLN3",-0.064514340538448,0.0306408755811634,4.43312708940945,0.0359590788601008,0.0908231146209164,"LOAD_vs_CN",402,"study_1"
"LTBP2",0.0246544301156497,0.0227883190794286,1.17048365403727,0.280204531165402,0.411619058255091,"LOAD_vs_CN",402,"study_1"
"IGFBP5",0.0234273567433368,0.0156144653222807,2.25108734626255,0.134494603947372,0.240202234606181,"LOAD_vs_CN",402,"study_1"
"OPCML",-0.0146520681988539,0.0221725945229856,0.436681539679486,0.509147871637648,0.631000459077085,"LOAD_vs_CN",402,"study_1"
"FSTL1",-0.0198921833473275,0.017815025381743,1.24678628451898,0.264964898431971,0.395432770215997,"LOAD_vs_CN",402,"study_1"
"EPHA4",-0.0279101418055631,0.0210399181539145,1.75968930290158,0.185535274400458,0.307127613194762,"LOAD_vs_CN",402,"study_1"
"IGLON5",-0.0293725448247869,0.0147577520703217,3.96134557591131,0.0473985559302506,0.111478590067016,"LOAD_vs_CN",402,"study_1"
"ROBO1",-0.00271052287722584,0.0129899863577254,0.0435400340505279,0.834835968281313,0.888046635431787,"LOAD_vs_CN",402,"study_1"
"NGFR",-0.0533468187133394,0.0424541028744264,1.57898395057567,0.210200040883553,0.334534582440929,"LOAD_vs_CN",301,"study_1"
"CA1",-0.315503439623257,0.12261755236508,6.62068478286656,0.0104702342011668,0.0350310920269558,"LOAD_vs_CN",402,"study_1"
"GAPDH",0.326677407765303,0.0383692078423274,72.4890712500277,5.02986115059012e-16,1.59485289713327e-14,"LOAD_vs_CN",402,"study_1"
"BASP1",0.244960143515132,0.0219402030699882,124.654961740905,9.81277133084792e-25,6.12852173117502e-23,"LOAD_vs_CN",402,"study_1"
"THY1",-0.0499908163479501,0.0175334074309205,8.12919999163394,0.0046074895070806,0.0183675742245515,"LOAD_vs_CN",402,"study_1"
"LTBP1",0.0105205483920601,0.0165281365395193,0.405162248732415,0.524925508303341,0.648215382033065,"LOAD_vs_CN",402,"study_1"
"HSPA5",0.000544377856470449,0.00920422832084978,0.00349805099063233,0.952874714573153,0.967902802728077,"LOAD_vs_CN",402,"study_1"
"TGOLN2",0.0596158820898197,0.0229137945089421,6.76908426538304,0.00968762801648259,0.0330566247383619,"LOAD_vs_CN",402,"study_1"
"PRRT3",-0.036440172846482,0.0171145617480935,4.53345481298375,0.0339878092514314,0.0868015797610905,"LOAD_vs_CN",402,"study_1"
"ANG",-0.0920381862434812,0.02637487936192,12.1774159174955,0.000547005825982828,0.00317571551366369,"LOAD_vs_CN",402,"study_1"
"PLG",-0.136747228948472,0.037482242504497,13.3102415427988,0.000302962816856415,0.00196168124607471,"LOAD_vs_CN",402,"study_1"
"BPNT2",-0.0125291598035301,0.0177900781558263,0.496007433200225,0.481795366460145,0.605845180155192,"LOAD_vs_CN",402,"study_1"
"MAN1A1",-0.0438214701898879,0.0113726533005303,14.8473958750353,0.000139394582591484,0.00102239229438095,"LOAD_vs_CN",402,"study_1"
"ISLR",-0.0441744143619121,0.0119545184082104,13.6545512232453,0.000260326747593098,0.00171965841919671,"LOAD_vs_CN",402,"study_1"
"SERPINA6",-0.137814158290032,0.0359384529531962,14.7051316793009,0.000148522974640718,0.00107030017739343,"LOAD_vs_CN",402,"study_1"
"HRG",-0.165182119858179,0.0428973064995801,14.8274347933817,0.000140874107544031,0.00102633520564211,"LOAD_vs_CN",402,"study_1"
"F2",-0.0955529529911586,0.0347572088868451,7.55785295994408,0.00628005655900908,0.0235373015891959,"LOAD_vs_CN",402,"study_1"
"APOC1",-0.226355022392485,0.0534322870531105,17.9462099010394,2.90044427200453e-05,0.000264505117017758,"LOAD_vs_CN",402,"study_1"
"PAM",-0.0551222616592504,0.0187868728183581,8.60884851701524,0.00357009994149678,0.0152339047193061,"LOAD_vs_CN",402,"study_1"
"SIRPA",0.0240274420340034,0.0270826409920668,0.787105688075143,0.375599756185114,0.51029076960944,"LOAD_vs_CN",402,"study_1"
"PFN1",0.0130390600446988,0.021098385698576,0.381939095908927,0.537014178651006,0.659586544815091,"LOAD_vs_CN",402,"study_1"
"SEMA4B",0.00521619210766659,0.0121030627901267,0.185744765034119,0.666742067691102,0.76414860893662,"LOAD_vs_CN",402,"study_1"
"PTPRN2",-0.0702602603888661,0.0224348277091174,9.80785491071906,0.00188639559396417,0.00904153795153524,"LOAD_vs_CN",402,"study_1"
"SHISA6",-0.0195623367197427,0.0172597807967441,1.28460884642391,0.257823554940273,0.386735332410409,"LOAD_vs_CN",402,"study_1"
"AGT",0.00102008674032556,0.0131751202082188,0.00599466656878083,0.938331274028117,0.957973611146355,"LOAD_vs_CN",402,"study_1"
"CLSTN1",0.00176141202223535,0.0179310471585598,0.00964962879208573,0.921803949484307,0.948496225605171,"LOAD_vs_CN",402,"study_1"
"QDPR",0.0565952880771374,0.0197604728202571,8.20287107493377,0.00448014157721105,0.0180343199035781,"LOAD_vs_CN",402,"study_1"
"FRZB",0.0545866359390938,0.0179309120808533,9.26761318363566,0.002531936264831,0.0113688902871823,"LOAD_vs_CN",402,"study_1"
"CALM1",0.207315966545006,0.0162326923672136,163.111426217288,1.20153510825416e-30,1.03181827421326e-28,"LOAD_vs_CN",402,"study_1"
"SEMA7A",-0.029376771738315,0.0225363809706173,1.69918155935505,0.193207456961422,0.316605481784964,"LOAD_vs_CN",402,"study_1"
"IGF2",-0.0357303357034432,0.0189616017285067,3.55078316809186,0.0603899081547931,0.132126964657143,"LOAD_vs_CN",402,"study_1"
"MMRN2",-0.0299766389169346,0.013395672592989,5.00768295024499,0.0259539502665982,0.0703769277422195,"LOAD_vs_CN",402,"study_1"
"FUCA2",-0.0262061049422571,0.048624827319071,0.290461655007835,0.59031089031252,0.706407719664751,"LOAD_vs_CN",402,"study_1"
"HTRA1",0.0403387092393031,0.0105659753594944,14.5755451784541,0.000162096270681236,0.00114020619069634,"LOAD_vs_CN",402,"study_1"
"TMEM132A",0.0476460235463317,0.0174968775950894,7.41535957195802,0.0068137714113025,0.0249878698909154,"LOAD_vs_CN",402,"study_1"
"LYZ",-0.0324913372504832,0.0323698641867498,1.00751940054658,0.316144063939623,0.449360631572113,"LOAD_vs_CN",402,"study_1"
"KNG1",-0.151079574930392,0.0395163710442274,14.6169714672745,0.000156375477967341,0.00111518982730342,"LOAD_vs_CN",402,"study_1"
"MCFD2",-0.00367278484071169,0.0133510118987447,0.0756767736765623,0.783403579478042,0.8506821798231,"LOAD_vs_CN",402,"study_1"
"PPIA",0.133409450726394,0.0195282369838255,46.6710013070471,3.77369690020927e-11,8.27403118226734e-10,"LOAD_vs_CN",402,"study_1"
"CALB1",0.0138744900151435,0.0192996358963203,0.516815851833774,0.472733011666333,0.598833888779541,"LOAD_vs_CN",402,"study_1"
"GPR37",0.0340246961832212,0.0173060548707812,3.86538145918723,0.0501897604081586,0.116448870689395,"LOAD_vs_CN",402,"study_1"
"SHISA7",-0.0101398739506145,0.0226373300244632,0.200638701201239,0.65448084016557,0.756101463890829,"LOAD_vs_CN",402,"study_1"
"MAPT",0.580174266658966,0.0304661603228936,362.644819370249,7.38366848513462e-52,2.53629012464374e-49,"LOAD_vs_CN",402,"study_1"
"ATP6AP2",0.133176076209029,0.0204698618407121,42.3274989103656,2.48333156737858e-10,4.92129457727621e-09,"LOAD_vs_CN",402,"study_1"
"C7",0.067013566483047,0.0254651686476538,6.92520047667198,0.00890966032909432,0.0310707443963848,"LOAD_vs_CN",402,"study_1"
"CANX",0.0111546160641757,0.0131811370125079,0.716149189353719,0.39808776284465,0.53104134577529,"LOAD_vs_CN",402,"study_1"
"VGF",-0.145451525615678,0.031238181232727,21.6802897092709,4.61402279646618e-06,5.0582452039983e-05,"LOAD_vs_CN",402,"study_1"
"ENPP2",-0.0480665424473107,0.0238715792783305,4.05437077997689,0.0448192018038001,0.107036355640362,"LOAD_vs_CN",402,"study_1"
"MGP",0.0156933589020414,0.0302250456308677,0.269586340663436,0.604014085666472,0.719164084667012,"LOAD_vs_CN",402,"study_1"
"MRC1",0.0288995506586277,0.0206506139458125,1.95846693999253,0.162616220735694,0.277748454280125,"LOAD_vs_CN",402,"study_1"
"SERPINA5",-0.118971906955103,0.0303064743867718,15.4105454850289,0.000103029927104997,0.000792330894639551,"LOAD_vs_CN",402,"study_1"
"IGKV4-1",-0.0935104074167109,0.0477161624546623,3.84050983254937,0.0507934645926097,0.11722881357824,"LOAD_vs_CN",402,"study_1"
"LDHA",0.316770683657563,0.0171047345817507,342.970909211474,4.16044972741189e-54,2.14367172204897e-51,"LOAD_vs_CN",402,"study_1"
"PRCP",-0.0302537467214409,0.0198060674491225,2.33325296347437,0.127569039230793,0.232261298458185,"LOAD_vs_CN",402,"study_1"
"FRRS1L",-0.00550155201210857,0.0225028767953345,0.0597715284480628,0.807005138701397,0.869439409756184,"LOAD_vs_CN",402,"study_1"
"F12",-0.173408569399808,0.0465599163050949,13.8712860846013,0.000228729582214248,0.00155069627941962,"LOAD_vs_CN",402,"study_1"
"TPI1",0.0728755974935019,0.0182786307800947,15.8956003889278,8.15886446707631e-05,0.000656852330728292,"LOAD_vs_CN",402,"study_1"
"FGG",-0.0580527725794556,0.0493398316055028,1.38436498724783,0.240123610372779,0.369876502973317,"LOAD_vs_CN",402,"study_1"
"OGN",-0.0134846997228158,0.0164249630753947,0.674021509823671,0.412273720815902,0.543979602177704,"LOAD_vs_CN",402,"study_1"
"LCAT",-0.0279798687916996,0.026344538097212,1.12800278089584,0.289050792448971,0.421310949955679,"LOAD_vs_CN",402,"study_1"
"LINGO1",-0.10014918415104,0.0219815379697347,20.757673715193,7.19137049954322e-06,7.63990443276215e-05,"LOAD_vs_CN",402,"study_1"
"MEGF9",0.0082662316382949,0.0143933631096282,0.329830321869596,0.566118097571223,0.685961123718905,"LOAD_vs_CN",402,"study_1"
"CSF1",0.00694308621460471,0.0103716673204056,0.448134067103243,0.503706321706461,0.62613916105972,"LOAD_vs_CN",402,"study_1"
"SEMA3G",-0.0132833130369583,0.0153434386660141,0.749492707619012,0.387273285524348,0.521302258248921,"LOAD_vs_CN",402,"study_1"
"DKK3",0.0143298033490999,0.0144266785432453,0.986615084652875,0.321254036648268,0.454118360447243,"LOAD_vs_CN",402,"study_1"
"NCAM2",0.0515087304530758,0.0174768937972126,8.68626745575291,0.00342480177585942,0.0147359425053158,"LOAD_vs_CN",402,"study_1"
"NPTX2",-0.263269144829949,0.0295683422532804,79.2767745972203,3.43405514868124e-17,1.22027373472966e-15,"LOAD_vs_CN",402,"study_1"
"SPOCK1",0.0064660949007259,0.0138589858349051,0.217681362390414,0.641102635510319,0.746926247476974,"LOAD_vs_CN",402,"study_1"
"TF",-0.0795992359919738,0.0190038088021957,17.5443181389693,3.54436126103551e-05,0.000317605589521486,"LOAD_vs_CN",402,"study_1"
"QSOX2",-0.0163200367831976,0.0183438004495181,0.791523169099408,0.374241374978198,0.509116484376282,"LOAD_vs_CN",402,"study_1"
"PIK3IP1",-0.015401076602956,0.0149133967496003,1.066470921398,0.302436276272846,0.436193957591558,"LOAD_vs_CN",402,"study_1"
"SMOC1",0.440420526367037,0.0187547561755068,551.457767675711,4.08809454812618e-70,8.42556286368805e-67,"LOAD_vs_CN",402,"study_1"
"LMAN2",0.0140319522698829,0.0115472975276457,1.47664291352456,0.225067874204813,0.351775575345832,"LOAD_vs_CN",402,"study_1"
"CLSTN3",-0.0372757586564852,0.0145390129853918,6.5732951562727,0.0107771230383511,0.0357100491672694,"LOAD_vs_CN",402,"study_1"
"NEO1",0.00703488915730583,0.0144312608204098,0.237632570723487,0.626211878015724,0.73811159023404,"LOAD_vs_CN",402,"study_1"
"IGFBP4",-0.0396329821347679,0.0127912493091786,9.60036125766282,0.00212063597220193,0.00988881659437208,"LOAD_vs_CN",402,"study_1"
"PRKCSH",0.0110132027768704,0.0127001579731161,0.751984735780587,0.386408807356007,0.520855822080269,"LOAD_vs_CN",402,"study_1"
"BCHE",-0.0201551028110216,0.0185217607367245,1.18414666516522,0.277273964640605,0.408770844867158,"LOAD_vs_CN",402,"study_1"
"SPINT2",0.016918567287961,0.014624349754658,1.33836335159166,0.248187289994819,0.377308134099833,"LOAD_vs_CN",402,"study_1"
"TWSG1",-0.0379146659335656,0.0102486301211801,13.686198311017,0.000254605533119952,0.001692716141162,"LOAD_vs_CN",402,"study_1"
"HEXB",-0.0409384876570023,0.0191563273008581,4.56708497956162,0.0333500023142193,0.0854904910069726,"LOAD_vs_CN",402,"study_1"
"SULF2",-0.0184815080806007,0.011803631076487,2.45156582581647,0.118455828508308,0.219153916118154,"LOAD_vs_CN",402,"study_1"
"FETUB",-0.0984004477041925,0.0413980152260058,5.64982646886799,0.0180010116601345,0.0527517123067862,"LOAD_vs_CN",402,"study_1"
"MMP2",-0.0562424628107568,0.0161726664506892,12.0938729076578,0.00057266915172176,0.00330608157338529,"LOAD_vs_CN",402,"study_1"
"MFGE8",0.0265363415515066,0.0199211308616768,1.77441058715233,0.183711817215069,0.305076093480737,"LOAD_vs_CN",402,"study_1"
"SLC39A10",-0.0201528119699493,0.0215208561704803,0.876904332313004,0.349717411425343,0.485051389828933,"LOAD_vs_CN",402,"study_1"
"KLKB1",-0.132712380835775,0.0405552281583149,10.7085133579505,0.00117565021256035,0.00613421541287819,"LOAD_vs_CN",402,"study_1"
"FGFR2",-0.00655042224831114,0.0149982275309119,0.190747439333795,0.662564527969695,0.762345275637565,"LOAD_vs_CN",402,"study_1"
"PTPRZ1",0.0343841039722272,0.01373084632556,6.27076909952156,0.0126998998968107,0.0403422766981912,"LOAD_vs_CN",402,"study_1"
"GNPTG",-0.0209066344413838,0.0101141589662078,4.27276198068399,0.039444224819746,0.0976866268540886,"LOAD_vs_CN",402,"study_1"
"DYNLL2",0.151005042059884,0.0145106597790009,108.295042978925,7.34232008022896e-22,3.6908589476468e-20,"LOAD_vs_CN",402,"study_1"
"SDF4",-0.00771779133707998,0.0110557519311392,0.487314679792833,0.485619856279157,0.608155922133326,"LOAD_vs_CN",402,"study_1"
"PTPRN",-0.0520600482247145,0.0263486717791892,3.90383700956815,0.0489873486841199,0.114267105125846,"LOAD_vs_CN",402,"study_1"
"VSTM2B",-0.0388620679949162,0.0206571728642839,3.53924027157342,0.0608429874095393,0.132836225689683,"LOAD_vs_CN",402,"study_1"
"PRDX1",0.0557121428332486,0.023302970477375,5.71580173348964,0.0172752814034475,0.0510091045451366,"LOAD_vs_CN",402,"study_1"
"APOA4",-0.252126321869916,0.0447643298607277,31.7228502956306,3.76999537404002e-08,5.71320622492388e-07,"LOAD_vs_CN",402,"study_1"
"FBLN1",-0.0194197144879388,0.0134133536725168,2.09609484238493,0.148585326653458,0.25952064257015,"LOAD_vs_CN",402,"study_1"
"CADM3",0.000859944122417599,0.015195319243537,0.00320273353734312,0.954902585526456,0.969007498163479,"LOAD_vs_CN",402,"study_1"
"SERPING1",-0.0331776407981862,0.0172836661997427,3.68484531487453,0.0556894179128035,0.1250424328739,"LOAD_vs_CN",402,"study_1"
"APOE",0.401626932694401,0.0687117361289571,34.1651878591528,1.12752736721175e-08,1.85906712305873e-07,"LOAD_vs_CN",402,"study_1"
"SOD2",0.179946628170295,0.0193839868301958,86.1789531892293,2.48363267843306e-18,9.6580508495293e-17,"LOAD_vs_CN",402,"study_1"
"PENK",-0.0721744195570251,0.019502258532457,13.6960956700658,0.000257510158936177,0.00170652230729087,"LOAD_vs_CN",402,"study_1"
"CST3",0.0449220753705752,0.0228678478843982,3.85894896526048,0.0503076919983036,0.116448870689395,"LOAD_vs_CN",402,"study_1"
"CFD",-0.0509420114206561,0.0259611411805639,3.85038910556971,0.0505667748591512,0.116836460745191,"LOAD_vs_CN",402,"study_1"
"CADM4",0.00976178998186938,0.0123244491195342,0.627370202040706,0.428939389646343,0.558108637664844,"LOAD_vs_CN",402,"study_1"
"FN1",0.00557353102942326,0.0159996761918442,0.121349630981356,0.727833205416052,0.81392525033233,"LOAD_vs_CN",402,"study_1"
"COLEC12",0.0166019622714257,0.0134430487599357,1.52518771111788,0.217810890283881,0.344518990694611,"LOAD_vs_CN",402,"study_1"
"CFH",-0.0462979626630649,0.0203835526785916,5.15898185704461,0.0237420687133117,0.0658462631973063,"LOAD_vs_CN",402,"study_1"
"CNTN1",-0.00600316776382546,0.0127308556480856,0.222354423099778,0.637541001321556,0.744971746105193,"LOAD_vs_CN",402,"study_1"
"ORM1",-0.0707072082450743,0.0465605308743025,2.30617114318977,0.129888520997203,0.234413521694602,"LOAD_vs_CN",402,"study_1"
"NPY",-0.188378628022396,0.0286458263144614,43.2454629217291,1.75253417309401e-10,3.54114993210467e-09,"LOAD_vs_CN",402,"study_1"
"ECM2",-0.0181059213459052,0.0177456702298841,1.04101370107132,0.308403842002481,0.442632533681834,"LOAD_vs_CN",402,"study_1"
"CD14",0.00537191538996562,0.0194006046419734,0.0766704119266972,0.782048204279266,0.849658064849534,"LOAD_vs_CN",402,"study_1"
"ENDOD1",0.00970925937188787,0.013119951950957,0.547655831940466,0.459830775410274,0.586454967896395,"LOAD_vs_CN",402,"study_1"
"APOA1",-0.155514146545937,0.0465293745882793,11.1708281921343,0.000923618796427726,0.00500941668273038,"LOAD_vs_CN",402,"study_1"
"OLFM1",-0.020596159260415,0.013377575416612,2.37037832206149,0.124478025603866,0.228043742906283,"LOAD_vs_CN",402,"study_1"
"FGFR1",-0.0349564415446313,0.0160428163209667,4.74780868432238,0.0299970840792873,0.0791600387802958,"LOAD_vs_CN",402,"study_1"
"HABP2",-0.11961033446653,0.0383433202807652,9.731011261106,0.00195934460269111,0.00929977921197601,"LOAD_vs_CN",402,"study_1"
"PTGDS",0.0425613230182151,0.0135204928279017,9.90935061135182,0.00178018887640251,0.00865322942043768,"LOAD_vs_CN",402,"study_1"
"GLDN",-0.0389581871824182,0.0285006196924351,1.86848180785772,0.172627799509738,0.290912424194252,"LOAD_vs_CN",402,"study_1"
"GOLIM4",-0.00186173770740502,0.0134797251049372,0.019075455566623,0.890226943398222,0.928521118595007,"LOAD_vs_CN",402,"study_1"
"SOD3",-0.029870804371644,0.0254258438360364,1.38020337386317,0.24088680053337,0.370774978266823,"LOAD_vs_CN",402,"study_1"
"SERPINF1",-0.0281482779281632,0.0169597627559101,2.75463534341649,0.0978567910815888,0.188664963909406,"LOAD_vs_CN",402,"study_1"
"C8A",-0.166210118128506,0.03920563427561,17.9728912970196,2.85502462679625e-05,0.000262865604625522,"LOAD_vs_CN",402,"study_1"
"RNASE2",-0.0493594445305722,0.0209912589838786,5.52921596932836,0.0192232163008064,0.0557229940871477,"LOAD_vs_CN",402,"study_1"
"ITIH1",-0.153319123362278,0.0465702412830994,10.8386621387699,0.00109028742897708,0.00576174972082504,"LOAD_vs_CN",402,"study_1"
"TIMP2",-0.0331543147306946,0.0161085183507575,4.23612648800477,0.0403500855185213,0.0993566621907675,"LOAD_vs_CN",402,"study_1"
"SORCS2",0.0825210312733603,0.0222558834951163,13.7480029002847,0.000240884739922989,0.00162316120182867,"LOAD_vs_CN",402,"study_1"
"ORM2",-0.145056427831792,0.0440489816850309,10.8443171590693,0.00109483779699866,0.00577099923174994,"LOAD_vs_CN",402,"study_1"
"CD163",0.0700188813932416,0.0192906994555572,13.1745074324441,0.000331702432799169,0.00210694518199662,"LOAD_vs_CN",402,"study_1"
"CADM2",0.0133370133646579,0.0166907188528704,0.63850909722008,0.424795131701917,0.554710873913712,"LOAD_vs_CN",402,"study_1"
"SORCS3",-0.0346038540047822,0.0137012618008241,6.37863589463798,0.0120458054231854,0.0389739481588465,"LOAD_vs_CN",402,"study_1"
"TALDO1",0.0546755264224105,0.0218297537181451,6.27318758405842,0.0126881680035398,0.0403422766981912,"LOAD_vs_CN",402,"study_1"
"OMD",0.000944814053034398,0.0176357007591686,0.00287016752530404,0.957307991051077,0.970492754331662,"LOAD_vs_CN",402,"study_1"
"ENO1",0.198922094336275,0.0166298272756112,143.083834107035,2.18601967122465e-27,1.60906662228357e-25,"LOAD_vs_CN",402,"study_1"
"NRXN1",-0.0171869230508569,0.0198943216401742,0.74634219406714,0.388211777599511,0.521920726440047,"LOAD_vs_CN",402,"study_1"
"KIAA0319",-0.0589058546238772,0.0492854469572385,1.42849762827715,0.232864193266556,0.360310136878657,"LOAD_vs_CN",391,"study_1"
"SERPINA3",0.0205580643996311,0.029346489852028,0.49074074664484,0.484061433190409,0.607774148725378,"LOAD_vs_CN",402,"study_1"
"FCGBP",-0.0925725750588078,0.0506822844075748,3.33620190282938,0.0686580708031906,0.145648801315164,"LOAD_vs_CN",402,"study_1"
"MAN2A2",-0.00237358642679311,0.0186605666421295,0.0161793267194531,0.898865087863666,0.934222670375673,"LOAD_vs_CN",402,"study_1"
"RNASE6",-0.0174348693468451,0.0143379134796802,1.47865032715124,0.224841077129405,0.351775575345832,"LOAD_vs_CN",402,"study_1"
"MARCKS",0.0701652513631688,0.0113870356221828,37.968445113941,2.04640631451724e-09,3.63589949501726e-08,"LOAD_vs_CN",402,"study_1"
"ST6GAL2",-0.0129657964681429,0.0205702893930694,0.397299114099489,0.528894002331622,0.651554416500581,"LOAD_vs_CN",402,"study_1"
"NID1",-0.00935623335191432,0.0124051137742575,0.568853698766995,0.451245676953362,0.578368992662238,"LOAD_vs_CN",402,"study_1"
"COTL1",0.0785278121223687,0.016654799055386,22.2314710591159,3.67036066528151e-06,4.11120289736152e-05,"LOAD_vs_CN",402,"study_1"
"TXN",0.12034423524181,0.0206640918005971,33.9170395478616,1.18339939430849e-08,1.93570329497602e-07,"LOAD_vs_CN",402,"study_1"
"CUTA",0.00536212268759595,0.0144943718176232,0.136859420714509,0.711673979224482,0.800633226627542,"LOAD_vs_CN",402,"study_1"
"NPTXR",-0.169488975951252,0.0262706840024853,41.6236489711137,3.48955363697474e-10,6.72146733252798e-09,"LOAD_vs_CN",402,"study_1"
"MDH1",0.282494288594332,0.0192594021070433,215.146230921072,7.50165642592583e-38,1.1893010687564e-35,"LOAD_vs_CN",402,"study_1"
"C8G",-0.200131920437137,0.043098435146937,21.56302677577,4.85232371828702e-06,5.29134348327489e-05,"LOAD_vs_CN",402,"study_1"
"PRG4",-0.0610032784777872,0.0458008744857811,1.77402122358531,0.183844982097562,0.305076093480737,"LOAD_vs_CN",402,"study_1"
"ARMH4",-0.0307661270216173,0.0225013765350199,1.86950866840694,0.172488919307075,0.290912424194252,"LOAD_vs_CN",402,"study_1"
"GOT2",0.121772926336988,0.0149719711949829,66.1520823698842,7.99227992182553e-15,2.38725926360615e-13,"LOAD_vs_CN",402,"study_1"
"PPIB",-0.0252006643728442,0.0156044525658921,2.60811601538244,0.107390754745238,0.203805106381156,"LOAD_vs_CN",402,"study_1"
"QSOX1",-0.0265156448524725,0.0105295357794639,6.34141152612667,0.0123898986572,0.0398993455195145,"LOAD_vs_CN",402,"study_1"
"APOM",-0.199875212064995,0.0522217307024733,14.6492487428507,0.000152951149070075,0.00109837044680636,"LOAD_vs_CN",402,"study_1"
"FBLN2",-0.0120684552745173,0.0156384072241759,0.595550144875812,0.440788599675873,0.568857422624906,"LOAD_vs_CN",402,"study_1"
"LY6H",-0.0574521087381882,0.0257576259377739,4.97508246382603,0.0263702620546931,0.0712308127060583,"LOAD_vs_CN",402,"study_1"
"WFDC2",-0.0274607682148653,0.0152991076764722,3.22175983108834,0.0735555133259151,0.152746075109178,"LOAD_vs_CN",402,"study_1"
"GPR37L1",0.00200118136600369,0.024317905060539,0.00677205666492083,0.934460973470465,0.95655401701621,"LOAD_vs_CN",402,"study_1"
"TNXB",-0.0262573959148699,0.0161396350529957,2.64676805684339,0.104705326997063,0.199443326193111,"LOAD_vs_CN",402,"study_1"
"APOH",-0.153940843598849,0.0379955267974513,16.4150716917918,6.18555855244851e-05,0.0005140498458305,"LOAD_vs_CN",402,"study_1"
"SERPINA4",-0.0839704908921182,0.0368279159237657,5.19875197243541,0.0231764681838612,0.0647245270012709,"LOAD_vs_CN",402,"study_1"
"NPC2",0.0395328261909225,0.0134536332008576,8.6344874029815,0.00353608767390964,0.0151200761326302,"LOAD_vs_CN",402,"study_1"
"ADGRB1",-0.0596972068134439,0.0238603279974751,6.25972427031752,0.0127719308181393,0.0404346381200999,"LOAD_vs_CN",402,"study_1"
"IGKV3-20",-0.0668746671039838,0.0502618723890638,1.7702962114317,0.184236734911116,0.305234654864799,"LOAD_vs_CN",402,"study_1"
"ITIH4",-0.135715240929996,0.041116531418737,10.8949264549869,0.00106106680560996,0.00563623372773744,"LOAD_vs_CN",402,"study_1"
"BGLAP",-0.0323074870264182,0.0407811956554781,0.627605076730806,0.428883799206389,0.558108637664844,"LOAD_vs_CN",355,"study_1"
"RTN4RL2",-0.0557204642215142,0.0235683360501019,5.58948259405243,0.0185849888364437,0.0541012175026985,"LOAD_vs_CN",402,"study_1"
"DAG1",-0.00330968257616542,0.0073313847518081,0.203798349931305,0.651972821216655,0.753626463560026,"LOAD_vs_CN",402,"study_1"
"CD99",-0.00883212757372966,0.0117232406199554,0.567590749818542,0.451676091940473,0.578560861087206,"LOAD_vs_CN",402,"study_1"
"CGREF1",-0.00510489011463391,0.0223799590510809,0.0520300473479469,0.819705481960515,0.878073283950427,"LOAD_vs_CN",402,"study_1"
"DIPK1C",-0.0318963283746364,0.0225434953210557,2.00188387230487,0.157976166215184,0.272687502989527,"LOAD_vs_CN",402,"study_1"
"CFHR1",-0.117284364655072,0.0442823102397875,7.01487115574234,0.00843623398638405,0.0298234618283662,"LOAD_vs_CN",402,"study_1"
"CLU",-0.0329200271746628,0.0131487254674871,6.26834735379657,0.0127544495016783,0.0404346381200999,"LOAD_vs_CN",402,"study_1"
"FSTL4",-0.0656864890981079,0.0239105818619788,7.54695585958873,0.00630650205708915,0.0235373015891959,"LOAD_vs_CN",402,"study_1"
"NTRK2",-0.0280095702082085,0.0173719931333473,2.59964228027613,0.107678235760618,0.203999183060993,"LOAD_vs_CN",402,"study_1"
"NXPH4",-0.0235565581579454,0.0233573019497193,1.01713435181552,0.313981263083667,0.446902888960937,"LOAD_vs_CN",402,"study_1"
"ADAM22",-0.0186021037226774,0.0176718492217408,1.10805196529277,0.293198449370185,0.425550707149261,"LOAD_vs_CN",402,"study_1"
"CCN3",0.0257625367021706,0.0170521962918742,2.28253055786362,0.1317973743182,0.236821611569147,"LOAD_vs_CN",402,"study_1"
"CNTN4",0.00151854135829167,0.0131721321708813,0.0132904929577693,0.908283922004139,0.939339003806094,"LOAD_vs_CN",402,"study_1"
"SPOCK2",0.0707040909920592,0.0190659624609576,13.7521822460438,0.00024099336621037,0.00162316120182867,"LOAD_vs_CN",402,"study_1"
"KRT9",-0.0123418951655291,0.099369801269739,0.0154260545814586,0.901231452191325,0.934930474604688,"LOAD_vs_CN",402,"study_1"
"TNR",-0.0070914688997421,0.0153176444978399,0.21433269924814,0.643711287293171,0.747851726669237,"LOAD_vs_CN",402,"study_1"
"IGHA2",-0.124838344713784,0.0687714343444434,3.29518527539618,0.0704302059137838,0.147968047286757,"LOAD_vs_CN",402,"study_1"
"LRRC4B",0.0049950410055643,0.0166943598272521,0.0895238138831591,0.764943910936615,0.837674612050372,"LOAD_vs_CN",402,"study_1"
"CTSD",-0.0777953582719687,0.0251180911325516,9.59255077812039,0.00212074572281051,0.00988881659437208,"LOAD_vs_CN",402,"study_1"
"CTSZ",-0.0453188263779659,0.0202409047769446,5.01299723791339,0.0258205736254385,0.0702060715594046,"LOAD_vs_CN",402,"study_1"
"CANT1",-0.0494662338076708,0.0120604450073761,16.8225189555668,4.99595108354843e-05,0.000427247103037067,"LOAD_vs_CN",402,"study_1"
"PCSK1N",-0.00509805194593813,0.0170997199199368,0.0888854178949262,0.765795436645542,0.837674612050372,"LOAD_vs_CN",402,"study_1"
"CBLN4",-0.0426391574550559,0.0252675450766454,2.84767964335672,0.0924083872635764,0.180867698148367,"LOAD_vs_CN",402,"study_1"
"GM2A",0.0236545787818008,0.0157547574280617,2.25427552686579,0.134163080468304,0.239818824394181,"LOAD_vs_CN",402,"study_1"
"C9",-0.0931348081499049,0.0430499611688566,4.68035204032861,0.031247430462126,0.0814900303197094,"LOAD_vs_CN",402,"study_1"
"CALR",0.0223678889170364,0.0153791948272801,2.11535273890874,0.146691737239996,0.256648277123626,"LOAD_vs_CN",402,"study_1"
"COL6A1",-0.0205264119429579,0.0177530411368961,1.33684347957984,0.248426558939094,0.377308134099833,"LOAD_vs_CN",402,"study_1"
"CAMK2B",0.115606914800996,0.0186841603961515,38.2842769181791,1.88789339062836e-09,3.38343328529135e-08,"LOAD_vs_CN",402,"study_1"
"SPINK6",-0.0497473944490492,0.0336752742308587,2.18231981703095,0.140501648284971,0.247922857119285,"LOAD_vs_CN",402,"study_1"
"APOB",-0.0679560931167737,0.0523140198410364,1.68741000581601,0.194781330313185,0.317255642263298,"LOAD_vs_CN",402,"study_1"
"AFM",-0.151830918281105,0.0420429814883456,13.0416765287372,0.000348609076882385,0.00218383984028752,"LOAD_vs_CN",402,"study_1"
"PTPRF",0.0317016537825716,0.01422753449585,4.96483183322557,0.0265493986861438,0.0714338259688544,"LOAD_vs_CN",402,"study_1"
"LGALS3BP",-0.00698482684720292,0.0139719954351424,0.249916205795132,0.617442774737642,0.730549381962095,"LOAD_vs_CN",402,"study_1"
"ECM1",-0.0626195034310491,0.0176036668532254,12.6535666420824,0.000434937848297629,0.00263649089806298,"LOAD_vs_CN",402,"study_1"
"SLITRK4",-0.0401063428595062,0.0221595448753971,3.27570249571895,0.0711034838647543,0.149230427948328,"LOAD_vs_CN",402,"study_1"
"PCSK2",-0.183287988989664,0.0246857777405565,55.1282724802416,7.03465935371679e-13,1.78992999111238e-11,"LOAD_vs_CN",402,"study_1"
"VSIG4",0.114230106530344,0.0212631283407584,28.8606988123093,1.53027583868777e-07,2.17510241623137e-06,"LOAD_vs_CN",402,"study_1"
"SUSD5",0.00917766999220644,0.017299051945569,0.28146232400797,0.596104893091758,0.710568065160273,"LOAD_vs_CN",402,"study_1"
"B4GAT1",-0.0171298776402562,0.0135691917966087,1.59367793341537,0.207604205084134,0.331928445492218,"LOAD_vs_CN",402,"study_1"
"NEGR1",-0.0293051551681945,0.0174693313312407,2.81407382542649,0.0942910871908347,0.183268930844968,"LOAD_vs_CN",402,"study_1"
"PEBP4",-0.00333169032814339,0.0289158920237875,0.0132756583549784,0.908346741671783,0.939339003806094,"LOAD_vs_CN",402,"study_1"
"GMFB",0.155739468652514,0.0132447589955318,138.264044564812,5.08661935740995e-27,3.615007757111e-25,"LOAD_vs_CN",402,"study_1"
"SCRG1",0.0383313794904345,0.015714362198837,5.94997828109547,0.0152318820292015,0.0462340336703744,"LOAD_vs_CN",402,"study_1"
"NUCB1",-0.0338242256186697,0.0122803309460033,7.58639730512882,0.00616424630173913,0.0232279242659397,"LOAD_vs_CN",402,"study_1"
"A8MTW9",0.0861835329649854,0.0520019578569995,2.7466871565266,0.098408863746864,0.18936558919079,"LOAD_vs_CN",362,"study_1"
"A4GALT",-0.0748366328437193,0.0190663925013897,15.4060541279397,0.000105351323067505,0.000804432541368367,"LOAD_vs_CN",402,"study_1"
"AAMDC",0.122690415974942,0.0490721660562459,6.25101903408413,0.0130898655101286,0.0413056465291894,"LOAD_vs_CN",251,"study_1"
"AARS1",0.0322587368075543,0.0310159654682833,1.08174302973665,0.299461427738214,0.432909279902871,"LOAD_vs_CN",266,"study_1"
"ABCA2",0.00774779291545514,0.016569372966691,0.218647170259621,0.640395303437161,0.746926247476974,"LOAD_vs_CN",402,"study_1"
"ABHD14A",-0.0718801001731027,0.0290488266190863,6.12294218164057,0.0139630781705804,0.0434711542440576,"LOAD_vs_CN",349,"study_1"
"ABHD14B",0.0254531532932818,0.0309309013067209,0.677170508181176,0.411110312025153,0.543139969925539,"LOAD_vs_CN",402,"study_1"
"ABI3BP",-0.0536444002232704,0.0215202934600304,6.21373044555778,0.0131661420343954,0.0413649675806234,"LOAD_vs_CN",402,"study_1"
"ACAN",0.0344035025401701,0.0341817120183941,1.01301924687758,0.314889311414471,0.447886039216856,"LOAD_vs_CN",402,"study_1"
"ACE",-0.0260900506686658,0.0159085632751758,2.68960142208954,0.102104627891308,0.19521116705379,"LOAD_vs_CN",402,"study_1"
"ACHE",0.153827308360304,0.0307800602604575,24.9762912640336,1.24573705780034e-06,1.4704629985148e-05,"LOAD_vs_CN",402,"study_1"
"ACO2",0.0475387815535586,0.0388526390169922,1.49711460300588,0.222311287936595,0.350025641281377,"LOAD_vs_CN",276,"study_1"
"ACP2",-0.0668723427676382,0.0220764441272638,9.17560758241155,0.00267725316446848,0.0119433306752588,"LOAD_vs_CN",392,"study_1"
"ACP6",0.016582091179807,0.0500930368507845,0.109578127604905,0.740960087803659,0.82016060122,"LOAD_vs_CN",255,"study_1"
"ACVR1",-0.0132998736413314,0.0260942407445691,0.259779992560172,0.610672758812937,0.724152409401759,"LOAD_vs_CN",308,"study_1"
"ACVR1B",0.0558304667156499,0.0212318804668673,6.91457665726585,0.00895887014458999,0.0311895800135134,"LOAD_vs_CN",402,"study_1"
"ACYP1",0.0263914518001078,0.0197693643611886,1.78213726477631,0.182838993732568,0.303896101679696,"LOAD_vs_CN",402,"study_1"
"ADA2",0.0283905602898517,0.0236633458590751,1.43944681867162,0.231010290932692,0.358551400841829,"LOAD_vs_CN",402,"study_1"
"ADAM10",-0.0455531513670387,0.0147548678952442,9.53160864977749,0.00218897673138856,0.0101609933409726,"LOAD_vs_CN",402,"study_1"
"ADAM11",-0.0360185536151429,0.0184314243112435,3.81886884907971,0.0514555677049708,0.118227341181655,"LOAD_vs_CN",402,"study_1"
"ADAM15",-0.031152250628952,0.0199787888514292,2.43131115363761,0.11992240523227,0.221073414296699,"LOAD_vs_CN",400,"study_1"
"ADAM17",-0.0480584181147279,0.0138649151669077,12.014467022341,0.000596393684848562,0.00343342844824829,"LOAD_vs_CN",402,"study_1"
"ADAM23",0.0278935422123055,0.0139430507808612,4.00213486800502,0.0462363559542489,0.109406578210915,"LOAD_vs_CN",402,"study_1"
"ADAM28",-0.00356436541932542,0.0327422555332303,0.0118507887356699,0.913392494507855,0.943822426798574,"LOAD_vs_CN",402,"study_1"
"ADAM9",-0.0267279140881754,0.0130577510248969,4.18980071210348,0.0415415607078452,0.101322078838898,"LOAD_vs_CN",402,"study_1"
"ADAMDEC1",-0.0983132503780781,0.0301126945359564,10.6592064090693,0.00121142530270402,0.00628903664703525,"LOAD_vs_CN",402,"study_1"
"ADAMTS1",-0.0338114053436131,0.0167289957603497,4.08494959711232,0.0440403736330226,0.105912730522357,"LOAD_vs_CN",402,"study_1"
"ADAMTS2",0.00366672507702021,0.018574372028186,0.0389698216151326,0.84363926217005,0.894413847393247,"LOAD_vs_CN",402,"study_1"
"ADAMTS8",-0.00334328369905251,0.0208956789863667,0.0255996180848963,0.87296526280138,0.916080145943811,"LOAD_vs_CN",402,"study_1"
"ADAMTSL1",0.0317430297898058,0.0762130470577521,0.173475481876125,0.677547658193405,0.772786786683236,"LOAD_vs_CN",245,"study_1"
"ADAMTSL2",-0.00901881372032731,0.0151478077350174,0.354486144859128,0.551941741430498,0.674304640834769,"LOAD_vs_CN",394,"study_1"
"ADAMTSL3",-0.0169112190711958,0.0194511686350041,0.755889709345829,0.385276071393254,0.520009157263586,"LOAD_vs_CN",402,"study_1"
"ADAMTSL4",-0.0459608331245608,0.0304869598768329,2.27272843990727,0.132658250008304,0.237954876647294,"LOAD_vs_CN",355,"study_1"
"ADARB1",-0.0469179934936433,0.0633522771797447,0.548471924054388,0.459435966945986,0.586314258746549,"LOAD_vs_CN",392,"study_1"
"ADCYAP1",-0.0475752398025344,0.0350968913872417,1.83748866467781,0.176236047539683,0.296024852468856,"LOAD_vs_CN",334,"study_1"
"ADCYAP1R1",0.0678150152254451,0.0211147352640013,10.3152663403861,0.00146828641833525,0.00739887116916616,"LOAD_vs_CN",336,"study_1"
"ADGRB3",-0.0463893110835401,0.0180935070747291,6.57340418242586,0.0107592758302643,0.0357100491672694,"LOAD_vs_CN",402,"study_1"
"ADGRG1",0.0685063727752088,0.0246725760850371,7.7096196520975,0.00581330150298025,0.022187434069708,"LOAD_vs_CN",391,"study_1"
"ADGRL1",-0.0297432230702464,0.0116007786782146,6.5735772944962,0.0107575778660678,0.0357100491672694,"LOAD_vs_CN",402,"study_1"
"ADGRL2",-0.0159510809321198,0.0257217835378391,0.384572370195454,0.535740441502035,0.65841446030751,"LOAD_vs_CN",367,"study_1"
"ADGRL3",-0.040962050354312,0.013136810265717,9.72262463917246,0.00196283549597747,0.00929977921197601,"LOAD_vs_CN",402,"study_1"
"ADH1B",-0.0541389563129117,0.0647751918413952,0.698557794159236,0.403983931644863,0.536130639484908,"LOAD_vs_CN",310,"study_1"
"ADH5",-0.0899503824625841,0.0412740151693875,4.74955137428148,0.0302959192737505,0.0796427163561222,"LOAD_vs_CN",242,"study_1"
"ADIPOQ",-0.0998212012148365,0.0436438128386843,5.23118662619461,0.0227758824409488,0.0639524437476778,"LOAD_vs_CN",388,"study_1"
"ADIRF",0.107974248043698,0.0285563578295897,14.2966651614499,0.000189501112557869,0.00130622673238049,"LOAD_vs_CN",374,"study_1"
"ADM",-0.0220749697098672,0.0151271581679998,2.12953870026993,0.145419557107371,0.254855193195826,"LOAD_vs_CN",402,"study_1"
"ADPGK",-0.134401052150131,0.0398503926125725,11.3747046335305,0.000850010635786577,0.00467165845428303,"LOAD_vs_CN",300,"study_1"
"AHCY",-0.0273921784814759,0.0530304229573107,0.266810528831619,0.605854512986178,0.720522880129552,"LOAD_vs_CN",307,"study_1"
"AHNAK",-0.064407276037171,0.0258434628553692,6.21109901055165,0.0131481555987064,0.0413649675806234,"LOAD_vs_CN",402,"study_1"
"AK1",-0.0591885093101975,0.0450741931302125,1.72432403595961,0.189945589611704,0.313182288151777,"LOAD_vs_CN",402,"study_1"
"AKAP12",0.0327662222461945,0.0362696614458379,0.816142026122347,0.367074750609777,0.501352591787111,"LOAD_vs_CN",327,"study_1"
"AKR1A1",0.054565395176735,0.0254574953103487,4.59412983625241,0.0327835893194316,0.0844587219841858,"LOAD_vs_CN",402,"study_1"
"AKR1B1",0.0955981649300324,0.0173655736498015,30.3054573907426,8.07849963365319e-08,1.16432082132582e-06,"LOAD_vs_CN",402,"study_1"
"ALAD",-0.11835231760124,0.0698817411424476,2.868310081241,0.0911575696700328,0.178929286752321,"LOAD_vs_CN",400,"study_1"
"ALB",-0.140926942063773,0.0362803753384377,15.0884460369611,0.000122344308744265,0.000907020216985358,"LOAD_vs_CN",402,"study_1"
"ALDH1A1",-0.100650854957026,0.0354627282273753,8.05546562853539,0.00478534514414093,0.0188938627242806,"LOAD_vs_CN",402,"study_1"
"AMIGO2",-0.0339136249002648,0.0316836436345558,1.14571918397702,0.285346326605126,0.417091332718556,"LOAD_vs_CN",303,"study_1"
"AMY2A",-0.154443678432638,0.0593603689941155,6.76935187769114,0.00978407411817752,0.0333305400951469,"LOAD_vs_CN",293,"study_1"
"AMY2B",-0.0211883624036997,0.0175463429131654,1.45821499432582,0.227944542195522,0.355365886130841,"LOAD_vs_CN",402,"study_1"
"ANGPTL1",0.0289563554648298,0.0193251987023298,2.24512157108669,0.134936547612666,0.240782878467276,"LOAD_vs_CN",402,"study_1"
"ANGPTL2",-0.0476109250484332,0.0113941020512611,17.4603533913082,3.63780314069226e-05,0.000324245213291102,"LOAD_vs_CN",402,"study_1"
"ANGPTL4",0.179297121075669,0.0320181184879485,31.3584810185613,5.41785267410739e-08,8.09144518937343e-07,"LOAD_vs_CN",391,"study_1"
"ANGPTL7",-0.112698102502115,0.0419877107060794,7.20425066466552,0.00762561278686377,0.0273241356519181,"LOAD_vs_CN",402,"study_1"
"ANPEP",-0.0452355221836581,0.0195144651706199,5.37335964996396,0.0209951313449798,0.0599320854598385,"LOAD_vs_CN",402,"study_1"
"ANTXR1",-0.0255573144943719,0.0134781621201139,3.5955810472793,0.0588248284903226,0.129944235282481,"LOAD_vs_CN",402,"study_1"
"ANTXR2",-0.066147660582796,0.0287051966143968,5.31016391044722,0.0217712960967584,0.0617202768300124,"LOAD_vs_CN",386,"study_1"
"ANXA1",-0.0577047330166366,0.0635895982782354,0.823475550588676,0.365181284617993,0.500424619413353,"LOAD_vs_CN",246,"study_1"
"ANXA2",-0.0670588358480865,0.0475398430436846,1.98974092404092,0.159202661806015,0.27434505516906,"LOAD_vs_CN",387,"study_1"
"ANXA5",-0.0271142558266264,0.0258575867353873,1.09956117942985,0.295158033706033,0.428093390195731,"LOAD_vs_CN",402,"study_1"
"ANXA6",-0.0138701998317823,0.0327546649000967,0.1793160298696,0.672246996383147,0.76806077833335,"LOAD_vs_CN",377,"study_1"
"ANXA7",-0.0862992250790811,0.0501338668491655,2.96313463964134,0.0861534748015104,0.171557788952573,"LOAD_vs_CN",328,"study_1"
"AOC3",-0.0524189369787898,0.0276171350473465,3.6026259397369,0.0586206769125839,0.12969792610439,"LOAD_vs_CN",391,"study_1"
"AP1B1",0.0645613461094977,0.020929976404767,9.51497554214601,0.00220430611712005,0.0102006696200651,"LOAD_vs_CN",375,"study_1"
"AP2A1",0.0292110589066488,0.022222687139853,1.7278317762493,0.189585616887953,0.31283903635394,"LOAD_vs_CN",371,"study_1"
"AP2A2",0.096512743030704,0.0211701182205138,20.7836945739429,7.00967929955176e-06,7.51903853645643e-05,"LOAD_vs_CN",386,"study_1"
"AP2B1",0.106510272640422,0.0140495117790416,57.472558000909,2.66240174724414e-13,7.03488461675663e-12,"LOAD_vs_CN",402,"study_1"
"APMAP",-0.137687799171537,0.0325231306179878,17.9228153135242,2.89252581801733e-05,0.000264505117017758,"LOAD_vs_CN",402,"study_1"
"APOC2",-0.264970114917297,0.0487707110020851,29.5172310104536,1.00803985487845e-07,1.44275704229478e-06,"LOAD_vs_CN",402,"study_1"
"APOC4",-0.348993781999565,0.0789026103715627,19.5637739284576,1.43528991285213e-05,0.000144299146848207,"LOAD_vs_CN",264,"study_1"
"APOF",-0.12037796516567,0.0421888462325525,8.1413926081244,0.00455442141564268,0.0182133869349841,"LOAD_vs_CN",402,"study_1"
"APOL1",-0.0950854013125492,0.0533058399133006,3.18183830747161,0.0753047071873386,0.154738785157632,"LOAD_vs_CN",402,"study_1"
"AQP4",0.106764512072013,0.0150744888471174,50.1612845597887,7.97384359893694e-12,1.86751041561466e-10,"LOAD_vs_CN",402,"study_1"
"ARG1",-0.174444171275379,0.0943465719006362,3.41869751695335,0.0656231535718702,0.140591808224142,"LOAD_vs_CN",275,"study_1"
"ARHGDIA",0.000829339469238466,0.0224604212906393,0.00136341752740893,0.970563964209535,0.979939636350844,"LOAD_vs_CN",401,"study_1"
"ARHGDIB",-0.0827636293076657,0.0283661977333657,8.51288569215979,0.00375316180462397,0.0157862581210817,"LOAD_vs_CN",402,"study_1"
"ARPC2",-0.0376466821684148,0.0355210995068651,1.12326082960166,0.290091115779323,0.422230077416091,"LOAD_vs_CN",323,"study_1"
"ARPC4",0.0399049179476094,0.0392536663715681,1.03345695036379,0.310135696162508,0.44388171513259,"LOAD_vs_CN",354,"study_1"
"ARSA",-0.0147515750483368,0.0224438996851921,0.431996420526287,0.511578147541139,0.633631347405221,"LOAD_vs_CN",402,"study_1"
"ARSB",-0.0746072742848652,0.0329972624329261,5.11218457712074,0.0246518138038455,0.0676529803591551,"LOAD_vs_CN",334,"study_1"
"ARSG",-0.0849408033735089,0.0405153809291213,4.39534404841968,0.0367982507009733,0.0924892618228121,"LOAD_vs_CN",402,"study_1"
"ASAH1",-0.0599888178329369,0.0238616752465651,6.32031532038032,0.0124175288798368,0.0399259391908638,"LOAD_vs_CN",402,"study_1"
"ASPH",-0.0186768362575733,0.0109069476180077,2.93224441517648,0.0877270843592779,0.174018788127499,"LOAD_vs_CN",402,"study_1"
"ASPRV1",0.0113444748550812,0.0316276116461984,0.12865776382059,0.720141087050608,0.808018663154891,"LOAD_vs_CN",304,"study_1"
"ASRGL1",0.127693684843405,0.0433031059141411,8.69562384152421,0.00358584103774665,0.015269459460322,"LOAD_vs_CN",259,"study_1"
"ASTN1",0.0265879776762386,0.0228871582066905,1.34954343721088,0.24611395956702,0.37629144708281,"LOAD_vs_CN",394,"study_1"
"ATF6",-0.0464644928732603,0.0173910243850836,7.13825527454623,0.00790763871086879,0.0281479160329889,"LOAD_vs_CN",373,"study_1"
"ATF6B",0.0217648361625333,0.0208380299873562,1.09093151337024,0.296988131739981,0.430142332759031,"LOAD_vs_CN",379,"study_1"
"ATOX1",0.147339624276425,0.0187338871256234,61.8562115519915,4.55712302103077e-14,1.28660692415677e-12,"LOAD_vs_CN",402,"study_1"
"ATP1A1",0.0456579883953555,0.023444037099164,3.79287689288318,0.0522730611090119,0.119705309939637,"LOAD_vs_CN",400,"study_1"
"ATP1A2",0.0394461801449447,0.016354921752316,5.81718621364878,0.0163930265114953,0.0488237393644391,"LOAD_vs_CN",402,"study_1"
"ATP1A3",0.0787182515220957,0.0235986008198273,11.1270072231055,0.0009555151719523,0.00514181924123679,"LOAD_vs_CN",376,"study_1"
"ATP1B1",0.048279914002717,0.0104130828863176,21.4968252020119,5.01506161682251e-06,5.44002210119536e-05,"LOAD_vs_CN",402,"study_1"
"ATP1B2",0.040438369523159,0.0174453628243092,5.37312891531065,0.021045822563454,0.0599936933655307,"LOAD_vs_CN",402,"study_1"
"ATP1B3",-0.0772203576451771,0.0235531920638521,10.7489011838181,0.0011986592641576,0.00623847662482024,"LOAD_vs_CN",251,"study_1"
"ATP2B2",-0.143952455964575,0.0477585128018847,9.08524343786528,0.00284102497532393,0.0126192941253074,"LOAD_vs_CN",253,"study_1"
"ATRNL1",0.0726599019021034,0.0264585718258121,7.54148406770909,0.00636211466295437,0.0236342291848286,"LOAD_vs_CN",402,"study_1"
"AVP",-0.0167954436914655,0.028180527490591,0.355209625911975,0.551554368674915,0.674231052099051,"LOAD_vs_CN",394,"study_1"
"B3GALNT1",-0.00414667991965442,0.0119492358247374,0.120426139061345,0.728786329135075,0.814549145524615,"LOAD_vs_CN",402,"study_1"
"B3GAT1",0.0536541250129039,0.0306088059492266,3.07265257607183,0.0808319913696032,0.16364905128954,"LOAD_vs_CN",291,"study_1"
"B3GAT3",-0.0154000390914084,0.0133639200151188,1.32793222835463,0.250020556022564,0.378663511300801,"LOAD_vs_CN",402,"study_1"
"B3GNT7",-0.0648073703070889,0.0324265769339904,3.99435433467253,0.046423439285167,0.109723289411387,"LOAD_vs_CN",385,"study_1"
"B3GNT8",-0.0590668617184495,0.0260395077407642,5.14543686905735,0.0238986622699181,0.0660256607752027,"LOAD_vs_CN",402,"study_1"
"B3GNT9",-0.0141199711103902,0.0172407787083533,0.670739466599736,0.413380471680907,0.544742424638331,"LOAD_vs_CN",402,"study_1"
"B4GALNT1",-0.0147834340218796,0.0221265453374081,0.446399223941858,0.504435287690764,0.62666734655254,"LOAD_vs_CN",402,"study_1"
"B4GALNT4",0.0603562655022045,0.0192133340945656,9.86822973289847,0.00184979388636541,0.0089493549291059,"LOAD_vs_CN",402,"study_1"
"B4GALT1",0.0137865942529484,0.0135841778792555,1.03002382150963,0.310948632287019,0.444467192472373,"LOAD_vs_CN",402,"study_1"
"B4GALT2",0.0394392203441619,0.0309458463745624,1.62424639498553,0.203379549020229,0.326961973892895,"LOAD_vs_CN",346,"study_1"
"B4GALT3",0.0243606296241606,0.0290419798039936,0.703597972939809,0.402478395911077,0.534821388763849,"LOAD_vs_CN",269,"study_1"
"BACE1",0.0500422145182028,0.0203792945605492,6.02968670520232,0.0145037672234384,0.0446629294520844,"LOAD_vs_CN",402,"study_1"
"BAMBI",-0.00856222667765025,0.0199281492044062,0.184603321194764,0.667708583762355,0.764399983039722,"LOAD_vs_CN",392,"study_1"
"BCAM",0.00341969498644473,0.010691918100881,0.102297141054157,0.749289728470663,0.825993983117084,"LOAD_vs_CN",402,"study_1"
"BDNF",-0.147642028284254,0.0288480231244211,26.1931596889034,5.12816218375357e-07,6.52416188933093e-06,"LOAD_vs_CN",402,"study_1"
"BGN",-0.00383293360078403,0.0244373982890775,0.0246009941344355,0.875465797384263,0.917769587186656,"LOAD_vs_CN",402,"study_1"
"BID",-0.0412244561768101,0.029421937422156,1.96321261306963,0.162448292789019,0.277748454280125,"LOAD_vs_CN",302,"study_1"
"BIN1",0.146832033959165,0.0414713757848917,12.5355889687339,0.000499218579002774,0.00297366905007143,"LOAD_vs_CN",373,"study_1"
"BLMH",0.0726121712749954,0.0141545951200621,26.3162464107344,4.64376225940664e-07,6.01936730606106e-06,"LOAD_vs_CN",402,"study_1"
"BLVRB",-0.141125080268691,0.0766114058635312,3.39329439672157,0.0662990401431465,0.141451678814726,"LOAD_vs_CN",391,"study_1"
"BMP1",-0.0392460378245132,0.0263829655822281,2.21281147218796,0.137902631792859,0.244172958870345,"LOAD_vs_CN",363,"study_1"
"BMP5",0.0116563433593201,0.041992591022308,0.0770511844690338,0.781551231014254,0.849565974219608,"LOAD_vs_CN",315,"study_1"
"BMP6",0.0544671328368148,0.016801795781622,10.5089088586752,0.00130688851763273,0.00673374308710263,"LOAD_vs_CN",402,"study_1"
"BMP7",0.0337676078924181,0.0320495537339561,1.11008598332843,0.292852769321106,0.425348525419873,"LOAD_vs_CN",364,"study_1"
"BMPR2",0.038072143623687,0.0226485571476823,2.8257489848744,0.0937327978866455,0.182668507348225,"LOAD_vs_CN",393,"study_1"
"BOD1L1",-0.0839584180194882,0.0417642827509847,4.04127532302907,0.0454694684682158,0.108088321237593,"LOAD_vs_CN",259,"study_1"
"BPNT1",0.100549216032438,0.0322189330317568,9.73946428470703,0.0019853213419331,0.00937124015004433,"LOAD_vs_CN",321,"study_1"
"BRINP1",-0.0196820927785161,0.0192634326644782,1.04393916470989,0.307537364682667,0.442004538780319,"LOAD_vs_CN",402,"study_1"
"BSG",0.0282798641038852,0.0155148074184115,3.32247604232576,0.0692027995844725,0.145984616114225,"LOAD_vs_CN",402,"study_1"
"BST1",-0.0526242744784895,0.0233773015516269,5.06738013653719,0.0249952105961329,0.0684131859742762,"LOAD_vs_CN",402,"study_1"
"C11orf87",-0.0165044550020683,0.0284523251103902,0.336485884864143,0.562266466061332,0.682870469388571,"LOAD_vs_CN",401,"study_1"
"SPRING1",-0.0145956245333663,0.0156900135867098,0.865363804894801,0.35284846403414,0.488395355523414,"LOAD_vs_CN",402,"study_1"
"C1GALT1",-0.0664572710210865,0.0168898952030909,15.4821438156839,0.000100071736507585,0.000776704854144902,"LOAD_vs_CN",402,"study_1"
"C1GALT1C1",-0.0403737896978247,0.0175144722015858,5.31379657106089,0.0218212968730095,0.0617770506253743,"LOAD_vs_CN",376,"study_1"
"C1QL1",0.0473090567230142,0.0163877796819412,8.33390114266384,0.00411869000008099,0.0168425001789026,"LOAD_vs_CN",402,"study_1"
"C1QL2",0.0365649270962743,0.0439990900803715,0.690624583324438,0.406699982721023,0.538708743310466,"LOAD_vs_CN",301,"study_1"
"C1QL3",0.0539792691651693,0.0284519501957663,3.59939841373268,0.0586503964722425,0.12969792610439,"LOAD_vs_CN",392,"study_1"
"C1QTNF1",-0.0380979846664795,0.0179715405987984,4.4940033177425,0.034905976689513,0.0888163184655385,"LOAD_vs_CN",402,"study_1"
"C1QTNF4",-0.0232779188875301,0.0121862973206039,3.64875549020784,0.0569254805717886,0.127105598088334,"LOAD_vs_CN",402,"study_1"
"C1QTNF5",0.00564942824796744,0.0199828204126934,0.0799273517400305,0.777572680802823,0.84645636226897,"LOAD_vs_CN",402,"study_1"
"C4BPB",-0.160988597014566,0.0710513189852211,5.1338827069074,0.02412908080766,0.0665730060837847,"LOAD_vs_CN",354,"study_1"
"QNG1",0.113642775366874,0.0456865459998805,6.18738316727906,0.0135062007764426,0.0423687668192514,"LOAD_vs_CN",302,"study_1"
"CA10",-0.00960478389512116,0.0226843683618798,0.179275859627916,0.672286096124873,0.76806077833335,"LOAD_vs_CN",402,"study_1"
"CA11",-0.0457705821446257,0.0255017196038798,3.22132052468047,0.0735711403785279,0.152746075109178,"LOAD_vs_CN",402,"study_1"
"CA14",-0.0135535470572896,0.0171475912057973,0.624740546195743,0.429854835359311,0.558946886861539,"LOAD_vs_CN",388,"study_1"
"CA2",-0.236628426219288,0.10766559540755,4.83036487579287,0.028585744024623,0.0760422672638976,"LOAD_vs_CN",402,"study_1"
"CA3",-0.249742329463491,0.0964825939275083,6.70017852699039,0.0100828620664849,0.0340668503590579,"LOAD_vs_CN",323,"study_1"
"CA4",-0.0652028741637775,0.0207832735747665,9.84250334975405,0.00185552842538638,0.00895607513986261,"LOAD_vs_CN",402,"study_1"
"CAB39",0.0629001493494563,0.0389683182408154,2.60543370244983,0.107690980674605,0.203999183060993,"LOAD_vs_CN",274,"study_1"
"CACHD1",-0.0352955299280635,0.0189311508332732,3.47604493636521,0.0631315913229004,0.136531174938612,"LOAD_vs_CN",402,"study_1"
"CACNA2D2",-0.022683734662659,0.0148090818776255,2.34624223655253,0.126545797598758,0.23092726758259,"LOAD_vs_CN",402,"study_1"
"CACNA2D3",0.0167534895177331,0.0205192059799322,0.666637061224955,0.414822476043479,0.544914863617241,"LOAD_vs_CN",402,"study_1"
"CACYBP",0.0601357107734544,0.0345446324990473,3.03042641768334,0.0834173793582502,0.16772996961693,"LOAD_vs_CN",258,"study_1"
"CADPS",-0.00771247763479255,0.0300387344740268,0.0659211190770189,0.797538304127667,0.862848527457806,"LOAD_vs_CN",322,"study_1"
"CALB2",0.159861401688752,0.0265088572137404,36.3668111642179,6.41489337101088e-09,1.09265249897962e-07,"LOAD_vs_CN",402,"study_1"
"CALCA",-0.0544202943241671,0.0304527338495632,3.19351675309663,0.0748193815306467,0.154437476494791,"LOAD_vs_CN",402,"study_1"
"CALU",-0.0311254761423328,0.0203945951308861,2.32917345072472,0.128176974252164,0.232956564315441,"LOAD_vs_CN",298,"study_1"
"CALY",0.04811507588158,0.0258447482692911,3.46591363988711,0.0636178810943207,0.13700778781128,"LOAD_vs_CN",402,"study_1"
"CAMK2D",0.131151444020581,0.0183114221342545,51.2981855646616,4.87388785889336e-12,1.16803289269526e-10,"LOAD_vs_CN",402,"study_1"
"CAMK2G",0.115913342742377,0.0232880949924772,24.7741596973095,1.01373794323191e-06,1.2290081770594e-05,"LOAD_vs_CN",402,"study_1"
"CAND1",0.180769995203619,0.0410288330251278,19.4121824202024,1.36823903755068e-05,0.000139720341454768,"LOAD_vs_CN",386,"study_1"
"CAP1",-0.0967121430162917,0.0457619193545744,4.46635820405022,0.0354672943267375,0.0896909124017251,"LOAD_vs_CN",293,"study_1"
"CAP2",0.16673270515031,0.0222004542937701,56.4050345533271,7.23619618430479e-13,1.81875613851856e-11,"LOAD_vs_CN",323,"study_1"
"CAPG",0.0695440050079011,0.0225792337581285,9.48639046037177,0.00223779613162878,0.0102948612216226,"LOAD_vs_CN",402,"study_1"
"CAPN1",-0.0331716265502175,0.0640433985390143,0.268277835898278,0.604889370714674,0.719790411687611,"LOAD_vs_CN",302,"study_1"
"CAPS",-0.0673959639058777,0.0394854946049225,2.91334966932411,0.0893297538963861,0.176180500268375,"LOAD_vs_CN",252,"study_1"
"GOLM2",0.00652440454882146,0.0117673343587684,0.307415369194758,0.579619837924597,0.697778321239833,"LOAD_vs_CN",402,"study_1"
"CASP14",-0.0256438459600047,0.0811686864664318,0.0998134996483112,0.752293830921605,0.827804370277325,"LOAD_vs_CN",336,"study_1"
"CAST",-0.0355760632004037,0.0486725686518034,0.53425333665145,0.465417823314954,0.591384792757164,"LOAD_vs_CN",312,"study_1"
"CAT",-0.234822558295867,0.0870297383572098,7.28021616538837,0.00728618868491528,0.0262991854283895,"LOAD_vs_CN",402,"study_1"
"CBLN2",0.00673100207789266,0.0265585113300514,0.0642320810693455,0.800096109696719,0.864260882038877,"LOAD_vs_CN",380,"study_1"
"CBR1",0.0447324090256793,0.0170742610647089,6.8637386689712,0.00914267136612189,0.0315628905956067,"LOAD_vs_CN",402,"study_1"
"CCDC126",-0.0127373141129382,0.0134961778542183,0.890705496671902,0.345980755193404,0.481801578684869,"LOAD_vs_CN",402,"study_1"
"CCDC80",-0.017301978308494,0.0238744706593208,0.525199161309994,0.469296930292545,0.595579417076931,"LOAD_vs_CN",340,"study_1"
"CCER2",-0.0406592090347789,0.0227623553052085,3.19068150874365,0.0749554424664266,0.154483166923305,"LOAD_vs_CN",402,"study_1"
"CCK",-0.0288598857205556,0.023678292525886,1.48555402667213,0.223771512892049,0.350984085289584,"LOAD_vs_CN",402,"study_1"
"CCL14",-0.0670501951549461,0.028832456116308,5.40800162073868,0.0207105501853811,0.0592839499056533,"LOAD_vs_CN",402,"study_1"
"CCL19",0.0531050616558561,0.048959785060123,1.17650243327636,0.279094122858983,0.410573152899618,"LOAD_vs_CN",316,"study_1"
"UQCC4",-0.0404053152672165,0.0221176605535108,3.33732592724438,0.0688482430828141,0.145648801315164,"LOAD_vs_CN",366,"study_1"
"CD109",0.0240500681377479,0.021399064058266,1.26311550046149,0.261962812712704,0.392373079215758,"LOAD_vs_CN",402,"study_1"
"CD177",-0.0947889514318578,0.0387791123394896,5.97474962379329,0.0150571253291737,0.0457709960227538,"LOAD_vs_CN",402,"study_1"
"CD200",-0.071377157777223,0.0203748811733935,12.272366929261,0.000515453081138673,0.00304397937027738,"LOAD_vs_CN",402,"study_1"
"CD248",-0.0410776513638752,0.0133374217507668,9.48565751784067,0.00223413562377778,0.0102948612216226,"LOAD_vs_CN",402,"study_1"
"CD302",-0.0287959058050285,0.0234328823647774,1.51011514750207,0.220157752668673,0.347165362088856,"LOAD_vs_CN",367,"study_1"
"CD320",0.0240858175643716,0.0209866906162737,1.31714887277843,0.251977260258217,0.380736901313919,"LOAD_vs_CN",372,"study_1"
"CD33",-0.0212090910382312,0.0369539655160466,0.32939880109395,0.566475416093923,0.685961123718905,"LOAD_vs_CN",358,"study_1"
"CD46",0.004849976322444,0.0142917906124277,0.115161137836208,0.734582448790129,0.81764139392367,"LOAD_vs_CN",402,"study_1"
"CD58",-0.0085654850083477,0.0213896135757381,0.160360736141755,0.689230043135425,0.783530598099612,"LOAD_vs_CN",291,"study_1"
"CD5L",-0.156203200258166,0.0568402125738432,7.55211279596094,0.00629738977978876,0.0235373015891959,"LOAD_vs_CN",402,"study_1"
"CD74",-0.105971604887266,0.0184195197887731,33.0995748811959,2.01132064130427e-08,3.16437545170083e-07,"LOAD_vs_CN",402,"study_1"
"CD81",-0.143482013317948,0.0354257993329069,16.4042208463712,6.35396262210996e-05,0.000525924376071029,"LOAD_vs_CN",352,"study_1"
"CD83",0.0592294562751642,0.0290800079554262,4.14845563253436,0.0424350661938546,0.103013747262113,"LOAD_vs_CN",375,"study_1"
"CD84",0.0634642420560184,0.0224708809945184,7.97660333883878,0.00503230767512764,0.0196431555273448,"LOAD_vs_CN",359,"study_1"
"CD9",-0.0762278209148975,0.0385946380354198,3.90097408842629,0.0490112183072529,0.114267105125846,"LOAD_vs_CN",402,"study_1"
"CD93",-0.00265528742425453,0.0185871746196339,0.0204078060974974,0.886488817687977,0.92602810605926,"LOAD_vs_CN",394,"study_1"
"ADGRE5",-0.076636531053997,0.0238089229988471,10.360773403389,0.00140125616457832,0.00709579595871233,"LOAD_vs_CN",394,"study_1"
"CDH1",-0.116113535612498,0.0222250724239899,27.2947630822923,3.08169764659495e-07,4.20621115869681e-06,"LOAD_vs_CN",402,"study_1"
"CDH10",-0.0365618760952328,0.0186178952814206,3.85652169285836,0.0502856248392255,0.116448870689395,"LOAD_vs_CN",402,"study_1"
"CDH11",-0.0338413251882653,0.0110493198479404,9.38044910686358,0.00235627955078394,0.0107917603425905,"LOAD_vs_CN",402,"study_1"
"CDH12",-0.0282564020108163,0.0247655706683067,1.30177834233536,0.254765293929925,0.383205947817807,"LOAD_vs_CN",334,"study_1"
"CDH15",-0.0418053339279338,0.0234481708879748,3.17867006883653,0.0755736386134333,0.154982357395309,"LOAD_vs_CN",402,"study_1"
"CDH18",-0.0700521596758558,0.0263831708344263,7.04999937813593,0.00836705038158103,0.0296807071195155,"LOAD_vs_CN",385,"study_1"
"CDH19",-0.0256583453107716,0.0315798347444159,0.660142335149888,0.41732814853157,0.54680610150157,"LOAD_vs_CN",324,"study_1"
"CDH20",0.0148131326339324,0.0178036547822471,0.692269971486725,0.406022649914086,0.53848949901733,"LOAD_vs_CN",402,"study_1"
"CDH22",-0.0930185884377253,0.0240986267596081,14.8989237950468,0.000134161237838038,0.000987522539943556,"LOAD_vs_CN",402,"study_1"
"CDH23",-0.0458936296845984,0.0259891436937179,3.11832138699836,0.0782506538054046,0.159105280339633,"LOAD_vs_CN",392,"study_1"
"CDH3",-0.0371603575993482,0.0304555040657891,1.48877197700187,0.223321994102953,0.350923225591892,"LOAD_vs_CN",370,"study_1"
"CDH4",0.00569426424190721,0.0178801850114059,0.101421777315818,0.750328608101558,0.826162240949234,"LOAD_vs_CN",402,"study_1"
"CDH5",-0.0676686453520454,0.018297532202127,13.6769709566776,0.000248553297284924,0.00166862653323853,"LOAD_vs_CN",402,"study_1"
"CDH7",-0.0880734858693291,0.0149762049768349,34.5849235680307,1.01657708187321e-08,1.70338647621194e-07,"LOAD_vs_CN",402,"study_1"
"CDH8",-0.0694082013004806,0.0221928215139546,9.78129909532015,0.00191408842547253,0.00913179686319184,"LOAD_vs_CN",402,"study_1"
"CDH9",-0.0240655250190044,0.0231598695647652,1.07973819196686,0.299452906852255,0.432909279902871,"LOAD_vs_CN",402,"study_1"
"CEL",-0.138669098422838,0.0442081586510668,9.83908090219887,0.00186007564282709,0.00895704649501551,"LOAD_vs_CN",402,"study_1"
"CEMIP",0.0150757085916075,0.0128736213366495,1.37136798593275,0.242438631938042,0.372596744020046,"LOAD_vs_CN",402,"study_1"
"CEND1",0.171210608257006,0.0201519008820343,72.1820652116546,9.60967629525115e-16,2.95605117082278e-14,"LOAD_vs_CN",393,"study_1"
"CETP",-0.177214758690414,0.0319199848237812,30.8229657011016,5.62826744979613e-08,8.34522245613656e-07,"LOAD_vs_CN",402,"study_1"
"CFB",-0.134287883222457,0.0406956436958974,10.8887446087265,0.00106808439359439,0.00565892528328544,"LOAD_vs_CN",402,"study_1"
"CFHR3",-0.162636990130913,0.053773855942792,9.14737109119762,0.00269391847129684,0.0119917191562479,"LOAD_vs_CN",388,"study_1"
"CFHR5",-0.14239804350825,0.0535710379113371,7.06558171139726,0.00842660082754973,0.0298234618283662,"LOAD_vs_CN",301,"study_1"
"CFL1",0.129105871369383,0.0274238797891306,22.1632881731141,3.59447426030373e-06,4.04820297840764e-05,"LOAD_vs_CN",402,"study_1"
"CFL2",0.133402208051718,0.0221481691386127,36.2785878036003,5.37139965062333e-09,9.30290309238209e-08,"LOAD_vs_CN",326,"study_1"
"CFP",-0.117391148568554,0.0420332996189146,7.79980484630472,0.00550866886313209,0.0212212458447014,"LOAD_vs_CN",402,"study_1"
"CHAD",-0.0650759828600987,0.0205640561994753,10.0143763374942,0.00169639694759115,0.00836929416844472,"LOAD_vs_CN",402,"study_1"
"CHI3L2",0.0294197970073397,0.0314143871971967,0.877045569517455,0.349726523670934,0.485051389828933,"LOAD_vs_CN",402,"study_1"
"CHID1",-0.0649408747191601,0.021629967985038,9.0141444821597,0.00290182537090209,0.0128616389019983,"LOAD_vs_CN",402,"study_1"
"CHIT1",0.567577273075315,0.0724668864378076,61.3438162049396,1.2336540372746e-13,3.3900812944306e-12,"LOAD_vs_CN",402,"study_1"
"CHPF",0.00550301956689814,0.0313982772432174,0.0307178258724784,0.861003303757668,0.906204137951711,"LOAD_vs_CN",275,"study_1"
"CHRD",-0.0382633914527764,0.01065869925839,12.8871981052414,0.000376402151111626,0.00232264920191934,"LOAD_vs_CN",402,"study_1"
"CHRDL1",-0.0415638517276972,0.015882476685528,6.84849464912772,0.00929524720535212,0.0320359606860046,"LOAD_vs_CN",402,"study_1"
"CHST1",0.0184097943574578,0.0157336741606663,1.36910756773883,0.242793511508453,0.372596744020046,"LOAD_vs_CN",402,"study_1"
"CHST10",-0.0330006147522622,0.0155332006008119,4.51359054042262,0.0344037691054235,0.0877551585721261,"LOAD_vs_CN",402,"study_1"
"CHST11",-0.0205934558102386,0.0243506738104831,0.715214808708973,0.398394476679776,0.531106737669482,"LOAD_vs_CN",323,"study_1"
"CHST12",-0.00380177742074741,0.0156376851474517,0.0591055747255089,0.808060735049076,0.870121825985447,"LOAD_vs_CN",394,"study_1"
"CHST14",-0.0781056074238435,0.0178648518449471,19.1146165679445,1.73371680439653e-05,0.000170151920660059,"LOAD_vs_CN",371,"study_1"
"CHST15",-0.0168355671643629,0.010325846401512,2.6583011688663,0.10400755269546,0.19848107972717,"LOAD_vs_CN",402,"study_1"
"CHST3",-0.024000386852434,0.0151599323897315,2.50635136787777,0.114209356162778,0.213211488271274,"LOAD_vs_CN",402,"study_1"
"CHST6",-0.0257948463075493,0.0242135437163039,1.13487800920758,0.287486741843341,0.419462696846448,"LOAD_vs_CN",381,"study_1"
"CHST7",0.0639873444378631,0.0292545895669786,4.78409895980047,0.0294297678460149,0.0778623254565298,"LOAD_vs_CN",402,"study_1"
"CHST8",-0.0728132527384589,0.0198075077116291,13.5132931280293,0.000275736411536225,0.00180410394976559,"LOAD_vs_CN",402,"study_1"
"CHSY3",-0.0128439418549483,0.0339383158509584,0.143224095201203,0.705348761590745,0.796124752266443,"LOAD_vs_CN",361,"study_1"
"CKB",0.131164200630889,0.0168030394513977,60.9333337335863,7.74008327362342e-14,2.15571778742404e-12,"LOAD_vs_CN",402,"study_1"
"CKMT1A",0.151578465045553,0.0295643333123099,26.2868671271654,5.12708456466559e-07,6.52416188933093e-06,"LOAD_vs_CN",353,"study_1"
"CLEC11A",-0.0535250712545843,0.0184676727553566,8.40021047054135,0.00403910274464338,0.0165865773573998,"LOAD_vs_CN",402,"study_1"
"CLIC1",-0.0758251867808007,0.0259381526129714,8.54572464579545,0.00368621715358655,0.0155682244949629,"LOAD_vs_CN",402,"study_1"
"CLIC6",-0.0760570174290733,0.0564814032088276,1.81329150025114,0.17910532048818,0.299380426217469,"LOAD_vs_CN",362,"study_1"
"CLMP",-0.0255478092541755,0.0199550317416847,1.63908880491242,0.201296391713525,0.323865623201854,"LOAD_vs_CN",402,"study_1"
"CLN5",-0.0460470318375307,0.0259749397533395,3.14263674634018,0.077173754297521,0.157480304561575,"LOAD_vs_CN",402,"study_1"
"CLUL1",-0.0777515573847076,0.0319727615541253,5.91368103022964,0.0154803713536619,0.0467130971594394,"LOAD_vs_CN",402,"study_1"
"CNDP2",-0.0144044561741147,0.0438845242993466,0.107738504543622,0.743143144034628,0.82128374320853,"LOAD_vs_CN",254,"study_1"
"CNP",-0.00987047651192063,0.0505287925386777,0.0381591241776817,0.845314401173855,0.894808926974481,"LOAD_vs_CN",251,"study_1"
"CNPY2",-0.00226057043955857,0.0181067833996462,0.0155866748440446,0.900735482606121,0.934930474604688,"LOAD_vs_CN",299,"study_1"
"CNPY3",0.0259019288212301,0.0161317538119403,2.57810760535312,0.1092386824047,0.205984377343172,"LOAD_vs_CN",370,"study_1"
"CNR1",-0.0592009402104767,0.0203317517831695,8.47827716574408,0.00383534118178714,0.0160337488350168,"LOAD_vs_CN",402,"study_1"
"CNTFR",-0.0330204676228787,0.0138535053506964,5.68129165739164,0.0176646462035047,0.0519151023747432,"LOAD_vs_CN",402,"study_1"
"CNTN3",0.00962232031176924,0.0140476265341883,0.469195366003736,0.493834393259017,0.616042475036956,"LOAD_vs_CN",402,"study_1"
"CNTN5",0.00567236447359232,0.0207287109971782,0.0748830738869523,0.784536065002685,0.851015173668702,"LOAD_vs_CN",384,"study_1"
"CNTN6",-0.0266173910642305,0.0135093289895442,3.88207046776247,0.049611406804036,0.11540531537598,"LOAD_vs_CN",402,"study_1"
"CNTNAP2",0.0453772728480794,0.0223781300046469,4.11177363830028,0.0432661458823863,0.104664491975425,"LOAD_vs_CN",402,"study_1"
"CNTNAP3",0.0295460201706102,0.0521911766713867,0.320482118891749,0.571744458177151,0.689909442800415,"LOAD_vs_CN",394,"study_1"
"CNTNAP5",0.00865253590254319,0.0151644792424819,0.325560583434873,0.568670670323696,0.687596350788908,"LOAD_vs_CN",402,"study_1"
"COA3",-0.0743965163020428,0.0265898229073378,7.8284234587923,0.00563169125526189,0.0216143681137705,"LOAD_vs_CN",269,"study_1"
"COL11A1",-0.0257173700462302,0.0233877057055904,1.20914356027583,0.272327967763295,0.403209728132293,"LOAD_vs_CN",351,"study_1"
"COL12A1",-0.0264327676424863,0.0149432074441104,3.12894281313215,0.077791667865895,0.15842749750159,"LOAD_vs_CN",402,"study_1"
"COL14A1",-0.0648599946162272,0.0162200748641423,15.9899868955101,7.84326133254122e-05,0.000633920062994802,"LOAD_vs_CN",402,"study_1"
"COL15A1",-0.0365705329830704,0.0191652501542692,3.64110828767478,0.0572021698141381,0.127219804186483,"LOAD_vs_CN",402,"study_1"
"COL16A1",-0.0177492814409725,0.0208833361234261,0.722373481276936,0.395926377081161,0.528500170443182,"LOAD_vs_CN",377,"study_1"
"COL21A1",-0.0579570522496705,0.0229184100402756,6.39504503141653,0.0118468772539255,0.0385116940383918,"LOAD_vs_CN",402,"study_1"
"COL28A1",-0.122111730300422,0.0363632739886733,11.2768762285018,0.000872127963285253,0.00476778708841089,"LOAD_vs_CN",402,"study_1"
"COL2A1",-0.108062686093099,0.0211778535353255,26.0368017429642,5.48638200931188e-07,6.89477641536084e-06,"LOAD_vs_CN",402,"study_1"
"COL4A1",-0.0211441798631505,0.0166296029310068,1.61665715893159,0.204583352130049,0.327874252519464,"LOAD_vs_CN",401,"study_1"
"COL4A2",-0.00655973000265125,0.0143372190627535,0.209335115555086,0.647634718292364,0.750717184702229,"LOAD_vs_CN",402,"study_1"
"COL5A1",-0.0913911499232754,0.0194830790370505,22.0035674548224,3.89557156823867e-06,4.339877298454e-05,"LOAD_vs_CN",402,"study_1"
"COL5A2",-0.0475384547248123,0.0200473773528829,5.6230894306756,0.0182440655311742,0.0532592337956798,"LOAD_vs_CN",402,"study_1"
"COL6A2",0.0370144757539129,0.0197138739463564,3.52532576373188,0.0614630815703998,0.133764953660606,"LOAD_vs_CN",402,"study_1"
"COL8A1",0.0609191909594671,0.0400225973867888,2.31684891599314,0.129095279259255,0.23339067592397,"LOAD_vs_CN",391,"study_1"
"COLEC11",-0.101487427589853,0.0432811236383214,5.49828737212267,0.0196775879971942,0.0567209914156885,"LOAD_vs_CN",336,"study_1"
"COMP",-0.0616562895574848,0.0348431847077472,3.13125967275643,0.077761838728704,0.15842749750159,"LOAD_vs_CN",402,"study_1"
"CORO1A",0.0191954696558607,0.0193410856774655,0.984998995004644,0.321643763974201,0.454357640542035,"LOAD_vs_CN",402,"study_1"
"CORO1B",0.00913676696347054,0.0425788128558241,0.0460466456899687,0.830278770417305,0.884776598080448,"LOAD_vs_CN",267,"study_1"
"CORO1C",0.0396453741701349,0.0260127691506803,2.3228002731462,0.128881179495108,0.233208174661472,"LOAD_vs_CN",299,"study_1"
"COX16",0.00626261761430422,0.0179766265044942,0.121365542002331,0.727780170630642,0.81392525033233,"LOAD_vs_CN",395,"study_1"
"CPA2",-0.0419675320925274,0.0893479660143707,0.220626421916565,0.639101916592196,0.746282747930037,"LOAD_vs_CN",251,"study_1"
"CPAMD8",-0.0491162867934799,0.0271733872323265,3.26710805001713,0.0716434868052246,0.150210810076875,"LOAD_vs_CN",402,"study_1"
"CPB1",-0.00771199389701721,0.0249737539918479,0.0953598799809039,0.75767843170243,0.831509716580781,"LOAD_vs_CN",402,"study_1"
"CPD",0.0171536097920828,0.0126868484085779,1.82811516736076,0.177189171703967,0.296899904782013,"LOAD_vs_CN",402,"study_1"
"CPLX2",0.153668021368649,0.0200982366752394,58.45896020221,1.94966686460275e-13,5.27382469721646e-12,"LOAD_vs_CN",402,"study_1"
"CPM",-0.0400009083745606,0.0197606585096292,4.09766906840008,0.0437053230834738,0.10522975569514,"LOAD_vs_CN",402,"study_1"
"CPN1",-0.126229588789307,0.0500059097628849,6.37205725145076,0.012035577726172,0.0389739481588465,"LOAD_vs_CN",402,"study_1"
"CPPED1",-0.0164169984793955,0.0342919885669569,0.229193435964398,0.632406708800284,0.741827106908016,"LOAD_vs_CN",389,"study_1"
"CPXM1",0.0063167546471963,0.0354417654552182,0.0317656190034212,0.858667318760649,0.905687484117552,"LOAD_vs_CN",359,"study_1"
"CPXM2",-0.00954128686451294,0.0200688109122416,0.226032362645227,0.634774813364407,0.743213681272996,"LOAD_vs_CN",402,"study_1"
"CRABP1",-0.047544794648346,0.0368965188852061,1.66048579787681,0.198474127001676,0.320325118050473,"LOAD_vs_CN",402,"study_1"
"CRB2",-0.0912107511362165,0.0250286533838699,13.2805816624606,0.000317841947329263,0.00204072353098321,"LOAD_vs_CN",382,"study_1"
"CREG1",-0.0705727046468485,0.0284290681512644,6.16237714748585,0.0137101573869909,0.0428130823857398,"LOAD_vs_CN",286,"study_1"
"CREG2",-0.0290292195810727,0.0298813684213628,0.943777798088118,0.332209592297218,0.466723905742717,"LOAD_vs_CN",328,"study_1"
"CRELD1",3.42764955727493e-05,0.0215930496927013,2.51979295935092e-06,0.998734560267211,0.999241297095001,"LOAD_vs_CN",402,"study_1"
"CRELD2",-0.0245339632699559,0.0350493277707721,0.489977385350212,0.484508940492866,0.607774148725378,"LOAD_vs_CN",370,"study_1"
"CRH",0.052898077399389,0.0405176935744987,1.70447385575235,0.19262171809034,0.316329371302144,"LOAD_vs_CN",391,"study_1"
"CRHBP",-0.11501075839916,0.0316309112158571,13.2206719255678,0.000320603067844173,0.00205205876654299,"LOAD_vs_CN",402,"study_1"
"CRIM1",-0.0590673038085995,0.029870792264246,3.91021657036142,0.0488574636777645,0.114166930430695,"LOAD_vs_CN",338,"study_1"
"CRIP1",0.0241445964989286,0.0394515886408042,0.374550957494237,0.540943689413773,0.663227212303264,"LOAD_vs_CN",380,"study_1"
"CRIP2",0.0308723937844816,0.0332727502401473,0.860920819095654,0.35412241776657,0.489685374042672,"LOAD_vs_CN",375,"study_1"
"CRISP3",-0.0815864722383725,0.0405128251466032,4.05556391762219,0.0448046442409082,0.107036355640362,"LOAD_vs_CN",402,"study_1"
"CRISPLD1",-0.0374110296682078,0.0179597474134677,4.33909215710635,0.0381499007574501,0.0952764694295813,"LOAD_vs_CN",367,"study_1"
"CRLF1",0.00522400792926808,0.0290402233060126,0.0323599432855676,0.857376317436763,0.905252351555926,"LOAD_vs_CN",306,"study_1"
"CRYAB",0.0174603446431759,0.0360557656840825,0.234507198358723,0.628506121569093,0.738493728505705,"LOAD_vs_CN",389,"study_1"
"CRYM",0.331439572350241,0.0225666031481978,215.713008935609,3.46889250461579e-38,6.49944313819377e-36,"LOAD_vs_CN",402,"study_1"
"CSF2RA",-0.0335616945686031,0.0289995958762681,1.33938018557189,0.247949291447082,0.377308134099833,"LOAD_vs_CN",402,"study_1"
"CSMD1",-0.00931735185727378,0.0466227054328205,0.0399383437080917,0.841778502401476,0.893360192301464,"LOAD_vs_CN",273,"study_1"
"CSMD2",-0.0702645478968305,0.0286214328181719,6.02684149945675,0.0146421866953072,0.0449070636592681,"LOAD_vs_CN",392,"study_1"
"CSPG4",0.0171780807996987,0.0114064106714865,2.26804295234676,0.132963387777846,0.238293514965339,"LOAD_vs_CN",402,"study_1"
"CSPG5",-0.00198132001784082,0.0207867417617092,0.00908524018607794,0.924117283376514,0.950402056406685,"LOAD_vs_CN",402,"study_1"
"CSRP1",0.0161403052408972,0.0230465697260439,0.490468251144471,0.484235648043632,0.607774148725378,"LOAD_vs_CN",362,"study_1"
"CST1",-0.0422024934309113,0.072525605673838,0.338605098517228,0.561170885185492,0.682024113701423,"LOAD_vs_CN",311,"study_1"
"CST6",-0.0202138604609359,0.0245177321173022,0.679732343887009,0.410331647675182,0.542458964630244,"LOAD_vs_CN",402,"study_1"
"CSTB",0.111554393195443,0.0255145291389005,19.1160536350021,1.57039986885745e-05,0.000154860963144268,"LOAD_vs_CN",402,"study_1"
"CTBS",-0.0456975656925603,0.0154947272048339,8.6979771513412,0.00343209081499643,0.0147365399368909,"LOAD_vs_CN",402,"study_1"
"CCN2",0.0696025365955811,0.0212925576712107,10.6854906894993,0.0012153300950214,0.00629345559256056,"LOAD_vs_CN",402,"study_1"
"CTHRC1",-0.0972792702758766,0.0212015524666461,21.0525778690125,7.04111808605575e-06,7.51903853645643e-05,"LOAD_vs_CN",340,"study_1"
"CTSC",-0.0710557101412406,0.0249986828614617,8.07911359240528,0.00473869014642464,0.0187816161380407,"LOAD_vs_CN",402,"study_1"
"CTSO",-0.00704585492475096,0.0175942336255345,0.160371312877236,0.689057757385746,0.783530598099612,"LOAD_vs_CN",402,"study_1"
"CTSS",0.03788565681482,0.0218405059960489,3.00901429008477,0.0837255596899782,0.168021790186022,"LOAD_vs_CN",402,"study_1"
"CUEDC2",-0.00819325028277637,0.0243950769536783,0.112799729567139,0.737237702995141,0.819108844136381,"LOAD_vs_CN",317,"study_1"
"CX3CL1",-0.123404052239412,0.0365971696257305,11.37008847052,0.000836509868689701,0.00460975090740501,"LOAD_vs_CN",397,"study_1"
"CXADR",-0.025496204233675,0.0176963469001497,2.07579189722294,0.15062808723391,0.262643390684508,"LOAD_vs_CN",402,"study_1"
"CXCL12",-0.0710935308449181,0.026466400989602,7.21556580067112,0.00757992974550806,0.0272164376402301,"LOAD_vs_CN",402,"study_1"
"CCN1",0.193487794522448,0.0338262765486621,32.7189048188843,2.58052328778099e-08,3.96899887769897e-07,"LOAD_vs_CN",360,"study_1"
"CYTL1",0.0192140084685719,0.0338536519803179,0.322125351145346,0.570747671366439,0.689514039089233,"LOAD_vs_CN",402,"study_1"
"CZIB",0.067491260258094,0.0430574495422832,2.45696218808947,0.118176483544356,0.218833542304509,"LOAD_vs_CN",297,"study_1"
"DBH",-0.142745423049756,0.0487682180689866,8.56743088329073,0.00362267914667853,0.0153679424549171,"LOAD_vs_CN",402,"study_1"
"DCBLD1",0.00730596097434114,0.0218919291423678,0.111374720845222,0.738812790197872,0.819974776843195,"LOAD_vs_CN",342,"study_1"
"DCBLD2",-0.0201733513937073,0.0234029748360517,0.743043048608134,0.389384475594553,0.522474872526285,"LOAD_vs_CN",394,"study_1"
"DCC",-0.0538250517032472,0.0176329774629604,9.31789058543204,0.00242684833931224,0.0110299562240669,"LOAD_vs_CN",402,"study_1"
"DCD",-0.0675948831905367,0.0524036695104478,1.66381197475164,0.197901759235443,0.319902373164116,"LOAD_vs_CN",402,"study_1"
"DCHS1",-0.11312625354347,0.020619815674037,30.0993593441587,7.87794656446455e-08,1.14341182178602e-06,"LOAD_vs_CN",357,"study_1"
"DDAH1",0.188047471072287,0.0144634358295772,169.04099810361,5.32525895810606e-31,4.77189509245938e-29,"LOAD_vs_CN",402,"study_1"
"DDB1",0.0605925103030439,0.0152317851371455,15.8247289875069,8.40327636193472e-05,0.000671284983796413,"LOAD_vs_CN",402,"study_1"
"DDRGK1",0.0408410799543603,0.0293438657865722,1.93713451773724,0.165483458718585,0.28140380232591,"LOAD_vs_CN",258,"study_1"
"DDT",0.096565161916951,0.0443499359611279,4.74083621756971,0.0300533297886024,0.0792070494812142,"LOAD_vs_CN",394,"study_1"
"DDX46",-0.0970586146632269,0.0513900221044701,3.56706125702576,0.0599614904318657,0.131329045462354,"LOAD_vs_CN",298,"study_1"
"DEFA1",-0.117623369839687,0.0839343245472993,1.96384874432215,0.162425837508706,0.277748454280125,"LOAD_vs_CN",266,"study_1"
"DEFB1",0.00158838950357722,0.0495036192451639,0.00102953262508806,0.974424391363847,0.981382874220283,"LOAD_vs_CN",343,"study_1"
"DGCR2",-0.0163242920318811,0.0157267498899093,1.07743418498854,0.30016481579706,0.433524656872979,"LOAD_vs_CN",402,"study_1"
"DHH",-0.130662602718346,0.0418695167873894,9.73882836766816,0.00198701210362415,0.00937124015004433,"LOAD_vs_CN",343,"study_1"
"DIPK2B",-0.0603054471192491,0.0221500918012414,7.41245419290487,0.00686098311862539,0.025027409216791,"LOAD_vs_CN",402,"study_1"
"DLD",0.195988794564435,0.0174162234876982,126.635218936243,2.51624126417584e-25,1.62061663920825e-23,"LOAD_vs_CN",402,"study_1"
"DLK1",-0.0968878645981083,0.0470792906299797,4.23524898898643,0.0405804913856138,0.0996858078018476,"LOAD_vs_CN",330,"study_1"
"DLK2",-0.0509980693088027,0.0185465547353246,7.56103030121742,0.00628144705862164,0.0235373015891959,"LOAD_vs_CN",392,"study_1"
"DLST",0.0627588395065519,0.0178773903908826,12.3237125720164,0.000512090886435851,0.00303281412915026,"LOAD_vs_CN",387,"study_1"
"DMKN",-0.0498761918152567,0.0394664570311399,1.59709331318947,0.207123743287088,0.331430151331281,"LOAD_vs_CN",402,"study_1"
"DNAJB2",0.0914053892696923,0.0232732812529887,15.4251135331139,0.000105384175725114,0.000804432541368367,"LOAD_vs_CN",336,"study_1"
"DNAJC3",0.00280307364232691,0.0116440405957362,0.0579510879440448,0.809902445620145,0.870740188014147,"LOAD_vs_CN",402,"study_1"
"DNASE1",-0.0594514103178387,0.064783607034123,0.842158958493614,0.359656089852777,0.49548877084664,"LOAD_vs_CN",308,"study_1"
"DNASE2",-0.0351682303712066,0.0243163002536427,2.09173198131532,0.149131809916762,0.260254581065576,"LOAD_vs_CN",402,"study_1"
"DNM1",0.135361937888923,0.0186842854615615,52.4855966683141,3.18923280704714e-12,7.73295154744019e-11,"LOAD_vs_CN",402,"study_1"
"DPP10",0.0696897297703316,0.0181078606059866,14.8116443593041,0.000141884152661432,0.00102633520564211,"LOAD_vs_CN",402,"study_1"
"DPP3",0.0146865731617486,0.0206176026891915,0.507416532930994,0.476681062054261,0.601248267376886,"LOAD_vs_CN",402,"study_1"
"DPT",-0.0841741418953137,0.0301932281269923,7.77209854822762,0.00559748651742548,0.0215231711052498,"LOAD_vs_CN",402,"study_1"
"DPYSL2",0.125427201341824,0.0210067588256381,35.6504786448206,6.16836823118328e-09,1.05941724370573e-07,"LOAD_vs_CN",402,"study_1"
"DRAXIN",0.038145789078818,0.0295520109671636,1.66616929813351,0.197653764519904,0.319752283104806,"LOAD_vs_CN",402,"study_1"
"DSC1",-0.06528181439998,0.0388156262489855,2.82859805198346,0.0936903042722833,0.182668507348225,"LOAD_vs_CN",402,"study_1"
"DSC2",0.00999607879865899,0.0136098614089165,0.53945091800974,0.463151633644712,0.589231800581328,"LOAD_vs_CN",402,"study_1"
"DSC3",-0.0182068076470395,0.0230568142310326,0.62354673135386,0.430267207227997,0.559130336757189,"LOAD_vs_CN",402,"study_1"
"DSCAML1",-0.0308335542872866,0.0216116877722579,2.03549392812401,0.154513062819822,0.267903484657511,"LOAD_vs_CN",395,"study_1"
"DSG2",-0.0587469526428647,0.0161235219074257,13.2754992657221,0.000309780638916039,0.00199518092751862,"LOAD_vs_CN",402,"study_1"
"DSP",-0.102284542843117,0.0951580361981536,1.1553912527907,0.28314865138432,0.414761457358269,"LOAD_vs_CN",402,"study_1"
"DSTN",-0.0126686607482052,0.0381037827481907,0.110541468094273,0.739746604971599,0.819985630763427,"LOAD_vs_CN",380,"study_1"
"DTD1",0.176398002629153,0.0177569327966724,98.6850633918038,1.53967686757555e-20,6.89842179146351e-19,"LOAD_vs_CN",402,"study_1"
"ECE1",0.0276870894885847,0.0262238696633028,1.11470783421162,0.292272108861475,0.424804524938999,"LOAD_vs_CN",299,"study_1"
"EDIL3",-0.0105044739367313,0.0278423668714866,0.142343064725126,0.706197849487088,0.796211032709458,"LOAD_vs_CN",402,"study_1"
"EDN3",-0.047015386973047,0.0195344499622766,5.79265489688001,0.0166414312636508,0.0493496256609846,"LOAD_vs_CN",402,"study_1"
"EEA1",-0.00142583798943249,0.0169421747270004,0.0070827522486858,0.932992609814272,0.956384420847689,"LOAD_vs_CN",337,"study_1"
"EEF1G",0.0045646844985638,0.0300965561344282,0.0230031824534666,0.879559436546204,0.920656169995798,"LOAD_vs_CN",367,"study_1"
"EEF2",-0.0292809982461577,0.0309182260000869,0.896897105420434,0.344241588619267,0.480353360964325,"LOAD_vs_CN",398,"study_1"
"EFCAB14",0.0255891164790242,0.0165279431504874,2.397027196715,0.122524552731565,0.225065154349159,"LOAD_vs_CN",402,"study_1"
"EFNA1",-0.00197460300517269,0.0197950060943107,0.00995057798413341,0.920597440912246,0.94820156207903,"LOAD_vs_CN",402,"study_1"
"EFNA3",-0.0720204366967358,0.0234264939191668,9.4514166676494,0.00227100309726023,0.0104243594286266,"LOAD_vs_CN",392,"study_1"
"EFNA5",0.00414556649340295,0.0208923682317859,0.03937244884662,0.842820147906382,0.894005313862611,"LOAD_vs_CN",402,"study_1"
"EFNB1",-0.0164590490761806,0.0102325434677276,2.58727316435066,0.108718830979593,0.205379936433494,"LOAD_vs_CN",402,"study_1"
"EFNB3",0.0233970211677118,0.0200036724010073,1.3680490502093,0.242993863136943,0.372626749944374,"LOAD_vs_CN",402,"study_1"
"EGFLAM",0.00660575560593415,0.0221862521879092,0.0886496680077614,0.766084909142976,0.837674612050372,"LOAD_vs_CN",391,"study_1"
"EGFR",-0.00311126486272767,0.015894069619661,0.03831808059649,0.84491943038373,0.894808926974481,"LOAD_vs_CN",402,"study_1"
"EIF4A2",-0.0587304411201262,0.0429802121092404,1.86719388659239,0.172590170127875,0.290912424194252,"LOAD_vs_CN",400,"study_1"
"EIF4G3",-0.0618885481889851,0.0359960748695166,2.95603993522745,0.0864905318636663,0.172062727964301,"LOAD_vs_CN",402,"study_1"
"EIF5A",-0.16608177691778,0.0599352453316198,7.67855307936295,0.00591914409961053,0.0225290011832606,"LOAD_vs_CN",346,"study_1"
"ELFN2",0.0193905635895944,0.0247396993533358,0.614316286034043,0.433656796017641,0.561058792587795,"LOAD_vs_CN",402,"study_1"
"EMC10",-0.0439473219741815,0.0184846551829803,5.6525202121544,0.018019022544385,0.0527517123067862,"LOAD_vs_CN",402,"study_1"
"EMILIN1",-0.0187023819458284,0.0237607240195491,0.619547350509348,0.43175633315833,0.559653963924099,"LOAD_vs_CN",402,"study_1"
"EMILIN2",0.033441992357539,0.0234388590214465,2.03568863879641,0.154554703181844,0.267903484657511,"LOAD_vs_CN",402,"study_1"
"EMILIN3",-0.0385263301748834,0.0186186101342362,4.28174469544788,0.0392622616065587,0.0974120227622313,"LOAD_vs_CN",402,"study_1"
"ENG",-0.11464289724978,0.0442970816313692,6.69798353794048,0.0103947573347594,0.0348918483174906,"LOAD_vs_CN",253,"study_1"
"ENOPH1",0.162585374212465,0.0259069408573163,39.3849848308788,1.06265635375159e-09,1.9554774509661e-08,"LOAD_vs_CN",363,"study_1"
"ENPP4",0.0845044339482576,0.0252173722434228,11.2294719693916,0.000890847089399863,0.00485723770172783,"LOAD_vs_CN",402,"study_1"
"ENPP5",0.127396984229913,0.0220819920576937,33.284481511828,1.75722553062392e-08,2.80747427799682e-07,"LOAD_vs_CN",402,"study_1"
"ENPP6",-0.0743957911275374,0.0193469169720799,14.7867658941739,0.000141924082294033,0.00102633520564211,"LOAD_vs_CN",402,"study_1"
"ENTPD4",-0.0425923226400981,0.030346729892483,1.9698758182005,0.161629515239875,0.276906426358588,"LOAD_vs_CN",292,"study_1"
"ENTPD6",-0.0667203367672583,0.0178245974509494,14.011253746151,0.000213286922448505,0.00146041311350953,"LOAD_vs_CN",402,"study_1"
"EPB41L2",-0.056582911937612,0.0509402997491704,1.23380803849898,0.267370074742555,0.397869836855167,"LOAD_vs_CN",394,"study_1"
"EPDR1",-0.0141079053679389,0.0273859757198924,0.265380274020377,0.606782576426037,0.721210432534061,"LOAD_vs_CN",402,"study_1"
"EPHA10",-0.0346922017050302,0.0237898149830891,2.12657937061802,0.145647382723856,0.255037600504559,"LOAD_vs_CN",402,"study_1"
"EPHA5",-0.0716432217902748,0.0204636926365062,12.2569441558192,0.000518863290962441,0.00305536355049597,"LOAD_vs_CN",402,"study_1"
"EPHA6",0.025007576612958,0.0190699316651236,1.71966931646588,0.190664124511505,0.313969175019459,"LOAD_vs_CN",402,"study_1"
"EPHA7",-0.0312169414701886,0.0122257036062069,6.5197805002269,0.0110566396956175,0.036402131649629,"LOAD_vs_CN",402,"study_1"
"EPHB2",-0.0127862323656072,0.0152046434609577,0.707184452233418,0.401008039770254,0.533555564858937,"LOAD_vs_CN",402,"study_1"
"EPHB3",-0.113202297033704,0.0331076287396686,11.6910717483954,0.00070323207070706,0.00394921334530586,"LOAD_vs_CN",393,"study_1"
"EPHB4",-0.0188517783325643,0.0182047211372984,1.07235007753736,0.301150958075239,0.434644344953128,"LOAD_vs_CN",371,"study_1"
"EPHB6",0.0578577282387925,0.0255768234186597,5.11716645444575,0.0243104035545628,0.0668941812095512,"LOAD_vs_CN",402,"study_1"
"ERAP1",-0.0121775622323679,0.0261866180107135,0.216252874576713,0.642234394938007,0.747160680248342,"LOAD_vs_CN",402,"study_1"
"ERAP2",0.0536821691509039,0.0570494653365022,0.885435550739886,0.34739788317836,0.483448370851181,"LOAD_vs_CN",392,"study_1"
"ERBB3",0.0183949066669191,0.0187479101220238,0.962696630110407,0.327168168858435,0.4599547039681,"LOAD_vs_CN",402,"study_1"
"ERBB4",0.00894796960099131,0.0162496980882473,0.303220393623259,0.582216193153066,0.699423873881757,"LOAD_vs_CN",402,"study_1"
"ERLEC1",-0.0853261303661504,0.0374941023482478,5.17890780282869,0.023769830091604,0.0658462631973063,"LOAD_vs_CN",282,"study_1"
"ERP44",-0.0358913054838057,0.0126725926382683,8.0213517505493,0.00497323577769844,0.0194494097492153,"LOAD_vs_CN",402,"study_1"
"ESAM",-0.0320450043536273,0.0143738481816612,4.97020798674227,0.0264715735556462,0.0714108810185691,"LOAD_vs_CN",402,"study_1"
"ESD",0.0543456087712585,0.0319285042734592,2.89715524760179,0.0896172605796118,0.176321585193771,"LOAD_vs_CN",387,"study_1"
"ESM1",-0.00484959264912599,0.0335498679858416,0.0208943512007039,0.885160286374812,0.92510920396475,"LOAD_vs_CN",388,"study_1"
"EVI2A",0.00771655817451161,0.020182241500124,0.146186905176064,0.702441017710242,0.793712136787724,"LOAD_vs_CN",402,"study_1"
"EXT1",-0.0132834900543066,0.0107996841218419,1.5128723435513,0.219507371580892,0.346670262703615,"LOAD_vs_CN",402,"study_1"
"EXT2",-0.024198918100187,0.0132285470377448,3.34632106732185,0.0681761851202349,0.145306222888112,"LOAD_vs_CN",402,"study_1"
"EXTL2",-0.0153179146702547,0.013627792840144,1.26342144902395,0.261839770820048,0.392373079215758,"LOAD_vs_CN",402,"study_1"
"EXTL3",-0.0107355225604525,0.0248056145338484,0.187303717218103,0.665482471500766,0.763249512389026,"LOAD_vs_CN",363,"study_1"
"EZR",0.0268456212960773,0.0207794088805291,1.66909302059105,0.197199279628084,0.319613423366575,"LOAD_vs_CN",402,"study_1"
"F11",-0.120646408990002,0.0395187738522287,9.3201280022241,0.00243369003936006,0.0110299562240669,"LOAD_vs_CN",402,"study_1"
"F13A1",-0.0642284521814563,0.0330944657915597,3.76655368807901,0.0530728538160973,0.120999061631611,"LOAD_vs_CN",402,"study_1"
"F13B",-0.153505864346195,0.037097991376374,17.1217894006234,4.34009664022789e-05,0.000377423593903362,"LOAD_vs_CN",402,"study_1"
"F7",-0.141094230189289,0.039124051179994,13.0056143539214,0.000361311944211623,0.00225559613139061,"LOAD_vs_CN",384,"study_1"
"F9",-0.107106692356276,0.0358545493177381,8.92369420700764,0.0030242760867979,0.0133053259321421,"LOAD_vs_CN",402,"study_1"
"FABP1",-0.0285862160965656,0.0583669516080865,0.239871870504546,0.625061210998663,0.737829986178835,"LOAD_vs_CN",208,"study_1"
"FABP3",0.408195530437734,0.0223221280418968,334.399254236144,2.38984244234657e-48,6.15683159209536e-46,"LOAD_vs_CN",402,"study_1"
"FABP4",-0.2799174636493,0.0478851998329286,34.1709757602482,1.30217837187722e-08,2.11322017672359e-07,"LOAD_vs_CN",354,"study_1"
"FABP5",0.0826541934956937,0.0286630672631725,8.31542516583931,0.00417166598649975,0.0169917067157628,"LOAD_vs_CN",402,"study_1"
"FABP7",0.156756175573868,0.022862187792718,47.0125429396781,3.23145928417157e-11,7.23737206033976e-10,"LOAD_vs_CN",374,"study_1"
"FAH",-0.0456194381814509,0.0241030498979352,3.58224978521651,0.0591219841073647,0.130182061159486,"LOAD_vs_CN",402,"study_1"
"FAIM2",0.0561559990978173,0.021389050151919,6.89301651783782,0.00906422726857074,0.0314475767681704,"LOAD_vs_CN",402,"study_1"
"NIBAN1",0.0387083521074508,0.0179470498906404,4.65182347131612,0.0316775791263235,0.0823297485237739,"LOAD_vs_CN",391,"study_1"
"FAM171A1",0.0234179690023852,0.0170681368244429,1.88246201789216,0.171076679249342,0.289104551579077,"LOAD_vs_CN",389,"study_1"
"FAM171B",-0.0429553369378441,0.0427888763960316,1.00779568638353,0.31659456438716,0.449690831979281,"LOAD_vs_CN",275,"study_1"
"FAM174A",0.024846111694001,0.0228669087951876,1.18059773939561,0.277997969815894,0.409252725564684,"LOAD_vs_CN",402,"study_1"
"TAFA1",0.0130408164764461,0.0226774611743712,0.330689725860616,0.565753136689741,0.685961123718905,"LOAD_vs_CN",306,"study_1"
"TAFA2",0.0932724809990724,0.0355377462416,6.88854173479254,0.00907875214801619,0.0314475767681704,"LOAD_vs_CN",367,"study_1"
"FAM20A",-0.0116169730641008,0.0267919222300357,0.188008817100555,0.664922016616792,0.763031334213368,"LOAD_vs_CN",289,"study_1"
"FAM20B",-0.0315737150693414,0.0128773000521641,6.01176146639751,0.0147265901209753,0.0450988146201041,"LOAD_vs_CN",402,"study_1"
"FAM20C",0.0160952124136485,0.0106373678623864,2.28941787089934,0.131289566246649,0.236527793736315,"LOAD_vs_CN",402,"study_1"
"FAM234A",-0.132012035730498,0.0338766926485355,15.1853584771767,0.000126157125927678,0.000931934897981882,"LOAD_vs_CN",277,"study_1"
"FAM234B",0.0382138179367774,0.0310461764759148,1.51504180516464,0.219434168500172,0.346670262703615,"LOAD_vs_CN",324,"study_1"
"FAM3A",-0.0194408239520314,0.0168457240749347,1.33183360614541,0.249302373803117,0.378359493673214,"LOAD_vs_CN",402,"study_1"
"FAM3B",0.0290339344343327,0.0599058712838468,0.234894585169042,0.628453902355028,0.738493728505705,"LOAD_vs_CN",260,"study_1"
"CYRIB",0.101865505177243,0.0192194088525102,28.0914550867366,2.01384205473002e-07,2.82348875836637e-06,"LOAD_vs_CN",385,"study_1"
"FAP",-0.100360057504313,0.0363761771761752,7.61180563100362,0.00618494304074697,0.0232612547572619,"LOAD_vs_CN",315,"study_1"
"FAT1",-0.0594851051346745,0.0166996730468972,12.6882150302967,0.000412568841173284,0.0025156934368584,"LOAD_vs_CN",402,"study_1"
"FAT3",-0.0180103202973553,0.0260529990008965,0.477889432580327,0.489997297296727,0.612051169532458,"LOAD_vs_CN",343,"study_1"
"FBLN7",-0.021167417087326,0.0219868446612415,0.926850990600638,0.336397919142896,0.471964677572163,"LOAD_vs_CN",402,"study_1"
"FBN1",-0.0474007908344748,0.0149141154138737,10.1012745628895,0.0016183804830305,0.008095830523121,"LOAD_vs_CN",402,"study_1"
"FCGR2A",-0.0332218868858928,0.0336086887413116,0.97711448904012,0.323642963239408,0.455620319150561,"LOAD_vs_CN",402,"study_1"
"FCGR3A",0.0919880496883827,0.0240978764294509,14.5715340733921,0.000160166483923352,0.0011368056651073,"LOAD_vs_CN",402,"study_1"
"FCGRT",-0.0342430256974522,0.0207862600595697,2.71388568667693,0.100502477660143,0.192505210462412,"LOAD_vs_CN",324,"study_1"
"FCN3",-0.188199337188224,0.0539027604795309,12.1902935902618,0.000543268117781236,0.00317188552619583,"LOAD_vs_CN",367,"study_1"
"FDPS",0.0233644089480876,0.0285975341861961,0.667501771384415,0.414469115749366,0.544914863617241,"LOAD_vs_CN",402,"study_1"
"FGFBP2",-0.118748239366779,0.0472180897265801,6.32466507515468,0.0124969746574822,0.0401187924751883,"LOAD_vs_CN",311,"study_1"
"FGFR3",0.0344891198145979,0.0165443713540998,4.34573943175659,0.0378374983688074,0.0946396652161555,"LOAD_vs_CN",402,"study_1"
"FGL2",-0.0506971293928743,0.0170343964015329,8.85754239214168,0.00310766626779402,0.0135985141781815,"LOAD_vs_CN",402,"study_1"
"FHL1",0.0803223865369869,0.0433027442050315,3.44066483123545,0.0648176442190406,0.139010577248119,"LOAD_vs_CN",311,"study_1"
"FIBIN",0.00426455782177274,0.030135214502906,0.0200262410913199,0.887560564904068,0.926677975819293,"LOAD_vs_CN",379,"study_1"
"FITM1",-0.021732167761605,0.0248021751489069,0.767761901927598,0.381530680512913,0.515967672268448,"LOAD_vs_CN",402,"study_1"
"FJX1",-0.051660775379073,0.0248394053027998,4.32553123750628,0.0382307812800892,0.0952764694295813,"LOAD_vs_CN",389,"study_1"
"FKBP1A",0.212116275279535,0.0233935116722616,82.2161516894818,6.3366365762206e-18,2.37451054247103e-16,"LOAD_vs_CN",402,"study_1"
"FKBP2",-0.044365706576856,0.0182754718400715,5.89328722587549,0.0157323488521434,0.0472658469158419,"LOAD_vs_CN",375,"study_1"
"FKRP",-0.0200508510265556,0.0245584479479745,0.666597663756959,0.414801820596471,0.544914863617241,"LOAD_vs_CN",402,"study_1"
"FLG",-0.268986932993843,0.132501012231609,4.12120268509109,0.0431410458432209,0.104604347626916,"LOAD_vs_CN",381,"study_1"
"FLNA",0.0224184521478189,0.0274640858540253,0.666317089292673,0.415021808775542,0.544914863617241,"LOAD_vs_CN",402,"study_1"
"FLNB",-0.0552870091875193,0.0361099889604703,2.34418284039371,0.126612233075365,0.23092726758259,"LOAD_vs_CN",373,"study_1"
"FLNC",0.000784343464074716,0.0356423147698361,0.000484262412515611,0.982461428655377,0.986021543037544,"LOAD_vs_CN",402,"study_1"
"FLRT1",-0.00411458931022901,0.0162365408945702,0.0642193588643789,0.800101777258698,0.864260882038877,"LOAD_vs_CN",402,"study_1"
"FLRT2",-0.0260166888225102,0.0287591904038742,0.818371945212543,0.366465601352356,0.501184873515066,"LOAD_vs_CN",396,"study_1"
"FLT3",-0.121238415556802,0.0443186896308753,7.48353306290183,0.00663822097533188,0.0243874749200695,"LOAD_vs_CN",326,"study_1"
"FLT4",-0.0541712121663154,0.0396227161135856,1.8691692240663,0.17288326536475,0.291104910062705,"LOAD_vs_CN",262,"study_1"
"FMOD",-0.0439326853483946,0.0260566937753268,2.84273830674421,0.0927086499892341,0.181283233043464,"LOAD_vs_CN",402,"study_1"
"FNDC1",-0.0933785691902163,0.036674716862772,6.48277413693985,0.0115100223298649,0.0375350569966006,"LOAD_vs_CN",301,"study_1"
"FOLR1",-0.135088936659611,0.0306245651879908,19.4580674222869,1.3763456160717e-05,0.000139736370183437,"LOAD_vs_CN",402,"study_1"
"FREM2",-0.108648094160873,0.0426664101681025,6.48443314535967,0.0112968098799351,0.0370744031250735,"LOAD_vs_CN",402,"study_1"
"FSCN1",0.0586536460331947,0.0185554579586456,9.99186765396889,0.0017108386342463,0.00839532958376579,"LOAD_vs_CN",402,"study_1"
"FSTL3",-0.0856700080652918,0.0280053649809482,9.35782979102297,0.00242222624091482,0.0110299562240669,"LOAD_vs_CN",394,"study_1"
"FSTL5",-0.0358005650948346,0.0199780265637019,3.21125350396528,0.0740806775571992,0.153293450246373,"LOAD_vs_CN",402,"study_1"
"FTH1",-0.0206093317754854,0.0195025238619812,1.11672486311909,0.291374663664459,0.423798999161927,"LOAD_vs_CN",385,"study_1"
"FTL",0.0651527161819296,0.0261299921858517,6.21708052035099,0.0131071775012566,0.0413056465291894,"LOAD_vs_CN",392,"study_1"
"FUCA1",0.00497189854253544,0.0284440734335382,0.0305534976039914,0.861355607106939,0.906204137951711,"LOAD_vs_CN",402,"study_1"
"FURIN",-0.105442276357099,0.0282070131881558,13.9738263863864,0.000221862605756438,0.0015141020876292,"LOAD_vs_CN",341,"study_1"
"POFUT3",0.0207923173568679,0.0428871152008266,0.235045597807948,0.628472297848882,0.738493728505705,"LOAD_vs_CN",221,"study_1"
"POFUT4",-0.0360678752911786,0.0168199511059533,4.59824027216549,0.0328722799471606,0.0845814843584245,"LOAD_vs_CN",402,"study_1"
"FXYD1",-0.03880346100523,0.0261133400707657,2.20808647594856,0.138233378963637,0.244548492741679,"LOAD_vs_CN",375,"study_1"
"FXYD6",-0.053301906207134,0.0206849578211004,6.64012419198357,0.0103676975881091,0.0348577891176065,"LOAD_vs_CN",402,"study_1"
"FZD1",-0.00928968181681311,0.0213405210532611,0.189492331877782,0.663639763326232,0.762345275637565,"LOAD_vs_CN",367,"study_1"
"FZD4",0.0119476627313869,0.0251428898937097,0.22580602305903,0.635031194915937,0.743213681272996,"LOAD_vs_CN",300,"study_1"
"FZD7",-0.0477233204504311,0.0229285456001495,4.33219793485003,0.038217309078527,0.0952764694295813,"LOAD_vs_CN",335,"study_1"
"GAA",-0.048788175508927,0.0162724964026154,8.98919468883545,0.00292963987473289,0.0129570553258036,"LOAD_vs_CN",402,"study_1"
"GABARAP",0.0887210323996246,0.017036661711842,27.1196558366149,4.36757719855782e-07,5.7217721481857e-06,"LOAD_vs_CN",325,"study_1"
"GABARAPL2",0.11884262861077,0.0160717456649901,54.6787271373781,1.1612682625192e-12,2.88358299885793e-11,"LOAD_vs_CN",390,"study_1"
"GAL3ST4",-0.00464574006250762,0.0185976740546161,0.0624011436589567,0.802889797905969,0.866818163166161,"LOAD_vs_CN",402,"study_1"
"GALC",-0.0370762539919817,0.0365968150456078,1.0263727543646,0.311835607899936,0.444770372236517,"LOAD_vs_CN",402,"study_1"
"GALNS",-0.0132657707538666,0.0216250246180191,0.376315195071195,0.539998481704042,0.662462423090494,"LOAD_vs_CN",402,"study_1"
"GALNT1",-0.0081010710649059,0.00938923391771103,0.744431198897607,0.38878257488368,0.522007092400823,"LOAD_vs_CN",402,"study_1"
"GALNT10",-0.0163733748316502,0.0095839072508668,2.91871173326267,0.0885523829339236,0.175150154728231,"LOAD_vs_CN",402,"study_1"
"GALNT11",-0.0385613750845487,0.0239139601101976,2.60017167875596,0.10788522637019,0.204179478006392,"LOAD_vs_CN",386,"study_1"
"GALNT13",-0.0213364959903822,0.0186142997408825,1.31387119386101,0.252440621870781,0.380878566380439,"LOAD_vs_CN",402,"study_1"
"GALNT15",-0.0236614293007271,0.0260493412520094,0.825065562064564,0.364365138548986,0.499638423519268,"LOAD_vs_CN",402,"study_1"
"GALNT16",-0.0222175254769204,0.015627858572924,2.02112153272049,0.156210112592734,0.270545413490441,"LOAD_vs_CN",402,"study_1"
"GALNT17",-0.0460823708333781,0.0189872101243393,5.89043429114913,0.0157058296310855,0.0472658469158419,"LOAD_vs_CN",402,"study_1"
"GALNT18",-0.0467271173828548,0.0120216995352279,15.107974447582,0.000121030253648382,0.000900517519022801,"LOAD_vs_CN",402,"study_1"
"GALNT4",0.0672563273774277,0.0350079642732843,3.69090258221138,0.0556102825935641,0.1250424328739,"LOAD_vs_CN",328,"study_1"
"GALNT5",-0.0676201300030387,0.0231247028065624,8.55066088323567,0.00366937002553411,0.0155288945023117,"LOAD_vs_CN",394,"study_1"
"GALNT6",-0.0306857708545226,0.0262184929645965,1.36980461637949,0.242782063230683,0.372596744020046,"LOAD_vs_CN",402,"study_1"
"GALNT7",-0.0233373453632879,0.013995213201296,2.78063425669516,0.0963806436574364,0.186167297636341,"LOAD_vs_CN",402,"study_1"
"GANAB",-0.0426455665203151,0.0161452698241379,6.97681426285091,0.00868209454587931,0.0304316273113219,"LOAD_vs_CN",402,"study_1"
"GAS1",-0.0479966718774815,0.0249506267485437,3.70049080594465,0.0555780835989675,0.1250424328739,"LOAD_vs_CN",328,"study_1"
"GAS6",-0.0181066172593766,0.00946954928747503,3.65608282218844,0.0566317088772334,0.12672958957218,"LOAD_vs_CN",402,"study_1"
"GASK1A",-0.0606219794067855,0.0296757440959453,4.17308269273724,0.041927734585284,0.101902194552206,"LOAD_vs_CN",392,"study_1"
"GBA1",-0.060524186486397,0.0212877059911297,8.08351399556564,0.00470018011277023,0.0186648770952205,"LOAD_vs_CN",402,"study_1"
"GBE1",0.041543439975067,0.048517224473815,0.733184058924666,0.392629025398485,0.525119027479738,"LOAD_vs_CN",285,"study_1"
"GDF11",-0.00996497416043356,0.0147467171080326,0.456627071708435,0.499686695821933,0.621928965206214,"LOAD_vs_CN",402,"study_1"
"GDF15",0.0427476726018541,0.0348309761189067,1.50623820156297,0.220896751346424,0.34806437654815,"LOAD_vs_CN",307,"study_1"
"GDI1",0.188988087944411,0.0148325277179669,162.344853316726,4.92145926596774e-31,4.61051252143614e-29,"LOAD_vs_CN",402,"study_1"
"GDI2",0.00265129633905231,0.0245770043408744,0.0116374720760584,0.914147414784867,0.943822426798574,"LOAD_vs_CN",402,"study_1"
"GFAP",0.174507595334665,0.0326065359389055,28.6430554049213,1.68237072696832e-07,2.37490826594638e-06,"LOAD_vs_CN",384,"study_1"
"GFRA1",-0.0256241331890782,0.0187741421621628,1.86285118254922,0.173447136343898,0.291815957554917,"LOAD_vs_CN",336,"study_1"
"GFRA3",-0.0582088357632612,0.0222622860064054,6.83657071423514,0.00934785081111975,0.0321131145847747,"LOAD_vs_CN",402,"study_1"
"GGCT",0.178084374308396,0.0163284237313242,118.949632730224,4.27240991260415e-24,2.51583909425062e-22,"LOAD_vs_CN",402,"study_1"
"GGT7",0.0671166662314693,0.017557651094985,14.6126143873568,0.000155047013101997,0.00110955518751117,"LOAD_vs_CN",402,"study_1"
"GINM1",-0.038501179404724,0.0142101118035392,7.34096370799486,0.00708429940929607,0.0257055300749282,"LOAD_vs_CN",402,"study_1"
"GJA1",0.0355695453709448,0.0296475705394898,1.43938975282219,0.231238953549488,0.358603072434533,"LOAD_vs_CN",325,"study_1"
"GLA",-0.0348951810833128,0.0204317057137907,2.91690082604746,0.0887650456060901,0.175402453493913,"LOAD_vs_CN",402,"study_1"
"GLB1",-0.162228302547056,0.0513457824377691,9.98260059966181,0.00175284513030129,0.00856069624064207,"LOAD_vs_CN",346,"study_1"
"GLG1",-0.00507397197836015,0.0111067966099967,0.208698097865162,0.648080928409892,0.750812137972337,"LOAD_vs_CN",402,"study_1"
"GLO1",0.161464696422299,0.0273898252556661,34.7517466734962,8.01729284906475e-09,1.35439676737069e-07,"LOAD_vs_CN",402,"study_1"
"GLOD4",0.127186808166188,0.0200715683786638,40.1533254222864,6.86419145315884e-10,1.30991653564448e-08,"LOAD_vs_CN",402,"study_1"
"GLRX",0.0597006051056906,0.0205979525920914,8.40058165417282,0.00396163328313968,0.0163954341296202,"LOAD_vs_CN",402,"study_1"
"GLUL",0.0893954429763029,0.0369559897766777,5.85141748238974,0.0161346022316379,0.0482633021762057,"LOAD_vs_CN",332,"study_1"
"GNAO1",-0.120985045729275,0.0343730605180315,12.3887354921374,0.000493715154525046,0.00294941140138006,"LOAD_vs_CN",383,"study_1"
"GNAS",-0.0555363808809578,0.0209791121635614,7.00778775480867,0.00851701019251262,0.030057462340357,"LOAD_vs_CN",402,"study_1"
"GNB1",-0.107086996176914,0.0280365143888517,14.588996981361,0.00016050967906173,0.0011368056651073,"LOAD_vs_CN",360,"study_1"
"GNS",-0.069311291048393,0.0232026605594771,8.92344196841194,0.00302775248043408,0.0133053259321421,"LOAD_vs_CN",402,"study_1"
"GP1BA",-0.109800757308691,0.0452795036581367,5.880406593006,0.0158996236923661,0.0476988710770984,"LOAD_vs_CN",318,"study_1"
"GPC1",0.0162720140190417,0.0150684526443048,1.16612553225788,0.280901892099895,0.412349572377411,"LOAD_vs_CN",402,"study_1"
"GPC4",-0.0127327452185408,0.0178108511874063,0.511063362219603,0.475200421705016,0.600483181565934,"LOAD_vs_CN",402,"study_1"
"GPC5",0.0406828470417513,0.0216746584894892,3.52304466311607,0.0613916096996189,0.133750642273694,"LOAD_vs_CN",402,"study_1"
"GPC6",-0.0373421523351125,0.0226218408229327,2.72485130753252,0.0998092800615913,0.191355280192502,"LOAD_vs_CN",379,"study_1"
"GPLD1",-0.158115320122186,0.0318942965434894,24.5766026325967,1.1129605566267e-06,1.34141035509218e-05,"LOAD_vs_CN",402,"study_1"
"GPNMB",0.0648557788742233,0.0278827274989218,5.41036854941108,0.0206011174710845,0.0590527164226777,"LOAD_vs_CN",402,"study_1"
"GPR180",-0.0184102459231691,0.0200287220831843,0.844914374736122,0.358621508277804,0.494724851780826,"LOAD_vs_CN",402,"study_1"
"GPRC5B",-0.0308336005747335,0.0237354586911058,1.68753669976849,0.194798278856929,0.317255642263298,"LOAD_vs_CN",370,"study_1"
"GRB2",0.0242310747045219,0.0116972713986334,4.2911749418011,0.0390528267336991,0.0972075795871424,"LOAD_vs_CN",402,"study_1"
"GREM1",-0.0418436769561847,0.0365993443006164,1.30711281196805,0.253874968739899,0.382482683167348,"LOAD_vs_CN",314,"study_1"
"GRIA2",-0.0114739279642019,0.020895006880436,0.301536021877172,0.583259505749527,0.700115225014429,"LOAD_vs_CN",402,"study_1"
"GRIA3",-0.0257618310462253,0.0459420054214093,0.314436937596194,0.575563314259767,0.693705257713088,"LOAD_vs_CN",245,"study_1"
"GRID2",-0.00190140649758321,0.0251889657751472,0.00569808960850516,0.939875355765696,0.958952033778762,"LOAD_vs_CN",358,"study_1"
"GRM1",-0.066491851461878,0.0210214607451436,10.004861243323,0.00171578509790069,0.0083996035315281,"LOAD_vs_CN",378,"study_1"
"GRN",-0.0243466634668195,0.0186860648549426,1.69763062704902,0.193485643831124,0.316738611545628,"LOAD_vs_CN",402,"study_1"
"GRP",-0.0687477939126886,0.0387536672971639,3.1469650508702,0.0770807942095116,0.15744649838038,"LOAD_vs_CN",377,"study_1"
"GSR",0.141909497309501,0.0161712896268013,77.0076042640083,5.02072838445005e-17,1.72462020005859e-15,"LOAD_vs_CN",402,"study_1"
"GSS",0.140908156234403,0.0167376429533217,70.8734650076392,9.535015248834e-16,2.95605117082278e-14,"LOAD_vs_CN",402,"study_1"
"GSTM2",-0.03179977789167,0.0226359011998584,1.97357026821945,0.160953450518494,0.276287040987408,"LOAD_vs_CN",402,"study_1"
"GSTO1",0.0501371112918148,0.0336475103991961,2.22030554671326,0.137008710219313,0.243217012714904,"LOAD_vs_CN",402,"study_1"
"GSTP1",0.0138058456222543,0.0175317364785601,0.620120598253182,0.431502261996085,0.559653963924099,"LOAD_vs_CN",402,"study_1"
"GSTT1",0.142697972869122,0.0779446254158227,3.35168548671807,0.0683531750988168,0.145532948221758,"LOAD_vs_CN",325,"study_1"
"GUCA2A",-0.101348472324454,0.055369951235866,3.35031877745481,0.0691886833239137,0.145984616114225,"LOAD_vs_CN",230,"study_1"
"GXYLT1",-0.0291354294959572,0.0287372424434472,1.02790425836247,0.311353657478404,0.444467192472373,"LOAD_vs_CN",383,"study_1"
"GYG1",-0.0072700947430744,0.0308509491335932,0.0555319701755596,0.813838929230235,0.872696167088197,"LOAD_vs_CN",402,"study_1"
"H6PD",-0.0272954147297577,0.0324734765053618,0.706515711724138,0.401286763216728,0.533581947735275,"LOAD_vs_CN",338,"study_1"
"HACD3",0.0278121774707833,0.021458054586251,1.6799226764847,0.195892220179662,0.318402102358267,"LOAD_vs_CN",369,"study_1"
"HAGH",0.176318371034298,0.0347188774474326,25.7907386155246,5.90836844542805e-07,7.38008931274376e-06,"LOAD_vs_CN",402,"study_1"
"HAMP",-0.0271723021060733,0.0302488399472321,0.806929180819681,0.369711634541549,0.503952168511992,"LOAD_vs_CN",397,"study_1"
"HAPLN1",-0.0267998355191357,0.0581148253943557,0.212662239289992,0.645072059145734,0.748588690258647,"LOAD_vs_CN",327,"study_1"
"HAPLN4",0.113268587694682,0.0268896755211475,17.7438496037154,3.64992185752236e-05,0.000324245213291102,"LOAD_vs_CN",303,"study_1"
"HAVCR2",0.00277948242257209,0.0164638815306382,0.0285012166275319,0.86604741719113,0.910210977476246,"LOAD_vs_CN",402,"study_1"
"HBG1",-0.28373625368515,0.116434226265802,5.93838482014836,0.0152826776628925,0.0462519804158905,"LOAD_vs_CN",402,"study_1"
"HCRT",-0.0460344502785878,0.0242131291424066,3.61463197478539,0.0581688074599508,0.128909582983826,"LOAD_vs_CN",402,"study_1"
"HDHD2",0.106211725615547,0.0248137552722785,18.3214541636053,2.5134889233989e-05,0.00023546821232387,"LOAD_vs_CN",381,"study_1"
"HEBP2",0.014780886987246,0.0206155476146064,0.514056957907345,0.473868533784155,0.599903592216918,"LOAD_vs_CN",384,"study_1"
"HEG1",0.00208933579441878,0.0171077470656193,0.0149152606739221,0.902873842324216,0.935557058335953,"LOAD_vs_CN",402,"study_1"
"HEPACAM",0.0149262905065665,0.0160923495057512,0.860329603852376,0.354255649052705,0.489685374042672,"LOAD_vs_CN",402,"study_1"
"HEPH",-0.0509294898353921,0.0236841871442581,4.62404107822545,0.0323982164821443,0.0836750929444855,"LOAD_vs_CN",279,"study_1"
"HGFAC",-0.123976005405673,0.0389458284125374,10.133357992318,0.00158355255595385,0.0079408803353306,"LOAD_vs_CN",402,"study_1"
"HHIP",-0.0317941491021792,0.0313499626268727,1.02853803947131,0.311259823989427,0.444467192472373,"LOAD_vs_CN",354,"study_1"
"H2BC12",-0.203522459926035,0.0507152787108495,16.1044928662215,7.57773079343507e-05,0.00061975012560594,"LOAD_vs_CN",402,"study_1"
"H4C1",-0.268249936379383,0.0556914669274256,23.2007455116046,2.3013564336779e-06,2.6350531165612e-05,"LOAD_vs_CN",402,"study_1"
"HK1",0.0808482009210965,0.0166318327812405,23.6298247440644,1.89921442644419e-06,2.21145815418163e-05,"LOAD_vs_CN",402,"study_1"
"HLA-A",0.00159906894037881,0.0455676466095003,0.00123146245775824,0.972028404752822,0.980592531666944,"LOAD_vs_CN",402,"study_1"
"HLA-B",-0.00368997049699749,0.0389652821719928,0.00896788718838902,0.924612629318849,0.950437221459425,"LOAD_vs_CN",402,"study_1"
"HLA-C",0.166214854364441,0.0835937845094382,3.95359056979445,0.0481145879856026,0.112558644538396,"LOAD_vs_CN",275,"study_1"
"HLA-DRA",0.0424349793334241,0.0416425221010823,1.03842214269901,0.30893404517559,0.443084945794636,"LOAD_vs_CN",402,"study_1"
"HLA-DRB1",0.0963447016103101,0.0559190466086163,2.96849386313693,0.0858988772423439,0.17121623403914,"LOAD_vs_CN",375,"study_1"
"HLA-E",-0.0151302569566187,0.0263544234300008,0.329598759636978,0.566269127628353,0.685961123718905,"LOAD_vs_CN",388,"study_1"
"HMCN1",-0.0613275502470409,0.0193612347254773,10.033330855991,0.00169741143251329,0.00836929416844472,"LOAD_vs_CN",402,"study_1"
"HNRNPA2B1",-0.0262426049971695,0.0455735817646695,0.331579415871079,0.565194570438878,0.685961123718905,"LOAD_vs_CN",355,"study_1"
"HNRNPK",-0.121363329587995,0.06010613795874,4.07696814204974,0.0443930060818353,0.106408651445798,"LOAD_vs_CN",301,"study_1"
"HPR",-0.040498973052805,0.0652024337940362,0.385798387328565,0.534929630372613,0.657810243554866,"LOAD_vs_CN",402,"study_1"
"HPRT1",0.220106260713625,0.021123835280913,108.572352253981,1.37940784191475e-22,7.28963990304179e-21,"LOAD_vs_CN",402,"study_1"
"HRNR",-0.167390560196643,0.137537209462844,1.48122662025668,0.224490082224682,0.351576033028168,"LOAD_vs_CN",383,"study_1"
"HS3ST1",0.00151829097728379,0.0256146428475091,0.00351344704995765,0.952777988761765,0.967902802728077,"LOAD_vs_CN",283,"study_1"
"HS6ST1",0.0327028954668664,0.0128548678669562,6.47198017700726,0.0114117501608639,0.0373213371599009,"LOAD_vs_CN",402,"study_1"
"HS6ST2",-0.0145596851593773,0.0283970941737862,0.262879163571999,0.608508304651254,0.722754548539735,"LOAD_vs_CN",350,"study_1"
"HS6ST3",-0.00901301233202489,0.0230335284817701,0.153115439834389,0.695830140799714,0.788837139817498,"LOAD_vs_CN",402,"study_1"
"HSP90AA1",0.104733554649075,0.0231055016786907,20.5466433386511,7.7935767689098e-06,8.19518455138934e-05,"LOAD_vs_CN",402,"study_1"
"HSP90AB1",0.0280595013332749,0.0300503687956645,0.871887165214123,0.351229205562952,0.486480774640621,"LOAD_vs_CN",358,"study_1"
"HSP90B1",0.0249306599491526,0.020551909958701,1.47150984811939,0.225978941259919,0.352835301467191,"LOAD_vs_CN",402,"study_1"
"HSPA13",-0.0304292019669783,0.011885076751838,6.55506713777202,0.0108888169598707,0.0360222339555272,"LOAD_vs_CN",402,"study_1"
"HSPA1A",0.0503825685444954,0.020573221511548,5.99730318496117,0.0148294792751534,0.0452123621096023,"LOAD_vs_CN",402,"study_1"
"HSPA2",0.0369341669911704,0.0193632477462141,3.63831429341149,0.0574117704275726,0.127368846987327,"LOAD_vs_CN",402,"study_1"
"HSPA4",0.0758550029374679,0.0320931629313475,5.58654648842448,0.0186822190335441,0.0543075506743785,"LOAD_vs_CN",356,"study_1"
"HSPB1",-0.0169293627250849,0.0361374463090673,0.219465521590834,0.639705643583056,0.746564740331075,"LOAD_vs_CN",402,"study_1"
"HSPE1",0.114959336419452,0.0199031414807682,33.3614744184092,1.5745830158674e-08,2.53532468414274e-07,"LOAD_vs_CN",402,"study_1"
"HYAL1",-0.0746136475254176,0.018867993493382,15.638140359623,9.21731639938156e-05,0.000725072103020053,"LOAD_vs_CN",402,"study_1"
"ICAM1",-0.00475831867025023,0.0212191464585312,0.0502864788955494,0.82268735811443,0.879439131262365,"LOAD_vs_CN",402,"study_1"
"ICAM2",-0.0192020586801036,0.01658286550882,1.34083836571697,0.247741621130418,0.377308134099833,"LOAD_vs_CN",402,"study_1"
"IDH1",0.0325404671091911,0.0152800976558503,4.53518811587906,0.0339173247107931,0.0867290399862835,"LOAD_vs_CN",402,"study_1"
"IDUA",-0.0669426236144864,0.0296286165828845,5.10484677040752,0.024468767332219,0.0672401726289379,"LOAD_vs_CN",394,"study_1"
"IFI30",-0.0772379669529543,0.0289012042909604,7.14216349998838,0.00790032891603873,0.0281479160329889,"LOAD_vs_CN",402,"study_1"
"IFI6",-0.0213420266235494,0.0294401820402499,0.525521311269352,0.469104935395401,0.595579417076931,"LOAD_vs_CN",299,"study_1"
"IFNAR1",-0.0606890530874052,0.0273491448651325,4.92417205834428,0.0273103116948941,0.0730994187054242,"LOAD_vs_CN",315,"study_1"
"IFNAR2",-0.018398767045538,0.019629286506421,0.878553904876539,0.34931218167224,0.485051389828933,"LOAD_vs_CN",379,"study_1"
"IFNGR1",-0.00709629769130155,0.0206560962023771,0.118023137801723,0.731425697875078,0.816171284959684,"LOAD_vs_CN",327,"study_1"
"IGF1",-0.0334046727391326,0.0192480852348568,3.0118918719257,0.0835557388611847,0.167844422800099,"LOAD_vs_CN",394,"study_1"
"IGF2R",0.0286094124460715,0.00862252948660487,11.0090159540996,0.00100888533220425,0.00537290095522731,"LOAD_vs_CN",402,"study_1"
"IGFALS",-0.134490393619848,0.0415650423035951,10.4695032395383,0.00132440297547577,0.00675642211003852,"LOAD_vs_CN",402,"study_1"
"IGFBP3",0.0032926633024179,0.0308141744410177,0.0114180929244065,0.914971959603858,0.943822426798574,"LOAD_vs_CN",402,"study_1"
"IGFBPL1",-0.0595540108021432,0.0276685085618369,4.6328744540771,0.0320645005559206,0.083125705214783,"LOAD_vs_CN",380,"study_1"
"IGHD",-0.0689388747401871,0.0936348456085234,0.54206751688929,0.462121776700249,0.588284732414586,"LOAD_vs_CN",402,"study_1"
"IGHV1-18",-0.0771723652776062,0.0518184718642205,2.2179636267091,0.137330936442863,0.243579225480843,"LOAD_vs_CN",402,"study_1"
"IGHV1-2",-0.0712338835962441,0.0643946290720718,1.22369716172223,0.269381524902538,0.400573825991436,"LOAD_vs_CN",385,"study_1"
"IGHV1-24",-0.133265514761405,0.0619107995254333,4.63343139654932,0.032006818460441,0.0830806710919003,"LOAD_vs_CN",381,"study_1"
"IGHV1-3",-0.130077077784278,0.0750150883835618,3.00679827937983,0.0846024914791331,0.169287121299508,"LOAD_vs_CN",217,"study_1"
"IGHV1-46",-0.0197640203291118,0.0543846479268965,0.13206810341747,0.716530161628238,0.804778563005885,"LOAD_vs_CN",394,"study_1"
"IGHV1-58",-0.0794565690649188,0.0624470074822825,1.61896087623829,0.204018871526163,0.327483428997366,"LOAD_vs_CN",402,"study_1"
"IGHV1-69",-0.0525218726265557,0.0524151130987324,1.0040777648217,0.31702259318873,0.449988680827805,"LOAD_vs_CN",402,"study_1"
"IGHV1-8",-0.149520023550334,0.142842012385847,1.09568771819309,0.296072504424219,0.429117743754089,"LOAD_vs_CN",360,"study_1"
"IGHV2-26",-0.128588448989892,0.0573467733679464,5.02789201273282,0.0255693461362679,0.0697992349494676,"LOAD_vs_CN",402,"study_1"
"IGHV2-5",-0.092029687485347,0.0643915822228366,2.04266760395447,0.153918114796644,0.267474902694674,"LOAD_vs_CN",402,"study_1"
"IGHV2-70",0.00526724709735227,0.0708790705827181,0.00552244445851743,0.940808227879538,0.959428875635689,"LOAD_vs_CN",402,"study_1"
"IGHV2-70D",0.138229036372875,0.0977743683389573,1.9987041908336,0.158431449863318,0.273244534032049,"LOAD_vs_CN",402,"study_1"
"IGHV3-11",-0.103776980787359,0.0487028614014514,4.54038946714959,0.0337878604928287,0.0865053173611428,"LOAD_vs_CN",402,"study_1"
"IGHV3-13",-0.148374168666917,0.0575200810197373,6.65392067463053,0.0103090606167305,0.0347740980868764,"LOAD_vs_CN",402,"study_1"
"IGHV3-15",-0.0924499976140263,0.0475649195874164,3.77781141761049,0.0527106395491862,0.120360079446067,"LOAD_vs_CN",402,"study_1"
"IGHV3-20",-0.129842002820033,0.064077645747012,4.1059846130037,0.0435080561859125,0.10500012154469,"LOAD_vs_CN",402,"study_1"
"IGHV3-21",-0.0504101750266618,0.0526492067449284,0.916753858192234,0.338968734659911,0.474924923272655,"LOAD_vs_CN",402,"study_1"
"IGHV3-23",-0.0677173421366967,0.0581894695955904,1.35428793930336,0.245597333515362,0.375780329899898,"LOAD_vs_CN",375,"study_1"
"IGHV3-43",-0.0581731199887917,0.0527601163039088,1.21571905905372,0.270971405281455,0.40235739645899,"LOAD_vs_CN",402,"study_1"
"IGHV3-48",-0.0994128959185026,0.0495385474783339,4.02716026547416,0.0455619860123141,0.108183471395598,"LOAD_vs_CN",402,"study_1"
"IGHV3-49",-0.122295498196879,0.0531489464041021,5.29458130333108,0.0219733286489237,0.0620370278704545,"LOAD_vs_CN",402,"study_1"
"IGHV3-64",-0.120572055133577,0.0514186205736548,5.4986045101068,0.0195476379460559,0.0564253246594136,"LOAD_vs_CN",402,"study_1"
"IGHV3-64D",-0.0556604693758046,0.0509177380444115,1.19496593182451,0.275207527421939,0.406305669066344,"LOAD_vs_CN",402,"study_1"
"IGHV3-66",-0.0931850685812605,0.051316608879672,3.29743891821057,0.0701961901305544,0.147626885570482,"LOAD_vs_CN",402,"study_1"
"IGHV3-7",-0.102533718118658,0.0506334288651939,4.10070696009478,0.0436111795114609,0.105125895874995,"LOAD_vs_CN",402,"study_1"
"IGHV3-73",-0.105577272439892,0.0455030209710459,5.38344666209182,0.0209021703977808,0.0597494773783997,"LOAD_vs_CN",402,"study_1"
"IGHV3-9",-0.108161038368855,0.0468177387153482,5.33729034484123,0.021507466573624,0.0610563203970234,"LOAD_vs_CN",402,"study_1"
"IGHV4-28",-0.0550066873396196,0.0536461445581507,1.05136605607221,0.305914856967407,0.439979427920326,"LOAD_vs_CN",402,"study_1"
"IGHV4-30-2",0.0110462596141813,0.101794236889674,0.0117756288799406,0.913681583633697,0.943822426798574,"LOAD_vs_CN",322,"study_1"
"IGHV4-34",-0.0979180249906401,0.0521139722207329,3.53034327276557,0.061094676440299,0.133244580045985,"LOAD_vs_CN",402,"study_1"
"IGHV4-4",-0.205362709172615,0.0798205719190658,6.61932187009657,0.0105454555515259,0.0351755816913231,"LOAD_vs_CN",402,"study_1"
"IGHV5-10-1",-0.127107680285835,0.0975115414333007,1.69914930605933,0.193250701642642,0.316605481784964,"LOAD_vs_CN",402,"study_1"
"IGHV5-51",-0.110181442140848,0.0472022603918515,5.44868012049122,0.0201672819968579,0.0578896492973874,"LOAD_vs_CN",402,"study_1"
"IGHV6-1",-0.0733805079399712,0.0569341727576893,1.6611750423186,0.198233376172453,0.320187294899236,"LOAD_vs_CN",402,"study_1"
"IGHV7-4-1",-0.0748929601113042,0.0800212860678386,0.875933101550553,0.350002251182033,0.485107356883772,"LOAD_vs_CN",373,"study_1"
"IGKJ1",-0.0915436338032845,0.0571975816194161,2.56153893751116,0.110380172993348,0.207377881986591,"LOAD_vs_CN",402,"study_1"
"IGKV1-12",-0.0794835189642115,0.0424573477142753,3.50468065639859,0.0619831000104249,0.134742404136135,"LOAD_vs_CN",402,"study_1"
"IGKV1-16",-0.1192474877396,0.0494424149718337,5.81700083107372,0.0163826715406573,0.0488237393644391,"LOAD_vs_CN",402,"study_1"
"IGKV1-27",-0.103530443911227,0.0536553374420714,3.72314792227879,0.0544407297967346,0.123570863558447,"LOAD_vs_CN",402,"study_1"
"IGKV1-39",-0.0974795272911311,0.0515974334471718,3.56919790900565,0.0596934222019682,0.130978930406668,"LOAD_vs_CN",402,"study_1"
"IGKV1-6",-0.0978904310750263,0.0550900066560879,3.15743800627474,0.0765416217035817,0.156500280090359,"LOAD_vs_CN",402,"study_1"
"IGKV1-8",-0.143671262254675,0.0502003520253033,8.1907993947021,0.00449388616416336,0.0180543847647967,"LOAD_vs_CN",339,"study_1"
"IGKV1-9",-0.140245401821337,0.0497918472580407,7.9334261748564,0.00512694554694045,0.0198995005127011,"LOAD_vs_CN",402,"study_1"
"IGKV1D-13",0.0734547251954554,0.0841600447036204,0.761776483586198,0.383529621452472,0.517991185985286,"LOAD_vs_CN",337,"study_1"
"IGKV1D-17",0.0416819218509216,0.0656973750083398,0.402531095637823,0.526191004885623,0.649389018604353,"LOAD_vs_CN",402,"study_1"
"IGKV2-24",-0.0910563720827623,0.0532073343289749,2.92871885330462,0.0878583582336877,0.174035876823757,"LOAD_vs_CN",402,"study_1"
"IGKV2-29",-0.0644689849345226,0.0687856176016765,0.878428428893678,0.349226866086436,0.485051389828933,"LOAD_vs_CN",402,"study_1"
"IGKV2-30",-0.0493163741195992,0.048885149820911,1.01772015640981,0.313734723431989,0.446860583962218,"LOAD_vs_CN",402,"study_1"
"IGKV2-40",-0.105296707501195,0.0403049326622801,6.82516544396867,0.00938249950020795,0.0321752603492988,"LOAD_vs_CN",402,"study_1"
"IGKV2D-26",-0.0213104484199794,0.0659356219601112,0.104458783138945,0.746737079368277,0.824772304704191,"LOAD_vs_CN",389,"study_1"
"IGKV2D-29",-0.0115897108637208,0.0575035927472516,0.0406214333422668,0.840461042360577,0.892421539569886,"LOAD_vs_CN",287,"study_1"
"IGKV3-11",-0.0776797262523068,0.0516660236024962,2.2605040882843,0.133644510121207,0.23930611238906,"LOAD_vs_CN",402,"study_1"
"IGKV3-15",-0.0592872805695984,0.0517078749988293,1.31464859028536,0.252351327719314,0.380878566380439,"LOAD_vs_CN",402,"study_1"
"IGKV3D-15",-0.0207297895938293,0.0663416933283406,0.0976375073011166,0.754869933598123,0.829753031011056,"LOAD_vs_CN",402,"study_1"
"IGKV3D-20",-0.0253484809327406,0.0582093480322199,0.189634960955981,0.663526327821912,0.762345275637565,"LOAD_vs_CN",402,"study_1"
"IGKV3D-7",-0.036658888264985,0.0525193783772473,0.48721362643914,0.485698519083675,0.608155922133326,"LOAD_vs_CN",401,"study_1"
"IGKV6-21",-0.037096424330771,0.0542284691793865,0.467960731879881,0.494388284187833,0.616042475036956,"LOAD_vs_CN",402,"study_1"
"IGKV6D-21",0.0821405576538768,0.0932554797156593,0.775830007058415,0.379187379137055,0.514000651037007,"LOAD_vs_CN",331,"study_1"
"IGLC7",-0.0142924989347113,0.0536240788803553,0.0710389684677522,0.789993315535625,0.855583932379886,"LOAD_vs_CN",402,"study_1"
"IGLL1",-0.139209841937237,0.0565259591088165,6.06518428037166,0.0142611494782046,0.0441324760879574,"LOAD_vs_CN",402,"study_1"
"IGLV1-36",-0.112338708617672,0.0465748429964375,5.81776340071964,0.0163676700041945,0.0488237393644391,"LOAD_vs_CN",368,"study_1"
"IGLV1-40",-0.15862334469724,0.0511430934811434,9.61967099866535,0.00209003931869359,0.00978993417233519,"LOAD_vs_CN",402,"study_1"
"IGLV1-44",-0.138489686460447,0.0584154122686016,5.6205649641369,0.0183249263867719,0.0534196227484255,"LOAD_vs_CN",352,"study_1"
"IGLV1-47",-0.135659479138439,0.0462811108029495,8.59196981351234,0.00362388162692369,0.0153679424549171,"LOAD_vs_CN",402,"study_1"
"IGLV1-51",-0.00403952746470826,0.0511009305935007,0.00624889910073301,0.937039452926125,0.957480571383611,"LOAD_vs_CN",402,"study_1"
"IGLV10-54",-0.118632106935752,0.0917194241807552,1.67294571242952,0.196723420826689,0.319249582932131,"LOAD_vs_CN",402,"study_1"
"IGLV2-11",-0.0280898599536009,0.0701857907788959,0.160177220429615,0.6892484106524,0.783530598099612,"LOAD_vs_CN",402,"study_1"
"IGLV2-18",0.00340666513350218,0.0753471203683124,0.0020442103048212,0.963968442684577,0.974847379967082,"LOAD_vs_CN",401,"study_1"
"IGLV2-23",-0.0669893610505294,0.0774102083075406,0.748885115278176,0.387498815932725,0.521302258248921,"LOAD_vs_CN",402,"study_1"
"IGLV2-8",-0.0837384177083191,0.0521188177836022,2.581430212876,0.109043161369948,0.205803988629545,"LOAD_vs_CN",402,"study_1"
"IGLV3-1",-0.117318022315294,0.0586055781591864,4.0072972380606,0.0461039902389547,0.109218763083317,"LOAD_vs_CN",375,"study_1"
"IGLV3-12",-0.18709661082513,0.0657168155969087,8.10548150606795,0.00475050531827754,0.0187923060671209,"LOAD_vs_CN",299,"study_1"
"IGLV3-25",-0.0406270127241467,0.0489089843000947,0.690005404755084,0.406751319871579,0.538708743310466,"LOAD_vs_CN",402,"study_1"
"IGLV3-27",-0.11961047996918,0.0572618779328511,4.36322182093607,0.0376449224769018,0.0943870866482903,"LOAD_vs_CN",402,"study_1"
"IGLV3-9",-0.0143210794231849,0.0578883769921248,0.0612024432146991,0.804761903046309,0.867930027304261,"LOAD_vs_CN",402,"study_1"
"IGLV4-60",-0.221746255822488,0.0991092512453536,5.00592341136462,0.0259858525045265,0.0703769277422195,"LOAD_vs_CN",396,"study_1"
"IGLV4-69",-0.186183157207616,0.0650488778945249,8.19221162342466,0.00445703108949952,0.0179764013218366,"LOAD_vs_CN",402,"study_1"
"IGLV5-37",-0.144783285980121,0.0932612012570918,2.41009880814249,0.121537190918727,0.22385000043208,"LOAD_vs_CN",386,"study_1"
"IGLV5-45",-0.21315854124323,0.0730367196099593,8.51771218392995,0.00376693784310106,0.0158119325756238,"LOAD_vs_CN",402,"study_1"
"IGLV6-57",-0.0515380313201944,0.0509835827697124,1.02186834841898,0.312753810342439,0.445771509761941,"LOAD_vs_CN",402,"study_1"
"IGLV7-46",-0.15381840640634,0.0558414425946631,7.58758128851518,0.00616481056451676,0.0232279242659397,"LOAD_vs_CN",402,"study_1"
"IGLV8-61",-0.145609677735845,0.0797891619960328,3.33037144143804,0.0688760153688944,0.145648801315164,"LOAD_vs_CN",402,"study_1"
"IGLV9-49",-0.0317822125324793,0.0714381049365526,0.1979285323414,0.656649201336661,0.757757001094546,"LOAD_vs_CN",402,"study_1"
"IGSF1",-0.0364507153216847,0.0166560178645046,4.78927478049986,0.0293751457515769,0.0778177061619538,"LOAD_vs_CN",402,"study_1"
"IGSF11",-0.00522378686587451,0.0204073097090465,0.0655238469351919,0.798166407861681,0.863075008710874,"LOAD_vs_CN",342,"study_1"
"IGSF21",-0.033765857317081,0.0155111541770902,4.738788573913,0.0301608515782216,0.0793889081771581,"LOAD_vs_CN",402,"study_1"
"IL18BP",0.073281571829416,0.020186018733521,13.1791744932427,0.000330815635028756,0.00210694518199662,"LOAD_vs_CN",402,"study_1"
"IL1RAP",-0.0627012266549305,0.0292037480143254,4.60972363994114,0.0324945462944055,0.0838188484515265,"LOAD_vs_CN",402,"study_1"
"IL1RAPL1",-0.0564874506625862,0.0260926075136401,4.68671976946754,0.0311086467364984,0.0814674979973612,"LOAD_vs_CN",365,"study_1"
"IL6R",-0.0514623044227847,0.0240698149408058,4.57122877184889,0.0332965744670176,0.085459825624562,"LOAD_vs_CN",402,"study_1"
"IMPA1",0.0671867775711751,0.0160719636454007,17.4755052531952,3.74930992252835e-05,0.000331644967825362,"LOAD_vs_CN",402,"study_1"
"INAFM1",0.0152549897464637,0.0247589058542529,0.379630365694323,0.538239409885426,0.66069769134834,"LOAD_vs_CN",402,"study_1"
"INAFM2",0.00147780073203191,0.0185654964856477,0.00633605034084191,0.936596914261678,0.957480571383611,"LOAD_vs_CN",402,"study_1"
"INHBB",-0.0142863030976033,0.0320979850787944,0.198099864309314,0.656609095464866,0.757757001094546,"LOAD_vs_CN",279,"study_1"
"INHBC",-0.058469337850371,0.0606037288698123,0.930802750720071,0.335633423220468,0.471212864616746,"LOAD_vs_CN",274,"study_1"
"INSR",-0.0958608776828092,0.0362497601414277,6.99314490652709,0.00883264924135319,0.0308543899769982,"LOAD_vs_CN",216,"study_1"
"ISLR2",0.0586395007909821,0.0197452925516115,8.81969127539591,0.00318462312414678,0.0139057378365816,"LOAD_vs_CN",402,"study_1"
"ITGA1",0.0192783631677992,0.035781129339995,0.290290101282967,0.590558224639673,0.706407719664751,"LOAD_vs_CN",327,"study_1"
"ITGA7",-0.0148325180269872,0.0314478354629613,0.222458114819226,0.637617739024532,0.744971746105193,"LOAD_vs_CN",351,"study_1"
"ITGAM",0.191194623362749,0.0269891783146356,50.1847800498334,8.75416916136712e-12,2.00470473795307e-10,"LOAD_vs_CN",373,"study_1"
"ITGB1",-0.0305873255025736,0.0141524162250564,4.6711286006179,0.0313198295097624,0.0815027381560863,"LOAD_vs_CN",402,"study_1"
"ITGB2",0.352583554601681,0.0247736126302371,202.556142949444,3.99733479087293e-36,4.84618059058183e-34,"LOAD_vs_CN",371,"study_1"
"ITGB4",0.0405186565307643,0.0232199285178395,3.04500715424765,0.08199552941951,0.165584073332266,"LOAD_vs_CN",327,"study_1"
"ITGBL1",-0.0239638196339846,0.0241643055998439,0.983475273402836,0.322236815422961,0.454572263235266,"LOAD_vs_CN",375,"study_1"
"ITIH3",-0.0325803183144964,0.0413356022262902,0.62124385729956,0.431077577939029,0.559647008307253,"LOAD_vs_CN",402,"study_1"
"ITM2A",-0.0433535422520882,0.0183642001840779,5.57320655281273,0.0188249650745805,0.0546454267869161,"LOAD_vs_CN",402,"study_1"
"ITM2C",-0.0718778307175054,0.0227508544736529,9.98146982496011,0.00170506357945131,0.00838695951610774,"LOAD_vs_CN",402,"study_1"
"JAG1",-0.0596222270043323,0.0143381009987662,17.2915178338786,4.02705892343576e-05,0.000352418273637705,"LOAD_vs_CN",402,"study_1"
"JAG2",-0.000162564902253137,0.0289470322547324,3.15388231870007e-05,0.995522666127183,0.997306292793305,"LOAD_vs_CN",321,"study_1"
"JAM2",-0.0332869784392661,0.0117390798373747,8.04045520786504,0.00484132522860232,0.0190783389983736,"LOAD_vs_CN",402,"study_1"
"JAM3",0.0393113692442872,0.0167165285245947,5.53024223087299,0.0192896598903351,0.0558370632499728,"LOAD_vs_CN",385,"study_1"
"JAML",0.0168572504557885,0.040992809253539,0.169105648926045,0.681190593033684,0.776082814948824,"LOAD_vs_CN",341,"study_1"
"JCHAIN",-0.128194038651619,0.0773704587914228,2.74527158818313,0.0985794542227567,0.18936558919079,"LOAD_vs_CN",402,"study_1"
"JMJD8",-0.029030056270673,0.0414763703876482,0.489885141305675,0.484806756445594,0.607777813281246,"LOAD_vs_CN",262,"study_1"
"JUP",0.0183539691531653,0.0885653381428098,0.0429469597024954,0.836006512436631,0.888607231630684,"LOAD_vs_CN",287,"study_1"
"KCTD12",-0.0224850033193965,0.0173120855131,1.68689144129293,0.194879011695941,0.317255642263298,"LOAD_vs_CN",389,"study_1"
"KDR",0.000735953145086454,0.024403437458148,0.000909490822003702,0.975961620635948,0.981677354871005,"LOAD_vs_CN",327,"study_1"
"KIAA0319L",0.0272032273380338,0.0139022817297456,3.8288529865698,0.0511204162858486,0.117812421323395,"LOAD_vs_CN",402,"study_1"
"KIAA1549L",-0.00561874611520574,0.0248423246183302,0.0511557377944029,0.821203952799327,0.878982130882339,"LOAD_vs_CN",402,"study_1"
"KIRREL3",0.0553115372466823,0.0295166271090696,3.51154307384714,0.0620429604683127,0.134742404136135,"LOAD_vs_CN",292,"study_1"
"KITLG",0.000835713275283513,0.0187371030885057,0.00198934318067765,0.964460537281062,0.974866683342947,"LOAD_vs_CN",340,"study_1"
"KLK10",-0.0624311945590674,0.0290010821848626,4.63420115936848,0.0323502023632935,0.0836559185329335,"LOAD_vs_CN",297,"study_1"
"KLK11",-0.0421370633285884,0.0302309643589881,1.9427840408961,0.164278830832135,0.279782651347227,"LOAD_vs_CN",402,"study_1"
"KLK7",-0.0407022318407095,0.0381526730367671,1.13811594011905,0.28697814906217,0.419179280805906,"LOAD_vs_CN",394,"study_1"
"KREMEN1",-0.0382430067860899,0.0382058346324012,1.0019468354646,0.318130517976006,0.450940163375893,"LOAD_vs_CN",243,"study_1"
"KRT14",0.000477917799662775,0.0919251975688695,2.70294536698468e-05,0.995854609688802,0.997306292793305,"LOAD_vs_CN",402,"study_1"
"KRT16",-0.0315756676739913,0.0911698925572298,0.11995053771456,0.729280652948579,0.814659851342559,"LOAD_vs_CN",402,"study_1"
"KRT17",-0.064483154061222,0.114393055407276,0.317755607814997,0.573294073508639,0.691374538034701,"LOAD_vs_CN",401,"study_1"
"KRT5",0.0302564952427216,0.0946607678174297,0.102163836805417,0.749446263187262,0.825993983117084,"LOAD_vs_CN",402,"study_1"
"KRT6B",-0.0371307870989878,0.115166672070163,0.103947650197172,0.747325684211745,0.824980308066635,"LOAD_vs_CN",402,"study_1"
"LAIR1",0.113366670527918,0.0434420922555824,6.81003457575724,0.00951341248393281,0.0325159919226957,"LOAD_vs_CN",402,"study_1"
"LAMA4",0.00131677752164922,0.0170398437775349,0.00597163962022579,0.938451587047302,0.957973611146355,"LOAD_vs_CN",402,"study_1"
"LAMA5",-0.0179724550312748,0.0233194694788455,0.593987737584085,0.441804069026103,0.569454775649029,"LOAD_vs_CN",402,"study_1"
"LAMB2",-0.00429832148222777,0.00867673015946843,0.245406242522232,0.62071566230815,0.733120332388021,"LOAD_vs_CN",402,"study_1"
"LAMC3",-0.0342252015695695,0.0198657688643099,2.96811875240116,0.085853801298977,0.17121623403914,"LOAD_vs_CN",402,"study_1"
"LAMP5",0.102529700877399,0.0162351611285408,39.8828490050248,8.18129667041624e-10,1.5328774943389e-08,"LOAD_vs_CN",402,"study_1"
"LAP3",-0.000776078822097209,0.0276235609292875,0.000789318605775121,0.977605522502437,0.982851210671962,"LOAD_vs_CN",341,"study_1"
"LARGE1",-0.0149502319780901,0.025702110854088,0.338343843350582,0.561238669013883,0.682024113701423,"LOAD_vs_CN",355,"study_1"
"LASP1",0.14405955774244,0.0298471961586518,23.2957702607373,2.13237587864512e-06,2.45521043904335e-05,"LOAD_vs_CN",361,"study_1"
"LAYN",0.0820066634332054,0.0332090874222689,6.09795761969848,0.0140986734001459,0.0436995583868351,"LOAD_vs_CN",370,"study_1"
"LBP",-0.11887259200283,0.0400444983828619,8.81206616570119,0.00319460514294717,0.0139198334029897,"LOAD_vs_CN",402,"study_1"
"LCN2",-0.0866622115075486,0.0325304589567496,7.09707106210732,0.00806486610295477,0.0286580845486031,"LOAD_vs_CN",402,"study_1"
"LCP1",-0.0420271966424569,0.0236231473492262,3.16508462566024,0.0760495213487102,0.155671240257967,"LOAD_vs_CN",402,"study_1"
"LDLR",-0.0649027200724892,0.0209958086398701,9.55565772212272,0.00216515208509261,0.0100730890459952,"LOAD_vs_CN",394,"study_1"
"LECT2",-0.177324549434536,0.0417410026401004,18.0472891422326,2.73837910224393e-05,0.000254225195032646,"LOAD_vs_CN",402,"study_1"
"LFNG",0.0177054597596924,0.0135077964685806,1.71808798548866,0.190751894665559,0.313969175019459,"LOAD_vs_CN",402,"study_1"
"LGALS3",-0.057780208271694,0.017316345380411,11.1338592581153,0.000929913913016001,0.00503032171844089,"LOAD_vs_CN",402,"study_1"
"LGI1",-0.0426177905512986,0.0182465586329695,5.45531619011338,0.0200430425579526,0.0576132645912697,"LOAD_vs_CN",402,"study_1"
"LGMN",-0.0841731229278322,0.0265769153187,10.0308499850652,0.00168117678605493,0.00836929416844472,"LOAD_vs_CN",394,"study_1"
"LHPP",0.0999928530988425,0.0191890973474485,27.1536883049678,3.20932275267395e-07,4.35158828504014e-06,"LOAD_vs_CN",402,"study_1"
"LILRA2",0.127956964176683,0.030952787655643,17.0894591691443,4.45347909380871e-05,0.000385656319846208,"LOAD_vs_CN",402,"study_1"
"LILRB1",0.0314496116075299,0.0206560884902802,2.31811192962875,0.128831497837645,0.233208174661472,"LOAD_vs_CN",392,"study_1"
"LILRB4",0.0129281053438255,0.0236780930081462,0.298109846032133,0.585469994251075,0.701950935515686,"LOAD_vs_CN",394,"study_1"
"LINGO3",-0.139348406551008,0.027689019123378,25.327298645248,7.91360419665441e-07,9.76643008940404e-06,"LOAD_vs_CN",402,"study_1"
"LIPA",-0.0365833018794731,0.0291037379394434,1.58004064610254,0.20966439595873,0.334198236713799,"LOAD_vs_CN",402,"study_1"
"LMNA",-0.156863754525608,0.0634967861795345,6.10297684482954,0.0140223777892506,0.0435899255258604,"LOAD_vs_CN",321,"study_1"
"LNPEP",0.0141387169282954,0.0197745931642464,0.511216525862226,0.475046061820398,0.600483181565934,"LOAD_vs_CN",402,"study_1"
"LOXL1",-0.0019417555990866,0.0216199182330725,0.00806642384564025,0.928492513212723,0.953474374554769,"LOAD_vs_CN",377,"study_1"
"LOXL3",-0.00057986826391021,0.0263604497373564,0.000483897134166979,0.982466781656435,0.986021543037544,"LOAD_vs_CN",313,"study_1"
"LPA",-0.14797707880997,0.0872148188979536,2.87877904570499,0.0906252584660272,0.178054011152032,"LOAD_vs_CN",402,"study_1"
"LPL",0.0332352540921373,0.0275838956608097,1.45173318381295,0.229360585434718,0.357303224928915,"LOAD_vs_CN",284,"study_1"
"LRFN2",-0.0325673439318601,0.0316063990983865,1.06173135184882,0.303659851338103,0.437346578342299,"LOAD_vs_CN",385,"study_1"
"LRIG1",-0.043002142172016,0.0225442666090741,3.63837918017173,0.0572828618559224,0.127219804186483,"LOAD_vs_CN",362,"study_1"
"LRIG2",0.00128167881375008,0.0149821755551319,0.00731827369556193,0.93187622656387,0.955996467370899,"LOAD_vs_CN",402,"study_1"
"LRP11",-0.0222826740668169,0.0159736496152011,1.94592594196844,0.163862848016916,0.279339395999059,"LOAD_vs_CN",402,"study_1"
"LRP1B",-0.00465851211777801,0.015258297476976,0.0932142487281375,0.760317745384494,0.833518549594384,"LOAD_vs_CN",402,"study_1"
"LRP2",-0.00436193583061931,0.03604881798176,0.0146411937065197,0.90378293393902,0.936028455702673,"LOAD_vs_CN",275,"study_1"
"LRP4",0.0678793881559379,0.0209658212361709,10.4821912960673,0.00131396374742386,0.00675331492129821,"LOAD_vs_CN",385,"study_1"
"LRP8",-0.064567702164926,0.0145907823792718,19.5827419902601,1.26286379848921e-05,0.000130138114434313,"LOAD_vs_CN",402,"study_1"
"LRPAP1",0.0123700657318409,0.026481920077682,0.218195140332623,0.640764443022022,0.746926247476974,"LOAD_vs_CN",387,"study_1"
"LRRC4",-0.0143196200957571,0.0162685046390441,0.774760946982708,0.379338106372583,0.514000651037007,"LOAD_vs_CN",402,"study_1"
"LRRC4C",0.0195261815985657,0.0319429740791382,0.373666315704841,0.541416687971175,0.663412481515214,"LOAD_vs_CN",359,"study_1"
"LRRN1",-0.0180835797871746,0.0104875991967978,2.97314883277468,0.0854977216562209,0.170746903423906,"LOAD_vs_CN",402,"study_1"
"LRRTM2",-0.0264749068331692,0.0164303865522259,2.59641027320072,0.108018021337264,0.204243249519359,"LOAD_vs_CN",402,"study_1"
"LRTM2",-0.0455047727958171,0.0235613550651709,3.73003899817518,0.0542028595569853,0.123302531508771,"LOAD_vs_CN",402,"study_1"
"LSR",-0.0343018248187137,0.0154267422896545,4.94408581523899,0.0268167614275,0.0720591203416916,"LOAD_vs_CN",402,"study_1"
"LTA4H",-0.0194828643387011,0.0236365817106377,0.679416787656096,0.410279409910957,0.542458964630244,"LOAD_vs_CN",402,"study_1"
"LTBP3",0.0268510226594248,0.0163271926458052,2.70457250130605,0.100936623203308,0.193157270586831,"LOAD_vs_CN",384,"study_1"
"LTF",-0.0223486686873759,0.0458638445514366,0.237444656701622,0.626374173371828,0.73811159023404,"LOAD_vs_CN",402,"study_1"
"LUZP2",0.0100026376019743,0.0232248675735032,0.18549088627162,0.66700793181804,0.76414860893662,"LOAD_vs_CN",373,"study_1"
"LY6E",-0.0125799519011367,0.0233358713445422,0.290609573901439,0.590237953944711,0.706407719664751,"LOAD_vs_CN",392,"study_1"
"LY75",-0.0143324787804954,0.0253115754164775,0.320630078334964,0.571611999113312,0.689909442800415,"LOAD_vs_CN",394,"study_1"
"LY86",0.00297180597666113,0.027973492239804,0.0112861944512301,0.91546105960263,0.943854549195108,"LOAD_vs_CN",373,"study_1"
"LY96",-0.0516330033917187,0.028573782733215,3.26527151249305,0.0719834881625132,0.150617227515675,"LOAD_vs_CN",275,"study_1"
"LYPD6B",-0.0533619916837072,0.0440999593478462,1.4641571188004,0.227861378701102,0.355365886130841,"LOAD_vs_CN",225,"study_1"
"LYSMD3",-0.0360682627214264,0.0315613655487314,1.30598707291947,0.254086906606251,0.382522362684794,"LOAD_vs_CN",332,"study_1"
"MAG",-0.0106007881423504,0.0178238346510094,0.353731732452035,0.552394464424015,0.67445793316226,"LOAD_vs_CN",402,"study_1"
"MAMDC2",0.0616391133180641,0.0224608485267279,7.53113525621544,0.00642809517395171,0.0238278851681915,"LOAD_vs_CN",394,"study_1"
"MAN1A2",-0.0423905381996844,0.0125767578300704,11.360578945905,0.000836285682847807,0.00460975090740501,"LOAD_vs_CN",402,"study_1"
"MAN1C1",-0.0163612474373456,0.0114270978928994,2.05003336600842,0.15313055759167,0.266330868520196,"LOAD_vs_CN",402,"study_1"
"MAN2A1",-0.00768376065816159,0.00808636606460455,0.902902512909342,0.34271371398423,0.479194684207257,"LOAD_vs_CN",402,"study_1"
"MAN2B1",-0.0647510931979755,0.0199788821669734,10.5039304899458,0.00132360080148805,0.00675642211003852,"LOAD_vs_CN",402,"study_1"
"MAN2B2",-0.0805153323586142,0.0251785548547506,10.2257596438851,0.00154794087262664,0.00778123448410609,"LOAD_vs_CN",402,"study_1"
"MANBA",-0.0186935653242543,0.0137732504209719,1.84209232199035,0.175620457216009,0.295231453770142,"LOAD_vs_CN",402,"study_1"
"MANEAL",-0.020674889780645,0.0185966760557778,1.23599226825637,0.267043868369674,0.397671540975359,"LOAD_vs_CN",402,"study_1"
"MANF",0.0100566502648529,0.0208077332481494,0.233591562141757,0.629206689595351,0.738493728505705,"LOAD_vs_CN",364,"study_1"
"MANSC1",-0.0284679906080893,0.0107841049336351,6.96859809099145,0.0087182603789697,0.030506510426242,"LOAD_vs_CN",402,"study_1"
"MAP1B",0.18120806001075,0.0322158203707124,31.6385543831088,4.52012343952679e-08,6.79998132033921e-07,"LOAD_vs_CN",364,"study_1"
"MAP2",0.121569170075325,0.0484802668923604,6.28806322372968,0.0128214723069972,0.0405292245777933,"LOAD_vs_CN",268,"study_1"
"MAPK1",0.197731625669867,0.0292162908912846,45.8038637471358,5.19123482746162e-11,1.11449322702067e-09,"LOAD_vs_CN",402,"study_1"
"MARCKSL1",0.0108703089819319,0.0258875551515952,0.17632005123359,0.67489517022454,0.77018767764827,"LOAD_vs_CN",324,"study_1"
"MARCO",-0.035086150437721,0.0326880299039661,1.15211000775336,0.283896240705888,0.415561187567355,"LOAD_vs_CN",402,"study_1"
"MASP2",-0.218655958690505,0.0515296950966986,18.0055954642337,2.85695756604158e-05,0.000262865604625522,"LOAD_vs_CN",388,"study_1"
"MAT2A",0.167366309553347,0.0227895218736284,53.9343752591158,1.26646266455372e-12,3.10735660910144e-11,"LOAD_vs_CN",402,"study_1"
"MATN2",-0.0399767368385857,0.0145424695329255,7.55680746691369,0.00631544288152611,0.0235373015891959,"LOAD_vs_CN",402,"study_1"
"MATN3",-0.024296682237822,0.0246375913094031,0.972517564986845,0.324760725071692,0.456881811858537,"LOAD_vs_CN",396,"study_1"
"MB",-0.158898493384804,0.0796354767319169,3.98131362605928,0.0466881853288882,0.110222623096035,"LOAD_vs_CN",402,"study_1"
"MBL2",-0.135613449795377,0.064996181824249,4.35341268029636,0.0377591558354337,0.0945584692306548,"LOAD_vs_CN",347,"study_1"
"MBP",0.0169158724171707,0.0349940458641134,0.233668671021564,0.629138626524661,0.738493728505705,"LOAD_vs_CN",382,"study_1"
"MCMBP",-0.171606271936024,0.0395086559939766,18.8660856151666,1.94840917596524e-05,0.000188529169561707,"LOAD_vs_CN",321,"study_1"
"MDGA1",0.00351981390016289,0.0214790288410356,0.0268540703162175,0.869932679968633,0.913362839233496,"LOAD_vs_CN",402,"study_1"
"MDGA2",-0.0236801859799589,0.016129834181447,2.15531331727667,0.142928340379568,0.2507023910828,"LOAD_vs_CN",402,"study_1"
"MDH2",0.0541303131185218,0.0143240646881872,14.280668282673,0.000188773029812863,0.00130557454511513,"LOAD_vs_CN",402,"study_1"
"MDK",-0.00688378114182664,0.0222098574539629,0.0960644202325496,0.756822305894878,0.831012665130177,"LOAD_vs_CN",380,"study_1"
"ME1",0.119877999242096,0.0177014165181053,45.8630496329937,5.12041882716479e-11,1.11086138976701e-09,"LOAD_vs_CN",402,"study_1"
"MEGF11",0.0170867507344776,0.0286068588838259,0.356762025149778,0.550775711571798,0.673678778367641,"LOAD_vs_CN",327,"study_1"
"MELTF",-0.0689151492242829,0.0164015587405333,17.654651717035,3.37884990236868e-05,0.00030543024775359,"LOAD_vs_CN",402,"study_1"
"MENT",0.0262165003276553,0.016926204626558,2.39900006453393,0.12230888628868,0.22486941537999,"LOAD_vs_CN",398,"study_1"
"MEPE",-0.0428141562625795,0.0445322073992562,0.924328477920344,0.337235757692977,0.472818297010357,"LOAD_vs_CN",330,"study_1"
"MERTK",0.00296549369033498,0.0144680600212997,0.0420120046699213,0.83774129364117,0.88999216814147,"LOAD_vs_CN",402,"study_1"
"MESD",0.0065042645715938,0.0126971162972635,0.262413517196348,0.608783064660349,0.722754548539735,"LOAD_vs_CN",402,"study_1"
"MET",-0.058182157203367,0.0145874290012395,15.9082397765217,8.32782462803662e-05,0.000667846169586906,"LOAD_vs_CN",402,"study_1"
"METRN",-0.0876031927191853,0.017404096968494,25.3359317328494,7.40877378339022e-07,9.19848359492003e-06,"LOAD_vs_CN",402,"study_1"
"METRNL",-0.0473634229038223,0.0167155617754356,8.02868109681916,0.00486277189260264,0.0191262841043016,"LOAD_vs_CN",402,"study_1"
"MFAP4",-0.00318524263472712,0.0143367446959362,0.049360998613604,0.824311785776505,0.880718813108024,"LOAD_vs_CN",402,"study_1"
"MFNG",-0.0725774289705293,0.0342883183234485,4.48033809195479,0.0351536765328486,0.0893362852456238,"LOAD_vs_CN",365,"study_1"
"MGAT2",0.000304017998315337,0.0156492811747497,0.000377406871433961,0.984511939040242,0.98690618013713,"LOAD_vs_CN",402,"study_1"
"MGAT3",-0.0436891347363006,0.0226489025127849,3.72093910183067,0.0547070599806721,0.123902473208973,"LOAD_vs_CN",341,"study_1"
"MGAT4B",-0.0237086223114628,0.018824219239921,1.58627577479924,0.208720537907865,0.333209162376538,"LOAD_vs_CN",348,"study_1"
"MGAT5",-0.0151195033495294,0.0108840353412736,1.92972385026566,0.165733157907906,0.281596074565701,"LOAD_vs_CN",402,"study_1"
"MGRN1",0.025436099127645,0.0336670477580334,0.57080917804958,0.450808063479516,0.578167653286423,"LOAD_vs_CN",245,"study_1"
"MIA",-0.131984604672146,0.0366966347084449,12.9358232912272,0.000368212839171601,0.00228580319738756,"LOAD_vs_CN",402,"study_1"
"MIA3",0.0116959808030831,0.0129459170278738,0.816220794884299,0.366857106340992,0.501352591787111,"LOAD_vs_CN",402,"study_1"
"MIF",0.271547522479101,0.0189551031013137,205.22931119627,1.55506788470225e-36,2.00312181898209e-34,"LOAD_vs_CN",402,"study_1"
"MILR1",0.0214412749957938,0.0251120071756991,0.729018182538198,0.393863451104772,0.526428386982449,"LOAD_vs_CN",329,"study_1"
"MINPP1",-0.0311844968718759,0.00891091310962865,12.2470944002086,0.000525676919962747,0.00307789810239552,"LOAD_vs_CN",402,"study_1"
"MLEC",0.00382143254356047,0.0116534110635031,0.107534114543483,0.743180097566186,0.82128374320853,"LOAD_vs_CN",402,"study_1"
"MMP14",-0.00332277560275082,0.0154659082106472,0.0461584449616474,0.83001641242882,0.884776598080448,"LOAD_vs_CN",402,"study_1"
"MMP16",-0.0560339698319601,0.0416867473474444,1.80678619497827,0.179946514378131,0.299813877229853,"LOAD_vs_CN",388,"study_1"
"MMP17",0.0625058041535874,0.0228257961345521,7.49874914643297,0.00654216799486083,0.0241638140455343,"LOAD_vs_CN",402,"study_1"
"MMP3",0.123057556647143,0.0539778975354422,5.19738210011685,0.0235529352854131,0.0654212932927713,"LOAD_vs_CN",266,"study_1"
"MOXD1",-0.0865995511409835,0.020216693457861,18.3489420887981,2.4077254082888e-05,0.000227629452590973,"LOAD_vs_CN",402,"study_1"
"MPI",0.0629236017085489,0.0231727404653639,7.37347737021004,0.0069328735675967,0.0252004451901531,"LOAD_vs_CN",402,"study_1"
"MPZ",-0.0957636243496578,0.0395501413576131,5.86279985758235,0.0159564768466687,0.0477998528793374,"LOAD_vs_CN",402,"study_1"
"MRC2",-0.0663258828447617,0.0134130855353655,24.4516792795264,1.24857362804508e-06,1.4704629985148e-05,"LOAD_vs_CN",402,"study_1"
"MSLN",-0.00532859417793075,0.0404933855851168,0.017316380253658,0.895412677776364,0.932043196412669,"LOAD_vs_CN",402,"study_1"
"MSN",0.0193109462552622,0.0210637832127384,0.840493496879188,0.359977754171395,0.495600635502502,"LOAD_vs_CN",402,"study_1"
"MSTN",-0.0124845296800762,0.0148086411804908,0.710745227349803,0.399787575707743,0.532275318820193,"LOAD_vs_CN",402,"study_1"
"MT1F",0.150725792565262,0.0318742432478301,22.3612144769834,4.3968212877483e-06,4.87196165271465e-05,"LOAD_vs_CN",233,"study_1"
"MT1HL1",0.0621576382356016,0.02833835968398,4.81104692053121,0.029125513327992,0.0772557052367972,"LOAD_vs_CN",355,"study_1"
"MT2A",0.0725566671775418,0.0221634745281705,10.7171414129997,0.00116671401718369,0.00610303956704462,"LOAD_vs_CN",402,"study_1"
"MXRA5",-0.074252768973835,0.0468036179791274,2.51690286735021,0.113775927498642,0.213011141648498,"LOAD_vs_CN",290,"study_1"
"MXRA7",-0.0234834426997026,0.0200387759318004,1.37334974862783,0.242060281261116,0.372303163939672,"LOAD_vs_CN",402,"study_1"
"MXRA8",-0.0466135605311584,0.0140644464862297,10.9844739897109,0.00100785920015632,0.00537290095522731,"LOAD_vs_CN",402,"study_1"
"MYDGF",0.0241685088337669,0.0179126316667957,1.82045907523295,0.178168924769308,0.298056943140863,"LOAD_vs_CN",402,"study_1"
"MYH11",-0.0175944610333021,0.0523020811617565,0.113165486519466,0.73687503543509,0.819108844136381,"LOAD_vs_CN",298,"study_1"
"MYH9",-0.0985110743167421,0.0464246186781305,4.50270422856852,0.0345587679870674,0.0880415584936291,"LOAD_vs_CN",395,"study_1"
"MYL6",0.00244846774431706,0.0390781510635664,0.00392573300581406,0.950079152039069,0.966969448075319,"LOAD_vs_CN",362,"study_1"
"MYLK",0.0327540925528491,0.029329470782494,1.24716148473582,0.265295446467014,0.39563959129415,"LOAD_vs_CN",314,"study_1"
"MYOC",-0.0409796176675125,0.0515369882598868,0.632262950176637,0.427089088776342,0.556403673810393,"LOAD_vs_CN",402,"study_1"
"MYRF",0.0145820519954592,0.0184996346529369,0.621313773955758,0.431207884129994,0.559647008307253,"LOAD_vs_CN",391,"study_1"
"NAGA",-0.0749687648448691,0.0198180940394357,14.3099112923485,0.000185555231652298,0.00128764084995079,"LOAD_vs_CN",402,"study_1"
"NAGLU",-0.0593495249464739,0.0267159068667396,4.93508517389972,0.0270433004952705,0.0725732321884797,"LOAD_vs_CN",402,"study_1"
"NAGPA",0.026742996341207,0.0245851729757066,1.18324204498244,0.277832983896847,0.409252725564684,"LOAD_vs_CN",277,"study_1"
"NAV1",0.0688515982859212,0.0202673944306825,11.540701637788,0.000769951150201143,0.00427727579666996,"LOAD_vs_CN",341,"study_1"
"NAXD",0.310226921410622,0.0345118871656799,80.8018957943015,4.26633381387555e-17,1.49032440515212e-15,"LOAD_vs_CN",303,"study_1"
"NAXE",0.0847727719058343,0.0147219266751082,33.1576289523661,1.80355163133433e-08,2.85932300936928e-07,"LOAD_vs_CN",402,"study_1"
"NCMAP",-0.123858579498641,0.0348030538110286,12.6653583990373,0.000425170744470054,0.00258488762345953,"LOAD_vs_CN",402,"study_1"
"NCR3LG1",-0.00499638764647189,0.028543544079945,0.0306405431871281,0.861165146876241,0.906204137951711,"LOAD_vs_CN",389,"study_1"
"NCSTN",0.0408517493449493,0.018636561122025,4.80495982771817,0.0290348382607254,0.0771144351228803,"LOAD_vs_CN",402,"study_1"
"NDRG2",0.0233196759955996,0.0122093592450486,3.64803737449798,0.0569847513991365,0.127105598088334,"LOAD_vs_CN",402,"study_1"
"NDRG4",-0.0088702218742935,0.0161135791845693,0.303029515237048,0.582344186114068,0.699423873881757,"LOAD_vs_CN",402,"study_1"
"NDST1",-0.073127002314416,0.0198670965485643,13.5483602801759,0.000270265971819575,0.00177394320993677,"LOAD_vs_CN",402,"study_1"
"NECTIN2",0.0199346579724867,0.0112883338934917,3.11858714106528,0.0783185063643343,0.159105280339633,"LOAD_vs_CN",402,"study_1"
"NECTIN3",-0.0339914061172071,0.0225545231275958,2.27128149361665,0.132658977810646,0.237954876647294,"LOAD_vs_CN",387,"study_1"
"NEDD8",0.190440139720344,0.0200159669208411,90.5240203589681,5.99155172869974e-19,2.52012002303064e-17,"LOAD_vs_CN",375,"study_1"
"NEFL_x",0.275644893401177,0.053316096307153,26.7290310037436,4.837756754581e-07,6.23163541949464e-06,"LOAD_vs_CN",365,"study_1"
"NEFM",0.337046624418224,0.0432066422296038,60.8525708097486,1.97032751909591e-13,5.27382469721646e-12,"LOAD_vs_CN",402,"study_1"
"NELL1",-0.0040591173154655,0.0260390012025712,0.0243004638419489,0.876221221173933,0.918094528133948,"LOAD_vs_CN",377,"study_1"
"NENF",0.00717713124567493,0.010346073852711,0.481227711048273,0.488352178157109,0.610366185070832,"LOAD_vs_CN",402,"study_1"
"NEU1",-0.0385118416180514,0.0195456990334642,3.88227378525004,0.0495430658741909,0.1153765635782,"LOAD_vs_CN",402,"study_1"
"NHLRC3",-0.0172333146414951,0.0183208145684821,0.884806035625961,0.347660225839358,0.483486994234087,"LOAD_vs_CN",392,"study_1"
"NIF3L1",0.0984813198206258,0.0192777576189514,26.0972466051668,5.46240369676514e-07,6.89477641536084e-06,"LOAD_vs_CN",402,"study_1"
"NLGN1",-0.0349080755981664,0.0121512021366929,8.25302811719044,0.00433669604871758,0.0175614609073417,"LOAD_vs_CN",402,"study_1"
"NLGN2",-0.0162489436697184,0.0145694503559437,1.24383831398854,0.265512694453595,0.395677269174881,"LOAD_vs_CN",402,"study_1"
"NLGN3",-0.0437544207403843,0.0198139043070385,4.87644976745404,0.0279174829749524,0.0745310005328716,"LOAD_vs_CN",360,"study_1"
"NLGN4X",0.00324089772581912,0.014390456546051,0.0507202642221906,0.821964030113897,0.879121881714967,"LOAD_vs_CN",392,"study_1"
"NME1",0.133656755770414,0.0338607915067949,15.5807234589908,9.35904738808919e-05,0.000733421926496267,"LOAD_vs_CN",402,"study_1"
"NME3",-0.0456976395799834,0.0216228438341854,4.4664441994761,0.035265599150376,0.0895103446415332,"LOAD_vs_CN",378,"study_1"
"NOMO3",-0.0100930122325014,0.0129883929622731,0.603852348723352,0.437755165321117,0.56600589443339,"LOAD_vs_CN",402,"study_1"
"NOTCH1",-0.00594802157817093,0.0153812972538307,0.149540607365643,0.699246548605584,0.790536004759248,"LOAD_vs_CN",402,"study_1"
"NOTCH2",-0.0339165700010408,0.0121874151422824,7.74462941075196,0.00570166155660726,0.0218422387884155,"LOAD_vs_CN",402,"study_1"
"NOTCH3",-0.0541251657879142,0.0124005016925907,19.0510960814851,1.76421485021846e-05,0.000172324493189586,"LOAD_vs_CN",402,"study_1"
"NPC1",-0.0238447141259594,0.0268148969907014,0.790736842477251,0.37454889402905,0.509198727304665,"LOAD_vs_CN",392,"study_1"
"NPDC1",-0.0161272236919502,0.0187555138245099,0.73936908332147,0.390470474870891,0.52359118328491,"LOAD_vs_CN",402,"study_1"
"NPEPPS",0.104606430657921,0.0111135078114894,88.5960682098078,6.76941538229846e-19,2.79035302058342e-17,"LOAD_vs_CN",402,"study_1"
"NPNT",-0.00317950426575636,0.0256765385598406,0.0153336614853776,0.90153459245365,0.934930474604688,"LOAD_vs_CN",359,"study_1"
"NPTN",0.0189047805782954,0.0148548774916075,1.61959017297792,0.204021699579145,0.327483428997366,"LOAD_vs_CN",402,"study_1"
"NQO2",0.0596204592552739,0.0541265258422918,1.21330595541517,0.271620851004874,0.403031370713496,"LOAD_vs_CN",380,"study_1"
"NRG3",0.0125907527565227,0.0230275668404416,0.298956009923069,0.58485330989327,0.701619715768353,"LOAD_vs_CN",402,"study_1"
"NRGN",0.487683246958611,0.0311154635419914,245.653594419505,1.09248546493409e-41,2.50179171469906e-39,"LOAD_vs_CN",402,"study_1"
"NRN1",-0.0243474166450338,0.0182980375147009,1.77050333047685,0.184216220873496,0.305234654864799,"LOAD_vs_CN",402,"study_1"
"NRN1L",-0.00827103157988182,0.0181286111752552,0.208156649819116,0.648486745615344,0.750860215007429,"LOAD_vs_CN",402,"study_1"
"NRP1",-0.0200924413403244,0.0106316743541506,3.57159401535405,0.0596747114959815,0.130978930406668,"LOAD_vs_CN",402,"study_1"
"NRP2",-0.0312533866097046,0.00850686096535933,13.4975672167185,0.000276837408303318,0.00180557562820613,"LOAD_vs_CN",402,"study_1"
"NRSN2",0.00965682933129119,0.0234773247008756,0.169188912583837,0.68107926757293,0.776082814948824,"LOAD_vs_CN",401,"study_1"
"NSF",0.0971152165727479,0.0158269592380546,37.6512672709697,2.28000977924708e-09,4.01632491882755e-08,"LOAD_vs_CN",402,"study_1"
"NSFL1C",-0.109019601616184,0.0505961875301476,4.64273177869266,0.0323172185428042,0.0836559185329335,"LOAD_vs_CN",227,"study_1"
"NSG1",0.00731522352893012,0.0187593870426424,0.152061025434287,0.696789503693654,0.789313317606411,"LOAD_vs_CN",402,"study_1"
"NSG2",0.0454430846836912,0.0236189727591089,3.70180550405986,0.0551475709487927,0.124626254084936,"LOAD_vs_CN",397,"study_1"
"NT5E",-0.0206307656175851,0.0240612271774505,0.735182470237329,0.39191315082636,0.524501950553979,"LOAD_vs_CN",350,"study_1"
"NTNG2",-0.0416811699294688,0.0359095324259302,1.34728756192823,0.246794080155729,0.376772295704412,"LOAD_vs_CN",324,"study_1"
"NTRK3",0.00866827828718772,0.0143193869945367,0.366451782133225,0.545334041190841,0.66781548359734,"LOAD_vs_CN",402,"study_1"
"NUDC",0.101080522415319,0.0192179454080956,27.6643865897024,2.49406270407248e-07,3.44984109603582e-06,"LOAD_vs_CN",362,"study_1"
"NUDT5",0.00368549969741173,0.0231713054112943,0.0252983243722065,0.873708570231166,0.916393569082155,"LOAD_vs_CN",402,"study_1"
"NUTF2",0.0808793866336966,0.0202282989028605,15.9866318311816,7.61164215480756e-05,0.000620063022966735,"LOAD_vs_CN",402,"study_1"
"NXPH1",0.0248305611688165,0.0198206279826892,1.56941662521838,0.21112925470311,0.33575416199314,"LOAD_vs_CN",402,"study_1"
"NXPH3",-0.049450577065952,0.0257555718463468,3.68638197768912,0.0556908090968015,0.1250424328739,"LOAD_vs_CN",388,"study_1"
"OLFM2",-0.0201869656688423,0.0146958380451148,1.88691950799045,0.170605727292936,0.288685060714894,"LOAD_vs_CN",402,"study_1"
"OLFM3",0.00394948761038255,0.03690214339693,0.0114545577802304,0.914850812839089,0.943822426798574,"LOAD_vs_CN",317,"study_1"
"OLFML1",-0.0249975204860828,0.0200302781314506,1.55747077605386,0.212884361795698,0.338023628398254,"LOAD_vs_CN",375,"study_1"
"OLFML2A",0.0166586271390125,0.0186616400282767,0.796854078219128,0.372836819468993,0.507540743015585,"LOAD_vs_CN",402,"study_1"
"OLFML2B",0.0250046542129813,0.0210474640891044,1.41137412708223,0.235804032321414,0.364039034168115,"LOAD_vs_CN",394,"study_1"
"OLFML3",0.0136245612991092,0.0125158281433513,1.18502052378707,0.2771029038502,0.408770844867158,"LOAD_vs_CN",402,"study_1"
"OPALIN",-0.0257284558083973,0.0599146838018909,0.184399992449597,0.667969126372897,0.764399983039722,"LOAD_vs_CN",353,"study_1"
"OS9",-0.0279321578414026,0.0305384410700195,0.836594968530842,0.361463355622878,0.496672856871125,"LOAD_vs_CN",227,"study_1"
"OSCAR",0.0424799888061821,0.0253916095310565,2.79890607905744,0.0952036478924588,0.184412329235298,"LOAD_vs_CN",402,"study_1"
"OSMR",-0.017071602717274,0.0144329875467346,1.39905928215221,0.23780153294945,0.366848023509593,"LOAD_vs_CN",375,"study_1"
"OSTM1",0.060873027468006,0.027128121448939,5.03512620994361,0.0255548402427892,0.0697992349494676,"LOAD_vs_CN",329,"study_1"
"OTUB1",0.111676834105985,0.0377848961385387,8.73553930146601,0.00338080813787351,0.0146076427089251,"LOAD_vs_CN",299,"study_1"
"OXT",0.00805386747921039,0.0224649103920411,0.128528540924545,0.720199070458774,0.808018663154891,"LOAD_vs_CN",402,"study_1"
"P4HB",-0.0144376355029827,0.00961406621181508,2.25516295570578,0.134163563574231,0.239818824394181,"LOAD_vs_CN",402,"study_1"
"PAFAH1B1",-0.0606221152554447,0.0292638507869745,4.29140224800569,0.0391262810829168,0.0972729376500501,"LOAD_vs_CN",318,"study_1"
"PALM",0.0698140329321346,0.0281791624205559,6.13803403880818,0.0137028596183943,0.0428130823857398,"LOAD_vs_CN",402,"study_1"
"PAMR1",-0.0277500813995621,0.0157199760045651,3.11619599588748,0.0784292592855485,0.159105280339633,"LOAD_vs_CN",394,"study_1"
"PAPPA2",-0.0629484442007701,0.0174071630901718,13.0771770906157,0.00034543659983302,0.00217056351297516,"LOAD_vs_CN",402,"study_1"
"PARM1",-0.0560889543870854,0.0329420069340272,2.89904248124235,0.089657943368788,0.176321585193771,"LOAD_vs_CN",343,"study_1"
"PBXIP1",0.052656990263615,0.0134790701899505,15.2613233826077,0.000114682043984009,0.000856375698011023,"LOAD_vs_CN",402,"study_1"
"PCDH1",-0.0222864709516584,0.0170125409989862,1.71610650559664,0.191032190914314,0.313969175019459,"LOAD_vs_CN",402,"study_1"
"PCDH10",0.023082218332708,0.0200558572060541,1.3245630371645,0.250573449212136,0.378991402248162,"LOAD_vs_CN",402,"study_1"
"PCDH12",-0.00924005079629782,0.0290192133646837,0.101385873238241,0.750400638067426,0.826162240949234,"LOAD_vs_CN",308,"study_1"
"PCDH17",-0.0413293728637951,0.0142256319543678,8.44062282054762,0.00389363873273747,0.0161965403378674,"LOAD_vs_CN",402,"study_1"
"PCDH18",-0.017769574275396,0.0405905814792241,0.191647650976415,0.66194998240269,0.762345275637565,"LOAD_vs_CN",264,"study_1"
"PCDH19",0.0362796771300542,0.0231245801877471,2.46138252287581,0.117603314924122,0.217968014441202,"LOAD_vs_CN",402,"study_1"
"PCDH7",0.00754908521505193,0.016461898930576,0.210294925738877,0.646819498954613,0.750194140318209,"LOAD_vs_CN",402,"study_1"
"PCDH9",0.0171029573605195,0.0168727883233308,1.02746895778853,0.311407387641973,0.444467192472373,"LOAD_vs_CN",402,"study_1"
"PCDHAC2",0.00770585599246643,0.015176143040942,0.257821395448752,0.611952430252964,0.724847102730666,"LOAD_vs_CN",402,"study_1"
"PCDHB10",-0.0795168372880863,0.0334232077222485,5.66007179461756,0.0181105891894867,0.0529445735028825,"LOAD_vs_CN",290,"study_1"
"PCDHB16",-0.0339944502391935,0.0188723689827044,3.24461525784859,0.072766085090146,0.151946201996749,"LOAD_vs_CN",362,"study_1"
"PCDHGA4",-0.0686485936115395,0.0466451322940665,2.16596098964474,0.142593911289758,0.250542243110138,"LOAD_vs_CN",322,"study_1"
"PCDHGB6",-0.0147162976377662,0.0193599455212405,0.577815069344188,0.447700467772548,0.574897610018207,"LOAD_vs_CN",374,"study_1"
"PCDHGC3",-0.00612882547474189,0.0122605996989881,0.249879761390937,0.617475508674415,0.730549381962095,"LOAD_vs_CN",402,"study_1"
"PCDHGC5",-0.0487745422765094,0.0225547124926632,4.67640174586993,0.0312754070756381,0.0814900303197094,"LOAD_vs_CN",402,"study_1"
"PCMT1",0.0174870772077947,0.0222597333054069,0.617155411670423,0.432629714480488,0.560081558758974,"LOAD_vs_CN",402,"study_1"
"PCP4",0.0905480093272108,0.0175600554682646,26.5892475261391,4.37913511201669e-07,5.7217721481857e-06,"LOAD_vs_CN",391,"study_1"
"PCP4L1",0.148545582941049,0.0257642788227656,33.2417212894852,2.75142647202187e-08,4.20051108062006e-07,"LOAD_vs_CN",238,"study_1"
"PCSK5",-0.0414897283298191,0.0471125512073643,0.775546669675121,0.379826779005027,0.514000651037007,"LOAD_vs_CN",272,"study_1"
"PCSK6",-0.0264362831063731,0.0178584897281095,2.1913478979034,0.139658048350585,0.246645447858231,"LOAD_vs_CN",402,"study_1"
"PCSK9",-0.0741693302738032,0.0180062470281446,16.9668924554208,4.7352730464495e-05,0.000406641572863851,"LOAD_vs_CN",402,"study_1"
"PCYOX1",-0.0810342690810091,0.0286078686043923,8.02354760250243,0.00492654843413381,0.0193144779073596,"LOAD_vs_CN",402,"study_1"
"PDCD6IP",-0.0482171044264063,0.035629393916482,1.83140916394626,0.176817860354883,0.296518804061361,"LOAD_vs_CN",380,"study_1"
"PDGFA",0.0294759147643527,0.0155558696096456,3.59042612736512,0.058920064539054,0.130015260187356,"LOAD_vs_CN",402,"study_1"
"PDGFD",-0.0893374121511022,0.026026550810288,11.7823929522928,0.000686719281011469,0.00387761215935517,"LOAD_vs_CN",364,"study_1"
"PDGFRA",-0.0536174710055275,0.030368069193261,3.11729778280248,0.0784332677462725,0.159105280339633,"LOAD_vs_CN",353,"study_1"
"PDGFRB",-0.00867834738656773,0.0191651413812675,0.20504538847895,0.650969428205737,0.752888884136938,"LOAD_vs_CN",402,"study_1"
"PDGFRL",-0.0560675624539163,0.0400683420681252,1.95803569844983,0.162660060318346,0.277748454280125,"LOAD_vs_CN",373,"study_1"
"PDIA3",-0.0106903546087916,0.00799247891300628,1.78904483516745,0.181939818361105,0.302645654271378,"LOAD_vs_CN",402,"study_1"
"PDIA4",0.0205616130881446,0.0115079962381338,3.19238265762911,0.0748583401350295,0.154437476494791,"LOAD_vs_CN",402,"study_1"
"PDIA6",0.00754642410254506,0.0102483983985743,0.542213613340601,0.462000241862651,0.588284732414586,"LOAD_vs_CN",402,"study_1"
"PDXP",0.370888221473043,0.0290445710446548,163.063270714547,1.69458765100538e-31,1.66311673748671e-29,"LOAD_vs_CN",399,"study_1"
"PDYN",-0.12280941509318,0.0212842165248026,33.2926211788618,2.09634509852331e-08,3.24854680305003e-07,"LOAD_vs_CN",402,"study_1"
"PEA15",0.273248063828029,0.0152045933361706,322.971773832984,2.73831458148922e-50,8.06238050349897e-48,"LOAD_vs_CN",402,"study_1"
"PEPD",-0.0631061252298115,0.0277457931854593,5.17307458829751,0.0234834061148125,0.0653161943355312,"LOAD_vs_CN",402,"study_1"
"PFN2",0.239989174287829,0.0218018069618807,121.170897036753,3.51325507636529e-24,2.12965256246731e-22,"LOAD_vs_CN",389,"study_1"
"PGAM1",0.203150750084002,0.0156257146216395,169.027389301488,1.63826563464375e-30,1.3505861892003e-28,"LOAD_vs_CN",402,"study_1"
"PGD",-0.0307593618004555,0.0376728673614942,0.666649085637567,0.414710962033375,0.544914863617241,"LOAD_vs_CN",402,"study_1"
"PGLS",0.0207747627979299,0.0176210926926865,1.38997335815334,0.239111086212035,0.368592332597609,"LOAD_vs_CN",402,"study_1"
"PGM1",0.00503081511969206,0.0183457152687955,0.0751981951806748,0.784092191211886,0.85098157245271,"LOAD_vs_CN",402,"study_1"
"PGRMC1",-0.0335611028408109,0.0117852713656284,8.10948497099647,0.00466172741697383,0.018547915456338,"LOAD_vs_CN",402,"study_1"
"PHPT1",0.100111391917294,0.037004972599987,7.31891705710524,0.00716747533178841,0.0259616285743689,"LOAD_vs_CN",353,"study_1"
"PIANP",-0.0170362131603233,0.0257129985623838,0.438975901850581,0.508056371123432,0.630026582963534,"LOAD_vs_CN",402,"study_1"
"PIGR",0.125912076855675,0.0340180216371324,13.6998770261417,0.000250523480939325,0.00167096729519725,"LOAD_vs_CN",402,"study_1"
"PILRA",-0.0243976267903689,0.029685613429737,0.675465406537106,0.411916670320808,0.54385666722049,"LOAD_vs_CN",388,"study_1"
"PITHD1",0.114950659453639,0.0186200720738268,38.1118665216292,1.75008763599372e-09,3.16397422612549e-08,"LOAD_vs_CN",402,"study_1"
"PITPNA",0.0395343075221695,0.0341660964067639,1.33892900064003,0.248366677789361,0.377308134099833,"LOAD_vs_CN",314,"study_1"
"PKDCC",-0.0540521762262593,0.0262622687014281,4.23605789515104,0.040338046392126,0.0993566621907675,"LOAD_vs_CN",401,"study_1"
"PLA2G15",-0.0294949661926222,0.0186481591812026,2.5016345716955,0.114776651282558,0.213659533228995,"LOAD_vs_CN",402,"study_1"
"PLA2G7",-0.0214013517686499,0.0224397784912579,0.909589167848041,0.340959340889568,0.477065309961575,"LOAD_vs_CN",360,"study_1"
"PLAUR",0.0940405711479979,0.0262465872524972,12.8376293597019,0.000388104556101287,0.00238771191082016,"LOAD_vs_CN",375,"study_1"
"PLBD2",-0.0380746505081579,0.0268757999748384,2.00700775620437,0.157571682475764,0.272445669112876,"LOAD_vs_CN",402,"study_1"
"PLD4",-0.0746207167674483,0.0289517967162072,6.6430541292931,0.0104519697714626,0.035026845038999,"LOAD_vs_CN",402,"study_1"
"PLD5",-0.0465200438895712,0.0295627971043947,2.47621976688595,0.116804861328701,0.216683005579166,"LOAD_vs_CN",325,"study_1"
"PLEC",0.253797054558784,0.0403520440090377,39.5587060975876,9.91107768651683e-10,1.84024604611812e-08,"LOAD_vs_CN",367,"study_1"
"PLEKHB1",0.00440735860635194,0.0202089910197809,0.047562811140523,0.827488556234186,0.883156080859154,"LOAD_vs_CN",392,"study_1"
"PLEKHB2",0.0476499891414376,0.0230278746119153,4.28171641564085,0.0392767544470714,0.0974120227622313,"LOAD_vs_CN",375,"study_1"
"PLOD1",-0.0413949208124388,0.0160936318154059,6.61585516974878,0.0105475543353894,0.0351755816913231,"LOAD_vs_CN",402,"study_1"
"PLOD3",-0.042354079861827,0.0200502775156124,4.46220713423257,0.0354422418358777,0.0896909124017251,"LOAD_vs_CN",402,"study_1"
"PLS3",0.040712313163821,0.0193959762193641,4.40583543067349,0.0364840707931707,0.0920363156728579,"LOAD_vs_CN",402,"study_1"
"PLXDC1",-0.0187021946723398,0.0150576188774695,1.54266826485249,0.215057305395505,0.340948543400105,"LOAD_vs_CN",402,"study_1"
"PLXNA1",-0.0563157304852916,0.0171393374758858,10.7962114852038,0.00112054766238667,0.00589145084739524,"LOAD_vs_CN",402,"study_1"
"PLXNA2",0.0161229829944288,0.0251451169640928,0.411134073859101,0.521831652936017,0.645167988422994,"LOAD_vs_CN",399,"study_1"
"PLXNA4",-0.000526297667188369,0.0242123506483278,0.00047248603883713,0.982672610091759,0.986021543037544,"LOAD_vs_CN",357,"study_1"
"PLXNB1",0.0149083588159257,0.0110375639826479,1.82437119049568,0.177650354565018,0.297430853581236,"LOAD_vs_CN",402,"study_1"
"PLXNB2",-0.0160209738932075,0.0138867548947124,1.3309945744308,0.249558984353948,0.37847024779506,"LOAD_vs_CN",402,"study_1"
"PLXNB3",-0.0207464926019793,0.0185507956292142,1.25073208005755,0.264354209246628,0.395236506505697,"LOAD_vs_CN",402,"study_1"
"PLXNC1",0.0407230482482699,0.0338240790441539,1.44953463444727,0.229823475208983,0.357454352831291,"LOAD_vs_CN",320,"study_1"
"PLXND1",-0.00595403263424208,0.0205143700007497,0.0842376131770778,0.771822399856108,0.84165395031928,"LOAD_vs_CN",325,"study_1"
"PMCH",0.00240304971403238,0.0394987153415787,0.00370134501788965,0.951534851574631,0.967902802728077,"LOAD_vs_CN",269,"study_1"
"PODN",0.0032688055572032,0.0235291002362411,0.0193004544696095,0.889599126630549,0.928336101258512,"LOAD_vs_CN",402,"study_1"
"PODXL",0.0249865965101282,0.018994814834023,1.73039032785832,0.189352386719225,0.312704542490644,"LOAD_vs_CN",314,"study_1"
"POMC",-0.0557668151261769,0.0389704801808017,2.04776525861233,0.154093978054117,0.267554918929684,"LOAD_vs_CN",242,"study_1"
"PON3",-0.0646830971333152,0.0427918204374714,2.28486259465552,0.131580074719141,0.236821611569147,"LOAD_vs_CN",352,"study_1"
"POSTN",0.0290704546104734,0.040973234386569,0.503388338752519,0.478621199147507,0.602589060136232,"LOAD_vs_CN",402,"study_1"
"PPBP",-0.221661875331844,0.0528054355463105,17.6207645515343,3.39488779866338e-05,0.000305539901879704,"LOAD_vs_CN",375,"study_1"
"PPM1L",-0.0075281183085019,0.0188727799484922,0.159111334744653,0.690323009948405,0.784157862269389,"LOAD_vs_CN",367,"study_1"
"PPP1CB",-0.0152393162810239,0.0408698464372686,0.139035260015777,0.709547298908973,0.799113105492564,"LOAD_vs_CN",289,"study_1"
"PPP1R7",0.197899115339545,0.0357933641234374,30.5691011245262,6.48081853554963e-08,9.47302624238851e-07,"LOAD_vs_CN",347,"study_1"
"PPP3CA",0.328639760691999,0.0222356379517767,218.444454053485,1.03687010295028e-37,1.52335793548644e-35,"LOAD_vs_CN",372,"study_1"
"PPP3R1",0.254590614856985,0.0312517612312744,66.3644935844338,1.71106354942095e-14,4.96690419064308e-13,"LOAD_vs_CN",275,"study_1"
"PPP5C",0.153540831089211,0.0149004885555701,106.18098690107,1.17784771381917e-21,5.77986699566979e-20,"LOAD_vs_CN",402,"study_1"
"PPT1",-0.0319247807313626,0.0189926247718217,2.82543857262443,0.0938014029482173,0.182668507348225,"LOAD_vs_CN",402,"study_1"
"PRAP1",-0.159302128383476,0.0341688731806855,21.7361109796027,4.43922732762641e-06,4.89264573381713e-05,"LOAD_vs_CN",402,"study_1"
"PRDX2",-0.0512970964190672,0.0630688362190832,0.661539730850633,0.416519221374646,0.54643291868437,"LOAD_vs_CN",402,"study_1"
"PRDX3",0.168401284934792,0.0171882417709015,95.9904204890029,4.46920012890048e-20,1.95979180120508e-18,"LOAD_vs_CN",402,"study_1"
"PRDX5",-0.0961021939145581,0.0390780349336649,6.04785222538391,0.0145192444118858,0.0446629294520844,"LOAD_vs_CN",333,"study_1"
"PRDX6",-0.0488045685980668,0.0475801463118355,1.0521300145975,0.305641532801853,0.439893295464119,"LOAD_vs_CN",402,"study_1"
"PREP",0.077416580783684,0.0148567416242652,27.1531882929119,3.35279729658562e-07,4.51641518187122e-06,"LOAD_vs_CN",402,"study_1"
"PRG2",-0.131169699269429,0.0495601521961295,7.00489746924914,0.00854951733803296,0.03012060723707,"LOAD_vs_CN",341,"study_1"
"PRKAR1A",0.110798812372383,0.0170156688165002,42.4006156381904,2.69390877006996e-10,5.28775807153732e-09,"LOAD_vs_CN",402,"study_1"
"PRKAR1B",0.116207353053592,0.0241791234194057,23.0986242378808,2.45243748180999e-06,2.79252687845878e-05,"LOAD_vs_CN",324,"study_1"
"PRL",-0.00952899639546601,0.0306345275300408,0.0967546735496569,0.755976813182086,0.830526765441513,"LOAD_vs_CN",402,"study_1"
"PRND",-0.0182392149747732,0.0365650648199778,0.248816736174781,0.618310825218208,0.731117963726177,"LOAD_vs_CN",349,"study_1"
"PROC",-0.036625741835603,0.019023451198925,3.70675807602763,0.0550795561297798,0.124609182418744,"LOAD_vs_CN",402,"study_1"
"PROZ",-0.0947855651710151,0.0508953904674289,3.46838665628648,0.0633843263965439,0.136778228561279,"LOAD_vs_CN",402,"study_1"
"PRRG1",0.00602159290891863,0.0442689954520003,0.0185022033141779,0.891899621423666,0.929325136377237,"LOAD_vs_CN",388,"study_1"
"PRSS2",-0.057234605007784,0.0278938021629064,4.21019244192456,0.0410508382169953,0.100598332979022,"LOAD_vs_CN",359,"study_1"
"PRSS23",-0.0283292870721905,0.0189676362285113,2.23071900214536,0.136337081844122,0.242442386264655,"LOAD_vs_CN",389,"study_1"
"PRSS8",0.0209381662375964,0.0319738008574007,0.428833550400034,0.513090990861009,0.635123442741465,"LOAD_vs_CN",352,"study_1"
"PSAT1",0.0681001586155664,0.0156810766904402,18.8601216345578,1.96435083415865e-05,0.000189183507906588,"LOAD_vs_CN",402,"study_1"
"PSMA1",0.132908008389094,0.0399199948669577,11.084633719269,0.000955075015424179,0.00514181924123679,"LOAD_vs_CN",385,"study_1"
"PSMA3",0.167142387183399,0.0488312786200646,11.7159364915411,0.000698962678134818,0.00393596196621819,"LOAD_vs_CN",373,"study_1"
"PSMA4",0.0782184881400483,0.0378984992982805,4.25965875139716,0.0396850711378683,0.0980706614090485,"LOAD_vs_CN",402,"study_1"
"PSMA5",0.119166234734904,0.0459112885753346,6.73701431720302,0.00991328062130261,0.0336594256350983,"LOAD_vs_CN",325,"study_1"
"PSMA6",0.118352805581161,0.0374052820460598,10.0113177868536,0.00169193057113565,0.00836929416844472,"LOAD_vs_CN",370,"study_1"
"PSMA7",0.0394874863508286,0.0426566875376993,0.856928766723597,0.355498678421005,0.490745329019217,"LOAD_vs_CN",282,"study_1"
"PSMB1",0.0844718193721157,0.0278806963557459,9.17944582741252,0.00262838121182387,0.0117507455044881,"LOAD_vs_CN",358,"study_1"
"PSMB4",0.132150519228877,0.0490261031664503,7.26579262086668,0.00742730584571409,0.0267149691937465,"LOAD_vs_CN",304,"study_1"
"PSMB6",0.188192862189222,0.0476844704100625,15.5758719254254,9.575113534086e-05,0.000747511704308759,"LOAD_vs_CN",362,"study_1"
"PSMB7",0.114819224594342,0.0463176838260777,6.14519334587818,0.013638191321182,0.0427177998677143,"LOAD_vs_CN",360,"study_1"
"PSME1",-0.116560052485033,0.054471243736765,4.57893928992268,0.0330362122333551,0.0848972985198815,"LOAD_vs_CN",381,"study_1"
"PTGR1",-0.0115630730423867,0.0541646608297628,0.0455737202410621,0.831114747153686,0.884776598080448,"LOAD_vs_CN",292,"study_1"
"PTH2R",-0.164444894751389,0.0489174653253295,11.3008965342168,0.000856726074879675,0.00469604372427397,"LOAD_vs_CN",392,"study_1"
"PTHLH",-0.150527713598924,0.0304297299940818,24.470155687033,1.18971905738695e-06,1.42558777748518e-05,"LOAD_vs_CN",402,"study_1"
"PTK7",-0.0200887147170769,0.0146041218845327,1.89214060157837,0.169755861141683,0.287483015458512,"LOAD_vs_CN",402,"study_1"
"PTPA",0.183668282002895,0.0525449074710191,12.2181953404487,0.000546926480668576,0.00317571551366369,"LOAD_vs_CN",296,"study_1"
"PTPRB",0.0170900284204148,0.0267319074742525,0.408719794564015,0.523119334859547,0.64637227166998,"LOAD_vs_CN",359,"study_1"
"PTPRC",0.0118001126027597,0.0220891084939909,0.285375001359084,0.593522478583154,0.708309107330562,"LOAD_vs_CN",398,"study_1"
"PTPRJ",-0.0103698651214841,0.0311746995683081,0.110647514212691,0.739608928230697,0.819985630763427,"LOAD_vs_CN",402,"study_1"
"PTPRK",-0.031618896300537,0.0131204282051562,5.80760932911082,0.016464771853055,0.0488961020016517,"LOAD_vs_CN",402,"study_1"
"PTPRM",-0.0286734753332259,0.0151419315801111,3.58589946643671,0.0592568654192331,0.130339807501643,"LOAD_vs_CN",402,"study_1"
"PTPRR",-0.0344103145472545,0.0148502867772695,5.36917555352193,0.0210757238269842,0.0599959486290254,"LOAD_vs_CN",402,"study_1"
"PTPRT",-0.0259330175307035,0.018464291307448,1.97260813873894,0.160999872016437,0.276287040987408,"LOAD_vs_CN",402,"study_1"
"PTPRU",-0.0343364708358671,0.0169340559900764,4.11139618310552,0.0433182007059862,0.104664491975425,"LOAD_vs_CN",402,"study_1"
"PTTG1IP",0.067016693578074,0.0267434139020118,6.27960465179166,0.0126480600851771,0.0403422766981912,"LOAD_vs_CN",371,"study_1"
"PVALB",0.0441867467741936,0.0233706933815159,3.57471037576073,0.0597380856779561,0.130978930406668,"LOAD_vs_CN",402,"study_1"
"PVR",-0.00849818510735881,0.0195215651345977,0.189506061178826,0.66362932467768,0.762345275637565,"LOAD_vs_CN",402,"study_1"
"PXDN",-0.0428815795027996,0.0205290193855314,4.3632001746279,0.0374109011404823,0.0939145764318319,"LOAD_vs_CN",387,"study_1"
"PXYLP1",-0.0987720010763821,0.0350302723908946,7.95024799985633,0.00518927016765395,0.0201035447660429,"LOAD_vs_CN",290,"study_1"
"PYCARD",0.0956488049057123,0.0350116264690763,7.46336227957568,0.00687645052922165,0.0250395133228371,"LOAD_vs_CN",274,"study_1"
"PYGB",-0.0784670185687903,0.0400135425245461,3.84556625235553,0.0511606584592134,0.117812421323395,"LOAD_vs_CN",257,"study_1"
"PZP",-0.0359908233398453,0.0596923981261615,0.363534397465085,0.546941362694865,0.669386073939499,"LOAD_vs_CN",402,"study_1"
"QPCT",-0.042401825649286,0.0166805818613918,6.46169894601709,0.0114263773643365,0.0373213371599009,"LOAD_vs_CN",402,"study_1"
"RAB14",-0.00899262508757881,0.0153286527158361,0.344163654913563,0.557792650591579,0.679438920135487,"LOAD_vs_CN",402,"study_1"
"RAB1A",-0.116091210125729,0.0398866545135343,8.47117109897787,0.00389785735447949,0.0161965403378674,"LOAD_vs_CN",283,"study_1"
"RAB2A",-0.0398019679323032,0.0262569482512201,2.29784428173536,0.130884002517776,0.236003437610792,"LOAD_vs_CN",269,"study_1"
"RAB4A",-0.0380092354489242,0.02092272226681,3.30021236766294,0.0701931031149031,0.147626885570482,"LOAD_vs_CN",349,"study_1"
"RAB4B",-0.0224172534377881,0.023648354185233,0.898592854842332,0.343809956302773,0.480093898448365,"LOAD_vs_CN",369,"study_1"
"RAB6B",-0.0426312487051927,0.0239172363306468,3.17712365133508,0.0755578451218892,0.154982357395309,"LOAD_vs_CN",370,"study_1"
"RAD23A",0.0548214652669288,0.0359880008829497,2.32052276547468,0.128588410957731,0.233208174661472,"LOAD_vs_CN",358,"study_1"
"RAD23B",0.144295119266123,0.0157437297492383,84.0016913438675,3.61293766090011e-18,1.37893787391021e-16,"LOAD_vs_CN",402,"study_1"
"RAN",-0.0979710712111086,0.0599698081601636,2.66888827753458,0.103201816343266,0.197125990253449,"LOAD_vs_CN",387,"study_1"
"RAP2A",-0.101607790876461,0.049631756078283,4.19116476998758,0.0417409950839543,0.101619288372853,"LOAD_vs_CN",258,"study_1"
"RARRES1",-0.185815893249869,0.0570189133003513,10.6200813344016,0.00132070884075838,0.00675642211003852,"LOAD_vs_CN",235,"study_1"
"RBBP9",-0.0924804448097977,0.0772816183907821,1.43201445995967,0.23259210785888,0.360159529900189,"LOAD_vs_CN",326,"study_1"
"RBP1",-0.0773994541201867,0.0410479168004437,3.55544162582687,0.0605270771538097,0.132286644765644,"LOAD_vs_CN",275,"study_1"
"RBP3",-0.0970143207828582,0.0448298721314063,4.68313518684727,0.0312109287366864,0.0814900303197094,"LOAD_vs_CN",402,"study_1"
"RCN1",-0.0227130442852199,0.0136768913736339,2.75788339573443,0.0976870523433208,0.188514058876015,"LOAD_vs_CN",402,"study_1"
"RCN2",-0.0176278114282821,0.0194911815689952,0.817938136631892,0.36644374003819,0.501184873515066,"LOAD_vs_CN",375,"study_1"
"RDX",0.0487020364968932,0.0198844929994342,5.99881127878073,0.0147677243926259,0.0451576854201811,"LOAD_vs_CN",402,"study_1"
"RECK",-0.0378328879814974,0.0147851724845694,6.54766118371654,0.0109137047704574,0.0360467075831934,"LOAD_vs_CN",385,"study_1"
"REG1A",-0.10997729480449,0.0493473039949308,4.96682895400756,0.0265475729752144,0.0714338259688544,"LOAD_vs_CN",402,"study_1"
"RELL1",-0.0124188968860402,0.023438657419668,0.280737597829951,0.596762941885184,0.710941285101366,"LOAD_vs_CN",287,"study_1"
"RELT",0.00706587197964877,0.0162149392930616,0.189889466797838,0.663269880318781,0.762345275637565,"LOAD_vs_CN",402,"study_1"
"REXO2",0.0862029549111974,0.0432965180791204,3.96404305452658,0.0474976185824009,0.111494979383062,"LOAD_vs_CN",291,"study_1"
"RFNG",0.0330653282293275,0.0234452918843012,1.98899819288137,0.159613629490233,0.274823467317769,"LOAD_vs_CN",290,"study_1"
"RGMA",0.0310001278309049,0.0196718706075168,2.4833369530196,0.115968286263861,0.215324899089925,"LOAD_vs_CN",402,"study_1"
"RGMB",-0.0486811786046687,0.0169603103031735,8.23862207018914,0.00433710994751914,0.0175614609073417,"LOAD_vs_CN",402,"study_1"
"RGN",0.0251666649588031,0.020011655273268,1.58155867589727,0.209355777816972,0.333964596037755,"LOAD_vs_CN",402,"study_1"
"RIDA",0.0552502948037081,0.0160060827791801,11.9151381488196,0.000624998336076176,0.00357811547403611,"LOAD_vs_CN",402,"study_1"
"RMDN1",-0.0744473290108361,0.0448615171656489,2.75391371038799,0.0984311911088173,0.18936558919079,"LOAD_vs_CN",255,"study_1"
"RMDN3",-0.0101056676590252,0.018854924409131,0.287263489751695,0.592321151885724,0.707695011035639,"LOAD_vs_CN",387,"study_1"
"RNF13",0.0534187711219383,0.0186917069706247,8.16751344535025,0.0045599746038097,0.0182133869349841,"LOAD_vs_CN",402,"study_1"
"RNF130",-0.0116690413528404,0.0341277701488905,0.116910772867689,0.732718670168018,0.816729680484741,"LOAD_vs_CN",281,"study_1"
"RNF150",0.025138451659831,0.0233664857244201,1.15741804571875,0.282880264961998,0.414663034201051,"LOAD_vs_CN",350,"study_1"
"RNF167",0.0657958382338429,0.0209571465053725,9.85672294510113,0.00190213701467342,0.00909583384510888,"LOAD_vs_CN",272,"study_1"
"RNH1",0.0394700473861774,0.0267778372378638,2.17262263893171,0.141273542588346,0.249071660628384,"LOAD_vs_CN",402,"study_1"
"RNPEP",-0.0116369053114395,0.0480092759386948,0.0587522751093676,0.808650396260904,0.870302071380534,"LOAD_vs_CN",292,"study_1"
"ROBO2",-0.00660994983248608,0.012289185172369,0.28930114352829,0.590997846911711,0.706523528123571,"LOAD_vs_CN",402,"study_1"
"ROBO4",-0.0457844624337473,0.0165276610381203,7.67385244043362,0.00592465727381236,0.0225290011832606,"LOAD_vs_CN",402,"study_1"
"ROR1",-0.032390435056354,0.0265711846400016,1.48597577053766,0.22416169527805,0.351328710241872,"LOAD_vs_CN",301,"study_1"
"RPH3A",0.100156205116799,0.0275984866446695,13.1699821162222,0.000334468433081316,0.00211453816129016,"LOAD_vs_CN",336,"study_1"
"RTBDN",-0.0480567365741906,0.0175778920108539,7.4743764392093,0.00658578157938952,0.0242813878982501,"LOAD_vs_CN",402,"study_1"
"RTN1",0.236158295894534,0.0235367327105,100.67324369356,9.59649806236073e-21,4.39519611256121e-19,"LOAD_vs_CN",393,"study_1"
"RTN4RL1",-0.0431135903641315,0.0257307218159116,2.80753024193225,0.0946582806461736,0.183528425599025,"LOAD_vs_CN",402,"study_1"
"RXYLT1",-0.0325162876706331,0.0252658979392527,1.65627497169499,0.199156874731547,0.321175523334677,"LOAD_vs_CN",298,"study_1"
"S100A11",-0.0113747890540793,0.0285511728260886,0.15872261023864,0.690561145084396,0.784157862269389,"LOAD_vs_CN",402,"study_1"
"S100A13",0.0247054975242738,0.020587324516002,1.44008254965455,0.231031664394929,0.358551400841829,"LOAD_vs_CN",395,"study_1"
"S100A4",-0.153570426573239,0.068564837486835,5.01663240635421,0.0257713378968132,0.0701647653967399,"LOAD_vs_CN",345,"study_1"
"S100A6",-0.102084531750677,0.0630047486988372,2.62526600459922,0.106017805505887,0.20157075382623,"LOAD_vs_CN",402,"study_1"
"S100A7",-0.171935310768178,0.0922437389435264,3.4742123504954,0.0633026538593909,0.136757620130194,"LOAD_vs_CN",304,"study_1"
"S100A8",-0.238435683310233,0.0834320859645367,8.16725842339267,0.00451872771761714,0.0181188673657761,"LOAD_vs_CN",359,"study_1"
"S100A9",-0.211411861017066,0.0861152773475431,6.02695972352048,0.0145976345909736,0.0448371458897117,"LOAD_vs_CN",374,"study_1"
"S100B",0.0522365672044795,0.0214234411550616,5.94525923276434,0.0152666774204052,0.0462519804158905,"LOAD_vs_CN",402,"study_1"
"S1PR1",-0.0513446650534392,0.0201058054568485,6.5215029960234,0.0110830203721277,0.0364307894528792,"LOAD_vs_CN",402,"study_1"
"SAA1",0.0214777098080902,0.103047435534921,0.0434411750254508,0.835048219052307,0.888046635431787,"LOAD_vs_CN",379,"study_1"
"SAA4",-0.203503793063489,0.0513055841240773,15.7331521904028,8.90162801529326e-05,0.000702921660517985,"LOAD_vs_CN",402,"study_1"
"SACS",-0.0967535216612896,0.0770203837762797,1.57805525762889,0.209997648688091,0.334470752663181,"LOAD_vs_CN",394,"study_1"
"SARAF",-0.0168286839957598,0.0266479620703766,0.398815756186055,0.528232229386285,0.651128364093979,"LOAD_vs_CN",282,"study_1"
"SBSN",-0.233091273209888,0.0594982017395684,15.347736997423,0.000107784363202264,0.000813712719999506,"LOAD_vs_CN",396,"study_1"
"SBSPON",-0.0538404140441785,0.043334634610007,1.54364170690264,0.215274793608121,0.341031014316938,"LOAD_vs_CN",291,"study_1"
"SCAMP1",0.0525891871359328,0.0243143700886026,4.6780716632127,0.0312433035181848,0.0814900303197094,"LOAD_vs_CN",360,"study_1"
"SCARF1",-0.0501713792506649,0.0464977552282627,1.16425498638427,0.28193160823995,0.413566579774047,"LOAD_vs_CN",255,"study_1"
"SCGB1A1",-0.0717643071728034,0.0471100389482787,2.32054538271225,0.128621799882889,0.233208174661472,"LOAD_vs_CN",402,"study_1"
"SCN1B",0.0613667181595111,0.0266709623283682,5.29405470236846,0.0222287868624024,0.0625352632766142,"LOAD_vs_CN",290,"study_1"
"SCN2B",0.112008240849484,0.0183193500509652,37.3834888784731,2.70048023060957e-09,4.71668623329349e-08,"LOAD_vs_CN",386,"study_1"
"SCN3B",-0.0571508283331745,0.0250609207695175,5.20057078300676,0.0232182497976069,0.0647534679741108,"LOAD_vs_CN",402,"study_1"
"SCN4B",-0.00383023378253355,0.0216358436573118,0.0313402817004649,0.85958680844301,0.906046428624548,"LOAD_vs_CN",402,"study_1"
"SCPEP1",-0.0386633810327233,0.0297376827145434,1.69038415094876,0.19459922385153,0.317255642263298,"LOAD_vs_CN",401,"study_1"
"SCRN1",0.253802088340532,0.0230514829498877,121.225125698005,6.79463571176637e-24,3.78479573025689e-22,"LOAD_vs_CN",402,"study_1"
"SCUBE1",0.0227162712116034,0.0197389335968941,1.32442301226413,0.250638176256305,0.378991402248162,"LOAD_vs_CN",402,"study_1"
"SCUBE2",-0.00628437753108038,0.0188321205068913,0.111359195624688,0.738806178086041,0.819974776843195,"LOAD_vs_CN",402,"study_1"
"SDC2",0.00748137654287263,0.0205380910808142,0.132691430553296,0.715906901963568,0.804516971072472,"LOAD_vs_CN",351,"study_1"
"SDCBP",-0.0443463410079177,0.0368325225440756,1.44961494513246,0.229633123379274,0.357454352831291,"LOAD_vs_CN",314,"study_1"
"SDK2",0.0736634900458286,0.0474361191931663,2.41149451766276,0.122089022456308,0.22466560293076,"LOAD_vs_CN",303,"study_1"
"SECTM1",-0.138857783455506,0.0305360918023355,20.678239054462,7.46774699227294e-06,7.89283412875617e-05,"LOAD_vs_CN",393,"study_1"
"SEL1L",0.017636698918844,0.0193683122005368,0.829184257374641,0.363078534092386,0.498205631667381,"LOAD_vs_CN",392,"study_1"
"SELENOF",-0.0202498533231583,0.0213640124751892,0.898417324179535,0.343822704565641,0.480093898448365,"LOAD_vs_CN",402,"study_1"
"SELENOM",-0.0316766155985551,0.0181835984475581,3.03471481176663,0.0824970003127119,0.166366259926124,"LOAD_vs_CN",402,"study_1"
"SEMA3A",-0.0133158736104634,0.0179267421389118,0.551742686952895,0.458117641022185,0.58499408807108,"LOAD_vs_CN",402,"study_1"
"SEMA3B",-0.0531919509848082,0.0194258792501929,7.4977416142483,0.00649375521805747,0.0240280601515556,"LOAD_vs_CN",402,"study_1"
"SEMA3C",-0.040643490953148,0.0201390093203417,4.07291925976953,0.0444014751302213,0.106408651445798,"LOAD_vs_CN",402,"study_1"
"SEMA3D",-0.00551941964240521,0.0309214571494407,0.0318615519842965,0.858481181386689,0.905687484117552,"LOAD_vs_CN",286,"study_1"
"SEMA3E",-0.0241162848063164,0.0356895310778364,0.456603382677688,0.499715849772679,0.621928965206214,"LOAD_vs_CN",402,"study_1"
"SEMA3F",-0.0145185614961224,0.0134066337606655,1.17275605993827,0.279594119131982,0.411015320635531,"LOAD_vs_CN",402,"study_1"
"SEMA4C",0.00309635551784137,0.0130034005847567,0.0567006132598358,0.811930978984887,0.87155716025409,"LOAD_vs_CN",402,"study_1"
"SEMA4D",-0.0114849428660578,0.0115107048911932,0.995528823564172,0.31911731502003,0.452028031791259,"LOAD_vs_CN",402,"study_1"
"SEMA5A",-0.050580976551153,0.0292337424638587,2.99368145033448,0.0846866559170518,0.169291171527686,"LOAD_vs_CN",302,"study_1"
"SEMA6B",-0.0652342897711822,0.0220859980293477,8.72404342564096,0.00334317695232879,0.0144753943251043,"LOAD_vs_CN",402,"study_1"
"SEMA6C",-0.0740327802275237,0.0174733445895826,17.9513053814042,2.92799150627827e-05,0.000265840990944472,"LOAD_vs_CN",402,"study_1"
"SERPINA10",-0.10654359776054,0.0338293015572941,9.91901742222256,0.00176851062411828,0.00861678580687415,"LOAD_vs_CN",402,"study_1"
"SERPINB1",-0.0125671745526311,0.0154043586364964,0.665561286258227,0.415097688442052,0.544914863617241,"LOAD_vs_CN",402,"study_1"
"SERPINB6",-0.0182913937758724,0.0225289739835983,0.659190244640258,0.417334302601635,0.54680610150157,"LOAD_vs_CN",401,"study_1"
"SERPINB9",0.0237683418223994,0.0295518612722333,0.646886503944748,0.421817389920077,0.551278148779505,"LOAD_vs_CN",355,"study_1"
"SERPINE1",0.014393819174036,0.0404306120942147,0.126745179922596,0.722187091793349,0.80936791527248,"LOAD_vs_CN",305,"study_1"
"SERPINE2",0.103131224439007,0.0259579181043668,15.7848562843126,8.58938439285463e-05,0.000680873893602823,"LOAD_vs_CN",402,"study_1"
"SERPINI2",0.0434773499262154,0.0561786394139799,0.598940520481754,0.439779264966203,0.567910441789063,"LOAD_vs_CN",245,"study_1"
"SF3A1",-0.0879087047555034,0.0240193229431626,13.3949852509833,0.000292836599017648,0.00190389978099487,"LOAD_vs_CN",402,"study_1"
"SFRP1",0.0908326525244239,0.024477177902572,13.7708676654476,0.000250092431976764,0.00167096729519725,"LOAD_vs_CN",345,"study_1"
"SFRP2",-0.00783903809870484,0.0291619601698777,0.0722590296853976,0.788224817766865,0.85411742871583,"LOAD_vs_CN",392,"study_1"
"SFRP4",-0.102632625588471,0.0260912007881971,15.473292835266,0.000101105937243749,0.000780446953780398,"LOAD_vs_CN",402,"study_1"
"SGCE",-0.0156992004011226,0.011153569289224,1.98119547502756,0.160208496800638,0.275387582907518,"LOAD_vs_CN",402,"study_1"
"SH3BGRL",0.071620986673991,0.0176594249133813,16.4485449664483,6.16335445294371e-05,0.0005140498458305,"LOAD_vs_CN",402,"study_1"
"SH3BGRL3",0.11389741867459,0.0176111949314305,41.8263642024608,3.01255008068226e-10,5.85742048706239e-09,"LOAD_vs_CN",402,"study_1"
"SHBG",-0.0584245679522809,0.0507159098676297,1.32709672150729,0.250053876215619,0.378663511300801,"LOAD_vs_CN",402,"study_1"
"SHH",-0.0600560601214891,0.0474394559487264,1.60263371826769,0.206455714943441,0.330617893161175,"LOAD_vs_CN",402,"study_1"
"SHISA4",0.100260324445125,0.0291769378072084,11.8080665464058,0.000669348594453941,0.00381084931814799,"LOAD_vs_CN",356,"study_1"
"SHISA8",0.0159670127815744,0.0256183834850445,0.388457849094872,0.533616700528894,0.656587474501522,"LOAD_vs_CN",310,"study_1"
"SHISA9",0.0368109724163697,0.030929846080914,1.41644287019772,0.235497476164083,0.363838304628318,"LOAD_vs_CN",236,"study_1"
"SIGLEC14",-0.0173546175167594,0.0660707766320312,0.0689939913018926,0.79301341407947,0.858403700849678,"LOAD_vs_CN",402,"study_1"
"SIGLEC9",0.0150516173313127,0.0353004884669716,0.181804616498834,0.670246615373966,0.766580618360569,"LOAD_vs_CN",286,"study_1"
"SIL1",-0.0279178455882921,0.0182726459508119,2.33432285861222,0.127478483856408,0.232261298458185,"LOAD_vs_CN",402,"study_1"
"SIRPB1",-0.0877639378286986,0.0479593165249832,3.34877702673265,0.0685876255760705,0.145648801315164,"LOAD_vs_CN",298,"study_1"
"SKP1",0.122701734388722,0.0173616885119205,49.9479286417461,8.35807559359725e-12,1.93550492116898e-10,"LOAD_vs_CN",402,"study_1"
"SLC12A2",-0.0123162728513762,0.0278729803970893,0.19525033354004,0.658974389821706,0.760014671193361,"LOAD_vs_CN",291,"study_1"
"SLC12A5",-0.0128199827140104,0.0174983732687099,0.536759236158981,0.464319831142795,0.590353591601049,"LOAD_vs_CN",392,"study_1"
"SLC1A2",0.10983023212062,0.0256816352626197,18.2893577690842,2.49394693909279e-05,0.000234704321528321,"LOAD_vs_CN",368,"study_1"
"SLC24A2",0.00835116578558834,0.0167919718864969,0.247337982305094,0.619257638291694,0.731817656260998,"LOAD_vs_CN",402,"study_1"
"SLC38A10",-0.0284301498792518,0.0118453578253408,5.76052319341453,0.0169043946863855,0.0499855917484082,"LOAD_vs_CN",402,"study_1"
"SLC39A12",-0.0827841858962964,0.038227000066545,4.68980008235688,0.0309878328545509,0.0812543556147957,"LOAD_vs_CN",402,"study_1"
"SLC39A14",-0.0187722420032228,0.0368652115312924,0.259297797700324,0.611014575424386,0.724152409401759,"LOAD_vs_CN",289,"study_1"
"SLC39A6",0.0502806939386794,0.0336693027933224,2.23015104960069,0.136579673641457,0.24266440290952,"LOAD_vs_CN",285,"study_1"
"SLC3A2",-0.00301980059160886,0.00799990279289051,0.142490894215345,0.706053586349302,0.796211032709458,"LOAD_vs_CN",402,"study_1"
"SLC4A1",-0.0793532401562147,0.115956690074375,0.468314612405498,0.494251043693247,0.616042475036956,"LOAD_vs_CN",381,"study_1"
"SLC6A1",-0.0109716998595485,0.0277834584989834,0.1559463539184,0.693257703095537,0.786353399053331,"LOAD_vs_CN",311,"study_1"
"NHERF1",0.066517942422664,0.0195583479731122,11.5668013359934,0.000748359316848751,0.00416856365412237,"LOAD_vs_CN",397,"study_1"
"SLIT1",0.0340318355524111,0.0284268263312561,1.43322374724201,0.23222380367448,0.359859593513612,"LOAD_vs_CN",344,"study_1"
"SLIT2",-0.0285324449048033,0.0265851915616958,1.15185652453111,0.284206442462743,0.415719998520734,"LOAD_vs_CN",292,"study_1"
"SLIT3",-0.0390479965774485,0.0255848992371198,2.32932501875314,0.127837920682614,0.232545414410297,"LOAD_vs_CN",363,"study_1"
"SLITRK2",-0.0462992197676317,0.0328689422921743,1.98415633030253,0.160071518630696,0.275381802919753,"LOAD_vs_CN",283,"study_1"
"SLITRK3",-0.0392466610447514,0.0301626704730718,1.69303466403534,0.193979611467398,0.317043599709998,"LOAD_vs_CN",402,"study_1"
"SLITRK5",-0.0344601834253886,0.0192059257559827,3.21932393291252,0.0735938149361543,0.152746075109178,"LOAD_vs_CN",402,"study_1"
"SLITRK6",-0.0111621293153417,0.0395367885097669,0.0797060560064771,0.777869165520344,0.84645636226897,"LOAD_vs_CN",402,"study_1"
"SLPI",-0.0415106630237494,0.0319287911388001,1.6902634030284,0.194473905681602,0.317255642263298,"LOAD_vs_CN",402,"study_1"
"SMOC2",0.459016830329577,0.0234316398835086,383.753059644628,4.48792364344555e-56,3.08320354304709e-53,"LOAD_vs_CN",386,"study_1"
"SMPD1",-0.0249578451378754,0.0217778757218369,1.31335805186737,0.252740388541727,0.381051895233722,"LOAD_vs_CN",388,"study_1"
"SMPDL3A",-0.00783607041910983,0.0244498536609345,0.10271742700128,0.74880350590938,0.825993983117084,"LOAD_vs_CN",402,"study_1"
"SMPDL3B",-0.0258971736116218,0.0302006315823255,0.735313747579823,0.391809721508289,0.524501950553979,"LOAD_vs_CN",402,"study_1"
"SNAP25",0.115981147123885,0.0336332998070124,11.8914781586922,0.000631580886822769,0.00360578450897985,"LOAD_vs_CN",361,"study_1"
"SNAP91",0.10817931809219,0.0354202110675797,9.32794956984579,0.00243504613389154,0.0110299562240669,"LOAD_vs_CN",376,"study_1"
"SNCA",0.153221552139294,0.0569782003105883,7.23139791242601,0.00764969736591789,0.0273241356519181,"LOAD_vs_CN",272,"study_1"
"SNCB",0.274116240567484,0.036449274838728,56.5577011889901,3.93878485195318e-13,1.02757412403487e-11,"LOAD_vs_CN",402,"study_1"
"SNCG",0.186804052632817,0.0291434996736594,41.0855573409426,7.4293725345431e-10,1.4047648434581e-08,"LOAD_vs_CN",387,"study_1"
"SNED1",-0.0741021658927897,0.0160553386001386,21.3021219055576,5.67916653176186e-06,6.12814776018911e-05,"LOAD_vs_CN",402,"study_1"
"SNX12",-0.0252019972091394,0.0312805030586395,0.649116218867194,0.421253932817617,0.550891088538775,"LOAD_vs_CN",234,"study_1"
"SORCS1",-0.0466704993146945,0.0212294715001049,4.83288575809458,0.0285942538231541,0.0760422672638976,"LOAD_vs_CN",402,"study_1"
"SORL1",-0.0134952892772936,0.0190968453682471,0.499391485552235,0.48031223452065,0.60434891046829,"LOAD_vs_CN",402,"study_1"
"SORT1",0.00730427981818177,0.0156804268726151,0.216989661053466,0.641651617849509,0.747143494004428,"LOAD_vs_CN",402,"study_1"
"SPESP1",-0.05641064693174,0.0494473756660343,1.30147450943838,0.254912835739065,0.383205947817807,"LOAD_vs_CN",314,"study_1"
"SPINK5",-0.160193952615889,0.0320346296162162,25.0064948108296,8.71976628654216e-07,1.06339871695641e-05,"LOAD_vs_CN",402,"study_1"
"SPINT1",-0.0531987248975103,0.015504883239806,11.7724118093108,0.000675039495180065,0.00383266225775789,"LOAD_vs_CN",402,"study_1"
"SPON2",-0.0913970701616459,0.0177404965095026,26.5419610464849,4.27686019762317e-07,5.68684443051701e-06,"LOAD_vs_CN",402,"study_1"
"SPRN",0.0614613337851549,0.0305681691407505,4.04264034606626,0.0452057713495341,0.107646919833927,"LOAD_vs_CN",380,"study_1"
"SPTA1",-0.221347889867546,0.0974771659797782,5.15638081646965,0.0238265211449499,0.0659147115164319,"LOAD_vs_CN",369,"study_1"
"SPTAN1",0.162171518979359,0.0451965424698416,12.8747481962216,0.000389505274347088,0.00238919753103973,"LOAD_vs_CN",324,"study_1"
"SPTB",-0.311373147564902,0.112781925785106,7.62225197689819,0.00611369982239824,0.023162381128608,"LOAD_vs_CN",328,"study_1"
"SPTBN1",0.0314634971776297,0.0409271738452419,0.591004072337605,0.442871556541798,0.570473923770403,"LOAD_vs_CN",240,"study_1"
"SQSTM1",-0.0534377981248189,0.0204680076707009,6.81625717462526,0.00944992926536464,0.0323526648104926,"LOAD_vs_CN",374,"study_1"
"SRGN",0.0148174333001403,0.0235564586484888,0.395663473106344,0.529744826388177,0.652212716359637,"LOAD_vs_CN",402,"study_1"
"SRPX",-0.0145877649815515,0.0285586325549926,0.260917193481502,0.60983212563097,0.723583195696851,"LOAD_vs_CN",402,"study_1"
"SSC5D",0.00711422971624905,0.0154105234599868,0.213118419483969,0.644611118434292,0.748475219770747,"LOAD_vs_CN",402,"study_1"
"SST",-0.183749089701619,0.0276925688848318,44.0274875697998,1.23032404256023e-10,2.53569785171663e-09,"LOAD_vs_CN",402,"study_1"
"ST13",0.0374242602930474,0.0311283953197518,1.4454164190117,0.229977909681849,0.357454352831291,"LOAD_vs_CN",402,"study_1"
"ST3GAL6",-0.0884072370466401,0.0352919870248094,6.27513992301422,0.0126977232184349,0.0403422766981912,"LOAD_vs_CN",402,"study_1"
"ST6GAL1",0.00771371832456053,0.0250888597955299,0.0945291391738676,0.758785311780485,0.832281281308983,"LOAD_vs_CN",251,"study_1"
"ST6GALNAC1",-0.00550389731286678,0.0184896660743917,0.0886099536850155,0.766141020725352,0.837674612050372,"LOAD_vs_CN",402,"study_1"
"ST6GALNAC2",-0.101341997074667,0.0479131535902957,4.47372622688316,0.0353443452323094,0.0895998714929763,"LOAD_vs_CN",326,"study_1"
"ST6GALNAC5",0.0282535978393543,0.0217000054014659,1.6952268968691,0.193758214994891,0.316933080241643,"LOAD_vs_CN",402,"study_1"
"ST8SIA3",-0.0187402902904062,0.0160899420023429,1.35657456648987,0.24494982772472,0.375068049733022,"LOAD_vs_CN",402,"study_1"
"ST8SIA5",-0.00829318757448708,0.0237925719646567,0.121495500230611,0.727613894817603,0.81392525033233,"LOAD_vs_CN",402,"study_1"
"STAB1",0.0477561687662232,0.0183763449438327,6.75368324185363,0.00980313696780443,0.0333403717667408,"LOAD_vs_CN",402,"study_1"
"STC1",-0.0456964887035461,0.0330025738248854,1.91721155713749,0.16779600836757,0.284397675366416,"LOAD_vs_CN",273,"study_1"
"STIP1",0.010933046744746,0.0583231524862573,0.0351398925352115,0.851425753919699,0.900815440877053,"LOAD_vs_CN",338,"study_1"
"STMN1",0.237437057587313,0.022756462194817,108.864808143518,6.32857980504442e-22,3.26080074454914e-20,"LOAD_vs_CN",402,"study_1"
"STMN3",-0.0285044857225802,0.0190864845553683,2.23035774859212,0.136209656689144,0.242424958926015,"LOAD_vs_CN",402,"study_1"
"STX12",0.0635957676479915,0.0185325729874733,11.7756527269284,0.000678280832073606,0.0038404857002849,"LOAD_vs_CN",402,"study_1"
"STX1B",0.0933769217006801,0.0232177492371643,16.1747982671746,7.21727183714688e-05,0.000594991890254389,"LOAD_vs_CN",369,"study_1"
"STX7",0.00155153512402767,0.0186609190759019,0.00691285049289579,0.933788675722793,0.956530050032145,"LOAD_vs_CN",402,"study_1"
"STX8",0.0766405821652794,0.0318461422308617,5.79167160942021,0.016858100728769,0.0499203241407945,"LOAD_vs_CN",255,"study_1"
"STYK1",0.000921234126963558,0.0274719975009336,0.00112450025768543,0.973274292006646,0.980950635825403,"LOAD_vs_CN",308,"study_1"
"SUMF1",-0.0859179453031581,0.0246114524285241,12.1869008226979,0.000553396469706482,0.00320379248332882,"LOAD_vs_CN",339,"study_1"
"SUMF2",-0.0843891714721634,0.0312983532579891,7.26993403099556,0.00740670567251997,0.0266874482361253,"LOAD_vs_CN",390,"study_1"
"SV2A",0.0425384778285273,0.0217410700967461,3.82826557480851,0.0512216014652113,0.11782111676317,"LOAD_vs_CN",382,"study_1"
"SV2B",-0.0425787197608891,0.0202805366008077,4.40784500362231,0.0367931393857523,0.0924892618228121,"LOAD_vs_CN",334,"study_1"
"SVEP1",-0.0306251713797479,0.0296912861961531,1.06389564963938,0.303136124815131,0.436897589681108,"LOAD_vs_CN",384,"study_1"
"SYN1",0.376820579952319,0.0306426271159087,151.222785883934,8.89605894082024e-29,7.05183749116558e-27,"LOAD_vs_CN",402,"study_1"
"SYT1",0.147642607637782,0.0169156512602768,76.1808770177791,2.19626654777376e-16,7.18492913485987e-15,"LOAD_vs_CN",402,"study_1"
"SYT2",0.0471354370660675,0.0306547984205189,2.36427585815541,0.125172171654541,0.229111763570167,"LOAD_vs_CN",310,"study_1"
"SYT3",0.0450241338238229,0.0284544041155189,2.50375450005863,0.114957023303853,0.213659533228995,"LOAD_vs_CN",253,"study_1"
"SYT4",-0.0473815044247124,0.0321968670530321,2.16566093891871,0.142260060278808,0.25038256552914,"LOAD_vs_CN",348,"study_1"
"SYT7",0.00171225977978492,0.0469152445770048,0.00133202182698635,0.970905743536353,0.979939636350844,"LOAD_vs_CN",376,"study_1"
"TAC1",-0.0836394919197364,0.0221008283324045,14.3220659591324,0.000178973769047441,0.00124616533110397,"LOAD_vs_CN",402,"study_1"
"TAC3",-0.0573148325851046,0.0279818338099439,4.19548053562009,0.0412268103388458,0.100792949120239,"LOAD_vs_CN",402,"study_1"
"TAGLN2",0.0238583216211354,0.0345633583486978,0.476483547403974,0.49058445595114,0.612413424418716,"LOAD_vs_CN",377,"study_1"
"TAGLN3",0.165017101524605,0.0219336124930694,56.6027558417507,5.52720216627161e-13,1.42394545808572e-11,"LOAD_vs_CN",402,"study_1"
"TAX1BP1",0.0271936243392766,0.0211675099090945,1.65042063173128,0.200044497549034,0.322354737645472,"LOAD_vs_CN",338,"study_1"
"TBCA",0.124889624849833,0.018538619010769,45.3834976621477,5.72436339280138e-11,1.20386866862894e-09,"LOAD_vs_CN",402,"study_1"
"TBCB",0.127181613620217,0.0229703358762252,30.6558929231982,6.10778437649017e-08,8.99153114281874e-07,"LOAD_vs_CN",397,"study_1"
"TCN2",-0.0499900300717721,0.0256853565809776,3.7878746393298,0.0525324024839499,0.120165684261288,"LOAD_vs_CN",402,"study_1"
"TENM1",-0.0536737423724708,0.0173081429805269,9.61662777028117,0.00208754856439195,0.00978993417233519,"LOAD_vs_CN",402,"study_1"
"TENM2",0.0365352752722448,0.0263323187357217,1.92507015517751,0.166252031660819,0.282245005974422,"LOAD_vs_CN",374,"study_1"
"TENM3",0.0308913694759408,0.0198021536030119,2.43360155277863,0.119805169194818,0.221055016750688,"LOAD_vs_CN",357,"study_1"
"TENM4",-0.0190198525236001,0.0391465175689749,0.236063054790761,0.627660460234578,0.738493728505705,"LOAD_vs_CN",305,"study_1"
"TFF3",-0.0498588786000211,0.0276056903946468,3.2620287682102,0.0718477713311204,0.150486033245365,"LOAD_vs_CN",338,"study_1"
"TFPI",0.0218943477613154,0.0278375865119525,0.618587107840248,0.432154031999872,0.559817385261934,"LOAD_vs_CN",358,"study_1"
"TFRC",-0.0309568740840942,0.0172751407087981,3.21122705749531,0.0739248907777632,0.153124824013035,"LOAD_vs_CN",402,"study_1"
"TGFB1",-0.0208620313081092,0.02102965927916,0.984121484296424,0.321925564916346,0.454444239241499,"LOAD_vs_CN",363,"study_1"
"TGFB2",-0.0992128634160314,0.0290626584551555,11.6537391282048,0.000711797110266542,0.00398645066374822,"LOAD_vs_CN",402,"study_1"
"TGFBR2",-0.0313892268097663,0.0179800776873092,3.04774135833065,0.0820287913014282,0.165584073332266,"LOAD_vs_CN",354,"study_1"
"TGM2",-0.126239613719789,0.0611735740548591,4.25856817595967,0.0400574475183386,0.0988723345332885,"LOAD_vs_CN",264,"study_1"
"THBS1",0.0304866391848493,0.024811683495994,1.50975555612481,0.220078917004067,0.347165362088856,"LOAD_vs_CN",402,"study_1"
"THBS2",-0.0173448903677192,0.015703307803566,1.22000281102068,0.270110620401678,0.401368412867958,"LOAD_vs_CN",402,"study_1"
"THBS3",-0.0213741963806434,0.0299657507743594,0.508779101701038,0.476228297299394,0.601248267376886,"LOAD_vs_CN",346,"study_1"
"THBS4",0.0361229550516307,0.0154357336897705,5.47661216958468,0.0198456972161338,0.0571256731319157,"LOAD_vs_CN",402,"study_1"
"THOP1",0.211991052399904,0.0587055112484057,13.0399916297811,0.000376330637435118,0.00232264920191934,"LOAD_vs_CN",346,"study_1"
"THSD4",0.0469963860502014,0.0187359225930921,6.29185576652767,0.0125989086950004,0.0403204205285649,"LOAD_vs_CN",385,"study_1"
"THSD7A",-0.0309453340525752,0.0200025041366471,2.39343486274716,0.122827168576417,0.225219568003555,"LOAD_vs_CN",391,"study_1"
"TIE1",-0.0433067509523973,0.0167185869728054,6.70983850049888,0.0100107133948428,0.0338786211933842,"LOAD_vs_CN",402,"study_1"
"TIMP3",0.0635422121872689,0.0212210549866509,8.96583453334325,0.00299269114850234,0.0132075727131977,"LOAD_vs_CN",348,"study_1"
"TIMP4",-0.0419194089272251,0.0248032887747396,2.85635223159435,0.0918673805388735,0.179979725561424,"LOAD_vs_CN",402,"study_1"
"TINAGL1",-0.0454492707307778,0.0246286863473236,3.40542517435654,0.0661416384493369,0.141451678814726,"LOAD_vs_CN",381,"study_1"
"TKT",0.0713547741647922,0.0225014377628308,10.0560062389753,0.00164865432402708,0.0082273040237768,"LOAD_vs_CN",402,"study_1"
"TLN1",-0.106117306073704,0.0461972747252811,5.27642439889987,0.0222408287150695,0.0625352632766142,"LOAD_vs_CN",349,"study_1"
"TM9SF3",-0.00311650396423852,0.01844443433833,0.0285499062204798,0.865925701751235,0.910210977476246,"LOAD_vs_CN",392,"study_1"
"TMED2",0.00275551435827767,0.0316884399989585,0.00756142479992305,0.93078764030261,0.95535524236239,"LOAD_vs_CN",245,"study_1"
"TMED3",-0.0373309392030587,0.0300217273936838,1.54620288258542,0.214817923553019,0.340831208962873,"LOAD_vs_CN",366,"study_1"
"TMED4",-0.00265481350962329,0.0150294437793804,0.0312019848444896,0.859886858025044,0.906046428624548,"LOAD_vs_CN",402,"study_1"
"TMED7",-0.026697911175373,0.0106420663417514,6.29365081583072,0.0125664561608012,0.0402791075387422,"LOAD_vs_CN",402,"study_1"
"TMEFF1",0.0473029881996285,0.0198477230157066,5.68009726045348,0.0176828732979474,0.0519151023747432,"LOAD_vs_CN",402,"study_1"
"TMEFF2",0.0685992766969078,0.0272466605953522,6.33887969463209,0.0123382781898928,0.0397952916265555,"LOAD_vs_CN",375,"study_1"
"TMEM108",-0.042042332095281,0.0381868824761041,1.21211880104567,0.272007178437426,0.403209728132293,"LOAD_vs_CN",364,"study_1"
"TMEM130",-0.0596000011493022,0.0354889585305525,2.8203696139049,0.0944108804183452,0.183268930844968,"LOAD_vs_CN",249,"study_1"
"TMEM132B",0.0510609887480995,0.025599708738149,3.97839950546792,0.0468229584806089,0.110414322000612,"LOAD_vs_CN",402,"study_1"
"TMEM132C",0.0129343309959423,0.0151623078960455,0.727708282943514,0.394174782377254,0.526503063175322,"LOAD_vs_CN",402,"study_1"
"TMEM132D",-0.0238234657513295,0.0260844237354188,0.834156214089298,0.361720503718369,0.496672856871125,"LOAD_vs_CN",402,"study_1"
"TMEM132E",-0.0329144973184968,0.0163827529916837,4.03646031456731,0.0452315538943138,0.107646919833927,"LOAD_vs_CN",402,"study_1"
"TMEM165",0.0227887834263174,0.0214981471123643,1.12367371327722,0.289889603440522,0.422230077416091,"LOAD_vs_CN",385,"study_1"
"TMEM178A",-0.0507695058372924,0.0255353939524891,3.95294478070766,0.0476377587275113,0.111696724388397,"LOAD_vs_CN",367,"study_1"
"TMEM25",0.0198611585870372,0.0219401955619643,0.819460774314812,0.36591725146943,0.501099970284714,"LOAD_vs_CN",402,"study_1"
"TMEM59",-0.0117261580466295,0.0181450947704391,0.417631266350536,0.518747324658897,0.641739637528203,"LOAD_vs_CN",317,"study_1"
"TMEM59L",0.0593084907496132,0.0252635941912912,5.51116573596952,0.0195196690450287,0.0564236155705527,"LOAD_vs_CN",402,"study_1"
"TMPRSS5",-0.0795883484344275,0.0415623446677648,3.66689864586979,0.0567266905386644,0.126804456833175,"LOAD_vs_CN",332,"study_1"
"TMSB4X",0.190072798854591,0.0174985187858126,117.987870665574,1.14149351147105e-23,6.19110033458375e-22,"LOAD_vs_CN",402,"study_1"
"TNC",0.0476713021517404,0.019311315320348,6.09382978939628,0.0141000515901239,0.0436995583868351,"LOAD_vs_CN",402,"study_1"
"TNFRSF12A",0.0754651032155779,0.0202527082968926,13.8843683105378,0.000228675277973153,0.00155069627941962,"LOAD_vs_CN",402,"study_1"
"TNFRSF14",-0.0371543085258516,0.0199638920805966,3.46360166059362,0.0638590646133688,0.137383645269471,"LOAD_vs_CN",305,"study_1"
"TNFRSF1A",-0.00786678687365794,0.0137934487737264,0.325273764731157,0.568826675446428,0.687596350788908,"LOAD_vs_CN",366,"study_1"
"TNFSF12",0.0113867637622986,0.0206220263036976,0.304886326903004,0.581209832002327,0.698875999858107,"LOAD_vs_CN",373,"study_1"
"TNFSF13",0.0237996805121851,0.020513365334986,1.34607241634998,0.246788080038198,0.376772295704412,"LOAD_vs_CN",358,"study_1"
"TNFSF13B",0.0190710566042248,0.0253761404459623,0.56480479072481,0.452910001971276,0.57942117570627,"LOAD_vs_CN",383,"study_1"
"TOLLIP",0.0959688270833679,0.0163457642935529,34.4706846791613,1.12430778090403e-08,1.85906712305873e-07,"LOAD_vs_CN",402,"study_1"
"TOM1L2",0.105214047596929,0.0326917668360733,10.3578751286417,0.00145125655840823,0.00733097982078274,"LOAD_vs_CN",313,"study_1"
"TPBG",-0.0172984583683581,0.0227223802260863,0.57957167947399,0.446971573440849,0.574319459390019,"LOAD_vs_CN",384,"study_1"
"TPD52",0.100506235954558,0.0345906007691738,8.44247546858803,0.00394400803019318,0.0163553330990506,"LOAD_vs_CN",332,"study_1"
"TPM1",0.0557569550100232,0.0396842816069699,1.97406319111842,0.161436446368972,0.27680575371585,"LOAD_vs_CN",261,"study_1"
"TPM3",-0.085036855113896,0.0477811055425958,3.16739329295908,0.0760606205433152,0.155671240257967,"LOAD_vs_CN",329,"study_1"
"TPM4",0.0270779519062688,0.0353945954457785,0.585271962266534,0.444751718911834,0.571894574201034,"LOAD_vs_CN",402,"study_1"
"TPPP3",0.0520928069516688,0.0186401844723251,7.81007324504758,0.00549005817388623,0.0211891571093249,"LOAD_vs_CN",391,"study_1"
"TPST1",-0.0209500363114911,0.0237884096816859,0.775601680762923,0.37929802377818,0.514000651037007,"LOAD_vs_CN",324,"study_1"
"TPT1",0.0926645425781964,0.0210242263695997,19.4261672977475,1.39481241583466e-05,0.000140917077893884,"LOAD_vs_CN",374,"study_1"
"TREM2",-0.0438608077144553,0.0378169696648604,1.34517813611026,0.24742022324894,0.377308134099833,"LOAD_vs_CN",280,"study_1"
"TREML1",-0.0662129039167293,0.0380928183823587,3.02133622878986,0.0839320868602743,0.168272403715005,"LOAD_vs_CN",234,"study_1"
"TRHDE",-0.0517083126221137,0.0179260996515464,8.32049413831026,0.00415674481944813,0.0169644575700645,"LOAD_vs_CN",402,"study_1"
"TRIL",-0.0611215272165535,0.0223733243208824,7.46323914795952,0.00662943941065714,0.0243874749200695,"LOAD_vs_CN",362,"study_1"
"TTR",-0.0155516134317185,0.0271536957071396,0.328014476456728,0.567220866933175,0.686460485466397,"LOAD_vs_CN",402,"study_1"
"TUBA4A",-0.0197724869543815,0.0353427178157078,0.312984412430723,0.576208333272517,0.694076782510027,"LOAD_vs_CN",402,"study_1"
"TUBB",-0.0766559012114094,0.0380117996866588,4.06681412897245,0.0445394012742805,0.106615221865612,"LOAD_vs_CN",378,"study_1"
"TUBB4A",-0.077729546740984,0.0453442316834414,2.93851678202572,0.0874060374115801,0.173548981796981,"LOAD_vs_CN",358,"study_1"
"TWF2",0.175290150776115,0.0301044956363426,33.9041076339903,2.04951488209529e-08,3.2000380090897e-07,"LOAD_vs_CN",281,"study_1"
"TXNDC12",-0.0103769890634084,0.0274201077031263,0.143220242720214,0.705334696566769,0.796124752266443,"LOAD_vs_CN",384,"study_1"
"TXNDC17",0.0248028490579245,0.0156514221053388,2.51128228061093,0.11389533143942,0.213011141648498,"LOAD_vs_CN",402,"study_1"
"TXNDC5",0.00119133957331505,0.0127878905421471,0.00867907249229408,0.925829616240591,0.951213778201325,"LOAD_vs_CN",402,"study_1"
"TXNL1",-0.00546363057098885,0.039792652505766,0.0188519758183404,0.890886320989213,0.928738850560833,"LOAD_vs_CN",294,"study_1"
"TXNRD1",0.129804906077719,0.0191608320886264,45.8937435409898,5.33418552812724e-11,1.13337694571858e-09,"LOAD_vs_CN",402,"study_1"
"TYRO3",0.0184865554127553,0.0169122989966987,1.19483159386606,0.27514941971786,0.406305669066344,"LOAD_vs_CN",402,"study_1"
"UBA1",0.00621020183612397,0.0476805562373872,0.0169640211083788,0.896447851987982,0.932649683466548,"LOAD_vs_CN",377,"study_1"
"UBB",0.168251862018058,0.01926753409777,76.2548526006443,1.24170126898411e-16,4.19532182848564e-15,"LOAD_vs_CN",402,"study_1"
"UBE2L3",0.0351088237896852,0.0221909654736339,2.5031113222651,0.114475318554105,0.213514598678742,"LOAD_vs_CN",387,"study_1"
"UBE2N",0.130171991881434,0.0263899346932418,24.3309165908439,1.20279706735526e-06,1.43292760451977e-05,"LOAD_vs_CN",402,"study_1"
"UBE2V1",0.157026567589568,0.0230066846665075,46.5841521160179,3.26577196318097e-11,7.23737206033976e-10,"LOAD_vs_CN",402,"study_1"
"UBL3",-0.0267930032207161,0.0292005302168109,0.841901567075625,0.359647930663648,0.49548877084664,"LOAD_vs_CN",308,"study_1"
"UBQLN2",0.0388217506343086,0.0244936531771874,2.51213574520705,0.11388192025788,0.213011141648498,"LOAD_vs_CN",362,"study_1"
"UCHL1",0.386921532633862,0.027740538293112,194.543188948282,6.23094291495279e-33,6.42098667385885e-31,"LOAD_vs_CN",402,"study_1"
"UFM1",0.0457763862354104,0.0262268164862991,3.04643456857977,0.0818134662591557,0.165473556388734,"LOAD_vs_CN",346,"study_1"
"UGGT1",-0.0738447565138131,0.0445601665949375,2.74628569036835,0.098587713343871,0.18936558919079,"LOAD_vs_CN",286,"study_1"
"ULBP2",-0.0888060805380907,0.030927864198792,8.24490291738006,0.00436660776475439,0.0176462325552133,"LOAD_vs_CN",402,"study_1"
"UNC5A",0.0127139439571319,0.0214653404079233,0.350820550106306,0.554024328840504,0.675647421148094,"LOAD_vs_CN",402,"study_1"
"UNC5B",0.00271476444355151,0.0182486590684047,0.0221310688753137,0.881838254008853,0.922572914473221,"LOAD_vs_CN",402,"study_1"
"UNC5C",-0.0100111685474389,0.0115410691729619,0.7524496738922,0.386318950502464,0.520855822080269,"LOAD_vs_CN",402,"study_1"
"UNC5D",-0.0166467964577021,0.0232483574702528,0.51271590417055,0.474476277218348,0.600304240237579,"LOAD_vs_CN",402,"study_1"
"UQCC3",-0.0743882113735554,0.0270439049333932,7.56605391450426,0.00636438486054337,0.0236342291848286,"LOAD_vs_CN",298,"study_1"
"USP14",-0.0498197268043518,0.0564676923205746,0.778399599828556,0.378347124675409,0.513684732513846,"LOAD_vs_CN",311,"study_1"
"VAMP2",0.024950781510496,0.0219246384491518,1.29510036489063,0.255995886492678,0.384273504778885,"LOAD_vs_CN",401,"study_1"
"VAPA",0.0829232508035108,0.0124718387472688,44.2070631814868,1.20121566240261e-10,2.50071260627453e-09,"LOAD_vs_CN",402,"study_1"
"VASN",0.0807340220953457,0.0129142509934601,39.0818157278112,1.29982750397884e-09,2.37074733247822e-08,"LOAD_vs_CN",402,"study_1"
"VAT1L",0.0413781057095507,0.0214222220405415,3.73088769760426,0.0542667427933292,0.123311749610862,"LOAD_vs_CN",402,"study_1"
"VCAM1",0.0268247119095636,0.0167083453032544,2.57752715161636,0.109412536268153,0.206123617229126,"LOAD_vs_CN",402,"study_1"
"VCL",0.0265241917812227,0.0226942559431277,1.36600541776145,0.243323791519473,0.372855267153631,"LOAD_vs_CN",402,"study_1"
"VCP",-0.216685196920442,0.0723617507768187,8.9668592770515,0.0030373126567946,0.0133189391184121,"LOAD_vs_CN",269,"study_1"
"VEGFA",-0.0841929021739334,0.0301425660869595,7.80172282233139,0.00576008376364916,0.0220251069329887,"LOAD_vs_CN",276,"study_1"
"VEGFC",-0.0170459541166322,0.0256809660952214,0.440575066288631,0.507264530958041,0.629423358401278,"LOAD_vs_CN",373,"study_1"
"VIM",-0.00261337417935281,0.0552523349147254,0.00223718511161765,0.962306433878382,0.974122573783568,"LOAD_vs_CN",402,"study_1"
"VIP",-0.0114388528164339,0.0288459090682491,0.157252110781436,0.691938368879748,0.785289084945573,"LOAD_vs_CN",392,"study_1"
"VIT",-0.0680713279270736,0.0275224472427552,6.11722352309277,0.0139069752664151,0.0433619909592761,"LOAD_vs_CN",387,"study_1"
"VLDLR",-0.0523470032793559,0.0155120780572717,11.3879010851244,0.000816898682571578,0.0045258822171506,"LOAD_vs_CN",402,"study_1"
"VMO1",-0.0833088505951229,0.0463174578573488,3.23513832907638,0.0731852751526183,0.152597783652988,"LOAD_vs_CN",364,"study_1"
"VNN1",-0.214669535009923,0.0485984170990506,19.5117661828605,1.36940848975561e-05,0.000139720341454768,"LOAD_vs_CN",392,"study_1"
"VPS29",-0.0418623511986538,0.0458145719386582,0.834910585535478,0.361578768118746,0.496672856871125,"LOAD_vs_CN",352,"study_1"
"VSNL1",0.188443014755144,0.0355660531074608,28.0729945817808,2.78316377676411e-07,3.82406702927389e-06,"LOAD_vs_CN",296,"study_1"
"VWA1",-0.0155280617824723,0.0138768586615414,1.25213792803908,0.263879751546842,0.394957275191025,"LOAD_vs_CN",402,"study_1"
"VWA7",-0.14451305763686,0.0442169088877106,10.6816273506355,0.00123768448919961,0.00639315221112883,"LOAD_vs_CN",251,"study_1"
"VWC2",-0.0209450816450518,0.0191116790306098,1.20106477205528,0.273925774431592,0.404993558897784,"LOAD_vs_CN",402,"study_1"
"VWC2L",0.0673432365450645,0.0344815515031133,3.81429582346507,0.0519655506478979,0.119133481518707,"LOAD_vs_CN",287,"study_1"
"VWF",-0.040667749811818,0.0180224483234927,5.09181608150492,0.0247199264188923,0.0677496919539055,"LOAD_vs_CN",402,"study_1"
"WBP2",0.0550151398012297,0.019439941474071,8.00893069619101,0.00492936214423637,0.0193144779073596,"LOAD_vs_CN",402,"study_1"
"WDR1",0.0669189301622252,0.0261849132142261,6.53124087189547,0.0110322180110006,0.0363798421130757,"LOAD_vs_CN",402,"study_1"
"CCN5",0.0190709707026001,0.039026511571709,0.23879549630029,0.625519874323325,0.737948746983614,"LOAD_vs_CN",304,"study_1"
"WSCD1",-0.0259358247778454,0.0181036867655967,2.05241922182971,0.152877074852455,0.266114570330161,"LOAD_vs_CN",402,"study_1"
"WSCD2",-0.0682010095925724,0.0373170552168644,3.34015697093198,0.0686681253959825,0.145648801315164,"LOAD_vs_CN",324,"study_1"
"XXYLT1",-0.0234857145867145,0.0150426456280457,2.43758129327762,0.119446669157586,0.220641894075486,"LOAD_vs_CN",402,"study_1"
"XYLT1",-0.0181179695027165,0.0143574117751905,1.59245341329172,0.207757251181446,0.331928445492218,"LOAD_vs_CN",402,"study_1"
"XYLT2",-0.0235720714826777,0.0207190150006919,1.29436657423512,0.255978559062897,0.384273504778885,"LOAD_vs_CN",387,"study_1"
"YIPF3",0.000494495578099913,0.0147831803272456,0.00111889433686428,0.973335298526419,0.980950635825403,"LOAD_vs_CN",402,"study_1"
"YKT6",0.0742586139298288,0.021181162504848,12.2911945503442,0.000522422357775563,0.00306755692129754,"LOAD_vs_CN",331,"study_1"
"YWHAB",0.18965544270216,0.0238716882130381,63.1196168584656,2.07700431229074e-14,5.94542484393224e-13,"LOAD_vs_CN",402,"study_1"
"YWHAE",0.312281809530015,0.0206664638772068,228.328975440564,7.52075384732067e-40,1.55002736793279e-37,"LOAD_vs_CN",402,"study_1"
"YWHAG",0.37246176398443,0.0201202037646681,342.687799028146,2.01206946369932e-52,8.29375032936862e-50,"LOAD_vs_CN",402,"study_1"
"YWHAH",0.132469093989155,0.0279810498879092,22.4130582803097,3.06926046957822e-06,3.47568452076962e-05,"LOAD_vs_CN",402,"study_1"
"TRYP",-0.00763656315167882,0.031149164093696,0.0601039620944339,0.806477958107824,0.869325874299281,"LOAD_vs_CN",402,"study_1"
"LYSC",-0.00809719503318884,0.0287938690806062,0.0790804530525247,0.778720688020652,0.846935798422462,"LOAD_vs_CN",402,"study_1"
"ABCC2",-0.0573185634612,0.0678934807358278,0.712745437381091,0.399203094780156,0.531840709981837,"LOAD_vs_CN",317,"study_1"
"ACADS",-0.106419794049838,0.0461523609579463,5.3168815242556,0.0218734394483073,0.061839723872375,"LOAD_vs_CN",289,"study_1"
"ACTA2",0.0326530993870892,0.0261277552383558,1.56186906222934,0.212245413218356,0.337268925707812,"LOAD_vs_CN",402,"study_1"
"ACTN4",-0.0681689164950478,0.0369631527729461,3.40122034188229,0.0661963272599089,0.141451678814726,"LOAD_vs_CN",319,"study_1"
"ADD1",0.186278629838038,0.0610089837866395,9.32263084485287,0.0025169553134883,0.0113446780547921,"LOAD_vs_CN",261,"study_1"
"ADGRA2",0.0106819974104216,0.0313189129219355,0.116329959819628,0.733333627673842,0.816973300884209,"LOAD_vs_CN",336,"study_1"
"ADGRA3",-0.0391943529463652,0.0234628051771358,2.79053278555535,0.096143690824849,0.18605835379344,"LOAD_vs_CN",282,"study_1"
"ADRA2B",-0.0302209322109365,0.0454043816279618,0.443016786740605,0.506174632459285,0.628449347890715,"LOAD_vs_CN",391,"study_1"
"C1QTNF6",-0.140627959677107,0.0371427008206565,14.3349568914394,0.000177632037084049,0.00124101568959398,"LOAD_vs_CN",402,"study_1"
"ARF3",0.0668366754206978,0.0295600257411875,5.11234392335466,0.0242940911099092,0.0668941812095512,"LOAD_vs_CN",402,"study_1"
"ASTN2",-0.00627350872365229,0.0253517512963381,0.0612357555965344,0.804718089519632,0.867930027304261,"LOAD_vs_CN",369,"study_1"
"ATP6V1E1",0.00969331117834796,0.0428964872147536,0.0510623562194567,0.821406882134588,0.878982130882339,"LOAD_vs_CN",279,"study_1"
"BTN2A2",-0.0361103443712572,0.0166074167863562,4.72779993401311,0.030342327774082,0.0796631051495324,"LOAD_vs_CN",402,"study_1"
"C1orf232",0.0591659624707829,0.0190394081931184,9.65688317410485,0.00206231509874211,0.00970418132079333,"LOAD_vs_CN",327,"study_1"
"CALCB",-0.0166598207093686,0.0581146445589922,0.0821806316035611,0.77461788656988,0.84380944197702,"LOAD_vs_CN",282,"study_1"
"CCDC40",0.00673532004002496,0.0196856203820401,0.117062625886071,0.732442974833034,0.816729680484741,"LOAD_vs_CN",397,"study_1"
"CD164",0.00139022576645614,0.0299064107621779,0.00216093686694669,0.962953731304371,0.974299283366867,"LOAD_vs_CN",331,"study_1"
"CD300LF",0.0519231362258166,0.0471973072459785,1.2102842736218,0.272319932612344,0.403209728132293,"LOAD_vs_CN",259,"study_1"
"CD47",-0.121906228096963,0.0453292882954288,7.23259234214319,0.00763869950323078,0.0273241356519181,"LOAD_vs_CN",262,"study_1"
"CD68",0.040572721664918,0.0582272776683696,0.48552915306141,0.486649632236632,0.60860733740273,"LOAD_vs_CN",255,"study_1"
"CD8A",-0.00906742097121854,0.0411473249936838,0.0485606336016574,0.825802215043345,0.881854075235406,"LOAD_vs_CN",272,"study_1"
"CENPV",-0.323327219212616,0.12515767695965,6.6737440539522,0.010336179208382,0.0348086035105804,"LOAD_vs_CN",290,"study_1"
"CEP128",0.0334200121257306,0.061835957894043,0.292099639306741,0.589273716794465,0.706100657158949,"LOAD_vs_CN",354,"study_1"
"CISD1",0.0386227770237983,0.0428791299528856,0.811325384824482,0.3687511560185,0.502975600631455,"LOAD_vs_CN",256,"study_1"
"CMBL",0.00670025106598549,0.0559005957655877,0.0143664438613118,0.90471576493383,0.936523953555311,"LOAD_vs_CN",223,"study_1"
"CNNM3",0.0577972768164709,0.0322074742905338,3.22033769556371,0.073839657483391,0.153102146954999,"LOAD_vs_CN",300,"study_1"
"COL6A5",-0.117444424727742,0.035362547375062,11.0300562023093,0.00098803890261731,0.00530083236329003,"LOAD_vs_CN",402,"study_1"
"COLEC10",-0.124579688946154,0.0472950269517901,6.93846704300587,0.00898452439524405,0.0312261463382765,"LOAD_vs_CN",253,"study_1"
"CORT",-0.142085207292914,0.0535190437207802,7.04824579232085,0.00858654412682176,0.0301732614787858,"LOAD_vs_CN",244,"study_1"
"CPNE4",-0.151766373859192,0.0351467663488223,18.6457718917556,2.02729888002248e-05,0.000193438101468811,"LOAD_vs_CN",378,"study_1"
"CRYGD",0.0902519709537874,0.0249914713501077,13.0415658558227,0.000362252459723577,0.00225559613139061,"LOAD_vs_CN",287,"study_1"
"CSN1S1",-0.0375646195223878,0.0863810039003487,0.189113048177256,0.66395427936411,0.762345275637565,"LOAD_vs_CN",368,"study_1"
"HTRA4",-0.0198623340838263,0.0912738504231441,0.0473552159328847,0.827878480456034,0.883156080859154,"LOAD_vs_CN",376,"study_1"
"DIP2B",0.00503425201894575,0.0342186859659997,0.0216442852820618,0.88313885162317,0.923464826583132,"LOAD_vs_CN",324,"study_1"
"DISP2",-0.0678709645594849,0.0351376094895097,3.73098599463781,0.0545288262572577,0.123634665474376,"LOAD_vs_CN",255,"study_1"
"DLG2",0.0486074847035688,0.0307039243070417,2.50621614201309,0.114967696434233,0.213659533228995,"LOAD_vs_CN",242,"study_1"
"DNAH17",-0.0444563374554263,0.0592214057581173,0.563520781347121,0.453576014023506,0.579913253661567,"LOAD_vs_CN",297,"study_1"
"DNAJC16",-0.0340814485203943,0.0472396173167531,0.520503132991127,0.471341449082506,0.597438331217125,"LOAD_vs_CN",243,"study_1"
"DPP4",-0.0944883023694902,0.0300231078926818,9.9047792014192,0.00179380340611085,0.00869889134116346,"LOAD_vs_CN",392,"study_1"
"DSG1",-0.0248968917585597,0.0833082797882031,0.0893128459795852,0.765249976917799,0.837674612050372,"LOAD_vs_CN",336,"study_1"
"DST",-0.00769023681824697,0.0329684973368421,0.0544103001842677,0.815770290815985,0.87431230856565,"LOAD_vs_CN",250,"study_1"
"EEF1A1",-0.0770291187964021,0.0400928181096836,3.69127746855947,0.0555690346758479,0.1250424328739,"LOAD_vs_CN",385,"study_1"
"EIF4B",0.0103909116683697,0.0569434096338161,0.0332981702700686,0.8553454235322,0.903570947155235,"LOAD_vs_CN",272,"study_1"
"EPB41L1",0.177281776899847,0.0402933802914767,19.3580134177574,1.48143006252331e-05,0.000147498906225147,"LOAD_vs_CN",354,"study_1"
"F11R",0.0583397398911867,0.0267453710386459,4.75807981047523,0.0299778585774017,0.0791600387802958,"LOAD_vs_CN",314,"study_1"
"FAM200B",-0.0150436832281995,0.0556439428602419,0.0730924581984649,0.787087675058284,0.85333387601006,"LOAD_vs_CN",311,"study_1"
"FLG2",-0.232043468552279,0.129403175935613,3.21550231484817,0.0743920525050121,0.153783370323801,"LOAD_vs_CN",224,"study_1"
"FZD8",-0.0593905002137082,0.0310849093618789,3.65035208734869,0.0570478981356753,0.127108884386624,"LOAD_vs_CN",301,"study_1"
"GABRA2",-0.0022979806886983,0.0223807548000779,0.0105424922655484,0.918283320288095,0.946290961556882,"LOAD_vs_CN",363,"study_1"
"GALNT14",-0.0400749797617227,0.0275731530784213,2.1123883302085,0.14782381248123,0.258409565329783,"LOAD_vs_CN",233,"study_1"
"GATD3",0.0516610248793271,0.0348500154752339,2.19745547847335,0.139457106309688,0.24650179768805,"LOAD_vs_CN",296,"study_1"
"GTPBP1",-0.0317720556959841,0.0320797697709106,0.980907702468094,0.322782495892131,0.455030590994311,"LOAD_vs_CN",342,"study_1"
"GUSB",-0.0473885656586241,0.0299696729299825,2.50024818637118,0.114956833483851,0.213659533228995,"LOAD_vs_CN",312,"study_1"
"H2AX",-0.223871774456122,0.0569768365083117,15.4383903711259,0.000105859306260131,0.000805077602221881,"LOAD_vs_CN",402,"study_1"
"HAUS3",-0.0270449966853654,0.046311645904765,0.341030665959874,0.559701028946549,0.681360791883543,"LOAD_vs_CN",314,"study_1"
"HCN2",0.0137743128108909,0.0400072195749376,0.118539514275759,0.730929226729589,0.816059120416947,"LOAD_vs_CN",297,"study_1"
"HEBP1",-0.0324344307354139,0.0438779509804672,0.546411564787843,0.460335925122746,0.586736142039567,"LOAD_vs_CN",324,"study_1"
"H1-4",-0.254955825391128,0.056394946529426,20.4385226410414,8.74219276017164e-06,9.0998279185423e-05,"LOAD_vs_CN",402,"study_1"
"H3C1",-0.236145671232222,0.0529564016953309,19.8848831066714,1.18022850710154e-05,0.000122233716238004,"LOAD_vs_CN",381,"study_1"
"HLA-DPB1",0.0792390105531887,0.0516276615721281,2.35566309875025,0.12602957371292,0.230272120055255,"LOAD_vs_CN",389,"study_1"
"HNRNPA1",-0.08543208629049,0.0524523681273766,2.65284467844521,0.104695447828056,0.199443326193111,"LOAD_vs_CN",278,"study_1"
"HNRNPC",-0.0259464638630582,0.0669742887645726,0.150085983482169,0.698874226216188,0.790536004759248,"LOAD_vs_CN",218,"study_1"
"HRAS",-0.051176964208189,0.0223992495408206,5.22013944255486,0.0231252526317064,0.0646691257448397,"LOAD_vs_CN",306,"study_1"
"HSPD1",0.0604107550871692,0.0330899558695484,3.33300643602956,0.0689022713645244,0.145648801315164,"LOAD_vs_CN",323,"study_1"
"IGHV1-45",-0.0466312079104247,0.0543474194299054,0.7361994284174,0.391458477960118,0.524501950553979,"LOAD_vs_CN",402,"study_1"
"IGKV1-17",-0.000104800764964108,0.06717096050878,2.43425341696909e-06,0.998756463860118,0.999241297095001,"LOAD_vs_CN",280,"study_1"
"IGKV1D-43",-0.100391987788831,0.0625691506947688,2.57440924884806,0.109632880000992,0.206350105645703,"LOAD_vs_CN",376,"study_1"
"IGLC2",-0.094249572783745,0.0507618587490357,3.44733705858827,0.0642337319203039,0.138045590706722,"LOAD_vs_CN",402,"study_1"
"IGLV2-14",-0.0847415822099273,0.0576912394597658,2.15761224261331,0.142792944703728,0.25067824449266,"LOAD_vs_CN",402,"study_1"
"BLTP2",0.0959387782124062,0.104793323779705,0.838148816644054,0.361160339318007,0.496672856871125,"LOAD_vs_CN",237,"study_1"
"KRT6A",-0.226289619437904,0.121314414706654,3.47940072482127,0.0629384857510595,0.13639980981381,"LOAD_vs_CN",388,"study_1"
"LAMB4",-0.0458310538427887,0.0300674144871695,2.32341890160492,0.128764230908713,0.233208174661472,"LOAD_vs_CN",317,"study_1"
"LEAP2",-0.0879090849302564,0.0433229607395337,4.11747774516422,0.0432816260408437,0.104664491975425,"LOAD_vs_CN",373,"study_1"
"LRP10",-0.0241134088734346,0.0215417322846974,1.25301413981101,0.264449850786684,0.395236506505697,"LOAD_vs_CN",240,"study_1"
"LRRC3B",0.00221972784889211,0.0264551025551812,0.00704012811857754,0.933182469832461,0.956384420847689,"LOAD_vs_CN",361,"study_1"
"LTBR",0.0147130204768861,0.0209453518814906,0.493433188574688,0.482990032856147,0.606977108363731,"LOAD_vs_CN",355,"study_1"
"LYPD6",-0.0454527183169607,0.0413491889159074,1.20833048598469,0.272837508283974,0.403674159779807,"LOAD_vs_CN",270,"study_1"
"MAT2B",0.13924752023305,0.0334317869485888,17.3482534628967,4.49723744001834e-05,0.000387816165852627,"LOAD_vs_CN",241,"study_1"
"MPST",-0.042518829831248,0.0609741217598758,0.486263307844873,0.486176631371972,0.608384964940883,"LOAD_vs_CN",299,"study_1"
"MT1L",-0.00443325397331785,0.035906262702366,0.0152442062470914,0.901815518444502,0.934930474604688,"LOAD_vs_CN",392,"study_1"
"MUC5B",-0.0784139514965793,0.0782754606971065,1.00354167991804,0.317318124801791,0.450098179777351,"LOAD_vs_CN",352,"study_1"
"NCL",0.110595886726354,0.0448871599049043,6.07062903523004,0.0143258123632173,0.0442595290524745,"LOAD_vs_CN",383,"study_1"
"NEK9",-0.118775397745416,0.0401144577809426,8.76700257743058,0.00332199930301351,0.0144443893744955,"LOAD_vs_CN",329,"study_1"
"NKPD1",0.0633524532776629,0.0354634461518786,3.19128068002418,0.0750424240882946,0.154507928117857,"LOAD_vs_CN",362,"study_1"
"NOP56",0.00685076366895945,0.0350107495405492,0.0382890996795568,0.845012871080089,0.894808926974481,"LOAD_vs_CN",332,"study_1"
"NPM1",-0.0573469766917037,0.0280054446627548,4.19310858150262,0.041363456169572,0.101007207542047,"LOAD_vs_CN",402,"study_1"
"NRDC",-0.565437910123038,0.0658673354769256,73.6935799648533,1.72578892542531e-15,5.23066319897288e-14,"LOAD_vs_CN",361,"study_1"
"NUP155",-0.0803748844905958,0.0609306141484367,1.74008159061395,0.1882045874634,0.311058263642395,"LOAD_vs_CN",300,"study_1"
"OPTN",0.0117816632419873,0.0292219561696806,0.162552869374729,0.687166363087876,0.78245849410172,"LOAD_vs_CN",295,"study_1"
"PCDHA9",-0.0300849701398106,0.0324425466995364,0.859942261414257,0.354541944412734,0.489752645733677,"LOAD_vs_CN",315,"study_1"
"PCDHGA9",0.025444242186106,0.0179491133658852,2.00952327279358,0.157289993244104,0.272186965639042,"LOAD_vs_CN",386,"study_1"
"PDIA2",0.00869010159324496,0.0683228252578775,0.0161777482817552,0.898895746057747,0.934222670375673,"LOAD_vs_CN",272,"study_1"
"PGA4",-0.152063528481173,0.063455127063141,5.74270742972873,0.0174566347206595,0.0513973202275416,"LOAD_vs_CN",239,"study_1"
"PGF",-0.16337205584397,0.0519948336523841,9.87268230801675,0.00187791920884694,0.00902189158376119,"LOAD_vs_CN",360,"study_1"
"PHB2",0.00568972460607664,0.0338395274270824,0.0282705275938232,0.866598916036246,0.910326384276608,"LOAD_vs_CN",299,"study_1"
"PKIA",0.442673915213633,0.0380762944794063,135.163213789299,2.71298318975603e-26,1.80369624325393e-24,"LOAD_vs_CN",334,"study_1"
"PLPBP",0.00246499603406336,0.0453007982649919,0.00296087954570104,0.956646692978679,0.970299623144221,"LOAD_vs_CN",283,"study_1"
"POM121",-0.186509565016998,0.0736873601798161,6.40643201353906,0.0120973006164323,0.0390792109254969,"LOAD_vs_CN",260,"study_1"
"PPP2CA",-0.078086792139437,0.0602614393588549,1.67909845789712,0.196179255287554,0.318617372062765,"LOAD_vs_CN",278,"study_1"
"PSMC5",-0.0394240178538128,0.0515342377468082,0.585234677986243,0.444806891045248,0.571894574201034,"LOAD_vs_CN",397,"study_1"
"RAB5C",-0.0803899507553756,0.0248690037405315,10.4492892200582,0.00138111356330707,0.00702833346660711,"LOAD_vs_CN",281,"study_1"
"RAC1",-0.125569051851079,0.0354686797668307,12.5335813297702,0.000457475506091403,0.00275689186565609,"LOAD_vs_CN",354,"study_1"
"RANBP1",-0.00216874635500819,0.0683548923598605,0.00100664958064831,0.974716517966482,0.981382874220283,"LOAD_vs_CN",276,"study_1"
"RAP1B",-0.158972675568378,0.0475420566674048,11.1812159803595,0.000911158164851213,0.00495487329223839,"LOAD_vs_CN",391,"study_1"
"RPL5",-0.166443194196364,0.0529728554105812,9.87245849277517,0.00193701679444156,0.00921984206315024,"LOAD_vs_CN",238,"study_1"
"S100A1",0.26029989698486,0.0318349316018724,66.8559632223309,1.22617199748206e-14,3.61020069544361e-13,"LOAD_vs_CN",297,"study_1"
"SAE1",-0.184285396889689,0.0506126389570513,13.2575685180466,0.000332245116035372,0.00210694518199662,"LOAD_vs_CN",281,"study_1"
"SELENOW",0.04977260339077,0.0242252668181802,4.22127432878236,0.0410983970734287,0.100598332979022,"LOAD_vs_CN",254,"study_1"
"SPINK2",0.13173173072283,0.0795537868433118,2.74194715687807,0.0991636355584163,0.19029446264981,"LOAD_vs_CN",310,"study_1"
"SULF1",0.0446006813545385,0.0341866027062765,1.70204523041726,0.193048830272778,0.316605481784964,"LOAD_vs_CN",339,"study_1"
"TMEM198",-0.100749489895896,0.0331408201676899,9.24185621883862,0.00254193701777516,0.0113889830296405,"LOAD_vs_CN",402,"study_1"
"TNFRSF6B",0.187361275090158,0.0604980012011709,9.5913030712158,0.00220742292603058,0.0102006696200651,"LOAD_vs_CN",255,"study_1"
"TPR",-0.144695595094286,0.0500496833414146,8.35810749496968,0.00407392644245225,0.0166925693795111,"LOAD_vs_CN",402,"study_1"
"TUBA1A",-0.0323847548932351,0.0375245969590192,0.744816272159356,0.388750184269731,0.522007092400823,"LOAD_vs_CN",394,"study_1"
"TUBB3",0.0209302777432281,0.0391773338608363,0.285417256783496,0.593506939091492,0.708309107330562,"LOAD_vs_CN",389,"study_1"
"UBE2D3",0.0564502999125277,0.0320442492994589,3.10336103955652,0.0793133232563225,0.160732309961928,"LOAD_vs_CN",262,"study_1"
"UTS2",0.0345978439052586,0.0154396867625399,5.02135700306227,0.02563680781169,0.0698908212961548,"LOAD_vs_CN",402,"study_1"
"VSTM2L",-0.0294991303633098,0.0354953024807495,0.690679654909541,0.406972107391749,0.538708743310466,"LOAD_vs_CN",255,"study_1"
"WDR41",-0.074038204588046,0.0549874635437337,1.81294397418417,0.179307018378817,0.299474687908218,"LOAD_vs_CN",300,"study_1"
"ZNF513",-0.33016551966846,0.164589204133758,4.02402566894431,0.0459893565018456,0.109072570483664,"LOAD_vs_CN",259,"study_1"
"ZNF587B",-0.113872413340332,0.0353421572489865,10.3812808427601,0.00139480899486097,0.00708054516849374,"LOAD_vs_CN",391,"study_1"
"ZNF799",0.0477996527922939,0.0232797955536529,4.21590833948053,0.0408754822311198,0.100290915331355,"LOAD_vs_CN",365,"study_1"
