"Protein","Log2FC","SE","F_value","P_value","FDR","Comparison","N","Study"
"NFASC",0.113275157698862,0.120567505246957,0.882691209441136,0.35729120293183,0.880227508319868,"LOD_vs_CN",27,"study_3_Soma"
"ALDOA",0.377940187421139,0.0884056497422455,18.2762086473301,0.000244244589238372,0.036279256460787,"LOD_vs_CN",27,"study_3_Soma"
"LSAMP",0.049380256172606,0.0990520049242084,0.248530753246252,0.623042059675746,0.943510647032567,"LOD_vs_CN",27,"study_3_Soma"
"PARK7",0.362155915738288,0.0928854326535038,15.2018327699581,0.000675935992481623,0.0554267513834931,"LOD_vs_CN",27,"study_3_Soma"
"YWHAZ",0.695000133703669,0.105005667314704,43.8070791886852,8.3057955680869e-07,0.00265619342267419,"LOD_vs_CN",27,"study_3_Soma"
"CXCL16",0.185356423166532,0.153746212713444,1.4534711893566,0.240668858110217,0.833175877690612,"LOD_vs_CN",27,"study_3_Soma"
"CST7",0.0723723004694072,0.179194773199685,0.163115067207947,0.693368871074924,0.960643215713691,"LOD_vs_CN",27,"study_3_Soma"
"PROCR",-0.0308477629682464,0.182132917365426,0.0286860309161405,0.867352850964399,0.978444858239068,"LOD_vs_CN",27,"study_3_Soma"
"NCAN",0.226840103237263,0.135900028514357,2.78612486909872,0.107934235551283,0.659987925990447,"LOD_vs_CN",27,"study_3_Soma"
"DPP7",0.0405841407226095,0.180752684735028,0.0504130760019882,0.826098035397991,0.976515831849209,"LOD_vs_CN",27,"study_3_Soma"
"ICOSLG",0.175746688688427,0.168927059349087,1.08237027829133,0.311680253423342,0.87460875612855,"LOD_vs_CN",27,"study_3_Soma"
"FOLR2",0.0559136927509947,0.190582542094573,0.0860736302665587,0.772691117302214,0.971508377808393,"LOD_vs_CN",27,"study_3_Soma"
"GC",-0.126949712717767,0.0629456639606271,4.06753976169795,0.0627647128982707,0.543804637023533,"LOD_vs_CN",27,"study_3_Soma"
"HBA1",0.109440645932427,1.64316769010345,0.00443602026877971,0.947712636925055,0.990994566041652,"LOD_vs_CN",27,"study_3_Soma"
"FBLN5",0.0212894185530601,0.09640657369883,0.0487656822098625,0.827088394485768,0.976515831849209,"LOD_vs_CN",27,"study_3_Soma"
"NUCB2",-0.0435350591566408,0.125952406584258,0.119471780979365,0.734847420954886,0.968214902910038,"LOD_vs_CN",27,"study_3_Soma"
"ITIH2",-0.0829326087941844,0.140124100530887,0.350287773216033,0.564154569238394,0.921751426488629,"LOD_vs_CN",27,"study_3_Soma"
"CSF1R",0.138248314913685,0.0885190545903719,2.43919296705513,0.130952202708799,0.709042061637452,"LOD_vs_CN",27,"study_3_Soma"
"PGLYRP2",-0.0541503231299032,0.0870832347131396,0.386663341645957,0.544355371415036,0.91950222461731,"LOD_vs_CN",27,"study_3_Soma"
"IGHM",-0.426060116949808,0.291683255030672,2.13362832802724,0.16278575763502,0.759490086027701,"LOD_vs_CN",27,"study_3_Soma"
"LAMA2",0.0542581107102986,0.0788422496016953,0.473599592225142,0.497682560160827,0.910735020939784,"LOD_vs_CN",27,"study_3_Soma"
"APLP2",0.204849981744825,0.113449777332757,3.26035254669428,0.0846468729000876,0.61712265232288,"LOD_vs_CN",27,"study_3_Soma"
"AGA",0.0274403695527656,0.0409664921915785,0.448665168314421,0.509530256337007,0.910735020939784,"LOD_vs_CN",27,"study_3_Soma"
"CFI",-0.0668618451570815,0.0658443501728955,1.0311448643294,0.325441306851993,0.880053596687284,"LOD_vs_CN",27,"study_3_Soma"
"IGSF8",0.113002943061574,0.169232332556112,0.44587469782494,0.510677523709022,0.910735020939784,"LOD_vs_CN",27,"study_3_Soma"
"C1R",-0.0371309573050347,0.173093316142104,0.046016300032734,0.832426301906126,0.976515831849209,"LOD_vs_CN",27,"study_3_Soma"
"CPN2",-0.131869473707667,0.257961085031228,0.261324516688652,0.615673390475837,0.942247800325381,"LOD_vs_CN",27,"study_3_Soma"
"AMBP",-0.100421984194728,0.10367444348374,0.938240489250052,0.345750174711519,0.880227508319868,"LOD_vs_CN",27,"study_3_Soma"
"C5",-0.25223971696116,0.253610814543865,0.989216616816193,0.34110418196113,0.880227508319868,"LOD_vs_CN",27,"study_3_Soma"
"DBI",0.0608407655009309,0.0649112650252093,0.878515024975342,0.357824710606608,0.880227508319868,"LOD_vs_CN",27,"study_3_Soma"
"C1QA",0.0115208638293574,0.0527956260086225,0.0476183342882507,0.829057862531268,0.976515831849209,"LOD_vs_CN",27,"study_3_Soma"
"NRXN3",0.0151720623092686,0.111920308676324,0.0183768654973863,0.89367475733578,0.982199751471484,"LOD_vs_CN",27,"study_3_Soma"
"C6",-0.0756877633508566,0.184017910611788,0.169173039623569,0.685811793436608,0.960038595838227,"LOD_vs_CN",27,"study_3_Soma"
"CLEC3B",0.00949262647147364,0.0514306971355657,0.0340665349344109,0.855154878867963,0.976515831849209,"LOD_vs_CN",27,"study_3_Soma"
"SPARCL1",0.000996210077195414,0.122766205370992,6.58482437843938e-05,0.9936450731022,0.999114375942715,"LOD_vs_CN",27,"study_3_Soma"
"GAP43",0.811541753709893,0.157805624116428,26.4470224488927,2.63264423802692e-05,0.00936509217893163,"LOD_vs_CN",27,"study_3_Soma"
"MCAM",0.0213617137418503,0.0458902960241767,0.216685805892746,0.64575564716298,0.948139799526934,"LOD_vs_CN",27,"study_3_Soma"
"ADGRB2",0.24008002396214,0.177523930139158,1.82893488408767,0.188434212713169,0.770545398613304,"LOD_vs_CN",27,"study_3_Soma"
"LTBP4",-0.0414815884044017,0.107853001803515,0.147926602188889,0.704056239948056,0.960643215713691,"LOD_vs_CN",27,"study_3_Soma"
"CADM1",0.16990059608289,0.136253869476561,1.55486295245039,0.22663333112178,0.8198617425618,"LOD_vs_CN",27,"study_3_Soma"
"APOD",-0.0969643725235461,0.160237113449061,0.366182982027463,0.553122199512725,0.91950222461731,"LOD_vs_CN",27,"study_3_Soma"
"SPON1",0.346342539063691,0.11521969930956,9.03562499084478,0.0060328508037038,0.182009970474007,"LOD_vs_CN",27,"study_3_Soma"
"SERPINF2",-0.438469242042446,0.220107251076212,3.96834633115078,0.0696447057228544,0.565288753557585,"LOD_vs_CN",27,"study_3_Soma"
"PCSK1",0.0678617717732202,0.209438731083126,0.104987209499501,0.748681347438428,0.968214902910038,"LOD_vs_CN",27,"study_3_Soma"
"CPB2",-0.220563276406409,0.163936324797701,1.81015606459616,0.199292746046244,0.786159435950593,"LOD_vs_CN",27,"study_3_Soma"
"SPARC",-0.00590782867641337,0.0496167544481232,0.0141774811928703,0.906172851507024,0.983156052199967,"LOD_vs_CN",27,"study_3_Soma"
"LYVE1",0.0375185732045313,0.159691554078912,0.0551986852634528,0.816516929644363,0.976515831849209,"LOD_vs_CN",27,"study_3_Soma"
"IGHG4",0.00100522594327046,0.0903966933416782,0.000123658019893818,0.991215846023718,0.998942154264497,"LOD_vs_CN",27,"study_3_Soma"
"CNDP1",0.0381182661574115,0.0666450093464772,0.327138011796516,0.573016555532889,0.925543460543702,"LOD_vs_CN",27,"study_3_Soma"
"EFNB2",0.0844338713409112,0.118908321429867,0.504207043089794,0.484409304567074,0.910735020939784,"LOD_vs_CN",27,"study_3_Soma"
"PRRT2",0.31577098650996,0.151010946103793,4.37247757538603,0.0470540631364559,0.47923214621142,"LOD_vs_CN",27,"study_3_Soma"
"RNASET2",0.196611407777663,0.143050190776956,1.88903734195182,0.18436361875594,0.770545398613304,"LOD_vs_CN",27,"study_3_Soma"
"PLTP",-0.0242362711005981,0.0287196995424982,0.712150558570452,0.407348562365899,0.901472887292334,"LOD_vs_CN",27,"study_3_Soma"
"ATRN",0.00277131166547306,0.129627785063555,0.000457061393148924,0.983182901331017,0.996178780960351,"LOD_vs_CN",27,"study_3_Soma"
"LGALS1",0.0180464884232698,0.103923843632371,0.0301547000540136,0.86353838727822,0.977829921949816,"LOD_vs_CN",27,"study_3_Soma"
"OMG",0.00757533531567134,0.0333066198067095,0.0517300148744806,0.822175999833061,0.976515831849209,"LOD_vs_CN",27,"study_3_Soma"
"AHSG",0.659727523294542,0.350452344808884,3.54381682343463,0.0752736965418722,0.588570370515665,"LOD_vs_CN",27,"study_3_Soma"
"IGFBP6",-0.0907117488550639,0.0299629926247481,9.16551146565259,0.00673359739771672,0.195764040708164,"LOD_vs_CN",27,"study_3_Soma"
"CFHR2",-0.274025563752073,0.164019814575624,2.79119081053068,0.113990020317565,0.678845595857678,"LOD_vs_CN",27,"study_3_Soma"
"CPE",0.170204651934808,0.113164128214115,2.26217025404678,0.149204320196022,0.732857404838999,"LOD_vs_CN",27,"study_3_Soma"
"HSPA8",0.125375153601285,0.192093187145073,0.425989634502391,0.520575324973068,0.910735020939784,"LOD_vs_CN",27,"study_3_Soma"
"C4BPA",-0.32507953768993,0.532266959190405,0.373009807746619,0.552818368542102,0.91950222461731,"LOD_vs_CN",27,"study_3_Soma"
"VTN",-0.0545306209866396,0.240427823369059,0.0514412410161997,0.823662022653241,0.976515831849209,"LOD_vs_CN",27,"study_3_Soma"
"SEMA6A",0.09403985086829,0.137684569921799,0.466501794619351,0.501903114167401,0.910735020939784,"LOD_vs_CN",27,"study_3_Soma"
"WFDC1",-0.147832996316684,0.214993645797792,0.472815287341778,0.499315661735394,0.910735020939784,"LOD_vs_CN",27,"study_3_Soma"
"NPTX1",0.0146855615119428,0.0746748078333142,0.038675228304209,0.846067554339912,0.976515831849209,"LOD_vs_CN",27,"study_3_Soma"
"PTN",0.0710989631441699,0.0706616268013856,1.01241663221325,0.324025788504792,0.879552531829013,"LOD_vs_CN",27,"study_3_Soma"
"DCN",-0.00663287783069855,0.0757772846556483,0.00766171368113223,0.930988270535524,0.989367185027217,"LOD_vs_CN",27,"study_3_Soma"
"PSAP",0.0439601583488276,0.119856313500158,0.134523037456455,0.718270986656533,0.962921988203078,"LOD_vs_CN",27,"study_3_Soma"
"GGH",0.0498750438738895,0.132086858854447,0.142576305436001,0.710078014740083,0.961401139347496,"LOD_vs_CN",27,"study_3_Soma"
"F10",-0.239746603752792,0.142198479912223,2.84259520846758,0.111368067651963,0.674536137028368,"LOD_vs_CN",27,"study_3_Soma"
"GALNT2",0.00824857207614027,0.0416460550861858,0.0392292322573813,0.844764014051694,0.976515831849209,"LOD_vs_CN",27,"study_3_Soma"
"NTNG1",0.0217596194402194,0.14905532377142,0.0213111853718952,0.885230227450092,0.981719966549872,"LOD_vs_CN",27,"study_3_Soma"
"CD55",0.0405291662806864,0.089861608130646,0.203416869983432,0.65605465141609,0.950227300069273,"LOD_vs_CN",27,"study_3_Soma"
"IGHA1",-0.288030205357458,0.257723717264923,1.24901396628255,0.287238374366036,0.865990743775278,"LOD_vs_CN",27,"study_3_Soma"
"ACYP2",0.161329957058157,0.108983401113624,2.1913377595923,0.15145063184376,0.734960729341951,"LOD_vs_CN",27,"study_3_Soma"
"CHI3L1",-0.24128453348666,0.304766152222327,0.626794972713759,0.439796416377055,0.909742253705997,"LOD_vs_CN",27,"study_3_Soma"
"FAM3C",-0.0145768397593127,0.0458521082725913,0.101066712887759,0.753194586760761,0.968214902910038,"LOD_vs_CN",27,"study_3_Soma"
"IGKV1-5",-0.0675226941631824,0.0892626069346922,0.572216520254518,0.458297145229591,0.910735020939784,"LOD_vs_CN",27,"study_3_Soma"
"CRTAC1",0.00450874785173383,0.0797952446540027,0.00319269825989559,0.955393077422795,0.990994566041652,"LOD_vs_CN",27,"study_3_Soma"
"IL6ST",0.0341899276337205,0.111104515150597,0.094696285979145,0.761159960533724,0.97068453644305,"LOD_vs_CN",27,"study_3_Soma"
"PRSS1",0.097863640284773,0.157393804514101,0.386604999836191,0.543232416380074,0.91950222461731,"LOD_vs_CN",27,"study_3_Soma"
"CTSH",0.00236411037025341,0.187430379270836,0.000159094632625046,0.990113770595842,0.998942154264497,"LOD_vs_CN",27,"study_3_Soma"
"SEMA6D",0.0782073723674923,0.133283148776493,0.34430624552938,0.563449745104174,0.921751426488629,"LOD_vs_CN",27,"study_3_Soma"
"TIMP1",-0.039959522033616,0.0876145498739982,0.208011862006759,0.654092360721538,0.950143205052207,"LOD_vs_CN",27,"study_3_Soma"
"IDS",0.365197723960607,0.141092431316849,6.69959715899232,0.0158491747715913,0.303506951614066,"LOD_vs_CN",27,"study_3_Soma"
"SELL",-0.0514913140239504,0.1221682649374,0.177644243058384,0.678895565124397,0.957628673772948,"LOD_vs_CN",27,"study_3_Soma"
"PROS1",-0.0571457391244099,0.0710099493349485,0.647633496480844,0.432143656786968,0.90631491610517,"LOD_vs_CN",27,"study_3_Soma"
"CYCS",0.2222722552824,0.130833030817021,2.88626170934434,0.109551909154305,0.66605894577085,"LOD_vs_CN",27,"study_3_Soma"
"NELL2",-0.0386484206248152,0.121493562617383,0.101194513678834,0.753279716404092,0.968214902910038,"LOD_vs_CN",27,"study_3_Soma"
"TAFA5",0.169701855201891,0.135486124563711,1.56885764863082,0.226328904239902,0.8198617425618,"LOD_vs_CN",27,"study_3_Soma"
"TNFRSF21",0.102059128738563,0.128569671599762,0.630124903328053,0.434798553293458,0.90631491610517,"LOD_vs_CN",27,"study_3_Soma"
"CTSB",0.15068952955216,0.142162759668961,1.12355532715882,0.303902065567506,0.873605493931656,"LOD_vs_CN",27,"study_3_Soma"
"LAMP1",-0.16988321920199,0.168150588868811,1.02071425251274,0.324812864318344,0.879552531829013,"LOD_vs_CN",27,"study_3_Soma"
"IGFBP7",-0.0409446199713592,0.0271955435165983,2.26672170609599,0.151087010563353,0.734960729341951,"LOD_vs_CN",27,"study_3_Soma"
"COL3A1",0.0703074478794399,0.101115540116687,0.483467021505752,0.494552540379857,0.910735020939784,"LOD_vs_CN",27,"study_3_Soma"
"KIT",0.109858064031799,0.167137537447214,0.432031969181137,0.520591781930253,0.910735020939784,"LOD_vs_CN",27,"study_3_Soma"
"HSPG2",0.0704579086551611,0.151359579921333,0.216690398863134,0.647293995611956,0.948139799526934,"LOD_vs_CN",27,"study_3_Soma"
"IGFBP2",-0.0180790295428146,0.0613423134606896,0.0868620204546267,0.771846397081341,0.971508377808393,"LOD_vs_CN",27,"study_3_Soma"
"GDA",0.24483766433972,0.153311225488382,2.55040144235855,0.122952860401128,0.691833180585183,"LOD_vs_CN",27,"study_3_Soma"
"NTM",0.0395985930606528,0.0666464865869919,0.353024618387058,0.557808796270906,0.921421761608655,"LOD_vs_CN",27,"study_3_Soma"
"NECTIN1",0.151682829488493,0.152807601740433,0.98533276252365,0.330397179281653,0.880227508319868,"LOD_vs_CN",27,"study_3_Soma"
"ALCAM",0.118146755777211,0.0955393742821866,1.52925115156404,0.22787310881792,0.8198617425618,"LOD_vs_CN",27,"study_3_Soma"
"WFIKKN2",-0.385198262748499,0.15534817621029,6.14831799732507,0.0204053557971472,0.340292513183675,"LOD_vs_CN",27,"study_3_Soma"
"TGFBI",-0.0292655870454723,0.0875189471285434,0.111817637345092,0.740874209967453,0.968214902910038,"LOD_vs_CN",27,"study_3_Soma"
"DNER",0.090291470828566,0.165392819256381,0.298030118140098,0.590899579236869,0.93042681161965,"LOD_vs_CN",27,"study_3_Soma"
"C1S",-0.0029711501379559,0.0597674172725562,0.00247127011915142,0.960749997146593,0.992402613331655,"LOD_vs_CN",27,"study_3_Soma"
"CHGB",-0.0498322282077801,0.0815677460893081,0.373236140326374,0.548110764280515,0.91950222461731,"LOD_vs_CN",27,"study_3_Soma"
"ALDOC",0.149437466187706,0.0901498694257659,2.74782320232007,0.112638295377733,0.677368185906315,"LOD_vs_CN",27,"study_3_Soma"
"ICAM5",0.218090920652777,0.176651895320733,1.52418810805512,0.228852716172366,0.8198617425618,"LOD_vs_CN",27,"study_3_Soma"
"HPX",-0.107597284973455,0.154040642636637,0.487901307653012,0.493342288545055,0.910735020939784,"LOD_vs_CN",27,"study_3_Soma"
"CHGA",0.242204527331259,0.159993490688981,2.29171119336528,0.142764802525482,0.727145011064567,"LOD_vs_CN",27,"study_3_Soma"
"HYOU1",0.082309733425495,0.119431506538183,0.474968238556864,0.497462144514695,0.910735020939784,"LOD_vs_CN",27,"study_3_Soma"
"IGHG2",-0.0327713598823278,0.083995468005701,0.15222192791771,0.702804660887359,0.960643215713691,"LOD_vs_CN",27,"study_3_Soma"
"ITIH5",0.0984473215157422,0.181025839196237,0.295751305541397,0.592463630855608,0.930487710451967,"LOD_vs_CN",27,"study_3_Soma"
"GPI",0.938062534527944,0.240618438469058,15.1986765883841,0.00255301234530545,0.11832657217807,"LOD_vs_CN",27,"study_3_Soma"
"APCS",-0.386986809983549,0.342261434028334,1.27842835441753,0.278396144437701,0.857611163165124,"LOD_vs_CN",27,"study_3_Soma"
"MST1",0.0441727883903393,0.361087120530653,0.0149653071067804,0.903724382754732,0.983030808180147,"LOD_vs_CN",27,"study_3_Soma"
"HP",-0.718967685423346,1.57455778596003,0.20849782776954,0.653658866059904,0.950143205052207,"LOD_vs_CN",27,"study_3_Soma"
"COL18A1",-0.174114656850886,0.241488405709203,0.519850054529707,0.477930871288677,0.910735020939784,"LOD_vs_CN",27,"study_3_Soma"
"RTN4R",0.0663937068564167,0.148885679880451,0.198860247824432,0.660009308299634,0.950770165739743,"LOD_vs_CN",27,"study_3_Soma"
"GRIA4",0.136169417400202,0.189641979089121,0.515573041631128,0.481715405747967,0.910735020939784,"LOD_vs_CN",27,"study_3_Soma"
"SERPIND1",-0.239988548981433,0.166612033462998,2.07476211899861,0.168142978695066,0.763545546200691,"LOD_vs_CN",27,"study_3_Soma"
"COCH",0.0250090194249619,0.260434440270104,0.00922139226644015,0.925115226320222,0.989367185027217,"LOD_vs_CN",27,"study_3_Soma"
"CBLN1",-0.035358569700465,0.190104693198613,0.0345942325584483,0.854324627461077,0.976515831849209,"LOD_vs_CN",27,"study_3_Soma"
"CD59",0.00588030498915693,0.0510416274668567,0.0132724371306668,0.909281752102785,0.984388301700984,"LOD_vs_CN",27,"study_3_Soma"
"TGFBR3",0.0111106188783729,0.077012094498132,0.0208141476418761,0.886553151901223,0.981719966549872,"LOD_vs_CN",27,"study_3_Soma"
"CLSTN2",0.0755416908969142,0.0924598857304422,0.667523713807049,0.421712007674693,0.903526259129452,"LOD_vs_CN",27,"study_3_Soma"
"ART3",0.125598688147216,0.141429207721735,0.788663950096335,0.38328534425785,0.893134047760115,"LOD_vs_CN",27,"study_3_Soma"
"KRT1",0.0117536539148606,0.0657346915476859,0.0319710234338918,0.860304629334544,0.977547427038037,"LOD_vs_CN",27,"study_3_Soma"
"L1CAM",0.195395360056967,0.162145439933412,1.45217519558008,0.242639538504751,0.833175877690612,"LOD_vs_CN",27,"study_3_Soma"
"B2M",0.0589147981328448,0.138420290950156,0.181154560768656,0.67811136278815,0.95756841041918,"LOD_vs_CN",27,"study_3_Soma"
"C3",0.210755180181966,0.197824139072302,1.13500545105919,0.302388340049478,0.872945881505349,"LOD_vs_CN",27,"study_3_Soma"
"APLP1",0.0310511579005244,0.0478690049539218,0.42077196823129,0.522466754696331,0.910735020939784,"LOD_vs_CN",27,"study_3_Soma"
"LUM",-0.157724625579647,0.107986536702634,2.13333856568863,0.171280035604354,0.763545546200691,"LOD_vs_CN",27,"study_3_Soma"
"BCAN",0.307594724765227,0.138517415682037,4.93115899266522,0.0388389475258114,0.435523145196148,"LOD_vs_CN",27,"study_3_Soma"
"B3GNT2",0.0792324196241445,0.168077111292052,0.22222283655998,0.64186557892091,0.94807703935471,"LOD_vs_CN",27,"study_3_Soma"
"NBL1",-0.081304419961894,0.218070045161529,0.13900687644881,0.712516647911137,0.961446514776294,"LOD_vs_CN",27,"study_3_Soma"
"PKM",0.180579160063953,0.215090835289123,0.704841464750226,0.415522433575408,0.90281758949983,"LOD_vs_CN",27,"study_3_Soma"
"RBP4",-0.090554793300317,0.0475752465742122,3.6229370788102,0.0738038215354559,0.582776842642933,"LOD_vs_CN",27,"study_3_Soma"
"SOD1",0.0157778671826385,0.0399812633880949,0.155734045268887,0.696648856977793,0.960643215713691,"LOD_vs_CN",27,"study_3_Soma"
"AGRN",-0.0306600017709933,0.111389752670562,0.0757624258430183,0.785527107032479,0.972180993920227,"LOD_vs_CN",27,"study_3_Soma"
"SPOCK3",0.0278996029917415,0.0991802192849805,0.0791308659530569,0.78116347824378,0.971822571787274,"LOD_vs_CN",27,"study_3_Soma"
"COL1A1",0.0402129727057083,0.119679967392578,0.112898828066033,0.741377227604297,0.968214902910038,"LOD_vs_CN",27,"study_3_Soma"
"COL6A3",0.117331854480152,0.361531316540714,0.105327075189447,0.752041605993256,0.968214902910038,"LOD_vs_CN",27,"study_3_Soma"
"DDR1",0.0838458250067777,0.103790697299645,0.652598431024964,0.429121999390146,0.905805769364954,"LOD_vs_CN",27,"study_3_Soma"
"PTPRD",0.184115151220375,0.146137118981126,1.58729619635534,0.219426794439749,0.810720399723103,"LOD_vs_CN",27,"study_3_Soma"
"TPP1",-0.0113831604819872,0.0915229396260443,0.01546912667131,0.902445368314522,0.983030808180147,"LOD_vs_CN",27,"study_3_Soma"
"CLIC4",0.237315183288699,0.104302417251064,5.17681092149313,0.0317462331793595,0.397104375773922,"LOD_vs_CN",27,"study_3_Soma"
"FGA",0.0187750418017814,0.363053557515127,0.00267436347217613,0.959436648721874,0.991861262822192,"LOD_vs_CN",27,"study_3_Soma"
"HBB",0.0858147094447421,1.04956762246119,0.00668501864519489,0.935820712496402,0.990246756207585,"LOD_vs_CN",27,"study_3_Soma"
"SCG5",-0.0279649905828929,0.106104049147086,0.0694649039061757,0.794440889673368,0.975460906519396,"LOD_vs_CN",27,"study_3_Soma"
"SLITRK1",0.116537673120213,0.179917687523698,0.419551196324564,0.523070735154938,0.910735020939784,"LOD_vs_CN",27,"study_3_Soma"
"KLK6",-0.0335904904941211,0.0519948214861014,0.417361618709078,0.524145226118492,0.910735020939784,"LOD_vs_CN",27,"study_3_Soma"
"PCOLCE",-0.0139727736768904,0.0474697554682523,0.0866425569016668,0.770982049975826,0.971508377808393,"LOD_vs_CN",27,"study_3_Soma"
"NRCAM",0.123372072883598,0.0752026288338327,2.6913345013102,0.113492869504809,0.677368185906315,"LOD_vs_CN",27,"study_3_Soma"
"PLXDC2",0.173362563135491,0.127064711015358,1.86149010710531,0.184619986823162,0.770545398613304,"LOD_vs_CN",27,"study_3_Soma"
"TAGLN",0.259565724046407,0.149247998598438,3.02466759614235,0.0948766503530347,0.630626138572071,"LOD_vs_CN",27,"study_3_Soma"
"C1RL",-0.276279130988412,0.156275915566399,3.1254464239568,0.09219486036595,0.626008538586947,"LOD_vs_CN",27,"study_3_Soma"
"SERPINA7",-0.0334453000397019,0.0506844099284054,0.435433063728335,0.519512883656904,0.910735020939784,"LOD_vs_CN",27,"study_3_Soma"
"CRP",-0.67887702336964,0.448890180245305,2.28718877176557,0.152637015720012,0.735769001766153,"LOD_vs_CN",27,"study_3_Soma"
"C1QTNF3",-0.022566801665139,0.153600964900737,0.0215850041368494,0.885690376912024,0.981719966549872,"LOD_vs_CN",27,"study_3_Soma"
"CNTN2",-0.00636515934195359,0.138927593992559,0.00209914061239502,0.964097781621817,0.994254984078223,"LOD_vs_CN",27,"study_3_Soma"
"SERPINA1",-0.041640127733606,0.242347458970956,0.029522094438958,0.865671557210932,0.977829921949816,"LOD_vs_CN",27,"study_3_Soma"
"F5",-0.140028928937312,0.157692156813196,0.788524782854763,0.392192300039839,0.898271847795756,"LOD_vs_CN",27,"study_3_Soma"
"NCAM1",0.0551779776277392,0.068649146525936,0.646042773559555,0.429216791530179,0.905805769364954,"LOD_vs_CN",27,"study_3_Soma"
"PTPRS",0.110125083008956,0.0852372160436035,1.6692215550957,0.208230510213333,0.794690159337105,"LOD_vs_CN",27,"study_3_Soma"
"RARRES2",-0.0354033712549118,0.0297792878029969,1.41338547729506,0.248923875216786,0.837323020049667,"LOD_vs_CN",27,"study_3_Soma"
"APOA2",0.0278333340106887,0.139362164417212,0.0398878563651137,0.843763637907248,0.976515831849209,"LOD_vs_CN",27,"study_3_Soma"
"A1BG",-0.354555459956476,0.211342219311371,2.81446484289519,0.117147716876042,0.685688079845257,"LOD_vs_CN",27,"study_3_Soma"
"OAF",-0.318665464140565,0.195547968100789,2.65560441556863,0.123526187027561,0.691833180585183,"LOD_vs_CN",27,"study_3_Soma"
"NID2",-0.039808414960401,0.102907501460292,0.149642757946665,0.702310179726935,0.960643215713691,"LOD_vs_CN",27,"study_3_Soma"
"CPVL",0.0644725740070005,0.0477336084365381,1.82432196141217,0.190501273149514,0.772030706803067,"LOD_vs_CN",27,"study_3_Soma"
"SERPINC1",-0.0357604408330801,0.0366915840027441,0.94988888487224,0.343361843948754,0.880227508319868,"LOD_vs_CN",27,"study_3_Soma"
"CHL1",0.0744496861561359,0.0497392768831378,2.24040641925155,0.147193476457594,0.732453693583292,"LOD_vs_CN",27,"study_3_Soma"
"FGB",-0.174941176362743,0.0862089144625427,4.11793732190834,0.0608229681267215,0.536649804994841,"LOD_vs_CN",27,"study_3_Soma"
"BTD",0.073523418873517,0.0779065624461422,0.89064227135454,0.354377508347411,0.880227508319868,"LOD_vs_CN",27,"study_3_Soma"
"CPQ",-0.0909725810964073,0.146264090934933,0.386852672161305,0.543145092602146,0.91950222461731,"LOD_vs_CN",27,"study_3_Soma"
"GFRA2",0.0923636657929077,0.173872049323678,0.282190751750445,0.59996121678427,0.932301249405294,"LOD_vs_CN",27,"study_3_Soma"
"PGK1",0.159347130121409,0.0768679414400951,4.29732293299587,0.0502020815091792,0.493988482050324,"LOD_vs_CN",27,"study_3_Soma"
"SPP1",0.39421173491835,0.108407585135452,13.2232971056881,0.00125231277563157,0.0800979251293955,"LOD_vs_CN",27,"study_3_Soma"
"IGHG1",-0.0126804195310655,0.0380796962317478,0.110886913249606,0.743675382124126,0.968214902910038,"LOD_vs_CN",27,"study_3_Soma"
"ITM2B",-0.0444434062929036,0.110564348636458,0.161578827091746,0.692625471848249,0.960643215713691,"LOD_vs_CN",27,"study_3_Soma"
"ENO2",0.447463522239866,0.18987654042431,5.55357515397286,0.029684226381924,0.380241490564919,"LOD_vs_CN",27,"study_3_Soma"
"CTSA",-0.0986525879412383,0.136694703278529,0.520851107364462,0.482315071260835,0.910735020939784,"LOD_vs_CN",27,"study_3_Soma"
"SEZ6L",0.0311692127266632,0.0650479223527914,0.22960683212931,0.635994367989069,0.945997111817053,"LOD_vs_CN",27,"study_3_Soma"
"CTSF",-0.246188194797369,0.178078349300971,1.91122670492783,0.190980315678784,0.772030706803067,"LOD_vs_CN",27,"study_3_Soma"
"AZGP1",-0.0393089890875711,0.134915173446162,0.0848910994508619,0.775772925021438,0.971822571787274,"LOD_vs_CN",27,"study_3_Soma"
"SIAE",0.112873294568502,0.167581490476644,0.453659808938058,0.511813955697166,0.910735020939784,"LOD_vs_CN",27,"study_3_Soma"
"GSN",-0.0271423329116516,0.069889747241679,0.150822941403266,0.701819650905255,0.960643215713691,"LOD_vs_CN",27,"study_3_Soma"
"RNASE4",-0.013860009168484,0.103284369482392,0.0180076827077523,0.894401567527076,0.982199751471484,"LOD_vs_CN",27,"study_3_Soma"
"C2",-0.242594651115681,0.160123496340906,2.29536794878209,0.152373649175055,0.735769001766153,"LOD_vs_CN",27,"study_3_Soma"
"RNASE1",0.163663672020077,0.303623228231585,0.29055917573618,0.594774027157569,0.931503016942083,"LOD_vs_CN",27,"study_3_Soma"
"CDH13",0.069376176365024,0.155450764056055,0.199175079182746,0.659666487395402,0.950770165739743,"LOD_vs_CN",27,"study_3_Soma"
"A2M",0.0959280695228646,0.213812131331646,0.201292096919406,0.657555158706161,0.950227300069273,"LOD_vs_CN",27,"study_3_Soma"
"GOT1",0.0491671105703979,0.16341294788364,0.0905266489434977,0.765996882815056,0.970930650512307,"LOD_vs_CN",27,"study_3_Soma"
"SCG3",-0.0223959826101172,0.0297760750985161,0.565724960725585,0.466150769264527,0.910735020939784,"LOD_vs_CN",27,"study_3_Soma"
"PEBP1",0.409678593756491,0.108483282262855,14.2613589438363,0.000939336674245254,0.0696421786278256,"LOD_vs_CN",27,"study_3_Soma"
"MAN1B1",0.0583872316226959,0.0914523639913633,0.407611000089689,0.53004248382545,0.915125967620135,"LOD_vs_CN",27,"study_3_Soma"
"RELN",0.00665480692220122,0.208429427442361,0.00101941929246219,0.974912135909694,0.994392792947044,"LOD_vs_CN",27,"study_3_Soma"
"PPIC",0.108968315647118,0.0652808416281491,2.78630712883362,0.107549996529234,0.659718023855182,"LOD_vs_CN",27,"study_3_Soma"
"GOLM1",0.191268423852751,0.109135596268645,3.07152254220624,0.0931995284416932,0.626008538586947,"LOD_vs_CN",27,"study_3_Soma"
"APP",-0.0250876774057822,0.0404939829193437,0.383830889544266,0.546877450494533,0.91950222461731,"LOD_vs_CN",27,"study_3_Soma"
"LDHB",0.0643455174049699,0.0630857327768289,1.04033758974229,0.31992059776644,0.878839279471666,"LOD_vs_CN",27,"study_3_Soma"
"EFEMP1",-0.0160660848654395,0.0355385950079817,0.204371157563131,0.655570878333745,0.950227300069273,"LOD_vs_CN",27,"study_3_Soma"
"PLD3",0.42066900199157,0.23820301405063,3.11879276058882,0.0997328302675227,0.640452994368549,"LOD_vs_CN",27,"study_3_Soma"
"GPX3",-0.0210698824399422,0.0706359613489023,0.0889759235172536,0.768675216437199,0.971202524821033,"LOD_vs_CN",27,"study_3_Soma"
"IGFBP5",0.0224620572015688,0.0518459444110469,0.187702249760241,0.668554141625858,0.951989889018576,"LOD_vs_CN",27,"study_3_Soma"
"OPCML",0.159175823924876,0.193738160727783,0.675031233944028,0.419574806801119,0.903057347565788,"LOD_vs_CN",27,"study_3_Soma"
"FSTL1",0.033347871390184,0.0431244945531605,0.597982122079746,0.446623329927158,0.910735020939784,"LOD_vs_CN",27,"study_3_Soma"
"EPHA4",0.0547604772882497,0.0959572274039996,0.325670984957624,0.573373201920227,0.925543460543702,"LOD_vs_CN",27,"study_3_Soma"
"IGLON5",0.0536165181643451,0.12644789236219,0.179793516011222,0.675318960154758,0.956501559014395,"LOD_vs_CN",27,"study_3_Soma"
"ROBO1",0.04748049462588,0.147325204385002,0.103866707392128,0.750239668083786,0.968214902910038,"LOD_vs_CN",27,"study_3_Soma"
"NGFR",-0.00101825573897329,0.141495755105196,5.17877342404002e-05,0.994315977517709,0.999114375942715,"LOD_vs_CN",27,"study_3_Soma"
"CA1",-0.258235396782487,0.95396477234155,0.0732768628601361,0.789814739833506,0.974094692629214,"LOD_vs_CN",27,"study_3_Soma"
"GAPDH",0.20979375896237,0.221657622435959,0.895818006570434,0.353535861672723,0.880227508319868,"LOD_vs_CN",27,"study_3_Soma"
"BASP1",0.643433276302099,0.152866567250257,17.7166664349931,0.000292808191138125,0.037456023810389,"LOD_vs_CN",27,"study_3_Soma"
"THY1",-0.0234634586187799,0.0443773965756664,0.279550593006213,0.603222074782097,0.935099325784539,"LOD_vs_CN",27,"study_3_Soma"
"HSPA5",0.0828265184087735,0.166966663813444,0.246081674569482,0.628737155676726,0.944091502527403,"LOD_vs_CN",27,"study_3_Soma"
"ANG",-0.142797808820909,0.105391899766024,1.83581375994434,0.191231651519886,0.772030706803067,"LOD_vs_CN",27,"study_3_Soma"
"PLG",-0.246283787883891,0.191478378023035,1.65436818256899,0.223222879012385,0.817716800780763,"LOD_vs_CN",27,"study_3_Soma"
"BPNT2",0.115957303500334,0.164119378054222,0.499202199533844,0.489354216324505,0.910735020939784,"LOD_vs_CN",27,"study_3_Soma"
"HRG",-0.411106457449286,0.246184150949796,2.78861408604985,0.118961440533001,0.690451337249616,"LOD_vs_CN",27,"study_3_Soma"
"F2",-0.336870879136677,0.376005188282735,0.80267412774779,0.386540683258491,0.896392597602933,"LOD_vs_CN",27,"study_3_Soma"
"APOC1",-0.0483280349778532,0.0331443396527871,2.12607965898003,0.170783987233881,0.763545546200691,"LOD_vs_CN",27,"study_3_Soma"
"PAM",-0.0173126917873621,0.195618868308434,0.00783263178656475,0.930242637254398,0.989367185027217,"LOD_vs_CN",27,"study_3_Soma"
"SIRPA",1.74346309975497,0.654919821990888,7.08678487800483,0.0148250153569606,0.29631499444725,"LOD_vs_CN",27,"study_3_Soma"
"PFN1",0.171820755108111,0.116600177744831,2.17146493990875,0.153928510198411,0.737368508145816,"LOD_vs_CN",27,"study_3_Soma"
"SEMA4B",0.0469851719764343,0.0366225570959639,1.64597908368982,0.214496927156191,0.80135651056717,"LOD_vs_CN",27,"study_3_Soma"
"AGT",-0.0455078317388296,0.0399268049916168,1.29910175671112,0.272838002324215,0.857611163165124,"LOD_vs_CN",27,"study_3_Soma"
"CLSTN1",0.079213492247618,0.070397352992973,1.26615146364452,0.271190281701906,0.855343590386265,"LOD_vs_CN",27,"study_3_Soma"
"QDPR",0.0286304040675631,0.0771178243516459,0.137830527168799,0.713598810444129,0.961958557310867,"LOD_vs_CN",27,"study_3_Soma"
"FRZB",0.234937161501401,0.119063294008021,3.89356695608748,0.0598727495094235,0.534840929975241,"LOD_vs_CN",27,"study_3_Soma"
"SEMA7A",0.0997385040197791,0.200628483262459,0.247138564649659,0.624007142471186,0.943510647032567,"LOD_vs_CN",27,"study_3_Soma"
"IGF2",0.0519009810637368,0.114177190451901,0.206629550118214,0.657982014484563,0.950227300069273,"LOD_vs_CN",27,"study_3_Soma"
"HTRA1",0.0690755157836858,0.0708807152020542,0.949712361545511,0.339165662944397,0.880227508319868,"LOD_vs_CN",27,"study_3_Soma"
"TMEM132A",0.0951896233178751,0.101011318387416,0.888053514775159,0.355428455731672,0.880227508319868,"LOD_vs_CN",27,"study_3_Soma"
"LYZ",-0.225650710341435,0.0923957032697464,5.9644425409113,0.0238941325012538,0.357118717577144,"LOD_vs_CN",27,"study_3_Soma"
"KNG1",-0.100322155416334,0.0799443557313211,1.57477348913973,0.237518410666456,0.831425431560775,"LOD_vs_CN",27,"study_3_Soma"
"PPIA",0.24963072035281,0.095912555801906,6.77399906189305,0.0157818261056199,0.303506951614066,"LOD_vs_CN",27,"study_3_Soma"
"CALB1",-0.0331734998835653,0.0618142336868954,0.288008699941251,0.596243488330345,0.931503016942083,"LOD_vs_CN",27,"study_3_Soma"
"GPR37",0.00376315066375277,0.134463631156177,0.00078323762619849,0.97791286235724,0.994392792947044,"LOD_vs_CN",27,"study_3_Soma"
"C7",-0.0649019069819108,0.126003588777402,0.265307230414852,0.615694849659059,0.942247800325381,"LOD_vs_CN",27,"study_3_Soma"
"ENPP2",-0.00700139485488549,0.040652204191598,0.0296620351696724,0.864764026048635,0.977829921949816,"LOD_vs_CN",27,"study_3_Soma"
"MGP",-0.0301833858356968,0.192535227668313,0.0245762437094801,0.877540833444197,0.980907230113437,"LOD_vs_CN",27,"study_3_Soma"
"MRC1",0.183511991479655,0.17625767251214,1.08400886669031,0.312964501190902,0.875071488671862,"LOD_vs_CN",27,"study_3_Soma"
"SERPINA5",-0.14713519545268,0.115688498486918,1.61753159391221,0.221598719675187,0.815549502746891,"LOD_vs_CN",27,"study_3_Soma"
"LDHA",0.602500281206114,0.151802449762837,15.7527705594939,0.000587141803405001,0.0518534436127767,"LOD_vs_CN",27,"study_3_Soma"
"PRCP",0.0335049157278107,0.0732857652985496,0.20901516873442,0.652021094208885,0.950143205052207,"LOD_vs_CN",27,"study_3_Soma"
"TPI1",0.209684884593795,0.0932571740209265,5.05556557705958,0.033630772505981,0.40533158636814,"LOD_vs_CN",27,"study_3_Soma"
"FGG",0.0472466010931196,0.435227347544272,0.0117844356420822,0.915024823879264,0.987630379630161,"LOD_vs_CN",27,"study_3_Soma"
"OGN",0.0451862388816817,0.164060050046015,0.0758589292744275,0.786521175884494,0.972282458631083,"LOD_vs_CN",27,"study_3_Soma"
"LCAT",0.0569615678571154,0.0873180341104036,0.425555267516856,0.523939033994036,0.910735020939784,"LOD_vs_CN",27,"study_3_Soma"
"LINGO1",0.113842109033316,0.16988634967501,0.449043998196373,0.509639810048077,0.910735020939784,"LOD_vs_CN",27,"study_3_Soma"
"LRP1",0.123546191240449,0.068819968921805,3.2227734573796,0.0870464688650661,0.621371891585896,"LOD_vs_CN",27,"study_3_Soma"
"CSF1",-0.0676782088005838,0.141356086236064,0.229228539551228,0.636285111794397,0.945997111817053,"LOD_vs_CN",27,"study_3_Soma"
"SEMA3G",0.0789194780826694,0.127704424336242,0.38190603520948,0.543756012495245,0.91950222461731,"LOD_vs_CN",27,"study_3_Soma"
"DKK3",0.0142790638312817,0.0670531178427284,0.0453483528297931,0.833092559923876,0.976515831849209,"LOD_vs_CN",27,"study_3_Soma"
"NCAM2",0.134786585157585,0.151448433168914,0.792070378011472,0.382729650629571,0.893134047760115,"LOD_vs_CN",27,"study_3_Soma"
"NPTX2",-0.143085068788819,0.155778192918446,0.843675252475757,0.367193151237485,0.881594367610718,"LOD_vs_CN",27,"study_3_Soma"
"SPOCK1",0.177631928428527,0.137487361463395,1.66923124927863,0.209843946488814,0.794690159337105,"LOD_vs_CN",27,"study_3_Soma"
"TF",-0.0496209924272364,0.03678465042175,1.81969091021189,0.19341862041549,0.773190935110922,"LOD_vs_CN",27,"study_3_Soma"
"QSOX2",-0.012267961837729,0.202837206192023,0.00365804962229293,0.952561228853285,0.990994566041652,"LOD_vs_CN",27,"study_3_Soma"
"SMOC1",0.576688344012515,0.108703396289617,28.1446673944086,1.69679447403789e-05,0.00904391454662197,"LOD_vs_CN",27,"study_3_Soma"
"LMAN2",0.0185292130666674,0.0635821235261381,0.0849266305059928,0.773222849809029,0.971508377808393,"LOD_vs_CN",27,"study_3_Soma"
"CLSTN3",0.166510468044011,0.16354967484031,1.03653438394204,0.335105733797955,0.880227508319868,"LOD_vs_CN",27,"study_3_Soma"
"NEO1",0.159434021755775,0.106861768742165,2.22595964372068,0.148767182396233,0.732857404838999,"LOD_vs_CN",27,"study_3_Soma"
"IGFBP4",-0.0249455752113583,0.0426688063466767,0.341795277476134,0.564349372440505,0.921751426488629,"LOD_vs_CN",27,"study_3_Soma"
"PRKCSH",0.12719919692956,0.131917068521487,0.929751216414086,0.344303896792316,0.880227508319868,"LOD_vs_CN",27,"study_3_Soma"
"BCHE",0.0475785044075092,0.12072754530352,0.155313365865932,0.697879364891867,0.960643215713691,"LOD_vs_CN",27,"study_3_Soma"
"SPINT2",0.178998740915777,0.161146489610071,1.2338383181643,0.277392122604306,0.857611163165124,"LOD_vs_CN",27,"study_3_Soma"
"TWSG1",-0.00719360798668234,0.113858154980684,0.00399176761838895,0.950259388785672,0.990994566041652,"LOD_vs_CN",27,"study_3_Soma"
"HEXB",0.0229141197245006,0.0936597218984267,0.0598550265832057,0.808934809084849,0.976515831849209,"LOD_vs_CN",27,"study_3_Soma"
"SULF2",0.0351597564302804,0.0593008157671108,0.35153646416087,0.558960632116694,0.921751426488629,"LOD_vs_CN",27,"study_3_Soma"
"FETUB",-0.330645927558848,0.17364733519929,3.62568533595595,0.0808221463122611,0.606318775642935,"LOD_vs_CN",27,"study_3_Soma"
"MMP2",-0.0625883712776361,0.0957451625694108,0.42732039240645,0.51928015142351,0.910735020939784,"LOD_vs_CN",27,"study_3_Soma"
"MFGE8",-0.0627887888167518,0.182787010570679,0.117997702425762,0.73459004751887,0.968214902910038,"LOD_vs_CN",27,"study_3_Soma"
"KLKB1",-0.230436291644182,0.182500852082617,1.59430703426194,0.231259384355765,0.820311116202821,"LOD_vs_CN",27,"study_3_Soma"
"GNPTG",-0.014414598114767,0.0922151719128271,0.0244343233447092,0.87717670055863,0.980887207245815,"LOD_vs_CN",27,"study_3_Soma"
"DYNLL2",0.226654207756059,0.104528408380582,4.70174311003387,0.0410917376857181,0.440039886160286,"LOD_vs_CN",27,"study_3_Soma"
"PRDX1",0.114108769109224,0.227758746860466,0.251008201557711,0.620922549129903,0.943510647032567,"LOD_vs_CN",27,"study_3_Soma"
"APOA4",-0.0749202882994808,0.0784134472427621,0.912888604833069,0.353459838748675,0.880227508319868,"LOD_vs_CN",27,"study_3_Soma"
"FBLN1",-0.0361961638615291,0.0416217979691357,0.756281396648345,0.399128091030687,0.898271847795756,"LOD_vs_CN",27,"study_3_Soma"
"CADM3",0.055151982022549,0.134616910088545,0.167850644582987,0.685777319614255,0.960038595838227,"LOD_vs_CN",27,"study_3_Soma"
"SERPING1",0.000329303544550186,0.105241617706782,9.79079101102405e-06,0.997545699075569,0.999406232411516,"LOD_vs_CN",27,"study_3_Soma"
"APOE",-0.0033822767168985,0.0366905221558486,0.00849787790910649,0.927561893766821,0.989367185027217,"LOD_vs_CN",27,"study_3_Soma"
"SOD2",0.03893166111677,0.0868316203560749,0.201024994035293,0.657981819494256,0.950227300069273,"LOD_vs_CN",27,"study_3_Soma"
"PENK",-0.461168915277044,0.227710355805948,4.10161118623578,0.056149542010162,0.510269102707987,"LOD_vs_CN",27,"study_3_Soma"
"CST3",-0.0313932811405913,0.0413592721702587,0.576139489679838,0.463178038610774,0.910735020939784,"LOD_vs_CN",27,"study_3_Soma"
"CFD",-0.171114258749888,0.152039634838691,1.26665623390726,0.275563059812187,0.857611163165124,"LOD_vs_CN",27,"study_3_Soma"
"FN1",0.108956008933927,0.140379066433246,0.602417630403366,0.447830505951247,0.910735020939784,"LOD_vs_CN",27,"study_3_Soma"
"COLEC12",0.130566673875485,0.130213882660432,1.00542598254765,0.334653942179779,0.880227508319868,"LOD_vs_CN",27,"study_3_Soma"
"CFH",-0.0301289982582134,0.0317076968757739,0.902900698915878,0.351677535677408,0.880227508319868,"LOD_vs_CN",27,"study_3_Soma"
"CNTN1",0.00421277601178716,0.0321520396357214,0.0171679990474525,0.89687482490134,0.982224103388466,"LOD_vs_CN",27,"study_3_Soma"
"NPY",-0.147625389684762,0.168158350353456,0.770699784524648,0.39183769626346,0.898271847795756,"LOD_vs_CN",27,"study_3_Soma"
"CD14",0.0683096744400036,0.0652946756962921,1.09448267837952,0.30549835646682,0.873605493931656,"LOD_vs_CN",27,"study_3_Soma"
"C4A",0.00867677026310432,0.0594264355597032,0.0213185093282503,0.885600549591257,0.981719966549872,"LOD_vs_CN",27,"study_3_Soma"
"APOA1",-0.427422613538225,0.371895923752477,1.32090673537493,0.27375451487076,0.857611163165124,"LOD_vs_CN",27,"study_3_Soma"
"OLFM1",0.326424277194814,0.227514728370797,2.05847629232531,0.165001455034051,0.761149045319344,"LOD_vs_CN",27,"study_3_Soma"
"FGFR1",-0.0113691367276374,0.0588522205712174,0.0373189375301306,0.8483963106212,0.976515831849209,"LOD_vs_CN",27,"study_3_Soma"
"HABP2",-0.612475092030491,0.359406768458582,2.90405180900882,0.10889687817393,0.663337555048053,"LOD_vs_CN",27,"study_3_Soma"
"PTGDS",-0.0141140949154597,0.0352833308246277,0.16001729102538,0.693372307357349,0.960643215713691,"LOD_vs_CN",27,"study_3_Soma"
"GLDN",0.206096409313918,0.146179553180791,1.98777667728189,0.173924883850688,0.763545546200691,"LOD_vs_CN",27,"study_3_Soma"
"SOD3",-0.0242838089437818,0.0447194291655552,0.294877144431494,0.591959102004685,0.930487710451967,"LOD_vs_CN",27,"study_3_Soma"
"SERPINF1",-0.0165733397920569,0.0338041836368004,0.240369391708357,0.632100079242008,0.945700439309025,"LOD_vs_CN",27,"study_3_Soma"
"ITIH1",-0.282670254756049,0.267516728170314,1.11649898400709,0.311467277840589,0.87460875612855,"LOD_vs_CN",27,"study_3_Soma"
"TIMP2",-0.00138974535779468,0.0376404528928695,0.00136320378590055,0.970923681836101,0.994392792947044,"LOD_vs_CN",27,"study_3_Soma"
"CD163",0.0582220267949722,0.133651567906147,0.189769548219784,0.667931442821385,0.951989889018576,"LOD_vs_CN",27,"study_3_Soma"
"CADM2",0.126638661873455,0.134319915461965,0.88889774861743,0.354940917701034,0.880227508319868,"LOD_vs_CN",27,"study_3_Soma"
"SORCS3",0.1907331152228,0.180639776583094,1.11487308089041,0.305626922777139,0.873605493931656,"LOD_vs_CN",27,"study_3_Soma"
"TALDO1",0.0505418921291785,0.179622154231678,0.0791741102909248,0.780764708265018,0.971822571787274,"LOD_vs_CN",27,"study_3_Soma"
"OMD",0.0848202818242072,0.0967117972450994,0.769202193566972,0.394153270118598,0.898271847795756,"LOD_vs_CN",27,"study_3_Soma"
"ENO1",0.408660225584608,0.0850257637447906,23.1006211342688,6.71963448814842e-05,0.0151181045799432,"LOD_vs_CN",27,"study_3_Soma"
"NRXN1",0.220233020475314,0.147230210410421,2.23754101466558,0.14736053028677,0.732453693583292,"LOD_vs_CN",27,"study_3_Soma"
"SERPINA3",0.00202634058455331,0.0504686498992653,0.00161206114947545,0.968495837684544,0.994392792947044,"LOD_vs_CN",27,"study_3_Soma"
"RNASE6",0.121796552526035,0.14142141772805,0.741719365354357,0.397303559046241,0.898271847795756,"LOD_vs_CN",27,"study_3_Soma"
"ST6GAL2",0.0427787845812002,0.178715750545474,0.0572969129991629,0.813440291713154,0.976515831849209,"LOD_vs_CN",27,"study_3_Soma"
"NID1",0.0753685621069895,0.0950695334568225,0.628489077224433,0.435408975107517,0.90631491610517,"LOD_vs_CN",27,"study_3_Soma"
"COTL1",0.0522323199603569,0.083538084027045,0.390939552247951,0.538108207240287,0.917797358269033,"LOD_vs_CN",27,"study_3_Soma"
"CUTA",0.0451525991231136,0.188674649126328,0.0572714801509149,0.813908222769247,0.976515831849209,"LOD_vs_CN",27,"study_3_Soma"
"NPTXR",-0.0295994144524574,0.081722041775166,0.131186100282573,0.720279146051103,0.962921988203078,"LOD_vs_CN",27,"study_3_Soma"
"MDH1",0.322259674283593,0.0821998330956321,15.3698651150343,0.000619576414820748,0.0521422466999146,"LOD_vs_CN",27,"study_3_Soma"
"C8G",-0.29221162149361,0.153864960571637,3.60674558298245,0.071175317112798,0.574579232039244,"LOD_vs_CN",27,"study_3_Soma"
"GOT2",0.406840241619618,0.145668259040817,7.80041928942489,0.0122755331601471,0.268092809571772,"LOD_vs_CN",27,"study_3_Soma"
"QSOX1",0.0438379419534769,0.107940082829178,0.164943353686899,0.688876740038734,0.960643215713691,"LOD_vs_CN",27,"study_3_Soma"
"APOM",-0.104943566726337,0.107146720217716,0.959298747757072,0.341399848713805,0.880227508319868,"LOD_vs_CN",27,"study_3_Soma"
"WFDC2",-0.0157757497727964,0.110570529631079,0.0203564122968198,0.887695654745699,0.981719966549872,"LOD_vs_CN",27,"study_3_Soma"
"TNXB",-0.145125456873226,0.131782444353091,1.21275223151726,0.283752523488302,0.864397138018359,"LOD_vs_CN",27,"study_3_Soma"
"APOH",0.00305262739176371,0.0384854261590555,0.00629151148672793,0.93795999063162,0.990246756207585,"LOD_vs_CN",27,"study_3_Soma"
"SERPINA4",-0.122494847449147,0.0999034320547643,1.50340097003307,0.239536819141892,0.83300357696211,"LOD_vs_CN",27,"study_3_Soma"
"ADGRB1",0.0908429214955486,0.264300870996148,0.118136743888449,0.734225963764557,0.968214902910038,"LOD_vs_CN",27,"study_3_Soma"
"ITIH4",-0.392077204213017,0.239731358165937,2.67481342156952,0.125694067279926,0.696654466483888,"LOD_vs_CN",27,"study_3_Soma"
"BGLAP",0.163368779329295,0.227706136639802,0.514740877142114,0.486613147750712,0.910735020939784,"LOD_vs_CN",27,"study_3_Soma"
"DAG1",0.0798147169636341,0.124557940126692,0.410603947989015,0.527922975707993,0.913580993676495,"LOD_vs_CN",27,"study_3_Soma"
"CGREF1",-0.00964734051084193,0.0967889118639135,0.00993491144505667,0.921542122426472,0.989143784591966,"LOD_vs_CN",27,"study_3_Soma"
"DIPK1C",0.0287075158265058,0.162335349119953,0.0312726746882834,0.863194058102468,0.977829921949816,"LOD_vs_CN",27,"study_3_Soma"
"CFHR1",-0.12573810674966,0.111551249509869,1.27053009069315,0.278097867436006,0.857611163165124,"LOD_vs_CN",27,"study_3_Soma"
"CLU",0.0421571664206581,0.139744890836358,0.0910061929453492,0.767057533909464,0.970935975797025,"LOD_vs_CN",27,"study_3_Soma"
"FSTL4",0.0461182814269598,0.176558439079861,0.0682290413116356,0.796412891470339,0.975460906519396,"LOD_vs_CN",27,"study_3_Soma"
"NTRK2",0.168825915430105,0.147601535956901,1.30826725945806,0.263544784071763,0.853351649936884,"LOD_vs_CN",27,"study_3_Soma"
"ADAM22",0.103580614247528,0.128889969803968,0.64583075158801,0.429393854395644,0.905805769364954,"LOD_vs_CN",27,"study_3_Soma"
"CCN3",-0.10617804609285,0.128688038035206,0.68075854093281,0.422662690324472,0.903526259129452,"LOD_vs_CN",27,"study_3_Soma"
"CNTN4",0.15091686616992,0.135862381224033,1.23389189805206,0.278074739792918,0.857611163165124,"LOD_vs_CN",27,"study_3_Soma"
"SPOCK2",0.133934034611508,0.107847374788212,1.54227829732211,0.228437410193461,0.8198617425618,"LOD_vs_CN",27,"study_3_Soma"
"TNR",0.243492273443186,0.146861856323174,2.74885823309411,0.113104602299541,0.677368185906315,"LOD_vs_CN",27,"study_3_Soma"
"LRRC4B",-0.0195594264437524,0.344965932628502,0.00321484334172264,0.955878573302229,0.990994566041652,"LOD_vs_CN",27,"study_3_Soma"
"CTSD",-0.0359527624370841,0.0446322147813406,0.648884878438481,0.436369672243042,0.90631491610517,"LOD_vs_CN",27,"study_3_Soma"
"CTSZ",0.0405939451064885,0.0894532564760525,0.205935021549999,0.654226184341763,0.950143205052207,"LOD_vs_CN",27,"study_3_Soma"
"CANT1",-0.0749054103141971,0.0863077787620848,0.753228068563277,0.393838600064745,0.898271847795756,"LOD_vs_CN",27,"study_3_Soma"
"PCSK1N",0.0107600909525107,0.122813414784452,0.00767609375967959,0.930898351720488,0.989367185027217,"LOD_vs_CN",27,"study_3_Soma"
"CBLN4",0.206759854751995,0.177347959105789,1.35918961224796,0.254683352444361,0.845999248668555,"LOD_vs_CN",27,"study_3_Soma"
"GM2A",0.00660224064789006,0.0846757844322253,0.00607944932684642,0.938535934354343,0.990246756207585,"LOD_vs_CN",27,"study_3_Soma"
"C9",-0.074889400393058,0.0782643819373323,0.91561392074286,0.355820515595996,0.880227508319868,"LOD_vs_CN",27,"study_3_Soma"
"COL6A1",0.0786941542202761,0.239287202158296,0.108154850314326,0.746916318220597,0.968214902910038,"LOD_vs_CN",27,"study_3_Soma"
"CAMK2B",0.207572886047552,0.0712514174143023,8.48700056142948,0.0111478683808164,0.251062556914443,"LOD_vs_CN",27,"study_3_Soma"
"SPINK6",-0.842994243222213,0.582424432495143,2.09493256291567,0.181526345090396,0.770545398613304,"LOD_vs_CN",27,"study_3_Soma"
"APOB",0.130218279281793,0.154701601097748,0.708523545965,0.41619604650852,0.90281758949983,"LOD_vs_CN",27,"study_3_Soma"
"AFM",-0.0903662597426695,0.158019489968158,0.327032792673414,0.577423598460976,0.925543460543702,"LOD_vs_CN",27,"study_3_Soma"
"LGALS3BP",0.00414158319362024,0.144432457769242,0.000822248663196298,0.977385408855307,0.994392792947044,"LOD_vs_CN",27,"study_3_Soma"
"ECM1",-0.0773161114623129,0.102153250104185,0.572843025223106,0.462715386986887,0.910735020939784,"LOD_vs_CN",27,"study_3_Soma"
"SLITRK4",0.141616468655135,0.156283168819391,0.821113333392646,0.375354253305439,0.887200962358309,"LOD_vs_CN",27,"study_3_Soma"
"PCSK2",0.0362982735057162,0.105106696887543,0.119264491632746,0.732802356666689,0.968214902910038,"LOD_vs_CN",27,"study_3_Soma"
"VSIG4",0.180979572044647,0.134604488752582,1.80775690107415,0.191917030394429,0.772549915587386,"LOD_vs_CN",27,"study_3_Soma"
"NEGR1",0.0844751080359174,0.0986262601919393,0.733622057972069,0.399849175265834,0.898271847795756,"LOD_vs_CN",27,"study_3_Soma"
"GMFB",0.23555750914568,0.158835003273068,2.19938608986758,0.155734312667952,0.742526614584336,"LOD_vs_CN",27,"study_3_Soma"
"NUCB1",0.0428295285379328,0.114167862195387,0.140733941068412,0.711114272266404,0.961446514776294,"LOD_vs_CN",27,"study_3_Soma"
"A4GALT",-0.145050588955023,0.146184059628626,0.98455267465169,0.336569377567092,0.880227508319868,"LOD_vs_CN",27,"study_3_Soma"
"AAMDC",0.0423408911849705,0.144707351572506,0.0856128193439643,0.772264536407199,0.971508377808393,"LOD_vs_CN",27,"study_3_Soma"
"AARS1",0.0429512546569448,0.108952303951174,0.155409968461941,0.697076026493018,0.960643215713691,"LOD_vs_CN",27,"study_3_Soma"
"ABHD14A",0.0504752727618509,0.123085513508446,0.168168041073498,0.68625648220331,0.960038595838227,"LOD_vs_CN",27,"study_3_Soma"
"ACAN",0.31570930822439,0.22179793716893,2.02609482773677,0.171651741412877,0.763545546200691,"LOD_vs_CN",27,"study_3_Soma"
"ACE",0.024900376278465,0.133749615658641,0.0346598544350315,0.854193487940134,0.976515831849209,"LOD_vs_CN",27,"study_3_Soma"
"ACHE",0.261967613412528,0.14049359527499,3.47681957741328,0.0859679961913108,0.61920191851309,"LOD_vs_CN",27,"study_3_Soma"
"ACP1",-0.0704520584082413,0.272749584962213,0.0667204821674426,0.799528043567175,0.975763071187121,"LOD_vs_CN",27,"study_3_Soma"
"ACP2",0.272969746679982,0.198067752534924,1.89933462729548,0.185762852278149,0.770545398613304,"LOD_vs_CN",27,"study_3_Soma"
"ACP6",-0.551699543306849,0.223589801665919,6.08837322639411,0.0209167276542164,0.343034333529149,"LOD_vs_CN",27,"study_3_Soma"
"ACTN1",-0.00471327060979476,0.0813981212825494,0.00335286438800295,0.95432931947722,0.990994566041652,"LOD_vs_CN",27,"study_3_Soma"
"ACVR1",-0.0852155229333746,0.173818254283138,0.240351401677668,0.631526803369756,0.945613726080728,"LOD_vs_CN",27,"study_3_Soma"
"ACVR1B",0.00470551396090624,0.0474434862173097,0.00983696088045573,0.921809458066861,0.989143784591966,"LOD_vs_CN",27,"study_3_Soma"
"ACVR2A",0.0549514101439783,0.0568365938435085,0.934763178765283,0.343028072482619,0.880227508319868,"LOD_vs_CN",27,"study_3_Soma"
"ACYP1",0.0644798200654275,0.135042202365332,0.227986226005886,0.637575102645159,0.946607306132201,"LOD_vs_CN",27,"study_3_Soma"
"ADA2",0.421125742230084,0.275980108654975,2.32845589615589,0.143110360486733,0.727145011064567,"LOD_vs_CN",27,"study_3_Soma"
"ADAM10",-0.0333339120496934,0.0587996332991568,0.321383321716068,0.577958189714125,0.925543460543702,"LOD_vs_CN",27,"study_3_Soma"
"ADAM11",0.028865480908884,0.181317695644915,0.0253441197991068,0.874986079335877,0.980773891237093,"LOD_vs_CN",27,"study_3_Soma"
"ADAM15",0.00860880249926321,0.0912445154495427,0.00890167943441638,0.92588743074901,0.989367185027217,"LOD_vs_CN",27,"study_3_Soma"
"ADAM23",0.24122891822393,0.154340143389756,2.44287328283647,0.13069308418636,0.709042061637452,"LOD_vs_CN",27,"study_3_Soma"
"ADAM28",-0.0174922970264371,0.0579269027306871,0.0911870299299032,0.76549494357785,0.970930650512307,"LOD_vs_CN",27,"study_3_Soma"
"ADAM9",0.1612699701063,0.138443460014476,1.35694461345386,0.256213027490043,0.848208345665796,"LOD_vs_CN",27,"study_3_Soma"
"ADAMTS13",0.00772221937793915,0.141729833548623,0.00296866858165404,0.95753809811209,0.991647292021523,"LOD_vs_CN",27,"study_3_Soma"
"ADAMTSL1",-0.0300604862511502,0.131766207612523,0.0520455868037853,0.821784374149579,0.976515831849209,"LOD_vs_CN",27,"study_3_Soma"
"ADAMTSL2",0.137248552923781,0.137888373221872,0.990741266174208,0.329114908899253,0.880227508319868,"LOD_vs_CN",27,"study_3_Soma"
"ADGRB3",0.146371079270168,0.141826117476367,1.06511897570586,0.313203745581412,0.875071488671862,"LOD_vs_CN",27,"study_3_Soma"
"ADGRF5",-0.0106888891086196,0.0712190243476492,0.0225254306827853,0.882411915714868,0.981719966549872,"LOD_vs_CN",27,"study_3_Soma"
"ADGRG1",0.251659569613222,0.182192278203216,1.90794989815218,0.188132923340787,0.770545398613304,"LOD_vs_CN",27,"study_3_Soma"
"ADGRL3",0.0882038488167041,0.112882001692632,0.610556231887526,0.441991397203731,0.91052214994514,"LOD_vs_CN",27,"study_3_Soma"
"ADIPOQ",-0.0374327926187981,0.195225999301966,0.0367645409293586,0.850139190696625,0.976515831849209,"LOD_vs_CN",27,"study_3_Soma"
"ADM",-0.019049162194916,0.0727234383052216,0.0686124538529945,0.796129609748196,0.975460906519396,"LOD_vs_CN",27,"study_3_Soma"
"ADPGK",0.0172167346564276,0.06441395816872,0.071440025116541,0.791469370657425,0.975383062567416,"LOD_vs_CN",27,"study_3_Soma"
"AGRP",0.0977251689473588,0.134539637645327,0.52760919112833,0.477897084021933,0.910735020939784,"LOD_vs_CN",27,"study_3_Soma"
"AHCY",-0.0966480765974156,0.10635883937254,0.825732259864365,0.372186967700857,0.884947154429249,"LOD_vs_CN",27,"study_3_Soma"
"AHSA1",0.207109686549988,0.108125119187703,3.66899926170826,0.0854971284271184,0.618596870384445,"LOD_vs_CN",27,"study_3_Soma"
"AHSP",-0.00644040998476036,0.0881840894600778,0.005333920756549,0.942958025913449,0.990663523939294,"LOD_vs_CN",27,"study_3_Soma"
"AIF1",0.140606313019719,0.164822029984397,0.72774482059633,0.405175424761781,0.899827089158456,"LOD_vs_CN",27,"study_3_Soma"
"AIF1L",0.127526941459127,0.116410401823492,1.20010794579541,0.284243325333222,0.864397138018359,"LOD_vs_CN",27,"study_3_Soma"
"AK1",0.0456115914211654,0.325773598140449,0.0196028258398011,0.889807527413558,0.981719966549872,"LOD_vs_CN",27,"study_3_Soma"
"AKR1A1",0.245828050212989,0.166243292807058,2.18662650587379,0.157740174096256,0.748446701424073,"LOD_vs_CN",27,"study_3_Soma"
"AKR1B1",0.407220210281785,0.156569328907969,6.76464900589747,0.0205885916447907,0.341151896787775,"LOD_vs_CN",27,"study_3_Soma"
"ALAD",-0.0981528688098221,0.244352202218641,0.16135167583339,0.691698772245659,0.960643215713691,"LOD_vs_CN",27,"study_3_Soma"
"ALB",-0.144496411369587,0.105251297036355,1.88477368581853,0.190922269854739,0.772030706803067,"LOD_vs_CN",27,"study_3_Soma"
"ALDH1A1",-0.137263453298548,0.260647503912782,0.277333735254427,0.603223861505161,0.935099325784539,"LOD_vs_CN",27,"study_3_Soma"
"ALPL",0.0397655088788476,0.0797364263716246,0.248713611537369,0.62432345531247,0.943510647032567,"LOD_vs_CN",27,"study_3_Soma"
"AMIGO1",0.0415592003054455,0.0938048764289692,0.196283382255806,0.663761177598798,0.95186715416842,"LOD_vs_CN",27,"study_3_Soma"
"AMIGO2",0.0968486321249671,0.109533377918176,0.781797036891644,0.385610858145621,0.894908217960592,"LOD_vs_CN",27,"study_3_Soma"
"AMPH",0.668993424326112,0.15088560699208,19.6583955533526,0.000283763710734052,0.037456023810389,"LOD_vs_CN",27,"study_3_Soma"
"FOXN4",-0.200570408847671,0.122324236232421,2.68849166239505,0.117418805671271,0.685688079845257,"LOD_vs_CN",27,"study_3_Soma"
"AMY2A",-0.0322485140337765,0.124607719079287,0.0669775909340984,0.798220544397347,0.97574891682183,"LOD_vs_CN",27,"study_3_Soma"
"AMY2B",-0.0146130554110666,0.0767262858421788,0.0362738548906933,0.850694559456348,0.976515831849209,"LOD_vs_CN",27,"study_3_Soma"
"ANGPT2",-0.045292841550916,0.169637405378768,0.0712879118249004,0.792415062484994,0.975460906519396,"LOD_vs_CN",27,"study_3_Soma"
"ANGPTL1",0.0371864856784487,0.0782487290149142,0.225847709365719,0.639535689943519,0.947306686632411,"LOD_vs_CN",27,"study_3_Soma"
"ANGPTL3",-0.155175966152722,0.139638206216193,1.23492446248117,0.278940405229188,0.857611163165124,"LOD_vs_CN",27,"study_3_Soma"
"ANK2",0.0998934938707023,0.0521231045555685,3.67294018700475,0.0809282010902149,0.606318775642935,"LOD_vs_CN",27,"study_3_Soma"
"ANKRD2",-0.0750431906555704,0.235217469422883,0.101784918958708,0.752406811900661,0.968214902910038,"LOD_vs_CN",27,"study_3_Soma"
"ANTXR2",-0.122422703264764,0.0879173116625894,1.93898804181816,0.18275924436737,0.770545398613304,"LOD_vs_CN",27,"study_3_Soma"
"ANXA1",-0.106000511844524,0.162728481014038,0.424315389618419,0.523239549801603,0.910735020939784,"LOD_vs_CN",27,"study_3_Soma"
"ANXA2",0.0119926529169305,0.211823134553592,0.00320541119046488,0.955905782386638,0.990994566041652,"LOD_vs_CN",27,"study_3_Soma"
"ANXA5",0.0792459429368302,0.0753705422779517,1.10547975816131,0.303949630405375,0.873605493931656,"LOD_vs_CN",27,"study_3_Soma"
"ANXA7",-0.291005167804355,0.277909520221147,1.0964644464967,0.306230455309652,0.873605493931656,"LOD_vs_CN",27,"study_3_Soma"
"AOC3",-0.0992540921471541,0.149933504570126,0.438227329096022,0.519455238768549,0.910735020939784,"LOD_vs_CN",27,"study_3_Soma"
"AP1B1",0.0330929670812541,0.0529444868315838,0.390687870536981,0.537776595578418,0.917797358269033,"LOD_vs_CN",27,"study_3_Soma"
"AP2A2",0.442828429925866,0.132501414835961,11.1694029514797,0.00295928572232427,0.124008415666548,"LOD_vs_CN",27,"study_3_Soma"
"AP2B1",0.252398394600689,0.0935449710588619,7.28001520722377,0.0123232154493591,0.268092809571772,"LOD_vs_CN",27,"study_3_Soma"
"APMAP",0.0316582761432835,0.0445884548351029,0.504115070352549,0.486331584369419,0.910735020939784,"LOD_vs_CN",27,"study_3_Soma"
"APOF",-0.0767140493473075,0.0493285319830455,2.41854088258685,0.13412953125015,0.715024700409544,"LOD_vs_CN",27,"study_3_Soma"
"APOL1",-0.333264328446914,0.26742775502361,1.5529758571247,0.23840435295223,0.831425431560775,"LOD_vs_CN",27,"study_3_Soma"
"ARF1",0.329774758894898,0.138105799560613,5.70178700537914,0.0283877899038104,0.369041268749536,"LOD_vs_CN",27,"study_3_Soma"
"ARHGAP36",0.0165301715420947,0.0544806379935027,0.0920598687823414,0.764598977727394,0.970930650512307,"LOD_vs_CN",27,"study_3_Soma"
"ARHGDIB",0.0685453400347065,0.140094043880895,0.239395800222574,0.628919534679248,0.944091502527403,"LOD_vs_CN",27,"study_3_Soma"
"ARPC5",-0.0156659666197827,0.0450184415518058,0.121097026868963,0.731380282363454,0.968214902910038,"LOD_vs_CN",27,"study_3_Soma"
"ARSA",-0.055287203038306,0.19454218464318,0.080764714511443,0.780717631707912,0.971822571787274,"LOD_vs_CN",27,"study_3_Soma"
"ARSK",-0.20539350319344,0.146412110426257,1.96797421173384,0.181833566686267,0.770545398613304,"LOD_vs_CN",27,"study_3_Soma"
"ART4",0.182366896714578,0.0811072662912908,5.05559747390999,0.0371887946021095,0.426449527214186,"LOD_vs_CN",27,"study_3_Soma"
"ASPH",0.100691494804893,0.0813029560391586,1.53381472982454,0.229704580955924,0.8198617425618,"LOD_vs_CN",27,"study_3_Soma"
"ASPN",-0.0481581821601686,0.167009764007271,0.0831488880090708,0.775996878956499,0.971822571787274,"LOD_vs_CN",27,"study_3_Soma"
"ASPRV1",0.0638685675205188,0.144497749628305,0.195367439316936,0.663931539756064,0.95186715416842,"LOD_vs_CN",27,"study_3_Soma"
"ASRGL1",0.098225917219505,0.0513014307297941,3.66600650626293,0.0677622431632428,0.559193376572354,"LOD_vs_CN",27,"study_3_Soma"
"ATF6",0.0887298226565676,0.139823770244933,0.402695902154372,0.532317175880475,0.915705174209982,"LOD_vs_CN",27,"study_3_Soma"
"ATF6B",0.0750465985819329,0.120929293411059,0.385122591618309,0.540557020631536,0.918544820393014,"LOD_vs_CN",27,"study_3_Soma"
"ATIC",-0.159614377019293,0.326355105213835,0.239201111161679,0.629394335018269,0.944091502527403,"LOD_vs_CN",27,"study_3_Soma"
"ATOX1",0.208026427844592,0.139690408231988,2.2177053802819,0.155540723573621,0.742526614584336,"LOD_vs_CN",27,"study_3_Soma"
"ATP1B1",0.0364249868232154,0.0798431723037913,0.208124515059331,0.652318844872781,0.950143205052207,"LOD_vs_CN",27,"study_3_Soma"
"ATP1B2",0.134205119422827,0.143213918867467,0.878147982856713,0.361205145957356,0.880227508319868,"LOD_vs_CN",27,"study_3_Soma"
"ATP1B3",0.0128423300576799,0.121495568547692,0.011172922323709,0.917506787158409,0.988607380502896,"LOD_vs_CN",27,"study_3_Soma"
"B3GAT1",0.213081965419404,0.151102908969695,1.98860138421489,0.173797058695398,0.763545546200691,"LOD_vs_CN",27,"study_3_Soma"
"B3GAT3",0.0212039368780959,0.0631905326730137,0.112597558277155,0.740676030390638,0.968214902910038,"LOD_vs_CN",27,"study_3_Soma"
"B3GNT8",-0.339170096224949,0.118747537296057,8.15804104674417,0.0107325756270963,0.245162691824672,"LOD_vs_CN",27,"study_3_Soma"
"B4GALT1",-0.0537501640816487,0.145819428244911,0.135871636605342,0.716974653256507,0.962921988203078,"LOD_vs_CN",27,"study_3_Soma"
"B4GALT2",0.0408981737684346,0.166685321436798,0.0602023047572554,0.80831550066247,0.976515831849209,"LOD_vs_CN",27,"study_3_Soma"
"B4GALT6",0.102376121587534,0.14755186070737,0.481402082163438,0.494747454586079,0.910735020939784,"LOD_vs_CN",27,"study_3_Soma"
"BAG6",0.404606385589833,0.139077642900056,8.46351604791291,0.00882725854441231,0.226750700202441,"LOD_vs_CN",27,"study_3_Soma"
"BAMBI",0.0880184641069892,0.125900568794688,0.488756096548002,0.491632192892539,0.910735020939784,"LOD_vs_CN",27,"study_3_Soma"
"BCAM",0.0224182613026107,0.0884156985531342,0.0642902461738413,0.80225900142645,0.975893604626012,"LOD_vs_CN",27,"study_3_Soma"
"BGN",0.181745217870407,0.0818138980665713,4.9348256579587,0.0379045164570805,0.42833442978708,"LOD_vs_CN",27,"study_3_Soma"
"BID",0.00426199667757921,0.0762085394297708,0.00312765568783231,0.955978185190274,0.990994566041652,"LOD_vs_CN",27,"study_3_Soma"
"BIN1",0.152999343177964,0.145660659736651,1.1033024624918,0.308274596959848,0.87460875612855,"LOD_vs_CN",27,"study_3_Soma"
"BLVRA",-0.210722208162256,0.266305497731738,0.626124002251383,0.436280293865115,0.90631491610517,"LOD_vs_CN",27,"study_3_Soma"
"BLVRB",0.0398215894255749,0.605222639575521,0.00432919202765604,0.948232519651395,0.990994566041652,"LOD_vs_CN",27,"study_3_Soma"
"BMP5",-0.213094868675011,0.149571399470821,2.0297795361481,0.168785496327713,0.763545546200691,"LOD_vs_CN",27,"study_3_Soma"
"BMP6",-0.126317971288985,0.122958969146805,1.0553824238982,0.315782291868214,0.876624799821658,"LOD_vs_CN",27,"study_3_Soma"
"BMP7",-0.0921433929544193,0.113756000162488,0.656114708519269,0.427683172084321,0.905781976374608,"LOD_vs_CN",27,"study_3_Soma"
"BMPR2",0.00898449305909743,0.0878159060438888,0.0104674472735227,0.919432878877589,0.989143784591966,"LOD_vs_CN",27,"study_3_Soma"
"BOC",-0.227712902358416,0.158295740188412,2.06936367586122,0.163394076493288,0.759490086027701,"LOD_vs_CN",27,"study_3_Soma"
"BPGM",-0.265207257647282,0.730571307529629,0.131778811419549,0.720455481385826,0.962921988203078,"LOD_vs_CN",27,"study_3_Soma"
"BPNT1",0.158971390372837,0.161457285948532,0.969443826912125,0.335674175319117,0.880227508319868,"LOD_vs_CN",27,"study_3_Soma"
"BSG",0.0186224852046255,0.0957120976638536,0.0378566000474836,0.847305242525725,0.976515831849209,"LOD_vs_CN",27,"study_3_Soma"
"BST1",-0.0901752481293752,0.131004426581485,0.473808394605556,0.501076452244495,0.910735020939784,"LOD_vs_CN",27,"study_3_Soma"
"BTN2A1",0.0403437094443646,0.0413234859356158,0.953142322877027,0.338315864853779,0.880227508319868,"LOD_vs_CN",27,"study_3_Soma"
"BTN3A2",-0.593569963143986,0.463378747381754,1.64086030683228,0.229178216744781,0.8198617425618,"LOD_vs_CN",27,"study_3_Soma"
"C11orf87",0.0198109638846153,0.0841787008856446,0.0553868637758805,0.815971085494683,0.976515831849209,"LOD_vs_CN",27,"study_3_Soma"
"C1GALT1",0.0573069751668598,0.156705487206235,0.133735456162244,0.718721032116378,0.962921988203078,"LOD_vs_CN",27,"study_3_Soma"
"C1GALT1C1",-0.0142691008736584,0.155889932063237,0.00837832264390207,0.928073948268927,0.989367185027217,"LOD_vs_CN",27,"study_3_Soma"
"C1QL1",0.348940361720013,0.143654427799961,5.90016803841937,0.0228701057882449,0.351627876494266,"LOD_vs_CN",27,"study_3_Soma"
"C1QL2",0.140783441851578,0.109666519120494,1.64799177283652,0.211201439922711,0.794776257175932,"LOD_vs_CN",27,"study_3_Soma"
"C1QL3",0.4810525697791,0.16946453925485,8.05800268221427,0.00896851969402016,0.226750700202441,"LOD_vs_CN",27,"study_3_Soma"
"C1QTNF1",0.0207965548242335,0.107957579256269,0.0371087662015623,0.848807437638158,0.976515831849209,"LOD_vs_CN",27,"study_3_Soma"
"C1QTNF4",0.0460316109812648,0.121998405076519,0.142365265535094,0.709187999415851,0.961401139347496,"LOD_vs_CN",27,"study_3_Soma"
"C1QTNF5",0.0782658166320349,0.107407747608147,0.530973716146716,0.473176212404208,0.910735020939784,"LOD_vs_CN",27,"study_3_Soma"
"CA10",0.151323701282767,0.16385553972715,0.852887310552677,0.367013527791727,0.881594367610718,"LOD_vs_CN",27,"study_3_Soma"
"CA11",0.0291044612792568,0.205110581472327,0.0201345996321015,0.888812716244602,0.981719966549872,"LOD_vs_CN",27,"study_3_Soma"
"CA3",-0.485761592698834,0.667044296063078,0.530318769090408,0.474821914541833,0.910735020939784,"LOD_vs_CN",27,"study_3_Soma"
"CA4",-0.041031617285979,0.155672324182551,0.0694727438202003,0.795217435048849,0.975460906519396,"LOD_vs_CN",27,"study_3_Soma"
"CAB39",0.481133611112632,0.170359880059996,7.97621299343089,0.0114340797028113,0.253931853399935,"LOD_vs_CN",27,"study_3_Soma"
"CACNA2D3",0.268449022620219,0.190152202046244,1.99306258333,0.170541558758733,0.763545546200691,"LOD_vs_CN",27,"study_3_Soma"
"CACYBP",0.22260168258582,0.102782521349395,4.69049147761544,0.0416344872897789,0.443823634509043,"LOD_vs_CN",27,"study_3_Soma"
"CALB2",0.707006715710576,0.436219374984468,2.6268615026385,0.141624128851178,0.727145011064567,"LOD_vs_CN",27,"study_3_Soma"
"CALD1",0.233765509495953,0.130742017264431,3.19691070302273,0.0914680260154963,0.625948194572407,"LOD_vs_CN",27,"study_3_Soma"
"CALY",0.0178563345971039,0.185921245972925,0.00922415491589824,0.924413938701221,0.989367185027217,"LOD_vs_CN",27,"study_3_Soma"
"CAMK2D",0.132856092582346,0.0506543776802028,6.87905817623683,0.0195680798152924,0.333678049315231,"LOD_vs_CN",27,"study_3_Soma"
"CAND1",0.676246721218943,0.307871873193736,4.82470002922962,0.0376371571550275,0.426821377949567,"LOD_vs_CN",27,"study_3_Soma"
"CAPG",0.224663483473252,0.125268424549483,3.21648659593768,0.104997394733594,0.655823571011782,"LOD_vs_CN",27,"study_3_Soma"
"CAPN1",0.0494166821605084,0.226192563263856,0.04772989980554,0.828837824787892,0.976515831849209,"LOD_vs_CN",27,"study_3_Soma"
"CAPN2",0.10095844380979,0.0871988523405318,1.34049055166085,0.259833800684992,0.853129871242919,"LOD_vs_CN",27,"study_3_Soma"
"CAPNS1",0.131072798033031,0.208386751526307,0.395626097102297,0.535145577576465,0.915705174209982,"LOD_vs_CN",27,"study_3_Soma"
"CAPS",-2.56211361264747e-05,0.126084825978664,4.12924946380435e-08,0.999839817691559,0.999839817691559,"LOD_vs_CN",27,"study_3_Soma"
"CAPZA1",-0.103024799111926,0.149389308344188,0.475602928023984,0.496903570089415,0.910735020939784,"LOD_vs_CN",27,"study_3_Soma"
"GOLM2",0.163368468864149,0.0890019476751821,3.3692827322898,0.0789401237294471,0.603948602121464,"LOD_vs_CN",27,"study_3_Soma"
"CAST",0.0422467361558141,0.0908540464806603,0.216220952035739,0.646228223653024,0.948139799526934,"LOD_vs_CN",27,"study_3_Soma"
"CAT",-0.156825550731472,0.79578286399412,0.0388368928317912,0.845800548393961,0.976515831849209,"LOD_vs_CN",27,"study_3_Soma"
"CBLN2",0.0479594534080015,0.0915059181028266,0.274694575989339,0.605362148105595,0.93659804046526,"LOD_vs_CN",27,"study_3_Soma"
"CBR1",0.113132654824621,0.105328287023946,1.15368146351845,0.293500688899997,0.868090905472196,"LOD_vs_CN",27,"study_3_Soma"
"CCDC80",0.132211013726533,0.120391682404467,1.20598610314718,0.290502442718185,0.86763984345542,"LOD_vs_CN",27,"study_3_Soma"
"CCK",-0.158589971556706,0.199735486238121,0.630435964092597,0.434668733855201,0.90631491610517,"LOD_vs_CN",27,"study_3_Soma"
"CCL14",-0.380112981877055,0.316677481982348,1.44075799508808,0.248832051847211,0.837323020049667,"LOD_vs_CN",27,"study_3_Soma"
"CCL15",-0.0889031362595603,0.0947704816898423,0.880010771210734,0.359321184029055,0.880227508319868,"LOD_vs_CN",27,"study_3_Soma"
"CCL16",-0.512720103581868,0.216882799513047,5.5886958085029,0.0262271858881091,0.367391105160356,"LOD_vs_CN",27,"study_3_Soma"
"CCL18",-0.267431603501969,0.222352567965653,1.44657567414439,0.243628312258341,0.833175877690612,"LOD_vs_CN",27,"study_3_Soma"
"CCL19",0.0989067587679351,0.117352124153048,0.710346148349817,0.415149017831575,0.90281758949983,"LOD_vs_CN",27,"study_3_Soma"
"CCL2",-0.00492261185245013,0.074476266372645,0.00436873189160772,0.947827961255702,0.990994566041652,"LOD_vs_CN",27,"study_3_Soma"
"CD109",0.287455537978046,0.127720034689056,5.06551148412878,0.0348801112047225,0.410097778061406,"LOD_vs_CN",27,"study_3_Soma"
"CD177",-0.662407660549933,0.633547752215177,1.09318077075862,0.313764687739242,0.875071488671862,"LOD_vs_CN",27,"study_3_Soma"
"CD200",0.0532910958056547,0.154079244551918,0.119624743688768,0.732669759342327,0.968214902910038,"LOD_vs_CN",27,"study_3_Soma"
"CD209",0.0373099511789796,0.0974108722049526,0.146701480775354,0.705056612039947,0.96111297753783,"LOD_vs_CN",27,"study_3_Soma"
"CD248",0.117587005365587,0.137512121741106,0.731200861135036,0.400811695411015,0.898271847795756,"LOD_vs_CN",27,"study_3_Soma"
"CD300A",0.253356687252646,0.1706177053262,2.20504039631933,0.151834591389757,0.735021274609646,"LOD_vs_CN",27,"study_3_Soma"
"CD320",0.0989605150303348,0.135866060168012,0.530520206301156,0.47330997180509,0.910735020939784,"LOD_vs_CN",27,"study_3_Soma"
"CD33",0.302508575721485,0.163971610064325,3.40359643023652,0.0797985041961762,0.605895261595552,"LOD_vs_CN",27,"study_3_Soma"
"CD46",0.23665823390172,0.138729284178954,2.91009353166522,0.100946014904023,0.644361987351428,"LOD_vs_CN",27,"study_3_Soma"
"CD58",-0.0192242820785973,0.0978978506199099,0.0385615024622787,0.847060994295431,0.976515831849209,"LOD_vs_CN",27,"study_3_Soma"
"CD5L",-0.439509308861568,0.254206375230119,2.98925717145974,0.0996162689659709,0.640452994368549,"LOD_vs_CN",27,"study_3_Soma"
"CD83",0.0966894240163558,0.121891681866236,0.629230560433365,0.436271537156912,0.90631491610517,"LOD_vs_CN",27,"study_3_Soma"
"CD84",0.0864563307132444,0.0400711850648937,4.65510226935314,0.0410403828348531,0.440039886160286,"LOD_vs_CN",27,"study_3_Soma"
"CD93",-0.0850966172767968,0.0920418384996167,0.854779352734185,0.364315561317186,0.881301940311923,"LOD_vs_CN",27,"study_3_Soma"
"CDC42",-0.408727621559239,0.332465408514565,1.51138478115603,0.231369802005924,0.820311116202821,"LOD_vs_CN",27,"study_3_Soma"
"CDH1",-0.113958130222503,0.0702765563038258,2.62947887310495,0.120224212439058,0.691833180585183,"LOD_vs_CN",27,"study_3_Soma"
"CDH11",0.248298082730436,0.18558386023435,1.79005479039833,0.192975420265835,0.772563458398879,"LOD_vs_CN",27,"study_3_Soma"
"CDH12",0.0286980456155206,0.0756005886190989,0.144096784384698,0.70823843799457,0.961401139347496,"LOD_vs_CN",27,"study_3_Soma"
"CDH15",0.0788876684207747,0.0801503333862675,0.968740762892753,0.348577822167826,0.880227508319868,"LOD_vs_CN",27,"study_3_Soma"
"CDH20",-0.0925361822059889,0.067744030437567,1.86586875596631,0.185845718054548,0.770545398613304,"LOD_vs_CN",27,"study_3_Soma"
"CDH23",-0.0821948464427553,0.0828591380470802,0.984030035374254,0.332147745793754,0.880227508319868,"LOD_vs_CN",27,"study_3_Soma"
"CDH3",-0.12739182845821,0.068117587765828,3.49755556064437,0.0781099130052113,0.601911285564289,"LOD_vs_CN",27,"study_3_Soma"
"CDH4",-0.0414342372292458,0.0825234893711289,0.252094592618191,0.6211224970932,0.943510647032567,"LOD_vs_CN",27,"study_3_Soma"
"CDH5",-0.0109916581397425,0.196091095971217,0.00314203253323725,0.955882709062276,0.990994566041652,"LOD_vs_CN",27,"study_3_Soma"
"CDH7",0.0379971545702258,0.118386451168161,0.103014449723169,0.750927795965733,0.968214902910038,"LOD_vs_CN",27,"study_3_Soma"
"CEL",-0.270517828152308,0.152263791459104,3.15644702212604,0.088315337010316,0.623430771359851,"LOD_vs_CN",27,"study_3_Soma"
"CFB",-0.217218422623048,0.144263585870722,2.26714796575577,0.157020284269927,0.746137992712073,"LOD_vs_CN",27,"study_3_Soma"
"CFHR5",-0.25669535803107,0.19472422000058,1.73778516135537,0.211244367037302,0.794776257175932,"LOD_vs_CN",27,"study_3_Soma"
"CFL1",0.0687530898816942,0.110281545819222,0.388667969760293,0.539408736920308,0.918211554627276,"LOD_vs_CN",27,"study_3_Soma"
"CFL2",-0.157020107660065,0.192193434226016,0.667472607659121,0.421716842536858,0.903526259129452,"LOD_vs_CN",27,"study_3_Soma"
"CFP",-0.112636193099837,0.247647792393589,0.20686499429187,0.656474939018489,0.950227300069273,"LOD_vs_CN",27,"study_3_Soma"
"CHAD",0.021369987525528,0.104975983075917,0.041440848262677,0.840502817223871,0.976515831849209,"LOD_vs_CN",27,"study_3_Soma"
"CHI3L2",-0.132010366115311,0.0671509709319313,3.86466165450638,0.0629462834766283,0.543804637023533,"LOD_vs_CN",27,"study_3_Soma"
"CHID1",-0.01176305701056,0.0467965874729149,0.0631847155964962,0.803657647965189,0.976480683203904,"LOD_vs_CN",27,"study_3_Soma"
"CHIT1",1.50794294540855,0.530807112196607,8.07042402054821,0.0142210783391567,0.28603150018002,"LOD_vs_CN",27,"study_3_Soma"
"CHRD",0.0201334413966539,0.119324797561764,0.0284691576492518,0.867383106037448,0.978444858239068,"LOD_vs_CN",27,"study_3_Soma"
"CHRDL1",-0.152067037826187,0.242443100290476,0.393414637579209,0.539020739662491,0.918211554627276,"LOD_vs_CN",27,"study_3_Soma"
"CHST1",-0.0182576008624302,0.0541791564709646,0.113559360681563,0.739316493346302,0.968214902910038,"LOD_vs_CN",27,"study_3_Soma"
"CHST11",-0.0857849912304189,0.110089444287359,0.607199301710453,0.443909484464696,0.910598159921807,"LOD_vs_CN",27,"study_3_Soma"
"CHST12",0.0391319118110669,0.0929170159412099,0.177366511606367,0.677900466848055,0.95756841041918,"LOD_vs_CN",27,"study_3_Soma"
"CHST15",-0.0515255608710508,0.15174934717079,0.115290040830208,0.737565220752585,0.968214902910038,"LOD_vs_CN",27,"study_3_Soma"
"CILP",0.0623861192064981,0.0945842491918283,0.43504912540701,0.517608763037126,0.910735020939784,"LOD_vs_CN",27,"study_3_Soma"
"CKB",-0.0796365511052155,0.396448112453572,0.0403508026294598,0.842592389601387,0.976515831849209,"LOD_vs_CN",27,"study_3_Soma"
"CKM",-0.065209629919174,0.215620999323039,0.0914621407012161,0.764828513085694,0.970930650512307,"LOD_vs_CN",27,"study_3_Soma"
"CKMT1A",0.585645609790539,0.171724748214534,11.6306505546776,0.00431448568420556,0.148362636753649,"LOD_vs_CN",27,"study_3_Soma"
"CLEC11A",0.159550812353991,0.158928914119757,1.00784143023891,0.328379046330475,0.880227508319868,"LOD_vs_CN",27,"study_3_Soma"
"CLIC1",-0.210246054203532,0.15501176696355,1.83961259482169,0.187491720384388,0.770545398613304,"LOD_vs_CN",27,"study_3_Soma"
"CLMP",0.0206877150870106,0.141025309398717,0.0215194382634947,0.88528084539958,0.981719966549872,"LOD_vs_CN",27,"study_3_Soma"
"CLN5",0.0841186174757986,0.0567873751210355,2.19422249430902,0.152767547583717,0.735769001766153,"LOD_vs_CN",27,"study_3_Soma"
"CLUL1",-0.550543452955122,0.241911075181831,5.17930756136147,0.0403788939759346,0.43922347937088,"LOD_vs_CN",27,"study_3_Soma"
"CNP",-0.0942688766299113,0.131943536539301,0.510458479583827,0.482238169782697,0.910735020939784,"LOD_vs_CN",27,"study_3_Soma"
"CNPY3",0.0554124183431508,0.123195934928258,0.202311911375555,0.656743609302249,0.950227300069273,"LOD_vs_CN",27,"study_3_Soma"
"CNPY4",0.0481822676507075,0.153331699056045,0.098743968035791,0.756742782677154,0.969576690305103,"LOD_vs_CN",27,"study_3_Soma"
"CNRIP1",0.411249923461758,0.219021360345997,3.52564609969921,0.072314782401874,0.576714898057838,"LOD_vs_CN",27,"study_3_Soma"
"CNTFR",0.105025918837539,0.148044167055742,0.503280817661355,0.485989070793175,0.910735020939784,"LOD_vs_CN",27,"study_3_Soma"
"CNTN3",0.187104700557237,0.142110143673431,1.73348161294278,0.200163650264107,0.786159435950593,"LOD_vs_CN",27,"study_3_Soma"
"CNTN5",0.106011873756678,0.121533175744703,0.760885536045348,0.391578624240717,0.898271847795756,"LOD_vs_CN",27,"study_3_Soma"
"CNTN6",0.113233894294922,0.123972462907205,0.834261935833034,0.370530723930339,0.883671112571017,"LOD_vs_CN",27,"study_3_Soma"
"CNTNAP2",0.275273656796321,0.13246518597302,4.31842913479473,0.0485453852706139,0.483793195777673,"LOD_vs_CN",27,"study_3_Soma"
"COL15A1",0.00416899810065452,0.142473323999442,0.000856241515159399,0.977048673018837,0.994392792947044,"LOD_vs_CN",27,"study_3_Soma"
"COL28A1",-0.0305178967202497,0.122830671071338,0.0617298964882887,0.806921095960416,0.976515831849209,"LOD_vs_CN",27,"study_3_Soma"
"COL2A1",0.0429380867978608,0.104082041853883,0.170189895697838,0.685352144792776,0.960038595838227,"LOD_vs_CN",27,"study_3_Soma"
"COL5A1",-0.054911577791021,0.109750784218044,0.250329816437814,0.623832680318477,0.943510647032567,"LOD_vs_CN",27,"study_3_Soma"
"COL6A2",0.0260233577090379,0.0432285947749377,0.362396860317737,0.553973404696129,0.91950222461731,"LOD_vs_CN",27,"study_3_Soma"
"COLEC11",-0.202348576270227,0.119663936862626,2.85939222923343,0.103277072170286,0.653940599601862,"LOD_vs_CN",27,"study_3_Soma"
"COMP",-0.21852985652677,0.202571768893036,1.16376078916714,0.299590023482179,0.872945881505349,"LOD_vs_CN",27,"study_3_Soma"
"COPB2",-0.0979098739986366,0.148551913529728,0.434406667592258,0.51857807680362,0.910735020939784,"LOD_vs_CN",27,"study_3_Soma"
"CPA4",1.25080102763443,0.675385212943035,3.42983606803707,0.0807173849302323,0.606318775642935,"LOD_vs_CN",27,"study_3_Soma"
"CPB1",0.197710257252682,0.180643120770181,1.197886160579,0.284177979265342,0.864397138018359,"LOD_vs_CN",27,"study_3_Soma"
"CPD",0.0640738456799053,0.0600846516975443,1.13719380690029,0.299176365914111,0.872945881505349,"LOD_vs_CN",27,"study_3_Soma"
"CPLX2",0.397894216516805,0.115349757131168,11.8987649185681,0.00200368524954379,0.101994339063196,"LOD_vs_CN",27,"study_3_Soma"
"CPM",-0.00891357288106143,0.170536454174703,0.00273192757644673,0.958757311085884,0.991861262822192,"LOD_vs_CN",27,"study_3_Soma"
"CPPED1",-0.3780097802822,0.50999119820112,0.54938995109069,0.472130371979298,0.910735020939784,"LOD_vs_CN",27,"study_3_Soma"
"CPXM1",0.353104192903606,0.219648879443493,2.58432878633457,0.121911872766332,0.691833180585183,"LOD_vs_CN",27,"study_3_Soma"
"CPZ",0.0256589468222401,0.059637926791814,0.185111149736495,0.672855420959788,0.955141410485678,"LOD_vs_CN",27,"study_3_Soma"
"CREG1",0.0430588006724015,0.135290142378818,0.101295826105512,0.753742682046827,0.968214902910038,"LOD_vs_CN",27,"study_3_Soma"
"CRELD1",0.117350850082959,0.248208787141815,0.223531213111846,0.640464112624522,0.947836270314619,"LOD_vs_CN",27,"study_3_Soma"
"CRH",0.193644830426399,0.20752737697865,0.870684917021377,0.377114234900452,0.889388881424518,"LOD_vs_CN",27,"study_3_Soma"
"CRHBP",-0.0898959893756128,0.119078901547108,0.569916188673772,0.460690248535717,0.910735020939784,"LOD_vs_CN",27,"study_3_Soma"
"CRIM1",0.133975343421355,0.0569003956266189,5.54394848133015,0.0273116541868494,0.368189413575933,"LOD_vs_CN",27,"study_3_Soma"
"CRIP1",-0.0348303393024789,0.199767528071505,0.030399442496291,0.863333270685237,0.977829921949816,"LOD_vs_CN",27,"study_3_Soma"
"CRIP2",0.0999986095577254,0.073720322465887,1.83998155839078,0.188313267222951,0.770545398613304,"LOD_vs_CN",27,"study_3_Soma"
"CRK",0.331558063804207,0.120806234933811,7.53252342884594,0.0127920160592282,0.270225425264712,"LOD_vs_CN",27,"study_3_Soma"
"CRKL",0.351403324127872,0.149606846569491,5.51707379478923,0.0295551926565255,0.380241490564919,"LOD_vs_CN",27,"study_3_Soma"
"CRLF1",0.0244087821861125,0.112580723913276,0.047007174778969,0.830118797887054,0.976515831849209,"LOD_vs_CN",27,"study_3_Soma"
"CRYZ",0.138241259429403,0.104516105931707,1.74947976113052,0.209105082081973,0.794690159337105,"LOD_vs_CN",27,"study_3_Soma"
"CSF2RA",-0.147178539917601,0.169914270586248,0.750290192284649,0.394687149745412,0.898271847795756,"LOD_vs_CN",27,"study_3_Soma"
"CSMD1",-0.0110043843380536,0.0438269406748448,0.063044787955655,0.804433842699072,0.976515831849209,"LOD_vs_CN",27,"study_3_Soma"
"CSMD2",0.0198904569837008,0.107738630325989,0.0340836912181328,0.85532434631737,0.976515831849209,"LOD_vs_CN",27,"study_3_Soma"
"CSRP1",0.205257223045805,0.0913073354782235,5.05342191138499,0.0397911796096016,0.43667768645144,"LOD_vs_CN",27,"study_3_Soma"
"CST1",0.391182455376367,0.467542715946332,0.700029184086494,0.410742090538783,0.901472887292334,"LOD_vs_CN",27,"study_3_Soma"
"CST6",-0.134008169476019,0.166081183212169,0.651061012515754,0.430241659848541,0.906062018388782,"LOD_vs_CN",27,"study_3_Soma"
"CSTB",0.239671034696672,0.0970275255913525,6.10156425887761,0.0230792651963595,0.352569758244936,"LOD_vs_CN",27,"study_3_Soma"
"CCN2",-0.0140161595335879,0.0597463180320159,0.0550345945710781,0.817578624795276,0.976515831849209,"LOD_vs_CN",27,"study_3_Soma"
"CTHRC1",-0.00482613804910059,0.083368367339852,0.00335117330657712,0.954381599217516,0.990994566041652,"LOD_vs_CN",27,"study_3_Soma"
"CTSC",-0.00342022756258409,0.144618024068109,0.000559326193712751,0.981345896605688,0.995407400270326,"LOD_vs_CN",27,"study_3_Soma"
"CTSO",0.1127054251149,0.160351143694171,0.49402112374318,0.490744857272361,0.910735020939784,"LOD_vs_CN",27,"study_3_Soma"
"CTSS",-0.0033437135856289,0.142301585323534,0.000552126589680806,0.981568955854208,0.995407400270326,"LOD_vs_CN",27,"study_3_Soma"
"CXADR",0.00318255409371204,0.0432602565350447,0.00541219464389473,0.942053391387853,0.990651785731695,"LOD_vs_CN",27,"study_3_Soma"
"CXCL10",-0.439762147978996,0.18845712050243,5.44515928178095,0.0279633204774099,0.369041268749536,"LOD_vs_CN",27,"study_3_Soma"
"CXCL12",-0.177046896612177,0.0976683674692787,3.28600923843882,0.0852698534173386,0.618351454033218,"LOD_vs_CN",27,"study_3_Soma"
"CYTL1",-0.015051609096135,0.248852222102632,0.00365832946837982,0.952753728631236,0.990994566041652,"LOD_vs_CN",27,"study_3_Soma"
"DCC",0.0477450671420776,0.12048456317031,0.157034183948597,0.695376830165367,0.960643215713691,"LOD_vs_CN",27,"study_3_Soma"
"DDAH1",0.523757811540507,0.150976511033129,12.0348936471892,0.00213271636224781,0.103339801916189,"LOD_vs_CN",27,"study_3_Soma"
"DDI2",-0.306959873268609,0.380461103182653,0.650942590747466,0.42744750871822,0.905781976374608,"LOD_vs_CN",27,"study_3_Soma"
"DDR2",-0.0144450476887803,0.193976487181248,0.00554548812327205,0.942027359453254,0.990651785731695,"LOD_vs_CN",27,"study_3_Soma"
"DDRGK1",0.0706602899131301,0.121099245147565,0.340461460515637,0.564953753910167,0.921796992349344,"LOD_vs_CN",27,"study_3_Soma"
"DEFA1",-0.216782342551192,0.145422160718424,2.22221780784019,0.15083276037594,0.734960729341951,"LOD_vs_CN",27,"study_3_Soma"
"DEFB1",-0.269288158987422,0.391520870016932,0.473069207473958,0.505754149868906,0.910735020939784,"LOD_vs_CN",27,"study_3_Soma"
"DHH",0.0905378342864847,0.0896759040326041,1.01931561290743,0.323312770287077,0.879552531829013,"LOD_vs_CN",27,"study_3_Soma"
"DKK2",0.0560828599880034,0.0834587927602529,0.451560670035565,0.508558006861107,0.910735020939784,"LOD_vs_CN",27,"study_3_Soma"
"DLD",0.425503687296015,0.138749848329023,9.40462799997756,0.00531333338055547,0.168238021297192,"LOD_vs_CN",27,"study_3_Soma"
"DLK1",-0.151605048516586,0.111854455208646,1.83704905575594,0.189383578270812,0.770545398613304,"LOD_vs_CN",27,"study_3_Soma"
"DLK2",0.0151689715301782,0.146870520887283,0.0106670173677672,0.918653829910346,0.989143784591966,"LOD_vs_CN",27,"study_3_Soma"
"DLL1",0.0623786640663262,0.117682908681386,0.280960554223156,0.600939517335986,0.93336793416245,"LOD_vs_CN",27,"study_3_Soma"
"DLST",-0.0166686845865662,0.115326622065504,0.0208902440726164,0.887336312499728,0.981719966549872,"LOD_vs_CN",27,"study_3_Soma"
"DMKN",0.102763276537996,0.155617322308093,0.43607381534392,0.519526065504256,0.910735020939784,"LOD_vs_CN",27,"study_3_Soma"
"DNAJA4",-0.137750681212163,0.165562633851326,0.692249828694718,0.41335306180223,0.90281758949983,"LOD_vs_CN",27,"study_3_Soma"
"DNAJB11",0.104998696400314,0.132563033374833,0.62736884480329,0.4358731488513,0.90631491610517,"LOD_vs_CN",27,"study_3_Soma"
"DNAJB2",0.185720073761541,0.0805102277946615,5.32127353629286,0.0296473167688079,0.380241490564919,"LOD_vs_CN",27,"study_3_Soma"
"DNM1",0.281105442348473,0.141331123164588,3.95606015767066,0.0585002267154914,0.525516081562195,"LOD_vs_CN",27,"study_3_Soma"
"DPEP2",-0.114815695060285,0.158738015918557,0.523167338550454,0.477106781490129,0.910735020939784,"LOD_vs_CN",27,"study_3_Soma"
"DPT",0.0558816217824525,0.165329310459123,0.114245287354025,0.738464145246415,0.968214902910038,"LOD_vs_CN",27,"study_3_Soma"
"DPYSL2",0.414111358621716,0.194758843634245,4.52105625758887,0.0457467195252554,0.471490026920796,"LOD_vs_CN",27,"study_3_Soma"
"DPYSL3",0.684676464662278,0.218827082492656,9.78968366626522,0.00775799867040188,0.208488065108783,"LOD_vs_CN",27,"study_3_Soma"
"DSC2",0.0540866188345515,0.116303949028738,0.216267242749532,0.647510106994004,0.948139799526934,"LOD_vs_CN",27,"study_3_Soma"
"DSCAM",0.197941904378547,0.128141237173416,2.38614957134484,0.136494627374185,0.719916061885361,"LOD_vs_CN",27,"study_3_Soma"
"DSCAML1",0.19472318305804,0.16967554859174,1.31703342271293,0.264457295702371,0.853982530042856,"LOD_vs_CN",27,"study_3_Soma"
"DSG2",0.0725375044093681,0.107068595160525,0.45898766172998,0.504374878189311,0.910735020939784,"LOD_vs_CN",27,"study_3_Soma"
"DSTN",0.173293395865983,0.100402334675831,2.97904045686779,0.104970424030381,0.655823571011782,"LOD_vs_CN",27,"study_3_Soma"
"DTD1",0.427887038465842,0.134103964749633,10.1806387314928,0.00392396381657547,0.144239497533429,"LOD_vs_CN",27,"study_3_Soma"
"EDA2R",0.144307982187042,0.148240343950718,0.94764981096874,0.34172485404844,0.880227508319868,"LOD_vs_CN",27,"study_3_Soma"
"EDIL3",0.261890040217553,0.13172078541362,3.95302300209765,0.0607695498848157,0.536649804994841,"LOD_vs_CN",27,"study_3_Soma"
"EDN3",-0.00401593628339825,0.0448685816212398,0.00801104083714484,0.929634209288864,0.989367185027217,"LOD_vs_CN",27,"study_3_Soma"
"EFCAB14",0.898983609793257,0.290058621548704,9.60576571755508,0.00618902106132473,0.182918740444201,"LOD_vs_CN",27,"study_3_Soma"
"EFHD1",0.193378657833103,0.164251346996162,1.38611480951665,0.25184057693031,0.842454147513735,"LOD_vs_CN",27,"study_3_Soma"
"EFHD2",0.64210898770388,0.340347253901089,3.55936885530066,0.0913567851717416,0.625948194572407,"LOD_vs_CN",27,"study_3_Soma"
"EFNA1",0.0134979707658953,0.115422103591421,0.013675996976458,0.907896497871243,0.984153411087928,"LOD_vs_CN",27,"study_3_Soma"
"EFNA3",0.0331091853764782,0.152666280981106,0.0470338726191701,0.830200549352024,0.976515831849209,"LOD_vs_CN",27,"study_3_Soma"
"EFNA5",0.0233497882195568,0.155937598491669,0.0224214765114859,0.882305800991485,0.981719966549872,"LOD_vs_CN",27,"study_3_Soma"
"EFNB1",0.0581357379512522,0.125116559656871,0.215902062481786,0.646755728245185,0.948139799526934,"LOD_vs_CN",27,"study_3_Soma"
"EFNB3",0.088711900394383,0.116717086130221,0.577690056322142,0.454641956149117,0.910735020939784,"LOD_vs_CN",27,"study_3_Soma"
"EGFLAM",0.10673303627765,0.154056999295351,0.479992950814507,0.49481940572741,0.910735020939784,"LOD_vs_CN",27,"study_3_Soma"
"EGFR",0.151512333370633,0.135748805680443,1.24573004347418,0.277656733485315,0.857611163165124,"LOD_vs_CN",27,"study_3_Soma"
"EHD3",0.318216402422006,0.158576978844755,4.02684435786225,0.0596886283104854,0.534689729235104,"LOD_vs_CN",27,"study_3_Soma"
"EIF4A2",0.105221396413254,0.14595804379531,0.519699206856652,0.478610733578862,0.910735020939784,"LOD_vs_CN",27,"study_3_Soma"
"EIF5A",-0.23454794172621,0.236041577019853,0.987384345049219,0.329926057191898,0.880227508319868,"LOD_vs_CN",27,"study_3_Soma"
"ELANE",-0.331073014568689,0.478051708923731,0.479620587253593,0.496395306901395,0.910735020939784,"LOD_vs_CN",27,"study_3_Soma"
"ELFN2",0.133352956060342,0.150324871699913,0.786943605452265,0.383692400307988,0.893134047760115,"LOD_vs_CN",27,"study_3_Soma"
"EMC10",0.103141196420976,0.14532292914269,0.503727944027102,0.48498712372567,0.910735020939784,"LOD_vs_CN",27,"study_3_Soma"
"EMILIN3",0.145720532558738,0.141362279588088,1.06261127485814,0.314283446378905,0.875486172372875,"LOD_vs_CN",27,"study_3_Soma"
"ENG",-0.0733283344480054,0.0617030558793376,1.41231084787057,0.248217873354328,0.837323020049667,"LOD_vs_CN",27,"study_3_Soma"
"ENPP5",0.15595576654507,0.161564504060135,0.931774823453507,0.349337626437218,0.880227508319868,"LOD_vs_CN",27,"study_3_Soma"
"ENPP6",0.00948427957682085,0.153142102466517,0.00383547790144087,0.951146578507837,0.990994566041652,"LOD_vs_CN",27,"study_3_Soma"
"ENTPD6",0.11287632391265,0.187529324675319,0.362299166547734,0.555736528770026,0.919948282998611,"LOD_vs_CN",27,"study_3_Soma"
"EPB41",-0.434272998307422,0.602710336179405,0.519168549234735,0.478966738353073,0.910735020939784,"LOD_vs_CN",27,"study_3_Soma"
"EPDR1",0.115864292477889,0.0842668294733512,1.89054021513438,0.184289830102663,0.770545398613304,"LOD_vs_CN",27,"study_3_Soma"
"EPHA10",0.139775883006093,0.112521136115092,1.54310781924086,0.225687174420865,0.8198617425618,"LOD_vs_CN",27,"study_3_Soma"
"EPHA5",0.0363280700134947,0.155820267209211,0.0543546573425087,0.817608690014379,0.976515831849209,"LOD_vs_CN",27,"study_3_Soma"
"EPHA6",0.154825614016582,0.15360639948833,1.01593752794227,0.3236679788958,0.879552531829013,"LOD_vs_CN",27,"study_3_Soma"
"EPHA7",0.050485706425988,0.0888691666567781,0.322726523485199,0.575166587555074,0.925543460543702,"LOD_vs_CN",27,"study_3_Soma"
"EPHB1",-0.0411863023331875,0.160025641877653,0.0662409344885483,0.799503720750318,0.975763071187121,"LOD_vs_CN",27,"study_3_Soma"
"EPHB2",0.105220508628527,0.132902719161349,0.626805877880116,0.435997178462219,0.90631491610517,"LOD_vs_CN",27,"study_3_Soma"
"EPHB3",0.0203335605422321,0.051428911719043,0.156319154580775,0.696134301387216,0.960643215713691,"LOD_vs_CN",27,"study_3_Soma"
"EPHB4",0.0315901918439749,0.0808495483626736,0.15266846191627,0.700381982871902,0.960643215713691,"LOD_vs_CN",27,"study_3_Soma"
"EPHB6",0.189846704732348,0.170291723875867,1.24285093316796,0.275614118720278,0.857611163165124,"LOD_vs_CN",27,"study_3_Soma"
"ERAP1",-0.0344010212673513,0.255706425105359,0.018099200461117,0.894206935313499,0.982199751471484,"LOD_vs_CN",27,"study_3_Soma"
"ERAP2",0.0240512693422481,0.306806740149301,0.00614534417875942,0.938937768885369,0.990343992379753,"LOD_vs_CN",27,"study_3_Soma"
"ERBB3",0.12892005977084,0.191386459215259,0.453752029865669,0.507706664200592,0.910735020939784,"LOD_vs_CN",27,"study_3_Soma"
"ERLEC1",0.0523101836517181,0.108621753872727,0.231920355325331,0.634798251056055,0.945985464528082,"LOD_vs_CN",27,"study_3_Soma"
"ERMN",0.0439771722414868,0.0787420347845876,0.31191864424339,0.583116581320337,0.927420331680395,"LOD_vs_CN",27,"study_3_Soma"
"ERP44",0.0853887184713145,0.0962179687213215,0.787569017516993,0.384287820424615,0.893134047760115,"LOD_vs_CN",27,"study_3_Soma"
"ESAM",0.0589759321694974,0.12709308239627,0.21533062576374,0.646674633769063,0.948139799526934,"LOD_vs_CN",27,"study_3_Soma"
"ESD",0.154231105065259,0.157542008244892,0.958409668100523,0.338121772285489,0.880227508319868,"LOD_vs_CN",27,"study_3_Soma"
"ESM1",-0.143004281672395,0.100718004438409,2.01596903405393,0.172766296245717,0.763545546200691,"LOD_vs_CN",27,"study_3_Soma"
"EVI2A",0.17195437669384,0.188802309251008,0.829491356132158,0.374692254987299,0.886291295450727,"LOD_vs_CN",27,"study_3_Soma"
"EXTL2",-0.0331487604063421,0.0543346856878316,0.372203340924531,0.547405363926992,0.91950222461731,"LOD_vs_CN",27,"study_3_Soma"
"EZR",0.181849841930763,0.118892489916055,2.33946747119719,0.140670243170605,0.727145011064567,"LOD_vs_CN",27,"study_3_Soma"
"F11",-0.302811235212994,0.297685882855435,1.03473107100255,0.330418625742696,0.880227508319868,"LOD_vs_CN",27,"study_3_Soma"
"F13A1",-0.138079616323854,0.188167567796755,0.538480028442791,0.473866764812404,0.910735020939784,"LOD_vs_CN",27,"study_3_Soma"
"F13B",-0.16385442058421,0.192763832960368,0.722545529825558,0.40659454947234,0.901472887292334,"LOD_vs_CN",27,"study_3_Soma"
"F3",-0.0049882115791684,0.034648056151262,0.0207267869452061,0.886846151865099,0.981719966549872,"LOD_vs_CN",27,"study_3_Soma"
"F7",-0.360927575258263,0.270734859412524,1.7772632915161,0.2020181672627,0.787870852324532,"LOD_vs_CN",27,"study_3_Soma"
"F9",-0.285888726518422,0.170187290714342,2.82188824865952,0.11521318346883,0.681056859026466,"LOD_vs_CN",27,"study_3_Soma"
"FABP3",0.229161366242161,0.174383740542853,1.72691446588545,0.209831284763689,0.794690159337105,"LOD_vs_CN",27,"study_3_Soma"
"FABP4",-0.407005660645181,0.170364224860165,5.70747602289729,0.0325730494695274,0.400565666740328,"LOD_vs_CN",27,"study_3_Soma"
"FAH",0.111429531942962,0.12273022133442,0.824323303933741,0.37423146352827,0.885856565776024,"LOD_vs_CN",27,"study_3_Soma"
"FAHD1",0.132733566806314,0.109887901570547,1.45902176144905,0.240503691674081,0.833175877690612,"LOD_vs_CN",27,"study_3_Soma"
"FAM171A1",-0.00794435926258519,0.0595879905243934,0.0177746178153719,0.895110488671255,0.982199751471484,"LOD_vs_CN",27,"study_3_Soma"
"FAM171B",0.0924047247563013,0.194348647180104,0.226060826767462,0.63949039599791,0.947306686632411,"LOD_vs_CN",27,"study_3_Soma"
"FAM174A",-0.0318512911698914,0.0943231306114896,0.114029618427774,0.740629079519509,0.968214902910038,"LOD_vs_CN",27,"study_3_Soma"
"FAM177A1",-0.120979851545698,0.171405443941923,0.498169198617621,0.489351042448204,0.910735020939784,"LOD_vs_CN",27,"study_3_Soma"
"TAFA1",0.109020235729817,0.213853474381277,0.259885238727046,0.617029024612758,0.942507115305002,"LOD_vs_CN",27,"study_3_Soma"
"FAM20A",-0.108803846972136,0.0615299464125229,3.12691033720543,0.0903081487201333,0.625948194572407,"LOD_vs_CN",27,"study_3_Soma"
"FAM20B",0.0431526425963558,0.144760411482316,0.088861814056312,0.768405212172857,0.971202524821033,"LOD_vs_CN",27,"study_3_Soma"
"FAM20C",0.141459071190669,0.132942436676376,1.1322291586177,0.298300878640932,0.872945881505349,"LOD_vs_CN",27,"study_3_Soma"
"FAM234B",0.146928316895705,0.204475820884095,0.516329675731942,0.481377785374411,0.910735020939784,"LOD_vs_CN",27,"study_3_Soma"
"FAM241B",0.00659823981302843,0.114951439460493,0.00329478715223402,0.954883024126892,0.990994566041652,"LOD_vs_CN",27,"study_3_Soma"
"FAM3A",0.0160060351535058,0.0537358968568838,0.0887234721538678,0.769248278727854,0.971202524821033,"LOD_vs_CN",27,"study_3_Soma"
"FAM3B",-0.218853662687263,0.239210362671835,0.837042789305176,0.370816579135495,0.883671112571017,"LOD_vs_CN",27,"study_3_Soma"
"FAM3D",-0.187968543071456,0.0717824317340861,6.85699791335424,0.0149572057416729,0.297100273055092,"LOD_vs_CN",27,"study_3_Soma"
"CYRIB",0.376206147436026,0.178461102176288,4.44390364821567,0.0487229107876481,0.483793195777673,"LOD_vs_CN",27,"study_3_Soma"
"FAP",0.0171334250978052,0.0409533535729174,0.175028769190895,0.680742248340953,0.958192654134845,"LOD_vs_CN",27,"study_3_Soma"
"FAS",0.0956184528985968,0.105177783958827,0.826485793148848,0.371979568739235,0.884947154429249,"LOD_vs_CN",27,"study_3_Soma"
"FBLN7",0.103055481574286,0.12972759738736,0.631069868411377,0.43482204430686,0.90631491610517,"LOD_vs_CN",27,"study_3_Soma"
"FCGR2A",-1.50068304182616,0.700798405473721,4.58555323639219,0.0525155920966878,0.498492303292058,"LOD_vs_CN",27,"study_3_Soma"
"FCGR3A",1.17971989675176,1.10945922463632,1.13066804254388,0.304217607386787,0.873605493931656,"LOD_vs_CN",27,"study_3_Soma"
"FCGR3B",0.0626724838260539,0.0729684751767911,0.73770592586274,0.399538391572119,0.898271847795756,"LOD_vs_CN",27,"study_3_Soma"
"FCGRT",-0.107447319696345,0.170655543102723,0.396415269040414,0.535341489892267,0.915705174209982,"LOD_vs_CN",27,"study_3_Soma"
"FCMR",-0.15982339401787,0.116856232947827,1.87058278946427,0.184843809330716,0.770545398613304,"LOD_vs_CN",27,"study_3_Soma"
"FCN2",-0.258824295580775,0.329594539229938,0.616666087993606,0.442164133478675,0.91052214994514,"LOD_vs_CN",27,"study_3_Soma"
"FCN3",-0.212910491313408,0.329077513267058,0.418598541304909,0.529234116819232,0.914365589188494,"LOD_vs_CN",27,"study_3_Soma"
"FDPS",-0.0307224762963951,0.165633301413574,0.0344046480093694,0.854442363196857,0.976515831849209,"LOD_vs_CN",27,"study_3_Soma"
"FGFR3",0.184520802390676,0.166337771411391,1.23057733498874,0.278484820739744,0.857611163165124,"LOD_vs_CN",27,"study_3_Soma"
"FGFRL1",0.0280181028870814,0.0446033917197307,0.394586009294471,0.537877641616612,0.917797358269033,"LOD_vs_CN",27,"study_3_Soma"
"FGL2",-0.111890465009072,0.0666698514402542,2.81661302131737,0.112204040218348,0.677034944562785,"LOD_vs_CN",27,"study_3_Soma"
"FIS1",0.0732921865956184,0.0579970520580709,1.59699486101944,0.218524795024681,0.809782496510927,"LOD_vs_CN",27,"study_3_Soma"
"FJX1",-0.109226621433342,0.142009934505402,0.591588259497931,0.450262859132606,0.910735020939784,"LOD_vs_CN",27,"study_3_Soma"
"FKBP1A",0.301164041433896,0.103378711775038,8.48680064832683,0.00745980504840422,0.207424052189077,"LOD_vs_CN",27,"study_3_Soma"
"FKBP2",-0.0495650506760477,0.061255888579715,0.654719718272893,0.431507269786733,0.90631491610517,"LOD_vs_CN",27,"study_3_Soma"
"FKBP4",0.0827860926774555,0.21097860866827,0.153970642734872,0.698095407141864,0.960643215713691,"LOD_vs_CN",27,"study_3_Soma"
"FLNA",0.109624320472016,0.0904287201226005,1.4696064872448,0.243367598437664,0.833175877690612,"LOD_vs_CN",27,"study_3_Soma"
"FLRT1",0.0597943662173126,0.0818143114363951,0.534148452740658,0.472623038937511,0.910735020939784,"LOD_vs_CN",27,"study_3_Soma"
"FLRT2",0.0871166638578309,0.111059220153634,0.615308950126557,0.440869396020991,0.909742253705997,"LOD_vs_CN",27,"study_3_Soma"
"FLRT3",0.0924615427676905,0.110427281885278,0.701083113158601,0.410990453305886,0.901472887292334,"LOD_vs_CN",27,"study_3_Soma"
"FLT4",-0.192615611147779,0.147810886093159,1.69812683474777,0.208305135723807,0.794690159337105,"LOD_vs_CN",27,"study_3_Soma"
"FMOD",-0.096044993542451,0.137614743369835,0.487101575426679,0.492799510896055,0.910735020939784,"LOD_vs_CN",27,"study_3_Soma"
"FOLH1",-0.173286295331838,0.19352859061764,0.80174851918975,0.380287440971922,0.893134047760115,"LOD_vs_CN",27,"study_3_Soma"
"FOLR1",-0.235430513527694,0.10292789893466,5.23189819406801,0.0392918372448398,0.435523145196148,"LOD_vs_CN",27,"study_3_Soma"
"FREM1",-0.289798350171639,0.330318057710541,0.76971009940008,0.398992767385907,0.898271847795756,"LOD_vs_CN",27,"study_3_Soma"
"FSCN1",0.337825132595425,0.133683367253,6.38600360679979,0.0182139769271499,0.330956239846735,"LOD_vs_CN",27,"study_3_Soma"
"FSTL3",-0.124432566390935,0.0916959279729047,1.84148428467417,0.189196091322122,0.770545398613304,"LOD_vs_CN",27,"study_3_Soma"
"FSTL5",0.0361388540807077,0.148774818792886,0.0590051467803593,0.810738452914322,0.976515831849209,"LOD_vs_CN",27,"study_3_Soma"
"FTH1",0.317704045316344,0.122485276232199,6.72787195734043,0.0166236971213343,0.314511978302311,"LOD_vs_CN",27,"study_3_Soma"
"FTL",0.568764178350619,0.168384559955585,11.4093246873102,0.00276250190871616,0.121310263195532,"LOD_vs_CN",27,"study_3_Soma"
"FUCA1",0.0974440066132392,0.168395615128263,0.334848769873037,0.571502420879462,0.925543460543702,"LOD_vs_CN",27,"study_3_Soma"
"FURIN",0.100829874904335,0.0617770107431496,2.66394145975988,0.116980873088603,0.685688079845257,"LOD_vs_CN",27,"study_3_Soma"
"POFUT3",0.162032182358487,0.19971292307838,0.658249027832505,0.428495741875499,0.905805769364954,"LOD_vs_CN",27,"study_3_Soma"
"POFUT4",0.0168094371880336,0.071528247745299,0.0552269644848233,0.81627064743647,0.976515831849209,"LOD_vs_CN",27,"study_3_Soma"
"FUT8",0.0451825785979398,0.189798192942951,0.0566706089122706,0.814778662304426,0.976515831849209,"LOD_vs_CN",27,"study_3_Soma"
"FXYD6",-0.0103588491979627,0.0725553751214302,0.0203837384375995,0.887658764290569,0.981719966549872,"LOD_vs_CN",27,"study_3_Soma"
"FZD1",0.125903997136678,0.146767410038716,0.73590164768512,0.404644444972587,0.899827089158456,"LOD_vs_CN",27,"study_3_Soma"
"FZD4",0.0414765289248802,0.0654197194399846,0.401964272507132,0.535449867346049,0.915705174209982,"LOD_vs_CN",27,"study_3_Soma"
"FZD7",0.0460613437705,0.143044420198407,0.103688684335578,0.751470976576613,0.968214902910038,"LOD_vs_CN",27,"study_3_Soma"
"GAA",-0.170233016425513,0.231889888873667,0.538919582171503,0.478222788703555,0.910735020939784,"LOD_vs_CN",27,"study_3_Soma"
"GABARAP",0.351388138413055,0.099266925968542,12.5304032657115,0.00159827240460275,0.0896714938582387,"LOD_vs_CN",27,"study_3_Soma"
"GABARAPL2",0.257412353818209,0.102672102536907,6.28570305338789,0.0190372836498322,0.332641763046895,"LOD_vs_CN",27,"study_3_Soma"
"GABBR2",0.0569648137055809,0.0863292275851495,0.435409251418747,0.516191747157444,0.910735020939784,"LOD_vs_CN",27,"study_3_Soma"
"GALNS",0.0883640067658291,0.148142646886843,0.35578743011291,0.559025313191434,0.921751426488629,"LOD_vs_CN",27,"study_3_Soma"
"GALNT1",0.168841199541772,0.148124975568077,1.29927258400478,0.268266608390905,0.855343590386265,"LOD_vs_CN",27,"study_3_Soma"
"GALNT10",-0.017969124835636,0.0493174063943097,0.132755766258429,0.720301838670417,0.962921988203078,"LOD_vs_CN",27,"study_3_Soma"
"GALNT13",0.0240038763375114,0.155320439497455,0.0238839162643962,0.879241213802244,0.981435742317478,"LOD_vs_CN",27,"study_3_Soma"
"GALNT16",0.0767569261401313,0.110345381797418,0.483867915132981,0.493195238950245,0.910735020939784,"LOD_vs_CN",27,"study_3_Soma"
"GALNT4",0.0329090250797801,0.121262959597354,0.073650161933085,0.789021154021247,0.974094692629214,"LOD_vs_CN",27,"study_3_Soma"
"GAS1",0.0170215155643234,0.13948680039131,0.014891218214807,0.904255808751887,0.983053857659903,"LOD_vs_CN",27,"study_3_Soma"
"GAS6",0.0944403545000547,0.132390414861279,0.508864472932093,0.482585175687941,0.910735020939784,"LOD_vs_CN",27,"study_3_Soma"
"GBA1",0.0612089820169359,0.17989135789091,0.115773646746858,0.73712735977326,0.968214902910038,"LOD_vs_CN",27,"study_3_Soma"
"GCHFR",0.261667655473559,0.205939213483795,1.61444028820759,0.22900074731266,0.8198617425618,"LOD_vs_CN",27,"study_3_Soma"
"GCSH",-0.00767532011214644,0.0553088226817021,0.0192576889142157,0.890746392464543,0.981959257411,"LOD_vs_CN",27,"study_3_Soma"
"GDF11",0.096632215187137,0.133100431244079,0.527090204819888,0.476007071645475,0.910735020939784,"LOD_vs_CN",27,"study_3_Soma"
"GDF15",0.022227411651464,0.186109435972066,0.0142639891405487,0.906067052560618,0.983156052199967,"LOD_vs_CN",27,"study_3_Soma"
"GDI1",0.281633634614289,0.105960946599017,7.0644341482433,0.0155626876105962,0.301633181689011,"LOD_vs_CN",27,"study_3_Soma"
"GDI2",0.111676074583348,0.166450657169245,0.450141705307125,0.508507935399385,0.910735020939784,"LOD_vs_CN",27,"study_3_Soma"
"GFAP",0.193381599688786,0.113120343816559,2.92246194084803,0.104580432524608,0.655823571011782,"LOD_vs_CN",27,"study_3_Soma"
"GFRA1",0.14591607029287,0.128720709691747,1.28501855581292,0.269308910437707,0.855343590386265,"LOD_vs_CN",27,"study_3_Soma"
"GGCT",0.254945547030282,0.0809176851870392,9.92677002969612,0.00421096876318043,0.146952768231953,"LOD_vs_CN",27,"study_3_Soma"
"GGT5",0.00764699333909924,0.0953677037965136,0.00642952325721925,0.936982529169763,0.990246756207585,"LOD_vs_CN",27,"study_3_Soma"
"GLA",-0.114078349651425,0.079690362077437,2.0492496013074,0.172499733444463,0.763545546200691,"LOD_vs_CN",27,"study_3_Soma"
"GLB1",0.238845855095131,0.305143960996042,0.612668933474433,0.450240252491817,0.910735020939784,"LOD_vs_CN",27,"study_3_Soma"
"GLCE",0.0860848436533335,0.12117279603155,0.504711420076212,0.488632112773844,0.910735020939784,"LOD_vs_CN",27,"study_3_Soma"
"GLO1",0.359689378181789,0.151901286260971,5.60702281668027,0.026028768856815,0.367391105160356,"LOD_vs_CN",27,"study_3_Soma"
"GLRX",0.0226992714642371,0.0448098511793063,0.256611924808953,0.617628123826686,0.942507115305002,"LOD_vs_CN",27,"study_3_Soma"
"GLUL",0.490411589196043,0.154331341990168,10.0974842434817,0.0069822431621802,0.199367978862967,"LOD_vs_CN",27,"study_3_Soma"
"GMFG",0.112999654495371,0.0937958561159574,1.45139936151645,0.243607951291677,0.833175877690612,"LOD_vs_CN",27,"study_3_Soma"
"GNPDA1",0.287518928716526,0.126220499248504,5.18887365311969,0.0332861189133872,0.403215940473531,"LOD_vs_CN",27,"study_3_Soma"
"GNS",0.00699630841788235,0.112150898550206,0.00389163748042586,0.95135521675703,0.990994566041652,"LOD_vs_CN",27,"study_3_Soma"
"GPC1",0.401589386272946,0.180501660789607,4.94996408643184,0.0410388042635833,0.440039886160286,"LOD_vs_CN",27,"study_3_Soma"
"GPC4",-0.00134048617611437,0.0468811002455526,0.00081757779595085,0.977535027888654,0.994392792947044,"LOD_vs_CN",27,"study_3_Soma"
"GPC5",0.180596092197353,0.134279697774041,1.80882264803572,0.194846038882342,0.775023525388298,"LOD_vs_CN",27,"study_3_Soma"
"GPC6",0.0108271326801699,0.130461625416278,0.00688749580776408,0.934741671695203,0.990246756207585,"LOD_vs_CN",27,"study_3_Soma"
"GPHN",0.444548566007052,0.150235842242322,8.75570892111934,0.00770143884290806,0.208488065108783,"LOD_vs_CN",27,"study_3_Soma"
"GPNMB",0.087067529862038,0.184365219274818,0.223025467585322,0.641630072371973,0.94807703935471,"LOD_vs_CN",27,"study_3_Soma"
"GRB2",0.144803657816755,0.12971782662797,1.24611963083653,0.275115596978105,0.857611163165124,"LOD_vs_CN",27,"study_3_Soma"
"GREM1",0.0302902504452556,0.0462053880191109,0.429754551536768,0.51908425776646,0.910735020939784,"LOD_vs_CN",27,"study_3_Soma"
"GRN",0.00114179463352038,0.0932024647462874,0.000150079439829094,0.990322864802941,0.998942154264497,"LOD_vs_CN",27,"study_3_Soma"
"GSR",0.365338393927011,0.110793365362742,10.8733438445642,0.0029448231314127,0.124008415666548,"LOD_vs_CN",27,"study_3_Soma"
"GSS",0.32419584718113,0.138410733205548,5.48624699940035,0.027514029495806,0.368189413575933,"LOD_vs_CN",27,"study_3_Soma"
"GSTM3",0.0222322372992405,0.0912819557558644,0.0593193612204882,0.8124265381177,0.976515831849209,"LOD_vs_CN",27,"study_3_Soma"
"GSTO1",0.485063848716768,0.232229200586154,4.36278852614024,0.0511372226482663,0.495566175845926,"LOD_vs_CN",27,"study_3_Soma"
"GSTP1",0.279215412467197,0.154351106853435,3.27234645937809,0.0885360236565833,0.623430771359851,"LOD_vs_CN",27,"study_3_Soma"
"GSTT1",-0.00949349571513736,0.0748422842986558,0.0160900816786192,0.900320915000131,0.983030808180147,"LOD_vs_CN",27,"study_3_Soma"
"GXYLT1",0.0348928248774278,0.085001718023083,0.168506576157455,0.686598881725653,0.960097605491315,"LOD_vs_CN",27,"study_3_Soma"
"H6PD",-0.20057917121402,0.201717390380864,0.988746553952078,0.332740692670838,0.880227508319868,"LOD_vs_CN",27,"study_3_Soma"
"HAGH",0.459803314577389,0.228503032222363,4.04911638733837,0.0550900581738815,0.509569945411267,"LOD_vs_CN",27,"study_3_Soma"
"HAMP",-0.459143500027119,0.23180736227923,3.92321790568964,0.0608240884694294,0.536649804994841,"LOD_vs_CN",27,"study_3_Soma"
"HAPLN1",-0.0698017640556667,0.108323520093781,0.415228608439162,0.530532690421429,0.915125967620135,"LOD_vs_CN",27,"study_3_Soma"
"HAPLN4",0.209518829030937,0.128269423569533,2.66808603863309,0.115187439267748,0.681056859026466,"LOD_vs_CN",27,"study_3_Soma"
"HAVCR2",0.290441267356222,0.162382623165831,3.19917163607174,0.0955226260856394,0.630950127139737,"LOD_vs_CN",27,"study_3_Soma"
"HBE1",-0.0206057013018892,0.115727879408195,0.0317028867779761,0.860405559591681,0.977547427038037,"LOD_vs_CN",27,"study_3_Soma"
"HBG2",0.0314260609980614,0.999039640692284,0.000989496942448018,0.975269897385172,0.994392792947044,"LOD_vs_CN",27,"study_3_Soma"
"HDHD2",0.368126979469729,0.222530473492198,2.73663143185549,0.120994081666677,0.691833180585183,"LOD_vs_CN",27,"study_3_Soma"
"HEPACAM",-0.0339976684166547,0.0660884130963016,0.264635205780786,0.615053386801878,0.942247800325381,"LOD_vs_CN",27,"study_3_Soma"
"HEPH",-0.0265144356411673,0.0709422701014204,0.139686556777975,0.714099316777986,0.961958557310867,"LOD_vs_CN",27,"study_3_Soma"
"HERC1",0.190782531952212,0.103864781489827,3.37396515319652,0.0823202619463593,0.606318775642935,"LOD_vs_CN",27,"study_3_Soma"
"HGFAC",0.253077322234436,0.290302112648404,0.759986833715156,0.39252669871304,0.898271847795756,"LOD_vs_CN",27,"study_3_Soma"
"HHIP",0.127233680289979,0.199969695586457,0.404832907947366,0.531765071467113,0.915705174209982,"LOD_vs_CN",27,"study_3_Soma"
"HINT1",0.00848764079873465,0.146195612172248,0.00337058518150897,0.954181657318468,0.990994566041652,"LOD_vs_CN",27,"study_3_Soma"
"H2BC12",-0.483189509467801,0.182792640652989,6.98743176608339,0.0139808957819608,0.28603150018002,"LOD_vs_CN",27,"study_3_Soma"
"TAPBPL",-0.301029451667862,0.398347376377699,0.571076189178391,0.458879035979955,0.910735020939784,"LOD_vs_CN",27,"study_3_Soma"
"HLA-C",0.879448177567518,0.304591878980412,8.33650215047581,0.00799063134186311,0.211190405217175,"LOD_vs_CN",27,"study_3_Soma"
"HLA-E",0.097553121117139,0.150990699427458,0.417428352486064,0.526776392877415,0.912710618924741,"LOD_vs_CN",27,"study_3_Soma"
"HNRNPA2B1",-0.162002116567979,0.243944595018651,0.44102070299793,0.514540727419435,0.910735020939784,"LOD_vs_CN",27,"study_3_Soma"
"HNRNPK",-0.130610389536715,0.123753289785699,1.11388907351866,0.302122951638495,0.872945881505349,"LOD_vs_CN",27,"study_3_Soma"
"HPCAL1",0.141680098082709,0.0575258998651279,6.06583867443005,0.0218909438253427,0.345472274417237,"LOD_vs_CN",27,"study_3_Soma"
"HPRT1",0.745490314928013,0.155507378270094,22.9816926476445,6.44928811204719e-05,0.0151181045799432,"LOD_vs_CN",27,"study_3_Soma"
"HS6ST1",0.0803047162614732,0.138569969969939,0.335848844332493,0.56885065106355,0.925322676552,"LOD_vs_CN",27,"study_3_Soma"
"HS6ST3",0.0354099059339781,0.136519724007516,0.0672757801810354,0.797469608007738,0.97574891682183,"LOD_vs_CN",27,"study_3_Soma"
"HSP90AA1",0.382732328785377,0.187999025415635,4.14456638308821,0.0554140654697162,0.509887753334011,"LOD_vs_CN",27,"study_3_Soma"
"HSP90AB1",0.3562576577425,0.157776466886932,5.09851807520207,0.0342212408753589,0.40533158636814,"LOD_vs_CN",27,"study_3_Soma"
"HSP90B1",-0.00844482291141624,0.129302737683858,0.00426545783609402,0.94854201130335,0.990994566041652,"LOD_vs_CN",27,"study_3_Soma"
"HSPA13",0.045169790710256,0.089833289176512,0.252825895373332,0.621803029502058,0.943510647032567,"LOD_vs_CN",27,"study_3_Soma"
"HSPA1A",0.0860390818182939,0.0904526692585819,0.904792015328272,0.352459863074391,0.880227508319868,"LOD_vs_CN",27,"study_3_Soma"
"HSPA2",0.145423894311795,0.128614652019589,1.27847030998375,0.270136897442679,0.855343590386265,"LOD_vs_CN",27,"study_3_Soma"
"HSPE1",0.235008943536609,0.128561588237369,3.34153736907016,0.0824730041915812,0.606318775642935,"LOD_vs_CN",27,"study_3_Soma"
"HYAL1",-0.0999352250852823,0.0832057697370539,1.44254810539855,0.243856354446033,0.833175877690612,"LOD_vs_CN",27,"study_3_Soma"
"ICAM1",0.1908050079848,0.179963895883142,1.12410988286544,0.30578225916106,0.873605493931656,"LOD_vs_CN",27,"study_3_Soma"
"ICAM2",-0.0702059841094229,0.100846560750824,0.48464761450549,0.49810037141819,0.910735020939784,"LOD_vs_CN",27,"study_3_Soma"
"IDH1",-0.0183236933582567,0.137976696388763,0.0176365870432732,0.895428894848526,0.982199751471484,"LOD_vs_CN",27,"study_3_Soma"
"IDUA",0.113968323624555,0.175327675569683,0.422539554610094,0.525719333904655,0.911741014006012,"LOD_vs_CN",27,"study_3_Soma"
"IFNAR1",0.134188597491265,0.0844456511439348,2.52508876705946,0.129506574310359,0.709042061637452,"LOD_vs_CN",27,"study_3_Soma"
"IFNGR1",0.041319414842901,0.0948781288020584,0.189660155899353,0.667278436584773,0.951989889018576,"LOD_vs_CN",27,"study_3_Soma"
"IGDCC4",0.106084077136937,0.149028886552493,0.506710019445909,0.485265188034303,0.910735020939784,"LOD_vs_CN",27,"study_3_Soma"
"IGF1",0.0391104416601422,0.0295776574017343,1.7484688207035,0.204291354634495,0.791294403584976,"LOD_vs_CN",27,"study_3_Soma"
"IGF1R",0.133985905397038,0.154986573823081,0.747360387517442,0.39783836945388,0.898271847795756,"LOD_vs_CN",27,"study_3_Soma"
"IGF2R",0.128716403980775,0.117021938162268,1.20985471882535,0.282458435325222,0.862752699302827,"LOD_vs_CN",27,"study_3_Soma"
"IGFALS",-0.109462347746174,0.165042620488516,0.439883119339577,0.51848505365689,0.910735020939784,"LOD_vs_CN",27,"study_3_Soma"
"IGFBP1",0.077701969777797,0.10547030049318,0.542754821658836,0.471856693584362,0.910735020939784,"LOD_vs_CN",27,"study_3_Soma"
"IGFBP3",-0.0723826628651825,0.105529018792532,0.470462825162478,0.501560533386479,0.910735020939784,"LOD_vs_CN",27,"study_3_Soma"
"IGFBPL1",0.0227626844984314,0.0822714979016683,0.0765505206442719,0.784959497657542,0.972180993920227,"LOD_vs_CN",27,"study_3_Soma"
"IGFLR1",0.204197173955846,0.158303437004572,1.66386760486868,0.208999543812146,0.794690159337105,"LOD_vs_CN",27,"study_3_Soma"
"IGHD",-0.299642740787742,0.455537674573075,0.432672129133155,0.518297780438745,0.910735020939784,"LOD_vs_CN",27,"study_3_Soma"
"IGSF11",0.015087931988619,0.0556215775446343,0.0735822106089851,0.788514241992692,0.974094692629214,"LOD_vs_CN",27,"study_3_Soma"
"IL13RA1",0.0272552630957783,0.0696156878781529,0.15328036280791,0.699921455347833,0.960643215713691,"LOD_vs_CN",27,"study_3_Soma"
"IL18BP",0.0446849284386932,0.126019693288339,0.12573184746036,0.726121678103174,0.967557136072479,"LOD_vs_CN",27,"study_3_Soma"
"IL1R1",-0.161949432879232,0.0914353202414444,3.13711820103428,0.0887908159549687,0.623430771359851,"LOD_vs_CN",27,"study_3_Soma"
"IL1R2",0.0955196853363258,0.225539904980682,0.179365527868274,0.6773459069202,0.95756841041918,"LOD_vs_CN",27,"study_3_Soma"
"IL1RAP",0.280644718988329,0.175216773601409,2.56544312238794,0.131793254335669,0.709553581423348,"LOD_vs_CN",27,"study_3_Soma"
"IL1RAPL1",0.0906778407290068,0.0973302460492692,0.867973962307684,0.362647300487911,0.880227508319868,"LOD_vs_CN",27,"study_3_Soma"
"IL34",-0.173454095937414,0.120601427640623,2.06854142068722,0.173366560643947,0.763545546200691,"LOD_vs_CN",27,"study_3_Soma"
"IL6R",0.0640562766128134,0.14084446117675,0.206844432837331,0.653789571677715,0.950143205052207,"LOD_vs_CN",27,"study_3_Soma"
"IMPA1",0.0755754546850183,0.123812064546444,0.372593785071997,0.556341456947878,0.919948282998611,"LOD_vs_CN",27,"study_3_Soma"
"INHBA",0.0878836904166054,0.126122246685968,0.485549123125257,0.495129352290493,0.910735020939784,"LOD_vs_CN",27,"study_3_Soma"
"INHBB",-0.0276512443164467,0.147897168491618,0.0349550268512906,0.853280214226152,0.976515831849209,"LOD_vs_CN",27,"study_3_Soma"
"INHBC",-0.300995148796745,0.217243948690776,1.91965690751501,0.181065619369534,0.770545398613304,"LOD_vs_CN",27,"study_3_Soma"
"INSR",0.112925421376579,0.126699025361057,0.794395712362021,0.381836857578524,0.893134047760115,"LOD_vs_CN",27,"study_3_Soma"
"ISLR2",0.226612542149571,0.171925602053805,1.73734783671302,0.199489936442313,0.786159435950593,"LOD_vs_CN",27,"study_3_Soma"
"ISM1",0.0082368935487569,0.0415170230890134,0.0393617587766254,0.844518883796964,0.976515831849209,"LOD_vs_CN",27,"study_3_Soma"
"ITGA1",1.29499291693289,0.303419796027242,18.2157460020181,0.00137939531108515,0.0832321925443454,"LOD_vs_CN",27,"study_3_Soma"
"ITGAV",0.0307176247705501,0.104547765127828,0.0863268223294316,0.771550425828528,0.971508377808393,"LOD_vs_CN",27,"study_3_Soma"
"ITGB2",-0.00205683650347765,0.0361308053100363,0.00324074052155039,0.955093164523295,0.990994566041652,"LOD_vs_CN",27,"study_3_Soma"
"ITIH3",-0.157741870266662,0.193043248898159,0.667705164337833,0.425610765477325,0.905590970057543,"LOD_vs_CN",27,"study_3_Soma"
"ITPA",0.0889307834865143,0.237976849567776,0.139648030557886,0.71385595463657,0.961958557310867,"LOD_vs_CN",27,"study_3_Soma"
"IZUMO4",-0.139028555932549,0.178087178150803,0.609456507798372,0.443569939721509,0.910598159921807,"LOD_vs_CN",27,"study_3_Soma"
"JAG1",0.03021265672281,0.107108978340521,0.0795657349784969,0.780757448427539,0.971822571787274,"LOD_vs_CN",27,"study_3_Soma"
"JAM2",-0.0166490067856326,0.106577209700308,0.0244032668555062,0.877146323504202,0.980887207245815,"LOD_vs_CN",27,"study_3_Soma"
"JAM3",-0.0246776612607533,0.110473501426896,0.0498989904354806,0.825078606744926,0.976515831849209,"LOD_vs_CN",27,"study_3_Soma"
"JAML",0.13520232169682,0.419041124303728,0.104101025109741,0.751924480986674,0.968214902910038,"LOD_vs_CN",27,"study_3_Soma"
"JPT1",0.0277790399957834,0.13033552492831,0.045426455913588,0.833925334584742,0.976515831849209,"LOD_vs_CN",27,"study_3_Soma"
"JUP",0.0279086625064773,0.0736479589228787,0.143600719896986,0.709925134220553,0.961401139347496,"LOD_vs_CN",27,"study_3_Soma"
"KCNE5",0.193841851206873,0.0768952443232965,6.35471583709397,0.0185889499786782,0.332641763046895,"LOD_vs_CN",27,"study_3_Soma"
"KDR",0.032025419462304,0.17038426148229,0.0353289476431075,0.853646830360435,0.976515831849209,"LOD_vs_CN",27,"study_3_Soma"
"KIAA0319L",0.0842242145374374,0.0552344939002257,2.32516180864224,0.13984908029949,0.726196297906266,"LOD_vs_CN",27,"study_3_Soma"
"KIAA1549L",0.155926815333206,0.212619004321455,0.537820630746649,0.471826681660853,0.910735020939784,"LOD_vs_CN",27,"study_3_Soma"
"KIR3DL3",0.0079797092402476,0.073007815391146,0.0119463553152618,0.913841147938257,0.986985474875564,"LOD_vs_CN",27,"study_3_Soma"
"KIRREL3",0.107537838759962,0.116953180643887,0.845470644999001,0.367537080791489,0.881753729123049,"LOD_vs_CN",27,"study_3_Soma"
"KITLG",-0.0170983488886183,0.16007502355949,0.0114093578084368,0.916404160345384,0.988161599614499,"LOD_vs_CN",27,"study_3_Soma"
"KLK10",-0.148125394668154,0.215707965958477,0.471548832316389,0.500440963854008,0.910735020939784,"LOD_vs_CN",27,"study_3_Soma"
"KLK11",0.270915356017165,0.210545632694168,1.65567377584753,0.209979107141918,0.794690159337105,"LOD_vs_CN",27,"study_3_Soma"
"KLK7",-0.241316514733592,0.261472620183783,0.851768648565272,0.373679826987821,0.885856565776024,"LOD_vs_CN",27,"study_3_Soma"
"KREMEN1",0.03788248890441,0.104762204344415,0.130757844681384,0.720902117226005,0.962921988203078,"LOD_vs_CN",27,"study_3_Soma"
"KRT16",-0.0392663776606836,0.0466088711384015,0.70974854283017,0.407946465550474,0.901472887292334,"LOD_vs_CN",27,"study_3_Soma"
"KRT17",0.0144149940543645,0.0441795976389769,0.106459745264597,0.747636031040704,0.968214902910038,"LOD_vs_CN",27,"study_3_Soma"
"LAMTOR3",0.00511023260795263,0.0804466175658392,0.00403520646277428,0.949956905111191,0.990994566041652,"LOD_vs_CN",27,"study_3_Soma"
"LAP3",0.0539694704101201,0.139788963101356,0.149056371853667,0.702951377197988,0.960643215713691,"LOD_vs_CN",27,"study_3_Soma"
"LARGE1",0.219554561658672,0.171369725461707,1.64140868744631,0.217638773422978,0.807434799775734,"LOD_vs_CN",27,"study_3_Soma"
"LASP1",0.0382457682135886,0.164825824199872,0.0538413902308083,0.818406008484463,0.976515831849209,"LOD_vs_CN",27,"study_3_Soma"
"LAYN",0.0348326502900456,0.137199284024993,0.0644568902851142,0.801846576322625,0.975763071187121,"LOD_vs_CN",27,"study_3_Soma"
"LBP",-0.586742620462717,0.382390241107713,2.35440771292089,0.14250043812149,0.727145011064567,"LOD_vs_CN",27,"study_3_Soma"
"LCN2",-0.219828671103235,0.156025210431676,1.98508503385806,0.174531517908913,0.763545546200691,"LOD_vs_CN",27,"study_3_Soma"
"LCP1",-0.110405349778041,0.154519385266489,0.510521800903017,0.484568553654729,0.910735020939784,"LOD_vs_CN",27,"study_3_Soma"
"LDLRAD3",-0.00540658381726722,0.089868290151083,0.00361936950321728,0.952873318682416,0.990994566041652,"LOD_vs_CN",27,"study_3_Soma"
"LECT2",-0.449763356982796,0.16938672902819,7.05032888381929,0.0167188981586594,0.314511978302311,"LOD_vs_CN",27,"study_3_Soma"
"LEFTY2",-0.0848953272735766,0.125341038655576,0.458755195042625,0.505023362104971,0.910735020939784,"LOD_vs_CN",27,"study_3_Soma"
"LEP",-0.47580132906141,0.163047659752824,8.51573547123254,0.00966431713376725,0.234140046922634,"LOD_vs_CN",27,"study_3_Soma"
"LGALS3",-0.136683631432998,0.114657026365884,1.42112300260737,0.248477421278134,0.837323020049667,"LOD_vs_CN",27,"study_3_Soma"
"LGMN",-0.0324395801517667,0.0937879421378056,0.119634499165732,0.732789788461374,0.968214902910038,"LOD_vs_CN",27,"study_3_Soma"
"LIFR",0.0952851422207939,0.109763828334471,0.753584368256242,0.396995904060001,0.898271847795756,"LOD_vs_CN",27,"study_3_Soma"
"LILRA2",0.282119640744728,0.135621866668111,4.32720239743153,0.0481160187407627,0.483793195777673,"LOD_vs_CN",27,"study_3_Soma"
"LILRA3",-0.517756754025239,0.504201801352992,1.05449071460754,0.316387359407419,0.877098115700056,"LOD_vs_CN",27,"study_3_Soma"
"LILRB1",0.249943569383344,0.303993159779073,0.676014968103246,0.419364606845601,0.903057347565788,"LOD_vs_CN",27,"study_3_Soma"
"LILRB4",0.0151479538968982,0.11829990371549,0.0163960474701383,0.899501207875584,0.983030808180147,"LOD_vs_CN",27,"study_3_Soma"
"LILRB5",-0.457853866956954,0.234844744365847,3.80094934730245,0.0683877520097893,0.560324549883549,"LOD_vs_CN",27,"study_3_Soma"
"LINGO3",-0.0228243319775672,0.181871109283535,0.0157495706711893,0.901582744995283,0.983030808180147,"LOD_vs_CN",27,"study_3_Soma"
"LIPG",0.0191624485879753,0.192915803223661,0.00986657438244532,0.92220915642984,0.989143784591966,"LOD_vs_CN",27,"study_3_Soma"
"LOXL3",0.156785547273033,0.107626212891707,2.12214930185061,0.163867466966577,0.759490086027701,"LOD_vs_CN",27,"study_3_Soma"
"LPL",0.224930954068224,0.182423741682944,1.5203225325165,0.233119007174771,0.823773022038584,"LOD_vs_CN",27,"study_3_Soma"
"LRFN2",-0.0721469276971778,0.241928699363379,0.0889325821954762,0.769004279529818,0.971202524821033,"LOD_vs_CN",27,"study_3_Soma"
"LRIG1",0.109124506448389,0.151228542859072,0.520687377649672,0.477745945175442,0.910735020939784,"LOD_vs_CN",27,"study_3_Soma"
"LRP11",0.0661610452672079,0.144001318107999,0.21109200312356,0.650142536513216,0.949819932283813,"LOD_vs_CN",27,"study_3_Soma"
"LRP2",-0.0822399900127264,0.0659332076601431,1.55581404712296,0.224442189493738,0.8198617425618,"LOD_vs_CN",27,"study_3_Soma"
"LRP4",0.318043206748682,0.172803970458345,3.38738697748141,0.0837251864251169,0.612707428346737,"LOD_vs_CN",27,"study_3_Soma"
"LRP6",0.0489648042917157,0.0918710017176891,0.284060693198597,0.598873055946057,0.932301249405294,"LOD_vs_CN",27,"study_3_Soma"
"LRP8",0.141877288821965,0.147199947472751,0.928988743195962,0.34484641457756,0.880227508319868,"LOD_vs_CN",27,"study_3_Soma"
"LRRC4",0.2557118092958,0.167997312789159,2.31684457490624,0.142866173467534,0.727145011064567,"LOD_vs_CN",27,"study_3_Soma"
"LRRC4C",0.192066771241228,0.160561168706486,1.43094660971142,0.243675889939953,0.833175877690612,"LOD_vs_CN",27,"study_3_Soma"
"LRRN1",1.01968555011107,0.237698719641181,18.4025855411167,0.000560842861503817,0.0518534436127767,"LOD_vs_CN",27,"study_3_Soma"
"LRRTM1",0.457967108675781,0.17497381048501,6.85050324588619,0.0164634780390114,0.313394064099752,"LOD_vs_CN",27,"study_3_Soma"
"LRRTM2",0.184026885389358,0.149451195233021,1.5162253954076,0.229675317846766,0.8198617425618,"LOD_vs_CN",27,"study_3_Soma"
"LRTM2",0.0650633015761795,0.153729954953654,0.179124584039699,0.67575396370204,0.956544792278513,"LOD_vs_CN",27,"study_3_Soma"
"LSP1",-0.0482919519263998,0.0616537634836139,0.613522274991414,0.440837507634337,0.909742253705997,"LOD_vs_CN",27,"study_3_Soma"
"LTF",0.110702152470761,0.554180813231727,0.0399033317952261,0.843950298362562,0.976515831849209,"LOD_vs_CN",27,"study_3_Soma"
"LY75",0.066589200138667,0.238205745553109,0.0781453483431553,0.783888032905373,0.972180993920227,"LOD_vs_CN",27,"study_3_Soma"
"LY86",0.0246360968393713,0.112751152916828,0.0477421334435548,0.829022060434441,0.976515831849209,"LOD_vs_CN",27,"study_3_Soma"
"MAG",0.115826705450505,0.111082957624845,1.08723278061113,0.307125550707406,0.873728142462107,"LOD_vs_CN",27,"study_3_Soma"
"MAN1A2",0.119334144174873,0.14008091878936,0.725723994695935,0.404465991178535,0.899827089158456,"LOD_vs_CN",27,"study_3_Soma"
"MAN1C1",-0.066113196164542,0.187109367767577,0.124849050443849,0.729250718951034,0.968214902910038,"LOD_vs_CN",27,"study_3_Soma"
"MAN2B2",0.320090981132564,0.242366484625171,1.74422195134671,0.200668123198701,0.786159435950593,"LOD_vs_CN",27,"study_3_Soma"
"MANBA",0.0943981992533978,0.126663513509072,0.555423637133584,0.46596106700982,0.910735020939784,"LOD_vs_CN",27,"study_3_Soma"
"MANEA",0.23256170429404,0.144324166844294,2.59655953491054,0.119683094927475,0.691833180585183,"LOD_vs_CN",27,"study_3_Soma"
"MANF",0.0461131071175718,0.119277705572113,0.149461803831525,0.703496391712044,0.960643215713691,"LOD_vs_CN",27,"study_3_Soma"
"MANSC1",0.0819118083876162,0.139650867092576,0.34403747768652,0.563024918221343,0.921751426488629,"LOD_vs_CN",27,"study_3_Soma"
"MAP1LC3B",0.440055839155033,0.13957562459543,9.94022960729752,0.00462272010551155,0.153994363514853,"LOD_vs_CN",27,"study_3_Soma"
"MAPK1",0.165152785165042,0.0670987492806929,6.05819089878985,0.022483267648374,0.351389675301179,"LOD_vs_CN",27,"study_3_Soma"
"MARCKSL1",0.281732661183288,0.143196376151381,3.87088563303667,0.0638626233061912,0.543804637023533,"LOD_vs_CN",27,"study_3_Soma"
"MARCO",0.0639028402341704,0.102071260281482,0.391952436456641,0.541225599602402,0.918713429381094,"LOD_vs_CN",27,"study_3_Soma"
"MATN2",-0.00364700923441141,0.115363659936889,0.000999391553411961,0.975076918862769,0.994392792947044,"LOD_vs_CN",27,"study_3_Soma"
"MATN3",0.0378751513552,0.234159078998786,0.0261629524289271,0.873192786142511,0.980306475655756,"LOD_vs_CN",27,"study_3_Soma"
"MB",-0.321583213658654,0.417540015646331,0.593185512345615,0.449262020076467,0.910735020939784,"LOD_vs_CN",27,"study_3_Soma"
"MBL2",-0.0243146844080684,0.0715178362675454,0.115586879903062,0.739473240279462,0.968214902910038,"LOD_vs_CN",27,"study_3_Soma"
"MDGA1",0.14143698223128,0.151100012388017,0.876187318260618,0.361921438193858,0.880227508319868,"LOD_vs_CN",27,"study_3_Soma"
"MDGA2",0.142041782126162,0.161952554451319,0.769230720462608,0.388809270333338,0.898271847795756,"LOD_vs_CN",27,"study_3_Soma"
"MDH2",0.400635819755296,0.127564627081132,9.86368112812154,0.00521893220706745,0.166901451982017,"LOD_vs_CN",27,"study_3_Soma"
"MDK",0.00368417250632902,0.185383588750179,0.000394945658457134,0.984337791342248,0.996490109753881,"LOD_vs_CN",27,"study_3_Soma"
"ME1",0.55324387785679,0.145014479014079,14.5549427053884,0.00107779771133942,0.073336108103478,"LOD_vs_CN",27,"study_3_Soma"
"MENT",0.128306376416472,0.0511217510596231,6.29919478006124,0.0196381886852701,0.333678049315231,"LOD_vs_CN",27,"study_3_Soma"
"MEP1A",-0.194321556406008,0.187035928676988,1.07942352728703,0.309453125736397,0.87460875612855,"LOD_vs_CN",27,"study_3_Soma"
"MERTK",-0.0454587328946738,0.0926090712090721,0.240950368622984,0.627895508725927,0.944091502527403,"LOD_vs_CN",27,"study_3_Soma"
"MESD",0.0625603445918923,0.129253122873827,0.23426972877535,0.632782428866633,0.945700439309025,"LOD_vs_CN",27,"study_3_Soma"
"MET",0.105181103022742,0.150924523835116,0.485686255099717,0.495354968354039,0.910735020939784,"LOD_vs_CN",27,"study_3_Soma"
"METRNL",-0.0743514152662961,0.128600738553286,0.334265499264322,0.569547918608502,0.925515367738815,"LOD_vs_CN",27,"study_3_Soma"
"METTL24",0.0358179327560526,0.12572371109881,0.081164599422125,0.779461622844392,0.971822571787274,"LOD_vs_CN",27,"study_3_Soma"
"MFAP2",0.0657079329829298,0.0958401535193982,0.470046268794302,0.49978504004634,0.910735020939784,"LOD_vs_CN",27,"study_3_Soma"
"MFAP4",0.0318632528819123,0.205498711174507,0.0240415251898253,0.878026621879319,0.981016176630701,"LOD_vs_CN",27,"study_3_Soma"
"MFNG",-0.0303769811147472,0.126101575029294,0.0580294160581823,0.812150656754372,0.976515831849209,"LOD_vs_CN",27,"study_3_Soma"
"MFRP",0.105289673021922,0.0824839173596642,1.62941982885834,0.226356803245872,0.8198617425618,"LOD_vs_CN",27,"study_3_Soma"
"MGAT2",-0.00787311285865044,0.147156018750294,0.00286244331196974,0.957953968175719,0.991756811338928,"LOD_vs_CN",27,"study_3_Soma"
"MGAT3",0.0304419978652124,0.103412570104304,0.0866561996334384,0.771281894194641,0.971508377808393,"LOD_vs_CN",27,"study_3_Soma"
"MGAT4B",-0.0404335502616924,0.110420897140626,0.134085312852048,0.718328609000956,0.962921988203078,"LOD_vs_CN",27,"study_3_Soma"
"MGAT5",0.104837043331695,0.142409290832173,0.541942088932232,0.469430182567732,0.910735020939784,"LOD_vs_CN",27,"study_3_Soma"
"MIA",-0.131063972605297,0.141366009481057,0.85956091076311,0.367855272911937,0.881753729123049,"LOD_vs_CN",27,"study_3_Soma"
"MICA",0.170232877200036,0.12064033110062,1.99114018802497,0.174439068587144,0.763545546200691,"LOD_vs_CN",27,"study_3_Soma"
"MIF",0.163677546807108,0.149372819862042,1.20070150522892,0.286603498431713,0.865990743775278,"LOD_vs_CN",27,"study_3_Soma"
"MILR1",0.000607688153301922,0.0414569235559467,0.000214865851345127,0.988422045681248,0.998412413799315,"LOD_vs_CN",27,"study_3_Soma"
"MINPP1",0.0272183177372085,0.0909284513532743,0.0896030865875743,0.76721551308289,0.970935975797025,"LOD_vs_CN",27,"study_3_Soma"
"MLEC",0.113194249860349,0.236845055908391,0.228412614422683,0.636986002775474,0.946599087767641,"LOD_vs_CN",27,"study_3_Soma"
"MMP14",-0.0752505635736886,0.0471691610872058,2.5450903780827,0.123369364062723,0.691833180585183,"LOD_vs_CN",27,"study_3_Soma"
"MMP16",0.291146335546962,0.0877320902028297,11.0130016346831,0.00300978490243705,0.124008415666548,"LOD_vs_CN",27,"study_3_Soma"
"MMP17",-0.00399263551698326,0.0544151277365184,0.00538368976287115,0.942178965070351,0.990651785731695,"LOD_vs_CN",27,"study_3_Soma"
"MMP19",0.0521814628340262,0.189449829863367,0.0758654538699378,0.786018423176348,0.972282458631083,"LOD_vs_CN",27,"study_3_Soma"
"MMP3",0.0330246869749597,0.0987065565703952,0.11194002936825,0.744696355662682,0.968214902910038,"LOD_vs_CN",27,"study_3_Soma"
"MPI",0.166351643900431,0.0661976536681302,6.31493669191086,0.0232621072513075,0.352569758244936,"LOD_vs_CN",27,"study_3_Soma"
"MPZ",0.0696452613676986,0.096475199735358,0.521136836577663,0.477288469584407,0.910735020939784,"LOD_vs_CN",27,"study_3_Soma"
"MPZL1",0.0460136889563749,0.0538261357334453,0.730781762319351,0.401736783398266,0.898271847795756,"LOD_vs_CN",27,"study_3_Soma"
"MRC2",-0.0317049816113855,0.129290126214745,0.0601345814366408,0.80837773714313,0.976515831849209,"LOD_vs_CN",27,"study_3_Soma"
"MSLN",-0.0371937735170027,0.0641887608942608,0.335755008800068,0.569149305615809,0.925337813604147,"LOD_vs_CN",27,"study_3_Soma"
"MSMP",-0.0332498913190697,0.229701783986088,0.0209532658796769,0.886522654402156,0.981719966549872,"LOD_vs_CN",27,"study_3_Soma"
"MXRA7",0.0897710980403588,0.104980413221229,0.731234239703309,0.40244325199409,0.898271847795756,"LOD_vs_CN",27,"study_3_Soma"
"MXRA8",-0.0106370291907467,0.120793827853931,0.0077544538258459,0.930673693972067,0.989367185027217,"LOD_vs_CN",27,"study_3_Soma"
"MYDGF",0.0258108928080523,0.0593781233944337,0.188952707208904,0.66889345860686,0.951989889018576,"LOD_vs_CN",27,"study_3_Soma"
"MYL12A",0.0562477274878264,0.0601997190058206,0.873013648583073,0.361792359570462,0.880227508319868,"LOD_vs_CN",27,"study_3_Soma"
"MYL6",0.0423419649035166,0.0458112749443054,0.854274137537067,0.366115819250399,0.881594367610718,"LOD_vs_CN",27,"study_3_Soma"
"MYOC",-0.225438169384502,0.214136736481638,1.10833880565355,0.305327907887143,0.873605493931656,"LOD_vs_CN",27,"study_3_Soma"
"NAGK",-0.0651729470398461,0.166288936769154,0.153605938603116,0.698686557749183,0.960643215713691,"LOD_vs_CN",27,"study_3_Soma"
"NAGLU",0.164605002282494,0.182949357851532,0.809513842178189,0.386932552114423,0.896392597602933,"LOD_vs_CN",27,"study_3_Soma"
"NAGPA",0.0397979242206947,0.142308773207399,0.0782091366855882,0.782451609488911,0.972136848152889,"LOD_vs_CN",27,"study_3_Soma"
"NAPA",0.046452700805407,0.329286423502453,0.0199009719945115,0.888965652311814,0.981719966549872,"LOD_vs_CN",27,"study_3_Soma"
"NAXE",0.271686446635538,0.0974572290452453,7.77155328710605,0.0100453025632249,0.237962056275506,"LOD_vs_CN",27,"study_3_Soma"
"NBR1",0.0134359206279537,0.0599345118664098,0.0502551893939602,0.825586543614533,0.976515831849209,"LOD_vs_CN",27,"study_3_Soma"
"NCMAP",0.122099557896599,0.149394466242622,0.667973388565723,0.422543787196997,0.903526259129452,"LOD_vs_CN",27,"study_3_Soma"
"NDRG1",0.0549040611793359,0.0451732048999184,1.47722664537444,0.238310280157183,0.831425431560775,"LOD_vs_CN",27,"study_3_Soma"
"NDRG2",0.0311929906314035,0.0818703475081416,0.145164613441505,0.707037715153235,0.961401139347496,"LOD_vs_CN",27,"study_3_Soma"
"NDRG3",0.198749405430087,0.201766393333632,0.970317836080224,0.33764903039254,0.880227508319868,"LOD_vs_CN",27,"study_3_Soma"
"NDRG4",0.160052503838292,0.171226136400455,0.873745255839083,0.361828529335031,0.880227508319868,"LOD_vs_CN",27,"study_3_Soma"
"NDST1",-0.0151224359691415,0.126418614295505,0.0143094011014088,0.906034317174171,0.983156052199967,"LOD_vs_CN",27,"study_3_Soma"
"NECTIN2",-0.0017005454361616,0.0427528843062781,0.00158214266158058,0.968590809161732,0.994392792947044,"LOD_vs_CN",27,"study_3_Soma"
"NEDD8",0.815015472268611,0.251165121571634,10.5296284377982,0.00582711694703409,0.177477333301096,"LOD_vs_CN",27,"study_3_Soma"
"NEFH",0.903966152068966,0.511452039552878,3.12388119416711,0.113530127468976,0.677368185906315,"LOD_vs_CN",27,"study_3_Soma"
"NELL1",0.253957769810821,0.108712141805917,5.45716273530423,0.0299615733169463,0.380241490564919,"LOD_vs_CN",27,"study_3_Soma"
"NETO1",0.0254297487788424,0.124847440595381,0.0414882247718485,0.840295026978323,0.976515831849209,"LOD_vs_CN",27,"study_3_Soma"
"NETO2",0.144621941610762,0.155680187302994,0.862981895561931,0.363445464201361,0.880227508319868,"LOD_vs_CN",27,"study_3_Soma"
"NEU1",-0.165721592432526,0.185767017628725,0.795831230454059,0.389465721804018,0.898271847795756,"LOD_vs_CN",27,"study_3_Soma"
"NIF3L1",0.355036624440517,0.375451696601587,0.894207214075702,0.357521955794495,0.880227508319868,"LOD_vs_CN",27,"study_3_Soma"
"NIT2",0.0992399868188265,0.135072475551847,0.539808447805571,0.47172913919762,0.910735020939784,"LOD_vs_CN",27,"study_3_Soma"
"NLGN1",0.215870583589538,0.203150181232532,1.12915224675733,0.299356794049109,0.872945881505349,"LOD_vs_CN",27,"study_3_Soma"
"NLGN2",0.200278618187301,0.203685065038833,0.966831520089395,0.336129592821528,0.880227508319868,"LOD_vs_CN",27,"study_3_Soma"
"NLGN3",0.207531749397795,0.21267600753692,0.952208592545683,0.345296068616584,0.880227508319868,"LOD_vs_CN",27,"study_3_Soma"
"NLGN4X",0.275943436289179,0.211842952328004,1.69672748830347,0.207885517043022,0.794690159337105,"LOD_vs_CN",27,"study_3_Soma"
"NMB",-0.0632957851411726,0.0902313789452323,0.49207850415665,0.491769119839555,0.910735020939784,"LOD_vs_CN",27,"study_3_Soma"
"NME1",0.210686385842207,0.0845128243892226,6.21480797849535,0.0204303197408585,0.340292513183675,"LOD_vs_CN",27,"study_3_Soma"
"NME2",0.147965521682559,0.152327209179355,0.943552541227541,0.343549734013279,0.880227508319868,"LOD_vs_CN",27,"study_3_Soma"
"NOTCH1",0.056436264616508,0.0942343024473196,0.358672832070338,0.554634081077796,0.91950222461731,"LOD_vs_CN",27,"study_3_Soma"
"NOTCH2",-0.127034530046204,0.365360172557454,0.120893002302695,0.732518840888123,0.968214902910038,"LOD_vs_CN",27,"study_3_Soma"
"NOTCH3",-0.00344401942409078,0.119522040383715,0.000830300285881099,0.977257842535925,0.994392792947044,"LOD_vs_CN",27,"study_3_Soma"
"NPDC1",0.0527508023875374,0.133121480939447,0.157022489769064,0.695296689655733,0.960643215713691,"LOD_vs_CN",27,"study_3_Soma"
"NPNT",0.228961373452847,0.121771526095114,3.53535431476073,0.0735016536237912,0.581827446259615,"LOD_vs_CN",27,"study_3_Soma"
"NPTN",0.250202365761849,0.142604461509493,3.0783400847781,0.0916021748154742,0.625948194572407,"LOD_vs_CN",27,"study_3_Soma"
"NQO2",0.0158650984154054,0.080651269369616,0.038695737360584,0.846017862288237,0.976515831849209,"LOD_vs_CN",27,"study_3_Soma"
"NRG3",0.179977769046321,0.155349926092835,1.34219502984474,0.25781584461422,0.849994918635336,"LOD_vs_CN",27,"study_3_Soma"
"NRGN",0.901620228094634,0.171880424191369,27.5165802944781,2.02194970620018e-05,0.00923742165775456,"LOD_vs_CN",27,"study_3_Soma"
"NRP1",0.0176223101076598,0.126047697090072,0.0195459078965179,0.88993314040903,0.981719966549872,"LOD_vs_CN",27,"study_3_Soma"
"NRP2",0.057546544054409,0.113519889398121,0.256977190035629,0.616708188151895,0.942507115305002,"LOD_vs_CN",27,"study_3_Soma"
"NSF",0.0702684891702727,0.149732884552788,0.2202352590335,0.645095571493386,0.94807703935471,"LOD_vs_CN",27,"study_3_Soma"
"NSFL1C",0.280336322589928,0.16013439338678,3.06471085199329,0.0960259175156724,0.630950127139737,"LOD_vs_CN",27,"study_3_Soma"
"NT5C",-0.00778948420674297,0.126633263087271,0.00378374453226896,0.951631889437434,0.990994566041652,"LOD_vs_CN",27,"study_3_Soma"
"NT5E",-0.017863238893705,0.175443020972959,0.0103668835168212,0.920305179492938,0.989143784591966,"LOD_vs_CN",27,"study_3_Soma"
"NTRK3",0.110203764248023,0.125121432265705,0.775763681906893,0.387091362504581,0.896392597602933,"LOD_vs_CN",27,"study_3_Soma"
"NTS",-0.0435242812578345,0.049791547317399,0.764103116498497,0.391455260553901,0.898271847795756,"LOD_vs_CN",27,"study_3_Soma"
"NUDC",0.188988975818729,0.0776968914743451,5.91651071630162,0.0258549884370063,0.367391105160356,"LOD_vs_CN",27,"study_3_Soma"
"NUDT5",0.0841021545084644,0.0840459089435338,1.0013388964695,0.326764213196475,0.880227508319868,"LOD_vs_CN",27,"study_3_Soma"
"NUTF2",0.163639051054384,0.113575713723153,2.07588339695564,0.163395388181537,0.759490086027701,"LOD_vs_CN",27,"study_3_Soma"
"NXPH1",0.215600503425112,0.105743747955584,4.1570968484321,0.0532023645120098,0.500415181498257,"LOD_vs_CN",27,"study_3_Soma"
"NXPH2",0.278536013658204,0.159867355006475,3.03559013128836,0.097070594109437,0.63353420400404,"LOD_vs_CN",27,"study_3_Soma"
"OLA1",-0.110205230145304,0.380621426284507,0.0838335673600017,0.774642230512208,0.971508377808393,"LOD_vs_CN",27,"study_3_Soma"
"OLFM2",0.0895353626535123,0.117098806492011,0.584634253306233,0.451678642886225,0.910735020939784,"LOD_vs_CN",27,"study_3_Soma"
"OLFML3",-0.033583618170459,0.113465647864188,0.0876044510733833,0.770331027037443,0.971508377808393,"LOD_vs_CN",27,"study_3_Soma"
"OXT",0.0716943866983559,0.126696235804965,0.320215893617455,0.577196183537907,0.925543460543702,"LOD_vs_CN",27,"study_3_Soma"
"P4HB",-0.0395454336415622,0.0845287112498719,0.218868967501796,0.643997132761542,0.94807703935471,"LOD_vs_CN",27,"study_3_Soma"
"PAFAH1B2",0.0727017670508552,0.105653555500913,0.473501871662607,0.501529346226452,0.910735020939784,"LOD_vs_CN",27,"study_3_Soma"
"PCBP1",-0.0926727602476198,0.213477382106471,0.188451874000398,0.667958172809666,0.951989889018576,"LOD_vs_CN",27,"study_3_Soma"
"PCDH1",-0.0428840947274836,0.0801865994209592,0.286015059783199,0.598937115464368,0.932301249405294,"LOD_vs_CN",27,"study_3_Soma"
"PCDH10",0.160277653024876,0.170926170680626,0.87928329543547,0.357639968808106,0.880227508319868,"LOD_vs_CN",27,"study_3_Soma"
"PCDH17",0.28461292474786,0.205646605630135,1.91542938372474,0.179363076125022,0.770545398613304,"LOD_vs_CN",27,"study_3_Soma"
"PCDH9",0.218840188725178,0.203974000535238,1.15107741736471,0.294249700291389,0.868090905472196,"LOD_vs_CN",27,"study_3_Soma"
"PCDHA4",0.0314931193152317,0.0722604470966629,0.189945963292125,0.667392362955912,0.951989889018576,"LOD_vs_CN",27,"study_3_Soma"
"PCDHAC2",0.156971757340845,0.110543012511846,2.01641745921663,0.171024290149283,0.763545546200691,"LOD_vs_CN",27,"study_3_Soma"
"PCDHB10",-0.15720581194171,0.147365265077789,1.13801224921345,0.299659024546751,0.872945881505349,"LOD_vs_CN",27,"study_3_Soma"
"PCDHGA10",0.241755425347575,0.125928795738232,3.68555042688382,0.0686468383562085,0.560324549883549,"LOD_vs_CN",27,"study_3_Soma"
"PCDHGA12",0.232473999010358,0.130432303903911,3.17671637505288,0.0889942568899466,0.623430771359851,"LOD_vs_CN",27,"study_3_Soma"
"PCDHGC3",0.209320198911678,0.10533346914177,3.94902153307329,0.058106831098211,0.524931202971974,"LOD_vs_CN",27,"study_3_Soma"
"PCOLCE2",-0.0171620552835332,0.162598704070172,0.0111404935990052,0.916784073188311,0.988161599614499,"LOD_vs_CN",27,"study_3_Soma"
"PCP4L1",0.240512973562785,0.161051978414718,2.23020552317499,0.168629336468741,0.763545546200691,"LOD_vs_CN",27,"study_3_Soma"
"PCSK7",-0.0242451142811113,0.0589044300873387,0.169415270738737,0.685411203664373,0.960038595838227,"LOD_vs_CN",27,"study_3_Soma"
"PCSK9",-0.0944721872935741,0.187066768100164,0.255043732142548,0.620584019374361,0.943510647032567,"LOD_vs_CN",27,"study_3_Soma"
"PCYOX1",-0.122949026084827,0.136243043525895,0.814369523189464,0.377779246113467,0.889645087681052,"LOD_vs_CN",27,"study_3_Soma"
"PCYOX1L",0.115903181505196,0.0967483813022565,1.4351698415894,0.242289112769788,0.833175877690612,"LOD_vs_CN",27,"study_3_Soma"
"PDCD5",0.51470872105263,0.178528735596663,8.31202413096343,0.00931908141257326,0.230278945217722,"LOD_vs_CN",27,"study_3_Soma"
"PDCD6",-0.00822941901269481,0.065156053347098,0.0159525021125315,0.900620114465797,0.983030808180147,"LOD_vs_CN",27,"study_3_Soma"
"PDCD6IP",-0.00415647695795762,0.23516345740663,0.000312400040344538,0.986091065919235,0.997143837664817,"LOD_vs_CN",27,"study_3_Soma"
"PDGFA",-0.00428495667308404,0.0546581602566289,0.0061458626550277,0.938452675540091,0.990246756207585,"LOD_vs_CN",27,"study_3_Soma"
"PDGFD",-0.109181108373688,0.107397159249665,1.03349745035478,0.319807658526149,0.878839279471666,"LOD_vs_CN",27,"study_3_Soma"
"PDGFRA",0.00801040775657569,0.0868917917236159,0.00849868518964804,0.927283196683604,0.989367185027217,"LOD_vs_CN",27,"study_3_Soma"
"PDGFRB",0.0156266310680202,0.0823603251554004,0.0359993461495812,0.851665494936721,0.976515831849209,"LOD_vs_CN",27,"study_3_Soma"
"PDGFRL",-0.264376238569582,0.19963019015602,1.75384980083445,0.198615482092622,0.786159435950593,"LOD_vs_CN",27,"study_3_Soma"
"PDIA3",0.0825523885278354,0.0973213088379388,0.719520885890412,0.40477127861763,0.899827089158456,"LOD_vs_CN",27,"study_3_Soma"
"PDIA4",0.0644751439503395,0.160561932856402,0.161249904358542,0.692376497097047,0.960643215713691,"LOD_vs_CN",27,"study_3_Soma"
"PDIA6",0.0663642206920763,0.132210238979125,0.251963607224262,0.620240538852994,0.943510647032567,"LOD_vs_CN",27,"study_3_Soma"
"PDXP",0.293566075932979,0.105033747720498,7.81185208884534,0.0101635442882727,0.238992754661001,"LOD_vs_CN",27,"study_3_Soma"
"PDYN",-0.0831384061152605,0.0593675472986786,1.96112454174381,0.174840222155322,0.763851134498251,"LOD_vs_CN",27,"study_3_Soma"
"PEA15",0.274255352728885,0.0857741269722639,10.2234531792278,0.0042275342956034,0.146952768231953,"LOD_vs_CN",27,"study_3_Soma"
"PEAR1",0.0494337029692407,0.0733309154048916,0.454435315803467,0.507293889947449,0.910735020939784,"LOD_vs_CN",27,"study_3_Soma"
"PF4",-0.594267370690228,0.390663138866731,2.31397626536535,0.140801795321265,0.727145011064567,"LOD_vs_CN",27,"study_3_Soma"
"PFN2",-0.0727848746431459,0.0699230467013107,1.08353162181724,0.311315460739488,0.87460875612855,"LOD_vs_CN",27,"study_3_Soma"
"PGAM1",1.00854732607131,0.399713545976407,6.36641333935815,0.0188340481670375,0.332641763046895,"LOD_vs_CN",27,"study_3_Soma"
"PGAM2",0.587015465863658,0.314422993999024,3.48554335847075,0.0776618930271961,0.599909985268051,"LOD_vs_CN",27,"study_3_Soma"
"PGD",0.188591391088217,0.512196328271983,0.135572250752595,0.716307110697107,0.962921988203078,"LOD_vs_CN",27,"study_3_Soma"
"PGLS",0.140134119901949,0.177430646214013,0.62377865856665,0.440218294547418,0.909742253705997,"LOD_vs_CN",27,"study_3_Soma"
"PGRMC1",0.0736672442394521,0.11302880882299,0.424786343872448,0.520845809849519,0.910735020939784,"LOD_vs_CN",27,"study_3_Soma"
"PHPT1",0.302019819972763,0.22357279568992,1.82487437842587,0.189208528914612,0.770545398613304,"LOD_vs_CN",27,"study_3_Soma"
"PIANP",0.0711651379615148,0.0932513783005006,0.582403628442655,0.452706562329488,0.910735020939784,"LOD_vs_CN",27,"study_3_Soma"
"PIGR",0.552043956838205,0.339421276521152,2.64526505782789,0.122931845701738,0.691833180585183,"LOD_vs_CN",27,"study_3_Soma"
"PILRA",-0.138336284247621,0.981218770753066,0.0198765276456585,0.889823137183182,0.981719966549872,"LOD_vs_CN",27,"study_3_Soma"
"PITPNA",0.329986517315472,0.20513535575516,2.58768467376969,0.128152061000779,0.705899388727042,"LOD_vs_CN",27,"study_3_Soma"
"PLA2G7",-0.00120562962147375,0.135642516450058,7.90016465627953e-05,0.99304090272407,0.999114375942715,"LOD_vs_CN",27,"study_3_Soma"
"PLA2R1",-0.113957184944665,0.20559269619173,0.30723314095859,0.589605101893156,0.93042681161965,"LOD_vs_CN",27,"study_3_Soma"
"PLAT",-0.0772733975404192,0.129053094075362,0.358528077749341,0.555649090771549,0.919948282998611,"LOD_vs_CN",27,"study_3_Soma"
"PLAUR",0.335999946319346,0.152269353435004,4.86915285910341,0.0370720553439716,0.426449527214186,"LOD_vs_CN",27,"study_3_Soma"
"PLD5",-0.0343444321172415,0.0406658894041055,0.713266996163669,0.410469453841798,0.901472887292334,"LOD_vs_CN",27,"study_3_Soma"
"PLEKHB1",0.130648827506626,0.13823757908424,0.893220730760928,0.354355131720499,0.880227508319868,"LOD_vs_CN",27,"study_3_Soma"
"PLOD2",-0.126381832766578,0.129464382597613,0.952946872647431,0.350039928621592,0.880227508319868,"LOD_vs_CN",27,"study_3_Soma"
"PLOD3",0.133351607244286,0.0830176060650299,2.58021619936695,0.12290237176831,0.691833180585183,"LOD_vs_CN",27,"study_3_Soma"
"PLS3",-0.071084710142812,0.0665773405120395,1.13998597389116,0.297092175122596,0.872452503252581,"LOD_vs_CN",27,"study_3_Soma"
"PLXDC1",-0.000592777941713862,0.13590995792882,1.90231097191543e-05,0.996558843940041,0.999406232411516,"LOD_vs_CN",27,"study_3_Soma"
"PLXNA1",0.112914273958955,0.153159352594145,0.543513891896881,0.467878757170197,0.910735020939784,"LOD_vs_CN",27,"study_3_Soma"
"PLXNA4",0.132830470032946,0.19351788249903,0.471143509192808,0.499302395256448,0.910735020939784,"LOD_vs_CN",27,"study_3_Soma"
"PLXNB2",0.0743504495032639,0.194236657181799,0.146522664111058,0.705975377068402,0.961401139347496,"LOD_vs_CN",27,"study_3_Soma"
"PLXNB3",0.093386137234905,0.119994395648219,0.605679532952323,0.447273321994586,0.910735020939784,"LOD_vs_CN",27,"study_3_Soma"
"PLXNC1",0.26750357813123,0.171128497954839,2.443512213818,0.132682398901586,0.713140019642474,"LOD_vs_CN",27,"study_3_Soma"
"PLXND1",0.0886597918169603,0.180388329999593,0.241566406268085,0.627446219208357,0.944091502527403,"LOD_vs_CN",27,"study_3_Soma"
"PNP",-0.32406094443891,0.671220843022422,0.23308939729252,0.634378893035475,0.945925181134185,"LOD_vs_CN",27,"study_3_Soma"
"POMC",-0.217786088307562,0.178982811896774,1.48059955859044,0.235228531380833,0.824847415960421,"LOD_vs_CN",27,"study_3_Soma"
"POMK",0.069542263318966,0.0921020826272426,0.570110107793349,0.464242913053342,0.910735020939784,"LOD_vs_CN",27,"study_3_Soma"
"PON2",-0.00195410738171997,0.0953849552579134,0.000419698183898958,0.983835902408977,0.996297408455956,"LOD_vs_CN",27,"study_3_Soma"
"POSTN",0.201339131321371,0.205500071671679,0.959914220848535,0.348017530598946,0.880227508319868,"LOD_vs_CN",27,"study_3_Soma"
"PPA1",-0.131688887084747,0.216452277450751,0.370146745688113,0.549629154612854,0.91950222461731,"LOD_vs_CN",27,"study_3_Soma"
"PPBP",-0.394548819577668,0.268068361456858,2.16625898593986,0.153699642678857,0.737368508145816,"LOD_vs_CN",27,"study_3_Soma"
"PPP2R1A",0.0107642346410017,0.207619516544383,0.00268800431298655,0.959065278957803,0.991861262822192,"LOD_vs_CN",27,"study_3_Soma"
"PPP3CA",1.14615030501913,0.180022511856039,40.53493812173,3.37165930718746e-06,0.00539128323219275,"LOD_vs_CN",27,"study_3_Soma"
"PPP3R1",0.516475778397846,0.0941899391482302,30.0670545189925,1.37202398094841e-05,0.00890392881472511,"LOD_vs_CN",27,"study_3_Soma"
"PPP4R3A",-0.0900888656073473,0.0732021312262553,1.51458895651016,0.2308989257014,0.820311116202821,"LOD_vs_CN",27,"study_3_Soma"
"PPT1",-0.0395078717058226,0.106748930272431,0.136974652174864,0.715660543566223,0.962921988203078,"LOD_vs_CN",27,"study_3_Soma"
"PRDX3",0.369392191771926,0.11198708417998,10.8802668767887,0.00302459550406214,0.124008415666548,"LOD_vs_CN",27,"study_3_Soma"
"PRDX6",-0.114635786465941,0.302213704524099,0.14388387342864,0.707876527828762,0.961401139347496,"LOD_vs_CN",27,"study_3_Soma"
"PREP",0.182679526844266,0.190610694454295,0.918512833991481,0.34887674049547,0.880227508319868,"LOD_vs_CN",27,"study_3_Soma"
"PRKAR1A",0.0693510269778645,0.0946129046900411,0.537285402753969,0.473585368103883,0.910735020939784,"LOD_vs_CN",27,"study_3_Soma"
"PRKAR1B",0.253999011083426,0.107728077656599,5.55912233261339,0.0271860446360913,0.368189413575933,"LOD_vs_CN",27,"study_3_Soma"
"PRKCG",0.564887444582215,0.132461357773826,18.1863455762662,0.000250648826364124,0.036279256460787,"LOD_vs_CN",27,"study_3_Soma"
"PRL",-0.110882281001603,0.0722170211536402,2.35746450153447,0.137929779241606,0.723113826253533,"LOD_vs_CN",27,"study_3_Soma"
"PRND",-0.0718534803346209,0.0583438429539453,1.51672049153526,0.23064548029811,0.820311116202821,"LOD_vs_CN",27,"study_3_Soma"
"PROC",-0.230768782626498,0.130921863531699,3.10691778596808,0.0959202963032499,0.630950127139737,"LOD_vs_CN",27,"study_3_Soma"
"PRSS2",0.0849658598382392,0.245666617767873,0.119618022949616,0.735005067706789,0.968214902910038,"LOD_vs_CN",27,"study_3_Soma"
"PRSS27",-0.0204507958066387,0.150742852420173,0.0184054723350076,0.893477294701803,0.982199751471484,"LOD_vs_CN",27,"study_3_Soma"
"PRSS3",0.145615753951486,0.175874314322056,0.685506996735267,0.421187969114869,0.903526259129452,"LOD_vs_CN",27,"study_3_Soma"
"PRSS8",-0.087601539339019,0.123638229229819,0.502016420306702,0.489252291373555,0.910735020939784,"LOD_vs_CN",27,"study_3_Soma"
"PSAT1",0.4803683887022,0.15058631847511,10.1760166529634,0.00442741432916584,0.150626287496515,"LOD_vs_CN",27,"study_3_Soma"
"PSMA5",0.0562754090088209,0.0803466752173748,0.490570580391302,0.49026571172997,0.910735020939784,"LOD_vs_CN",27,"study_3_Soma"
"PSMA7",0.511277121377881,0.343315114147814,2.21782294446929,0.149642240575318,0.732857404838999,"LOD_vs_CN",27,"study_3_Soma"
"PSMB1",0.00452539270572139,0.178166308286733,0.000645151011475015,0.979978739545099,0.9951568546215,"LOD_vs_CN",27,"study_3_Soma"
"PSMB4",0.626154804609603,0.195348833048593,10.2740527751187,0.00412664968770767,0.146952768231953,"LOD_vs_CN",27,"study_3_Soma"
"PSMB5",0.229036841609136,0.118977332095875,3.70580224344132,0.066102599709532,0.55484544323119,"LOD_vs_CN",27,"study_3_Soma"
"PSMB7",-0.0550893774541397,0.0839877527686816,0.430233087206277,0.517889445975139,0.910735020939784,"LOD_vs_CN",27,"study_3_Soma"
"PSME1",-0.313084913594911,0.251192634893835,1.55349721547458,0.224177150677962,0.8198617425618,"LOD_vs_CN",27,"study_3_Soma"
"PTGES3",0.0199649994945625,0.0868183642712557,0.0528829177540039,0.820751345550563,0.976515831849209,"LOD_vs_CN",27,"study_3_Soma"
"PTGFRN",0.0519331588009049,0.107425688746723,0.233707787817806,0.634462011736344,0.945925181134185,"LOD_vs_CN",27,"study_3_Soma"
"PTGR1",0.17314022630813,0.150926645956108,1.31602494108295,0.270702079788483,0.855343590386265,"LOD_vs_CN",27,"study_3_Soma"
"PTHLH",-0.107463833644963,0.0600180047667748,3.2059854832982,0.0914442299945996,0.625948194572407,"LOD_vs_CN",27,"study_3_Soma"
"PTK7",0.0204701791955575,0.131898889854181,0.02408579626453,0.878376062634951,0.981016176630701,"LOD_vs_CN",27,"study_3_Soma"
"PTPA",0.577056473680674,0.251141343625476,5.27959012814598,0.0304280850726826,0.384620616847585,"LOD_vs_CN",27,"study_3_Soma"
"PTPN11",0.404700734254432,0.150661708325933,7.21542986524176,0.0132160974452218,0.272677933095608,"LOD_vs_CN",27,"study_3_Soma"
"PTPRJ",0.0820791013172446,0.14879530423869,0.304289337011387,0.586524930396435,0.929900552467138,"LOD_vs_CN",27,"study_3_Soma"
"PTPRR",0.0288944666910247,0.12167140616976,0.0563965206866325,0.814289607490845,0.976515831849209,"LOD_vs_CN",27,"study_3_Soma"
"PTPRU",0.170196583530277,0.113505363794343,2.24837581946503,0.148320239750602,0.732453693583292,"LOD_vs_CN",27,"study_3_Soma"
"PUDP",0.211346780225059,0.113864779815439,3.4451842293033,0.086752558251097,0.621371891585896,"LOD_vs_CN",27,"study_3_Soma"
"PXYLP1",-0.00291907661142865,0.0936344937009256,0.00097189478867118,0.975476358600584,0.994392792947044,"LOD_vs_CN",27,"study_3_Soma"
"PYCARD",0.10097702998122,0.123373925454002,0.669882171061073,0.42239077156373,0.903526259129452,"LOD_vs_CN",27,"study_3_Soma"
"PYGB",0.325198285189828,0.164317617354779,3.91677149813359,0.0643534721342826,0.543804637023533,"LOD_vs_CN",27,"study_3_Soma"
"PZP",-0.171699236935104,0.279804609481959,0.376553770517293,0.550289204401858,0.91950222461731,"LOD_vs_CN",27,"study_3_Soma"
"QPCT",-0.122624009395343,0.22796944307635,0.28933285167742,0.595511636190831,0.931503016942083,"LOD_vs_CN",27,"study_3_Soma"
"QPCTL",-0.0144780172412542,0.170457639113005,0.00721415120810773,0.933009463536132,0.990246756207585,"LOD_vs_CN",27,"study_3_Soma"
"RAB14",-0.05121778585759,0.109424189231348,0.219086150797945,0.644430692441846,0.94807703935471,"LOD_vs_CN",27,"study_3_Soma"
"RAB1A",0.0212559857208952,0.0873628364632789,0.0591982743561166,0.810356934706702,0.976515831849209,"LOD_vs_CN",27,"study_3_Soma"
"RAB4B",-0.217241877937056,0.18417189692564,1.39136275685529,0.260551083345987,0.853351649936884,"LOD_vs_CN",27,"study_3_Soma"
"RAB6B",0.0002519376217478,0.0985042339201989,6.54148357330992e-06,0.997980980064481,0.999406232411516,"LOD_vs_CN",27,"study_3_Soma"
"RAB7A",-0.237213886341062,0.204039669607795,1.35160874875384,0.262981151895473,0.853351649936884,"LOD_vs_CN",27,"study_3_Soma"
"RAD23A",0.185843562019032,0.186857297009039,0.989179067048671,0.329504968585874,0.880227508319868,"LOD_vs_CN",27,"study_3_Soma"
"RAD23B",0.298384108506533,0.175603603629815,2.88725093794906,0.103737660622678,0.653996446680818,"LOD_vs_CN",27,"study_3_Soma"
"RAN",-0.327946983206573,0.456606992007591,0.515848491958695,0.47961392606246,0.910735020939784,"LOD_vs_CN",27,"study_3_Soma"
"RARRES1",-0.478613286781799,0.149580430720505,10.2381135717133,0.00374743150010983,0.142670070682753,"LOD_vs_CN",27,"study_3_Soma"
"RBBP9",0.0297205685222011,0.0435099797463079,0.466591113600469,0.501584270484005,0.910735020939784,"LOD_vs_CN",27,"study_3_Soma"
"RBP1",0.0797345275811061,0.0827236328958654,0.929038375221762,0.345905627509524,0.880227508319868,"LOD_vs_CN",27,"study_3_Soma"
"RCN1",-0.19399255296935,0.357728876108761,0.29407771871334,0.599694801299716,0.932301249405294,"LOD_vs_CN",27,"study_3_Soma"
"RDX",0.166338810122168,0.117271048684436,2.01189616777539,0.168781604328034,0.763545546200691,"LOD_vs_CN",27,"study_3_Soma"
"REEP2",-0.0537274122899714,0.112591906402717,0.227707587658049,0.637830024068342,0.946607306132201,"LOD_vs_CN",27,"study_3_Soma"
"REG1A",-0.386979587014017,0.205564735750164,3.54387899848192,0.0734016540639428,0.581827446259615,"LOD_vs_CN",27,"study_3_Soma"
"RELL1",-0.0138205669182359,0.0317945228044637,0.188950086000055,0.667839700990567,0.951989889018576,"LOD_vs_CN",27,"study_3_Soma"
"RELT",-0.026913947240006,0.0828256492224765,0.105590560672086,0.74792876732457,0.968214902910038,"LOD_vs_CN",27,"study_3_Soma"
"RET",-0.0290427402208913,0.175505895882897,0.0273836767332204,0.870109151818605,0.980099950306704,"LOD_vs_CN",27,"study_3_Soma"
"REXO2",0.117297463197188,0.255861983255762,0.210167576158618,0.650938624685827,0.950114888975479,"LOD_vs_CN",27,"study_3_Soma"
"RGMA",0.0705152149552859,0.0625311867643001,1.2716638510727,0.270446545179077,0.855343590386265,"LOD_vs_CN",27,"study_3_Soma"
"RGMB",0.00107454729965895,0.102919780442153,0.000109006745135582,0.991757767288861,0.998942154264497,"LOD_vs_CN",27,"study_3_Soma"
"RHOA",-0.170436662247932,0.234346904027712,0.528941448718774,0.475649261966531,0.910735020939784,"LOD_vs_CN",27,"study_3_Soma"
"RIDA",0.136875119330305,0.15416713961817,0.788252564331591,0.383580378074787,0.893134047760115,"LOD_vs_CN",27,"study_3_Soma"
"RMDN1",-0.263665924635836,0.172860382790422,2.32657508151975,0.144968726798153,0.727145011064567,"LOD_vs_CN",27,"study_3_Soma"
"RNASE3",0.041868242332729,0.211353610223383,0.0392419081730491,0.844936194174027,0.976515831849209,"LOD_vs_CN",27,"study_3_Soma"
"ROBO2",0.0730996009433547,0.11907937040179,0.376839963177969,0.545234585965193,0.91950222461731,"LOD_vs_CN",27,"study_3_Soma"
"ROBO4",-0.0111678850886454,0.0898527105433994,0.0154482577783567,0.902079915360881,0.983030808180147,"LOD_vs_CN",27,"study_3_Soma"
"ROR1",-0.0288613299703186,0.133044752787112,0.0470584023306327,0.830255615712731,0.976515831849209,"LOD_vs_CN",27,"study_3_Soma"
"RPN1",0.0515043995634876,0.237772726399652,0.0469207107210299,0.831556142389674,0.976515831849209,"LOD_vs_CN",27,"study_3_Soma"
"RPN2",-0.0942478175373767,0.0870539420568799,1.17210284568122,0.291456747030807,0.868090905472196,"LOD_vs_CN",27,"study_3_Soma"
"RTN1",-0.0362594993955021,0.0497532138520793,0.531130606557865,0.473179667925107,0.910735020939784,"LOD_vs_CN",27,"study_3_Soma"
"RTN4RL1",0.107336380119804,0.153125074229653,0.491361658601873,0.489874076078897,0.910735020939784,"LOD_vs_CN",27,"study_3_Soma"
"S100A11",0.0144535262000431,0.0593371831735297,0.0593326541706363,0.81001594541355,0.976515831849209,"LOD_vs_CN",27,"study_3_Soma"
"S100A13",-1.09124459778497,0.415749882397662,6.88937688197551,0.0216173181293083,0.345472274417237,"LOD_vs_CN",27,"study_3_Soma"
"S100A4",-0.077407848460771,0.357755165202345,0.0468164164278141,0.830465246314855,0.976515831849209,"LOD_vs_CN",27,"study_3_Soma"
"S100A6",0.0368538591017504,0.277526661003592,0.0176342308184789,0.895471149371645,0.982199751471484,"LOD_vs_CN",27,"study_3_Soma"
"S100A8",-0.124283316525689,0.114381298172878,1.1806349229029,0.287769798578283,0.865990743775278,"LOD_vs_CN",27,"study_3_Soma"
"SAA1",-0.186086120796194,0.106320855250211,3.0633106601656,0.0923819403088546,0.626008538586947,"LOD_vs_CN",27,"study_3_Soma"
"SAA4",-0.487757720730595,0.193512827343064,6.35314530827765,0.021929603410475,0.345472274417237,"LOD_vs_CN",27,"study_3_Soma"
"SCARF1",0.0254424370698096,0.135745038165895,0.0351292995234428,0.852997136300461,0.976515831849209,"LOD_vs_CN",27,"study_3_Soma"
"SCARF2",0.0365845546620545,0.118113245773474,0.0959396958400917,0.759661984237097,0.97068453644305,"LOD_vs_CN",27,"study_3_Soma"
"SCIN",0.236955007447873,0.187638439125894,1.59473365094899,0.221611168820215,0.815549502746891,"LOD_vs_CN",27,"study_3_Soma"
"SCN2B",0.334856727482125,0.13640465538381,6.02642383102368,0.0218049497380698,0.345472274417237,"LOD_vs_CN",27,"study_3_Soma"
"SCN3B",0.345455073645622,0.25687191337304,1.80863074687626,0.197698443162537,0.784416403515873,"LOD_vs_CN",27,"study_3_Soma"
"SCUBE1",0.122863679564931,0.182206602058483,0.454693574421852,0.507497895193533,0.910735020939784,"LOD_vs_CN",27,"study_3_Soma"
"SCUBE3",0.252808813152701,0.170637883525927,2.19499486205196,0.153475635537772,0.737368508145816,"LOD_vs_CN",27,"study_3_Soma"
"SDC3",0.0669782724691421,0.110514486557656,0.367307218203361,0.551114169178078,0.91950222461731,"LOD_vs_CN",27,"study_3_Soma"
"SDCBP",0.143009003911818,0.189327872299015,0.570555183014785,0.461445211055558,0.910735020939784,"LOD_vs_CN",27,"study_3_Soma"
"SDF2L1",0.0218360977196062,0.0640737306536791,0.116142196659359,0.736164921182608,0.968214902910038,"LOD_vs_CN",27,"study_3_Soma"
"SECTM1",-0.169742782473726,0.111255211535238,2.32777985995259,0.142050692029714,0.727145011064567,"LOD_vs_CN",27,"study_3_Soma"
"SELENOF",0.0375579396250973,0.122596049132683,0.0938535209308173,0.762214461809539,0.970786353408402,"LOD_vs_CN",27,"study_3_Soma"
"SELENOM",-0.00994585467601894,0.112533598101866,0.00781123688328661,0.930439231601057,0.989367185027217,"LOD_vs_CN",27,"study_3_Soma"
"SELPLG",-0.0292782258584996,0.0347715226405429,0.708993242364473,0.407761378203331,0.901472887292334,"LOD_vs_CN",27,"study_3_Soma"
"SEMA3C",-0.0330834575318057,0.153654225749489,0.0463588618409085,0.83196622677361,0.976515831849209,"LOD_vs_CN",27,"study_3_Soma"
"SEMA3E",0.0269805361752073,0.252120887507246,0.0114520569097214,0.916241020499675,0.988161599614499,"LOD_vs_CN",27,"study_3_Soma"
"SEMA4A",0.115883479505912,0.135527224528208,0.731122189117943,0.400643105683895,0.898271847795756,"LOD_vs_CN",27,"study_3_Soma"
"SEMA4C",0.0891330665942593,0.0938318166646614,0.902355038462809,0.354784671051979,0.880227508319868,"LOD_vs_CN",27,"study_3_Soma"
"SEMA4D",0.120292006249185,0.144801222668189,0.690127094858018,0.417695454375857,0.903057347565788,"LOD_vs_CN",27,"study_3_Soma"
"SEMA5A",0.116594984727964,0.142348368472422,0.67089530411346,0.426968975007814,0.905781976374608,"LOD_vs_CN",27,"study_3_Soma"
"SEMA6B",0.104847546003301,0.175391567619703,0.357354389186396,0.557515479612745,0.921413180259203,"LOD_vs_CN",27,"study_3_Soma"
"SEMA6C",-0.0336998878414416,0.0789879662150375,0.182026679765059,0.675353508522359,0.956501559014395,"LOD_vs_CN",27,"study_3_Soma"
"SERPINA10",-0.268176951867598,0.204875167119431,1.71342168403913,0.21046392845697,0.794776257175932,"LOD_vs_CN",27,"study_3_Soma"
"SERPINB1",0.122332825461994,0.114402017542603,1.14345386287513,0.295297472731051,0.8695776406942,"LOD_vs_CN",27,"study_3_Soma"
"SERPINB9",0.291583001731549,0.198964221413459,2.14770402746458,0.160611207469963,0.754096662232495,"LOD_vs_CN",27,"study_3_Soma"
"SERPINE1",0.114702460418564,0.0863068183590427,1.76626252167869,0.209210433702713,0.794690159337105,"LOD_vs_CN",27,"study_3_Soma"
"SERPINE2",0.101790992323808,0.0859888618535789,1.40131023799117,0.247662548410586,0.837323020049667,"LOD_vs_CN",27,"study_3_Soma"
"SFRP1",0.372275295427597,0.155319851874794,5.74479450748119,0.0250557761079626,0.364219872696657,"LOD_vs_CN",27,"study_3_Soma"
"SFRP4",-0.397834984440063,0.115399800865632,11.884907974136,0.00324121276046211,0.130930688760274,"LOD_vs_CN",27,"study_3_Soma"
"SFTPD",0.0309399772258701,0.351817076425977,0.00773403527779799,0.93097174339364,0.989367185027217,"LOD_vs_CN",27,"study_3_Soma"
"SGSH",0.0719630292388356,0.179949256132641,0.159925884514306,0.694526307525523,0.960643215713691,"LOD_vs_CN",27,"study_3_Soma"
"SH3BGRL",0.0588971213330449,0.0561098567829125,1.1018178830363,0.306401194261469,0.873605493931656,"LOD_vs_CN",27,"study_3_Soma"
"SH3BGRL2",0.747582525634527,0.249735958623756,8.96099270906677,0.00888419677770813,0.226750700202441,"LOD_vs_CN",27,"study_3_Soma"
"SH3BGRL3",0.0902628377181971,0.0652739281343798,1.91222269322486,0.18540005127568,0.770545398613304,"LOD_vs_CN",27,"study_3_Soma"
"SH3GLB2",-0.114896099750109,0.120520803756559,0.908838119035362,0.349550287211479,0.880227508319868,"LOD_vs_CN",27,"study_3_Soma"
"SHBG",-0.0609800954027726,0.29997024394271,0.0413256645782912,0.840781348672071,0.976515831849209,"LOD_vs_CN",27,"study_3_Soma"
"SHH",-0.0651887060730161,0.341745473343908,0.0363864076015784,0.85183874483749,0.976515831849209,"LOD_vs_CN",27,"study_3_Soma"
"SIGLEC14",0.0716639050959813,0.386285538629152,0.0344178740039978,0.855532915386543,0.976515831849209,"LOD_vs_CN",27,"study_3_Soma"
"SIGLEC9",-0.19592505905224,0.750986537468016,0.0680637180605708,0.7987838224639,0.97574891682183,"LOD_vs_CN",27,"study_3_Soma"
"SIRPB1",0.350184757956686,0.165958481455314,4.45241434924684,0.0522615430851114,0.498492303292058,"LOD_vs_CN",27,"study_3_Soma"
"NHERF1",0.0614580983281101,0.131521631660141,0.218355361311274,0.648209160272613,0.948729013524859,"LOD_vs_CN",27,"study_3_Soma"
"SLIT1",0.223120009411682,0.111396496688102,4.0117510350012,0.0561647042380274,0.510269102707987,"LOD_vs_CN",27,"study_3_Soma"
"SLIT2",0.65561346039588,0.128152381545789,26.1723283499408,3.27662505403978e-05,0.0104786469228192,"LOD_vs_CN",27,"study_3_Soma"
"SLIT3",-0.0637372927978923,0.100913153093896,0.398925385975306,0.533452721218095,0.915705174209982,"LOD_vs_CN",27,"study_3_Soma"
"SLITRK2",0.0857382193764291,0.208109518923368,0.169732508196971,0.685030927880827,0.960038595838227,"LOD_vs_CN",27,"study_3_Soma"
"SLITRK3",0.109691238897657,0.182322014103907,0.361964237264035,0.5538137205575,0.91950222461731,"LOD_vs_CN",27,"study_3_Soma"
"SLITRK5",0.0616011654415676,0.170486195201391,0.130556777000318,0.721137636568596,0.962921988203078,"LOD_vs_CN",27,"study_3_Soma"
"SLITRK6",-0.00882580299379399,0.339584299645469,0.00067548117852941,0.979568765204165,0.995127354232186,"LOD_vs_CN",27,"study_3_Soma"
"SLPI",-0.146897567288587,0.125681282941265,1.36611731780544,0.262603924424821,0.853351649936884,"LOD_vs_CN",27,"study_3_Soma"
"SMOC2",0.587514652484808,0.1180965189376,24.7493166312574,9.29581602267854e-05,0.01748707037678,"LOD_vs_CN",27,"study_3_Soma"
"SMPD1",0.0827514683046466,0.128802410338602,0.412765543425232,0.529081550049874,0.914365589188494,"LOD_vs_CN",27,"study_3_Soma"
"SMPDL3A",0.0189341095169073,0.140125558404754,0.018258077955178,0.894685876866135,0.982199751471484,"LOD_vs_CN",27,"study_3_Soma"
"SNCA",-0.0498064536727529,0.133330516197321,0.139544305711444,0.712023770011257,0.961446514776294,"LOD_vs_CN",27,"study_3_Soma"
"SNCG",0.348508894330344,0.142553347832976,5.97685734622874,0.0226479121019548,0.351389675301179,"LOD_vs_CN",27,"study_3_Soma"
"SNX12",0.279013877743227,0.153044130719285,3.3236727166342,0.0859051282452109,0.61920191851309,"LOD_vs_CN",27,"study_3_Soma"
"SNX3",-0.135871272594434,0.0873817235724275,2.4177649238456,0.134540117143395,0.715024700409544,"LOD_vs_CN",27,"study_3_Soma"
"SORCS1",0.194294175016319,0.176094891826476,1.21737967011628,0.281675051521088,0.862543776699958,"LOD_vs_CN",27,"study_3_Soma"
"SORD",0.0002842540558472,0.121777358036433,5.44854126729679e-06,0.998156193346586,0.999406232411516,"LOD_vs_CN",27,"study_3_Soma"
"SPINT1",-0.0968704852316327,0.0611284513123043,2.51128593406184,0.129718457657193,0.709042061637452,"LOD_vs_CN",27,"study_3_Soma"
"SPON2",-0.139858289185529,0.14889409234071,0.88231058534691,0.360752112991633,0.880227508319868,"LOD_vs_CN",27,"study_3_Soma"
"SPRN",0.00566368538789241,0.0810447698928207,0.00488369186433388,0.94505346032427,0.990994566041652,"LOD_vs_CN",27,"study_3_Soma"
"SRI",-0.119313078270959,0.326872111856346,0.133235624959403,0.718175349000088,0.962921988203078,"LOD_vs_CN",27,"study_3_Soma"
"SST",0.099295252038333,0.181552742999071,0.299124052039287,0.590623247789108,0.93042681161965,"LOD_vs_CN",27,"study_3_Soma"
"ST13",0.376314202995257,0.196771211030733,3.65744751697351,0.0678667396608853,0.559193376572354,"LOD_vs_CN",27,"study_3_Soma"
"ST3GAL1",0.0931969786261284,0.0712768609821855,1.70964734336149,0.211244471106799,0.794776257175932,"LOD_vs_CN",27,"study_3_Soma"
"ST3GAL6",0.382941409480683,0.17890179697498,4.58179081414593,0.0466711428285826,0.476850845897147,"LOD_vs_CN",27,"study_3_Soma"
"ST6GALNAC5",0.0398194152849598,0.109608206041508,0.13197863051275,0.719721678788615,0.962921988203078,"LOD_vs_CN",27,"study_3_Soma"
"ST8SIA4",0.0523727253548767,0.0731329341897241,0.512842905312036,0.480853442620936,0.910735020939784,"LOD_vs_CN",27,"study_3_Soma"
"STC1",-0.223500709829676,0.131967754963371,2.86828404063453,0.107476119395889,0.659718023855182,"LOD_vs_CN",27,"study_3_Soma"
"STMN1",0.512148994902391,0.137386745947238,13.8964213896833,0.00113417048135095,0.0755641083200072,"LOD_vs_CN",27,"study_3_Soma"
"STMN3",0.30181229479309,0.099099984925103,9.27527250820878,0.00550076639953178,0.170790785880608,"LOD_vs_CN",27,"study_3_Soma"
"STX12",0.17187510340837,0.157175042860902,1.19580060835747,0.285033645759157,0.86483643181953,"LOD_vs_CN",27,"study_3_Soma"
"STX1A",0.349974220207221,0.128835744070909,7.3790315812061,0.0118040943108788,0.260341335215106,"LOD_vs_CN",27,"study_3_Soma"
"STX7",0.283381566927901,0.165051775376281,2.94783244363907,0.098553207818688,0.638002345352559,"LOD_vs_CN",27,"study_3_Soma"
"STX8",0.302335258486373,0.163814891499404,3.40620544232613,0.0774485466148108,0.599710537709842,"LOD_vs_CN",27,"study_3_Soma"
"SUGT1",0.225440987020502,0.130910652558592,2.96562189179618,0.0975159394070339,0.634088466643624,"LOD_vs_CN",27,"study_3_Soma"
"SUMF2",0.110050193620365,0.0819020056023726,1.80547944449954,0.192781067097,0.772563458398879,"LOD_vs_CN",27,"study_3_Soma"
"SUMO2",0.140582608204393,0.0582826858672889,5.81813880596012,0.0262672739803103,0.367391105160356,"LOD_vs_CN",27,"study_3_Soma"
"SV2A",0.107152536570696,0.0593847464158714,3.25578036810084,0.0936560341711894,0.626008538586947,"LOD_vs_CN",27,"study_3_Soma"
"SVEP1",0.00709015689513137,0.101684327715525,0.00486187342268272,0.944996075917726,0.990994566041652,"LOD_vs_CN",27,"study_3_Soma"
"SVIP",0.106336989952115,0.105807959393861,1.01002482449507,0.32559637477811,0.880053596687284,"LOD_vs_CN",27,"study_3_Soma"
"SYT1",0.40965933407408,0.139425903891825,8.63294098390067,0.00752382428203033,0.207424052189077,"LOD_vs_CN",27,"study_3_Soma"
"SYT11",0.0422731700193308,0.043032500708579,0.965020331802314,0.335474490776223,0.880227508319868,"LOD_vs_CN",27,"study_3_Soma"
"SYT4",0.138372668016727,0.14117026649243,0.960758334322415,0.336715901714734,0.880227508319868,"LOD_vs_CN",27,"study_3_Soma"
"TAC1",-0.0241178797813815,0.0643101569489928,0.140643321095163,0.712250185068576,0.961446514776294,"LOD_vs_CN",27,"study_3_Soma"
"TAGLN2",0.128912748351775,0.0832645491224999,2.39701893926663,0.136883506136708,0.719989231291432,"LOD_vs_CN",27,"study_3_Soma"
"TAGLN3",0.670758578817026,0.183204440097883,13.4048044219129,0.00175820087379757,0.0969435585242178,"LOD_vs_CN",27,"study_3_Soma"
"TAX1BP1",0.115442526292298,0.106769009965263,1.16907187573305,0.291746395026533,0.868090905472196,"LOD_vs_CN",27,"study_3_Soma"
"TBCA",-1.31014100394916,0.388981652128739,11.3443037139924,0.00276110787692796,0.121310263195532,"LOD_vs_CN",27,"study_3_Soma"
"TBCB",0.416941667577834,0.135190191082959,9.51174577807162,0.00538313798750073,0.168777208666935,"LOD_vs_CN",27,"study_3_Soma"
"TCN2",0.096218838423475,0.712588516605348,0.0182323471175779,0.893979645773052,0.982199751471484,"LOD_vs_CN",27,"study_3_Soma"
"TENM4",0.0572500878876721,0.0420338284487083,1.85504487749351,0.185442884075299,0.770545398613304,"LOD_vs_CN",27,"study_3_Soma"
"TFF3",-0.144026789996417,0.113769257331392,1.60264272591759,0.217470621596042,0.807434799775734,"LOD_vs_CN",27,"study_3_Soma"
"TFPI",0.22615219528822,0.122349095345847,3.41664684161704,0.0789160655915214,0.603948602121464,"LOD_vs_CN",27,"study_3_Soma"
"TFRC",0.00655809432511489,0.0736411817356129,0.00793074195750276,0.929960877661873,0.989367185027217,"LOD_vs_CN",27,"study_3_Soma"
"TGFB1",-0.0246730764640635,0.0869373141267155,0.080544181348901,0.779495581166961,0.971822571787274,"LOD_vs_CN",27,"study_3_Soma"
"TGM2",-0.379843818512895,0.178366944449551,4.53504270648034,0.0436577474030898,0.453303494139874,"LOD_vs_CN",27,"study_3_Soma"
"THBS1",0.178169400583986,0.173855444066253,1.05024264442725,0.326103880739548,0.880067688274325,"LOD_vs_CN",27,"study_3_Soma"
"THBS2",0.0149372270038892,0.16837001129657,0.00787064782442241,0.930200761209785,0.989367185027217,"LOD_vs_CN",27,"study_3_Soma"
"THBS3",0.0683567948755357,0.126330758542168,0.292782540480789,0.593255994165315,0.930487710451967,"LOD_vs_CN",27,"study_3_Soma"
"THBS4",0.075340351334706,0.147702058309467,0.260184959231554,0.614499684807195,0.942247800325381,"LOD_vs_CN",27,"study_3_Soma"
"THOP1",-0.110802529854267,0.106785275484825,1.07665511487083,0.311006076422067,0.87460875612855,"LOD_vs_CN",27,"study_3_Soma"
"THSD7A",-0.211014922413474,0.0883188286584549,5.70847017063478,0.0247465132356817,0.361366891907351,"LOD_vs_CN",27,"study_3_Soma"
"TIE1",-0.094712082577443,0.183968845053658,0.265046582388037,0.611234247360468,0.941998028849072,"LOD_vs_CN",27,"study_3_Soma"
"TIMP3",0.234532818045665,0.171330785473287,1.87385694171567,0.18866035013573,0.770545398613304,"LOD_vs_CN",27,"study_3_Soma"
"TIMP4",0.0458033014719472,0.104696378384871,0.191394849942511,0.66624987477332,0.951989889018576,"LOD_vs_CN",27,"study_3_Soma"
"TINAGL1",0.0631185558786314,0.0976157559422389,0.41809431670405,0.523827308390923,0.910735020939784,"LOD_vs_CN",27,"study_3_Soma"
"TKT",0.117260686792456,0.0532625598218088,4.84686358908306,0.0374710184950551,0.426449527214186,"LOD_vs_CN",27,"study_3_Soma"
"TLL1",0.0286313318624352,0.0678652579625956,0.177986922228063,0.676856174703253,0.957357826935428,"LOD_vs_CN",27,"study_3_Soma"
"TMED2",-0.00405054712947006,0.0769512221478677,0.00277074358196662,0.958492090983573,0.991861262822192,"LOD_vs_CN",27,"study_3_Soma"
"TMEFF1",0.113662784182994,0.124856169086929,0.828736694575881,0.371440414221304,0.884487300580589,"LOD_vs_CN",27,"study_3_Soma"
"TMEM106B",-0.0304239755058822,0.0744544910981941,0.166974490301357,0.687674617772926,0.960643215713691,"LOD_vs_CN",27,"study_3_Soma"
"TMEM132B",0.244990803160487,0.168349668547696,2.11775166361375,0.158150217824372,0.749280587559026,"LOD_vs_CN",27,"study_3_Soma"
"TMEM132C",0.113200796844801,0.163000359479353,0.482305088064001,0.494571403204844,0.910735020939784,"LOD_vs_CN",27,"study_3_Soma"
"TMEM132D",0.141416096937284,0.158564458955928,0.795400744588211,0.381010981647924,0.893134047760115,"LOD_vs_CN",27,"study_3_Soma"
"TMEM25",-0.00113900085645557,0.0403897468317162,0.000795253958138004,0.977760608314657,0.994392792947044,"LOD_vs_CN",27,"study_3_Soma"
"TMEM59L",0.294660433834908,0.208449409910587,1.99821542802015,0.170776413747071,0.763545546200691,"LOD_vs_CN",27,"study_3_Soma"
"TMPRSS5",0.41638184885562,0.238991554279844,3.03541776204964,0.103886865201331,0.653996446680818,"LOD_vs_CN",27,"study_3_Soma"
"TNC",0.176078076250345,0.100828249191019,3.04962273914957,0.0968839427568469,0.63353420400404,"LOD_vs_CN",27,"study_3_Soma"
"TNFRSF11B",0.309293922478323,0.172255950244789,3.22399461182281,0.0953673708066132,0.630950127139737,"LOD_vs_CN",27,"study_3_Soma"
"TNFRSF14",-0.0353489479517028,0.0424400572828542,0.693746912076473,0.412880460259727,0.90281758949983,"LOD_vs_CN",27,"study_3_Soma"
"TNFRSF19",-0.0156823722042088,0.137629690012316,0.0129837232810713,0.910547280783329,0.985091408641775,"LOD_vs_CN",27,"study_3_Soma"
"TNFRSF1A",0.129248124476188,0.126173919237959,1.04932329106712,0.315726839538361,0.876624799821658,"LOD_vs_CN",27,"study_3_Soma"
"TNFRSF1B",0.192889612898155,0.123639393316856,2.43390684626663,0.131390244187532,0.709042061637452,"LOD_vs_CN",27,"study_3_Soma"
"TNFRSF8",-0.0892784382694733,0.0897315111489087,0.989927082593149,0.332272535310966,0.880227508319868,"LOD_vs_CN",27,"study_3_Soma"
"TNFSF12",0.222228336986811,0.140198184907479,2.51254639881774,0.125586577521337,0.696654466483888,"LOD_vs_CN",27,"study_3_Soma"
"TNFSF13B",-0.0589683388345046,0.0775545599514014,0.578126812148968,0.458705114293536,0.910735020939784,"LOD_vs_CN",27,"study_3_Soma"
"TNFSF8",0.0726847224096865,0.0963452059419121,0.569149100137877,0.459387776873028,0.910735020939784,"LOD_vs_CN",27,"study_3_Soma"
"TOLLIP",0.133383573343105,0.110652334791218,1.45305994703137,0.241010522252793,0.833175877690612,"LOD_vs_CN",27,"study_3_Soma"
"TOR1AIP1",-0.07908253022363,0.133937010737164,0.348626108452247,0.56022839166173,0.921751426488629,"LOD_vs_CN",27,"study_3_Soma"
"TPD52L2",-0.0305049080300268,0.138979705576358,0.048176657499215,0.829098845661348,0.976515831849209,"LOD_vs_CN",27,"study_3_Soma"
"TPM3",-0.0392130742391181,0.0457352150139744,0.735123545042407,0.399393996491471,0.898271847795756,"LOD_vs_CN",27,"study_3_Soma"
"TPM4",0.0643804596626065,0.320529901072847,0.0403432653986382,0.843857537812135,0.976515831849209,"LOD_vs_CN",27,"study_3_Soma"
"TPPP3",0.183258702801883,0.260327177495078,0.495553099390358,0.490677305390221,0.910735020939784,"LOD_vs_CN",27,"study_3_Soma"
"TPST1",0.0149590188763788,0.148095522633712,0.0102028702317556,0.920649905136948,0.989143784591966,"LOD_vs_CN",27,"study_3_Soma"
"TPST2",0.0102953314550209,0.148631234818801,0.00479800277171421,0.945492184164126,0.990994566041652,"LOD_vs_CN",27,"study_3_Soma"
"TPT1",0.211325745740631,0.109221826532777,3.74356993172534,0.0644285059548124,0.543804637023533,"LOD_vs_CN",27,"study_3_Soma"
"TREM2",0.0927286988773339,0.173679457322319,0.285056812880218,0.598221078713837,0.932301249405294,"LOD_vs_CN",27,"study_3_Soma"
"TRH",-0.0189607572267718,0.0475563223155953,0.15896255385444,0.693517237568272,0.960643215713691,"LOD_vs_CN",27,"study_3_Soma"
"TRIL",0.0198021334195797,0.153029094585993,0.0167446451008771,0.898397404743411,0.983030808180147,"LOD_vs_CN",27,"study_3_Soma"
"TSG101",0.125473442800683,0.123203602865509,1.03718639820249,0.319602072774503,0.878839279471666,"LOD_vs_CN",27,"study_3_Soma"
"TWF2",0.367396885202441,0.148673324066962,6.1066754168033,0.0211894557536039,0.343943579824,"LOD_vs_CN",27,"study_3_Soma"
"TXNDC12",-0.017344621993951,0.122272346191136,0.0201220946455551,0.888981724077047,0.981719966549872,"LOD_vs_CN",27,"study_3_Soma"
"TXNDC15",0.0407364359833178,0.225742062670578,0.0325642501412169,0.859848970271039,0.977547427038037,"LOD_vs_CN",27,"study_3_Soma"
"TXNDC5",-0.0813186256049079,0.120505542143939,0.455371679967892,0.50691762220087,0.910735020939784,"LOD_vs_CN",27,"study_3_Soma"
"TXNL1",0.201285301449885,0.138158125280277,2.12261516017725,0.159826839626679,0.752763229935376,"LOD_vs_CN",27,"study_3_Soma"
"TXNRD1",0.49741899434613,0.12079690559159,16.9563788674714,0.000366104906423726,0.0418144103836813,"LOD_vs_CN",27,"study_3_Soma"
"TYRO3",0.122710436171237,0.135924385213072,0.815019960092476,0.376184725924301,0.888146060528575,"LOD_vs_CN",27,"study_3_Soma"
"UBA1",-0.11264032808759,0.313322233604548,0.129242510595572,0.722312449401494,0.963685946260316,"LOD_vs_CN",27,"study_3_Soma"
"UBB",0.0283541764575794,0.145483163974902,0.0379846912334182,0.847118154441074,0.976515831849209,"LOD_vs_CN",27,"study_3_Soma"
"UBE2D2",0.122234695162264,0.0739731748444314,2.73048924667772,0.116172685138848,0.683853782606519,"LOD_vs_CN",27,"study_3_Soma"
"UBE2K",0.287738899554045,0.227978000920546,1.59298348890637,0.219171133329844,0.810720399723103,"LOD_vs_CN",27,"study_3_Soma"
"UBE2N",0.33102470890379,0.206108405943013,2.57946367151381,0.121410236693905,0.691833180585183,"LOD_vs_CN",27,"study_3_Soma"
"UBE2V1",0.349482872170675,0.170175308197735,4.21753505341928,0.0507389844150256,0.494705098046499,"LOD_vs_CN",27,"study_3_Soma"
"UBE2V2",0.328523301844811,0.138934750840236,5.59127154985146,0.0283712159491765,0.369041268749536,"LOD_vs_CN",27,"study_3_Soma"
"UBL3",0.177472052337031,0.164058472991601,1.17020678905344,0.290109653051673,0.86763984345542,"LOD_vs_CN",27,"study_3_Soma"
"UBL4A",0.348141074730581,0.111220554894845,9.798067258891,0.00515287613602689,0.166453513969838,"LOD_vs_CN",27,"study_3_Soma"
"UBL7",-0.0190470544400281,0.0717461989989686,0.0704786944562845,0.792927170186978,0.975460906519396,"LOD_vs_CN",27,"study_3_Soma"
"UBQLN2",0.317075472098027,0.150386145470824,4.44538765640039,0.0460196615257869,0.471701530639316,"LOD_vs_CN",27,"study_3_Soma"
"UCHL1",0.361678672794451,0.237803547967539,2.313178467268,0.150124021895811,0.73297194201955,"LOD_vs_CN",27,"study_3_Soma"
"UFC1",0.207918589989735,0.15282919347941,1.85086183439269,0.187017492491467,0.770545398613304,"LOD_vs_CN",27,"study_3_Soma"
"UFM1",0.032500848131372,0.0664699755405844,0.239077304522788,0.6291415319883,0.944091502527403,"LOD_vs_CN",27,"study_3_Soma"
"UGP2",0.132322351418906,0.140420641753831,0.887982716114395,0.361780014887928,0.880227508319868,"LOD_vs_CN",27,"study_3_Soma"
"ULBP2",0.0866817443754968,0.151521178520024,0.327271815529206,0.576150273635406,0.925543460543702,"LOD_vs_CN",27,"study_3_Soma"
"UNC5A",0.124870635813066,0.165355374907014,0.570274580223096,0.457254914320512,0.910735020939784,"LOD_vs_CN",27,"study_3_Soma"
"UNC5B",0.0808917983515141,0.116829272961393,0.479408393095543,0.495117579293559,0.910735020939784,"LOD_vs_CN",27,"study_3_Soma"
"UNC5C",0.0314244031880069,0.0953795898527132,0.108548337303039,0.74456427480259,0.968214902910038,"LOD_vs_CN",27,"study_3_Soma"
"UNC5D",0.18938292342445,0.144754251691458,1.71166580817345,0.202702357082165,0.789576294700077,"LOD_vs_CN",27,"study_3_Soma"
"USP14",-0.13558025944447,0.549653209218792,0.0608436676332879,0.807266802073354,0.976515831849209,"LOD_vs_CN",27,"study_3_Soma"
"UST",0.124234386054603,0.195378734711862,0.404323562097609,0.534484650866928,0.915705174209982,"LOD_vs_CN",27,"study_3_Soma"
"VAPA",0.281851268984784,0.12408409671844,5.15950148591027,0.0320599147487804,0.397393827002324,"LOD_vs_CN",27,"study_3_Soma"
"VASN",0.139802997078275,0.0936957283455531,2.22634969597822,0.149491362124074,0.732857404838999,"LOD_vs_CN",27,"study_3_Soma"
"VAT1",0.203046615647692,0.191164332143382,1.12817840511086,0.304854748033391,0.873605493931656,"LOD_vs_CN",27,"study_3_Soma"
"VAT1L",0.133964111492546,0.0947966524443726,1.99705917322825,0.185106343266693,0.770545398613304,"LOD_vs_CN",27,"study_3_Soma"
"VCAM1",-0.271281664496051,0.11118655732588,5.95300594435298,0.0234298167521681,0.353436575346385,"LOD_vs_CN",27,"study_3_Soma"
"VEGFA",-0.00348111635331527,0.0478055375518365,0.00530249987419154,0.942530501888854,0.990651785731695,"LOD_vs_CN",27,"study_3_Soma"
"VEGFD",-0.120536740714702,0.137270497369134,0.771053430325138,0.389897242185095,0.898271847795756,"LOD_vs_CN",27,"study_3_Soma"
"VIM",0.345395060309482,0.387443104534338,0.794724080189606,0.394276659225791,0.898271847795756,"LOD_vs_CN",27,"study_3_Soma"
"VIT",-0.326889278229167,0.144737364077281,5.10082042308874,0.0356052239591687,0.417089766378834,"LOD_vs_CN",27,"study_3_Soma"
"VPS29",-1.03685488513369,0.382021703464006,7.36647777266657,0.0128437350344703,0.270225425264712,"LOD_vs_CN",27,"study_3_Soma"
"VSNL1",0.580611129766893,0.157985851249952,13.5062356895096,0.00227242318097534,0.108465810936704,"LOD_vs_CN",27,"study_3_Soma"
"VWA1",0.110656150522544,0.0871402628507854,1.61255072484413,0.216572397488293,0.805347124613443,"LOD_vs_CN",27,"study_3_Soma"
"VWC2",0.0335509062305963,0.137480494808253,0.0595561119162299,0.809260738504289,0.976515831849209,"LOD_vs_CN",27,"study_3_Soma"
"VWC2L",0.0598387472946147,0.0536992232373203,1.24173516152597,0.275737257821318,0.857611163165124,"LOD_vs_CN",27,"study_3_Soma"
"VWF",0.154626297743041,0.186030279061897,0.690874940326639,0.413805676867221,0.90281758949983,"LOD_vs_CN",27,"study_3_Soma"
"WARS1",0.307669785041332,0.203488577021109,2.28607053756869,0.148414632095676,0.732453693583292,"LOD_vs_CN",27,"study_3_Soma"
"WBP2",0.0436030122811539,0.0659817949430256,0.436701551554589,0.516049610892001,0.910735020939784,"LOD_vs_CN",27,"study_3_Soma"
"WIF1",0.166864576963814,0.187437447021955,0.792529766560724,0.382574988863276,0.893134047760115,"LOD_vs_CN",27,"study_3_Soma"
"CCN5",0.0181620906456796,0.183363022716764,0.00981088439903175,0.922461072211929,0.989143784591966,"LOD_vs_CN",27,"study_3_Soma"
"XPNPEP1",0.253548640828894,0.115560064886446,4.81401034903484,0.039156752701169,0.435523145196148,"LOD_vs_CN",27,"study_3_Soma"
"XXYLT1",-0.0378111288300413,0.168510832194142,0.0503481641668885,0.824695645761058,0.976515831849209,"LOD_vs_CN",27,"study_3_Soma"
"YWHAB",0.740509081857468,0.150617640331365,24.1718059816075,6.97008812427161e-05,0.0151181045799432,"LOD_vs_CN",27,"study_3_Soma"
"YWHAE",0.47347831887423,0.167159458775773,8.02302750781346,0.00909105330324111,0.227134284873165,"LOD_vs_CN",27,"study_3_Soma"
"YWHAG",1.05444924512048,0.180606497172255,34.086673534987,1.39210894539167e-05,0.00890392881472511,"LOD_vs_CN",27,"study_3_Soma"
"YWHAH",0.675468383289957,0.131073937398528,26.5568989023979,2.63557941245731e-05,0.00936509217893163,"LOD_vs_CN",27,"study_3_Soma"
"YWHAQ",0.32988974667944,0.144902505259943,5.18305534753512,0.0384351609372239,0.432801565764937,"LOD_vs_CN",27,"study_3_Soma"
"ZG16",-0.223136979475874,0.551274496375614,0.163835230864805,0.691022982748361,0.960643215713691,"LOD_vs_CN",27,"study_3_Soma"
"ARF3",0.0255385068909177,0.0405044433022591,0.397544427468066,0.534087945452633,0.915705174209982,"LOD_vs_CN",27,"study_3_Soma"
"BTN2A2",0.109956667251716,0.158485538412907,0.481353192926637,0.495725785776508,0.910735020939784,"LOD_vs_CN",27,"study_3_Soma"
"CALCB",-0.128300844704711,0.147443434681311,0.757195724416821,0.393525297042035,0.898271847795756,"LOD_vs_CN",27,"study_3_Soma"
"CD68",0.0926583306382387,0.14180461234793,0.426961021808472,0.522915828990996,0.910735020939784,"LOD_vs_CN",27,"study_3_Soma"
"CD8A",-0.330866160866144,0.13166351097833,6.3150070623991,0.0197201849032454,0.333678049315231,"LOD_vs_CN",27,"study_3_Soma"
"CISD1",0.238004615579251,0.104146492862977,5.22253620471512,0.0318152155317741,0.397104375773922,"LOD_vs_CN",27,"study_3_Soma"
"CRYGD",0.046706080971747,0.0426635050246227,1.19848828054648,0.284348276796533,0.864397138018359,"LOD_vs_CN",27,"study_3_Soma"
"DLG2",0.75922630310688,0.191528063201247,15.7136710504389,0.0013515956868879,0.0832321925443454,"LOD_vs_CN",27,"study_3_Soma"
"EEF1A1",-0.0173308640537364,0.186140712022259,0.00866877417422496,0.926781531048488,0.989367185027217,"LOD_vs_CN",27,"study_3_Soma"
"EIF4B",0.261953981293312,0.132664825866505,3.89886703290057,0.063973288013002,0.543804637023533,"LOD_vs_CN",27,"study_3_Soma"
"EPB41L1",-0.389595904983676,0.381355195155753,1.04368497789769,0.316964716488685,0.877098115700056,"LOD_vs_CN",27,"study_3_Soma"
"FZD8",0.00489141173823349,0.123762500172419,0.00156203332339815,0.968826305475011,0.994392792947044,"LOD_vs_CN",27,"study_3_Soma"
"GALNT14",-0.0348278783698248,0.216630763798669,0.0258472162454085,0.87527476097269,0.980773891237093,"LOD_vs_CN",27,"study_3_Soma"
"GUSB",0.196931838552352,0.131577213450166,2.24011596741296,0.148193555129634,0.732453693583292,"LOD_vs_CN",27,"study_3_Soma"
"HEBP1",0.0333983507462783,0.27185302669966,0.0150932128752807,0.903204701201058,0.983030808180147,"LOD_vs_CN",27,"study_3_Soma"
"H3C1",-0.355600101742722,0.139358981253523,6.51109193244034,0.0174891071224477,0.323295749003398,"LOD_vs_CN",27,"study_3_Soma"
"HNRNPA1",-0.0630368580822189,0.264476924453098,0.0568085292193369,0.813974806249065,0.976515831849209,"LOD_vs_CN",27,"study_3_Soma"
"HRAS",-0.0537740650806082,0.0947249242168832,0.322268014890733,0.575829575804596,0.925543460543702,"LOD_vs_CN",27,"study_3_Soma"
"HSPD1",0.24256583132224,0.197777913137613,1.50419336603547,0.241101253276552,0.833175877690612,"LOD_vs_CN",27,"study_3_Soma"
"LEAP2",-0.0840719654099278,0.116791605247132,0.518178208727659,0.481768817651882,0.910735020939784,"LOD_vs_CN",27,"study_3_Soma"
"LRP10",0.0571687913045498,0.122395839642541,0.218164814187602,0.644820916227788,0.94807703935471,"LOD_vs_CN",27,"study_3_Soma"
"LRRC3B",-0.00755452117585342,0.0599638736502873,0.0158721048963847,0.90098668525658,0.983030808180147,"LOD_vs_CN",27,"study_3_Soma"
"MAT2B",-0.0158043072689118,0.084532425640378,0.0349545943986514,0.853245536985322,0.976515831849209,"LOD_vs_CN",27,"study_3_Soma"
"NPM1",0.012389481491482,0.0737206363314422,0.0282441241596897,0.86809830120916,0.978561285606942,"LOD_vs_CN",27,"study_3_Soma"
"PGA4",-0.050528896866652,0.0502934410354978,1.00938519958551,0.331141572662995,0.880227508319868,"LOD_vs_CN",27,"study_3_Soma"
"PGF",-0.0879215336397881,0.174205325233372,0.254722704165599,0.618533857901548,0.942836643264609,"LOD_vs_CN",27,"study_3_Soma"
"PHB2",-0.0342289784150704,0.057830063552365,0.350332586870186,0.560680400464818,0.921751426488629,"LOD_vs_CN",27,"study_3_Soma"
"PLPBP",0.334011192847955,0.174497370801041,3.66390551430767,0.0671812002914004,0.558040203978957,"LOD_vs_CN",27,"study_3_Soma"
"PSMC5",0.0137574858568312,0.042224984982968,0.106154679255358,0.747276777515759,0.968214902910038,"LOD_vs_CN",27,"study_3_Soma"
"RAB5C",-0.24973925716296,0.204937018273692,1.48502171713333,0.234759636777203,0.824772729350965,"LOD_vs_CN",27,"study_3_Soma"
"RAC1",-0.304559305843977,0.251072916820721,1.47144492664504,0.239638302315554,0.83300357696211,"LOD_vs_CN",27,"study_3_Soma"
"RPL5",-0.175345803471684,0.125035477857739,1.96663713930264,0.173153704092982,0.763545546200691,"LOD_vs_CN",27,"study_3_Soma"
"SELENOW",0.204626782049795,0.142439994129665,2.06376885940572,0.166132519627899,0.762501915654322,"LOD_vs_CN",27,"study_3_Soma"
"SPINK2",0.00416546763317704,0.237452179742817,0.000307733805321953,0.986230756264483,0.997143837664817,"LOD_vs_CN",27,"study_3_Soma"
"UBE2D3",-0.0839777935656425,0.178338445237482,0.221737408406047,0.642493154577234,0.94807703935471,"LOD_vs_CN",27,"study_3_Soma"
"SCGB1D2",-0.0408380808063153,0.0699680206267094,0.340668103038677,0.566258963735084,0.922503145805585,"LOD_vs_CN",27,"study_3_Soma"
"TAFA4",0.0609737951875751,0.0629087942430029,0.939428502696906,0.341827918659678,0.880227508319868,"LOD_vs_CN",27,"study_3_Soma"
"TSN",0.0333885678788057,0.123128355711667,0.0735325155145149,0.789301127058777,0.974094692629214,"LOD_vs_CN",27,"study_3_Soma"
"APEX1",-0.0881428963796971,0.22308908620988,0.156105421233322,0.696671039567484,0.960643215713691,"LOD_vs_CN",27,"study_3_Soma"
"CTSV",-0.00695278746145078,0.0541061709194553,0.0165129363625455,0.899117973984888,0.983030808180147,"LOD_vs_CN",27,"study_3_Soma"
"RPL12",-0.177644404726177,0.22801562919192,0.606979233898088,0.443785774280195,0.910598159921807,"LOD_vs_CN",27,"study_3_Soma"
"CCT7",-0.244447451830273,0.162873624327103,2.25252441905767,0.146852850575315,0.732453693583292,"LOD_vs_CN",27,"study_3_Soma"
"CA12",-0.0814858724444516,0.0431013400785432,3.57423491728021,0.0715015234083143,0.574579232039244,"LOD_vs_CN",27,"study_3_Soma"
"CD27",-0.240314765349947,0.138272927249996,3.02055394859728,0.105408783016883,0.655831299782083,"LOD_vs_CN",27,"study_3_Soma"
"KPNB1",-0.201377425799123,0.319624823797381,0.396954351132719,0.534862456761683,0.915705174209982,"LOD_vs_CN",27,"study_3_Soma"
"SUOX",0.0247744702391097,0.0757640150004421,0.106925869465659,0.746395192869012,0.968214902910038,"LOD_vs_CN",27,"study_3_Soma"
"SFN",0.565934971546177,0.290331960663136,3.79964803532158,0.0765563056709479,0.594240450329348,"LOD_vs_CN",27,"study_3_Soma"
"RCN3",-0.00613469713427683,0.0738268639586301,0.00690490029926447,0.934672284993984,0.990246756207585,"LOD_vs_CN",27,"study_3_Soma"
"RPS5",-0.142748038323445,0.103695431263763,1.89505165882662,0.181628587197886,0.770545398613304,"LOD_vs_CN",27,"study_3_Soma"
"ACO1",0.12379544491067,0.128582629001428,0.926925282018762,0.345229010522295,0.880227508319868,"LOD_vs_CN",27,"study_3_Soma"
"SH3GL2",0.272057930459286,0.124601402527142,4.76734869601955,0.043173019058856,0.451200375654318,"LOD_vs_CN",27,"study_3_Soma"
"GLIPR2",-0.170458720885797,0.200200835243217,0.724947706645291,0.408484753725738,0.901472887292334,"LOD_vs_CN",27,"study_3_Soma"
"UBC",-0.0754431424679041,0.132718581930429,0.323129102652689,0.575408099910392,0.925543460543702,"LOD_vs_CN",27,"study_3_Soma"
"UROD",0.192076724528522,0.14868160458208,1.66891801816271,0.210812925029757,0.794776257175932,"LOD_vs_CN",27,"study_3_Soma"
"SUMO3",0.498799984666119,0.138779006846069,12.9182984126638,0.00153864046945251,0.0878673610948057,"LOD_vs_CN",27,"study_3_Soma"
"PDLIM5",0.481989994047906,0.179120242449943,7.24080260642608,0.0125212734949709,0.270225425264712,"LOD_vs_CN",27,"study_3_Soma"
"PPIF",0.0378311119802657,0.0528091913775491,0.51319117384622,0.480410263424525,0.910735020939784,"LOD_vs_CN",27,"study_3_Soma"
"HNRNPM",-0.00265257986436929,0.083491399133111,0.0010093771272899,0.97497031787265,0.994392792947044,"LOD_vs_CN",27,"study_3_Soma"
"ARL3",0.0307846861969345,0.0962442514281372,0.102310419168823,0.754587745348932,0.968214902910038,"LOD_vs_CN",27,"study_3_Soma"
"CREB3L4",0.0116003288125484,0.114478099951722,0.0102682343944855,0.920429946878024,0.989143784591966,"LOD_vs_CN",27,"study_3_Soma"
"CS",-0.209799139322282,0.195120076858547,1.1561215265981,0.293258606310397,0.868090905472196,"LOD_vs_CN",27,"study_3_Soma"
"EHD1",0.113110110034071,0.145891582306272,0.601093982906655,0.448743463245606,0.910735020939784,"LOD_vs_CN",27,"study_3_Soma"
"IGBP1",0.10455103390323,0.177718269351381,0.34609275905352,0.562034955435243,0.921751426488629,"LOD_vs_CN",27,"study_3_Soma"
"ECI1",0.111096390256545,0.107836741615266,1.0613689603547,0.313140861275363,0.875071488671862,"LOD_vs_CN",27,"study_3_Soma"
"PLCB1",0.829489378746201,0.17483721020126,22.5088819161033,7.58218015166262e-05,0.0151548825781357,"LOD_vs_CN",27,"study_3_Soma"
"CST2",0.0601313770270018,0.246976802691179,0.059277512501017,0.809741562995278,0.976515831849209,"LOD_vs_CN",27,"study_3_Soma"
"ANXA11",-0.0291465786264133,0.18024260555616,0.0261493110496799,0.873631474552503,0.980306475655756,"LOD_vs_CN",27,"study_3_Soma"
"PSMD9",-0.155850750382251,0.306887390613721,0.257904966965802,0.616016199378747,0.942247800325381,"LOD_vs_CN",27,"study_3_Soma"
"LILRB2",0.105222035498899,0.0979462065520725,1.15408595777132,0.293458246026375,0.868090905472196,"LOD_vs_CN",27,"study_3_Soma"
"PTGR2",0.188689498435064,0.201141752400664,0.880016876955021,0.360916428141015,0.880227508319868,"LOD_vs_CN",27,"study_3_Soma"
"KLK13",-0.266611116004844,0.133087125576922,4.01314096631191,0.0624096656623995,0.543804637023533,"LOD_vs_CN",27,"study_3_Soma"
"IDI1",0.536319020045358,0.120071738371605,19.9510061070191,0.000175809128539079,0.0295914522667355,"LOD_vs_CN",27,"study_3_Soma"
"GLUD1",-0.00797544876751388,0.0702590811479967,0.0128856202329907,0.910869029689954,0.985106241781696,"LOD_vs_CN",27,"study_3_Soma"
"SSPN",0.08515381756105,0.0842957547336024,1.02046200367023,0.322730222487354,0.879552531829013,"LOD_vs_CN",27,"study_3_Soma"
"YBX1",-0.138018913907869,0.12843252752564,1.15485418414883,0.292842260759082,0.868090905472196,"LOD_vs_CN",27,"study_3_Soma"
"NUDT3",0.224142541827263,0.10551299296831,4.51270246827605,0.0526861783967216,0.498492303292058,"LOD_vs_CN",27,"study_3_Soma"
"GP5",-0.407498720574909,0.312628303079446,1.69900991154526,0.207466782515156,0.794690159337105,"LOD_vs_CN",27,"study_3_Soma"
"REG3A",-0.0377465146291689,0.174347746115747,0.0468728152437833,0.831279071844728,0.976515831849209,"LOD_vs_CN",27,"study_3_Soma"
"NDUFV2",0.116369177947842,0.0828275647391212,1.97390454755539,0.173748261340295,0.763545546200691,"LOD_vs_CN",27,"study_3_Soma"
"COX5A",0.399828131913658,0.120286135488747,11.0488111658751,0.00693223600115121,0.199367978862967,"LOD_vs_CN",27,"study_3_Soma"
"TMOD2",0.400899733386063,0.174628406289285,5.27037786871797,0.0484607622204957,0.483793195777673,"LOD_vs_CN",27,"study_3_Soma"
"SEMA4G",0.17100503745694,0.160033734929337,1.14181232303299,0.298092535348537,0.872945881505349,"LOD_vs_CN",27,"study_3_Soma"
"TNFRSF11A",0.0177975614597177,0.0601175152413382,0.0876433477978734,0.769682332659069,0.971367048083545,"LOD_vs_CN",27,"study_3_Soma"
"MAP2K1",0.137597177736428,0.0810461716656889,2.88239862561499,0.107683805019514,0.659718023855182,"LOD_vs_CN",27,"study_3_Soma"
"GABBR1",0.166318132675453,0.0602797469203331,7.61265871194296,0.0106919608347411,0.245162691824672,"LOD_vs_CN",27,"study_3_Soma"
"CRISP2",-0.0645287663437273,0.240988844883774,0.0716989581006357,0.793239760626051,0.975460906519396,"LOD_vs_CN",27,"study_3_Soma"
"PCBD1",0.234073239525089,0.120922286731686,3.7470615641637,0.0757338372392856,0.590723930466428,"LOD_vs_CN",27,"study_3_Soma"
"PI3",-0.314452406015863,0.176568101570019,3.17165068075713,0.0915164196041338,0.625948194572407,"LOD_vs_CN",27,"study_3_Soma"
"EIF4A1",-0.166013302646546,0.248350363665889,0.446844254678901,0.51017886883419,0.910735020939784,"LOD_vs_CN",27,"study_3_Soma"
"NECAB1",0.083895862025825,0.0697107043221553,1.44837873602216,0.248056894733817,0.837323020049667,"LOD_vs_CN",27,"study_3_Soma"
"MTAP",-0.0255401679775336,0.103809264796877,0.0605306403113631,0.807760038625365,0.976515831849209,"LOD_vs_CN",27,"study_3_Soma"
"CASQ1",0.0179443555417844,0.0876195439698403,0.0419424460124485,0.840635801750183,0.976515831849209,"LOD_vs_CN",27,"study_3_Soma"
"SEPTIN5",0.0121048377303126,0.104233046106704,0.0134867430795587,0.908564532399812,0.984153411087928,"LOD_vs_CN",27,"study_3_Soma"
"FBP1",0.314031935197129,0.175900760777771,3.18722112603981,0.0930678900858903,0.626008538586947,"LOD_vs_CN",27,"study_3_Soma"
"PSMB2",0.0308052385908351,0.0779719683132575,0.156088949718612,0.696292159881062,0.960643215713691,"LOD_vs_CN",27,"study_3_Soma"
"GRHPR",-0.201669909823845,0.207459005187626,0.944969140503437,0.340437299005788,0.880227508319868,"LOD_vs_CN",27,"study_3_Soma"
"CCT8",-0.455896782960291,0.432399138825972,1.11163807771764,0.302322054362759,0.872945881505349,"LOD_vs_CN",27,"study_3_Soma"
"ELMO1",-0.0778606942073559,0.0684099442322858,1.29538263342047,0.266101687236058,0.855269543498406,"LOD_vs_CN",27,"study_3_Soma"
"PARP1",-0.0160728364783909,0.0298058472416044,0.29079176936492,0.594816000272344,0.931503016942083,"LOD_vs_CN",27,"study_3_Soma"
"ASPA",0.0139907355850966,0.0760045097893727,0.0338846007680478,0.855864008866347,0.976515831849209,"LOD_vs_CN",27,"study_3_Soma"
"MTIF3",-0.066074602398861,0.0608847477216195,1.1777472401201,0.291155537517172,0.868090905472196,"LOD_vs_CN",27,"study_3_Soma"
"PAFAH1B3",-0.271137504605576,0.23964595812827,1.28008548270008,0.268703806172087,0.855343590386265,"LOD_vs_CN",27,"study_3_Soma"
"NPW",-0.076324889474062,0.181106340463713,0.177609036381494,0.679645243946662,0.957628673772948,"LOD_vs_CN",27,"study_3_Soma"
"STMN2",0.570242192701031,0.142385549607821,16.0393536807459,0.00059993039827165,0.0518534436127767,"LOD_vs_CN",27,"study_3_Soma"
"ACAT2",0.0642074679365807,0.175669495331054,0.133591362684638,0.718924087488649,0.962921988203078,"LOD_vs_CN",27,"study_3_Soma"
"SUB1",-0.0987545198628279,0.0941040537326153,1.1012788524951,0.306836565474848,0.873728142462107,"LOD_vs_CN",27,"study_3_Soma"
"RPIA",-0.184060055124441,0.219359005263809,0.704057549044943,0.409413784224093,0.901472887292334,"LOD_vs_CN",27,"study_3_Soma"
"RETN",0.185476007259241,0.339471720641815,0.298516453406694,0.598550720855028,0.932301249405294,"LOD_vs_CN",27,"study_3_Soma"
"CD63",0.0187219906490963,0.0603065129669895,0.0963774903110315,0.758964756367716,0.97068453644305,"LOD_vs_CN",27,"study_3_Soma"
"GSTM1",0.0176584009697009,0.123052912598954,0.0205929683913137,0.887918013482043,0.981719966549872,"LOD_vs_CN",27,"study_3_Soma"
"SUMO4",0.136095612057011,0.0572833754785379,5.64457234418802,0.0264739527515069,0.368103047388344,"LOD_vs_CN",27,"study_3_Soma"
"STX6",0.0867242655997655,0.109756266959484,0.624342080070293,0.437713060612679,0.908375319817876,"LOD_vs_CN",27,"study_3_Soma"
"CMC4",0.106479740597303,0.09895633810544,1.15783516980749,0.295218723098124,0.8695776406942,"LOD_vs_CN",27,"study_3_Soma"
"PSMB9",-0.27157126022654,0.164954964863307,2.71042149019703,0.122725177358203,0.691833180585183,"LOD_vs_CN",27,"study_3_Soma"
"MAPRE1",0.245731087559543,0.222344533993167,1.22142636629166,0.281115680284672,0.861944338974478,"LOD_vs_CN",27,"study_3_Soma"
"PIN1",0.41808760411508,0.20630526061173,4.1068985808174,0.0574590079153837,0.520549312502541,"LOD_vs_CN",27,"study_3_Soma"
"PGP",0.227659387930846,0.108270690167368,4.42129321171206,0.0505065158155132,0.494249300928328,"LOD_vs_CN",27,"study_3_Soma"
"ALDH2",-0.119799273378892,0.142013988474557,0.71161667844831,0.408891513679585,0.901472887292334,"LOD_vs_CN",27,"study_3_Soma"
"RAP1GAP",0.00130122351454709,0.0386486000155986,0.00113353849119111,0.973444027797642,0.994392792947044,"LOD_vs_CN",27,"study_3_Soma"
"POFUT1",0.0739842668983268,0.130570527748878,0.321061648028653,0.576604901978786,0.925543460543702,"LOD_vs_CN",27,"study_3_Soma"
"CAMP",-0.579080765360884,0.402877177784794,2.06601251128052,0.165876084464803,0.762501915654322,"LOD_vs_CN",27,"study_3_Soma"
"GPT",0.243924233417195,0.134198422319208,3.30381010596331,0.0822362624243327,0.606318775642935,"LOD_vs_CN",27,"study_3_Soma"
"SERPINB8",0.0156179548241946,0.0588961108055634,0.0703193892706227,0.793142499498944,0.975460906519396,"LOD_vs_CN",27,"study_3_Soma"
"TLR3",-0.000688608219138409,0.0747347314938312,8.48983885679116e-05,0.992794719448969,0.999114375942715,"LOD_vs_CN",27,"study_3_Soma"
"SCARA5",-0.0405535247517452,0.0415498902261081,0.95261508236588,0.344023571901172,0.880227508319868,"LOD_vs_CN",27,"study_3_Soma"
"NPPB",-0.262150705702961,0.124224895351707,4.45332902426798,0.0475129773819228,0.479747958201495,"LOD_vs_CN",27,"study_3_Soma"
"FN3K",-0.0416222160609534,0.627565724662103,0.00439877721331384,0.947718707872639,0.990994566041652,"LOD_vs_CN",27,"study_3_Soma"
"RAB11B",-0.275575126867253,0.287089752506228,0.921392452085908,0.348520719917864,0.880227508319868,"LOD_vs_CN",27,"study_3_Soma"
"ENTPD1",0.097045645783604,0.0938190600369072,1.0699659416109,0.311769154948362,0.87460875612855,"LOD_vs_CN",27,"study_3_Soma"
"ZG16B",0.177992566730483,0.320733653696958,0.30797443585315,0.590480349777292,0.93042681161965,"LOD_vs_CN",27,"study_3_Soma"
"FOLR3",0.049857172377,0.0422417282360489,1.39306676696649,0.253746012984109,0.845291405753312,"LOD_vs_CN",27,"study_3_Soma"
"HARS1",0.146844263728957,0.159638675188201,0.846131263796703,0.366701723339837,0.881594367610718,"LOD_vs_CN",27,"study_3_Soma"
"RPS4X",-0.112958601925207,0.0937091556884418,1.4530299535807,0.239618753549159,0.83300357696211,"LOD_vs_CN",27,"study_3_Soma"
"ZYX",0.011378408563802,0.127114450337821,0.00801259515508171,0.929883962839797,0.989367185027217,"LOD_vs_CN",27,"study_3_Soma"
"ACTN2",-0.407273128887629,0.353560073895088,1.32692104544412,0.264678320161761,0.853982530042856,"LOD_vs_CN",27,"study_3_Soma"
"RPS25",-0.111217226732504,0.129698859236957,0.73531226561367,0.400003977650999,0.898271847795756,"LOD_vs_CN",27,"study_3_Soma"
"GABARAPL1",0.437218264677529,0.107800916171719,16.4494616350645,0.000449367787684597,0.047902606167178,"LOD_vs_CN",27,"study_3_Soma"
"CPLX1",0.469863446615719,0.201316080488526,5.44736388827074,0.0323225789909366,0.399102732096584,"LOD_vs_CN",27,"study_3_Soma"
"ASAH2",0.0771927951589557,0.10473891237418,0.543172050194054,0.471864690791201,0.910735020939784,"LOD_vs_CN",27,"study_3_Soma"
"OXCT1",0.373147013817448,0.0911327745897371,16.765277845512,0.000585345000545216,0.0518534436127767,"LOD_vs_CN",27,"study_3_Soma"
"PGLYRP1",-0.115803689341684,0.0717710397294639,2.60343246149953,0.120301430918063,0.691833180585183,"LOD_vs_CN",27,"study_3_Soma"
"DDX39B",-0.101682594573669,0.182301340787956,0.311109672027948,0.583583096807577,0.927583868583813,"LOD_vs_CN",27,"study_3_Soma"
"LGALS7",0.00596721415953727,0.0729382241581308,0.00669318576692993,0.935464764486998,0.990246756207585,"LOD_vs_CN",27,"study_3_Soma"
"PA2G4",-0.307919250333516,0.414143835753444,0.552804129188798,0.464299931874156,0.910735020939784,"LOD_vs_CN",27,"study_3_Soma"
"RCSD1",-0.0682065861553189,0.0576088151394011,1.40176347582016,0.247565162971244,0.837323020049667,"LOD_vs_CN",27,"study_3_Soma"
"HNRNPD",-0.061182328799064,0.116457733610785,0.276003976520384,0.604129230272171,0.935595776469929,"LOD_vs_CN",27,"study_3_Soma"
"RHOB",0.0372841842184304,0.0480426344547753,0.602276144719297,0.444991319590566,0.910735020939784,"LOD_vs_CN",27,"study_3_Soma"
"TCN1",-0.26563843906766,0.100369863785761,7.00446822773225,0.0141404472758717,0.28603150018002,"LOD_vs_CN",27,"study_3_Soma"
"MACROD2",-0.028565909775196,0.120112330951236,0.0565615015162098,0.815375252751744,0.976515831849209,"LOD_vs_CN",27,"study_3_Soma"
"NAPB",0.0613262923920335,0.0496410483895231,1.52620027926905,0.237791814460432,0.831425431560775,"LOD_vs_CN",27,"study_3_Soma"
"PPIL1",0.127592565890204,0.0895625163205133,2.02954258627032,0.16666317668617,0.762501915654322,"LOD_vs_CN",27,"study_3_Soma"
"HDGF",-0.0650217261376032,0.118863885109675,0.299238277859304,0.589665431284124,0.93042681161965,"LOD_vs_CN",27,"study_3_Soma"
"ACP5",0.11590340736638,0.123833598727952,0.876022819188762,0.362593259325341,0.880227508319868,"LOD_vs_CN",27,"study_3_Soma"
"ATP5PO",-0.0755505367894642,0.0789109478047491,0.916643766060529,0.351968728583011,0.880227508319868,"LOD_vs_CN",27,"study_3_Soma"
"ISOC1",0.222990815279914,0.0743785058051855,8.98833088553097,0.00617044759220172,0.182918740444201,"LOD_vs_CN",27,"study_3_Soma"
"VPS26A",0.421496283569498,0.144598711926058,8.49686368193901,0.00795649969684694,0.211190405217175,"LOD_vs_CN",27,"study_3_Soma"
"TMEM9",0.057992410620443,0.0873902594821041,0.440368520278112,0.513435895323835,0.910735020939784,"LOD_vs_CN",27,"study_3_Soma"
"FH",0.046135221368667,0.138424554764368,0.111080786739503,0.741699162890079,0.968214902910038,"LOD_vs_CN",27,"study_3_Soma"
"HSPA9",0.0542212645596383,0.0771647727873141,0.493743192311201,0.490498473851623,0.910735020939784,"LOD_vs_CN",27,"study_3_Soma"
"PAPPA",-0.301187355048515,0.128937135693898,5.45654112544713,0.0282504778576743,0.369041268749536,"LOD_vs_CN",27,"study_3_Soma"
"LRP12",0.0750405541699788,0.106386378507184,0.497530849631745,0.48720551561235,0.910735020939784,"LOD_vs_CN",27,"study_3_Soma"
"TICAM2",0.0220555616283491,0.0492311392262554,0.20070420483927,0.658012006379239,0.950227300069273,"LOD_vs_CN",27,"study_3_Soma"
"ACAA1",0.111360668346792,0.0726820595756378,2.34751949130025,0.14469086657914,0.727145011064567,"LOD_vs_CN",27,"study_3_Soma"
"PFKM",-0.12727516701279,0.221869965885478,0.329071535738675,0.571574391918172,0.925543460543702,"LOD_vs_CN",27,"study_3_Soma"
"MYL11",-0.0573866218357502,0.0628886255855133,0.832678043509145,0.370821336169576,0.883671112571017,"LOD_vs_CN",27,"study_3_Soma"
"DCTN2",-0.0196387862905771,0.0637994005627054,0.0947536812903086,0.761553315176864,0.97068453644305,"LOD_vs_CN",27,"study_3_Soma"
"GPX1",-0.197732707502452,0.219916848157435,0.808425531787829,0.377700923209507,0.889645087681052,"LOD_vs_CN",27,"study_3_Soma"
"OLR1",0.343018142932944,0.15312479724088,5.01814411387343,0.0390523279296879,0.435523145196148,"LOD_vs_CN",27,"study_3_Soma"
"MADCAM1",0.078576921526313,0.0633508582770474,1.53845576666726,0.227456169441466,0.8198617425618,"LOD_vs_CN",27,"study_3_Soma"
"KLK8",-0.210084501266035,0.11307572592128,3.45182888851531,0.0750537311346112,0.588570370515665,"LOD_vs_CN",27,"study_3_Soma"
"NTN1",0.310846612811888,0.106635552620695,8.49744242848685,0.00943293990729254,0.230278945217722,"LOD_vs_CN",27,"study_3_Soma"
"CD86",-0.0553842305676655,0.0605151301908836,0.837614736165855,0.368825174918522,0.882201128937496,"LOD_vs_CN",27,"study_3_Soma"
"ASL",0.494569930396032,0.162414599889993,9.2726802175841,0.00563523720998324,0.173283544206985,"LOD_vs_CN",27,"study_3_Soma"
"STUB1",0.0457218479363437,0.0629918186795124,0.526840623633421,0.480992031807398,0.910735020939784,"LOD_vs_CN",27,"study_3_Soma"
"MMP9",0.199266375651943,0.265927536499059,0.561489220046426,0.464164718837008,0.910735020939784,"LOD_vs_CN",27,"study_3_Soma"
"CCT5",-0.550504829301605,0.48432576284397,1.29195421744575,0.26710243408614,0.855343590386265,"LOD_vs_CN",27,"study_3_Soma"
"CD48",-0.163947465410796,0.104762981675936,2.44902778874797,0.134613411076685,0.715024700409544,"LOD_vs_CN",27,"study_3_Soma"
"DLG4",0.361117208433058,0.094290527237329,14.6676399494094,0.00182202898548982,0.0987601473829908,"LOD_vs_CN",27,"study_3_Soma"
"MSR1",0.0504733525739525,0.0644147399364445,0.613979385549511,0.440931986630487,0.909742253705997,"LOD_vs_CN",27,"study_3_Soma"
"RACK1",-0.14455109486237,0.191628688355661,0.569012381981144,0.458740661724893,0.910735020939784,"LOD_vs_CN",27,"study_3_Soma"
"LANCL1",0.0895566661435829,0.25873768135008,0.119805421722839,0.732265983190907,0.968214902910038,"LOD_vs_CN",27,"study_3_Soma"
"GARS1",0.711069149979533,0.195504809929108,13.2284445351698,0.00327531429043838,0.130930688760274,"LOD_vs_CN",27,"study_3_Soma"
"HNRNPAB",-0.0960805396721138,0.210150288804671,0.209031089991887,0.651838014632843,0.950143205052207,"LOD_vs_CN",27,"study_3_Soma"
"VSIR",-0.047229410232795,0.0932412356389498,0.256571849331373,0.620425276968146,0.943510647032567,"LOD_vs_CN",27,"study_3_Soma"
"MAP1LC3B2",-0.028752126905502,0.15089769566739,0.0363056935657584,0.851761848425548,0.976515831849209,"LOD_vs_CN",27,"study_3_Soma"
"PGM5",0.204352217897661,0.131236292657029,2.42465975788141,0.134782040331682,0.715024700409544,"LOD_vs_CN",27,"study_3_Soma"
"CRYL1",0.221529932214782,0.161206982656142,1.8884136486608,0.200841857151856,0.786159435950593,"LOD_vs_CN",27,"study_3_Soma"
"TYRP1",0.0990351593145995,0.194838879726088,0.25836135968862,0.617887242388018,0.942507115305002,"LOD_vs_CN",27,"study_3_Soma"
"SNRPB2",-0.134508217143139,0.106392429472439,1.59836580713513,0.219538419687369,0.810720399723103,"LOD_vs_CN",27,"study_3_Soma"
"SEMG1",-0.180798351816551,0.113878741803576,2.52059815360508,0.130188478016486,0.709042061637452,"LOD_vs_CN",27,"study_3_Soma"
"CLTA",-0.0940982361475395,0.131392194827326,0.512889526763129,0.480609778534604,0.910735020939784,"LOD_vs_CN",27,"study_3_Soma"
"TMX3",0.060343476168347,0.131331249855251,0.211117626472098,0.649863474799277,0.949819932283813,"LOD_vs_CN",27,"study_3_Soma"
"RPSA",-0.0195372292201581,0.0764176881015039,0.0653639297371177,0.800303266644553,0.975763071187121,"LOD_vs_CN",27,"study_3_Soma"
"EIF4H",0.20305163390575,0.109257165229491,3.45392673178543,0.0821708305479958,0.606318775642935,"LOD_vs_CN",27,"study_3_Soma"
"STOML2",0.0466152022556168,0.0926710300186787,0.253027174303264,0.621280319180499,0.943510647032567,"LOD_vs_CN",27,"study_3_Soma"
"PDXK",0.052758622952215,0.106660051867618,0.244671464794077,0.630833343262705,0.945613726080728,"LOD_vs_CN",27,"study_3_Soma"
"TNFRSF10D",0.13595026249893,0.118738159689492,1.31092991442188,0.263637095102452,0.853351649936884,"LOD_vs_CN",27,"study_3_Soma"
"ECHS1",0.132910122165915,0.142164660977231,0.874043016033943,0.36055572506789,0.880227508319868,"LOD_vs_CN",27,"study_3_Soma"
"TATDN1",-0.0632257517637429,0.163886685588466,0.148833487811798,0.702970994294617,0.960643215713691,"LOD_vs_CN",27,"study_3_Soma"
"CLCNKB",-0.0890037134387374,0.15098863641428,0.347478331571258,0.563091002635099,0.921751426488629,"LOD_vs_CN",27,"study_3_Soma"
"HSPA1B",0.309055114680423,0.151405478308802,4.16666602622715,0.0526664069706732,0.498492303292058,"LOD_vs_CN",27,"study_3_Soma"
"NOMO2",0.239430013719749,0.201096274489352,1.41758507127203,0.251725206215136,0.842454147513735,"LOD_vs_CN",27,"study_3_Soma"
"H2BC21",-0.554982035184336,0.22362249737247,6.15923626680388,0.0201511633790076,0.339175897295085,"LOD_vs_CN",27,"study_3_Soma"
"CST4",-0.0506858993688288,0.0449603210493409,1.27091207657324,0.27083820584813,0.855343590386265,"LOD_vs_CN",27,"study_3_Soma"
"ARL8A",-0.0177672618865943,0.0670468573530961,0.0702237722767203,0.794168284788729,0.975460906519396,"LOD_vs_CN",27,"study_3_Soma"
"DCLK1",0.66088633845481,0.156743734151177,17.7776016717735,0.00032115427698924,0.0380389399189477,"LOD_vs_CN",27,"study_3_Soma"
"CAB39L",0.560782286057838,0.153573315441576,13.3338956800158,0.00264398875023332,0.120792514617802,"LOD_vs_CN",27,"study_3_Soma"
"LRFN4",0.170265602546328,0.14411453921336,1.39584837182468,0.248687845410443,0.837323020049667,"LOD_vs_CN",27,"study_3_Soma"
"GRM4",0.0955538285237179,0.0521908825834382,3.35202232686413,0.0794781957800488,0.605169690725229,"LOD_vs_CN",27,"study_3_Soma"
"KL",-0.245426168182636,0.126384579133143,3.77097419531273,0.065998991221845,0.55484544323119,"LOD_vs_CN",27,"study_3_Soma"
"LAMTOR2",0.126006013903097,0.103064746190622,1.49472834505356,0.233944540074095,0.823958853697087,"LOD_vs_CN",27,"study_3_Soma"
"KERA",0.0558220377206471,0.137330264570273,0.1652261785184,0.688725637369439,0.960643215713691,"LOD_vs_CN",27,"study_3_Soma"
"ACY1",0.127002338115368,0.161351263207012,0.619553326561338,0.439685833376578,0.909742253705997,"LOD_vs_CN",27,"study_3_Soma"
"CHRDL2",0.0308714512841561,0.190966777131582,0.0261335528086079,0.872990172642089,0.980306475655756,"LOD_vs_CN",27,"study_3_Soma"
"NUDT16",0.309108880075053,0.151013455312238,4.18978438559109,0.054627036862022,0.507840883385891,"LOD_vs_CN",27,"study_3_Soma"
"BPIFB1",-0.222296554780678,0.244067454919835,0.829556019332292,0.376309540968174,0.888146060528575,"LOD_vs_CN",27,"study_3_Soma"
"PNLIP",-0.0830320656988093,0.126934674159716,0.427889017884479,0.525280968302321,0.91147506057017,"LOD_vs_CN",27,"study_3_Soma"
"UXS1",-0.052449146204065,0.0408275425144279,1.65032837337863,0.21265720883241,0.797277554332998,"LOD_vs_CN",27,"study_3_Soma"
"RABL3",-0.0315442539562092,0.0558586625740075,0.318903624073527,0.577755988313451,0.925543460543702,"LOD_vs_CN",27,"study_3_Soma"
"ALKAL2",0.0690948984461812,0.100896864804212,0.468960887201482,0.500989460485822,0.910735020939784,"LOD_vs_CN",27,"study_3_Soma"
"TRAPPC3",-0.042402582149915,0.0441522663842315,0.922313585675641,0.348238660379631,0.880227508319868,"LOD_vs_CN",27,"study_3_Soma"
"CALCOCO2",0.0612795873386105,0.121190674989992,0.255677938170266,0.617962412841636,0.942507115305002,"LOD_vs_CN",27,"study_3_Soma"
"GSTK1",-0.0809559158262569,0.0677994949238778,1.42575289858428,0.245170317231118,0.834100717558634,"LOD_vs_CN",27,"study_3_Soma"
"LMAN2L",0.0361911766458922,0.114026824990961,0.100737540309539,0.753615699877453,0.968214902910038,"LOD_vs_CN",27,"study_3_Soma"
"RABGAP1L",-0.0382534531224437,0.0864572192087323,0.195766674691617,0.662268291806069,0.951452828928935,"LOD_vs_CN",27,"study_3_Soma"
"THAP4",0.0324630110308979,0.127581738160073,0.0647441553405228,0.801845524857448,0.975763071187121,"LOD_vs_CN",27,"study_3_Soma"
"TP53I3",-0.0503112322930797,0.262964543805112,0.0366045876457948,0.849890524454956,0.976515831849209,"LOD_vs_CN",27,"study_3_Soma"
"COLGALT1",-0.144242562018849,0.128758696059828,1.25497107299532,0.277690311872557,0.857611163165124,"LOD_vs_CN",27,"study_3_Soma"
"EGLN2",0.0265030231527241,0.100956213303455,0.0689167401874495,0.795595854951931,0.975460906519396,"LOD_vs_CN",27,"study_3_Soma"
"PTPN4",-0.088489627032815,0.0791208506183809,1.250843090621,0.280955906232082,0.861944338974478,"LOD_vs_CN",27,"study_3_Soma"
"FUBP1",0.206068018211326,0.120464134904507,2.92621112145432,0.100519106921328,0.642920207868813,"LOD_vs_CN",27,"study_3_Soma"
"KHSRP",0.0140775284643908,0.071675912373757,0.0385750385351988,0.846814769315307,0.976515831849209,"LOD_vs_CN",27,"study_3_Soma"
"NLGN4Y",0.301583783130328,0.229015075490963,1.73415465480147,0.20582449107082,0.793044243909015,"LOD_vs_CN",27,"study_3_Soma"
"DNM1L",-0.044191660032828,0.0591159134286474,0.558819847945187,0.465780152507832,0.910735020939784,"LOD_vs_CN",27,"study_3_Soma"
"H2AC11",-0.473855059946656,0.209900845569703,5.09639016303657,0.032972377641499,0.402464365257687,"LOD_vs_CN",27,"study_3_Soma"
"H2AC25",-0.43552170295963,0.197173126250898,4.87892518550195,0.0366137861318018,0.424242348005443,"LOD_vs_CN",27,"study_3_Soma"
"SELENOS",-0.502495388803055,0.32982095742612,2.32117382973898,0.154021939787806,0.737368508145816,"LOD_vs_CN",27,"study_3_Soma"
"TYMP",-0.0678073310552758,0.0721051911561053,0.88434196875943,0.35627699369856,0.880227508319868,"LOD_vs_CN",27,"study_3_Soma"
"STK4",0.183016959048134,0.116770852854823,2.45648301509229,0.130722274055304,0.709042061637452,"LOD_vs_CN",27,"study_3_Soma"
"H2BC26",-0.546642977308169,0.232611430308114,5.52262357843314,0.0269706889826948,0.368189413575933,"LOD_vs_CN",27,"study_3_Soma"
"FZD2",0.0632646119098297,0.147447446368808,0.184097201019751,0.672899811702387,0.955141410485678,"LOD_vs_CN",27,"study_3_Soma"
"CR1",-0.0363474626711913,0.186299325461589,0.0380649824175279,0.846966872613952,0.976515831849209,"LOD_vs_CN",27,"study_3_Soma"
"RANBP3",0.192903598103106,0.0814934783805645,5.60318480071555,0.0275163445417911,0.368189413575933,"LOD_vs_CN",27,"study_3_Soma"
"MAP1LC3A",0.590971412837746,0.13375226287771,19.5222859479358,0.000247710575092927,0.036279256460787,"LOD_vs_CN",27,"study_3_Soma"
"MICOS10",-0.0267919953658708,0.0647197923126123,0.171370430978481,0.682828309186731,0.958943763058136,"LOD_vs_CN",27,"study_3_Soma"
"CD300C",0.13296806119998,0.178607128416203,0.554239018068412,0.46384265429294,0.910735020939784,"LOD_vs_CN",27,"study_3_Soma"
"PRTG",0.0976158983544391,0.176174978502515,0.307010095331161,0.585993155712632,0.929900552467138,"LOD_vs_CN",27,"study_3_Soma"
"CRTAM",-0.167822549012609,0.0662688971063223,6.41329387190437,0.0190512305025497,0.332641763046895,"LOD_vs_CN",27,"study_3_Soma"
"RSPO1",0.0334974988515215,0.115147718941719,0.0846280012196867,0.773535583429921,0.971508377808393,"LOD_vs_CN",27,"study_3_Soma"
"GZMA",-0.25524526146233,0.0781692913677918,10.6621067581024,0.00347750572835557,0.136929620712293,"LOD_vs_CN",27,"study_3_Soma"
"ACVRL1",0.0162598990509952,0.0537121226616259,0.0916412614234919,0.764804212590677,0.970930650512307,"LOD_vs_CN",27,"study_3_Soma"
"BMP4",-0.0252349654146764,0.122131873312644,0.0426920874746308,0.838166942609394,0.976515831849209,"LOD_vs_CN",27,"study_3_Soma"
"DKK4",-0.0239206528552627,0.0859634775722782,0.0774315770518216,0.783097448757208,0.972180993920227,"LOD_vs_CN",27,"study_3_Soma"
"ANGPT1",0.0956074313268296,0.190335328923153,0.252315823039056,0.624757270238362,0.943510647032567,"LOD_vs_CN",27,"study_3_Soma"
"IL6",-0.0412746579245642,0.09553057912968,0.186673273840221,0.669503234902266,0.95201038026565,"LOD_vs_CN",27,"study_3_Soma"
"TNFRSF10B",0.0163505572928697,0.0758700970001328,0.0464433823646952,0.831182761433353,0.976515831849209,"LOD_vs_CN",27,"study_3_Soma"
"IL1RL2",-0.00873593705103648,0.0750406302637546,0.0135527068939132,0.908724616609986,0.984153411087928,"LOD_vs_CN",27,"study_3_Soma"
"IL17D",0.000735381354553866,0.104078202144012,4.99235736105342e-05,0.994428098382008,0.999114375942715,"LOD_vs_CN",27,"study_3_Soma"
"CXCL1",-0.0151597103482874,0.0758972221300583,0.0398960633894089,0.843440429068488,0.976515831849209,"LOD_vs_CN",27,"study_3_Soma"
"LGALS9",-0.0373330769957487,0.0566522107808356,0.434264019013558,0.516135997366006,0.910735020939784,"LOD_vs_CN",27,"study_3_Soma"
"HMOX1",0.0408820820001221,0.177150187226944,0.0532577455790821,0.820105202252117,0.976515831849209,"LOD_vs_CN",27,"study_3_Soma"
"XCL1",-0.154716614672184,0.0987649085762989,2.45396619716966,0.131476529878364,0.709042061637452,"LOD_vs_CN",27,"study_3_Soma"
"IL16",-7.33903664151825e-05,0.194616108134629,1.4220685935954e-07,0.99970332897662,0.999839817691559,"LOD_vs_CN",27,"study_3_Soma"
"MMP7",0.142131540733789,0.319396379030981,0.198025423730304,0.666249607606446,0.951989889018576,"LOD_vs_CN",27,"study_3_Soma"
"MMP12",0.749613939698278,0.350497525559727,4.57409726648208,0.0618386887462854,0.541808566056495,"LOD_vs_CN",27,"study_3_Soma"
"CXCL8",0.0377670122062064,0.134398365366245,0.0789654808064551,0.782777119844525,0.972163584179724,"LOD_vs_CN",27,"study_3_Soma"
"CDCP1",0.100262515549785,0.0709109609151497,1.99917334323121,0.172817050295248,0.763545546200691,"LOD_vs_CN",27,"study_3_Soma"
"IL7",-0.021997548095543,0.0337482696240179,0.424859693578495,0.520557926258468,0.910735020939784,"LOD_vs_CN",27,"study_3_Soma"
"IL36A",-0.151807820402048,0.11002467899998,1.90374190392817,0.188522260816702,0.770545398613304,"LOD_vs_CN",27,"study_3_Soma"
"CXCL11",-0.539630852014954,0.207091344407207,6.78999802229835,0.0153798988658377,0.301633181689011,"LOD_vs_CN",27,"study_3_Soma"
"CST5",-0.140832821741704,0.148627353871715,0.897863403607444,0.363300920017358,0.880227508319868,"LOD_vs_CN",27,"study_3_Soma"
"CCL11",-0.0257511800279815,0.0848271066458021,0.0921562856296341,0.76578579962642,0.970930650512307,"LOD_vs_CN",27,"study_3_Soma"
"IL18R1",-0.0807628526833923,0.108103261158504,0.55814329262535,0.466702664672689,0.910735020939784,"LOD_vs_CN",27,"study_3_Soma"
"CD274",-0.0317303099418194,0.0839883767827781,0.14272835252917,0.709505593166455,0.961401139347496,"LOD_vs_CN",27,"study_3_Soma"
"HGF",0.207482876881382,0.145848255625628,2.02377414762,0.169920361746952,0.763545546200691,"LOD_vs_CN",27,"study_3_Soma"
"MMP10",0.134688824291249,0.0616560848060709,4.77211869553205,0.0431196824158346,0.451200375654318,"LOD_vs_CN",27,"study_3_Soma"
"CCL23",-0.0545360252112284,0.177809638597674,0.0940711308974107,0.762476059550047,0.970786353408402,"LOD_vs_CN",27,"study_3_Soma"
"CD5",0.627503488875531,0.229010545096599,7.50794925567996,0.0112943327476801,0.252582350539027,"LOD_vs_CN",27,"study_3_Soma"
"FLT3LG",0.000565220372756414,0.0502147996886907,0.000126698695997545,0.991120300729926,0.998942154264497,"LOD_vs_CN",27,"study_3_Soma"
"CXCL6",-0.078486206189992,0.0682178711304791,1.32370237894322,0.261394523084395,0.853351649936884,"LOD_vs_CN",27,"study_3_Soma"
"EIF4EBP1",0.0192079349077172,0.057228181634006,0.112652661542923,0.740964995652254,0.968214902910038,"LOD_vs_CN",27,"study_3_Soma"
"SIRT2",0.107361038428204,0.242004480398212,0.196809742913696,0.666140519841822,0.951989889018576,"LOD_vs_CN",27,"study_3_Soma"
"CCL28",-0.105087022860156,0.0909627048820594,1.33466245874505,0.262454392108017,0.853351649936884,"LOD_vs_CN",27,"study_3_Soma"
"FGF19",-0.0962154185736104,0.131524060334859,0.535154191986099,0.473310354544876,0.910735020939784,"LOD_vs_CN",27,"study_3_Soma"
"CCL8",-0.0351777051055153,0.0395840704142626,0.789758132628727,0.383116387287249,0.893134047760115,"LOD_vs_CN",27,"study_3_Soma"
"CCL25",0.303577603747476,0.0756652258521348,16.0970684835573,0.000572027902472322,0.0518534436127767,"LOD_vs_CN",27,"study_3_Soma"
"LTA",-0.0415184885239119,0.0466436612947724,0.792314863684667,0.382685460289402,0.893134047760115,"LOD_vs_CN",27,"study_3_Soma"
"IL17RA",-0.185035669341929,0.18896477832342,0.958846718365836,0.337052410363458,0.880227508319868,"LOD_vs_CN",27,"study_3_Soma"
"TRIP10",0.0686984799453345,0.0705315832209405,0.948695827336019,0.342538672921475,0.880227508319868,"LOD_vs_CN",27,"study_3_Soma"
"SELE",-0.16557956876734,0.269048507858426,0.378749718553897,0.551377330610794,0.91950222461731,"LOD_vs_CN",27,"study_3_Soma"
"CASP3",-0.184287171455948,0.171530482469504,1.15427048357831,0.293165131847606,0.868090905472196,"LOD_vs_CN",27,"study_3_Soma"
"IL1RL1",-0.33674562891244,0.345799129786006,0.948322690842897,0.345467637551464,0.880227508319868,"LOD_vs_CN",27,"study_3_Soma"
"FLT1",0.134291266631664,0.0978908588153591,1.88196378888051,0.187162395703753,0.770545398613304,"LOD_vs_CN",27,"study_3_Soma"
"LY9",-0.116079752511489,0.0625351265770315,3.44560017259478,0.0813194436052777,0.606318775642935,"LOD_vs_CN",27,"study_3_Soma"
"TFPI2",0.219463292751739,0.149599242194367,2.15211262226962,0.160413918921625,0.754096662232495,"LOD_vs_CN",27,"study_3_Soma"
"KLK14",-0.192335029981792,0.106236770648636,3.27768382281769,0.0882300258700355,0.623430771359851,"LOD_vs_CN",27,"study_3_Soma"
"METAP2",0.132938797126007,0.171993759358845,0.597417735357686,0.4470818173077,0.910735020939784,"LOD_vs_CN",27,"study_3_Soma"
"EPHA2",-0.022152318317513,0.123198767648129,0.0323314840386618,0.859023184085424,0.977547427038037,"LOD_vs_CN",27,"study_3_Soma"
"GALK1",-0.0125976266485477,0.0775186935100224,0.0264097674594313,0.873081790187633,0.980306475655756,"LOD_vs_CN",27,"study_3_Soma"
"LYN",-0.180315966762652,0.157724735964186,1.30697942636335,0.267349528302747,0.855343590386265,"LOD_vs_CN",27,"study_3_Soma"
"CCN4",-0.0644244783198253,0.136606036834698,0.22241395721617,0.643676042678674,0.94807703935471,"LOD_vs_CN",27,"study_3_Soma"
"CXCL13",-0.0240276753421016,0.0580265612329759,0.171462772565797,0.683374870547058,0.958943763058136,"LOD_vs_CN",27,"study_3_Soma"
"SMAD5",0.0115707027971865,0.0599730292351534,0.0372226686125778,0.849182073349977,0.976515831849209,"LOD_vs_CN",27,"study_3_Soma"
"RSPO3",0.0169355780603642,0.0863577636340385,0.0384589369575368,0.846109926354375,0.976515831849209,"LOD_vs_CN",27,"study_3_Soma"
"EDAR",0.019257068643304,0.0586294419249079,0.107881962052617,0.746950225178777,0.968214902910038,"LOD_vs_CN",27,"study_3_Soma"
"TREM1",0.208648773680531,0.121526126852579,2.94776161649106,0.117497519623265,0.685688079845257,"LOD_vs_CN",27,"study_3_Soma"
"DFFA",0.079491656725045,0.0484532390904577,2.691519106458,0.118079462779285,0.687829001763486,"LOD_vs_CN",27,"study_3_Soma"
"IFNLR1",-0.0307604707080351,0.0615877387391103,0.249458000077458,0.622754660864925,0.943510647032567,"LOD_vs_CN",27,"study_3_Soma"
"ENTPD2",0.197097010841734,0.115176621809749,2.92840677612811,0.10467173847099,0.655823571011782,"LOD_vs_CN",27,"study_3_Soma"
"TFF2",-0.336820125839203,0.160258577020505,4.41726549806215,0.0458515942377635,0.471490026920796,"LOD_vs_CN",27,"study_3_Soma"
"CD2AP",0.00690122318878572,0.0395371814219009,0.0304677746524569,0.863269847501431,0.977829921949816,"LOD_vs_CN",27,"study_3_Soma"
"SIGLEC7",0.37902144257777,0.209293801792992,3.27955430437727,0.0893154220077417,0.623647859346633,"LOD_vs_CN",27,"study_3_Soma"
"ENTPD5",-0.06539851713217,0.0391441750085467,2.79126784972343,0.108593324825162,0.66275086410471,"LOD_vs_CN",27,"study_3_Soma"
"PPP1R2",0.0552099696472155,0.154536440321754,0.127636006742229,0.723983985107248,0.965513254534186,"LOD_vs_CN",27,"study_3_Soma"
"ADGRE2",0.0269277713938854,0.155491580535067,0.0299907320832333,0.864966802307344,0.977829921949816,"LOD_vs_CN",27,"study_3_Soma"
"REG4",-0.381937269286569,0.161641769710255,5.58311899523653,0.0267706003335928,0.368189413575933,"LOD_vs_CN",27,"study_3_Soma"
"ST6GALNAC6",-0.0420489952434906,0.0684185073129595,0.377714846663768,0.546789894449739,0.91950222461731,"LOD_vs_CN",27,"study_3_Soma"
"CR2",-0.102193704163239,0.143815058916754,0.504939743525805,0.48908215935959,0.910735020939784,"LOD_vs_CN",27,"study_3_Soma"
"TIMD4",-0.0941906549899372,0.356163976683368,0.0699383932086004,0.795155343031072,0.975460906519396,"LOD_vs_CN",27,"study_3_Soma"
"IGSF3",0.0702809872349413,0.149236444550015,0.221781807848775,0.642637993711805,0.94807703935471,"LOD_vs_CN",27,"study_3_Soma"
"CFC1",0.15016431867271,0.109058336719801,1.89590145643087,0.184853603452543,0.770545398613304,"LOD_vs_CN",27,"study_3_Soma"
"KAZALD1",0.127149396316378,0.132313078482995,0.923470564349406,0.345977072127595,0.880227508319868,"LOD_vs_CN",27,"study_3_Soma"
"IL17RB",-0.0363503303405235,0.0815165808239114,0.198849642121248,0.659887963079234,0.950770165739743,"LOD_vs_CN",27,"study_3_Soma"
"CD300LG",-0.283114501521712,0.188390578532677,2.25842602933791,0.151328897143466,0.734960729341951,"LOD_vs_CN",27,"study_3_Soma"
"CCL21",-0.212107525095206,0.178319728875461,1.41485965523895,0.258631784332352,0.850930500303356,"LOD_vs_CN",27,"study_3_Soma"
"CDON",-0.0973274191371019,0.147419021389475,0.435876411335985,0.51519401898714,0.910735020939784,"LOD_vs_CN",27,"study_3_Soma"
"XG",-0.0117009992544617,0.0468527367277634,0.0623700333161439,0.805330308702425,0.976515831849209,"LOD_vs_CN",27,"study_3_Soma"
"FCER2",-0.105291207254119,0.326723168506097,0.103854267340012,0.750232639461575,0.968214902910038,"LOD_vs_CN",27,"study_3_Soma"
"FUT5",0.00890439596647941,0.173110334448176,0.00264583609952311,0.959605611998706,0.991861262822192,"LOD_vs_CN",27,"study_3_Soma"
"MMP1",0.0265250829289254,0.0790785152794107,0.112511389266631,0.742709606760747,0.968214902910038,"LOD_vs_CN",27,"study_3_Soma"
"CCL5",-0.595950412321461,0.377823348177789,2.48795582266818,0.12729182513082,0.703072982328779,"LOD_vs_CN",27,"study_3_Soma"
"GNLY",0.318407847324941,0.286443894779558,1.23562983149671,0.278858068396199,0.857611163165124,"LOD_vs_CN",27,"study_3_Soma"
"SLAMF7",-0.44798603028231,0.249884657442299,3.21402876348832,0.0930148282658309,0.626008538586947,"LOD_vs_CN",27,"study_3_Soma"
"SRC",-0.18852494379814,0.138704928392213,1.84736986526829,0.188417209959338,0.770545398613304,"LOD_vs_CN",27,"study_3_Soma"
"AGER",-0.059593416929129,0.112357738003112,0.281313516881495,0.603025469369927,0.935099325784539,"LOD_vs_CN",27,"study_3_Soma"
"REN",-0.299157979345974,0.172725200044233,2.99978254388482,0.100484791146904,0.642920207868813,"LOD_vs_CN",27,"study_3_Soma"
"DECR1",0.0116215355940135,0.0601275496704596,0.0373576906826154,0.849353925194555,0.976515831849209,"LOD_vs_CN",27,"study_3_Soma"
"VSIG2",0.0965107389131834,0.0953383663113923,1.02474514636971,0.324734699469804,0.879552531829013,"LOD_vs_CN",27,"study_3_Soma"
"CEACAM8",-0.0895971668836157,0.0686317562056301,1.70426972912751,0.205098266533607,0.791801680768172,"LOD_vs_CN",27,"study_3_Soma"
"FCGR2B",-0.405803177175962,0.197664056203747,4.21478552260485,0.0556737043242855,0.509887753334011,"LOD_vs_CN",27,"study_3_Soma"
"THPO",-0.0378247744338562,0.0589141433787657,0.412205288062844,0.526849219054119,0.912710618924741,"LOD_vs_CN",27,"study_3_Soma"
"SELP",-0.0506751595973824,0.103325517976917,0.240533221603225,0.628391007224643,0.944091502527403,"LOD_vs_CN",27,"study_3_Soma"
"TREML2",-0.0754847969068155,0.112782533439529,0.44795592981763,0.5140762718676,0.910735020939784,"LOD_vs_CN",27,"study_3_Soma"
"MPO",-0.261730297670144,0.185182027783333,1.99760827037299,0.170638731727196,0.763545546200691,"LOD_vs_CN",27,"study_3_Soma"
"GP6",-0.210754682130831,0.110371544629725,3.64619778133782,0.0686826840382586,0.560324549883549,"LOD_vs_CN",27,"study_3_Soma"
"PRTN3",-0.163426294340058,0.102036556362274,2.56526526271301,0.1219157970998,0.691833180585183,"LOD_vs_CN",27,"study_3_Soma"
"SLAMF8",-0.0113507757740559,0.0491771963415164,0.0532750122710437,0.820045347544871,0.976515831849209,"LOD_vs_CN",27,"study_3_Soma"
"SIGLEC6",-0.0680790282933792,0.147636745980663,0.212636476784266,0.650001490316919,0.949819932283813,"LOD_vs_CN",27,"study_3_Soma"
"CDNF",0.0208556039657033,0.10354090096223,0.0405715559156667,0.842195595974394,0.976515831849209,"LOD_vs_CN",27,"study_3_Soma"
"NFKBIE",-0.0884310698690749,0.114113666625511,0.600529627507992,0.45384946071706,0.910735020939784,"LOD_vs_CN",27,"study_3_Soma"
"HTRA2",0.0353587686706973,0.154555354694856,0.0523390882930289,0.821240342737342,0.976515831849209,"LOD_vs_CN",27,"study_3_Soma"
"FCRL5",0.0345101514815838,0.0530440773860962,0.423272381090783,0.521288967457025,0.910735020939784,"LOD_vs_CN",27,"study_3_Soma"
"CGA",-0.125322824649828,0.137060516262603,0.836056491156044,0.369275217659707,0.882617448487103,"LOD_vs_CN",27,"study_3_Soma"
"MSMB",0.112172657289401,0.205058256574473,0.299239895880354,0.595455438465815,0.931503016942083,"LOD_vs_CN",27,"study_3_Soma"
"SCGB3A1",-0.0912530129740396,0.164378405887436,0.308180316457985,0.588697903765119,0.93042681161965,"LOD_vs_CN",27,"study_3_Soma"
"TPSAB1",-0.249812272836545,0.261935017339536,0.90957898453898,0.350668106735415,0.880227508319868,"LOD_vs_CN",27,"study_3_Soma"
"HCLS1",-0.319985765153293,0.197596769772903,2.62241630365642,0.118373264305221,0.688286725905632,"LOD_vs_CN",27,"study_3_Soma"
"CLEC4G",-0.146970641793613,0.212569946188353,0.478032535365985,0.497260850969659,0.910735020939784,"LOD_vs_CN",27,"study_3_Soma"
"TRIM5",-0.127711610104695,0.101933555298423,1.56973526970285,0.222982237622618,0.817716800780763,"LOD_vs_CN",27,"study_3_Soma"
"HNMT",0.00383862748857311,0.0997803364319254,0.00148000100431701,0.969834299817628,0.994392792947044,"LOD_vs_CN",27,"study_3_Soma"
"EGLN1",-0.0330480906048187,0.0547521972857796,0.364325558889377,0.552850569125224,0.91950222461731,"LOD_vs_CN",27,"study_3_Soma"
"EIF4G1",-0.13238753804751,0.129714584629121,1.04163746780883,0.317324115029695,0.877098115700056,"LOD_vs_CN",27,"study_3_Soma"
"CD28",-0.0878934386025456,0.126384237903809,0.48364542383457,0.494070982366195,0.910735020939784,"LOD_vs_CN",27,"study_3_Soma"
"MGMT",-0.0452555777970005,0.239780066655806,0.0356219816010487,0.85306764259592,0.976515831849209,"LOD_vs_CN",27,"study_3_Soma"
"SRPK2",-0.000198596865556233,0.0459087376511382,1.87134593095329e-05,0.996587063375032,0.999406232411516,"LOD_vs_CN",27,"study_3_Soma"
"NCR1",0.123984835188288,0.105605170397506,1.37837305521906,0.255776117803136,0.847639403869874,"LOD_vs_CN",27,"study_3_Soma"
"LAG3",-0.373654183774224,0.139068712129573,7.21906302098046,0.0127014333596875,0.270225425264712,"LOD_vs_CN",27,"study_3_Soma"
"IL20RA",-0.0211786846006952,0.0611880222815972,0.119802293750362,0.732735452645695,0.968214902910038,"LOD_vs_CN",27,"study_3_Soma"
"GHRL",0.0903186805736249,0.0563139511224198,2.57230919386115,0.130192518605691,0.709042061637452,"LOD_vs_CN",27,"study_3_Soma"
"LILRA5",0.0909417903705556,0.121360942390228,0.561525029680195,0.468135109455778,0.910735020939784,"LOD_vs_CN",27,"study_3_Soma"
"SNAP23",-0.0700675463256957,0.0741705951708644,0.892422046795305,0.357760883423415,0.880227508319868,"LOD_vs_CN",27,"study_3_Soma"
"COMT",-0.042787386394453,0.0709341626938187,0.36384853004425,0.553422958516648,0.91950222461731,"LOD_vs_CN",27,"study_3_Soma"
"ENPP7",-0.0538275190270667,0.0513618343132192,1.09831692273925,0.308673498873937,0.87460875612855,"LOD_vs_CN",27,"study_3_Soma"
"DAB2",-0.0735874204359996,0.104490122332839,0.495971456477266,0.491415255561733,0.910735020939784,"LOD_vs_CN",27,"study_3_Soma"
"CRIPTO",-0.501340000477304,0.271092574853383,3.42002648368817,0.0824132520199588,0.606318775642935,"LOD_vs_CN",27,"study_3_Soma"
"FKBP7",0.0279892942201752,0.125995156386629,0.0493487543720069,0.826699825691561,0.976515831849209,"LOD_vs_CN",27,"study_3_Soma"
"FHIT",0.190079152555302,0.132797208734275,2.04875997339711,0.170357873013401,0.763545546200691,"LOD_vs_CN",27,"study_3_Soma"
"LEPR",0.000492591983489277,0.158510204531784,9.65740015647487e-06,0.997548771521737,0.999406232411516,"LOD_vs_CN",27,"study_3_Soma"
"GBP2",-0.0953724567872616,0.16807058148035,0.32200494050466,0.576826545697262,0.925543460543702,"LOD_vs_CN",27,"study_3_Soma"
"IL15",0.104718836813675,0.0873083204264346,1.43859435491446,0.246570568991155,0.837323020049667,"LOD_vs_CN",27,"study_3_Soma"
"DSG3",0.0922539150823596,0.0495074487495133,3.47239017400851,0.0761513057574623,0.592534977645655,"LOD_vs_CN",27,"study_3_Soma"
"KIRREL2",-0.0378789676127838,0.148641425262398,0.064940637226034,0.801456849679346,0.975763071187121,"LOD_vs_CN",27,"study_3_Soma"
"AKT1S1",0.0389862308072813,0.0806970153766707,0.233403602192682,0.633498351681846,0.945832209832414,"LOD_vs_CN",27,"study_3_Soma"
"PFDN2",0.190654782289149,0.0550591790901121,11.9904627117633,0.00230855142887577,0.108569815728599,"LOD_vs_CN",27,"study_3_Soma"
"TNFRSF13C",-0.0185130707017738,0.0660543707338677,0.0785513765671279,0.781590886378008,0.971822571787274,"LOD_vs_CN",27,"study_3_Soma"
"IL3RA",-0.0800603257987298,0.12213969756954,0.429656143097555,0.519408293307913,0.910735020939784,"LOD_vs_CN",27,"study_3_Soma"
"EFNA4",-0.0358648207419314,0.0735888642249442,0.237527079483784,0.631020494652911,0.945613726080728,"LOD_vs_CN",27,"study_3_Soma"
"NAAA",-0.0572908200838214,0.293473985785174,0.0381092899484022,0.848522625853208,0.976515831849209,"LOD_vs_CN",27,"study_3_Soma"
"EGF",0.185677769829898,0.0871045812462826,4.54399482290967,0.0430507120346461,0.451200375654318,"LOD_vs_CN",27,"study_3_Soma"
"FADD",0.00220287269149644,0.0831384320494312,0.00070206146971869,0.979073315276258,0.994940089689696,"LOD_vs_CN",27,"study_3_Soma"
"CGB3",0.016609149495272,0.190465357205475,0.00760436224834084,0.931205511861139,0.989367185027217,"LOD_vs_CN",27,"study_3_Soma"
"IFNGR2",0.0695687041020516,0.0455312938752455,2.33457506831953,0.141230106665122,0.727145011064567,"LOD_vs_CN",27,"study_3_Soma"
"DCTPP1",-0.000627716415194435,0.103492866906958,3.67879964861264e-05,0.995209344695602,0.999271423653543,"LOD_vs_CN",27,"study_3_Soma"
"GFER",0.122746563912797,0.093747143438006,1.71436227243293,0.205254406928335,0.791801680768172,"LOD_vs_CN",27,"study_3_Soma"
"BRK1",-0.0090825532167127,0.0391423492099486,0.053842117064525,0.818419248098456,0.976515831849209,"LOD_vs_CN",27,"study_3_Soma"
"HSPB6",0.0241673300776073,0.19669195936143,0.0150967733237547,0.903492315153095,0.983030808180147,"LOD_vs_CN",27,"study_3_Soma"
"LACTB2",0.320766525777339,0.166396308466885,3.71612835690494,0.0669429996746955,0.558040203978957,"LOD_vs_CN",27,"study_3_Soma"
"HBQ1",-0.356289572610535,0.186308177224801,3.6571467760447,0.0782974030002327,0.601911285564289,"LOD_vs_CN",27,"study_3_Soma"
"SCLY",0.174221857815953,0.102397749212105,2.89483929970167,0.102771788822577,0.652111469552782,"LOD_vs_CN",27,"study_3_Soma"
"CD300E",-0.0152512874168469,0.062688625243551,0.0591882527132026,0.80979536776694,0.976515831849209,"LOD_vs_CN",27,"study_3_Soma"
"PPM1B",0.208728740662631,0.106323195634287,3.85397118531001,0.0611053201503632,0.536853884178191,"LOD_vs_CN",27,"study_3_Soma"
"RASA1",-0.0272345791702673,0.0805992201818239,0.114177270865364,0.738261875735826,0.968214902910038,"LOD_vs_CN",27,"study_3_Soma"
"BTC",0.118605014981865,0.104727204487068,1.28258773784833,0.269504367806244,0.855343590386265,"LOD_vs_CN",27,"study_3_Soma"
"MAGED1",-0.0187832213650614,0.0862871522577224,0.0473857633602077,0.830756789971912,0.976515831849209,"LOD_vs_CN",27,"study_3_Soma"
"SERPINA9",-0.0869193057094106,0.0666932380045812,1.69851306086901,0.204628039951462,0.791294403584976,"LOD_vs_CN",27,"study_3_Soma"
"NCF2",-0.0799516766690802,0.0738260536938435,1.17283209778937,0.289233964360546,0.86763984345542,"LOD_vs_CN",27,"study_3_Soma"
"RRM2B",0.0721749768043498,0.0515154227723295,1.96290268620286,0.17925980460764,0.770545398613304,"LOD_vs_CN",27,"study_3_Soma"
"RAF1",0.132950477765975,0.0536393609785301,6.14345404563193,0.0225365710628912,0.351389675301179,"LOD_vs_CN",27,"study_3_Soma"
"OCRL",0.0544109467237366,0.0411484294353181,1.74850161499724,0.200029203965349,0.786159435950593,"LOD_vs_CN",27,"study_3_Soma"
"HNF4A",-0.114540148354925,0.152108048545977,0.567036601942429,0.462314020762332,0.910735020939784,"LOD_vs_CN",27,"study_3_Soma"
"ACBD6",0.134205475504983,0.11701420272543,1.31541658886892,0.262765018304981,0.853351649936884,"LOD_vs_CN",27,"study_3_Soma"
"EIF2B1",-0.0661020700551367,0.0635332692834093,1.0824995204987,0.308481640844999,0.87460875612855,"LOD_vs_CN",27,"study_3_Soma"
"STAR",0.573585309079645,0.153189797052078,14.0196237126368,0.00149166644064357,0.0867336232214204,"LOD_vs_CN",27,"study_3_Soma"
"APRT",-0.22691452790874,0.24681273225242,0.845258378469353,0.366683420773342,0.881594367610718,"LOD_vs_CN",27,"study_3_Soma"
"STAT3",-0.0087687048959566,0.0825262239882612,0.0112898185075732,0.916644318616523,0.988161599614499,"LOD_vs_CN",27,"study_3_Soma"
"IRF1",-0.102979664244025,0.0952195345296782,1.16963629048816,0.289918004662883,0.86763984345542,"LOD_vs_CN",27,"study_3_Soma"
"STAT6",-0.010381985562427,0.0625475123343489,0.0275512151565941,0.870382695081626,0.980099950306704,"LOD_vs_CN",27,"study_3_Soma"
"MCL1",0.00776287823138766,0.0961230661082785,0.00652214300589625,0.936342521592306,0.990246756207585,"LOD_vs_CN",27,"study_3_Soma"
"KIR2DS2",-0.0610580800027556,0.101685274173797,0.360553868241774,0.55394612687045,0.91950222461731,"LOD_vs_CN",27,"study_3_Soma"
"TMEM190",-0.0644660267750732,0.0723058852077462,0.794903691351411,0.381161161649338,0.893134047760115,"LOD_vs_CN",27,"study_3_Soma"
"IL18RAP",0.0581717748265618,0.10298043275282,0.319091476586784,0.582195581178503,0.927420331680395,"LOD_vs_CN",27,"study_3_Soma"
"ALPI",0.0317423550494063,0.0477190734105015,0.442480652500334,0.513287217817102,0.910735020939784,"LOD_vs_CN",27,"study_3_Soma"
"MAGEA4",0.212239285017821,0.151510365496594,1.96230656204063,0.187391508093285,0.770545398613304,"LOD_vs_CN",27,"study_3_Soma"
"TMEM106A",-0.0427757781954385,0.0763606964617678,0.313802266983771,0.580342151168838,0.927420331680395,"LOD_vs_CN",27,"study_3_Soma"
"NRAS",-0.00234525658241225,0.0554959544956749,0.00178590386169925,0.966681671986647,0.994392792947044,"LOD_vs_CN",27,"study_3_Soma"
"TOR1AIP2",0.0487632093102643,0.0981143090471701,0.247013029271101,0.624546559413854,0.943510647032567,"LOD_vs_CN",27,"study_3_Soma"
"TEX29",-0.071633251134819,0.0893419556964487,0.642862976753428,0.430365292661839,0.906062018388782,"LOD_vs_CN",27,"study_3_Soma"
"CST8",0.229351928321995,0.15219519697102,2.27092555619723,0.145065202332456,0.727145011064567,"LOD_vs_CN",27,"study_3_Soma"
"PUF60",0.0746764903869881,0.10555660311567,0.500491822763798,0.487212868447909,0.910735020939784,"LOD_vs_CN",27,"study_3_Soma"
"RAET1L",0.0938833308614928,0.16317498374202,0.331031881641599,0.572422844025223,0.925543460543702,"LOD_vs_CN",27,"study_3_Soma"
"CLGN",-0.259565723284958,0.262756383041237,0.975861384798825,0.346622242591423,0.880227508319868,"LOD_vs_CN",27,"study_3_Soma"
"HTN3",0.088230883418654,0.117590650763739,0.562983501288133,0.470167657601007,0.910735020939784,"LOD_vs_CN",27,"study_3_Soma"
"HTN1",0.02573540875298,0.0560738807744533,0.210640032548975,0.650819405266606,0.950114888975479,"LOD_vs_CN",27,"study_3_Soma"
"SPINK13",0.025398843188051,0.0401183720911159,0.40081251119867,0.533151037581431,0.915705174209982,"LOD_vs_CN",27,"study_3_Soma"
"ELAPOR1",0.00296253652269218,0.0495078332668453,0.00358079605950127,0.95283130897951,0.990994566041652,"LOD_vs_CN",27,"study_3_Soma"
"TINF2",0.0356931220453447,0.0694719576541583,0.263967220727762,0.615294787492567,0.942247800325381,"LOD_vs_CN",27,"study_3_Soma"
"ASCC1",0.0135408716286509,0.0925044826031407,0.0214273115860593,0.885036079286495,0.981719966549872,"LOD_vs_CN",27,"study_3_Soma"
"STX4",-0.0169601989847052,0.145854089640853,0.0135214935314249,0.908752255466109,0.984153411087928,"LOD_vs_CN",27,"study_3_Soma"
"TMX2",0.032504763699694,0.14206904576694,0.0523473980164226,0.822359530614221,0.976515831849209,"LOD_vs_CN",27,"study_3_Soma"
"UCN3",0.0261328002564616,0.0710620853784872,0.135237147497027,0.716413988001384,0.962921988203078,"LOD_vs_CN",27,"study_3_Soma"
"CSGALNACT2",-0.043189961906883,0.0707277584508354,0.372894393094173,0.551817423814212,0.91950222461731,"LOD_vs_CN",27,"study_3_Soma"
"LRRC52",-0.00324104442922657,0.0785815435925675,0.00170109613583673,0.967506136731104,0.994392792947044,"LOD_vs_CN",27,"study_3_Soma"
"EFNA2",0.0217528529556112,0.148663653254234,0.0214103046210628,0.885003079339764,0.981719966549872,"LOD_vs_CN",27,"study_3_Soma"
"A4GNT",-0.0594945811936345,0.124139217706099,0.229687211309245,0.635931910569823,0.945997111817053,"LOD_vs_CN",27,"study_3_Soma"
"EBI3",-0.257802594417181,0.19429048904031,1.76064372961597,0.196757684559279,0.781653509590776,"LOD_vs_CN",27,"study_3_Soma"
"HNRNPDL",-0.0183499003928453,0.16293109850586,0.0126840939778479,0.911901668190208,0.985556449770965,"LOD_vs_CN",27,"study_3_Soma"
"SPAST",0.126596788728857,0.103806648940728,1.48728786993796,0.234949329718177,0.824772729350965,"LOD_vs_CN",27,"study_3_Soma"
"FAM163B",-0.091300992726687,0.105326871694134,0.751402487649639,0.394608128984629,0.898271847795756,"LOD_vs_CN",27,"study_3_Soma"
"C6orf89",-0.119328247317471,0.140401708298896,0.722340124379008,0.403557337255743,0.899827089158456,"LOD_vs_CN",27,"study_3_Soma"
"MRAP2",-0.0100129785168015,0.0504697564166442,0.0393608212589918,0.844578405135286,0.976515831849209,"LOD_vs_CN",27,"study_3_Soma"
"SCGN",0.119758211052262,0.0772114431292728,2.4057320843981,0.138487642095853,0.723665816049897,"LOD_vs_CN",27,"study_3_Soma"
"CYB5D2",-0.0481226315376517,0.0580101769183802,0.688161475834717,0.415530919681399,0.90281758949983,"LOD_vs_CN",27,"study_3_Soma"
"UCMA",0.291339414945199,0.234569979309389,1.54260107059755,0.22798014809588,0.8198617425618,"LOD_vs_CN",27,"study_3_Soma"
"LRRK2",-0.0984673792271149,0.0857740494497346,1.31787108784366,0.267849776064489,0.855343590386265,"LOD_vs_CN",27,"study_3_Soma"
"GPD1",-0.221315672651924,0.317177320492576,0.486877929478383,0.498661247696736,0.910735020939784,"LOD_vs_CN",27,"study_3_Soma"
"HEMK2",0.0350706587220122,0.043025680351909,0.664404176090759,0.423891386830486,0.904339329609003,"LOD_vs_CN",27,"study_3_Soma"
"SPATA20",0.0345564065098971,0.0463752228438683,0.555245604833053,0.463847552126591,0.910735020939784,"LOD_vs_CN",27,"study_3_Soma"
"SPG21",-0.00154082355899821,0.0516058804310089,0.000891471444905736,0.976453816464106,0.994392792947044,"LOD_vs_CN",27,"study_3_Soma"
"CACNB4",0.0341772094050725,0.0431344581652249,0.627804616199922,0.439350215601651,0.909742253705997,"LOD_vs_CN",27,"study_3_Soma"
"MRPL55",0.0207672919966919,0.0429929553872943,0.233327075933283,0.633808138108463,0.945832209832414,"LOD_vs_CN",27,"study_3_Soma"
"RNF122",0.115899278415634,0.0829838167894137,1.95062888969755,0.178016277622469,0.770545398613304,"LOD_vs_CN",27,"study_3_Soma"
"CLEC12A",0.0378248225736817,0.196904844023797,0.0369012432654732,0.850758403985207,0.976515831849209,"LOD_vs_CN",27,"study_3_Soma"
"PKLR",-0.304106493873965,0.431515584044635,0.496659124705618,0.488050859046751,0.910735020939784,"LOD_vs_CN",27,"study_3_Soma"
"ITGB7",-0.00237270643258825,0.0630668874797254,0.00141541964658178,0.970312856996267,0.994392792947044,"LOD_vs_CN",27,"study_3_Soma"
"TBCE",0.140416808303701,0.138137413632766,1.03327412418105,0.323722822535206,0.879552531829013,"LOD_vs_CN",27,"study_3_Soma"
"DNAJB9",0.555881494266794,0.149300906065917,13.862435736367,0.00119687584627056,0.0781144684974132,"LOD_vs_CN",27,"study_3_Soma"
"TPMT",0.0253461910094792,0.0766751649833047,0.10927378052128,0.744198725168096,0.968214902910038,"LOD_vs_CN",27,"study_3_Soma"
"FGFBP3",0.0792021139187931,0.135785688923946,0.340224469950715,0.567722116094132,0.923956909551671,"LOD_vs_CN",27,"study_3_Soma"
"ADGRF1",0.11540933923345,0.139139707049648,0.687986220184757,0.415297429586289,0.90281758949983,"LOD_vs_CN",27,"study_3_Soma"
"TRABD",-0.123965891817893,0.0519113170988731,5.70269733202185,0.0262600562267684,0.367391105160356,"LOD_vs_CN",27,"study_3_Soma"
"CHCHD10",-0.00143073453196951,0.0955216592656334,0.00022434397113271,0.988268981601303,0.998412413799315,"LOD_vs_CN",27,"study_3_Soma"
"COL11A2",-0.0376161891473981,0.122375811637718,0.0944840325864294,0.761401550562347,0.97068453644305,"LOD_vs_CN",27,"study_3_Soma"
"GAD1",0.0226406550031042,0.0557498266521194,0.16492668558474,0.688118163256122,0.960643215713691,"LOD_vs_CN",27,"study_3_Soma"
"CYB5A",-0.00841676495018273,0.0449463831171381,0.0350671845916539,0.852972746028557,0.976515831849209,"LOD_vs_CN",27,"study_3_Soma"
"WWP1",-0.0216705486073181,0.057553820139337,0.141772337990196,0.710546270644129,0.961446514776294,"LOD_vs_CN",27,"study_3_Soma"
"CHFR",0.0550931743843144,0.0427315466730598,1.66225775621273,0.209458977746213,0.794690159337105,"LOD_vs_CN",27,"study_3_Soma"
"CSNK2B",-0.0113627326995891,0.0546130798142757,0.0432884707272557,0.837290385765367,0.976515831849209,"LOD_vs_CN",27,"study_3_Soma"
"ARHGAP25",-0.076048349278528,0.104561540142597,0.528975600263675,0.474274558030809,0.910735020939784,"LOD_vs_CN",27,"study_3_Soma"
"BLK",0.00885474107101558,0.0360428666396123,0.0603549761178955,0.807996718963938,0.976515831849209,"LOD_vs_CN",27,"study_3_Soma"
"P4HA2",-0.00699640344131502,0.0527391539448515,0.0175988128353454,0.895693413619885,0.982199751471484,"LOD_vs_CN",27,"study_3_Soma"
"EIF5A2",-0.151865355878304,0.223115848935223,0.46329389972385,0.502365829842401,0.910735020939784,"LOD_vs_CN",27,"study_3_Soma"
"ESS2",-0.00510975213762599,0.0580615942177656,0.00774500594678548,0.93112254724081,0.989367185027217,"LOD_vs_CN",27,"study_3_Soma"
"RRM1",-0.244982993122851,0.474727800235247,0.266306975953113,0.611503410847615,0.941998028849072,"LOD_vs_CN",27,"study_3_Soma"
"MFN1",-0.0758044452647599,0.0728728360834471,1.08207659679489,0.308788394503815,0.87460875612855,"LOD_vs_CN",27,"study_3_Soma"
"AK2",-0.00590966910661272,0.168313370670899,0.00123278997639033,0.972292648789336,0.994392792947044,"LOD_vs_CN",27,"study_3_Soma"
"ZNF18",0.0607852638249788,0.0490255284143686,1.53727670189001,0.227454118328627,0.8198617425618,"LOD_vs_CN",27,"study_3_Soma"
"SYK",-0.0344830165614596,0.0560178977040009,0.378928167107573,0.544284998415113,0.91950222461731,"LOD_vs_CN",27,"study_3_Soma"
"MVK",-0.0838257237834386,0.0654958490633082,1.63804968621986,0.212352992282158,0.797071442861902,"LOD_vs_CN",27,"study_3_Soma"
"FBXL4",-0.0909123603421742,0.155453028814784,0.342016840338809,0.563914850794922,0.921751426488629,"LOD_vs_CN",27,"study_3_Soma"
"EHD4",0.0386713504335177,0.0479628808294004,0.650082021341646,0.428457155012657,0.905805769364954,"LOD_vs_CN",27,"study_3_Soma"
"RUFY1",0.0262202719910736,0.064126291753212,0.167186856349446,0.686251659500227,0.960038595838227,"LOD_vs_CN",27,"study_3_Soma"
"RECQL",-0.227565524041398,0.151651705228973,2.25174049885276,0.14598955978272,0.730633195907884,"LOD_vs_CN",27,"study_3_Soma"
"SOCS3",-0.434615888190597,0.300738640701925,2.08849159852457,0.166511434086359,0.762501915654322,"LOD_vs_CN",27,"study_3_Soma"
"PYGL",0.0578269838918803,0.1598344702693,0.130894135869526,0.720716354126919,0.962921988203078,"LOD_vs_CN",27,"study_3_Soma"
"EIF3G",0.065182621962748,0.125911150078899,0.268000293846832,0.610442226984121,0.941865763326834,"LOD_vs_CN",27,"study_3_Soma"
"GALE",0.00161549206703793,0.129399818160519,0.000155862747430611,0.990235580981447,0.998942154264497,"LOD_vs_CN",27,"study_3_Soma"
"RBFOX2",0.0917185519380457,0.0474659995456231,3.73378337272408,0.06927170875401,0.563691920089883,"LOD_vs_CN",27,"study_3_Soma"
"VPS4A",0.215846604804755,0.0897272232240322,5.78684683443203,0.0280212471856112,0.369041268749536,"LOD_vs_CN",27,"study_3_Soma"
"HMBS",-0.0982349938736506,0.591292621890067,0.0276011720937816,0.869521809462964,0.979820559077716,"LOD_vs_CN",27,"study_3_Soma"
"MUSK",0.0763573954841599,0.12347185340684,0.382442614233247,0.54900385329628,0.91950222461731,"LOD_vs_CN",27,"study_3_Soma"
"ARFGAP1",-0.0443999017914543,0.0771356320377181,0.331324792122,0.572909367180057,0.925543460543702,"LOD_vs_CN",27,"study_3_Soma"
"SMURF1",0.116372626632701,0.0420913631122084,7.64391224973531,0.0108218075581092,0.245447805466902,"LOD_vs_CN",27,"study_3_Soma"
"KLRC3",-0.00729804756980368,0.069852209162609,0.0109157376221814,0.917828934541284,0.988621398673973,"LOD_vs_CN",27,"study_3_Soma"
"DNM2",0.00746443198256586,0.0921268055533921,0.00656480008163271,0.936073562838331,0.990246756207585,"LOD_vs_CN",27,"study_3_Soma"
"ERH",-0.0268197759894058,0.15886989943052,0.0284988313301369,0.868044733047256,0.978561285606942,"LOD_vs_CN",27,"study_3_Soma"
"DAPP1",-0.234593644876216,0.131670866262884,3.17433750440715,0.0869717966877163,0.621371891585896,"LOD_vs_CN",27,"study_3_Soma"
"HSF1",-0.0413635590434005,0.0531398601394631,0.605891674971315,0.443784822445605,0.910598159921807,"LOD_vs_CN",27,"study_3_Soma"
"RGS10",-0.129832790249349,0.200678831532897,0.418567644414048,0.524289193785617,0.910735020939784,"LOD_vs_CN",27,"study_3_Soma"
"B3GALT2",0.0444709996588548,0.0811903959337087,0.300016033830996,0.589095163399169,0.93042681161965,"LOD_vs_CN",27,"study_3_Soma"
"FZD10",-0.0452958670687424,0.0558188046902953,0.658500471891126,0.424755071155305,0.905556413554138,"LOD_vs_CN",27,"study_3_Soma"
"SMAP1",0.235202922013826,0.094072028693512,6.2512145687958,0.0278029365000898,0.369041268749536,"LOD_vs_CN",27,"study_3_Soma"
"EVL",0.0657178189112511,0.0450864884419217,2.12458181268315,0.15895330498099,0.751971404333147,"LOD_vs_CN",27,"study_3_Soma"
"CLINT1",0.276970146156472,0.114322171153163,5.86955251780492,0.0242046211294677,0.358362862833508,"LOD_vs_CN",27,"study_3_Soma"
"ARFGAP2",0.106550848877828,0.0591147990529027,3.2487881530088,0.0849074318392956,0.61712265232288,"LOD_vs_CN",27,"study_3_Soma"
"GJD2",0.0361218683848277,0.0513794866428284,0.494266174675848,0.48896827325008,0.910735020939784,"LOD_vs_CN",27,"study_3_Soma"
"AGFG1",0.212153379290084,0.118230740602052,3.21987555961964,0.0897523363750056,0.623973851581017,"LOD_vs_CN",27,"study_3_Soma"
"GGA3",0.104968292409376,0.0588537919051189,3.18102707738317,0.0880308741408687,0.623430771359851,"LOD_vs_CN",27,"study_3_Soma"
"CRABP2",0.0279341476273149,0.231178231314257,0.0146008108397821,0.906298949932928,0.983156052199967,"LOD_vs_CN",27,"study_3_Soma"
"PTP4A2",-0.00690141884460171,0.0745635285301547,0.00856690335026077,0.927367985018784,0.989367185027217,"LOD_vs_CN",27,"study_3_Soma"
"TNFRSF18",-0.0118863950862504,0.0431200840105728,0.0759873197700828,0.785077051794759,0.972180993920227,"LOD_vs_CN",27,"study_3_Soma"
"AAGAB",0.24457626796438,0.0835037780383957,8.57859919145997,0.0104225205626168,0.241530585211946,"LOD_vs_CN",27,"study_3_Soma"
"ARHGAP1",-0.0423839737755394,0.111265058683933,0.14510612407408,0.706576044163678,0.961401139347496,"LOD_vs_CN",27,"study_3_Soma"
"TJP1",0.0198785968252233,0.0583775352446083,0.115952453246188,0.737444314917929,0.968214902910038,"LOD_vs_CN",27,"study_3_Soma"
"CD7",-0.0874779736084266,0.0759520385702435,1.32653452806166,0.260398000677919,0.853351649936884,"LOD_vs_CN",27,"study_3_Soma"
"CBL",0.113500915176973,0.134837914273304,0.708556806918947,0.410519471463348,0.901472887292334,"LOD_vs_CN",27,"study_3_Soma"
"SMAD4",0.0160920531357798,0.061205236748806,0.069126688330051,0.794793640664491,0.975460906519396,"LOD_vs_CN",27,"study_3_Soma"
"EEF2K",-0.0137861964455634,0.0574175552505315,0.0576500291674452,0.812209856340707,0.976515831849209,"LOD_vs_CN",27,"study_3_Soma"
"CCM2",0.0817260271346143,0.059857240508166,1.86417805895472,0.190947938510464,0.772030706803067,"LOD_vs_CN",27,"study_3_Soma"
"ETS2",0.0892323786335876,0.0862298826742256,1.07085174703093,0.318838750002874,0.878738813696181,"LOD_vs_CN",27,"study_3_Soma"
"STAT1",-0.274613520382431,0.16695475826522,2.70549184343043,0.112722346386109,0.677368185906315,"LOD_vs_CN",27,"study_3_Soma"
"RUVBL1",-0.02825885499227,0.0540669007419732,0.273178282985842,0.607189635575395,0.938971206271816,"LOD_vs_CN",27,"study_3_Soma"
"MACO1",0.0198276398748893,0.0349218752491141,0.322364293529963,0.575673205959204,0.925543460543702,"LOD_vs_CN",27,"study_3_Soma"
"TRA2B",-0.0113896643150939,0.0650937181383298,0.0306156645465914,0.86264499542425,0.977829921949816,"LOD_vs_CN",27,"study_3_Soma"
"TAPBP",0.0472038779724731,0.0477735651922088,0.976292724555568,0.334860222460684,0.880227508319868,"LOD_vs_CN",27,"study_3_Soma"
"COPS7B",-0.134469195373644,0.234677432807802,0.328324245514418,0.573137092861513,0.925543460543702,"LOD_vs_CN",27,"study_3_Soma"
"PDLIM4",0.300095343432796,0.0851055347259071,12.4337721195004,0.00276912107982297,0.121310263195532,"LOD_vs_CN",27,"study_3_Soma"
"ARL1",-0.0984047745385404,0.0815554503133283,1.45588261876646,0.242641253807165,0.833175877690612,"LOD_vs_CN",27,"study_3_Soma"
"DARS2",-0.167002271989238,0.149477137342462,1.24823172123499,0.275087036493536,0.857611163165124,"LOD_vs_CN",27,"study_3_Soma"
"HIBCH",0.25420445744669,0.173049421151254,2.15787369717816,0.167676167512216,0.763545546200691,"LOD_vs_CN",27,"study_3_Soma"
"CCDC50",0.109465512480563,0.0732227954239821,2.23492019277332,0.151922783776415,0.735021274609646,"LOD_vs_CN",27,"study_3_Soma"
"STAMBPL1",0.470373651217955,0.130497414541955,12.9921838409906,0.00145067050220367,0.0859119308527282,"LOD_vs_CN",27,"study_3_Soma"
"RAB39B",0.0163994211684351,0.0403975338078068,0.1647962530214,0.688252882312212,0.960643215713691,"LOD_vs_CN",27,"study_3_Soma"
"RAB22A",-0.033048342725583,0.0598284485802235,0.305129283444806,0.587361318769423,0.929900552467138,"LOD_vs_CN",27,"study_3_Soma"
"TPRKB",-0.014422590967067,0.120977015184973,0.0142128392274416,0.906078858989842,0.983156052199967,"LOD_vs_CN",27,"study_3_Soma"
"ARF6",0.0134321421852768,0.0336315663109679,0.159513106391758,0.693090040115063,0.960643215713691,"LOD_vs_CN",27,"study_3_Soma"
"ARL11",0.0343426329090839,0.089986378653278,0.145651052040776,0.706822898610566,0.961401139347496,"LOD_vs_CN",27,"study_3_Soma"
"MPG",-0.0313066929112269,0.0465538443412232,0.452234078867737,0.507876010620751,0.910735020939784,"LOD_vs_CN",27,"study_3_Soma"
"NMT1",-0.0956618253717441,0.118099920476366,0.656112205426012,0.427123197318058,0.905781976374608,"LOD_vs_CN",27,"study_3_Soma"
"PPIH",0.0145480565161371,0.142235697284904,0.0104614707892419,0.91936543862599,0.989143784591966,"LOD_vs_CN",27,"study_3_Soma"
"ADI1",0.0180219585484522,0.065500388507316,0.0757035457187218,0.785513950474675,0.972180993920227,"LOD_vs_CN",27,"study_3_Soma"
"CHP1",0.159813800611527,0.125737726623275,1.61546425075408,0.216323051837091,0.805347124613443,"LOD_vs_CN",27,"study_3_Soma"
"SIRT5",-0.0264127041214142,0.0819248472744683,0.103942809630593,0.750404880475211,0.968214902910038,"LOD_vs_CN",27,"study_3_Soma"
"STAU1",0.0537126156547476,0.0673359381315595,0.636295385037131,0.432569280601481,0.90631491610517,"LOD_vs_CN",27,"study_3_Soma"
"CLIC5",-0.111809977227853,0.211793681758767,0.278698812285176,0.602489935054137,0.935099325784539,"LOD_vs_CN",27,"study_3_Soma"
"RPL30",-0.20859486776242,0.243968441606974,0.731037968219461,0.402212856050001,0.898271847795756,"LOD_vs_CN",27,"study_3_Soma"
"GLRX2",0.062216826132051,0.0743794909261318,0.699695856566267,0.410887481307944,0.901472887292334,"LOD_vs_CN",27,"study_3_Soma"
"MCTS1",-0.0231071310569266,0.0458467148365173,0.25402450392053,0.622030454203138,0.943510647032567,"LOD_vs_CN",27,"study_3_Soma"
"OTUB2",0.0223420864457342,0.0394071905093358,0.321437475685191,0.576299768746405,0.925543460543702,"LOD_vs_CN",27,"study_3_Soma"
"NUDT16L1",0.130165726263614,0.0969095382542804,1.80409849065735,0.193020076066512,0.772563458398879,"LOD_vs_CN",27,"study_3_Soma"
"TAX1BP3",0.0532104489393355,0.0549093087003239,0.939078492521033,0.34698163428217,0.880227508319868,"LOD_vs_CN",27,"study_3_Soma"
"UBA2",-1.06794106378999,0.442750691267049,5.81803160670446,0.0251873076151632,0.364475157254715,"LOD_vs_CN",27,"study_3_Soma"
"GPR68",-0.0751397372138252,0.0735087156156182,1.04486859146823,0.317101359816494,0.877098115700056,"LOD_vs_CN",27,"study_3_Soma"
"FKBP6",-0.0596464633513332,0.0873409697318286,0.466372975522777,0.503235385186003,0.910735020939784,"LOD_vs_CN",27,"study_3_Soma"
"CKS1B",-0.0104101621997117,0.033125433948758,0.098762446580553,0.756520416653933,0.969576690305103,"LOD_vs_CN",27,"study_3_Soma"
"CDC34",-0.0639579455530059,0.102820746352835,0.386925636725359,0.540025617796974,0.918211554627276,"LOD_vs_CN",27,"study_3_Soma"
"RGS7",0.164020044575058,0.108345025442474,2.29179569540735,0.144744945453505,0.727145011064567,"LOD_vs_CN",27,"study_3_Soma"
"RHOG",0.014623163767352,0.105359622235259,0.0192634592221054,0.891071221077774,0.981959257411,"LOD_vs_CN",27,"study_3_Soma"
"SMTN",0.0335377523101732,0.0461443352348293,0.528239798095658,0.477846142047834,0.910735020939784,"LOD_vs_CN",27,"study_3_Soma"
"HPGDS",-0.0913487345688848,0.0752710318913332,1.47281884180372,0.240127823002537,0.833175877690612,"LOD_vs_CN",27,"study_3_Soma"
"RAD51D",-0.0121022966794788,0.0660417544938603,0.0335813681201267,0.856207127112315,0.976515831849209,"LOD_vs_CN",27,"study_3_Soma"
"NOVA1",0.0512173904357187,0.0873413723031585,0.343870461610277,0.563829892473951,0.921751426488629,"LOD_vs_CN",27,"study_3_Soma"
"PKN1",-0.024341987937734,0.0692223735682092,0.123657115668482,0.730144126751294,0.968214902910038,"LOD_vs_CN",27,"study_3_Soma"
"TNFAIP8",-0.0205846584629175,0.111994877922243,0.0337824396744267,0.855712290089745,0.976515831849209,"LOD_vs_CN",27,"study_3_Soma"
"NIP7",-0.0772641300522299,0.0537550486842514,2.06593816717315,0.163254744777744,0.759490086027701,"LOD_vs_CN",27,"study_3_Soma"
"KEAP1",0.034279149577702,0.0424589267766909,0.651811552266083,0.432621794825708,0.90631491610517,"LOD_vs_CN",27,"study_3_Soma"
"EFS",-0.0659367411714102,0.0590791588431071,1.24562223307203,0.275018090838381,0.857611163165124,"LOD_vs_CN",27,"study_3_Soma"
"EDN2",0.0213293787312612,0.135066114619767,0.0249381135309845,0.876188826272099,0.980887207245815,"LOD_vs_CN",27,"study_3_Soma"
"MTHFD1",-0.14121777302051,0.223508389194753,0.399200484440934,0.533287667671727,0.915705174209982,"LOD_vs_CN",27,"study_3_Soma"
"MAGEA3",-0.13387999329465,0.0981534617549901,1.8604590758124,0.194649387807346,0.775023525388298,"LOD_vs_CN",27,"study_3_Soma"
"ARAF",0.0331195185686317,0.0820231097950494,0.163040526250458,0.693320137349256,0.960643215713691,"LOD_vs_CN",27,"study_3_Soma"
"ARL2",-0.764453029579182,0.37092998872064,4.24734676696925,0.0638706068532557,0.543804637023533,"LOD_vs_CN",27,"study_3_Soma"
"TMOD1",-0.228806106190231,0.268540588656156,0.725964439095412,0.402508929922238,0.898271847795756,"LOD_vs_CN",27,"study_3_Soma"
"FERMT3",-0.0933432722208565,0.0950098043822841,0.965226406743933,0.336217127413103,0.880227508319868,"LOD_vs_CN",27,"study_3_Soma"
"PABPC4",-0.00428416230821771,0.0763323139906448,0.00315003207377689,0.955704606749899,0.990994566041652,"LOD_vs_CN",27,"study_3_Soma"
"STK24",-0.156994081628073,0.144039992981092,1.18795606258328,0.287542560744821,0.865990743775278,"LOD_vs_CN",27,"study_3_Soma"
"PPM1A",0.0243512393589089,0.056207809056697,0.18769332370146,0.668620081946926,0.951989889018576,"LOD_vs_CN",27,"study_3_Soma"
"SEPTIN11",0.225976032260558,0.134127617153568,2.83849634591385,0.106398801482692,0.659718023855182,"LOD_vs_CN",27,"study_3_Soma"
"ATG7",-0.0836378640762332,0.0695030217873195,1.44809979833674,0.242329504767401,0.833175877690612,"LOD_vs_CN",27,"study_3_Soma"
"LANCL2",-0.0462130772451061,0.485744111903865,0.00905137768496613,0.925033497963547,0.989367185027217,"LOD_vs_CN",27,"study_3_Soma"
"ARFIP2",-0.0154651315928493,0.0624358201167887,0.0613535360801119,0.806841130462956,0.976515831849209,"LOD_vs_CN",27,"study_3_Soma"
"NAT1",0.0394465059299955,0.0768850966762257,0.263228404588351,0.612673310103455,0.942247800325381,"LOD_vs_CN",27,"study_3_Soma"
"TRDMT1",-0.0144523209779983,0.0405721436165924,0.126887630848376,0.726810743397302,0.968071952263462,"LOD_vs_CN",27,"study_3_Soma"
"INPP5B",-0.264711242986521,0.226694812792044,1.36352030335384,0.254090022168281,0.845556598224936,"LOD_vs_CN",27,"study_3_Soma"
"ARRB1",-0.0730578208491615,0.225461363178975,0.10499996905825,0.748826142316049,0.968214902910038,"LOD_vs_CN",27,"study_3_Soma"
"RPE",-0.0184594242727565,0.141267246906269,0.0170747101701234,0.897082642325957,0.982224103388466,"LOD_vs_CN",27,"study_3_Soma"
"GNAI3",-0.374578211580074,0.147844498859277,6.41910802795657,0.019242878725352,0.332641763046895,"LOD_vs_CN",27,"study_3_Soma"
"GFUS",0.0576651496333449,0.0901541842945922,0.409124106677762,0.528232807940928,0.913622779770194,"LOD_vs_CN",27,"study_3_Soma"
"PANK3",-0.00075686988055601,0.0928478446578655,6.64505825584516e-05,0.993569616578287,0.999114375942715,"LOD_vs_CN",27,"study_3_Soma"
"TST",0.12022591683544,0.178686092474207,0.452704375252761,0.508529572267722,0.910735020939784,"LOD_vs_CN",27,"study_3_Soma"
"SULT1B1",0.0379990201324016,0.0555312516591106,0.468241465754654,0.501111831327591,0.910735020939784,"LOD_vs_CN",27,"study_3_Soma"
"DARS1",-0.24602088818115,0.381045992619769,0.416858985146207,0.524569702492521,0.910735020939784,"LOD_vs_CN",27,"study_3_Soma"
"FLII",0.136113922563394,0.0625760994592267,4.73138318153241,0.0427305826726396,0.450998030980533,"LOD_vs_CN",27,"study_3_Soma"
"SNRPA",-0.102604320231132,0.0783804869979165,1.71362338382546,0.203053522839883,0.78998195382232,"LOD_vs_CN",27,"study_3_Soma"
"KYAT3",-0.000718926723555668,0.0671162398864705,0.000114739781701732,0.991598304743372,0.998942154264497,"LOD_vs_CN",27,"study_3_Soma"
"DPYSL5",0.308750602194423,0.0733297385405776,17.7278208241373,0.000565761318733513,0.0518534436127767,"LOD_vs_CN",27,"study_3_Soma"
"HOMER2",0.00986254727263258,0.0500355341579847,0.0388526919508578,0.846278368499922,0.976515831849209,"LOD_vs_CN",27,"study_3_Soma"
"ARPC1B",0.0324590090554917,0.207803667884832,0.0243985544523952,0.877216201601949,0.980887207245815,"LOD_vs_CN",27,"study_3_Soma"
"SHMT2",-0.144866327693004,0.0927865759002174,2.43761214817548,0.131200523957329,0.709042061637452,"LOD_vs_CN",27,"study_3_Soma"
"DOT1L",0.00365425617008608,0.0601124957370002,0.00369545960424667,0.952010870750704,0.990994566041652,"LOD_vs_CN",27,"study_3_Soma"
"PIP4K2A",-0.342879097720216,0.313615283671064,1.19532934930778,0.284691987987842,0.86462011166678,"LOD_vs_CN",27,"study_3_Soma"
"EIF1B",-0.109815880603167,0.148839737112841,0.544367900476469,0.470016175452097,0.910735020939784,"LOD_vs_CN",27,"study_3_Soma"
"NEK7",-0.12098160963792,0.164190485825599,0.542928626649931,0.470618669063687,0.910735020939784,"LOD_vs_CN",27,"study_3_Soma"
"SH2D3C",-0.0752474925538094,0.0467988918751963,2.58531178420831,0.123305026768271,0.691833180585183,"LOD_vs_CN",27,"study_3_Soma"
"CDC42BPA",-0.129103900068562,0.118753053416049,1.18192291723507,0.287449290195098,0.865990743775278,"LOD_vs_CN",27,"study_3_Soma"
"H1-10",-0.233082661387638,0.0983887941794033,5.61214212178145,0.0262388873516866,0.367391105160356,"LOD_vs_CN",27,"study_3_Soma"
"AP1G2",0.156227351868178,0.06705233612633,5.42858091831534,0.028180139329367,0.369041268749536,"LOD_vs_CN",27,"study_3_Soma"
"PIN4",0.00422856278606254,0.114375395803308,0.00136684839413988,0.970824912700794,0.994392792947044,"LOD_vs_CN",27,"study_3_Soma"
"UBQLN4",0.313836897448653,0.138585047610918,5.12832160673884,0.0332598995924768,0.403215940473531,"LOD_vs_CN",27,"study_3_Soma"
"CIRBP",0.0171765341506616,0.142288823841628,0.01457234670337,0.905341773163734,0.983156052199967,"LOD_vs_CN",27,"study_3_Soma"
"NDC80",-0.0144822252985612,0.0616129336129255,0.0552493055706938,0.81628461866144,0.976515831849209,"LOD_vs_CN",27,"study_3_Soma"
"PLEKHA7",0.028397240300321,0.0340085943461223,0.697228143784929,0.411665228956415,0.902334065937364,"LOD_vs_CN",27,"study_3_Soma"
"MPP7",-0.00070867502908456,0.0918066660228381,5.95862189414038e-05,0.993904859814834,0.999114375942715,"LOD_vs_CN",27,"study_3_Soma"
"TMEM8B",0.0114621169090325,0.08147028099599,0.019793893949883,0.889450675571132,0.981719966549872,"LOD_vs_CN",27,"study_3_Soma"
"CYTH4",0.24031794090809,0.159449337996637,2.27157430493462,0.147761297186455,0.732453693583292,"LOD_vs_CN",27,"study_3_Soma"
"RBM3",-0.111794763876858,0.11428789187694,0.956846961719023,0.33904660728372,0.880227508319868,"LOD_vs_CN",27,"study_3_Soma"
"APBB2",-0.00332114099222913,0.0382429690828793,0.0075417376601336,0.931577494202528,0.989433685307102,"LOD_vs_CN",27,"study_3_Soma"
"GPCPD1",0.0431175553630228,0.0455981411305333,0.894157415220332,0.353466455314553,0.880227508319868,"LOD_vs_CN",27,"study_3_Soma"
"TPPP2",0.250981486531909,0.210710761672158,1.41876328279589,0.250254796820625,0.839784722174562,"LOD_vs_CN",27,"study_3_Soma"
"ARHGAP30",0.011918703501232,0.0889636220761948,0.0179487049762054,0.894576026558975,0.982199751471484,"LOD_vs_CN",27,"study_3_Soma"
"CARHSP1",-0.12757976508827,0.114574991500795,1.23989220280364,0.276084146998434,0.857611163165124,"LOD_vs_CN",27,"study_3_Soma"
"GEM",-0.044214329103065,0.0535372962831244,0.682045282427134,0.41858638849489,0.903057347565788,"LOD_vs_CN",27,"study_3_Soma"
"TESC",0.0274647636629997,0.0633704149818638,0.187835913035357,0.668491744341273,0.951989889018576,"LOD_vs_CN",27,"study_3_Soma"
"DUSP15",0.03828981661065,0.039974416758921,0.917492030725903,0.351849864747437,0.880227508319868,"LOD_vs_CN",27,"study_3_Soma"
"STX10",-0.0079331107480165,0.049666715525509,0.0255126841526524,0.874571541054417,0.980673137549799,"LOD_vs_CN",27,"study_3_Soma"
"TEAD3",0.0152544796371705,0.0419358285681554,0.132319648515814,0.719106442572198,0.962921988203078,"LOD_vs_CN",27,"study_3_Soma"
"CASS4",0.00187615383148909,0.0483379350532385,0.00150647074233173,0.969464475088348,0.994392792947044,"LOD_vs_CN",27,"study_3_Soma"
"TMOD3",0.693556570430465,0.256882004735967,7.28947779010993,0.0188986569462943,0.332641763046895,"LOD_vs_CN",27,"study_3_Soma"
"DDX6",-0.0700310682590839,0.166091945793162,0.177780595423803,0.678202767229344,0.95756841041918,"LOD_vs_CN",27,"study_3_Soma"
"RDH16",-0.249944014499259,0.110229415527296,5.14150748888187,0.0400083058568705,0.43667768645144,"LOD_vs_CN",27,"study_3_Soma"
"IFI16",-0.0940022214785587,0.0891565273410871,1.11165479469028,0.302446540559076,0.872945881505349,"LOD_vs_CN",27,"study_3_Soma"
"NR3C2",0.236217057319479,0.154950966202434,2.32398827521223,0.141369165376731,0.727145011064567,"LOD_vs_CN",27,"study_3_Soma"
"HERC5",0.103362324696539,0.0764252608737884,1.82915570977668,0.188679077118224,0.770545398613304,"LOD_vs_CN",27,"study_3_Soma"
"RAB18",0.0949538152457912,0.170968011956802,0.308457344479793,0.587704067833929,0.929974076661507,"LOD_vs_CN",27,"study_3_Soma"
"PPARA",0.0116143281132386,0.0514863962657536,0.0508865716228533,0.82358341196876,0.976515831849209,"LOD_vs_CN",27,"study_3_Soma"
"KIFBP",0.0452546670815526,0.173082052101238,0.0683632462826577,0.798464124334564,0.97574891682183,"LOD_vs_CN",27,"study_3_Soma"
"GCK",-0.0183944791943542,0.106433923995866,0.0298685984456527,0.864503472320199,0.977829921949816,"LOD_vs_CN",27,"study_3_Soma"
"CSRP2",0.0464606087006576,0.0499000275247971,0.866898437952795,0.362042813096764,0.880227508319868,"LOD_vs_CN",27,"study_3_Soma"
"EWSR1",0.0551104234387587,0.0571761902381332,0.929045678788758,0.345984094135327,0.880227508319868,"LOD_vs_CN",27,"study_3_Soma"
"NPLOC4",0.10050944373675,0.100427047559296,1.0016415892085,0.329941447585581,0.880227508319868,"LOD_vs_CN",27,"study_3_Soma"
"TP53I11",-0.82960535092419,0.482960380916528,2.95066617649599,0.111701100420655,0.675274327306719,"LOD_vs_CN",27,"study_3_Soma"
"KCNA10",-0.0197479274919061,0.0411566752660577,0.230230300096129,0.635541757611271,0.945997111817053,"LOD_vs_CN",27,"study_3_Soma"
"SLC6A14",-0.0121718691410999,0.0691289658167168,0.0310023367778504,0.862589816810015,0.977829921949816,"LOD_vs_CN",27,"study_3_Soma"
"EDC4",-0.0106921065994108,0.131361407251863,0.00662507768799649,0.936045880652765,0.990246756207585,"LOD_vs_CN",27,"study_3_Soma"
"PRKG1",0.0195080546903554,0.12120133354773,0.0259067618196498,0.873431904885307,0.980306475655756,"LOD_vs_CN",27,"study_3_Soma"
"CETN2",-0.0982531490008682,0.086835044736322,1.28027390010494,0.270256943934577,0.855343590386265,"LOD_vs_CN",27,"study_3_Soma"
"CSH1",-0.00927068821166444,0.0622146518083349,0.0222043774274576,0.882803564151065,0.981719966549872,"LOD_vs_CN",27,"study_3_Soma"
"CHKB",0.171281883939031,0.0752928651735638,5.1750579139219,0.0340105634076126,0.40533158636814,"LOD_vs_CN",27,"study_3_Soma"
"MDM2",0.0121385683344606,0.0490329675793756,0.0612856191699187,0.807332091948039,0.976515831849209,"LOD_vs_CN",27,"study_3_Soma"
"WNT3A",-0.0307806301397022,0.0494802297079453,0.38698274297005,0.540073775564073,0.918211554627276,"LOD_vs_CN",27,"study_3_Soma"
"SHANK1",0.0548838879287752,0.0442617044117743,1.53756495085524,0.226494459018379,0.8198617425618,"LOD_vs_CN",27,"study_3_Soma"
"SHANK3",0.315790892192564,0.0977678272393299,10.4329535345872,0.0037387828990961,0.142670070682753,"LOD_vs_CN",27,"study_3_Soma"
"DEFB113",-0.389042212896126,0.329333888190085,1.39547034122417,0.251056596680745,0.841592239187654,"LOD_vs_CN",27,"study_3_Soma"
"CYB561D1",-0.0201091385420273,0.0533466120899314,0.142093183697726,0.711703548149654,0.961446514776294,"LOD_vs_CN",27,"study_3_Soma"
"DERL1",0.010998591853097,0.0529316993739475,0.0431760092106433,0.837100466693735,0.976515831849209,"LOD_vs_CN",27,"study_3_Soma"
"SHISAL2A",-0.00416664867839778,0.0428168447618233,0.00946987935253636,0.923300130139277,0.989183858018562,"LOD_vs_CN",27,"study_3_Soma"
"PARVA",0.335203229895882,0.156036842060724,4.61489776863016,0.0557386696772537,0.509887753334011,"LOD_vs_CN",27,"study_3_Soma"
"MAZ",-0.0216128850006276,0.0562115007415919,0.147834271220937,0.703953399223436,0.960643215713691,"LOD_vs_CN",27,"study_3_Soma"
"UBE2D4",0.282454752935594,0.14226777438735,3.94171027235858,0.0602765826519209,0.536649804994841,"LOD_vs_CN",27,"study_3_Soma"
"LTB4R",-0.0433921999324189,0.0700836136664271,0.383345495057887,0.541586167105491,0.918828945572074,"LOD_vs_CN",27,"study_3_Soma"
"CNOT1",0.137798995590037,0.063062420991049,4.77475206403048,0.0399398472444201,0.43667768645144,"LOD_vs_CN",27,"study_3_Soma"
"TMEM87B",-0.00856310079531752,0.0437534049559075,0.038303494732802,0.846691200778256,0.976515831849209,"LOD_vs_CN",27,"study_3_Soma"
"PKD2",-0.025229259219171,0.0369179489956965,0.467018265977525,0.501077812257626,0.910735020939784,"LOD_vs_CN",27,"study_3_Soma"
"HCAR2",0.0091210970197384,0.0480912424354648,0.0359717988439187,0.851652527334011,0.976515831849209,"LOD_vs_CN",27,"study_3_Soma"
"HMGCS1",0.430759843428648,0.117629006726741,13.4103947277435,0.00135977173630176,0.0832321925443454,"LOD_vs_CN",27,"study_3_Soma"
"F8",-0.0691939308381855,0.0703058189511003,0.968620069815665,0.335449373759748,0.880227508319868,"LOD_vs_CN",27,"study_3_Soma"
"SLC35G2",0.180176513652652,0.168065817374647,1.14931102948069,0.313114037672335,0.875071488671862,"LOD_vs_CN",27,"study_3_Soma"
"ATP2A3",-0.00878751260666277,0.0488377694244108,0.0323757831031841,0.859013633443883,0.977547427038037,"LOD_vs_CN",27,"study_3_Soma"
"EMC4",-0.192752081793675,0.183685005104585,1.10116080661751,0.306499488490093,0.873605493931656,"LOD_vs_CN",27,"study_3_Soma"
"ASAP2",-0.160871499255784,0.149836651100154,1.15271542016764,0.294046380687306,0.868090905472196,"LOD_vs_CN",27,"study_3_Soma"
"NAP1L2",-0.0178535444081369,0.0834923934117356,0.0457251432389959,0.832884416656264,0.976515831849209,"LOD_vs_CN",27,"study_3_Soma"
"HTR7",-0.0951720818556332,0.110958768085086,0.735691750465986,0.40236242558971,0.898271847795756,"LOD_vs_CN",27,"study_3_Soma"
"SWAP70",0.0258495357422897,0.0711728100093424,0.131909863099463,0.720376209134209,0.962921988203078,"LOD_vs_CN",27,"study_3_Soma"
"ACBD7",0.0846339611360412,0.047731505027842,3.14397496134059,0.091302621234635,0.625948194572407,"LOD_vs_CN",27,"study_3_Soma"
"RBL2",0.0172529103559773,0.0918255987595034,0.0353018279316631,0.852771659859861,0.976515831849209,"LOD_vs_CN",27,"study_3_Soma"
"PSMD4",-0.0694098088295787,0.0865559134923814,0.643055131423872,0.431894988107017,0.90631491610517,"LOD_vs_CN",27,"study_3_Soma"
"PSMD11",-0.161832869638483,0.18747178085604,0.745180806789623,0.396221504334735,0.898271847795756,"LOD_vs_CN",27,"study_3_Soma"
"RND1",0.281348637693013,0.0862013505833762,10.6527440530093,0.00382003705328383,0.143723276428255,"LOD_vs_CN",27,"study_3_Soma"
"DVL2",-0.061866587438308,0.0718986219106416,0.740408148000112,0.39815514430964,0.898271847795756,"LOD_vs_CN",27,"study_3_Soma"
"U2AF2",0.0220280316459549,0.101882032762687,0.0467472621398017,0.83152520141494,0.976515831849209,"LOD_vs_CN",27,"study_3_Soma"
"APAF1",-0.0120365065750896,0.0558803542375193,0.0463962215661501,0.83177280037713,0.976515831849209,"LOD_vs_CN",27,"study_3_Soma"
"RACGAP1",0.0318235548361656,0.0805655429238805,0.156026621679799,0.697514379028996,0.960643215713691,"LOD_vs_CN",27,"study_3_Soma"
"APBB3",0.0250940361375172,0.0888770623555583,0.0797189656654123,0.780093418125475,0.971822571787274,"LOD_vs_CN",27,"study_3_Soma"
"GGA1",0.321114036307957,0.15533104270708,4.27368062499106,0.0529935575503826,0.499921525209804,"LOD_vs_CN",27,"study_3_Soma"
"THTPA",-0.0450310111038457,0.0540695347337718,0.693614449717052,0.415972740747484,0.90281758949983,"LOD_vs_CN",27,"study_3_Soma"
"RAB31",-0.11498125262932,0.131494195317289,0.764611644563715,0.394962846826481,0.898271847795756,"LOD_vs_CN",27,"study_3_Soma"
"SNU13",-0.154932698123793,0.0921182696830149,2.82875037625893,0.10524257563726,0.655831299782083,"LOD_vs_CN",27,"study_3_Soma"
"RFESD",-0.105400335527895,0.113008445650557,0.869885684214005,0.359909836847048,0.880227508319868,"LOD_vs_CN",27,"study_3_Soma"
"ANXA10",-0.0115711767191051,0.0592197319579595,0.0381787915649896,0.847195782317548,0.976515831849209,"LOD_vs_CN",27,"study_3_Soma"
"MAGEA10",0.0399497216435236,0.105249072867159,0.144075772744208,0.709437824070047,0.961401139347496,"LOD_vs_CN",27,"study_3_Soma"
"CREBBP",-0.11415925746849,0.110551451207754,1.06633428943615,0.320152520507971,0.878839279471666,"LOD_vs_CN",27,"study_3_Soma"
"NCK2",0.148976456884808,0.0631350118793589,5.56794259880065,0.0266992447780531,0.368189413575933,"LOD_vs_CN",27,"study_3_Soma"
"GET3",-0.0970999799952059,0.0775412457349281,1.56809631105352,0.222810775109681,0.817716800780763,"LOD_vs_CN",27,"study_3_Soma"
"PPP2R5A",-0.0347632173430101,0.12695458342115,0.074979606668298,0.786483233816861,0.972282458631083,"LOD_vs_CN",27,"study_3_Soma"
"GRB14",-0.189338321363018,0.194552675105741,0.947114817968917,0.350721681483917,0.880227508319868,"LOD_vs_CN",27,"study_3_Soma"
"ATG4B",-0.0351135306585872,0.0908483074898012,0.149387864203032,0.703547820376521,0.960643215713691,"LOD_vs_CN",27,"study_3_Soma"
"PIR",0.11544325855078,0.100259294239194,1.32583007843248,0.264900146905101,0.853982530042856,"LOD_vs_CN",27,"study_3_Soma"
"NAP1L1",-0.17742035480117,0.17363678500245,1.04405508954646,0.317291623520466,0.877098115700056,"LOD_vs_CN",27,"study_3_Soma"
"IFIT3",-0.0486541004536143,0.0659269283200338,0.544644612400337,0.46901797202875,0.910735020939784,"LOD_vs_CN",27,"study_3_Soma"
"HGS",0.0939431106116331,0.114197109574873,0.676736575232703,0.419177420441317,0.903057347565788,"LOD_vs_CN",27,"study_3_Soma"
"TOM1L1",0.030458814528175,0.122104249557262,0.0622249326332768,0.80716609469651,0.976515831849209,"LOD_vs_CN",27,"study_3_Soma"
"PNKP",-0.0452558576430384,0.0600033746309665,0.56885063478131,0.458098624183564,0.910735020939784,"LOD_vs_CN",27,"study_3_Soma"
"PDGFC",0.0153473708992315,0.117349335257009,0.0171043553265631,0.897147156347001,0.982224103388466,"LOD_vs_CN",27,"study_3_Soma"
"ATP13A1",-0.0427078595237695,0.133386579706838,0.102515925793761,0.751901681035211,0.968214902910038,"LOD_vs_CN",27,"study_3_Soma"
"CCL1",-0.0315290284407634,0.0481468534631012,0.428830194088674,0.518549447489276,0.910735020939784,"LOD_vs_CN",27,"study_3_Soma"
"SEC22A",-0.0470129022860339,0.0633168097291555,0.551310262010952,0.467317740050999,0.910735020939784,"LOD_vs_CN",27,"study_3_Soma"
"PAK4",-0.00390975006312555,0.0481924038983171,0.0065817413396421,0.93650619386328,0.990246756207585,"LOD_vs_CN",27,"study_3_Soma"
"IL10",-0.0789038575382364,0.0964918661979332,0.668674959546922,0.427201901358713,0.905781976374608,"LOD_vs_CN",27,"study_3_Soma"
"ERP29",-0.100642917322324,0.120687826436655,0.695407711950727,0.413576771456759,0.90281758949983,"LOD_vs_CN",27,"study_3_Soma"
"CTF1",1.45765923518732,0.349035241438543,17.4410834012474,0.00081777344989852,0.0637863290920845,"LOD_vs_CN",27,"study_3_Soma"
"IL22",0.0609428474963281,0.0834545789745021,0.53326753358224,0.475640979865335,0.910735020939784,"LOD_vs_CN",27,"study_3_Soma"
"CA6",-0.410525379325488,0.141604071539524,8.40482239231994,0.0100411546237855,0.237962056275506,"LOD_vs_CN",27,"study_3_Soma"
"DPY30",0.251972049105571,0.122967736357067,4.19877283467661,0.0551317076648837,0.509569945411267,"LOD_vs_CN",27,"study_3_Soma"
"CERT1",0.0724098250050682,0.102132244167014,0.502654119494523,0.490281852368398,0.910735020939784,"LOD_vs_CN",27,"study_3_Soma"
"GNPNAT1",0.0883065622362391,0.0913123008648348,0.935249282733824,0.342808856881156,0.880227508319868,"LOD_vs_CN",27,"study_3_Soma"
"RBM46",-0.010876640240526,0.0345085709558625,0.0993426127323787,0.755265863186411,0.968460397141196,"LOD_vs_CN",27,"study_3_Soma"
"KIF3A",-0.0728219947344453,0.130987362683918,0.309076756233143,0.583190208570755,0.927420331680395,"LOD_vs_CN",27,"study_3_Soma"
"TTL",-0.0444235033567466,0.0775709770947468,0.327964688659719,0.573478117491111,0.925543460543702,"LOD_vs_CN",27,"study_3_Soma"
"NMRAL1",0.0118290973192288,0.0450064182127756,0.0690803145915751,0.794996383557567,0.975460906519396,"LOD_vs_CN",27,"study_3_Soma"
"ADSS1",-0.0784702030054207,0.136230092935902,0.331790117694989,0.569919757424383,0.925543460543702,"LOD_vs_CN",27,"study_3_Soma"
"IL17B",-0.073652620252922,0.223701250624224,0.108402570247722,0.74497639634569,0.968214902910038,"LOD_vs_CN",27,"study_3_Soma"
"IBSP",-0.0863326373143138,0.140648073655922,0.376775313108159,0.544880917380628,0.91950222461731,"LOD_vs_CN",27,"study_3_Soma"
"COPS2",-0.138086579497021,0.133999200279482,1.06193645779372,0.313473480418186,0.875071488671862,"LOD_vs_CN",27,"study_3_Soma"
"FGF7",-0.0247796297891814,0.076357571476643,0.105313831296892,0.748887708705777,0.968214902910038,"LOD_vs_CN",27,"study_3_Soma"
"IL15RA",0.0498085733943583,0.123398006668491,0.16292657099019,0.689972484162179,0.960643215713691,"LOD_vs_CN",27,"study_3_Soma"
"TNFSF15",-0.0258248762770137,0.0759529992983813,0.115607668429789,0.736688421204962,0.968214902910038,"LOD_vs_CN",27,"study_3_Soma"
"MAGI2",0.380871671517209,0.134581467081261,8.00915737311533,0.0102532471158524,0.239342220996321,"LOD_vs_CN",27,"study_3_Soma"
"ITSN1",0.134100761966696,0.0641134939005514,4.37485437970872,0.0543014869279172,0.506286166750669,"LOD_vs_CN",27,"study_3_Soma"
"ULBP1",0.0812216928096374,0.0535963706108052,2.29653627867428,0.142309655952309,0.727145011064567,"LOD_vs_CN",27,"study_3_Soma"
"SEPHS1",0.0834065609767283,0.11020046559568,0.572840309363411,0.45894293711783,0.910735020939784,"LOD_vs_CN",27,"study_3_Soma"
"IL13",0.190638150962663,0.096921232163995,3.86884900907151,0.0609142836814031,0.536649804994841,"LOD_vs_CN",27,"study_3_Soma"
"CBR3",0.279992840664933,0.109757961321366,6.50761407757015,0.0194525742506744,0.333678049315231,"LOD_vs_CN",27,"study_3_Soma"
"CARS1",-0.0562066184393313,0.0851643385824281,0.435571403604332,0.515378107473483,0.910735020939784,"LOD_vs_CN",27,"study_3_Soma"
"MTHFS",-0.304486088826764,0.1693623902636,3.23222036685338,0.0847978461349494,0.61712265232288,"LOD_vs_CN",27,"study_3_Soma"
"HHLA2",-0.0273121148056603,0.0454808311199405,0.360623375222587,0.554214373962307,0.91950222461731,"LOD_vs_CN",27,"study_3_Soma"
"ISG15",0.043276217641588,0.108673888760252,0.158579913434273,0.693909428796248,0.960643215713691,"LOD_vs_CN",27,"study_3_Soma"
"CDKN3",0.0193698508081068,0.0552618007774476,0.122857729684866,0.729795940309973,0.968214902910038,"LOD_vs_CN",27,"study_3_Soma"
"RFFL",0.0566627135946405,0.0959891244334242,0.348458191113558,0.562650553317025,0.921751426488629,"LOD_vs_CN",27,"study_3_Soma"
"RBP7",-0.0536734692214287,0.0822053067153837,0.426304214429609,0.523668280636819,0.910735020939784,"LOD_vs_CN",27,"study_3_Soma"
"SRXN1",0.0704959720811775,0.130056746482389,0.293807471776695,0.59316827206394,0.930487710451967,"LOD_vs_CN",27,"study_3_Soma"
"AGAP2",0.142985777001289,0.0546591516916114,6.84321059175056,0.0153542602559352,0.301633181689011,"LOD_vs_CN",27,"study_3_Soma"
"SMC3",-0.13879884431354,0.279401739243651,0.246782005735063,0.624876657415565,0.943510647032567,"LOD_vs_CN",27,"study_3_Soma"
"UBE2E1",0.179529099700106,0.134013981571071,1.79460752864491,0.194798773917142,0.775023525388298,"LOD_vs_CN",27,"study_3_Soma"
"RALA",0.132314388721782,0.107935361946735,1.50274968313195,0.234502198019937,0.824772729350965,"LOD_vs_CN",27,"study_3_Soma"
"FAM210A",-0.0949535806529509,0.107202350393109,0.784538170271061,0.391154519739762,0.898271847795756,"LOD_vs_CN",27,"study_3_Soma"
"KIAA0040",0.00952153737842565,0.0642195484711637,0.021982630391068,0.883369196317626,0.981719966549872,"LOD_vs_CN",27,"study_3_Soma"
"KRTAP2-4",-0.0536558481086331,0.0932913509314553,0.3307892319844,0.57087450650536,0.925543460543702,"LOD_vs_CN",27,"study_3_Soma"
"RNF8",-0.00349611643411052,0.1109721216554,0.000992530810421518,0.975159447871323,0.994392792947044,"LOD_vs_CN",27,"study_3_Soma"
"SKIL",-0.0798501421168538,0.0642425459088313,1.54491965968092,0.229390805033914,0.8198617425618,"LOD_vs_CN",27,"study_3_Soma"
"AKT2",-0.0369662459301487,0.0782530706153582,0.223155667334335,0.642830129437564,0.94807703935471,"LOD_vs_CN",27,"study_3_Soma"
"SEC13",0.132286720525984,0.136913597451415,0.933553768905259,0.34451773245885,0.880227508319868,"LOD_vs_CN",27,"study_3_Soma"
"ARHGAP5",-0.00251787027193728,0.0400549618580982,0.00395142784031852,0.950381332929718,0.990994566041652,"LOD_vs_CN",27,"study_3_Soma"
"CCDC134",0.0930132454550172,0.152268566824891,0.373137653579915,0.549017094008878,0.91950222461731,"LOD_vs_CN",27,"study_3_Soma"
"S100A5",-0.0173102593358587,0.0692424635959264,0.0624974252833296,0.804809737582937,0.976515831849209,"LOD_vs_CN",27,"study_3_Soma"
"AGO1",0.0514393469203993,0.0556143383239575,0.855494739016799,0.368466993188936,0.882004075013637,"LOD_vs_CN",27,"study_3_Soma"
"TXNL4B",0.104394262332353,0.0462685802778346,5.09073994771779,0.034152419629494,0.40533158636814,"LOD_vs_CN",27,"study_3_Soma"
"CRADD",-0.0722084696771024,0.126888989418139,0.323838444655838,0.576994427239293,0.925543460543702,"LOD_vs_CN",27,"study_3_Soma"
"AGO3",-0.00582368601976846,0.0971438254991274,0.00359389596147464,0.952714480888138,0.990994566041652,"LOD_vs_CN",27,"study_3_Soma"
"GBP1",-0.0917239093639495,0.1825358191681,0.252504379319329,0.619790958663957,0.943510647032567,"LOD_vs_CN",27,"study_3_Soma"
"RBBP4",0.145912596190637,0.0956692677419039,2.32616581948971,0.139880212479756,0.726196297906266,"LOD_vs_CN",27,"study_3_Soma"
"SDF2",-0.0334453362211082,0.0845403228927918,0.15651044560831,0.695745690280457,0.960643215713691,"LOD_vs_CN",27,"study_3_Soma"
"APOA5",-0.155345389248924,0.117697512729552,1.74205621408845,0.204045060538295,0.791294403584976,"LOD_vs_CN",27,"study_3_Soma"
"BMPER",0.113163103194833,0.0663583640198929,2.90816039447296,0.101305088007805,0.645365879380401,"LOD_vs_CN",27,"study_3_Soma"
"BOLA1",0.0644401996305888,0.105916778414045,0.370155518851261,0.548410100492884,0.91950222461731,"LOD_vs_CN",27,"study_3_Soma"
"MAPK10",0.352364355531604,0.135625960057161,6.74991475773397,0.0211481365288127,0.343943579824,"LOD_vs_CN",27,"study_3_Soma"
"OTC",0.214942879003159,0.214980848140164,0.999646798453459,0.338782570043581,0.880227508319868,"LOD_vs_CN",27,"study_3_Soma"
"NRG1",-0.02229904337295,0.0473720108866917,0.221579115119697,0.642379402868202,0.94807703935471,"LOD_vs_CN",27,"study_3_Soma"
"PNLIPRP2",-0.53134768430701,0.206133602087092,6.64446471637763,0.0227447350804703,0.351389675301179,"LOD_vs_CN",27,"study_3_Soma"
"REG3G",-0.154100049619405,0.111803649022576,1.89973752250673,0.183470944309106,0.770545398613304,"LOD_vs_CN",27,"study_3_Soma"
"VNN2",0.477983845602566,0.383200998376486,1.55586952482454,0.229120673484999,0.8198617425618,"LOD_vs_CN",27,"study_3_Soma"
"AOC1",-0.021708577740255,0.270972981290164,0.00641816330532056,0.937507178872123,0.990246756207585,"LOD_vs_CN",27,"study_3_Soma"
"ADH1C",0.00988608460985407,0.230454646075548,0.00184025374331974,0.966296346510011,0.994392792947044,"LOD_vs_CN",27,"study_3_Soma"
"PHGDH",-0.319804856432327,0.145442249655879,4.83491609833079,0.0419920971761865,0.444671280693525,"LOD_vs_CN",27,"study_3_Soma"
"FCN1",-0.0388052534309526,0.062638713312104,0.383791535304476,0.543878830983571,0.91950222461731,"LOD_vs_CN",27,"study_3_Soma"
"MAPK9",0.0487153003115761,0.0892611412544578,0.297855687871649,0.590552322174146,0.93042681161965,"LOD_vs_CN",27,"study_3_Soma"
"KRT19",-0.230551989981674,0.153055702531664,2.26902206931141,0.156030532475592,0.742538159013309,"LOD_vs_CN",27,"study_3_Soma"
"LIN7B",0.251571909232818,0.110948286501948,5.14142012071456,0.0393577826646926,0.435523145196148,"LOD_vs_CN",27,"study_3_Soma"
"XCL2",-0.161144681266958,0.159444248064276,1.02144323889734,0.32463680232718,0.879552531829013,"LOD_vs_CN",27,"study_3_Soma"
"AKT1",0.352681648649587,0.133334677607421,6.99647834431887,0.0155025868988211,0.301633181689011,"LOD_vs_CN",27,"study_3_Soma"
"CD79A",-0.03173903661596,0.0516586742512997,0.377486103004898,0.544714315213646,0.91950222461731,"LOD_vs_CN",27,"study_3_Soma"
"PGR",0.0825552316626137,0.141337531475569,0.34117264079018,0.564784696907968,0.921796992349344,"LOD_vs_CN",27,"study_3_Soma"
"GIP",-0.0723274400144334,0.119466933784799,0.36653103475564,0.550490566737926,0.91950222461731,"LOD_vs_CN",27,"study_3_Soma"
"GHRH",0.00123340203024025,0.0492086387172084,0.000628241491828197,0.980220166372021,0.9951568546215,"LOD_vs_CN",27,"study_3_Soma"
"BPIFA2",0.0187994086320131,0.124327782189595,0.0228639890154134,0.882679145184609,0.981719966549872,"LOD_vs_CN",27,"study_3_Soma"
"MZB1",-0.156757762008433,0.106336127858971,2.17318363263955,0.15579592194687,0.742526614584336,"LOD_vs_CN",27,"study_3_Soma"
"TLR1",0.0233854095348276,0.0699237951246969,0.111851027075947,0.742581105130764,0.968214902910038,"LOD_vs_CN",27,"study_3_Soma"
"NUDT2",0.248008298952357,0.128045549576399,3.75148703811986,0.0642227771131788,0.543804637023533,"LOD_vs_CN",27,"study_3_Soma"
"CHIA",0.0325634671244455,0.079951332672843,0.165886049244216,0.690273290354658,0.960643215713691,"LOD_vs_CN",27,"study_3_Soma"
"GLRX3",0.180917840068316,0.315228685889267,0.329390694042615,0.571295216224262,0.925543460543702,"LOD_vs_CN",27,"study_3_Soma"
"CDH17",-0.310275060992327,0.310549115116851,0.998235814000296,0.338217318545542,0.880227508319868,"LOD_vs_CN",27,"study_3_Soma"
"IL26",-0.183632270028069,0.0933073797434345,3.8731651753677,0.0665861275794332,0.557440931934627,"LOD_vs_CN",27,"study_3_Soma"
"REG1B",-0.368449030124275,0.172814993981223,4.54560814124403,0.04554250945596,0.471342864854887,"LOD_vs_CN",27,"study_3_Soma"
"DEFA5",-0.281271218598162,0.134441280297296,4.37708832414874,0.0473283554133478,0.479747958201495,"LOD_vs_CN",27,"study_3_Soma"
"SIGLEC5",-0.163863407624198,0.64273393428615,0.0649982261004125,0.802901200439772,0.975952178737991,"LOD_vs_CN",27,"study_3_Soma"
"ATXN3",0.0119436316863384,0.158350689122301,0.00568896011786044,0.940484761785233,0.990651785731695,"LOD_vs_CN",27,"study_3_Soma"
"MAPRE3",0.646469676096633,0.196424546855622,10.8319038600039,0.00713151637469627,0.201828224480342,"LOD_vs_CN",27,"study_3_Soma"
"OSBPL9",0.0219106850320845,0.0387502105007655,0.31971556480818,0.577370482392609,0.925543460543702,"LOD_vs_CN",27,"study_3_Soma"
"SULT1E1",-0.106040764214427,0.0561237281094706,3.56987224120076,0.0752202191554219,0.588570370515665,"LOD_vs_CN",27,"study_3_Soma"
"IRF3",-0.101821990146149,0.175229177115368,0.337652771989379,0.566540393484105,0.922503145805585,"LOD_vs_CN",27,"study_3_Soma"
"UBE2G1",-0.00523006880655874,0.103462360964918,0.00255534789916539,0.960169006307732,0.992122934465954,"LOD_vs_CN",27,"study_3_Soma"
"DDOST",0.0715603607745621,0.130381956705834,0.301238207007549,0.588392293729276,0.93042681161965,"LOD_vs_CN",27,"study_3_Soma"
"STATH",0.0208218020874344,0.066615552146259,0.0976979305414651,0.757626023216204,0.969931153821225,"LOD_vs_CN",27,"study_3_Soma"
"PSIP1",0.044835885015333,0.245664619845788,0.0333093581355241,0.856857856589934,0.9765614488149,"LOD_vs_CN",27,"study_3_Soma"
"HIF1AN",0.0789576550804014,0.045181935720754,3.05392816442759,0.092859396044796,0.626008538586947,"LOD_vs_CN",27,"study_3_Soma"
"RAB5A",-0.191542683547077,0.165933402911573,1.33248858121922,0.259508441153028,0.852937301960311,"LOD_vs_CN",27,"study_3_Soma"
"AASDHPPT",0.172461001130984,0.162738003137727,1.12306227814303,0.299758026731229,0.872945881505349,"LOD_vs_CN",27,"study_3_Soma"
"GUK1",0.215278085857334,0.24481187903743,0.773276250330486,0.387590487217809,0.896898971145117,"LOD_vs_CN",27,"study_3_Soma"
"BDH2",0.105331519701453,0.131254134797984,0.644007185775387,0.44045661930298,0.909742253705997,"LOD_vs_CN",27,"study_3_Soma"
"ADPRS",0.32599971450195,0.158301931310175,4.24093887261489,0.0518188686160388,0.498492303292058,"LOD_vs_CN",27,"study_3_Soma"
"ACADM",-0.0217426932612073,0.048964946138205,0.197176936963248,0.661930010717117,0.951452828928935,"LOD_vs_CN",27,"study_3_Soma"
"YY1",-0.0917750202356897,0.0738185357296705,1.54567479623129,0.225473083230929,0.8198617425618,"LOD_vs_CN",27,"study_3_Soma"
"AGR3",-0.157416768809357,0.0877653958662387,3.21703181004574,0.0950474667891615,0.630626138572071,"LOD_vs_CN",27,"study_3_Soma"
"STOML1",0.0101576067393232,0.0759133162084334,0.0179038677911215,0.894712566622206,0.982199751471484,"LOD_vs_CN",27,"study_3_Soma"
"AIDA",-0.347837629516489,0.337658182465383,1.06120324325029,0.313854595843223,0.875071488671862,"LOD_vs_CN",27,"study_3_Soma"
"CHMP2B",-0.0748366583213276,0.104689243267194,0.511004414897496,0.483285443390119,0.910735020939784,"LOD_vs_CN",27,"study_3_Soma"
"VHL",0.0685981155086637,0.0507705395596708,1.82557976202245,0.189348219497297,0.770545398613304,"LOD_vs_CN",27,"study_3_Soma"
"DCUN1D1",-0.162774094701119,0.189950783968469,0.734325139705833,0.39963899263333,0.898271847795756,"LOD_vs_CN",27,"study_3_Soma"
"AKR1C3",-0.0873992452181307,0.120996238839246,0.52176101117828,0.476944169886048,0.910735020939784,"LOD_vs_CN",27,"study_3_Soma"
"ACOT8",-0.0199998670820989,0.0687881315169662,0.0845331773091254,0.77424804788597,0.971508377808393,"LOD_vs_CN",27,"study_3_Soma"
"ACADSB",-0.00183079627845828,0.0510424831461016,0.00128651973851199,0.971672408897555,0.994392792947044,"LOD_vs_CN",27,"study_3_Soma"
"ARL5B",-0.0534477152339345,0.0838744090818857,0.406068538866186,0.533726023538512,0.915705174209982,"LOD_vs_CN",27,"study_3_Soma"
"UCHL5",-0.0735654348563237,0.0596770110748298,1.51961470079316,0.231864316849304,0.821154025785241,"LOD_vs_CN",27,"study_3_Soma"
"MX1",-0.123144153745499,0.113364317439745,1.17998053209023,0.288553488002732,0.86728764533152,"LOD_vs_CN",27,"study_3_Soma"
"DHRS9",-0.243956613295282,0.158710095012489,2.36274083962772,0.137264176753223,0.720805972507073,"LOD_vs_CN",27,"study_3_Soma"
"NAALADL1",-0.0307534855765867,0.0896176780491554,0.117760954269189,0.736477746679719,0.968214902910038,"LOD_vs_CN",27,"study_3_Soma"
"HPD",0.0614484335872989,0.13310040777086,0.213138969211894,0.649983353589249,0.949819932283813,"LOD_vs_CN",27,"study_3_Soma"
"NMI",-0.221332602114046,0.135133263690517,2.68266379498452,0.114385569394753,0.679001151177612,"LOD_vs_CN",27,"study_3_Soma"
"RAB21",-0.238034850278282,0.259662642168688,0.84035376132785,0.370682269352388,0.883671112571017,"LOD_vs_CN",27,"study_3_Soma"
"ING4",-0.132278168048886,0.124156240306789,1.13511336621072,0.300418185797928,0.872945881505349,"LOD_vs_CN",27,"study_3_Soma"
"ACOT13",-0.0533162802482234,0.208566329788306,0.0653478474611644,0.80181786093566,0.975763071187121,"LOD_vs_CN",27,"study_3_Soma"
"BTN3A3",-0.00805438977219985,0.0708985055563802,0.0129059840152975,0.910527707262153,0.985091408641775,"LOD_vs_CN",27,"study_3_Soma"
"PSME2",-0.386822740987439,0.382630481156309,1.02203288089225,0.321780941354459,0.879552531829013,"LOD_vs_CN",27,"study_3_Soma"
"OVCA2",-0.0965684687077788,0.178175347594919,0.293748366493501,0.592636336695305,0.930487710451967,"LOD_vs_CN",27,"study_3_Soma"
"PPP1R1A",0.370204877363291,0.11872135451534,9.72358884074384,0.00900479641204192,0.226750700202441,"LOD_vs_CN",27,"study_3_Soma"
"GAS7",0.119369056882586,0.0377340686666863,10.0072846769111,0.00415643810728572,0.146952768231953,"LOD_vs_CN",27,"study_3_Soma"
"SAR1A",-0.119965627458897,0.114376869005136,1.1001128867262,0.307362151428977,0.873728142462107,"LOD_vs_CN",27,"study_3_Soma"
"CHMP2A",-0.141158590784134,0.274791017571073,0.263881876350209,0.612756706755083,0.942247800325381,"LOD_vs_CN",27,"study_3_Soma"
"HADH",-0.0365469537297454,0.0883716480730936,0.171031639167708,0.682956779384038,0.958943763058136,"LOD_vs_CN",27,"study_3_Soma"
"RAB11A",-0.132155353679931,0.140789495287868,0.881107744584083,0.357861388195995,0.880227508319868,"LOD_vs_CN",27,"study_3_Soma"
"CRYBB1",0.0858147224679424,0.110713912287536,0.600785177449441,0.44882492097482,0.910735020939784,"LOD_vs_CN",27,"study_3_Soma"
"UGDH",-0.00453420648566549,0.0923649074304137,0.00240984210970493,0.961631089544842,0.992816823312932,"LOD_vs_CN",27,"study_3_Soma"
"DCXR",-0.21838088126362,0.236664640661617,0.851456521358905,0.364967889319935,0.881546306680628,"LOD_vs_CN",27,"study_3_Soma"
"RHOC",-0.0312878613501617,0.137090779840419,0.0520877098290276,0.823027091254513,0.976515831849209,"LOD_vs_CN",27,"study_3_Soma"
"SNUPN",-0.06508966763242,0.0602522946664842,1.16701630834518,0.29228483971841,0.868090905472196,"LOD_vs_CN",27,"study_3_Soma"
"NCF1",-0.272642745929383,0.178094771309734,2.3436111517333,0.139164023908166,0.724831512147095,"LOD_vs_CN",27,"study_3_Soma"
"PCNP",-0.0726760196324419,0.102348117847783,0.504222877005308,0.484450024461029,0.910735020939784,"LOD_vs_CN",27,"study_3_Soma"
"SDSL",0.0255322987213304,0.0453992220135964,0.31628821671877,0.579033691570914,0.926338041842812,"LOD_vs_CN",27,"study_3_Soma"
"ALDH5A1",0.179669209686591,0.0988375628380823,3.304480999892,0.0869415541973804,0.621371891585896,"LOD_vs_CN",27,"study_3_Soma"
"PMM2",-0.153111510695791,0.22043468382248,0.482453904722738,0.494889764345125,0.910735020939784,"LOD_vs_CN",27,"study_3_Soma"
"NANS",-0.288059614605061,0.346112124406246,0.692677569780003,0.413382414339801,0.90281758949983,"LOD_vs_CN",27,"study_3_Soma"
"PNPO",0.00870446614890774,0.0591958568419442,0.0216222885597685,0.884275784352545,0.981719966549872,"LOD_vs_CN",27,"study_3_Soma"
"NCALD",0.0584892934814523,0.0694380563281351,0.709508559422645,0.408788451683555,0.901472887292334,"LOD_vs_CN",27,"study_3_Soma"
"EEF1D",0.123313894670449,0.166837684265602,0.5463056884299,0.469831852970037,0.910735020939784,"LOD_vs_CN",27,"study_3_Soma"
"S100A16",0.141377237855725,0.141791009799446,0.994172152191751,0.340577957582987,0.880227508319868,"LOD_vs_CN",27,"study_3_Soma"
"CLIC2",-0.296249567139975,0.263236226305702,1.26655524129441,0.271946678247768,0.856832982301835,"LOD_vs_CN",27,"study_3_Soma"
"PPCS",-0.132226100064467,0.167054893416427,0.626492641653924,0.436436826392108,0.90631491610517,"LOD_vs_CN",27,"study_3_Soma"
"PPME1",0.0167832907505341,0.211599744968151,0.00629106187548424,0.937415159538665,0.990246756207585,"LOD_vs_CN",27,"study_3_Soma"
"AKR7A3",0.0451099519884073,0.0414230274336984,1.18593546534011,0.296458519768466,0.87139186233415,"LOD_vs_CN",27,"study_3_Soma"
"SARS1",-0.0774224706645974,0.0902499362985987,0.735936332677516,0.400463324455533,0.898271847795756,"LOD_vs_CN",27,"study_3_Soma"
"TSSC4",0.11497317369118,0.0831603885828876,1.91143713612055,0.181299726131182,0.770545398613304,"LOD_vs_CN",27,"study_3_Soma"
"GMPS",-0.141932286903478,0.231303928971321,0.376527222975437,0.545029589441278,0.91950222461731,"LOD_vs_CN",27,"study_3_Soma"
"TARS1",0.0450465949792083,0.0998194177766014,0.203654435220546,0.656250287815125,0.950227300069273,"LOD_vs_CN",27,"study_3_Soma"
"GATM",0.104042046856565,0.104372054405358,0.9936863208177,0.332660707928942,0.880227508319868,"LOD_vs_CN",27,"study_3_Soma"
"VPS25",-0.161511831019556,0.16249566697593,0.987927584295076,0.330933148352154,0.880227508319868,"LOD_vs_CN",27,"study_3_Soma"
"CARD18",0.0390374806273979,0.0558387534755056,0.488756036232297,0.493245188254971,0.910735020939784,"LOD_vs_CN",27,"study_3_Soma"
"TCEA1",-0.30874075099991,0.261415399211506,1.3948438066895,0.24899755849507,0.837323020049667,"LOD_vs_CN",27,"study_3_Soma"
"ADH6",-0.0664300356261194,0.282960885648779,0.0551158054477173,0.817662500712011,0.976515831849209,"LOD_vs_CN",27,"study_3_Soma"
"GCLM",-0.290209442533627,0.38742040323973,0.561123038514787,0.461077355093951,0.910735020939784,"LOD_vs_CN",27,"study_3_Soma"
"IL11RA",-0.0126916900878289,0.0872585301408254,0.0211554920690191,0.886161477582013,0.981719966549872,"LOD_vs_CN",27,"study_3_Soma"
"SRA1",0.074489490639114,0.0410981932551913,3.28506940234715,0.0823960499135622,0.606318775642935,"LOD_vs_CN",27,"study_3_Soma"
"CHMP1A",-0.162730497108065,0.197992098363283,0.675526181022372,0.419619517974597,0.903057347565788,"LOD_vs_CN",27,"study_3_Soma"
"PIP4K2B",-0.290050735694514,0.243533887980373,1.41849934047093,0.244865345301945,0.834100717558634,"LOD_vs_CN",27,"study_3_Soma"
"OMP",0.124527077245824,0.133517825231063,0.869859458651931,0.362091363134597,0.880227508319868,"LOD_vs_CN",27,"study_3_Soma"
"CPOX",0.0455576590394049,0.0428627613165827,1.1296983857981,0.298419632474087,0.872945881505349,"LOD_vs_CN",27,"study_3_Soma"
"SSBP1",-0.0661777386764086,0.0485350085640665,1.85914654938836,0.186711776550594,0.770545398613304,"LOD_vs_CN",27,"study_3_Soma"
"SRP19",-0.0690506449834594,0.0746108113353917,0.856509045479456,0.363596165881972,0.880227508319868,"LOD_vs_CN",27,"study_3_Soma"
"GAGE2A",-0.00555652503864046,0.146359748618819,0.00144132938743966,0.970017559217649,0.994392792947044,"LOD_vs_CN",27,"study_3_Soma"
"TRIAP1",-0.0131166524985815,0.04213817750262,0.0968934744447231,0.758481994724926,0.970638423021334,"LOD_vs_CN",27,"study_3_Soma"
"DTD2",0.164503296214269,0.128176332483171,1.64715142804362,0.211946766073618,0.796481501649154,"LOD_vs_CN",27,"study_3_Soma"
"WWC1",0.278441478359905,0.0857805439188542,10.5363519836448,0.00407870095893391,0.146952768231953,"LOD_vs_CN",27,"study_3_Soma"
"ZWINT",-0.0572998720395397,0.0934379277747923,0.376063260990205,0.55118915169228,0.91950222461731,"LOD_vs_CN",27,"study_3_Soma"
"PURB",-0.0936732698282015,0.194040521481456,0.233048597873363,0.633649286027572,0.945832209832414,"LOD_vs_CN",27,"study_3_Soma"
"NAIF1",0.0852762637881348,0.159015151619191,0.287593663682764,0.596664804037754,0.931706075836298,"LOD_vs_CN",27,"study_3_Soma"
"BCCIP",0.0187006933622804,0.0392787777571399,0.226672840819957,0.638528844198413,0.947131374650522,"LOD_vs_CN",27,"study_3_Soma"
"PPA2",-0.0118896164321871,0.0928397228263624,0.0164009127397241,0.899283467099929,0.983030808180147,"LOD_vs_CN",27,"study_3_Soma"
"STXBP6",0.0698203213889688,0.0991757171989439,0.495624752232714,0.492739777576834,0.910735020939784,"LOD_vs_CN",27,"study_3_Soma"
"SH3GL3",0.089781127602274,0.0597817881088062,2.25544535467794,0.147763414542541,0.732453693583292,"LOD_vs_CN",27,"study_3_Soma"
"PDHX",0.168028896535969,0.0725864078471247,5.35867405388205,0.036528072204554,0.424242348005443,"LOD_vs_CN",27,"study_3_Soma"
"MTHFD2",-0.152715539793327,0.0850218996252639,3.22630079373439,0.0884239634888748,0.623430771359851,"LOD_vs_CN",27,"study_3_Soma"
"JMJD6",-0.0977850514084899,0.117792054218154,0.689148706758026,0.414421695467543,0.90281758949983,"LOD_vs_CN",27,"study_3_Soma"
"CRMP1",-0.0123047509786316,0.0410710289370721,0.0897582737382874,0.766966707230338,0.970935975797025,"LOD_vs_CN",27,"study_3_Soma"
"MAGEA8",0.451594315736804,0.12990634012033,12.0847101565912,0.00212378810520748,0.103339801916189,"LOD_vs_CN",27,"study_3_Soma"
"CDA",-0.0778833684726852,0.112701305497235,0.477563976281416,0.503709049738867,0.910735020939784,"LOD_vs_CN",27,"study_3_Soma"
"FKBP3",0.0272490649515085,0.248338033050377,0.0120397296279244,0.913582460467225,0.986985474875564,"LOD_vs_CN",27,"study_3_Soma"
"AKR1C4",-0.0441667944048501,0.060644141276901,0.530412875263403,0.474085365796299,0.910735020939784,"LOD_vs_CN",27,"study_3_Soma"
"ARF4",0.0018698219477562,0.0571035844673671,0.00107219497045666,0.974264754693986,0.994392792947044,"LOD_vs_CN",27,"study_3_Soma"
"ARL15",0.0461779067687864,0.0983535548531815,0.220438964428386,0.646111522470165,0.948139799526934,"LOD_vs_CN",27,"study_3_Soma"
"ARL4D",-0.011835381770859,0.0591374807881248,0.0400533552790677,0.843079572867801,0.976515831849209,"LOD_vs_CN",27,"study_3_Soma"
"ARL6",-0.0175341180873136,0.10672564942873,0.026991700217862,0.870840009789677,0.980269747028295,"LOD_vs_CN",27,"study_3_Soma"
"MVD",-0.074582470774053,0.130129009049187,0.328492371156937,0.57181461947999,0.925543460543702,"LOD_vs_CN",27,"study_3_Soma"
"CBX1",-0.0266038107891715,0.0948588212872093,0.0786560717719292,0.781504338058127,0.971822571787274,"LOD_vs_CN",27,"study_3_Soma"
"SGTB",0.067893133416681,0.0926358756436688,0.537147159474644,0.473981402126556,0.910735020939784,"LOD_vs_CN",27,"study_3_Soma"
"SERPINB13",-0.0934898335960996,0.0538753009316507,3.01126762893495,0.0960827742079587,0.630950127139737,"LOD_vs_CN",27,"study_3_Soma"
"CNN2",0.0353058014144718,0.159690957783975,0.0488800337183196,0.827452312604639,0.976515831849209,"LOD_vs_CN",27,"study_3_Soma"
"GSTM4",0.0264943038571754,0.0811155759417792,0.106683317754124,0.750648873871939,0.968214902910038,"LOD_vs_CN",27,"study_3_Soma"
"HDAC2",-0.143224374680533,0.175096919837172,0.669078164450945,0.422381647560228,0.903526259129452,"LOD_vs_CN",27,"study_3_Soma"
"CAMK4",0.0403912140476814,0.0409031509969666,0.975124982864887,0.334796114840032,0.880227508319868,"LOD_vs_CN",27,"study_3_Soma"
"KIR3DL1",-0.069353596560445,0.135601828552594,0.261581414399076,0.614709310251235,0.942247800325381,"LOD_vs_CN",27,"study_3_Soma"
"LIN7A",0.28404076684538,0.104116092972991,7.44261626740107,0.0179134898439653,0.329237589201155,"LOD_vs_CN",27,"study_3_Soma"
"PAFAH2",-0.0685954084822225,0.0491431883518494,1.94833411112601,0.175603132886119,0.766137542932891,"LOD_vs_CN",27,"study_3_Soma"
"PHEX",0.0191530569042992,0.0387357824477434,0.244484613360347,0.627240476865195,0.944091502527403,"LOD_vs_CN",27,"study_3_Soma"
"TLR5",0.027346750652649,0.142076616766174,0.0370481262455454,0.849184428537455,0.976515831849209,"LOD_vs_CN",27,"study_3_Soma"
"RAC2",-0.214486396671997,0.168022116200353,1.62954593019723,0.213674098645011,0.799216102300287,"LOD_vs_CN",27,"study_3_Soma"
"TCEAL3",0.311078026513741,0.0678358990315469,21.0290425640055,0.000318276963231648,0.0380389399189477,"LOD_vs_CN",27,"study_3_Soma"
"TK2",-0.0180289520556309,0.0485076054956548,0.138140585972553,0.713850533678771,0.961958557310867,"LOD_vs_CN",27,"study_3_Soma"
"DAO",0.0127871158499229,0.0463025003949354,0.0762669381753809,0.785017687303984,0.972180993920227,"LOD_vs_CN",27,"study_3_Soma"
"MYL12B",-0.00568957531679271,0.0577044187617015,0.00972168533358977,0.922262944145219,0.989143784591966,"LOD_vs_CN",27,"study_3_Soma"
"NFKBID",-0.0140409732650459,0.0484984095067436,0.0838184127290304,0.774857478533421,0.971508377808393,"LOD_vs_CN",27,"study_3_Soma"
"UBLCP1",-0.10926853315765,0.210843137401993,0.268578526051054,0.609466317232092,0.941126645344389,"LOD_vs_CN",27,"study_3_Soma"
"POLR2K",0.0207019402731259,0.0425061255285278,0.237202390599778,0.632525592704275,0.945700439309025,"LOD_vs_CN",27,"study_3_Soma"
"NT5C3B",0.0744452595248069,0.0461902962356257,2.59760194866638,0.120040418319653,0.691833180585183,"LOD_vs_CN",27,"study_3_Soma"
"HSF2BP",-0.0420406740442507,0.0487631159848135,0.743286837475532,0.397238293879906,0.898271847795756,"LOD_vs_CN",27,"study_3_Soma"
"CYB5R2",0.0185465546714294,0.252984052553099,0.00537452636442084,0.942637080669653,0.990651785731695,"LOD_vs_CN",27,"study_3_Soma"
"TIMM8A",0.079004760143194,0.0581925623886995,1.84319615621958,0.192258348507635,0.772549915587386,"LOD_vs_CN",27,"study_3_Soma"
"PRPSAP2",-0.290482862600798,0.327831763403961,0.785125299197244,0.3841111293635,0.893134047760115,"LOD_vs_CN",27,"study_3_Soma"
"PCLAF",0.410530470518047,0.198944274157656,4.25821813923689,0.0509131773110341,0.494894653619109,"LOD_vs_CN",27,"study_3_Soma"
"USP15",-0.17846464197963,0.368879295733061,0.234064639993013,0.632832689218672,0.945700439309025,"LOD_vs_CN",27,"study_3_Soma"
"LRRC59",-0.0278627950786854,0.0609134621948901,0.209229439939188,0.653696311856593,0.950143205052207,"LOD_vs_CN",27,"study_3_Soma"
"PSTPIP1",-0.119839495581378,0.0682345122287973,3.08454962730828,0.0913224249242604,0.625948194572407,"LOD_vs_CN",27,"study_3_Soma"
"FIBP",-0.100724582303753,0.0675051700735482,2.22636762806341,0.150123017201222,0.73297194201955,"LOD_vs_CN",27,"study_3_Soma"
"ZFAND1",-0.187181925009066,0.23768758597333,0.620175804863806,0.438492872696202,0.909403506408855,"LOD_vs_CN",27,"study_3_Soma"
"MOB1B",-0.178374113682235,0.208673445242042,0.730683471668268,0.404006309144165,0.899827089158456,"LOD_vs_CN",27,"study_3_Soma"
"NAP1L4",-0.317096662822458,0.483065804217783,0.430894303217212,0.519026093508053,0.910735020939784,"LOD_vs_CN",27,"study_3_Soma"
"UBE2L6",0.147077123922749,0.158457411466638,0.861519562128807,0.365755472514108,0.881594367610718,"LOD_vs_CN",27,"study_3_Soma"
"HOPX",0.310001744087318,0.0762632542984703,16.5233311728328,0.000424105255544983,0.0467685726632019,"LOD_vs_CN",27,"study_3_Soma"
"ACAT1",-0.0520631728754735,0.188256105542104,0.0764826844995842,0.785464895900858,0.972180993920227,"LOD_vs_CN",27,"study_3_Soma"
"RAB5B",-0.348573876354953,0.310912726815255,1.25693457512439,0.274396494285984,0.857611163165124,"LOD_vs_CN",27,"study_3_Soma"
"EIF1AY",-0.295065188085347,0.313771491979463,0.884319054670001,0.356457244383268,0.880227508319868,"LOD_vs_CN",27,"study_3_Soma"
"BAG2",0.0267804314912485,0.0479923400751323,0.311380411041907,0.581974750658559,0.927420331680395,"LOD_vs_CN",27,"study_3_Soma"
"HOMER1",0.355956259883483,0.0816321055273509,19.0139029588851,0.000530444698291775,0.0518534436127767,"LOD_vs_CN",27,"study_3_Soma"
"KARS1",-0.163902186951621,0.25712638160698,0.406327503876883,0.530409453740836,0.915125967620135,"LOD_vs_CN",27,"study_3_Soma"
"MYCBP",-0.118222354768003,0.0743266507375622,2.529939199739,0.126299642256223,0.698799750753287,"LOD_vs_CN",27,"study_3_Soma"
"EIF2S1",-0.282347757193847,0.299920602818126,0.886249664900592,0.355709892216326,0.880227508319868,"LOD_vs_CN",27,"study_3_Soma"
"SDCBP2",-0.101851681227924,0.125420766915711,0.659473729966346,0.428597035860967,0.905805769364954,"LOD_vs_CN",27,"study_3_Soma"
"EIF4E",-0.368664651631513,0.504606825801847,0.533773188324744,0.472875995158835,0.910735020939784,"LOD_vs_CN",27,"study_3_Soma"
"G3BP1",-0.0388696504927584,0.134183404749174,0.0839119196098347,0.774958684111698,0.971508377808393,"LOD_vs_CN",27,"study_3_Soma"
"YARS1",-0.31975197338382,0.191244038904153,2.79544307442315,0.107426071559857,0.659718023855182,"LOD_vs_CN",27,"study_3_Soma"
"GNAI1",0.00521070065580709,0.0661676993391643,0.00620154901039738,0.9380450789462,0.990246756207585,"LOD_vs_CN",27,"study_3_Soma"
"PEF1",0.122577693276931,0.133290945971418,0.845710238430151,0.368086688048552,0.881753729123049,"LOD_vs_CN",27,"study_3_Soma"
"SNTA1",0.0467014106464392,0.0563584268139205,0.686660830353985,0.416978152936845,0.903057347565788,"LOD_vs_CN",27,"study_3_Soma"
"IDH3G",-0.012464524092155,0.0510663843592337,0.0595773501973427,0.809159208005867,0.976515831849209,"LOD_vs_CN",27,"study_3_Soma"
"SNRPG",-0.0228500523122026,0.0822840473438344,0.0771157535181007,0.78380429735374,0.972180993920227,"LOD_vs_CN",27,"study_3_Soma"
"TSTD1",0.105078784308028,0.062919777674646,2.78904627826409,0.107625454678343,0.659718023855182,"LOD_vs_CN",27,"study_3_Soma"
"RAB1B",-0.391683220620086,0.312043040221959,1.57558171888557,0.22279231611546,0.817716800780763,"LOD_vs_CN",27,"study_3_Soma"
"RAB13",-0.00900680603751081,0.107586448821179,0.00700852255183157,0.93396371302452,0.990246756207585,"LOD_vs_CN",27,"study_3_Soma"
"CASQ2",-0.000473569881510372,0.0432658141195315,0.00011980595013325,0.991353840518838,0.998942154264497,"LOD_vs_CN",27,"study_3_Soma"
"PPP1CC",0.016906164192914,0.13391932242497,0.0159368937943749,0.900898971532505,0.983030808180147,"LOD_vs_CN",27,"study_3_Soma"
"MYL7",-0.0132776773982197,0.0678533533439614,0.0382914307573939,0.846586586194814,0.976515831849209,"LOD_vs_CN",27,"study_3_Soma"
"G6PD",-0.176155853905421,0.331052324077915,0.283139771832787,0.599465125059392,0.932301249405294,"LOD_vs_CN",27,"study_3_Soma"
"PET117",-0.0860124095429011,0.117542039044942,0.535470793233058,0.472444379680317,0.910735020939784,"LOD_vs_CN",27,"study_3_Soma"
"CRYGS",0.025225008398607,0.0759801427336463,0.110220513212964,0.744320362891436,0.968214902910038,"LOD_vs_CN",27,"study_3_Soma"
"EBAG9",-0.0543438413290787,0.0466484083276528,1.3571473631292,0.255067450691935,0.846167746175113,"LOD_vs_CN",27,"study_3_Soma"
"HIPK3",0.0434703715698301,0.0735693684490114,0.349134405903524,0.561931549291416,0.921751426488629,"LOD_vs_CN",27,"study_3_Soma"
"MOB4",-0.319153199930394,0.144889308598626,4.85205512495461,0.0488634153333922,0.483793195777673,"LOD_vs_CN",27,"study_3_Soma"
"PCNA",-0.0960759326278353,0.0940424743762057,1.0437130724057,0.317729763325943,0.877460952604805,"LOD_vs_CN",27,"study_3_Soma"
"BCAT2",-0.0367056397624825,0.0525863834384332,0.487213135391509,0.493697455556753,0.910735020939784,"LOD_vs_CN",27,"study_3_Soma"
"KAT2A",0.0634325244722671,0.0556507428715218,1.2992180911136,0.265402651464032,0.854740865440055,"LOD_vs_CN",27,"study_3_Soma"
"RAB3D",-0.0385231469493386,0.0423244094814922,0.828441220400445,0.374200038687799,0.885856565776024,"LOD_vs_CN",27,"study_3_Soma"
"GMPR2",-0.113109393169156,0.124594992883734,0.824130838648322,0.372851443236644,0.885856565776024,"LOD_vs_CN",27,"study_3_Soma"
"HSD17B8",-0.124679534049974,0.171938989809896,0.525825446797943,0.47937033949404,0.910735020939784,"LOD_vs_CN",27,"study_3_Soma"
"DTYMK",-0.254371183905077,0.194256392932911,1.71468829062079,0.203718904393472,0.791294403584976,"LOD_vs_CN",27,"study_3_Soma"
"KLB",-0.135494497696534,0.0838076484042739,2.61382200010872,0.122651771829075,0.691833180585183,"LOD_vs_CN",27,"study_3_Soma"
"DOK2",-0.108011866685795,0.0534278719492305,4.08702402430072,0.054144645625994,0.506286166750669,"LOD_vs_CN",27,"study_3_Soma"
"ASB9",0.694165248310375,0.198172165834265,12.2698830789018,0.00351101591569982,0.136929620712293,"LOD_vs_CN",27,"study_3_Soma"
"JUND",-0.0017545770017362,0.0558987212493993,0.000985237920794262,0.975211364914206,0.994392792947044,"LOD_vs_CN",27,"study_3_Soma"
"RDH10",-0.117988117681817,0.0679403200228398,3.01593077523985,0.0990079916663257,0.639651631007898,"LOD_vs_CN",27,"study_3_Soma"
"HLA-G",0.217807849891644,0.166845061007198,1.7041991547941,0.207394552692021,0.794690159337105,"LOD_vs_CN",27,"study_3_Soma"
"IAPP",0.0852886403556159,0.140635773870975,0.367782251845288,0.55038277184927,0.91950222461731,"LOD_vs_CN",27,"study_3_Soma"
"RGS21",-0.190781743657359,0.0905226597491098,4.44180016095428,0.052539103182748,0.498492303292058,"LOD_vs_CN",27,"study_3_Soma"
"ALDH1A2",-0.0843921126081373,0.369729730843599,0.0520996695089876,0.823304771090992,0.976515831849209,"LOD_vs_CN",27,"study_3_Soma"
"ASF1B",0.00129919123901701,0.0617659818597633,0.00044243295414278,0.983407258127526,0.996178780960351,"LOD_vs_CN",27,"study_3_Soma"
"FZD5",0.0598112429717297,0.0945850100921065,0.39987202924809,0.533597435568376,0.915705174209982,"LOD_vs_CN",27,"study_3_Soma"
"KRAS",-0.0106204792729887,0.12821919401818,0.00686091669568684,0.934667594884931,0.990246756207585,"LOD_vs_CN",27,"study_3_Soma"
"MNDA",-0.761465915187109,0.368977991352294,4.25892519163859,0.049686852087977,0.490427632646144,"LOD_vs_CN",27,"study_3_Soma"
"MYL6B",0.0493633498438513,0.0558800389016887,0.780361523192007,0.389033714448879,0.898271847795756,"LOD_vs_CN",27,"study_3_Soma"
"PCK2",-0.123133465541105,0.0589139523894252,4.36833449933633,0.0535895873511776,0.502579179909284,"LOD_vs_CN",27,"study_3_Soma"
"RAB6A",-0.259768677712144,0.256558776628573,1.02517926887329,0.322132180392367,0.879552531829013,"LOD_vs_CN",27,"study_3_Soma"
"UBE2E3",0.144544663012605,0.105261798241579,1.88565636700928,0.183722980172806,0.770545398613304,"LOD_vs_CN",27,"study_3_Soma"
"OGG1",-0.0495138407609055,0.0808636815579179,0.3749265635357,0.547775101960007,0.91950222461731,"LOD_vs_CN",27,"study_3_Soma"
"DCPS",-0.1368945110285,0.0945380770543992,2.09680740208757,0.160817361989544,0.754096662232495,"LOD_vs_CN",27,"study_3_Soma"
"MYL4",0.0707743384872757,0.0864973927974573,0.669492325921071,0.42109967893394,0.903526259129452,"LOD_vs_CN",27,"study_3_Soma"
"OXSR1",-0.295802059072954,0.416136991415123,0.505277244112011,0.484322145013634,0.910735020939784,"LOD_vs_CN",27,"study_3_Soma"
"EIF4EBP2",-0.0227500669730443,0.0895496832835567,0.0645412319121357,0.801578976215952,0.975763071187121,"LOD_vs_CN",27,"study_3_Soma"
"CSNK1G1",-0.11467348765563,0.166779916415902,0.472757621294286,0.500842941650838,0.910735020939784,"LOD_vs_CN",27,"study_3_Soma"
"RNGTT",-0.22318098296992,0.146730655260298,2.31351680292959,0.14900817354498,0.732857404838999,"LOD_vs_CN",27,"study_3_Soma"
"TCEA2",-0.192420590171017,0.104403318852289,3.39683518645787,0.0799524078778371,0.605895261595552,"LOD_vs_CN",27,"study_3_Soma"
"RAB8B",-0.396368185334971,0.27970120537156,2.00820896179483,0.169590161446848,0.763545546200691,"LOD_vs_CN",27,"study_3_Soma"
"CAPN9",0.0194229344908541,0.121090228783568,0.0257283237088081,0.874434227064248,0.980673137549799,"LOD_vs_CN",27,"study_3_Soma"
"COL9A3",-0.0374019110756834,0.0845942794626842,0.195481469625677,0.663207685710342,0.95186715416842,"LOD_vs_CN",27,"study_3_Soma"
"IFIH1",0.0498603530657,0.0813245334992206,0.375895855595757,0.546876101029188,0.91950222461731,"LOD_vs_CN",27,"study_3_Soma"
"HSPA6",0.032806348606564,0.0745547280053482,0.193626774413509,0.664342554128803,0.95186715416842,"LOD_vs_CN",27,"study_3_Soma"
"LMNB2",-0.178229393237164,0.127202095472999,1.96322522550337,0.174175165181375,0.763545546200691,"LOD_vs_CN",27,"study_3_Soma"
"PDE4C",-0.146254862308499,0.155479986760489,0.884854037073817,0.357571675806764,0.880227508319868,"LOD_vs_CN",27,"study_3_Soma"
"COQ9",-0.0816640477063162,0.150537763982574,0.294286867535951,0.593556888468421,0.930487710451967,"LOD_vs_CN",27,"study_3_Soma"
"LZTFL1",-0.00570478262961949,0.0944556434627851,0.00364772744097365,0.95282323400528,0.990994566041652,"LOD_vs_CN",27,"study_3_Soma"
"PTRHD1",-0.316302708331962,0.415230939996851,0.580265043011839,0.454475661355087,0.910735020939784,"LOD_vs_CN",27,"study_3_Soma"
"CHCHD7",0.432062967554579,0.0900708528111298,23.0104726192625,7.09104342398836e-05,0.0151181045799432,"LOD_vs_CN",27,"study_3_Soma"
"TSR2",0.0540730653287538,0.0559295583193766,0.934714974508581,0.347117900285178,0.880227508319868,"LOD_vs_CN",27,"study_3_Soma"
"POP7",-0.140606689024704,0.166799514135025,0.710595414850284,0.413802718212526,0.90281758949983,"LOD_vs_CN",27,"study_3_Soma"
"TRAPPC2",-0.0117405668955364,0.0683080411645389,0.0295416311872293,0.865619361968775,0.977829921949816,"LOD_vs_CN",27,"study_3_Soma"
"TTC33",0.0270113902851259,0.0569176807196219,0.225216127033001,0.640485985037489,0.947836270314619,"LOD_vs_CN",27,"study_3_Soma"
"CIB1",-0.0658357549733779,0.0843419912728527,0.609306680598957,0.446878886309554,0.910735020939784,"LOD_vs_CN",27,"study_3_Soma"
"PGPEP1",0.00312817645174679,0.0541427417568999,0.00333812039370026,0.954701557596828,0.990994566041652,"LOD_vs_CN",27,"study_3_Soma"
"TPGS2",-0.0352629553165862,0.0493255973239383,0.511084496787242,0.484953851064046,0.910735020939784,"LOD_vs_CN",27,"study_3_Soma"
"POLR2E",-0.0271781617529303,0.0465795006812249,0.340447775382369,0.565288166767791,0.921872288283221,"LOD_vs_CN",27,"study_3_Soma"
"RCAN3",-0.163491187826854,0.143539852014729,1.29730983349708,0.271192773524292,0.855343590386265,"LOD_vs_CN",27,"study_3_Soma"
"AP1AR",0.578835930017881,0.233358512494597,6.15267063193675,0.0246062261726334,0.360966565596704,"LOD_vs_CN",27,"study_3_Soma"
"IFT22",-0.068236811384927,0.0726062239047369,0.88326240994465,0.360549956955478,0.880227508319868,"LOD_vs_CN",27,"study_3_Soma"
"COA4",0.0722095460670946,0.0707513731712472,1.04164439977684,0.318901011333015,0.878738813696181,"LOD_vs_CN",27,"study_3_Soma"
"IFT20",-0.0309903639924363,0.0467327051691609,0.439755734825923,0.513801816798781,0.910735020939784,"LOD_vs_CN",27,"study_3_Soma"
"IMPACT",-0.0954883062557155,0.134182038476079,0.506420886758177,0.483604537331704,0.910735020939784,"LOD_vs_CN",27,"study_3_Soma"
"TNFRSF25",-0.144962428253002,0.213705525648815,0.460128789569616,0.51397616280997,0.910735020939784,"LOD_vs_CN",27,"study_3_Soma"
"SEMA5B",0.153016296126911,0.138718338136253,1.21676754204635,0.283642877638243,0.864397138018359,"LOD_vs_CN",27,"study_3_Soma"
"IL12A",-0.228493204735713,0.164039711880987,1.94020930102105,0.175997088901929,0.766810204779792,"LOD_vs_CN",27,"study_3_Soma"
"SCARB1",-0.0895175359916092,0.0727277392124831,1.51501196992387,0.232695763775798,0.823187005038718,"LOD_vs_CN",27,"study_3_Soma"
"IL17RE",-0.0189080792548078,0.0488772662634223,0.149651478870802,0.703259135316152,0.960643215713691,"LOD_vs_CN",27,"study_3_Soma"
"SIGLEC11",-0.194021369989257,0.141021232942775,1.89291066833121,0.181812660485412,0.770545398613304,"LOD_vs_CN",27,"study_3_Soma"
"CD1B",-0.0114457521541578,0.0526898390799825,0.0471883650607926,0.830173010779166,0.976515831849209,"LOD_vs_CN",27,"study_3_Soma"
"CHRNB3",0.0210639152750991,0.0413454995479911,0.259550405287811,0.615318127199111,0.942247800325381,"LOD_vs_CN",27,"study_3_Soma"
"VSTM1",-0.0537815958620813,0.0718888766928805,0.55968539574161,0.461450161557117,0.910735020939784,"LOD_vs_CN",27,"study_3_Soma"
"B3GALT5",0.0880266194822799,0.132732651814,0.439817499845096,0.51489021236747,0.910735020939784,"LOD_vs_CN",27,"study_3_Soma"
"EIF1",-0.0320115814901616,0.0706368561163429,0.205376873279432,0.656896755399995,0.950227300069273,"LOD_vs_CN",27,"study_3_Soma"
"NECAP2",-0.0423510299903569,0.126146168138778,0.112714510267034,0.740069767601049,0.968214902910038,"LOD_vs_CN",27,"study_3_Soma"
"SNRPC",0.0110109906280496,0.0424732768931907,0.0672080427798308,0.797579367067167,0.97574891682183,"LOD_vs_CN",27,"study_3_Soma"
"GIPC2",-0.228669681612161,0.179864173149453,1.61632184676924,0.216391678339627,0.805347124613443,"LOD_vs_CN",27,"study_3_Soma"
"MDP1",0.397087993773612,0.164305006193654,5.84079441175456,0.0257351636929064,0.367391105160356,"LOD_vs_CN",27,"study_3_Soma"
"TCEAL7",-0.0263173861267711,0.0447528363141134,0.345815436210347,0.561956234947999,0.921751426488629,"LOD_vs_CN",27,"study_3_Soma"
"AUH",-0.0623654279557178,0.0703083026506452,0.786818543394676,0.384664199343924,0.893359556646236,"LOD_vs_CN",27,"study_3_Soma"
"CCDC69",0.0274203155142363,0.115025820786217,0.0568269325002388,0.813539422130637,0.976515831849209,"LOD_vs_CN",27,"study_3_Soma"
"RAB24",0.0309987373334932,0.0836382403994692,0.137365677789265,0.714775982889229,0.962464670854634,"LOD_vs_CN",27,"study_3_Soma"
"PDCL3",0.00844754178687701,0.0627557452595949,0.0181198131363335,0.893998231173314,0.982199751471484,"LOD_vs_CN",27,"study_3_Soma"
"TATDN3",0.239529355054945,0.095621788018387,6.27485608675833,0.0231876331503211,0.352569758244936,"LOD_vs_CN",27,"study_3_Soma"
"EMG1",-0.094144543556042,0.0654914172257581,2.0664339631944,0.163021130520363,0.759490086027701,"LOD_vs_CN",27,"study_3_Soma"
"DNAJB8",0.279374330555934,0.148570224314416,3.53597708174261,0.0717688816083652,0.575230284169303,"LOD_vs_CN",27,"study_3_Soma"
"NAA50",-0.311927363868363,0.261090522724014,1.42733111894271,0.243513488299575,0.833175877690612,"LOD_vs_CN",27,"study_3_Soma"
"DR1",-0.060913963773948,0.0848834504262118,0.514976808719259,0.479730582160838,0.910735020939784,"LOD_vs_CN",27,"study_3_Soma"
"PRTFDC1",0.0856580093306896,0.0617215914119661,1.92602413097706,0.186630199474472,0.770545398613304,"LOD_vs_CN",27,"study_3_Soma"
"ECHDC1",0.00505616973413048,0.0929116397275368,0.00296144069467183,0.957212983616131,0.991631720636342,"LOD_vs_CN",27,"study_3_Soma"
"MMACHC",-0.103268074734547,0.0685729281679646,2.26791498709027,0.144710792059165,0.727145011064567,"LOD_vs_CN",27,"study_3_Soma"
"ADAT2",-0.0115728095918453,0.0607134392592715,0.0363335593629644,0.850464233628843,0.976515831849209,"LOD_vs_CN",27,"study_3_Soma"
"PFDN4",0.168483824819841,0.0920764507987343,3.34826085165736,0.0823294632023457,0.606318775642935,"LOD_vs_CN",27,"study_3_Soma"
"RAB23",-0.176811249256501,0.191797885365479,0.849830191659717,0.373306557600193,0.885856565776024,"LOD_vs_CN",27,"study_3_Soma"
"EXOSC5",-0.0113176923387446,0.0384358892921455,0.0867045523022636,0.771058940853576,0.971508377808393,"LOD_vs_CN",27,"study_3_Soma"
"DBNDD1",0.0361813044278776,0.044331698110134,0.666100418041399,0.423814012083833,0.904339329609003,"LOD_vs_CN",27,"study_3_Soma"
"NUDT21",0.238663243174314,0.134531449343635,3.147193414781,0.0934079341722325,0.626008538586947,"LOD_vs_CN",27,"study_3_Soma"
"RCAN2",0.176311486788666,0.0816091624788232,4.6674897586167,0.0406036311090646,0.440039886160286,"LOD_vs_CN",27,"study_3_Soma"
"LSM3",0.0103982183398967,0.060336467198642,0.0297001135028711,0.864561965106939,0.977829921949816,"LOD_vs_CN",27,"study_3_Soma"
"RP9",0.0813996209923236,0.131464573223029,0.383378093836383,0.543796294810588,0.91950222461731,"LOD_vs_CN",27,"study_3_Soma"
"PLEKHF2",-0.297309112706182,0.281037050032797,1.11915254157251,0.300269604475646,0.872945881505349,"LOD_vs_CN",27,"study_3_Soma"
"POLR2J2",0.135837239421968,0.18415509649663,0.544089329789616,0.480331839654301,0.910735020939784,"LOD_vs_CN",27,"study_3_Soma"
"NUDCD2",-0.106958896430555,0.193452320139389,0.305693314802234,0.585316986717165,0.929877656990309,"LOD_vs_CN",27,"study_3_Soma"
"MAGOH",-0.218543773916045,0.258883645012605,0.712635818972547,0.406718971855356,0.901472887292334,"LOD_vs_CN",27,"study_3_Soma"
"UBL5",0.0228415915486586,0.10137172606445,0.0507713884026508,0.824154417309173,0.976515831849209,"LOD_vs_CN",27,"study_3_Soma"
"UNC119B",0.061840890395656,0.07459864671597,0.687210157166409,0.417538884133659,0.903057347565788,"LOD_vs_CN",27,"study_3_Soma"
"CFAP36",-0.111928655091418,0.200113478209328,0.312845483596432,0.582698261799127,0.927420331680395,"LOD_vs_CN",27,"study_3_Soma"
"UBE2Z",0.163308014985465,0.105397099567734,2.40080938791563,0.141036155296226,0.727145011064567,"LOD_vs_CN",27,"study_3_Soma"
"HSPBP1",-0.0419780273182466,0.122748994687796,0.116952137526271,0.735317617957719,0.968214902910038,"LOD_vs_CN",27,"study_3_Soma"
"BCDIN3D",-0.626999800865336,0.360794281385853,3.02005960992184,0.110284480220709,0.669240546007262,"LOD_vs_CN",27,"study_3_Soma"
"EED",-0.0703668829644704,0.0624340985040269,1.27026091858805,0.270465088163882,0.855343590386265,"LOD_vs_CN",27,"study_3_Soma"
"YAE1",-0.00590132293762746,0.0795828701905269,0.00549869417767158,0.941714477195797,0.990651785731695,"LOD_vs_CN",27,"study_3_Soma"
"CDK2",-0.241763096653959,0.248155798744534,0.949141938804269,0.339294919555753,0.880227508319868,"LOD_vs_CN",27,"study_3_Soma"
"MAD2L1BP",0.0290683949975605,0.0845964645212716,0.118069487866742,0.734500740389193,0.968214902910038,"LOD_vs_CN",27,"study_3_Soma"
"ITPK1",-0.108833416551045,0.217195626028808,0.251085929364787,0.623029294418777,0.943510647032567,"LOD_vs_CN",27,"study_3_Soma"
"TYW5",-0.0524614226486371,0.0600875852443211,0.762273153649982,0.391645833418377,0.898271847795756,"LOD_vs_CN",27,"study_3_Soma"
"PSMG2",-0.0381853008925743,0.070291319395037,0.295113477490155,0.592404482409426,0.930487710451967,"LOD_vs_CN",27,"study_3_Soma"
"NPM2",-0.0348962066800018,0.0427106941326421,0.667549049152771,0.423722634962987,0.904339329609003,"LOD_vs_CN",27,"study_3_Soma"
"CAMLG",0.0925727693912792,0.0713547255515967,1.68314306595136,0.206854225770995,0.794690159337105,"LOD_vs_CN",27,"study_3_Soma"
"LRATD2",0.107236895647306,0.0782562585941951,1.87780419710832,0.184452083636329,0.770545398613304,"LOD_vs_CN",27,"study_3_Soma"
"EYA2",0.159236898246662,0.163571578195475,0.947701855692212,0.341959483062163,0.880227508319868,"LOD_vs_CN",27,"study_3_Soma"
"BACC1",-0.052742900039668,0.0581063836980582,0.823911028106968,0.374034924909717,0.885856565776024,"LOD_vs_CN",27,"study_3_Soma"
"HYKK",-0.15709194406414,0.0810692341951294,3.75487675969209,0.0680194570002019,0.559193376572354,"LOD_vs_CN",27,"study_3_Soma"
"CHMP6",-0.0390055349392497,0.0784324763520119,0.247320788436655,0.625417890473972,0.943882215071148,"LOD_vs_CN",27,"study_3_Soma"
"TBCEL",-0.346770315536563,0.516774650866696,0.450278719916282,0.50903637985497,0.910735020939784,"LOD_vs_CN",27,"study_3_Soma"
"TBC1D13",-0.0846476415693935,0.0801577819343932,1.11516297651059,0.301322435753814,0.872945881505349,"LOD_vs_CN",27,"study_3_Soma"
"CTDSP1",-0.0498521711212723,0.123955170131302,0.161747978883943,0.692618725277512,0.960643215713691,"LOD_vs_CN",27,"study_3_Soma"
"TLNRD1",0.0534060241461516,0.136026558050433,0.154146290332406,0.699197627615168,0.960643215713691,"LOD_vs_CN",27,"study_3_Soma"
"ELAVL2",0.463787422741535,0.137129356135843,11.4387102793081,0.00281210645515014,0.121528600588786,"LOD_vs_CN",27,"study_3_Soma"
"CIAO1",-0.396778885510279,0.404121936553304,0.963989393528045,0.336558932738101,0.880227508319868,"LOD_vs_CN",27,"study_3_Soma"
"PLCXD3",0.277905552796036,0.237401596706741,1.37033634872327,0.267783427507026,0.855343590386265,"LOD_vs_CN",27,"study_3_Soma"
"RWDD4",-0.136772083083539,0.159788531989355,0.732662070949172,0.400908477798436,0.898271847795756,"LOD_vs_CN",27,"study_3_Soma"
"NUBP1",0.173375142809364,0.169435657219062,1.04704184956688,0.31901681135124,0.878738813696181,"LOD_vs_CN",27,"study_3_Soma"
"POU6F1",1.13669376389418,0.94762143330961,1.43885557777317,0.263505005114706,0.853351649936884,"LOD_vs_CN",27,"study_3_Soma"
"SAMSN1",-0.101199791200084,0.0667808976184601,2.29643801998914,0.143676923053928,0.727145011064567,"LOD_vs_CN",27,"study_3_Soma"
"HAX1",0.443554530149649,0.11633383398687,14.5372398463828,0.000801944347926471,0.0637863290920845,"LOD_vs_CN",27,"study_3_Soma"
"COASY",-0.0353050068992058,0.136558002889453,0.0668402842112282,0.798701072730594,0.97574891682183,"LOD_vs_CN",27,"study_3_Soma"
"TMIGD2",-0.0948546853466343,0.134505672549155,0.497320515029542,0.490011617162086,0.910735020939784,"LOD_vs_CN",27,"study_3_Soma"
"ASB13",0.0451577093234938,0.0920310056815232,0.240766174141036,0.628395667207943,0.944091502527403,"LOD_vs_CN",27,"study_3_Soma"
"KPNA5",0.0153007611474703,0.102497768522375,0.0222842104040868,0.882537605061564,0.981719966549872,"LOD_vs_CN",27,"study_3_Soma"
"TMED9",-0.0700929100835168,0.169593743576317,0.170815992519411,0.683236665373104,0.958943763058136,"LOD_vs_CN",27,"study_3_Soma"
"PADI4",-0.377590658670207,0.297126310511034,1.61495439507066,0.215635407463886,0.804669816883905,"LOD_vs_CN",27,"study_3_Soma"
"CDK5RAP3",-0.121148721637214,0.148374380282083,0.666683697736694,0.426528359463162,0.905781976374608,"LOD_vs_CN",27,"study_3_Soma"
"AMT",0.0806637552495495,0.0999405173771906,0.651438896488221,0.43547877183588,0.90631491610517,"LOD_vs_CN",27,"study_3_Soma"
"CAMK2N2",0.00332106239084951,0.0866182189288835,0.0014700617248232,0.969778889718924,0.994392792947044,"LOD_vs_CN",27,"study_3_Soma"
"HUS1",-0.151700960645218,0.083932992407745,3.26671500905725,0.0829256069490987,0.608247915190866,"LOD_vs_CN",27,"study_3_Soma"
"DHRS4",-0.0257655750977976,0.0589813736894966,0.190831434417796,0.666895846508839,0.951989889018576,"LOD_vs_CN",27,"study_3_Soma"
"MRTO4",-0.0710389424344537,0.0854125329925924,0.691750962152773,0.415786746197357,0.90281758949983,"LOD_vs_CN",27,"study_3_Soma"
"NKIRAS1",0.00800908813020751,0.0493672497851537,0.026320145019174,0.872598180371471,0.980306475655756,"LOD_vs_CN",27,"study_3_Soma"
"RWDD1",0.266628694789855,0.173936363212131,2.34981138054821,0.138166321822018,0.723168407834393,"LOD_vs_CN",27,"study_3_Soma"
"TBCC",0.0670509448128769,0.0816416208020226,0.674507165496977,0.419398145863387,0.903057347565788,"LOD_vs_CN",27,"study_3_Soma"
"PHOSPHO2",0.0867879237667717,0.261390658599042,0.110239813964317,0.747019781579991,0.968214902910038,"LOD_vs_CN",27,"study_3_Soma"
"HLF",0.00702117422644388,0.0448555672215541,0.0245011683293641,0.876906502218944,0.980887207245815,"LOD_vs_CN",27,"study_3_Soma"
"CHMP4A",-0.108279163897342,0.25923608429726,0.174461210454491,0.679742679632455,0.957628673772948,"LOD_vs_CN",27,"study_3_Soma"
"ARC",-0.0136448571966881,0.056447323093329,0.0584320720898135,0.811298670453784,0.976515831849209,"LOD_vs_CN",27,"study_3_Soma"
"RDH12",-0.0315977130671765,0.106114071794764,0.0886676795348921,0.76845303338811,0.971202524821033,"LOD_vs_CN",27,"study_3_Soma"
"STYX",-0.0153940307416418,0.050101663559413,0.0944061759813803,0.761403821822973,0.97068453644305,"LOD_vs_CN",27,"study_3_Soma"
"B9D2",-0.0471586559659345,0.0841778182056729,0.313853884306156,0.581704479380323,0.927420331680395,"LOD_vs_CN",27,"study_3_Soma"
"FBLIM1",0.389616120408652,0.448496547180005,0.754667465136092,0.409078260540011,0.901472887292334,"LOD_vs_CN",27,"study_3_Soma"
"SPECC1",0.0371012843252885,0.058988703036759,0.395585343247442,0.535197918211727,0.915705174209982,"LOD_vs_CN",27,"study_3_Soma"
"TXNRD3",-0.0469660806755918,0.0499326098317757,0.884708312151858,0.356726488217025,0.880227508319868,"LOD_vs_CN",27,"study_3_Soma"
"CYTH3",0.0962153259258054,0.0988558652668116,0.947291471143763,0.346338184708467,0.880227508319868,"LOD_vs_CN",27,"study_3_Soma"
"NRBF2",-0.0680201647001892,0.0514981125217259,1.74458741269565,0.200559548654263,0.786159435950593,"LOD_vs_CN",27,"study_3_Soma"
"RTCA",-0.584322582065891,0.469315709471023,1.5501551159937,0.22489541844944,0.8198617425618,"LOD_vs_CN",27,"study_3_Soma"
"SKA1",-0.0923017484631705,0.0636951444585213,2.09994152713631,0.163691770757611,0.759490086027701,"LOD_vs_CN",27,"study_3_Soma"
"QTRT2",-0.0208782101967531,0.0542609110693467,0.14805134877469,0.704355249937887,0.960643215713691,"LOD_vs_CN",27,"study_3_Soma"
"RAB3IL1",-0.078290824764049,0.0756028255863165,1.07237253390901,0.31156918448814,0.87460875612855,"LOD_vs_CN",27,"study_3_Soma"
"PNPT1",-0.103488512362001,0.0927969273686244,1.24370418392085,0.279166110336114,0.857611163165124,"LOD_vs_CN",27,"study_3_Soma"
"ETNK2",-0.0462346672893794,0.101498616088505,0.207498629172177,0.652886436870691,0.950143205052207,"LOD_vs_CN",27,"study_3_Soma"
"ELAC1",-0.0134534175763346,0.0930726449923396,0.0208939779680691,0.887088245023781,0.981719966549872,"LOD_vs_CN",27,"study_3_Soma"
"NARS1",0.0330480297383264,0.19182372963126,0.0296815436842572,0.865365448320596,0.977829921949816,"LOD_vs_CN",27,"study_3_Soma"
"STK3",-0.034865201357678,0.0549672375065057,0.402324549077787,0.533142375204907,0.915705174209982,"LOD_vs_CN",27,"study_3_Soma"
"DCT",-0.0215808992364792,0.0802523759690338,0.0723141483410144,0.791406632490314,0.975383062567416,"LOD_vs_CN",27,"study_3_Soma"
"PLA2G4A",-0.0736052008390402,0.142437188928835,0.26703624718314,0.610828515678503,0.941865763326834,"LOD_vs_CN",27,"study_3_Soma"
"KLK2",0.0141482626248948,0.110183437038061,0.0164882131992071,0.89918713466435,0.983030808180147,"LOD_vs_CN",27,"study_3_Soma"
"MAEA",0.0219676333485301,0.0672128232499583,0.106822384072129,0.748470827477444,0.968214902910038,"LOD_vs_CN",27,"study_3_Soma"
"ALDH7A1",0.0399670574866207,0.0712378349790257,0.314762456514921,0.580874560523638,0.927420331680395,"LOD_vs_CN",27,"study_3_Soma"
"AGO2",-0.264428456642225,0.480358157758232,0.303030288487543,0.587275196776429,0.929900552467138,"LOD_vs_CN",27,"study_3_Soma"
"COMMD8",0.0444094917401445,0.0647271868395763,0.470736789573763,0.499556788550802,0.910735020939784,"LOD_vs_CN",27,"study_3_Soma"
"ST8SIA1",-0.143779733373268,0.121911353848492,1.39093565340851,0.257455892436527,0.849994918635336,"LOD_vs_CN",27,"study_3_Soma"
"EDEM2",-0.0228022574403148,0.0443039893635032,0.26489271884813,0.612170563805955,0.942247800325381,"LOD_vs_CN",27,"study_3_Soma"
"TPH1",-0.15685872253317,0.139394511798468,1.26626906501835,0.271206504268816,0.855343590386265,"LOD_vs_CN",27,"study_3_Soma"
"BMF",-0.0372830571649141,0.0828964633694265,0.202279107345141,0.658463424222072,0.950255428999181,"LOD_vs_CN",27,"study_3_Soma"
"CPLX3",0.0468879977006829,0.0797280293491446,0.345860778547595,0.561772500292146,0.921751426488629,"LOD_vs_CN",27,"study_3_Soma"
"SYT6",0.0412911479244151,0.0994304077249688,0.172454873925273,0.681697958798955,0.958943763058136,"LOD_vs_CN",27,"study_3_Soma"
"MUSTN1",0.231378117928768,0.148292701495132,2.4344732920448,0.133545486077262,0.715024700409544,"LOD_vs_CN",27,"study_3_Soma"
"ADGRD1",0.0349147655049435,0.263108847876736,0.0176095133202879,0.895896396198349,0.982199751471484,"LOD_vs_CN",27,"study_3_Soma"
"ACOX1",-0.0543046435828769,0.090664496353483,0.358756210987821,0.554587471835751,0.91950222461731,"LOD_vs_CN",27,"study_3_Soma"
"SCGB1D1",-0.00137886350647953,0.0862086230221814,0.000255823913569099,0.987424585114073,0.998035342349812,"LOD_vs_CN",27,"study_3_Soma"
"PLA2G12A",-0.0542356655978367,0.0806161750243907,0.452611486882869,0.508337387109413,0.910735020939784,"LOD_vs_CN",27,"study_3_Soma"
"STK10",-0.318239124214053,0.187186389130894,2.89040438730261,0.101863269041253,0.647631678715564,"LOD_vs_CN",27,"study_3_Soma"
"RPL26L1",-0.236024666801847,0.157667027553358,2.24095443536666,0.146917938627272,0.732453693583292,"LOD_vs_CN",27,"study_3_Soma"
"ANKRA2",-0.0199467457759024,0.0706658770621819,0.0796754634030024,0.780084565789055,0.971822571787274,"LOD_vs_CN",27,"study_3_Soma"
"CCDC43",0.111579985232275,0.102617995959271,1.18229415130338,0.290052030683143,0.86763984345542,"LOD_vs_CN",27,"study_3_Soma"
"CTNNBIP1",0.255845163936843,0.110342511228662,5.37611682093434,0.0319123904233577,0.397104375773922,"LOD_vs_CN",27,"study_3_Soma"
"STX17",-0.23365381889834,0.344605927471009,0.459727285529711,0.504979111041398,0.910735020939784,"LOD_vs_CN",27,"study_3_Soma"
"TXNL4A",-0.0320970807922958,0.067199810238949,0.228136606644342,0.639281329951491,0.947306686632411,"LOD_vs_CN",27,"study_3_Soma"
"URM1",0.0617238786220415,0.15327247804997,0.162172816468439,0.692828100035339,0.960643215713691,"LOD_vs_CN",27,"study_3_Soma"
"CEP20",-0.148963475795089,0.0931274903841145,2.55860824552209,0.122260665432283,0.691833180585183,"LOD_vs_CN",27,"study_3_Soma"
"PDE1B",0.350876587753355,0.108617708124917,10.4353618312328,0.00492553536620632,0.160733286746202,"LOD_vs_CN",27,"study_3_Soma"
"SERPINB2",-0.058798770243774,0.087222854061262,0.45443931804071,0.506475728702994,0.910735020939784,"LOD_vs_CN",27,"study_3_Soma"
"ADGRF2P",0.00484696415726749,0.0636802607259682,0.00579335245219422,0.939951265279151,0.990651785731695,"LOD_vs_CN",27,"study_3_Soma"
"LILRA1",-0.0556419810787609,0.235612618627876,0.0557709543583624,0.815247089561009,0.976515831849209,"LOD_vs_CN",27,"study_3_Soma"
"UBE2Q2",0.0905448540135811,0.0687946209660227,1.7322819546671,0.208707163521217,0.794690159337105,"LOD_vs_CN",27,"study_3_Soma"
"ST6GALNAC4",-0.0263427934806177,0.0619034704127228,0.181089662921004,0.674099619058611,0.955572066378297,"LOD_vs_CN",27,"study_3_Soma"
"HS2ST1",0.150422948010842,0.0846647365376227,3.15662556195835,0.0890893879022676,0.623430771359851,"LOD_vs_CN",27,"study_3_Soma"
"OTUD7B",-0.00349141176539636,0.0475163621056347,0.00539903043414088,0.942011198079236,0.990651785731695,"LOD_vs_CN",27,"study_3_Soma"
"WDR48",0.133541677061688,0.137664134010925,0.941005230916124,0.345649772647337,0.880227508319868,"LOD_vs_CN",27,"study_3_Soma"
"RHOT1",0.0761175511084593,0.0476513244683921,2.5516415315811,0.124339991299708,0.692751380098373,"LOD_vs_CN",27,"study_3_Soma"
"USP4",-0.0924034635081865,0.0703004016506385,1.72767037890661,0.201135995818035,0.786348306388844,"LOD_vs_CN",27,"study_3_Soma"
"CYLD",0.0535969184475018,0.0449521617675679,1.4216034782812,0.24511580208784,0.834100717558634,"LOD_vs_CN",27,"study_3_Soma"
"ABHD4",0.0720028580374086,0.06195806881948,1.35052841261878,0.261583134567451,0.853351649936884,"LOD_vs_CN",27,"study_3_Soma"
"ACY3",0.152593680459798,0.0971859824522433,2.46527764454731,0.133735523065748,0.715024700409544,"LOD_vs_CN",27,"study_3_Soma"
"NEIL1",-0.208749065826522,0.0967246928065036,4.65773057298411,0.0486785964332906,0.483793195777673,"LOD_vs_CN",27,"study_3_Soma"
"MYL9",0.142382581844712,0.102740435841163,1.92057344663295,0.182087755132191,0.770545398613304,"LOD_vs_CN",27,"study_3_Soma"
"PPM1G",0.0444036970219113,0.0779995540820682,0.324081336831566,0.575365816967831,0.925543460543702,"LOD_vs_CN",27,"study_3_Soma"
"RHOQ",-0.0304587900670086,0.106519555573135,0.0817648423327051,0.777376351082858,0.971822571787274,"LOD_vs_CN",27,"study_3_Soma"
"UBQLN3",0.121006283720547,0.107767883043065,1.26077370662452,0.275187492731843,0.857611163165124,"LOD_vs_CN",27,"study_3_Soma"
"PSMB10",-0.0409805068869176,0.106243184740017,0.148782718785669,0.704411613773798,0.960643215713691,"LOD_vs_CN",27,"study_3_Soma"
"ZFAND3",0.0632436516262374,0.0731963419773805,0.746543503247633,0.402230938096485,0.898271847795756,"LOD_vs_CN",27,"study_3_Soma"
"PICK1",-0.179487002162556,0.0974220793951544,3.39430776664016,0.0823310378894991,0.606318775642935,"LOD_vs_CN",27,"study_3_Soma"
"NDP",-0.037436355071665,0.0895522135597133,0.174756953457109,0.67971904445643,0.957628673772948,"LOD_vs_CN",27,"study_3_Soma"
"YY2",-0.102555043997739,0.0663541133942605,2.3887920734961,0.134821730565027,0.715024700409544,"LOD_vs_CN",27,"study_3_Soma"
"OTULIN",0.158981884611663,0.0927157817625307,2.94027500965343,0.0995594800740411,0.640452994368549,"LOD_vs_CN",27,"study_3_Soma"
"UBE2D1",-0.321804306125586,0.261338409170525,1.51627235230636,0.229704853450711,0.8198617425618,"LOD_vs_CN",27,"study_3_Soma"
"UBA7",-0.132848721189117,0.0937975312813674,2.00600467282185,0.170471126616261,0.763545546200691,"LOD_vs_CN",27,"study_3_Soma"
"WNT16",-0.040782240952046,0.119485103337722,0.11649697418898,0.735900660947089,0.968214902910038,"LOD_vs_CN",27,"study_3_Soma"
"WNT5B",-0.0513855726549783,0.114503190657871,0.201394323077156,0.658146801017335,0.950227300069273,"LOD_vs_CN",27,"study_3_Soma"
"ARNT",-0.04020763284095,0.074543176931995,0.290938513267572,0.595970934472356,0.931503016942083,"LOD_vs_CN",27,"study_3_Soma"
"ABR",0.239959692782731,0.110743221078234,4.69507238189515,0.0411419405759617,0.440039886160286,"LOD_vs_CN",27,"study_3_Soma"
"PDP1",-0.109365650730102,0.0726692335985851,2.26496097107676,0.144967477071583,0.727145011064567,"LOD_vs_CN",27,"study_3_Soma"
"RASSF2",-0.149400003139572,0.165093039578213,0.818924164216207,0.378563815362243,0.890836704583114,"LOD_vs_CN",27,"study_3_Soma"
"TRIM21",-0.0571619328455526,0.0720921759560272,0.628691433513752,0.435296673692109,0.90631491610517,"LOD_vs_CN",27,"study_3_Soma"
"AADAT",-0.0291817573493898,0.0675010827995829,0.186896601726993,0.669356500506775,0.95201038026565,"LOD_vs_CN",27,"study_3_Soma"
"WAS",0.00751710915810833,0.0436779227971599,0.0296195025874828,0.864816588046661,0.977829921949816,"LOD_vs_CN",27,"study_3_Soma"
"FOXO1",-0.65461991576576,0.273498488779745,5.72886470391423,0.0339730720349797,0.40533158636814,"LOD_vs_CN",27,"study_3_Soma"
"PALMD",0.270832348189307,0.164988712491429,2.69458943981207,0.113476753044188,0.677368185906315,"LOD_vs_CN",27,"study_3_Soma"
"PPP2R5D",0.0176846159187862,0.0962765434847818,0.0337404044661628,0.855819389720431,0.976515831849209,"LOD_vs_CN",27,"study_3_Soma"
"ARHGEF16",-0.0225295566490757,0.0441195733820142,0.2607610266762,0.614532913191078,0.942247800325381,"LOD_vs_CN",27,"study_3_Soma"
"KCTD13",-0.151259681711256,0.107238285350643,1.98951236036995,0.17676276762465,0.769098409338273,"LOD_vs_CN",27,"study_3_Soma"
"BRMS1L",0.834340294097208,0.282638348526465,8.71413457623738,0.00747620363496487,0.207424052189077,"LOD_vs_CN",27,"study_3_Soma"
"BTG1",0.286394553461381,0.151034053279879,3.59566939577889,0.0741184289838095,0.583819546527643,"LOD_vs_CN",27,"study_3_Soma"
"CIMIP6",-0.122341997100373,0.085163524338391,2.06368724505769,0.163274013508134,0.759490086027701,"LOD_vs_CN",27,"study_3_Soma"
"CCNYL1",-0.00820697860297592,0.0431263081784455,0.0362144620432051,0.850618516618302,0.976515831849209,"LOD_vs_CN",27,"study_3_Soma"
"CDK20",0.0018139017345149,0.0495530272112908,0.00133994548761427,0.971091145401061,0.994392792947044,"LOD_vs_CN",27,"study_3_Soma"
"COQ6",0.0411901178237111,0.0471256419827607,0.763961564421869,0.390411530300685,0.898271847795756,"LOD_vs_CN",27,"study_3_Soma"
"LAS2",0.018801961817875,0.0423411496766701,0.197188253553859,0.661637031632992,0.951452828928935,"LOD_vs_CN",27,"study_3_Soma"
"COPS8",-0.198157688692687,0.113310435217129,3.0583137741668,0.0967884400036676,0.63353420400404,"LOD_vs_CN",27,"study_3_Soma"
"DCAF12",0.00810063487780077,0.0427279524572781,0.0359429692728164,0.851188875027125,0.976515831849209,"LOD_vs_CN",27,"study_3_Soma"
"DYTN",-0.012781673937126,0.0452732188220879,0.0797063134906921,0.780081435738062,0.971822571787274,"LOD_vs_CN",27,"study_3_Soma"
"ELL3",0.0442906661186422,0.0496855765324077,0.794627803839598,0.383288025491576,0.893134047760115,"LOD_vs_CN",27,"study_3_Soma"
"PFKFB1",-0.0222153304440411,0.0519825428292754,0.182637736037355,0.673779099928137,0.955541268988994,"LOD_vs_CN",27,"study_3_Soma"
"FAM86B1",0.0133317507690656,0.0287777691966356,0.214615024370251,0.647196164015323,0.948139799526934,"LOD_vs_CN",27,"study_3_Soma"
"GSC2",0.00315594783815598,0.0579045583999913,0.00297053124848542,0.956987114150656,0.991631720636342,"LOD_vs_CN",27,"study_3_Soma"
"GALNT9",0.0269202110168321,0.0666984093852229,0.162901830927299,0.690266022828185,0.960643215713691,"LOD_vs_CN",27,"study_3_Soma"
"GATAD1",0.0418226543936502,0.10713832119251,0.15238194492481,0.700556756093139,0.960643215713691,"LOD_vs_CN",27,"study_3_Soma"
"GEMIN7",0.326157927097729,0.227880234591508,2.04853109625352,0.186647152816411,0.770545398613304,"LOD_vs_CN",27,"study_3_Soma"
"FAM110A",0.00846166027037132,0.0904791097977702,0.00874610186903104,0.926488251947563,0.989367185027217,"LOD_vs_CN",27,"study_3_Soma"
"KRT34",0.0257178937675153,0.0953375243149131,0.0727684385113887,0.78969929072257,0.974094692629214,"LOD_vs_CN",27,"study_3_Soma"
"PWWP3A",-0.0313703821104641,0.074019611005573,0.17961641359046,0.675982248451982,0.956544792278513,"LOD_vs_CN",27,"study_3_Soma"
"ZFP36",-0.0400497256958694,0.0593942600631043,0.45468448931933,0.506311685105569,0.910735020939784,"LOD_vs_CN",27,"study_3_Soma"
"H2AC1",-0.438377100199634,0.201938798789926,4.71255228763812,0.0396430402894562,0.43667768645144,"LOD_vs_CN",27,"study_3_Soma"
"CHN1",0.44441759632386,0.107313595657327,17.1503504565944,0.00200258287966215,0.101994339063196,"LOD_vs_CN",27,"study_3_Soma"
"HES5",-0.00948755757550757,0.0775391370921537,0.0149715554013285,0.904360365614582,0.983053857659903,"LOD_vs_CN",27,"study_3_Soma"
"IP6K2",-0.0505545407819641,0.0622983682821098,0.658517007583602,0.427051855391393,0.905781976374608,"LOD_vs_CN",27,"study_3_Soma"
"KRT71",-0.0561505922985726,0.0735799720803737,0.582357195701003,0.453030864548958,0.910735020939784,"LOD_vs_CN",27,"study_3_Soma"
"KLF9",0.0238916587782256,0.0767273455685053,0.0969599224527269,0.759802203035568,0.97068453644305,"LOD_vs_CN",27,"study_3_Soma"
"LYRM1",0.285741317291329,0.199964072196343,2.04193606707195,0.166190667082986,0.762501915654322,"LOD_vs_CN",27,"study_3_Soma"
"N4BP2L2",0.0668810254791437,0.0968479699047985,0.476897234194529,0.497032031737326,0.910735020939784,"LOD_vs_CN",27,"study_3_Soma"
"NDUFAF5",0.0393367242193055,0.0503036751225383,0.611500690349171,0.441826019290946,0.91052214994514,"LOD_vs_CN",27,"study_3_Soma"
"NFE2L2",0.00915646354318067,0.0465632247761265,0.0386695787366169,0.846561351839881,0.976515831849209,"LOD_vs_CN",27,"study_3_Soma"
"NKD2",-0.0187596946886082,0.040106949446327,0.218782343933182,0.644816167227575,0.94807703935471,"LOD_vs_CN",27,"study_3_Soma"
"PDLIM3",0.0910726645285802,0.130306989233908,0.488473114366809,0.491066311873941,0.910735020939784,"LOD_vs_CN",27,"study_3_Soma"
"PHF11",-0.0434509509742504,0.267557339714542,0.0263733217731284,0.873159144412114,0.980306475655756,"LOD_vs_CN",27,"study_3_Soma"
"PITX2",0.0113327174643256,0.0567156612016586,0.0399265811623392,0.843881546415178,0.976515831849209,"LOD_vs_CN",27,"study_3_Soma"
"PPP4C",0.156444250568688,0.115092079706002,1.8476867256301,0.191438508597508,0.772030706803067,"LOD_vs_CN",27,"study_3_Soma"
"RAD51C",-0.150372130138567,0.140654687316953,1.14294750669244,0.300306228188037,0.872945881505349,"LOD_vs_CN",27,"study_3_Soma"
"FZD9",0.0240814997109933,0.131351069441245,0.0336124240044361,0.856051396960705,0.976515831849209,"LOD_vs_CN",27,"study_3_Soma"
"SLC25A38",-0.0118939691314806,0.0572466594497386,0.0431671439826135,0.837584547021172,0.976515831849209,"LOD_vs_CN",27,"study_3_Soma"
"SAMM50",0.0172133814496451,0.0614940300403838,0.0783549565939202,0.782345871624653,0.972136848152889,"LOD_vs_CN",27,"study_3_Soma"
"SDHB",-0.0499681495118622,0.0435500346603454,1.31646562278548,0.264353334175447,0.853982530042856,"LOD_vs_CN",27,"study_3_Soma"
"SPC25",1.83506633668727,0.416833424118375,19.3811018983046,0.000260920230956254,0.036279256460787,"LOD_vs_CN",27,"study_3_Soma"
"SPATA46",0.163244038777641,0.0924429098777917,3.11836858680846,0.0929261693350979,0.626008538586947,"LOD_vs_CN",27,"study_3_Soma"
"GTF2A2",0.0414286032619042,0.0695062391027716,0.355265473970995,0.560595120700969,0.921751426488629,"LOD_vs_CN",27,"study_3_Soma"
"TADA1",-0.00428730704336822,0.0687461935834471,0.00388930374249959,0.950775951496625,0.990994566041652,"LOD_vs_CN",27,"study_3_Soma"
"THAP11",0.0832769415850301,0.113785568252722,0.535642672781746,0.47316589512955,0.910735020939784,"LOD_vs_CN",27,"study_3_Soma"
"THRB",-0.0765048840647111,0.158532864945131,0.232884029285121,0.636077840981247,0.945997111817053,"LOD_vs_CN",27,"study_3_Soma"
"TMA16",0.0127664389045048,0.0610154795741184,0.0437783595883465,0.83656882747748,0.976515831849209,"LOD_vs_CN",27,"study_3_Soma"
"TRAPPC6B",-0.0392489490971357,0.0555095219285155,0.499943690409547,0.487346181620241,0.910735020939784,"LOD_vs_CN",27,"study_3_Soma"
"FLJ4463",-0.0159021700979949,0.0557370506727689,0.0814000779190797,0.777928138882157,0.971822571787274,"LOD_vs_CN",27,"study_3_Soma"
"TRIM54",-0.13754812825703,0.110875594807013,1.53899583498952,0.226384859172604,0.8198617425618,"LOD_vs_CN",27,"study_3_Soma"
"TRIM9",0.123771511240408,0.0549480806219745,5.07383492776735,0.0361453595228669,0.421871750927476,"LOD_vs_CN",27,"study_3_Soma"
"UNG",-0.534209782865426,0.240715629979415,4.92510045241031,0.0373832633492926,0.426449527214186,"LOD_vs_CN",27,"study_3_Soma"
"ATP6V1C2",-0.054077730485119,0.179079348582912,0.0911897241872252,0.76536591283913,0.970930650512307,"LOD_vs_CN",27,"study_3_Soma"
"VHLL",0.020745863559684,0.0468636440225337,0.19597060066497,0.662112439199822,0.951452828928935,"LOD_vs_CN",27,"study_3_Soma"
"ZCCHC18",0.0103339445616246,0.112677758580838,0.00841115926012686,0.928065557894453,0.989367185027217,"LOD_vs_CN",27,"study_3_Soma"
"MAPK6",-0.436067556796051,0.239798916613419,3.30683952456616,0.0975520717913267,0.634088466643624,"LOD_vs_CN",27,"study_3_Soma"
"GAGE2D",0.332643394569796,0.0896686954068442,13.7618273587257,0.001056034793787,0.073336108103478,"LOD_vs_CN",27,"study_3_Soma"
"GIPC1",0.0464947650414818,0.070292887676557,0.437507341685126,0.515061433459683,0.910735020939784,"LOD_vs_CN",27,"study_3_Soma"
"CXCL2",-0.0244420567276258,0.0653691792129257,0.139807165768787,0.711814587541546,0.961446514776294,"LOD_vs_CN",27,"study_3_Soma"
"CXCL3",-0.0691270280337761,0.0627691391719928,1.21283976077526,0.282436661232055,0.862752699302827,"LOD_vs_CN",27,"study_3_Soma"
"MAGEA6",0.0650719529777408,0.0944697845268132,0.474462434465078,0.499598623370586,0.910735020939784,"LOD_vs_CN",27,"study_3_Soma"
"CCL22",-0.136153453153149,0.133950944371327,1.03315566508484,0.322892926868619,0.879552531829013,"LOD_vs_CN",27,"study_3_Soma"
"MAP3K10",-0.0427939132709456,0.070877215684911,0.364544631760919,0.55180169096008,0.91950222461731,"LOD_vs_CN",27,"study_3_Soma"
"ATP5PB",0.15139975624667,0.219338543904228,0.4764534102728,0.504808623844661,0.910735020939784,"LOD_vs_CN",27,"study_3_Soma"
"TIMM10B",-0.0324929328818691,0.0490965142335987,0.438002418756252,0.514391997864585,0.910735020939784,"LOD_vs_CN",27,"study_3_Soma"
"SPATC1L",-0.268863530441514,0.159073368550703,2.85672765089217,0.103469025452953,0.653940599601862,"LOD_vs_CN",27,"study_3_Soma"
"BLOC1S1",0.0329839961240017,0.0427375733926396,0.595644069748294,0.448906416430191,0.910735020939784,"LOD_vs_CN",27,"study_3_Soma"
"COMTD1",0.0134715009867801,0.109558263418944,0.0151196485062726,0.903574318294865,0.983030808180147,"LOD_vs_CN",27,"study_3_Soma"
"RAB33A",-0.0309319096310512,0.0744427106440027,0.172651004086556,0.682091848232611,0.958943763058136,"LOD_vs_CN",27,"study_3_Soma"
"COMMD10",0.0296536649371264,0.0751740634736762,0.155603979435163,0.699681552126946,0.960643215713691,"LOD_vs_CN",27,"study_3_Soma"
"EEF1AKMT1",-0.021359260889005,0.0479849669249483,0.198135384123651,0.660491508000693,0.951036399183348,"LOD_vs_CN",27,"study_3_Soma"
"MED10",-0.0206146717577731,0.10379466037192,0.0394459866777396,0.844649810150313,0.976515831849209,"LOD_vs_CN",27,"study_3_Soma"
"FRG1",-0.00436451230190915,0.0440820302778369,0.00980275767188739,0.922083685247665,0.989143784591966,"LOD_vs_CN",27,"study_3_Soma"
"CMTM4",-0.148257537565259,0.133455147582025,1.23413567152698,0.278081850879691,0.857611163165124,"LOD_vs_CN",27,"study_3_Soma"
"DPCD",-0.151919997440802,0.176463629862686,0.741172798318769,0.397467918440019,0.898271847795756,"LOD_vs_CN",27,"study_3_Soma"
"CLXN",-0.129561768610296,0.124514161833699,1.08272019327131,0.309826759731201,0.87460875612855,"LOD_vs_CN",27,"study_3_Soma"
"MRPL12",0.0743056070283377,0.0725157006489066,1.04997528836761,0.32261680305743,0.879552531829013,"LOD_vs_CN",27,"study_3_Soma"
"AKIRIN2",0.061373254069526,0.0756615639166252,0.657972395231364,0.425028197856398,0.905556413554138,"LOD_vs_CN",27,"study_3_Soma"
"LMO4",-0.431979159011928,0.203601058228011,4.50158575009571,0.0558038504274246,0.509887753334011,"LOD_vs_CN",27,"study_3_Soma"
"KCTD2",-0.167351912759069,0.141518195099384,1.39841733532739,0.258278197653928,0.850642302880806,"LOD_vs_CN",27,"study_3_Soma"
"RNF141",-0.0563743041218645,0.042629062911519,1.7488429725897,0.200390508194641,0.786159435950593,"LOD_vs_CN",27,"study_3_Soma"
"NDUFB6",-0.0380994333863809,0.052967796194006,0.517384276445432,0.478631250853901,0.910735020939784,"LOD_vs_CN",27,"study_3_Soma"
"NEUROG1",-0.0401325762560925,0.0572126923894947,0.492050080798995,0.490526279280424,0.910735020939784,"LOD_vs_CN",27,"study_3_Soma"
"PID1",0.0144364151778769,0.0607874728404616,0.0564014864492912,0.814454177000717,0.976515831849209,"LOD_vs_CN",27,"study_3_Soma"
"CHAC1",-0.00836724882186246,0.0589527112514091,0.0201445607311648,0.888875416805616,0.981719966549872,"LOD_vs_CN",27,"study_3_Soma"
"SFRP5",0.0185633019575384,0.239291600551504,0.00601804663842332,0.939270507506477,0.990368309596345,"LOD_vs_CN",27,"study_3_Soma"
"NIPSNAP3B",-0.185212580025152,0.235040304114841,0.620949500869041,0.448307801487647,0.910735020939784,"LOD_vs_CN",27,"study_3_Soma"
"PMF1",0.0030412547981129,0.0481778503137834,0.0039848389915882,0.950191529753517,0.990994566041652,"LOD_vs_CN",27,"study_3_Soma"
"CLUAP1",-0.069254926326896,0.109083816239378,0.403070205725206,0.534350009702861,0.915705174209982,"LOD_vs_CN",27,"study_3_Soma"
"PSMC3IP",0.00496874944896764,0.0627317379797399,0.00627363945216403,0.937709680866951,0.990246756207585,"LOD_vs_CN",27,"study_3_Soma"
"RAB38",-0.0276184840343063,0.132706310905038,0.0433128259777111,0.837685686249388,0.976515831849209,"LOD_vs_CN",27,"study_3_Soma"
"FAM9B",0.0279135598505995,0.0524285863048401,0.283461549843995,0.599518782388236,0.932301249405294,"LOD_vs_CN",27,"study_3_Soma"
"DHRS11",-0.272337132565316,0.372676834058598,0.534009429769463,0.472111968113916,0.910735020939784,"LOD_vs_CN",27,"study_3_Soma"
"PCTP",-0.0349925328896354,0.0926705487520685,0.142582849407319,0.709376967787505,0.961401139347496,"LOD_vs_CN",27,"study_3_Soma"
"ZFAND2B",-0.142469653958824,0.13379769784098,1.13382872933063,0.305034277529173,0.873605493931656,"LOD_vs_CN",27,"study_3_Soma"
"MVB12B",0.273672746034032,0.131055531815632,4.36066160159544,0.0475547538304797,0.479747958201495,"LOD_vs_CN",27,"study_3_Soma"
"MSC",-0.0322912505267627,0.113955637853742,0.0802967736105812,0.779665715164692,0.971822571787274,"LOD_vs_CN",27,"study_3_Soma"
"DUSP29",-0.0387663413959087,0.0825334142268092,0.220622605667167,0.643420803747785,0.94807703935471,"LOD_vs_CN",27,"study_3_Soma"
"GSTA2",-0.0823457779011827,0.130688005986955,0.397018925734645,0.539715485151163,0.918211554627276,"LOD_vs_CN",27,"study_3_Soma"
"BORCS5",0.24731116805433,0.0628628633725272,15.4774403600913,0.000958178817893786,0.0696421786278256,"LOD_vs_CN",27,"study_3_Soma"
"LCE3C",-0.0306066760752604,0.0674125444396784,0.206134600175621,0.65680303145923,0.950227300069273,"LOD_vs_CN",27,"study_3_Soma"
"MRI1",-0.0612429184726473,0.0688480900374013,0.791275945296577,0.382373855640635,0.893134047760115,"LOD_vs_CN",27,"study_3_Soma"
"DMC1",0.104039849479092,0.208244823598144,0.249603689612681,0.628768652271975,0.944091502527403,"LOD_vs_CN",27,"study_3_Soma"
"ARRDC5",-0.000683741692142803,0.0864432230754664,6.25636707928601e-05,0.993758512604708,0.999114375942715,"LOD_vs_CN",27,"study_3_Soma"
"PCYT1A",-0.181857320474474,0.0746770090480493,5.93045131450652,0.0240104372038852,0.357141293851278,"LOD_vs_CN",27,"study_3_Soma"
"FAM118B",-0.0544592436621825,0.084028510354193,0.42003925739903,0.523616786969444,0.910735020939784,"LOD_vs_CN",27,"study_3_Soma"
"CCDC24",-0.451323881311095,0.197405316107188,5.2270775170506,0.0310295735909271,0.39067943442435,"LOD_vs_CN",27,"study_3_Soma"
"FAM118A",0.0162089930702782,0.0511135212662221,0.100563521092228,0.753878915022393,0.968214902910038,"LOD_vs_CN",27,"study_3_Soma"
"WTAP",0.0334243318955689,0.132368353883935,0.0637612957366239,0.802917505397015,0.975952178737991,"LOD_vs_CN",27,"study_3_Soma"
"RBM4",-0.0799480664275656,0.0815906887848776,0.960140370029568,0.340559693915532,0.880227508319868,"LOD_vs_CN",27,"study_3_Soma"
"PCBP2",-0.11259029275042,0.200972175407263,0.313855706723531,0.580393373518491,0.927420331680395,"LOD_vs_CN",27,"study_3_Soma"
"PHYH",0.00920533839435667,0.0941211409830609,0.00956544435512398,0.922981105981987,0.98917345071394,"LOD_vs_CN",27,"study_3_Soma"
"DPH5",-0.0775210578396939,0.0579073736701367,1.7921388063473,0.194846439778672,0.775023525388298,"LOD_vs_CN",27,"study_3_Soma"
"NECAB3",-0.0906414703641358,0.0956243900597732,0.898496785754347,0.359352860806344,0.880227508319868,"LOD_vs_CN",27,"study_3_Soma"
"CGGBP1",-0.101766840706559,0.0886199934731811,1.31870956778161,0.262285468065683,0.853351649936884,"LOD_vs_CN",27,"study_3_Soma"
"L3HYPDH",0.0262329797555845,0.0596042084555689,0.1937052530269,0.664992452442086,0.951989889018576,"LOD_vs_CN",27,"study_3_Soma"
"KCTD17",-0.00768144919823133,0.0495648213875627,0.0240181323894209,0.878558577195224,0.981016176630701,"LOD_vs_CN",27,"study_3_Soma"
"TCP10L2",0.00476459178271238,0.13799513189088,0.00119213067486708,0.9727623754217,0.994392792947044,"LOD_vs_CN",27,"study_3_Soma"
"TIPRL",0.434600959189448,0.19161195511874,5.14441690300242,0.0326915694243982,0.400565666740328,"LOD_vs_CN",27,"study_3_Soma"
"FAHD2A",0.018006242928398,0.0600968450708703,0.0897724057290507,0.767039872386204,0.970935975797025,"LOD_vs_CN",27,"study_3_Soma"
"CCDC107",-0.168866940280799,0.154589939814573,1.19323727777431,0.285999356299506,0.865990743775278,"LOD_vs_CN",27,"study_3_Soma"
"ABHD5",-0.0446211833211221,0.0502603612076716,0.788190063797352,0.383918441676875,0.893134047760115,"LOD_vs_CN",27,"study_3_Soma"
"KHDRBS2",0.0710193842260178,0.0813647834806577,0.7618699752955,0.395924720206958,0.898271847795756,"LOD_vs_CN",27,"study_3_Soma"
"POLR2M",0.0188361217421411,0.0545227252318952,0.119351495999043,0.734027746878104,0.968214902910038,"LOD_vs_CN",27,"study_3_Soma"
"DAZAP1",-0.0716393964416753,0.0875540386983709,0.66950136757964,0.420985141287244,0.903526259129452,"LOD_vs_CN",27,"study_3_Soma"
"GDAP1L1",0.0184665667662234,0.10368779728627,0.0317188201218987,0.86070362952766,0.977547427038037,"LOD_vs_CN",27,"study_3_Soma"
"CDC42EP4",0.124899079579523,0.0895473682601284,1.94541751856265,0.182320418016289,0.770545398613304,"LOD_vs_CN",27,"study_3_Soma"
"MAD2L2",-0.00188020874692185,0.0871217326255334,0.000465756720154375,0.983002498377415,0.996178780960351,"LOD_vs_CN",27,"study_3_Soma"
"OLAH",-0.0788788216515215,0.0903960595622042,0.76141570277349,0.396792202415956,0.898271847795756,"LOD_vs_CN",27,"study_3_Soma"
"SNX16",0.0974734337267709,0.0423463054752324,5.29836018569024,0.029962744097048,0.380241490564919,"LOD_vs_CN",27,"study_3_Soma"
"EIF3M",-0.069162517202435,0.138945261654485,0.247773069230717,0.623116999460588,0.943510647032567,"LOD_vs_CN",27,"study_3_Soma"
"PNMA2",-0.0739295482626705,0.092851131918428,0.633959771353256,0.436102088249887,0.90631491610517,"LOD_vs_CN",27,"study_3_Soma"
"ZNF483",-0.0762631141249104,0.0895193185765358,0.725764188922201,0.408324864991159,0.901472887292334,"LOD_vs_CN",27,"study_3_Soma"
"SNX15",-0.086546933307905,0.249359219884742,0.120462675949109,0.731458479629752,0.968214902910038,"LOD_vs_CN",27,"study_3_Soma"
"VCX",-0.208959042762766,0.13372040496209,2.44189493420216,0.130705949882335,0.709042061637452,"LOD_vs_CN",27,"study_3_Soma"
"NME7",-0.0657880256531627,0.140394283772708,0.219581048721087,0.643714380343178,0.94807703935471,"LOD_vs_CN",27,"study_3_Soma"
"GIMD1",0.0172899408864833,0.0516039564999406,0.112258960382325,0.741845559884756,0.968214902910038,"LOD_vs_CN",27,"study_3_Soma"
"NTAN1",0.0127362642266453,0.0635404343675485,0.040177578840433,0.843356919260644,0.976515831849209,"LOD_vs_CN",27,"study_3_Soma"
"PHYHIPL",0.651264677115629,0.167903775757236,15.0450668796436,0.00101407372003734,0.0720668390373206,"LOD_vs_CN",27,"study_3_Soma"
"STARD7",0.0760564147224398,0.075005819582959,1.02820988847947,0.324515749734656,0.879552531829013,"LOD_vs_CN",27,"study_3_Soma"
"DENND10",0.0425712731868693,0.0900065790517228,0.22370967500172,0.642093879503103,0.94807703935471,"LOD_vs_CN",27,"study_3_Soma"
"CLYBL",-0.0476849296961781,0.0654580095396223,0.53068486670271,0.478845975014423,0.910735020939784,"LOD_vs_CN",27,"study_3_Soma"
"GOLPH3L",-0.0535817458274028,0.0635166937321703,0.711636070462858,0.409956758305271,0.901472887292334,"LOD_vs_CN",27,"study_3_Soma"
"TCP10L3",-0.00116148362242097,0.0422754081465099,0.00075483245060139,0.978419986889628,0.994592218077887,"LOD_vs_CN",27,"study_3_Soma"
"HAGHL",0.276290877912535,0.0788564622202159,12.2760462052558,0.00193344647155238,0.101994339063196,"LOD_vs_CN",27,"study_3_Soma"
"TCEA3",-0.154099039576072,0.126224870736915,1.4904245471093,0.233586987434348,0.823859069819898,"LOD_vs_CN",27,"study_3_Soma"
"CEP41",-0.0396510747381917,0.121634491266232,0.106266515580183,0.750132267988209,0.968214902910038,"LOD_vs_CN",27,"study_3_Soma"
"APOL2",0.0134540695639203,0.0858668496402772,0.0245502703459986,0.877122405645415,0.980887207245815,"LOD_vs_CN",27,"study_3_Soma"
"GNAQ",-0.00377903525979306,0.0646750442983935,0.00341419575805235,0.953945115862877,0.990994566041652,"LOD_vs_CN",27,"study_3_Soma"
"STARD10",0.356601903663954,0.168592540236926,4.47394463904775,0.0526060820159848,0.498492303292058,"LOD_vs_CN",27,"study_3_Soma"
"NUDT15",-0.0196599283069103,0.11405338411291,0.0297130687464158,0.865920681351432,0.977829921949816,"LOD_vs_CN",27,"study_3_Soma"
"HSDL2",-0.0374040084058791,0.115078763371437,0.105644263351494,0.748383420406603,0.968214902910038,"LOD_vs_CN",27,"study_3_Soma"
"EXD1",0.00867934874575216,0.0475294410787286,0.0333463929694537,0.856824348501358,0.9765614488149,"LOD_vs_CN",27,"study_3_Soma"
"ACOT12",-0.142383222184471,0.0918223453070852,2.40447835234914,0.136056563737223,0.719188249308497,"LOD_vs_CN",27,"study_3_Soma"
"TCP11L1",0.0190489210605449,0.0444942986285332,0.183287156449743,0.673462445659101,0.955515927780748,"LOD_vs_CN",27,"study_3_Soma"
"MARVELD2",-0.186034153713856,0.13389103088313,1.93055596158659,0.177940290287581,0.770545398613304,"LOD_vs_CN",27,"study_3_Soma"
"TRMT112",0.0256501938347657,0.0740129122625133,0.120106446043447,0.732856522277279,0.968214902910038,"LOD_vs_CN",27,"study_3_Soma"
"HYPK",-0.0691129749102615,0.0511171842964084,1.82803845567362,0.188904496011956,0.770545398613304,"LOD_vs_CN",27,"study_3_Soma"
"TIMM13",-0.285442632993297,0.168180584373041,2.88061994363121,0.11444078189016,0.679001151177612,"LOD_vs_CN",27,"study_3_Soma"
"INIP",-0.0879720699936879,0.0804602355542965,1.19543790637329,0.290569816241637,0.86763984345542,"LOD_vs_CN",27,"study_3_Soma"
"NUDT11",-0.0288706701395824,0.0565144333551402,0.260972637364482,0.614287224046262,0.942247800325381,"LOD_vs_CN",27,"study_3_Soma"
"GALK2",-0.205745881160784,0.104988262060203,3.84043842547408,0.0711185484764324,0.574579232039244,"LOD_vs_CN",27,"study_3_Soma"
"SLFNL1",-0.106932199406507,0.189058567737482,0.319907389751378,0.582609761071605,0.927420331680395,"LOD_vs_CN",27,"study_3_Soma"
"EHD2",0.323359224512561,0.227227070417762,2.02511817208508,0.179632137251192,0.770545398613304,"LOD_vs_CN",27,"study_3_Soma"
"TKFC",0.0283372529778676,0.156721917539299,0.0326930938471635,0.857981780447933,0.977494027029743,"LOD_vs_CN",27,"study_3_Soma"
"KLHL2",0.263859557721476,0.10660705328335,6.12595471229913,0.0212948182630244,0.343943579824,"LOD_vs_CN",27,"study_3_Soma"
"ALG2",-0.0328208010806472,0.110978060544609,0.0874629441534213,0.77261337634717,0.971508377808393,"LOD_vs_CN",27,"study_3_Soma"
"PUS7",0.0619127607029126,0.157793193953626,0.153951457727724,0.699663415106972,0.960643215713691,"LOD_vs_CN",27,"study_3_Soma"
"BZW2",-0.178341332047026,0.127433895842011,1.95854742210671,0.174484974630555,0.763545546200691,"LOD_vs_CN",27,"study_3_Soma"
"KLHL41",-0.100500686800332,0.268353775892149,0.140256384129493,0.71120398046592,0.961446514776294,"LOD_vs_CN",27,"study_3_Soma"
"GFPT2",-0.0924154653601903,0.057722106995779,2.56333258621242,0.128245010897564,0.705899388727042,"LOD_vs_CN",27,"study_3_Soma"
"PSMD6",-0.0979058881447097,0.150321647140498,0.424203816145085,0.521212237565076,0.910735020939784,"LOD_vs_CN",27,"study_3_Soma"
"NCKIPSD",0.214710051311741,0.0791594115416164,7.3569810484355,0.0188049874712205,0.332641763046895,"LOD_vs_CN",27,"study_3_Soma"
"HENMT1",0.0378466187054816,0.086483792167356,0.191507029868476,0.665988688884514,0.951989889018576,"LOD_vs_CN",27,"study_3_Soma"
"TRMT6",7.22416904448409e-05,0.0551703154243183,1.71460807927947e-06,0.99897150205988,0.999653997494207,"LOD_vs_CN",27,"study_3_Soma"
"CTPS1",-0.235905775341914,0.179410352565353,1.72894885817393,0.200538175374258,0.786159435950593,"LOD_vs_CN",27,"study_3_Soma"
"CSTPP1",-0.078529563131589,0.140678263259098,0.31161070338642,0.581719153580103,0.927420331680395,"LOD_vs_CN",27,"study_3_Soma"
"PPM1F",0.239431129554914,0.142214540031313,2.83447888942196,0.107524523534846,0.659718023855182,"LOD_vs_CN",27,"study_3_Soma"
"PAGR1",0.0225756851347292,0.0374822346371585,0.362769635466337,0.553377232770175,0.91950222461731,"LOD_vs_CN",27,"study_3_Soma"
"PRRX1",-0.130555641818294,0.172687344296383,0.571571106815875,0.457512949434371,0.910735020939784,"LOD_vs_CN",27,"study_3_Soma"
"NELFA",0.0241655255346309,0.0698685069231748,0.119627096911691,0.732530272204328,0.968214902910038,"LOD_vs_CN",27,"study_3_Soma"
"CACNB3",0.0455944397559582,0.0611690975866932,0.555596652366427,0.465345503881213,0.910735020939784,"LOD_vs_CN",27,"study_3_Soma"
"RILP",-0.286156183046939,0.239055254140072,1.43287954086143,0.242579062219315,0.833175877690612,"LOD_vs_CN",27,"study_3_Soma"
"EPN1",0.181225478109896,0.10021734127694,3.27003766164325,0.0924581984333382,0.626008538586947,"LOD_vs_CN",27,"study_3_Soma"
"GMPPA",-0.0377770083514291,0.0501988871386395,0.566326580402149,0.459208842021692,0.910735020939784,"LOD_vs_CN",27,"study_3_Soma"
"SCP2",-0.0614054076487314,0.073927293329981,0.689927770138058,0.416402734369059,0.90281758949983,"LOD_vs_CN",27,"study_3_Soma"
"FGD2",-0.0784592704963698,0.0520223133989378,2.27462186450673,0.144123216964177,0.727145011064567,"LOD_vs_CN",27,"study_3_Soma"
"MBNL1",-0.0357783605607445,0.093819783700207,0.145429334954612,0.706610215929817,0.961401139347496,"LOD_vs_CN",27,"study_3_Soma"
"RDH13",0.0249928083635114,0.0414086043216582,0.364291411667196,0.552967323629013,0.91950222461731,"LOD_vs_CN",27,"study_3_Soma"
"SYCE1L",-0.00222142373031087,0.0586389883535651,0.00143512548061454,0.970113489541747,0.994392792947044,"LOD_vs_CN",27,"study_3_Soma"
"SPATA24",-0.011041788863233,0.079569678759865,0.0192567799418292,0.891067452929961,0.981959257411,"LOD_vs_CN",27,"study_3_Soma"
"TBC1D25",-0.0179268786864686,0.0593175192424147,0.0913362968411158,0.765172799273496,0.970930650512307,"LOD_vs_CN",27,"study_3_Soma"
"MARS1",-0.0251631533490393,0.121405610995212,0.0429588464174102,0.838294682429771,0.976515831849209,"LOD_vs_CN",27,"study_3_Soma"
"CTNNA1",0.0820751138366891,0.0774530141294174,1.12291359810112,0.309849892843209,0.87460875612855,"LOD_vs_CN",27,"study_3_Soma"
"GDPD1",0.0195857352104492,0.064501177928364,0.0922028755782865,0.764936498741843,0.970930650512307,"LOD_vs_CN",27,"study_3_Soma"
"DLGAP4",-0.00256920989927423,0.0528866448540365,0.00235997358069743,0.961922672514239,0.992816823312932,"LOD_vs_CN",27,"study_3_Soma"
"NCBP1",-0.0538346004573427,0.0797970260482689,0.45514479078758,0.507037798956099,0.910735020939784,"LOD_vs_CN",27,"study_3_Soma"
"MORF4L2",-0.0739994053526374,0.0893180479120541,0.686401168336778,0.415370659970904,0.90281758949983,"LOD_vs_CN",27,"study_3_Soma"
"AFAP1L2",0.0742315678139649,0.0595936863060377,1.55158926186642,0.231145703926553,0.820311116202821,"LOD_vs_CN",27,"study_3_Soma"
"MBNL2",0.0634097015476502,0.0928623519559103,0.466264187977074,0.501062201379942,0.910735020939784,"LOD_vs_CN",27,"study_3_Soma"
"FAM221A",0.0671373630311125,0.0515059803366314,1.69907771332488,0.204414927690747,0.791294403584976,"LOD_vs_CN",27,"study_3_Soma"
"LPIN1",0.00206557442015676,0.0430110602940001,0.00230632972210959,0.962082343791987,0.992816823312932,"LOD_vs_CN",27,"study_3_Soma"
"PCBP3",0.0619784663853942,0.0539620361645334,1.31918284230797,0.269436702763056,0.855343590386265,"LOD_vs_CN",27,"study_3_Soma"
"SHARPIN",0.0406255417434656,0.0585451912540837,0.481521709950908,0.494582614501058,0.910735020939784,"LOD_vs_CN",27,"study_3_Soma"
"TTC9",0.463305795525772,0.140821594714376,10.8242284456232,0.00623456620025577,0.182918740444201,"LOD_vs_CN",27,"study_3_Soma"
"HID1",-0.0747070848302931,0.0803874012883382,0.863669536553114,0.364818390307014,0.881546306680628,"LOD_vs_CN",27,"study_3_Soma"
"MTMR7",-0.295855301483205,0.150880300545206,3.84497597765806,0.0715079844751779,0.574579232039244,"LOD_vs_CN",27,"study_3_Soma"
"TRIML1",-0.0360315568786085,0.0436800332301327,0.680456137324743,0.418742411256989,0.903057347565788,"LOD_vs_CN",27,"study_3_Soma"
"TCEAL5",0.826207927912701,0.154309301560045,28.6678091649239,4.65262509087888e-05,0.013526450036937,"LOD_vs_CN",27,"study_3_Soma"
"APOBEC2",-0.148050934464943,0.26461070317172,0.313045519344815,0.580831390529235,0.927420331680395,"LOD_vs_CN",27,"study_3_Soma"
"DNAJC5B",0.309408359176553,0.129043892990808,5.74895848777377,0.0244410438993472,0.360195660783928,"LOD_vs_CN",27,"study_3_Soma"
"PIH1D1",0.0379512435679175,0.0733350904811975,0.267810967304571,0.610556330864247,0.941865763326834,"LOD_vs_CN",27,"study_3_Soma"
"MAST4",0.108626582005979,0.0756186257194264,2.06354844125097,0.171571492407122,0.763545546200691,"LOD_vs_CN",27,"study_3_Soma"
"CFAP298",-0.0146393871882413,0.0687418119249456,0.0453527727801888,0.833334395597603,0.976515831849209,"LOD_vs_CN",27,"study_3_Soma"
"PSPH",0.19413553397992,0.117687495587856,2.72113085642142,0.123876249295408,0.692545915215233,"LOD_vs_CN",27,"study_3_Soma"
"GIMAP4",-0.0683478544363698,0.0646808697328592,1.1166011469077,0.301375520182589,0.872945881505349,"LOD_vs_CN",27,"study_3_Soma"
"SNX11",0.0134293623718991,0.0883211345912463,0.0231196633886425,0.880466018832182,0.981719966549872,"LOD_vs_CN",27,"study_3_Soma"
"TTPAL",-0.147355407238926,0.136013978787562,1.17372151026193,0.288984972323986,0.86763984345542,"LOD_vs_CN",27,"study_3_Soma"
"CLIC3",0.0411261442678281,0.04194710356172,0.961240438310104,0.338394901264411,0.880227508319868,"LOD_vs_CN",27,"study_3_Soma"
"HNRNPA0",-0.116593742362972,0.158922903700779,0.538241898372963,0.472729710181517,0.910735020939784,"LOD_vs_CN",27,"study_3_Soma"
"DHRS3",0.00612158767349413,0.0462743354258265,0.0175003916099859,0.896384099407976,0.982224103388466,"LOD_vs_CN",27,"study_3_Soma"
"GTPBP10",-1.01595952465971,0.253446246209034,16.0687127000388,0.000849489094243252,0.0646825267473791,"LOD_vs_CN",27,"study_3_Soma"
"GOLPH3",-0.252839724005768,0.103182636121628,6.00450729801672,0.0217478305917463,0.345472274417237,"LOD_vs_CN",27,"study_3_Soma"
"COPS5",-0.0552594252512772,0.142964959696547,0.149401003561191,0.702384905370862,0.960643215713691,"LOD_vs_CN",27,"study_3_Soma"
"EPS8L2",0.0505348813014539,0.0683106181476275,0.547275579193563,0.47292863863597,0.910735020939784,"LOD_vs_CN",27,"study_3_Soma"
"FCHSD1",-0.171472414341791,0.100532830641948,2.90919413792665,0.107282251863857,0.659718023855182,"LOD_vs_CN",27,"study_3_Soma"
"EOLA1",0.00780164901344804,0.0368130907378926,0.0449126058239088,0.834156051692028,0.976515831849209,"LOD_vs_CN",27,"study_3_Soma"
"PMPCA",-0.0805530938870493,0.0702712361433993,1.31404205389821,0.266015595691522,0.855269543498406,"LOD_vs_CN",27,"study_3_Soma"
"PLCD1",0.464213449522525,0.155612012721876,8.89916374644361,0.00940234376808194,0.230278945217722,"LOD_vs_CN",27,"study_3_Soma"
"CAPN13",-0.0641745299127408,0.095203163103666,0.45438358765002,0.511944942652446,0.910735020939784,"LOD_vs_CN",27,"study_3_Soma"
"OGFR",-0.113509014037523,0.139655167845067,0.660612337763151,0.425522935615053,0.905590970057543,"LOD_vs_CN",27,"study_3_Soma"
"IKBKB",0.0189817201164235,0.0729304206358752,0.0677413261003281,0.796824416465133,0.975591303160603,"LOD_vs_CN",27,"study_3_Soma"
"SNX27",0.0193754671074275,0.0676363200169817,0.0820624392827201,0.777457476945783,0.971822571787274,"LOD_vs_CN",27,"study_3_Soma"
"VAC14",0.049244398049793,0.0703080343238816,0.490573126651185,0.491311302092592,0.910735020939784,"LOD_vs_CN",27,"study_3_Soma"
"ESPN",0.00648397216641339,0.0362397024640052,0.0320120168677292,0.859536332468217,0.977547427038037,"LOD_vs_CN",27,"study_3_Soma"
"INPP5F",0.00373452186213452,0.0531736046187974,0.00493262169111494,0.944717880171269,0.990994566041652,"LOD_vs_CN",27,"study_3_Soma"
"EIF3B",-0.00629200225112569,0.0543240913614443,0.0134150654786627,0.908757042821342,0.984153411087928,"LOD_vs_CN",27,"study_3_Soma"
"PALS1",0.027175316958961,0.0434184861164656,0.391741771483406,0.539523332284032,0.918211554627276,"LOD_vs_CN",27,"study_3_Soma"
"RANGAP1",-0.0942426122630931,0.159925854355323,0.347262008047612,0.561131085580277,0.921751426488629,"LOD_vs_CN",27,"study_3_Soma"
"ME2",-0.0346235093472202,0.145300650552814,0.05678152494182,0.813702969821762,0.976515831849209,"LOD_vs_CN",27,"study_3_Soma"
"PACSIN2",-0.14334631801777,0.146643131537232,0.955541671816416,0.338249972233982,0.880227508319868,"LOD_vs_CN",27,"study_3_Soma"
"FTO",0.105499411756038,0.0901246739262683,1.37029055198204,0.253372322887737,0.844926682580794,"LOD_vs_CN",27,"study_3_Soma"
"CRLF3",0.0523957280603078,0.0506486714215474,1.07017707487145,0.311774228263461,0.87460875612855,"LOD_vs_CN",27,"study_3_Soma"
"PRPF19",-0.0340194012438308,0.0614683233666003,0.306302538840524,0.586765924220624,0.929900552467138,"LOD_vs_CN",27,"study_3_Soma"
"ELMO2",0.0161178881067432,0.0527557979519354,0.0933417374247623,0.762543877348939,0.970786353408402,"LOD_vs_CN",27,"study_3_Soma"
"FHIP2A",-0.0449738274580671,0.0762350465276621,0.348024933691939,0.561006407049431,0.921751426488629,"LOD_vs_CN",27,"study_3_Soma"
"DTNA",0.121128888905438,0.0541517897544982,5.00345314520075,0.0372827639406345,0.426449527214186,"LOD_vs_CN",27,"study_3_Soma"
"TRIM28",0.0482861498991198,0.124738440205489,0.149845787452493,0.702937139642074,0.960643215713691,"LOD_vs_CN",27,"study_3_Soma"
"SRGAP2",0.0482957453127035,0.0600060334732513,0.647780552147891,0.429763318191924,0.90598753564784,"LOD_vs_CN",27,"study_3_Soma"
"VPS53",-0.00824368027795508,0.0482195090718147,0.0292278392883243,0.865842688715259,0.977829921949816,"LOD_vs_CN",27,"study_3_Soma"
"ATE1",-0.310054378342987,0.124227274799946,6.22933691971678,0.0238972500192335,0.357118717577144,"LOD_vs_CN",27,"study_3_Soma"
"BICD1",-0.0814842975923389,0.0883804199046706,0.850032892296238,0.365878909163636,0.881594367610718,"LOD_vs_CN",27,"study_3_Soma"
"FXYD2",-0.0468085391260873,0.0685784880248862,0.465880317452844,0.501205072795683,0.910735020939784,"LOD_vs_CN",27,"study_3_Soma"
"TIMM10",0.0932331119634355,0.0872788128639017,1.14109735830817,0.305445207760164,0.873605493931656,"LOD_vs_CN",27,"study_3_Soma"
"SPANXA1",-0.0680244809771509,0.064619575872753,1.108159482868,0.303147964255994,0.873605493931656,"LOD_vs_CN",27,"study_3_Soma"
"ATP6V1F",0.369573170254979,0.178746374933319,4.27490418431607,0.0505376864926714,0.494249300928328,"LOD_vs_CN",27,"study_3_Soma"
"FTHL17",-0.0489240304765906,0.0415249595603369,1.38811682977914,0.249887989063486,0.839434652337214,"LOD_vs_CN",27,"study_3_Soma"
"RIC8A",-0.0988902813135946,0.1934439756325,0.261334535839243,0.613950879562649,0.942247800325381,"LOD_vs_CN",27,"study_3_Soma"
"NUMB",-0.0503246737403753,0.0853214088539066,0.347893167875158,0.561351074646493,0.921751426488629,"LOD_vs_CN",27,"study_3_Soma"
"PDHA2",0.0675773572253986,0.0705290838216974,0.91804912828149,0.349272076614042,0.880227508319868,"LOD_vs_CN",27,"study_3_Soma"
"CYBC1",0.0717860531335059,0.162300983874177,0.195631077539063,0.663854509941801,0.95186715416842,"LOD_vs_CN",27,"study_3_Soma"
"OSBPL1A",-0.0826262908810085,0.0576889408317607,2.05140488039,0.164914346815109,0.761149045319344,"LOD_vs_CN",27,"study_3_Soma"
"RABL6",0.356488633668318,0.132629306506009,7.22457621593192,0.0140865268736597,0.28603150018002,"LOD_vs_CN",27,"study_3_Soma"
"LIMD1",0.0433759005659518,0.133940192063361,0.104875772940971,0.749027932456885,0.968214902910038,"LOD_vs_CN",27,"study_3_Soma"
"UBA6",-0.143052763573284,0.160477491940314,0.794628702167764,0.381729823472753,0.893134047760115,"LOD_vs_CN",27,"study_3_Soma"
"KBTBD11",0.382468150263248,0.135793418415015,7.93292061778096,0.0173296102453192,0.322209846305411,"LOD_vs_CN",27,"study_3_Soma"
"CES3",-0.00049031773631647,0.0866313787332602,3.20335266740481e-05,0.995546109125372,0.999295811984601,"LOD_vs_CN",27,"study_3_Soma"
"LIMK1",-0.0366443122013465,0.0970751348044376,0.142494185925623,0.710052326068943,0.961401139347496,"LOD_vs_CN",27,"study_3_Soma"
"GAGE2B",0.0248102561823389,0.0545581562905966,0.206796472418016,0.653214622122318,0.950143205052207,"LOD_vs_CN",27,"study_3_Soma"
"INPP5A",0.00468804839803738,0.0988194388738432,0.00225060565676714,0.962815889194578,0.993253294723954,"LOD_vs_CN",27,"study_3_Soma"
"YAP1",0.134130696001143,0.103097444254649,1.69262424516863,0.208454047129968,0.794690159337105,"LOD_vs_CN",27,"study_3_Soma"
"PRKAR2B",0.242156811286508,0.131244962988573,3.40430207054019,0.0882068630457256,0.623430771359851,"LOD_vs_CN",27,"study_3_Soma"
"FNTA",0.0386512224429119,0.0397347164336451,0.946207164715563,0.34517508221252,0.880227508319868,"LOD_vs_CN",27,"study_3_Soma"
"LRRFIP2",0.203726762834691,0.123680611126434,2.71326944316832,0.115514137564629,0.681576036774326,"LOD_vs_CN",27,"study_3_Soma"
"UBAC1",-0.161971204650267,0.186791758937035,0.751900201325261,0.394128213250909,0.898271847795756,"LOD_vs_CN",27,"study_3_Soma"
"NFIA",0.248770749921713,0.0984925211674613,6.37958049804761,0.026307868380776,0.367391105160356,"LOD_vs_CN",27,"study_3_Soma"
"PLEKHO2",0.324775206044865,0.0940570819488038,11.9229228024751,0.00200926934364646,0.101994339063196,"LOD_vs_CN",27,"study_3_Soma"
"DDHD2",0.163859779883206,0.112179063351934,2.13363985564727,0.159744576326523,0.752763229935376,"LOD_vs_CN",27,"study_3_Soma"
"AIM2",0.0843366968383128,0.0828698180927468,1.03571532774677,0.321472344004272,0.879552531829013,"LOD_vs_CN",27,"study_3_Soma"
"CRTC3",0.0216633196824789,0.0413136109121661,0.274956320295754,0.60464518531271,0.935941579201378,"LOD_vs_CN",27,"study_3_Soma"
"DOCK2",-0.0284838263590412,0.0646136046474051,0.194333968334351,0.66407184044263,0.95186715416842,"LOD_vs_CN",27,"study_3_Soma"
"INHA",0.000235074873680574,0.0971850899624103,5.85077154807307e-06,0.998094778594664,0.999406232411516,"LOD_vs_CN",27,"study_3_Soma"
"PKN2",-0.0526645114600868,0.181416180113215,0.0842721517776969,0.77416761884845,0.971508377808393,"LOD_vs_CN",27,"study_3_Soma"
"PRAME",-0.0453945092459147,0.0748752410222715,0.367561642822161,0.552233750646297,0.91950222461731,"LOD_vs_CN",27,"study_3_Soma"
"EIF5",-0.0456944397690577,0.0586525780875022,0.606949420908633,0.44361443917697,0.910598159921807,"LOD_vs_CN",27,"study_3_Soma"
"PRKCA",0.126348678049023,0.105069653463246,1.44606163780285,0.25475211897055,0.845999248668555,"LOD_vs_CN",27,"study_3_Soma"
"TNFRSF17",-0.424830962091784,0.167048742144828,6.46764095488773,0.0207984593426065,0.34285295349307,"LOD_vs_CN",27,"study_3_Soma"
"PLA2G2A",-0.217176996759949,0.174461644211468,1.54962895998917,0.230226227118262,0.820311116202821,"LOD_vs_CN",27,"study_3_Soma"
"AIMP1",-0.0915207134387757,0.154718176943568,0.349909807240072,0.56214757705934,0.921751426488629,"LOD_vs_CN",27,"study_3_Soma"
"POR",0.0887130551205129,0.0509185334797459,3.03545149772507,0.0981071988494599,0.636403289899742,"LOD_vs_CN",27,"study_3_Soma"
"ULBP3",-0.0121199968510748,0.0456914063681861,0.0703616414655222,0.793387397892406,0.975460906519396,"LOD_vs_CN",27,"study_3_Soma"
"GDF5",0.0315607882191626,0.0730295874171609,0.186766073252341,0.671574038840467,0.954106519863089,"LOD_vs_CN",27,"study_3_Soma"
"FAM107A",-0.050091267659214,0.0392535907597362,1.62841563756128,0.213657302890361,0.799216102300287,"LOD_vs_CN",27,"study_3_Soma"
"CCL4L1",0.0366405370124774,0.0540721741140229,0.459172633696529,0.509547961252387,0.910735020939784,"LOD_vs_CN",27,"study_3_Soma"
"EDA",0.171060294210594,0.123235961913419,1.92674176156717,0.178423901651805,0.770545398613304,"LOD_vs_CN",27,"study_3_Soma"
"XRCC6",-0.0645276086361504,0.0814093580195518,0.628264443108632,0.435967310103158,0.90631491610517,"LOD_vs_CN",27,"study_3_Soma"
"RPS27A",0.107337988779179,0.0708493972557291,2.29527426488036,0.142509074257006,0.727145011064567,"LOD_vs_CN",27,"study_3_Soma"
"MAPK3",0.161057432539675,0.153910584917145,1.09502633992727,0.310381936468057,0.87460875612855,"LOD_vs_CN",27,"study_3_Soma"
"HDAC8",0.0717533306594209,0.0667728116752859,1.15474157473506,0.293976202818859,0.868090905472196,"LOD_vs_CN",27,"study_3_Soma"
"UBE2I",0.111521698680185,0.165881145866676,0.451985703809251,0.50764033558433,0.910735020939784,"LOD_vs_CN",27,"study_3_Soma"
"CYP3A4",0.0286168353347378,0.112255922825536,0.0649867293205743,0.801577243147795,0.975763071187121,"LOD_vs_CN",27,"study_3_Soma"
"GHR",-0.34134370630388,0.171935326473902,3.94142769811112,0.0633001455645707,0.543804637023533,"LOD_vs_CN",27,"study_3_Soma"
"MMP8",0.055723201736166,0.0954614060636968,0.340734783678783,0.566384092222791,0.922503145805585,"LOD_vs_CN",27,"study_3_Soma"
"CD36",-0.0485803099863293,0.0737168658714066,0.434297008790429,0.523955258495326,0.910735020939784,"LOD_vs_CN",27,"study_3_Soma"
"NCR3",0.0237133309171362,0.046698946689318,0.257852266828599,0.618022958347276,0.942507115305002,"LOD_vs_CN",27,"study_3_Soma"
"CLEC4M",-0.125273777026111,0.0940140455668918,1.77555798789422,0.199232635422846,0.786159435950593,"LOD_vs_CN",27,"study_3_Soma"
"IL19",-0.067362685973297,0.0912842881043056,0.544561238364763,0.470146969432204,0.910735020939784,"LOD_vs_CN",27,"study_3_Soma"
"DIABLO",0.0731083140786968,0.0533183453497025,1.88009680435502,0.186350191173292,0.770545398613304,"LOD_vs_CN",27,"study_3_Soma"
"GSK3B",-0.0153796195945777,0.0846040311899371,0.033045252435201,0.858550526424481,0.977547427038037,"LOD_vs_CN",27,"study_3_Soma"
"DLL4",-0.0242148176077688,0.0834453860568321,0.0842088522136387,0.774865056719669,0.971508377808393,"LOD_vs_CN",27,"study_3_Soma"
"FCGR1A",0.208932148037421,0.151300661633112,1.90690423909532,0.186869552977564,0.770545398613304,"LOD_vs_CN",27,"study_3_Soma"
"GPC2",0.0965337944752811,0.0594885974731027,2.63324516224377,0.124086557041379,0.692545915215233,"LOD_vs_CN",27,"study_3_Soma"
"LRIG3",0.0115076240875407,0.106468322235945,0.0116823580450298,0.915055914585418,0.987630379630161,"LOD_vs_CN",27,"study_3_Soma"
"NTN4",0.00327942972709039,0.138233057399612,0.000562824288172077,0.981397530231486,0.995407400270326,"LOD_vs_CN",27,"study_3_Soma"
"HJV",0.171164008875886,0.276271349995104,0.383842624037027,0.541230800798618,0.918713429381094,"LOD_vs_CN",27,"study_3_Soma"
"ABL2",0.0734038924549925,0.0673543092968245,1.18770177824373,0.291998994428984,0.868090905472196,"LOD_vs_CN",27,"study_3_Soma"
"GRK2",-0.153253450898109,0.0787992316251762,3.78247929806485,0.0631324226299166,0.543804637023533,"LOD_vs_CN",27,"study_3_Soma"
"CSK",-0.389668596941963,0.213542783937682,3.32982197436654,0.0801625413963247,0.60605155410271,"LOD_vs_CN",27,"study_3_Soma"
"IL17RD",0.0228299308856332,0.0652594014523089,0.122383542775664,0.729717740928714,0.968214902910038,"LOD_vs_CN",27,"study_3_Soma"
"PIK3CA",0.0373083958783251,0.0428557158672229,0.757871620752717,0.392434854539063,0.898271847795756,"LOD_vs_CN",27,"study_3_Soma"
"AKT3",0.442240115952702,0.136991659414422,10.4214468420512,0.00490135131381645,0.160733286746202,"LOD_vs_CN",27,"study_3_Soma"
"TPSB2",-0.421775262127823,0.392948071413688,1.15210453148743,0.301019598571709,0.872945881505349,"LOD_vs_CN",27,"study_3_Soma"
"BCL2A1",-0.117697381958324,0.100254234757183,1.37825048009653,0.253133126268195,0.844926682580794,"LOD_vs_CN",27,"study_3_Soma"
"BTK",-0.23437779813432,0.128172474857651,3.34382391637045,0.0794568017167411,0.605169690725229,"LOD_vs_CN",27,"study_3_Soma"
"EPHA3",0.175446949657364,0.0641683109877856,7.47567526072876,0.0127646593381519,0.270225425264712,"LOD_vs_CN",27,"study_3_Soma"
"PRKACA",-0.156576758201745,0.163110823835439,0.92148661587976,0.346392696379979,0.880227508319868,"LOD_vs_CN",27,"study_3_Soma"
"RPS6KA3",-0.0952625688409103,0.0726331780129761,1.72018233434402,0.20185952204745,0.787870852324532,"LOD_vs_CN",27,"study_3_Soma"
"FGF1",-0.000285129564875142,0.228681625733206,1.55461180280676e-06,0.999028823011722,0.999653997494207,"LOD_vs_CN",27,"study_3_Soma"
"FGF17",0.0227959830807114,0.0423165870351444,0.290198648456933,0.596113824729466,0.931503016942083,"LOD_vs_CN",27,"study_3_Soma"
"TGFB3",-0.00107757671071251,0.0465052277156555,0.00053689930600286,0.981711988884493,0.995407400270326,"LOD_vs_CN",27,"study_3_Soma"
"CAMK1",-0.0685957876807084,0.11463742081155,0.358048684116855,0.556139816074658,0.919948282998611,"LOD_vs_CN",27,"study_3_Soma"
"TLR4",0.0967428996475803,0.125419321565797,0.594989506051004,0.448142365629404,0.910735020939784,"LOD_vs_CN",27,"study_3_Soma"
"CDKN1B",0.0127450395596247,0.0687364860712524,0.0343801464784468,0.854946257376699,0.976515831849209,"LOD_vs_CN",27,"study_3_Soma"
"IL12RB2",-0.0405769054481757,0.0972471603502601,0.174102091632899,0.680585171524014,0.958192654134845,"LOD_vs_CN",27,"study_3_Soma"
"MAPKAPK3",-0.0872981182434698,0.0884597449058277,0.973909045334001,0.33323748965417,0.880227508319868,"LOD_vs_CN",27,"study_3_Soma"
"MAPK8",0.0939026455401191,0.0413967736374636,5.14544175691562,0.0337293741322911,0.40533158636814,"LOD_vs_CN",27,"study_3_Soma"
"PAK6",0.0437339370997316,0.140230770136324,0.0972636388971471,0.761143685352746,0.97068453644305,"LOD_vs_CN",27,"study_3_Soma"
"DYNLRB1",0.0147933959400239,0.0459968387898218,0.103437923154093,0.751338697933768,0.968214902910038,"LOD_vs_CN",27,"study_3_Soma"
"SGTA",-0.270413676902445,0.292029007233516,0.857443125533594,0.36346265918347,0.880227508319868,"LOD_vs_CN",27,"study_3_Soma"
"IGHE",-0.045798009998796,0.209704207316966,0.0476956671002506,0.830102096064665,0.976515831849209,"LOD_vs_CN",27,"study_3_Soma"
"AKR7A2",-0.276214240661315,0.291550610390873,0.897561511230953,0.353808706448311,0.880227508319868,"LOD_vs_CN",27,"study_3_Soma"
"ANP32B",0.139344270728737,0.160257702342502,0.756032404434132,0.395325359946315,0.898271847795756,"LOD_vs_CN",27,"study_3_Soma"
"VTA1",-0.17321582000131,0.263090163414928,0.433476828083633,0.516315593102939,0.910735020939784,"LOD_vs_CN",27,"study_3_Soma"
"HSD17B10",-0.0294016234747581,0.0751308527574539,0.153146115907848,0.700871421796184,0.960643215713691,"LOD_vs_CN",27,"study_3_Soma"
"FER",0.0311609644364195,0.0495416915950543,0.395621712486284,0.535919208967859,0.916017974494502,"LOD_vs_CN",27,"study_3_Soma"
"EIF4G2",0.3975670915846,0.123271113312693,10.4015538265362,0.0076331234887798,0.208488065108783,"LOD_vs_CN",27,"study_3_Soma"
"NUDCD3",0.140391028066826,0.0608145046351891,5.32922874301874,0.0418970630997863,0.444671280693525,"LOD_vs_CN",27,"study_3_Soma"
"PFDN5",0.0520743724155626,0.13685327230529,0.14478971615335,0.707596616885401,0.961401139347496,"LOD_vs_CN",27,"study_3_Soma"
"ADAM12",0.0126400093629924,0.058585106934359,0.046550069889007,0.832170580262372,0.976515831849209,"LOD_vs_CN",27,"study_3_Soma"
"IL11",-0.0242146538807262,0.0359306225246573,0.454178998097945,0.509222938832576,0.910735020939784,"LOD_vs_CN",27,"study_3_Soma"
"PRSS22",0.127834179245173,0.190940465174224,0.44822700883312,0.51078052545745,0.910735020939784,"LOD_vs_CN",27,"study_3_Soma"
"CSF2",-0.0177399071566606,0.056482695697749,0.0986442678438592,0.757361194563442,0.969931153821225,"LOD_vs_CN",27,"study_3_Soma"
"LPO",-0.00283624021469819,0.0491848569836241,0.00332524152494572,0.954808177293708,0.990994566041652,"LOD_vs_CN",27,"study_3_Soma"
"CSF3",0.0291746750966766,0.0598623617731564,0.237522284677635,0.631591907100824,0.945613726080728,"LOD_vs_CN",27,"study_3_Soma"
"GPC3",0.0135118401685848,0.139731124465581,0.00935066914640328,0.924186006867232,0.989367185027217,"LOD_vs_CN",27,"study_3_Soma"
"IL1A",0.0679125989892579,0.0578854915560325,1.37645256969174,0.25221212146857,0.84281542785422,"LOD_vs_CN",27,"study_3_Soma"
"BMPR1A",0.153505312148429,0.155478236309269,0.974782238284259,0.333533771584315,0.880227508319868,"LOD_vs_CN",27,"study_3_Soma"
"PLA2G1B",-0.0685579705303283,0.0574893211093416,1.42213736067656,0.244751128605782,0.834100717558634,"LOD_vs_CN",27,"study_3_Soma"
"AMH",-0.121758486664829,0.246505337530336,0.243975281869959,0.628688750877488,0.944091502527403,"LOD_vs_CN",27,"study_3_Soma"
"DBNL",-0.0698619554075366,0.146212704640612,0.228302807877834,0.637879532431174,0.946607306132201,"LOD_vs_CN",27,"study_3_Soma"
"GSTA3",0.000878017754154747,0.0686499125178293,0.000163578649822323,0.989898752427023,0.998942154264497,"LOD_vs_CN",27,"study_3_Soma"
"HPGD",-0.0448548993130693,0.0621577571293229,0.520749788074171,0.477349715263904,0.910735020939784,"LOD_vs_CN",27,"study_3_Soma"
"SCGB2A1",0.0601176705396007,0.12167365449197,0.244124396882497,0.627507572871565,0.944091502527403,"LOD_vs_CN",27,"study_3_Soma"
"MAPK11",0.0282701112012269,0.051680482872279,0.299227778266978,0.590401002134186,0.93042681161965,"LOD_vs_CN",27,"study_3_Soma"
"MAPK14",0.045681560012083,0.0615645646412956,0.550579741693675,0.467190873490744,0.910735020939784,"LOD_vs_CN",27,"study_3_Soma"
"ADSL",-0.233542335281395,0.294045338735553,0.630815910491943,0.434974670335347,0.90631491610517,"LOD_vs_CN",27,"study_3_Soma"
"MICB",0.00981681163835635,0.0868060412480142,0.012789130362116,0.911595346637124,0.985556449770965,"LOD_vs_CN",27,"study_3_Soma"
"IL27RA",0.035105420021754,0.169456285235545,0.0429173584748132,0.838604142171029,0.976515831849209,"LOD_vs_CN",27,"study_3_Soma"
"CSNK2A1",-0.215272886750769,0.203395206617187,1.12020431631249,0.30159171418837,0.872945881505349,"LOD_vs_CN",27,"study_3_Soma"
"MAP2K4",-0.0707535148434868,0.15599290905556,0.205724646300083,0.657409869944446,0.950227300069273,"LOD_vs_CN",27,"study_3_Soma"
"IMPDH2",-0.0468715524123855,0.0627365339687529,0.558184320510636,0.462288102794281,0.910735020939784,"LOD_vs_CN",27,"study_3_Soma"
"PDE5A",0.0362273076480726,0.0538863975963322,0.451974378276058,0.509781150996925,0.910735020939784,"LOD_vs_CN",27,"study_3_Soma"
"TYK2",-0.0794320192364131,0.146775048892756,0.292877991978904,0.593431733140047,0.930487710451967,"LOD_vs_CN",27,"study_3_Soma"
"SHC1",0.0975791291585315,0.0805120908721714,1.46889808740405,0.238150146106169,0.831425431560775,"LOD_vs_CN",27,"study_3_Soma"
"VAV1",-0.0734193550044102,0.0767198611033414,0.915810279473328,0.347899569476176,0.880227508319868,"LOD_vs_CN",27,"study_3_Soma"
"CASP10",0.0551324605455346,0.122827588335622,0.201475805698404,0.659059265996921,0.950686302507061,"LOD_vs_CN",27,"study_3_Soma"
"CPNE1",-0.147086931224965,0.204023627567507,0.519741318627553,0.479936989323764,0.910735020939784,"LOD_vs_CN",27,"study_3_Soma"
"KRT18",0.00294242526576127,0.102674595147462,0.00082126796736358,0.977365345106548,0.994392792947044,"LOD_vs_CN",27,"study_3_Soma"
"SET",0.0354678295723261,0.115322001601242,0.0945899253162326,0.761229115800217,0.97068453644305,"LOD_vs_CN",27,"study_3_Soma"
"IL17RC",-0.0254876225292788,0.0786219758166742,0.105092263446014,0.748518107356955,0.968214902910038,"LOD_vs_CN",27,"study_3_Soma"
"PRKCB",0.0801565376755589,0.11645667644091,0.473749883672864,0.497779885372449,0.910735020939784,"LOD_vs_CN",27,"study_3_Soma"
"WNK3",-0.299603131243726,0.347522157789155,0.743237640094071,0.39689852696211,0.898271847795756,"LOD_vs_CN",27,"study_3_Soma"
"SNRPF",-0.244480684438788,0.144803255921355,2.85057486341146,0.116327847948076,0.683853782606519,"LOD_vs_CN",27,"study_3_Soma"
"FGL1",0.0212151527144995,0.113614144126057,0.0348680389320421,0.853396942798488,0.976515831849209,"LOD_vs_CN",27,"study_3_Soma"
"NPFF",0.0241698523027374,0.0400214433497671,0.364722451838906,0.55151621430837,0.91950222461731,"LOD_vs_CN",27,"study_3_Soma"
"CTRB2",-0.3860984412494,0.371829578625178,1.07822209631455,0.320781221134958,0.879552531829013,"LOD_vs_CN",27,"study_3_Soma"
"OBP2B",-0.75363711072128,0.668447411153512,1.27113026897874,0.274174162797459,0.857611163165124,"LOD_vs_CN",27,"study_3_Soma"
"ENTREP1",0.339579328681518,0.143404563545887,5.60733556496362,0.0270175802566422,0.368189413575933,"LOD_vs_CN",27,"study_3_Soma"
"IL9",-0.017182354301041,0.127351231679722,0.0182036736381278,0.894147075415458,0.982199751471484,"LOD_vs_CN",27,"study_3_Soma"
"NOG",0.0616683168310521,0.118029354886307,0.272988356046385,0.60907478055145,0.940976400098328,"LOD_vs_CN",27,"study_3_Soma"
"HAAO",-0.0290638450986176,0.180413739974303,0.0259517662824647,0.873489323809427,0.980306475655756,"LOD_vs_CN",27,"study_3_Soma"
"BAD",-0.0430851370899781,0.0969598095626915,0.197456507238941,0.66087129773778,0.951155000074447,"LOD_vs_CN",27,"study_3_Soma"
"BOLA3",0.309992237107704,0.195114243828232,2.52419955755425,0.143703317735536,0.727145011064567,"LOD_vs_CN",27,"study_3_Soma"
"CELA1",0.0563770861351482,0.0875753769500726,0.414420490419684,0.527584661685616,0.913489847358202,"LOD_vs_CN",27,"study_3_Soma"
"TP53",-0.0144028176435995,0.0503056155094724,0.0819713315433656,0.777164725051508,0.971822571787274,"LOD_vs_CN",27,"study_3_Soma"
"MICU2",0.0255776483088557,0.0430026126695501,0.353778583144877,0.560520579965914,0.921751426488629,"LOD_vs_CN",27,"study_3_Soma"
"CER1",-0.0704730073591779,0.0457799193316916,2.36971197791795,0.138854966039203,0.724401600967977,"LOD_vs_CN",27,"study_3_Soma"
"LY6G6C",-0.0998780161458814,0.254329548216294,0.154221944765349,0.698704293365948,0.960643215713691,"LOD_vs_CN",27,"study_3_Soma"
"STMN4",-0.138558776746705,0.120519736448261,1.32175735135056,0.262347738504806,0.853351649936884,"LOD_vs_CN",27,"study_3_Soma"
"ST3GAL2",-0.0365274580750272,0.0693170092699436,0.277689378757605,0.603584590850655,0.935205194544765,"LOD_vs_CN",27,"study_3_Soma"
"BAGE2",0.103510270869797,0.0926425461116795,1.24837747944232,0.278040391183694,0.857611163165124,"LOD_vs_CN",27,"study_3_Soma"
"DNASE1L2",0.216050092561578,0.109394702959942,3.90046447424453,0.0640858504805032,0.543804637023533,"LOD_vs_CN",27,"study_3_Soma"
"GGT2P",0.0509799515334706,0.159455719534884,0.102215941509342,0.75243924354924,0.968214902910038,"LOD_vs_CN",27,"study_3_Soma"
"INSRR",-0.023972008340043,0.0996831305264638,0.0578316393418685,0.812507443566641,0.976515831849209,"LOD_vs_CN",27,"study_3_Soma"
"POMGNT2",0.224945388162458,0.0871308876358349,6.66514973718089,0.0168772287333516,0.315633786486892,"LOD_vs_CN",27,"study_3_Soma"
"CSTL1",-0.0744947120297095,0.0661799988393468,1.26706058374829,0.273766284379074,0.857611163165124,"LOD_vs_CN",27,"study_3_Soma"
"DEAF1",-0.00382415122640545,0.0849915466942168,0.00202450405474911,0.964516874293338,0.994366526108992,"LOD_vs_CN",27,"study_3_Soma"
"LYZL2",0.0338336685208036,0.0467263788431227,0.524292842124831,0.47584146688988,0.910735020939784,"LOD_vs_CN",27,"study_3_Soma"
"IRX2-DT",0.916274419375828,0.262515819816606,12.1826050191469,0.00204711362650112,0.102291709024228,"LOD_vs_CN",27,"study_3_Soma"
"MRPL58",-0.0685664258897551,0.114757012528495,0.356996991630222,0.556308926477284,0.919948282998611,"LOD_vs_CN",27,"study_3_Soma"
"NPS",-0.0816617305894578,0.118781855558384,0.472647046012549,0.498729524355678,0.910735020939784,"LOD_vs_CN",27,"study_3_Soma"
"LONP1",-0.0163241769867914,0.0789657508256347,0.0427351321519561,0.837962779036284,0.976515831849209,"LOD_vs_CN",27,"study_3_Soma"
"TP53I13",0.327147670727719,0.119430931565896,7.50332961955634,0.0129658121304711,0.271010896687886,"LOD_vs_CN",27,"study_3_Soma"
"COXFA4L3",-0.0046403751149402,0.107620771374285,0.00185914805747243,0.966066295044426,0.994392792947044,"LOD_vs_CN",27,"study_3_Soma"
"GKN2",0.0229758248522003,0.0878935766827689,0.068332600431758,0.795973122705079,0.975460906519396,"LOD_vs_CN",27,"study_3_Soma"
"SDHAF2",0.224389233536426,0.119625035007223,3.51851878868475,0.0729947330802678,0.580689443757951,"LOD_vs_CN",27,"study_3_Soma"
"C14orf93",-0.352279078445006,0.212610011383531,2.74540412365396,0.119522668843692,0.691833180585183,"LOD_vs_CN",27,"study_3_Soma"
"BAGE3",-0.082492728260485,0.124069030351119,0.442083756789839,0.512895447325097,0.910735020939784,"LOD_vs_CN",27,"study_3_Soma"
"POGLUT1",-0.00374888290115116,0.107398572242216,0.00121844725684406,0.972580204825173,0.994392792947044,"LOD_vs_CN",27,"study_3_Soma"
"PMEL",0.0164568962755052,0.0393054975985563,0.175302966895807,0.679522022113073,0.957628673772948,"LOD_vs_CN",27,"study_3_Soma"
"KLK15",-0.0272249661971706,0.0453212866997342,0.360852929933986,0.55374269536399,0.91950222461731,"LOD_vs_CN",27,"study_3_Soma"
"SPACA5",-0.00824993265770591,0.0429935673592895,0.0368208528341448,0.849413045056669,0.976515831849209,"LOD_vs_CN",27,"study_3_Soma"
"TMED10",0.0820973865750467,0.0511523253135671,2.57589349786449,0.122334875782126,0.691833180585183,"LOD_vs_CN",27,"study_3_Soma"
"CFAP45",0.0224778871806706,0.066094204347934,0.115660273919642,0.73671337093956,0.968214902910038,"LOD_vs_CN",27,"study_3_Soma"
"LRRC15",0.132263896220959,0.136672638695195,0.936525194655453,0.344296986879851,0.880227508319868,"LOD_vs_CN",27,"study_3_Soma"
"APCDD1",-0.0282398580215331,0.0556025172216312,0.257950343945588,0.616085100212749,0.942247800325381,"LOD_vs_CN",27,"study_3_Soma"
"KISS1",0.0143256981017448,0.203205216632813,0.00497006288258629,0.944624359168034,0.990994566041652,"LOD_vs_CN",27,"study_3_Soma"
"HBZ",-0.552410072195909,0.28662662969313,3.71441225057035,0.0670392910708126,0.558040203978957,"LOD_vs_CN",27,"study_3_Soma"
"SNX8",-0.097983679871172,0.112187516322631,0.762813595241501,0.392068200381864,0.898271847795756,"LOD_vs_CN",27,"study_3_Soma"
"CTAG1A",-0.010068200994434,0.11521275319356,0.00763664573332196,0.931191722294108,0.989367185027217,"LOD_vs_CN",27,"study_3_Soma"
"HLA-DRB3",0.000355703166523114,0.132612188299537,7.19463190822075e-06,0.997884324883072,0.999406232411516,"LOD_vs_CN",27,"study_3_Soma"
"FUT9",-0.0356208607745057,0.0539274583172668,0.436303720374435,0.515527031715145,0.910735020939784,"LOD_vs_CN",27,"study_3_Soma"
"CHST5",-0.0365719369703648,0.0680964981902861,0.288433942867554,0.596980239760617,0.93174368314029,"LOD_vs_CN",27,"study_3_Soma"
"LILRA6",0.166661353156909,0.118067849431052,1.99253749102758,0.182158112455602,0.770545398613304,"LOD_vs_CN",27,"study_3_Soma"
"ERO1A",0.00601656957395846,0.0609297661924227,0.00975076889066953,0.922233415252187,0.989143784591966,"LOD_vs_CN",27,"study_3_Soma"
"MATN4",0.184553863939955,0.168872346354563,1.19434338734314,0.286841772291432,0.865990743775278,"LOD_vs_CN",27,"study_3_Soma"
"CD2",0.153333909754958,0.0633776459282571,5.85334619807177,0.029884295163387,0.380241490564919,"LOD_vs_CN",27,"study_3_Soma"
"CABP7",-0.0896341308033763,0.0552952266656169,2.62767432455192,0.121449556339365,0.691833180585183,"LOD_vs_CN",27,"study_3_Soma"
"SMIM24",0.0984653870891599,0.15164817576836,0.421592430113963,0.52266890661017,0.910735020939784,"LOD_vs_CN",27,"study_3_Soma"
"GRPEL1",0.0648598702054439,0.0461010069901545,1.97938979471179,0.172395927159899,0.763545546200691,"LOD_vs_CN",27,"study_3_Soma"
"VWA2",0.0587881493333997,0.0746691366039949,0.619865289823572,0.44255114255302,0.910598159921807,"LOD_vs_CN",27,"study_3_Soma"
"LACRT",-0.215821189332965,0.228065789930858,0.895504704548434,0.360688156264496,0.880227508319868,"LOD_vs_CN",27,"study_3_Soma"
"CES1",0.00803071138010125,0.0452615320450807,0.0314810736467663,0.860779723120423,0.977547427038037,"LOD_vs_CN",27,"study_3_Soma"
"STX3",0.207169364285079,0.133091087751371,2.42299834583413,0.134324804029058,0.715024700409544,"LOD_vs_CN",27,"study_3_Soma"
"MGAT4C",0.105288418421202,0.105634609229974,0.993456244412138,0.329684314449787,0.880227508319868,"LOD_vs_CN",27,"study_3_Soma"
"IFNB1",0.0272210240916824,0.0319361269398412,0.726514736949684,0.405004836158026,0.899827089158456,"LOD_vs_CN",27,"study_3_Soma"
"LRRC32",-0.0588804936377727,0.0539390836548771,1.19161443730651,0.286900904422352,0.865990743775278,"LOD_vs_CN",27,"study_3_Soma"
"CFTR",0.0536932222026838,0.0546731227129629,0.964475444743063,0.335479440820662,0.880227508319868,"LOD_vs_CN",27,"study_3_Soma"
"STX2",0.25163687389575,0.159576474124845,2.48662807395205,0.12863141350404,0.706809725749003,"LOD_vs_CN",27,"study_3_Soma"
"HLA-DQA2",-0.0939795650918107,0.110525390092269,0.723007411155025,0.408931659230965,0.901472887292334,"LOD_vs_CN",27,"study_3_Soma"
"ZP4",0.00131700555795167,0.0677198811256589,0.000378218563948473,0.984667623822879,0.996508563603027,"LOD_vs_CN",27,"study_3_Soma"
"ATP5PF",0.323602980907649,0.153834962037593,4.42501685873306,0.0644471411607001,0.543804637023533,"LOD_vs_CN",27,"study_3_Soma"
"KIR2DL5A",0.0308820621043235,0.0713594387756516,0.187287905355528,0.67147318716988,0.954106519863089,"LOD_vs_CN",27,"study_3_Soma"
"B4GALT7",0.0340402118572012,0.0944638625872737,0.129853335373766,0.721989809011277,0.96365751636814,"LOD_vs_CN",27,"study_3_Soma"
"SPATA9",-0.00304983902532108,0.0821210729796536,0.00137925511837029,0.970949743130632,0.994392792947044,"LOD_vs_CN",27,"study_3_Soma"
"TAFA3",-0.0240862485163067,0.075025861886923,0.103066217888689,0.752114233490339,0.968214902910038,"LOD_vs_CN",27,"study_3_Soma"
"ROR2",-0.0338599439065597,0.11985851833323,0.0798058374286353,0.780503220336673,0.971822571787274,"LOD_vs_CN",27,"study_3_Soma"
"PLEK",-0.483008280763309,0.248175423624001,3.78783985318552,0.063013212004847,0.543804637023533,"LOD_vs_CN",27,"study_3_Soma"
"SPTLC1",-0.171878171883597,0.196633809376372,0.764055780832288,0.391613010506065,0.898271847795756,"LOD_vs_CN",27,"study_3_Soma"
"MDM1",0.110498343339049,0.071696313480396,2.37529679524502,0.136644480789373,0.719916061885361,"LOD_vs_CN",27,"study_3_Soma"
"ST8SIA2",0.0163427900728701,0.051533212080059,0.100572206457435,0.754319087867183,0.968214902910038,"LOD_vs_CN",27,"study_3_Soma"
"SPINT3",0.0193176350315367,0.0711493314015815,0.0737167647273211,0.788632124036598,0.974094692629214,"LOD_vs_CN",27,"study_3_Soma"
"VTI1A",0.173122233131636,0.146522510769941,1.39603718699502,0.248506486924643,0.837323020049667,"LOD_vs_CN",27,"study_3_Soma"
"SPINK8",0.0580221091804969,0.0516472648979312,1.26209593835387,0.273665023699262,0.857611163165124,"LOD_vs_CN",27,"study_3_Soma"
"NAALAD2",-0.166158574039991,0.116078019807437,2.04901685712744,0.165030631039728,0.761149045319344,"LOD_vs_CN",27,"study_3_Soma"
"C1orf226",-0.0868642783028832,1.0276221204936,0.00714521897588861,0.933632083435569,0.990246756207585,"LOD_vs_CN",27,"study_3_Soma"
"ERO1B",0.00193745513119659,0.057891585904693,0.00112003711263551,0.973721871831712,0.994392792947044,"LOD_vs_CN",27,"study_3_Soma"
"DOC2B",0.569258505242855,0.102773649418191,30.6800101964591,9.30748811633485e-06,0.00890392881472511,"LOD_vs_CN",27,"study_3_Soma"
"DNAJB12",0.000826003835928901,0.128630879622596,4.12357263929378e-05,0.994927866450005,0.999271423653543,"LOD_vs_CN",27,"study_3_Soma"
"SURF1",-0.0984705177123919,0.139781343140076,0.496265430975475,0.490176100900519,0.910735020939784,"LOD_vs_CN",27,"study_3_Soma"
"ACP7",0.184586724830364,0.193678510822887,0.908318278470361,0.354837314766447,0.880227508319868,"LOD_vs_CN",27,"study_3_Soma"
"DNAJC18",0.0272136372037339,0.047738825567755,0.324959860918477,0.574209053866722,0.925543460543702,"LOD_vs_CN",27,"study_3_Soma"
"NSDHL",-0.0555848005684432,0.0595913333814966,0.870053377953585,0.361062966402635,0.880227508319868,"LOD_vs_CN",27,"study_3_Soma"
"LEMD1",0.0817977860706005,0.0571834577727194,2.04617263871451,0.169775560328765,0.763545546200691,"LOD_vs_CN",27,"study_3_Soma"
"FTMT",0.0340837853970317,0.10113336300758,0.113581276703734,0.739141445822206,0.968214902910038,"LOD_vs_CN",27,"study_3_Soma"
"DNAJB14",0.0808266962936308,0.0601186394597869,1.80755436639068,0.192291973986104,0.772549915587386,"LOD_vs_CN",27,"study_3_Soma"
"NRG2",0.0420350325980765,0.121227879791401,0.120231359476859,0.732772221041248,0.968214902910038,"LOD_vs_CN",27,"study_3_Soma"
"SPACA3",-0.034943036168837,0.110618936347215,0.0997843239016715,0.754771655082778,0.968214902910038,"LOD_vs_CN",27,"study_3_Soma"
"EID3",-0.0145874480317874,0.0478307915894798,0.0930129688960633,0.763016535127867,0.970930650512307,"LOD_vs_CN",27,"study_3_Soma"
"TBXAS1",0.0162665144835268,0.0491299934720835,0.109621463436361,0.743471451665436,0.968214902910038,"LOD_vs_CN",27,"study_3_Soma"
"CLEC2L",0.0481999485613622,0.0770475857695348,0.391358778275297,0.537493262968311,0.917797358269033,"LOD_vs_CN",27,"study_3_Soma"
"NOTUM",-0.0506092072906981,0.148994814586457,0.115376340937558,0.737715358140047,0.968214902910038,"LOD_vs_CN",27,"study_3_Soma"
"IRAG1",0.0437193155185112,0.0529262670421624,0.682345262105529,0.419232187027109,0.903057347565788,"LOD_vs_CN",27,"study_3_Soma"
"TMPO",0.149697038758484,0.0965922523795568,2.40182760665636,0.135579120445839,0.717851038387076,"LOD_vs_CN",27,"study_3_Soma"
"POGLUT3",-0.0238309599847941,0.0894566088090084,0.0709672887559428,0.794261141448546,0.975460906519396,"LOD_vs_CN",27,"study_3_Soma"
"DNAJC10",0.0335482556210707,0.0943258919621921,0.126496364946189,0.725321252016342,0.966893440578683,"LOD_vs_CN",27,"study_3_Soma"
"SSMEM1",-0.0892417963015557,0.0763641765477595,1.36570613621413,0.256581148457916,0.848548617133833,"LOD_vs_CN",27,"study_3_Soma"
"LILRA4",0.0338736886996482,0.119268055224978,0.0806634343241193,0.781147488360199,0.971822571787274,"LOD_vs_CN",27,"study_3_Soma"
"PEX14",0.259171208855396,0.0885392643438737,8.56843862878793,0.00836829922651907,0.219359187921377,"LOD_vs_CN",27,"study_3_Soma"
"MYG1",-0.0853758399425786,0.123945909178017,0.474466532278395,0.498138051421477,0.910735020939784,"LOD_vs_CN",27,"study_3_Soma"
"C11orf68",0.347486786009677,0.118907972495427,8.5399364789499,0.00846385081115538,0.22006012109004,"LOD_vs_CN",27,"study_3_Soma"
"ADH4",0.0913375684625883,0.167919703775076,0.295866349226732,0.599357384023044,0.932301249405294,"LOD_vs_CN",27,"study_3_Soma"
"PAPOLG",0.0214727640621062,0.0620756769844041,0.119655585234204,0.732310376761325,0.968214902910038,"LOD_vs_CN",27,"study_3_Soma"
"SIGLEC12",-0.0941521194051731,0.0853368321016487,1.21727069729478,0.281850608709023,0.862543776699958,"LOD_vs_CN",27,"study_3_Soma"
"RSPO2",0.240952986125773,0.117707956939706,4.19037589027903,0.0519483327005423,0.498492303292058,"LOD_vs_CN",27,"study_3_Soma"
"RSPO4",0.0620841993371801,0.0456287742855618,1.85133309226367,0.191153085301299,0.772030706803067,"LOD_vs_CN",27,"study_3_Soma"
"PCDHA7",0.287926908966757,0.24918972224734,1.33507067841476,0.26773811992682,0.855343590386265,"LOD_vs_CN",27,"study_3_Soma"
"DCUN1D5",-0.340239267740583,0.226032851644294,2.26582175207062,0.159640485355653,0.752763229935376,"LOD_vs_CN",27,"study_3_Soma"
"COL20A1",0.0537717356456096,0.0523843882586329,1.05366937279791,0.314824608576863,0.875486172372875,"LOD_vs_CN",27,"study_3_Soma"
"PSAPL1",-0.191289336476766,0.0951115221619247,4.04496955448478,0.058389338368053,0.525516081562195,"LOD_vs_CN",27,"study_3_Soma"
"EVA1C",0.00161603489167383,0.0501798703571474,0.00103715197049458,0.974590642527084,0.994392792947044,"LOD_vs_CN",27,"study_3_Soma"
"KCNMB3",-0.0356546485651563,0.0968317555802016,0.135580336885441,0.716762833129558,0.962921988203078,"LOD_vs_CN",27,"study_3_Soma"
"UGT2A1",-0.0259784375578622,0.0472538618880825,0.302239651322518,0.587366828012388,0.929900552467138,"LOD_vs_CN",27,"study_3_Soma"
"PTK2B",-0.112593561045325,0.141236588633738,0.635525046986944,0.43284804725465,0.90631491610517,"LOD_vs_CN",27,"study_3_Soma"
"TMCC3",-0.157937545186524,0.166892955693023,0.895560138369358,0.359278655291537,0.880227508319868,"LOD_vs_CN",27,"study_3_Soma"
"MRPL21",0.0477960438945724,0.0958336609655604,0.248741211070342,0.622406799825644,0.943510647032567,"LOD_vs_CN",27,"study_3_Soma"
"CLCA2",0.060816430781685,0.0589586593038321,1.06401232455524,0.314794451703229,0.875486172372875,"LOD_vs_CN",27,"study_3_Soma"
"MAP4K1",0.0554160988047823,0.222602847142345,0.0619741342224267,0.805484010694931,0.976515831849209,"LOD_vs_CN",27,"study_3_Soma"
"GLT8D1",-0.0250841625630613,0.0325033033412851,0.595585630789893,0.448954576917721,0.910735020939784,"LOD_vs_CN",27,"study_3_Soma"
"VTI1B",0.256538691350398,0.114568764987868,5.01387251097368,0.0347704288790813,0.410097778061406,"LOD_vs_CN",27,"study_3_Soma"
"DUSP26",0.0388000012211478,0.0929596111653047,0.174210722377053,0.682415024479273,0.958943763058136,"LOD_vs_CN",27,"study_3_Soma"
"CNOT9",0.225530071062461,0.0873719937047056,6.6629172852287,0.0181742684105874,0.330956239846735,"LOD_vs_CN",27,"study_3_Soma"
"RIPK2",-0.0188479717457088,0.0608008593434426,0.0960969954036138,0.759600098693392,0.97068453644305,"LOD_vs_CN",27,"study_3_Soma"
"PRG3",-0.00882192462667408,0.0466391480394837,0.0357787751402784,0.851640097056329,0.976515831849209,"LOD_vs_CN",27,"study_3_Soma"
"LCT",-0.2322818573725,0.0919760790589731,6.37794539729889,0.0184790159428393,0.332641763046895,"LOD_vs_CN",27,"study_3_Soma"
"JTB",0.0653368503472986,0.114945403169311,0.323097184812146,0.57545918106008,0.925543460543702,"LOD_vs_CN",27,"study_3_Soma"
"ARHGEF10",0.0474904747855707,0.0499433373620987,0.904186260077689,0.353225185810297,0.880227508319868,"LOD_vs_CN",27,"study_3_Soma"
"RNF215",0.0222642847603378,0.0407684167921106,0.298242686942842,0.591320800309226,0.930487710451967,"LOD_vs_CN",27,"study_3_Soma"
"SYTL4",-0.14157602677029,0.152641853387799,0.860264851083282,0.365696654075031,0.881594367610718,"LOD_vs_CN",27,"study_3_Soma"
"CLEC4C",-0.0262220266725004,0.0403569295655329,0.422178658857578,0.522161121534104,0.910735020939784,"LOD_vs_CN",27,"study_3_Soma"
"SYT5",0.456605628686029,0.100852785217639,20.4977753332044,0.000129558105154784,0.0230181566824999,"LOD_vs_CN",27,"study_3_Soma"
"IL36G",0.0737782930695294,0.10217558018573,0.521390341098163,0.485464145961646,0.910735020939784,"LOD_vs_CN",27,"study_3_Soma"
"FUT2",0.0124749324384625,0.0353960658128692,0.12421281856738,0.727469526866901,0.968214902910038,"LOD_vs_CN",27,"study_3_Soma"
"NT5DC3",0.498008570423166,0.14785627018311,11.3447293787404,0.00389377478075061,0.144239497533429,"LOD_vs_CN",27,"study_3_Soma"
"CSRP3",0.195270012261973,0.167755531291723,1.35493171825773,0.257732599830426,0.849994918635336,"LOD_vs_CN",27,"study_3_Soma"
"MUC1",0.0161712685860866,0.0950441930138233,0.0289492292458828,0.86648737692412,0.978124472786211,"LOD_vs_CN",27,"study_3_Soma"
"HMGN1",-0.0242870547062894,0.046693614517632,0.270542011576635,0.607650116598995,0.93922913140821,"LOD_vs_CN",27,"study_3_Soma"
"UBE2G2",-0.0146489415154427,0.0571143086015255,0.0657843582956367,0.800484671933002,0.975763071187121,"LOD_vs_CN",27,"study_3_Soma"
"CRYZL1",-0.201681578220891,0.182590802188456,1.22004168401832,0.287851207202352,0.865990743775278,"LOD_vs_CN",27,"study_3_Soma"
"ITPRIPL1",-0.0613482815175503,0.0494259769770697,1.54061555536501,0.233658591721903,0.823859069819898,"LOD_vs_CN",27,"study_3_Soma"
"PDCD1",0.184186892637889,0.0641363676142618,8.24724169885024,0.0131453445950839,0.272677933095608,"LOD_vs_CN",27,"study_3_Soma"
"LYG1",0.048587373328842,0.0483073774859447,1.01162585524914,0.32432589692712,0.879552531829013,"LOD_vs_CN",27,"study_3_Soma"
"ABO",0.281095026313805,0.995217758886159,0.0797756016884561,0.781139272871355,0.971822571787274,"LOD_vs_CN",27,"study_3_Soma"
"IL17C",0.00506183263314419,0.033739372858972,0.022508240720539,0.881968246822437,0.981719966549872,"LOD_vs_CN",27,"study_3_Soma"
"GLIPR1",0.047393121733319,0.0296456991408833,2.55568449737849,0.125116163874254,0.695863464469329,"LOD_vs_CN",27,"study_3_Soma"
"MUL1",-0.095847936648906,0.0898490551487259,1.13799016142084,0.296271985060398,0.87139186233415,"LOD_vs_CN",27,"study_3_Soma"
"PSG9",0.0268988564023935,0.0478336904362881,0.316227661003771,0.578934387018019,0.926338041842812,"LOD_vs_CN",27,"study_3_Soma"
"FKBP14",-0.0966962964265576,0.117849793442008,0.67322778188855,0.422114291453616,0.903526259129452,"LOD_vs_CN",27,"study_3_Soma"
"LRTM1",-0.358708096970235,0.264776851565033,1.83536452205889,0.189225654448701,0.770545398613304,"LOD_vs_CN",27,"study_3_Soma"
"PLA2G12B",-0.156126009874684,0.0785870473501868,3.94683142394634,0.0673890602547856,0.558316618380322,"LOD_vs_CN",27,"study_3_Soma"
"MCEE",0.183412049474509,0.103171158674106,3.16037859449391,0.0937642557795958,0.626008538586947,"LOD_vs_CN",27,"study_3_Soma"
"TRABD2A",0.045975153463985,0.092543994933721,0.246802689935381,0.625843360110738,0.944078804544406,"LOD_vs_CN",27,"study_3_Soma"
"CTSK",-0.00880529660597684,0.0712419830668549,0.0152762226590045,0.903086975297674,0.983030808180147,"LOD_vs_CN",27,"study_3_Soma"
"UMOD",0.606570640622536,0.283931167486084,4.56390541123821,0.0434703117306113,0.452827546952753,"LOD_vs_CN",27,"study_3_Soma"
"VEGFB",-0.0358445904318643,0.0786936560959829,0.207475967631299,0.652711474983647,0.950143205052207,"LOD_vs_CN",27,"study_3_Soma"
"ICAM4",-0.16215997387303,0.173435823908867,0.874197813377722,0.359324181421998,0.880227508319868,"LOD_vs_CN",27,"study_3_Soma"
"NUDT9",-0.0507143279754239,0.127322523882063,0.158653943725652,0.694064538484786,0.960643215713691,"LOD_vs_CN",27,"study_3_Soma"
"FAM241A",-0.0448424044790139,0.058416219205186,0.589265334235779,0.45139976465646,0.910735020939784,"LOD_vs_CN",27,"study_3_Soma"
"NMS",0.00442997855793159,0.0451039171184943,0.00964661014251906,0.922644124276996,0.989143784591966,"LOD_vs_CN",27,"study_3_Soma"
"RAB27A",-0.0217431331028708,0.0717889088095315,0.0917338338969034,0.765457468445926,0.970930650512307,"LOD_vs_CN",27,"study_3_Soma"
"TMEM38B",-0.0153702033271577,0.0757440459663946,0.0411777133208233,0.841121586686462,0.976515831849209,"LOD_vs_CN",27,"study_3_Soma"
"LST1",-0.0050666801751138,0.0683979811740541,0.00548732161983856,0.941541144360964,0.990651785731695,"LOD_vs_CN",27,"study_3_Soma"
"EDDM3A",-0.00285061788269036,0.0965291718948925,0.000872089082251359,0.976848509049487,0.994392792947044,"LOD_vs_CN",27,"study_3_Soma"
"COG8",0.00721750204590244,0.047744232567359,0.0228524094830303,0.881445842003893,0.981719966549872,"LOD_vs_CN",27,"study_3_Soma"
"GZMK",-0.639454598872879,0.249212315723556,6.58385759425304,0.0191959781220089,0.332641763046895,"LOD_vs_CN",27,"study_3_Soma"
"SCARA3",-0.0184166931321252,0.0462874011642596,0.158306121210513,0.695792748078973,0.960643215713691,"LOD_vs_CN",27,"study_3_Soma"
"MANSC4",-0.0390185818087447,0.0579834244542009,0.452830049630661,0.507299325267954,0.910735020939784,"LOD_vs_CN",27,"study_3_Soma"
"PRRG4",0.0066945935954994,0.0535964735400766,0.0156018466259291,0.901678250469026,0.983030808180147,"LOD_vs_CN",27,"study_3_Soma"
"LAMC2",0.0770589001416431,0.256848562182577,0.0900101186673814,0.76894687309106,0.971202524821033,"LOD_vs_CN",27,"study_3_Soma"
"COX7A2L",0.00278783371399172,0.0689127297336568,0.00163657090140917,0.968330613295727,0.994392792947044,"LOD_vs_CN",27,"study_3_Soma"
"SLC30A5",0.0315898970510711,0.0448510957595545,0.496078386266911,0.488061881651268,0.910735020939784,"LOD_vs_CN",27,"study_3_Soma"
"CD96",-0.00516971400565502,0.040975992984916,0.0159174708300725,0.900782511701971,0.983030808180147,"LOD_vs_CN",27,"study_3_Soma"
"FAF2",0.396321266850391,0.123402674110288,10.3144390341913,0.00453787872472313,0.152759328017522,"LOD_vs_CN",27,"study_3_Soma"
"MARK3",-0.00530605159464503,0.0788729737926437,0.00452570775379477,0.946910707227324,0.990994566041652,"LOD_vs_CN",27,"study_3_Soma"
"ENAH",0.191977693546512,0.0670262105934282,8.20374600727235,0.00997098447218343,0.237962056275506,"LOD_vs_CN",27,"study_3_Soma"
"VASP",-0.0545475985124808,0.140360058902232,0.151030335451097,0.700913088590039,0.960643215713691,"LOD_vs_CN",27,"study_3_Soma"
"HNRNPF",-0.172042635868237,0.243080315809267,0.50092486719115,0.486212238824464,0.910735020939784,"LOD_vs_CN",27,"study_3_Soma"
"TMEM52B",-0.0179474658110994,0.0554047435948312,0.104933067965167,0.7490430197656,0.968214902910038,"LOD_vs_CN",27,"study_3_Soma"
"SYNE2",0.245948407279039,0.167544878657759,2.15489301978398,0.16517743510057,0.761149045319344,"LOD_vs_CN",27,"study_3_Soma"
"BRSK2",-0.017549138830554,0.078602507670935,0.0498469759289534,0.825145178104683,0.976515831849209,"LOD_vs_CN",27,"study_3_Soma"
"NDUFB8",-0.00481320149639242,0.0323814829089551,0.0220940137193077,0.88310048928922,0.981719966549872,"LOD_vs_CN",27,"study_3_Soma"
"PNPLA2",0.0163797715347158,0.0451616898122423,0.1315452930501,0.720200338094198,0.962921988203078,"LOD_vs_CN",27,"study_3_Soma"
"TNRC6B",0.105549893762249,0.0597425344926231,3.12139201509252,0.0897440645550756,0.623973851581017,"LOD_vs_CN",27,"study_3_Soma"
"DHFR",-0.0272435248085561,0.0395747422727859,0.473904030822059,0.497688324100469,0.910735020939784,"LOD_vs_CN",27,"study_3_Soma"
"G3BP2",0.200709472710584,0.141599551446938,2.00914825610435,0.170732412283938,0.763545546200691,"LOD_vs_CN",27,"study_3_Soma"
"ALDH1A3",0.0294013679185348,0.144105897874766,0.0416266596414587,0.841095909793096,0.976515831849209,"LOD_vs_CN",27,"study_3_Soma"
"NQO1",-0.0195952615285702,0.312098016145333,0.00394203169855508,0.950838603269469,0.990994566041652,"LOD_vs_CN",27,"study_3_Soma"
"IFIT2",-0.0262032372613819,0.107188599256254,0.0597602915157402,0.809950637291126,0.976515831849209,"LOD_vs_CN",27,"study_3_Soma"
"TTC1",0.340456985483303,0.14269029695623,5.69292700536391,0.0274295251554092,0.368189413575933,"LOD_vs_CN",27,"study_3_Soma"
"FBP2",-0.00650872882841291,0.175372778938142,0.0013774250866194,0.970747435591902,0.994392792947044,"LOD_vs_CN",27,"study_3_Soma"
"XRCC4",0.00124307508840893,0.0705460227299078,0.000310491459196175,0.986152998464325,0.997143837664817,"LOD_vs_CN",27,"study_3_Soma"
"S100P",0.0361189741040766,0.0957250940297699,0.142370237540548,0.709349415272708,0.961401139347496,"LOD_vs_CN",27,"study_3_Soma"
"NXT1",0.0618000869364934,0.0536983450780599,1.32451343900233,0.26245186438696,0.853351649936884,"LOD_vs_CN",27,"study_3_Soma"
"RNF114",-0.0969310122303346,0.0967109040364822,1.00455705946595,0.325823470443322,0.880053596687284,"LOD_vs_CN",27,"study_3_Soma"
"MYZAP",0.0163824832414701,0.100215126311927,0.026723473594932,0.871878627785907,0.980306475655756,"LOD_vs_CN",27,"study_3_Soma"
"SLC22A16",0.059847694556816,0.108397506528722,0.304828989232829,0.585898919696477,0.929900552467138,"LOD_vs_CN",27,"study_3_Soma"
"UBXN4",0.155585066812897,0.088822223694764,3.06826268252692,0.0945380983576415,0.629860080307786,"LOD_vs_CN",27,"study_3_Soma"
"DUT",0.15039899624141,0.0786178260337064,3.6597196241191,0.0722043512722582,0.576714898057838,"LOD_vs_CN",27,"study_3_Soma"
"IRF6",-0.147909845128217,0.115775686345529,1.63214762017588,0.220093066090213,0.811831171114767,"LOD_vs_CN",27,"study_3_Soma"
