"Protein","Log2FC","SE","F_value","P_value","FDR","Comparison","N","Study"
"UBA52",0.0961074851311281,0.0589756439321884,2.65563903244217,0.14211678692038,0.372560211151682,"EOAD_vs_CN",79,"study_4"
"MT3",0.0325536758325811,0.101950613185754,0.101957783259598,0.758595363069962,0.848182285924621,"EOAD_vs_CN",79,"study_4"
"NFASC",-0.178677740075129,0.0664476025640764,7.23073207045029,0.0312295880753494,0.211751841096271,"EOAD_vs_CN",79,"study_4"
"ALDOA",0.54405819965042,0.160337862096262,11.5137963351876,0.0136035700098353,0.131865581356783,"EOAD_vs_CN",79,"study_4"
"LSAMP",-0.121477805249784,0.0532779552239665,5.19874812479026,0.0538771164062936,0.244888354116801,"EOAD_vs_CN",79,"study_4"
"PARK7",0.148376426613341,0.0753865727102127,3.87384122286364,0.0924265749873951,0.303180977539774,"EOAD_vs_CN",79,"study_4"
"YWHAZ",0.851541792539095,0.116066373144357,53.826867609302,0.000212232339875508,0.0192288530205769,"EOAD_vs_CN",79,"study_4"
"CXCL16",0.150832074208277,0.0946425360297978,2.53988859918486,0.160825714274637,0.401883582636845,"EOAD_vs_CN",70,"study_4"
"SELENBP1",-0.118684893182239,0.0996240826202864,1.41926082706788,0.271949592402258,0.509926004481828,"EOAD_vs_CN",79,"study_4"
"PROCR",0.159868009248921,0.16348837768567,0.956201378197336,0.367689523602521,0.598639458632508,"EOAD_vs_CN",70,"study_4"
"NCAN",-0.107468157269217,0.124290397893198,0.747626088492817,0.416519270061455,0.631146918171279,"EOAD_vs_CN",79,"study_4"
"NICOL1",-0.206601415789128,0.0926746680656932,4.96986404336801,0.0569794070537987,0.250396553580068,"EOAD_vs_CN",79,"study_4"
"DPP7",-0.0766755577196996,0.174021664275891,0.19413652505719,0.673274568431235,0.795623081929365,"EOAD_vs_CN",79,"study_4"
"ICOSLG",-0.167530186152458,0.0702110488527874,5.69344619118013,0.04703540422081,0.231730586442601,"EOAD_vs_CN",71,"study_4"
"PAPLN",0.0261935443537791,0.0918110506980641,0.0813951676412917,0.78374303222425,0.868050051626859,"EOAD_vs_CN",79,"study_4"
"FOLR2",-0.114068898732556,0.0993112881466902,1.31928087669787,0.287594700209599,0.520855548262336,"EOAD_vs_CN",79,"study_4"
"GC",0.348687405367794,0.149971263158387,5.40575580011051,0.0518192300774232,0.244309825422506,"EOAD_vs_CN",79,"study_4"
"HBA1",2.54942538699969,0.900882960944863,8.00843890189593,0.0240538497035124,0.189701282768126,"EOAD_vs_CN",79,"study_4"
"IGLV3-19",0.373630276456833,0.266870975483807,1.96011447714998,0.210903019821931,0.439089440775495,"EOAD_vs_CN",66,"study_4"
"FBLN5",-0.0622242491381098,0.0690000811807648,0.813242610813591,0.39727034445137,0.619585726549682,"EOAD_vs_CN",79,"study_4"
"LAMP2",0.00677134930742085,0.0883469424323902,0.0058744523894472,0.940237923657466,0.968096825099169,"EOAD_vs_CN",59,"study_4"
"NUCB2",0.00307281424483818,0.108536088751359,0.000801538302811692,0.978177041431406,0.990649244145468,"EOAD_vs_CN",79,"study_4"
"PDGFB",0.00340273121613155,0.161828169074927,0.00044212701224475,0.984444513992305,0.993564565606582,"EOAD_vs_CN",61,"study_4"
"ITIH2",0.586642897998827,0.232877855344107,6.34587114029354,0.0416736140948794,0.23096129914898,"EOAD_vs_CN",79,"study_4"
"CSF1R",0.0526432367671408,0.0879357012384276,0.358389028210392,0.566978629710073,0.727411255204692,"EOAD_vs_CN",78,"study_4"
"PGLYRP2",0.372301759078831,0.212577830536713,3.06728573834932,0.124160642707783,0.358749911739101,"EOAD_vs_CN",79,"study_4"
"IGHM",0.563860542140796,0.390996700629842,2.07968339275199,0.193023346888944,0.426396884923347,"EOAD_vs_CN",79,"study_4"
"LAMA2",0.0788396667381441,0.0426810768213123,3.41207700400982,0.10049474232592,0.315553880424437,"EOAD_vs_CN",79,"study_4"
"APLP2",-0.136623027118793,0.096848432688061,1.99004370113325,0.197668809188225,0.4284750795659,"EOAD_vs_CN",79,"study_4"
"AGA",0.0828508883605492,0.18744527801203,0.195364355963468,0.673058707964374,0.795623081929365,"EOAD_vs_CN",78,"study_4"
"CFI",0.334741573121015,0.138111298688869,5.87436445633001,0.0458567085320643,0.23096129914898,"EOAD_vs_CN",79,"study_4"
"CD44",0.148032747498259,0.0925878898557907,2.55627296422198,0.155495503201011,0.392979544453464,"EOAD_vs_CN",79,"study_4"
"IGSF8",-0.0138286550689699,0.0282960918510615,0.238839951878165,0.6330617626861,0.767682312003209,"EOAD_vs_CN",79,"study_4"
"CNTNAP4",-0.0949635793542996,0.129896840988391,0.534462172153864,0.488907424868321,0.677042411523753,"EOAD_vs_CN",79,"study_4"
"C1QC",0.1573786265509,0.0548794349908473,8.22379429965971,0.0214475299657804,0.179320701668781,"EOAD_vs_CN",79,"study_4"
"C1R",0.0406438155230635,0.0662630588263002,0.376223555388281,0.559149995422712,0.722993947569833,"EOAD_vs_CN",79,"study_4"
"CPN2",0.498219934270108,0.203944618316798,5.96784728100656,0.0448870568204465,0.23096129914898,"EOAD_vs_CN",79,"study_4"
"AMBP",0.413769530824664,0.180977600093634,5.22717890135196,0.058271868044409,0.250396553580068,"EOAD_vs_CN",79,"study_4"
"C5",0.510784748305939,0.182135486619646,7.86478221976471,0.0267549103692029,0.198321867254426,"EOAD_vs_CN",79,"study_4"
"HEXA",-0.0735778076639413,0.0822324370314537,0.800584844563554,0.397131227342909,0.619585726549682,"EOAD_vs_CN",79,"study_4"
"DBI",0.140212594778005,0.093577254289278,2.24508845524446,0.180050537446004,0.41798788651348,"EOAD_vs_CN",79,"study_4"
"C1QA",0.0723665091601413,0.0683198579120903,1.12197024140882,0.32390375396849,0.559534533532764,"EOAD_vs_CN",79,"study_4"
"NRXN3",-0.231936225130919,0.0750063899755868,9.56182171848041,0.0164559419419852,0.151503701098424,"EOAD_vs_CN",79,"study_4"
"IGHV3-30",0.270260417078568,0.230149526677772,1.37893791543315,0.279501147185627,0.51714688131517,"EOAD_vs_CN",79,"study_4"
"C6",0.543581270373846,0.152551056481486,12.6969242684572,0.00833499458277097,0.117322961722042,"EOAD_vs_CN",79,"study_4"
"CLEC3B",0.18933535606563,0.0600206746257623,9.95088475136186,0.013568484022045,0.131865581356783,"EOAD_vs_CN",79,"study_4"
"SPARCL1",-0.133437647149606,0.10093877462617,1.74759460314922,0.230581844580935,0.458688749864043,"EOAD_vs_CN",79,"study_4"
"GAP43",0.301604754450673,0.0617652088443925,23.8445174760827,0.000654099393142655,0.0275384874999853,"EOAD_vs_CN",79,"study_4"
"MCAM",-0.121242209108164,0.0643920969004057,3.54521473666242,0.0952855858863218,0.308023829033728,"EOAD_vs_CN",79,"study_4"
"SCG2",-0.417832572394573,0.0973660069652964,18.4157693047964,0.00372937092525905,0.0799932359889286,"EOAD_vs_CN",79,"study_4"
"LMAN1",-0.0820146066340461,0.0708612169247748,1.33956934273842,0.278382056847638,0.51679607214453,"EOAD_vs_CN",79,"study_4"
"ADGRB2",-0.327814907476233,0.0913378127184821,12.881195871036,0.00702338538862717,0.110280378255723,"EOAD_vs_CN",70,"study_4"
"LTBP4",-0.102837270456522,0.0899378151112299,1.30742388899157,0.290876800455015,0.524238253008067,"EOAD_vs_CN",79,"study_4"
"IGHG3",0.347360768958353,0.361756726833542,0.921994443985963,0.371470690068974,0.600611151561447,"EOAD_vs_CN",79,"study_4"
"PON1",0.176228156344159,0.204547687186959,0.742269214975571,0.414020428322218,0.628949065975828,"EOAD_vs_CN",79,"study_4"
"AXL",-0.0172696939192472,0.070173001823437,0.0605660388617737,0.812839079676245,0.887894947544189,"EOAD_vs_CN",56,"study_4"
"CADM1",-0.100116897479589,0.0570236651851963,3.08251010862766,0.117791047406753,0.349289719243493,"EOAD_vs_CN",79,"study_4"
"APOD",0.0270329443230608,0.0972048640945138,0.0773411641907435,0.788651448561315,0.870877599138437,"EOAD_vs_CN",79,"study_4"
"SPON1",0.0881137017828735,0.0578533294599587,2.31969121947716,0.17084781653306,0.413905821317566,"EOAD_vs_CN",79,"study_4"
"MGAT1",-0.119698038337285,0.160041638256578,0.559381487406345,0.481147495672868,0.670160832252687,"EOAD_vs_CN",79,"study_4"
"SERPINF2",0.40493471804476,0.137884211170248,8.62463946830739,0.0210663560382912,0.178822808508243,"EOAD_vs_CN",79,"study_4"
"CP",0.383214673047535,0.147745447900019,6.72753616783387,0.0356041170325738,0.21807486145177,"EOAD_vs_CN",79,"study_4"
"PCSK1",-0.623816257663853,0.202903116770352,9.45226614643631,0.032933515087293,0.217196409003323,"EOAD_vs_CN",76,"study_4"
"CPB2",0.517250886523728,0.14669247210178,12.4333120135338,0.00901468066974754,0.121480316376723,"EOAD_vs_CN",79,"study_4"
"SPARC",-0.0329921460997085,0.0786462080963571,0.17598090931985,0.687022409819096,0.802488361049196,"EOAD_vs_CN",79,"study_4"
"LYVE1",-0.107404522986508,0.0599465170108845,3.21009016717145,0.0966804322167552,0.310433225587816,"EOAD_vs_CN",79,"study_4"
"IGKC",0.339875255980726,0.188568222965198,3.24864367452736,0.112938416351189,0.339425726979791,"EOAD_vs_CN",79,"study_4"
"IGHG4",0.373540817026175,0.38615252207432,0.935746857582505,0.358565335869685,0.592470383049134,"EOAD_vs_CN",79,"study_4"
"CNDP1",-0.0355853115598421,0.096260357294465,0.136661633169176,0.722178325184752,0.82619577942947,"EOAD_vs_CN",79,"study_4"
"EFNB2",-0.142435736789762,0.0520448694890055,7.49000461418098,0.0264691583710573,0.198321867254426,"EOAD_vs_CN",79,"study_4"
"PRRT2",0.166277239338744,0.0706107447361311,5.54528698015143,0.0468018074715139,0.231730586442601,"EOAD_vs_CN",42,"study_4"
"RNASET2",0.101115829146657,0.11466908582165,0.777580918131433,0.408704722453371,0.626868484645723,"EOAD_vs_CN",79,"study_4"
"PNOC",-0.524821409596406,0.108691856325851,23.3146593646162,0.00118477302375211,0.0365963222892319,"EOAD_vs_CN",79,"study_4"
"PLTP",-0.0681775277922867,0.137466709120029,0.245972993271754,0.636872424177424,0.769120918554674,"EOAD_vs_CN",79,"study_4"
"ATRN",0.141106114376278,0.0749546713688944,3.54400443787188,0.101130632390565,0.315891188815472,"EOAD_vs_CN",79,"study_4"
"LGALS1",0.0883119460004291,0.0987307098962371,0.80008179783428,0.403461444222273,0.624157396104564,"EOAD_vs_CN",79,"study_4"
"OMG",-0.168083604134972,0.113550408390108,2.19115602167892,0.184148686274357,0.422609549586173,"EOAD_vs_CN",79,"study_4"
"FAT2",-0.182856917125363,0.08257765925063,4.90340370247165,0.0531252927723664,0.244309825422506,"EOAD_vs_CN",79,"study_4"
"AHSG",0.323707828961039,0.176502228017754,3.36361299954531,0.110071194626719,0.333883308711607,"EOAD_vs_CN",79,"study_4"
"IGFBP6",0.0774938662595179,0.0993565469107199,0.608333424264901,0.460436627272492,0.656521449507206,"EOAD_vs_CN",79,"study_4"
"CFHR2",0.554891552076759,0.320469300358487,2.99808099559842,0.129908886188119,0.362080618906046,"EOAD_vs_CN",79,"study_4"
"IGHV3-72",0.405756762390459,0.823698806164344,0.242658025844167,0.639336810967483,0.769418326618876,"EOAD_vs_CN",73,"study_4"
"NPPC",-0.158164210883555,0.0923893282826114,2.93070981396574,0.152768362003304,0.391839671204357,"EOAD_vs_CN",72,"study_4"
"CPE",-0.133411474794762,0.060440359170503,4.87228066010397,0.0581297049332833,0.250396553580068,"EOAD_vs_CN",79,"study_4"
"HSPA8",0.166680184069978,0.0569444008536211,8.56773227361136,0.0166648896263261,0.151503701098424,"EOAD_vs_CN",79,"study_4"
"C4BPA",0.744055965937028,0.385859582728804,3.71837020050008,0.100310885497233,0.315553880424437,"EOAD_vs_CN",79,"study_4"
"VTN",0.278602438756231,0.153750417655786,3.28350150024037,0.110392109501426,0.333883308711607,"EOAD_vs_CN",79,"study_4"
"SEMA6A",-0.158899069094872,0.129496057376709,1.50566936295946,0.26144839622331,0.499537141924949,"EOAD_vs_CN",79,"study_4"
"WFDC1",-0.271730081708307,0.139555857588396,3.7912227257354,0.0880357713845141,0.293101131076586,"EOAD_vs_CN",79,"study_4"
"NPTX1",-0.284101400410369,0.0588906050221411,23.2731257807926,0.000992860947046045,0.0356148830037162,"EOAD_vs_CN",79,"study_4"
"PTN",0.114278972732754,0.0935105751024235,1.49352053979441,0.258915833432058,0.495549753487864,"EOAD_vs_CN",79,"study_4"
"DCN",0.0666592566205981,0.114132791967858,0.341114397093798,0.575933568030315,0.732766736441316,"EOAD_vs_CN",79,"study_4"
"MEGF10",-0.0642772483322549,0.0826467754326818,0.604870948058088,0.463541151479459,0.657525766797822,"EOAD_vs_CN",79,"study_4"
"PSAP",-0.0671366744495234,0.0685124667662523,0.960241433309718,0.360443136724505,0.59379669338911,"EOAD_vs_CN",79,"study_4"
"GGH",-0.0245981078819995,0.0956593328357886,0.0661224152396441,0.804135194676087,0.881787972728237,"EOAD_vs_CN",79,"study_4"
"F10",0.230272740652457,0.109691635597897,4.40694910800382,0.0754440314364412,0.280224523269851,"EOAD_vs_CN",79,"study_4"
"KRT2",-0.500549836109656,0.438314144021959,1.30413838157298,0.285245925546138,0.520168761059651,"EOAD_vs_CN",76,"study_4"
"GALNT2",-0.00248140291885157,0.0301694887890292,0.00676485784608867,0.93659414298757,0.965238820205911,"EOAD_vs_CN",79,"study_4"
"NTNG1",-0.31312242841638,0.129679718371505,5.83021050499439,0.0492389283222437,0.238869231202194,"EOAD_vs_CN",79,"study_4"
"CD55",-0.0173892654099657,0.0572151329259974,0.0923720644055274,0.76982833069765,0.856049103735787,"EOAD_vs_CN",79,"study_4"
"CD99L2",-0.052755978398646,0.0756687330763193,0.486083006388901,0.506618241571145,0.685892910295343,"EOAD_vs_CN",79,"study_4"
"IGHA1",0.268450237054859,0.381582543028851,0.494937759026885,0.506027708899495,0.685892910295343,"EOAD_vs_CN",79,"study_4"
"ACYP2",0.196619951502898,0.113485018288649,3.0017747859618,0.136505816907729,0.368082418651957,"EOAD_vs_CN",64,"study_4"
"EFEMP2",-0.0499449136593535,0.121617158467531,0.168652517831496,0.694513795702423,0.808690409236749,"EOAD_vs_CN",79,"study_4"
"CHI3L1",0.259203069972909,0.133960199131021,3.74393855929688,0.0952879471111534,0.308023829033728,"EOAD_vs_CN",79,"study_4"
"FAM3C",-0.109071322988571,0.063587460591355,2.94224070135879,0.127279117885851,0.362080618906046,"EOAD_vs_CN",79,"study_4"
"CRTAC1",-0.108883113783774,0.0811090662383035,1.80211400144675,0.222472600503378,0.451933959119917,"EOAD_vs_CN",79,"study_4"
"IL6ST",-0.137175358982622,0.0534389216764488,6.58926294758583,0.0360261955976518,0.21807486145177,"EOAD_vs_CN",79,"study_4"
"PRSS1",-0.104107073338136,0.137284753001149,0.575063577952476,0.472391657670296,0.664095478292502,"EOAD_vs_CN",79,"study_4"
"CTSH",-0.133091407840144,0.158258030537111,0.707242783147489,0.426984697716497,0.633921206756669,"EOAD_vs_CN",79,"study_4"
"SEMA6D",-0.142982837152683,0.0673837870838272,4.50253388456768,0.071849866612,0.273620039974466,"EOAD_vs_CN",79,"study_4"
"TIMP1",0.021313859253123,0.0670733609241848,0.100977368800267,0.758319759258468,0.848182285924621,"EOAD_vs_CN",79,"study_4"
"IDS",-0.102650137167064,0.139499563345989,0.541468718312243,0.487258781790407,0.676444151499291,"EOAD_vs_CN",79,"study_4"
"SELL",0.213487879326228,0.076294735660765,7.82991957240195,0.0243069390511926,0.190347297358635,"EOAD_vs_CN",72,"study_4"
"PROS1",0.102538024295727,0.0508791235340091,4.061539185762,0.0722245222126674,0.274108084302,"EOAD_vs_CN",79,"study_4"
"CYCS",0.116530503324717,0.0466900417015523,6.22917771055871,0.0347238106995648,0.217196409003323,"EOAD_vs_CN",79,"study_4"
"ADAMTS4",0.0646191097900077,0.0556513103078746,1.34825224793837,0.271490185773212,0.509926004481828,"EOAD_vs_CN",65,"study_4"
"NELL2",-0.214128126312074,0.0900099207199552,5.65935158633624,0.0470963242230465,0.231730586442601,"EOAD_vs_CN",79,"study_4"
"TAFA5",-0.152280030268587,0.0363061484806401,17.5924185924648,0.000666655790263853,0.0275384874999853,"EOAD_vs_CN",74,"study_4"
"TNFRSF21",-0.0605140925761418,0.0691765976136322,0.76523469971478,0.407526199227899,0.625924217598652,"EOAD_vs_CN",79,"study_4"
"CTSB",-0.0291532370635466,0.0815679406438329,0.127742253364594,0.731421565225364,0.833340963658407,"EOAD_vs_CN",79,"study_4"
"LAMP1",0.0726750041149726,0.104006431078128,0.488258420588321,0.50856787599962,0.687153679357932,"EOAD_vs_CN",79,"study_4"
"IGFBP7",0.0939219687842208,0.133471159695339,0.495175908870231,0.503294555442093,0.684185263632772,"EOAD_vs_CN",79,"study_4"
"SEZ6L2",-0.0731691892019786,0.035560827125776,4.23362880524185,0.0586858636292541,0.250396553580068,"EOAD_vs_CN",79,"study_4"
"COL3A1",0.0357902724075672,0.0813726540894825,0.193451920280518,0.673115928464234,0.795623081929365,"EOAD_vs_CN",79,"study_4"
"KIT",-0.151406217621044,0.0755525184361115,4.01596139533091,0.0843302217990132,0.287796122573842,"EOAD_vs_CN",79,"study_4"
"HSPG2",-0.0407501929067635,0.0319046849374675,1.63136228374328,0.223510915765467,0.452195010003777,"EOAD_vs_CN",79,"study_4"
"IGFBP2",0.0746910994016083,0.0543078435154415,1.89152718837998,0.202731271952996,0.433061979712898,"EOAD_vs_CN",79,"study_4"
"PRELP",-0.0648572596159021,0.0646154835716508,1.00749753358171,0.342771253070066,0.578298112718049,"EOAD_vs_CN",79,"study_4"
"C1QB",0.13170673361516,0.0695896931603281,3.58200440201181,0.0992373169458923,0.313499705806341,"EOAD_vs_CN",79,"study_4"
"GDA",0.365460403681386,0.110865531113889,10.8664472334603,0.0122873547316202,0.131865581356783,"EOAD_vs_CN",79,"study_4"
"NTM",-0.0753656062666401,0.0526786655968001,2.04680685869135,0.192085773709769,0.426283493009268,"EOAD_vs_CN",79,"study_4"
"NECTIN1",-0.182000362807075,0.0398331485155633,20.8763820640927,0.000668650325988851,0.0275384874999853,"EOAD_vs_CN",79,"study_4"
"ALCAM",-0.100216850657022,0.0469293274750018,4.56029398045831,0.0679773234460709,0.269006347587298,"EOAD_vs_CN",79,"study_4"
"APOC3",0.171923907177876,0.286703051395498,0.359590255685,0.568453579831724,0.727411255204692,"EOAD_vs_CN",79,"study_4"
"WFIKKN2",0.0376017460227587,0.0989761522917785,0.144329427940301,0.713430904171324,0.819866269606406,"EOAD_vs_CN",79,"study_4"
"TGFBI",0.0652441565670525,0.0931268001765904,0.490833143340286,0.507017960667961,0.685892910295343,"EOAD_vs_CN",79,"study_4"
"DNER",-0.10481417323986,0.0538348199429731,3.79064833783463,0.0830935423874106,0.287796122573842,"EOAD_vs_CN",79,"study_4"
"CDH2",-0.0466491631995307,0.0692494263704455,0.453790453084882,0.523286546232974,0.698991946741648,"EOAD_vs_CN",79,"study_4"
"C1S",0.0353591664391786,0.044731471757525,0.624852715502805,0.451885692829153,0.65246349864727,"EOAD_vs_CN",79,"study_4"
"CHGB",-0.35778818861071,0.0518977062365857,47.5286711462206,8.85423971321052e-05,0.0140655922301287,"EOAD_vs_CN",79,"study_4"
"ALDOC",0.106137083097975,0.0467163680262322,5.16174034134247,0.0497355903360275,0.239419811487717,"EOAD_vs_CN",79,"study_4"
"LYNX1",-0.0931327002087246,0.10530180529591,0.782226916142203,0.40525327337005,0.624157396104564,"EOAD_vs_CN",79,"study_4"
"ICAM5",-0.161312231741183,0.104739294816814,2.37200340527802,0.166529579790418,0.409960807442848,"EOAD_vs_CN",79,"study_4"
"HPX",0.41703189957814,0.158239508689878,6.94558292568918,0.0339197032838626,0.217196409003323,"EOAD_vs_CN",79,"study_4"
"LAMB1",0.0687663437366002,0.0541469199931768,1.61288852341149,0.244126588872897,0.476993850040552,"EOAD_vs_CN",79,"study_4"
"MOG",-0.053908968071279,0.0818310724177821,0.433995825060239,0.531427210979366,0.703376808950827,"EOAD_vs_CN",79,"study_4"
"STC2",-0.179340549453662,0.110117500556713,2.65243226107777,0.148384263703337,0.383728607530491,"EOAD_vs_CN",79,"study_4"
"CHGA",-0.272670655964841,0.142983923087094,3.63665739275535,0.097002634231266,0.310433225587816,"EOAD_vs_CN",79,"study_4"
"HYOU1",-0.108968028580414,0.0588088319570271,3.43331048916235,0.108391397481166,0.333020173631092,"EOAD_vs_CN",79,"study_4"
"IGHG2",0.514336276618131,0.150339633431184,11.7043510518267,0.00731117512389776,0.110280378255723,"EOAD_vs_CN",79,"study_4"
"ITIH5",-0.0870888106282752,0.0613711442759706,2.01370698793301,0.19392773174386,0.426481588406176,"EOAD_vs_CN",79,"study_4"
"GPI",0.449000757758334,0.192378731923575,5.44728417755606,0.0563102923678602,0.250396553580068,"EOAD_vs_CN",78,"study_4"
"APCS",0.571798768924794,0.278672336836087,4.21016108904102,0.0798560111390459,0.285498544130573,"EOAD_vs_CN",79,"study_4"
"MST1",0.544790965673583,0.253360250590454,4.62362745824589,0.0699211519070598,0.269973336530036,"EOAD_vs_CN",78,"study_4"
"GPR158",-0.127847435649845,0.114346359517358,1.25008446470775,0.310803928456991,0.543432442628694,"EOAD_vs_CN",43,"study_4"
"HP",0.734812482750591,0.652173749647593,1.26948163416789,0.299517881177945,0.533489685663576,"EOAD_vs_CN",79,"study_4"
"COL18A1",-0.108722831127004,0.132808916702009,0.670173170085273,0.441696506126507,0.645422489898392,"EOAD_vs_CN",79,"study_4"
"RTN4R",-0.237301154960878,0.0939543245348651,6.37919906512658,0.0373959989980654,0.221733095065442,"EOAD_vs_CN",79,"study_4"
"GRIA4",-0.241866631850466,0.0967633317417316,6.24784557283047,0.0385464268014524,0.223045203640253,"EOAD_vs_CN",79,"study_4"
"MEGF8",-0.164128785128671,0.0924066844688359,3.15473390633002,0.1192021112842,0.351598800392653,"EOAD_vs_CN",79,"study_4"
"SERPIND1",0.115716206922498,0.14868604825977,0.60568656534741,0.463579317598464,0.657525766797822,"EOAD_vs_CN",79,"study_4"
"COCH",0.0964228268474123,0.146183009927936,0.435076793983209,0.530967998550068,0.703376808950827,"EOAD_vs_CN",79,"study_4"
"CBLN1",-0.154102243108068,0.111972090710256,1.894080121182,0.210983460092297,0.439089440775495,"EOAD_vs_CN",79,"study_4"
"CD59",-0.0856909618233219,0.0586395956006062,2.13544358157095,0.184447449844412,0.422609549586173,"EOAD_vs_CN",79,"study_4"
"KRT10",-1.05542893959087,0.630117802534312,2.80552728604097,0.134843633764967,0.368082418651957,"EOAD_vs_CN",79,"study_4"
"ATP6AP1",-0.234609287997596,0.057266458304108,16.7837790561169,0.00364322592819454,0.0799932359889286,"EOAD_vs_CN",79,"study_4"
"SERPINI1",-0.101731117919355,0.067606337642831,2.26429398993167,0.17224588817682,0.415171639338706,"EOAD_vs_CN",79,"study_4"
"TGFBR3",0.0206237429261291,0.0481413009579962,0.183526730780965,0.680776313517969,0.800236004896386,"EOAD_vs_CN",79,"study_4"
"PTPRG",-0.195750443324464,0.0425574648791977,21.1569962833512,0.00123639194578459,0.037158590370607,"EOAD_vs_CN",79,"study_4"
"CLSTN2",-0.11213318135081,0.0360269090764992,9.68755721712598,0.00989747552240683,0.125543837998659,"EOAD_vs_CN",77,"study_4"
"ART3",-0.112643107317673,0.138673899933118,0.65981135549733,0.44592505934226,0.647348127922446,"EOAD_vs_CN",79,"study_4"
"KRT1",-0.736239449174745,0.485769609052889,2.29708722546698,0.168584916298485,0.411110585359464,"EOAD_vs_CN",79,"study_4"
"L1CAM",-0.0155276753036677,0.0309643559296074,0.251471504535099,0.623790018488619,0.759753012660837,"EOAD_vs_CN",79,"study_4"
"NRXN2",-0.221793554033303,0.0486451809424165,20.788262586588,0.00132339110335872,0.0379294294532987,"EOAD_vs_CN",79,"study_4"
"B2M",0.0220629154707535,0.0744752793678443,0.0877609913082116,0.775597004332624,0.860951846549683,"EOAD_vs_CN",79,"study_4"
"C3",0.229143165033207,0.114689784857045,3.99175923614457,0.0859003253906477,0.289972168237634,"EOAD_vs_CN",79,"study_4"
"APLP1",-0.180693962252031,0.0658197976941869,7.53657796418493,0.0261283736853965,0.198321867254426,"EOAD_vs_CN",79,"study_4"
"LUM",0.225374573542849,0.0924475921091329,5.94317649730261,0.0401492848500684,0.228953870529621,"EOAD_vs_CN",79,"study_4"
"BCAN",-0.107248000384367,0.095973353170463,1.24875451027428,0.302688584127538,0.535886110085807,"EOAD_vs_CN",79,"study_4"
"CARTPT",-0.314549128373309,0.11365691463503,7.6592324018792,0.0264169720105688,0.198321867254426,"EOAD_vs_CN",79,"study_4"
"B3GNT2",-0.0616869244842562,0.0802197345859257,0.591321670280125,0.465513658729133,0.659428265613752,"EOAD_vs_CN",79,"study_4"
"NBL1",-0.156307711991253,0.0645917533308488,5.85607546808366,0.0454438055477472,0.23096129914898,"EOAD_vs_CN",79,"study_4"
"PKM",0.306252448961374,0.0510616087242596,35.9724612752208,0.000172791123200063,0.0192288530205769,"EOAD_vs_CN",79,"study_4"
"RBP4",0.369134912780419,0.206227830526643,3.20387600007037,0.120588781060056,0.353811938097051,"EOAD_vs_CN",79,"study_4"
"LRG1",0.402005284444581,0.175794578280846,5.22940852433379,0.0549446496029151,0.246364719187265,"EOAD_vs_CN",79,"study_4"
"SOD1",0.114633859984069,0.0564465724767816,4.12430410680783,0.0741585331061541,0.279539962081503,"EOAD_vs_CN",79,"study_4"
"AGRN",-0.0351333163947816,0.0419380364960647,0.701814128542391,0.423094786141527,0.631837497615648,"EOAD_vs_CN",79,"study_4"
"SPOCK3",0.0142146363521096,0.0449211796629597,0.100131149594921,0.760042328073439,0.84856131407396,"EOAD_vs_CN",79,"study_4"
"COL1A1",0.0963029350462197,0.0542219694149968,3.15448503509656,0.103637201713298,0.322813916821253,"EOAD_vs_CN",79,"study_4"
"COL6A3",0.0676569357801213,0.0786479481629919,0.740030901944737,0.418962679996572,0.631282520536841,"EOAD_vs_CN",79,"study_4"
"DDR1",-0.0401319483891642,0.131583181427071,0.0930207260445403,0.769579909005507,0.856049103735787,"EOAD_vs_CN",79,"study_4"
"PTPRD",-0.121697814254459,0.0395570261463374,9.46494920543219,0.0132136839771438,0.131865581356783,"EOAD_vs_CN",79,"study_4"
"GASK1B",-0.164653040134089,0.0809573043166318,4.1364466771272,0.0803452274749551,0.285498544130573,"EOAD_vs_CN",73,"study_4"
"TPP1",-0.0600948955924938,0.12912010359404,0.216614456975978,0.655201931534384,0.782582758180703,"EOAD_vs_CN",79,"study_4"
"VSTM2A",-0.0797751637605426,0.134847166417614,0.349986875717566,0.572735293656364,0.731985489695646,"EOAD_vs_CN",79,"study_4"
"CLIC4",0.226276327754641,0.125150643817561,3.26897852583692,0.119560399844138,0.351722657742543,"EOAD_vs_CN",75,"study_4"
"AEBP1",0.0211246676194747,0.0589517168744678,0.128406454107348,0.72809619930868,0.830403049878207,"EOAD_vs_CN",79,"study_4"
"FGA",0.20806731759285,0.248327445396423,0.702034240849419,0.431078832268278,0.635649749017094,"EOAD_vs_CN",79,"study_4"
"HBB",2.52822327913778,0.93532711115361,7.30640607902257,0.0298123876375647,0.206799083451755,"EOAD_vs_CN",78,"study_4"
"SCG5",-0.208544358134004,0.0862091789134094,5.85180536526428,0.0481835572265184,0.235588904943175,"EOAD_vs_CN",79,"study_4"
"ZP2",-0.248947636404038,0.141772249254129,3.08342617905388,0.118509334663984,0.350485053580718,"EOAD_vs_CN",79,"study_4"
"SLITRK1",-0.252869986598588,0.103694702776361,5.94677393007284,0.0425946302380423,0.23096129914898,"EOAD_vs_CN",79,"study_4"
"CAMK2A",-0.129108044340328,0.214390412701963,0.362656849870691,0.582354266782105,0.734430468006213,"EOAD_vs_CN",63,"study_4"
"CTSL",-0.0317600647814693,0.0993879438555055,0.102116365057077,0.758940084977516,0.848182285924621,"EOAD_vs_CN",79,"study_4"
"KLK6",0.0110527208492144,0.0566871214491935,0.038016277971976,0.850998130293573,0.913426564562214,"EOAD_vs_CN",79,"study_4"
"PCOLCE",-0.0463801828240271,0.0428524138462126,1.17142457723889,0.307954604159829,0.54080975138165,"EOAD_vs_CN",79,"study_4"
"C16orf89",-0.160414853749317,0.0969260052374386,2.73910406004756,0.141870795717443,0.372560211151682,"EOAD_vs_CN",79,"study_4"
"NRCAM",-0.142261013720205,0.0739149409655533,3.70431004550112,0.0934068179587674,0.304599359443253,"EOAD_vs_CN",79,"study_4"
"PLXDC2",0.115824552273061,0.0904759981540788,1.63883222122213,0.240944485461556,0.47337503150751,"EOAD_vs_CN",79,"study_4"
"CACNA2D1",-0.20518734390264,0.0891006333188307,5.30321894441468,0.0522187032721304,0.244309825422506,"EOAD_vs_CN",79,"study_4"
"TAGLN",0.130628763233616,0.101739534635687,1.64853486500174,0.229751253288009,0.457855544186857,"EOAD_vs_CN",79,"study_4"
"PRNP",-0.138105054583246,0.0751516226380115,3.37708835685411,0.10837747398558,0.333020173631092,"EOAD_vs_CN",79,"study_4"
"C1RL",0.284960743692441,0.0797641153855045,12.7630645278104,0.0074379751521396,0.110280378255723,"EOAD_vs_CN",79,"study_4"
"SERPINA7",0.384253441696755,0.153360817852038,6.2777887924975,0.0390599789117902,0.223890188401601,"EOAD_vs_CN",79,"study_4"
"C1QTNF3",-0.18782726718372,0.197261303432451,0.906637091491621,0.383120821396683,0.609183723401606,"EOAD_vs_CN",42,"study_4"
"CNTN2",-0.00235463299409133,0.0560041190930683,0.00176769164629899,0.967320712342643,0.984135985475772,"EOAD_vs_CN",79,"study_4"
"SERPINA1",0.252440416305738,0.201658218792865,1.56706107016736,0.252509131438251,0.4883307028858,"EOAD_vs_CN",79,"study_4"
"F5",-0.220520001474817,0.112448454859067,3.84582031298728,0.0838855538808732,0.287796122573842,"EOAD_vs_CN",79,"study_4"
"SLC5A5",0.0298220758441055,0.202027505117033,0.021789875027191,0.886517826166379,0.931765427879975,"EOAD_vs_CN",62,"study_4"
"NCAM1",-0.0623178227964392,0.0426184987936547,2.13810115449665,0.179158105380239,0.41798788651348,"EOAD_vs_CN",79,"study_4"
"AJAP1",0.107803898887393,0.224756292924258,0.230062171887921,0.712817559118742,0.819866269606406,"EOAD_vs_CN",54,"study_4"
"PTPRS",-0.0999406102508154,0.0604031420779714,2.73756810848825,0.14067578987283,0.372560211151682,"EOAD_vs_CN",79,"study_4"
"RARRES2",0.0197858577704313,0.0473368130533354,0.1747075744433,0.682719867466915,0.800827523864145,"EOAD_vs_CN",79,"study_4"
"LAMC1",0.0910662958112258,0.0348253505507842,6.83792526624256,0.0283508870514414,0.203793910442445,"EOAD_vs_CN",79,"study_4"
"APOA2",0.352599801501738,0.202880081572842,3.0205449658309,0.125673223126593,0.359982308334619,"EOAD_vs_CN",79,"study_4"
"A1BG",0.443061271708642,0.168906045198008,6.88077240053501,0.0344544660085039,0.217196409003323,"EOAD_vs_CN",79,"study_4"
"MASP1",0.0202834632888171,0.131199534085942,0.023901196102849,0.881628559768353,0.927503271960652,"EOAD_vs_CN",79,"study_4"
"OAF",-0.00842003459759511,0.0742953041485502,0.0128441397461943,0.91273035178748,0.947671476365712,"EOAD_vs_CN",79,"study_4"
"DPP6",-0.0585220478168855,0.0987341152314977,0.351321357174711,0.573344749572758,0.731985489695646,"EOAD_vs_CN",79,"study_4"
"NID2",0.0671130606967374,0.0518952729493024,1.67247059013071,0.222123310978572,0.451933959119917,"EOAD_vs_CN",79,"study_4"
"CPVL",-0.168503179648416,0.0815360298426777,4.27087714633229,0.0632337883207132,0.260429528194937,"EOAD_vs_CN",79,"study_4"
"SERPINC1",0.431937416425606,0.175215772077139,6.07708427722215,0.044280931251223,0.23096129914898,"EOAD_vs_CN",79,"study_4"
"CHL1",-0.164898930788086,0.067334844686856,5.99730248579985,0.036280440079656,0.21807486145177,"EOAD_vs_CN",79,"study_4"
"CELSR2",-0.2827875312141,0.115154058669661,6.03062069690413,0.045410770022194,0.23096129914898,"EOAD_vs_CN",79,"study_4"
"FGB",0.174041253450307,0.239286797265927,0.529013714385479,0.491730723241744,0.679260328254434,"EOAD_vs_CN",79,"study_4"
"BTD",0.0388783473603755,0.046311534329847,0.704753517215988,0.425795943952749,0.633001456785369,"EOAD_vs_CN",79,"study_4"
"PI16",0.0619318560883411,0.0593520132124873,1.08882299040808,0.32122799975388,0.557262926250101,"EOAD_vs_CN",79,"study_4"
"CPQ",-0.0627118217058928,0.0991442495127415,0.400095598884427,0.546894249390471,0.712690799762248,"EOAD_vs_CN",79,"study_4"
"GFRA2",-0.228396118112578,0.123328548740467,3.42965309926638,0.104822118287064,0.324685781435141,"EOAD_vs_CN",79,"study_4"
"SHISA5",0.0890102134976587,0.041762761414086,4.54256626374835,0.0541307681631421,0.244888354116801,"EOAD_vs_CN",79,"study_4"
"PGK1",0.516882691451413,0.146290601966972,12.483924254141,0.0117929398648608,0.131801654048377,"EOAD_vs_CN",79,"study_4"
"SPP1",0.237144178507117,0.115254646777844,4.23358269858974,0.0818459583874028,0.285498544130573,"EOAD_vs_CN",79,"study_4"
"VCAN",0.0272824842458945,0.0606043174936534,0.202656574156922,0.666652037838373,0.791160155897835,"EOAD_vs_CN",79,"study_4"
"ITM2B",-0.11370263890716,0.0868605580452915,1.71354635754775,0.228105152649859,0.455391256277635,"EOAD_vs_CN",79,"study_4"
"PCDH8",-0.201029756254747,0.0965497446925043,4.33529278266568,0.0684801104734523,0.269080858114767,"EOAD_vs_CN",79,"study_4"
"ENO2",0.118212192204586,0.117315599790978,1.01534354424002,0.353612061307493,0.590415333594492,"EOAD_vs_CN",62,"study_4"
"CTSA",-0.230436292502312,0.11322116204914,4.14234763009127,0.0745185555339835,0.279948087006046,"EOAD_vs_CN",79,"study_4"
"SEZ6L",-0.226444518878053,0.0681235521216806,11.0491547442928,0.0107151949953744,0.128043108382428,"EOAD_vs_CN",79,"study_4"
"POMGNT1",-0.112046635561267,0.0663433067290357,2.85235392572364,0.136706869517319,0.368082418651957,"EOAD_vs_CN",79,"study_4"
"CTSF",-0.067867368940659,0.0853958036521013,0.631609954195037,0.453682368280146,0.653490665191091,"EOAD_vs_CN",79,"study_4"
"AZGP1",0.47757863599622,0.133158330607918,12.8633207207408,0.00928723962127321,0.121498946574774,"EOAD_vs_CN",79,"study_4"
"ECRG4",0.211828251625358,0.149514605641756,2.00724564344183,0.18899785711332,0.426283493009268,"EOAD_vs_CN",79,"study_4"
"SELENOP",0.0624851981832757,0.0730144262230264,0.732380799066616,0.421362244513787,0.631837497615648,"EOAD_vs_CN",79,"study_4"
"SIAE",-0.065737946463555,0.147676171469407,0.198157911994627,0.669639342151868,0.793858154022257,"EOAD_vs_CN",79,"study_4"
"GSN",0.00665853561539365,0.116880634844712,0.0032454306283788,0.956310175245014,0.976507727155607,"EOAD_vs_CN",79,"study_4"
"RNASE4",0.0875074293568119,0.069376633331268,1.59097520195441,0.243799625517067,0.476993850040552,"EOAD_vs_CN",79,"study_4"
"C2",0.189930903983827,0.118960915930097,2.54907534178956,0.154692100412511,0.391839671204357,"EOAD_vs_CN",79,"study_4"
"RNASE1",-0.0514326520769544,0.061641102148076,0.696204854333618,0.429848608158073,0.635627197169916,"EOAD_vs_CN",79,"study_4"
"CDH13",-0.0801359973792017,0.0764581434404046,1.09851956590798,0.324550156590497,0.559534533532764,"EOAD_vs_CN",79,"study_4"
"A2M",0.0166352510135752,0.105992012214954,0.0246327241033182,0.880229865915319,0.926908722441131,"EOAD_vs_CN",79,"study_4"
"PODXL2",-0.0371468509794468,0.08167785909117,0.20684037466799,0.663251766063169,0.787965773357098,"EOAD_vs_CN",78,"study_4"
"COL1A2",0.0601100973344622,0.0451942112576007,1.7690057302207,0.205819595547447,0.435945505235735,"EOAD_vs_CN",79,"study_4"
"GOT1",0.154526231295243,0.0586942823695268,6.93127023777567,0.0288950213997483,0.204657731188026,"EOAD_vs_CN",79,"study_4"
"SCG3",-0.19788157413285,0.0984389001438786,4.04089166760996,0.0833884221655031,0.287796122573842,"EOAD_vs_CN",79,"study_4"
"PEBP1",0.23785934365881,0.0480067442299987,24.5491197993982,0.00118265071969236,0.0365963222892319,"EOAD_vs_CN",79,"study_4"
"MAN1B1",-0.0752977307392291,0.0939840588822011,0.64188227339274,0.450380254814511,0.65134966111245,"EOAD_vs_CN",76,"study_4"
"RELN",-0.228241327981639,0.0885917034827527,6.63746839075468,0.0299412342047954,0.206799083451755,"EOAD_vs_CN",79,"study_4"
"PPIC",-0.016106112580407,0.0878313778484661,0.0336265312074259,0.859661781385808,0.919176827789441,"EOAD_vs_CN",79,"study_4"
"CDH6",-0.154156714695475,0.0444043123624907,12.0524293538057,0.00664246975145522,0.110280378255723,"EOAD_vs_CN",79,"study_4"
"SEZ6",-0.0684893303325733,0.0681515226793035,1.00993799839048,0.350270377299945,0.587482141112427,"EOAD_vs_CN",79,"study_4"
"GOLM1",-0.0193266959574157,0.042038486729495,0.211359163057072,0.658674066897166,0.783364237849892,"EOAD_vs_CN",79,"study_4"
"APP",-0.136743530515121,0.0840992986339297,2.6438014063846,0.14341515528212,0.373662956649642,"EOAD_vs_CN",79,"study_4"
"ACTB",0.369633739512067,0.125226301830159,8.71268678054608,0.0342463771877669,0.217196409003323,"EOAD_vs_CN",67,"study_4"
"LDHB",0.11069298866923,0.0543474556644151,4.14841115051193,0.0781238994961092,0.28216253622101,"EOAD_vs_CN",79,"study_4"
"EFEMP1",-0.0218376184870266,0.0254101139756582,0.738579624953915,0.400364388876172,0.62268428691666,"EOAD_vs_CN",79,"study_4"
"PLD3",-0.0334983060272425,0.137482623667959,0.0593676787679556,0.815059771775554,0.888574966876878,"EOAD_vs_CN",79,"study_4"
"C8B",0.301442844908463,0.257540493865687,1.36999477669221,0.282585322480208,0.519396493550399,"EOAD_vs_CN",79,"study_4"
"GPX3",0.113438504191885,0.0544921300609349,4.33364581011211,0.0710666714030072,0.271567486598433,"EOAD_vs_CN",79,"study_4"
"CBLN3",-0.243596663459059,0.126949860612496,3.68195277759384,0.094057358410509,0.305823925592064,"EOAD_vs_CN",79,"study_4"
"LTBP2",-0.0860421637121291,0.096333017534599,0.797760111530274,0.400816598782004,0.62268428691666,"EOAD_vs_CN",79,"study_4"
"IGFBP5",0.081401084471965,0.0497766635206607,2.6742919425731,0.130014960514721,0.362080618906046,"EOAD_vs_CN",79,"study_4"
"OPCML",-0.177868021083352,0.0990917768129457,3.22196274808939,0.116341414799177,0.3477732614427,"EOAD_vs_CN",79,"study_4"
"FSTL1",-0.05711022674266,0.0733737383167216,0.605824002446584,0.460509649834191,0.656521449507206,"EOAD_vs_CN",79,"study_4"
"EPHA4",-0.217788121611397,0.0625527975609451,12.1220174092237,0.00707670577085976,0.110280378255723,"EOAD_vs_CN",79,"study_4"
"IGLON5",-0.0657981326016248,0.0712083267904256,0.853818526738134,0.383056633465052,0.609183723401606,"EOAD_vs_CN",78,"study_4"
"ROBO1",-0.18302050656313,0.0466671260340025,15.3807457871506,0.00339235425615538,0.0799932359889286,"EOAD_vs_CN",79,"study_4"
"CA1",1.94024195527119,0.754200785718242,6.61816852460262,0.0354204983656062,0.21807486145177,"EOAD_vs_CN",67,"study_4"
"GAPDH",-0.13880451044985,0.218476920496234,0.403641699599879,0.546520783867017,0.712690799762248,"EOAD_vs_CN",79,"study_4"
"BASP1",0.34369062878598,0.0657000654047918,27.365524565255,0.000338504033137097,0.0205482171861339,"EOAD_vs_CN",79,"study_4"
"THY1",-0.131498102423235,0.0835365035665429,2.47791488156996,0.15451842602378,0.391839671204357,"EOAD_vs_CN",79,"study_4"
"LTBP1",-0.130422709828975,0.0412696714443671,9.98721538638445,0.00913515123822973,0.121480316376723,"EOAD_vs_CN",79,"study_4"
"HSPA5",-0.0446269608442496,0.039206609238192,1.29561526190727,0.292267399998965,0.52589215015995,"EOAD_vs_CN",79,"study_4"
"TGOLN2",-0.0511488736251842,0.0326311848137395,2.45700738998656,0.141476074011802,0.372560211151682,"EOAD_vs_CN",79,"study_4"
"PRRT3",-0.178844220731189,0.0683179106858611,6.85299900861834,0.0295146529103632,0.206416943624679,"EOAD_vs_CN",79,"study_4"
"ANG",0.340602586994019,0.14041084599998,5.88429683071877,0.0468716061341989,0.231730586442601,"EOAD_vs_CN",79,"study_4"
"PLG",0.323545355201258,0.185194885143198,3.05219560979434,0.125832077619498,0.359982308334619,"EOAD_vs_CN",79,"study_4"
"BPNT2",-0.22642374485989,0.0703672930101421,10.3538590711608,0.0138743462398773,0.131865581356783,"EOAD_vs_CN",79,"study_4"
"MAN1A1",-0.128169961719674,0.0491998028633713,6.7864989148005,0.0337534957289275,0.217196409003323,"EOAD_vs_CN",79,"study_4"
"ISLR",-0.0723285863361678,0.0531697067316315,1.85050994750232,0.211252563682455,0.439089440775495,"EOAD_vs_CN",79,"study_4"
"SERPINA6",0.307624151441063,0.173925984475335,3.12832537151346,0.121386533967809,0.355215330979482,"EOAD_vs_CN",79,"study_4"
"HRG",0.444520977211909,0.195266390367045,5.1823832216157,0.0574774630356247,0.250396553580068,"EOAD_vs_CN",79,"study_4"
"F2",0.271266632468599,0.159367374458404,2.89730300267612,0.133579715026172,0.366767020022478,"EOAD_vs_CN",79,"study_4"
"APOC1",0.195833609763714,0.195644192340921,1.00193728334014,0.350185573685989,0.587482141112427,"EOAD_vs_CN",79,"study_4"
"PAM",-0.297398588093181,0.0787628074906062,14.2572389534374,0.00644710327637714,0.110280378255723,"EOAD_vs_CN",79,"study_4"
"SIRPA",-0.244773388431441,0.246953773385948,0.982419709708976,0.35650938841834,0.592470383049134,"EOAD_vs_CN",79,"study_4"
"PFN1",0.235992179767758,0.0705987503792082,11.1738077652632,0.0102256215869589,0.125543837998659,"EOAD_vs_CN",79,"study_4"
"SEMA4B",-0.0268122953228929,0.0390636164338809,0.471110837173933,0.506191372460421,0.685892910295343,"EOAD_vs_CN",79,"study_4"
"PTPRN2",-0.371543365872368,0.120612288588015,9.48933777925694,0.0184473566998756,0.161523312206784,"EOAD_vs_CN",79,"study_4"
"SHISA6",-0.0964712268642787,0.10287151753556,0.879438168167785,0.431578741463944,0.635649749017094,"EOAD_vs_CN",59,"study_4"
"AGT",0.063522376771056,0.0842580829950261,0.568368932189845,0.475736350119118,0.665216955535511,"EOAD_vs_CN",79,"study_4"
"CLSTN1",-0.122212721807944,0.0573339196914821,4.54369912252461,0.0675047806193419,0.269006347587298,"EOAD_vs_CN",79,"study_4"
"QDPR",-0.022231469449796,0.0691021319405672,0.103503121143855,0.755375300070253,0.848182285924621,"EOAD_vs_CN",79,"study_4"
"FRZB",-0.0113093198217715,0.0685667239441303,0.0272048397605268,0.872629592226007,0.923185192451395,"EOAD_vs_CN",79,"study_4"
"CALM1",0.351873331287104,0.0686207468151801,26.2943127786161,0.00104331504927046,0.0362551979621484,"EOAD_vs_CN",79,"study_4"
"SEMA7A",-0.147495795125945,0.172563523157196,0.730569068793543,0.423308395434944,0.631837497615648,"EOAD_vs_CN",79,"study_4"
"IGF2",0.0583583190176133,0.0831268445772127,0.492859301024035,0.503285917462512,0.684185263632772,"EOAD_vs_CN",79,"study_4"
"MMRN2",0.0689269225856259,0.0426888176090234,2.60705099174876,0.136375211323526,0.368082418651957,"EOAD_vs_CN",79,"study_4"
"FUCA2",-0.244382204899802,0.366163211507278,0.445440540609717,0.527732196487856,0.701959572361838,"EOAD_vs_CN",79,"study_4"
"HTRA1",-0.0579550973223464,0.057135219651654,1.02890547044952,0.342528616723246,0.578298112718049,"EOAD_vs_CN",79,"study_4"
"TMEM132A",-0.0174392030725219,0.0799987052703128,0.0475211950095793,0.833182458617724,0.902141084696114,"EOAD_vs_CN",79,"study_4"
"LYZ",0.298905534234393,0.139287957273537,4.60511811319989,0.0679204685662133,0.269006347587298,"EOAD_vs_CN",79,"study_4"
"KNG1",0.373891801412269,0.174886451604175,4.57066669019753,0.0707823774344493,0.271413805886578,"EOAD_vs_CN",79,"study_4"
"MCFD2",0.150749253138252,0.179654491736725,0.704099731119043,0.444613723758046,0.647134111019565,"EOAD_vs_CN",51,"study_4"
"PPIA",0.477312868313456,0.0741581909178243,41.4274338717702,0.000424547997799557,0.0224597622060813,"EOAD_vs_CN",79,"study_4"
"CALB1",-0.0234607725219265,0.0960102505356347,0.0597103217228448,0.813714216999812,0.887978615607253,"EOAD_vs_CN",79,"study_4"
"GPR37",-0.0537046619800963,0.0522693181119651,1.0556751678361,0.330307851370723,0.565927877709668,"EOAD_vs_CN",78,"study_4"
"SHISA7",-0.199742787258724,0.0488355608764538,16.7289950151363,0.00115637625766319,0.0365963222892319,"EOAD_vs_CN",79,"study_4"
"MAPT",0.926136543238878,0.223429376479427,17.1818330384099,0.0115862879996414,0.13146890056736,"EOAD_vs_CN",51,"study_4"
"ATP6AP2",-0.25931537146363,0.22121117355518,1.3741761382235,0.282400877674318,0.519396493550399,"EOAD_vs_CN",76,"study_4"
"C7",0.176980981660753,0.0801541024565014,4.87530385701706,0.0572973135843503,0.250396553580068,"EOAD_vs_CN",79,"study_4"
"CANX",-0.0462154793428384,0.0482194628589963,0.918607923726837,0.367049050052045,0.598472937914771,"EOAD_vs_CN",79,"study_4"
"VGF",-0.584603058038548,0.166080435856238,12.3903967709932,0.0102212411121319,0.125543837998659,"EOAD_vs_CN",79,"study_4"
"ENPP2",0.0935438553809504,0.128201623843493,0.53240665842225,0.488577782068275,0.677042411523753,"EOAD_vs_CN",79,"study_4"
"MGP",-0.12474373167135,0.239722108072182,0.270782932432429,0.619190135732213,0.754977446199804,"EOAD_vs_CN",79,"study_4"
"MRC1",-0.0278715626436536,0.11127606403047,0.0627363323303202,0.809460456859758,0.885073773872223,"EOAD_vs_CN",79,"study_4"
"SERPINA5",0.40690652910512,0.122074917774404,11.1105724606461,0.0126952283169865,0.131865581356783,"EOAD_vs_CN",79,"study_4"
"IGKV4-1",0.147004145873612,0.22532775803277,0.425627592942151,0.53543507210799,0.704619881874657,"EOAD_vs_CN",79,"study_4"
"LDHA",0.15314300242521,0.0760085967645186,4.05946578160381,0.0834334547657836,0.287796122573842,"EOAD_vs_CN",79,"study_4"
"PRCP",-0.285715639287947,0.0931860003883499,9.40084046077613,0.0167580532689803,0.151503701098424,"EOAD_vs_CN",79,"study_4"
"FRRS1L",-0.159509126590448,0.0536522954543907,8.83882344557248,0.0100946030832409,0.125543837998659,"EOAD_vs_CN",75,"study_4"
"F12",0.211616117831911,0.220179974053555,0.923723204010618,0.369600693858835,0.600611151561447,"EOAD_vs_CN",79,"study_4"
"TPI1",0.192002139088576,0.134046425298587,2.0516423757639,0.199443367495032,0.429808187314876,"EOAD_vs_CN",79,"study_4"
"FGG",0.114129189457531,0.243150149015853,0.220315161787565,0.653521117955083,0.782255633117387,"EOAD_vs_CN",79,"study_4"
"OGN",-0.0764252136664911,0.0555195066874383,1.89488180657217,0.197648904962193,0.4284750795659,"EOAD_vs_CN",79,"study_4"
"LCAT",-0.332297975563909,0.141454241247511,5.51853045843745,0.0531681454606532,0.244309825422506,"EOAD_vs_CN",79,"study_4"
"LINGO1",-0.210592867901688,0.0988280154504134,4.54074558130025,0.0682834980482147,0.269080858114767,"EOAD_vs_CN",79,"study_4"
"LRP1",0.0675572541655587,0.0766475481433455,0.776868380209689,0.410113484391063,0.627139968358421,"EOAD_vs_CN",79,"study_4"
"MEGF9",-0.116265162598073,0.0637179469531731,3.32947423592647,0.109103480350955,0.333305137775446,"EOAD_vs_CN",79,"study_4"
"CSF1",0.064861309576445,0.0824639577402934,0.618647236678404,0.460322625192857,0.656521449507206,"EOAD_vs_CN",79,"study_4"
"SEMA3G",-0.0805813281861143,0.0987830448117161,0.665432527333868,0.443120956759601,0.645806689274805,"EOAD_vs_CN",79,"study_4"
"DKK3",-0.0537967700930562,0.064647836200216,0.692475506944445,0.431017533127217,0.635649749017094,"EOAD_vs_CN",79,"study_4"
"NCAM2",-0.029762794842437,0.0454030416537306,0.429712042761282,0.527396088155737,0.701959572361838,"EOAD_vs_CN",79,"study_4"
"NPTX2",-0.67885513816811,0.124769037199506,29.6033303348596,0.000861261202764662,0.0342043734812251,"EOAD_vs_CN",79,"study_4"
"SPOCK1",-0.0783073579819451,0.0477619726114112,2.68807036259054,0.132883670052219,0.365759012618978,"EOAD_vs_CN",79,"study_4"
"TF",0.17641665660032,0.116282430826977,2.30171193985163,0.175787763340264,0.41679316169376,"EOAD_vs_CN",79,"study_4"
"QSOX2",-0.0979516830450127,0.114665452951139,0.729723988731267,0.422910746758018,0.631837497615648,"EOAD_vs_CN",79,"study_4"
"PIK3IP1",-0.0791027594927645,0.0484811572469121,2.66217936215946,0.140314694168703,0.372560211151682,"EOAD_vs_CN",79,"study_4"
"SMOC1",0.449806506606452,0.10139433201513,19.6799553994646,0.00353540543924904,0.0799932359889286,"EOAD_vs_CN",79,"study_4"
"LMAN2",-0.0346159049592671,0.025967196517589,1.77705655825327,0.210569669851978,0.439089440775495,"EOAD_vs_CN",79,"study_4"
"CLSTN3",-0.0480273928343564,0.0637619811912069,0.567354387240484,0.474774611277732,0.664964150310282,"EOAD_vs_CN",78,"study_4"
"NEO1",-0.103822915103581,0.0436155887461518,5.66634429064918,0.0442853449022679,0.23096129914898,"EOAD_vs_CN",79,"study_4"
"IGFBP4",-0.0493739184879907,0.0734482662885968,0.451889336957116,0.523060921126637,0.698991946741648,"EOAD_vs_CN",79,"study_4"
"PRKCSH",-0.115139001323897,0.0397803226460708,8.37738189752848,0.0205728371269087,0.175976883731711,"EOAD_vs_CN",79,"study_4"
"BCHE",0.0739024368546595,0.12979021015246,0.324215405318184,0.587778575357576,0.737919074698424,"EOAD_vs_CN",79,"study_4"
"SPINT2",-0.129059980258798,0.0629464270839004,4.20379007563711,0.0860420645029707,0.289972168237634,"EOAD_vs_CN",64,"study_4"
"TWSG1",0.0534285660110472,0.0696289178236772,0.588799924307509,0.467434326266988,0.661306578637265,"EOAD_vs_CN",78,"study_4"
"HEXB",-0.0929121363371781,0.0903977136437612,1.05640390818199,0.336113904357476,0.572840455749051,"EOAD_vs_CN",79,"study_4"
"SULF2",-0.182572997412365,0.0581396651400609,9.86116076768549,0.0119540265446224,0.131801654048377,"EOAD_vs_CN",79,"study_4"
"FETUB",0.416843510929296,0.11612696263505,12.8848674840367,0.00711257131113409,0.110280378255723,"EOAD_vs_CN",79,"study_4"
"MMP2",0.0244200440721283,0.0428116774630322,0.325363174769311,0.579772086135139,0.734430468006213,"EOAD_vs_CN",79,"study_4"
"MFGE8",-0.250038575763385,0.0754780148523768,10.974205651447,0.0110367269040657,0.128043108382428,"EOAD_vs_CN",79,"study_4"
"SLC39A10",-0.203606592338212,0.0686807615587937,8.78847388433289,0.0171832153946808,0.15286188415108,"EOAD_vs_CN",79,"study_4"
"KLKB1",0.556362134868968,0.195685103490279,8.08350287795779,0.0260171739056808,0.198321867254426,"EOAD_vs_CN",79,"study_4"
"FGFR2",-0.0656627709012234,0.04959617524435,1.75283904768185,0.225284204624184,0.452195010003777,"EOAD_vs_CN",79,"study_4"
"PTPRZ1",-0.0312659886864548,0.075352278435789,0.172167651532988,0.691773703661362,0.807106086163769,"EOAD_vs_CN",79,"study_4"
"GNPTG",-0.0523303094631338,0.0982292124021689,0.283808424115076,0.612417199344465,0.752494945492867,"EOAD_vs_CN",79,"study_4"
"DYNLL2",0.172513497444125,0.0537060907702571,10.3180844181782,0.0138045202766432,0.131865581356783,"EOAD_vs_CN",78,"study_4"
"SDF4",0.0316055774046191,0.0443505858015181,0.507842141785158,0.496347115906833,0.680570020925473,"EOAD_vs_CN",79,"study_4"
"PTPRN",-0.417091702081175,0.0988470730253094,17.8047332621508,0.00366563498245956,0.0799932359889286,"EOAD_vs_CN",79,"study_4"
"VSTM2B",-0.299506717327341,0.076131917787999,15.4767438375555,0.00387356236361644,0.0812717235536128,"EOAD_vs_CN",79,"study_4"
"PRDX1",0.156143776208522,0.101688885552909,2.35777512175171,0.172490375336765,0.415171639338706,"EOAD_vs_CN",79,"study_4"
"APOA4",0.421990240901534,0.240225252330704,3.08579803665107,0.125929062897632,0.359982308334619,"EOAD_vs_CN",79,"study_4"
"FBLN1",-0.0532300232763188,0.0435690029639653,1.49265028738352,0.256425725832653,0.492479114207099,"EOAD_vs_CN",79,"study_4"
"CADM3",-0.100112693976794,0.0452850859034227,4.8872876896984,0.0531388510401611,0.244309825422506,"EOAD_vs_CN",79,"study_4"
"SERPING1",0.230918628294303,0.087495002733636,6.96548626124552,0.0340333423732751,0.217196409003323,"EOAD_vs_CN",79,"study_4"
"APOE",-0.208712279187374,0.0732580955409241,8.11679827702908,0.0238079247235437,0.189701282768126,"EOAD_vs_CN",79,"study_4"
"SOD2",0.176923971751727,0.0689697731556065,6.58045260235681,0.0347670510814671,0.217196409003323,"EOAD_vs_CN",79,"study_4"
"PENK",-0.132202414554564,0.112543510563194,1.37986900182249,0.280801145553386,0.518689159228182,"EOAD_vs_CN",79,"study_4"
"CST3",-0.100413393715579,0.0644005906338198,2.43110429132963,0.158427121926625,0.398576831634405,"EOAD_vs_CN",79,"study_4"
"CFD",0.297552715981688,0.0930396003228272,10.2280340532836,0.0127503866339067,0.131865581356783,"EOAD_vs_CN",79,"study_4"
"CADM4",-0.01802593469424,0.0528952773330951,0.116134643112591,0.743071981200519,0.839731751112782,"EOAD_vs_CN",79,"study_4"
"FN1",-0.00958094972716417,0.0718526447142989,0.0177799938583894,0.897913485611013,0.939952431711865,"EOAD_vs_CN",79,"study_4"
"COLEC12",0.0679405896940519,0.0473239376336323,2.06108962593143,0.192149881719324,0.426283493009268,"EOAD_vs_CN",79,"study_4"
"CFH",0.162544547242131,0.0765673518185644,4.50668866538079,0.0698492669620681,0.269973336530036,"EOAD_vs_CN",79,"study_4"
"CNTN1",-0.0196614944719027,0.0557342376355094,0.124448286437519,0.735224573540772,0.835106972193399,"EOAD_vs_CN",79,"study_4"
"ORM1",0.489818210150625,0.190322799554636,6.62351035112433,0.0344291275090421,0.217196409003323,"EOAD_vs_CN",79,"study_4"
"NPY",-0.527731845087636,0.171882916318274,9.42673234107724,0.0442737746341864,0.23096129914898,"EOAD_vs_CN",52,"study_4"
"ECM2",-0.00552201842319633,0.0592775942010565,0.00867789845273369,0.927190005948593,0.957321528890284,"EOAD_vs_CN",79,"study_4"
"CD14",-0.057016650652896,0.103371564715443,0.304229429713593,0.599549285635749,0.741600451197945,"EOAD_vs_CN",79,"study_4"
"C4A",0.426412119036224,0.205919248850153,4.28810279533076,0.0763701759570722,0.280276025294602,"EOAD_vs_CN",79,"study_4"
"ENDOD1",0.0293595056833986,0.0622411672716803,0.222506150802337,0.651142267732756,0.78108975374199,"EOAD_vs_CN",79,"study_4"
"APOA1",0.380066677641487,0.190901435889389,3.96370385415825,0.086313657991598,0.289972168237634,"EOAD_vs_CN",79,"study_4"
"OLFM1",-0.0590062848327335,0.0490782635656092,1.44550023139896,0.263502667561187,0.502347052407225,"EOAD_vs_CN",79,"study_4"
"FGFR1",-0.14361108748407,0.0709337712233945,4.0989237734241,0.0849971168371475,0.289042183250483,"EOAD_vs_CN",79,"study_4"
"HABP2",0.415390893659348,0.140138619361705,8.78614313426632,0.0191175014698915,0.166083294019683,"EOAD_vs_CN",79,"study_4"
"PTGDS",-0.00179184443745939,0.0420289445955056,0.00181762227697031,0.967053021590005,0.984135985475772,"EOAD_vs_CN",79,"study_4"
"GLDN",0.173895690143912,0.0612439472558933,8.06215770949197,0.0110540812992024,0.128043108382428,"EOAD_vs_CN",79,"study_4"
"GOLIM4",-0.071840917051432,0.0524927245949728,1.87303332667093,0.208028888434463,0.438121446854399,"EOAD_vs_CN",79,"study_4"
"SOD3",0.30192167038839,0.138451850941991,4.75544363940037,0.0620405861457929,0.258665358234891,"EOAD_vs_CN",79,"study_4"
"SERPINF1",-0.0113001775092769,0.0707449948724519,0.0255140317978571,0.877120024707943,0.925386591532479,"EOAD_vs_CN",79,"study_4"
"C8A",0.266147725414408,0.184024785945725,2.09166859262969,0.190065304280429,0.426283493009268,"EOAD_vs_CN",79,"study_4"
"RNASE2",0.158404375093463,0.195758843449019,0.654774208156823,0.459220499942337,0.656521449507206,"EOAD_vs_CN",55,"study_4"
"ITIH1",0.600450170543573,0.253233885905577,5.62225198351259,0.0519383025685157,0.244309825422506,"EOAD_vs_CN",79,"study_4"
"TIMP2",0.050471761572334,0.0553023350174396,0.832932845117824,0.385540239931589,0.610273954042509,"EOAD_vs_CN",79,"study_4"
"SORCS2",-0.0681678558794783,0.0614504278706597,1.23057884806282,0.29634559595125,0.531510165641596,"EOAD_vs_CN",79,"study_4"
"ORM2",0.511961077820523,0.191531878957389,7.14482755121303,0.030515117286337,0.20880605826187,"EOAD_vs_CN",79,"study_4"
"CD163",0.0481822965090153,0.0490886305974903,0.963414454401635,0.351867695044442,0.588472362557281,"EOAD_vs_CN",79,"study_4"
"CADM2",-0.0748969064042964,0.0763781698987435,0.961588505533807,0.35857245305042,0.592470383049134,"EOAD_vs_CN",79,"study_4"
"SORCS3",-0.243804744697926,0.0597845634722353,16.6305334980494,0.0037406908915686,0.0799932359889286,"EOAD_vs_CN",79,"study_4"
"TALDO1",0.203067147285147,0.0439401471008192,21.3577905243447,0.00113825498301575,0.0365963222892319,"EOAD_vs_CN",79,"study_4"
"OMD",0.0425720145075328,0.0594756920610244,0.512353131016439,0.4938877743089,0.67970693692017,"EOAD_vs_CN",79,"study_4"
"ENO1",0.283050843938158,0.0578576346855615,23.9335740856329,0.000939710238729078,0.0351335586524706,"EOAD_vs_CN",79,"study_4"
"NRXN1",-0.16914307528352,0.0520163893601331,10.5737256767557,0.0102738212750701,0.125543837998659,"EOAD_vs_CN",79,"study_4"
"SERPINA3",0.39462474287439,0.127195519316027,9.62553767596563,0.0170525897240965,0.15286188415108,"EOAD_vs_CN",79,"study_4"
"FCGBP",0.0740518558357692,0.124508987718079,0.353728855957451,0.566086127166015,0.727411255204692,"EOAD_vs_CN",79,"study_4"
"MAN2A2",-0.116258118273562,0.0598303282969167,3.77575500558416,0.0877775142648668,0.293101131076586,"EOAD_vs_CN",79,"study_4"
"RNASE6",0.137177503641936,0.0662011893897623,4.29372480722318,0.075898612919164,0.280224523269851,"EOAD_vs_CN",79,"study_4"
"MARCKS",0.0440432792017527,0.0365218638301443,1.45429806812238,0.234972747250515,0.464928282815965,"EOAD_vs_CN",79,"study_4"
"ST6GAL2",-0.0909168551321935,0.0832703664621591,1.1920867415171,0.310812080496268,0.543432442628694,"EOAD_vs_CN",79,"study_4"
"NID1",0.0256335227762996,0.0305049461069255,0.706116021072617,0.419945699078682,0.631837497615648,"EOAD_vs_CN",79,"study_4"
"COTL1",0.140120691735668,0.066846229950381,4.39390545770975,0.0703260701600431,0.270597197294007,"EOAD_vs_CN",79,"study_4"
"TXN",0.0924179681043471,0.0417781352683239,4.89344519147255,0.0525813244198884,0.244309825422506,"EOAD_vs_CN",79,"study_4"
"CUTA",-0.136227756847366,0.0818679790746533,2.76887322206003,0.137966482506201,0.370576639002162,"EOAD_vs_CN",79,"study_4"
"NPTXR",-0.557791782137176,0.0918348211407024,36.8917667549105,0.000377409027780964,0.0209839419446216,"EOAD_vs_CN",79,"study_4"
"MDH1",0.343549588281672,0.0832538691617693,17.0282497982295,0.00481152800758443,0.0896388538602821,"EOAD_vs_CN",79,"study_4"
"C8G",0.335179851749118,0.22326133479378,2.25386954507337,0.179363306670207,0.41798788651348,"EOAD_vs_CN",79,"study_4"
"PRG4",-0.174165188230367,0.166232604557508,1.09771674187248,0.327321108710485,0.562567346037185,"EOAD_vs_CN",79,"study_4"
"ARMH4",-0.109112186670877,0.0589564539710162,3.42518323879563,0.0989574569027725,0.313499705806341,"EOAD_vs_CN",79,"study_4"
"GOT2",0.177201488324447,0.0907222854382836,3.81510737855146,0.0921187690521734,0.303157230607034,"EOAD_vs_CN",79,"study_4"
"PPIB",-0.120427638455435,0.0743285641360467,2.62506978738168,0.141795014108474,0.372560211151682,"EOAD_vs_CN",79,"study_4"
"QSOX1",-0.08448041128967,0.0697772071863976,1.46583427767478,0.26520267375217,0.502394162201726,"EOAD_vs_CN",79,"study_4"
"APOM",0.518259342660625,0.226537769342219,5.23375079780601,0.0553962529983598,0.247392101743679,"EOAD_vs_CN",79,"study_4"
"FBLN2",-0.118166131999521,0.0873977894614152,1.8280376789525,0.220512462322381,0.451583532417105,"EOAD_vs_CN",79,"study_4"
"LY6H",-0.301870524900092,0.10119687284396,8.89830392764474,0.0183527848665603,0.161523312206784,"EOAD_vs_CN",79,"study_4"
"WFDC2",-0.0368551715850121,0.0797895107740381,0.213356201364137,0.658427167808242,0.783364237849892,"EOAD_vs_CN",79,"study_4"
"GPR37L1",-0.0703350656939072,0.080785356577627,0.758016226324412,0.412265572724825,0.627139968358421,"EOAD_vs_CN",79,"study_4"
"TNXB",-0.0377601927561955,0.0444453872967587,0.721796904494155,0.41207423710742,0.627139968358421,"EOAD_vs_CN",79,"study_4"
"APOH",0.0698476033756954,0.423398897977248,0.0272147012759057,0.874203244290755,0.923185192451395,"EOAD_vs_CN",79,"study_4"
"SERPINA4",0.36302754441528,0.177653876013525,4.17570472999661,0.0819011111309826,0.285498544130573,"EOAD_vs_CN",79,"study_4"
"NPC2",0.0829708879154651,0.0599990277876571,1.91233092852251,0.211823461296618,0.439454643585522,"EOAD_vs_CN",79,"study_4"
"ADGRB1",-0.340045112961911,0.100748363046041,11.3919239846903,0.0109688092563576,0.128043108382428,"EOAD_vs_CN",79,"study_4"
"IGKV3-20",0.245669268121969,0.212917886320318,1.3313044131592,0.286279929647937,0.520168761059651,"EOAD_vs_CN",77,"study_4"
"ITIH4",0.404596988644341,0.177963184957925,5.16874316890681,0.0567976485648073,0.250396553580068,"EOAD_vs_CN",79,"study_4"
"BGLAP",-0.0268155134753676,0.225384905384597,0.0141554141823115,0.910546572490314,0.946287652905822,"EOAD_vs_CN",58,"study_4"
"RTN4RL2",-0.27483367435394,0.114356209924263,5.7759095263478,0.0462512375782607,0.231672865707324,"EOAD_vs_CN",79,"study_4"
"C4B",0.632447095331354,0.119488947457952,28.015148796315,0.000351093638971713,0.0205482171861339,"EOAD_vs_CN",79,"study_4"
"DAG1",-0.093958596884125,0.0600496246000927,2.44823133314326,0.162284070859864,0.402812247312876,"EOAD_vs_CN",79,"study_4"
"CGREF1",-0.308052075443234,0.0757071358666518,16.5567330089869,0.0036396142063533,0.0799932359889286,"EOAD_vs_CN",79,"study_4"
"DIPK1C",-0.0678352795061405,0.114646691319458,0.350096836441547,0.582524885594856,0.734430468006213,"EOAD_vs_CN",70,"study_4"
"CFHR1",0.637151984384066,0.24177166136486,6.94504862022068,0.0317865903392351,0.211833168159422,"EOAD_vs_CN",78,"study_4"
"CLU",-0.103502968906652,0.0808375520129071,1.63937877504219,0.244502243276182,0.476993850040552,"EOAD_vs_CN",79,"study_4"
"FSTL4",-0.297621987600886,0.151454303831648,3.86159556717346,0.0918396880007025,0.303157230607034,"EOAD_vs_CN",79,"study_4"
"NTRK2",-0.107431269762412,0.0515233782150699,4.34763179936533,0.0627843104843494,0.260429528194937,"EOAD_vs_CN",79,"study_4"
"NXPH4",-0.22442058607463,0.176144091895222,1.62326424409779,0.246726049516542,0.480489259303669,"EOAD_vs_CN",79,"study_4"
"ADAM22",-0.12266676106324,0.0610763962400072,4.03373151651826,0.0807196926706036,0.285498544130573,"EOAD_vs_CN",79,"study_4"
"CCN3",0.1888428198907,0.0723205468924919,6.81832267946481,0.030607362856731,0.20880605826187,"EOAD_vs_CN",79,"study_4"
"CNTN4",-0.0165240303844163,0.0507609032395229,0.105967646057515,0.752641583242982,0.847960932691182,"EOAD_vs_CN",79,"study_4"
"SPOCK2",-0.00346716304363603,0.0352407753041256,0.00967960468131782,0.923023855177182,0.954450877312711,"EOAD_vs_CN",79,"study_4"
"KRT9",-0.572829556504118,0.506443624008397,1.27934778328716,0.288971275243136,0.521649444919428,"EOAD_vs_CN",76,"study_4"
"TNR",-0.0114739407380311,0.0418142993873817,0.0752966329189735,0.789169480543743,0.870877599138437,"EOAD_vs_CN",79,"study_4"
"LRRC4B",-0.0900588947244199,0.0850903934771132,1.12019121239322,0.325092256782196,0.559601531798456,"EOAD_vs_CN",79,"study_4"
"CTSD",0.0385066564507284,0.135989732597438,0.0801787684090766,0.785427118823183,0.869049707593412,"EOAD_vs_CN",79,"study_4"
"CTSZ",-0.0695035555200993,0.125054423427126,0.308898591041036,0.597038031891122,0.740140793158225,"EOAD_vs_CN",79,"study_4"
"CANT1",-0.10216221083774,0.0433186808170361,5.56198893054092,0.045860955882623,0.23096129914898,"EOAD_vs_CN",79,"study_4"
"PCSK1N",-0.243031080996982,0.0861262394044899,7.96255908286111,0.0262200885878645,0.198321867254426,"EOAD_vs_CN",79,"study_4"
"GM2A",-0.17236456446655,0.0713551957781007,5.83505250856249,0.045427159403049,0.23096129914898,"EOAD_vs_CN",79,"study_4"
"C9",0.442861310848762,0.241862917853465,3.35271707718778,0.10841124357415,0.333020173631092,"EOAD_vs_CN",79,"study_4"
"CALR",-0.029372622468907,0.0322143810665935,0.831353755858679,0.385811681377593,0.610273954042509,"EOAD_vs_CN",79,"study_4"
"COL6A1",-0.169259735055237,0.0740522813912384,5.22432790935701,0.0543613360282597,0.244888354116801,"EOAD_vs_CN",79,"study_4"
"CAMK2B",-0.153825642685653,0.102788780596757,2.23957725698432,0.192440929398069,0.426283493009268,"EOAD_vs_CN",46,"study_4"
"SPINK6",-0.136500276955503,0.113301398372818,1.4514314362087,0.275486170248192,0.513994331067096,"EOAD_vs_CN",55,"study_4"
"APOB",0.648925004534705,0.423136535515131,2.35194935555232,0.173890195438755,0.41611876276556,"EOAD_vs_CN",79,"study_4"
"AFM",0.321907735193646,0.158946364779686,4.10167858899219,0.0807394957737354,0.285498544130573,"EOAD_vs_CN",79,"study_4"
"PTPRF",-0.00836875370485934,0.0380656945949621,0.0483341466529332,0.830400379873575,0.90176291251896,"EOAD_vs_CN",79,"study_4"
"LGALS3BP",0.149846638043211,0.0636231167267444,5.54707613465897,0.0455485217834524,0.23096129914898,"EOAD_vs_CN",79,"study_4"
"ECM1",-0.0149696697843229,0.0848629930394963,0.0311162857418878,0.864843503397422,0.920434767328999,"EOAD_vs_CN",79,"study_4"
"SLITRK4",-0.192070779902051,0.110836473797525,3.00301290617542,0.122673339738386,0.358038723855867,"EOAD_vs_CN",79,"study_4"
"PCSK2",-0.329183565194706,0.100980067073088,10.6268604948136,0.0130069577419843,0.131865581356783,"EOAD_vs_CN",79,"study_4"
"VSIG4",0.0147918042613755,0.0871080528531802,0.0288353807614201,0.868777399306993,0.921832507661619,"EOAD_vs_CN",77,"study_4"
"SUSD5",-0.101943988985632,0.0726837504523343,1.96720033225634,0.200261015054854,0.430735490794967,"EOAD_vs_CN",79,"study_4"
"B4GAT1",-0.173554707963529,0.0537961602002321,10.4080708969516,0.0119711933982789,0.131801654048377,"EOAD_vs_CN",79,"study_4"
"NEGR1",-0.135794486392748,0.0642362809144449,4.46892942642919,0.0697086529684163,0.269973336530036,"EOAD_vs_CN",79,"study_4"
"PEBP4",0.0518845124821592,0.0927868954246576,0.312681504607796,0.590742878104346,0.737919074698424,"EOAD_vs_CN",79,"study_4"
"GMFB",0.101280661609689,0.0763421844808189,1.76004549401641,0.224967753997534,0.452195010003777,"EOAD_vs_CN",79,"study_4"
"SCRG1",-0.110597807848617,0.0898168208645709,1.51627397270746,0.257092501742505,0.492908382651148,"EOAD_vs_CN",79,"study_4"
"NUCB1",-0.0451222800828841,0.0800298063008663,0.317891226814196,0.59101720330379,0.737919074698424,"EOAD_vs_CN",79,"study_4"
"A4GALT",0.00667033349295298,0.117612503085654,0.00321653372588094,0.959045786496032,0.978402673929897,"EOAD_vs_CN",41,"study_4"
"ABCA2",0.0913551726528574,0.0799241658528158,1.30650194542355,0.286946683035306,0.520529708866656,"EOAD_vs_CN",78,"study_4"
"ABHD14B",0.235128077762824,0.105822343122209,4.93689897065737,0.0813123673474402,0.285498544130573,"EOAD_vs_CN",64,"study_4"
"ABI3BP",0.188814581683083,0.12655562493635,2.22591284694318,0.179825801263166,0.41798788651348,"EOAD_vs_CN",77,"study_4"
"ACE",-0.267048051332009,0.155287409381933,2.95737458880168,0.170338301300608,0.413905821317566,"EOAD_vs_CN",50,"study_4"
"ACP2",-0.0857729411261259,0.148527736313741,0.333492045953787,0.654620369780993,0.782582758180703,"EOAD_vs_CN",56,"study_4"
"ACYP1",-0.028475234818865,0.0609158801466328,0.218511139215462,0.656909025854695,0.782939803591019,"EOAD_vs_CN",45,"study_4"
"ADA2",0.211182477519146,0.111869896316033,3.56360278768557,0.09808437132996,0.31162805976833,"EOAD_vs_CN",74,"study_4"
"ADAM10",0.00994106401105999,0.077675998451339,0.0163791760795521,0.901779446369622,0.941576285786873,"EOAD_vs_CN",79,"study_4"
"ADAM11",-0.118673198299461,0.0811107354495933,2.14066454169999,0.178168728706116,0.41798788651348,"EOAD_vs_CN",79,"study_4"
"ADAM15",-0.120416480995271,0.0836611696340679,2.07168632265821,0.220213248643252,0.451583532417105,"EOAD_vs_CN",57,"study_4"
"ADAM23",-0.0971159641641197,0.0993607043550332,0.955326729809984,0.374608474742922,0.60197199987591,"EOAD_vs_CN",71,"study_4"
"ADAM28",0.12712463373893,0.169131835199276,0.564948300825837,0.481527432526885,0.670160832252687,"EOAD_vs_CN",66,"study_4"
"ADAM9",-0.117858670472453,0.138272657891965,0.726524816316075,0.47003146515793,0.663724562305687,"EOAD_vs_CN",39,"study_4"
"ADAMTS8",-0.135784630675577,0.0693520037128949,3.83339175448302,0.063823031751623,0.260923570984576,"EOAD_vs_CN",67,"study_4"
"ADGRB3",-0.212342239874843,0.182235977327479,1.35770228170037,0.283330205965366,0.519906252530506,"EOAD_vs_CN",79,"study_4"
"ADGRL1",-0.114720390545044,0.0869823035224617,1.73947993740679,0.231205281476263,0.459107630360008,"EOAD_vs_CN",79,"study_4"
"ADGRL3",-0.0769335207187822,0.0879183758359357,0.765723370070996,0.411494988583782,0.627139968358421,"EOAD_vs_CN",79,"study_4"
"ADM",0.0539760631152566,0.109479787143238,0.243071768762443,0.637619888524035,0.769120918554674,"EOAD_vs_CN",72,"study_4"
"AHNAK",0.255264573281417,0.142630345877326,3.20300208016077,0.132239583884996,0.365759012618978,"EOAD_vs_CN",53,"study_4"
"AKR1B1",0.464342675271418,0.294162671867273,2.49173627806015,0.174275846176872,0.41611876276556,"EOAD_vs_CN",67,"study_4"
"ALB",0.352104031478595,0.144954621132865,5.90035123410674,0.04506841922804,0.23096129914898,"EOAD_vs_CN",79,"study_4"
"ALDH1A1",0.0626590965632507,0.160492071422283,0.152426715956883,0.708375552539709,0.817130305419249,"EOAD_vs_CN",72,"study_4"
"ANGPTL7",-0.0246349821264698,0.131409790239782,0.0351438275269503,0.855105862452045,0.916950548743177,"EOAD_vs_CN",46,"study_4"
"ANPEP",0.213799364752316,0.116436944790895,3.37156252651302,0.108831992398106,0.333305137775446,"EOAD_vs_CN",76,"study_4"
"ANXA5",0.105041444990181,0.11495804260722,0.83491575047857,0.389527778519218,0.613533838120921,"EOAD_vs_CN",62,"study_4"
"AP2B1",0.00694456175819003,0.0949854157167612,0.0053453461389864,0.943839896982883,0.970906536026795,"EOAD_vs_CN",79,"study_4"
"APMAP",0.221360423903511,0.137718960281847,2.58352390867631,0.138949079334965,0.372036742170001,"EOAD_vs_CN",73,"study_4"
"APOC2",0.195805481194876,0.2459838696234,0.633631021365212,0.452382515698782,0.65246349864727,"EOAD_vs_CN",79,"study_4"
"APOF",0.664797889765571,0.240655415900033,7.63111476116388,0.028589793191566,0.203793910442445,"EOAD_vs_CN",78,"study_4"
"APOL1",0.40491284914784,0.314513456041382,1.65746610245544,0.241966656263185,0.474544835563777,"EOAD_vs_CN",79,"study_4"
"ARHGAP36",-0.291666448911295,0.141094990361935,4.27316595549841,0.0976550197560476,0.311152956930444,"EOAD_vs_CN",63,"study_4"
"ASAH1",7.96901389295002e-05,0.106653913698521,5.58284505395588e-07,0.999421767804436,0.999421767804436,"EOAD_vs_CN",79,"study_4"
"ASPH",-0.0483427081783212,0.0719254708223811,0.451748298328273,0.533146979279734,0.704108599713853,"EOAD_vs_CN",72,"study_4"
"ATP1B1",-0.0430250588260712,0.0644082085341132,0.446231789441435,0.523413663577573,0.698991946741648,"EOAD_vs_CN",79,"study_4"
"ATP1B2",-0.06983932084733,0.0632369678702635,1.21971380425493,0.31371398642444,0.546620602535219,"EOAD_vs_CN",52,"study_4"
"ATRNL1",-0.0532355962430762,0.336691986248578,0.0249999238476469,0.899378945450921,0.939952431711865,"EOAD_vs_CN",48,"study_4"
"B3GALNT1",-0.119538459365654,0.120891530763367,0.977740387553732,0.360133148432295,0.59379669338911,"EOAD_vs_CN",47,"study_4"
"B3GNT9",-0.18313023368163,0.214215656888169,0.730832209075667,0.437607185696696,0.641977823871671,"EOAD_vs_CN",46,"study_4"
"B4GALT1",-0.159811025596484,0.0966877898550973,2.73193405106656,0.15332544138767,0.391839671204357,"EOAD_vs_CN",76,"study_4"
"BCAM",0.00445867899989771,0.0666281582024843,0.00447813102973844,0.948276263348487,0.972197168621423,"EOAD_vs_CN",78,"study_4"
"BGN",0.0798881286156501,0.133350870897027,0.358899441984699,0.567362282553143,0.727411255204692,"EOAD_vs_CN",79,"study_4"
"BLMH",0.1023181584069,0.0615203200917741,2.7661024206936,0.124612240115887,0.358986557017789,"EOAD_vs_CN",62,"study_4"
"BMP1",-0.0835838955108228,0.086238927889627,0.939373962862789,0.365182674168809,0.597847083990131,"EOAD_vs_CN",76,"study_4"
"BMP6",-0.396869852399514,0.24137135509962,2.70348996596492,0.171834573962741,0.415171639338706,"EOAD_vs_CN",54,"study_4"
"BSG",-0.0752694500083928,0.0566670006030565,1.76431868462652,0.220925089382088,0.451596873883975,"EOAD_vs_CN",66,"study_4"
"BST1",0.535380740573206,0.321338497292769,2.77587542067279,0.154542990396227,0.391839671204357,"EOAD_vs_CN",54,"study_4"
"C11orf87",-0.236408098616561,0.139471079638122,2.87313726204386,0.139676297001209,0.372470125336557,"EOAD_vs_CN",67,"study_4"
"SPRING1",-0.123369800782329,0.099858110397024,1.52633913465701,0.256222145625916,0.492479114207099,"EOAD_vs_CN",64,"study_4"
"C1QL3",0.00211273533046885,0.0712411442449185,0.000879484960418352,0.97693118995891,0.990337378908765,"EOAD_vs_CN",79,"study_4"
"C1QTNF4",-0.139688274776356,0.093171573147867,2.24777610698024,0.179991148122754,0.41798788651348,"EOAD_vs_CN",72,"study_4"
"C1QTNF5",0.0353248449449719,0.101368094807095,0.121438937907586,0.738243817541222,0.836900327887312,"EOAD_vs_CN",70,"study_4"
"C4BPB",0.627549414693797,0.309627313836059,4.1078760189757,0.0921467121809151,0.303157230607034,"EOAD_vs_CN",70,"study_4"
"CA10",-0.202036889969333,0.164688375825793,1.50499638321501,0.276597182868772,0.514341249749289,"EOAD_vs_CN",51,"study_4"
"CA11",-0.186720315733964,0.109955405334992,2.88369934267614,0.128947010125175,0.362080618906046,"EOAD_vs_CN",79,"study_4"
"CA2",0.815355461062652,0.540282744167723,2.2774653311785,0.185933894588109,0.423685431930281,"EOAD_vs_CN",56,"study_4"
"CA4",-0.084800600204888,0.0955483259595252,0.787683389647637,0.405095242706701,0.624157396104564,"EOAD_vs_CN",79,"study_4"
"CACHD1",-0.188462599167522,0.185420496206326,1.03308219067588,0.346713610279425,0.583276149214403,"EOAD_vs_CN",79,"study_4"
"CACNA2D2",-0.150373148711121,0.0749803535153394,4.02203291058443,0.0814227384854373,0.285498544130573,"EOAD_vs_CN",79,"study_4"
"CACNA2D3",-0.216492139829511,0.142865456179595,2.2963062169373,0.175283997049692,0.416486762220635,"EOAD_vs_CN",78,"study_4"
"CALY",-0.0210952999017602,0.100789488884397,0.0438067386873756,0.842252438820584,0.905787922600087,"EOAD_vs_CN",63,"study_4"
"CAMK2D",0.04854616066969,0.0777887361692069,0.389472094988064,0.55025504054593,0.715024075879053,"EOAD_vs_CN",72,"study_4"
"GOLM2",-0.0458109590317113,0.077121492454626,0.352848208197044,0.574892570383594,0.73228011256192,"EOAD_vs_CN",74,"study_4"
"CAT",1.0077734774559,0.738318064854334,1.86311155560409,0.264074509450655,0.502347052407225,"EOAD_vs_CN",54,"study_4"
"CBR1",0.161742712612109,0.141440345268508,1.30768405796993,0.299848069729978,0.533489685663576,"EOAD_vs_CN",67,"study_4"
"CCER2",-0.222684108858751,0.100764456158958,4.8838657982364,0.0610723511202996,0.257358617904816,"EOAD_vs_CN",71,"study_4"
"CCK",-0.612062496369896,0.231156509191409,7.0109889698528,0.0315687874424479,0.211833168159422,"EOAD_vs_CN",79,"study_4"
"CD109",0.230712288231631,0.0939381546723159,6.03194543079093,0.0431782722923719,0.23096129914898,"EOAD_vs_CN",79,"study_4"
"CD200",-0.148101049251184,0.102574826803788,2.08465737311732,0.183101475976807,0.4215503960377,"EOAD_vs_CN",79,"study_4"
"CD248",-0.0303489631007707,0.0555070410786217,0.298945183980138,0.598106307169905,0.740639436050038,"EOAD_vs_CN",79,"study_4"
"CD5L",0.507634066756593,0.202077124865894,6.31054997709974,0.034704513935406,0.217196409003323,"EOAD_vs_CN",59,"study_4"
"CD81",0.0773392745615986,0.148859505140711,0.269927446530215,0.616148747196124,0.754853559794102,"EOAD_vs_CN",73,"study_4"
"CD9",0.00132488674240427,0.166684822957169,6.31779300151819e-05,0.993867392849796,0.998356405464294,"EOAD_vs_CN",77,"study_4"
"CDH10",0.052231393288233,0.164735461282146,0.100528459902243,0.762686194929716,0.850659025839362,"EOAD_vs_CN",71,"study_4"
"CDH11",-0.0316912280501258,0.0579171341968016,0.29940841937783,0.592591487145407,0.737919074698424,"EOAD_vs_CN",79,"study_4"
"CDH15",-0.178327633317672,0.118163859942634,2.27755017462004,0.173621283169669,0.41611876276556,"EOAD_vs_CN",79,"study_4"
"CDH18",-0.158147415642168,0.0848487465018603,3.47402818164239,0.116657857289469,0.34778428232142,"EOAD_vs_CN",62,"study_4"
"CDH20",-0.045680758463023,0.0546232747559886,0.699376677798157,0.423288439175189,0.631837497615648,"EOAD_vs_CN",75,"study_4"
"CDH22",-0.299714560551331,0.0508082085827009,34.7974900154291,1.6826875580727e-05,0.00467787141144211,"EOAD_vs_CN",77,"study_4"
"CDH4",-0.146099055742477,0.0674702715079966,4.6888884671886,0.0621075995042409,0.258665358234891,"EOAD_vs_CN",76,"study_4"
"CDH5",0.0715136573420612,0.102368851529025,0.488025276864451,0.510318529811824,0.687847521394846,"EOAD_vs_CN",77,"study_4"
"CDH7",-0.17807358009283,0.0642812708942418,7.67414624290935,0.0229117929767949,0.185970173651065,"EOAD_vs_CN",79,"study_4"
"CDH8",-0.200756170786279,0.0896178358758403,5.01821081822179,0.0537885068437179,0.244888354116801,"EOAD_vs_CN",79,"study_4"
"CDH9",-0.323982970857937,0.0722005579404207,20.1355390051901,0.000303035239208044,0.0205482171861339,"EOAD_vs_CN",47,"study_4"
"CEL",-0.234088024234064,0.319808299425532,0.535770666300791,0.496963000891622,0.680570020925473,"EOAD_vs_CN",55,"study_4"
"CEMIP",0.0164195712108768,0.0626127164316052,0.0687699219206474,0.800367994541447,0.880872429742338,"EOAD_vs_CN",79,"study_4"
"CFB",0.280369855874044,0.162897386399074,2.96233659810553,0.128170925790459,0.362080618906046,"EOAD_vs_CN",79,"study_4"
"CFHR3",0.49638067925569,0.140534961968451,12.4755866526071,0.00339984501995366,0.0799932359889286,"EOAD_vs_CN",56,"study_4"
"CFL1",0.357715057654374,0.108084147431008,10.9534376652423,0.0126768254644818,0.131865581356783,"EOAD_vs_CN",77,"study_4"
"CFP",0.431387179044703,0.176016499730805,6.00658609652702,0.0426633260664282,0.23096129914898,"EOAD_vs_CN",77,"study_4"
"CHAD",0.0998986845277701,0.12456487198784,0.643173832445801,0.449745290949386,0.65134966111245,"EOAD_vs_CN",69,"study_4"
"CHI3L2",-0.0950661056980397,0.127182559033797,0.558722665053035,0.474439999710767,0.664964150310282,"EOAD_vs_CN",75,"study_4"
"CHID1",-0.118328568902224,0.0771938549171414,2.34970729648207,0.1595333209379,0.399551920907533,"EOAD_vs_CN",77,"study_4"
"CHIT1",0.495648289894616,0.499094239213004,0.986238858589008,0.388798598788529,0.613253960074956,"EOAD_vs_CN",50,"study_4"
"CHRD",-0.152284881218649,0.0357334359694114,18.1620146515563,0.00209761757258581,0.0555369223979863,"EOAD_vs_CN",79,"study_4"
"CHRDL1",0.0489659660583346,0.0774613921583834,0.399593171785848,0.545417920004704,0.712690799762248,"EOAD_vs_CN",78,"study_4"
"CHST10",-0.166164764454177,0.111366533181375,2.22622200800545,0.182546590396737,0.421144830956788,"EOAD_vs_CN",79,"study_4"
"CHST15",-0.0925644062892328,0.102464575426671,0.816094686286976,0.403142349979702,0.624157396104564,"EOAD_vs_CN",57,"study_4"
"CKB",0.47257795044924,0.107362800866426,19.374889902758,0.0130910340536303,0.131865581356783,"EOAD_vs_CN",61,"study_4"
"CKMT1A",0.110581973167266,0.174970647912606,0.399427783156258,0.554536080712417,0.71869944260164,"EOAD_vs_CN",50,"study_4"
"CLEC11A",0.0875543997406441,0.0876149248103936,0.998618861699954,0.343234491361432,0.578298112718049,"EOAD_vs_CN",79,"study_4"
"CLMP",-0.103455674482504,0.101465736948742,1.03960845972843,0.371891522510348,0.600611151561447,"EOAD_vs_CN",56,"study_4"
"CLN5",-0.0642896038279748,0.113418215274769,0.321303814097868,0.58805228255866,0.737919074698424,"EOAD_vs_CN",79,"study_4"
"CLUL1",0.101779458248232,0.176300651033528,0.333282444252661,0.589514305839622,0.737919074698424,"EOAD_vs_CN",53,"study_4"
"CNPY3",-0.275181936689918,0.0688326794216715,15.9827127696346,0.000340653995102352,0.0205482171861339,"EOAD_vs_CN",53,"study_4"
"CNTFR",-0.198825927859481,0.0682922747283403,8.47623284052295,0.0223170857939956,0.182474995609729,"EOAD_vs_CN",79,"study_4"
"CNTN3",-0.1422604016386,0.0575193076582518,6.11703212218522,0.0374872498851646,0.221733095065442,"EOAD_vs_CN",79,"study_4"
"CNTN6",-0.0286057790790677,0.0586755903286759,0.237679992561031,0.637026471559929,0.769120918554674,"EOAD_vs_CN",79,"study_4"
"CNTNAP2",-0.0273741807717158,0.106188017022051,0.0664555474880033,0.803771903661437,0.881787972728237,"EOAD_vs_CN",79,"study_4"
"CNTNAP5",-0.0655831453044522,0.0797547944019551,0.676193330275146,0.439439124987675,0.642968824981966,"EOAD_vs_CN",62,"study_4"
"COL12A1",-0.062530137907884,0.0754648057823542,0.686577956412307,0.432266493624101,0.635820556759259,"EOAD_vs_CN",78,"study_4"
"COL14A1",-0.0628160776121316,0.0679126898007152,0.85553890869704,0.378891689169165,0.606226702670664,"EOAD_vs_CN",79,"study_4"
"COL15A1",0.0759584333009773,0.104679873702615,0.526533026240231,0.489651803268841,0.677229857257402,"EOAD_vs_CN",79,"study_4"
"COL21A1",-0.0154145775085421,0.128443700624522,0.0144024916590329,0.908288282967565,0.945918353945939,"EOAD_vs_CN",64,"study_4"
"COL28A1",0.333592865659429,0.275339309250435,1.46790202991824,0.30355292840941,0.535886110085807,"EOAD_vs_CN",44,"study_4"
"COL4A1",-0.077745917164858,0.0681871740050288,1.30001929832343,0.288794763404015,0.521649444919428,"EOAD_vs_CN",76,"study_4"
"COL4A2",-0.02875389834335,0.0512492784312456,0.314787845991057,0.586082006483927,0.737243428970731,"EOAD_vs_CN",77,"study_4"
"COL5A1",-0.0899732963787878,0.104832433094032,0.736607155057938,0.41776547424481,0.631146918171279,"EOAD_vs_CN",75,"study_4"
"COL6A2",-0.0503480157569287,0.0862352922492896,0.340874598840266,0.577605024322369,0.733215510327026,"EOAD_vs_CN",79,"study_4"
"COMP",0.280453030471135,0.167384411098201,2.80730925242625,0.136232350331169,0.368082418651957,"EOAD_vs_CN",79,"study_4"
"CPD",0.0290100036604084,0.160171654053607,0.0328038068653865,0.864389038474636,0.920434767328999,"EOAD_vs_CN",56,"study_4"
"CPN1",0.352393566279322,0.289155500325297,1.48522765036925,0.271959780404201,0.509926004481828,"EOAD_vs_CN",76,"study_4"
"CPXM2",-0.0105962315692203,0.089553925531815,0.0140001802233601,0.908489929868941,0.945918353945939,"EOAD_vs_CN",79,"study_4"
"CRABP1",0.0853298176086419,0.265688211191662,0.103147110166027,0.775785746621207,0.860951846549683,"EOAD_vs_CN",47,"study_4"
"CREG1",-0.0870093444505518,0.0994294965728328,0.765775225983872,0.406953475477774,0.625909079849633,"EOAD_vs_CN",68,"study_4"
"CRELD1",-0.189355750099186,0.137329734908892,1.90120011543486,0.212390582352432,0.439810665876916,"EOAD_vs_CN",79,"study_4"
"CRISP3",0.36930218614077,0.163853001082545,5.07989758539172,0.0643651218888919,0.261219034819153,"EOAD_vs_CN",62,"study_4"
"CRYM",0.205123241663986,0.107910048925139,3.6133161622064,0.117743771300769,0.349289719243493,"EOAD_vs_CN",58,"study_4"
"CSPG4",-0.0578697811074695,0.103794033136632,0.310855749148178,0.595927616836198,0.740140793158225,"EOAD_vs_CN",79,"study_4"
"CST6",0.131121616745967,0.0798356787980153,2.697457100891,0.128011362402902,0.362080618906046,"EOAD_vs_CN",79,"study_4"
"CSTB",0.123639676500411,0.0724867755811299,2.90936464619201,0.127487770797679,0.362080618906046,"EOAD_vs_CN",63,"study_4"
"CTBS",-0.0891866382517366,0.170393710334048,0.273963350430085,0.61828866139031,0.754853559794102,"EOAD_vs_CN",79,"study_4"
"CCN2",-0.0271738752287742,0.0775588867943228,0.12275523440233,0.7350221755217,0.835106972193399,"EOAD_vs_CN",79,"study_4"
"CTSC",0.0341376828304671,0.0861507727760712,0.157018101967106,0.699992915877043,0.813366899117316,"EOAD_vs_CN",72,"study_4"
"CTSO",0.153300283793847,0.163565989235171,0.878415334231516,0.387764857360737,0.612492217876619,"EOAD_vs_CN",63,"study_4"
"CTSS",-0.031490813024968,0.179164823678812,0.0308931543068937,0.865767979319215,0.920434767328999,"EOAD_vs_CN",78,"study_4"
"CXADR",0.0362026146534005,0.0852722192090728,0.180245629905746,0.686674637033373,0.802488361049196,"EOAD_vs_CN",77,"study_4"
"CXCL12",-0.216341232314653,0.155221812875035,1.94255397894669,0.205777475556353,0.435945505235735,"EOAD_vs_CN",76,"study_4"
"CYTL1",0.0906788797764744,0.057176472356037,2.51522927218994,0.123276258134719,0.358749911739101,"EOAD_vs_CN",79,"study_4"
"DBH",-0.0698493688954178,0.270175009939259,0.0668397198302211,0.804869417553202,0.881787972728237,"EOAD_vs_CN",60,"study_4"
"DCC",-0.173893953137419,0.0702103394717209,6.13432547540764,0.0361502377801119,0.21807486145177,"EOAD_vs_CN",79,"study_4"
"DCD",-0.0552495774518542,0.213460083516192,0.0669922511609098,0.801657283182776,0.880872429742338,"EOAD_vs_CN",63,"study_4"
"DDAH1",0.275417950814858,0.0419227852638952,43.1602774927378,5.3674359620098e-05,0.0109864607333661,"EOAD_vs_CN",79,"study_4"
"DDB1",0.103922996733074,0.0732109403232787,2.01498284598615,0.193259019785402,0.426396884923347,"EOAD_vs_CN",75,"study_4"
"DIPK2B",-0.0894058845327947,0.0600882166401977,2.21387746125979,0.18470165566446,0.422609549586173,"EOAD_vs_CN",69,"study_4"
"DLD",0.142056502936258,0.0430580431484977,10.8846297633631,0.00756016754512106,0.110617188291771,"EOAD_vs_CN",79,"study_4"
"DMKN",0.17376606023539,0.168187139035784,1.06744213845389,0.351919173651611,0.588472362557281,"EOAD_vs_CN",70,"study_4"
"DNAJC3",-0.111441247798648,0.136282606450687,0.668668816708428,0.442727095893716,0.645806689274805,"EOAD_vs_CN",79,"study_4"
"DNASE2",-0.001560931586849,0.157406707646517,9.8337976519661e-05,0.992416084246457,0.997799896638391,"EOAD_vs_CN",65,"study_4"
"DPP10",0.0454728538054434,0.0945620496425788,0.231244103451189,0.652547329865676,0.781931714235594,"EOAD_vs_CN",49,"study_4"
"DPP3",0.0899682797667012,0.0696855447122312,1.66683816204537,0.222715656113053,0.451933959119917,"EOAD_vs_CN",64,"study_4"
"DPYSL2",0.347343953432625,0.0686481680723866,25.6012742314224,0.000464545441312834,0.0224597622060813,"EOAD_vs_CN",54,"study_4"
"DSC1",-0.121552358680979,0.0762289165494609,2.54265412159521,0.129104142164074,0.362080618906046,"EOAD_vs_CN",67,"study_4"
"DSC2",0.195137000632659,0.117903981136432,2.7391909700199,0.142226478683891,0.372560211151682,"EOAD_vs_CN",73,"study_4"
"DSC3",0.236923701666471,0.0795219335466342,8.87652859209053,0.013470142153239,0.131865581356783,"EOAD_vs_CN",77,"study_4"
"DSG2",0.0751942449328862,0.0961889561565886,0.611109143597867,0.460506168366729,0.656521449507206,"EOAD_vs_CN",79,"study_4"
"EDN3",-0.148607376513885,0.13365845273453,1.23619754270936,0.304086452755526,0.535886110085807,"EOAD_vs_CN",74,"study_4"
"EFCAB14",-0.0920414239318967,0.0631239268801701,2.12607529723279,0.181536690342654,0.419685654180937,"EOAD_vs_CN",79,"study_4"
"EFNA1",-0.0634862631412547,0.165457750083423,0.147226267131826,0.713696536851619,0.819866269606406,"EOAD_vs_CN",75,"study_4"
"EFNA3",-0.241440948222144,0.101180977602248,5.69408719992145,0.063130022496114,0.260429528194937,"EOAD_vs_CN",72,"study_4"
"EFNB1",0.0640962709154076,0.0784902431280408,0.666859247197714,0.43898785067279,0.642968824981966,"EOAD_vs_CN",75,"study_4"
"EGFR",-0.123616852388921,0.0794317258962321,2.42196221915314,0.164492681245587,0.40738499230533,"EOAD_vs_CN",75,"study_4"
"EMC10",-0.134850765704446,0.0820636041993658,2.70026047452042,0.159198775938144,0.399551920907533,"EOAD_vs_CN",56,"study_4"
"EMILIN2",0.0322662701583409,0.127550745555421,0.0639928612105862,0.809210494151999,0.885073773872223,"EOAD_vs_CN",43,"study_4"
"ENPP4",0.00926766269644563,0.131744758658271,0.00494850194618463,0.94581004467389,0.972033983065957,"EOAD_vs_CN",79,"study_4"
"ENPP5",0.150942023547558,0.120815261730377,1.56090595556818,0.218962718970033,0.45006754804931,"EOAD_vs_CN",73,"study_4"
"ENPP6",0.201480170480769,0.154361507373655,1.70367439971621,0.235867049295495,0.465868843368723,"EOAD_vs_CN",79,"study_4"
"ENTPD6",-0.139971272123397,0.0877026499648609,2.54713748703779,0.153790242364878,0.391839671204357,"EOAD_vs_CN",71,"study_4"
"EPDR1",-0.152874198053536,0.21349132244834,0.512752668019402,0.498440501782775,0.680916262877697,"EOAD_vs_CN",79,"study_4"
"EPHA10",-0.147423606931591,0.154916735535792,0.905602039020301,0.373791515771106,0.601528459533241,"EOAD_vs_CN",78,"study_4"
"EPHA5",-0.153616352184589,0.091579119859642,2.81372704775892,0.135885298619587,0.368082418651957,"EOAD_vs_CN",72,"study_4"
"EPHA7",-0.0100250004637132,0.0481707105921472,0.0433114473608419,0.840374653566735,0.905787018669458,"EOAD_vs_CN",78,"study_4"
"EPHB6",-0.182869465689646,0.114417966397787,2.55442962774925,0.149379820595839,0.385406868915483,"EOAD_vs_CN",75,"study_4"
"ERAP1",-0.0779892141103735,0.196848440367657,0.156965833892229,0.704550453072295,0.815757737169882,"EOAD_vs_CN",79,"study_4"
"ERBB3",0.0302739678931596,0.144961417975067,0.0436147949456846,0.849769310132207,0.912988862673444,"EOAD_vs_CN",44,"study_4"
"ERP44",-0.096953164279916,0.0415679854609787,5.44008919785475,0.0421648211127349,0.23096129914898,"EOAD_vs_CN",79,"study_4"
"ESAM",-0.173196530584826,0.121683717969854,2.02587868252608,0.20717882116587,0.437990207483739,"EOAD_vs_CN",77,"study_4"
"EXTL2",-0.124104951032301,0.0455092396080839,7.43667935930917,0.0220887049629317,0.182474995609729,"EOAD_vs_CN",79,"study_4"
"EZR",-0.0997795519336773,0.136105820909251,0.537439645656645,0.497866727889096,0.680916262877697,"EOAD_vs_CN",50,"study_4"
"F11",0.434286098079577,0.198580229434193,4.78277376708242,0.0759687317361917,0.280224523269851,"EOAD_vs_CN",76,"study_4"
"F13A1",0.313523462936677,0.203984027718096,2.36236918587046,0.189638640330224,0.426283493009268,"EOAD_vs_CN",68,"study_4"
"F13B",0.506018826593468,0.199128388806448,6.4575383025723,0.0407859772807844,0.23096129914898,"EOAD_vs_CN",79,"study_4"
"F7",0.223285609801238,0.262057075322072,0.725988414187906,0.450438749456362,0.65134966111245,"EOAD_vs_CN",45,"study_4"
"F9",0.39787515757838,0.125262328010543,10.0891061083427,0.0137095251097265,0.131865581356783,"EOAD_vs_CN",79,"study_4"
"FABP3",0.887289395037594,0.23981412353398,13.6892945498781,0.0129144988443014,0.131865581356783,"EOAD_vs_CN",58,"study_4"
"FABP5",0.222867705334911,0.0829247756926085,7.22313400779692,0.0273962949277233,0.200425526050186,"EOAD_vs_CN",70,"study_4"
"FAIM2",-0.0306709866055561,0.0746027726231427,0.169022902746108,0.696165590001998,0.809765832721989,"EOAD_vs_CN",71,"study_4"
"NALF1",-0.112783173594589,0.101792716724969,1.22759528400913,0.3040721102245,0.535886110085807,"EOAD_vs_CN",63,"study_4"
"FAM171A1",-0.312563555488045,0.0544253328214969,32.9818103324534,0.00483662880541091,0.0896388538602821,"EOAD_vs_CN",59,"study_4"
"FAM174A",-0.187820334524036,0.181758837721048,1.06781039826468,0.400937004885187,0.62268428691666,"EOAD_vs_CN",53,"study_4"
"FAM20B",-0.0778166998629644,0.0514141038660823,2.29076783497728,0.167620925435537,0.409960807442848,"EOAD_vs_CN",79,"study_4"
"FAM20C",0.0794038489984574,0.114524486761137,0.480713591373774,0.534795720592927,0.704612371207743,"EOAD_vs_CN",76,"study_4"
"FBLN7",-0.0320727013482411,0.0610348332036511,0.276131248410585,0.618377756411629,0.754853559794102,"EOAD_vs_CN",67,"study_4"
"FBN1",-0.00287608750550916,0.0702660448100307,0.00167537941155893,0.968388511180414,0.984321777360714,"EOAD_vs_CN",79,"study_4"
"FCGR3A",0.231969580749364,0.119762867155399,3.75161018272331,0.0890749061013318,0.295675509208003,"EOAD_vs_CN",76,"study_4"
"FCN3",0.683485334932729,0.261992479689448,6.80582457325217,0.0361273753412084,0.21807486145177,"EOAD_vs_CN",63,"study_4"
"FGFR3",0.0460545387616076,0.121000404288378,0.144867588757351,0.714907098034906,0.820409383916218,"EOAD_vs_CN",79,"study_4"
"FGL2",0.0191153900157293,0.106662905567932,0.0321173353927098,0.862743770870633,0.920434767328999,"EOAD_vs_CN",79,"study_4"
"FKBP1A",0.477425600151585,0.073806762693381,41.8426413490102,0.000119833324211873,0.0166568320654503,"EOAD_vs_CN",50,"study_4"
"FLNA",0.380050136808606,0.155063147466648,6.00709633009902,0.0610995279917908,0.257358617904816,"EOAD_vs_CN",67,"study_4"
"FMOD",-0.0534580274845702,0.12284460177612,0.189371101922414,0.68164751141423,0.800413973276266,"EOAD_vs_CN",76,"study_4"
"FOLR1",0.0372276027398506,0.0917880705026561,0.164496878286774,0.692427343705248,0.807106086163769,"EOAD_vs_CN",79,"study_4"
"FRMPD1",-0.0484316609624802,0.0468990873621839,1.06642408171695,0.328517601183787,0.563752426722795,"EOAD_vs_CN",79,"study_4"
"FSCN1",0.251266903773583,0.155277141731398,2.61851773747457,0.154384796810178,0.391839671204357,"EOAD_vs_CN",79,"study_4"
"FSTL5",-0.28093381933847,0.109505032577112,6.58172738127473,0.0357802347250531,0.21807486145177,"EOAD_vs_CN",79,"study_4"
"FTH1",0.022352653354857,0.0699107243184087,0.102228164427933,0.758447306556328,0.848182285924621,"EOAD_vs_CN",49,"study_4"
"FUCA1",-0.104362031525008,0.192791370447794,0.293028504124794,0.606190253748679,0.746493424328384,"EOAD_vs_CN",79,"study_4"
"FXYD6",0.00913804554852593,0.137408042764234,0.00442264753825287,0.948591661829356,0.972197168621423,"EOAD_vs_CN",65,"study_4"
"FZD1",-0.00519845131639407,0.170419759816942,0.00093048218921024,0.976978511387514,0.990337378908765,"EOAD_vs_CN",38,"study_4"
"GAA",-0.112969061925757,0.139691896854196,0.653998294431266,0.445678107825669,0.647348127922446,"EOAD_vs_CN",75,"study_4"
"GALC",-0.0355749315561118,0.172750552034357,0.0424081432951428,0.841437041623696,0.905787018669458,"EOAD_vs_CN",77,"study_4"
"GALNS",-0.122177818104388,0.211168189075657,0.334755513809331,0.58213644666744,0.734430468006213,"EOAD_vs_CN",78,"study_4"
"GALNT1",-0.0936573487032408,0.0772539968858196,1.46974436342789,0.266737918309824,0.504256828780309,"EOAD_vs_CN",79,"study_4"
"GALNT10",-0.0794224828022667,0.0514927145933813,2.37900493772926,0.167678307981815,0.409960807442848,"EOAD_vs_CN",78,"study_4"
"GALNT13",-0.0816584933941655,0.0710947213454198,1.31925276503476,0.282527143067219,0.519396493550399,"EOAD_vs_CN",79,"study_4"
"GALNT15",0.0511850683877606,0.147554970202452,0.120331378035695,0.739061260778184,0.836900327887312,"EOAD_vs_CN",63,"study_4"
"GALNT16",0.0663624662838442,0.086802291203457,0.584497499763564,0.474803538980543,0.664964150310282,"EOAD_vs_CN",77,"study_4"
"GALNT17",-0.0487160833672231,0.0686030036179338,0.504264585436854,0.495911128762638,0.680570020925473,"EOAD_vs_CN",71,"study_4"
"GALNT18",-0.115597785450094,0.0411003197026822,7.91058548874785,0.0143850740379866,0.135561036696958,"EOAD_vs_CN",79,"study_4"
"GALNT6",-0.0614356014777133,0.095706035596067,0.412061059802288,0.54026332491463,0.707624048651435,"EOAD_vs_CN",78,"study_4"
"GALNT7",-0.0679637420476347,0.0468217345450072,2.10697590409326,0.176450850723829,0.417475204265741,"EOAD_vs_CN",79,"study_4"
"GANAB",-0.283502787042641,0.0521158149502444,29.5920872424675,0.000456512840291317,0.0224597622060813,"EOAD_vs_CN",79,"study_4"
"GAS6",-0.135821190200572,0.0584715119939052,5.39568285816171,0.0529661641005582,0.244309825422506,"EOAD_vs_CN",79,"study_4"
"GBA1",-0.205668691378888,0.107929818857701,3.6312276207128,0.10073887369665,0.315553880424437,"EOAD_vs_CN",78,"study_4"
"GDF11",-0.129556780205664,0.0633263397492162,4.18554021690666,0.0781529326943086,0.28216253622101,"EOAD_vs_CN",79,"study_4"
"GDI1",0.318732396811128,0.0905448523462242,12.391528709736,0.00799683134793932,0.115486707258552,"EOAD_vs_CN",70,"study_4"
"GDI2",-0.0216525645176504,0.0941556866622846,0.0528841554017996,0.830193235768125,0.90176291251896,"EOAD_vs_CN",54,"study_4"
"GFRA3",-0.213878876533782,0.107838530158836,3.93357892762711,0.0843718848552812,0.287796122573842,"EOAD_vs_CN",75,"study_4"
"GGCT",0.3047948943912,0.081773299796543,13.8928814357855,0.00553789449412602,0.0977482329756846,"EOAD_vs_CN",79,"study_4"
"GGT7",-0.0761077604234979,0.0981437443242836,0.601357371533402,0.463530002612211,0.657525766797822,"EOAD_vs_CN",76,"study_4"
"GLG1",-0.0449187159140303,0.105816994563128,0.180195449876388,0.685304657343041,0.802167135753117,"EOAD_vs_CN",79,"study_4"
"GLO1",0.337640933249991,0.142398993941408,5.622071208404,0.0565249966970128,0.250396553580068,"EOAD_vs_CN",60,"study_4"
"GLOD4",0.319160236188171,0.0983294906749323,10.535374458823,0.0148012150967541,0.138310514181433,"EOAD_vs_CN",78,"study_4"
"GLRX",0.143625823227887,0.0712279573125033,4.06596918069222,0.0759570100102006,0.280224523269851,"EOAD_vs_CN",79,"study_4"
"GNAS",-0.1563861055699,0.112896273503171,1.91883272050747,0.224358159993062,0.452195010003777,"EOAD_vs_CN",68,"study_4"
"GNS",-0.048371278405229,0.123002109553466,0.1546500309479,0.705168911442318,0.815757737169882,"EOAD_vs_CN",79,"study_4"
"GPC1",-0.0617942633204045,0.0841593845644139,0.539127166590221,0.483387270153779,0.671908305513753,"EOAD_vs_CN",79,"study_4"
"GPLD1",0.146538987919173,0.160703628219788,0.831486134489656,0.394007868698068,0.617094014073594,"EOAD_vs_CN",79,"study_4"
"GPNMB",0.204544296335241,0.154499191467538,1.75275948368709,0.224739325687244,0.452195010003777,"EOAD_vs_CN",79,"study_4"
"GRB2",0.0807202193195931,0.0361108603292073,4.99676581271195,0.0424887068791562,0.23096129914898,"EOAD_vs_CN",76,"study_4"
"GRIA2",0.32787585220006,0.109244116525277,9.00788330097059,0.0283493916615092,0.203793910442445,"EOAD_vs_CN",51,"study_4"
"GRN",0.0926281366140325,0.095189539879525,0.946907158729326,0.363623821974875,0.596419417390456,"EOAD_vs_CN",78,"study_4"
"GRP",-0.680225045755607,0.147752107529905,21.1952170510703,0.00405886526006613,0.0820628758035189,"EOAD_vs_CN",66,"study_4"
"GSR",0.338200104057505,0.0872275427340145,15.0328109984323,0.010046118262295,0.125543837998659,"EOAD_vs_CN",51,"study_4"
"GSS",0.0282192262264873,0.0444140875802453,0.403690670861797,0.531915667845065,0.703376808950827,"EOAD_vs_CN",79,"study_4"
"GSTO1",0.32324041526214,0.0787887842932881,16.8314880572264,0.00233867025126159,0.06047910045123,"EOAD_vs_CN",69,"study_4"
"GSTP1",0.0996084287596695,0.0690637528614396,2.08013648462121,0.188411176900087,0.426283493009268,"EOAD_vs_CN",75,"study_4"
"GTF2IRD2",0.322623567189877,0.122795357513884,6.90284754659036,0.028570482896563,0.203793910442445,"EOAD_vs_CN",79,"study_4"
"GYG1",-0.169695787842231,0.137570520662458,1.52156798937799,0.284114821968042,0.520168761059651,"EOAD_vs_CN",42,"study_4"
"HAVCR2",-0.0563387973533711,0.0858407883964428,0.430752442366931,0.534673586280479,0.704612371207743,"EOAD_vs_CN",72,"study_4"
"HEG1",0.0943319930870761,0.0839831120856643,1.26163605944504,0.29780923989536,0.532417805086238,"EOAD_vs_CN",79,"study_4"
"HGFAC",0.55963288665352,0.131960605444858,17.9853070494235,0.00277917729486648,0.0702373898157165,"EOAD_vs_CN",79,"study_4"
"HK1",0.231998706482788,0.0603945399290957,14.756242116919,0.00677424606384084,0.110280378255723,"EOAD_vs_CN",74,"study_4"
"HLA-A",0.304716255042656,0.395953431213138,0.592247209138178,0.472194479941841,0.664095478292502,"EOAD_vs_CN",70,"study_4"
"HLA-C",-0.404032413930923,0.728491499650607,0.307597951786574,0.606170596494345,0.746493424328384,"EOAD_vs_CN",63,"study_4"
"HLA-DRA",-0.00261620586261113,0.264691261518789,9.76932643449428e-05,0.992382731847782,0.997799896638391,"EOAD_vs_CN",75,"study_4"
"HLA-DRB1",0.0686121954040284,0.372799882100254,0.0338728000822578,0.864496555763608,0.920434767328999,"EOAD_vs_CN",61,"study_4"
"HMCN1",-0.210705953821414,0.214130018608839,0.968274523994437,0.39165699387005,0.614277259779261,"EOAD_vs_CN",49,"study_4"
"HPR",0.723065871275556,0.416658491605498,3.01158587856684,0.124060085682879,0.358749911739101,"EOAD_vs_CN",69,"study_4"
"HPRT1",0.389217756680106,0.102634232161997,14.3813883918387,0.00887348869133893,0.121480316376723,"EOAD_vs_CN",76,"study_4"
"HS6ST1",-0.0207869998872932,0.112350815324717,0.0342319130654367,0.858909159288517,0.919176827789441,"EOAD_vs_CN",79,"study_4"
"HS6ST3",-0.265006019470214,0.10997036330955,5.80711140816316,0.0457737212250715,0.23096129914898,"EOAD_vs_CN",79,"study_4"
"HSP90B1",-0.0925794780659128,0.118038232491227,0.615154295016599,0.460169126873428,0.656521449507206,"EOAD_vs_CN",79,"study_4"
"HSPA13",-0.110197103164012,0.0549807726710119,4.01715582481562,0.0780858734274968,0.28216253622101,"EOAD_vs_CN",79,"study_4"
"HSPA1A",0.179596065962226,0.142364866743953,1.5914316340757,0.250823133656863,0.486763219243336,"EOAD_vs_CN",79,"study_4"
"HSPE1",0.0234967912612101,0.0956588274973909,0.0603346795956294,0.816745000219915,0.889540098182708,"EOAD_vs_CN",74,"study_4"
"HYAL1",0.0381664542856619,0.0567041962614831,0.453036540778187,0.512587139830623,0.690068885583114,"EOAD_vs_CN",76,"study_4"
"ICAM1",0.348655247600402,0.173937192135272,4.0179775173017,0.110095677489114,0.333883308711607,"EOAD_vs_CN",71,"study_4"
"ICAM2",0.15637219681309,0.0475114654663687,10.8323384908424,0.00697516802792109,0.110280378255723,"EOAD_vs_CN",79,"study_4"
"IDH1",0.147809476215792,0.10054016282067,2.16135142920949,0.221389069876281,0.45171494624298,"EOAD_vs_CN",58,"study_4"
"IFNAR2",-0.221404883879948,0.0887458443883519,6.22412550455953,0.0433556933718225,0.23096129914898,"EOAD_vs_CN",62,"study_4"
"IGF2R",-0.000166966920175149,0.0349362684893463,2.28406174323593e-05,0.996279902648929,0.999396703668236,"EOAD_vs_CN",74,"study_4"
"IGFALS",0.516647766599064,0.203040058652016,6.47478947749958,0.0385387794992114,0.223045203640253,"EOAD_vs_CN",79,"study_4"
"IGFBP3",0.208780855421354,0.100312998713069,4.33178525711386,0.0772658446911793,0.28216253622101,"EOAD_vs_CN",79,"study_4"
"IGHV1-69",0.131369151104573,0.334351442721906,0.154376213360826,0.705718474062433,0.815757737169882,"EOAD_vs_CN",79,"study_4"
"IGHV2-26",0.402450973524402,0.152593053402336,6.95594977898953,0.0269303974419229,0.198321867254426,"EOAD_vs_CN",59,"study_4"
"IGHV2-70",0.0201073568032712,0.337434280845917,0.00355084377925987,0.955930696270159,0.976507727155607,"EOAD_vs_CN",41,"study_4"
"IGHV2-70D",0.304270060099094,0.578124124566822,0.276997759098844,0.616578802148131,0.754853559794102,"EOAD_vs_CN",72,"study_4"
"IGHV3-43D",0.517693540905293,0.157477816162884,10.8070391768068,0.00895855373267919,0.121480316376723,"EOAD_vs_CN",79,"study_4"
"IGHV3-49",0.14628017465684,0.339861899688889,0.185253311173684,0.680338740581688,0.800236004896386,"EOAD_vs_CN",79,"study_4"
"IGHV3-64D",0.414086044590702,0.177399043921073,5.44852112086616,0.0514012496156366,0.244309825422506,"EOAD_vs_CN",58,"study_4"
"IGHV3-7",0.362497406825275,0.178606591082707,4.1192186508641,0.077996759340312,0.28216253622101,"EOAD_vs_CN",79,"study_4"
"IGHV4-28",0.371349763459856,0.256150559757908,2.10172400558289,0.192073496608384,0.426283493009268,"EOAD_vs_CN",79,"study_4"
"IGHV4-34",0.257093843562183,0.213535194634391,1.44958746099249,0.26709287063993,0.504256828780309,"EOAD_vs_CN",79,"study_4"
"IGHV4-4",-0.1440084060544,0.494609025505212,0.0847718406174803,0.779845738166924,0.864594676811186,"EOAD_vs_CN",79,"study_4"
"IGHV5-10-1",-0.379495815520237,0.586114070274765,0.419227428029875,0.537726666237125,0.705964643277076,"EOAD_vs_CN",75,"study_4"
"IGHV5-51",0.237753330792804,0.267735609524311,0.788571260466526,0.417192329061759,0.631146918171279,"EOAD_vs_CN",60,"study_4"
"IGHV6-1",0.166622685626111,0.26653987172065,0.390790404585072,0.550414216683875,0.715024075879053,"EOAD_vs_CN",79,"study_4"
"IGKJ1",0.524557653295938,0.23837355865912,4.84250742606392,0.0761041421110567,0.280224523269851,"EOAD_vs_CN",64,"study_4"
"IGKV1-6",0.574568155566165,0.348704131526798,2.71499427764033,0.143483887130753,0.373662956649642,"EOAD_vs_CN",74,"study_4"
"IGKV2-29",0.410346463461107,0.335544184003511,1.49555351718564,0.255445923458237,0.492297862886585,"EOAD_vs_CN",75,"study_4"
"IGKV2-30",0.409138574875505,0.211874216297746,3.72893349535742,0.0932869999540771,0.304599359443253,"EOAD_vs_CN",69,"study_4"
"IGKV3-11",0.339981698595352,0.209512732880625,2.63323873574421,0.147208194172923,0.382466149346473,"EOAD_vs_CN",79,"study_4"
"IGKV3-15",0.136567599306377,0.0935380511225527,2.13166382935691,0.166506606575139,0.409960807442848,"EOAD_vs_CN",54,"study_4"
"IGKV3D-15",-0.117722983846286,0.215244576797579,0.299128702179135,0.601753750853003,0.742717227266989,"EOAD_vs_CN",55,"study_4"
"IGKV3D-20",0.173637027546676,0.269050416086485,0.416502247484358,0.540045556701924,0.707624048651435,"EOAD_vs_CN",79,"study_4"
"IGLC7",0.689872812606037,0.474777050476102,2.11134217937972,0.190221109136013,0.426283493009268,"EOAD_vs_CN",79,"study_4"
"IGLV1-51",-0.0597298540837725,0.433948579653534,0.018945512811966,0.894678802749405,0.938568706280508,"EOAD_vs_CN",79,"study_4"
"IGLV2-11",0.256712246650538,0.286047069003347,0.805412138814794,0.410992623394197,0.627139968358421,"EOAD_vs_CN",72,"study_4"
"IGLV2-18",0.044945315617742,0.436479499107957,0.0106033029148083,0.921505195789523,0.954450877312711,"EOAD_vs_CN",55,"study_4"
"IGLV2-23",0.32006774734529,0.279444276563912,1.31187781689201,0.28587990723534,0.520168761059651,"EOAD_vs_CN",69,"study_4"
"IGLV2-8",0.0105611157243768,0.156123222346367,0.00457598497773022,0.947522642165859,0.972197168621423,"EOAD_vs_CN",79,"study_4"
"IGLV3-27",0.710695882511108,0.259945078974649,7.47488298158625,0.0236022328244535,0.189701282768126,"EOAD_vs_CN",70,"study_4"
"IGLV4-60",0.478881924692691,0.463596622645691,1.06702934442499,0.341116428042302,0.577353832546483,"EOAD_vs_CN",43,"study_4"
"IGLV6-57",0.597342950620048,0.3548184190853,2.83423053480726,0.13917921289813,0.372036742170001,"EOAD_vs_CN",79,"study_4"
"IGLV7-46",0.0796107955062464,0.210562658937183,0.14294903071961,0.715749587975357,0.820529424565564,"EOAD_vs_CN",79,"study_4"
"IGLV8-61",-0.358165346798359,0.378202743594828,0.89684580147235,0.377119453214007,0.605132513670961,"EOAD_vs_CN",73,"study_4"
"IGLV9-49",0.271003505178176,0.548832473884457,0.243820498985161,0.637386109160833,0.769120918554674,"EOAD_vs_CN",79,"study_4"
"IGSF1",-0.353686173494232,0.0866393278123802,16.6650268056459,0.00437527278634689,0.0867185279375725,"EOAD_vs_CN",47,"study_4"
"IGSF21",-0.14223541720914,0.0799881197061552,3.16201937147666,0.116303042600308,0.3477732614427,"EOAD_vs_CN",75,"study_4"
"IL18BP",0.208355157155864,0.0711300277407915,8.5803015825792,0.0134639229399228,0.131865581356783,"EOAD_vs_CN",65,"study_4"
"IL1RAP",0.0702515301186768,0.125890955522763,0.311402801944271,0.592448797554336,0.737919074698424,"EOAD_vs_CN",79,"study_4"
"IMPA1",0.239981353178657,0.134914981846375,3.16398661206315,0.12974056083552,0.362080618906046,"EOAD_vs_CN",73,"study_4"
"ITGA7",0.0662568672744759,0.0683147026081255,0.940661635147179,0.357749401115197,0.592470383049134,"EOAD_vs_CN",62,"study_4"
"ITGAM",0.744531158746833,0.124018102888409,36.0408967442413,5.92794643886658e-05,0.0109864607333661,"EOAD_vs_CN",37,"study_4"
"ITGBL1",-0.0852264265208271,0.0837660714844676,1.03517139404141,0.336547111338984,0.572840455749051,"EOAD_vs_CN",79,"study_4"
"ITIH3",0.513866471552486,0.253608998319598,4.10554906417257,0.0838838149501531,0.287796122573842,"EOAD_vs_CN",79,"study_4"
"ITM2A",-0.0952436758692103,0.0919297288997339,1.07339690316573,0.33443289344462,0.571258644409243,"EOAD_vs_CN",41,"study_4"
"JAG1",-0.149037060556737,0.118310881476181,1.58686204495299,0.286222296718669,0.520168761059651,"EOAD_vs_CN",57,"study_4"
"JAM2",-0.0729574871168444,0.0634549058512395,1.32193264046743,0.285462450107404,0.520168761059651,"EOAD_vs_CN",79,"study_4"
"JAM3",0.0315163939530505,0.0677691708492829,0.216276183270583,0.656674802899958,0.782939803591019,"EOAD_vs_CN",77,"study_4"
"JAML",0.219551777768727,0.298807022465465,0.539873880241701,0.499905677014139,0.681244010832993,"EOAD_vs_CN",52,"study_4"
"JCHAIN",0.457305145888035,0.400218691420787,1.30562194598988,0.292792718172847,0.525986272388055,"EOAD_vs_CN",79,"study_4"
"KIAA0319L",0.0100772643389266,0.0480554847472502,0.043974344731072,0.840690907681262,0.905787018669458,"EOAD_vs_CN",76,"study_4"
"KIAA1549L",-0.252745654272339,0.110028111041348,5.27667176705419,0.0543951649881744,0.244888354116801,"EOAD_vs_CN",76,"study_4"
"KLK10",-0.0657779685466275,0.163314233201226,0.162223154204352,0.708367778226313,0.817130305419249,"EOAD_vs_CN",46,"study_4"
"KLK11",0.0706138088743993,0.16209169338989,0.18978319631075,0.676769123390647,0.798776081541804,"EOAD_vs_CN",72,"study_4"
"KRT5",-0.874454118894561,0.586980286130578,2.21935626871299,0.17438647751311,0.41611876276556,"EOAD_vs_CN",65,"study_4"
"LAMA4",-0.0567213115051537,0.110803381301584,0.262051409969042,0.632269496426736,0.767558602649051,"EOAD_vs_CN",61,"study_4"
"LAMA5",0.096296141370682,0.136661555259949,0.49650663042008,0.523615370176073,0.698991946741648,"EOAD_vs_CN",43,"study_4"
"LAMB2",0.015805221720842,0.0192309843039912,0.675457702513635,0.417495948756974,0.631146918171279,"EOAD_vs_CN",79,"study_4"
"LAMC3",-0.118104865156871,0.111585854970874,1.12025601778245,0.314110220341731,0.546620602535219,"EOAD_vs_CN",41,"study_4"
"LAMP5",0.065138933058889,0.106941776668196,0.371010748490641,0.576811200665909,0.733044634446276,"EOAD_vs_CN",48,"study_4"
"LBP",0.0411220574296651,0.2356279931646,0.0304576156366115,0.866632375353832,0.920434767328999,"EOAD_vs_CN",79,"study_4"
"LCN2",0.318326060882999,0.145416763347926,4.79198491525115,0.0620850486252503,0.258665358234891,"EOAD_vs_CN",76,"study_4"
"LCP1",0.193344861869035,0.0954263837910274,4.10514344866385,0.0814943331435421,0.285498544130573,"EOAD_vs_CN",79,"study_4"
"LDLR",0.108530427318104,0.120325744911857,0.813553106910487,0.404220395177852,0.624157396104564,"EOAD_vs_CN",75,"study_4"
"LECT2",0.00343250555641816,0.112567843498294,0.000929809128041354,0.976052729417067,0.990337378908765,"EOAD_vs_CN",40,"study_4"
"LFNG",-0.190200176792166,0.124446907884725,2.33589658698637,0.174754912060716,0.41611876276556,"EOAD_vs_CN",79,"study_4"
"LGALS3",-0.126151324823515,0.1906957528188,0.437624462622616,0.530157063396926,0.703376808950827,"EOAD_vs_CN",77,"study_4"
"LGI1",0.249088978211296,0.097019721570689,6.59157160701584,0.0655020145939244,0.263906667494362,"EOAD_vs_CN",41,"study_4"
"LGMN",0.018705257938425,0.140135731369658,0.0178167970810344,0.897804630074114,0.939952431711865,"EOAD_vs_CN",45,"study_4"
"LILRA2",0.343417237716888,0.112440288213895,9.32825223796707,0.0263134836478813,0.198321867254426,"EOAD_vs_CN",59,"study_4"
"LIPA",-0.175676329910231,0.0772093727775957,5.177098774785,0.0418077190678735,0.23096129914898,"EOAD_vs_CN",72,"study_4"
"LRP11",-0.364996442825768,0.256166998765519,2.03016297737186,0.210934458939431,0.439089440775495,"EOAD_vs_CN",47,"study_4"
"LRP1B",-0.0891069932490769,0.105037879269413,0.719667166922332,0.424658849518106,0.633001456785369,"EOAD_vs_CN",75,"study_4"
"LRP8",-0.0793818625515366,0.160657807204764,0.244139976906804,0.637706373118174,0.769120918554674,"EOAD_vs_CN",74,"study_4"
"LRRC4",-0.0758363973281231,0.0795083499530349,0.909766425644098,0.370705238660808,0.600611151561447,"EOAD_vs_CN",79,"study_4"
"LRTM2",-0.420560220683716,0.107829474171037,15.211828099175,0.00814799759805508,0.116161196526119,"EOAD_vs_CN",62,"study_4"
"LSR",0.00219948410433624,0.100837425735295,0.000475771206502264,0.983169581451081,0.993564565606582,"EOAD_vs_CN",73,"study_4"
"LTF",0.0101344272195139,0.691515425148099,0.000214780412519366,0.988820347073242,0.996043952050922,"EOAD_vs_CN",69,"study_4"
"MAG",-0.0181119744726477,0.083648940731811,0.0468824936328111,0.834475757555814,0.902662492609012,"EOAD_vs_CN",79,"study_4"
"MAN1A2",0.0226895223886752,0.070943271459415,0.102288847456165,0.757065259761046,0.848182285924621,"EOAD_vs_CN",77,"study_4"
"MAN1C1",-0.10419327454198,0.0807390494156422,1.66537526609079,0.238006472173543,0.46926098768968,"EOAD_vs_CN",79,"study_4"
"MAN2A1",-0.0363712945181041,0.0543600207624284,0.447670306857962,0.524554796733877,0.699406395645169,"EOAD_vs_CN",79,"study_4"
"MAN2B1",-0.0383359057405892,0.120006563935251,0.102047285064541,0.758270080430373,0.848182285924621,"EOAD_vs_CN",68,"study_4"
"MAN2B2",0.379794731874221,0.304805559850877,1.55257326561102,0.330803165927414,0.565927877709668,"EOAD_vs_CN",44,"study_4"
"MANBA",-0.120924489976737,0.058759375256925,4.23520258887734,0.0790938226681695,0.28463537477995,"EOAD_vs_CN",79,"study_4"
"MANSC1",-0.0249928195287819,0.0948993881284822,0.0693591371619415,0.801076893455862,0.880872429742338,"EOAD_vs_CN",68,"study_4"
"MARCO",0.554841212379039,0.300364203849112,3.41225183540487,0.130712749884451,0.362475256537431,"EOAD_vs_CN",51,"study_4"
"MATN2",0.0107913361512724,0.0580525425174243,0.0345547656320815,0.856473927877542,0.917532762812935,"EOAD_vs_CN",73,"study_4"
"MB",1.47235414387708,1.15113475810387,1.63595830581026,0.255435045063815,0.492297862886585,"EOAD_vs_CN",75,"study_4"
"MDGA1",0.012097797844774,0.0925580587776625,0.0170837879088979,0.898972323167898,0.939952431711865,"EOAD_vs_CN",67,"study_4"
"MDH2",0.186372597378149,0.131245485750942,2.01648672100112,0.198802281128718,0.429312798628083,"EOAD_vs_CN",62,"study_4"
"MDK",0.000233894825671044,0.117654239370005,3.95208309691803e-06,0.998497965625369,0.999396703668236,"EOAD_vs_CN",59,"study_4"
"MELTF",-0.057690709135878,0.109658854257954,0.276773398696011,0.618409705910456,0.754853559794102,"EOAD_vs_CN",68,"study_4"
"METRNL",-0.0537148023337712,0.0782001870160841,0.471815691526999,0.513307699085336,0.690185363389044,"EOAD_vs_CN",79,"study_4"
"MFAP4",0.0741445248398875,0.120269218767827,0.380057399810974,0.557391135308922,0.721558722309106,"EOAD_vs_CN",79,"study_4"
"MFAP5",0.840341889500468,0.579459573936396,2.1031281686407,0.196404204348323,0.4284750795659,"EOAD_vs_CN",67,"study_4"
"MGAT5",-0.103337104181731,0.1433772757009,0.51945977849602,0.496853525228811,0.680570020925473,"EOAD_vs_CN",74,"study_4"
"MIA",0.0661409386268641,0.0848288145345992,0.607930471096565,0.456741989755409,0.656521449507206,"EOAD_vs_CN",62,"study_4"
"MIA3",-0.0734757719607755,0.0770228704891188,0.910015763766864,0.372681380015646,0.600611151561447,"EOAD_vs_CN",73,"study_4"
"MIF",0.280289675052203,0.0976450409680411,8.23974584752645,0.021269369679299,0.179178326389246,"EOAD_vs_CN",79,"study_4"
"MINPP1",-0.0918008443918783,0.0777026625151253,1.39579471987125,0.279129848846378,0.51714688131517,"EOAD_vs_CN",79,"study_4"
"MLEC",-0.00164098028962201,0.033984989998331,0.00233148398354773,0.962424861341004,0.980949996160584,"EOAD_vs_CN",79,"study_4"
"MMP14",-0.049910044029037,0.101470156411802,0.241935303809501,0.638719037839912,0.769418326618876,"EOAD_vs_CN",79,"study_4"
"MOXD1",0.0695231267665317,0.0927632453934994,0.561702974099966,0.460436365176829,0.656521449507206,"EOAD_vs_CN",35,"study_4"
"MPZ",-0.284619940483364,0.216799938668259,1.72350416394318,0.248535481295992,0.483166879722278,"EOAD_vs_CN",64,"study_4"
"MRC2",-0.0813071661131,0.0438385556495676,3.43989490892991,0.0861157654714618,0.289972168237634,"EOAD_vs_CN",79,"study_4"
"MSLN",-0.264688286542551,0.189563817863082,1.94965851700133,0.196558240320619,0.4284750795659,"EOAD_vs_CN",70,"study_4"
"MSN",0.180178710839301,0.0754360794548781,5.70490914023211,0.0440436135301594,0.23096129914898,"EOAD_vs_CN",79,"study_4"
"MSTN",-0.158237006684153,0.115955012212077,1.86224606779042,0.216640295344667,0.447489487448802,"EOAD_vs_CN",76,"study_4"
"MT1E",-0.420289454534345,0.191471006868864,4.81826791016186,0.130244826944621,0.362080618906046,"EOAD_vs_CN",38,"study_4"
"MXRA7",-0.02685757299614,0.048945194669475,0.301101839841696,0.596590966739863,0.740140793158225,"EOAD_vs_CN",79,"study_4"
"MYDGF",-0.0524360695117299,0.0833715427071787,0.395571127795924,0.547257114529164,0.712690799762248,"EOAD_vs_CN",79,"study_4"
"MYLK",-0.0621579183097953,0.0412760544537777,2.26775727724345,0.161619976552832,0.402812247312876,"EOAD_vs_CN",70,"study_4"
"MYOC",0.272763073004456,0.256930421110011,1.12704197732088,0.324445764018479,0.559534533532764,"EOAD_vs_CN",79,"study_4"
"NAGA",0.171796828845728,0.172917158383169,0.987083985849447,0.365589943447203,0.597847083990131,"EOAD_vs_CN",36,"study_4"
"NAGLU",-0.0619738940512287,0.0634345379339767,0.954478190137218,0.357309002797259,0.592470383049134,"EOAD_vs_CN",77,"study_4"
"NAXE",0.0983122680569162,0.0487920953698833,4.05991080401621,0.0688126822440803,0.269435572730343,"EOAD_vs_CN",79,"study_4"
"NCMAP",-0.0969037105677737,0.273298463915249,0.125720596425267,0.734260510526616,0.835106972193399,"EOAD_vs_CN",79,"study_4"
"NDRG2",-0.0147914574099106,0.0868517527412665,0.0290044583885293,0.869793383242806,0.922030736097236,"EOAD_vs_CN",79,"study_4"
"NDRG4",-0.200379298186085,0.110836305796745,3.26844828677573,0.124207478434851,0.358749911739101,"EOAD_vs_CN",78,"study_4"
"NDST1",0.353681598576982,0.149100412487988,5.62687464124719,0.0494064057342667,0.238869231202194,"EOAD_vs_CN",76,"study_4"
"NECTIN2",0.0282667723263241,0.0709335696056345,0.158799383052577,0.702452581527226,0.814522701416346,"EOAD_vs_CN",61,"study_4"
"NENF",-0.0611253471638786,0.0514143536538217,1.41342873548261,0.267690040786381,0.504527670092297,"EOAD_vs_CN",79,"study_4"
"NLGN1",-0.204994430466768,0.0895242356722407,5.24327794153855,0.05780735031826,0.250396553580068,"EOAD_vs_CN",78,"study_4"
"NLGN2",-0.000123165398550285,0.0555040332580991,4.92411681972895e-06,0.998283601217824,0.999396703668236,"EOAD_vs_CN",66,"study_4"
"NLGN4X",-0.363955914535411,0.092040785306036,15.636405761545,0.0195369811245158,0.168411806282648,"EOAD_vs_CN",61,"study_4"
"NME2",0.616787562536765,0.094735041864728,42.388681934459,0.000251533827366404,0.0192288530205769,"EOAD_vs_CN",75,"study_4"
"NOTCH1",0.0887272241927981,0.150989341967019,0.345319580844365,0.579949164459066,0.734430468006213,"EOAD_vs_CN",60,"study_4"
"NOTCH2",-0.0621836101688338,0.110168241476778,0.318595054314006,0.591761274067173,0.737919074698424,"EOAD_vs_CN",79,"study_4"
"NOTCH3",-0.119557783446184,0.0880138523245082,1.84524335077232,0.218738563954233,0.45006754804931,"EOAD_vs_CN",47,"study_4"
"NPDC1",-0.0646712933819313,0.0902662616063212,0.513301082757897,0.492832373365073,0.679566444430715,"EOAD_vs_CN",66,"study_4"
"NPEPPS",0.193149225222653,0.0755938499394839,6.52849404638765,0.0372832102721387,0.221733095065442,"EOAD_vs_CN",79,"study_4"
"NRN1",-0.270080299198118,0.0924215216920807,8.53964038899038,0.0266031798658758,0.198321867254426,"EOAD_vs_CN",63,"study_4"
"NRP1",-0.0401093584614403,0.127180294612269,0.0994607610086987,0.766922834579256,0.854527246545223,"EOAD_vs_CN",53,"study_4"
"NRP2",-0.0315233278919607,0.0576518454686862,0.298976938863364,0.601787969215429,0.742717227266989,"EOAD_vs_CN",79,"study_4"
"NSF",0.133588389062804,0.0936385124097261,2.03529991369461,0.194064463789141,0.426481588406176,"EOAD_vs_CN",60,"study_4"
"NSG1",-0.124850434241555,0.113186979538715,1.21671026779773,0.337419513053623,0.572840455749051,"EOAD_vs_CN",55,"study_4"
"NTRK3",-0.079671394201644,0.0628978529417122,1.60447587976583,0.239129800938812,0.470641307334441,"EOAD_vs_CN",79,"study_4"
"NUTF2",0.145222144695468,0.0769815387308776,3.5587093327456,0.104284648978745,0.323923267218894,"EOAD_vs_CN",75,"study_4"
"NXPH1",-0.348881479291714,0.0953451984224963,13.3893093724706,0.00737118284256892,0.110280378255723,"EOAD_vs_CN",78,"study_4"
"NXPH3",-0.14506897330707,0.109210786073286,1.7644851543957,0.224230208906692,0.452195010003777,"EOAD_vs_CN",57,"study_4"
"OLFM2",0.130045298230873,0.0974948721872745,1.77920406186385,0.264632810050842,0.502347052407225,"EOAD_vs_CN",56,"study_4"
"OLFML3",-0.136335297437716,0.0403577697378511,11.4120142077452,0.00730028765447248,0.110280378255723,"EOAD_vs_CN",79,"study_4"
"OSMR",0.0746481034693813,0.0857002822096953,0.758705186116721,0.411450362845849,0.627139968358421,"EOAD_vs_CN",68,"study_4"
"OXT",-0.103757391238863,0.0706162308195103,2.15888257645065,0.179626474354579,0.41798788651348,"EOAD_vs_CN",41,"study_4"
"P4HB",0.000512166912652212,0.0356317887059623,0.000206608311371898,0.988878168223217,0.996043952050922,"EOAD_vs_CN",79,"study_4"
"PAMR1",-0.0540195451729701,0.161887055153925,0.111346764146924,0.75374820335047,0.848182285924621,"EOAD_vs_CN",62,"study_4"
"PBXIP1",-0.0696012412210623,0.12020854491363,0.335245756111453,0.581443431174287,0.734430468006213,"EOAD_vs_CN",74,"study_4"
"PCDH1",-0.149529002574348,0.0207334736653536,52.0123808430873,1.75438608604365e-09,9.75438663840272e-07,"EOAD_vs_CN",79,"study_4"
"PCDH10",-0.0553625775042947,0.0595559180266026,0.864137307932626,0.378121348575445,0.605865907227514,"EOAD_vs_CN",79,"study_4"
"PCDH17",0.0289060800385306,0.103877336011839,0.0774349094707285,0.789428615046353,0.870877599138437,"EOAD_vs_CN",79,"study_4"
"PCDH7",-0.0747581537700253,0.0632876922286147,1.39533541099005,0.252071513873071,0.4883307028858,"EOAD_vs_CN",54,"study_4"
"PCDH9",-0.0280113903135844,0.0824096721152042,0.115534837468831,0.744073999568602,0.840010444183031,"EOAD_vs_CN",79,"study_4"
"PCDHAC2",-0.14644626100261,0.0572098490616268,6.55261983327553,0.0292567514047358,0.20590827570928,"EOAD_vs_CN",78,"study_4"
"PCDHGC3",0.0424420473264897,0.0807520441766211,0.276239386395155,0.615398985270269,0.754853559794102,"EOAD_vs_CN",64,"study_4"
"PCDHGC5",-0.425703311174508,0.0896615475371711,22.5424749397478,0.000947847805372409,0.0351335586524706,"EOAD_vs_CN",79,"study_4"
"PCMT1",-0.0846605340980036,0.110905383941757,0.582715739331051,0.470337189835325,0.663724562305687,"EOAD_vs_CN",79,"study_4"
"PCP4",-0.135664941725487,0.0895081086542417,2.29726187118224,0.170613564473014,0.413905821317566,"EOAD_vs_CN",55,"study_4"
"PCSK9",-0.124686006558586,0.196154883064451,0.40405192797031,0.547336279673525,0.712690799762248,"EOAD_vs_CN",67,"study_4"
"PCYOX1",0.0181194309376043,0.193785461529167,0.00874272312355116,0.928780109993164,0.958073731273097,"EOAD_vs_CN",65,"study_4"
"PDGFRB",-0.0502508917923148,0.0962204339165569,0.272742567738073,0.624750842360311,0.760090740377097,"EOAD_vs_CN",61,"study_4"
"PDIA3",0.0859664438397969,0.063030025785419,1.8602141939957,0.216903627459446,0.447489487448802,"EOAD_vs_CN",79,"study_4"
"PDIA4",0.180635130108622,0.111822069657396,2.60945240645405,0.194615626930133,0.426849264588378,"EOAD_vs_CN",52,"study_4"
"PDIA6",-0.151494487703153,0.0731395021619456,4.29031976249597,0.0747742372072041,0.279962800587242,"EOAD_vs_CN",74,"study_4"
"PDYN",-0.314567148380007,0.0942983592452826,11.1280343682675,0.0109119417366694,0.128043108382428,"EOAD_vs_CN",78,"study_4"
"PEA15",0.503088594629934,0.0412755502357353,148.560448012176,2.73312659271256e-12,3.03923677109637e-09,"EOAD_vs_CN",53,"study_4"
"PGAM1",0.422044778557422,0.164499200345092,6.58247898169817,0.0378288953172436,0.22257000842738,"EOAD_vs_CN",76,"study_4"
"PGM1",0.229744391383077,0.234476901297602,0.960040830180687,0.362627646553368,0.596419417390456,"EOAD_vs_CN",65,"study_4"
"PGRMC1",0.0821162120807726,0.0888241503651583,0.854664551647639,0.391292334691295,0.614277259779261,"EOAD_vs_CN",57,"study_4"
"PIANP",-0.153878211126932,0.10064975113171,2.3373774347036,0.167744754843971,0.409960807442848,"EOAD_vs_CN",79,"study_4"
"PIGR",0.572507062859186,0.145533894227568,15.4750975992248,0.00454886655276049,0.0872127518391322,"EOAD_vs_CN",73,"study_4"
"PILRA",-0.0272265603242792,0.162140247370527,0.0281970642318663,0.87253410595122,0.923185192451395,"EOAD_vs_CN",77,"study_4"
"PITHD1",0.0728508233258003,0.0583901062954858,1.55664792449887,0.272388531171048,0.509926004481828,"EOAD_vs_CN",43,"study_4"
"PLA2G15",-0.0380709201798375,0.0800053475925907,0.226437689597249,0.646965047700181,0.776916990326783,"EOAD_vs_CN",78,"study_4"
"PLBD2",-0.165595939605414,0.167131571872321,0.981708094654505,0.354371966571073,0.59079704171969,"EOAD_vs_CN",79,"study_4"
"PLD4",0.29600122972198,0.436367263742854,0.460132284403242,0.565689893160938,0.727411255204692,"EOAD_vs_CN",62,"study_4"
"PLEKHB1",0.017684898945034,0.12959115468969,0.018623205943847,0.909497283922827,0.94608136550251,"EOAD_vs_CN",45,"study_4"
"PLOD1",-0.124796872519349,0.0382636873628632,10.6373577332231,0.00444510439967773,0.0867185279375725,"EOAD_vs_CN",75,"study_4"
"PLXDC1",-0.213206660910836,0.0876989997397546,5.91033717279731,0.0410713581439038,0.23096129914898,"EOAD_vs_CN",78,"study_4"
"PLXNA1",0.0231085161897866,0.0621977222501277,0.138036887753772,0.718128404883414,0.822408636694496,"EOAD_vs_CN",72,"study_4"
"PLXNB2",-0.0578456937654881,0.068231853837138,0.718733232477781,0.425685862797979,0.633001456785369,"EOAD_vs_CN",79,"study_4"
"PON3",0.369938432350929,0.254403147946368,2.11453044218184,0.197595020918446,0.4284750795659,"EOAD_vs_CN",78,"study_4"
"PPP5C",0.132021492150527,0.105072514281416,1.57874149787008,0.264726054595894,0.502347052407225,"EOAD_vs_CN",73,"study_4"
"PRAP1",0.140829928438532,0.152188305961613,0.856302775161168,0.384026789662343,0.609183723401606,"EOAD_vs_CN",73,"study_4"
"PRDX2",0.244751299540508,0.167593320712776,2.13273354783123,0.190849829359574,0.426283493009268,"EOAD_vs_CN",79,"study_4"
"PRDX5",-0.0734106325793906,0.202899420606004,0.130905025328912,0.738421045164748,0.836900327887312,"EOAD_vs_CN",51,"study_4"
"PRDX6",0.255293891652038,0.173260903668919,2.17109934821548,0.188641711997818,0.426283493009268,"EOAD_vs_CN",76,"study_4"
"PRKAR1A",0.329382221329941,0.0686222558206981,23.0393555568734,0.00133025876679735,0.0379294294532987,"EOAD_vs_CN",61,"study_4"
"PRL",-0.0682052042799111,0.195458517234265,0.121765940720759,0.741056364898553,0.838305877687885,"EOAD_vs_CN",51,"study_4"
"PRND",-0.103291841429148,0.276283290101196,0.139772843827177,0.722981226597328,0.826264258968375,"EOAD_vs_CN",54,"study_4"
"PROC",0.17164787829284,0.100782836641681,2.90070606741665,0.132727632903199,0.365759012618978,"EOAD_vs_CN",79,"study_4"
"PROZ",0.424631270001827,0.420536029234719,1.01957112116405,0.355964003487061,0.592470383049134,"EOAD_vs_CN",72,"study_4"
"PRRG1",-0.313964588049135,0.359581536852995,0.762371346869625,0.42840184086156,0.63433135424508,"EOAD_vs_CN",47,"study_4"
"PRSS23",0.210074494633295,0.177141244051805,1.40639487183869,0.297260914116085,0.532293295486452,"EOAD_vs_CN",60,"study_4"
"PSAT1",0.0464863743674844,0.0487312811926684,0.909988055167899,0.366778429966085,0.598472937914771,"EOAD_vs_CN",78,"study_4"
"PTPRK",-0.0853117977943336,0.0907090299137275,0.884539320179359,0.383731687026348,0.609183723401606,"EOAD_vs_CN",78,"study_4"
"PTPRM",-0.0426147871915861,0.0713149290545549,0.357075241866477,0.56680372567939,0.727411255204692,"EOAD_vs_CN",78,"study_4"
"PTPRT",0.00310088812566356,0.124671201826266,0.000618642715923455,0.981197188948699,0.992803707107328,"EOAD_vs_CN",46,"study_4"
"PVALB",0.00184589176793715,0.09262602928294,0.000397142506085999,0.984629632462638,0.993564565606582,"EOAD_vs_CN",79,"study_4"
"PVR",0.00909503767520015,0.0847260568069634,0.0115232508365717,0.91752266807219,0.951758588522645,"EOAD_vs_CN",79,"study_4"
"PXDN",0.106469524319246,0.117702311829376,0.818239877636227,0.395699917599474,0.618872444965703,"EOAD_vs_CN",49,"study_4"
"PZP",0.510450936884324,0.317310121695297,2.5878563139475,0.147910817004097,0.383395870649313,"EOAD_vs_CN",79,"study_4"
"QPCT",-0.0211885055048944,0.0997854828597317,0.045088514249271,0.837828119946101,0.905408036326593,"EOAD_vs_CN",79,"study_4"
"RAD23B",0.160735605127631,0.0946776862443522,2.88223181097965,0.142390368470742,0.372560211151682,"EOAD_vs_CN",48,"study_4"
"RCN1",0.0126908549695601,0.127346457615342,0.0099313439874029,0.923551388478847,0.954450877312711,"EOAD_vs_CN",69,"study_4"
"RCN2",0.0379114287343381,0.0640014325859159,0.350881857031895,0.567956454602692,0.727411255204692,"EOAD_vs_CN",68,"study_4"
"RECK",-0.15032663313491,0.250302710912445,0.36069552547082,0.589355997177197,0.737919074698424,"EOAD_vs_CN",55,"study_4"
"RGMA",-0.236543109815395,0.10220305782715,5.35664450023219,0.0530466561620014,0.244309825422506,"EOAD_vs_CN",78,"study_4"
"RGMB",-0.225485653851833,0.0929192658550774,5.88879304783127,0.0457123205424042,0.23096129914898,"EOAD_vs_CN",79,"study_4"
"RIDA",0.166021996062278,0.0952869352561351,3.03573979953875,0.130054038266038,0.362080618906046,"EOAD_vs_CN",54,"study_4"
"RNF13",0.0149294810030618,0.0955697269434736,0.0244033096516913,0.880113035791847,0.926908722441131,"EOAD_vs_CN",79,"study_4"
"ROBO2",-0.223867549686093,0.129955089250798,2.96753402975846,0.135023383961738,0.368082418651957,"EOAD_vs_CN",54,"study_4"
"ROBO4",-0.188749392336325,0.17016002350328,1.23042756080746,0.312597988788512,0.545696960020134,"EOAD_vs_CN",40,"study_4"
"RTBDN",-0.296005516218981,0.0835545319809522,12.5504583576084,0.0222588531834516,0.182474995609729,"EOAD_vs_CN",50,"study_4"
"RTN4RL1",0.161208188110225,0.114601714032305,1.97875473548588,0.27312660976164,0.510448386646964,"EOAD_vs_CN",39,"study_4"
"S100A6",0.3147731039911,0.223124317111838,1.99022155169732,0.203289886160191,0.433061979712898,"EOAD_vs_CN",77,"study_4"
"SAA1",-0.070191771403449,0.420964329349842,0.0278023695017311,0.873381161758943,0.923185192451395,"EOAD_vs_CN",67,"study_4"
"SAA4",0.526958629512885,0.339210808569191,2.41331314070271,0.167172309184644,0.409960807442848,"EOAD_vs_CN",79,"study_4"
"SCGB1A1",-0.455648354193671,0.439656945509143,1.07406789479988,0.371014291480702,0.600611151561447,"EOAD_vs_CN",46,"study_4"
"SCN3B",-0.219191035333751,0.09807122497676,4.99530920826397,0.0587711335291346,0.250396553580068,"EOAD_vs_CN",66,"study_4"
"SCN4B",-0.118611597928837,0.0508297492686237,5.44525695758474,0.0412856650840971,0.23096129914898,"EOAD_vs_CN",79,"study_4"
"SCPEP1",-0.0198352455879816,0.0939520700091882,0.044572034465252,0.841223851095197,0.905787018669458,"EOAD_vs_CN",54,"study_4"
"SCUBE1",-0.0727986446872499,0.0972433285604855,0.560437201854,0.51422405015743,0.690185363389044,"EOAD_vs_CN",48,"study_4"
"SELENOM",-0.11677619546745,0.0812185378728506,2.06727527371343,0.186704866144805,0.424572210946879,"EOAD_vs_CN",79,"study_4"
"SEMA3B",-0.0624527055373454,0.162244551177455,0.148170679992627,0.71219047792789,0.819866269606406,"EOAD_vs_CN",77,"study_4"
"SEMA3C",-0.0617067977390988,0.154524582625571,0.159467013308308,0.701874014450854,0.814522701416346,"EOAD_vs_CN",70,"study_4"
"SEMA3F",-0.18151653417693,0.11595643645283,2.4504320314997,0.1796513597232,0.41798788651348,"EOAD_vs_CN",63,"study_4"
"SEMA6B",-0.0801573780538201,0.15520222583649,0.266741823126053,0.628779342321739,0.764155878318878,"EOAD_vs_CN",60,"study_4"
"SERPINA10",0.342223841053166,0.229410927165537,2.22531923885841,0.181052721825335,0.419438805562026,"EOAD_vs_CN",74,"study_4"
"SERPINB1",0.215808521214545,0.258149803632406,0.698865464388454,0.46267525597916,0.657525766797822,"EOAD_vs_CN",62,"study_4"
"SERPINE2",-0.535545656177706,0.15836577230358,11.4359001848156,0.009176570661551,0.121480316376723,"EOAD_vs_CN",79,"study_4"
"SF3A1",-0.17861702928748,0.150921667370373,1.40069163432574,0.276254884251985,0.514341249749289,"EOAD_vs_CN",75,"study_4"
"SFRP1",-0.168665287304591,0.168447047442697,1.00259287700089,0.404066667591762,0.624157396104564,"EOAD_vs_CN",47,"study_4"
"SFRP4",0.139495560303121,0.125724546655945,1.23106395249716,0.299207588368785,0.533489685663576,"EOAD_vs_CN",79,"study_4"
"SGCE",-0.119938581846127,0.0326974199030623,13.4552214435907,0.00546888897584705,0.0977482329756846,"EOAD_vs_CN",79,"study_4"
"SH3BGRL",0.243089867688499,0.0480559737731815,25.5881536955048,0.000253670585632265,0.0192288530205769,"EOAD_vs_CN",75,"study_4"
"SH3BGRL3",0.153341058988179,0.0630333510224986,5.91801585593032,0.0387119822864827,0.223045203640253,"EOAD_vs_CN",70,"study_4"
"SHBG",0.280808828192403,0.20087620117619,1.95417989555004,0.203183906294104,0.433061979712898,"EOAD_vs_CN",79,"study_4"
"SIGLEC14",-0.119241792531045,0.206667009137091,0.33290068070153,0.584021939763482,0.735484028331815,"EOAD_vs_CN",71,"study_4"
"SIL1",0.00528252107925287,0.0826153869328854,0.00408846792515338,0.950753921626316,0.973515986048309,"EOAD_vs_CN",75,"study_4"
"SLC24A2",-0.0585743715627025,0.0455937800602497,1.65045647487021,0.227192240430742,0.454384480861485,"EOAD_vs_CN",48,"study_4"
"SLC38A10",-0.0239091289317308,0.0553490351747844,0.186598177789087,0.677379356918994,0.798776081541804,"EOAD_vs_CN",79,"study_4"
"SLC39A12",-0.0900607035682413,0.139798150730106,0.415018845321351,0.531960338424141,0.703376808950827,"EOAD_vs_CN",63,"study_4"
"SLC3A2",-0.0932507628421293,0.0993401445839739,0.88116088617353,0.382685828942151,0.609183723401606,"EOAD_vs_CN",79,"study_4"
"SLITRK5",-0.298223677268607,0.205989409956426,2.09601533058585,0.201365659066391,0.432275314443681,"EOAD_vs_CN",62,"study_4"
"SLPI",0.383382476285688,0.0923061944440773,17.2505451228542,0.00203491609759837,0.055190895134863,"EOAD_vs_CN",79,"study_4"
"SMPD1",-0.107465806309197,0.11300785584756,0.904322493244163,0.382460662724648,0.609183723401606,"EOAD_vs_CN",66,"study_4"
"SMPDL3A",-0.0209105463785804,0.119807648562045,0.0304622285840004,0.866132676805495,0.920434767328999,"EOAD_vs_CN",57,"study_4"
"SMPDL3B",0.108495439626242,0.158382671180421,0.469253630580735,0.514535671087696,0.690185363389044,"EOAD_vs_CN",75,"study_4"
"SNCG",0.129975031041663,0.126848112744311,1.04990943706224,0.337335139809496,0.572840455749051,"EOAD_vs_CN",66,"study_4"
"SNED1",-0.105289692576536,0.0771495037296167,1.86253928501214,0.210194934458482,0.439089440775495,"EOAD_vs_CN",78,"study_4"
"SORCS1",-0.235729707384306,0.149968614819775,2.47074470844992,0.161987583793686,0.402812247312876,"EOAD_vs_CN",79,"study_4"
"SORL1",0.0538621031766588,0.0885793183701061,0.369744691080251,0.563064615474621,0.726366418106472,"EOAD_vs_CN",79,"study_4"
"SORT1",-0.0856539272316752,0.0787783579626338,1.18217211721764,0.308339372640257,0.54080975138165,"EOAD_vs_CN",79,"study_4"
"SPINK5",0.299497210663458,0.108529297645098,7.61537999978778,0.0318130747145895,0.211833168159422,"EOAD_vs_CN",52,"study_4"
"SPINT1",-0.0331549133520586,0.0789693763709863,0.176269989152777,0.684199721727725,0.801717692899083,"EOAD_vs_CN",79,"study_4"
"SPON2",-0.218659237674437,0.196166659872128,1.24246814956444,0.324010986027265,0.559534533532764,"EOAD_vs_CN",70,"study_4"
"SRGN",0.15616588967164,0.103271993604637,2.28668971073189,0.210754159615759,0.439089440775495,"EOAD_vs_CN",49,"study_4"
"SSC5D",-0.00916534489444309,0.0745055810817287,0.0151328250781913,0.905562890162337,0.944639712814746,"EOAD_vs_CN",79,"study_4"
"SST",-0.709712405530834,0.175061663444349,16.4354913279567,0.00508823835586739,0.0927560828151564,"EOAD_vs_CN",78,"study_4"
"ST3GAL6",-0.0351052833852981,0.147616526127458,0.0565555206374831,0.81965567300409,0.891836700959441,"EOAD_vs_CN",60,"study_4"
"ST6GALNAC1",-0.154489004147739,0.0642243152089984,5.78623652955593,0.0339495511521878,0.217196409003323,"EOAD_vs_CN",76,"study_4"
"ST8SIA3",-0.331367556538535,0.102194104640786,10.5140075539797,0.0135448116704229,0.131865581356783,"EOAD_vs_CN",79,"study_4"
"ST8SIA5",-0.243841763839649,0.072082473191714,11.4434459864909,0.00667669860879311,0.110280378255723,"EOAD_vs_CN",66,"study_4"
"STMN3",-0.0546492228457467,0.0570988878454504,0.916036296200281,0.36364421312116,0.596419417390456,"EOAD_vs_CN",64,"study_4"
"SYT1",0.35638851979895,0.107652898155294,10.9596316907508,0.0586256738745567,0.250396553580068,"EOAD_vs_CN",44,"study_4"
"TAC1",-0.339097432730417,0.049032895661397,47.8270859534499,1.82194344773846e-06,0.000675333704628388,"EOAD_vs_CN",38,"study_4"
"TAC3",-0.211594844365337,0.228423254455946,0.858083465540055,0.436215746162013,0.640781915101927,"EOAD_vs_CN",48,"study_4"
"TAGLN3",0.303062281611173,0.118254154917893,6.56796695913584,0.0695981265020161,0.269973336530036,"EOAD_vs_CN",66,"study_4"
"TBCA",0.256494860245532,0.115645819538637,4.9192337266832,0.0802034722070898,0.285498544130573,"EOAD_vs_CN",65,"study_4"
"TCN2",-0.0853630941768948,0.17566175519086,0.236148864497782,0.643426397770595,0.77350286953611,"EOAD_vs_CN",79,"study_4"
"TFRC",0.0355681518485644,0.10737706997131,0.109723461684142,0.750664928641882,0.846591684228978,"EOAD_vs_CN",78,"study_4"
"THBS1",-0.392766777302224,0.199719786040458,3.86747314159714,0.0879377938654285,0.293101131076586,"EOAD_vs_CN",55,"study_4"
"THBS2",-0.133783232980573,0.0464184128120669,8.30659049166663,0.0165226534430301,0.151503701098424,"EOAD_vs_CN",79,"study_4"
"THBS4",0.00521907398948951,0.0883589493515512,0.0034888783055211,0.954528021100755,0.976481287455418,"EOAD_vs_CN",79,"study_4"
"THSD4",-0.155538572982564,0.110516842597925,1.98070264934535,0.226165652587844,0.453146316536366,"EOAD_vs_CN",52,"study_4"
"TIE1",-0.0885906267939074,0.146687136302785,0.364746798387228,0.574804718952013,0.73228011256192,"EOAD_vs_CN",62,"study_4"
"TMED4",-0.000768357969567646,0.22298348986429,1.18735827692494e-05,0.997780830127223,0.999396703668236,"EOAD_vs_CN",47,"study_4"
"TMEFF1",-0.0108898595214253,0.106147662393539,0.0105250383239683,0.922574577913745,0.954450877312711,"EOAD_vs_CN",49,"study_4"
"TMEM132C",-0.0779410901726054,0.0847829124876565,0.845115932059844,0.390649600949754,0.614277259779261,"EOAD_vs_CN",79,"study_4"
"TMEM132D",-0.187489345707805,0.0997294671129789,3.53432261841097,0.0971499662810791,0.310433225587816,"EOAD_vs_CN",79,"study_4"
"TMEM132E",-0.214225546877779,0.0914855348480341,5.48324507878828,0.051854907835797,0.244309825422506,"EOAD_vs_CN",61,"study_4"
"TMEM25",-0.0812068508311441,0.11126081144316,0.53272231862002,0.49317456893488,0.679566444430715,"EOAD_vs_CN",68,"study_4"
"TMSB4X",0.122325373044185,0.11035456862797,1.22871868558271,0.30500057077604,0.536646573897083,"EOAD_vs_CN",79,"study_4"
"TNC",0.0744957658491012,0.0676963504577284,1.21096799695358,0.301023238301036,0.53472498560823,"EOAD_vs_CN",51,"study_4"
"TNFRSF12A",0.0393889291347733,0.057313722984764,0.472314313514166,0.509960584841963,0.687847521394846,"EOAD_vs_CN",70,"study_4"
"TNFRSF19",0.0727668729399378,0.116316940895659,0.391364546414921,0.560331440556205,0.723680095120209,"EOAD_vs_CN",51,"study_4"
"TPBG",-0.123314983164157,0.0920657967554181,1.7940521536817,0.231777171173772,0.459422841970115,"EOAD_vs_CN",63,"study_4"
"TPPP3",0.182691270987742,0.117259800944382,2.42737731642059,0.198827420227934,0.429312798628083,"EOAD_vs_CN",59,"study_4"
"TTR",0.0589250053801216,0.0953646178601186,0.381790146847234,0.552890877881475,0.717403332793699,"EOAD_vs_CN",79,"study_4"
"TXNDC17",0.0228181110564742,0.0636643587644168,0.12845962228865,0.724927550885309,0.827638025240723,"EOAD_vs_CN",78,"study_4"
"TYRO3",-0.112453313731562,0.0464112195195219,5.87081715555298,0.038571200435896,0.223045203640253,"EOAD_vs_CN",79,"study_4"
"UCHL1",0.754062428139496,0.114247506581066,43.5633373630033,0.000259382010169652,0.0192288530205769,"EOAD_vs_CN",63,"study_4"
"UNC5A",-0.153956548538623,0.11024073088245,1.95034824962382,0.202355237701044,0.433061979712898,"EOAD_vs_CN",76,"study_4"
"UNC5B",-0.129950099586285,0.0552745274571609,5.52717424961314,0.048304199934392,0.235588904943175,"EOAD_vs_CN",73,"study_4"
"UNC5C",-0.0231359169169014,0.165768233312185,0.0194791864294672,0.89420660992473,0.938568706280508,"EOAD_vs_CN",61,"study_4"
"VAPA",0.0504324544295116,0.0605400879511331,0.693959482409492,0.428202278928981,0.63433135424508,"EOAD_vs_CN",76,"study_4"
"VASN",0.103991540069176,0.0690677540803504,2.26696780239655,0.177011894677841,0.417913432869976,"EOAD_vs_CN",79,"study_4"
"VCAM1",0.0683392906999458,0.0908098153905634,0.566337537642516,0.476560287398081,0.665216955535511,"EOAD_vs_CN",79,"study_4"
"VCL",0.21168013919445,0.117751368125163,3.23167963341233,0.136347763360736,0.368082418651957,"EOAD_vs_CN",72,"study_4"
"VIM",0.581731537461072,0.413297542588722,1.98116009481121,0.204899310872655,0.435655896157537,"EOAD_vs_CN",78,"study_4"
"VLDLR",-0.0398306702196907,0.075855786207176,0.275713353457542,0.61125451146131,0.75189714241701,"EOAD_vs_CN",51,"study_4"
"VWA1",0.0728412905089115,0.0546657819327926,1.77551413363707,0.207911489855242,0.438121446854399,"EOAD_vs_CN",79,"study_4"
"VWC2",-0.228792890002999,0.147952383745503,2.39133882428073,0.191953028439021,0.426283493009268,"EOAD_vs_CN",72,"study_4"
"VWF",-0.0336280719631858,0.0784957196826263,0.183532079347593,0.679441255484904,0.800236004896386,"EOAD_vs_CN",70,"study_4"
"WBP2",-0.0662497436288083,0.093070263307362,0.506694883398647,0.499518767331946,0.681244010832993,"EOAD_vs_CN",79,"study_4"
"WDR1",0.263475124782049,0.121935419319039,4.66895282178966,0.0670631652623872,0.268252661049549,"EOAD_vs_CN",65,"study_4"
"WSCD1",-0.222413124298904,0.101138378693024,4.83602844732253,0.0635898153979034,0.260923570984576,"EOAD_vs_CN",76,"study_4"
"XXYLT1",-0.240422609720669,0.147405239739305,2.66026420634534,0.150224826943163,0.386689832316661,"EOAD_vs_CN",79,"study_4"
"XYLT1",-0.100802688927464,0.114978132238703,0.768623635949915,0.41830510673762,0.631146918171279,"EOAD_vs_CN",60,"study_4"
"YWHAB",0.722228605627878,0.123458771573873,34.222006440028,0.000234356077570508,0.0192288530205769,"EOAD_vs_CN",42,"study_4"
"YWHAE",0.529226295217453,0.112521660096359,22.1212960043837,0.00399683633732463,0.0820628758035189,"EOAD_vs_CN",76,"study_4"
"YWHAG",0.85890640247546,0.11984213127633,51.3656315596113,0.000226805822666096,0.0192288530205769,"EOAD_vs_CN",79,"study_4"
"YWHAH",0.454901684385594,0.0900905902732457,25.4962450733332,0.000616849534316574,0.0275384874999853,"EOAD_vs_CN",54,"study_4"
"ARF3",0.281712821540891,0.130110547099211,4.68800666805018,0.0728203900972559,0.275429502680777,"EOAD_vs_CN",56,"study_4"
"IGLC2",0.327531654297303,0.226379958195493,2.09329582240224,0.190858994680328,0.426283493009268,"EOAD_vs_CN",79,"study_4"
"SAE1",0.292400311295344,0.257465363242457,1.28978712611396,0.303002052947848,0.535886110085807,"EOAD_vs_CN",64,"study_4"
"SUMO3",0.356621391612415,0.100650812630114,12.5539446496297,0.0113082330537008,0.129636651089848,"EOAD_vs_CN",59,"study_4"
"P0DOX5",0.175444669794768,0.127164819778025,1.90347157856711,0.196379562750098,0.4284750795659,"EOAD_vs_CN",79,"study_4"
"P0DOX7",0.317075766772295,0.139652386990094,5.15500838799606,0.0459014812157595,0.23096129914898,"EOAD_vs_CN",62,"study_4"
"P0DOX8",0.556825421674048,0.25370479789875,4.81704549936072,0.0668795752107544,0.268252661049549,"EOAD_vs_CN",79,"study_4"
"P0DOX2",0.628704735187219,0.347216349825228,3.27863543450973,0.110493756839812,0.333883308711607,"EOAD_vs_CN",79,"study_4"
"ACTG2",0.331895373747638,0.0735254064480143,20.3764033936671,0.00141376025481468,0.0393025350838481,"EOAD_vs_CN",70,"study_4"
"P0DOX3",-0.0961666897347309,0.175136410928732,0.301506335946675,0.594612377384884,0.739607341892607,"EOAD_vs_CN",30,"study_4"
"IGKV1-33",0.322441494285041,0.298092589851504,1.17003671484256,0.31701330215083,0.550810612487068,"EOAD_vs_CN",78,"study_4"
"AMY1A",-0.134670048330143,0.0742648249005655,3.28833238118656,0.0962944772918062,0.310375242749242,"EOAD_vs_CN",44,"study_4"
"IGLV3-10",-0.273366449249526,0.286509046172207,0.910361213086747,0.372665573716132,0.600611151561447,"EOAD_vs_CN",79,"study_4"
"PLS1",0.145476086706236,0.186621911743757,0.607656226139663,0.476778699246225,0.665216955535511,"EOAD_vs_CN",57,"study_4"
"ST13P4",0.387623453384851,0.141048870152139,7.55232845664513,0.0641913123091168,0.261219034819153,"EOAD_vs_CN",63,"study_4"
"BTBD16",0.981935458676503,0.916427823391129,1.14807260443921,0.338129667800328,0.573171022246898,"EOAD_vs_CN",70,"study_4"
"IGHV7-81",0.362751392805832,0.233518624336069,2.41309894695728,0.157946586716854,0.398268944283769,"EOAD_vs_CN",79,"study_4"
"CROT",0.466323365132085,0.210711051953007,4.89778505958307,0.0594023974681077,0.252120099177617,"EOAD_vs_CN",79,"study_4"
"HYDIN",0.0813426026541482,0.107498767394314,0.57257075113318,0.471657911943979,0.664095478292502,"EOAD_vs_CN",66,"study_4"
"WDR87",-0.0281896387584508,0.123900840703739,0.0517643201690022,0.831401932446246,0.90196970622461,"EOAD_vs_CN",60,"study_4"
"ZFP42",0.372060314819295,0.246151526293994,2.28466028559272,0.185640758782571,0.423685431930281,"EOAD_vs_CN",67,"study_4"
"ITPR2",0.0792202846664916,0.283257537732739,0.0782185653390849,0.795895869039633,0.877141929010973,"EOAD_vs_CN",39,"study_4"
"TATDN1",-0.10163993685285,0.055642427578834,3.33669595361982,0.112713541465198,0.339425726979791,"EOAD_vs_CN",73,"study_4"
"VAMP1",0.174395633906479,0.189615261980068,0.845910927069921,0.421412576436179,0.631837497615648,"EOAD_vs_CN",53,"study_4"
"ZBTB18",-0.0851835702565857,0.129831050882914,0.430481539517393,0.536681170042283,0.705424894901914,"EOAD_vs_CN",60,"study_4"
"TGM4",0.088521711334963,0.375480805836432,0.0555807138143594,0.832456470799609,0.902141084696114,"EOAD_vs_CN",47,"study_4"
"CLCNKB",-0.20932101105492,0.0978939243764155,4.57208367374453,0.0646494036576174,0.261418679517348,"EOAD_vs_CN",79,"study_4"
"USH2A",-0.228723529157574,0.0835063762978209,7.50209242986905,0.0238873006652075,0.189701282768126,"EOAD_vs_CN",71,"study_4"
