"Protein","Log2FC","SE","F_value","P_value","FDR","Comparison","N","Study"
"PARK7",0.139687701418958,0.163219005404391,0.732444779410915,0.400124977536089,0.925284353017862,"LOAD_vs_CN",28,"study_3_Olink"
"CXCL16",0.0770264957942408,0.150093757250571,0.263363159002666,0.612472105308379,0.940796799093607,"LOAD_vs_CN",28,"study_3_Olink"
"NCAN",-0.0208602802293996,0.0230043419463544,0.822281742531487,0.376707694051906,0.925284353017862,"LOAD_vs_CN",28,"study_3_Olink"
"DPP7",0.0333367681586623,0.110786522926016,0.0905468038993037,0.767052288844896,0.975227987850921,"LOAD_vs_CN",28,"study_3_Olink"
"ICOSLG",0.0997357758714355,0.262231179950868,0.144654944415998,0.707201366625582,0.962933495296668,"LOAD_vs_CN",28,"study_3_Olink"
"FOLR2",0.0675465022632986,0.175449625113921,0.148217963178873,0.704834005701094,0.962677023623672,"LOAD_vs_CN",28,"study_3_Olink"
"NUCB2",-0.116820210007406,0.15599571345521,0.560803397248551,0.461052507244481,0.936675522618584,"LOAD_vs_CN",28,"study_3_Olink"
"PDGFB",-0.0718124719340612,0.103594984795927,0.480531974229972,0.494679710899736,0.940796799093607,"LOAD_vs_CN",27,"study_3_Olink"
"AMBP",-0.192230782425575,0.181837948646687,1.11757536645055,0.306662257611864,0.893219476143055,"LOAD_vs_CN",27,"study_3_Olink"
"HEXA",0.0227163594790074,0.127107072818428,0.0319402293683093,0.859781365907411,0.983517184774413,"LOAD_vs_CN",28,"study_3_Olink"
"C1QA",0.0356362811267661,0.180314236918456,0.0390593234051439,0.845131544905194,0.981630805372806,"LOAD_vs_CN",28,"study_3_Olink"
"SPARCL1",0.0457242150407979,0.135117114235594,0.11451748318125,0.738341029180693,0.9719107301206,"LOAD_vs_CN",28,"study_3_Olink"
"SCG2",-0.0296366148845877,0.0514094918040421,0.332330783825728,0.569264836440995,0.940796799093607,"LOAD_vs_CN",28,"study_3_Olink"
"AXL",0.0331573622672821,0.109477271382379,0.0917301322357577,0.764525109819135,0.974943769249868,"LOAD_vs_CN",28,"study_3_Olink"
"SPON1",0.411349951545073,0.169021520911611,5.92296123627973,0.025136120071924,0.538631144398371,"LOAD_vs_CN",28,"study_3_Olink"
"SPARC",-0.0301788835513221,0.050784537242011,0.353137094701704,0.558382197533913,0.940796799093607,"LOAD_vs_CN",28,"study_3_Olink"
"LYVE1",-0.093865428317339,0.167124564647983,0.31545016182539,0.580333918717842,0.940796799093607,"LOAD_vs_CN",28,"study_3_Olink"
"CNDP1",0.0182107666098537,0.118606636626696,0.0235742820724847,0.879255717819611,0.984362800139884,"LOAD_vs_CN",28,"study_3_Olink"
"PLTP",0.284067955025883,0.443742769134137,0.409809395706784,0.536740017929027,0.940796799093607,"LOAD_vs_CN",28,"study_3_Olink"
"LGALS1",-0.00648019377686548,0.14818907526233,0.00191224533285087,0.965540673709428,0.99020151770083,"LOAD_vs_CN",28,"study_3_Olink"
"OMG",-0.0172282978145319,0.0268418312095444,0.411965131325561,0.52728617856843,0.940796799093607,"LOAD_vs_CN",28,"study_3_Olink"
"IGFBP6",-0.383515242684706,0.170209791153217,5.0768716190655,0.037960968868882,0.551046322290222,"LOAD_vs_CN",28,"study_3_Olink"
"NPPC",0.0588479689628896,0.0729857172429534,0.650110524029663,0.430691279890578,0.925284353017862,"LOAD_vs_CN",28,"study_3_Olink"
"CPE",0.0124899115605261,0.0586659846319946,0.0453258542708972,0.834138173311475,0.979259950236983,"LOAD_vs_CN",28,"study_3_Olink"
"PTN",0.0855228973243269,0.0931425393615411,0.843079759057847,0.369311771388103,0.925284353017862,"LOAD_vs_CN",28,"study_3_Olink"
"DCN",-0.0184588918439701,0.0378543080643338,0.23778290360648,0.631314937843131,0.940796799093607,"LOAD_vs_CN",27,"study_3_Olink"
"GALNT2",0.144708029511525,0.141812255342554,1.04125651465855,0.317220717122645,0.90672194231225,"LOAD_vs_CN",28,"study_3_Olink"
"CD99L2",0.0328518066508678,0.0696713226257321,0.222336316291212,0.64259214495456,0.940796799093607,"LOAD_vs_CN",28,"study_3_Olink"
"CHI3L1",-0.0401877888136006,0.0704609490790452,0.32530537972388,0.574247882144061,0.940796799093607,"LOAD_vs_CN",28,"study_3_Olink"
"FAM3C",0.0314075441070409,0.0304473236945709,1.06406879683335,0.318999654661454,0.90672194231225,"LOAD_vs_CN",28,"study_3_Olink"
"CRTAC1",0.0588396228372834,0.204021697775329,0.0831738961832683,0.775395665995137,0.978760307707746,"LOAD_vs_CN",28,"study_3_Olink"
"CTSH",0.154744376704659,0.237427738866601,0.424782717552246,0.524612884611788,0.940796799093607,"LOAD_vs_CN",28,"study_3_Olink"
"TIMP1",-0.0666633925225195,0.154163410329358,0.186987340417124,0.673186693310019,0.956236696407536,"LOAD_vs_CN",28,"study_3_Olink"
"SELL",-0.0454019490577409,0.162437308506359,0.0781227323533231,0.782802352429209,0.979259950236983,"LOAD_vs_CN",28,"study_3_Olink"
"TAFA5",-0.0104520863052331,0.0691079115210971,0.0228744382342056,0.881745481317697,0.984362800139884,"LOAD_vs_CN",28,"study_3_Olink"
"TNFRSF21",0.0117688264630615,0.0342114060906438,0.118338066696996,0.735729343458505,0.970903825678379,"LOAD_vs_CN",28,"study_3_Olink"
"IGFBP7",-0.0629030313809169,0.0847453548027588,0.550948932318427,0.467222431745716,0.940796799093607,"LOAD_vs_CN",28,"study_3_Olink"
"SEZ6L2",0.104612810230109,0.0656018142307118,2.54295126706413,0.124427514752997,0.805645778976238,"LOAD_vs_CN",28,"study_3_Olink"
"KIT",0.0421756903019834,0.159302893612241,0.0700933908678562,0.794540394086856,0.979259950236983,"LOAD_vs_CN",28,"study_3_Olink"
"HSPG2",0.0494415806432151,0.0724751999064586,0.465378000641857,0.502989364874275,0.940796799093607,"LOAD_vs_CN",28,"study_3_Olink"
"IGFBP2",-0.16440309827753,0.173696551730902,0.895854752673927,0.360711421764769,0.925284353017862,"LOAD_vs_CN",28,"study_3_Olink"
"PRELP",-0.183983802778899,0.0905493930304786,4.12846013338367,0.0569821763710331,0.624049936805191,"LOAD_vs_CN",27,"study_3_Olink"
"ALCAM",0.0470165018376196,0.149884516598897,0.0983981839934565,0.756547730780509,0.974943769249868,"LOAD_vs_CN",28,"study_3_Olink"
"WFIKKN2",-0.545106560357282,0.182192247401032,8.95164872426031,0.00604174998976188,0.280199933898279,"LOAD_vs_CN",28,"study_3_Olink"
"TGFBI",-0.0134107466847952,0.224424421290012,0.00357080135162355,0.953268582879646,0.99020151770083,"LOAD_vs_CN",28,"study_3_Olink"
"DNER",-0.000865064749371314,0.0382874438361024,0.000510486762736938,0.982156221200905,0.993231584336018,"LOAD_vs_CN",28,"study_3_Olink"
"CDH2",-0.0173949333868966,0.134424846579321,0.0167450497039352,0.898393060556251,0.984597994617541,"LOAD_vs_CN",28,"study_3_Olink"
"ICAM5",0.0745625208042728,0.0856081244198657,0.758597138033289,0.39243157347,0.925284353017862,"LOAD_vs_CN",28,"study_3_Olink"
"MOG",-0.045936151067405,0.0236308771124052,3.7787618604712,0.0628142672736426,0.639511445117484,"LOAD_vs_CN",28,"study_3_Olink"
"COL18A1",-0.0125795306944791,0.197036130586661,0.00407602780483235,0.949982103345204,0.99020151770083,"LOAD_vs_CN",28,"study_3_Olink"
"RTN4R",0.00617470512281959,0.12380729636869,0.0024873675550662,0.960821383776553,0.99020151770083,"LOAD_vs_CN",28,"study_3_Olink"
"COCH",-0.0707641228859992,0.178878665407699,0.15649813414064,0.695783623754543,0.960923552177744,"LOAD_vs_CN",28,"study_3_Olink"
"CD59",0.06755923537982,0.135331363466365,0.249214057819984,0.622847929393119,0.940796799093607,"LOAD_vs_CN",28,"study_3_Olink"
"TGFBR3",0.100314112998978,0.277880613139016,0.130318951702083,0.724345888451425,0.964696393697131,"LOAD_vs_CN",28,"study_3_Olink"
"CLSTN2",0.130432175741004,0.153716901918427,0.719989614196962,0.407025875199714,0.925284353017862,"LOAD_vs_CN",28,"study_3_Olink"
"L1CAM",0.249159919916728,0.099574863859245,6.26119057199666,0.0192530437314527,0.45661108430528,"LOAD_vs_CN",28,"study_3_Olink"
"APLP1",0.0341373621843957,0.080406102136625,0.180252750852258,0.674678113576428,0.956236696407536,"LOAD_vs_CN",28,"study_3_Olink"
"BCAN",-0.00842101561278952,0.0300110356538038,0.078734845480277,0.78384242885887,0.979259950236983,"LOAD_vs_CN",28,"study_3_Olink"
"NBL1",0.119065591630434,0.0903375788684197,1.73714333673956,0.206125278152165,0.860265971762348,"LOAD_vs_CN",28,"study_3_Olink"
"SOD1",0.139145164622157,0.0502553704066375,7.66604353541136,0.0103039301414186,0.356674504895258,"LOAD_vs_CN",28,"study_3_Olink"
"COL1A1",0.0145363764504078,0.128922192675038,0.0127132608030962,0.911783653278085,0.984597994617541,"LOAD_vs_CN",28,"study_3_Olink"
"DDR1",-0.0808257881694061,0.137336539312367,0.34635997326338,0.563139649293648,0.940796799093607,"LOAD_vs_CN",28,"study_3_Olink"
"TPP1",-0.0450615209484733,0.106636029995013,0.178568050060937,0.678084594827932,0.958524862185413,"LOAD_vs_CN",28,"study_3_Olink"
"CTSL",0.00536253292256816,0.0731324132110533,0.00537675359451626,0.942152259165905,0.99020151770083,"LOAD_vs_CN",27,"study_3_Olink"
"KLK6",-0.0136197450235604,0.0435488150278673,0.0978104528973409,0.758106830282865,0.974943769249868,"LOAD_vs_CN",28,"study_3_Olink"
"PCOLCE",-0.103589931292924,0.177744085197672,0.339660289047783,0.569637414040292,0.940796799093607,"LOAD_vs_CN",28,"study_3_Olink"
"NRCAM",0.00735919332339918,0.0332496307383507,0.0489876685404558,0.828103107301581,0.979259950236983,"LOAD_vs_CN",28,"study_3_Olink"
"SERPINA7",-0.157889664096039,0.203627230410174,0.601223147543851,0.449019252798551,0.930295636833279,"LOAD_vs_CN",28,"study_3_Olink"
"CNTN2",0.0341485835282098,0.0344550718064523,0.982288521874584,0.334087162241169,0.912952070776007,"LOAD_vs_CN",28,"study_3_Olink"
"NCAM1",0.139889821398862,0.17475009417363,0.640821972585015,0.432024899642476,0.925284353017862,"LOAD_vs_CN",28,"study_3_Olink"
"PTPRS",0.128245297890734,0.168186255335153,0.581435974874661,0.454273316440961,0.930375320667014,"LOAD_vs_CN",28,"study_3_Olink"
"RARRES2",-0.0697442841395919,0.173653726306372,0.161305445183686,0.693024556248918,0.960923552177744,"LOAD_vs_CN",28,"study_3_Olink"
"MASP1",0.0179498801808915,0.078816736985393,0.0518664120126886,0.823814179851941,0.979259950236983,"LOAD_vs_CN",28,"study_3_Olink"
"DPP6",0.12139673229153,0.115278836845827,1.10895729408074,0.303860554696006,0.893219476143055,"LOAD_vs_CN",28,"study_3_Olink"
"NID2",-0.142260904045288,0.104209669006053,1.86361027184351,0.189280796810986,0.860265971762348,"LOAD_vs_CN",28,"study_3_Olink"
"CPVL",-0.300286493115566,0.152147034174866,3.89533321564528,0.0680151745892753,0.651209118407955,"LOAD_vs_CN",28,"study_3_Olink"
"CHL1",0.214454232587675,0.179509860343536,1.42722559733241,0.244265626452295,0.876368716902465,"LOAD_vs_CN",28,"study_3_Olink"
"GFRA2",0.0710198970290166,0.0843151424694017,0.709494315465125,0.407462988969886,0.925284353017862,"LOAD_vs_CN",28,"study_3_Olink"
"SPP1",0.00824268287945884,0.034583347533735,0.0568071661884778,0.813995313173307,0.979259950236983,"LOAD_vs_CN",28,"study_3_Olink"
"VCAN",-0.262724830753073,0.130547196263382,4.05011303240344,0.0564265186676153,0.624049936805191,"LOAD_vs_CN",28,"study_3_Olink"
"ENO2",0.369939501760665,0.101432789091359,13.3016243801499,0.00196020660006429,0.152070200963839,"LOAD_vs_CN",28,"study_3_Olink"
"SEZ6L",0.0159616395880207,0.028762497507262,0.307965319386722,0.583791859091119,0.940796799093607,"LOAD_vs_CN",28,"study_3_Olink"
"CTSF",-0.235889115000802,0.0982556034016119,5.76369708266895,0.0275185374767855,0.542894957754385,"LOAD_vs_CN",28,"study_3_Olink"
"C2",-0.307349834775363,0.247901840161806,1.53711537610737,0.237656602847864,0.876368716902465,"LOAD_vs_CN",28,"study_3_Olink"
"PODXL2",0.02279888484445,0.0482594186202491,0.223183990603697,0.641720384186635,0.940796799093607,"LOAD_vs_CN",28,"study_3_Olink"
"PEBP1",0.279205902914217,0.123816610115915,5.08500486082985,0.0357575880744348,0.551046322290222,"LOAD_vs_CN",28,"study_3_Olink"
"CDH6",-0.0437999712504693,0.174398090926157,0.0630760077367727,0.8043249036727,0.979259950236983,"LOAD_vs_CN",28,"study_3_Olink"
"APP",0.118713021684363,0.0715242609914136,2.75479927837148,0.110179113982917,0.759169807938037,"LOAD_vs_CN",28,"study_3_Olink"
"EFEMP1",-0.0262955947649125,0.288811334465224,0.00828967549640411,0.928893796996196,0.987868778292363,"LOAD_vs_CN",28,"study_3_Olink"
"LTBP2",0.0235508336255821,0.213171709167832,0.0122054398332262,0.913495776846236,0.984597994617541,"LOAD_vs_CN",28,"study_3_Olink"
"ROBO1",-0.08448067137292,0.175122716794457,0.232717874089556,0.634416674229091,0.940796799093607,"LOAD_vs_CN",28,"study_3_Olink"
"CA1",-0.952807027760127,1.07797449797447,0.781255216406094,0.386218386965791,0.925284353017862,"LOAD_vs_CN",28,"study_3_Olink"
"THY1",0.00677564586143653,0.0280296337795759,0.0584341257409827,0.812842278251352,0.979259950236983,"LOAD_vs_CN",28,"study_3_Olink"
"ANG",-0.186117637754193,0.137292480199239,1.83772939545452,0.190626865010915,0.860265971762348,"LOAD_vs_CN",28,"study_3_Olink"
"PAM",-0.0314670190025481,0.190235517905536,0.0273607497943895,0.869995611011775,0.983517184774413,"LOAD_vs_CN",28,"study_3_Olink"
"SIRPA",0.206178664619286,0.201898199599737,1.04285169776896,0.318928303562734,0.90672194231225,"LOAD_vs_CN",28,"study_3_Olink"
"CLSTN1",0.0706301139959742,0.0539129968194649,1.71629867743063,0.203493309395698,0.860265971762348,"LOAD_vs_CN",28,"study_3_Olink"
"QDPR",0.0149493595685843,0.0997423421347757,0.0224639462671838,0.882395623943043,0.984362800139884,"LOAD_vs_CN",28,"study_3_Olink"
"FRZB",-0.0763634310253529,0.0588725596597586,1.68246109045535,0.207315218596472,0.860265971762348,"LOAD_vs_CN",28,"study_3_Olink"
"SEMA7A",0.0178490001058682,0.108700541653658,0.0269627613586497,0.870920919806097,0.983517184774413,"LOAD_vs_CN",28,"study_3_Olink"
"MCFD2",0.0169733150328675,0.0443246944666094,0.146636417818122,0.70489350952,0.962677023623672,"LOAD_vs_CN",28,"study_3_Olink"
"MAPT",1.79202576723432,0.362126696965338,24.4887948658068,0.000246566654257551,0.0825420490875417,"LOAD_vs_CN",28,"study_3_Olink"
"ATP6AP2",-0.0678870464675362,0.132843860097007,0.261150496400422,0.617783075836149,0.940796799093607,"LOAD_vs_CN",28,"study_3_Olink"
"ENPP2",-0.0315115421728578,0.0539018681424061,0.341768223869696,0.567011664539052,0.940796799093607,"LOAD_vs_CN",28,"study_3_Olink"
"SERPINA5",-0.25711882837415,0.22769545086695,1.27514347541038,0.278335394563109,0.882583984914631,"LOAD_vs_CN",28,"study_3_Olink"
"PRCP",0.0595233112745118,0.11648522091007,0.261115414634908,0.616551651754415,0.940796799093607,"LOAD_vs_CN",28,"study_3_Olink"
"LRP1",0.0353198015897598,0.0645185544864582,0.299686550758021,0.592555661389554,0.940796799093607,"LOAD_vs_CN",28,"study_3_Olink"
"MEGF9",0.150189729141271,0.154507846357286,0.944885947248993,0.340835439756376,0.912952070776007,"LOAD_vs_CN",28,"study_3_Olink"
"CSF1",0.0126234797494096,0.130604269976754,0.00934207658773144,0.923987333050539,0.987634255403955,"LOAD_vs_CN",28,"study_3_Olink"
"DKK3",0.0300817588530533,0.020716497325087,2.10850091801727,0.161621243702015,0.838217521167618,"LOAD_vs_CN",28,"study_3_Olink"
"SPOCK1",0.117737521021076,0.0915972116688285,1.6522100824079,0.210287237541907,0.860265971762348,"LOAD_vs_CN",28,"study_3_Olink"
"SMOC1",0.379516113211702,0.0926791358194691,16.7685877537764,0.000366853551500185,0.0825420490875417,"LOAD_vs_CN",28,"study_3_Olink"
"CLSTN3",0.130915784035076,0.128507515726986,1.03783178157981,0.318939602836356,0.90672194231225,"LOAD_vs_CN",28,"study_3_Olink"
"SPINT2",0.0538202023417811,0.133410415561062,0.162746320504214,0.690679686117515,0.960923552177744,"LOAD_vs_CN",28,"study_3_Olink"
"FETUB",0.0268486995568891,0.22900511315602,0.0137453610400323,0.908657597478015,0.984597994617541,"LOAD_vs_CN",28,"study_3_Olink"
"MMP2",-0.10076306448298,0.111280291479102,0.81991007901955,0.378283229146419,0.925284353017862,"LOAD_vs_CN",28,"study_3_Olink"
"MFGE8",-0.178187957277364,0.145945730446246,1.49064390738033,0.234138437442621,0.876368716902465,"LOAD_vs_CN",28,"study_3_Olink"
"FGFR2",-0.0100109518538636,0.0754924035758376,0.0175850755919965,0.895761296409259,0.984597994617541,"LOAD_vs_CN",28,"study_3_Olink"
"PRDX1",0.103476558575002,0.220500910084883,0.22022325653004,0.642849355276362,0.940796799093607,"LOAD_vs_CN",28,"study_3_Olink"
"CADM3",0.0199738264461873,0.0248248645778372,0.647364332735311,0.42957314981658,0.925284353017862,"LOAD_vs_CN",28,"study_3_Olink"
"SOD2",0.169906630290631,0.110442340385818,2.36673400679791,0.137359639976519,0.835295107965316,"LOAD_vs_CN",27,"study_3_Olink"
"CST3",-0.0198054799910681,0.0499275238756775,0.157358674315616,0.697910613295067,0.960923552177744,"LOAD_vs_CN",28,"study_3_Olink"
"COLEC12",0.0491761540136872,0.0965300088278794,0.259528124765087,0.616343239263784,0.940796799093607,"LOAD_vs_CN",28,"study_3_Olink"
"CNTN1",0.0320825086607757,0.10716848714532,0.0896194842701755,0.767458902982485,0.975227987850921,"LOAD_vs_CN",28,"study_3_Olink"
"NPY",-0.150803769265883,0.115281604892682,1.71121416096994,0.202337606395651,0.860265971762348,"LOAD_vs_CN",28,"study_3_Olink"
"SORCS2",0.105353395260036,0.0596683340776274,3.11751999327431,0.0922428185000479,0.739706557001486,"LOAD_vs_CN",28,"study_3_Olink"
"CD163",0.177252898127422,0.141407726515004,1.5712323404807,0.223657622088946,0.870865746516208,"LOAD_vs_CN",28,"study_3_Olink"
"OMD",0.0450062739890074,0.162123038536389,0.0770649054602699,0.786047669289718,0.979259950236983,"LOAD_vs_CN",28,"study_3_Olink"
"NID1",0.150218080792269,0.146232659582933,1.05525072860367,0.31936761745887,0.90672194231225,"LOAD_vs_CN",28,"study_3_Olink"
"NPTXR",0.0779118454113537,0.0307255740011762,6.42994076990187,0.017855385797647,0.455574908905806,"LOAD_vs_CN",28,"study_3_Olink"
"PPIB",0.0167929261182076,0.115033525773892,0.0213110031038226,0.885095573285168,0.984362800139884,"LOAD_vs_CN",28,"study_3_Olink"
"APOM",-0.175180411805517,0.221956335656774,0.622925333301764,0.441991729849632,0.925284353017862,"LOAD_vs_CN",28,"study_3_Olink"
"WFDC2",-0.025121243044639,0.0886352627275061,0.0803284113169057,0.779402186699017,0.979259950236983,"LOAD_vs_CN",28,"study_3_Olink"
"TNXB",-0.0351608535715597,0.0872905233811819,0.162249969620935,0.692781794290754,0.960923552177744,"LOAD_vs_CN",28,"study_3_Olink"
"DAG1",0.104630250538388,0.143667202097314,0.53039480596556,0.474743699409301,0.940796799093607,"LOAD_vs_CN",28,"study_3_Olink"
"NTRK2",0.0514055554402733,0.0920849162496203,0.311632768053088,0.581672225021654,0.940796799093607,"LOAD_vs_CN",28,"study_3_Olink"
"ADAM22",-0.0154181259802657,0.0779597713858072,0.0391130844861912,0.845211175107532,0.981630805372806,"LOAD_vs_CN",28,"study_3_Olink"
"CCN3",0.0508355533552995,0.129600656071719,0.153858222397233,0.699820443574,0.960923552177744,"LOAD_vs_CN",28,"study_3_Olink"
"CNTN4",0.120305104426099,0.165228941614708,0.530146461343039,0.474495786371941,0.940796799093607,"LOAD_vs_CN",28,"study_3_Olink"
"TNR",0.193221469761922,0.090918182674143,4.51657545629403,0.0448757424606655,0.581745853294789,"LOAD_vs_CN",28,"study_3_Olink"
"CTSD",-0.0638322216233127,0.0697542653773144,0.837410459998627,0.373522034064361,0.925284353017862,"LOAD_vs_CN",28,"study_3_Olink"
"CTSZ",-0.00625629563712327,0.098468692310125,0.00403680884585851,0.950124532085581,0.99020151770083,"LOAD_vs_CN",28,"study_3_Olink"
"CANT1",-0.00690361160007313,0.100728818556131,0.00469726670199335,0.945938218405719,0.99020151770083,"LOAD_vs_CN",28,"study_3_Olink"
"CBLN4",0.0604977412106602,0.195302058815735,0.0959543519310387,0.7593375660472,0.974943769249868,"LOAD_vs_CN",28,"study_3_Olink"
"CALR",-0.12119321148352,0.0826234964260801,2.15154012204663,0.164058457161946,0.838217521167618,"LOAD_vs_CN",28,"study_3_Olink"
"PTPRF",0.115120075430662,0.15627546203562,0.542650925208845,0.468760307966818,0.940796799093607,"LOAD_vs_CN",28,"study_3_Olink"
"VSIG4",0.14463031679134,0.170259997846787,0.721594854646453,0.408300654865431,0.925284353017862,"LOAD_vs_CN",28,"study_3_Olink"
"B4GAT1",-0.00684423615916518,0.0638992456882193,0.0114725117145631,0.915676134994313,0.984597994617541,"LOAD_vs_CN",28,"study_3_Olink"
"ACAN",0.253660780180329,0.113457445384588,4.99851093203143,0.0343069708787933,0.551046322290222,"LOAD_vs_CN",28,"study_3_Olink"
"ACP6",-0.598326812888317,0.221143178334266,7.32031612862944,0.0125870322880445,0.359816976403767,"LOAD_vs_CN",28,"study_3_Olink"
"ADA",0.0511365831997885,0.227891263187159,0.0503509954813431,0.824308399748067,0.979259950236983,"LOAD_vs_CN",28,"study_3_Olink"
"ADAM15",0.102564656966875,0.192835456630124,0.282892662105205,0.600966728662571,0.940796799093607,"LOAD_vs_CN",28,"study_3_Olink"
"ADAM23",0.0734340582434854,0.105759275690376,0.482123303435421,0.493811966741889,0.940796799093607,"LOAD_vs_CN",28,"study_3_Olink"
"ADAMTS13",-0.0118836959533049,0.0977404649330938,0.0147827169850337,0.90526882346323,0.984597994617541,"LOAD_vs_CN",27,"study_3_Olink"
"ADGRG1",0.167121791089832,0.255275978715827,0.42859417377896,0.523554419239354,0.940796799093607,"LOAD_vs_CN",28,"study_3_Olink"
"ADM",-0.127264072138806,0.221168567397865,0.331104300290965,0.572136696544416,0.940796799093607,"LOAD_vs_CN",27,"study_3_Olink"
"AGRP",0.200107363773068,0.162867965759199,1.50957535537835,0.234988919610438,0.876368716902465,"LOAD_vs_CN",27,"study_3_Olink"
"AHCY",0.162603377351565,0.135013600068514,1.45045442866188,0.244824433614176,0.876368716902465,"LOAD_vs_CN",28,"study_3_Olink"
"AIF1",0.00446256563823733,0.0644280590291371,0.00479754589748296,0.945715679121169,0.99020151770083,"LOAD_vs_CN",28,"study_3_Olink"
"AKR1B1",0.521504757953511,0.171782621512882,9.21633172519322,0.00901297753155776,0.337986657433416,"LOAD_vs_CN",28,"study_3_Olink"
"ALDH1A1",-0.0915257051196092,0.0830773258502436,1.21372738062706,0.281889579250195,0.882583984914631,"LOAD_vs_CN",28,"study_3_Olink"
"AMIGO2",0.0836156352737767,0.115323349149228,0.525703047403307,0.476011339882917,0.940796799093607,"LOAD_vs_CN",28,"study_3_Olink"
"ANGPT2",0.00827287389456588,0.191882708756999,0.00185883622461178,0.966067455473448,0.99020151770083,"LOAD_vs_CN",28,"study_3_Olink"
"ANGPTL1",-0.139587280016432,0.124736402401682,1.25229100505041,0.280232340943976,0.882583984914631,"LOAD_vs_CN",28,"study_3_Olink"
"ANGPTL3",-0.100746486110758,0.149437964991652,0.454504225744025,0.511483089225568,0.940796799093607,"LOAD_vs_CN",28,"study_3_Olink"
"ANGPTL4",0.169727931621148,0.218235865063796,0.604859336368599,0.449642891136085,0.930295636833279,"LOAD_vs_CN",28,"study_3_Olink"
"ANGPTL7",-0.244157757349587,0.245180550203232,0.991674221170284,0.330822500666115,0.912952070776007,"LOAD_vs_CN",28,"study_3_Olink"
"ANPEP",-0.0995963740245687,0.122219569047651,0.66405730551627,0.423343929492051,0.925284353017862,"LOAD_vs_CN",28,"study_3_Olink"
"ANXA1",-0.144898318838446,0.115939279265174,1.56194414976986,0.224374909471989,0.870865746516208,"LOAD_vs_CN",28,"study_3_Olink"
"AOC3",-0.0124998554440312,0.0698440324917756,0.0320295892870476,0.86081404866082,0.983517184774413,"LOAD_vs_CN",28,"study_3_Olink"
"ARG1",-0.800127104515525,0.363238383153091,4.85215311717698,0.0368272845913964,0.551046322290222,"LOAD_vs_CN",28,"study_3_Olink"
"ARSA",0.236469093754399,0.13775366669463,2.94674420892855,0.100919206593573,0.739706557001486,"LOAD_vs_CN",28,"study_3_Olink"
"ARSB",-0.0772989127017003,0.144329540553594,0.28683775316479,0.598983162724868,0.940796799093607,"LOAD_vs_CN",28,"study_3_Olink"
"B4GALT1",-0.0675367622376555,0.132460527820379,0.259960587792519,0.618580983934647,0.940796799093607,"LOAD_vs_CN",28,"study_3_Olink"
"BAG6",-0.0756217019635632,0.189004825762506,0.160083698366344,0.692783599775882,0.960923552177744,"LOAD_vs_CN",28,"study_3_Olink"
"BAMBI",0.10445326546334,0.170003742060482,0.377508801245952,0.545418076965685,0.940796799093607,"LOAD_vs_CN",28,"study_3_Olink"
"BCAM",0.0272091127151932,0.0987820752911134,0.0758704164041795,0.78543505171535,0.979259950236983,"LOAD_vs_CN",28,"study_3_Olink"
"BGN",0.140750482906963,0.0712361401674513,3.90390308387907,0.0595182789846364,0.624049936805191,"LOAD_vs_CN",28,"study_3_Olink"
"BLMH",0.262294506907035,0.113591805580566,5.33192933824129,0.0305147790669825,0.545402081544549,"LOAD_vs_CN",28,"study_3_Olink"
"BLVRB",-0.272547599289059,0.249786837880282,1.1905444683746,0.28794428990916,0.886450957506784,"LOAD_vs_CN",28,"study_3_Olink"
"BMP6",-0.164719842819014,0.168609341458396,0.954395919974972,0.3391492244329,0.912952070776007,"LOAD_vs_CN",27,"study_3_Olink"
"BOC",-0.252690657253264,0.148637008391321,2.89017711983647,0.101908539349285,0.739706557001486,"LOAD_vs_CN",27,"study_3_Olink"
"BST1",-0.0115673292789245,0.0857778406383838,0.0181851119384267,0.894485619723983,0.984597994617541,"LOAD_vs_CN",28,"study_3_Olink"
"BST2",-0.274251117079885,0.165282018246792,2.75324966938615,0.110501383155425,0.759169807938037,"LOAD_vs_CN",28,"study_3_Olink"
"BTN3A2",-0.010391081318641,0.202384837245538,0.00263612222925618,0.959623234429571,0.99020151770083,"LOAD_vs_CN",28,"study_3_Olink"
"C1QTNF1",-0.0728313651515045,0.153436293825957,0.22531012126075,0.640811936618758,0.940796799093607,"LOAD_vs_CN",28,"study_3_Olink"
"CA14",0.133999109831899,0.165290698687709,0.657214286803799,0.425743499156833,0.925284353017862,"LOAD_vs_CN",28,"study_3_Olink"
"CA2",-0.823800625981331,0.658769695977503,1.56378487841604,0.222278115729033,0.870865746516208,"LOAD_vs_CN",28,"study_3_Olink"
"CA3",-0.374814918227529,0.408857850765382,0.840405824420597,0.368496089424049,0.925284353017862,"LOAD_vs_CN",28,"study_3_Olink"
"CA4",-0.0172601719327072,0.183313934697175,0.00886541920836947,0.925937076718397,0.987634255403955,"LOAD_vs_CN",28,"study_3_Olink"
"CALCA",-0.182104548715195,0.234543859896322,0.602828049599356,0.447787636624429,0.930295636833279,"LOAD_vs_CN",28,"study_3_Olink"
"CAPG",0.31817251819709,0.135707495542413,5.49689775506958,0.0295576143666276,0.542894957754385,"LOAD_vs_CN",28,"study_3_Olink"
"CCDC80",0.0279148064186652,0.150478493328102,0.0344128286974549,0.855038021856354,0.98280232397282,"LOAD_vs_CN",28,"study_3_Olink"
"CCL14",-0.247402475407004,0.208053113296693,1.41403332092339,0.251722604373914,0.876368716902465,"LOAD_vs_CN",28,"study_3_Olink"
"CCL15",-0.119159838994776,0.136815335831829,0.758560551702178,0.399397259315354,0.925284353017862,"LOAD_vs_CN",28,"study_3_Olink"
"CCL16",-0.215550418029935,0.222629966458113,0.937411975012828,0.345933572321332,0.918407714127431,"LOAD_vs_CN",28,"study_3_Olink"
"CCL18",-0.681867319369872,0.311665958373571,4.78653251783398,0.0379534089912653,0.551046322290222,"LOAD_vs_CN",28,"study_3_Olink"
"CCL19",-0.334741140958572,0.351930432599742,0.904699889881397,0.357556324949881,0.925284353017862,"LOAD_vs_CN",28,"study_3_Olink"
"CCL2",0.000912797323191938,0.128166930797145,5.07220440413078e-05,0.994382565173185,0.995488663688395,"LOAD_vs_CN",28,"study_3_Olink"
"CD109",0.200780059026065,0.13425805162655,2.23645659818335,0.150663479827685,0.836154588642959,"LOAD_vs_CN",28,"study_3_Olink"
"CD177",-0.804537873631083,0.686871063518007,1.37196346073076,0.266474593486614,0.877365049954041,"LOAD_vs_CN",28,"study_3_Olink"
"CD200",-0.113612388714857,0.138036793876114,0.677425678442189,0.418743939766383,0.925284353017862,"LOAD_vs_CN",28,"study_3_Olink"
"CD209",-0.0623672363994316,0.179890549338575,0.120197740623357,0.732557888930893,0.9695619118203,"LOAD_vs_CN",28,"study_3_Olink"
"CD302",0.206675335768527,0.169113185305025,1.49355893508591,0.237002883067355,0.876368716902465,"LOAD_vs_CN",28,"study_3_Olink"
"CD33",0.647889311828208,0.265496903539007,5.95501295115587,0.0218207471410572,0.47899201041345,"LOAD_vs_CN",28,"study_3_Olink"
"CD46",0.192412763886959,0.157141735154966,1.49928662737688,0.234728079032411,0.876368716902465,"LOAD_vs_CN",28,"study_3_Olink"
"CD58",-0.0606714470081968,0.084131969059389,0.520051794159177,0.479634062653898,0.940796799093607,"LOAD_vs_CN",28,"study_3_Olink"
"CD74",-0.0881598034083316,0.166898090215992,0.279022028546046,0.604583110954868,0.940796799093607,"LOAD_vs_CN",28,"study_3_Olink"
"CD83",0.207596473154756,0.173143356459617,1.43756760500964,0.245616967903423,0.876368716902465,"LOAD_vs_CN",28,"study_3_Olink"
"CD84",0.0962151372194127,0.0719193930501312,1.78975992708257,0.193328735254043,0.860265971762348,"LOAD_vs_CN",27,"study_3_Olink"
"CD93",-0.0514483772833696,0.136173226863851,0.142744671284702,0.709090564261041,0.964020404584497,"LOAD_vs_CN",28,"study_3_Olink"
"ADGRE5",-0.115391445040043,0.162398381504689,0.504874958801819,0.485556501779181,0.940796799093607,"LOAD_vs_CN",28,"study_3_Olink"
"CDH1",-0.178432825129801,0.149376692200689,1.42686809471816,0.246067168380782,0.876368716902465,"LOAD_vs_CN",28,"study_3_Olink"
"CDH15",0.0480589554545876,0.215478301501781,0.0497440988237704,0.82648332486817,0.979259950236983,"LOAD_vs_CN",28,"study_3_Olink"
"CDH3",-0.213013517831055,0.0982122734538994,4.70416775315306,0.0444599588505579,0.581745853294789,"LOAD_vs_CN",28,"study_3_Olink"
"CDH5",-0.049592873445155,0.0894588495340799,0.307320780318011,0.584073327003356,0.940796799093607,"LOAD_vs_CN",28,"study_3_Olink"
"CFHR5",-0.442390706563772,0.273525242577349,2.61587607834948,0.128091160471012,0.814386869859283,"LOAD_vs_CN",28,"study_3_Olink"
"CHIT1",1.69171673356902,0.60217485756934,7.89241754062539,0.0130573724613305,0.359816976403767,"LOAD_vs_CN",28,"study_3_Olink"
"CLEC11A",-0.00649394822712068,0.190220953297473,0.00116546956308904,0.973161439589511,0.99020151770083,"LOAD_vs_CN",28,"study_3_Olink"
"CLEC14A",-0.0672791606583525,0.137311791591585,0.240074184432645,0.62963472442424,0.940796799093607,"LOAD_vs_CN",28,"study_3_Olink"
"CLMP",-0.074972572865861,0.149024598217615,0.253098115028863,0.623231508913028,0.940796799093607,"LOAD_vs_CN",28,"study_3_Olink"
"CLUL1",-0.0259551410460293,0.18211875735668,0.0203112863941047,0.887939998552873,0.984362800139884,"LOAD_vs_CN",28,"study_3_Olink"
"CNTN5",0.0320565192170994,0.148150890980845,0.0468192219334092,0.83050128903495,0.979259950236983,"LOAD_vs_CN",28,"study_3_Olink"
"CNTNAP2",0.365029032953855,0.182305643078055,4.00917110635989,0.0558147957299989,0.624049936805191,"LOAD_vs_CN",28,"study_3_Olink"
"COL4A1",0.170402112596402,0.147114039043331,1.34165764870637,0.260990130825837,0.877365049954041,"LOAD_vs_CN",28,"study_3_Olink"
"COMP",0.071089902361682,0.232873429083753,0.093191426365114,0.764789223433785,0.974943769249868,"LOAD_vs_CN",28,"study_3_Olink"
"CPA2",-0.186540436276058,0.171549202931945,1.18241128830646,0.287769433350425,0.886450957506784,"LOAD_vs_CN",28,"study_3_Olink"
"CPB1",0.158974401212618,0.184537983455012,0.742134898699606,0.397221633769822,0.925284353017862,"LOAD_vs_CN",28,"study_3_Olink"
"CPM",-0.141259464882675,0.227733428650716,0.384752582895238,0.540914801438918,0.940796799093607,"LOAD_vs_CN",28,"study_3_Olink"
"CPXM1",0.455066210699441,0.318306997356659,2.04388665369837,0.167302451036866,0.838217521167618,"LOAD_vs_CN",28,"study_3_Olink"
"CRELD2",0.0987181024552015,0.177286423160393,0.31005778604477,0.583975597947657,0.940796799093607,"LOAD_vs_CN",28,"study_3_Olink"
"CRH",0.171241797231752,0.187752344200185,0.831857273290761,0.370264463157893,0.925284353017862,"LOAD_vs_CN",28,"study_3_Olink"
"CRHBP",-0.164760912200701,0.0855277590349043,3.71102764505574,0.0670493047743388,0.651209118407955,"LOAD_vs_CN",28,"study_3_Olink"
"CRIM1",0.101535348254885,0.0934594372308209,1.18028857248475,0.287883783302539,0.886450957506784,"LOAD_vs_CN",28,"study_3_Olink"
"CRIP2",0.427360187040504,0.189699836170706,5.07521225357588,0.0331357733955758,0.546666927426362,"LOAD_vs_CN",28,"study_3_Olink"
"CRKL",0.28533423927728,0.25072641053362,1.29511284643009,0.265577634317348,0.877365049954041,"LOAD_vs_CN",28,"study_3_Olink"
"CSF2RA",-0.22436232263896,0.338385164500955,0.439619781086987,0.51451697741132,0.940796799093607,"LOAD_vs_CN",28,"study_3_Olink"
"CST6",-0.130393431924158,0.173230278449499,0.566583372403617,0.462212697615986,0.936917630302675,"LOAD_vs_CN",28,"study_3_Olink"
"CSTB",0.412835582748943,0.191841410319358,4.63094398775564,0.0478928225683021,0.581745853294789,"LOAD_vs_CN",28,"study_3_Olink"
"CTSC",0.0628768524229315,0.137511960485123,0.209074293816153,0.652215588536902,0.949478579615226,"LOAD_vs_CN",28,"study_3_Olink"
"CTSO",-0.039583385490062,0.159699930540549,0.0614350784447983,0.80729861820162,0.979259950236983,"LOAD_vs_CN",28,"study_3_Olink"
"CTSS",-0.104065530724456,0.0645224462209265,2.60131028611815,0.123204124605031,0.803505160467595,"LOAD_vs_CN",28,"study_3_Olink"
"CX3CL1",-0.102329164770875,0.143446225441816,0.508886123782246,0.483542332645884,0.940796799093607,"LOAD_vs_CN",28,"study_3_Olink"
"CXADR",0.139395117747148,0.21553546356359,0.418270899496966,0.52370380425404,0.940796799093607,"LOAD_vs_CN",28,"study_3_Olink"
"CXCL10",-0.938796466278224,0.321805336778423,8.51052610490307,0.00798755109827153,0.326763454020199,"LOAD_vs_CN",28,"study_3_Olink"
"CCN1",0.578699149095847,0.149293531651655,15.025319101123,0.000672904707887969,0.117274866412848,"LOAD_vs_CN",28,"study_3_Olink"
"DCBLD2",0.187361379665127,0.18893264513736,0.983436089334358,0.332500308740838,0.912952070776007,"LOAD_vs_CN",28,"study_3_Olink"
"DDAH1",0.65041161212503,0.190106882213185,11.705255393341,0.00219656956947767,0.152070200963839,"LOAD_vs_CN",28,"study_3_Olink"
"DEFA1",-0.188917219033646,0.0685919032994607,7.58572998699681,0.0119585162361742,0.359816976403767,"LOAD_vs_CN",28,"study_3_Olink"
"DLK1",-0.164870805202099,0.126999571588385,1.68532245016146,0.208963311172634,0.860265971762348,"LOAD_vs_CN",28,"study_3_Olink"
"DLL1",0.0519320244523289,0.145591717567176,0.127232238112622,0.724219339381545,0.964696393697131,"LOAD_vs_CN",28,"study_3_Olink"
"DPP10",0.294824047680476,0.169434566401137,3.02776230350758,0.0940770104050486,0.739706557001486,"LOAD_vs_CN",28,"study_3_Olink"
"DRAXIN",0.12591304483294,0.184504789380586,0.465721367724723,0.503181580319044,0.940796799093607,"LOAD_vs_CN",28,"study_3_Olink"
"DSC2",0.140329478377503,0.18523006619647,0.573951054196997,0.459068365404096,0.934754590189335,"LOAD_vs_CN",28,"study_3_Olink"
"ECE1",0.00263479504851039,0.0759007438272519,0.00120504041658855,0.972786258240051,0.99020151770083,"LOAD_vs_CN",28,"study_3_Olink"
"EDA2R",0.0519293394824083,0.145497750882433,0.127383458865341,0.7243502689722,0.964696393697131,"LOAD_vs_CN",28,"study_3_Olink"
"EDIL3",-0.0409709437027794,0.194799061691533,0.0442362407997516,0.835200088980049,0.979259950236983,"LOAD_vs_CN",28,"study_3_Olink"
"EGFR",0.0400990001133561,0.123119099634491,0.106075777856311,0.747995438980353,0.974943769249868,"LOAD_vs_CN",28,"study_3_Olink"
"ENG",0.034830256389899,0.132231031647346,0.069381960955839,0.796495137837122,0.979259950236983,"LOAD_vs_CN",28,"study_3_Olink"
"ENTPD6",-0.0441409276717213,0.153429269156184,0.0827687658507923,0.776718528160805,0.979056968269923,"LOAD_vs_CN",28,"study_3_Olink"
"EPHA10",0.137801417580401,0.235596067667571,0.342114353676869,0.563875913567264,0.940796799093607,"LOAD_vs_CN",28,"study_3_Olink"
"EPHB4",0.0268394986310154,0.140753817163026,0.0363603817843553,0.850773149083839,0.98280232397282,"LOAD_vs_CN",28,"study_3_Olink"
"EPHB6",0.0696431197597067,0.203799975099541,0.116774544572156,0.735356745558556,0.970903825678379,"LOAD_vs_CN",28,"study_3_Olink"
"ERBB3",0.0450359554262612,0.148747103876279,0.0916688374872956,0.764784164381902,0.974943769249868,"LOAD_vs_CN",28,"study_3_Olink"
"ERBB4",0.0861112233029804,0.145925164783889,0.348224347265068,0.561216560657879,0.940796799093607,"LOAD_vs_CN",28,"study_3_Olink"
"ERP44",0.0107610882372056,0.0745688385903001,0.0208256050039646,0.887044604415931,0.984362800139884,"LOAD_vs_CN",28,"study_3_Olink"
"ESAM",0.0060112909796568,0.141482223921228,0.00180522669029427,0.966476171044738,0.99020151770083,"LOAD_vs_CN",28,"study_3_Olink"
"ESM1",-0.245577313067502,0.190406457215911,1.6634629859835,0.21358603814074,0.863143279313178,"LOAD_vs_CN",28,"study_3_Olink"
"EZR",0.138046241126284,0.116664800122285,1.40013363528378,0.248054869627066,0.876368716902465,"LOAD_vs_CN",28,"study_3_Olink"
"F11",-0.231233812473945,0.256159736977856,0.81485613951117,0.38254229686582,0.925284353017862,"LOAD_vs_CN",28,"study_3_Olink"
"F2R",0.851376488674174,0.5993420551884,2.01787286312311,0.175859460193798,0.850932871905472,"LOAD_vs_CN",27,"study_3_Olink"
"F3",0.14658186896739,0.15628878622676,0.879639803500186,0.357504709320328,0.925284353017862,"LOAD_vs_CN",27,"study_3_Olink"
"F7",-0.0730357120624001,0.123414418773631,0.350218215751732,0.561783034869782,0.940796799093607,"LOAD_vs_CN",28,"study_3_Olink"
"FABP4",-0.287638857182446,0.30365771654514,0.897276855040417,0.357345268914231,0.925284353017862,"LOAD_vs_CN",28,"study_3_Olink"
"FAM3B",-0.281461592247168,0.247487514112624,1.29339653609873,0.26710891520823,0.877365049954041,"LOAD_vs_CN",28,"study_3_Olink"
"FAS",0.140547022356888,0.148892355941825,0.891042654473461,0.356984183084366,0.925284353017862,"LOAD_vs_CN",28,"study_3_Olink"
"FCGR2A",-0.0781120959453994,0.196661691173642,0.157760052939421,0.697933832076592,0.960923552177744,"LOAD_vs_CN",28,"study_3_Olink"
"FCGR3B",0.00356938416619501,0.142969338738188,0.000623305226601904,0.980359334041467,0.993231584336018,"LOAD_vs_CN",28,"study_3_Olink"
"FCN2",-0.014927294335557,0.164160650989941,0.00826844917650111,0.928564592453586,0.987868778292363,"LOAD_vs_CN",28,"study_3_Olink"
"FKBP4",0.19021601934096,0.169205078639914,1.26376810266286,0.272491163893026,0.882583984914631,"LOAD_vs_CN",28,"study_3_Olink"
"FLRT2",-0.101484418074237,0.100583184818432,1.01800044048926,0.328892610279668,0.912952070776007,"LOAD_vs_CN",28,"study_3_Olink"
"FLT3",-0.105368731367541,0.133676571182773,0.621316529520801,0.43919429298741,0.925284353017862,"LOAD_vs_CN",28,"study_3_Olink"
"FLT4",-0.105666712968075,0.0717332055287761,2.16988100766994,0.160825547952931,0.838217521167618,"LOAD_vs_CN",28,"study_3_Olink"
"FOLR1",-0.151741461333195,0.0728986542227692,4.3328085787089,0.0534064634482411,0.616228424402781,"LOAD_vs_CN",28,"study_3_Olink"
"FST",-0.303163786909847,0.13670234494558,4.91816073159778,0.0369352449765237,0.551046322290222,"LOAD_vs_CN",27,"study_3_Olink"
"FSTL3",-0.16015132284296,0.131498665931529,1.48326369463903,0.241609068117914,0.876368716902465,"LOAD_vs_CN",28,"study_3_Olink"
"FUCA1",0.231295109556701,0.12293335788121,3.53991970982263,0.071531412625726,0.663693519207767,"LOAD_vs_CN",28,"study_3_Olink"
"FURIN",0.0153132934269689,0.0601193658674925,0.0648796392862724,0.801264663193439,0.979259950236983,"LOAD_vs_CN",28,"study_3_Olink"
"FUT8",0.017438189295971,0.103035048653588,0.0286439438978457,0.867576881399886,0.983517184774413,"LOAD_vs_CN",28,"study_3_Olink"
"GALNT10",0.0144436242471685,0.138843547132229,0.0108218363615007,0.918317489775927,0.986259833888227,"LOAD_vs_CN",28,"study_3_Olink"
"GALNT7",0.0135735248391908,0.140847577127433,0.0092872368803115,0.924269159705639,0.987634255403955,"LOAD_vs_CN",28,"study_3_Olink"
"GAS6",0.0216357152450626,0.149845699934945,0.020847498173996,0.886784485598161,0.984362800139884,"LOAD_vs_CN",28,"study_3_Olink"
"GDF15",0.115477980163748,0.206801826596131,0.311809696985728,0.583343835373557,0.940796799093607,"LOAD_vs_CN",28,"study_3_Olink"
"GFRA1",-0.0565478598857077,0.138382395891108,0.166982383336303,0.687932468113464,0.960923552177744,"LOAD_vs_CN",28,"study_3_Olink"
"GFRA3",-0.108539473823433,0.188813913968479,0.330451276548705,0.573904181969889,0.940796799093607,"LOAD_vs_CN",28,"study_3_Olink"
"GGT5",0.0453539507371432,0.154871740220469,0.0857602209632846,0.773061027427879,0.978558262566936,"LOAD_vs_CN",28,"study_3_Olink"
"GLB1",0.0899103076293835,0.0637632262755251,1.98828392214482,0.174356231325543,0.848219503745885,"LOAD_vs_CN",28,"study_3_Olink"
"GLO1",0.0243047276706658,0.206048213177996,0.0139137377389657,0.907175869701807,0.984597994617541,"LOAD_vs_CN",27,"study_3_Olink"
"GLRX",0.0941899578867679,0.195401526524809,0.232355684078036,0.633847008691782,0.940796799093607,"LOAD_vs_CN",28,"study_3_Olink"
"GP1BA",-0.145305569405203,0.126182021553953,1.32607949433436,0.263686887731517,0.877365049954041,"LOAD_vs_CN",28,"study_3_Olink"
"GPC1",0.154075620120127,0.17668072020286,0.760483029241282,0.393354643414954,0.925284353017862,"LOAD_vs_CN",28,"study_3_Olink"
"GPC5",0.0450757971729079,0.195974371445848,0.0529039710048057,0.820794375336203,0.979259950236983,"LOAD_vs_CN",28,"study_3_Olink"
"GPNMB",0.029072725183295,0.194290025730878,0.0223908445321405,0.882565898382974,0.984362800139884,"LOAD_vs_CN",28,"study_3_Olink"
"GRN",-0.058765198523453,0.137718549149183,0.182077188063071,0.674556395122888,0.956236696407536,"LOAD_vs_CN",28,"study_3_Olink"
"GSTP1",-0.0522150676303405,0.0617598829232317,0.714790483167038,0.411964901950518,0.925284353017862,"LOAD_vs_CN",28,"study_3_Olink"
"HAGH",-0.126458461608467,0.19173892743555,0.434985921603882,0.517364112419474,0.940796799093607,"LOAD_vs_CN",28,"study_3_Olink"
"HAVCR2",0.0606027028621898,0.127353321340894,0.226445365411302,0.638408021561637,0.940796799093607,"LOAD_vs_CN",28,"study_3_Olink"
"HBEGF",-0.0962230725874011,0.085859126782694,1.25598804840973,0.275379442291495,0.882583984914631,"LOAD_vs_CN",27,"study_3_Olink"
"HLA-E",-0.0872278128127628,0.054517212977167,2.56001596851812,0.122589086738667,0.803505160467595,"LOAD_vs_CN",28,"study_3_Olink"
"HS6ST1",0.109011276917276,0.233200687625344,0.218515979023825,0.646628830603572,0.944749914842882,"LOAD_vs_CN",28,"study_3_Olink"
"HSPB1",-0.265894615386583,0.336028062650099,0.62613501170354,0.436453991553612,0.925284353017862,"LOAD_vs_CN",27,"study_3_Olink"
"ICAM1",0.0194745198758657,0.167712906066239,0.0134834351342436,0.909237966574388,0.984597994617541,"LOAD_vs_CN",28,"study_3_Olink"
"ICAM2",-0.105880985989629,0.126635764306204,0.699074083577631,0.414723438308091,0.925284353017862,"LOAD_vs_CN",28,"study_3_Olink"
"IDUA",-0.109059501310409,0.127563384636693,0.730928586269936,0.400705917285233,0.925284353017862,"LOAD_vs_CN",27,"study_3_Olink"
"IFI30",-0.0953541899896018,0.080892541851389,1.3895129478292,0.255588531172555,0.877365049954041,"LOAD_vs_CN",28,"study_3_Olink"
"IFNGR1",0.0470863526118697,0.109028860666981,0.186512160785092,0.669843576977303,0.956236696407536,"LOAD_vs_CN",28,"study_3_Olink"
"IGF1R",0.181600815785501,0.136209748779347,1.77753927936451,0.19694247614312,0.860265971762348,"LOAD_vs_CN",28,"study_3_Olink"
"IGF2R",0.146212565364259,0.127383375058462,1.31747957557084,0.264291034358342,0.877365049954041,"LOAD_vs_CN",28,"study_3_Olink"
"IGFBP1",0.0180795031193304,0.142585028470605,0.0160777446835627,0.900615847653833,0.984597994617541,"LOAD_vs_CN",28,"study_3_Olink"
"IGFBP3",0.0410930049547971,0.169288390282502,0.0589225386817079,0.812226144145431,0.979259950236983,"LOAD_vs_CN",28,"study_3_Olink"
"IGFBPL1",-0.0524305765633377,0.150610038910529,0.121188504347564,0.73224257199878,0.9695619118203,"LOAD_vs_CN",28,"study_3_Olink"
"IL13RA1",-0.0528590780414526,0.0432067371064907,1.49670506065453,0.236026932189931,0.876368716902465,"LOAD_vs_CN",28,"study_3_Olink"
"IL18BP",-0.044654935586669,0.125097009350889,0.127422194368756,0.724321361423195,0.964696393697131,"LOAD_vs_CN",28,"study_3_Olink"
"IL1R1",-0.115220582151756,0.144369626753093,0.636954577443925,0.438323669967374,0.925284353017862,"LOAD_vs_CN",28,"study_3_Olink"
"IL1R2",0.142760442738494,0.180810630544578,0.623401511410833,0.440003778523663,0.925284353017862,"LOAD_vs_CN",28,"study_3_Olink"
"IL6R",-0.00594950921007786,0.174659196862709,0.00116032423909271,0.973199368797369,0.99020151770083,"LOAD_vs_CN",28,"study_3_Olink"
"IMPA1",0.31330591879913,0.111912962003507,7.83747950317943,0.0100445112265444,0.356674504895258,"LOAD_vs_CN",28,"study_3_Olink"
"INHBC",-0.158888210589005,0.0816576536641122,3.78607797729877,0.0632405762393956,0.639511445117484,"LOAD_vs_CN",28,"study_3_Olink"
"ISLR2",0.234776672354523,0.232263505238509,1.0217577338173,0.321581878032031,0.907284295388175,"LOAD_vs_CN",28,"study_3_Olink"
"ITGAM",0.345043725998097,0.0959579896796558,12.9296267536734,0.00181900967488321,0.152070200963839,"LOAD_vs_CN",28,"study_3_Olink"
"ITGAV",0.0611746934300204,0.0724599871642485,0.712766201313802,0.406340758648217,0.925284353017862,"LOAD_vs_CN",28,"study_3_Olink"
"ITGB1",-0.0138478551399928,0.101445537923505,0.0186337011050626,0.892687093449112,0.984597994617541,"LOAD_vs_CN",28,"study_3_Olink"
"ITGB2",0.407977970906835,0.155624104010151,6.87257834288559,0.0192791346706674,0.45661108430528,"LOAD_vs_CN",28,"study_3_Olink"
"ITM2A",-0.0831197440421017,0.151431573671855,0.301283621681974,0.588029094155413,0.940796799093607,"LOAD_vs_CN",28,"study_3_Olink"
"JAM2",-0.0484747978160209,0.0917643175100104,0.27905148297966,0.60255203678106,0.940796799093607,"LOAD_vs_CN",28,"study_3_Olink"
"KDR",-0.147056315617109,0.152848002408611,0.925652177758232,0.351055768671529,0.925284353017862,"LOAD_vs_CN",28,"study_3_Olink"
"KITLG",-0.0793201669051644,0.155901185687586,0.258862059685782,0.615761418821464,0.940796799093607,"LOAD_vs_CN",27,"study_3_Olink"
"KLK10",-0.135176947382681,0.214536670869519,0.397010685139117,0.536185246009382,0.940796799093607,"LOAD_vs_CN",28,"study_3_Olink"
"KLK11",0.236004877650039,0.125310515549776,3.54704684597244,0.0714879795277842,0.663693519207767,"LOAD_vs_CN",28,"study_3_Olink"
"LAIR1",0.149555540746128,0.187695493039466,0.634888303287631,0.434812999800325,0.925284353017862,"LOAD_vs_CN",28,"study_3_Olink"
"LAMA4",0.0857481250182106,0.151598536776171,0.319933152861376,0.581351622501701,0.940796799093607,"LOAD_vs_CN",28,"study_3_Olink"
"LAYN",-0.158948930352588,0.200068327884529,0.631187710625077,0.437621289285416,0.925284353017862,"LOAD_vs_CN",28,"study_3_Olink"
"LCN2",-0.141096461625408,0.108213405686408,1.70008296174821,0.210130998731084,0.860265971762348,"LOAD_vs_CN",28,"study_3_Olink"
"LDLR",-0.133532876000977,0.118122219918943,1.27794806636974,0.269926238784299,0.880194256905322,"LOAD_vs_CN",28,"study_3_Olink"
"LEP",-0.575651825774178,0.165001015839024,12.1715682008366,0.00189689709459502,0.152070200963839,"LOAD_vs_CN",27,"study_3_Olink"
"LGALS3",-0.0602560628724911,0.110810107854355,0.295694160387351,0.591811628167434,0.940796799093607,"LOAD_vs_CN",28,"study_3_Olink"
"LGMN",-0.0588938179751244,0.123612361551683,0.226994645289869,0.639568440743068,0.940796799093607,"LOAD_vs_CN",28,"study_3_Olink"
"LIFR",0.0641335294628567,0.144658695790989,0.196553685572395,0.662602846177259,0.955707067991157,"LOAD_vs_CN",28,"study_3_Olink"
"LILRB1",0.120008351833477,0.134205346981101,0.79961936659492,0.382210542312427,0.925284353017862,"LOAD_vs_CN",28,"study_3_Olink"
"LILRB4",0.119937071516712,0.127572217495642,0.883882777705017,0.357395067021596,0.925284353017862,"LOAD_vs_CN",28,"study_3_Olink"
"LILRB5",-0.533995917534841,0.193207225403663,7.63887047324744,0.0124232728026187,0.359816976403767,"LOAD_vs_CN",28,"study_3_Olink"
"LPL",0.108502415078599,0.167042475419056,0.421915009396699,0.523697051213348,0.940796799093607,"LOAD_vs_CN",27,"study_3_Olink"
"LRIG1",0.0453540835623119,0.184024242857752,0.0607411084025276,0.807873047876077,0.979259950236983,"LOAD_vs_CN",28,"study_3_Olink"
"LRP11",0.00172080631454641,0.191076116473031,8.11056614157396e-05,0.992893710607587,0.995488663688395,"LOAD_vs_CN",28,"study_3_Olink"
"LRPAP1",-0.0471691467373159,0.150248512158035,0.0985588619757541,0.757151321263623,0.974943769249868,"LOAD_vs_CN",28,"study_3_Olink"
"LRRN1",0.218059886103067,0.166912093604534,1.70677374131401,0.20400526086209,0.860265971762348,"LOAD_vs_CN",28,"study_3_Olink"
"LSP1",0.0264492861824248,0.126085700975641,0.0440044134938209,0.835635157535559,0.979259950236983,"LOAD_vs_CN",28,"study_3_Olink"
"LY75",0.0647525677226861,0.0612223539733006,1.1186492647012,0.302287883876218,0.893219476143055,"LOAD_vs_CN",28,"study_3_Olink"
"MANF",-0.0177043058861166,0.141997039743909,0.0155453043001474,0.902178622086228,0.984597994617541,"LOAD_vs_CN",28,"study_3_Olink"
"MANSC1",0.0747517859832509,0.130444200547467,0.32839277667716,0.572149474193808,0.940796799093607,"LOAD_vs_CN",28,"study_3_Olink"
"MARCO",-0.129904650845442,0.158705735018628,0.669983578831477,0.424208137874372,0.925284353017862,"LOAD_vs_CN",27,"study_3_Olink"
"MATN2",0.0275163043721101,0.121298912693741,0.0514595985287382,0.823270443716399,0.979259950236983,"LOAD_vs_CN",28,"study_3_Olink"
"MATN3",-0.0317911138188407,0.205425930525011,0.0239497487694902,0.87834745096689,0.984362800139884,"LOAD_vs_CN",28,"study_3_Olink"
"MB",-0.0403461419504176,0.372332649457334,0.0117419920749529,0.914673215547656,0.984597994617541,"LOAD_vs_CN",28,"study_3_Olink"
"MBL2",0.198598707240489,0.502215927525349,0.156376637442872,0.697676805653609,0.960923552177744,"LOAD_vs_CN",28,"study_3_Olink"
"MDGA1",0.0530804057164813,0.241508199958259,0.0483064035837104,0.82866335274981,0.979259950236983,"LOAD_vs_CN",28,"study_3_Olink"
"MDK",0.088125217657447,0.200189346129515,0.193784253008013,0.665052470892772,0.956236696407536,"LOAD_vs_CN",28,"study_3_Olink"
"MEPE",-0.17018372317155,0.170029082792959,1.0018198145667,0.330976388712974,0.912952070776007,"LOAD_vs_CN",28,"study_3_Olink"
"MERTK",-0.0883597630285164,0.108506368187588,0.663129930004612,0.426786187922598,0.925284353017862,"LOAD_vs_CN",27,"study_3_Olink"
"MESD",-0.019925923040006,0.091370489663382,0.0475581544017344,0.829835612045697,0.979259950236983,"LOAD_vs_CN",28,"study_3_Olink"
"MET",-0.0206817990545147,0.141798260056694,0.0212732980424775,0.885481592716762,0.984362800139884,"LOAD_vs_CN",28,"study_3_Olink"
"METRNL",-0.1465747164426,0.131235495747606,1.24742801433126,0.279481577104431,0.882583984914631,"LOAD_vs_CN",28,"study_3_Olink"
"MFAP5",-0.296110248102624,0.141821459479414,4.35936241591046,0.0578701996245122,0.624049936805191,"LOAD_vs_CN",28,"study_3_Olink"
"MIA",-0.0787255368655178,0.0431551369439237,3.32786931878722,0.0818411556042823,0.70230944037487,"LOAD_vs_CN",28,"study_3_Olink"
"MICA",0.519208350062143,0.518740338979512,1.00180522765957,0.329017652895916,0.912952070776007,"LOAD_vs_CN",28,"study_3_Olink"
"MIF",0.407739936334424,0.199152516209901,4.19174548979254,0.0526056345886301,0.614871053633339,"LOAD_vs_CN",28,"study_3_Olink"
"MILR1",0.158322489390592,0.128519552446652,1.51756328443163,0.229640383148258,0.876368716902465,"LOAD_vs_CN",28,"study_3_Olink"
"MMP3",0.113797508773938,0.20320049571008,0.313628833847567,0.580748529607348,0.940796799093607,"LOAD_vs_CN",28,"study_3_Olink"
"MRC2",-0.0230939355494484,0.0445515517668843,0.2687015848376,0.610769296513161,0.940796799093607,"LOAD_vs_CN",28,"study_3_Olink"
"MSLN",0.250134754655465,0.219117702035867,1.30314621662158,0.276612774523676,0.882583984914631,"LOAD_vs_CN",28,"study_3_Olink"
"MSTN",-0.0721908445924022,0.162900903007224,0.196389046792504,0.662623567140535,0.955707067991157,"LOAD_vs_CN",28,"study_3_Olink"
"MYOC",-0.246490000489664,0.413742344687095,0.35492669807746,0.560693413813437,0.940796799093607,"LOAD_vs_CN",28,"study_3_Olink"
"NCS1",0.13120010474217,0.1801045841339,0.53066302667146,0.474023660585177,0.940796799093607,"LOAD_vs_CN",28,"study_3_Olink"
"NDRG1",0.0332272558902731,0.122620695917305,0.0734279492332876,0.78933704189418,0.979259950236983,"LOAD_vs_CN",28,"study_3_Olink"
"NECTIN2",-0.0998391165304868,0.138379561440037,0.520544136492812,0.479638647424573,0.940796799093607,"LOAD_vs_CN",28,"study_3_Olink"
"NELL1",0.282074732159617,0.151768867195641,3.45432331392495,0.0744691565568311,0.672877489165996,"LOAD_vs_CN",28,"study_3_Olink"
"NOTCH1",0.0690001796087176,0.138219087834309,0.249209387235423,0.622557785329707,0.940796799093607,"LOAD_vs_CN",28,"study_3_Olink"
"NOTCH3",-0.0748072381424936,0.156002668391744,0.229944585766493,0.636939442053126,0.940796799093607,"LOAD_vs_CN",28,"study_3_Olink"
"NPDC1",0.0354147606971598,0.0376786716425006,0.883440807928733,0.359379931703088,0.925284353017862,"LOAD_vs_CN",28,"study_3_Olink"
"NQO2",0.0981666462712063,0.121254911119526,0.655434402773815,0.433833756981277,0.925284353017862,"LOAD_vs_CN",28,"study_3_Olink"
"NRP1",0.0130585157995696,0.081144767855252,0.0258980218790446,0.873737620729975,0.984362800139884,"LOAD_vs_CN",28,"study_3_Olink"
"NRP2",-0.0695386795515684,0.104076908569473,0.446420481935618,0.51194276836722,0.940796799093607,"LOAD_vs_CN",28,"study_3_Olink"
"NT5E",-0.0964153645398067,0.143131231591968,0.453757356202912,0.510123454276405,0.940796799093607,"LOAD_vs_CN",28,"study_3_Olink"
"NTRK3",0.0333403569430031,0.137605398469003,0.0587042502333245,0.8108310558371,0.979259950236983,"LOAD_vs_CN",28,"study_3_Olink"
"NUDT5",0.0904459995214408,0.146106758010798,0.383211132073714,0.541570307113229,0.940796799093607,"LOAD_vs_CN",28,"study_3_Olink"
"NXPH1",0.0626287379967254,0.12060517587999,0.269659315854914,0.608876458170265,0.940796799093607,"LOAD_vs_CN",28,"study_3_Olink"
"OSCAR",0.0885605656205968,0.168297420799988,0.276901840605441,0.604586499948538,0.940796799093607,"LOAD_vs_CN",27,"study_3_Olink"
"OSMR",0.102592761629204,0.0886812695599,1.33834979659978,0.265590887498792,0.877365049954041,"LOAD_vs_CN",28,"study_3_Olink"
"P4HB",-0.0216454176913981,0.0709243085312966,0.0931411768184019,0.762658441234534,0.974943769249868,"LOAD_vs_CN",28,"study_3_Olink"
"PAMR1",-0.0926706566583242,0.19975896127384,0.215214703318946,0.650210015098638,0.948442485557171,"LOAD_vs_CN",28,"study_3_Olink"
"PCDH1",0.0538623058895107,0.0847052567589609,0.40434228171024,0.530653804419186,0.940796799093607,"LOAD_vs_CN",28,"study_3_Olink"
"PCDH17",0.209403488548785,0.164012174652411,1.63010526837641,0.213867723652043,0.863143279313178,"LOAD_vs_CN",28,"study_3_Olink"
"PCSK9",-0.131513682898403,0.106434292849671,1.52678794297284,0.22794610834072,0.876368716902465,"LOAD_vs_CN",28,"study_3_Olink"
"PDCD1LG2",-0.0223474823454248,0.0459358750505167,0.236675453547112,0.632827154505332,0.940796799093607,"LOAD_vs_CN",27,"study_3_Olink"
"PDGFA",0.0756729892463137,0.16009763933178,0.223414791751913,0.642877812713965,0.940796799093607,"LOAD_vs_CN",28,"study_3_Olink"
"PDGFRA",-0.0868035032950019,0.138476985433716,0.392933724790031,0.540292585321464,0.940796799093607,"LOAD_vs_CN",28,"study_3_Olink"
"PDGFRB",0.0014791707494286,0.134693682835602,0.000120598571828021,0.991351528770725,0.995488663688395,"LOAD_vs_CN",28,"study_3_Olink"
"PEAR1",-0.0697053907841028,0.0809103483690599,0.742206221408398,0.400257181905772,0.925284353017862,"LOAD_vs_CN",28,"study_3_Olink"
"PECAM1",0.0142693294789709,0.132513176386606,0.0115954872658529,0.915297945503149,0.984597994617541,"LOAD_vs_CN",28,"study_3_Olink"
"PIGR",-0.00976853008655193,0.195163757965858,0.00250530204426097,0.960503899898692,0.99020151770083,"LOAD_vs_CN",27,"study_3_Olink"
"PILRA",0.0573702891463945,0.15788449953726,0.132036829628163,0.72135502070282,0.964696393697131,"LOAD_vs_CN",28,"study_3_Olink"
"PILRB",0.0345305353726744,0.197086971186575,0.030696636607698,0.863319217428175,0.983517184774413,"LOAD_vs_CN",28,"study_3_Olink"
"PLAT",-0.101439646827613,0.118821250158288,0.728831647068044,0.404030906034299,0.925284353017862,"LOAD_vs_CN",28,"study_3_Olink"
"PLAUR",0.162285738157841,0.16455277116028,0.972635931899128,0.335468796598792,0.912952070776007,"LOAD_vs_CN",28,"study_3_Olink"
"PLXDC1",0.053003788134929,0.0892050276222855,0.353049137341493,0.560287277312174,0.940796799093607,"LOAD_vs_CN",28,"study_3_Olink"
"PLXNA4",0.128859037514665,0.225022800144509,0.327926653431022,0.572118544108186,0.940796799093607,"LOAD_vs_CN",28,"study_3_Olink"
"PLXNB1",-0.079837191894206,0.113889451762634,0.491409447389784,0.490126224499442,0.940796799093607,"LOAD_vs_CN",28,"study_3_Olink"
"PLXNB2",0.174829378958902,0.207060364086547,0.712910289611655,0.413984178451687,0.925284353017862,"LOAD_vs_CN",28,"study_3_Olink"
"PLXNB3",0.0224553285918363,0.165786733179912,0.0183459109574499,0.893550414883191,0.984597994617541,"LOAD_vs_CN",28,"study_3_Olink"
"PODXL",0.108896164974857,0.151393758523826,0.51737951429298,0.479248323442749,0.940796799093607,"LOAD_vs_CN",28,"study_3_Olink"
"PON2",-0.303025231136933,0.311681828437757,0.945223730725393,0.348195995282208,0.921695281629374,"LOAD_vs_CN",28,"study_3_Olink"
"PON3",-0.18752442571128,0.181266312232829,1.07024076625161,0.310759533394459,0.902205096951655,"LOAD_vs_CN",28,"study_3_Olink"
"PPP3R1",0.664480748290802,0.151774506461572,19.1675739311788,0.000339345531421715,0.0825420490875417,"LOAD_vs_CN",28,"study_3_Olink"
"PRDX5",-0.0350766440664225,0.0600880612364784,0.340768693022361,0.564660809134879,0.940796799093607,"LOAD_vs_CN",28,"study_3_Olink"
"PRDX6",-0.192087702453092,0.187147731988427,1.05348895646804,0.316281635126456,0.90672194231225,"LOAD_vs_CN",28,"study_3_Olink"
"PROC",-0.13654525441542,0.171410533093786,0.634568062921805,0.440549556360716,0.925284353017862,"LOAD_vs_CN",28,"study_3_Olink"
"PRSS2",0.121576660165101,0.167780560494413,0.525069915554826,0.480480577518738,0.940796799093607,"LOAD_vs_CN",28,"study_3_Olink"
"PRSS27",-0.15875962499063,0.193312128022253,0.674468894464899,0.421395098910729,0.925284353017862,"LOAD_vs_CN",27,"study_3_Olink"
"PRSS8",-0.247997422687785,0.209952206540663,1.39525455261331,0.252441136073805,0.876368716902465,"LOAD_vs_CN",27,"study_3_Olink"
"PSMA1",0.0582863766528392,0.0816078086889302,0.510118041886661,0.485864951786309,0.940796799093607,"LOAD_vs_CN",28,"study_3_Olink"
"PSME1",-0.129943356182428,0.127765014686088,1.03438987456262,0.320691182935214,0.907284295388175,"LOAD_vs_CN",28,"study_3_Olink"
"PTK7",-0.0684375729930551,0.16332940556724,0.175574094191269,0.681339475444342,0.960923552177744,"LOAD_vs_CN",28,"study_3_Olink"
"PTPRM",0.00859482469430173,0.0723218162532908,0.0141232744109237,0.906726999637098,0.984597994617541,"LOAD_vs_CN",28,"study_3_Olink"
"PVALB",-0.0173945052821729,0.124208946021677,0.0196118430849803,0.891025884085036,0.984597994617541,"LOAD_vs_CN",28,"study_3_Olink"
"PVR",-0.0149723033665161,0.200440755103046,0.00557962711307789,0.94128301222431,0.99020151770083,"LOAD_vs_CN",28,"study_3_Olink"
"QPCT",0.0300582337329529,0.211487617586016,0.0202002630361738,0.888113993015096,0.984362800139884,"LOAD_vs_CN",28,"study_3_Olink"
"REG1A",-0.368361462595431,0.162469428196715,5.14049656623507,0.0334074233427221,0.546666927426362,"LOAD_vs_CN",28,"study_3_Olink"
"RELT",-0.0488049029453035,0.152879808027434,0.101912310906791,0.752734848175357,0.974943769249868,"LOAD_vs_CN",28,"study_3_Olink"
"RET",-0.0586817837986846,0.150562473701505,0.151905371445076,0.700406500254,0.960923552177744,"LOAD_vs_CN",28,"study_3_Olink"
"RFNG",-0.0455009638617802,0.123892907387383,0.134880231866889,0.717329076105424,0.964696393697131,"LOAD_vs_CN",28,"study_3_Olink"
"RGMA",0.0254582975361686,0.0693015647174701,0.134949921091289,0.716367841686336,0.964696393697131,"LOAD_vs_CN",28,"study_3_Olink"
"RGMB",-0.0915941262988067,0.114408909551818,0.640937314122358,0.431177733568643,0.925284353017862,"LOAD_vs_CN",28,"study_3_Olink"
"RNASE3",-0.147109490737713,0.419530936616326,0.122957040329746,0.72896099480127,0.967647338231774,"LOAD_vs_CN",28,"study_3_Olink"
"ROBO2",-0.0796352804488052,0.183236122232917,0.188881247712687,0.668314521765394,0.956236696407536,"LOAD_vs_CN",28,"study_3_Olink"
"ROR1",-0.205048194100526,0.172898418076779,1.40646800787254,0.251703157060348,0.876368716902465,"LOAD_vs_CN",28,"study_3_Olink"
"S100A11",-0.0963908591428417,0.0789762123148646,1.48963236636455,0.233913119335834,0.876368716902465,"LOAD_vs_CN",28,"study_3_Olink"
"S100A4",-0.095185162545171,0.306132107235012,0.0966764623170991,0.758432217171129,0.974943769249868,"LOAD_vs_CN",28,"study_3_Olink"
"SAA4",-0.274034829246804,0.208794829787659,1.72255083602384,0.209454746498503,0.860265971762348,"LOAD_vs_CN",28,"study_3_Olink"
"SCARF1",-0.0338808894886826,0.173008788481815,0.0383506983933471,0.847088056812737,0.981630805372806,"LOAD_vs_CN",28,"study_3_Olink"
"SCARF2",-0.0294136236735429,0.117548733601655,0.0626125157488154,0.805337648703929,0.979259950236983,"LOAD_vs_CN",28,"study_3_Olink"
"SCGB1A1",-0.0798435400623783,0.179272980344655,0.198358077955442,0.661890204660641,0.955707067991157,"LOAD_vs_CN",28,"study_3_Olink"
"SDC1",0.128226473769265,0.113286371550841,1.281150246981,0.27497612540481,0.882583984914631,"LOAD_vs_CN",28,"study_3_Olink"
"SDC4",0.37697369906869,0.146919129232765,6.58362992984043,0.0198800557420964,0.458770517125303,"LOAD_vs_CN",28,"study_3_Olink"
"SELPLG",0.0816476040171619,0.140723351604274,0.336631342526545,0.567661836811942,0.940796799093607,"LOAD_vs_CN",27,"study_3_Olink"
"SEMA3F",-0.163219535756225,0.149666001755689,1.18931792033414,0.291141579487879,0.886450957506784,"LOAD_vs_CN",28,"study_3_Olink"
"SEMA4C",0.198038005544116,0.100443338689718,3.88736041279619,0.0596897976480207,0.624049936805191,"LOAD_vs_CN",28,"study_3_Olink"
"SERPINB6",0.0487061144120609,0.0696780249301953,0.488624574865101,0.491490692982488,0.940796799093607,"LOAD_vs_CN",28,"study_3_Olink"
"SERPINE1",0.257871902095094,0.194388481819583,1.75981490426391,0.203296462654863,0.860265971762348,"LOAD_vs_CN",28,"study_3_Olink"
"SFRP1",0.329239767440005,0.216740023895099,2.30752459489741,0.140920291968622,0.836154588642959,"LOAD_vs_CN",28,"study_3_Olink"
"SFTPD",-0.278526509581626,0.187228657396457,2.21303573847023,0.149970466600067,0.836154588642959,"LOAD_vs_CN",28,"study_3_Olink"
"SIGLEC9",0.486216035135874,0.210534083859842,5.33351751248928,0.0292441966291773,0.542894957754385,"LOAD_vs_CN",28,"study_3_Olink"
"SIRPB1",0.180803028447356,0.140012528321579,1.66754516337878,0.20926767557703,0.860265971762348,"LOAD_vs_CN",28,"study_3_Olink"
"SLITRK2",0.020705279468499,0.248800210719133,0.00692565264535135,0.934427185804092,0.99020151770083,"LOAD_vs_CN",28,"study_3_Olink"
"SLITRK6",-0.0690592776433927,0.29823516534266,0.0536199447086351,0.819288175322876,0.979259950236983,"LOAD_vs_CN",28,"study_3_Olink"
"SMOC2",0.662164106642891,0.183979219619073,12.9536967682437,0.00301529329676939,0.188379322016974,"LOAD_vs_CN",28,"study_3_Olink"
"SMPD1",-0.0982532322594327,0.122066516677179,0.647888974734437,0.432305983615611,0.925284353017862,"LOAD_vs_CN",28,"study_3_Olink"
"SNCG",0.928582429698296,0.341990767336223,7.37245550955468,0.0131932891348048,0.359816976403767,"LOAD_vs_CN",28,"study_3_Olink"
"SORT1",0.0862945797396133,0.155369430562402,0.308486304564661,0.583969054863436,0.940796799093607,"LOAD_vs_CN",27,"study_3_Olink"
"SPINK1",-0.0894524332793289,0.152942614309801,0.342079696689755,0.567742979116068,0.940796799093607,"LOAD_vs_CN",28,"study_3_Olink"
"SPINK5",-0.0103205922894432,0.0327256043744873,0.0994566649106909,0.756802614964987,0.974943769249868,"LOAD_vs_CN",28,"study_3_Olink"
"SPINT1",-0.0229587209831217,0.122559315730619,0.0350915640273424,0.853535260600279,0.98280232397282,"LOAD_vs_CN",28,"study_3_Olink"
"SPON2",-0.155534454382824,0.104471496665792,2.2164482056454,0.151855702048775,0.836154588642959,"LOAD_vs_CN",27,"study_3_Olink"
"ST3GAL1",0.0568556861202647,0.132305818186099,0.184667267934512,0.673425030063672,0.956236696407536,"LOAD_vs_CN",28,"study_3_Olink"
"ST6GAL1",0.075822658593744,0.302157878299948,0.0629694893979348,0.805634654214753,0.979259950236983,"LOAD_vs_CN",28,"study_3_Olink"
"STC1",-0.437233117563538,0.250562074343905,3.04505700588017,0.0970280429506228,0.739706557001486,"LOAD_vs_CN",28,"study_3_Olink"
"STIP1",-0.128204470692108,0.117969688793406,1.18104235432163,0.289644589892808,0.886450957506784,"LOAD_vs_CN",28,"study_3_Olink"
"STX8",0.130015166209743,0.154399285464961,0.709083629022235,0.408904535667613,0.925284353017862,"LOAD_vs_CN",28,"study_3_Olink"
"SUMF2",0.0492489870544954,0.133012901427991,0.137090408670591,0.71420065304209,0.964696393697131,"LOAD_vs_CN",28,"study_3_Olink"
"TBCB",0.209184261467147,0.1844827455145,1.2857203141006,0.269825802825261,0.880194256905322,"LOAD_vs_CN",28,"study_3_Olink"
"TCN2",-0.142885289149164,0.290854288306799,0.241337101975324,0.633243197728312,0.940796799093607,"LOAD_vs_CN",28,"study_3_Olink"
"TFF3",-0.114921307995369,0.175464413248408,0.428966150689507,0.520677592985765,0.940796799093607,"LOAD_vs_CN",28,"study_3_Olink"
"TFPI",0.145571670409001,0.164542860005115,0.78270056532496,0.388600247422297,0.925284353017862,"LOAD_vs_CN",28,"study_3_Olink"
"TFRC",-0.0677964751641689,0.163204754842699,0.172563370524978,0.683307577418984,0.960923552177744,"LOAD_vs_CN",28,"study_3_Olink"
"TGFA",-0.020706848973433,0.125688539777132,0.0271416765384443,0.870959106961341,0.983517184774413,"LOAD_vs_CN",28,"study_3_Olink"
"TGFB1",-0.103275466618702,0.135057634589909,0.584730911762982,0.452928470229886,0.930375320667014,"LOAD_vs_CN",28,"study_3_Olink"
"TGFBR2",0.0699899143627629,0.134853709164746,0.269367460371959,0.610971510499051,0.940796799093607,"LOAD_vs_CN",28,"study_3_Olink"
"TGM2",-0.77056360303733,0.350042296997486,4.84591657348216,0.0372558627422731,0.551046322290222,"LOAD_vs_CN",27,"study_3_Olink"
"THBS2",-0.0697156098137439,0.0322242870736359,4.68051267243166,0.042304779033379,0.576883350455168,"LOAD_vs_CN",27,"study_3_Olink"
"THBS4",0.331210324824863,0.204602431764032,2.62051198871891,0.126666209890858,0.814282777869803,"LOAD_vs_CN",28,"study_3_Olink"
"THOP1",0.151045142539654,0.212158468189952,0.506865561575756,0.482982489681695,0.940796799093607,"LOAD_vs_CN",28,"study_3_Olink"
"TIE1",-0.068750022910018,0.127257651447841,0.291862223266881,0.595060410685167,0.940796799093607,"LOAD_vs_CN",28,"study_3_Olink"
"TIMP4",0.0448145020043724,0.169390837233503,0.0699934370707696,0.794266002081174,0.979259950236983,"LOAD_vs_CN",28,"study_3_Olink"
"TINAGL1",-0.0491582522671372,0.110764986679623,0.196964459513447,0.661455250990876,0.955707067991157,"LOAD_vs_CN",28,"study_3_Olink"
"TMPRSS5",0.243593708356767,0.26073941908386,0.872808057185225,0.366270789409966,0.925284353017862,"LOAD_vs_CN",28,"study_3_Olink"
"TNC",0.149254384357347,0.138797189566923,1.15635943974788,0.301073501280178,0.893219476143055,"LOAD_vs_CN",28,"study_3_Olink"
"TNFRSF11B",0.240289348496425,0.201237300278003,1.42577854458871,0.252722387797967,0.876368716902465,"LOAD_vs_CN",28,"study_3_Olink"
"TNFRSF12A",-0.0181696843405343,0.163799768545219,0.0123046197537834,0.91293908597019,0.984597994617541,"LOAD_vs_CN",28,"study_3_Olink"
"TNFRSF14",0.0250028257786297,0.162579629980137,0.0236508050245552,0.879331396190041,0.984362800139884,"LOAD_vs_CN",28,"study_3_Olink"
"TNFRSF19",-0.0404936896655661,0.158239140183246,0.0654857599069271,0.80076994174831,0.979259950236983,"LOAD_vs_CN",28,"study_3_Olink"
"TNFRSF1A",0.123571017007471,0.148703522715968,0.690543001659285,0.415648334365948,0.925284353017862,"LOAD_vs_CN",28,"study_3_Olink"
"TNFRSF1B",0.134417376760041,0.146553455741762,0.841237654916329,0.36959305636927,0.925284353017862,"LOAD_vs_CN",28,"study_3_Olink"
"TNFSF12",0.216045110871633,0.171611354892964,1.5848816786903,0.223085115177459,0.870865746516208,"LOAD_vs_CN",28,"study_3_Olink"
"TNFSF13",0.0931129608912844,0.161058701534043,0.334234970111037,0.569772415918387,0.940796799093607,"LOAD_vs_CN",28,"study_3_Olink"
"TNFSF13B",-0.164416325821915,0.167854350262807,0.959455143066008,0.339321594156125,0.912952070776007,"LOAD_vs_CN",28,"study_3_Olink"
"TXNDC15",0.0645373534324651,0.121129440683558,0.283872210605629,0.599324973230786,0.940796799093607,"LOAD_vs_CN",28,"study_3_Olink"
"TXNDC5",-0.19060143058225,0.14997629336468,1.61512849826586,0.2177678157082,0.870865746516208,"LOAD_vs_CN",28,"study_3_Olink"
"TYRO3",-0.00712470082098804,0.114841391167778,0.00384889775984585,0.951086424453246,0.99020151770083,"LOAD_vs_CN",28,"study_3_Olink"
"ULBP2",0.0149258161190895,0.299741442291474,0.00247960548579488,0.960904209466547,0.99020151770083,"LOAD_vs_CN",28,"study_3_Olink"
"UNC5C",-0.0574378440939816,0.143590065167124,0.160010129145929,0.693608651891161,0.960923552177744,"LOAD_vs_CN",28,"study_3_Olink"
"VASN",0.236490034312415,0.154191922974826,2.35235270528657,0.147073369367414,0.836154588642959,"LOAD_vs_CN",28,"study_3_Olink"
"VCAM1",0.0189522125239812,0.211896250936809,0.00799969243367611,0.930142042743468,0.987868778292363,"LOAD_vs_CN",28,"study_3_Olink"
"VEGFA",-0.129711759916054,0.18456349823075,0.493931901971288,0.490053043435883,0.940796799093607,"LOAD_vs_CN",28,"study_3_Olink"
"VEGFD",-0.0787643388004478,0.193685060715461,0.165373917743224,0.688916599754225,0.960923552177744,"LOAD_vs_CN",28,"study_3_Olink"
"VIM",0.444386537485689,0.569222306817949,0.609477904113074,0.449472380847974,0.930295636833279,"LOAD_vs_CN",28,"study_3_Olink"
"VMO1",-0.00997308480467352,0.145626782475965,0.00469003966489347,0.946070551510962,0.99020151770083,"LOAD_vs_CN",28,"study_3_Olink"
"VWA1",-0.0635109244020993,0.110191479524913,0.332200926432525,0.569466878725875,0.940796799093607,"LOAD_vs_CN",28,"study_3_Olink"
"VWC2",-0.125081398405483,0.210533662509635,0.352973714051981,0.56134319011528,0.940796799093607,"LOAD_vs_CN",28,"study_3_Olink"
"VWF",-0.099736793724305,0.15044667539439,0.439486577087895,0.517986348345052,0.940796799093607,"LOAD_vs_CN",28,"study_3_Olink"
"WIF1",0.0236931781362832,0.242494096245267,0.00954650270280821,0.922968766079991,0.987634255403955,"LOAD_vs_CN",28,"study_3_Olink"
"CD164",0.0294414128137364,0.0208783638055074,1.98849439774576,0.180752081350137,0.860265971762348,"LOAD_vs_CN",28,"study_3_Olink"
"CD300LF",0.0136054004926338,0.429224005619388,0.00100474222529991,0.975071557780838,0.99020151770083,"LOAD_vs_CN",28,"study_3_Olink"
"CD8A",-0.36898861704212,0.177002546483713,4.3457717118267,0.0555119980909532,0.624049936805191,"LOAD_vs_CN",28,"study_3_Olink"
"DPP4",-0.264815243021525,0.171866971661319,2.37411149324204,0.14755170618691,0.836154588642959,"LOAD_vs_CN",28,"study_3_Olink"
"EIF4B",-0.00481543832647091,0.153564030037779,0.000983314963743375,0.975252172788869,0.99020151770083,"LOAD_vs_CN",28,"study_3_Olink"
"F11R",0.0381297690565168,0.12407761736573,0.0944368427750816,0.761800040818104,0.974943769249868,"LOAD_vs_CN",28,"study_3_Olink"
"GUSB",0.0584506239894327,0.144639406992225,0.163307089407555,0.691106998530697,0.960923552177744,"LOAD_vs_CN",28,"study_3_Olink"
"IGLC2",-0.295261173339473,0.449753367159348,0.430986667581965,0.520933307905867,0.940796799093607,"LOAD_vs_CN",28,"study_3_Olink"
"LTBR",0.121294746385737,0.139306123239675,0.758129801531252,0.393588683922859,0.925284353017862,"LOAD_vs_CN",28,"study_3_Olink"
"NPM1",-0.0560681397054958,0.157820411870403,0.126213540248111,0.725353420041661,0.964696393697131,"LOAD_vs_CN",28,"study_3_Olink"
"PGF",-0.112407161454893,0.167377390104738,0.451018523250839,0.508555389668499,0.940796799093607,"LOAD_vs_CN",28,"study_3_Olink"
"TNFRSF6B",-0.239497616950385,0.297036858680341,0.650102305494305,0.432039890794543,0.925284353017862,"LOAD_vs_CN",28,"study_3_Olink"
"S100A12",0.0620246520428269,0.0965990267197038,0.412271365476351,0.530753818023629,0.940796799093607,"LOAD_vs_CN",28,"study_3_Olink"
"APEX1",-0.306213563480887,0.189407655970417,2.6136882657632,0.118015579622129,0.792641952685943,"LOAD_vs_CN",28,"study_3_Olink"
"CTSV",-0.0600012124577836,0.0847827827781672,0.50084658692158,0.485934858539698,0.940796799093607,"LOAD_vs_CN",28,"study_3_Olink"
"YES1",-0.0246096981115933,0.0882622677410887,0.0777431993504496,0.782794718054184,0.979259950236983,"LOAD_vs_CN",28,"study_3_Olink"
"CA12",-0.177054243918314,0.1605370113805,1.21636057356568,0.284790199801591,0.886450957506784,"LOAD_vs_CN",28,"study_3_Olink"
"CD27",-0.183324184470148,0.188452371259459,0.946316277559246,0.343220219769122,0.913899993468077,"LOAD_vs_CN",28,"study_3_Olink"
"SPRY2",0.174536766752663,0.195989050122684,0.793067653551657,0.38148298703202,0.925284353017862,"LOAD_vs_CN",28,"study_3_Olink"
"CEACAM1",-0.112318739381394,0.164019783911046,0.468934267572309,0.502940912608558,0.940796799093607,"LOAD_vs_CN",28,"study_3_Olink"
"KYAT1",0.338866088551225,0.161684953776858,4.39255295418778,0.0484788211078991,0.581745853294789,"LOAD_vs_CN",28,"study_3_Olink"
"LYPD3",-0.0657949861037208,0.0450059749142637,2.13720042323715,0.155759198736722,0.836154588642959,"LOAD_vs_CN",28,"study_3_Olink"
"ANXA11",-0.0729422518513858,0.116888060394189,0.389419799566706,0.539812907165864,0.940796799093607,"LOAD_vs_CN",28,"study_3_Olink"
"PSMD9",0.00058557625657274,0.13535578388048,1.87160105534066e-05,0.996593259735634,0.996593259735634,"LOAD_vs_CN",28,"study_3_Olink"
"LILRB2",0.17896204802591,0.122620986872756,2.1300621150126,0.157940311188115,0.836154588642959,"LOAD_vs_CN",28,"study_3_Olink"
"ERBB2",0.00986683222109441,0.103968716644676,0.00900637696013326,0.925610953764025,0.987634255403955,"LOAD_vs_CN",28,"study_3_Olink"
"KLK13",-0.287861543335601,0.0841788250147815,11.6939593544878,0.00320705443634866,0.188379322016974,"LOAD_vs_CN",28,"study_3_Olink"
"IL18",0.0965816293868578,0.114770788454922,0.7081517381948,0.410560051734983,0.925284353017862,"LOAD_vs_CN",28,"study_3_Olink"
"CDHR5",-0.164312591311267,0.112226090604958,2.1436507020795,0.155985107762601,0.836154588642959,"LOAD_vs_CN",28,"study_3_Olink"
"REG3A",-0.00374263348862636,0.115842946349599,0.00104379547282987,0.974705051517287,0.99020151770083,"LOAD_vs_CN",28,"study_3_Olink"
"LGALS8",-0.0715676726713852,0.167892221534615,0.181707409787064,0.674261568743718,0.956236696407536,"LOAD_vs_CN",28,"study_3_Olink"
"TNFRSF11A",0.0345712757208254,0.177040212524932,0.0381317702013934,0.846839873753093,0.981630805372806,"LOAD_vs_CN",27,"study_3_Olink"
"SKAP1",-0.327888523437019,0.191722705835498,2.9248616802364,0.0994839379318183,0.739706557001486,"LOAD_vs_CN",28,"study_3_Olink"
"CRISP2",-0.00169460164337476,0.214787684422801,6.22467232414345e-05,0.993798428970787,0.995488663688395,"LOAD_vs_CN",28,"study_3_Olink"
"CDSN",0.0854023104120119,0.393095290092569,0.0472001696107894,0.83057564372961,0.979259950236983,"LOAD_vs_CN",28,"study_3_Olink"
"LXN",-0.0370683861527241,0.121979304244286,0.0923496073751653,0.763676348366897,0.974943769249868,"LOAD_vs_CN",28,"study_3_Olink"
"PI3",-0.201372314751699,0.224196499760388,0.806755376976028,0.380045508284241,0.925284353017862,"LOAD_vs_CN",28,"study_3_Olink"
"CLEC5A",0.019346047369718,0.252190307307291,0.00588474585844248,0.939615316197342,0.99020151770083,"LOAD_vs_CN",28,"study_3_Olink"
"VAMP5",0.0433901116265938,0.0631838716787834,0.471594863333834,0.504348178199218,0.940796799093607,"LOAD_vs_CN",28,"study_3_Olink"
"RETN",0.256895871688045,0.400776915105677,0.41087418374995,0.534925860496082,0.940796799093607,"LOAD_vs_CN",28,"study_3_Olink"
"CD63",0.0672035885802442,0.0929713186031431,0.522500785522709,0.477231953928692,0.940796799093607,"LOAD_vs_CN",28,"study_3_Olink"
"LAIR2",-0.333503641606713,0.479121409838644,0.484518099292701,0.496680122309817,0.940796799093607,"LOAD_vs_CN",28,"study_3_Olink"
"CLEC7A",0.193861521453877,0.24647294394078,0.618649589012265,0.442080301997423,0.925284353017862,"LOAD_vs_CN",28,"study_3_Olink"
"SERPINB8",0.136727831746776,0.252150704520575,0.294031244173376,0.592982345267441,0.940796799093607,"LOAD_vs_CN",28,"study_3_Olink"
"RBKS",0.245880753551387,0.17313367793306,2.01690740701894,0.168288923654958,0.838217521167618,"LOAD_vs_CN",28,"study_3_Olink"
"TLR3",-0.047575184503752,0.143422340659396,0.110034113934873,0.744494093409345,0.974943769249868,"LOAD_vs_CN",28,"study_3_Olink"
"SCARA5",-0.391499654449049,0.195000593892322,4.03079673444318,0.0594235673918439,0.624049936805191,"LOAD_vs_CN",28,"study_3_Olink"
"NPPB",-0.592163434135002,0.237715000833961,6.20540306496907,0.0208897694795136,0.470019813289055,"LOAD_vs_CN",28,"study_3_Olink"
"FOLR3",0.108309577929244,0.149409273413876,0.525507137893756,0.476481270310436,0.940796799093607,"LOAD_vs_CN",28,"study_3_Olink"
"SCARB2",-0.0906483142418688,0.140575431866022,0.415815439901091,0.526529557503521,0.940796799093607,"LOAD_vs_CN",28,"study_3_Olink"
"ASAH2",0.0486732255016227,0.180893598499149,0.0723992151187093,0.790657766075322,0.979259950236983,"LOAD_vs_CN",28,"study_3_Olink"
"PGLYRP1",0.0226154881791443,0.198555592060228,0.0129732171630615,0.910366119453833,0.984597994617541,"LOAD_vs_CN",28,"study_3_Olink"
"HDGF",-0.331336003392309,0.305889622049308,1.17329649450741,0.288943953125813,0.886450957506784,"LOAD_vs_CN",28,"study_3_Olink"
"IL1RN",0.0121453766947361,0.163559540383795,0.00551404384964103,0.941803310638002,0.99020151770083,"LOAD_vs_CN",27,"study_3_Olink"
"ACP5",-0.012228276582507,0.0961104117420161,0.0161878671179757,0.900496028543087,0.984597994617541,"LOAD_vs_CN",28,"study_3_Olink"
"PAPPA",0.0110271080123008,0.141579112408899,0.00606631400492863,0.938605990687517,0.99020151770083,"LOAD_vs_CN",27,"study_3_Olink"
"PFKM",-0.1335367878688,0.13630231607984,0.959832342244448,0.338630444947155,0.912952070776007,"LOAD_vs_CN",28,"study_3_Olink"
"TNFRSF10C",0.0253688582781635,0.144015329771795,0.0310301873826336,0.86210847160134,0.983517184774413,"LOAD_vs_CN",28,"study_3_Olink"
"OLR1",0.177400469093579,0.114586332047923,2.39686675852926,0.134315652369449,0.822340728792544,"LOAD_vs_CN",27,"study_3_Olink"
"KLK8",-0.300025883546968,0.185611681321914,2.61280403039783,0.119258770035429,0.794503603080399,"LOAD_vs_CN",28,"study_3_Olink"
"MMP9",0.0562155830688438,0.151346229496973,0.137965413668742,0.714075531411296,0.964696393697131,"LOAD_vs_CN",28,"study_3_Olink"
"CD48",-0.160736539722765,0.101704111115395,2.49776866267558,0.128492150577798,0.814386869859283,"LOAD_vs_CN",28,"study_3_Olink"
"MSR1",-0.00883813003394973,0.173691194236018,0.00258919745523656,0.959903678407586,0.99020151770083,"LOAD_vs_CN",28,"study_3_Olink"
"CA9",-0.296395557973298,0.186403395586849,2.52834155495783,0.129757274238287,0.815375970230352,"LOAD_vs_CN",28,"study_3_Olink"
"ICAM3",-0.0940558987164648,0.0916077137762882,1.05416352602038,0.317740640714879,0.90672194231225,"LOAD_vs_CN",28,"study_3_Olink"
"PLAU",0.126766902804857,0.183803162565653,0.475670041815407,0.4979030979462,0.940796799093607,"LOAD_vs_CN",28,"study_3_Olink"
"SCGB3A2",-0.0811064546103852,0.106578056714315,0.57912890364363,0.454818664642186,0.930375320667014,"LOAD_vs_CN",28,"study_3_Olink"
"CHRDL2",-0.0395592056655349,0.0906712551416794,0.190351309943305,0.666431528299791,0.956236696407536,"LOAD_vs_CN",28,"study_3_Olink"
"PTX3",-0.0227518816005974,0.0693063786996332,0.107767603048212,0.745620683010216,0.974943769249868,"LOAD_vs_CN",27,"study_3_Olink"
"KYNU",0.19968400087401,0.140269018142083,2.02657660691622,0.169506209836118,0.838217521167618,"LOAD_vs_CN",28,"study_3_Olink"
"INPP1",0.150998939256678,0.112788827534492,1.79232032083209,0.197679707843154,0.860265971762348,"LOAD_vs_CN",28,"study_3_Olink"
"NOMO1",0.24264435821514,0.259092898046571,0.877060148598861,0.362862724440707,0.925284353017862,"LOAD_vs_CN",28,"study_3_Olink"
"TYMP",-0.0656655103737194,0.307094628403731,0.0457225252297297,0.833529101279551,0.979259950236983,"LOAD_vs_CN",28,"study_3_Olink"
"STK4",-0.062390230256649,0.0585942253656909,1.13376629667241,0.297162125473137,0.893219476143055,"LOAD_vs_CN",27,"study_3_Olink"
"CD300C",0.0925766384353137,0.220109233619991,0.176899371805155,0.678422596902343,0.958524862185413,"LOAD_vs_CN",28,"study_3_Olink"
"PRTG",-0.0570296470963925,0.124691250701571,0.209184454115672,0.653030267535361,0.949478579615226,"LOAD_vs_CN",28,"study_3_Olink"
"CRTAM",-0.0753801036812156,0.105966861550437,0.506026565475939,0.487917027828291,0.940796799093607,"LOAD_vs_CN",28,"study_3_Olink"
"CD38",-0.247075096380793,0.22507951391968,1.20499712223312,0.291543870468898,0.886450957506784,"LOAD_vs_CN",28,"study_3_Olink"
"SIGLEC1",-0.0415762715765116,0.169311663531102,0.0603000021600658,0.80797934245101,0.979259950236983,"LOAD_vs_CN",28,"study_3_Olink"
"CLEC1B",-0.41449564919683,0.162223344357185,6.52849764275846,0.0182229963562322,0.455574908905806,"LOAD_vs_CN",28,"study_3_Olink"
"RSPO1",0.0197512811873102,0.0913178564933275,0.0467820367979588,0.831004564754022,0.979259950236983,"LOAD_vs_CN",28,"study_3_Olink"
"MME",0.0717645391923258,0.110506274925639,0.421741095866467,0.522677188450752,0.940796799093607,"LOAD_vs_CN",28,"study_3_Olink"
"WFIKKN1",-0.0938187640506363,0.0622052473685242,2.27470651646674,0.14477543086201,0.836154588642959,"LOAD_vs_CN",28,"study_3_Olink"
"GZMA",-0.498710421799096,0.165645093921535,9.06441400279072,0.00622666519773953,0.280199933898279,"LOAD_vs_CN",28,"study_3_Olink"
"ACVRL1",0.033767346045682,0.138119964321167,0.0597696815541653,0.810240822097089,0.979259950236983,"LOAD_vs_CN",28,"study_3_Olink"
"BMP4",-0.22216239505458,0.205907489698034,1.16411747741881,0.298640509119152,0.893219476143055,"LOAD_vs_CN",28,"study_3_Olink"
"IL12B",-0.0849089636436808,0.131466096996578,0.417137794822215,0.526127582768678,0.940796799093607,"LOAD_vs_CN",28,"study_3_Olink"
"DKK4",-0.124088402564615,0.142517647022356,0.758097562968547,0.392627638428541,0.925284353017862,"LOAD_vs_CN",28,"study_3_Olink"
"CD200R1",-0.0888274374697309,0.0844273388855647,1.10695015585486,0.306291394233071,0.893219476143055,"LOAD_vs_CN",28,"study_3_Olink"
"ANGPT1",-0.06899914770612,0.193612325063549,0.12700518510007,0.725121549531024,0.964696393697131,"LOAD_vs_CN",27,"study_3_Olink"
"IL6",-0.226056617313156,0.204139943749798,1.22624843924355,0.279290952034843,0.882583984914631,"LOAD_vs_CN",28,"study_3_Olink"
"TNFRSF10A",0.0308198128355945,0.0984551897594221,0.0979902276996901,0.757240309385548,0.974943769249868,"LOAD_vs_CN",27,"study_3_Olink"
"TNFRSF10B",0.0483552133203542,0.184347626538393,0.0688036544624641,0.795635485688255,0.979259950236983,"LOAD_vs_CN",27,"study_3_Olink"
"TEK",-0.0460955052507979,0.13684168660166,0.113469808682264,0.739729055711745,0.9719107301206,"LOAD_vs_CN",27,"study_3_Olink"
"IL1RL2",-0.134381806625782,0.167981787315934,0.639965489800497,0.431410632487376,0.925284353017862,"LOAD_vs_CN",27,"study_3_Olink"
"IL27",-0.280574527895848,0.18230355193561,2.36867906096847,0.138949272995968,0.836154588642959,"LOAD_vs_CN",27,"study_3_Olink"
"IL17D",-0.0625669273332576,0.175880303491989,0.126547987177189,0.725666065036619,0.964696393697131,"LOAD_vs_CN",27,"study_3_Olink"
"CXCL1",-0.083697926598898,0.194834643320834,0.184542771049277,0.672676680135051,0.956236696407536,"LOAD_vs_CN",28,"study_3_Olink"
"LGALS9",-0.0658821608195215,0.165391288861692,0.158675694010548,0.694470687580285,0.960923552177744,"LOAD_vs_CN",27,"study_3_Olink"
"CTRC",0.0926420495601725,0.144236373751276,0.4125406216251,0.52927733361208,0.940796799093607,"LOAD_vs_CN",27,"study_3_Olink"
"GH1",0.686466121932054,0.377729868643966,3.3027489477544,0.0875170920781543,0.709598043876927,"LOAD_vs_CN",27,"study_3_Olink"
"HAVCR1",0.0890112415063715,0.163342852858887,0.296954180805475,0.590637640736309,0.940796799093607,"LOAD_vs_CN",27,"study_3_Olink"
"HMOX1",-0.204945063400315,0.174104011654969,1.38566219167949,0.252065573839015,0.876368716902465,"LOAD_vs_CN",27,"study_3_Olink"
"XCL1",-0.474899009594464,0.273689751438846,3.01082461110459,0.101815980160447,0.739706557001486,"LOAD_vs_CN",27,"study_3_Olink"
"IL16",-0.187432024072354,0.114296547555028,2.68918924517769,0.114097359002869,0.772087391748736,"LOAD_vs_CN",27,"study_3_Olink"
"CCL17",-0.192231666063782,0.206484432180107,0.866712843861836,0.361545454848042,0.925284353017862,"LOAD_vs_CN",27,"study_3_Olink"
"CCL3",0.121843184439247,0.185833806301731,0.429885738251655,0.519912939770126,0.940796799093607,"LOAD_vs_CN",27,"study_3_Olink"
"MMP7",-0.004134435470867,0.395042092480409,0.000109533178371381,0.991806614158778,0.995488663688395,"LOAD_vs_CN",27,"study_3_Olink"
"DKK1",-0.00151319898591051,0.178143084988747,7.21529588392359e-05,0.993296298430387,0.995488663688395,"LOAD_vs_CN",27,"study_3_Olink"
"FABP2",-0.492848514368276,0.131983427083601,13.9440233512575,0.0009874299697092,0.126955281819754,"LOAD_vs_CN",27,"study_3_Olink"
"MMP12",1.1550544304767,0.516187798715064,5.00713650129068,0.0469637299022869,0.581745853294789,"LOAD_vs_CN",27,"study_3_Olink"
"TNFRSF13B",-0.362803942708854,0.130728083618436,7.70204774552358,0.0123646210120028,0.359816976403767,"LOAD_vs_CN",27,"study_3_Olink"
"CD4",-0.177926897334199,0.134803272181448,1.7421371532703,0.206190037827111,0.860265971762348,"LOAD_vs_CN",27,"study_3_Olink"
"CXCL8",0.00374269825104001,0.176076149145998,0.000451823240011366,0.983299268492658,0.993231584336018,"LOAD_vs_CN",28,"study_3_Olink"
"CDCP1",0.183861603876032,0.186944453606968,0.967290492367203,0.335676940715425,0.912952070776007,"LOAD_vs_CN",28,"study_3_Olink"
"CD244",0.0171145814666369,0.0856551006783326,0.0399232700364611,0.844042758628513,0.981630805372806,"LOAD_vs_CN",28,"study_3_Olink"
"IL7",0.117955214725744,0.10578212062179,1.24339682153475,0.28107380611912,0.882583984914631,"LOAD_vs_CN",28,"study_3_Olink"
"CXCL11",-0.776892967844431,0.274212906617586,8.02687678129448,0.00879122276073637,0.337986657433416,"LOAD_vs_CN",28,"study_3_Olink"
"TNFSF10",0.110543178800281,0.268905068380351,0.168991912991888,0.685967031436014,0.960923552177744,"LOAD_vs_CN",28,"study_3_Olink"
"CXCL9",-0.0971517605147074,0.323556395212361,0.0901573988904109,0.768262937095892,0.975227987850921,"LOAD_vs_CN",28,"study_3_Olink"
"CST5",-0.00868122990553477,0.0410048488079635,0.0448220881949381,0.834141893858244,0.979259950236983,"LOAD_vs_CN",28,"study_3_Olink"
"CCL4",-0.0515636867093807,0.162468220251491,0.100728200646433,0.753889092659554,0.974943769249868,"LOAD_vs_CN",28,"study_3_Olink"
"CCL11",0.0226953635206311,0.103810266495514,0.0477962335874227,0.829091553984169,0.979259950236983,"LOAD_vs_CN",28,"study_3_Olink"
"TNFSF14",0.0318738351409982,0.124775879785399,0.0652540336576382,0.80111340210624,0.979259950236983,"LOAD_vs_CN",28,"study_3_Olink"
"FGF5",0.0818306613295643,0.168288366176547,0.236441624098878,0.633032271677277,0.940796799093607,"LOAD_vs_CN",28,"study_3_Olink"
"IL10RB",0.141061057090262,0.141311860795568,0.996453501671318,0.33293768047823,0.912952070776007,"LOAD_vs_CN",28,"study_3_Olink"
"IL18R1",-0.252696932668285,0.213809094678145,1.39684298605657,0.254146927901715,0.876368716902465,"LOAD_vs_CN",28,"study_3_Olink"
"CD274",0.0595309882483779,0.181815417838081,0.10720740098089,0.747158722021516,0.974943769249868,"LOAD_vs_CN",28,"study_3_Olink"
"CXCL5",-0.214332208569479,0.160163970259035,1.79079233375304,0.199318942317922,0.860265971762348,"LOAD_vs_CN",28,"study_3_Olink"
"HGF",0.36598393904681,0.172018510548984,4.52661635601386,0.0475832610028594,0.581745853294789,"LOAD_vs_CN",28,"study_3_Olink"
"MMP10",0.723547258824729,0.210762507748304,11.7854749829498,0.00406446091357331,0.207270677922961,"LOAD_vs_CN",28,"study_3_Olink"
"CCL23",-0.105124280872714,0.183505639115706,0.328176324405525,0.573793484402296,0.940796799093607,"LOAD_vs_CN",28,"study_3_Olink"
"CD5",-0.267145538810909,0.186770690117336,2.04587174837148,0.166260846574755,0.838217521167618,"LOAD_vs_CN",28,"study_3_Olink"
"FLT3LG",-0.0253665726469681,0.152329644113423,0.0277303103328169,0.869806552485328,0.983517184774413,"LOAD_vs_CN",28,"study_3_Olink"
"CXCL6",-0.505180393741545,0.283977703767512,3.16464127266047,0.0961665886079724,0.739706557001486,"LOAD_vs_CN",28,"study_3_Olink"
"EIF4EBP1",-0.488247321028211,0.381987701365722,1.63373260773772,0.213788610952646,0.863143279313178,"LOAD_vs_CN",28,"study_3_Olink"
"SIRT2",0.138337303080323,0.162220054794069,0.727226208408363,0.403438888689949,0.925284353017862,"LOAD_vs_CN",28,"study_3_Olink"
"CCL28",-0.11025556931178,0.103488772470363,1.13504897542138,0.297329004151537,0.893219476143055,"LOAD_vs_CN",28,"study_3_Olink"
"CD40",0.0277100870316307,0.166265859077863,0.0277759945552612,0.869797362847753,0.983517184774413,"LOAD_vs_CN",28,"study_3_Olink"
"FGF19",-0.199671467158015,0.249483486393702,0.640543176671562,0.436771845410618,0.925284353017862,"LOAD_vs_CN",28,"study_3_Olink"
"CCL8",-0.549915886055572,0.258809026680434,4.51474985472625,0.0477290216866534,0.581745853294789,"LOAD_vs_CN",28,"study_3_Olink"
"CCL25",0.0641388932851603,0.128660900559531,0.248513365025232,0.623163998048733,0.940796799093607,"LOAD_vs_CN",28,"study_3_Olink"
"TNFRSF9",0.0175443227720979,0.131446598943616,0.0178145357939725,0.895778781842677,0.984597994617541,"LOAD_vs_CN",28,"study_3_Olink"
"LTA",0.0268043009160985,0.146990089090452,0.0332531555197046,0.857593098080217,0.983517184774413,"LOAD_vs_CN",28,"study_3_Olink"
"IL17RA",0.0068628999205167,0.14573146037181,0.00221773013374617,0.962800996019687,0.99020151770083,"LOAD_vs_CN",28,"study_3_Olink"
"IL2RA",-0.184642217061737,0.124377935566895,2.20381596194835,0.151184916855585,0.836154588642959,"LOAD_vs_CN",28,"study_3_Olink"
"CCL24",-0.151579098750715,0.121292088188694,1.5617578409486,0.223368310540801,0.870865746516208,"LOAD_vs_CN",28,"study_3_Olink"
"SELE",-0.247378199183968,0.385151583721152,0.412533737461348,0.532555641524034,0.940796799093607,"LOAD_vs_CN",28,"study_3_Olink"
"EPCAM",-0.13394778699022,0.184380798013638,0.527763930002333,0.481022179688269,0.940796799093607,"LOAD_vs_CN",28,"study_3_Olink"
"CPA1",-0.111357876821189,0.216859611717528,0.263684457846594,0.6135796216382,0.940796799093607,"LOAD_vs_CN",28,"study_3_Olink"
"LGALS4",-0.17977532542091,0.151961574789616,1.39956346234292,0.249923310772196,0.876368716902465,"LOAD_vs_CN",28,"study_3_Olink"
"CASP3",-0.122564411776603,0.161530845217126,0.575728646835214,0.45485015677054,0.930375320667014,"LOAD_vs_CN",28,"study_3_Olink"
"IL1RL1",-0.0827957182042502,0.246404097565466,0.112906749410528,0.739732055702901,0.9719107301206,"LOAD_vs_CN",28,"study_3_Olink"
"FLT1",0.29513576878926,0.16632190380697,3.14879798209811,0.0982450045753955,0.739706557001486,"LOAD_vs_CN",28,"study_3_Olink"
"SCAMP3",0.243327922001074,0.150649232687988,2.60885563016291,0.12005832224326,0.794503603080399,"LOAD_vs_CN",28,"study_3_Olink"
"LY9",-0.0967561212958792,0.0616844795756391,2.46039644353559,0.131366128537112,0.815375970230352,"LOAD_vs_CN",28,"study_3_Olink"
"TFPI2",0.203717209189898,0.208554322652071,0.954150856198836,0.340490329194631,0.912952070776007,"LOAD_vs_CN",28,"study_3_Olink"
"KLK14",-0.460637853617385,0.209742183678563,4.82333778611535,0.0399903414127085,0.562364176116213,"LOAD_vs_CN",28,"study_3_Olink"
"METAP2",0.00743851491468739,0.182763158019044,0.00165651422160927,0.967897895542249,0.99020151770083,"LOAD_vs_CN",28,"study_3_Olink"
"NECTIN4",0.0406390960929901,0.0903696136547428,0.202228903991441,0.659413212513835,0.955707067991157,"LOAD_vs_CN",28,"study_3_Olink"
"FASLG",-0.301280967052504,0.132039152665728,5.20640485221658,0.0327503483304268,0.546666927426362,"LOAD_vs_CN",28,"study_3_Olink"
"EPHA2",-0.0176319524948174,0.0742373405942036,0.0564099873894084,0.8149923669798,0.979259950236983,"LOAD_vs_CN",28,"study_3_Olink"
"ITGB5",0.00145930792718652,0.118803123583091,0.000150882254475095,0.990304743227201,0.995488663688395,"LOAD_vs_CN",28,"study_3_Olink"
"XPNPEP2",-0.359062706828636,0.324692259711073,1.22291628892587,0.282426875172682,0.882583984914631,"LOAD_vs_CN",28,"study_3_Olink"
"ADAM8",-0.0185992052882442,0.169000062402625,0.0121119772377481,0.914432402938669,0.984597994617541,"LOAD_vs_CN",28,"study_3_Olink"
"ABL1",0.377510012000648,0.116698622497019,10.4646688260299,0.00414541355845922,0.207270677922961,"LOAD_vs_CN",28,"study_3_Olink"
"LYN",-0.0553555353945443,0.0473870016581209,1.36459460741366,0.257587800344842,0.877365049954041,"LOAD_vs_CN",28,"study_3_Olink"
"CD160",-0.0347771912141104,0.200085816884807,0.0302103945369505,0.863700416119029,0.983517184774413,"LOAD_vs_CN",28,"study_3_Olink"
"TNFRSF4",-0.147177903966427,0.107308001011568,1.88113956538568,0.183253736682677,0.860265971762348,"LOAD_vs_CN",28,"study_3_Olink"
"CCN4",-0.156699142489584,0.19133390540844,0.670732526240619,0.425930445549414,0.925284353017862,"LOAD_vs_CN",28,"study_3_Olink"
"CXCL17",-0.00234854277836494,0.0576210768984098,0.00166124699755407,0.968026926572322,0.99020151770083,"LOAD_vs_CN",28,"study_3_Olink"
"PPY",-0.501604319665205,0.273915820097909,3.35342273297085,0.0865676730424745,0.70828096125661,"LOAD_vs_CN",28,"study_3_Olink"
"AREG",0.0425794766936569,0.0707414772085106,0.362286699624856,0.553864345353262,0.940796799093607,"LOAD_vs_CN",28,"study_3_Olink"
"CXCL13",-0.226597807445919,0.152660374869846,2.20322452712185,0.155508762353298,0.836154588642959,"LOAD_vs_CN",28,"study_3_Olink"
"SMAD5",-0.188262600261794,0.146226070217553,1.65759523036182,0.21722976359623,0.870865746516208,"LOAD_vs_CN",28,"study_3_Olink"
"ADAMTS15",-0.077552085822898,0.130903991835527,0.350979042944679,0.561044174103486,0.940796799093607,"LOAD_vs_CN",28,"study_3_Olink"
"RSPO3",0.283980146904568,0.234307332002576,1.46894048792374,0.23910358280185,0.876368716902465,"LOAD_vs_CN",28,"study_3_Olink"
"GZMB",-0.288175778015062,0.15548682493151,3.43500804165887,0.0763119214234396,0.672877489165996,"LOAD_vs_CN",28,"study_3_Olink"
"EDAR",-0.0424910004396293,0.0638887924706908,0.442328124003473,0.513558951806235,0.940796799093607,"LOAD_vs_CN",28,"study_3_Olink"
"CKAP4",0.309321271317224,0.202923252567832,2.32357097755614,0.142952379103416,0.836154588642959,"LOAD_vs_CN",28,"study_3_Olink"
"TREM1",0.377873634345149,0.135757319753746,7.74759073175616,0.016643198089288,0.440555243539976,"LOAD_vs_CN",28,"study_3_Olink"
"KLRD1",-0.299674398800864,0.137466244410126,4.75233612200487,0.0391788864387102,0.55969837769586,"LOAD_vs_CN",28,"study_3_Olink"
"DFFA",0.05245821788907,0.120959982256142,0.188080441854963,0.668241598994177,0.956236696407536,"LOAD_vs_CN",28,"study_3_Olink"
"IFNLR1",-0.0753183198186638,0.105299580828259,0.511620528407776,0.486955006600192,0.940796799093607,"LOAD_vs_CN",28,"study_3_Olink"
"TIGAR",0.215049376236472,0.111428739801894,3.72461970502546,0.0760032442665271,0.672877489165996,"LOAD_vs_CN",28,"study_3_Olink"
"ENTPD2",0.233461350973362,0.157398283968032,2.20003708883413,0.156616279924458,0.836154588642959,"LOAD_vs_CN",28,"study_3_Olink"
"EGFL7",0.0314463580461917,0.183700967374217,0.0293033871741457,0.865744356122493,0.983517184774413,"LOAD_vs_CN",28,"study_3_Olink"
"FCRL1",-0.254943593675742,0.11169708222638,5.20960204747477,0.0309061179541911,0.545402081544549,"LOAD_vs_CN",28,"study_3_Olink"
"DDC",0.276449383308624,0.161426445410188,2.93279618993684,0.105593528784045,0.754239491314609,"LOAD_vs_CN",28,"study_3_Olink"
"TFF2",-0.512584060169858,0.219702361336949,5.44328086976328,0.0289576353609021,0.542894957754385,"LOAD_vs_CN",28,"study_3_Olink"
"CD2AP",-0.586362664719011,0.303110672158674,3.7422273148928,0.0644357788492087,0.644357788492087,"LOAD_vs_CN",28,"study_3_Olink"
"CD79B",-0.275560985811338,0.142856279351637,3.72080396911456,0.0701442331105776,0.663693519207767,"LOAD_vs_CN",28,"study_3_Olink"
"SIGLEC7",0.350903035380936,0.196504549208378,3.18881285317278,0.0951273922823819,0.739706557001486,"LOAD_vs_CN",28,"study_3_Olink"
"ENTPD5",-0.0137943693106735,0.0717593362193615,0.0369527592355877,0.850243268175376,0.98280232397282,"LOAD_vs_CN",28,"study_3_Olink"
"SOST",-0.0458953526383499,0.313794137154727,0.0213918217968312,0.885756690755898,0.984362800139884,"LOAD_vs_CN",28,"study_3_Olink"
"PPP1R2",0.256438774728335,0.13715907113455,3.49557251263718,0.0770070904267751,0.672877489165996,"LOAD_vs_CN",28,"study_3_Olink"
"ADGRE2",-0.0417322407005161,0.146618810913533,0.0810147360078392,0.778378066458796,0.979259950236983,"LOAD_vs_CN",28,"study_3_Olink"
"REG4",-0.401629829977289,0.145796009297295,7.58858231467868,0.0109879451657941,0.359816976403767,"LOAD_vs_CN",28,"study_3_Olink"
"CD1C",-0.121402764233644,0.114589194969524,1.12245726180968,0.306672020142449,0.893219476143055,"LOAD_vs_CN",28,"study_3_Olink"
"PAG1",0.0432816696084783,0.110314350779845,0.153937342262175,0.699415802389147,0.960923552177744,"LOAD_vs_CN",28,"study_3_Olink"
"CR2",-0.323160641364417,0.208180283941426,2.40967088161428,0.141017456869697,0.836154588642959,"LOAD_vs_CN",28,"study_3_Olink"
"TIMD4",-0.0560221985423981,0.271310766020491,0.0426369609280403,0.839209951550525,0.981497890648564,"LOAD_vs_CN",28,"study_3_Olink"
"WNT9A",0.0416238490128422,0.0824706593524399,0.25473319426044,0.620370157137272,0.940796799093607,"LOAD_vs_CN",28,"study_3_Olink"
"BCL2L11",0.0557149890820932,0.0303343547698048,3.37345231918532,0.0839146863780868,0.70230944037487,"LOAD_vs_CN",28,"study_3_Olink"
"IGSF3",0.164193103879357,0.140126843335373,1.37298928570786,0.253683297137688,0.876368716902465,"LOAD_vs_CN",28,"study_3_Olink"
"TACSTD2",0.0250890977683937,0.12527589771434,0.040108372590075,0.843085488622141,0.981630805372806,"LOAD_vs_CN",28,"study_3_Olink"
"CFC1",0.113451331189913,0.232344487279626,0.238426457884119,0.630204273379792,0.940796799093607,"LOAD_vs_CN",28,"study_3_Olink"
"MAP2K6",0.0875987416051833,0.0617103259421331,2.01502321594269,0.172504137888096,0.848219503745885,"LOAD_vs_CN",28,"study_3_Olink"
"KAZALD1",0.110319752846719,0.158854247065884,0.482290713324011,0.495928679114982,0.940796799093607,"LOAD_vs_CN",28,"study_3_Olink"
"SIGLEC10",0.114964450770602,0.139221658054362,0.681888764153521,0.420644057907536,0.925284353017862,"LOAD_vs_CN",28,"study_3_Olink"
"IL17RB",0.053480770670677,0.149040876110619,0.128761054347112,0.722853170111797,0.964696393697131,"LOAD_vs_CN",28,"study_3_Olink"
"FGF21",0.0589255672676741,0.380566237080181,0.0239743605291102,0.879639364106586,0.984362800139884,"LOAD_vs_CN",28,"study_3_Olink"
"TMSB10",0.879811715794735,0.215951307885678,16.5984603137637,0.000781832442752318,0.117274866412848,"LOAD_vs_CN",28,"study_3_Olink"
"CD300LG",-0.164897547737629,0.112003006789254,2.1675495328928,0.157774955401837,0.836154588642959,"LOAD_vs_CN",28,"study_3_Olink"
"CCL21",-0.112019443297111,0.0834309907457591,1.80273552999865,0.197550212565334,0.860265971762348,"LOAD_vs_CN",28,"study_3_Olink"
"CDON",-0.0965152023829168,0.0980194667353787,0.969542342155129,0.334010218338279,0.912952070776007,"LOAD_vs_CN",28,"study_3_Olink"
"CD69",0.141173595038712,0.104552156089905,1.82322791664336,0.192344669608325,0.860265971762348,"LOAD_vs_CN",28,"study_3_Olink"
"XG",-0.592150581330479,0.344706838809372,2.95096813941179,0.112917655491866,0.76989310562636,"LOAD_vs_CN",28,"study_3_Olink"
"FCER2",-0.164467215019294,0.304727737184375,0.291296122287215,0.594287569492039,0.940796799093607,"LOAD_vs_CN",28,"study_3_Olink"
"FUT5",-0.0326287716390969,0.139655959585598,0.0545861547846341,0.819012468576639,0.979259950236983,"LOAD_vs_CN",28,"study_3_Olink"
"MMP1",-0.0920189646476537,0.194108529230901,0.224732274409782,0.641971115775373,0.940796799093607,"LOAD_vs_CN",28,"study_3_Olink"
"CCL5",-0.253998895057023,0.162192493822515,2.45246123754887,0.133190550368705,0.821037639259141,"LOAD_vs_CN",28,"study_3_Olink"
"GNLY",-0.0617985943810843,0.232021325944965,0.0709416663664552,0.792161441362717,0.979259950236983,"LOAD_vs_CN",28,"study_3_Olink"
"IL7R",0.115991095150696,0.142696702046724,0.660726044078382,0.42754672695787,0.925284353017862,"LOAD_vs_CN",28,"study_3_Olink"
"CD40LG",-0.10542405614918,0.083701010708434,1.58641949656614,0.219471272996338,0.870865746516208,"LOAD_vs_CN",27,"study_3_Olink"
"SLAMF7",0.0141976408951576,0.0765169801117655,0.0344283914011581,0.854874923635817,0.98280232397282,"LOAD_vs_CN",27,"study_3_Olink"
"IL4R",0.0263824251188929,0.0414251898822474,0.405602303459872,0.530216828488642,0.940796799093607,"LOAD_vs_CN",27,"study_3_Olink"
"SRC",-0.0395332644314363,0.082384683055444,0.230267371889194,0.636047126305032,0.940796799093607,"LOAD_vs_CN",27,"study_3_Olink"
"CBLIF",-0.243048595937856,0.141703767173226,2.94186975254961,0.103890619746646,0.748012462175848,"LOAD_vs_CN",27,"study_3_Olink"
"AGER",-0.190251064662009,0.209558175270063,0.824223466656463,0.380600332000578,0.925284353017862,"LOAD_vs_CN",27,"study_3_Olink"
"FGF23",-0.0686055191404282,0.0594992460722494,1.32952094822054,0.260030236678529,0.877365049954041,"LOAD_vs_CN",27,"study_3_Olink"
"REN",-0.286046225236189,0.136648086215252,4.38192898244749,0.0466443351468522,0.581745853294789,"LOAD_vs_CN",27,"study_3_Olink"
"DECR1",-0.109560391858047,0.182995114805593,0.358449650833238,0.555187700285077,0.940796799093607,"LOAD_vs_CN",27,"study_3_Olink"
"THBD",-0.322624704975548,0.190171196642889,2.87809922318351,0.106516101429435,0.754838514066864,"LOAD_vs_CN",27,"study_3_Olink"
"VSIG2",-0.00755234386185588,0.114088506558692,0.00438207413330169,0.947909076720538,0.99020151770083,"LOAD_vs_CN",27,"study_3_Olink"
"CEACAM8",-0.171541574429036,0.119277978349675,2.06832244232672,0.165452384878309,0.838217521167618,"LOAD_vs_CN",27,"study_3_Olink"
"FCGR2B",-0.177675366559877,0.167216766470196,1.12900222563197,0.305168191081533,0.893219476143055,"LOAD_vs_CN",27,"study_3_Olink"
"THPO",-0.0215951256524547,0.0381762339789917,0.319981819222548,0.576820547143912,0.940796799093607,"LOAD_vs_CN",27,"study_3_Olink"
"ACE2",0.0421758429291699,0.0741801966527298,0.323259712052353,0.574914096886149,0.940796799093607,"LOAD_vs_CN",27,"study_3_Olink"
"IKBKG",-0.26910822596972,0.145733891189625,3.40983076259339,0.0769501757930198,0.672877489165996,"LOAD_vs_CN",27,"study_3_Olink"
"SELP",0.0876801718931137,0.173305106388574,0.25596469441344,0.617893220203838,0.940796799093607,"LOAD_vs_CN",28,"study_3_Olink"
"TREML2",-0.171071095022973,0.161615236095161,1.12044016449392,0.302969853285934,0.893219476143055,"LOAD_vs_CN",28,"study_3_Olink"
"AZU1",-0.223547414260616,0.195161938625314,1.31204597911107,0.262466220779431,0.877365049954041,"LOAD_vs_CN",28,"study_3_Olink"
"MPO",-0.178224762821805,0.0843084607611347,4.4688293444399,0.0442915668388081,0.581745853294789,"LOAD_vs_CN",28,"study_3_Olink"
"GP6",0.0318792819520537,0.08706062483739,0.13408293320467,0.717550994483797,0.964696393697131,"LOAD_vs_CN",28,"study_3_Olink"
"PRTN3",-0.123200629271268,0.153207221081211,0.646647170495512,0.429025532227349,0.925284353017862,"LOAD_vs_CN",28,"study_3_Olink"
"SLAMF8",-0.0547767019213108,0.0901521825137435,0.369180938806278,0.550493578671373,0.940796799093607,"LOAD_vs_CN",28,"study_3_Olink"
"SIGLEC6",0.219407430983144,0.173163136325094,1.60543149431494,0.228109266412976,0.876368716902465,"LOAD_vs_CN",28,"study_3_Olink"
"METAP1D",0.0893664518108226,0.100125219732563,0.796639921038466,0.383430942089234,0.925284353017862,"LOAD_vs_CN",28,"study_3_Olink"
"WASF1",0.25294339098091,0.0553782963191986,20.8625548405461,0.000158262647590068,0.0825420490875417,"LOAD_vs_CN",28,"study_3_Olink"
"ARHGEF12",0.085641982739582,0.0509412168285782,2.82640763239903,0.108048911775707,0.759169807938037,"LOAD_vs_CN",28,"study_3_Olink"
"PREB",0.0704230417964939,0.046590201402783,2.28475893146631,0.147261380077342,0.836154588642959,"LOAD_vs_CN",28,"study_3_Olink"
"NINJ1",0.0423117093355567,0.0892598862780201,0.224702799301845,0.640043511273888,0.940796799093607,"LOAD_vs_CN",28,"study_3_Olink"
"CDNF",0.0252986291728658,0.0805683061089097,0.0985974112588927,0.756220088726081,0.974943769249868,"LOAD_vs_CN",28,"study_3_Olink"
"IRAG2",-0.0852412522120662,0.05670465430262,2.25975953558378,0.152119532847425,0.836154588642959,"LOAD_vs_CN",28,"study_3_Olink"
"ATG4A",-0.367514979534858,0.271758318418994,1.82887657470914,0.189055885345323,0.860265971762348,"LOAD_vs_CN",28,"study_3_Olink"
"PROK1",0.160573541497678,0.085878143037191,3.49609062584142,0.0830480958859336,0.70230944037487,"LOAD_vs_CN",28,"study_3_Olink"
"CAMKK1",0.378689399740242,0.101057910441778,14.0418933037005,0.00208994960845115,0.152070200963839,"LOAD_vs_CN",28,"study_3_Olink"
"OPTC",-0.0357040622837737,0.189574124203221,0.0354713033397228,0.853475403421555,0.98280232397282,"LOAD_vs_CN",28,"study_3_Olink"
"DKKL1",0.0389283391958357,0.0658333569762637,0.349655004945948,0.561858798124235,0.940796799093607,"LOAD_vs_CN",28,"study_3_Olink"
"HS3ST3B1",0.0284271926744086,0.0550404541470953,0.266749693340633,0.610105409878212,0.940796799093607,"LOAD_vs_CN",28,"study_3_Olink"
"NFKBIE",-0.0666524120804839,0.0492594806384114,1.83084713258055,0.188876615964882,0.860265971762348,"LOAD_vs_CN",28,"study_3_Olink"
"GCNT1",-0.0539499660071954,0.0667449765777824,0.653348924862425,0.428737925697831,0.925284353017862,"LOAD_vs_CN",28,"study_3_Olink"
"HTRA2",0.0207469709877497,0.0407284045317813,0.259486401851429,0.617672099696839,0.940796799093607,"LOAD_vs_CN",28,"study_3_Olink"
"FCRL5",-0.0401613206263809,0.071878301436349,0.31219098587098,0.583227166848166,0.940796799093607,"LOAD_vs_CN",28,"study_3_Olink"
"SNAP29",0.289232195140547,0.0845476424129132,11.7028129478781,0.00212229878526851,0.152070200963839,"LOAD_vs_CN",28,"study_3_Olink"
"PTPN6",-0.0630950031914637,0.04370387740182,2.08425088637566,0.16935237950986,0.838217521167618,"LOAD_vs_CN",28,"study_3_Olink"
"CGA",-0.438071858137207,0.327203963526263,1.79247702648672,0.201246620366498,0.860265971762348,"LOAD_vs_CN",28,"study_3_Olink"
"ITGA5",0.0197507798414964,0.0672236339131358,0.0863226024826619,0.772578002585165,0.978558262566936,"LOAD_vs_CN",28,"study_3_Olink"
"MSMB",0.392966190980192,0.286632888231309,1.87956926548191,0.194610582885473,0.860265971762348,"LOAD_vs_CN",28,"study_3_Olink"
"SCGB3A1",-0.050347640701732,0.0633383954194078,0.631864759585087,0.438114583034117,0.925284353017862,"LOAD_vs_CN",28,"study_3_Olink"
"TPSAB1",-0.0908201650253693,0.106164662408946,0.731820561189304,0.404877805269356,0.925284353017862,"LOAD_vs_CN",28,"study_3_Olink"
"HCLS1",-0.108480092436023,0.0954243014600007,1.29235585368567,0.266522954739658,0.877365049954041,"LOAD_vs_CN",28,"study_3_Olink"
"CLEC4G",0.0126568528031932,0.0651506725336507,0.037741021652277,0.847474595305189,0.981630805372806,"LOAD_vs_CN",28,"study_3_Olink"
"CLEC4A",-0.0513264792376864,0.0595562144950081,0.742726258897784,0.402121400323133,0.925284353017862,"LOAD_vs_CN",28,"study_3_Olink"
"TRIM5",-0.0656061778029851,0.0756113126391988,0.752862937647243,0.398022827501394,0.925284353017862,"LOAD_vs_CN",28,"study_3_Olink"
"DCTN1",-0.336518216662892,0.179301946913221,3.52246873414573,0.0735313766328778,0.672877489165996,"LOAD_vs_CN",28,"study_3_Olink"
"TRAF2",-0.243721010308991,0.136266341181669,3.19895955610232,0.0859497278268773,0.70828096125661,"LOAD_vs_CN",28,"study_3_Olink"
"HNMT",-0.010792246534411,0.179767331774781,0.00360414429937256,0.952795943281653,0.99020151770083,"LOAD_vs_CN",28,"study_3_Olink"
"EGLN1",0.00044851413999325,0.0573299575230822,6.12053010725286e-05,0.993828705160404,0.995488663688395,"LOAD_vs_CN",28,"study_3_Olink"
"NFATC3",-0.018113443704143,0.0314091454817624,0.332575160285071,0.569727903482595,0.940796799093607,"LOAD_vs_CN",28,"study_3_Olink"
"EIF4G1",-0.0735878564196764,0.0657761159742592,1.25162968353238,0.274105212854964,0.882583984914631,"LOAD_vs_CN",28,"study_3_Olink"
"CD28",-0.0671062045200395,0.0691834093261804,0.940852259374544,0.342835500781087,0.913899993468077,"LOAD_vs_CN",28,"study_3_Olink"
"HEXIM1",-0.094390735762075,0.183876021665322,0.263516943864883,0.612108608738198,0.940796799093607,"LOAD_vs_CN",28,"study_3_Olink"
"MGMT",-0.165802428667872,0.0858219827469538,3.73236998216603,0.06797536756796,0.651209118407955,"LOAD_vs_CN",28,"study_3_Olink"
"SRPK2",0.0538340622261555,0.0708173483886014,0.577876430385061,0.457192070849056,0.933045042549095,"LOAD_vs_CN",28,"study_3_Olink"
"PIK3AP1",-0.333153328641813,0.143080598042782,5.42159185457661,0.0280030298972987,0.542894957754385,"LOAD_vs_CN",28,"study_3_Olink"
"SH2D1A",-0.107748728312039,0.0635113988025392,2.87819987818592,0.101915125631316,0.739706557001486,"LOAD_vs_CN",28,"study_3_Olink"
"FCRL6",-0.0279527884409854,0.0714403887123171,0.153095581738376,0.701672649776775,0.961195410653116,"LOAD_vs_CN",28,"study_3_Olink"
"NCR1",-0.0150351001451337,0.128411015274419,0.0137090730599817,0.908115583421739,0.984597994617541,"LOAD_vs_CN",28,"study_3_Olink"
"PADI2",0.0164973559802173,0.0774011565411218,0.045429064258177,0.832913298542689,0.979259950236983,"LOAD_vs_CN",28,"study_3_Olink"
"SIT1",-0.00622007568105065,0.0793728514945814,0.00614111700932483,0.938382786443044,0.99020151770083,"LOAD_vs_CN",28,"study_3_Olink"
"RIGI",0.0245730126213113,0.0991197153151361,0.061460588638805,0.806151110502137,0.979259950236983,"LOAD_vs_CN",28,"study_3_Olink"
"IL12RB1",-0.0208139087836177,0.0687135060137743,0.0917535924100709,0.764758102568527,0.974943769249868,"LOAD_vs_CN",28,"study_3_Olink"
"TANK",0.217057405529527,0.149880842931376,2.09728263699855,0.162705056867467,0.838217521167618,"LOAD_vs_CN",28,"study_3_Olink"
"LAG3",-0.0166643730796268,0.0620537002713615,0.0721178203955047,0.791341011588918,0.979259950236983,"LOAD_vs_CN",28,"study_3_Olink"
"IL20RA",0.105634600953888,0.0878819467338025,1.44481770427578,0.251654673072593,0.876368716902465,"LOAD_vs_CN",28,"study_3_Olink"
"OSM",0.188633243023899,0.121036614062997,2.42886250465232,0.149322005208619,0.836154588642959,"LOAD_vs_CN",28,"study_3_Olink"
"CD6",0.0424304198950249,0.0839423661740959,0.255500788798548,0.623271296806743,0.940796799093607,"LOAD_vs_CN",28,"study_3_Olink"
"CCL13",-0.394867892747143,0.269304418101772,2.14989221715102,0.164569001876771,0.838217521167618,"LOAD_vs_CN",28,"study_3_Olink"
"ARTN",0.322476242941653,0.176376221668368,3.34283838869727,0.0976626140782232,0.739706557001486,"LOAD_vs_CN",28,"study_3_Olink"
"TNF",0.0738350626177375,0.116069775578599,0.404656951658633,0.535389598340219,0.940796799093607,"LOAD_vs_CN",28,"study_3_Olink"
"IFNG",-0.172121557012351,0.360172423066985,0.228375555593655,0.639790360599918,0.940796799093607,"LOAD_vs_CN",28,"study_3_Olink"
"LIF",-0.0882676131071621,0.0989416925934527,0.79587359169734,0.380586994476029,0.925284353017862,"LOAD_vs_CN",28,"study_3_Olink"
"STAMBP",0.0534281889396286,0.19061743267044,0.0785625686099668,0.781988256562086,0.979259950236983,"LOAD_vs_CN",28,"study_3_Olink"
"NADK",-0.0891143101563934,0.161048187659798,0.306184509634989,0.585197396448273,0.940796799093607,"LOAD_vs_CN",28,"study_3_Olink"
"GHRL",-0.138783092878228,0.115900287804783,1.43385123529607,0.248179107601678,0.876368716902465,"LOAD_vs_CN",28,"study_3_Olink"
"CA13",-0.199159445107593,0.137843585775817,2.08751060790656,0.160870348532463,0.838217521167618,"LOAD_vs_CN",28,"study_3_Olink"
"ADGRG2",-0.0990889117772467,0.0857484195425452,1.33535848236228,0.263757382958624,0.877365049954041,"LOAD_vs_CN",28,"study_3_Olink"
"LILRA5",0.0338065211401757,0.127177525724727,0.0706610718928007,0.792978426493363,0.979259950236983,"LOAD_vs_CN",28,"study_3_Olink"
"SNAP23",-0.170345001492696,0.0835926951316266,4.15261944743568,0.0520060204205938,0.614871053633339,"LOAD_vs_CN",28,"study_3_Olink"
"COMT",-0.0471760894347941,0.230782516712771,0.0417866991192966,0.839725973110438,0.981497890648564,"LOAD_vs_CN",28,"study_3_Olink"
"ENPP7",-0.33534300914711,0.170702334787443,3.85922048781238,0.0603248272245018,0.624049936805191,"LOAD_vs_CN",28,"study_3_Olink"
"SSC4D",-0.353095741663082,0.16209547621827,4.74507597725675,0.0409772472317868,0.567377269363201,"LOAD_vs_CN",28,"study_3_Olink"
"GAL",-0.219022146898616,0.162868611229045,1.80842822642885,0.195128651623152,0.860265971762348,"LOAD_vs_CN",28,"study_3_Olink"
"TSHB",-0.286353285272172,0.192821656342771,2.20542717612271,0.156156311240951,0.836154588642959,"LOAD_vs_CN",28,"study_3_Olink"
"USP8",-0.00260275211432259,0.0837282559305684,0.00096632124120462,0.975486537728832,0.99020151770083,"LOAD_vs_CN",28,"study_3_Olink"
"DAB2",-0.134220057859606,0.0775589618629757,2.99482099237688,0.096191171064873,0.739706557001486,"LOAD_vs_CN",28,"study_3_Olink"
"MEP1B",0.178010336581808,0.200658455002255,0.787001417679493,0.38994926047527,0.925284353017862,"LOAD_vs_CN",28,"study_3_Olink"
"CRIPTO",-1.03107376577486,0.442271424501082,5.43502709654753,0.0320352024118368,0.546666927426362,"LOAD_vs_CN",28,"study_3_Olink"
"PTPN1",0.00793226976940176,0.0903960154270347,0.00770010019475789,0.930791915546582,0.987868778292363,"LOAD_vs_CN",28,"study_3_Olink"
"SRP14",0.00219870622323892,0.0719763012063119,0.000933158382107585,0.975898606889595,0.99020151770083,"LOAD_vs_CN",28,"study_3_Olink"
"FKBP7",0.0253036413175897,0.0869908166572353,0.0846095196834644,0.774669276256322,0.978760307707746,"LOAD_vs_CN",28,"study_3_Olink"
"RPS6KB1",-0.0358836529251478,0.074250476930274,0.233558027983819,0.633967115993014,0.940796799093607,"LOAD_vs_CN",28,"study_3_Olink"
"FHIT",0.0805019871176225,0.124420359700031,0.418629950393351,0.52640550684592,0.940796799093607,"LOAD_vs_CN",28,"study_3_Olink"
"LEPR",-0.0615592612601867,0.103471945289986,0.35394971825301,0.558240455474283,0.940796799093607,"LOAD_vs_CN",28,"study_3_Olink"
"GBP2",-0.0927438098619895,0.055028427814337,2.84050563366723,0.110496583315266,0.759169807938037,"LOAD_vs_CN",28,"study_3_Olink"
"IL15",0.0714226306773714,0.1210407660983,0.348183636695275,0.562349535026073,0.940796799093607,"LOAD_vs_CN",28,"study_3_Olink"
"DSG3",-0.00283197299160953,0.0709197706833226,0.00159456992653519,0.968549198265675,0.99020151770083,"LOAD_vs_CN",28,"study_3_Olink"
"FCAR",0.0644543338874954,0.133590644143082,0.23278348253532,0.636942954980623,0.940796799093607,"LOAD_vs_CN",28,"study_3_Olink"
"KIRREL2",-0.191505992281189,0.203758782980642,0.883348466564167,0.362982892325983,0.925284353017862,"LOAD_vs_CN",28,"study_3_Olink"
"MAD1L1",-0.00161842513754817,0.0733290875429303,0.000487116307217775,0.982600699195351,0.993231584336018,"LOAD_vs_CN",28,"study_3_Olink"
"AKT1S1",-0.137392694690543,0.159929198796642,0.738026166397045,0.399428607345171,0.925284353017862,"LOAD_vs_CN",28,"study_3_Olink"
"PTS",0.182014590327441,0.154474319710195,1.38835274228037,0.250238330951974,0.876368716902465,"LOAD_vs_CN",28,"study_3_Olink"
"PFDN2",0.0754807002288924,0.0560691800283311,1.81227221075583,0.19430770117876,0.860265971762348,"LOAD_vs_CN",28,"study_3_Olink"
"PHOSPHO1",0.18375074853484,0.0567112173049459,10.4983318070427,0.00334896572474621,0.188379322016974,"LOAD_vs_CN",28,"study_3_Olink"
"TNFRSF13C",0.188340517001082,0.14445985821841,1.69978169466413,0.204893947509609,0.860265971762348,"LOAD_vs_CN",28,"study_3_Olink"
"HMOX2",0.46105594802912,0.150275565635463,9.4130532541769,0.00706723200999835,0.302881371857072,"LOAD_vs_CN",28,"study_3_Olink"
"IL3RA",-0.0527462603418041,0.0626999468576012,0.707699685394434,0.413024681782924,0.925284353017862,"LOAD_vs_CN",28,"study_3_Olink"
"WWP2",-0.0582894948376875,0.113244157291098,0.264940879992256,0.611247778269573,0.940796799093607,"LOAD_vs_CN",28,"study_3_Olink"
"FKBP5",0.0854365879304924,0.0945823791329752,0.81595709509456,0.374752883293522,0.925284353017862,"LOAD_vs_CN",28,"study_3_Olink"
"NMNAT1",-0.282790400748274,0.214524580628637,1.73770160966562,0.198926415680946,0.860265971762348,"LOAD_vs_CN",28,"study_3_Olink"
"EFNA4",-0.170616147923726,0.126943393269133,1.80642551479139,0.198994255386078,0.860265971762348,"LOAD_vs_CN",28,"study_3_Olink"
"IL5RA",-0.00278837874032156,0.0631344070301573,0.00195061389703167,0.965298706198531,0.99020151770083,"LOAD_vs_CN",28,"study_3_Olink"
"NAAA",-0.076046123605972,0.0975886028610643,0.607233833604427,0.443949459191213,0.927040634041977,"LOAD_vs_CN",28,"study_3_Olink"
"TXLNA",-0.0137066374282826,0.126212091303017,0.0117939674219107,0.914480429246015,0.984597994617541,"LOAD_vs_CN",28,"study_3_Olink"
"EGF",-0.0361511572509841,0.0714808086224196,0.255779359149208,0.617526474706683,0.940796799093607,"LOAD_vs_CN",28,"study_3_Olink"
"GZMH",-0.319299315668278,0.167377657614743,3.6391587736678,0.0676105638012905,0.651209118407955,"LOAD_vs_CN",28,"study_3_Olink"
"FADD",-0.0306200246907635,0.0611897738808699,0.250410984969034,0.621893996053622,0.940796799093607,"LOAD_vs_CN",28,"study_3_Olink"
"CDKN1A",-0.00298386672761008,0.0780566589344809,0.00146129846174791,0.969891257127758,0.99020151770083,"LOAD_vs_CN",28,"study_3_Olink"
"CD207",-0.124167181552543,0.0804296167842537,2.38331610446215,0.143604325482119,0.836154588642959,"LOAD_vs_CN",28,"study_3_Olink"
"CEACAM5",0.314836781959147,0.174262548920077,3.2640951121989,0.0828147291540172,0.70230944037487,"LOAD_vs_CN",28,"study_3_Olink"
"FCRLB",-0.067898634266788,0.0691438514179448,0.964306166977701,0.339693531534033,0.912952070776007,"LOAD_vs_CN",28,"study_3_Olink"
"CD22",-0.0640715826873537,0.084259671293681,0.578217701366391,0.453916699149492,0.930375320667014,"LOAD_vs_CN",28,"study_3_Olink"
"ALPP",0.0932176261936997,0.139283725295267,0.447914715580101,0.511722602379046,0.940796799093607,"LOAD_vs_CN",28,"study_3_Olink"
"CGB3",0.0357049147561952,0.216525711837594,0.0271917432586756,0.870333798017374,0.983517184774413,"LOAD_vs_CN",28,"study_3_Olink"
"IFNGR2",0.174859371436943,0.215403611843664,0.658979437759067,0.427940266626367,0.925284353017862,"LOAD_vs_CN",28,"study_3_Olink"
"KLK4",-0.159422095518861,0.266297320671935,0.358396230398414,0.55682595931624,0.940796799093607,"LOAD_vs_CN",28,"study_3_Olink"
"PSPN",0.00370433405053738,0.119025476289987,0.000968591004607788,0.97570998455686,0.99020151770083,"LOAD_vs_CN",28,"study_3_Olink"
"DCTPP1",0.0253584824128028,0.0667555061496201,0.144301994124898,0.707221155990109,0.962933495296668,"LOAD_vs_CN",28,"study_3_Olink"
"GFER",0.136425436785084,0.129958287841446,1.10200291620811,0.303629373102024,0.893219476143055,"LOAD_vs_CN",28,"study_3_Olink"
"BRK1",0.0661843038306065,0.0537912751907324,1.51386214817304,0.232452488333639,0.876368716902465,"LOAD_vs_CN",28,"study_3_Olink"
"HSPB6",-0.0175538927666428,0.186476093180366,0.00886136363051332,0.926181457289931,0.987634255403955,"LOAD_vs_CN",28,"study_3_Olink"
"LACTB2",0.172195323854269,0.164795678958197,1.09182005416253,0.305698290073278,0.893219476143055,"LOAD_vs_CN",28,"study_3_Olink"
"HBQ1",-0.327813307339913,0.247920024648447,1.74835631325279,0.200891577959686,0.860265971762348,"LOAD_vs_CN",28,"study_3_Olink"
"SCLY",0.0917333469719059,0.136441133405548,0.452026443801902,0.508036803879795,0.940796799093607,"LOAD_vs_CN",28,"study_3_Olink"
"CD300E",-0.150322250069645,0.0954360071645514,2.48097285967071,0.13101737914761,0.815375970230352,"LOAD_vs_CN",28,"study_3_Olink"
"CLEC1A",-0.294876691921905,0.122811888056064,5.76501013844224,0.0274454521767976,0.542894957754385,"LOAD_vs_CN",28,"study_3_Olink"
"ALDH3A1",0.134702623091045,0.170757333557216,0.622290794869158,0.440695007768242,0.925284353017862,"LOAD_vs_CN",28,"study_3_Olink"
"TOP2B",-0.0630956707054486,0.0506647773468382,1.55091089067426,0.224489836879734,0.870865746516208,"LOAD_vs_CN",28,"study_3_Olink"
"AMN",-0.0319932808774865,0.0589668656992743,0.294375369409445,0.593898880214271,0.940796799093607,"LOAD_vs_CN",28,"study_3_Olink"
"AGR2",-0.46836940056709,0.349208782282084,1.79889872335512,0.19468577938945,0.860265971762348,"LOAD_vs_CN",28,"study_3_Olink"
"PRKAB1",-0.0214495588834016,0.0594759946713798,0.130062860913048,0.722018269896734,0.964696393697131,"LOAD_vs_CN",28,"study_3_Olink"
"PPM1B",-0.0144778302081181,0.0648604826792353,0.0498249194779619,0.825317493905155,0.979259950236983,"LOAD_vs_CN",28,"study_3_Olink"
"RASA1",-0.0909004120804315,0.0636680606823502,2.03839554259593,0.173746726479728,0.848219503745885,"LOAD_vs_CN",28,"study_3_Olink"
"BTC",0.133468115032578,0.145080712907325,0.846322119974278,0.36630458375239,0.925284353017862,"LOAD_vs_CN",28,"study_3_Olink"
"MAGED1",-0.0663020578128071,0.0732315126309361,0.819705796153812,0.374725384538043,0.925284353017862,"LOAD_vs_CN",28,"study_3_Olink"
"SERPINA9",-0.110283721203788,0.112123900161948,0.967445327274325,0.334713995744723,0.912952070776007,"LOAD_vs_CN",28,"study_3_Olink"
"NCF2",-0.296021239432291,0.12516802471653,5.59318195733681,0.02654655771948,0.542894957754385,"LOAD_vs_CN",28,"study_3_Olink"
"RRM2B",0.0706033462837405,0.0527172715091888,1.79367899194753,0.198345750114689,0.860265971762348,"LOAD_vs_CN",28,"study_3_Olink"
"TMPRSS15",0.0907573642537556,0.0500653644575232,3.28616212227008,0.0842771328449844,0.70230944037487,"LOAD_vs_CN",28,"study_3_Olink"
