"Protein","Log2FC","SE","F_value","P_value","FDR","Comparison","N","Study"
"MT3",0.0627005539600418,0.0460298768596678,1.85550927500875,0.174968981939768,0.387523445916236,"LOD_vs_CN",183,"study_7"
"NFASC",0.0377672135857301,0.0133226493647115,8.03616217976267,0.00513840287585922,0.0407437308387102,"LOD_vs_CN",185,"study_7"
"ALDOA",0.137529174425749,0.0159598759391874,74.2558458795982,4.81550478629666e-15,3.56828904664583e-12,"LOD_vs_CN",185,"study_7"
"LSAMP",0.0393113220333277,0.0205228876769737,3.66908997781462,0.0575547402250068,0.192977658401493,"LOD_vs_CN",185,"study_7"
"PARK7",0.0694419226821275,0.0182791805998377,14.4321165139369,0.000201331026463975,0.00508779421711601,"LOD_vs_CN",184,"study_7"
"YWHAZ",0.166123882503537,0.0208151184254068,63.695151190698,2.85497021338296e-13,1.41035528541118e-10,"LOD_vs_CN",183,"study_7"
"CXCL16",0.00655365169055688,0.028775457662554,0.0518707148010801,0.820157532779423,0.923521850692265,"LOD_vs_CN",182,"study_7"
"SELENBP1",0.00104395876385333,0.0253576015438732,0.00169492444122749,0.96720823345887,0.984332015574576,"LOD_vs_CN",185,"study_7"
"PROCR",-0.0063870010322109,0.0310282324031935,0.0423720914898982,0.837181890704338,0.934865147905985,"LOD_vs_CN",185,"study_7"
"NCAN",0.131307596357162,0.0241741544476128,29.5037431098648,1.95545648980743e-07,3.2199850198829e-05,"LOD_vs_CN",185,"study_7"
"NICOL1",0.087363371130639,0.0334006803640374,6.84144974699816,0.00995908457762261,0.0607381207573527,"LOD_vs_CN",183,"study_7"
"DPP7",0.0228812558574392,0.0280952164420366,0.663277019223142,0.416729271620037,0.64612817420752,"LOD_vs_CN",184,"study_7"
"ICOSLG",-0.00680238835242086,0.0289043003852533,0.0553857346883734,0.814246139095764,0.922563286039696,"LOD_vs_CN",185,"study_7"
"PAPLN",0.0246136561824892,0.020979565001365,1.37644639103358,0.242501146608326,0.468745276065475,"LOD_vs_CN",183,"study_7"
"FOLR2",0.125863660519776,0.037826608444091,11.071485833145,0.00114491795659608,0.0148091915507484,"LOD_vs_CN",148,"study_7"
"GC",0.00932637348682874,0.0862310943884467,0.0116976281285657,0.914307140831894,0.974822433606379,"LOD_vs_CN",53,"study_7"
"HBA1",-0.0155471934285627,0.134239567555076,0.0134135247449306,0.907943643667767,0.974346473508784,"LOD_vs_CN",168,"study_7"
"IGLV3-19",-0.0614328745711834,0.0406051497020065,2.28896653203099,0.132403387672948,0.327175710741804,"LOD_vs_CN",181,"study_7"
"FBLN5",0.0199929636029212,0.0174385006900992,1.31442576971035,0.253225140463458,0.484857439492047,"LOD_vs_CN",185,"study_7"
"LAMP2",0.057956444927088,0.0292180679100143,3.93459909125951,0.048936562707724,0.177754867482468,"LOD_vs_CN",185,"study_7"
"NUCB2",-0.0189618245941592,0.0287377212213659,0.435367087698131,0.51035616395266,0.730643036521077,"LOD_vs_CN",163,"study_7"
"PDGFB",0.000463866774465416,0.0230389722321646,0.000405378143965961,0.983963925296486,0.990648462832467,"LOD_vs_CN",185,"study_7"
"ITIH2",-0.0216104125137697,0.0301615314353002,0.513356820510161,0.474611570178215,0.702671675328786,"LOD_vs_CN",185,"study_7"
"CSF1R",-0.0130937794505037,0.0185985895959968,0.495644190919691,0.482431352495563,0.709859231122899,"LOD_vs_CN",185,"study_7"
"PGLYRP2",-0.053125573978944,0.0297391139512834,3.19117940577012,0.0758964208559598,0.235053888889655,"LOD_vs_CN",184,"study_7"
"IGHM",-0.0685930888105224,0.051290004506613,1.78852594892425,0.182884497819772,0.399756380190121,"LOD_vs_CN",184,"study_7"
"LAMA2",0.0125807543524434,0.0208468328682145,0.364194343173228,0.547009784508524,0.756926704614036,"LOD_vs_CN",183,"study_7"
"APLP2",0.0427355296818845,0.0303625573483175,1.98107759387125,0.16111426105091,0.370762942356287,"LOD_vs_CN",185,"study_7"
"AGA",0.0459421065750085,0.0352713586547305,1.69659206633387,0.194533248941008,0.411854678472248,"LOD_vs_CN",185,"study_7"
"IGHV3OR16-12",-0.175160179320352,0.0501876057661925,12.1808559288493,0.00100646097044521,0.013684175763301,"LOD_vs_CN",54,"study_7"
"CFI",-0.0288596313754175,0.0209909743774123,1.89023744461069,0.171207592676273,0.384761966130931,"LOD_vs_CN",185,"study_7"
"CD44",-0.0197618263677253,0.0244385305620331,0.653888922478144,0.419964499503217,0.647645565310892,"LOD_vs_CN",185,"study_7"
"IGSF8",0.0153315467268591,0.0176629078149901,0.753438029613999,0.386661073810623,0.620164189813142,"LOD_vs_CN",185,"study_7"
"CNTNAP4",0.0333895024692881,0.020366904503031,2.68763223556037,0.102983127830129,0.28164168412316,"LOD_vs_CN",185,"study_7"
"C1QC",-0.00108831427822054,0.0196446343927583,0.00306916864567878,0.955893796591464,0.983558435886705,"LOD_vs_CN",185,"study_7"
"C1R",-0.0325223032305066,0.0169632347610522,3.67574389434321,0.0568944404754513,0.192505846540226,"LOD_vs_CN",185,"study_7"
"CPN2",-0.0279531380921165,0.0247635325508213,1.27419514234535,0.260715125733406,0.492843613788218,"LOD_vs_CN",184,"study_7"
"AMBP",-0.142049766116416,0.0449109564850732,10.0040634377874,0.00185270379093814,0.0207790166769066,"LOD_vs_CN",185,"study_7"
"C5",-0.0364153607429101,0.0260295413935288,1.95720447561985,0.163712906327806,0.37499617801825,"LOD_vs_CN",185,"study_7"
"HEXA",0.0100268980193174,0.0364095717120069,0.0758406514993506,0.783353532443855,0.906268489525209,"LOD_vs_CN",184,"study_7"
"DBI",0.0659439874216279,0.019050699371829,11.9819791778425,0.000698031831395204,0.0110596921309176,"LOD_vs_CN",181,"study_7"
"C1QA",-0.0876329896319303,0.025791717126476,11.544489741764,0.000835137637509134,0.0123706194135121,"LOD_vs_CN",185,"study_7"
"NRXN3",0.0579486403258906,0.0199752337051981,8.41594255528138,0.0041838612195713,0.0348341703786779,"LOD_vs_CN",185,"study_7"
"IGHV3-30",-0.0857440928086843,0.0255131349173401,11.2948578157852,0.000963829858764627,0.0132258875063813,"LOD_vs_CN",185,"study_7"
"C6",-0.061913871875098,0.0219144188091895,7.9820788522465,0.00530882855202927,0.0411920623775255,"LOD_vs_CN",185,"study_7"
"CLEC3B",0.0232768086329331,0.0216208419340569,1.15904865873752,0.283499063013112,0.518839392287617,"LOD_vs_CN",185,"study_7"
"SPARCL1",-0.0144178161738528,0.0164763672535964,0.765730666935731,0.382857799650756,0.618197474666451,"LOD_vs_CN",185,"study_7"
"MCAM",0.0116110054944887,0.0163492288144495,0.504365204042075,0.47869194580427,0.706595083348534,"LOD_vs_CN",182,"study_7"
"SCG2",0.0546727665703877,0.0266084907121933,4.2218385306873,0.0415509286943228,0.159117509883686,"LOD_vs_CN",185,"study_7"
"LMAN1",0.0122443550480629,0.0161746767204082,0.573060678986017,0.450446754874347,0.676354701847804,"LOD_vs_CN",144,"study_7"
"HBD",-0.207562885139251,0.133930604962123,2.4018160160039,0.128855323305595,0.322029661279749,"LOD_vs_CN",44,"study_7"
"ADGRB2",0.0358900432175844,0.0340783524416824,1.10915127391814,0.294116051180036,0.528247090718112,"LOD_vs_CN",185,"study_7"
"LTBP4",-0.00936228203608991,0.0157720264417294,0.352361497466947,0.553515914442807,0.761662567506258,"LOD_vs_CN",185,"study_7"
"IGHG3",-0.0635841518345588,0.0463713055283357,1.88017865844092,0.172107012265196,0.385873815698973,"LOD_vs_CN",184,"study_7"
"PON1",-0.0540196441058889,0.0323603264521682,2.78661935314002,0.0969656887353293,0.273052074842098,"LOD_vs_CN",185,"study_7"
"AXL",0.0393097032473975,0.0200638426296111,3.83858626532393,0.0516662121491715,0.18164193565259,"LOD_vs_CN",185,"study_7"
"CADM1",0.0385062674675147,0.0190052480516634,4.105024578223,0.0442813631399996,0.165719646902726,"LOD_vs_CN",178,"study_7"
"APOD",-0.0720597574452624,0.0162362201987659,19.6977094238365,1.59643440720179e-05,0.000946366316589218,"LOD_vs_CN",185,"study_7"
"SPON1",0.0149197586967551,0.0171689008077533,0.7551593696806,0.386244273019142,0.620164189813142,"LOD_vs_CN",184,"study_7"
"MGAT1",0.0135518932230738,0.0250656343707402,0.292309238484383,0.589505022265565,0.771490099754056,"LOD_vs_CN",183,"study_7"
"SERPINF2",-0.0791664867979298,0.022703838655894,12.1586165268945,0.000637049523815736,0.0106079482505047,"LOD_vs_CN",185,"study_7"
"SPARC",-0.024566846723963,0.0139187751320396,3.11527790819723,0.0793638047225925,0.241026097107599,"LOD_vs_CN",185,"study_7"
"LYVE1",-0.0116371702488527,0.0285489094397717,0.166155885786771,0.684125595393107,0.845084747000643,"LOD_vs_CN",184,"study_7"
"IGKC",-0.168389605893862,0.0343465910353043,24.0360601987895,2.18613224523444e-06,0.000215989865829162,"LOD_vs_CN",185,"study_7"
"IGHG4",-0.0395715076071932,0.0475612568000941,0.692242961024769,0.406586993533787,0.638984013167627,"LOD_vs_CN",183,"study_7"
"CNDP1",0.0158506830168328,0.0684675010287384,0.0535953372431394,0.818041541135664,0.923521850692265,"LOD_vs_CN",50,"study_7"
"EFNB2",0.0667159270809776,0.0243415148573874,7.51214298927982,0.00681283997220867,0.0483092288938433,"LOD_vs_CN",182,"study_7"
"PRRT2",0.104472244416908,0.0503840277426615,4.29948150395752,0.0410427602631289,0.158399402890513,"LOD_vs_CN",91,"study_7"
"RNASET2",0.018059637282728,0.0223030598478787,0.655675788944793,0.419311768116452,0.647645565310892,"LOD_vs_CN",185,"study_7"
"PLTP",-0.0168744631622495,0.0178547841476723,0.893204129024668,0.346032230055287,0.588771257108996,"LOD_vs_CN",185,"study_7"
"ATRN",-0.0115257067024608,0.0152137849759795,0.573932185038395,0.449687012628154,0.676156416310177,"LOD_vs_CN",184,"study_7"
"LGALS1",0.0270949686553692,0.0166200209350549,2.6577502818569,0.104814842229312,0.281748122566257,"LOD_vs_CN",180,"study_7"
"OMG",0.00726128851721963,0.0198588700701673,0.133695970340846,0.715106277328088,0.861733465377235,"LOD_vs_CN",185,"study_7"
"IGLL5",-0.104545696750795,0.0326691050249423,10.2408934720104,0.00162945970865979,0.0188660881893266,"LOD_vs_CN",184,"study_7"
"FAT2",0.0113663111311233,0.0183651166689757,0.383046674615084,0.536839072782743,0.748443561490145,"LOD_vs_CN",185,"study_7"
"AHSG",-0.0634879603347294,0.0265091338138248,5.73576929605895,0.017757385362003,0.0911674678568151,"LOD_vs_CN",185,"study_7"
"IGFBP6",-0.0323522548981225,0.0154622153374178,4.37789838319259,0.0379198566828204,0.150662808589651,"LOD_vs_CN",185,"study_7"
"IGHV3-72",-0.0793487005754931,0.0436092611302542,3.31071793237905,0.0707077473122654,0.222481701734134,"LOD_vs_CN",185,"study_7"
"NPPC",-0.029366420507305,0.0427470946493122,0.471942209037895,0.493001048637087,0.719830102542032,"LOD_vs_CN",185,"study_7"
"HSPA8",-0.0169664010214641,0.052651063627673,0.103840114361078,0.747734911416284,0.883686713491972,"LOD_vs_CN",147,"study_7"
"C4BPA",-0.0401922996713306,0.043480793207938,0.854458147420528,0.35677131627192,0.596879682736921,"LOD_vs_CN",175,"study_7"
"VTN",-0.0433109372907241,0.0233591159458861,3.43781387508373,0.0653560120143029,0.210560021315645,"LOD_vs_CN",185,"study_7"
"SEMA6A",-0.00111589486654484,0.0174276006097364,0.00409988204589401,0.949027635658101,0.983558435886705,"LOD_vs_CN",177,"study_7"
"WFDC1",-0.127301151515223,0.0463206550655959,7.55292686008137,0.00713858612740501,0.0485292873431845,"LOD_vs_CN",107,"study_7"
"NPTX1",0.03635884415338,0.0205877302353302,3.11891255900458,0.0791920269258996,0.241026097107599,"LOD_vs_CN",185,"study_7"
"DCN",-0.0377847241617655,0.0237498979092913,2.53109833401689,0.113913909950623,0.294112220464849,"LOD_vs_CN",185,"study_7"
"PSAP",-0.056238605391834,0.0243533830132513,5.33274094283125,0.0224178009845348,0.106826948743025,"LOD_vs_CN",166,"study_7"
"IGLV3-21",-0.063388466340248,0.0409099787139844,2.40083316377816,0.123233180841631,0.312537496773066,"LOD_vs_CN",184,"study_7"
"GGH",0.0246670897364405,0.0231109279837824,1.13920283996864,0.287688826667861,0.519311621341986,"LOD_vs_CN",174,"study_7"
"GALNT2",0.0273309301660598,0.0122376911849489,4.98780935686808,0.02679407627172,0.11976391474607,"LOD_vs_CN",185,"study_7"
"NTNG1",0.00399392900220796,0.0264911611510563,0.0227299610588617,0.880349166412011,0.96073451003137,"LOD_vs_CN",185,"study_7"
"CD55",0.0282109841707507,0.0448775023892321,0.395165587054092,0.530617817028872,0.745184213380895,"LOD_vs_CN",144,"study_7"
"CD99L2",0.0786733817884482,0.0212800269272779,13.6681989379082,0.000290591718916611,0.00652510496112754,"LOD_vs_CN",185,"study_7"
"IGHA1",-0.100734336020242,0.039607799734001,6.46835163968724,0.0118732975607994,0.0692764841933257,"LOD_vs_CN",185,"study_7"
"ACYP2",0.120230267939017,0.0336987918736402,12.7291371894487,0.000465457405014282,0.00841229114916057,"LOD_vs_CN",176,"study_7"
"EFEMP2",0.013741500764791,0.0126932649560541,1.17198388943384,0.280538252599102,0.515106516543624,"LOD_vs_CN",185,"study_7"
"CHI3L1",0.0725222653091881,0.0229633119386736,9.97409893489103,0.00187595167101973,0.0207790166769066,"LOD_vs_CN",185,"study_7"
"FAM3C",0.10370551627221,0.0275868323775591,14.1318833404263,0.000249307055693698,0.00584943090061923,"LOD_vs_CN",185,"study_7"
"IGKV1-5",-0.0711673819735932,0.0396350662120655,3.22405768397566,0.074248284350171,0.2311679777457,"LOD_vs_CN",184,"study_7"
"CRTAC1",0.0718160615225898,0.0202647643310402,12.5591443904483,0.000534558644071635,0.00942166637260318,"LOD_vs_CN",185,"study_7"
"IL6ST",0.0510510321359332,0.0151671649929984,11.3292257703714,0.000936729122089262,0.0130965335748706,"LOD_vs_CN",185,"study_7"
"PRSS1",-0.00184756776854123,0.0268964866822409,0.00471856177653683,0.945337703026378,0.983558435886705,"LOD_vs_CN",157,"study_7"
"CTSH",-0.0630142735916195,0.0321160869287005,3.84975080909341,0.0515568710023314,0.18164193565259,"LOD_vs_CN",156,"study_7"
"SEMA6D",0.0809753911927888,0.0334191675789472,5.87103748704694,0.0166159113527039,0.0883469129825347,"LOD_vs_CN",181,"study_7"
"TIMP1",-0.0369993922206096,0.0235011282504432,2.47863030384719,0.117254667896904,0.299408996424431,"LOD_vs_CN",185,"study_7"
"IDS",0.0467852815396865,0.0182339659970498,6.58349050246475,0.011168072272228,0.0656789012200074,"LOD_vs_CN",181,"study_7"
"SELL",-0.00105920548876437,0.0258072437767167,0.00168452397625583,0.967315722880331,0.984332015574576,"LOD_vs_CN",185,"study_7"
"PROS1",-0.0341388573480046,0.014319435290188,5.68389673835629,0.0183570017526007,0.0933866675589468,"LOD_vs_CN",185,"study_7"
"CYCS",0.00530183235489723,0.0287195489436179,0.0340797776564562,0.853766847433633,0.943960463868169,"LOD_vs_CN",181,"study_7"
"ADAMTS4",0.00685066382847221,0.0199236709423367,0.118229701343419,0.731444629208485,0.872132069677647,"LOD_vs_CN",184,"study_7"
"NELL2",0.0745703130473876,0.0181694908975348,16.8440458582984,6.25820066757793e-05,0.0020824283502242,"LOD_vs_CN",185,"study_7"
"TNFRSF21",0.079947470075715,0.0191406342922554,17.4460373990597,5.34714293733361e-05,0.0019811164582821,"LOD_vs_CN",177,"study_7"
"IGKV1D-33",-0.0950604707017533,0.03463162111031,7.53449723837161,0.0066810542558361,0.0476025115728322,"LOD_vs_CN",185,"study_7"
"CTSB",0.00138504780004034,0.0200600108646544,0.00476724196901627,0.945044769644937,0.983558435886705,"LOD_vs_CN",185,"study_7"
"LAMP1",0.0747079892701494,0.0221420305916632,11.3841131207504,0.000905683015977421,0.0129059829776782,"LOD_vs_CN",185,"study_7"
"IGFBP7",-0.0330854882579432,0.0276551505948371,1.43127485233477,0.233140697001676,0.459931092079132,"LOD_vs_CN",185,"study_7"
"SEZ6L2",0.0637949717266624,0.0250576159745178,6.48176677641326,0.0119247666831824,0.0693039381352014,"LOD_vs_CN",185,"study_7"
"COL3A1",0.01954752135698,0.0354919919774573,0.303335083401219,0.582925784746564,0.768858325256529,"LOD_vs_CN",179,"study_7"
"KIT",0.00583531910311752,0.0172210905421803,0.114817456113248,0.735164933739171,0.873008358815266,"LOD_vs_CN",184,"study_7"
"HSPG2",-0.0290372599487956,0.016069563088931,3.2651499216303,0.0725483583617909,0.227307964254068,"LOD_vs_CN",185,"study_7"
"PRELP",-0.0293226321885385,0.0274160742653573,1.14391925387422,0.287022220031024,0.519311621341986,"LOD_vs_CN",185,"study_7"
"C1QB",-0.0150797269105558,0.0169427653275182,0.792169946969905,0.374857693613088,0.61115412754081,"LOD_vs_CN",185,"study_7"
"GDA",0.171577851442291,0.0229042694519869,56.116368942826,3.97357988656381e-12,1.17776907837751e-09,"LOD_vs_CN",184,"study_7"
"NTM",0.0293217180787195,0.0214151909305287,1.87471358309914,0.172960631011381,0.386035625239257,"LOD_vs_CN",185,"study_7"
"NECTIN1",-0.0395117520717285,0.0248886610449795,2.52028415944648,0.114355251799464,0.294738231594444,"LOD_vs_CN",171,"study_7"
"ALCAM",0.0488483289479174,0.0160871542368169,9.22021337664303,0.00274659442575489,0.0264315125907062,"LOD_vs_CN",185,"study_7"
"APOC3",-0.0629717225044999,0.0521047571608892,1.46061714325146,0.228813919222633,0.456396000387539,"LOD_vs_CN",181,"study_7"
"WFIKKN2",-0.0110295359824626,0.0249560444143686,0.195327316684047,0.659076147170314,0.824678180800301,"LOD_vs_CN",185,"study_7"
"TGFBI",-0.018876551678642,0.0121100531927836,2.429703175147,0.12095079360476,0.307459821822049,"LOD_vs_CN",185,"study_7"
"DNER",-0.00346334235946433,0.0605978124997538,0.00326645707467646,0.954519028541529,0.983558435886705,"LOD_vs_CN",128,"study_7"
"CDH2",0.0539557344253341,0.0151099450807759,12.7511526542105,0.000463764896600284,0.00841229114916057,"LOD_vs_CN",185,"study_7"
"C1S",-0.00623536680830572,0.021848508538406,0.081447999578483,0.775705549626799,0.901643627095621,"LOD_vs_CN",185,"study_7"
"CHGB",-0.00354424235925777,0.0325378524162263,0.0118650358182607,0.913407480334546,0.97456435266796,"LOD_vs_CN",160,"study_7"
"ALDOC",0.0744222862128963,0.0178229357348015,17.436026969273,5.11220931840397e-05,0.00194263954099351,"LOD_vs_CN",185,"study_7"
"ICAM5",0.0725513955775465,0.023507902784934,9.52497335632019,0.00234223003623159,0.0245955332169177,"LOD_vs_CN",185,"study_7"
"HPX",-0.0796770912727824,0.0216851952012368,13.5002021197139,0.00031326044616125,0.00672828958276771,"LOD_vs_CN",185,"study_7"
"LAMB1",-0.017170455022101,0.0114348734858004,2.25476290116598,0.135427777886183,0.333395293733095,"LOD_vs_CN",179,"study_7"
"MOG",0.0132732980465846,0.0202997683099798,0.4275387966301,0.51411037640604,0.730643036521077,"LOD_vs_CN",179,"study_7"
"STC2",-0.00963059922277676,0.0261029491647032,0.136121731559466,0.712781586036833,0.861616892745992,"LOD_vs_CN",147,"study_7"
"CHGA",0.00186369703758871,0.0343205416865141,0.00294877993167676,0.956784038354173,0.983558435886705,"LOD_vs_CN",132,"study_7"
"HYOU1",0.0286225595020433,0.0147689287674092,3.75594256127616,0.0544307733327944,0.186931205202676,"LOD_vs_CN",185,"study_7"
"IGHG2",-0.119209015455614,0.036051697168742,10.933690435269,0.00117913940822423,0.0148091915507484,"LOD_vs_CN",185,"study_7"
"ITIH5",0.00933826702027485,0.0189265239565155,0.243439394160857,0.62235555679555,0.795798908689392,"LOD_vs_CN",185,"study_7"
"APCS",-0.0397783403682537,0.0313033732044617,1.61477137131022,0.205591148051832,0.427929889624741,"LOD_vs_CN",183,"study_7"
"GPR158",0.0472324644006674,0.0289969266762582,2.65324449048528,0.105565435590428,0.282907731546138,"LOD_vs_CN",183,"study_7"
"COL18A1",-0.0133902745720507,0.0116439453533801,1.32244813286786,0.251792098941864,0.48336255263192,"LOD_vs_CN",185,"study_7"
"RTN4R",-0.00971261627977604,0.0245619331552246,0.156367816667805,0.693024436814452,0.850217065694551,"LOD_vs_CN",185,"study_7"
"GRIA4",0.0544948735818798,0.02475662498322,4.84538647751986,0.0291537988253308,0.125234579301856,"LOD_vs_CN",185,"study_7"
"MEGF8",-0.10986042308321,0.0583739672788945,3.54196376311981,0.0680481420785433,0.215947208908782,"LOD_vs_CN",38,"study_7"
"SERPIND1",-0.029089450830047,0.0178135833233184,2.66666503032177,0.104369663062834,0.28164168412316,"LOD_vs_CN",185,"study_7"
"COCH",0.0154320398087915,0.020004481356222,0.595102914957283,0.441591285524857,0.667794168518202,"LOD_vs_CN",183,"study_7"
"CBLN1",-0.0255458131319637,0.0413417397688394,0.381822893196328,0.537421557006629,0.74855145440209,"LOD_vs_CN",183,"study_7"
"CD59",0.0324797175368161,0.0164507638857381,3.89809437351681,0.05012700627881,0.179736408427374,"LOD_vs_CN",170,"study_7"
"KRT10",0.122383181735833,0.0900479097403152,1.84712466477252,0.176793403862212,0.388735644694063,"LOD_vs_CN",143,"study_7"
"ATP6AP1",0.0336511456029553,0.0236383234141878,2.02659220045179,0.156416046323516,0.364478900395362,"LOD_vs_CN",185,"study_7"
"SERPINI1",0.0900865525832595,0.0208312790536702,18.7020004029114,2.51720760268612e-05,0.00123919621616739,"LOD_vs_CN",185,"study_7"
"TGFBR3",-0.0239713636514143,0.0254723434720197,0.88562053141274,0.348402687396948,0.592124750828299,"LOD_vs_CN",177,"study_7"
"PTPRG",0.0563397642518302,0.0162684435515638,11.9932818862696,0.000675055527846782,0.0109937614535047,"LOD_vs_CN",185,"study_7"
"CLSTN2",0.0551533848997252,0.0245876892546177,5.03163247095701,0.0262589988901298,0.119373731150835,"LOD_vs_CN",176,"study_7"
"ART3",-0.0350766097220196,0.0182855811503811,3.67974467985756,0.0566380256234531,0.192076782549102,"LOD_vs_CN",185,"study_7"
"L1CAM",0.0998042809691633,0.0212832240431436,21.9899127795768,5.51701529048744e-06,0.000440347395873241,"LOD_vs_CN",185,"study_7"
"NRXN2",0.0549627717819021,0.0211839795635714,6.73165972144989,0.0103583008615724,0.0624024466538633,"LOD_vs_CN",185,"study_7"
"APLP1",0.038829869547822,0.0146449107963172,7.03004980155433,0.00871966999440515,0.0554419381682034,"LOD_vs_CN",185,"study_7"
"LUM",-0.0570937290819522,0.018030814828235,10.0264250847229,0.00183350576677854,0.020742408750884,"LOD_vs_CN",185,"study_7"
"BCAN",0.00586545791718596,0.0156545376532488,0.140385856295553,0.708352811229138,0.858758662844514,"LOD_vs_CN",182,"study_7"
"CARTPT",-0.00316040052893207,0.0268989015023702,0.013804324581993,0.906615819493975,0.974332592088521,"LOD_vs_CN",183,"study_7"
"B3GNT2",0.027470067302759,0.0255710661021166,1.15404243151284,0.284164231586175,0.518839392287617,"LOD_vs_CN",185,"study_7"
"NBL1",0.048648189165486,0.0318284871429251,2.33615344706473,0.128295596304341,0.321172421829449,"LOD_vs_CN",185,"study_7"
"PKM",0.149339592569473,0.0197158580439793,57.3744531534794,1.89051177671095e-12,7.00434613271406e-10,"LOD_vs_CN",185,"study_7"
"RBP4",-0.0274206998040833,0.0279696846667603,0.961129546362323,0.328539016074989,0.571336150186978,"LOD_vs_CN",185,"study_7"
"LRG1",-0.0732649421907503,0.0319552961288648,5.25662177255882,0.0230269591180159,0.109045521666844,"LOD_vs_CN",185,"study_7"
"SOD1",0.0987205159562405,0.0164131534110686,36.1768521868196,9.62399556897341e-09,1.78284517915232e-06,"LOD_vs_CN",185,"study_7"
"AGRN",0.0533760676385091,0.0183268168579705,8.48240628309586,0.00407682654108737,0.0343287325789289,"LOD_vs_CN",185,"study_7"
"SPOCK3",0.00450723023932831,0.029096953444555,0.0239952041023266,0.877081109195265,0.959287235296961,"LOD_vs_CN",183,"study_7"
"COL1A1",0.002932647846694,0.0342081599311991,0.00734954416227498,0.931810537848381,0.982877734584556,"LOD_vs_CN",185,"study_7"
"COL6A3",-0.0365690530355787,0.0185587766276441,3.88265443734387,0.0504615803253033,0.179883999087269,"LOD_vs_CN",185,"study_7"
"DDR1",-0.0435256190670845,0.0201697405958622,4.65681824839826,0.0323152977038891,0.136054747719215,"LOD_vs_CN",180,"study_7"
"PTPRD",0.0679714721606457,0.0183906925022944,13.6602040453805,0.000300857262328771,0.00659090656057928,"LOD_vs_CN",185,"study_7"
"GASK1B",0.0661105839389053,0.0311387926414985,4.50752814844903,0.0352283923324569,0.14342988306786,"LOD_vs_CN",178,"study_7"
"TPP1",-0.0110604257858551,0.0240805379842868,0.210965442799157,0.646623195219166,0.817913359602303,"LOD_vs_CN",177,"study_7"
"VSTM2A",0.088056581135711,0.0452698541301416,3.78360202356392,0.0537047075595845,0.185958823839496,"LOD_vs_CN",148,"study_7"
"CLIC4",0.023399171963681,0.0270313433402136,0.749317232901459,0.388065303250518,0.621743545315966,"LOD_vs_CN",164,"study_7"
"AEBP1",-0.025828355000888,0.0157988282140204,2.67266016187477,0.103856772172204,0.28164168412316,"LOD_vs_CN",185,"study_7"
"FGA",-0.0676147555621682,0.0323345104993632,4.37270705547547,0.038022128543624,0.150665225940243,"LOD_vs_CN",185,"study_7"
"HBB",0.0364038265017612,0.129247437537941,0.0793323261578309,0.778606355057614,0.902890937555073,"LOD_vs_CN",149,"study_7"
"SCG5",0.0365854759806172,0.0205418632348201,3.17203340604532,0.0766448622060203,0.235798502593552,"LOD_vs_CN",185,"study_7"
"ZP2",-0.0118930259487975,0.0448773497820625,0.070231238830758,0.791498610241559,0.910771553083628,"LOD_vs_CN",153,"study_7"
"SLITRK1",0.0408709723984453,0.0231744150908948,3.11037231624991,0.0795288539039243,0.241026097107599,"LOD_vs_CN",184,"study_7"
"IGLC3",-0.0615440391559368,0.0342464001223771,3.22955093523422,0.0741614380048762,0.2311679777457,"LOD_vs_CN",185,"study_7"
"CAMK2A",0.103308619352898,0.0227056222761973,20.7017136720666,9.8841494952779e-06,0.000665832252363721,"LOD_vs_CN",181,"study_7"
"KLK6",0.0190047057637832,0.0161874946191617,1.37836115753969,0.242022948642816,0.468745276065475,"LOD_vs_CN",185,"study_7"
"PCOLCE",0.0261454795810323,0.017562853241295,2.21617004410582,0.138590402119953,0.338370635818402,"LOD_vs_CN",185,"study_7"
"C16orf89",0.0417623794344308,0.0317208849842707,1.73332451424409,0.190235503235783,0.408592776515116,"LOD_vs_CN",185,"study_7"
"NRCAM",0.0613106265719212,0.0216258253695917,8.03759511964027,0.00522395584109709,0.0409624473889201,"LOD_vs_CN",185,"study_7"
"PLXDC2",0.0562802077817306,0.0206341126050806,7.43943222799258,0.00700874576556789,0.0483976030046397,"LOD_vs_CN",185,"study_7"
"DDAH2",-0.00257711577560027,0.0295344611892073,0.00761394533489275,0.930607889610673,0.982570096088403,"LOD_vs_CN",126,"study_7"
"CACNA2D1",0.0533849829459845,0.0240590025108016,4.92360247919773,0.0278577122135691,0.122517626652263,"LOD_vs_CN",185,"study_7"
"TAGLN",-0.010884355889214,0.0303864194389388,0.128305835943967,0.720713558590271,0.864856270308325,"LOD_vs_CN",184,"study_7"
"PRNP",0.0287358896265353,0.0178948177691849,2.57866385898703,0.110206762822924,0.289038945002344,"LOD_vs_CN",185,"study_7"
"C1RL",0.0341627631144847,0.0319332417454737,1.14451097503281,0.286250812603263,0.519311621341986,"LOD_vs_CN",184,"study_7"
"SERPINA7",-0.012623117486406,0.0277512010448117,0.206904378472873,0.649780665505432,0.817939455757205,"LOD_vs_CN",185,"study_7"
"IGKV2-28",-0.0588574097089376,0.0405224718750329,2.10965010274805,0.148361613768737,0.352727060606879,"LOD_vs_CN",185,"study_7"
"CRP",-0.2095959385264,0.0781500965709889,7.19294413904863,0.00804020938970814,0.0524915872931606,"LOD_vs_CN",173,"study_7"
"C1QTNF3",0.00168034444522736,0.033027116265441,0.00258854261258523,0.959497239445607,0.983558435886705,"LOD_vs_CN",166,"study_7"
"CNTN2",0.0209880328481304,0.0159307860363973,1.73567760939286,0.189335141679241,0.407841104605574,"LOD_vs_CN",185,"study_7"
"SERPINA1",-0.080649669673333,0.204781340484726,0.155104508840419,0.694653794448294,0.851158101333259,"LOD_vs_CN",115,"study_7"
"NCAM1",0.0232535579772142,0.043997869586359,0.279328680200091,0.597912041977997,0.77592438372276,"LOD_vs_CN",167,"study_7"
"AJAP1",-0.018808659914332,0.0371561459085739,0.256244403226343,0.613554030042058,0.787943737021083,"LOD_vs_CN",138,"study_7"
"PTPRS",0.0897661365951405,0.0240055095671065,13.9830918353829,0.000252607002455891,0.00584943090061923,"LOD_vs_CN",185,"study_7"
"RARRES2",-0.0616223518060455,0.0189359846434824,10.5901168648864,0.00140130981106038,0.0166139291199319,"LOD_vs_CN",185,"study_7"
"LAMC1",0.00779863582200679,0.0298791284427079,0.068124202333053,0.794494863469321,0.911332343391279,"LOD_vs_CN",156,"study_7"
"APOA2",-0.0571181821585149,0.0236383964701633,5.83865386140481,0.0166604633977526,0.0883469129825347,"LOD_vs_CN",185,"study_7"
"A1BG",-0.0951112702896513,0.0290576441129729,10.7137908342964,0.00129324048419724,0.0157096917834452,"LOD_vs_CN",185,"study_7"
"MASP1",-0.0257315129515545,0.0240326450966992,1.14637709151211,0.286203988654894,0.519311621341986,"LOD_vs_CN",171,"study_7"
"OAF",-0.0123419574060906,0.016457897820348,0.562366397993118,0.454390853085349,0.67883794785533,"LOD_vs_CN",185,"study_7"
"DPP6",0.0204960407506052,0.0170243113299744,1.44944201531248,0.23028633928871,0.458099805135394,"LOD_vs_CN",178,"study_7"
"NID2",-0.0381301829745402,0.0161271331598522,5.59014965817444,0.0191635086632822,0.0956239725218326,"LOD_vs_CN",185,"study_7"
"CPVL",-0.0305409982632128,0.0217819626018574,1.96594987449506,0.162837121872164,0.374146689324879,"LOD_vs_CN",185,"study_7"
"SERPINC1",-0.0627668961060364,0.0226519270275027,7.6780510948859,0.00623214357914938,0.0459504317626835,"LOD_vs_CN",185,"study_7"
"CHL1",0.0625479210074777,0.0199111100574223,9.86812886609624,0.00197513505411495,0.021366059490499,"LOD_vs_CN",177,"study_7"
"CELSR2",0.0031525759909492,0.0267470441844454,0.0138924722287117,0.906318451471701,0.974332592088521,"LOD_vs_CN",185,"study_7"
"FGB",-0.0810219036558211,0.0423184916323335,3.66559539824832,0.0573628824051513,0.192770502776495,"LOD_vs_CN",185,"study_7"
"BTD",0.0101457447529736,0.0165455620693852,0.376014691556958,0.540628520486668,0.750363595891245,"LOD_vs_CN",185,"study_7"
"PI16",-0.0290958339373955,0.0231854091617834,1.57482423585399,0.211334992870941,0.435602864304221,"LOD_vs_CN",185,"study_7"
"CPQ",-0.0122809277637073,0.0175868121378741,0.487627404397617,0.485947905511965,0.713751036638981,"LOD_vs_CN",185,"study_7"
"GFRA2",0.0740921279598536,0.0274204894737158,7.30119134438375,0.00771302145345174,0.0514896297027724,"LOD_vs_CN",168,"study_7"
"PGK1",0.0974863870970832,0.0258467366103201,14.2257940349808,0.000229490094069754,0.00557548064608813,"LOD_vs_CN",160,"study_7"
"VCAN",0.060608791413352,0.0181802202786932,11.1140658558962,0.0010441787404674,0.0140679353942972,"LOD_vs_CN",185,"study_7"
"IGHG1",-0.0327897991337629,0.0267050420199309,1.5076168445634,0.221193043023373,0.446883841522832,"LOD_vs_CN",185,"study_7"
"ITM2B",-0.0160038296673131,0.029183112210046,0.300735454202043,0.584193534786098,0.768858325256529,"LOD_vs_CN",173,"study_7"
"PCDH8",0.0679293832240688,0.0305475854550795,4.94494614320953,0.0275131230988426,0.122079186923607,"LOD_vs_CN",169,"study_7"
"ENO2",0.0747167636072907,0.0181001734780319,17.0400407606665,5.79859261254132e-05,0.00199849168646192,"LOD_vs_CN",184,"study_7"
"CTSA",0.0128485060219807,0.0531353450882323,0.0584706947141486,0.809453139032647,0.918537176145775,"LOD_vs_CN",116,"study_7"
"SEZ6L",0.0597484919848386,0.0202337158980572,8.71972124209402,0.00367588227648676,0.0317874593901722,"LOD_vs_CN",185,"study_7"
"POMGNT1",0.0673093848249913,0.0169239448391103,15.8178713995322,0.000100358661070269,0.00291630462168898,"LOD_vs_CN",185,"study_7"
"CTSF",-0.0173110853511087,0.0195750644785007,0.782063816092953,0.377864586787265,0.615379469910688,"LOD_vs_CN",184,"study_7"
"AZGP1",-0.0682626688145369,0.0249959221870822,7.45809994636942,0.00698449751864914,0.0483976030046397,"LOD_vs_CN",185,"study_7"
"ECRG4",-0.0607467444826471,0.0324393292879739,3.50672964086888,0.0628176289488047,0.204035600807263,"LOD_vs_CN",185,"study_7"
"SELENOP",0.00469544446370307,0.0152928643665568,0.094270485319038,0.75919430111194,0.892769380356355,"LOD_vs_CN",185,"study_7"
"SIAE",-0.0101366252231001,0.0228994631431949,0.195945898787285,0.658604482611516,0.824678180800301,"LOD_vs_CN",179,"study_7"
"GSN",-0.0150733613415213,0.0158026788679509,0.909826937694914,0.341705587691854,0.584766375241717,"LOD_vs_CN",185,"study_7"
"RNASE4",-0.0310870240800885,0.0236739800900821,1.72431157329338,0.191127773238961,0.408833652917392,"LOD_vs_CN",173,"study_7"
"RNASE1",0.0492281106180341,0.0366202868269543,1.8071027735903,0.180916826223838,0.396625349798415,"LOD_vs_CN",185,"study_7"
"CDH13",0.0596691361788704,0.0213074366119972,7.84218514175138,0.00567317768019822,0.0431161503695065,"LOD_vs_CN",181,"study_7"
"PODXL2",0.112219059813231,0.0405730594739043,7.64993484832241,0.00627658155123348,0.0460489794996437,"LOD_vs_CN",185,"study_7"
"COL1A2",0.0107141281014398,0.0319636944831655,0.112356894614992,0.738052124046976,0.875034598270094,"LOD_vs_CN",168,"study_7"
"SCG3",0.0522024652091391,0.0293172697751301,3.17055271580156,0.076858145424287,0.235825613910545,"LOD_vs_CN",183,"study_7"
"PEBP1",0.0874821833549726,0.0238124495205507,13.4968083859027,0.000318745323536944,0.0067482938497393,"LOD_vs_CN",184,"study_7"
"MAN1B1",-0.006498822267754,0.0192976197437596,0.113412736847599,0.736707367010671,0.874139565980636,"LOD_vs_CN",173,"study_7"
"RELN",0.0437272166548857,0.0235360463998408,3.45172863566959,0.0649468119614968,0.209697549731892,"LOD_vs_CN",185,"study_7"
"PPIC",0.0681769448128628,0.0197727305216155,11.8889027868809,0.000701491943526487,0.0110596921309176,"LOD_vs_CN",185,"study_7"
"CDH6",0.0335647940873693,0.0305289484137041,1.20877170195379,0.273255351087574,0.506635331231495,"LOD_vs_CN",185,"study_7"
"SEZ6",-0.0103643001073923,0.0178404590589191,0.337495440073179,0.562062578783366,0.765651797606553,"LOD_vs_CN",180,"study_7"
"GOLM1",-0.00197341703365694,0.0368318819748585,0.00287071398133305,0.957341497392748,0.983558435886705,"LOD_vs_CN",177,"study_7"
"ACTB",0.0539389918341868,0.0275067001992248,3.84528613208522,0.0516006556941192,0.18164193565259,"LOD_vs_CN",185,"study_7"
"LDHB",0.0772697263611928,0.0171969643700688,20.1890166220621,1.33623090026257e-05,0.000825122580912135,"LOD_vs_CN",185,"study_7"
"EFEMP1",0.0232960267913134,0.0171550524334921,1.84407939226898,0.176277137500851,0.388735644694063,"LOD_vs_CN",185,"study_7"
"PLD3",0.102724647561086,0.01952113966153,27.6910218737031,4.08569802349625e-07,5.04583705901787e-05,"LOD_vs_CN",185,"study_7"
"C8B",-0.0501857463970996,0.0241716282065919,4.31071156033134,0.0393522828321767,0.153878847380702,"LOD_vs_CN",185,"study_7"
"GPX3",-0.00813767665115872,0.026624350533129,0.0934206346839423,0.760239512827071,0.892769380356355,"LOD_vs_CN",184,"study_7"
"CBLN3",-0.00677820215106006,0.0293482777605758,0.0533413241560468,0.817633711917815,0.923521850692265,"LOD_vs_CN",183,"study_7"
"LTBP2",-0.0120840745510247,0.0185455722186626,0.424567079161042,0.51550950618577,0.730643036521077,"LOD_vs_CN",185,"study_7"
"IGFBP5",-0.00103241179962676,0.0170468008153107,0.00366792245746363,0.951777061699689,0.983558435886705,"LOD_vs_CN",185,"study_7"
"OPCML",0.0894509142897526,0.0211063782907971,17.9614805482992,3.66160103380599e-05,0.0015960272741472,"LOD_vs_CN",175,"study_7"
"FSTL1",-0.0293752416389506,0.0215629876972734,1.85585920500439,0.17487847102253,0.387523445916236,"LOD_vs_CN",184,"study_7"
"EPHA4",0.0883536539026286,0.0207838717864042,18.0715798095999,3.39818724436671e-05,0.00152609499883378,"LOD_vs_CN",185,"study_7"
"IGLON5",0.0419595265764379,0.0171876397002753,5.95975870571419,0.0157205500505255,0.0847194733631956,"LOD_vs_CN",184,"study_7"
"ROBO1",0.0788867832356761,0.0328186768399429,5.7778512849281,0.0173798724712305,0.0906935598674777,"LOD_vs_CN",175,"study_7"
"CA1",-0.115114093771462,0.138040540823656,0.695414422599866,0.40709564647991,0.639105665342402,"LOD_vs_CN",74,"study_7"
"GAPDH",0.0895871241212216,0.0373900090239439,5.74090090800383,0.0177157156401096,0.0911674678568151,"LOD_vs_CN",185,"study_7"
"BASP1",0.116271961596267,0.029642556263203,15.3857507690281,0.000134542523667326,0.00362530945590866,"LOD_vs_CN",171,"study_7"
"THY1",-0.00316038588721934,0.0198198690201717,0.0254260365710872,0.87348631160171,0.957476895359151,"LOD_vs_CN",185,"study_7"
"LTBP1",0.0108446502922801,0.0298354796135631,0.132118932639464,0.716896405019523,0.862370513180952,"LOD_vs_CN",120,"study_7"
"TGOLN2",0.0713396637962163,0.0222169144870569,10.3108538189865,0.00156865992797917,0.0184504286767074,"LOD_vs_CN",185,"study_7"
"PRRT3",0.0696650867027664,0.0185622870195264,14.0853420067177,0.000237335775564322,0.00567309063526332,"LOD_vs_CN",183,"study_7"
"PLG",-0.066286863969701,0.033521193518951,3.9103533176069,0.0498671637911792,0.179736408427374,"LOD_vs_CN",185,"study_7"
"BPNT2",0.0044539269690862,0.0185835096408759,0.0574421529019569,0.810875273822075,0.91944694399718,"LOD_vs_CN",185,"study_7"
"MAN1A1",0.00677298098400403,0.01567883334863,0.186608844873307,0.666298397089838,0.82979346595558,"LOD_vs_CN",182,"study_7"
"SERPINA6",-0.0566263663018125,0.0211393416493991,7.17553806043656,0.00818064853437816,0.053174215473458,"LOD_vs_CN",185,"study_7"
"HRG",-0.0631197855866601,0.0221632477649064,8.11080998004203,0.00497306336543114,0.039838269770643,"LOD_vs_CN",184,"study_7"
"APOC1",-0.0534323622427273,0.0353295593651106,2.28734833695068,0.132459801919759,0.327175710741804,"LOD_vs_CN",184,"study_7"
"PAM",0.0680569006212099,0.0215858123954659,9.9404841582957,0.0019087078983164,0.020799302244889,"LOD_vs_CN",185,"study_7"
"SIRPA",0.0346874923814537,0.0212589808839048,2.66232412338452,0.10451801892879,0.28164168412316,"LOD_vs_CN",185,"study_7"
"PFN1",0.025099193001215,0.0272853367507881,0.846176344108835,0.358932473552701,0.598675939220657,"LOD_vs_CN",175,"study_7"
"SEMA4B",0.000347008613756472,0.0159336077543682,0.000474299063679781,0.982650538534294,0.99064518852997,"LOD_vs_CN",185,"study_7"
"PTPRN2",0.0495384187962706,0.0258316230679621,3.67773887909919,0.0571092744416404,0.192770502776495,"LOD_vs_CN",155,"study_7"
"SHISA6",0.0333252481557231,0.0206147303585383,2.6133132291268,0.108044877195157,0.285423365424638,"LOD_vs_CN",185,"study_7"
"CLSTN1",0.0517041693195006,0.0200215213184148,6.6689426466423,0.010630855048864,0.0632727999293831,"LOD_vs_CN",185,"study_7"
"QDPR",-0.0212358951534277,0.0394109784002057,0.29033989250707,0.590826391924196,0.771840588520421,"LOD_vs_CN",177,"study_7"
"FRZB",0.0276733537771401,0.0190102595575486,2.11908070544722,0.147195934707151,0.352414176471726,"LOD_vs_CN",185,"study_7"
"CALM1",0.0747627066451839,0.0483221417646925,2.39374388239967,0.124518831660073,0.313372539348749,"LOD_vs_CN",128,"study_7"
"SEMA7A",0.0318262191137526,0.0210350361939156,2.28919911653101,0.132308319087666,0.327175710741804,"LOD_vs_CN",185,"study_7"
"IGF2",0.018567631636965,0.0321066012233572,0.334444728646513,0.56389955683106,0.765886944312553,"LOD_vs_CN",173,"study_7"
"MMRN2",0.0480970430301904,0.0207997097916012,5.34714798018532,0.0220843813520149,0.10572485243153,"LOD_vs_CN",185,"study_7"
"FUCA2",0.0465745584826021,0.0414399816998634,1.26316005422963,0.262663135945034,0.493993359734188,"LOD_vs_CN",183,"study_7"
"HTRA1",-0.0255979099369208,0.0231498620544828,1.22267828316929,0.270436827387781,0.503501731392829,"LOD_vs_CN",185,"study_7"
"TMEM132A",0.0557080650277975,0.0138058554845575,16.2820656578658,8.23208041922881e-05,0.00243998863625942,"LOD_vs_CN",185,"study_7"
"LYZ",-0.0516627279716459,0.0248237148232114,4.33132849532243,0.038978635210415,0.152820998364643,"LOD_vs_CN",185,"study_7"
"KNG1",-0.0641941793658232,0.0307817560610131,4.34915132083501,0.0385535051221134,0.152326751421679,"LOD_vs_CN",185,"study_7"
"MCFD2",0.0198556520948188,0.0207220328676824,0.918128762427408,0.339312870329887,0.582015826190848,"LOD_vs_CN",184,"study_7"
"PPIA",0.0733799543573257,0.0193501020280685,14.3809758180884,0.000205559262357426,0.00508779421711601,"LOD_vs_CN",185,"study_7"
"CALB1",0.0244147475553662,0.0221925750343543,1.21028898951784,0.272829428129024,0.506635331231495,"LOD_vs_CN",184,"study_7"
"GPR37",0.0708676884362296,0.0223982664273473,10.0107754935154,0.00187880447685931,0.0207790166769066,"LOD_vs_CN",185,"study_7"
"SHISA7",0.0107041283189302,0.0333967137703205,0.102729492946732,0.748959082942416,0.884428176032398,"LOD_vs_CN",183,"study_7"
"MAPT",0.31547671241843,0.0327870369157337,92.5827919768882,2.86606928882179e-17,4.24751468603389e-14,"LOD_vs_CN",149,"study_7"
"ATP6AP2",0.0124364293300747,0.034838057782538,0.127433479774346,0.721589168778822,0.864957073182033,"LOD_vs_CN",182,"study_7"
"C7",-0.0508757861072242,0.0166636952183002,9.3213676625355,0.00265781279493324,0.0257443043273925,"LOD_vs_CN",185,"study_7"
"CANX",0.0273014392706825,0.073159585275842,0.13926071337359,0.709472519705691,0.85901819787895,"LOD_vs_CN",180,"study_7"
"VGF",0.056332186267638,0.0295022430682453,3.64588645905397,0.0579247792282926,0.193779961210676,"LOD_vs_CN",185,"study_7"
"ENPP2",-0.0257020820212155,0.0178276874687724,2.07848352458918,0.151123841601694,0.356066030610033,"LOD_vs_CN",185,"study_7"
"MGP",-0.00382198977898085,0.0286043820934845,0.0178531108403416,0.893888668720463,0.968379391113835,"LOD_vs_CN",185,"study_7"
"MRC1",-0.00771209078784896,0.0266687579232038,0.0836254925088948,0.772846875567603,0.899732183496613,"LOD_vs_CN",180,"study_7"
"SERPINA5",-0.00944853845251892,0.0164391990397226,0.3303451706214,0.566172422250274,0.765886944312553,"LOD_vs_CN",185,"study_7"
"IGKV4-1",-0.0916955338306877,0.0371992494027689,6.07614336907361,0.014908899286195,0.0815313237717381,"LOD_vs_CN",185,"study_7"
"LDHA",0.135643003955555,0.0196590409978775,47.6069261849619,9.71657565203653e-11,2.05713787375973e-08,"LOD_vs_CN",185,"study_7"
"PRCP",-0.0865029749865611,0.0620302381219635,1.9447115386911,0.165025115971273,0.376649228003188,"LOD_vs_CN",185,"study_7"
"FRRS1L",0.041661418742132,0.0194697779494278,4.57874137724255,0.0342864704705557,0.140366158114264,"LOD_vs_CN",180,"study_7"
"TPI1",0.0726043991172833,0.0196347551379925,13.6733487745605,0.000302416765262747,0.00659090656057928,"LOD_vs_CN",185,"study_7"
"FGG",-0.0496663332410909,0.0349467609454581,2.01980916227349,0.157227422990538,0.365221067197457,"LOD_vs_CN",185,"study_7"
"OGN",-0.0446909005015632,0.0201872226263261,4.9010041042875,0.0281847192764877,0.123433671109487,"LOD_vs_CN",185,"study_7"
"LCAT",-0.0303584044840424,0.0229373464553419,1.75174762476289,0.187706569112386,0.406103847335118,"LOD_vs_CN",185,"study_7"
"LINGO1",0.0403414448171118,0.0252003237002935,2.56265803916653,0.111275187859165,0.289491394526968,"LOD_vs_CN",176,"study_7"
"LRP1",0.0177874871951182,0.0166491736230505,1.14141568529289,0.286836862299973,0.519311621341986,"LOD_vs_CN",184,"study_7"
"CSF1",0.0322071323604209,0.0154512030357416,4.34489731875532,0.0386470030597513,0.152326751421679,"LOD_vs_CN",185,"study_7"
"SEMA3G",-0.0147294432931675,0.0192774514886785,0.583812551497422,0.445824879650018,0.671455763863137,"LOD_vs_CN",184,"study_7"
"DKK3",0.0439718699805747,0.0142830521493533,9.47780625362723,0.00242129023059077,0.0247472560119691,"LOD_vs_CN",184,"study_7"
"NCAM2",0.0838762125617887,0.0213288640346046,15.4647239375369,0.000121151634959292,0.00332493931499391,"LOD_vs_CN",185,"study_7"
"NPTX2",0.0287866213026806,0.0236763189594369,1.47826748681251,0.225756480086672,0.452123112822227,"LOD_vs_CN",184,"study_7"
"SPOCK1",0.0277091910087552,0.0160845868024075,2.96775383772767,0.0866374865558987,0.255020491878909,"LOD_vs_CN",185,"study_7"
"QSOX2",0.00787050769727315,0.0265614760820318,0.087801327814967,0.767344815605147,0.895975291760101,"LOD_vs_CN",183,"study_7"
"PIK3IP1",0.0168793933904299,0.0214551979393775,0.618940097182412,0.432588188276097,0.658209132469379,"LOD_vs_CN",172,"study_7"
"SMOC1",0.117207862740704,0.0248922194318103,22.1710495210221,5.27119282694796e-06,0.000440347395873241,"LOD_vs_CN",173,"study_7"
"LMAN2",0.0169942939819299,0.0212869994097038,0.63734907131599,0.425994641635781,0.654900476041729,"LOD_vs_CN",185,"study_7"
"CLSTN3",0.0322045685395898,0.0204210286394664,2.48702265469616,0.116646176781101,0.298565861812766,"LOD_vs_CN",176,"study_7"
"NEO1",0.0296257920561649,0.018951578377748,2.44370720070143,0.119877750475565,0.3052557151285,"LOD_vs_CN",185,"study_7"
"IGFBP4",-0.0389403123066998,0.023393606478152,2.77079567163013,0.0984529104957338,0.27529662897109,"LOD_vs_CN",160,"study_7"
"PRKCSH",0.0535891437790257,0.0324916995280273,2.72024975313043,0.101273512569227,0.280614845700821,"LOD_vs_CN",167,"study_7"
"BCHE",-0.0354539580753617,0.0178992065882123,3.92339371858563,0.049262812215469,0.178502414922555,"LOD_vs_CN",183,"study_7"
"SPINT2",0.0741066584496908,0.0277115040682134,7.15145261619604,0.00822386284153412,0.0532216800487055,"LOD_vs_CN",184,"study_7"
"TWSG1",-0.0421144917889107,0.0167658807177459,6.30972431628453,0.0129302124172346,0.0739867752986167,"LOD_vs_CN",185,"study_7"
"HEXB",0.002949043149159,0.017488837338541,0.028434158313379,0.866296772392986,0.951706313333139,"LOD_vs_CN",185,"study_7"
"SULF2",0.0212118076427572,0.0178955300440119,1.40496733713294,0.237798265624535,0.463706617967843,"LOD_vs_CN",162,"study_7"
"FETUB",-0.0780471252969601,0.0224571135872178,12.0783038672747,0.000654636303366185,0.0107796777954298,"LOD_vs_CN",184,"study_7"
"MMP2",-0.0226906114884144,0.0120775671342995,3.52966492421012,0.0619369143475789,0.202628050911947,"LOD_vs_CN",185,"study_7"
"MFGE8",0.0693193342527358,0.0299785288153757,5.34672852450542,0.0221151850565279,0.10572485243153,"LOD_vs_CN",184,"study_7"
"SLC39A10",0.0524409559731529,0.0185268939330089,8.01190829706499,0.00517158656567474,0.0407675068634573,"LOD_vs_CN",185,"study_7"
"KLKB1",-0.0456023992842489,0.0214441293180097,4.5222914762179,0.0348522553812697,0.142289373209481,"LOD_vs_CN",185,"study_7"
"FGFR2",0.0484688523675949,0.0262276780891682,3.41511855122998,0.0663294630690555,0.212311585892743,"LOD_vs_CN",183,"study_7"
"PTPRZ1",0.0862933280377911,0.0217528675009701,15.7369805508474,0.000104562884989819,0.00298004222220985,"LOD_vs_CN",185,"study_7"
"GNPTG",-0.00164663072946158,0.0130953458859645,0.015810968890494,0.900080842304864,0.972953908312041,"LOD_vs_CN",182,"study_7"
"DYNLL2",0.0429615433490405,0.0183262887906259,5.49554409728536,0.0208701448963952,0.101408376185107,"LOD_vs_CN",128,"study_7"
"SDF4",-0.000976884471668882,0.0170278398344649,0.00329129870887167,0.954320352704417,0.983558435886705,"LOD_vs_CN",184,"study_7"
"PTPRN",0.0635101065810595,0.0232513763497279,7.46085073862789,0.00702194519484354,0.0483976030046397,"LOD_vs_CN",185,"study_7"
"VSTM2B",0.0668337015575897,0.0364400939390209,3.36381462381396,0.0686474015766274,0.217371341512869,"LOD_vs_CN",185,"study_7"
"PRDX1",0.0598915170224288,0.0166514793513807,12.9367439074041,0.000422705265664312,0.00807913172550502,"LOD_vs_CN",183,"study_7"
"APOA4",-0.0666629724917431,0.0223519975890283,8.89480980044495,0.00325357461881106,0.0304444256962581,"LOD_vs_CN",185,"study_7"
"FBLN1",-0.0506939593649474,0.0165975322268357,9.32879143493233,0.00265088383711785,0.0257443043273925,"LOD_vs_CN",185,"study_7"
"CADM3",-0.000167441021229564,0.0214828908533538,6.07488812397465e-05,0.993790533804036,0.995133493984852,"LOD_vs_CN",180,"study_7"
"SERPING1",-0.052471482059425,0.0171025676302249,9.41291266301441,0.0025211296050372,0.0253735993660924,"LOD_vs_CN",185,"study_7"
"APOE",0.0152747975261711,0.0201576704754434,0.574209325843621,0.449858452416892,0.676156416310177,"LOD_vs_CN",185,"study_7"
"SOD2",0.0702961077025863,0.0171935532099389,16.715958472343,7.66668480680427e-05,0.00236708893410082,"LOD_vs_CN",137,"study_7"
"PENK",0.0219918380410462,0.0206698837254593,1.13200146729712,0.288974669380647,0.520998126547591,"LOD_vs_CN",185,"study_7"
"CST3",0.0234171806435244,0.0228368168154539,1.05147288046061,0.306721682658226,0.545037810191237,"LOD_vs_CN",185,"study_7"
"CFD",-0.147244436324295,0.0551609790837607,7.12547556986731,0.00831595409461285,0.0535836694270272,"LOD_vs_CN",185,"study_7"
"CADM4",0.0365342100159749,0.0159559423736158,5.24269416474974,0.0232436673352499,0.109045521666844,"LOD_vs_CN",185,"study_7"
"FN1",0.0482327331367483,0.0133394329693331,13.0740158235708,0.000402146652843484,0.0080538018853249,"LOD_vs_CN",185,"study_7"
"COLEC12",0.00750097719799658,0.0128298914719916,0.341813904436568,0.559526692017395,0.765474683879642,"LOD_vs_CN",184,"study_7"
"CFH",-0.0144294317804539,0.0221992043291646,0.42249701144979,0.516567213880893,0.731186829963212,"LOD_vs_CN",185,"study_7"
"CNTN1",0.0318925831228318,0.0151452065313202,4.43434002862327,0.0366345407718705,0.148339861813968,"LOD_vs_CN",185,"study_7"
"ORM1",-0.0341047044537008,0.0401224907415735,0.722524885252551,0.396616311791352,0.627975827002973,"LOD_vs_CN",184,"study_7"
"NPY",0.0675503277177141,0.0259744354911941,6.76336281230715,0.0101776576343959,0.0615644433231621,"LOD_vs_CN",184,"study_7"
"ECM2",-0.0213381444214393,0.022562615813946,0.894405381090469,0.345605309699586,0.588720768936537,"LOD_vs_CN",185,"study_7"
"CD14",0.00161906704691361,0.023821683832043,0.00461939132791727,0.945894278430957,0.983558435886705,"LOD_vs_CN",185,"study_7"
"ENDOD1",-0.00072002128823101,0.0189535402234279,0.00144314507472411,0.969751041129742,0.984363728050875,"LOD_vs_CN",180,"study_7"
"APOA1",-0.10897178358189,0.0267497935801271,16.5953817965575,7.05467567938823e-05,0.0022244743312454,"LOD_vs_CN",185,"study_7"
"OLFM1",0.0312024640854336,0.0220906539691704,1.99508148491905,0.159854174527456,0.369047985572772,"LOD_vs_CN",181,"study_7"
"FGFR1",0.0397586632661717,0.015498289107579,6.58106276650048,0.0112156471850445,0.0656979807440156,"LOD_vs_CN",183,"study_7"
"HABP2",-0.0599357344826963,0.0294341503471843,4.14637574877166,0.0434825459291985,0.164748596202409,"LOD_vs_CN",184,"study_7"
"PTGDS",-0.0367268770932849,0.0231765256545901,2.51114238580282,0.114905889329153,0.295643277753134,"LOD_vs_CN",185,"study_7"
"GLDN",0.0139666339835527,0.0225176666517567,0.384712885475032,0.535938806679409,0.748443561490145,"LOD_vs_CN",178,"study_7"
"GOLIM4",-0.00608983069733959,0.0321689588299147,0.0358373945672441,0.850093932153912,0.941601075604827,"LOD_vs_CN",174,"study_7"
"SOD3",-0.0630102599543951,0.0156184100391577,16.2760457459519,8.04774264239636e-05,0.00243403155021049,"LOD_vs_CN",185,"study_7"
"SERPINF1",-0.0369876538102716,0.0177708719994872,4.33207623681007,0.0389434036119914,0.152820998364643,"LOD_vs_CN",185,"study_7"
"C8A",-0.0356421346175742,0.0230919574094699,2.38235192553143,0.124545496407836,0.313372539348749,"LOD_vs_CN",185,"study_7"
"RNASE2",0.0216004492265398,0.0374371050361351,0.332905561695165,0.564802342082457,0.765886944312553,"LOD_vs_CN",184,"study_7"
"ITIH1",-0.025351412512495,0.0250250838456648,1.02625016899226,0.312418085892802,0.551194765825157,"LOD_vs_CN",185,"study_7"
"TIMP2",-0.0222159389872063,0.0546153816480392,0.165462431625949,0.684801979257329,0.845084747000643,"LOD_vs_CN",179,"study_7"
"SORCS2",-0.0403166393725201,0.0296103067952715,1.85388518369348,0.175278300258311,0.387523445916236,"LOD_vs_CN",165,"study_7"
"ORM2",-0.0717394247104206,0.0237935595090168,9.09069202431601,0.00294336491600187,0.028142366487192,"LOD_vs_CN",185,"study_7"
"CD163",-0.0165373978106196,0.0307121105232286,0.289944598925069,0.591119479062536,0.771840588520421,"LOD_vs_CN",175,"study_7"
"CADM2",0.100624499432875,0.0231970378297807,18.8166542255715,2.54401648328913e-05,0.00123919621616739,"LOD_vs_CN",184,"study_7"
"SORCS3",0.0866483382622514,0.0326194126119827,7.05615648969977,0.00875399023708475,0.0554419381682034,"LOD_vs_CN",153,"study_7"
"TALDO1",-0.00677803676370381,0.0420466530264962,0.0259863317261041,0.872148024651107,0.957424720394771,"LOD_vs_CN",154,"study_7"
"OMD",-0.0171781417622636,0.0173455594063212,0.980789354694636,0.323426631805989,0.565233807000561,"LOD_vs_CN",183,"study_7"
"ENO1",0.0816892344715425,0.0265912386717062,9.43740333395068,0.00253393569917792,0.0253735993660924,"LOD_vs_CN",149,"study_7"
"NRXN1",0.0635466969262026,0.0277038980565101,5.2614349087735,0.0231064800257743,0.109045521666844,"LOD_vs_CN",179,"study_7"
"KIAA0319",-0.031774137632377,0.0579212162865259,0.300934652005973,0.584211264064164,0.768858325256529,"LOD_vs_CN",139,"study_7"
"SERPINA3",0.0105822802061954,0.0373779343121187,0.0801545021446089,0.777586907225001,0.902890937555073,"LOD_vs_CN",121,"study_7"
"FCGBP",0.0059584125667973,0.0286041680181603,0.0433912839486469,0.835233328697968,0.93349607325067,"LOD_vs_CN",185,"study_7"
"MAN2A2",0.0759926934089723,0.0180555357433794,17.7142559858755,4.10154941157245e-05,0.00165815924255511,"LOD_vs_CN",185,"study_7"
"RNASE6",0.00495870108345464,0.0184914271083515,0.0719109454653569,0.788895586766165,0.909131617097556,"LOD_vs_CN",184,"study_7"
"ST6GAL2",0.0950949127296203,0.0230604167782195,17.0051420489584,5.78580731041367e-05,0.00199849168646192,"LOD_vs_CN",185,"study_7"
"NID1",0.00622724454617263,0.0114247261871019,0.297098351045587,0.586401077121283,0.76974880096877,"LOD_vs_CN",185,"study_7"
"COTL1",0.0453736609899664,0.0304471967631695,2.22081824184233,0.138374906777685,0.338370635818402,"LOD_vs_CN",162,"study_7"
"TXN",0.0812187053491789,0.0164026966757675,24.5178067245427,1.71215900545777e-06,0.000183974155285357,"LOD_vs_CN",185,"study_7"
"CUTA",0.0538864794272458,0.0292261824490802,3.39950308144108,0.0669646593490267,0.213422849796253,"LOD_vs_CN",176,"study_7"
"NPTXR",0.0400481183656085,0.0218672219515881,3.35410771537946,0.0687902558498891,0.217371341512869,"LOD_vs_CN",185,"study_7"
"MDH1",0.107378714070768,0.0216281268639639,24.6489589019971,1.73794748582658e-06,0.000183974155285357,"LOD_vs_CN",183,"study_7"
"C8G",-0.0289320875306469,0.0204420049418936,2.00314580918108,0.158870154543514,0.367883701614824,"LOD_vs_CN",183,"study_7"
"PRG4",-0.00371333388662265,0.0298235838823523,0.0155027355696748,0.901082326193745,0.973094506666872,"LOD_vs_CN",170,"study_7"
"ARMH4",0.0163770087515207,0.0402818101878631,0.165291760320243,0.684849379991749,0.845084747000643,"LOD_vs_CN",175,"study_7"
"GOT2",0.12716410699632,0.02716924907441,21.9065416289974,5.5838850500526e-06,0.000440347395873241,"LOD_vs_CN",184,"study_7"
"PPIB",0.0248394325013859,0.020418234999051,1.47994965915861,0.225403104003146,0.45202625187099,"LOD_vs_CN",184,"study_7"
"QSOX1",-0.0016189163052589,0.0163815898144052,0.00976644929942073,0.921396161217483,0.980264975537911,"LOD_vs_CN",185,"study_7"
"APOM",-0.0583438744986902,0.0384963892903245,2.29694469138509,0.131481320868166,0.326938452225877,"LOD_vs_CN",185,"study_7"
"FBLN2",0.00285064498128129,0.0193353823645265,0.0217360556743408,0.882957222269611,0.962714966141283,"LOD_vs_CN",185,"study_7"
"LY6H",0.0437430114420199,0.0397784133316532,1.20926767614093,0.273201208296357,0.506635331231495,"LOD_vs_CN",185,"study_7"
"GPR37L1",0.0266767758389941,0.0226748331883281,1.38413508552364,0.241084182104958,0.468170959464015,"LOD_vs_CN",179,"study_7"
"TNXB",0.00690792903248294,0.0386850490111659,0.0318866894187197,0.858532958976285,0.945982041043015,"LOD_vs_CN",159,"study_7"
"APOH",-0.046874877644389,0.0222946404360179,4.42058096409369,0.0370121636356076,0.14844499978839,"LOD_vs_CN",184,"study_7"
"SERPINA4",-0.0536888915157707,0.0224808526705594,5.7035245590745,0.018063041309446,0.0923083697262036,"LOD_vs_CN",185,"study_7"
"NPC2",-0.0344105220667412,0.0253425753052624,1.8436608432683,0.17663207845476,0.388735644694063,"LOD_vs_CN",185,"study_7"
"IGKV3-20",-0.0807009320096457,0.0327366815834229,6.07697979447522,0.0148216028202633,0.0813541310356672,"LOD_vs_CN",185,"study_7"
"ITIH4",-0.120762055183831,0.0365820317678255,10.8974615606912,0.00121530688997659,0.0149800377917815,"LOD_vs_CN",162,"study_7"
"RTN4RL2",0.0406889308859375,0.0215159003394406,3.57629643354776,0.0604130936296576,0.198519301018077,"LOD_vs_CN",174,"study_7"
"DAG1",0.00264261022332501,0.013064739853955,0.0409133167960212,0.83995538775085,0.934938175485472,"LOD_vs_CN",185,"study_7"
"CD99",-0.00042492455642229,0.0237599206967762,0.00031984066954048,0.985755421761148,0.990697489660126,"LOD_vs_CN",182,"study_7"
"CGREF1",0.0945764299471845,0.0280749988431266,11.3481832088105,0.000929621518978432,0.0130965335748706,"LOD_vs_CN",185,"study_7"
"DIPK1C",0.030475365719373,0.0208402732705771,2.13841027896684,0.146244224308399,0.351270567949832,"LOD_vs_CN",123,"study_7"
"CFHR1",-0.0911581542079043,0.0325770912745032,7.83008427685799,0.00576339764676231,0.0433905966880489,"LOD_vs_CN",185,"study_7"
"CLU",-0.0205976653267088,0.0210196910203333,0.960247840540914,0.328845975782383,0.571336150186978,"LOD_vs_CN",185,"study_7"
"FSTL4",0.0424985998355876,0.0344323059620887,1.52341078687962,0.218764610443442,0.443514572745802,"LOD_vs_CN",185,"study_7"
"NTRK2",0.0553869717747828,0.0344570969958294,2.58379391761295,0.110787697796158,0.289086308624164,"LOD_vs_CN",116,"study_7"
"NXPH4",0.00926877977715002,0.0207745845707219,0.199058364400188,0.656065365056076,0.822786796578015,"LOD_vs_CN",185,"study_7"
"ADAM22",0.0174342896172428,0.0257024076162835,0.460109180457195,0.498631358818149,0.723556484618038,"LOD_vs_CN",185,"study_7"
"CCN3",-0.0920717682566679,0.0279363422341028,10.8621021607856,0.00121482801200356,0.0149800377917815,"LOD_vs_CN",169,"study_7"
"CNTN4",0.0623334305084144,0.0211909079392661,8.65252630334318,0.00371635328142755,0.0318360437172001,"LOD_vs_CN",185,"study_7"
"SPOCK2",0.0459735773102024,0.0219457173940388,4.3885093955906,0.0377107486375205,0.150234756668832,"LOD_vs_CN",184,"study_7"
"KRT9",0.225360900261317,0.0958885042394538,5.52362325643772,0.0201269065964651,0.0990965965978778,"LOD_vs_CN",172,"study_7"
"TNR",0.0565507638815372,0.0202176984458979,7.82372401619932,0.0057883450693865,0.0433905966880489,"LOD_vs_CN",185,"study_7"
"IGHA2",-0.113011296072034,0.0483063941701743,5.4731136918357,0.0205604692850657,0.100804997285635,"LOD_vs_CN",185,"study_7"
"LRRC4B",0.0903774798597468,0.0207518074441135,18.9674346392091,2.21375950593642e-05,0.00117171128135635,"LOD_vs_CN",185,"study_7"
"CTSD",-0.0375456208821277,0.019229910272846,3.81209807594252,0.0525316852496332,0.183181076564603,"LOD_vs_CN",185,"study_7"
"CTSZ",-0.0293184952770629,0.0173845296093224,2.84418254065473,0.0937362233636058,0.267148236586277,"LOD_vs_CN",185,"study_7"
"CANT1",0.0127409527748767,0.0205520376863228,0.384320930038808,0.536350419968635,0.748443561490145,"LOD_vs_CN",185,"study_7"
"PCSK1N",0.0465165600993318,0.0278854340652277,2.78266140245554,0.0970974652103817,0.273052074842098,"LOD_vs_CN",185,"study_7"
"CBLN4",0.104181489978681,0.0294183466327471,12.5413592023435,0.000507008815940241,0.00905285620751129,"LOD_vs_CN",184,"study_7"
"GM2A",0.0514547770655831,0.017785134858394,8.3702239229723,0.00434854388896335,0.0358030113524649,"LOD_vs_CN",185,"study_7"
"C9",-0.0577903216744113,0.0292899367691971,3.89290096498759,0.0500157159190633,0.179736408427374,"LOD_vs_CN",185,"study_7"
"CALR",0.0133855320001972,0.0229104206659095,0.341354117915192,0.559901860543544,0.765474683879642,"LOD_vs_CN",184,"study_7"
"COL6A1",0.0278376418045312,0.0159760449109289,3.03617177904037,0.0833045767331498,0.248405196616756,"LOD_vs_CN",185,"study_7"
"CAMK2B",0.0491343580240029,0.0216882437848853,5.13241540214998,0.0247393240999632,0.114573994737955,"LOD_vs_CN",185,"study_7"
"APOB",-0.00810782892526785,0.0406380544217,0.0398055233155715,0.84214517535195,0.936278432011695,"LOD_vs_CN",179,"study_7"
"AFM",-0.0468506029760043,0.0332795186950996,1.9818751674165,0.160931793866389,0.370762942356287,"LOD_vs_CN",184,"study_7"
"PTPRF",0.0288438215394535,0.0235417986879518,1.50115769388342,0.223195088506806,0.449755315018152,"LOD_vs_CN",110,"study_7"
"LGALS3BP",0.0237483844649153,0.0229046271463137,1.07503273619905,0.301538821589472,0.53841028144048,"LOD_vs_CN",185,"study_7"
"ECM1",0.0140777748953536,0.0235434638620721,0.357542205177705,0.550783711727195,0.760728295228055,"LOD_vs_CN",182,"study_7"
"SLITRK4",0.0227357785843116,0.0290451674776626,0.612733876886299,0.434842315947136,0.660960320239646,"LOD_vs_CN",185,"study_7"
"PCSK2",0.0326876881314551,0.0348678930099727,0.878854543159086,0.350664847349422,0.594605610722933,"LOD_vs_CN",108,"study_7"
"VSIG4",0.0225919731815321,0.0262129541065533,0.742807693754196,0.389950676214509,0.622015605644822,"LOD_vs_CN",185,"study_7"
"SUSD5",0.0229547799473506,0.018252120403168,1.58168362204007,0.210203855263175,0.434273695707516,"LOD_vs_CN",182,"study_7"
"B4GAT1",0.017521948493151,0.0172880767256083,1.02723885032322,0.312170825460562,0.551194765825157,"LOD_vs_CN",185,"study_7"
"NEGR1",0.0498373481378582,0.0190138756086072,6.87018693000987,0.00960939444173379,0.0590917948657654,"LOD_vs_CN",185,"study_7"
"PEBP4",0.0588984386083258,0.0208417562123825,7.98617716701532,0.00527836291936042,0.0411712307710113,"LOD_vs_CN",185,"study_7"
"SCRG1",0.0290030771514607,0.0288256007120868,1.01235171428339,0.315843974582594,0.555913217148951,"LOD_vs_CN",185,"study_7"
"NUCB1",-0.0133809201288955,0.0137155056484796,0.951805719321612,0.330732392687853,0.57243661743906,"LOD_vs_CN",185,"study_7"
"A4GALT",-0.0331213362067384,0.0417365021750262,0.629772365537041,0.42892613936178,0.6553283902414,"LOD_vs_CN",163,"study_7"
"ABHD14A",0.0427401172777042,0.0219293484320078,3.79856850398976,0.0529346183332697,0.183795117379452,"LOD_vs_CN",173,"study_7"
"ABHD14B",0.0505287024239065,0.0614229212979429,0.676729885076799,0.413441552144332,0.644968821345158,"LOD_vs_CN",94,"study_7"
"ABI3BP",0.00835420432885758,0.0411156108283347,0.0412854186521408,0.83981404173138,0.934938175485472,"LOD_vs_CN",56,"study_7"
"ACAN",0.0237685087785864,0.0433207229408985,0.301031871989087,0.5844037042469,0.768858325256529,"LOD_vs_CN",132,"study_7"
"ACE",-0.0322337832493096,0.0329453099809041,0.957272022246322,0.330728822461781,0.57243661743906,"LOD_vs_CN",92,"study_7"
"ACP1",0.038780270497373,0.0513001194481332,0.571458787470235,0.451374670184779,0.677062005277168,"LOD_vs_CN",116,"study_7"
"ACP2",-0.0289610932537405,0.0297799068620551,0.94576499081692,0.332484745774668,0.57429183361079,"LOD_vs_CN",150,"study_7"
"ACP6",-0.264490053127336,0.0743757756624722,12.6460726277665,0.00116727828614876,0.0148091915507484,"LOD_vs_CN",39,"study_7"
"ACYP1",-0.000319943710263004,0.0289174662538101,0.000122412756861815,0.991190573798392,0.99384404884949,"LOD_vs_CN",125,"study_7"
"ADA2",0.00554791992131332,0.0196748488415845,0.0795128936729641,0.778313174986048,0.902890937555073,"LOD_vs_CN",180,"study_7"
"ADAM10",0.0194404952979568,0.0215528841190732,0.813586742813422,0.368710438506808,0.604748010915505,"LOD_vs_CN",169,"study_7"
"ADAM11",0.0190472407953388,0.0231609124630061,0.676320908793198,0.412192771626668,0.644253259670519,"LOD_vs_CN",169,"study_7"
"ADAM15",0.0597957775013791,0.0306925398171533,3.79555578300067,0.0539319163852438,0.186310256603569,"LOD_vs_CN",130,"study_7"
"ADAM17",-0.0539803971697728,0.0282717628764316,3.64557780915978,0.0602626901019111,0.198519301018077,"LOD_vs_CN",86,"study_7"
"ADAM23",0.0802745629637514,0.0612598255007206,1.71713479620133,0.193055959789076,0.409489418058917,"LOD_vs_CN",104,"study_7"
"ADAM28",-0.00423550363635572,0.0588636024164809,0.00517745631981097,0.942739352738863,0.983558435886705,"LOD_vs_CN",152,"study_7"
"ADAM9",0.0104454194649719,0.0267645600503788,0.152311099094409,0.696874782545955,0.851416675789865,"LOD_vs_CN",163,"study_7"
"ADAMDEC1",-0.0595568981383634,0.0251186279144975,5.62176019011782,0.019067487688294,0.0954662728177423,"LOD_vs_CN",146,"study_7"
"ADAMTS1",0.04386617300095,0.0836096067957587,0.275262552103633,0.601143979499658,0.778527968627454,"LOD_vs_CN",92,"study_7"
"ADAMTS2",0.0277305166851853,0.0215116198341791,1.66176533355802,0.19927507159177,0.41771662814569,"LOD_vs_CN",159,"study_7"
"ADAMTS8",0.064805451330944,0.0222809806822987,8.45969050733563,0.00429563241901733,0.0355649566758865,"LOD_vs_CN",129,"study_7"
"ADGRB3",0.023999224086042,0.0281026963985113,0.729286910049704,0.394357070508186,0.625066501062173,"LOD_vs_CN",179,"study_7"
"ADGRG1",-0.0133346499973293,0.0242561553840721,0.302217292074562,0.583249406409974,0.768858325256529,"LOD_vs_CN",166,"study_7"
"ADGRG6",-0.0820699278011583,0.0645583392805568,1.61608203637505,0.212671641276685,0.43705003666899,"LOD_vs_CN",35,"study_7"
"ADGRL1",0.0358863917907435,0.0157960598212587,5.16133500895412,0.0243553592261346,0.113149349132074,"LOD_vs_CN",185,"study_7"
"ADGRL3",0.0120068227444072,0.0169997649828244,0.498850444617398,0.480945896970336,0.70851075478135,"LOD_vs_CN",184,"study_7"
"ADIRF",0.0873919394982003,0.0668493069526445,1.70902705240922,0.197075751857629,0.414278389011356,"LOD_vs_CN",62,"study_7"
"AKAP12",0.0920941537317468,0.0524359563243147,3.08464888385665,0.0907199189108685,0.261628995540786,"LOD_vs_CN",41,"study_7"
"ALB",-0.0916350849777992,0.0203086712048506,20.3591928839867,1.18745586316477e-05,0.000765134604004433,"LOD_vs_CN",185,"study_7"
"ALDH1A1",-0.0161834244809729,0.0439815854402844,0.135393897361847,0.714001610401385,0.861685982585384,"LOD_vs_CN",84,"study_7"
"AMPH",0.142550877016279,0.0538202276380332,7.01534003927001,0.0110499054277175,0.0652428679038937,"LOD_vs_CN",49,"study_7"
"AMY2A",-0.0905929225779554,0.0653262132249069,1.92315183100151,0.174578218045422,0.387523445916236,"LOD_vs_CN",38,"study_7"
"AMY2B",-0.0168782672974279,0.0256622475289633,0.432579905511828,0.511765945562132,0.730643036521077,"LOD_vs_CN",175,"study_7"
"ANGPTL1",-0.0219735106867613,0.0266214303064944,0.681296452833259,0.412548139964455,0.644253259670519,"LOD_vs_CN",61,"study_7"
"ANGPTL2",-0.0415840086765673,0.0193485842967302,4.61906759481946,0.0334691902092876,0.138811995855522,"LOD_vs_CN",170,"study_7"
"ANGPTL7",-0.0615669345557013,0.0327954136166417,3.52426726212509,0.0623248053002599,0.203447932720232,"LOD_vs_CN",168,"study_7"
"ANPEP",-0.0250681725241035,0.0442511706743449,0.32091928859184,0.572055827696396,0.765886944312553,"LOD_vs_CN",162,"study_7"
"ANTXR1",-0.0158356253341072,0.0261533862927091,0.366618671090608,0.545906651547122,0.756106222049379,"LOD_vs_CN",138,"study_7"
"ANXA2",0.418697065608481,0.140273582381795,8.90939179435575,0.00579712425386888,0.0433905966880489,"LOD_vs_CN",37,"study_7"
"ANXA5",-0.0158784194269703,0.0291997504481843,0.295703360163379,0.587337009041351,0.770295086194054,"LOD_vs_CN",179,"study_7"
"ANXA6",0.122507358556749,0.0479903584795739,6.51652947177748,0.0131060244198129,0.0747043391929336,"LOD_vs_CN",73,"study_7"
"AOC3",-0.0309848432787945,0.0267318061582791,1.34351339629534,0.248351973526814,0.479241698915024,"LOD_vs_CN",157,"study_7"
"AP2B1",0.0689407093367018,0.0308575161544691,4.99148264132601,0.0268297028985798,0.11976391474607,"LOD_vs_CN",177,"study_7"
"APMAP",-0.0564583485432197,0.0525110451400966,1.15599250024311,0.284276374181879,0.518839392287617,"LOD_vs_CN",134,"study_7"
"APOC2",-0.0612905475874008,0.0387681788005983,2.49940252019921,0.115878039579173,0.297112897329299,"LOD_vs_CN",183,"study_7"
"APOF",-0.157483635557755,0.073282257319992,4.61820478744336,0.0336258478489422,0.138811995855522,"LOD_vs_CN",136,"study_7"
"APOL1",-0.0528713636401381,0.0292118823281761,3.27583439383256,0.0719909725638974,0.226039451990881,"LOD_vs_CN",184,"study_7"
"AQP4",0.00279878419422452,0.0196055660262055,0.0203788679337322,0.886651002343465,0.964770033386942,"LOD_vs_CN",181,"study_7"
"ARF1",0.0479509085652734,0.0503581937415826,0.906678656332736,0.342929976640946,0.585509476246408,"LOD_vs_CN",123,"study_7"
"ARHGAP36",0.000509227542592861,0.0493496473156625,0.000106476965117602,0.99183221879109,0.99384404884949,"LOD_vs_CN",39,"study_7"
"ARPC4",-0.0559654293252452,0.0203505097701301,7.56291282161347,0.00663465127877687,0.0476025115728322,"LOD_vs_CN",185,"study_7"
"ARSA",-0.0224163911078064,0.0324593643071968,0.47692640761485,0.491079195611821,0.717731132048046,"LOD_vs_CN",145,"study_7"
"ARSG",-0.0841926392040913,0.0438898391404786,3.67976656531573,0.0589133511917971,0.19620131790167,"LOD_vs_CN",93,"study_7"
"ASAH1",0.0180810874535897,0.0241940978582107,0.558509066652067,0.455826456452501,0.680296886669292,"LOD_vs_CN",184,"study_7"
"ASPH",0.0204895066775457,0.0679681503247382,0.0908766065742476,0.763508240713123,0.893778147046246,"LOD_vs_CN",147,"study_7"
"ASPN",-0.136950396909449,0.0921567319695713,2.2083731560841,0.148102283390693,0.352727060606879,"LOD_vs_CN",39,"study_7"
"ASPRV1",-0.0519243977745747,0.054717605993494,0.900510457843865,0.356438786937091,0.596879682736921,"LOD_vs_CN",30,"study_7"
"ATP1A1",0.00807677413987573,0.0258554523889206,0.0975824223850699,0.755357568846257,0.890453912622722,"LOD_vs_CN",126,"study_7"
"ATP1A3",0.0361230775189707,0.0348419787076105,1.0748896080139,0.301305943301756,0.53841028144048,"LOD_vs_CN",182,"study_7"
"ATP1B1",0.120861708096815,0.0333752403371153,13.1138028970367,0.000424749979626014,0.00807913172550502,"LOD_vs_CN",127,"study_7"
"ATP1B2",-0.0296359168874023,0.0440968825645408,0.45166970319919,0.503880073085256,0.726804530960076,"LOD_vs_CN",92,"study_7"
"B3GALNT1",0.0293006302185326,0.0290279765415644,1.01887380375207,0.314344856950737,0.553934694412596,"LOD_vs_CN",163,"study_7"
"B3GAT3",-0.00607756095685374,0.0278892310665058,0.0474881844211147,0.82797071624845,0.928345421527585,"LOD_vs_CN",97,"study_7"
"B3GNT8",-0.00201101153129279,0.0470131568086139,0.00182974384103452,0.96595985348459,0.984332015574576,"LOD_vs_CN",117,"study_7"
"B3GNT9",0.012876463501029,0.0280912976291427,0.210111392004963,0.647233092850171,0.817913359602303,"LOD_vs_CN",182,"study_7"
"B4GALNT1",0.0302744484955424,0.045985737048707,0.433417235330236,0.511374201388292,0.730643036521077,"LOD_vs_CN",147,"study_7"
"B4GALT1",-0.0259196632839833,0.0323029591442386,0.643834277424962,0.424141140911503,0.653406622485289,"LOD_vs_CN",127,"study_7"
"B4GALT3",0.0517856289288652,0.113428431715965,0.208436923852923,0.650157003294189,0.817939455757205,"LOD_vs_CN",48,"study_7"
"BACE1",0.0211926577851935,0.0225664373880338,0.88195179322822,0.349590408203856,0.593462754820292,"LOD_vs_CN",121,"study_7"
"BCAM",-0.0189116830934131,0.0265037297087587,0.5091507357682,0.476459524177548,0.704001011795739,"LOD_vs_CN",181,"study_7"
"BDNF",0.0149951042958776,0.0439162992668538,0.116586297322221,0.73347020233218,0.872393932468933,"LOD_vs_CN",104,"study_7"
"BGN",-0.0318352595515634,0.0388356132138929,0.671980167833098,0.415032972306089,0.646091244703386,"LOD_vs_CN",117,"study_7"
"BLMH",0.126986901096087,0.0326496090468473,15.1273160149712,0.000177955147304671,0.00462683382992145,"LOD_vs_CN",120,"study_7"
"BLVRB",-0.0187287016360722,0.0616086764658527,0.0924126840389417,0.761609474349766,0.893064162889206,"LOD_vs_CN",141,"study_7"
"BMP1",0.0735400177473524,0.030909755748254,5.66051980444274,0.018484229540683,0.0934936115334203,"LOD_vs_CN",174,"study_7"
"BMP6",-0.0551857132718139,0.0659514718592232,0.700171349461096,0.405965161325763,0.638684043614417,"LOD_vs_CN",66,"study_7"
"BMP7",-0.0605828320353798,0.0474690766411906,1.62883680656897,0.204508998412921,0.426276140151827,"LOD_vs_CN",132,"study_7"
"BST1",-0.00976349756651285,0.0267414080600256,0.133303730218981,0.715785354844384,0.861733465377235,"LOD_vs_CN",133,"study_7"
"BTN2A1",0.0204254107951698,0.0350463082154392,0.339669887594095,0.561368995264833,0.765651797606553,"LOD_vs_CN",110,"study_7"
"C11orf87",0.0202891658939066,0.0661325137805832,0.0941235554799076,0.759474048740628,0.892769380356355,"LOD_vs_CN",154,"study_7"
"SPRING1",0.0845734922667285,0.0399507872978716,4.48144265802486,0.036968334139578,0.14844499978839,"LOD_vs_CN",94,"study_7"
"C1GALT1",0.00625484392919162,0.0450473701944658,0.0192794246953248,0.889939612943158,0.966153448009175,"LOD_vs_CN",78,"study_7"
"C1GALT1C1",0.0218216006530687,0.0363489669102123,0.360403552510721,0.549352402753825,0.75945919858318,"LOD_vs_CN",132,"study_7"
"C1QL3",0.0140601003167014,0.0237690890910898,0.34990629980497,0.555006525880159,0.762298119883592,"LOD_vs_CN",168,"study_7"
"C1QTNF1",-0.0165988314515078,0.0254637032913659,0.424924624942128,0.515424212067599,0.730643036521077,"LOD_vs_CN",183,"study_7"
"C1QTNF4",-0.00408078960983804,0.0164058400825519,0.0618716163375638,0.803901627018168,0.915972210635702,"LOD_vs_CN",179,"study_7"
"C1QTNF5",0.0251741817713365,0.0225559897789138,1.24562394781284,0.265879122956877,0.497516237654156,"LOD_vs_CN",185,"study_7"
"C3AR1",0.0460940573675073,0.0283919161979569,2.63572725249124,0.106625670515771,0.283697026399234,"LOD_vs_CN",150,"study_7"
"CA3",-0.199089189135457,0.118675529350588,2.81431691166646,0.105976085758344,0.282984791160118,"LOD_vs_CN",37,"study_7"
"CA4",0.0799007314539555,0.0336677729192228,5.63213079120241,0.019044768216917,0.0954662728177423,"LOD_vs_CN",150,"study_7"
"CACHD1",0.0267925890929694,0.0193115766329978,1.92483675688662,0.167160346599475,0.378794546881379,"LOD_vs_CN",182,"study_7"
"CACNA2D2",0.0150142494247723,0.0224576561948272,0.446970020521504,0.504643631820457,0.726804530960076,"LOD_vs_CN",181,"study_7"
"CACNA2D3",0.0722767121442018,0.0271113350408319,7.10714160660002,0.00844092125630001,0.0541226553282783,"LOD_vs_CN",184,"study_7"
"CALB2",0.164149733471265,0.0676590785652459,5.88610772296486,0.0169367829843615,0.089008199939091,"LOD_vs_CN",116,"study_7"
"CALCA",-0.0286061557345283,0.0332053279864879,0.742170091055102,0.390301407283398,0.622015605644822,"LOD_vs_CN",170,"study_7"
"CALU",-0.0463912601838103,0.044067538898008,1.10824236209689,0.29442111803857,0.528247090718112,"LOD_vs_CN",138,"study_7"
"CALY",0.0628542602954347,0.0372271300346641,2.85069219659415,0.0931376245548031,0.265953679364582,"LOD_vs_CN",183,"study_7"
"CAMK2D",-0.00193674080464357,0.0400383599321938,0.00233986308884058,0.961490125898027,0.983558435886705,"LOD_vs_CN",139,"study_7"
"CAMK2G",0.0749292710068588,0.0278215620317921,7.25337273298427,0.00779988551350605,0.051631784675682,"LOD_vs_CN",179,"study_7"
"CAPG",-0.0112705369270518,0.0447554739801324,0.0634157146253499,0.801693744433219,0.915972210635702,"LOD_vs_CN",102,"study_7"
"GOLM2",0.00874163316794441,0.0247206641694943,0.125044584060384,0.724083238684554,0.865396257847184,"LOD_vs_CN",166,"study_7"
"CASP14",-0.086623641406459,0.0411691662861935,4.42719578250122,0.0369083346494627,0.14844499978839,"LOD_vs_CN",185,"study_7"
"CAT",-0.0476662935086027,0.0735534612490738,0.419968325778758,0.518813803729701,0.732966689349301,"LOD_vs_CN",86,"study_7"
"CBLN2",0.132057366765762,0.0428681388657114,9.48977703224478,0.00239885530227334,0.0247472560119691,"LOD_vs_CN",179,"study_7"
"CBR1",0.00971330289048744,0.0217781840735016,0.198925534976526,0.65623076488206,0.822786796578015,"LOD_vs_CN",178,"study_7"
"CCDC126",0.0377913205272296,0.0473086344530806,0.638121401233539,0.425681548753546,0.654900476041729,"LOD_vs_CN",151,"study_7"
"CCER2",0.0180623287443038,0.0482308988212535,0.14024803140348,0.708678707597058,0.858758662844514,"LOD_vs_CN",127,"study_7"
"CCL14",-0.0559553504734405,0.031301586957032,3.19558613215831,0.0756215228857171,0.234949888714115,"LOD_vs_CN",185,"study_7"
"CCL18",-0.156280853135748,0.0496350917061124,9.91365701610626,0.002031253023339,0.0218138911636841,"LOD_vs_CN",146,"study_7"
"CD109",-0.0617408823456085,0.0310194190309039,3.96167043416913,0.0483857987268822,0.176186127059556,"LOD_vs_CN",180,"study_7"
"CD200",0.0636833479611267,0.021562396116455,8.72283653604693,0.00357185217504429,0.0311381466083273,"LOD_vs_CN",181,"study_7"
"CD248",0.0366749287821593,0.0185869545149531,3.89333779756844,0.0502097659169588,0.179736408427374,"LOD_vs_CN",183,"study_7"
"CD33",0.126810587511316,0.091411377765553,1.92446722775843,0.173237298872393,0.386071694629905,"LOD_vs_CN",53,"study_7"
"CD58",-0.0107945385843706,0.0188977588284012,0.326277827206653,0.568862602682936,0.765886944312553,"LOD_vs_CN",135,"study_7"
"CD84",0.0178578159388216,0.0273476342932096,0.426399962097377,0.51520018068705,0.730643036521077,"LOD_vs_CN",108,"study_7"
"CD9",-0.0495485342393263,0.0287963506681423,2.96064759168363,0.0876064675904038,0.256623825517897,"LOD_vs_CN",142,"study_7"
"CDH1",-0.0706508595075022,0.0203700353639655,12.0296040620801,0.00072872139480435,0.0113680537589479,"LOD_vs_CN",127,"study_7"
"CDH10",-0.00458895207025289,0.0187036463494348,0.0601969488289088,0.806551155258655,0.917351352335631,"LOD_vs_CN",145,"study_7"
"CDH11",0.0250739082107563,0.0184042621716629,1.85612508828189,0.175241895863867,0.387523445916236,"LOD_vs_CN",181,"study_7"
"CDH15",-0.000592664817991917,0.0278737094392121,0.000452094014631866,0.983067023203194,0.99064518852997,"LOD_vs_CN",173,"study_7"
"CDH18",0.0171519556567352,0.0417735934237391,0.168586820261942,0.68205843236548,0.843748411323574,"LOD_vs_CN",167,"study_7"
"CDH20",0.0256814656910951,0.0234006193008361,1.20443927785296,0.274250793492331,0.50741532578731,"LOD_vs_CN",167,"study_7"
"CDH22",0.0332780693423844,0.0367245128451557,0.821115324859952,0.36629135630641,0.603066210642595,"LOD_vs_CN",183,"study_7"
"CDH4",0.0566388101589599,0.0230650043253213,6.03005345229769,0.015205547137419,0.0828478708002019,"LOD_vs_CN",185,"study_7"
"CDH5",-0.0400674902358311,0.034025491349879,1.38667749964856,0.241351290843797,0.468170959464015,"LOD_vs_CN",142,"study_7"
"CDH8",0.0357281512628376,0.0202519864495713,3.1123313874356,0.0794464512806675,0.241026097107599,"LOD_vs_CN",177,"study_7"
"CDH9",0.174079179712019,0.0698107316136121,6.21797947702279,0.0137570076550241,0.0770152046822297,"LOD_vs_CN",153,"study_7"
"CEL",-0.0461994327334594,0.0598173699298998,0.596511276823928,0.44281598872885,0.668282378101992,"LOD_vs_CN",73,"study_7"
"CEMIP",-0.00789655317466487,0.0173663675384328,0.206755538546828,0.649937644994488,0.817939455757205,"LOD_vs_CN",184,"study_7"
"CETP",0.28324329430157,0.119779932711539,5.59179374801876,0.0194092555836186,0.0962023972405445,"LOD_vs_CN",160,"study_7"
"CFHR3",0.108706421175798,0.0560536553117511,3.76099294816752,0.055394889414556,0.189159507171364,"LOD_vs_CN",133,"study_7"
"CFL1",0.118960176851757,0.0369586434734281,10.3602719917551,0.00172975034809009,0.0198720156268955,"LOD_vs_CN",105,"study_7"
"CFL2",0.0817170491149066,0.0318878955331549,6.56710006316646,0.0137468834399908,0.0770152046822297,"LOD_vs_CN",49,"study_7"
"CHAD",-0.00499304304862047,0.0322083157773009,0.0240322586729062,0.877014501957466,0.959287235296961,"LOD_vs_CN",169,"study_7"
"CHI3L2",-0.0411581414721303,0.028886713227529,2.03008980996899,0.156107144268377,0.364478900395362,"LOD_vs_CN",178,"study_7"
"CHID1",-0.0781031880713039,0.0252651092587524,9.55641853159865,0.00256643029147777,0.025526507999799,"LOD_vs_CN",136,"study_7"
"CHIT1",0.153400493967322,0.0575602795797931,7.10244250527578,0.00847264239956853,0.0541226553282783,"LOD_vs_CN",168,"study_7"
"CHRD",0.0176775286931274,0.0189368960694594,0.871415961142271,0.352037951877516,0.595412419384296,"LOD_vs_CN",169,"study_7"
"CHRDL1",0.0372898977461551,0.0268993732643923,1.92175518805333,0.168154044878224,0.379884595288915,"LOD_vs_CN",128,"study_7"
"CHST1",0.0450250967711181,0.0526171211823509,0.732242856830679,0.393632984873644,0.624586813257753,"LOD_vs_CN",152,"study_7"
"CHST10",-0.0727637042584153,0.0489218691166701,2.21219556475317,0.139007951151651,0.33883188093215,"LOD_vs_CN",157,"study_7"
"CHST12",-0.1005163406218,0.0712534584393475,1.99003833053706,0.16338399181989,0.374822098880925,"LOD_vs_CN",79,"study_7"
"CHST14",-0.0169314414407244,0.0320767643691992,0.278616452344575,0.598765549060713,0.776352181721765,"LOD_vs_CN",105,"study_7"
"CHST15",0.0177896367256487,0.0173023003364976,1.05712529953378,0.305400426611306,0.543994509901389,"LOD_vs_CN",184,"study_7"
"CHST6",-0.0125965638975432,0.0424595312698653,0.0880144130447577,0.76714560108238,0.895975291760101,"LOD_vs_CN",180,"study_7"
"CHST7",0.0746800933619589,0.0568694866688843,1.72445191213639,0.193139745764631,0.409489418058917,"LOD_vs_CN",77,"study_7"
"CILP",-0.0373832042348803,0.123401291837141,0.091772726506203,0.763510886748007,0.893778147046246,"LOD_vs_CN",52,"study_7"
"CKB",0.0844871867051245,0.0265463259653966,10.1291464966321,0.00190416006288387,0.020799302244889,"LOD_vs_CN",121,"study_7"
"CKM",0.0785651608161677,0.0531473710890061,2.18522637260131,0.142548595971723,0.345191207892311,"LOD_vs_CN",100,"study_7"
"CLEC11A",-0.0260073366946836,0.0210280225774522,1.52965993237501,0.21800334994639,0.442576663863767,"LOD_vs_CN",163,"study_7"
"CLMP",-0.0549350790845073,0.0666484479499139,0.679390433572469,0.411075930152093,0.643309956161988,"LOD_vs_CN",156,"study_7"
"CLN5",-0.0279490172279599,0.0169275855575691,2.72610793994431,0.100810890340554,0.280614845700821,"LOD_vs_CN",184,"study_7"
"CLUL1",0.150008295022432,0.091658294138385,2.67847137444767,0.107373577649462,0.284410651116285,"LOD_vs_CN",83,"study_7"
"CNTFR",0.057671131788358,0.02313452791836,6.21434936797284,0.0136751532577112,0.0770152046822297,"LOD_vs_CN",173,"study_7"
"CNTN3",0.040496594485961,0.0201822494958467,4.02622336819656,0.0463477733636422,0.170864179415218,"LOD_vs_CN",182,"study_7"
"CNTN5",0.163222135955577,0.0717319519935277,5.17765149931196,0.024999196691334,0.115416852014196,"LOD_vs_CN",108,"study_7"
"CNTN6",0.0300379638965014,0.0228983489932646,1.72080889233381,0.191696928327972,0.408833652917392,"LOD_vs_CN",176,"study_7"
"CNTNAP2",0.0786946494335901,0.0189898678948802,17.173013961894,5.50615099850515e-05,0.00199027214141089,"LOD_vs_CN",177,"study_7"
"CNTNAP5",0.0355105557438353,0.0520078289579626,0.466205603046598,0.496318669580588,0.723556484618038,"LOD_vs_CN",102,"study_7"
"COL11A1",-0.00460020995992005,0.042109903708578,0.0119340213701905,0.91321200552559,0.97456435266796,"LOD_vs_CN",146,"study_7"
"COL12A1",-0.056237154531253,0.0294891668432483,3.63681886638023,0.0586708748608742,0.195833866089675,"LOD_vs_CN",170,"study_7"
"COL14A1",0.0163933430305034,0.0291624650508007,0.315999641928803,0.575128966891581,0.765886944312553,"LOD_vs_CN",185,"study_7"
"COL15A1",-0.038608208068454,0.020373600160727,3.59106885812093,0.0603768504864209,0.198519301018077,"LOD_vs_CN",158,"study_7"
"COL16A1",-0.0721973851639302,0.0242302640188337,8.8782351696266,0.00343190704448978,0.0308696701939873,"LOD_vs_CN",137,"study_7"
"COL21A1",-0.0399709184993515,0.0234734483204548,2.89957581906619,0.0905927049220957,0.261628995540786,"LOD_vs_CN",174,"study_7"
"COL28A1",-0.0466935270877737,0.0742362618487249,0.395622671275324,0.532640058169529,0.745673270566729,"LOD_vs_CN",48,"study_7"
"COL2A1",0.0265261319629255,0.0397002885476907,0.446437353635296,0.505387604787329,0.727169349800798,"LOD_vs_CN",156,"study_7"
"COL4A1",0.270855793865135,0.161674844899707,2.80667000940907,0.101988425059207,0.281465262453901,"LOD_vs_CN",41,"study_7"
"COL4A2",0.0322800035760897,0.0248139641094286,1.69229023658613,0.195493612028371,0.412708055832444,"LOD_vs_CN",149,"study_7"
"COL5A1",-0.0494674064310692,0.0455592073089315,1.17892442001567,0.279450542987944,0.514466713923147,"LOD_vs_CN",165,"study_7"
"COL5A2",-0.0268018926886855,0.0306575907189125,0.764284204134145,0.384067642214247,0.61852672398896,"LOD_vs_CN",105,"study_7"
"COL6A2",-0.0206727800744311,0.0180431671263953,1.31272037252122,0.253859879508267,0.485445601846776,"LOD_vs_CN",183,"study_7"
"COMP",0.0148399938771968,0.0291031995638409,0.2600075558938,0.6110230893363,0.785373996874585,"LOD_vs_CN",183,"study_7"
"CORO1A",0.219424388747544,0.073623718821942,8.88248113174492,0.00352839537552574,0.0311381466083273,"LOD_vs_CN",116,"study_7"
"COX16",-0.00707176957191002,0.0389865181412468,0.0329023790569048,0.856386855679728,0.944319434611128,"LOD_vs_CN",156,"study_7"
"CPB1",0.0591991045079272,0.0398504414087813,2.20680521723424,0.139316465786983,0.339026276348619,"LOD_vs_CN",176,"study_7"
"CPD",0.0601706058701357,0.0343314532873584,3.07173957550018,0.0836839752518257,0.249035444424108,"LOD_vs_CN",79,"study_7"
"CPLX2",0.124398235721636,0.0482149782228172,6.65678441387291,0.0108824138416582,0.06451094925335,"LOD_vs_CN",147,"study_7"
"CPXM1",-0.0969601855291788,0.0821608554772762,1.39269805953201,0.240749119142356,0.468170959464015,"LOD_vs_CN",110,"study_7"
"CPXM2",-0.124014247698867,0.0325992633927399,14.4719679576559,0.000205983571543158,0.00508779421711601,"LOD_vs_CN",177,"study_7"
"CRB2",-0.0916561453164908,0.125386927807406,0.534341191041436,0.471434531682332,0.700066108169556,"LOD_vs_CN",38,"study_7"
"CRHBP",-0.0724964929676988,0.0379272670813796,3.65368326590657,0.0658513576022051,0.211695687562837,"LOD_vs_CN",33,"study_7"
"CRIP1",0.0195453970529735,0.0950350719924403,0.0422981310560217,0.837719916612111,0.934865147905985,"LOD_vs_CN",69,"study_7"
"CRISP3",-0.00285025541554784,0.0301637055519122,0.00892890441126664,0.924837758316115,0.981109203882951,"LOD_vs_CN",167,"study_7"
"CRYAB",-0.0489586957446173,0.0554541901559364,0.779454816132797,0.382932038963429,0.618197474666451,"LOD_vs_CN",42,"study_7"
"CRYM",0.134280826733531,0.0308925910818738,18.893801193343,3.98505218472185e-05,0.00165815924255511,"LOD_vs_CN",86,"study_7"
"CSF2RA",0.00948914912387799,0.0852385989114534,0.0123931566275411,0.911488335576081,0.97456435266796,"LOD_vs_CN",177,"study_7"
"CSMD2",-0.0610943284817687,0.0616943047717939,0.980644602073738,0.334869534663429,0.575726972588401,"LOD_vs_CN",33,"study_7"
"CSPG4",0.0121225023677516,0.0340764198083213,0.126554221130874,0.722476997671336,0.864957073182033,"LOD_vs_CN",175,"study_7"
"CSPG5",0.0937090698227454,0.0260428182606007,12.9475409577942,0.000416918041310401,0.00807913172550502,"LOD_vs_CN",185,"study_7"
"CST6",0.0412455861880741,0.0254752647483916,2.62130495457918,0.107469611757841,0.284410651116285,"LOD_vs_CN",164,"study_7"
"CSTB",0.0408757370305608,0.0178565733728172,5.2400441692032,0.0238130581983766,0.111156342076481,"LOD_vs_CN",133,"study_7"
"CTBS",-0.0280598147700628,0.0175264393892045,2.56319831582997,0.111342844048834,0.289491394526968,"LOD_vs_CN",185,"study_7"
"CTSC",0.00409594762221399,0.0331390297840929,0.0152766880352069,0.901816176764174,0.973094506666872,"LOD_vs_CN",164,"study_7"
"CTSO",-0.00174324408669602,0.0233201730240001,0.00558795454497238,0.940516604173188,0.983558435886705,"LOD_vs_CN",183,"study_7"
"CTSS",0.0218501374376645,0.0234536948794896,0.867932206810213,0.352991020785211,0.595412419384296,"LOD_vs_CN",174,"study_7"
"CXADR",0.0513309010193774,0.0277968663168598,3.41009201878197,0.0679024984629596,0.215947208908782,"LOD_vs_CN",100,"study_7"
"DBH",0.000274419884995325,0.0818503155883519,1.12406244819886e-05,0.997330791515737,0.997330791515737,"LOD_vs_CN",141,"study_7"
"DCC",0.031795540550041,0.0227837463230764,1.94752101411422,0.164838986127884,0.376649228003188,"LOD_vs_CN",179,"study_7"
"DCD",0.0632480679869154,0.069275876124048,0.833547731179319,0.364449140052755,0.603066210642595,"LOD_vs_CN",77,"study_7"
"DDAH1",0.0764521875443336,0.0344859877423316,4.91467149316508,0.0282569493186153,0.123433671109487,"LOD_vs_CN",141,"study_7"
"DDB1",0.068475295768879,0.0189711534022498,13.0280783589848,0.000425217459237106,0.00807913172550502,"LOD_vs_CN",146,"study_7"
"DGCR2",0.0442567746680655,0.0183035729307974,5.84638986314253,0.0167158915160187,0.0883469129825347,"LOD_vs_CN",174,"study_7"
"DIPK2B",-0.0289847706695552,0.0505347692799717,0.328972172292764,0.567582056901462,0.765886944312553,"LOD_vs_CN",109,"study_7"
"DLD",0.146289007798126,0.0438994962771791,11.1046356769375,0.00107404258277536,0.0143399198889468,"LOD_vs_CN",159,"study_7"
"DMKN",-0.0598289970394537,0.0339787125309747,3.10034202021495,0.0806602503232192,0.242897937063748,"LOD_vs_CN",154,"study_7"
"DNAJC3",0.000903671294836705,0.0327669624037947,0.000760586492812432,0.978047273680919,0.989396627709981,"LOD_vs_CN",118,"study_7"
"DNASE2",-0.00215727390370635,0.0220772054032857,0.00954821925738952,0.922283702801225,0.980505342576338,"LOD_vs_CN",185,"study_7"
"DPP10",0.0606737951895315,0.0229858432935301,6.96757158438073,0.00917819395415417,0.0573344811932257,"LOD_vs_CN",178,"study_7"
"DPT",0.0220597012309334,0.0326204360701663,0.457319508038105,0.500322197704042,0.723556484618038,"LOD_vs_CN",144,"study_7"
"DSC1",-0.0266410912373427,0.0226267816061626,1.3863039146543,0.240857762290645,0.468170959464015,"LOD_vs_CN",174,"study_7"
"DSC2",0.020770992776507,0.0190923271955873,1.18357769578845,0.278200226161013,0.513440517024434,"LOD_vs_CN",185,"study_7"
"DSC3",-0.0313771237934084,0.0235153608867621,1.78042205694641,0.183928646090947,0.400856255157034,"LOD_vs_CN",175,"study_7"
"DSG2",-0.0181584225809077,0.0278741819448183,0.424377134927033,0.515690024427157,0.730643036521077,"LOD_vs_CN",168,"study_7"
"DSTN",0.00676764210874303,0.0460862629748192,0.0215641220217093,0.883618315892457,0.962714966141283,"LOD_vs_CN",83,"study_7"
"DTD1",0.264772678873394,0.136419057300574,3.76700546965053,0.0600524848932628,0.198519301018077,"LOD_vs_CN",51,"study_7"
"DYNLL1",0.0429615433490405,0.0183262887906259,5.49554409728536,0.0208701448963952,0.101408376185107,"LOD_vs_CN",128,"study_7"
"EDIL3",-0.0355809220658734,0.0396959933519691,0.803417058356238,0.372688102363325,0.608286087778027,"LOD_vs_CN",96,"study_7"
"EDN3",0.00574644995068407,0.0231130374741471,0.0618137669120683,0.803958446307324,0.915972210635702,"LOD_vs_CN",179,"study_7"
"EEF1A1P5",0.0815016319805126,0.0481019605724667,2.87082721207949,0.0923904511348664,0.265353970119907,"LOD_vs_CN",153,"study_7"
"EFCAB14",0.0192291874906259,0.0186379179993604,1.06445443217661,0.303698526958989,0.541613979486427,"LOD_vs_CN",185,"study_7"
"EFHD1",-0.0183152822991595,0.0614247900169382,0.0889078018540879,0.767806086730991,0.895975291760101,"LOD_vs_CN",62,"study_7"
"EFHD2",-0.0183152822991595,0.0614247900169382,0.0889078018540879,0.767806086730991,0.895975291760101,"LOD_vs_CN",62,"study_7"
"EFNA1",0.02189442955037,0.0190888305308305,1.31555383202729,0.253134425934975,0.484857439492047,"LOD_vs_CN",185,"study_7"
"EFNA3",0.0195412815550196,0.0426902135019475,0.209531552461572,0.647928666783471,0.817913359602303,"LOD_vs_CN",139,"study_7"
"EFNA5",0.0281052208710761,0.0214867357035089,1.71093346744312,0.192738117604347,0.409489418058917,"LOD_vs_CN",179,"study_7"
"EFNB1",-0.0209498680746716,0.0523551840776728,0.160119123166108,0.689660397150669,0.847148490602033,"LOD_vs_CN",143,"study_7"
"EFNB3",0.00571245455106606,0.0324441239974027,0.0310008363476684,0.860564396452301,0.946812498546629,"LOD_vs_CN",113,"study_7"
"EGFR",0.0239188030841602,0.0234788172922094,1.03783055896027,0.309927197070924,0.550074378513903,"LOD_vs_CN",185,"study_7"
"EIF5A",-0.186105514270958,0.0963849868590835,3.72820425506066,0.0559618084541778,0.190218807635531,"LOD_vs_CN",123,"study_7"
"ELFN2",0.097097778292726,0.0466637805411974,4.32970935361187,0.0419247645086892,0.159723652961124,"LOD_vs_CN",64,"study_7"
"ELN",0.0472778556134399,0.034030672433034,1.93007630305748,0.166992160688275,0.378794546881379,"LOD_vs_CN",141,"study_7"
"EMILIN1",-0.0740513255392568,0.0492859797363257,2.25745387559591,0.135991281516783,0.33422732870294,"LOD_vs_CN",108,"study_7"
"EMILIN3",-0.0201778483212918,0.0368114935776584,0.300457347374621,0.584685109692381,0.768858325256529,"LOD_vs_CN",135,"study_7"
"ENOPH1",0.115364516199667,0.0262034822223069,19.383244758958,2.20027015536483e-05,0.00117171128135635,"LOD_vs_CN",133,"study_7"
"ENPP4",0.00425499035538213,0.030497572739914,0.0194655468254216,0.889233792420282,0.966153448009175,"LOD_vs_CN",162,"study_7"
"ENPP5",0.0909671235992029,0.0267588705628649,11.5566874316443,0.000843071903350017,0.0123706194135121,"LOD_vs_CN",184,"study_7"
"ENPP6",-0.0203258657516923,0.0389557740409238,0.272241562996949,0.602711075662218,0.7786846184714,"LOD_vs_CN",143,"study_7"
"ENTPD6",-0.0567409630921896,0.0383233843028179,2.19212693095218,0.144723942719514,0.349887248140816,"LOD_vs_CN",74,"study_7"
"EPDR1",0.0183293713905126,0.028263832012371,0.420564930635345,0.517599340885925,0.731948686252807,"LOD_vs_CN",185,"study_7"
"EPHA10",0.0432156588312118,0.0201928284664055,4.58023714479466,0.0339569476023025,0.139789434296145,"LOD_vs_CN",153,"study_7"
"EPHA7",-0.170286387377662,0.170574155035881,0.996628739934281,0.320119887922102,0.56210624869734,"LOD_vs_CN",142,"study_7"
"EPHB6",0.0445514922102097,0.0558298550679584,0.636783070762493,0.42706216499929,0.6553283902414,"LOD_vs_CN",99,"study_7"
"ERAP1",-0.0196789192626827,0.0339411028302019,0.336163524819272,0.562802767486136,0.765886944312553,"LOD_vs_CN",178,"study_7"
"ERBB3",0.0193358023536279,0.029625653152501,0.425979332236313,0.515086253691026,0.730643036521077,"LOD_vs_CN",138,"study_7"
"ERP44",0.0278644672948225,0.0200348975876646,1.93431516154469,0.167087500567435,0.378794546881379,"LOD_vs_CN",113,"study_7"
"ESAM",0.0251243232448068,0.045479903999315,0.305175500885622,0.581706937789836,0.768858325256529,"LOD_vs_CN",127,"study_7"
"ESD",0.0361305188994994,0.0270802547855622,1.78009387359432,0.185079867536703,0.402135236396544,"LOD_vs_CN",111,"study_7"
"ESM1",-0.0726113203895116,0.044328365772188,2.68315169659819,0.104942620550995,0.281748122566257,"LOD_vs_CN",104,"study_7"
"EXT1",0.0213971798461579,0.0210773132966184,1.03058204539273,0.311621148904965,0.551194765825157,"LOD_vs_CN",167,"study_7"
"EXT2",0.00530458901858744,0.0202096708270308,0.0688945716261745,0.793381064580764,0.911018618686627,"LOD_vs_CN",133,"study_7"
"EXTL2",0.020196830575169,0.0224202708312838,0.811492921191993,0.368888125416745,0.604748010915505,"LOD_vs_CN",185,"study_7"
"EXTL3",0.0323525279829862,0.0426556209568401,0.575259641012914,0.453681449825376,0.678462067246425,"LOD_vs_CN",37,"study_7"
"F13B",-0.0705716436080728,0.0282350132156534,6.24718653528441,0.0136212679130995,0.0770152046822297,"LOD_vs_CN",146,"study_7"
"F3",-0.062135689322341,0.0133054789830814,21.8082699695403,6.91100901732797e-06,0.00048771977922286,"LOD_vs_CN",185,"study_7"
"F9",-0.0509095344600086,0.0247435956830078,4.23323745664956,0.0414173847066264,0.159017005531659,"LOD_vs_CN",185,"study_7"
"FABP3",0.12006860892844,0.0362186618672675,10.9899105213536,0.00117873682651424,0.0148091915507484,"LOD_vs_CN",136,"study_7"
"FABP5",0.0142928032306449,0.0275217233802079,0.269701634648524,0.604213125836246,0.7786846184714,"LOD_vs_CN",183,"study_7"
"FAH",0.00708452701421347,0.0384417940302688,0.033963655446811,0.854150460220792,0.943960463868169,"LOD_vs_CN",123,"study_7"
"FAIM2",0.0787075400248272,0.0322643133755818,5.95097085564375,0.0156836257434374,0.0847194733631956,"LOD_vs_CN",182,"study_7"
"FAM171A1",0.0470827611365703,0.0332723860719221,2.00242359635603,0.158870085336383,0.367883701614824,"LOD_vs_CN",175,"study_7"
"FAM174A",-0.00446857502545761,0.0337667943662638,0.0175129150794403,0.894904045314925,0.968771216330693,"LOD_vs_CN",184,"study_7"
"FAM20A",-0.000867302789557378,0.0240106781056358,0.00130476601283843,0.971245370872759,0.985205776614257,"LOD_vs_CN",142,"study_7"
"FAM20B",-0.0174343402437591,0.0192602630194599,0.819382355077326,0.36664146814371,0.603066210642595,"LOD_vs_CN",184,"study_7"
"FAM20C",-0.0236248614271206,0.0244759991468284,0.931660495572334,0.335790338221122,0.576641113839749,"LOD_vs_CN",185,"study_7"
"FAM234B",0.00570871675491835,0.0568258022431884,0.0100921997962488,0.920461246138349,0.980264975537911,"LOD_vs_CN",49,"study_7"
"FAM3A",0.0121223440121607,0.0388880801090632,0.0971717901045711,0.755864387368005,0.890453912622722,"LOD_vs_CN",108,"study_7"
"CYRIB",0.0643076588730036,0.0273489788435385,5.52895643688503,0.0206099285948362,0.100804997285635,"LOD_vs_CN",108,"study_7"
"FAT1",0.0795039118296108,0.0654371235103298,1.47614355557942,0.231310675974621,0.45890551779704,"LOD_vs_CN",49,"study_7"
"FBLN7",0.0229858030731851,0.0191856224858594,1.43538225854499,0.232778188432863,0.459931092079132,"LOD_vs_CN",152,"study_7"
"FBN1",-0.0160666939499254,0.0273508132771078,0.345074250026285,0.557806355849436,0.764726197381003,"LOD_vs_CN",167,"study_7"
"FCGR2A",0.0321328017932307,0.0282408172209841,1.29462106827446,0.257022444908909,0.488342645326927,"LOD_vs_CN",180,"study_7"
"FCGR3A",0.0266517422407988,0.0234487294228616,1.29185145348521,0.257425371616208,0.488481947164175,"LOD_vs_CN",183,"study_7"
"FCGR3B",0.021939146235149,0.0241732257202779,0.823702209995729,0.365589429529956,0.603066210642595,"LOD_vs_CN",161,"study_7"
"FCN3",-0.0268408614303421,0.0546953217633842,0.240819991545633,0.624822987804383,0.798223616961348,"LOD_vs_CN",94,"study_7"
"FDPS",0.140115639468601,0.078615820761044,3.17653262839066,0.0831811482497037,0.248405196616756,"LOD_vs_CN",40,"study_7"
"FGFBP2",0.0317304046754465,0.0707705618055856,0.201023085840157,0.655638338994746,0.822786796578015,"LOD_vs_CN",79,"study_7"
"FGFR3",0.047950781785417,0.0216997593857423,4.88294180051619,0.0284730094212404,0.123433671109487,"LOD_vs_CN",177,"study_7"
"FGL2",-0.0896264415146426,0.0363065136982123,6.09401068228825,0.0147044153572065,0.0810109425999256,"LOD_vs_CN",165,"study_7"
"FITM1",-0.0635108712359438,0.0724809326885619,0.767800860163234,0.382322437865915,0.618197474666451,"LOD_vs_CN",184,"study_7"
"FJX1",0.012877014623931,0.032706442263863,0.155011446043876,0.694940150211365,0.851158101333259,"LOD_vs_CN",76,"study_7"
"FKBP1A",0.102227936778378,0.0190868101007811,28.6861646073924,2.64160516227856e-07,3.91485885049682e-05,"LOD_vs_CN",178,"study_7"
"FKBP4",0.070141275163452,0.0357936110675447,3.8400447426132,0.0519298925612135,0.18164193565259,"LOD_vs_CN",155,"study_7"
"FLG",0.218282563680042,0.116019783113725,3.53976143286837,0.0695783169735241,0.219393756925027,"LOD_vs_CN",33,"study_7"
"FLNA",0.00217286347133161,0.0262745633083919,0.00683901985467047,0.934231132480039,0.983331348249586,"LOD_vs_CN",122,"study_7"
"FLNC",-0.078040721639355,0.047508715239133,2.69833571108908,0.103422320898924,0.28164168412316,"LOD_vs_CN",113,"study_7"
"FLRT1",0.194341607985632,0.112237161728817,2.99818365510996,0.0884438067126368,0.257512223080801,"LOD_vs_CN",65,"study_7"
"FMOD",-0.068043373048277,0.0220600484968647,9.51390352002909,0.00241998079595318,0.0247472560119691,"LOD_vs_CN",185,"study_7"
"FREM2",-0.0193874076576681,0.0410283368966135,0.223291226171472,0.637541691308533,0.809628780222147,"LOD_vs_CN",118,"study_7"
"FSCN1",0.0274986301912206,0.0229203458813973,1.43939432766311,0.232182543859408,0.459868069242545,"LOD_vs_CN",148,"study_7"
"FSTL5",0.019582932402221,0.045067433007355,0.188812092765439,0.664477118536167,0.828546748425217,"LOD_vs_CN",181,"study_7"
"FTH1",-0.0408201393766037,0.0228863110960665,3.18124686992196,0.0765838009562865,0.235798502593552,"LOD_vs_CN",178,"study_7"
"FTL",0.012284193524553,0.0218961040374142,0.314745553569672,0.575699176903498,0.765886944312553,"LOD_vs_CN",150,"study_7"
"FUCA1",-0.0184602957760927,0.027271614722272,0.458200548428053,0.499429531268195,0.723556484618038,"LOD_vs_CN",185,"study_7"
"POFUT4",-0.0574881671427852,0.0448383946729177,1.64382966791191,0.203257389738743,0.424264016327911,"LOD_vs_CN",91,"study_7"
"FXYD6",-0.0163135017381775,0.0193756748021361,0.708893041988816,0.401010614614973,0.63223162857382,"LOD_vs_CN",184,"study_7"
"FZD7",-0.0432887267049606,0.0342638675989338,1.59616159424934,0.208973612072276,0.432540353479209,"LOD_vs_CN",153,"study_7"
"GAA",-0.00360992028381535,0.0282688547727871,0.0163071773317108,0.89854504688907,0.972002744152993,"LOD_vs_CN",185,"study_7"
"GALC",0.0227971961589342,0.0537053522540619,0.180188775235041,0.672226747594468,0.835071282426657,"LOD_vs_CN",111,"study_7"
"GALNS",-0.102815852472701,0.0776907244757786,1.75138577827183,0.188034610872218,0.406220544187503,"LOD_vs_CN",155,"study_7"
"GALNT1",0.0422847423911836,0.0250353379513383,2.85272863583807,0.093122059746814,0.265953679364582,"LOD_vs_CN",176,"study_7"
"GALNT10",0.0124356468446107,0.0186879202829821,0.442807343528571,0.506738599512773,0.727700198137529,"LOD_vs_CN",181,"study_7"
"GALNT13",-0.00881728298411044,0.0186103540236126,0.224471024756831,0.636421348885452,0.808899175856123,"LOD_vs_CN",143,"study_7"
"GALNT16",-0.0113615517821515,0.0362928630311625,0.0980015275247094,0.754661252766219,0.890452210668421,"LOD_vs_CN",170,"study_7"
"GALNT17",0.0874838243817315,0.0409372333270454,4.56686889005395,0.0340985589068309,0.139983557617516,"LOD_vs_CN",165,"study_7"
"GALNT18",0.0292493115629417,0.0177318032813466,2.72098086795795,0.101301580600499,0.280614845700821,"LOD_vs_CN",157,"study_7"
"GALNT5",-0.104674739386435,0.0458017692069354,5.22299089201817,0.0260235891876226,0.118667566695559,"LOD_vs_CN",76,"study_7"
"GALNT6",0.0338050613600558,0.0277412841626699,1.48494488644131,0.225051657277174,0.451933002824895,"LOD_vs_CN",161,"study_7"
"GALNT7",0.00713750863765306,0.0176526471905161,0.163483381031845,0.686483524227845,0.846396491602051,"LOD_vs_CN",184,"study_7"
"GANAB",-0.0156665961102771,0.0312384964607406,0.251517987419125,0.616650040021092,0.790865097591019,"LOD_vs_CN",180,"study_7"
"GAS6",0.0586188665994571,0.0187315769369301,9.79323448636604,0.00206148194191589,0.0219792535102111,"LOD_vs_CN",183,"study_7"
"GASK1A",-0.0187739062880592,0.0283780310743246,0.437667976951579,0.509326362017561,0.73000161364606,"LOD_vs_CN",168,"study_7"
"GCHFR",0.0355709581704171,0.0296675259708197,1.43756822651724,0.251722770896685,0.48336255263192,"LOD_vs_CN",20,"study_7"
"GDF11",-0.00259585518417094,0.0261283087338622,0.00987048114404527,0.921004267396575,0.980264975537911,"LOD_vs_CN",171,"study_7"
"GDI1",0.023166403221917,0.0204673718861245,1.28112958686935,0.260721587860973,0.492843613788218,"LOD_vs_CN",97,"study_7"
"GDI2",0.0276855057987095,0.0540216843595837,0.262644724727441,0.609033264465603,0.783495918348979,"LOD_vs_CN",178,"study_7"
"GFAP",-0.239985142120907,0.169039059229447,2.01555463646558,0.192430135089215,0.409489418058917,"LOD_vs_CN",22,"study_7"
"GFRA1",-0.0196229007174811,0.0214285372799837,0.838573934739229,0.361272913103794,0.601300933296028,"LOD_vs_CN",185,"study_7"
"GGCT",-0.090426118733073,0.0940769705211004,0.923891844439296,0.353149471416192,0.595412419384296,"LOD_vs_CN",34,"study_7"
"GGT5",0.0639651957052267,0.0783012301248344,0.66734482349658,0.418796822226636,0.647645565310892,"LOD_vs_CN",52,"study_7"
"GGT7",0.0337977248242645,0.0232902912768772,2.10583864503737,0.148754664560931,0.352727060606879,"LOD_vs_CN",158,"study_7"
"GJA1",-0.140739825347814,0.0469956586117946,8.9684736164341,0.00314956951222124,0.029730331319184,"LOD_vs_CN",185,"study_7"
"GLB1",-0.0719121093501403,0.0380035292735298,3.58060319948222,0.0629178607077727,0.204035600807263,"LOD_vs_CN",100,"study_7"
"GLG1",-0.0104722289176573,0.026711013334448,0.15370837311802,0.695675731724605,0.851355437172472,"LOD_vs_CN",147,"study_7"
"GLO1",0.0467257832116701,0.0173496916243814,7.25320010927319,0.00787367296673693,0.051631784675682,"LOD_vs_CN",177,"study_7"
"GLOD4",0.0631729811017241,0.0232759837786504,7.36625334521034,0.00742440639351642,0.0500135012508697,"LOD_vs_CN",153,"study_7"
"GLRX",-0.0715478168277794,0.0404458332862698,3.12928557462747,0.0808020802782913,0.242897937063748,"LOD_vs_CN",134,"study_7"
"GNAS",-0.041802677964812,0.026037722577748,2.5775210338472,0.110388692895632,0.289038945002344,"LOD_vs_CN",181,"study_7"
"GNS",0.031616419053897,0.0565091738938119,0.313031067050179,0.57664285163325,0.765886944312553,"LOD_vs_CN",160,"study_7"
"GPC1",0.0377322986592921,0.0167401755426001,5.08050064665477,0.0255939449925082,0.11706860024351,"LOD_vs_CN",175,"study_7"
"GPLD1",-0.0285619296638524,0.0175020868682632,2.663148725242,0.104488012650938,0.28164168412316,"LOD_vs_CN",185,"study_7"
"GPM6A",-0.0478376036391444,0.0399492400998388,1.43390964763454,0.237008842110183,0.462776158112373,"LOD_vs_CN",50,"study_7"
"GPNMB",0.0215566704032439,0.0239580071970706,0.809584120077677,0.370137179370587,0.605470476761296,"LOD_vs_CN",117,"study_7"
"GPR180",0.138758821836775,0.0554057803093079,6.27207230231829,0.0137712747913569,0.0770152046822297,"LOD_vs_CN",119,"study_7"
"GRB2",0.0347024409322847,0.0290136623890455,1.43058919641624,0.233689684436968,0.459931092079132,"LOD_vs_CN",179,"study_7"
"GREM1",-0.0307197548527745,0.0534829480365599,0.329917091743461,0.567674255841452,0.765886944312553,"LOD_vs_CN",75,"study_7"
"GRIA2",-0.0672471571192403,0.056278397988692,1.42779022932413,0.23576578166188,0.461565242302386,"LOD_vs_CN",82,"study_7"
"GRN",-0.0174563176252018,0.0328875716847294,0.281735553164584,0.597100496352275,0.775550337943972,"LOD_vs_CN",104,"study_7"
"GRP",-0.0309507632529527,0.0877316042712333,0.124460225808329,0.725894589520671,0.866862031965861,"LOD_vs_CN",47,"study_7"
"GSR",0.0623049511403506,0.0179769560081705,12.0119304312379,0.000697365945083903,0.0110596921309176,"LOD_vs_CN",167,"study_7"
"GSS",0.0602284502577817,0.0214533419235577,7.88158325915842,0.0056128973746555,0.0430428751676921,"LOD_vs_CN",176,"study_7"
"GSTM2",-0.00245737766125975,0.0406396720771224,0.00365631346746694,0.95192679017548,0.983558435886705,"LOD_vs_CN",111,"study_7"
"GSTO1",0.0367105673311761,0.0217043534031224,2.8608065267175,0.0928589752183022,0.265953679364582,"LOD_vs_CN",184,"study_7"
"GSTP1",0.0636117379114172,0.0302465111293766,4.42307137868946,0.0370611672885995,0.14844499978839,"LOD_vs_CN",158,"study_7"
"GSTT1",-0.0236303541043816,0.0376133197678313,0.394690912380307,0.532288425702674,0.745673270566729,"LOD_vs_CN",61,"study_7"
"H6PD",0.0152791350752981,0.0329961255163702,0.21442313759428,0.644243169701727,0.816041348288854,"LOD_vs_CN",125,"study_7"
"HAGH",0.130213365587148,0.0312619360923583,17.3491973165488,6.32316300675365e-05,0.0020824283502242,"LOD_vs_CN",110,"study_7"
"HAPLN1",-0.0642534040037619,0.34983445118793,0.0337339447484083,0.856309423019241,0.944319434611128,"LOD_vs_CN",37,"study_7"
"HAPLN2",0.00663206337762912,0.0266784229915475,0.0617983710162693,0.804024696520676,0.915972210635702,"LOD_vs_CN",174,"study_7"
"HAPLN4",0.0326756334160914,0.025119656341287,1.69207902923843,0.195771770074364,0.412708055832444,"LOD_vs_CN",137,"study_7"
"HBE1",-0.00861131623242439,0.160779743160799,0.00286864241193302,0.957385068012457,0.983558435886705,"LOD_vs_CN",110,"study_7"
"HBG2",0.225232893473533,0.142334453115963,2.50405323814574,0.125351252465602,0.314865349413597,"LOD_vs_CN",44,"study_7"
"HDHD2",0.0489842021161651,0.0465061474682149,1.10940813979074,0.293800385169339,0.528247090718112,"LOD_vs_CN",171,"study_7"
"HEG1",0.0195947383176378,0.017655495700904,1.23174016999517,0.26890641311056,0.501913481397795,"LOD_vs_CN",161,"study_7"
"HEPH",-0.178764001351213,0.10667015680894,2.8084989584665,0.103966959769991,0.28164168412316,"LOD_vs_CN",51,"study_7"
"HGFAC",-0.0522688785955543,0.0262576545569435,3.96254770973643,0.0481646543965652,0.175812851762832,"LOD_vs_CN",180,"study_7"
"HIBADH",-0.0297683398240811,0.0501641458173286,0.352145697356092,0.554223434707455,0.761928692241604,"LOD_vs_CN",118,"study_7"
"H2AC4",-0.0421059833750697,0.0751605485573196,0.313839603938869,0.576661984215188,0.765886944312553,"LOD_vs_CN",101,"study_7"
"H2BC12",0.00380215511838333,0.0847598819076299,0.00201223628551628,0.96431201575127,0.983558435886705,"LOD_vs_CN",107,"study_7"
"H4C1",-0.0304551355586922,0.0626879391835711,0.236022327012105,0.628298057923855,0.801323340656758,"LOD_vs_CN",94,"study_7"
"HK1",0.0243033240716022,0.0285602136339387,0.724116515072406,0.397218942425158,0.628258775532641,"LOD_vs_CN",101,"study_7"
"HLA-A",0.104270959938062,0.063870027469212,2.6652167722914,0.105863962639087,0.282984791160118,"LOD_vs_CN",100,"study_7"
"HLA-B",-0.0513635824782535,0.0366400326840535,1.9651644960657,0.16519702982596,0.376649228003188,"LOD_vs_CN",76,"study_7"
"HLA-C",0.00258663017734939,0.0674997810348908,0.00146846619096631,0.969511155380669,0.984363728050875,"LOD_vs_CN",103,"study_7"
"HLA-DPA1",0.011220367310163,0.0517848442626418,0.0469471031486462,0.828745609096488,0.928345421527585,"LOD_vs_CN",176,"study_7"
"HLA-DRB1",-0.0902432177281272,0.0431106333833988,4.38187855948584,0.0406860291378935,0.157432624497019,"LOD_vs_CN",72,"study_7"
"HMCN1",0.120429905342443,0.110830865706952,1.18072086770704,0.280736629965148,0.515106516543624,"LOD_vs_CN",76,"study_7"
"HPR",-0.112750489601655,0.0604784647748661,3.47564455894626,0.0640563971473765,0.207274193389546,"LOD_vs_CN",184,"study_7"
"HPRT1",0.1289092757355,0.0243169785068122,28.1027690848888,3.70530318467706e-07,4.99205392699219e-05,"LOD_vs_CN",165,"study_7"
"HRNR",0.125482091217377,0.0617058093026923,4.13534159979987,0.0445595589088587,0.166340721166067,"LOD_vs_CN",124,"study_7"
"HS6ST1",0.0496147372593221,0.0368376919411962,1.81399701554469,0.180009325485625,0.395220474621772,"LOD_vs_CN",157,"study_7"
"HS6ST3",0.0623423684577729,0.0204420046304213,9.30078554281909,0.00265739680912009,0.0257443043273925,"LOD_vs_CN",185,"study_7"
"HSP90AA1",0.0261349053521709,0.027295895363888,0.916742095377096,0.340605876522925,0.583558276308641,"LOD_vs_CN",104,"study_7"
"HSP90AB1",0.162355534015491,0.0758314449735319,4.58390417011257,0.041878223569848,0.159723652961124,"LOD_vs_CN",34,"study_7"
"HSP90B1",0.0359033786971308,0.0174767900685442,4.22033864601986,0.041407061176073,0.159017005531659,"LOD_vs_CN",185,"study_7"
"HSPA13",-0.0187968388999051,0.0175706159359842,1.1444469517519,0.286231374443947,0.519311621341986,"LOD_vs_CN",179,"study_7"
"HSPA1A",0.00056793392549892,0.0518973188600607,0.000119758343597356,0.991288440388682,0.99384404884949,"LOD_vs_CN",118,"study_7"
"HSPB1",0.0130746364142018,0.0334927014790728,0.15239084741173,0.696793805839949,0.851416675789865,"LOD_vs_CN",170,"study_7"
"HSPE1",0.0787164098384823,0.0451154316069359,3.04425006123496,0.0851880094658932,0.252081821671399,"LOD_vs_CN",78,"study_7"
"HYAL1",0.0240329748948209,0.036699002710007,0.428851111995392,0.514225069763219,0.730643036521077,"LOD_vs_CN",112,"study_7"
"ICAM1",-0.0257231692874633,0.0192448996705565,1.7865601766712,0.183317627371714,0.400112995235465,"LOD_vs_CN",166,"study_7"
"ICAM2",-0.02539304852999,0.0213130929609161,1.41950434739697,0.235700458665687,0.461565242302386,"LOD_vs_CN",145,"study_7"
"IDH1",0.013436785412976,0.028969229621814,0.21513787302476,0.643695898453906,0.816041348288854,"LOD_vs_CN",136,"study_7"
"IGF2R",0.013404116148088,0.0180623401872247,0.550716805756979,0.459208409593235,0.683966696499672,"LOD_vs_CN",174,"study_7"
"IGFALS",-0.02351921977922,0.029020334460944,0.656811871994191,0.418741358629772,0.647645565310892,"LOD_vs_CN",185,"study_7"
"IGFBP3",-0.00854049245501987,0.0194729725151039,0.192354045651535,0.661505573031601,0.826603085356519,"LOD_vs_CN",184,"study_7"
"IGHD",0.0184730211750068,0.0747061363295702,0.0611453315213035,0.80516582327456,0.916479070731872,"LOD_vs_CN",115,"study_7"
"IGHV1-18",-0.0570008560698847,0.0616929742203814,0.853672595913439,0.362698359245512,0.602250427280107,"LOD_vs_CN",49,"study_7"
"IGHV1-2",-0.124684817775721,0.0579154831301413,4.63487240359702,0.0328755383494456,0.137631491056154,"LOD_vs_CN",157,"study_7"
"IGHV1-24",-0.11786137742737,0.056618994093179,4.33329969228612,0.0399893721026995,0.155549211171131,"LOD_vs_CN",146,"study_7"
"IGHV1-3",-0.0244722231799956,0.0674463250414956,0.131652850557748,0.71942436090527,0.864709572474947,"LOD_vs_CN",46,"study_7"
"IGHV1-46",-0.0546679062638598,0.0674654275333559,0.656602192310505,0.419914980254067,0.647645565310892,"LOD_vs_CN",105,"study_7"
"IGHV1-69",-0.0926208734361245,0.0461875766452319,4.02130849672592,0.0472277089380003,0.172818431224979,"LOD_vs_CN",161,"study_7"
"IGHV2-26",0.0432472703950513,0.0828518750446962,0.272466253594346,0.602693907448378,0.7786846184714,"LOD_vs_CN",147,"study_7"
"IGHV2-5",-0.360479807505889,0.106777744254345,11.3972585683645,0.00114014685979836,0.0148091915507484,"LOD_vs_CN",114,"study_7"
"IGHV2-70",-0.0410160575716718,0.0395189121305977,1.07720377387146,0.300730799012804,0.53826454605915,"LOD_vs_CN",185,"study_7"
"IGHV3-15",-0.0933223607812375,0.0326536789665932,8.16783951361694,0.00494403999034931,0.039821017748357,"LOD_vs_CN",176,"study_7"
"IGHV3-49",-0.120897696233946,0.04362593795458,7.67973962230075,0.00622980083981371,0.0459504317626835,"LOD_vs_CN",185,"study_7"
"IGHV3-64",-0.0710726268385518,0.0477600213605276,2.21450012808269,0.140478892972904,0.340736038274703,"LOD_vs_CN",96,"study_7"
"IGHV3-64D",-0.0802313944712969,0.0351154434206694,5.22026280632511,0.0238513608504191,0.111156342076481,"LOD_vs_CN",185,"study_7"
"IGHV3-7",-0.0827325564181072,0.0319670503511917,6.69804032856358,0.0105441957592074,0.0630325413869752,"LOD_vs_CN",185,"study_7"
"IGHV3-73",-0.0977982286654733,0.0444216305098053,4.84699963345304,0.0304240862534082,0.130068847434048,"LOD_vs_CN",99,"study_7"
"IGHV4-28",-0.0660060361919932,0.0398945013782445,2.73741866130976,0.100057151574522,0.279255552982,"LOD_vs_CN",185,"study_7"
"IGHV4-30-2",-0.00637975692904647,0.0541244353554897,0.0138938148512902,0.906453679453162,0.974332592088521,"LOD_vs_CN",89,"study_7"
"IGHV4-34",-0.0278941217603137,0.0424997087689927,0.430777961242426,0.512511443029322,0.730643036521077,"LOD_vs_CN",185,"study_7"
"IGHV4-4",-0.0835360114215913,0.0372972169408825,5.01642839179839,0.0265711641237975,0.119691383682273,"LOD_vs_CN",154,"study_7"
"IGHV5-10-1",-0.00658536055427383,0.0381227412546118,0.0298394540525841,0.863096782914815,0.948894237596258,"LOD_vs_CN",185,"study_7"
"IGHV5-51",-0.10740262932328,0.0657432209212963,2.66887277860811,0.104522892218447,0.28164168412316,"LOD_vs_CN",169,"study_7"
"IGKV1-12",-0.023863091356767,0.0419861141945633,0.323029393863174,0.570629906150983,0.765886944312553,"LOD_vs_CN",185,"study_7"
"IGKV1-16",-0.0264566851805421,0.129886346271782,0.0414900404871354,0.840308805497064,0.934938175485472,"LOD_vs_CN",58,"study_7"
"IGKV1-27",-0.0349639791968377,0.039669046643421,0.776851806014546,0.380345961898112,0.617385230594745,"LOD_vs_CN",122,"study_7"
"IGKV1-39",-0.0508466852918268,0.0407770397519726,1.55486935352938,0.214878611143439,0.438033152289652,"LOD_vs_CN",140,"study_7"
"IGKV1-8",-0.096244123369579,0.0326644089680435,8.68158123511198,0.00368923280371769,0.0317874593901722,"LOD_vs_CN",185,"study_7"
"IGKV1D-13",0.00322944121531243,0.0813554585132082,0.00157572843811199,0.968391416132073,0.984332015574576,"LOD_vs_CN",166,"study_7"
"IGKV2-24",-0.121031257771994,0.0343752968813637,12.3965882901587,0.000546736375198295,0.00942166637260318,"LOD_vs_CN",185,"study_7"
"IGKV2-29",-0.100761911448895,0.0281861013667089,12.7797622950266,0.000450525500415932,0.00834598489520514,"LOD_vs_CN",185,"study_7"
"IGKV2-30",-0.145251794509523,0.0391540434891881,13.7622605396141,0.000284569244864863,0.00648817878291887,"LOD_vs_CN",185,"study_7"
"IGKV2-40",-0.148827909560007,0.0756812622914958,3.86715900513559,0.0519677332771244,0.18164193565259,"LOD_vs_CN",136,"study_7"
"IGKV2D-29",-0.121397648855213,0.0541810885729132,5.02024715494215,0.0265366110554902,0.119691383682273,"LOD_vs_CN",180,"study_7"
"IGKV3-11",-0.116783226349207,0.0319543333358419,13.3567690265598,0.000356729659028496,0.00724210074904426,"LOD_vs_CN",185,"study_7"
"IGKV3-15",-0.0824231725687694,0.0297407747266099,7.68058145354764,0.00621154997366235,0.0459504317626835,"LOD_vs_CN",185,"study_7"
"IGKV3D-15",-0.0735416260795807,0.0362034843717936,4.12634669955547,0.0440493508302801,0.165268703621456,"LOD_vs_CN",185,"study_7"
"IGKV3D-20",-0.0693516526385123,0.0346772753707891,3.99966571277774,0.0471028457363563,0.172788161834852,"LOD_vs_CN",185,"study_7"
"IGKV6-21",-0.033803218836681,0.0427197416500083,0.626121877329858,0.43038334405466,0.65687756528219,"LOD_vs_CN",162,"study_7"
"IGKV6D-21",-0.0145190399163742,0.063781228367448,0.0518191208117828,0.820272793824203,0.923521850692265,"LOD_vs_CN",156,"study_7"
"IGLC7",-0.103683381932214,0.0669477035281535,2.39853986237113,0.123370064515684,0.312537496773066,"LOD_vs_CN",175,"study_7"
"IGLV1-36",0.0630667622878729,0.0824756669160331,0.584721953182026,0.453427192632917,0.678462067246425,"LOD_vs_CN",22,"study_7"
"IGLV1-47",-0.0860865741577808,0.0301397943090679,8.15812362795307,0.00483661885462617,0.0391686838391037,"LOD_vs_CN",185,"study_7"
"IGLV1-51",-0.0622298433327142,0.0436482279078362,2.03265738705108,0.156178514237983,0.364478900395362,"LOD_vs_CN",174,"study_7"
"IGLV2-18",-0.0347653734702869,0.0461142059349132,0.56836107761798,0.452800318652048,0.678462067246425,"LOD_vs_CN",145,"study_7"
"IGLV3-25",-0.0651009363624748,0.0367046215476277,3.14581348158421,0.0782020039298509,0.239421206603031,"LOD_vs_CN",185,"study_7"
"IGLV3-9",-0.0465958505403608,0.0384234071061396,1.47062770235177,0.227212979647948,0.454425959295896,"LOD_vs_CN",185,"study_7"
"IGLV4-60",-0.0254125481815226,0.067529147192009,0.141616514033167,0.707190917744494,0.858758662844514,"LOD_vs_CN",168,"study_7"
"IGLV4-69",-0.099128254361486,0.0572652120246141,2.99649233186863,0.085217943763408,0.252081821671399,"LOD_vs_CN",177,"study_7"
"IGLV5-45",0.0438339276000113,0.0462437191077648,0.898494168737334,0.34463650738335,0.587746034455839,"LOD_vs_CN",169,"study_7"
"IGLV6-57",-0.0619748492319099,0.044564915517383,1.93394795604191,0.166429319161659,0.378794546881379,"LOD_vs_CN",167,"study_7"
"IGLV7-46",-0.0855417345461049,0.0368761996283743,5.38100988508005,0.0217161766781564,0.104831836602696,"LOD_vs_CN",185,"study_7"
"IGLV8-61",-0.107144771375836,0.0404731733040213,7.00821556366222,0.00892371425734962,0.056276359699541,"LOD_vs_CN",182,"study_7"
"IGLV9-49",-0.037771247443902,0.0534195429839647,0.499945104349656,0.480599665480081,0.70851075478135,"LOD_vs_CN",159,"study_7"
"IGSF1",-0.00745713630130229,0.0192888145198122,0.149462791219744,0.699810679459378,0.853510188051385,"LOD_vs_CN",111,"study_7"
"IGSF21",0.0565778766434075,0.0228457589355441,6.13312913670421,0.0142740326514882,0.0789332701100951,"LOD_vs_CN",170,"study_7"
"IL18BP",0.000870024247833889,0.0361696604150123,0.000578593900111659,0.980859007306511,0.990213248520606,"LOD_vs_CN",132,"study_7"
"IL1RAP",-0.070173518785805,0.0236401185764883,8.81144647697245,0.00343690660054515,0.0308696701939873,"LOD_vs_CN",175,"study_7"
"IMPA1",0.0748760616237485,0.020911179370994,12.821207575381,0.000444181262388702,0.00833261558050704,"LOD_vs_CN",179,"study_7"
"INAFM2",0.026824553654885,0.0244205926053656,1.20657024589342,0.273487358289606,0.506635331231495,"LOD_vs_CN",185,"study_7"
"ISLR2",0.0568249579330589,0.0448898470380856,1.6024408023002,0.207262404389063,0.430200116673098,"LOD_vs_CN",185,"study_7"
"ITGA7",-0.0111376176130769,0.0323860177790881,0.118268613782435,0.731484590154734,0.872132069677647,"LOD_vs_CN",143,"study_7"
"ITGB1",-0.0468979568282122,0.0818895413543227,0.327982723290258,0.568692580581297,0.765886944312553,"LOD_vs_CN",72,"study_7"
"ITIH3",0.0453431842879493,0.0381257530234506,1.41444860333377,0.236450565175746,0.462295168325139,"LOD_vs_CN",160,"study_7"
"JAM2",0.000737153046010519,0.0258769515376921,0.000811501083299226,0.977319702298295,0.989335928146225,"LOD_vs_CN",148,"study_7"
"JAM3",0.0017257329314857,0.0263856419473948,0.00427771497190063,0.947939918778451,0.983558435886705,"LOD_vs_CN",151,"study_7"
"JAML",-0.0344929278224129,0.0443320640847354,0.60537462711617,0.437615677538092,0.663135413201894,"LOD_vs_CN",185,"study_7"
"JCHAIN",-0.147012347880557,0.0459350876849233,10.2427961068856,0.00162393803509161,0.0188660881893266,"LOD_vs_CN",185,"study_7"
"KDR",-0.05304014737718,0.0579700479192047,0.837147771586587,0.363460039285787,0.60251429331268,"LOD_vs_CN",79,"study_7"
"KIAA0319L",0.032986807352148,0.0218744468172647,2.27408351687672,0.133514957495458,0.329233222975489,"LOD_vs_CN",169,"study_7"
"KIAA1549L",0.136576850964192,0.032405433001162,17.7630906572547,4.13980377695944e-05,0.00165815924255511,"LOD_vs_CN",184,"study_7"
"KLK10",0.0113846862008931,0.0429428784340887,0.070284543101742,0.791547746539617,0.910771553083628,"LOD_vs_CN",90,"study_7"
"KLK11",-0.0678615022244298,0.0245838644381614,7.61985370946341,0.0065296933050059,0.0476025115728322,"LOD_vs_CN",180,"study_7"
"KLK7",-0.0926493010408787,0.0773336099353628,1.43531666560029,0.24259623936722,0.468745276065475,"LOD_vs_CN",34,"study_7"
"KREMEN1",-0.0963996918640402,0.0795547383762946,1.46831483848448,0.232416453348627,0.459868069242545,"LOD_vs_CN",62,"study_7"
"KRT14",0.15882884538024,0.0813061030655828,3.8160360178832,0.0529558131720823,0.183795117379452,"LOD_vs_CN",149,"study_7"
"KRT16",-0.197302133783819,0.110696096799239,3.17686638085923,0.0815890291420359,0.24427260846161,"LOD_vs_CN",47,"study_7"
"KRT5",0.0181059512314583,0.0722489370762562,0.0628029101145377,0.802679288680453,0.915972210635702,"LOD_vs_CN",102,"study_7"
"LAIR1",0.0161901799830435,0.0290018335510496,0.311639459260281,0.57803182548614,0.766914203554574,"LOD_vs_CN",105,"study_7"
"LAMA4",-0.0617074067290275,0.0349489205339105,3.11750428007782,0.0811820482155176,0.243546144646553,"LOD_vs_CN",84,"study_7"
"LAMA5",-0.000230670980103653,0.0207971793182603,0.000123020375689756,0.991165022722541,0.99384404884949,"LOD_vs_CN",166,"study_7"
"LAMB2",0.0308201811946764,0.0224988847594178,1.87649923990811,0.172596941742746,0.386035625239257,"LOD_vs_CN",182,"study_7"
"LAMC3",-0.00572582781656994,0.017141441075486,0.111578856905686,0.738791776801026,0.875211361486108,"LOD_vs_CN",180,"study_7"
"LAMP5",-0.0109271121653878,0.0393524181340615,0.0771024101523553,0.781772233244358,0.905145663803234,"LOD_vs_CN",121,"study_7"
"LAYN",-0.013751009516219,0.0225876269776915,0.370619231563419,0.543579271015521,0.75358697815248,"LOD_vs_CN",157,"study_7"
"LBP",-0.0794795626893281,0.0304250278171586,6.82415637057197,0.00986642047497235,0.0604216328260704,"LOD_vs_CN",174,"study_7"
"LCN2",0.0228384911972936,0.0324104761024864,0.496551155697843,0.482819234124077,0.709859231122899,"LOD_vs_CN",95,"study_7"
"LCP1",0.0329820036613935,0.0286527974210579,1.3250126134811,0.251641207391195,0.48336255263192,"LOD_vs_CN",184,"study_7"
"LFNG",-0.0141896633224068,0.0152184008215371,0.869372994509561,0.352517055309257,0.595412419384296,"LOD_vs_CN",183,"study_7"
"LGALS3",-0.0515732349727012,0.0203466691609367,6.42483680126788,0.0123097974459433,0.0712621867769064,"LOD_vs_CN",164,"study_7"
"LGMN",-0.0198227710910048,0.102882568070859,0.0371231772769177,0.847673676457339,0.940674780416017,"LOD_vs_CN",90,"study_7"
"LILRA2",-0.0227403007260234,0.0523529943003382,0.188672826395323,0.664738248230488,0.828546748425217,"LOD_vs_CN",133,"study_7"
"LILRB4",0.00525983863706081,0.0377141074501087,0.0194507868071141,0.889266271788975,0.966153448009175,"LOD_vs_CN",155,"study_7"
"LINGO3",0.00233383602887383,0.0378774531509907,0.0037964627291024,0.950992267746335,0.983558435886705,"LOD_vs_CN",124,"study_7"
"LIPA",-0.0232638301575001,0.0370259052178169,0.394776295100665,0.530981463785577,0.745184213380895,"LOD_vs_CN",136,"study_7"
"LNPEP",-0.10311107846147,0.115892683557006,0.791586939155648,0.379274261852455,0.616320675510239,"LOD_vs_CN",45,"study_7"
"LOXL1",0.0137086555002837,0.0263496545587953,0.270669844446079,0.6036960501762,0.7786846184714,"LOD_vs_CN",147,"study_7"
"LRIG2",0.0050953084536145,0.0424712036352554,0.0143930164480085,0.904945556941957,0.974332592088521,"LOD_vs_CN",57,"study_7"
"LRP11",0.0717857872342451,0.0266977322514514,7.22983171060787,0.00786613828918687,0.051631784675682,"LOD_vs_CN",184,"study_7"
"LRP1B",0.0823909327221877,0.0642645836486654,1.64367307999421,0.202061359687867,0.422814033336378,"LOD_vs_CN",135,"study_7"
"LRRC4",0.0127561034778525,0.0258194927273168,0.244084755589198,0.62231211830856,0.795798908689392,"LOD_vs_CN",128,"study_7"
"LRRTM2",0.0180525478093188,0.0268155497460011,0.453214293194604,0.501876020768309,0.724932029998669,"LOD_vs_CN",168,"study_7"
"LRTM2",0.0496746407097284,0.0214687644464551,5.35371646732711,0.0218497829072302,0.105134345027647,"LOD_vs_CN",176,"study_7"
"LSR",0.0048053241196051,0.0236317669539087,0.04134785475798,0.839158915530187,0.934938175485472,"LOD_vs_CN",147,"study_7"
"LTA4H",0.0480177404488877,0.0420114881337138,1.30637333951839,0.25525665891548,0.487487588289616,"LOD_vs_CN",143,"study_7"
"LTF",-0.0411399629337232,0.038756184712045,1.12679719697459,0.290354288250415,0.522849398769276,"LOD_vs_CN",158,"study_7"
"LY96",-0.0331889680185795,0.0592493603795978,0.313776319519052,0.576740775879088,0.765886944312553,"LOD_vs_CN",111,"study_7"
"MAG",0.0361987318506554,0.0294254224043912,1.51335668861421,0.220466231596005,0.446353763968961,"LOD_vs_CN",160,"study_7"
"MAMDC2",-0.0553950150975444,0.0342060337658077,2.62262338871495,0.108816542573911,0.286440703542694,"LOD_vs_CN",93,"study_7"
"MAN1C1",0.00163517501897736,0.0143530520730941,0.0129789621635031,0.909432021040631,0.974532360941588,"LOD_vs_CN",185,"study_7"
"MAN2A1",0.0220692392692916,0.0196878054380555,1.25655096693508,0.264042727590466,0.495545073661322,"LOD_vs_CN",184,"study_7"
"MAN2B1",-0.0403055604623095,0.0322489840740724,1.56206051083955,0.213274632642868,0.43705003666899,"LOD_vs_CN",155,"study_7"
"MAN2B2",-0.0158973109792919,0.0175104591431065,0.824237314759049,0.365181177424423,0.603066210642595,"LOD_vs_CN",185,"study_7"
"MANBA",0.00695112969925038,0.017856881223225,0.151530328304931,0.697543513513782,0.851531702658504,"LOD_vs_CN",185,"study_7"
"MANEA",-0.0314989416635738,0.0310330047404009,1.03025390361389,0.311999114866707,0.551194765825157,"LOD_vs_CN",134,"study_7"
"MANEAL",-0.0786217308762085,0.0489451520350444,2.5802740676113,0.110796911807372,0.289086308624164,"LOD_vs_CN",130,"study_7"
"MANSC1",0.0363068145231882,0.0210583445775541,2.97254089124188,0.0866338880128777,0.255020491878909,"LOD_vs_CN",161,"study_7"
"MAP1LC3B",0.010902031032328,0.0477534351284262,0.0521201422126935,0.819782147882454,0.923521850692265,"LOD_vs_CN",167,"study_7"
"MARCKSL1",-0.025592727779002,0.0417507844584087,0.375754226931833,0.540747854528914,0.750363595891245,"LOD_vs_CN",184,"study_7"
"MARCO",0.0438662661150859,0.0473777386345714,0.857260241737027,0.356440152133945,0.596879682736921,"LOD_vs_CN",121,"study_7"
"MASP2",-0.078186525032037,0.0456953668940138,2.9276522246158,0.0900094418598898,0.261044995765864,"LOD_vs_CN",111,"study_7"
"MATN2",-0.0479789860459094,0.0175089408045934,7.50900480873417,0.00684980172414883,0.0483400293104218,"LOD_vs_CN",160,"study_7"
"MB",-0.0587071526649403,0.0549354976037492,1.14202578397353,0.286963671885972,0.519311621341986,"LOD_vs_CN",157,"study_7"
"MBL2",0.0630226639515916,0.0963046875229727,0.428251271031261,0.522484944976383,0.737000987506996,"LOD_vs_CN",23,"study_7"
"MBP",-0.0217715449030411,0.047731933123379,0.20804651637935,0.649162222802177,0.817939455757205,"LOD_vs_CN",123,"study_7"
"MDGA1",0.0814537811854841,0.0437457441008722,3.46697638035326,0.0661486133037962,0.212191006312178,"LOD_vs_CN",90,"study_7"
"MDH2",0.061175634484699,0.0482085555718883,1.61030716775554,0.206430494446955,0.429074323661133,"LOD_vs_CN",151,"study_7"
"ME1",0.100786535541774,0.0658945429587012,2.33940887782585,0.129599136440147,0.323343300007235,"LOD_vs_CN",116,"study_7"
"MELTF",-0.0452658971665194,0.0338816754420548,1.78489432621351,0.185420029917504,0.402135236396544,"LOD_vs_CN",88,"study_7"
"MENT",-0.025154126906795,0.0259607835856288,0.938821229477777,0.334304307261785,0.575726972588401,"LOD_vs_CN",164,"study_7"
"MERTK",-0.00287762391386615,0.040508342960685,0.00504637025041612,0.943471137363769,0.983558435886705,"LOD_vs_CN",140,"study_7"
"MESD",0.00390640071986148,0.035334861533963,0.0122221270808022,0.912134882892992,0.97456435266796,"LOD_vs_CN",149,"study_7"
"MET",-0.0943730287575604,0.0648244887568809,2.11942272116085,0.149360769876555,0.353493983304121,"LOD_vs_CN",82,"study_7"
"METRN",0.020216698133658,0.0380223636166461,0.282710690504607,0.595659799897424,0.775037597408237,"LOD_vs_CN",165,"study_7"
"METRNL",-0.0480159377213463,0.0209297093547267,5.26313408873617,0.0231088124078666,0.109045521666844,"LOD_vs_CN",181,"study_7"
"MFAP4",0.0108807403279396,0.0255322016879137,0.181610251096536,0.670525841076024,0.83365712791499,"LOD_vs_CN",185,"study_7"
"MGAT2",-0.00254825539990211,0.0274908667946491,0.00859229223235313,0.926256807235934,0.981209855842497,"LOD_vs_CN",179,"study_7"
"MGAT3",0.0225190097780459,0.0308678364341889,0.53221388213127,0.467417731378368,0.695495058135283,"LOD_vs_CN",100,"study_7"
"MGAT5",-0.0200415425478289,0.0365292369849734,0.301010114119134,0.58419226716685,0.768858325256529,"LOD_vs_CN",138,"study_7"
"MGRN1",0.0163079183657127,0.0499636863055222,0.106533970056831,0.745793550757574,0.882095803848942,"LOD_vs_CN",46,"study_7"
"MIA",-0.0842690305944647,0.0348819010604977,5.83627441966181,0.0167513377517492,0.0883469129825347,"LOD_vs_CN",183,"study_7"
"MIA3",0.0925168596731654,0.0834341230737617,1.2295731034687,0.269980112537798,0.503283681485556,"LOD_vs_CN",112,"study_7"
"MIF",0.126443698732297,0.0300340208702453,17.7242320076559,4.28663148656754e-05,0.00167178627976134,"LOD_vs_CN",185,"study_7"
"MINPP1",-0.0307777961776852,0.0174514887230937,3.11035583503543,0.0799830349923829,0.241907873181044,"LOD_vs_CN",160,"study_7"
"MLEC",-0.0147355878352453,0.0161987889813655,0.827503491823884,0.364861464225106,0.603066210642595,"LOD_vs_CN",123,"study_7"
"MMP14",-0.018082808382645,0.0184815341643069,0.9573168907464,0.329257343198001,0.571381010093018,"LOD_vs_CN",185,"study_7"
"MMP17",0.0770022364679006,0.0408667904086863,3.55030461692385,0.0613831216119936,0.201260589002156,"LOD_vs_CN",159,"study_7"
"MMRN1",0.00484846772715564,0.0646083590140843,0.00563159736727839,0.940891930747237,0.983558435886705,"LOD_vs_CN",24,"study_7"
"MOXD1",-0.00415317877843258,0.0466745722030001,0.00791772767217734,0.929762579268539,0.982570096088403,"LOD_vs_CN",31,"study_7"
"MPZ",-0.1010292968586,0.0706788282145562,2.04322399125599,0.155662810738325,0.364442789121956,"LOD_vs_CN",116,"study_7"
"MPZL1",0.0595639747558048,0.0343289978615123,3.01054477393756,0.0890234260451985,0.258691602743106,"LOD_vs_CN",51,"study_7"
"MRC2",0.0002499638072333,0.0367630094976177,4.6230878781867e-05,0.994583649157696,0.995255211378599,"LOD_vs_CN",158,"study_7"
"MSLN",-0.0220535470631855,0.0350333986053204,0.396271063658007,0.530293769726637,0.745184213380895,"LOD_vs_CN",139,"study_7"
"MSN",0.0292994991223532,0.0203361974986249,2.07577793074625,0.151625948190389,0.356681992409771,"LOD_vs_CN",177,"study_7"
"MSTN",0.0156106697519016,0.0294126888155662,0.281691418064733,0.596633319691242,0.775550337943972,"LOD_vs_CN",121,"study_7"
"MXRA7",-0.05442861806275,0.0848105475551386,0.411864994129203,0.522663993164543,0.737000987506996,"LOD_vs_CN",94,"study_7"
"MXRA8",-0.013626923999194,0.0166975657954587,0.666023174143927,0.415675529726942,0.64612817420752,"LOD_vs_CN",185,"study_7"
"MYDGF",0.0224143255952063,0.0187408756604813,1.4304464163609,0.233483347406578,0.459931092079132,"LOD_vs_CN",183,"study_7"
"MYH11",-0.08238868645123,0.0353290591330703,5.43839833547013,0.0210445876778784,0.101921826596784,"LOD_vs_CN",185,"study_7"
"MYOC",0.00519272348893729,0.0334609749877779,0.0240831456213813,0.876910234533911,0.959287235296961,"LOD_vs_CN",157,"study_7"
"NAGLU",-0.0188517086401321,0.027837117397136,0.458619921804125,0.499178058541208,0.723556484618038,"LOD_vs_CN",185,"study_7"
"NAXE",0.050376629502515,0.0332861274576496,2.29050725032219,0.132157829285334,0.327175710741804,"LOD_vs_CN",161,"study_7"
"NBR1",-0.0331725588273146,0.0489407358211515,0.459427467516814,0.500435490373474,0.723556484618038,"LOD_vs_CN",64,"study_7"
"NCSTN",0.0164904518054323,0.0230632179080759,0.511240563066224,0.475723608969599,0.703615158176592,"LOD_vs_CN",182,"study_7"
"NDRG1",-0.069475222047763,0.0337882567378875,4.22793513766223,0.0452888657494491,0.167795247601709,"LOD_vs_CN",58,"study_7"
"NDRG2",0.0707552123999635,0.0227911724592906,9.63792501755239,0.00224260638499898,0.0237395904469178,"LOD_vs_CN",171,"study_7"
"NDRG3",0.0615712225979976,0.0312118099920864,3.89150547517223,0.0518685471366116,0.18164193565259,"LOD_vs_CN",85,"study_7"
"NDRG4",0.0806371161924115,0.0560357690185044,2.07080546630744,0.15268699518639,0.358608758900522,"LOD_vs_CN",127,"study_7"
"NDST1",-0.034083535702182,0.0273771535842563,1.54993218420043,0.215286933968631,0.43826268700757,"LOD_vs_CN",141,"study_7"
"NECTIN2",0.0506889524337755,0.0453895401344357,1.24713959151038,0.26707329801863,0.499120589739735,"LOD_vs_CN",96,"study_7"
"NECTIN3",0.0400440391253838,0.0490550246379864,0.666359751740132,0.416548550768569,0.64612817420752,"LOD_vs_CN",115,"study_7"
"NEFL_x",0.105186284380539,0.0841973386518159,1.56070743713301,0.215761460488976,0.438626178936437,"LOD_vs_CN",73,"study_7"
"NELL1",0.0417364619744847,0.0316531365488259,1.73859232947902,0.189133547951582,0.407841104605574,"LOD_vs_CN",171,"study_7"
"NENF",-0.00859542402580971,0.015557549911566,0.305247563484156,0.58140521884321,0.768858325256529,"LOD_vs_CN",174,"study_7"
"NETO1",0.00963236192053873,0.0412440860600265,0.0545434011319753,0.815747008208684,0.923521850692265,"LOD_vs_CN",119,"study_7"
"NETO2",0.0701746829569183,0.0616055675545497,1.29754070965533,0.261238028700687,0.493190775203081,"LOD_vs_CN",44,"study_7"
"NIF3L1",0.046071963978652,0.0406412146032183,1.28510938248697,0.261796104483019,0.493615555780959,"LOD_vs_CN",80,"study_7"
"NLGN1",0.00960496648379205,0.0223741380376772,0.184288859014821,0.668384301880945,0.831692305111302,"LOD_vs_CN",184,"study_7"
"NLGN2",0.0256864981439913,0.0225127364231857,1.30182686009342,0.255995858352095,0.488270092764227,"LOD_vs_CN",136,"study_7"
"NLGN3",-0.0616821621383346,0.10036162401914,0.377732033409637,0.540170464271259,0.750363595891245,"LOD_vs_CN",106,"study_7"
"NLGN4X",0.053951174840039,0.0247265243766121,4.76075313867327,0.0305424823934201,0.130068847434048,"LOD_vs_CN",177,"study_7"
"NOMO3",0.019564521892832,0.0488880183561679,0.160152458930179,0.689951570955907,0.847148490602033,"LOD_vs_CN",113,"study_7"
"NOTCH3",0.0240353347986577,0.0384505391479495,0.390746848858223,0.532839401842217,0.745673270566729,"LOD_vs_CN",182,"study_7"
"NPDC1",0.031693432661581,0.0455560094586974,0.484002059863889,0.487801330352548,0.714349379034067,"LOD_vs_CN",148,"study_7"
"NPEPPS",0.0181501744901942,0.023633592758994,0.589796394955078,0.443870940933728,0.669193015731216,"LOD_vs_CN",134,"study_7"
"NPNT",-0.0488623830030068,0.035339712770516,1.91171547784097,0.169111458090559,0.381466028752219,"LOD_vs_CN",134,"study_7"
"NQO2",0.0827210267126919,0.0434661485026967,3.62184210635928,0.0591468806076137,0.196537392512295,"LOD_vs_CN",141,"study_7"
"NRN1",0.0746743978022675,0.0226796958866127,10.84099151349,0.00122306651336408,0.0149800377917815,"LOD_vs_CN",181,"study_7"
"NRP1",0.0280817994217237,0.014040854907975,4.00002552719684,0.047032624970957,0.172788161834852,"LOD_vs_CN",183,"study_7"
"NRP2",0.0022388652529779,0.0181870251965446,0.015154184673698,0.902180736950258,0.973094506666872,"LOD_vs_CN",162,"study_7"
"NSF",0.0210268783592564,0.0211186592564073,0.991326962769829,0.320810382176998,0.562292923116171,"LOD_vs_CN",184,"study_7"
"NSG1",0.0544786727507125,0.0417558123564869,1.70223361418458,0.194998334816489,0.41225040256496,"LOD_vs_CN",105,"study_7"
"NTRK3",0.0145055061109227,0.020823140571722,0.485258678101412,0.486946823815936,0.714349379034067,"LOD_vs_CN",184,"study_7"
"NUDT5",0.166951870366245,0.0608476576169565,7.52826414747772,0.00708655860459299,0.0483976030046397,"LOD_vs_CN",116,"study_7"
"NUTF2",0.034690969282428,0.0199852647086148,3.01309662448402,0.0847142279835167,0.251596164071286,"LOD_vs_CN",154,"study_7"
"NXPH1",0.0536339711186216,0.0391472723223597,1.87705454833838,0.17287809872104,0.386035625239257,"LOD_vs_CN",165,"study_7"
"NXPH3",0.0549632477192565,0.0284714852485121,3.72670080479955,0.0552676304729847,0.189159507171364,"LOD_vs_CN",184,"study_7"
"OLFML2A",0.0141544263713955,0.0179530961189477,0.621592599407733,0.431535945513745,0.657562331616174,"LOD_vs_CN",184,"study_7"
"OLFML3",0.0126433618997748,0.0128910199911659,0.961945737710338,0.32800268720322,0.571210320135338,"LOD_vs_CN",185,"study_7"
"OSCAR",0.0265663621693966,0.0285276451841125,0.867226078829792,0.353003008530657,0.595412419384296,"LOD_vs_CN",182,"study_7"
"OSMR",-0.0310087938967865,0.0341962572503129,0.822266501652683,0.366359484983061,0.603066210642595,"LOD_vs_CN",127,"study_7"
"OTUB1",0.0665560394125206,0.123496585174779,0.290445761039003,0.594549756222164,0.774949249365463,"LOD_vs_CN",42,"study_7"
"OXT",-0.0177190548724209,0.0205759339931062,0.741586798531626,0.390333679655658,0.622015605644822,"LOD_vs_CN",185,"study_7"
"P4HB",-0.00320792165798345,0.0235658798546538,0.0185302035046814,0.891891194995681,0.966922275774396,"LOD_vs_CN",171,"study_7"
"PAFAH1B2",0.0550020653336847,0.0607845402610777,0.818788477974485,0.367321488011078,0.603514906022636,"LOD_vs_CN",124,"study_7"
"PALM",0.0338037485710423,0.0300096127399726,1.26884608328776,0.262326840228035,0.493987772830937,"LOD_vs_CN",120,"study_7"
"PAMR1",-0.0429860379857754,0.0248162324975873,3.00042750273621,0.0867276166713698,0.255020491878909,"LOD_vs_CN",101,"study_7"
"PAPPA2",-0.0445781760731823,0.0790622867383147,0.317911214151576,0.574779125266974,0.765886944312553,"LOD_vs_CN",79,"study_7"
"PBXIP1",0.0272821828844556,0.0240976371297393,1.28176766369037,0.25941511761457,0.491628138497178,"LOD_vs_CN",150,"study_7"
"PCDH1",0.0711431063450911,0.0209249799827434,11.5594067427953,0.000839756845763779,0.0123706194135121,"LOD_vs_CN",182,"study_7"
"PCDH10",0.0420850280439486,0.0259021024017604,2.63988622491684,0.106245603628144,0.283194216864944,"LOD_vs_CN",184,"study_7"
"PCDH12",-0.0540919253348182,0.0502254270020834,1.15989213723145,0.28388490407802,0.518839392287617,"LOD_vs_CN",112,"study_7"
"PCDH17",0.0433731676725397,0.0193571843342672,5.02062646149594,0.0265625772947885,0.119691383682273,"LOD_vs_CN",185,"study_7"
"PCDH19",0.00218719555411351,0.0329257477426869,0.00441269525574455,0.947128071312501,0.983558435886705,"LOD_vs_CN",161,"study_7"
"PCDH7",0.0751391241745614,0.0265070561490401,8.03543257176391,0.00514107804779947,0.0407437308387102,"LOD_vs_CN",183,"study_7"
"PCDH9",0.0534712812118761,0.0185140375638322,8.34139907269144,0.00437560423736339,0.0358267706064782,"LOD_vs_CN",183,"study_7"
"PCDHAC2",0.0100353259731136,0.0210286515562844,0.227740420629756,0.633976571252639,0.807176356182484,"LOD_vs_CN",183,"study_7"
"PCDHGC3",0.0298768152313,0.0215675861408035,1.91895822306895,0.168037980957478,0.379884595288915,"LOD_vs_CN",174,"study_7"
"PCDHGC5",0.0605585544398197,0.0254451607017478,5.66422639565049,0.0184000721506157,0.0933866675589468,"LOD_vs_CN",185,"study_7"
"PCMT1",0.055624029269457,0.0202163176024303,7.5704341498702,0.00659000539454128,0.0476025115728322,"LOD_vs_CN",185,"study_7"
"PCP4",0.0620404526874623,0.0260376487693198,5.67735939571962,0.0185772102698787,0.0936443048297965,"LOD_vs_CN",160,"study_7"
"PCSK9",0.00107778862365571,0.0224409119982391,0.00230667381207192,0.961755807330406,0.983558435886705,"LOD_vs_CN",177,"study_7"
"PCYOX1",0.259029809048898,0.0656896649326305,15.5491050443258,0.00075420439330491,0.0115229990812152,"LOD_vs_CN",28,"study_7"
"PDCD5",0.129260508827352,0.0355726070719006,13.2038423953479,0.00136313611820498,0.0162916752191918,"LOD_vs_CN",29,"study_7"
"PDGFA",0.0373130941247775,0.0227242943454695,2.69613550310471,0.102369846889297,0.281469597569458,"LOD_vs_CN",183,"study_7"
"PDGFD",-0.0579140969149199,0.0293924990070155,3.88235775542776,0.0504937541297597,0.179883999087269,"LOD_vs_CN",168,"study_7"
"PDGFRB",-0.0147343085817386,0.0263296757800145,0.31316159731072,0.576716947796589,0.765886944312553,"LOD_vs_CN",137,"study_7"
"PDIA3",0.0206792050453277,0.0247905454126717,0.695817769793191,0.405546033151465,0.638684043614417,"LOD_vs_CN",158,"study_7"
"PDIA4",0.0434576665637527,0.0362975404440109,1.4334363426032,0.234280912337439,0.460217271579953,"LOD_vs_CN",94,"study_7"
"PDIA6",-0.0511467806883692,0.0308156402647326,2.75482626732817,0.100958960284558,0.280614845700821,"LOD_vs_CN",107,"study_7"
"PDXP",0.178390197165329,0.059708250460353,8.92633700556229,0.00383501104735346,0.0326637147826312,"LOD_vs_CN",81,"study_7"
"PDYN",0.019240540445697,0.0189333051837215,1.0327178006092,0.310951070230937,0.551194765825157,"LOD_vs_CN",176,"study_7"
"PEA15",0.075574482373324,0.0628372331632879,1.44649272757534,0.231212321828488,0.45890551779704,"LOD_vs_CN",151,"study_7"
"PEPD",-0.0231609664091641,0.0263908840608839,0.770203478767331,0.382062695048853,0.618197474666451,"LOD_vs_CN",134,"study_7"
"PFN2",0.0842551733875911,0.0336526596949538,6.26836627950365,0.0138413391469826,0.0771160323903315,"LOD_vs_CN",113,"study_7"
"PGAM1",0.0864738802257001,0.0219554468376943,15.5126264001824,0.000120143952089678,0.00332493931499391,"LOD_vs_CN",170,"study_7"
"PGM1",0.0498988801191462,0.0465986786570068,1.14665928884265,0.287538823310059,0.519311621341986,"LOD_vs_CN",99,"study_7"
"PGRMC1",0.052301161283256,0.0432373609984448,1.46320206787085,0.228381963184013,0.456148341561601,"LOD_vs_CN",155,"study_7"
"PIGR",0.0364569565177231,0.0349453441081866,1.088384072973,0.298295251727862,0.534550862225746,"LOD_vs_CN",174,"study_7"
"PITHD1",0.231189612289536,0.0492710795914383,22.0167127713425,5.64547943427232e-06,0.000440347395873241,"LOD_vs_CN",167,"study_7"
"PITPNA",0.084883058853308,0.0588174779940406,2.08271212583997,0.153531976398975,0.3600227674419,"LOD_vs_CN",72,"study_7"
"PKDCC",-0.0604652741027367,0.0275771909137137,4.80741927649951,0.031065653170167,0.131540851423393,"LOD_vs_CN",91,"study_7"
"PLA2G15",0.00347014848679983,0.0237718668940273,0.0213093173600256,0.884112732063621,0.962714966141283,"LOD_vs_CN",181,"study_7"
"PLA2G7",-0.00553626165532162,0.049268831145947,0.0126266661202306,0.91082450620427,0.97456435266796,"LOD_vs_CN",79,"study_7"
"PLD4",0.00186543268845707,0.0231595347141806,0.00648783065716147,0.935897828925658,0.983558435886705,"LOD_vs_CN",182,"study_7"
"PLEKHB1",-0.0212529902371301,0.0333533866623405,0.406031950128534,0.525065208808251,0.739683117351548,"LOD_vs_CN",167,"study_7"
"PLOD1",-0.00172875077818269,0.0310369090616473,0.0031024718506745,0.955653712492002,0.983558435886705,"LOD_vs_CN",177,"study_7"
"PLOD3",-0.0272768182246743,0.0293419371133797,0.864191230896362,0.35463544947558,0.596879682736921,"LOD_vs_CN",114,"study_7"
"PLXDC1",-0.00808852706516117,0.0213202883444783,0.143930468192935,0.704968863680562,0.858088491636856,"LOD_vs_CN",181,"study_7"
"PLXNA1",-0.0654116111725562,0.0497405397968022,1.72937312226347,0.190606631315398,0.408797435035339,"LOD_vs_CN",154,"study_7"
"PLXNA2",0.0391972107616616,0.0505111816138688,0.602192402481351,0.439124331779276,0.664741838301212,"LOD_vs_CN",135,"study_7"
"PLXNB1",-0.0154240464794801,0.0194349931665729,0.629836559405649,0.428505845818487,0.6553283902414,"LOD_vs_CN",185,"study_7"
"PLXNB2",0.0537174372027263,0.020377483566007,6.94911448246561,0.00911080890117138,0.0572127914895592,"LOD_vs_CN",185,"study_7"
"PMCH",-0.0086236738690264,0.0449138458982644,0.0368658421124001,0.848003715678677,0.940674780416017,"LOD_vs_CN",149,"study_7"
"PNP",-0.0163219414766465,0.0864589788769493,0.035638829235425,0.850744831467519,0.941601075604827,"LOD_vs_CN",124,"study_7"
"PODN",-0.0250166586902898,0.0373349677767191,0.448980051181458,0.504400383677323,0.726804530960076,"LOD_vs_CN",100,"study_7"
"PON3",-0.0773185211315495,0.0932925781434568,0.686867373099388,0.409208552495405,0.641742936294382,"LOD_vs_CN",139,"study_7"
"POSTN",-0.0466469253875115,0.0516641761740521,0.815205366576651,0.370145918991723,0.605470476761296,"LOD_vs_CN",64,"study_7"
"PPP1R1B",0.159413599185786,0.0474892008377765,11.2683677516701,0.00235665702888146,0.0245955332169177,"LOD_vs_CN",48,"study_7"
"PPP1R7",0.146726301604553,0.0578907933583852,6.42387289020874,0.0177782713971792,0.0911674678568151,"LOD_vs_CN",40,"study_7"
"PPP3CA",0.256512981959062,0.0670735990027209,14.6256601765742,0.000784013062504621,0.0118561975370597,"LOD_vs_CN",30,"study_7"
"PPP5C",0.169499584963495,0.0530229283612138,10.2190343628236,0.00176564465845577,0.0201283491063958,"LOD_vs_CN",128,"study_7"
"PPT1",-0.060740430725609,0.0369002612352191,2.70954802530822,0.102252339934589,0.281469597569458,"LOD_vs_CN",144,"study_7"
"PRAP1",-0.0545920472984562,0.0228011001630936,5.73254084798441,0.0177191147440652,0.0911674678568151,"LOD_vs_CN",181,"study_7"
"PRDX2",0.0523291624866795,0.0270323435231719,3.74731475028741,0.0544900679133307,0.186931205202676,"LOD_vs_CN",179,"study_7"
"PRDX3",0.131446222475473,0.0575494023115203,5.21692489484744,0.0254816782739597,0.116915935609933,"LOD_vs_CN",76,"study_7"
"PRDX6",0.057461983024873,0.0306481319205241,3.51522559963001,0.0625047480876394,0.203586893771168,"LOD_vs_CN",183,"study_7"
"PRKAR1A",-0.0040049370017492,0.0477404051047373,0.00703751248078961,0.933422058082479,0.983331348249586,"LOD_vs_CN",90,"study_7"
"PRKAR1B",0.0708499798123663,0.0318377103971217,4.95217297398649,0.0285017210599758,0.123433671109487,"LOD_vs_CN",100,"study_7"
"PRL",-0.0973989128604393,0.0749958944922098,1.68668211572462,0.196786770594764,0.414258514235,"LOD_vs_CN",135,"study_7"
"PROC",-0.00421008506472909,0.0222790922655803,0.0357097457076501,0.850391698017665,0.941601075604827,"LOD_vs_CN",179,"study_7"
"PROZ",-0.0697338197555721,0.0386262349819378,3.25928361497689,0.0732372734857683,0.22898236140487,"LOD_vs_CN",165,"study_7"
"PRRT1",-0.0578899948720935,0.0462438258437979,1.56711009516315,0.212908681180657,0.43705003666899,"LOD_vs_CN",143,"study_7"
"PRSS3",-0.00755609004293145,0.0303984478367213,0.0617861922668854,0.803991683525037,0.915972210635702,"LOD_vs_CN",178,"study_7"
"PSAT1",0.0649925647144807,0.0275297365441587,5.57343884326628,0.0195202251513226,0.0964299122475337,"LOD_vs_CN",183,"study_7"
"PSMA1",-0.073299521573265,0.0927285816391875,0.624848952541946,0.437365875493949,0.663135413201894,"LOD_vs_CN",25,"study_7"
"PSMA6",0.0966804669546608,0.104837537465171,0.850440347377907,0.359124770558141,0.598675939220657,"LOD_vs_CN",85,"study_7"
"PSMB1",0.216770948378028,0.0766864000610867,7.99034356962691,0.00563449243085848,0.0430428751676921,"LOD_vs_CN",110,"study_7"
"PTPA",0.055428395131969,0.0376515623979135,2.16719806132034,0.14673027703306,0.351867751720057,"LOD_vs_CN",91,"study_7"
"PTPRJ",-0.0221074845719054,0.0326735192315945,0.457811641940944,0.500162869350431,0.723556484618038,"LOD_vs_CN",134,"study_7"
"PTPRK",0.0106704190959546,0.0290523512422444,0.134896407014507,0.713942672434102,0.861685982585384,"LOD_vs_CN",170,"study_7"
"PTPRM",-0.0592491878368242,0.114201580941264,0.26916622957146,0.60500579010373,0.778990947813839,"LOD_vs_CN",105,"study_7"
"PTPRR",0.0597541124730503,0.0201930812319621,8.7564972524164,0.00351007239114771,0.0311381466083273,"LOD_vs_CN",179,"study_7"
"PTPRT",-0.0820004837521129,0.0824300698996751,0.989604115362522,0.321931498786011,0.563285101771982,"LOD_vs_CN",120,"study_7"
"PVALB",0.0177056921062304,0.0256114364482946,0.477923010973515,0.490320702231561,0.717329990826429,"LOD_vs_CN",185,"study_7"
"PVR",-0.0507705177035511,0.0174683433826806,8.44733549325572,0.00414164700010523,0.0346775189500336,"LOD_vs_CN",182,"study_7"
"PZP",-0.0249998296609135,0.054525420778629,0.210220975779714,0.647820539764001,0.817913359602303,"LOD_vs_CN",113,"study_7"
"QPCT",0.0477546394491464,0.0198811990052767,5.76960386431496,0.0173061621377203,0.0906280292865776,"LOD_vs_CN",185,"study_7"
"QPCTL",0.0115193104062152,0.0461799348896366,0.0622223386026813,0.804102460213933,0.915972210635702,"LOD_vs_CN",51,"study_7"
"RAB4A",0.0547485798839986,0.048684471244938,1.26463384927822,0.2644913314886,0.495545073661322,"LOD_vs_CN",83,"study_7"
"RCN1",-0.0260182458559219,0.0383904398428992,0.459314177194983,0.499078693914165,0.723556484618038,"LOD_vs_CN",168,"study_7"
"RCN2",0.0926512157797426,0.0571076280197743,2.63217040077806,0.107286226534829,0.284410651116285,"LOD_vs_CN",125,"study_7"
"RDX",0.0241585601695533,0.0244276009660433,0.978093696910162,0.324138320775605,0.56542059901553,"LOD_vs_CN",184,"study_7"
"REG1A",-0.19013568355864,0.091876335107408,4.28272249425646,0.0437995593142706,0.164748596202409,"LOD_vs_CN",53,"study_7"
"RELL1",-0.147347878746515,0.0915462845432091,2.59063560604519,0.112198233556017,0.29075416257885,"LOD_vs_CN",88,"study_7"
"RFNG",-0.0604901306510368,0.041205282352399,2.15507930392079,0.145166819587482,0.350153177110199,"LOD_vs_CN",119,"study_7"
"RGMA",0.0582961823035157,0.0176434113355175,10.9172966335367,0.00115919623738571,0.0148091915507484,"LOD_vs_CN",185,"study_7"
"RGMB",0.0452655107648354,0.0197610388058981,5.24705127713539,0.0232512718263986,0.109045521666844,"LOD_vs_CN",185,"study_7"
"RIDA",0.0175603735401264,0.0294439618441349,0.355692745141989,0.552194109871263,0.761257368213221,"LOD_vs_CN",109,"study_7"
"RMDN3",0.0189467232618945,0.0428707976042414,0.19531927181354,0.659408666834249,0.824678180800301,"LOD_vs_CN",113,"study_7"
"RNASE3",-0.0101125224666694,0.104263132690645,0.00940713680238058,0.923670845254174,0.980573203915964,"LOD_vs_CN",23,"study_7"
"RNF13",-0.0131654223508519,0.0214571542690833,0.376465640312704,0.540346894444716,0.750363595891245,"LOD_vs_CN",171,"study_7"
"ROBO2",-0.0447876120098778,0.0336850375083753,1.76783506575002,0.185504613042678,0.402135236396544,"LOD_vs_CN",171,"study_7"
"ROBO4",-0.0717803444889578,0.0342522244910447,4.3917085705572,0.0374932776282518,0.149770990417976,"LOD_vs_CN",185,"study_7"
"RTBDN",0.0190542256042487,0.0520393453645819,0.13406609407663,0.715687677505066,0.861733465377235,"LOD_vs_CN",66,"study_7"
"RTN1",0.125688528030408,0.0618017350393881,4.13608966128862,0.045153835245906,0.16771424519908,"LOD_vs_CN",103,"study_7"
"RTN4RL1",0.000666601428603641,0.0379829006682984,0.000308003906366356,0.986018081814228,0.990697489660126,"LOD_vs_CN",176,"study_7"
"S100A13",0.014474033154801,0.0521255322038556,0.0771042153388199,0.781659612170365,0.905145663803234,"LOD_vs_CN",165,"study_7"
"S100A4",-0.0148106840094293,0.0542158922595897,0.074627176978321,0.785172378860987,0.907664169634931,"LOD_vs_CN",142,"study_7"
"S100A7",0.134956820611059,0.155960454840492,0.748791128806497,0.390330532139503,0.622015605644822,"LOD_vs_CN",72,"study_7"
"S100A8",0.0143293214291793,0.0649189394745247,0.0487201275214319,0.825640355907856,0.927671726653103,"LOD_vs_CN",141,"study_7"
"S100A9",0.12665979012441,0.109475371447926,1.33858105243874,0.250593542498664,0.482938400498076,"LOD_vs_CN",91,"study_7"
"S100B",-0.0274545883568633,0.040499519928841,0.459547198038554,0.498775863725772,0.723556484618038,"LOD_vs_CN",171,"study_7"
"SAA1",-0.114260504131535,0.0550272528398833,4.31158158328193,0.0395094139399197,0.154086714365687,"LOD_vs_CN",157,"study_7"
"SAA4",-0.0929927473617544,0.0312690381941282,8.84441497663903,0.00335172391907694,0.0305571745448634,"LOD_vs_CN",185,"study_7"
"SBSN",0.0536099807094512,0.102717052834036,0.272399434546673,0.604242450230844,0.7786846184714,"LOD_vs_CN",55,"study_7"
"SCGB1A1",-0.0269755701647183,0.0514523107786986,0.274872629703488,0.601494280754679,0.778527968627454,"LOD_vs_CN",86,"study_7"
"SCN1B",0.0565070440037534,0.0278126866167984,4.12780614709317,0.0447040765193091,0.166460908044262,"LOD_vs_CN",121,"study_7"
"SCN3B",0.0216333813689422,0.0250722246358936,0.744497206205182,0.389558894675943,0.622015605644822,"LOD_vs_CN",183,"study_7"
"SCN4B",-0.0192493805738341,0.0217885687837001,0.780505755741544,0.37845663839835,0.615667110983923,"LOD_vs_CN",177,"study_7"
"SCPEP1",-0.0208647367494512,0.0705738489145498,0.0874053894898136,0.769482377746572,0.897224928261542,"LOD_vs_CN",33,"study_7"
"SCUBE2",-0.00371246453806684,0.0322911602886951,0.013217743719057,0.908760721851187,0.974517648179059,"LOD_vs_CN",112,"study_7"
"SDC2",-0.0106268483268721,0.0196672194146732,0.291959787093051,0.589809907571758,0.771490099754056,"LOD_vs_CN",148,"study_7"
"SDCBP",-0.14264618745084,0.0644175570239549,4.90356386584563,0.0285679819099555,0.123433671109487,"LOD_vs_CN",158,"study_7"
"SECTM1",-0.0593969815193605,0.0229656304098443,6.68916652525141,0.0105479556437043,0.0630325413869752,"LOD_vs_CN",179,"study_7"
"SELENOF",0.056879058109871,0.0432022791518055,1.73337079331226,0.190003113448655,0.408592776515116,"LOD_vs_CN",173,"study_7"
"SELENOM",-0.0573150014708297,0.0253559250923619,5.1094916716623,0.025230218864969,0.116121690552435,"LOD_vs_CN",185,"study_7"
"SEMA3A",0.004854326400066,0.0660868661837195,0.00539544950585225,0.941740228288432,0.983558435886705,"LOD_vs_CN",59,"study_7"
"SEMA3B",-0.0431923911815506,0.0345546470542768,1.5624336104818,0.214567815936168,0.438033152289652,"LOD_vs_CN",107,"study_7"
"SEMA3C",-0.029497433740433,0.0224374853899938,1.72830386930139,0.191726982980828,0.408833652917392,"LOD_vs_CN",115,"study_7"
"SEMA3E",-0.0360359978183094,0.0675011982025573,0.285003464899457,0.59436622753532,0.774949249365463,"LOD_vs_CN",137,"study_7"
"SEMA4C",-0.0816939224033182,0.0333367677299721,6.00526972943565,0.0159342762293276,0.0855601354053025,"LOD_vs_CN",106,"study_7"
"SEMA4D",0.0197850408912172,0.0314962354325427,0.394599570437976,0.530973277931073,0.745184213380895,"LOD_vs_CN",137,"study_7"
"SEMA6B",-0.039237049910736,0.0362042673351783,1.17455448532491,0.280840799842947,0.515106516543624,"LOD_vs_CN",116,"study_7"
"SEMA6C",-0.0208119663227988,0.0348023091247492,0.357610373673693,0.552045092576825,0.761257368213221,"LOD_vs_CN",69,"study_7"
"SERPINA10",-0.104870616742251,0.0297713006441552,12.4082926355981,0.000558032657002644,0.00950579767445884,"LOD_vs_CN",183,"study_7"
"SERPINB1",0.00370885904793994,0.0269056002802809,0.0190018237524887,0.890530101201439,0.966153448009175,"LOD_vs_CN",174,"study_7"
"SERPINB6",0.0559325317841006,0.0171188038131618,10.675350097058,0.00132822255688472,0.0160034620268549,"LOD_vs_CN",175,"study_7"
"SERPINE1",0.00680674510958834,0.0299623700533369,0.0516091431844605,0.820700592011952,0.923521850692265,"LOD_vs_CN",125,"study_7"
"SERPINE2",0.0599196112568352,0.0312837736190952,3.66859445409723,0.0572800156899676,0.192770502776495,"LOD_vs_CN",181,"study_7"
"SF3A1",-0.021649430236828,0.0825063174463482,0.0688523131901237,0.793606637465881,0.911018618686627,"LOD_vs_CN",100,"study_7"
"SGCE",0.0510296622342139,0.0306244713333873,2.77656718715158,0.0982612678557222,0.27529662897109,"LOD_vs_CN",177,"study_7"
"SGSH",-0.108064517775964,0.0512081030014404,4.45337087138423,0.0401022185735147,0.155579811324473,"LOD_vs_CN",56,"study_7"
"SH3BGRL",0.0942151189808209,0.0274485942002651,11.781510876885,0.00075247832114428,0.0115229990812152,"LOD_vs_CN",183,"study_7"
"SH3BGRL3",0.0690312487130571,0.0252970678361496,7.44648104261902,0.00702525444135483,0.0483976030046397,"LOD_vs_CN",172,"study_7"
"SHBG",0.03928995359575,0.0592518769594672,0.439702370642638,0.508659462965507,0.729751523828539,"LOD_vs_CN",126,"study_7"
"SHH",-0.0267028392714632,0.0305941442611637,0.761795254526237,0.384388065312977,0.61852672398896,"LOD_vs_CN",146,"study_7"
"SHISA9",0.0796847346332052,0.052055377686389,2.34325233087958,0.130947407084023,0.326158079493316,"LOD_vs_CN",64,"study_7"
"SIGLEC14",-0.00916357679509439,0.035459419628651,0.0667831348515145,0.796532447179586,0.912257408593622,"LOD_vs_CN",120,"study_7"
"SIL1",-0.0859533785404842,0.0253500203112046,11.4965962809834,0.000894710823780668,0.0128734120470189,"LOD_vs_CN",184,"study_7"
"SIRPB1",0.020387192605348,0.0237966114604117,0.733980652727191,0.39308199499663,0.624381046714904,"LOD_vs_CN",148,"study_7"
"SKP1",0.04417119058611,0.0273827535018469,2.60209996479835,0.108605165910628,0.286392981992083,"LOD_vs_CN",172,"study_7"
"SLC1A2",0.0985709973469633,0.0678175334137069,2.11258563076146,0.150015290127686,0.354016974473297,"LOD_vs_CN",82,"study_7"
"SLC24A2",-0.0219667538809123,0.0899539000195171,0.0596337024177415,0.807683896889437,0.917935226372811,"LOD_vs_CN",102,"study_7"
"SLC38A10",0.0182802261925241,0.0197756955026828,0.854475466105806,0.356839000610602,0.596879682736921,"LOD_vs_CN",164,"study_7"
"SLC39A12",-0.0558093360962264,0.0571313175462696,0.954256733027758,0.331024413728255,0.57243661743906,"LOD_vs_CN",119,"study_7"
"SLC39A6",0.0107739379170546,0.0351929672485809,0.0937210545530831,0.759949872444695,0.892769380356355,"LOD_vs_CN",160,"study_7"
"SLC3A2",-0.0123304984329584,0.0141053794780943,0.76417304692854,0.383487975545792,0.618421305504748,"LOD_vs_CN",179,"study_7"
"NHERF1",-0.00685474376195971,0.0586534176467883,0.0136582734771262,0.907496699578089,0.974346473508784,"LOD_vs_CN",58,"study_7"
"SLITRK2",0.132106439264273,0.0666367763312028,3.93024854475058,0.0495652787921844,0.179160349195164,"LOD_vs_CN",132,"study_7"
"SLITRK3",-0.0163430675300114,0.0710264723615678,0.0529452081255465,0.818507485225062,0.923521850692265,"LOD_vs_CN",109,"study_7"
"SLITRK5",0.017338968663398,0.0264970125577884,0.428205952633911,0.513750243583018,0.730643036521077,"LOD_vs_CN",185,"study_7"
"SLITRK6",-0.212011793114247,0.0755001486648803,7.88541264058084,0.00920756175707673,0.0573344811932257,"LOD_vs_CN",30,"study_7"
"SMPD1",0.0589274715892314,0.0370072876217582,2.53548533713755,0.113453119631776,0.293433723026687,"LOD_vs_CN",150,"study_7"
"SMPDL3B",-0.00544790729749067,0.0307242379194066,0.0314410599648623,0.859469820744375,0.94631075359819,"LOD_vs_CN",180,"study_7"
"SNCA",0.124830317268897,0.0671726535476348,3.45346563814598,0.0665450330625983,0.212542540945626,"LOD_vs_CN",89,"study_7"
"SNCG",0.0143203964986789,0.0490268907316523,0.0853181407731973,0.770940232263674,0.898218100797771,"LOD_vs_CN",91,"study_7"
"SNED1",-0.0403364670248525,0.0185042212878359,4.75175550576689,0.0307003072315417,0.130366347613595,"LOD_vs_CN",170,"study_7"
"SORCS1",0.116098209962058,0.0379510433423713,9.35844317311683,0.00261613975080157,0.0257443043273925,"LOD_vs_CN",157,"study_7"
"SORL1",-0.0273004631804827,0.0211622218687487,1.66424593220871,0.198725356865795,0.417154361012902,"LOD_vs_CN",184,"study_7"
"SORT1",0.0124798913191455,0.0157341048723336,0.629125843314359,0.428727134136511,0.6553283902414,"LOD_vs_CN",183,"study_7"
"SPON2",-0.0348335193103013,0.0288566379266079,1.45714660362734,0.229122451192481,0.456397140681796,"LOD_vs_CN",182,"study_7"
"SPRN",0.0039633353831432,0.0248459166358372,0.0254455358848453,0.873487694011857,0.957476895359151,"LOD_vs_CN",147,"study_7"
"SRGN",-0.0265030478481698,0.0332649714429572,0.634771371114504,0.42716299769277,0.6553283902414,"LOD_vs_CN",128,"study_7"
"SRPX",0.00704407689888509,0.0631626094028857,0.0124373555530764,0.911385116987244,0.97456435266796,"LOD_vs_CN",126,"study_7"
"SSC5D",-0.0101916674025926,0.0212161506083463,0.230758286439139,0.631604149158385,0.804847247680762,"LOD_vs_CN",175,"study_7"
"SST",0.0515441348387755,0.0300624482021978,2.93974606723549,0.0881565471568918,0.257181108044318,"LOD_vs_CN",182,"study_7"
"ST13",-0.00635156838598849,0.0418165210863558,0.0230709861704426,0.879456122746231,0.960467187848131,"LOD_vs_CN",178,"study_7"
"ST3GAL6",0.0798348363292254,0.0631077154453552,1.60036837737401,0.210397107636975,0.434273695707516,"LOD_vs_CN",83,"study_7"
"ST6GALNAC1",0.00698688263352221,0.0457395803498628,0.0233336427599993,0.878829280528202,0.960467187848131,"LOD_vs_CN",142,"study_7"
"ST6GALNAC5",0.0011734052982737,0.0459040259888409,0.000653423178888159,0.979667972638665,0.989685027573621,"LOD_vs_CN",85,"study_7"
"ST8SIA3",-0.00307664189613455,0.0354023292558778,0.00755249116219566,0.930855880504802,0.982570096088403,"LOD_vs_CN",162,"study_7"
"ST8SIA5",-0.0102173878754677,0.0287792402055872,0.126043691171259,0.723376289257914,0.865249120807287,"LOD_vs_CN",106,"study_7"
"STAB1",-0.0550917283208232,0.0255388609189315,4.65339317198065,0.0330095409305139,0.137803210307103,"LOD_vs_CN",127,"study_7"
"STIP1",0.0981740025671192,0.0558827013554234,3.08630051942183,0.0877706414571481,0.256623825517897,"LOD_vs_CN",37,"study_7"
"STMN1",0.09032205896448,0.0220560216182185,16.7700091940252,6.54360906831481e-05,0.00210818013896577,"LOD_vs_CN",182,"study_7"
"STMN3",0.0956611372573475,0.0357695832573728,7.1522604118837,0.00942093834396289,0.0581742942739709,"LOD_vs_CN",86,"study_7"
"STX12",0.0820236737599518,0.112171581102639,0.534703160460628,0.469631872062548,0.698088700498191,"LOD_vs_CN",44,"study_7"
"SUMF2",-0.0477896153006432,0.0480351694148642,0.989802201796652,0.32429656488745,0.56542059901553,"LOD_vs_CN",79,"study_7"
"SYT1",-0.0524682643056611,0.0361778049828345,2.10333751765538,0.149555146782513,0.353493983304121,"LOD_vs_CN",127,"study_7"
"SYT11",0.022179121824796,0.028433142818184,0.60846970465039,0.436701539268422,0.663106230733404,"LOD_vs_CN",146,"study_7"
"SYT2",-0.08119120624864,0.0805025229775189,1.01718279180811,0.316217842143432,0.555913217148951,"LOD_vs_CN",131,"study_7"
"SYT7",0.0223368019956673,0.0475290349197507,0.220863523769274,0.640214790783085,0.812327328716209,"LOD_vs_CN",62,"study_7"
"TAGLN2",0.00170297592326119,0.0360333669764686,0.00223360990289601,0.962399495277633,0.983558435886705,"LOD_vs_CN",102,"study_7"
"TCN2",-0.0400906076330063,0.0275825012381829,2.11260344994681,0.147895086336131,0.352727060606879,"LOD_vs_CN",183,"study_7"
"TENM1",-0.164640768961328,0.0979066697081264,2.8278099288126,0.0969052640545416,0.273052074842098,"LOD_vs_CN",87,"study_7"
"TFRC",0.0461933665224263,0.0182825477425262,6.38389589570234,0.012445794576131,0.0714909595419617,"LOD_vs_CN",169,"study_7"
"TGFBR2",-0.0453518752447257,0.0204202755705693,4.93250235736891,0.0277467387831295,0.122517626652263,"LOD_vs_CN",183,"study_7"
"THBS1",0.029305812828067,0.0301692695763389,0.9435783153644,0.333118065820095,0.574715917980653,"LOD_vs_CN",179,"study_7"
"THBS2",-0.0151976383850627,0.0177162911922962,0.735879311628226,0.392252556974212,0.623961146404773,"LOD_vs_CN",178,"study_7"
"THBS4",-0.0163171726285007,0.0406695826124785,0.160972016975241,0.688753354780857,0.847148490602033,"LOD_vs_CN",177,"study_7"
"THSD4",-0.0371162713537743,0.0466300630323415,0.633573023274724,0.427748339319916,0.6553283902414,"LOD_vs_CN",116,"study_7"
"TIE1",0.00573719067429668,0.0288761114018889,0.0394749101681846,0.842787089083944,0.936289704664471,"LOD_vs_CN",171,"study_7"
"TKT",-0.0344470226554874,0.0376110329029367,0.838827887180682,0.362894488232885,0.602250427280107,"LOD_vs_CN",95,"study_7"
"TLL1",0.036745854302727,0.0223955747431138,2.69210672420501,0.102782715542364,0.28164168412316,"LOD_vs_CN",168,"study_7"
"TLN1",0.0146971565488929,0.0565685648888189,0.0675019498753254,0.79615858998662,0.912257408593622,"LOD_vs_CN",55,"study_7"
"TMED4",0.00431903091705976,0.0447201963985608,0.00932749922013181,0.923180130942681,0.980573203915964,"LOD_vs_CN",164,"study_7"
"TMED7",-0.00672251858273309,0.0250077542131169,0.0722627755233557,0.788405365667938,0.909131617097556,"LOD_vs_CN",175,"study_7"
"TMEM130",0.0184238291429506,0.0486169821770251,0.143609708453419,0.705230622681303,0.858088491636856,"LOD_vs_CN",167,"study_7"
"TMEM132B",0.00933330881659344,0.0262036792698999,0.126866430706982,0.722548486234384,0.864957073182033,"LOD_vs_CN",106,"study_7"
"TMEM132C",0.0128355302411105,0.0146542495003057,0.767185640633801,0.382582288351951,0.618197474666451,"LOD_vs_CN",182,"study_7"
"TMEM132D",-0.0233214020217964,0.0476759617955947,0.239282195510586,0.625329027862433,0.798223616961348,"LOD_vs_CN",181,"study_7"
"TMEM132E",-0.0396688251192705,0.0730700171226478,0.294727226951263,0.58817644291602,0.770713959683061,"LOD_vs_CN",151,"study_7"
"TMEM25",0.040476353608228,0.0226445078772364,3.19504507191877,0.0759722083523243,0.235053888889655,"LOD_vs_CN",183,"study_7"
"TMPRSS5",-0.294421452178173,0.10701825110605,7.56873329567405,0.00783120607817003,0.051631784675682,"LOD_vs_CN",63,"study_7"
"TNFSF12",-0.00225975873656648,0.0257014224145732,0.00773053995634634,0.930116500868615,0.982570096088403,"LOD_vs_CN",105,"study_7"
"TOLLIP",-0.00660038329689083,0.0704899906141059,0.0087676540984765,0.925636719158725,0.981209855842497,"LOD_vs_CN",81,"study_7"
"TOR1B",0.0327319702413176,0.0770499009205915,0.180467967072015,0.673086130319349,0.835438563763212,"LOD_vs_CN",47,"study_7"
"TPBG",0.0445425303259261,0.0327160280608299,1.85365379505879,0.175457646565313,0.387523445916236,"LOD_vs_CN",184,"study_7"
"TPM1",0.208290205995955,0.0807162158909953,6.65910882700723,0.014218382637673,0.0789200114944996,"LOD_vs_CN",37,"study_7"
"TPM4",-0.0294242462367551,0.0551019095908706,0.285152637481544,0.595068991752967,0.774949249365463,"LOD_vs_CN",73,"study_7"
"TPPP3",-0.0123739781696992,0.0548432034831443,0.0509064792231123,0.823360231463095,0.925811732191431,"LOD_vs_CN",28,"study_7"
"TPT1",-0.0367753093384038,0.046626589759859,0.622078746594176,0.431719398557718,0.657562331616174,"LOD_vs_CN",137,"study_7"
"TREM2",-0.0240718465703935,0.0241847823561789,0.990682397240104,0.320985028985345,0.562292923116171,"LOD_vs_CN",184,"study_7"
"TRH",0.0201643142055952,0.0561238160686915,0.12908403334986,0.720274019704884,0.864856270308325,"LOD_vs_CN",89,"study_7"
"TRHDE",0.0360101805305169,0.0502314660837889,0.513923988111159,0.474583669585302,0.702671675328786,"LOD_vs_CN",157,"study_7"
"TRIL",0.0426907575538804,0.0397394136186832,1.15405050121239,0.285820246469849,0.519311621341986,"LOD_vs_CN",85,"study_7"
"TTR",-0.0632459903350346,0.0295164687997648,4.59131612032355,0.0336211154101088,0.138811995855522,"LOD_vs_CN",185,"study_7"
"TUBA1C",0.00420525241003222,0.0505692101221971,0.00691531227803751,0.933864319750659,0.983331348249586,"LOD_vs_CN",155,"study_7"
"TXNDC12",-0.0355610461340019,0.062596536383972,0.322736771675736,0.572161866821044,0.765886944312553,"LOD_vs_CN",60,"study_7"
"TXNDC17",-0.00051586999487796,0.0178676324922553,0.000833578518366328,0.977002883316057,0.989335928146225,"LOD_vs_CN",185,"study_7"
"TXNRD1",0.104580802519384,0.0363530098478578,8.27605164417479,0.00707606291277174,0.0483976030046397,"LOD_vs_CN",43,"study_7"
"TYRO3",0.00734707546364266,0.0257229679027316,0.0815805914534744,0.775550857654588,0.901643627095621,"LOD_vs_CN",165,"study_7"
"UBE2L3",0.0253390825561759,0.0291486347614054,0.755692889801367,0.38607041514615,0.620164189813142,"LOD_vs_CN",155,"study_7"
"UBE2N",-0.0600605182517437,0.0489963200294362,1.50262712845985,0.223663743028595,0.449755315018152,"LOD_vs_CN",100,"study_7"
"UBE2V1",0.0949833131407685,0.0218814269689467,18.842709276073,2.67572732235875e-05,0.00123919621616739,"LOD_vs_CN",152,"study_7"
"UBQLN1",0.00416107335864613,0.072362759953367,0.00330659115185029,0.954377631414738,0.983558435886705,"LOD_vs_CN",55,"study_7"
"UCHL1",0.101097701645591,0.0453944315877267,4.95995116062388,0.0283808252692282,0.123433671109487,"LOD_vs_CN",100,"study_7"
"UNC5C",-0.00783706067593481,0.0231050441300477,0.115051639987879,0.735013994191967,0.873008358815266,"LOD_vs_CN",164,"study_7"
"UNC5D",0.00671506860121074,0.0319344067396038,0.0442163818991807,0.833769007002834,0.932562768587321,"LOD_vs_CN",143,"study_7"
"VAPA",0.0340300546015797,0.0176811180765487,3.70429736756619,0.0559400152459256,0.190218807635531,"LOD_vs_CN",178,"study_7"
"VASN",0.0568234530713534,0.0128361718823734,19.5967564592067,1.95476184992818e-05,0.00111421425445907,"LOD_vs_CN",185,"study_7"
"VCAM1",0.010578434564259,0.0155481341924773,0.462899005100104,0.497154909971147,0.723556484618038,"LOD_vs_CN",184,"study_7"
"VCL",0.104355698449122,0.101284755711097,1.0615590774831,0.305854198130368,0.54414876546123,"LOD_vs_CN",85,"study_7"
"VEGFC",0.148199064937771,0.0822010014178455,3.25039925791998,0.0945288497891883,0.268890125503987,"LOD_vs_CN",27,"study_7"
"VIM",0.0662522776849155,0.0411474410658743,2.59248327425099,0.109656809577443,0.288140765591791,"LOD_vs_CN",184,"study_7"
"VIP",-0.0250464198596001,0.0732404316777248,0.116947117618354,0.733022906448956,0.872393932468933,"LOD_vs_CN",128,"study_7"
"VIT",-0.0752176401395848,0.0509905513672503,2.17600551409146,0.148601990644022,0.352727060606879,"LOD_vs_CN",47,"study_7"
"VMO1",-0.116286082390194,0.0392693691111217,8.76895075371794,0.00546705801153399,0.042198854026528,"LOD_vs_CN",49,"study_7"
"VNN1",-0.0679223432714231,0.0409696032377753,2.74853837159744,0.101493696157727,0.280622495719686,"LOD_vs_CN",83,"study_7"
"VWA1",-0.0099597076270137,0.0410023642036718,0.0590031749273816,0.808524479412659,0.918186420298513,"LOD_vs_CN",129,"study_7"
"VWA7",-0.142311127470165,0.0465833261561688,9.33290250260885,0.00306398329646957,0.0291078413164609,"LOD_vs_CN",87,"study_7"
"VWC2",0.0417941365336043,0.0251323896003083,2.76543304013469,0.0983431418372712,0.27529662897109,"LOD_vs_CN",170,"study_7"
"VWF",-0.00694673818649783,0.0186946824362243,0.138078378349902,0.710747218164838,0.859859083526767,"LOD_vs_CN",182,"study_7"
"WBP2",0.0767802717232655,0.0197649806115239,15.0905998805669,0.000156603373329184,0.00414439641560448,"LOD_vs_CN",144,"study_7"
"WDR1",-0.00365765628686887,0.0300196639687488,0.0148454761264774,0.903279865420084,0.973571462220047,"LOD_vs_CN",98,"study_7"
"WIF1",-0.0871212610856644,0.141242059687113,0.380469828147364,0.555798616096116,0.762679212087448,"LOD_vs_CN",27,"study_7"
"WSCD1",0.000313001772441091,0.0177470702699146,0.000311057198223509,0.985949892175669,0.990697489660126,"LOD_vs_CN",182,"study_7"
"XXYLT1",0.013086732680275,0.0275182044484522,0.226163375102527,0.635030411728765,0.807824094576849,"LOD_vs_CN",182,"study_7"
"XYLT1",-0.00934539582035754,0.0281681013668547,0.110072860065948,0.740531934743648,0.876572146397833,"LOD_vs_CN",161,"study_7"
"YWHAB",0.0473326560503349,0.0213454732975617,4.91711281850667,0.0278599461415741,0.122517626652263,"LOD_vs_CN",185,"study_7"
"YWHAE",0.156747973801113,0.0444440528625169,12.4387448754251,0.000570113446110935,0.00960122871745916,"LOD_vs_CN",160,"study_7"
"YWHAG",0.214837859263499,0.0293032056828371,53.7515961993532,8.2994272526875e-12,2.04995853141381e-09,"LOD_vs_CN",177,"study_7"
"YWHAQ",-0.0752745747593404,0.166033678837572,0.205543733150303,0.677182053894666,0.839116892869477,"LOD_vs_CN",27,"study_7"
"ACTA2",0.0152561145884516,0.0260505333026781,0.342968826118001,0.558979491233903,0.765474683879642,"LOD_vs_CN",182,"study_7"
"ARF3",0.0479509085652734,0.0503581937415826,0.906678656332736,0.342929976640946,0.585509476246408,"LOD_vs_CN",123,"study_7"
"BTN2A2",0.0204254107951698,0.0350463082154392,0.339669887594095,0.561368995264833,0.765651797606553,"LOD_vs_CN",110,"study_7"
"DSG1",0.0954272386704202,0.101992336154666,0.87540623417468,0.357258662762212,0.596907934851858,"LOD_vs_CN",31,"study_7"
"EEF1A1",0.0815016319805126,0.0481019605724667,2.87082721207949,0.0923904511348664,0.265353970119907,"LOD_vs_CN",153,"study_7"
"FLG2",0.191953572483202,0.10525829567577,3.3256744284057,0.0802116709283602,0.242105287812281,"LOD_vs_CN",28,"study_7"
"IGKV1-17",-0.0297671248558551,0.0413319439827291,0.518683119236361,0.472464198918678,0.700892835633114,"LOD_vs_CN",184,"study_7"
"IGLV2-14",-0.139286652421545,0.0621983097758975,5.01489489865812,0.0273379182226729,0.121666050468472,"LOD_vs_CN",110,"study_7"
"KRT6A",0.114860658297695,0.0918003397798694,1.56550343442029,0.213298039913471,0.43705003666899,"LOD_vs_CN",133,"study_7"
"LAMB4",-0.0451790711388496,0.0262810745987207,2.95521006739052,0.0877923613613859,0.256623825517897,"LOD_vs_CN",177,"study_7"
"SELENOW",0.0355004432873245,0.10282137673215,0.119206715744799,0.732088241402084,0.872150139676759,"LOD_vs_CN",35,"study_7"
"SYNJ2BP-COX16",-0.00707176957191002,0.0389865181412468,0.0329023790569048,0.856386855679728,0.944319434611128,"LOD_vs_CN",156,"study_7"
"KRT77",0.1646587131517,0.100412965004232,2.68899411423104,0.103327309794614,0.28164168412316,"LOD_vs_CN",154,"study_7"
"PSMB3",-0.0882565435279066,0.0752372186203489,1.37603146659803,0.264345826839183,0.495545073661322,"LOD_vs_CN",22,"study_7"
"UBC",0.0658970022511509,0.0305089375006132,4.66527394121992,0.0324681288506231,0.136310954551341,"LOD_vs_CN",185,"study_7"
"IGKV2D-24",-0.121031257771994,0.0343752968813637,12.3965882901587,0.000546736375198295,0.00942166637260318,"LOD_vs_CN",185,"study_7"
"APOC4-APOC2",-0.0612905475874008,0.0387681788005983,2.49940252019921,0.115878039579173,0.297112897329299,"LOD_vs_CN",183,"study_7"
"PEDS1-UBE2V1",0.0949833131407685,0.0218814269689467,18.842709276073,2.67572732235875e-05,0.00123919621616739,"LOD_vs_CN",152,"study_7"
"PIP",-0.0218213979134685,0.0827447633596831,0.0695479128027149,0.792924916035368,0.911018618686627,"LOD_vs_CN",62,"study_7"
"NPW",-0.0482242556515171,0.0581739588205125,0.687185247708001,0.413910943488277,0.64502210120886,"LOD_vs_CN",34,"study_7"
"IGKV1D-12",-0.023863091356767,0.0419861141945633,0.323029393863174,0.570629906150983,0.765886944312553,"LOD_vs_CN",185,"study_7"
"LAIR2",0.00568837155693913,0.0267160131682703,0.0453348950494081,0.831660578690813,0.930907082794399,"LOD_vs_CN",179,"study_7"
"KRT86",-0.0864829602165873,0.0425588867888803,4.12933934300626,0.0437974178462936,0.164748596202409,"LOD_vs_CN",185,"study_7"
"IGHV3-35",-0.157426905881012,0.0428330837743198,13.508254500331,0.000331953295506909,0.00692894061889069,"LOD_vs_CN",159,"study_7"
"CPLX1",0.184680908757964,0.0573336683012451,10.3758705964084,0.00250408227826374,0.0253735993660924,"LOD_vs_CN",43,"study_7"
"GRIN2A",0.132408515733306,0.0500163879098353,7.00821126524581,0.00926311177455298,0.0574390445601988,"LOD_vs_CN",116,"study_7"
"ZNF511-PRAP1",-0.0545920472984562,0.0228011001630936,5.73254084798441,0.0177191147440652,0.0911674678568151,"LOD_vs_CN",181,"study_7"
"IGKV2D-28",-0.0588574097089376,0.0405224718750329,2.10965010274805,0.148361613768737,0.352727060606879,"LOD_vs_CN",185,"study_7"
"TICAM2",-0.00672251858273309,0.0250077542131169,0.0722627755233557,0.788405365667938,0.909131617097556,"LOD_vs_CN",175,"study_7"
"TUBB4B",-0.0502280644245152,0.0672324591263743,0.558129390025306,0.457144532677615,0.681577663408677,"LOD_vs_CN",112,"study_7"
"H2BC15",0.00380215511838333,0.0847598819076299,0.00201223628551628,0.96431201575127,0.983558435886705,"LOD_vs_CN",107,"study_7"
"GKN1",-0.0207982049748452,0.025542946983217,0.662994161882629,0.416800630595404,0.64612817420752,"LOD_vs_CN",158,"study_7"
"MAP1LC3B2",0.010902031032328,0.0477534351284262,0.0521201422126935,0.819782147882454,0.923521850692265,"LOD_vs_CN",167,"study_7"
"CALM2",0.0747627066451839,0.0483221417646925,2.39374388239967,0.124518831660073,0.313372539348749,"LOD_vs_CN",128,"study_7"
"IGKV1-33",-0.0950604707017533,0.03463162111031,7.53449723837161,0.0066810542558361,0.0476025115728322,"LOD_vs_CN",185,"study_7"
"IGLV3-10",-0.0673233809824501,0.0411374992562598,2.67828051265571,0.103977815363124,0.28164168412316,"LOD_vs_CN",177,"study_7"
"ITPR2",-0.0337530898658001,0.0581010870941414,0.33748817057354,0.562097945881194,0.765651797606553,"LOD_vs_CN",184,"study_7"
"CLCNKB",0.0733700502965613,0.0386888712641652,3.5963795094479,0.059898617811066,0.198519301018077,"LOD_vs_CN",185,"study_7"
"IGHV3-30-5",-0.0857440928086843,0.0255131349173401,11.2948578157852,0.000963829858764627,0.0132258875063813,"LOD_vs_CN",185,"study_7"
"CALM3",0.0747627066451839,0.0483221417646925,2.39374388239967,0.124518831660073,0.313372539348749,"LOD_vs_CN",128,"study_7"
"NOMO2",0.019564521892832,0.0488880183561679,0.160152458930179,0.689951570955907,0.847148490602033,"LOD_vs_CN",113,"study_7"
"H2BC18",0.00380215511838333,0.0847598819076299,0.00201223628551628,0.96431201575127,0.983558435886705,"LOD_vs_CN",107,"study_7"
"H2BC21",0.00380215511838333,0.0847598819076299,0.00201223628551628,0.96431201575127,0.983558435886705,"LOD_vs_CN",107,"study_7"
"CST4",-0.0241673633228796,0.0482622161690095,0.250751778030247,0.617429769171936,0.790865097591019,"LOD_vs_CN",128,"study_7"
"IGKV1-13",0.00322944121531243,0.0813554585132082,0.00157572843811199,0.968391416132073,0.984332015574576,"LOD_vs_CN",166,"study_7"
"RRBP1",-0.0708559030511076,0.0515373905700908,1.89019767029317,0.171351482892318,0.384761966130931,"LOD_vs_CN",174,"study_7"
"IGHV3-38",-0.0600270438348343,0.027269790828819,4.84540740538432,0.0291452301460502,0.125234579301856,"LOD_vs_CN",184,"study_7"
"PLCH1",-0.0203854464410362,0.0371373816497964,0.30131301580826,0.583801149226254,0.768858325256529,"LOD_vs_CN",182,"study_7"
"PMFBP1",0.0301002594753514,0.0310902491419441,0.937329043938663,0.334507580863402,0.575726972588401,"LOD_vs_CN",179,"study_7"
"THAP4",0.0252725826562283,0.0603333079725574,0.175462767913157,0.675908414776313,0.838239557069871,"LOD_vs_CN",180,"study_7"
"IGKV3-7",-0.138356731363526,0.0972658098087489,2.02339267222383,0.159870989701565,0.369047985572772,"LOD_vs_CN",85,"study_7"
"IGLV1-50",0.0226830147106769,0.0381652758286117,0.353235820826374,0.553157744688833,0.761662567506258,"LOD_vs_CN",163,"study_7"
"IGKV1D-37",-0.0241094192728175,0.0641284625138579,0.141342198940413,0.707558417522436,0.858758662844514,"LOD_vs_CN",182,"study_7"
"IGHV1OR15-1",-0.0498917129403811,0.0648187549177921,0.592455125023454,0.442667425775452,0.668282378101992,"LOD_vs_CN",184,"study_7"
"CYP2B6",-0.100489500676716,0.0295988346737132,11.526359230268,0.000866826659507229,0.012594481464605,"LOD_vs_CN",185,"study_7"
"IGKV1D-8",-0.0722916291108042,0.0605045856655459,1.4275766672738,0.234456167370354,0.460217271579953,"LOD_vs_CN",137,"study_7"
"FUBP1",-0.0904574597154406,0.0306164948182504,8.72926822623485,0.00355263242227149,0.0311381466083273,"LOD_vs_CN",185,"study_7"
"KHSRP",-0.0904574597154406,0.0306164948182504,8.72926822623485,0.00355263242227149,0.0311381466083273,"LOD_vs_CN",185,"study_7"
"IGKV2D-40",-0.148827909560007,0.0756812622914958,3.86715900513559,0.0519677332771244,0.18164193565259,"LOD_vs_CN",136,"study_7"
"FXYD6-FXYD2",-0.0163135017381775,0.0193756748021361,0.708893041988816,0.401010614614973,0.63223162857382,"LOD_vs_CN",184,"study_7"
"KRT83",-0.0864829602165873,0.0425588867888803,4.12933934300626,0.0437974178462936,0.164748596202409,"LOD_vs_CN",185,"study_7"
"KRT81",-0.0864829602165873,0.0425588867888803,4.12933934300626,0.0437974178462936,0.164748596202409,"LOD_vs_CN",185,"study_7"
"NOMO1",0.019564521892832,0.0488880183561679,0.160152458930179,0.689951570955907,0.847148490602033,"LOD_vs_CN",113,"study_7"
"HTR1F",-0.0570092094513734,0.019156303956061,8.85659118679123,0.00336087682241076,0.0305571745448634,"LOD_vs_CN",185,"study_7"
"IGKV3D-11",-0.116783226349207,0.0319543333358419,13.3567690265598,0.000356729659028496,0.00724210074904426,"LOD_vs_CN",185,"study_7"
"PLSCR3",-0.0186310651628028,0.0451733712492516,0.170102369778704,0.681002331147008,0.843145743324867,"LOD_vs_CN",99,"study_7"
"IGKJ4",-0.126426260148262,0.0462282633030795,7.47927369185831,0.00696878823282461,0.0483976030046397,"LOD_vs_CN",184,"study_7"
"NLGN4Y",0.053951174840039,0.0247265243766121,4.76075313867327,0.0305424823934201,0.130068847434048,"LOD_vs_CN",177,"study_7"
"PIGK",0.0713615751089298,0.028179615099,6.41296309894723,0.0123928719863728,0.0714639544116904,"LOD_vs_CN",161,"study_7"
"TMED7-TICAM2",-0.00672251858273309,0.0250077542131169,0.0722627755233557,0.788405365667938,0.909131617097556,"LOD_vs_CN",175,"study_7"
"ARPC4-TTLL3",-0.0559654293252452,0.0203505097701301,7.56291282161347,0.00663465127877687,0.0476025115728322,"LOD_vs_CN",185,"study_7"
"SRSF7",0.0456269630516788,0.0355786137884514,1.64461815295083,0.202277428903841,0.422814033336378,"LOD_vs_CN",117,"study_7"
"IGHV3OR16-9",-0.0514663291679769,0.0384640473251241,1.79034375621871,0.18273435971416,0.399756380190121,"LOD_vs_CN",185,"study_7"
"LAMTOR5",0.0276005359523683,0.0393701205353032,0.491475125069676,0.487413957442274,0.714349379034067,"LOD_vs_CN",52,"study_7"
"IGHV3-16",-0.489018032388047,0.21248813591633,5.29639509318979,0.0332383657750419,0.138368702468012,"LOD_vs_CN",22,"study_7"
"DNM3",0.0881503638760393,0.0518867138868926,2.88626288992535,0.0963300250117583,0.272965768771369,"LOD_vs_CN",47,"study_7"
"DNM1L",0.0881503638760393,0.0518867138868926,2.88626288992535,0.0963300250117583,0.272965768771369,"LOD_vs_CN",47,"study_7"
"CCHCR1",-0.00554181504560436,0.0254339476146882,0.0474762611297653,0.827782371237188,0.928345421527585,"LOD_vs_CN",172,"study_7"
"GBA3",-0.0209997750804338,0.0227008482238962,0.855746470065491,0.356669016202251,0.596879682736921,"LOD_vs_CN",133,"study_7"
"C2CD4A",0.0281982544566741,0.0308162668099206,0.837306377695507,0.361510884997815,0.601300933296028,"LOD_vs_CN",182,"study_7"
"H2AJ",-0.0421059833750697,0.0751605485573196,0.313839603938869,0.576661984215188,0.765886944312553,"LOD_vs_CN",101,"study_7"
"H2AC14",-0.0421059833750697,0.0751605485573196,0.313839603938869,0.576661984215188,0.765886944312553,"LOD_vs_CN",101,"study_7"
"H2AC12",-0.0421059833750697,0.0751605485573196,0.313839603938869,0.576661984215188,0.765886944312553,"LOD_vs_CN",101,"study_7"
"H2AC6",-0.0421059833750697,0.0751605485573196,0.313839603938869,0.576661984215188,0.765886944312553,"LOD_vs_CN",101,"study_7"
"H2AC7",-0.0421059833750697,0.0751605485573196,0.313839603938869,0.576661984215188,0.765886944312553,"LOD_vs_CN",101,"study_7"
"H2AC11",-0.0421059833750697,0.0751605485573196,0.313839603938869,0.576661984215188,0.765886944312553,"LOD_vs_CN",101,"study_7"
"H2A",-0.0421059833750697,0.0751605485573196,0.313839603938869,0.576661984215188,0.765886944312553,"LOD_vs_CN",101,"study_7"
"H2AC25",-0.0421059833750697,0.0751605485573196,0.313839603938869,0.576661984215188,0.765886944312553,"LOD_vs_CN",101,"study_7"
"HLA-DQA1",0.011220367310163,0.0517848442626418,0.0469471031486462,0.828745609096488,0.928345421527585,"LOD_vs_CN",176,"study_7"
"SELENOS",0.000733031655743233,0.0349524479295298,0.00043983548565434,0.983292221543581,0.99064518852997,"LOD_vs_CN",179,"study_7"
"TRBV7-2",-0.0354522511233384,0.0225184389826112,2.47862640252421,0.117379640298647,0.299408996424431,"LOD_vs_CN",185,"study_7"
"TYMP",-0.211735287003918,0.143164383352711,2.18734108234177,0.145542751079543,0.350153177110199,"LOD_vs_CN",89,"study_7"
"SCO2",-0.211735287003918,0.143164383352711,2.18734108234177,0.145542751079543,0.350153177110199,"LOD_vs_CN",89,"study_7"
"SGSM3",-0.0201892538263282,0.0370029790129015,0.297691995710838,0.586044462889138,0.76974880096877,"LOD_vs_CN",184,"study_7"
"FHAD1",-0.175569302612219,0.102105656942933,2.95663395588555,0.0907404208555763,0.261628995540786,"LOD_vs_CN",63,"study_7"
"TNRC18",-0.00059611464104492,0.0232487770565208,0.000657444885871427,0.979576993293881,0.989685027573621,"LOD_vs_CN",161,"study_7"
"C1QTNF3-AMACR",0.00168034444522736,0.033027116265441,0.00258854261258523,0.959497239445607,0.983558435886705,"LOD_vs_CN",166,"study_7"
"ADM2",0.0327256592178138,0.0220590324443662,2.20091813227142,0.139800329666844,0.339646046829939,"LOD_vs_CN",184,"study_7"
"SYNE3",-0.0659071816480079,0.0441908614093801,2.22433679728117,0.137761005534069,0.337457537523124,"LOD_vs_CN",183,"study_7"
"STK4",-0.0409647311371746,0.0457383888126944,0.802155366988939,0.371769198149735,0.607455293999897,"LOD_vs_CN",184,"study_7"
"PRP4K",0.0389312789226395,0.0358529994124388,1.17908836462969,0.279335589951504,0.514466713923147,"LOD_vs_CN",155,"study_7"
"CYP51A1",-0.0904463970579501,0.0590543413694903,2.34573464600338,0.136845726956116,0.335770475743319,"LOD_vs_CN",31,"study_7"
"KIF5A",-0.107163102490663,0.11564578840713,0.858679143383657,0.355952182255528,0.596879682736921,"LOD_vs_CN",132,"study_7"
"DDIT4L",0.0642245215765662,0.035990407018393,3.18440457560085,0.0766902012483752,0.235798502593552,"LOD_vs_CN",132,"study_7"
"GTF3C3",-0.0978680320521441,0.0858041493162195,1.30096355700963,0.256600222926731,0.488342645326927,"LOD_vs_CN",121,"study_7"
"H2BC12L",0.00380215511838333,0.0847598819076299,0.00201223628551628,0.96431201575127,0.983558435886705,"LOD_vs_CN",107,"study_7"
"H2BC3",0.00380215511838333,0.0847598819076299,0.00201223628551628,0.96431201575127,0.983558435886705,"LOD_vs_CN",107,"study_7"
"H2BC17",0.00380215511838333,0.0847598819076299,0.00201223628551628,0.96431201575127,0.983558435886705,"LOD_vs_CN",107,"study_7"
"H2BC11",0.00380215511838333,0.0847598819076299,0.00201223628551628,0.96431201575127,0.983558435886705,"LOD_vs_CN",107,"study_7"
"H2BC5",0.00380215511838333,0.0847598819076299,0.00201223628551628,0.96431201575127,0.983558435886705,"LOD_vs_CN",107,"study_7"
"H2BC4",0.00380215511838333,0.0847598819076299,0.00201223628551628,0.96431201575127,0.983558435886705,"LOD_vs_CN",107,"study_7"
"H2BC13",0.00380215511838333,0.0847598819076299,0.00201223628551628,0.96431201575127,0.983558435886705,"LOD_vs_CN",107,"study_7"
"H2BC14",0.00380215511838333,0.0847598819076299,0.00201223628551628,0.96431201575127,0.983558435886705,"LOD_vs_CN",107,"study_7"
"H2BC1",0.00380215511838333,0.0847598819076299,0.00201223628551628,0.96431201575127,0.983558435886705,"LOD_vs_CN",107,"study_7"
"H2BC9",0.00380215511838333,0.0847598819076299,0.00201223628551628,0.96431201575127,0.983558435886705,"LOD_vs_CN",107,"study_7"
"H2BC26",0.00380215511838333,0.0847598819076299,0.00201223628551628,0.96431201575127,0.983558435886705,"LOD_vs_CN",107,"study_7"
"FZD2",-0.0432887267049606,0.0342638675989338,1.59616159424934,0.208973612072276,0.432540353479209,"LOD_vs_CN",153,"study_7"
"ERN1",-0.123445170416481,0.0772954417223777,2.55058875315597,0.112220904854995,0.29075416257885,"LOD_vs_CN",178,"study_7"
"AKR1B15",0.00923907298801385,0.0303882625576481,0.0924368326267046,0.761695750264478,0.893064162889206,"LOD_vs_CN",109,"study_7"
"SLC35F2",-0.0634505189126315,0.0216330077642481,8.60273498159792,0.00393158298492913,0.0332948913352284,"LOD_vs_CN",185,"study_7"
"CBX5",-0.124226782465874,0.0574641503811979,4.67343809075509,0.0320198777375728,0.135195039336419,"LOD_vs_CN",184,"study_7"
"FRA10AC1",-0.0246708544449339,0.0197509136817563,1.56024931305357,0.213511623851787,0.43705003666899,"LOD_vs_CN",184,"study_7"
"MVB12A",-0.0875568185187534,0.0322608395669316,7.3659474178636,0.00734885871624453,0.0497306329565041,"LOD_vs_CN",185,"study_7"
"AGXT",0.0179604440145544,0.0157880176445637,1.2941330599314,0.256863917168588,0.488342645326927,"LOD_vs_CN",185,"study_7"
"AP1M2",-0.0245766005021766,0.01162088680602,4.47265168505989,0.035996826691124,0.146156978510262,"LOD_vs_CN",185,"study_7"
"CASZ1",-0.0241673633228796,0.0482622161690095,0.250751778030247,0.617429769171936,0.790865097591019,"LOD_vs_CN",128,"study_7"
"IGKV1D-39",-0.0508466852918268,0.0407770397519726,1.55486935352938,0.214878611143439,0.438033152289652,"LOD_vs_CN",140,"study_7"
"IGKV1D-16",0.00333677414166278,0.0689761304683207,0.00234021613111224,0.96160974956167,0.983558435886705,"LOD_vs_CN",82,"study_7"
"ANGPT4",-0.0642535609278401,0.0194636816609968,10.897940106597,0.00117450117334282,0.0148091915507484,"LOD_vs_CN",185,"study_7"
"KRIT1",0.107558933918223,0.082001985203067,1.72045867391897,0.191662437741072,0.408833652917392,"LOD_vs_CN",167,"study_7"
"APPBP2",0.0431896047024329,0.0182837723266925,5.57990556340874,0.0192868233423599,0.0959163496422061,"LOD_vs_CN",185,"study_7"
"CCKAR",0.0739315057486598,0.0302397933735073,5.97725060006781,0.0154387070662913,0.0838101240741525,"LOD_vs_CN",185,"study_7"
"C2CD3",-0.0279680622009959,0.0203143260917117,1.89548309047358,0.170489206585909,0.383989368024799,"LOD_vs_CN",185,"study_7"
"CTDSPL2",0.0282254647654465,0.0198332633950956,2.02532090079874,0.156751063967156,0.364686148821546,"LOD_vs_CN",160,"study_7"
"CR1",-0.0347904916499493,0.0196349775864272,3.1394987359929,0.0783530939287923,0.239421206603031,"LOD_vs_CN",185,"study_7"
"SGPP1",0.0724716683499329,0.0242764815978553,8.91179175217965,0.00326630478117749,0.0304444256962581,"LOD_vs_CN",185,"study_7"
"RANBP3",-0.0826134985369311,0.0670995755089942,1.51587183185086,0.223385576959935,0.449755315018152,"LOD_vs_CN",72,"study_7"
"RNASEH1",-0.0785214041057918,0.0349288352251309,5.05368195793193,0.0268142340506622,0.11976391474607,"LOD_vs_CN",102,"study_7"
"CYP11B1",-0.0452379717903675,0.0340291932635518,1.7672701587174,0.185600878336867,0.402135236396544,"LOD_vs_CN",184,"study_7"
"CLDN4",-0.016828573387202,0.0154221657766756,1.19070415101588,0.277064249756141,0.511981568751372,"LOD_vs_CN",185,"study_7"
"AMDHD2",-0.0350774438584498,0.0773230635313787,0.205796399173226,0.65102604424418,0.818338081060115,"LOD_vs_CN",108,"study_7"
"GOLT1A",0.103355241027559,0.0219802859305699,22.1104882511721,6.51906978907565e-06,0.000483063071370506,"LOD_vs_CN",185,"study_7"
"MIIP",-0.00140516481939645,0.0180463202215639,0.00606285549468469,0.938025966445411,0.983558435886705,"LOD_vs_CN",180,"study_7"
"TACC1",0.0330477068019954,0.0392054171493836,0.710543219692485,0.400717474596128,0.63223162857382,"LOD_vs_CN",181,"study_7"
"CHRNE",-0.00123595090681761,0.0414108263200225,0.000890788594581052,0.976254440849631,0.989335928146225,"LOD_vs_CN",133,"study_7"
"TPP2",-0.0169572920713232,0.038857936535928,0.190437964873341,0.66312685066315,0.827930912116924,"LOD_vs_CN",184,"study_7"
"KRT82",0.0434370126853247,0.0760589621062622,0.326151296901253,0.568937715485774,0.765886944312553,"LOD_vs_CN",149,"study_7"
"PITRM1",0.204955344508552,0.100838352974959,4.13111236805919,0.0459274831164667,0.169736982490284,"LOD_vs_CN",73,"study_7"
"ACTG1",0.0539389918341868,0.0275067001992248,3.84528613208522,0.0516006556941192,0.18164193565259,"LOD_vs_CN",185,"study_7"
"MINAR2",0.0333838627587193,0.0218096736569658,2.34301375545064,0.12794465557054,0.320835836811406,"LOD_vs_CN",185,"study_7"
"GRIN2C",0.0548773563180065,0.0658752902281801,0.693970931522562,0.409924937322929,0.642186846842052,"LOD_vs_CN",43,"study_7"
"MAP7D2",-0.0772937961027464,0.0259945492855863,8.8414743425671,0.00334591498572651,0.0305571745448634,"LOD_vs_CN",183,"study_7"
"EIF3A",-0.0772937961027464,0.0259945492855863,8.8414743425671,0.00334591498572651,0.0305571745448634,"LOD_vs_CN",183,"study_7"
"ADIPOR2",-0.0920900802603635,0.0321648333761462,8.19715393905867,0.00482889177979718,0.0391686838391037,"LOD_vs_CN",185,"study_7"
"MIA-RAB4B",-0.0842690305944647,0.0348819010604977,5.83627441966181,0.0167513377517492,0.0883469129825347,"LOD_vs_CN",183,"study_7"
"ALKBH6",-0.0274348049609907,0.0440753327765995,0.387447224512254,0.534508847878943,0.747303879770371,"LOD_vs_CN",171,"study_7"
"ACTBL2",0.0549464976853438,0.0203830196694827,7.26679625819581,0.00768341468000823,0.0514896297027724,"LOD_vs_CN",184,"study_7"
"CFAP91",0.0428417855004488,0.0221129835051226,3.75353475085078,0.0544830481839747,0.186931205202676,"LOD_vs_CN",180,"study_7"
"FANCM",-0.0133355028561812,0.0200217884141832,0.44362198261106,0.506504092283618,0.727700198137529,"LOD_vs_CN",165,"study_7"
"IL31RA",-0.0263899458478143,0.0307722669828918,0.735458234001489,0.392396618386807,0.623961146404773,"LOD_vs_CN",184,"study_7"
"LMLN",0.00259015166241383,0.0296065740156966,0.00765374658190064,0.930575372616332,0.982570096088403,"LOD_vs_CN",64,"study_7"
"MAP1LC3A",0.016646834048224,0.0430994227536082,0.149183362998961,0.70031605173447,0.853510188051385,"LOD_vs_CN",95,"study_7"
"MICOS10",-0.011089374950882,0.0295393293780682,0.14093305722046,0.70804896433696,0.858758662844514,"LOD_vs_CN",135,"study_7"
"SIRPG",0.0825951784635546,0.0486586977860263,2.88129965773399,0.096533546008357,0.273020448825163,"LOD_vs_CN",53,"study_7"
"TACC3",0.0911426356026119,0.0349680868453544,6.79359138852396,0.0100817305064342,0.0612341172562931,"LOD_vs_CN",179,"study_7"
"SEC23IP",0.0341220295090707,0.0277666663934454,1.5101574295863,0.221331133385802,0.446883841522832,"LOD_vs_CN",185,"study_7"
