"Protein","Log2FC","SE","F_value","P_value","FDR","Comparison","N","Study"
"UBA52",0.134897846179882,0.0399504102800923,11.4016457620691,0.000989209372376807,0.00193598880326661,"EODSD_vs_CN",144,"study_4"
"MT3",-0.0488511666832157,0.0517894558791458,0.889748335071869,0.347329175145266,0.403584161715293,"EODSD_vs_CN",144,"study_4"
"NFASC",-0.218001774089387,0.0319126610053121,46.6652952508982,3.27731874400769e-10,1.61972375259402e-09,"EODSD_vs_CN",144,"study_4"
"ALDOA",0.500813021115764,0.0506804755893232,97.6494632870541,7.16155581256224e-17,1.20661364599533e-15,"EODSD_vs_CN",144,"study_4"
"LSAMP",-0.170650830722877,0.0328985295053652,26.9069109134517,8.73425220968766e-07,2.70542853960242e-06,"EODSD_vs_CN",144,"study_4"
"PARK7",0.0803950846036194,0.0325173264071231,6.11264722314263,0.014931399612822,0.0240285330961766,"EODSD_vs_CN",144,"study_4"
"YWHAZ",0.967591814203542,0.047177323724229,420.646974887661,1.02425674820883e-40,1.13897350400822e-37,"EODSD_vs_CN",144,"study_4"
"CXCL16",0.137935451930374,0.0448433789780281,9.46139437179564,0.00257106491607159,0.00470234241228883,"EODSD_vs_CN",130,"study_4"
"SELENBP1",-0.0164969762785674,0.0417263571355165,0.156310358128743,0.693175051412869,0.740452120241221,"EODSD_vs_CN",144,"study_4"
"PROCR",0.0719986327772872,0.0639211036163041,1.26870300848076,0.263563687733848,0.318568283434824,"EODSD_vs_CN",97,"study_4"
"NCAN",-0.205823762446618,0.0514920006530466,15.9775981266566,0.000105656716250684,0.000241253118009775,"EODSD_vs_CN",144,"study_4"
"NICOL1",-0.380169762400461,0.0617076465792019,37.9557148937956,9.99965412867945e-09,4.16464995921032e-08,"EODSD_vs_CN",144,"study_4"
"DPP7",0.065800087585755,0.0603146285875123,1.19016624209217,0.277149037534522,0.332101001873264,"EODSD_vs_CN",144,"study_4"
"ICOSLG",0.356842049041071,0.0500604994720253,50.8114621285044,6.02121679328061e-11,3.45133663614847e-10,"EODSD_vs_CN",134,"study_4"
"PAPLN",0.07414792086304,0.0353339266399593,4.40366374235528,0.037636927574246,0.0559522238804299,"EODSD_vs_CN",144,"study_4"
"FOLR2",0.149199761176686,0.0460460906850168,10.4990674782415,0.0015008513867081,0.00285290041370839,"EODSD_vs_CN",144,"study_4"
"GC",0.155727694571921,0.0734952843864001,4.48965282292227,0.0359516797570913,0.0538065516687558,"EODSD_vs_CN",144,"study_4"
"HBA1",0.851144760091167,0.358260980729785,5.64427075722284,0.0189312259203666,0.0299027318514882,"EODSD_vs_CN",144,"study_4"
"IGLV3-19",0.805668907116831,0.139599640608981,33.3076970863616,1.0246394439749e-07,3.64025259329101e-07,"EODSD_vs_CN",112,"study_4"
"FBLN5",0.208915372736481,0.0279569858856527,55.8418890978894,7.74917692231575e-12,5.41955014944346e-11,"EODSD_vs_CN",144,"study_4"
"LAMP2",0.0818040239297382,0.064562605146996,1.6054147243141,0.208359092495319,0.259167014378965,"EODSD_vs_CN",97,"study_4"
"NUCB2",0.0919164608108591,0.0526336484177262,3.04971767811816,0.0830252694948431,0.11392060965419,"EODSD_vs_CN",144,"study_4"
"PDGFB",-0.123233569021522,0.0587501828286876,4.39986760026741,0.039217576131574,0.0578381228890057,"EODSD_vs_CN",100,"study_4"
"ITIH2",0.345289356521571,0.088344033602965,15.2760803602429,0.00014934349785336,0.000328851424976111,"EODSD_vs_CN",144,"study_4"
"CSF1R",-0.202615752440543,0.0436231786868571,21.5730622804468,8.03077092053909e-06,2.15705731005784e-05,"EODSD_vs_CN",139,"study_4"
"PGLYRP2",-0.126271478705372,0.0869822608285768,2.10741054802986,0.148896066271076,0.193200029980672,"EODSD_vs_CN",144,"study_4"
"IGHM",0.532244441501049,0.150526400503302,12.5025015186397,0.000550194335733784,0.00112054231013914,"EODSD_vs_CN",144,"study_4"
"LAMA2",0.0568872782273857,0.0269991205202715,4.4394694918395,0.0369779789051931,0.0551199900034513,"EODSD_vs_CN",144,"study_4"
"APLP2",-0.190492098539675,0.0471768172787615,16.3040934352101,8.793299138282e-05,0.000202027864499372,"EODSD_vs_CN",144,"study_4"
"AGA",-0.422472515328998,0.0548699201050965,59.2827395957869,3.87098883638327e-12,2.79515557536246e-11,"EODSD_vs_CN",137,"study_4"
"CFI",0.322791871793138,0.0653942897939665,24.3649500508265,2.44403626033367e-06,7.11457675782996e-06,"EODSD_vs_CN",144,"study_4"
"CD44",-0.0261968087923403,0.0326686590746631,0.64303433541629,0.423963301230146,0.480578176317964,"EODSD_vs_CN",144,"study_4"
"IGSF8",-0.0878672075840914,0.0245911779946669,12.7671800446201,0.000484325880413469,0.000991842318636791,"EODSD_vs_CN",144,"study_4"
"CNTNAP4",-0.25011943347765,0.0494651233431408,25.5679954277563,1.30763836341159e-06,3.96210861066401e-06,"EODSD_vs_CN",144,"study_4"
"C1QC",0.125379311049252,0.0333161100013155,14.1626063304142,0.000254056042413952,0.000541207507977614,"EODSD_vs_CN",144,"study_4"
"C1R",0.213006471245762,0.0258642315194691,67.8244744410449,1.07980474292454e-13,9.84215470600077e-13,"EODSD_vs_CN",144,"study_4"
"CPN2",0.181933603354028,0.0841704249688796,4.67204269171562,0.0323868778291005,0.0490708803398973,"EODSD_vs_CN",144,"study_4"
"AMBP",0.503775597777774,0.0782043563841107,41.4965854011644,2.89543807643831e-09,1.29827707298363e-08,"EODSD_vs_CN",144,"study_4"
"C5",0.436309425918553,0.0840125882491243,26.9712119409176,8.1047322411872e-07,2.52449923030817e-06,"EODSD_vs_CN",144,"study_4"
"HEXA",0.0961355073007901,0.0411813568397632,5.4496215235026,0.0209800429107819,0.0328126690812791,"EODSD_vs_CN",144,"study_4"
"DBI",-0.112631797605309,0.031641627560661,12.6708106902867,0.000508754569462447,0.00103804602062796,"EODSD_vs_CN",144,"study_4"
"C1QA",0.131134970041428,0.0286911466813108,20.8901342605759,1.04905360921057e-05,2.77749431771942e-05,"EODSD_vs_CN",144,"study_4"
"NRXN3",-0.336904076616243,0.0452850175418168,55.34819362079,1.86287668908522e-11,1.21854051662515e-10,"EODSD_vs_CN",144,"study_4"
"IGHV3-30",0.729771036531753,0.0910900513472173,64.1846758197335,4.33330148073514e-13,3.62303101246427e-12,"EODSD_vs_CN",144,"study_4"
"C6",0.497204486504184,0.078394691365306,40.2250662755888,3.18141672808176e-09,1.39280921323894e-08,"EODSD_vs_CN",144,"study_4"
"CLEC3B",0.279432897904071,0.0303304893058437,84.8782146967269,3.89545998913607e-16,5.60044413678551e-15,"EODSD_vs_CN",144,"study_4"
"SPARCL1",-0.168155205458483,0.0347320200978018,23.4401585361449,3.57893974894968e-06,1.01009670071879e-05,"EODSD_vs_CN",144,"study_4"
"GAP43",0.494462289526274,0.0574483833242299,74.0816638335815,4.37612376821429e-14,4.34486574129847e-13,"EODSD_vs_CN",144,"study_4"
"MCAM",-0.594848062510691,0.0387504674733809,235.644989932031,1.26737053839022e-31,2.81863207737985e-29,"EODSD_vs_CN",144,"study_4"
"SCG2",-0.411630377301774,0.0489389856720827,70.7464914660135,1.15798785013456e-13,1.04689633280457e-12,"EODSD_vs_CN",144,"study_4"
"LMAN1",-0.159677741527537,0.0391426346316341,16.6413538289918,7.51587816758559e-05,0.000174846370760569,"EODSD_vs_CN",144,"study_4"
"ADGRB2",-0.351540699930548,0.0624599008275126,31.6773355879039,1.28304806286595e-07,4.51502989211055e-07,"EODSD_vs_CN",133,"study_4"
"LTBP4",0.234279017423318,0.0420031558009319,31.1102101893766,1.4352051736689e-07,4.98733797849944e-07,"EODSD_vs_CN",144,"study_4"
"IGHG3",1.20444316786783,0.109811735014803,120.302628978402,1.84163389050186e-20,5.8511339606802e-19,"EODSD_vs_CN",144,"study_4"
"PON1",0.116780014792594,0.118718023004942,0.967617558142052,0.327015101388729,0.384328284743695,"EODSD_vs_CN",144,"study_4"
"AXL",-0.0246447245313126,0.0376711574825227,0.42798643791379,0.514326253656207,0.571359434631071,"EODSD_vs_CN",116,"study_4"
"CADM1",-0.32750767931616,0.0384814267028611,72.433695820919,6.01541292981246e-14,5.76649929133746e-13,"EODSD_vs_CN",144,"study_4"
"APOD",0.233334072488615,0.0531230220653411,19.292600694132,2.37004189825195e-05,5.92244177720486e-05,"EODSD_vs_CN",144,"study_4"
"SPON1",0.173461567247047,0.0230192222077081,56.7839031746541,5.24691033585496e-12,3.74010531632738e-11,"EODSD_vs_CN",144,"study_4"
"MGAT1",-0.0675634060922974,0.04007997855565,2.84163380294083,0.094048498366282,0.127228625527136,"EODSD_vs_CN",144,"study_4"
"SERPINF2",0.128632651359736,0.0703179765211087,3.34633728862487,0.0696643550422192,0.0971979458054552,"EODSD_vs_CN",144,"study_4"
"CP",0.160997104932068,0.0628175420246615,6.56862176797439,0.0114447701977333,0.0187431288068916,"EODSD_vs_CN",144,"study_4"
"PCSK1",-0.831613146761847,0.0996273915543109,69.67631488913,1.5842421152767e-12,1.20662824122445e-11,"EODSD_vs_CN",128,"study_4"
"CPB2",0.424429595927114,0.0757410219578483,31.4013991160075,1.19318755600158e-07,4.21214146753572e-07,"EODSD_vs_CN",144,"study_4"
"SPARC",0.016863694812109,0.0386259936736746,0.190610200424455,0.663115362335963,0.713137604369043,"EODSD_vs_CN",144,"study_4"
"LYVE1",-0.482761960206878,0.0474631520751038,103.4553443352,1.37326014665692e-18,3.11645976139285e-17,"EODSD_vs_CN",144,"study_4"
"IGKC",0.706680670551583,0.0843075875103577,70.2608016977969,4.78649268483256e-14,4.71024766861398e-13,"EODSD_vs_CN",144,"study_4"
"IGHG4",-0.808584987017026,0.240416560034652,11.3115622384999,0.00099062736426142,0.00193598880326661,"EODSD_vs_CN",144,"study_4"
"CNDP1",-0.011825393138329,0.0428848010879868,0.0760368953061453,0.783145369644439,0.820016620569319,"EODSD_vs_CN",144,"study_4"
"EFNB2",-0.206404828591585,0.035415094141552,33.9674468526643,5.2371758072971e-08,1.95427499923301e-07,"EODSD_vs_CN",144,"study_4"
"PRRT2",0.232149709826322,0.0716692478475653,10.4922975202752,0.00175294423263387,0.00328160603819673,"EODSD_vs_CN",83,"study_4"
"RNASET2",0.0394832844635786,0.0361597994456678,1.19226973405028,0.276721838446817,0.332101001873264,"EODSD_vs_CN",144,"study_4"
"PNOC",-0.433975594913801,0.0643380195399439,45.4983071084102,3.77348377097499e-10,1.82439737101052e-09,"EODSD_vs_CN",144,"study_4"
"PLTP",0.0472795171889615,0.0300364254098796,2.47770485919235,0.117739816757143,0.155498590697846,"EODSD_vs_CN",144,"study_4"
"ATRN",0.00151197458230534,0.03316155480204,0.00207883112959936,0.963699493559181,0.975099032609471,"EODSD_vs_CN",144,"study_4"
"LGALS1",0.0404787361272092,0.0332260048507573,1.4842178137835,0.225528449014731,0.277727170879714,"EODSD_vs_CN",144,"study_4"
"OMG",-0.101367679119281,0.0429526573904462,5.56953491083785,0.0197131054640756,0.0310056199095503,"EODSD_vs_CN",144,"study_4"
"FAT2",-0.622616809829067,0.058150740877648,114.638680639122,8.3882362439879e-20,2.25885362315402e-18,"EODSD_vs_CN",144,"study_4"
"AHSG",-0.104531971505645,0.0777406198640432,1.80801606272027,0.181109051105991,0.228855982761207,"EODSD_vs_CN",144,"study_4"
"IGFBP6",0.300850317726576,0.0484368737060115,38.5788022588017,6.46169304925274e-09,2.73209227025439e-08,"EODSD_vs_CN",144,"study_4"
"CFHR2",0.46254518943409,0.102727353647571,20.2738456731342,1.41308693989046e-05,3.65430855153068e-05,"EODSD_vs_CN",144,"study_4"
"IGHV3-72",-0.418771938838644,0.137755366744313,9.24140685812,0.0028946177319244,0.00523384539495923,"EODSD_vs_CN",125,"study_4"
"NPPC",-0.136684160382429,0.0345200243647406,15.6781274853414,0.000123675406925842,0.000278394843120518,"EODSD_vs_CN",131,"study_4"
"CPE",-0.356923132215693,0.0330927784509699,116.327642681613,3.75859087111442e-20,1.07168026889211e-18,"EODSD_vs_CN",144,"study_4"
"HSPA8",0.159554497858734,0.0426715456091201,13.9811004342803,0.00027699317174126,0.000585582522768596,"EODSD_vs_CN",144,"study_4"
"C4BPA",0.73545022289825,0.105719399994546,48.3946316421486,2.40785558686144e-10,1.22822725348161e-09,"EODSD_vs_CN",144,"study_4"
"VTN",0.0144993567170175,0.0754661115975044,0.0369142052180603,0.847920673402965,0.875476127041872,"EODSD_vs_CN",144,"study_4"
"SEMA6A",-0.1049154490921,0.0379165882917477,7.65632538423478,0.00643517960382943,0.0109585294325549,"EODSD_vs_CN",144,"study_4"
"WFDC1",-0.388552420960126,0.0750176607259793,26.8270058323149,7.59834458015808e-07,2.38010117553121e-06,"EODSD_vs_CN",144,"study_4"
"NPTX1",-0.492944680758391,0.0514129951773304,91.928581425473,3.32582973469101e-16,4.86621403286369e-15,"EODSD_vs_CN",144,"study_4"
"PTN",0.0927938306918543,0.0432320833159679,4.60708132378584,0.0335414774479684,0.0505394619541205,"EODSD_vs_CN",144,"study_4"
"DCN",0.283186831590166,0.0567904838893194,24.8653725551609,1.77178599256014e-06,5.26798402066009e-06,"EODSD_vs_CN",144,"study_4"
"MEGF10",0.115614858282995,0.0326208362102413,12.5613733241893,0.000554501501367907,0.00112724985287223,"EODSD_vs_CN",144,"study_4"
"PSAP",-0.100925265284275,0.0254209722822864,15.7621510497274,0.00011385343263428,0.000257851358634052,"EODSD_vs_CN",144,"study_4"
"GGH",-0.052696012535975,0.0404821487511237,1.69444858230029,0.195133921781932,0.24435689304224,"EODSD_vs_CN",144,"study_4"
"F10",0.204478528927988,0.039075177177109,27.3837872687323,5.94065820844033e-07,1.89284009392139e-06,"EODSD_vs_CN",144,"study_4"
"KRT2",0.122237157435723,0.252929371918984,0.233565101749144,0.629656416961882,0.684435909737647,"EODSD_vs_CN",141,"study_4"
"GALNT2",-0.0663316739047541,0.016361244613301,16.436496007605,8.53331200113889e-05,0.000196688436953302,"EODSD_vs_CN",144,"study_4"
"NTNG1",-0.355665333916614,0.0393499911965474,81.6946836865769,1.30999870231671e-15,1.73418875830497e-14,"EODSD_vs_CN",144,"study_4"
"CD55",-0.115148341387348,0.0290236301338751,15.7402603525767,0.000120664520403179,0.00027216824886072,"EODSD_vs_CN",144,"study_4"
"CD99L2",-0.105745305376711,0.0437647141363033,5.83813319839653,0.0171136312104129,0.0271862255799702,"EODSD_vs_CN",144,"study_4"
"IGHA1",1.2205880897508,0.124024060022349,96.8559638607319,1.38609633112689e-17,2.56889853368851e-16,"EODSD_vs_CN",144,"study_4"
"ACYP2",-0.0460341817250782,0.0430765345103585,1.14203480862754,0.287250461893046,0.343096147824992,"EODSD_vs_CN",129,"study_4"
"EFEMP2",0.0716044545508572,0.0404070848986764,3.14025590848191,0.0787078020077618,0.108724317804511,"EODSD_vs_CN",144,"study_4"
"CHI3L1",0.697642836763478,0.0570146022811284,149.724916797408,2.29032495946363e-23,1.21278159758265e-21,"EODSD_vs_CN",144,"study_4"
"FAM3C",-0.321362950660166,0.0383840744064442,70.0953918066387,1.20496761291462e-13,1.08058385932343e-12,"EODSD_vs_CN",144,"study_4"
"CRTAC1",-0.238022516616713,0.0371389899583104,41.0748426695253,2.91967255099731e-09,1.2986703506836e-08,"EODSD_vs_CN",144,"study_4"
"IL6ST",-0.187723049097571,0.0278737950612315,45.3568613360279,4.96359998914111e-10,2.3861903328928e-09,"EODSD_vs_CN",144,"study_4"
"PRSS1",0.0398219444700256,0.0638758012428556,0.388662109142531,0.534043878809935,0.587977023006582,"EODSD_vs_CN",144,"study_4"
"CTSH",0.176074786431654,0.0714434295781362,6.07392957299144,0.0149181457059486,0.0240285330961766,"EODSD_vs_CN",144,"study_4"
"SEMA6D",-0.0565982102626883,0.030041518855131,3.54945458765123,0.0617822289686092,0.0875182657491636,"EODSD_vs_CN",144,"study_4"
"TIMP1",0.348296608858888,0.0397710705761721,76.6944484748254,5.59834882826192e-15,6.76669988807311e-14,"EODSD_vs_CN",144,"study_4"
"IDS",-0.168366296628058,0.0437722632156333,14.7949095493232,0.000181081724648498,0.000394056512346634,"EODSD_vs_CN",144,"study_4"
"SELL",0.0612508741620248,0.0537000787110737,1.30099233536727,0.256278751187713,0.310776413654021,"EODSD_vs_CN",130,"study_4"
"PROS1",0.111956513662184,0.0366310054218654,9.34116522733586,0.00268875573098422,0.00488545158963147,"EODSD_vs_CN",144,"study_4"
"CYCS",0.0673015977265701,0.0358689172961167,3.52057996739579,0.0630060878557293,0.0887994546204955,"EODSD_vs_CN",144,"study_4"
"ADAMTS4",-0.143644416314085,0.0431737875164017,11.0697343364796,0.00118891553882799,0.00229925926813344,"EODSD_vs_CN",117,"study_4"
"NELL2",-0.349705705266901,0.0532106486816852,43.1924986733249,1.35094800708908e-09,6.23341985013715e-09,"EODSD_vs_CN",144,"study_4"
"TAFA5",-0.253844335044761,0.0472255337918939,28.8922391349157,7.24751134486632e-07,2.28306872960095e-06,"EODSD_vs_CN",116,"study_4"
"TNFRSF21",-0.233642472735769,0.0453373007399599,26.5578105252811,9.93991219732168e-07,3.04495381912444e-06,"EODSD_vs_CN",144,"study_4"
"CTSB",0.0600695561536968,0.0287980564824128,4.35093392214458,0.0388029475960016,0.057407999791551,"EODSD_vs_CN",144,"study_4"
"LAMP1",0.157196063987834,0.0335568170620774,21.9443041776112,6.55493066241072e-06,1.77782509673188e-05,"EODSD_vs_CN",144,"study_4"
"IGFBP7",0.508248116105756,0.0619249792845306,67.362751046015,1.29951037448194e-13,1.14686947335231e-12,"EODSD_vs_CN",144,"study_4"
"SEZ6L2",-0.226309212682478,0.0450934534281765,25.1870598689124,2.05706221751969e-06,6.06751508191485e-06,"EODSD_vs_CN",144,"study_4"
"COL3A1",-0.00994154674732428,0.0370970531225703,0.0718173033873739,0.789115458852923,0.825490489411525,"EODSD_vs_CN",144,"study_4"
"KIT",-0.376283039696246,0.0353543437366157,113.277518652987,1.45159236434471e-19,3.66856979352573e-18,"EODSD_vs_CN",144,"study_4"
"HSPG2",0.0977857763741774,0.0278000789233779,12.3725528809737,0.000587974613213646,0.00119200617843717,"EODSD_vs_CN",144,"study_4"
"IGFBP2",0.392129932781033,0.0350050197105512,125.487173363856,3.58101656439465e-21,1.32736347320228e-19,"EODSD_vs_CN",144,"study_4"
"PRELP",0.107029765195787,0.0429554239136398,6.20830617258563,0.01393235641218,0.0225842278867991,"EODSD_vs_CN",144,"study_4"
"C1QB",0.181029334317399,0.0301248481183289,36.1117202100509,1.50898344861725e-08,6.10178034495414e-08,"EODSD_vs_CN",144,"study_4"
"GDA",0.545471682694851,0.0634418638380838,73.92520756496,3.2841326435134e-14,3.41304252297841e-13,"EODSD_vs_CN",144,"study_4"
"NTM",-0.296009531215814,0.033546636405541,77.8598256786456,1.09332748057933e-14,1.26643766500439e-13,"EODSD_vs_CN",144,"study_4"
"NECTIN1",-0.0435976860416334,0.0393589046812922,1.22698957070376,0.270165152731925,0.324782324149082,"EODSD_vs_CN",144,"study_4"
"ALCAM",-0.0761895503287011,0.0260346885271311,8.5641851592554,0.00406522271914396,0.00716112743843011,"EODSD_vs_CN",144,"study_4"
"APOC3",-0.464132234684333,0.105558488848547,19.3329058109985,2.1951642952174e-05,5.52267578344286e-05,"EODSD_vs_CN",144,"study_4"
"WFIKKN2",0.360813892343691,0.0632183383063623,32.5746943229287,6.98716047122716e-08,2.58130313754306e-07,"EODSD_vs_CN",144,"study_4"
"TGFBI",0.382389367888852,0.0343573120850331,123.872030701651,6.20685291099449e-21,2.15688138657059e-19,"EODSD_vs_CN",144,"study_4"
"DNER",-0.206722710982564,0.0340008446504521,36.9655329141266,1.05855481880817e-08,4.39221253177123e-08,"EODSD_vs_CN",144,"study_4"
"CDH2",-0.116532793661666,0.0279174419196443,17.4238881051761,5.60444324334712e-05,0.000133736928897038,"EODSD_vs_CN",144,"study_4"
"C1S",0.20462925313663,0.0226813237299652,81.39517171096,1.20942889280542e-15,1.64010357170686e-14,"EODSD_vs_CN",144,"study_4"
"CHGB",-0.617981676340827,0.0465349362964748,176.357100009554,2.90463365930335e-24,1.98550220464023e-22,"EODSD_vs_CN",144,"study_4"
"ALDOC",0.000465242045446068,0.0357639824798675,0.000169225640285067,0.989641968069143,0.994111895657531,"EODSD_vs_CN",144,"study_4"
"LYNX1",-0.15239498061414,0.0492275037309921,9.58353423261489,0.00238906353262092,0.00440570256761935,"EODSD_vs_CN",144,"study_4"
"ICAM5",0.0184073099661246,0.064532707280156,0.0813618623872421,0.776004116681234,0.813304974316242,"EODSD_vs_CN",144,"study_4"
"HPX",0.331614887788744,0.069853425799263,22.5368191628641,5.29880245329147e-06,1.4657383900647e-05,"EODSD_vs_CN",144,"study_4"
"LAMB1",0.0234345494565638,0.0263427787704715,0.791389069251994,0.375334839080449,0.432958860018111,"EODSD_vs_CN",144,"study_4"
"MOG",-0.323955772939145,0.0371193370711704,76.1677320451825,1.28383535473239e-14,1.47177826233239e-13,"EODSD_vs_CN",144,"study_4"
"STC2",-0.143540579907346,0.040820604050365,12.364898023119,0.000588499453203244,0.00119200617843717,"EODSD_vs_CN",144,"study_4"
"CHGA",-0.348821331130381,0.0741309127346092,22.1415171323491,6.52523534535034e-06,1.77547761680286e-05,"EODSD_vs_CN",144,"study_4"
"HYOU1",-0.0308192375209035,0.028370023971095,1.18011511893742,0.27973935189735,0.334844089676914,"EODSD_vs_CN",144,"study_4"
"IGHG2",-0.12679173422103,0.0975807949313886,1.68831384001019,0.195938131474575,0.245087966478883,"EODSD_vs_CN",144,"study_4"
"ITIH5",-0.0790224469294944,0.0314322381261668,6.32048398180006,0.013050865523961,0.021279417100652,"EODSD_vs_CN",144,"study_4"
"GPI",0.487177413960356,0.0487902375331181,99.7030460162163,1.06173291962643e-17,2.07131053793788e-16,"EODSD_vs_CN",139,"study_4"
"APCS",0.389759759128316,0.118824599652036,10.7592321172632,0.00132340176961783,0.00253728063416385,"EODSD_vs_CN",144,"study_4"
"MST1",0.550317194803656,0.0940372905646874,34.2472694058327,3.58210991670914e-08,1.37355387151054e-07,"EODSD_vs_CN",139,"study_4"
"GPR158",-0.53730851640544,0.0705500289206061,58.0033472162181,3.93246531762927e-11,2.33844996428008e-10,"EODSD_vs_CN",86,"study_4"
"HP",0.920946929107227,0.177518476914437,26.9142375992205,7.34370185818853e-07,2.30683515997335e-06,"EODSD_vs_CN",144,"study_4"
"COL18A1",0.515258793918564,0.0371881341221689,191.973838215501,5.0057494184012e-28,7.9519905046602e-26,"EODSD_vs_CN",144,"study_4"
"RTN4R",-0.48708686826115,0.0516510559657051,88.9312574302288,2.09228699000206e-16,3.18715497655108e-15,"EODSD_vs_CN",144,"study_4"
"GRIA4",-0.241416003876774,0.0534354005673449,20.4114555237425,1.37125708704021e-05,3.55440065451915e-05,"EODSD_vs_CN",144,"study_4"
"MEGF8",-0.303124194478555,0.0380214607308513,63.5599589500286,5.14823739002663e-13,4.1787153121968e-12,"EODSD_vs_CN",144,"study_4"
"SERPIND1",-0.140372558670773,0.0518886111425353,7.31847071654395,0.00773238716032924,0.0129885415744503,"EODSD_vs_CN",144,"study_4"
"COCH",0.0382060720287782,0.0595724829858932,0.411313890573186,0.522379901128543,0.577996467716358,"EODSD_vs_CN",144,"study_4"
"CBLN1",-0.54468427340155,0.0622568669148317,76.5447044141291,2.35738680326244e-14,2.54506225750275e-13,"EODSD_vs_CN",144,"study_4"
"CD59",-0.0737299771116708,0.029289138003087,6.33687320707409,0.0129589925664237,0.0211606457178608,"EODSD_vs_CN",144,"study_4"
"KRT10",-0.188370608609183,0.290750185842921,0.419745723308367,0.518110253153005,0.574415355439822,"EODSD_vs_CN",144,"study_4"
"ATP6AP1",-0.443947911578566,0.0339362091498781,171.134424664269,1.63915025598552e-25,1.51894590387991e-23,"EODSD_vs_CN",144,"study_4"
"SERPINI1",-0.267378120653031,0.0348159145969587,58.9788249932222,2.47723603006275e-12,1.83645764361985e-11,"EODSD_vs_CN",144,"study_4"
"TGFBR3",0.00306460807563802,0.0230463044492071,0.0176826476783495,0.894408106037465,0.916665266279872,"EODSD_vs_CN",144,"study_4"
"PTPRG",-0.184591752093183,0.0335784107769456,30.2206853193596,2.10429468926712e-07,7.1558889738992e-07,"EODSD_vs_CN",144,"study_4"
"CLSTN2",-0.192216124645875,0.0322024459238673,35.6288590255302,2.44467326308684e-08,9.6399881863566e-08,"EODSD_vs_CN",138,"study_4"
"ART3",-0.0462558641734212,0.0330509787263038,1.9586865851342,0.163836968022565,0.209253104248549,"EODSD_vs_CN",144,"study_4"
"KRT1",-0.0494472933240182,0.241212327671606,0.0420229027952486,0.83787030678453,0.866708633622696,"EODSD_vs_CN",144,"study_4"
"L1CAM",-0.098443515569473,0.0307714284558346,10.234789493449,0.00172685102963647,0.00323820968795236,"EODSD_vs_CN",144,"study_4"
"NRXN2",-0.389459858959549,0.042172607075668,85.2833998537611,1.65395526605479e-15,2.1386026230848e-14,"EODSD_vs_CN",144,"study_4"
"B2M",0.0958270008838475,0.02952785778555,10.5320257271086,0.00146347622125944,0.00278661910623373,"EODSD_vs_CN",144,"study_4"
"C3",0.186279499371555,0.0530669171502986,12.3220341174306,0.000616086025141868,0.00124335328485981,"EODSD_vs_CN",144,"study_4"
"APLP1",-0.275018703266543,0.0421733740732709,42.5253369958496,1.71143915304436e-09,7.79967351715298e-09,"EODSD_vs_CN",144,"study_4"
"LUM",0.177318539025279,0.0541883701824229,10.7076979245877,0.00134766603777784,0.00257492205156178,"EODSD_vs_CN",144,"study_4"
"BCAN",-0.165850423869207,0.0347789254781761,22.7405440991045,4.81218898750985e-06,1.33445240750897e-05,"EODSD_vs_CN",144,"study_4"
"CARTPT",0.0025482064535991,0.0637776603202795,0.00159636448130651,0.968193477226525,0.97831533361207,"EODSD_vs_CN",144,"study_4"
"B3GNT2",-0.104416602730889,0.0328888788843861,10.0795461819147,0.00186012344650492,0.00347056589347898,"EODSD_vs_CN",144,"study_4"
"NBL1",-0.0483949881918644,0.0281970692980622,2.94572929061145,0.0883195308012337,0.120062736248132,"EODSD_vs_CN",144,"study_4"
"PKM",0.353036873601351,0.0476600887698447,54.8694293004182,2.76376601742848e-11,1.73633209682512e-10,"EODSD_vs_CN",144,"study_4"
"RBP4",0.334201977274764,0.0635223439474619,27.6799308009961,5.85413665656588e-07,1.87602304383321e-06,"EODSD_vs_CN",144,"study_4"
"LRG1",0.596333655792341,0.0895316482226297,44.363467325035,7.09177616028518e-10,3.34154876704963e-09,"EODSD_vs_CN",144,"study_4"
"SOD1",0.620266323441065,0.0435494339006697,202.857643751382,1.67619722469119e-27,2.16058078563197e-25,"EODSD_vs_CN",144,"study_4"
"AGRN",0.180212629688255,0.0252982478437096,50.7445682818705,5.00927285995052e-11,2.90120386472135e-10,"EODSD_vs_CN",144,"study_4"
"SPOCK3",-0.0748762383676844,0.0259378320529629,8.33337045645322,0.00455089626791113,0.00795691297156788,"EODSD_vs_CN",144,"study_4"
"COL1A1",0.164937343918941,0.0407660895029797,16.3696685461525,8.54321178493209e-05,0.000196688436953302,"EODSD_vs_CN",144,"study_4"
"COL6A3",0.230313085431845,0.0327560737653235,49.4371636431804,1.03886725801384e-10,5.69074084192803e-10,"EODSD_vs_CN",144,"study_4"
"DDR1",0.108942389229844,0.0444291664327722,6.01253283074029,0.0154178927095546,0.0247041739092574,"EODSD_vs_CN",144,"study_4"
"PTPRD",-0.160506660668901,0.0267928422260183,35.8879412577943,1.74502100611546e-08,7.00528288375591e-08,"EODSD_vs_CN",144,"study_4"
"GASK1B",-0.110232029613035,0.0411924578075095,7.16110755400191,0.00849492903426923,0.0141837253545156,"EODSD_vs_CN",130,"study_4"
"TPP1",0.064719109521354,0.0511898244033859,1.59844532834638,0.208271385595071,0.259167014378965,"EODSD_vs_CN",144,"study_4"
"VSTM2A",-0.0822592929321573,0.0654810787130359,1.57811371392576,0.211379589427207,0.262337169021266,"EODSD_vs_CN",144,"study_4"
"CLIC4",0.128055666960147,0.0529857471093505,5.84089609017669,0.0170287937621326,0.0270901554556387,"EODSD_vs_CN",134,"study_4"
"AEBP1",0.276941171736855,0.0407239349362245,46.246149726099,2.88959500149305e-10,1.45395006409967e-09,"EODSD_vs_CN",144,"study_4"
"FGA",0.425199029193278,0.0974138353881468,19.0521171378563,2.59030543230506e-05,6.4438918136985e-05,"EODSD_vs_CN",144,"study_4"
"HBB",0.806032165203374,0.375111539299594,4.61725539430789,0.0333686850835664,0.0503473240338206,"EODSD_vs_CN",143,"study_4"
"SCG5",-0.329351349622147,0.033776703017588,95.0789515894938,5.12580706455979e-17,8.76907300890844e-16,"EODSD_vs_CN",144,"study_4"
"ZP2",-0.772065562466651,0.0688973124606273,125.575177360701,2.82040509130932e-21,1.12010373626284e-19,"EODSD_vs_CN",144,"study_4"
"SLITRK1",-0.288221907744826,0.0614771652721349,21.9799302127965,7.2026687565168e-06,1.94402127603075e-05,"EODSD_vs_CN",144,"study_4"
"CAMK2A",0.249614388728223,0.115663986771922,4.65739332904365,0.0343144359224213,0.0514948080239304,"EODSD_vs_CN",97,"study_4"
"CTSL",-0.0454727091949803,0.0338715260662377,1.8023209507578,0.181574652289752,0.229183897101253,"EODSD_vs_CN",144,"study_4"
"KLK6",-0.174267454692801,0.0246378877851217,50.0294386958501,7.74369352174508e-11,4.32712924431183e-10,"EODSD_vs_CN",144,"study_4"
"PCOLCE",0.110654627410213,0.0271470594153518,16.6147409169471,7.65033419902703e-05,0.000177602748002465,"EODSD_vs_CN",144,"study_4"
"C16orf89",-0.050875542281096,0.0442894369750146,1.31952548954521,0.252764728854052,0.307185113099132,"EODSD_vs_CN",144,"study_4"
"NRCAM",-0.28446641351999,0.0450843176538735,39.8117247261686,5.1651781107188e-09,2.23489418642775e-08,"EODSD_vs_CN",144,"study_4"
"PLXDC2",0.182396104438052,0.0371665371888379,24.0839056798199,2.50761446703515e-06,7.2805934395381e-06,"EODSD_vs_CN",144,"study_4"
"CACNA2D1",-0.384058318353988,0.0532620854281107,51.9945732765687,4.99813135296478e-11,2.90120386472135e-10,"EODSD_vs_CN",144,"study_4"
"TAGLN",0.272341125625807,0.0716411835160988,14.451101542107,0.000215165352729669,0.000462792789623582,"EODSD_vs_CN",144,"study_4"
"PRNP",-0.193007280517536,0.0389134231670646,24.6007591652054,2.32874547932943e-06,6.79675845935518e-06,"EODSD_vs_CN",144,"study_4"
"C1RL",0.247750673115027,0.0459737313873957,29.0409071402555,3.06221460039511e-07,1.0104399512283e-06,"EODSD_vs_CN",144,"study_4"
"SERPINA7",0.131860912107722,0.0796045679443081,2.74382350355121,0.100005598696892,0.133661329027576,"EODSD_vs_CN",144,"study_4"
"C1QTNF3",-0.143677273442648,0.0867556043501607,2.74271749432376,0.102042276310907,0.136056368414542,"EODSD_vs_CN",91,"study_4"
"CNTN2",-0.158281908009739,0.0383503416844844,17.0342916356605,6.25285756009384e-05,0.000147313084890346,"EODSD_vs_CN",144,"study_4"
"SERPINA1",0.376020722129915,0.0751323169048796,25.047823531943,1.70371113833886e-06,5.07916028373408e-06,"EODSD_vs_CN",144,"study_4"
"F5",0.191793305134672,0.065304557804572,8.62541302937559,0.00387277001938116,0.00685751634005072,"EODSD_vs_CN",144,"study_4"
"SLC5A5",0.0037196713933918,0.0944136627255804,0.00155217061435189,0.968637753873102,0.97831533361207,"EODSD_vs_CN",126,"study_4"
"NCAM1",-0.178523356680483,0.0327748874507469,29.6693252888494,2.78910778669655e-07,9.31377735377345e-07,"EODSD_vs_CN",144,"study_4"
"AJAP1",-0.169235921628037,0.0554043217900394,9.33034742981588,0.00313757080185223,0.00563647614161499,"EODSD_vs_CN",93,"study_4"
"PTPRS",-0.234134059998311,0.0322069682388872,52.8481150912968,3.49735617332966e-11,2.11361960040357e-10,"EODSD_vs_CN",144,"study_4"
"RARRES2",0.215004933377779,0.042826004280687,25.2047119236656,1.57629448857688e-06,4.72463469352423e-06,"EODSD_vs_CN",144,"study_4"
"LAMC1",-0.0410978795050134,0.0258567858643385,2.5263280925849,0.114454186307005,0.151877154144856,"EODSD_vs_CN",144,"study_4"
"APOA2",-0.0805792534204226,0.0957078576467559,0.70884501353657,0.401388465785905,0.459147864095811,"EODSD_vs_CN",144,"study_4"
"A1BG",0.152657613034147,0.0764658519720973,3.98567489753364,0.0479775012002904,0.0694674236129205,"EODSD_vs_CN",144,"study_4"
"MASP1",-0.104673596691583,0.0474051935455035,4.87553688487248,0.0288528694276796,0.0442543321428686,"EODSD_vs_CN",144,"study_4"
"OAF",0.08278178082187,0.0388770974349264,4.53400363082287,0.0350307740696484,0.0524989498186644,"EODSD_vs_CN",144,"study_4"
"DPP6",-0.100772852592817,0.0445012413446421,5.12793903737559,0.0256100728806155,0.0395537629258561,"EODSD_vs_CN",144,"study_4"
"NID2",0.0908573261267946,0.0383707075078173,5.60686744820311,0.0192383439598632,0.0303017542257335,"EODSD_vs_CN",144,"study_4"
"CPVL",-0.198733837661621,0.0679900741300568,8.54383020389311,0.00406999329234517,0.00716112743843011,"EODSD_vs_CN",144,"study_4"
"SERPINC1",0.0261068631149399,0.0760193327078633,0.117940041960605,0.731859438481188,0.771400659328039,"EODSD_vs_CN",144,"study_4"
"CHL1",-0.285390858706231,0.0535410126133377,28.4123368590057,4.48502675827278e-07,1.44981097534864e-06,"EODSD_vs_CN",144,"study_4"
"CELSR2",-0.32459858480661,0.0444598293470869,53.3037374733498,2.55866171925003e-11,1.62584676103202e-10,"EODSD_vs_CN",144,"study_4"
"FGB",0.355806719642869,0.0954993960984177,13.8812009394355,0.000291890566626292,0.000613577145724832,"EODSD_vs_CN",144,"study_4"
"BTD",0.0213956668817143,0.0220370419250667,0.942638251970276,0.333289938461071,0.389305054168814,"EODSD_vs_CN",144,"study_4"
"PI16",0.22306368832337,0.0449337071111824,24.6441167486474,2.02112157355015e-06,5.97735954730788e-06,"EODSD_vs_CN",144,"study_4"
"CPQ",-0.0445524604902001,0.038599835747016,1.33220934021682,0.250358121208615,0.3045932503107,"EODSD_vs_CN",144,"study_4"
"GFRA2",-0.307160667724728,0.0573369711354362,28.6986660994379,3.41269149976637e-07,1.12275530998231e-06,"EODSD_vs_CN",144,"study_4"
"SHISA5",0.234162477215722,0.0322810981106365,52.6184448451462,2.40982117956849e-11,1.54897176397697e-10,"EODSD_vs_CN",144,"study_4"
"PGK1",0.334289659790636,0.0316914146836098,111.266040617045,9.27495530507395e-19,2.1486979790088e-17,"EODSD_vs_CN",144,"study_4"
"SPP1",0.156717055082529,0.0466129777779632,11.3036532974175,0.00106345643302299,0.00207103949828645,"EODSD_vs_CN",144,"study_4"
"VCAN",-0.121483404813484,0.0204410470030498,35.3205645891987,2.06637435110882e-08,8.17725365990396e-08,"EODSD_vs_CN",144,"study_4"
"ITM2B",0.0600425289700368,0.0378026441985232,2.52274640052128,0.114592222176448,0.151879083504422,"EODSD_vs_CN",144,"study_4"
"PCDH8",-0.113794456811625,0.0679359838312947,2.80570803533728,0.096485696563644,0.129893576971879,"EODSD_vs_CN",140,"study_4"
"ENO2",0.214977121327303,0.0452985775293764,22.522435783225,5.86068872240269e-06,1.61314006418609e-05,"EODSD_vs_CN",121,"study_4"
"CTSA",-0.00379446781744175,0.0603841617428184,0.00394871385825624,0.949984129280385,0.963100071698033,"EODSD_vs_CN",144,"study_4"
"SEZ6L",-0.202425744601515,0.0436571318857331,21.4991400807059,8.81938742338709e-06,2.35749009971309e-05,"EODSD_vs_CN",144,"study_4"
"POMGNT1",-0.244957456835154,0.0284235939618309,74.2716971609701,2.62871180589162e-14,2.8106995462995e-13,"EODSD_vs_CN",144,"study_4"
"CTSF",0.124482459143938,0.030399517088646,16.7680650081604,7.07394843846289e-05,0.00016491049609163,"EODSD_vs_CN",144,"study_4"
"AZGP1",0.37126175975879,0.0650592899794035,32.5643039024486,9.02136953135543e-08,3.26767521787206e-07,"EODSD_vs_CN",144,"study_4"
"ECRG4",-0.0364132439522002,0.0995124141242404,0.133894956082165,0.714976512390867,0.756473721958748,"EODSD_vs_CN",144,"study_4"
"SELENOP",0.0291981343822769,0.0287147429006225,1.03395191470585,0.311060915224792,0.36915660376731,"EODSD_vs_CN",144,"study_4"
"SIAE",0.0389456618785999,0.0557104466333514,0.488702879117022,0.485653071245526,0.542759305953179,"EODSD_vs_CN",144,"study_4"
"GSN",0.143599064817211,0.0334167222936514,18.4661145020243,3.298203727823e-05,8.02538850183627e-05,"EODSD_vs_CN",144,"study_4"
"RNASE4",0.331738063030848,0.0421261682324486,62.013564282695,1.31108498117235e-12,1.01952902032424e-11,"EODSD_vs_CN",144,"study_4"
"C2",0.450674377360171,0.0511207086515608,77.7198589502432,5.27061290707718e-15,6.44057313480201e-14,"EODSD_vs_CN",144,"study_4"
"RNASE1",-0.174900346809064,0.0337468836086916,26.8604938975875,8.08678385666422e-07,2.52449923030817e-06,"EODSD_vs_CN",144,"study_4"
"CDH13",-0.05185862511577,0.0511603684241084,1.02748305977268,0.312688804778824,0.37029813728866,"EODSD_vs_CN",144,"study_4"
"A2M",0.127418281514608,0.0321375009836544,15.7195200165603,0.000131731891733449,0.000292386953308573,"EODSD_vs_CN",144,"study_4"
"PODXL2",-0.274837436924468,0.0363820550836426,57.0659859823384,9.50287389711274e-12,6.52296035406751e-11,"EODSD_vs_CN",137,"study_4"
"COL1A2",0.156983482671009,0.0397935061477159,15.5626484645883,0.000125907671267804,0.000281708914385911,"EODSD_vs_CN",144,"study_4"
"GOT1",0.2075583335938,0.0454064263386933,20.8951602078054,1.22724094117689e-05,3.21861303440732e-05,"EODSD_vs_CN",144,"study_4"
"SCG3",-0.405206236786274,0.0482512422170048,70.5237253144122,6.4791783553537e-14,6.10580197555365e-13,"EODSD_vs_CN",144,"study_4"
"PEBP1",0.104715231012415,0.0309101961066485,11.4766778056714,0.000947001058402073,0.00187378145363542,"EODSD_vs_CN",144,"study_4"
"MAN1B1",-0.300910538415222,0.0469764665564962,41.0311889049012,6.09868871722963e-09,2.59836852626795e-08,"EODSD_vs_CN",130,"study_4"
"RELN",-0.548943298071118,0.0555465735875984,97.665330831617,7.77805273521239e-18,1.60170271139929e-16,"EODSD_vs_CN",144,"study_4"
"PPIC",-0.00361601396390121,0.0403377749942575,0.00803593322988512,0.928705407946431,0.948319939060084,"EODSD_vs_CN",144,"study_4"
"CDH6",-0.103914898757035,0.0336813786327867,9.51866228207031,0.00248495270824213,0.00455233510966269,"EODSD_vs_CN",144,"study_4"
"SEZ6",-0.326862235446947,0.0289325818305474,127.630688754402,2.0546682465843e-20,6.34664191722705e-19,"EODSD_vs_CN",144,"study_4"
"GOLM1",0.00879902671577071,0.0231383914694684,0.14461153756033,0.704353208287374,0.749340996941172,"EODSD_vs_CN",144,"study_4"
"APP",0.264384248362926,0.047015260888189,31.6222999030112,1.01548145203849e-07,3.61928004700898e-07,"EODSD_vs_CN",144,"study_4"
"ACTB",0.168966072875101,0.0539829886228974,9.79682097005554,0.00219881426360174,0.00406835517658093,"EODSD_vs_CN",124,"study_4"
"LDHB",0.0126294825348108,0.031676711572432,0.158961126901184,0.690789186191051,0.738613052927354,"EODSD_vs_CN",144,"study_4"
"EFEMP1",-0.0309576793376021,0.025182071467895,1.51131116458596,0.220976899109323,0.272726206225935,"EODSD_vs_CN",144,"study_4"
"PLD3",0.121143859087057,0.0434041315652134,7.79005754644339,0.00603514084700077,0.0103565997251001,"EODSD_vs_CN",144,"study_4"
"C8B",0.083296064769959,0.0858829505212602,0.940665152706731,0.333833432552128,0.389530720879293,"EODSD_vs_CN",144,"study_4"
"GPX3",0.152249583331832,0.0348891697864884,19.0428065285391,2.62874228492906e-05,6.49591426853581e-05,"EODSD_vs_CN",144,"study_4"
"CBLN3",-0.631090937191079,0.0694179405841165,82.6495391537708,1.49540820525424e-15,1.95634579322673e-14,"EODSD_vs_CN",144,"study_4"
"LTBP2",0.354474195126468,0.0476691740230885,55.2960356473054,1.26026664891119e-11,8.44226815415205e-11,"EODSD_vs_CN",144,"study_4"
"IGFBP5",0.197120413356743,0.0410079685475861,23.1061022513809,4.0006929670955e-06,1.11778155261563e-05,"EODSD_vs_CN",144,"study_4"
"OPCML",-0.29466594435654,0.0507472170298699,33.7159522616676,5.75103859437507e-08,2.13884779830939e-07,"EODSD_vs_CN",144,"study_4"
"FSTL1",0.0519924340921989,0.0389018107662081,1.78624351891356,0.183697051857161,0.231337623629856,"EODSD_vs_CN",144,"study_4"
"EPHA4",-0.325059350261077,0.0516120860345082,39.6663738553693,5.58396450055352e-09,2.39743958479364e-08,"EODSD_vs_CN",144,"study_4"
"IGLON5",-0.336280455043467,0.0495985873832224,45.9689557000778,7.29448453837509e-10,3.40817933053491e-09,"EODSD_vs_CN",136,"study_4"
"ROBO1",-0.243945726019144,0.0326788285305147,55.7254350910706,9.08086141116923e-12,6.27199868895664e-11,"EODSD_vs_CN",144,"study_4"
"CA1",0.897810346915089,0.295760357802244,9.21487156341457,0.00297471069251184,0.00536122899525635,"EODSD_vs_CN",127,"study_4"
"GAPDH",-0.1856776056995,0.0792242621075077,5.4929120938703,0.0205776382312464,0.0322740955051425,"EODSD_vs_CN",144,"study_4"
"BASP1",0.413865617253087,0.0617189188303247,44.9657743428099,7.25510373695681e-10,3.40408242847931e-09,"EODSD_vs_CN",144,"study_4"
"THY1",-0.232177779809454,0.0482322532399806,23.1721433076854,3.90127319819252e-06,1.09274957087911e-05,"EODSD_vs_CN",144,"study_4"
"LTBP1",0.175748175097186,0.0318317980387136,30.4831123624037,1.58293926543803e-07,5.44962372497551e-07,"EODSD_vs_CN",144,"study_4"
"HSPA5",-0.185059770012998,0.0163768932094262,127.691209906982,1.89138112245305e-21,7.78968817839921e-20,"EODSD_vs_CN",144,"study_4"
"TGOLN2",-0.189359129889622,0.0351067731207495,29.0931451292432,3.58386528318176e-07,1.17559238787555e-06,"EODSD_vs_CN",144,"study_4"
"PRRT3",-0.296567772084949,0.047366485553103,39.2017616707649,5.46275793043593e-09,2.35449101497859e-08,"EODSD_vs_CN",144,"study_4"
"ANG",0.281769959331339,0.0572719334525583,24.2050335553479,2.55757215305069e-06,7.4063026932093e-06,"EODSD_vs_CN",144,"study_4"
"PLG",0.254261961901053,0.0750867274338148,11.4666467723272,0.000939663247781659,0.00186257670505028,"EODSD_vs_CN",144,"study_4"
"BPNT2",-0.46783812586887,0.0400173927566735,136.676435170244,1.38077479607361e-21,5.905467589361e-20,"EODSD_vs_CN",144,"study_4"
"MAN1A1",-0.243948667572072,0.0213847796697529,130.132969695494,8.44829787716764e-22,3.75780289576416e-20,"EODSD_vs_CN",144,"study_4"
"ISLR",0.0655424523472492,0.0311624726704355,4.42365809268109,0.0373150542845986,0.0555479790689072,"EODSD_vs_CN",144,"study_4"
"SERPINA6",0.113263049493048,0.0715440445181015,2.50627963261524,0.115773195720421,0.153261659096557,"EODSD_vs_CN",144,"study_4"
"HRG",0.300284289792986,0.0857321329587572,12.2681185858695,0.000631758668413269,0.00126807877125551,"EODSD_vs_CN",144,"study_4"
"F2",0.103496050781235,0.0715660081593515,2.09138490567669,0.150646277939617,0.195243194718944,"EODSD_vs_CN",144,"study_4"
"APOC1",-0.203058283969677,0.0938823665177994,4.67814163641704,0.0324344397930076,0.0490708803398973,"EODSD_vs_CN",144,"study_4"
"PAM",-0.393735734997119,0.0384403168645018,104.914556103517,1.40521995765818e-18,3.12520918583178e-17,"EODSD_vs_CN",144,"study_4"
"SIRPA",-0.219007116732851,0.0741753978484069,8.71759495490391,0.0036900525825457,0.00654439947654038,"EODSD_vs_CN",144,"study_4"
"PFN1",0.246413792332641,0.0436595319051041,31.8545793885618,9.91912767752084e-08,3.5559121427183e-07,"EODSD_vs_CN",144,"study_4"
"SEMA4B",0.00318657078657925,0.0382669328587116,0.00693425537667506,0.93377286725859,0.952291761572296,"EODSD_vs_CN",144,"study_4"
"PTPRN2",-0.348630949676208,0.0567879083924798,37.6894787985509,1.14381564043275e-08,4.72833826082237e-08,"EODSD_vs_CN",144,"study_4"
"SHISA6",-0.453310750719038,0.0634859782550269,50.9842935249979,6.81009576818608e-10,3.2224793592438e-09,"EODSD_vs_CN",100,"study_4"
"AGT",-0.06916064874199,0.0295859602709052,5.46445403692118,0.0208283627278299,0.0326213230328829,"EODSD_vs_CN",144,"study_4"
"CLSTN1",-0.372407862529057,0.0368778180193057,101.978178223617,1.28017828768194e-17,2.45441078603847e-16,"EODSD_vs_CN",144,"study_4"
"QDPR",-0.17474122013207,0.0450021948788003,15.0772916474605,0.000160738986917985,0.000351853845379526,"EODSD_vs_CN",144,"study_4"
"FRZB",0.205952369108596,0.0411226051437327,25.0825880108092,1.60700118408812e-06,4.80372396963976e-06,"EODSD_vs_CN",144,"study_4"
"CALM1",0.407631603850992,0.0429220110540859,90.1935687357597,2.58937414558991e-16,3.89105952688646e-15,"EODSD_vs_CN",144,"study_4"
"SEMA7A",-0.163011588736907,0.0497778005462782,10.7242160297893,0.00133473956694668,0.00255461342245216,"EODSD_vs_CN",144,"study_4"
"IGF2",0.282850123731399,0.0438055607608507,41.6921467528974,1.66026712446747e-09,7.59760099756309e-09,"EODSD_vs_CN",144,"study_4"
"MMRN2",-0.0507508152223499,0.0419753457949613,1.4618320538502,0.22914557440724,0.281247106777981,"EODSD_vs_CN",144,"study_4"
"FUCA2",-0.138578305357843,0.100549413094473,1.89946551083375,0.170328198024262,0.216462807089119,"EODSD_vs_CN",144,"study_4"
"HTRA1",0.0638933820444691,0.0286171121615477,4.98494238078871,0.027206527425804,0.0418446175622324,"EODSD_vs_CN",144,"study_4"
"TMEM132A",-0.122139606225286,0.0413421508012821,8.72824437936988,0.00368425492158279,0.00654439947654038,"EODSD_vs_CN",144,"study_4"
"LYZ",0.535927902094019,0.0639776031986724,70.1708608902111,5.49901736553132e-14,5.36395378111477e-13,"EODSD_vs_CN",144,"study_4"
"KNG1",0.18680148126009,0.0755087474765417,6.12020682276187,0.0146659332554503,0.023669837126358,"EODSD_vs_CN",144,"study_4"
"MCFD2",-0.149331053748701,0.0547496513690611,7.43939371149101,0.00754959352497444,0.0127199212117751,"EODSD_vs_CN",102,"study_4"
"PPIA",0.41560063667699,0.0287545938833976,208.899755654763,6.00483751358238e-29,1.11289655251727e-26,"EODSD_vs_CN",144,"study_4"
"CALB1",-0.0959135688008725,0.0501692514232766,3.6549787773697,0.0581356819607835,0.0832006156246991,"EODSD_vs_CN",144,"study_4"
"GPR37",-0.143023572934934,0.0422556759692827,11.4563200854729,0.000971557954404742,0.00191216361999659,"EODSD_vs_CN",139,"study_4"
"SHISA7",-0.189446014892699,0.0484304972943573,15.3014677452181,0.000146752142047379,0.00032378647213628,"EODSD_vs_CN",144,"study_4"
"MAPT",1.16482584726868,0.0995495985219299,136.91245950247,9.11503553533231e-18,1.80998562773027e-16,"EODSD_vs_CN",88,"study_4"
"ATP6AP2",-0.698253063944902,0.0650829078906328,115.104367402114,8.46606198343709e-20,2.25885362315402e-18,"EODSD_vs_CN",139,"study_4"
"C7",0.126974381313245,0.0455041944628731,7.78626802781627,0.00599354527287499,0.0103011164504436,"EODSD_vs_CN",144,"study_4"
"CANX",-0.0550413799916187,0.0265079478864345,4.31148035564264,0.0397532726478034,0.0584824904055457,"EODSD_vs_CN",144,"study_4"
"VGF",-0.957418382905242,0.0784255235975397,149.035136613173,1.29066469268256e-22,6.24008320983916e-21,"EODSD_vs_CN",144,"study_4"
"ENPP2",0.0650562299368467,0.0549431614848441,1.40200800333598,0.238367791560677,0.29160064270129,"EODSD_vs_CN",144,"study_4"
"MGP",0.53626842897517,0.0967417219800989,30.7281796485225,1.48668098228463e-07,5.15012228130998e-07,"EODSD_vs_CN",144,"study_4"
"MRC1",-0.338344801078957,0.0468100910160167,52.2444358744579,3.12467610887424e-11,1.91969051550727e-10,"EODSD_vs_CN",144,"study_4"
"SERPINA5",0.111995966623519,0.0593829777662036,3.5569750738145,0.0616738007146588,0.0875182657491636,"EODSD_vs_CN",144,"study_4"
"IGKV4-1",0.502588694975671,0.0877507809279753,32.8037467812811,6.08382902176278e-08,2.25507262406674e-07,"EODSD_vs_CN",144,"study_4"
"LDHA",0.163525111192701,0.0376433974231646,18.870842092912,2.8554950805289e-05,7.00951551776631e-05,"EODSD_vs_CN",144,"study_4"
"PRCP",-0.0256978389057725,0.0439328292725039,0.342148672368199,0.559523059547707,0.614811899423963,"EODSD_vs_CN",144,"study_4"
"FRRS1L",-0.387307959948371,0.0552259784518797,49.1842447735257,1.25379500848149e-10,6.7680584923855e-10,"EODSD_vs_CN",140,"study_4"
"F12",0.0548106814036906,0.083054988938669,0.435510823762841,0.510401920230947,0.567566935296813,"EODSD_vs_CN",144,"study_4"
"TPI1",-0.0667360721708405,0.0358567303534208,3.464016195065,0.0649029108604693,0.0911263091879316,"EODSD_vs_CN",144,"study_4"
"FGG",0.299219712145357,0.0964231066814694,9.62981982638825,0.00233574820625338,0.00431453821487336,"EODSD_vs_CN",144,"study_4"
"OGN",-0.164073213339451,0.0427449079045529,14.7335226831224,0.000188155100108892,0.000407852770606408,"EODSD_vs_CN",144,"study_4"
"LCAT",-0.520042327889604,0.0495650252962002,110.084639113101,3.11552634127156e-19,7.37120274785952e-18,"EODSD_vs_CN",144,"study_4"
"LINGO1",-0.189771785023279,0.0549439110534142,11.9295522721087,0.000750701119991821,0.00150140223998364,"EODSD_vs_CN",144,"study_4"
"LRP1",-0.0459921888878245,0.0179301329966686,6.57962491747353,0.0113603492567296,0.0186598351159281,"EODSD_vs_CN",144,"study_4"
"MEGF9",-0.12431785477146,0.0299184392957369,17.2658969807964,5.65405164714602e-05,0.000134469563370845,"EODSD_vs_CN",144,"study_4"
"CSF1",-0.061430674519575,0.0187979058715947,10.6795173779155,0.00137293320899056,0.00261869936260292,"EODSD_vs_CN",144,"study_4"
"SEMA3G",-0.0951775579061396,0.0351043971624678,7.35099412834146,0.00759248529365221,0.0127728345636025,"EODSD_vs_CN",144,"study_4"
"DKK3",-0.0836465951673997,0.0350913946519459,5.68192213176338,0.0185676925873508,0.0293702335094369,"EODSD_vs_CN",144,"study_4"
"NCAM2",0.481669945514474,0.0367845243395557,171.462364467562,2.5356301082211e-25,2.16893898487835e-23,"EODSD_vs_CN",144,"study_4"
"NPTX2",-0.964803950144925,0.076626688124598,158.532400256346,3.6825510582644e-23,1.86136217126819e-21,"EODSD_vs_CN",144,"study_4"
"SPOCK1",-0.322521668720578,0.0343924681315133,87.9409411727812,1.75296822061429e-16,2.78471523046156e-15,"EODSD_vs_CN",144,"study_4"
"TF",-0.190083839467244,0.0438200763734018,18.8167290315621,2.94358506280743e-05,7.19399250514696e-05,"EODSD_vs_CN",144,"study_4"
"QSOX2",-0.586694398055205,0.0421411404411981,193.825678949036,1.74867149916256e-27,2.16058078563197e-25,"EODSD_vs_CN",144,"study_4"
"PIK3IP1",-0.293044923258185,0.0345295155329474,72.025691083046,6.29749455129184e-14,5.98531106071498e-13,"EODSD_vs_CN",144,"study_4"
"SMOC1",0.39565338505516,0.0327200128115219,146.218674077874,1.96581053401845e-23,1.09299065691426e-21,"EODSD_vs_CN",144,"study_4"
"LMAN2",-0.0463423681268349,0.0202235406976874,5.25100049062591,0.0234519188435592,0.0364734737818711,"EODSD_vs_CN",144,"study_4"
"CLSTN3",-0.297416138953548,0.0446437065710449,44.3821740957969,1.57691454130405e-09,7.24598747905e-09,"EODSD_vs_CN",139,"study_4"
"NEO1",-0.172890449036123,0.0296765048867309,33.9403645149991,4.71511463724831e-08,1.78340390361228e-07,"EODSD_vs_CN",144,"study_4"
"IGFBP4",0.137198367269391,0.0304218775628809,20.3388249223662,1.36752254042182e-05,3.55300248819875e-05,"EODSD_vs_CN",144,"study_4"
"PRKCSH",-0.197436991845846,0.0275258579568886,51.4488085813326,7.56397884185314e-11,4.24805276370742e-10,"EODSD_vs_CN",144,"study_4"
"BCHE",-0.000923826546238793,0.0466119872822414,0.000392812805010341,0.984216469178927,0.989555799029808,"EODSD_vs_CN",144,"study_4"
"SPINT2",-0.0532815306060552,0.0471680875050862,1.27601814282044,0.261614646522923,0.316556569024473,"EODSD_vs_CN",109,"study_4"
"TWSG1",0.0558026695988598,0.0295043250099159,3.57716180762898,0.0607028729930573,0.0865405061131791,"EODSD_vs_CN",139,"study_4"
"HEXB",0.160099895273887,0.0426748090441537,14.0746927416955,0.000255530947993984,0.000542380703185445,"EODSD_vs_CN",144,"study_4"
"SULF2",-0.309103859300091,0.043174374731618,51.2574198881179,5.63253490998903e-11,3.24527399995223e-10,"EODSD_vs_CN",144,"study_4"
"FETUB",-0.000436277853228972,0.0822993071848022,2.81017895083608e-05,0.995779401499147,0.998154415407531,"EODSD_vs_CN",144,"study_4"
"MMP2",0.232576040800488,0.0331836916305163,49.1225098558996,9.233667406152e-11,5.08308819586189e-10,"EODSD_vs_CN",144,"study_4"
"MFGE8",-0.379836656281691,0.0392221741554278,93.7843604004606,2.56017123758653e-17,4.66706625605938e-16,"EODSD_vs_CN",144,"study_4"
"SLC39A10",-0.209354230022701,0.0461994841972944,20.5347408745036,1.32127135336675e-05,3.44895245291977e-05,"EODSD_vs_CN",144,"study_4"
"KLKB1",0.170530756000579,0.0805001271524313,4.4875810152935,0.0360894541861754,0.0539401519556815,"EODSD_vs_CN",144,"study_4"
"FGFR2",-0.0442036008986957,0.0275543940579124,2.57355567667923,0.111201714044001,0.147737522122973,"EODSD_vs_CN",144,"study_4"
"PTPRZ1",-0.0421612914850229,0.023762050120365,3.14818319458684,0.0784666776649171,0.108526051695756,"EODSD_vs_CN",144,"study_4"
"GNPTG",0.0614847094303457,0.0273660888557013,5.04787723656705,0.0263746527304542,0.0406213488036912,"EODSD_vs_CN",144,"study_4"
"DYNLL2",0.201787263218938,0.0447608693512311,20.3231243569372,1.61959781812254e-05,4.14975293491306e-05,"EODSD_vs_CN",142,"study_4"
"SDF4",-0.0116402905318331,0.025559947991498,0.207399501667675,0.649534034034959,0.700896738565935,"EODSD_vs_CN",144,"study_4"
"PTPRN",-0.372475708267343,0.0582854517976759,40.8390447204749,3.67007419774583e-09,1.60044019917387e-08,"EODSD_vs_CN",144,"study_4"
"VSTM2B",-0.258009932740731,0.0533274724699344,23.4083526066405,3.73939432843629e-06,1.05271050461295e-05,"EODSD_vs_CN",144,"study_4"
"PRDX1",0.0290048949067554,0.0265797321523448,1.19080703611159,0.27702300007757,0.332101001873264,"EODSD_vs_CN",144,"study_4"
"APOA4",0.20384880125869,0.0828302601827561,6.05673082043401,0.0152306172477979,0.0244746334964614,"EODSD_vs_CN",144,"study_4"
"FBLN1",0.0168517910113053,0.0249677049111983,0.455548775314176,0.500839386788498,0.558049497103016,"EODSD_vs_CN",144,"study_4"
"CADM3",-0.241620090169246,0.0334716812652305,52.108794902403,3.59198980498316e-11,2.1590771152115e-10,"EODSD_vs_CN",144,"study_4"
"SERPING1",0.306167893008144,0.0351306391972437,75.9533943755236,8.39149593674406e-15,9.92696115070148e-14,"EODSD_vs_CN",144,"study_4"
"APOE",-0.171676487699644,0.0385125314254871,19.8708986241497,1.79865159190069e-05,4.56643965797619e-05,"EODSD_vs_CN",144,"study_4"
"SOD2",0.123312724279464,0.0427286312577879,8.32871157669877,0.00462085524961222,0.00805390444759998,"EODSD_vs_CN",144,"study_4"
"PENK",-0.0773591299429128,0.0461023154649185,2.81564356949403,0.0959951783906971,0.12954689122628,"EODSD_vs_CN",144,"study_4"
"CST3",-0.0520046502424218,0.0350429202283454,2.20233702306583,0.140072202210166,0.182602917769876,"EODSD_vs_CN",144,"study_4"
"CFD",0.531837708651175,0.0546051979423049,94.8615642585704,2.69224954398635e-17,4.82867982727875e-16,"EODSD_vs_CN",144,"study_4"
"CADM4",-0.110325989957569,0.0234706761793634,22.0955320146658,6.17957916969056e-06,1.69671408313479e-05,"EODSD_vs_CN",144,"study_4"
"FN1",-0.143270284396385,0.0243777529568682,34.5402043568794,3.09393238791164e-08,1.20295552984536e-07,"EODSD_vs_CN",144,"study_4"
"COLEC12",-0.00749471715750705,0.0258107378808149,0.0843159338796795,0.772004103242904,0.809876002647273,"EODSD_vs_CN",144,"study_4"
"CFH",0.126493848434684,0.0409034141382176,9.56356233048958,0.00244142458713506,0.00449480818028838,"EODSD_vs_CN",144,"study_4"
"CNTN1",-0.249889418710328,0.0213276937735217,137.280211851067,6.05037845883728e-22,2.80334201926127e-20,"EODSD_vs_CN",144,"study_4"
"ORM1",0.555426066170645,0.0933561466095553,35.3970182672386,2.02081280688412e-08,8.02551371876836e-08,"EODSD_vs_CN",144,"study_4"
"NPY",-0.649546069830526,0.0783114076137193,68.7970566418187,6.24180050579116e-13,4.95777297317126e-12,"EODSD_vs_CN",103,"study_4"
"ECM2",-0.0392113973366417,0.046882093293642,0.699536933063092,0.404348877018348,0.461638553639018,"EODSD_vs_CN",144,"study_4"
"CD14",0.0587417085464015,0.031572123400087,3.4616692092026,0.0648888506961553,0.0911263091879316,"EODSD_vs_CN",144,"study_4"
"C4A",0.141164667188841,0.0874393474459831,2.60638280290697,0.108666906087086,0.144542583216316,"EODSD_vs_CN",144,"study_4"
"ENDOD1",-0.0131800779457372,0.0309836632670996,0.180954933955341,0.67125808200793,0.719806159298763,"EODSD_vs_CN",144,"study_4"
"APOA1",-0.000280775140579337,0.0911175951498042,9.49539003852908e-06,0.997546069587041,0.998443950837794,"EODSD_vs_CN",144,"study_4"
"OLFM1",-0.147979257247782,0.0288020886665852,26.3969482031792,9.43547849666957e-07,2.9064410216888e-06,"EODSD_vs_CN",144,"study_4"
"FGFR1",-0.308388566582055,0.0270823550673807,129.665273765453,4.28165865320608e-21,1.53587239431134e-19,"EODSD_vs_CN",144,"study_4"
"HABP2",0.211672182373009,0.0771424804297374,7.52905339184242,0.00691073946865422,0.0117503704726965,"EODSD_vs_CN",144,"study_4"
"PTGDS",-0.163562515245507,0.0245646966128435,44.3347997766772,6.53326726792572e-10,3.10469794954419e-09,"EODSD_vs_CN",144,"study_4"
"GLDN",0.0465149235366775,0.0524506093666401,0.786472508837908,0.376712181346826,0.43409735301313,"EODSD_vs_CN",144,"study_4"
"GOLIM4",-0.223938909709926,0.0327785682084873,46.6744447470239,2.85002915503551e-10,1.44056019109068e-09,"EODSD_vs_CN",144,"study_4"
"SOD3",0.225154861722745,0.066887011835074,11.3312825593185,0.000980686881435647,0.00192332242002899,"EODSD_vs_CN",144,"study_4"
"SERPINF1",0.0354831404809133,0.0381954023522207,0.863022111196719,0.354496310483528,0.411482147450609,"EODSD_vs_CN",144,"study_4"
"C8A",0.0978966336845257,0.0860611148857089,1.29396217327186,0.257301542098416,0.311676813522264,"EODSD_vs_CN",144,"study_4"
"RNASE2",0.411327631880595,0.0699765542285808,34.5517989503005,7.23298843247782e-08,2.65448288347041e-07,"EODSD_vs_CN",94,"study_4"
"ITIH1",0.286250442051482,0.0937826265231179,9.31638760187078,0.00277576268228313,0.00502711417377661,"EODSD_vs_CN",144,"study_4"
"TIMP2",0.190337246465953,0.0388879203667792,23.9562108596454,2.82285518968067e-06,8.09520918327002e-06,"EODSD_vs_CN",144,"study_4"
"SORCS2",-0.146521684786005,0.0433532148212924,11.4225006660519,0.00096533432469191,0.00190328327847057,"EODSD_vs_CN",140,"study_4"
"ORM2",0.388727962085254,0.0941825223713201,17.0353448004633,6.35614227520496e-05,0.000148800636000588,"EODSD_vs_CN",144,"study_4"
"CD163",0.166526982037993,0.0364002387051061,20.9295918644012,1.10554811987341e-05,2.92011759928559e-05,"EODSD_vs_CN",144,"study_4"
"CADM2",-0.192167830765963,0.0436253952611958,19.4036139682363,2.35683383349957e-05,5.9027009523683e-05,"EODSD_vs_CN",144,"study_4"
"SORCS3",-0.26750686515434,0.0385858710829087,48.0632623887803,2.11998758097952e-10,1.09647729769731e-09,"EODSD_vs_CN",144,"study_4"
"TALDO1",0.19393584115161,0.0353543304687189,30.0906051665116,2.21836729758434e-07,7.52080620400546e-07,"EODSD_vs_CN",144,"study_4"
"OMD",0.0541819310899623,0.0396014521778923,1.87191763517965,0.173654035766687,0.220186189022299,"EODSD_vs_CN",144,"study_4"
"ENO1",0.133037024116847,0.033790082750325,15.501243294188,0.000128696699182815,0.000286255340829257,"EODSD_vs_CN",144,"study_4"
"NRXN1",-0.386535426729161,0.0392060365210736,97.2014464689469,2.7833723375767e-17,4.83610943653952e-16,"EODSD_vs_CN",144,"study_4"
"SERPINA3",0.325613232374208,0.0597067902687592,29.7410735727453,2.36356690516244e-07,7.9887124575703e-07,"EODSD_vs_CN",144,"study_4"
"FCGBP",1.02540342451628,0.0822790607493459,155.314097075575,1.63957141220966e-24,1.21546894025143e-22,"EODSD_vs_CN",144,"study_4"
"MAN2A2",-0.275376919852592,0.0407074125836585,45.7623246770798,4.97838270891304e-10,2.3861903328928e-09,"EODSD_vs_CN",144,"study_4"
"RNASE6",-0.0942362712973353,0.0313570798274144,9.03160560408811,0.00316344693999705,0.00567379515689793,"EODSD_vs_CN",144,"study_4"
"MARCKS",-0.0105252150731836,0.0477029029766802,0.0486824403122082,0.82570471574562,0.854919593956359,"EODSD_vs_CN",144,"study_4"
"ST6GAL2",-0.183756682070163,0.041242948345507,19.851204927816,1.83466134498404e-05,4.63668958095967e-05,"EODSD_vs_CN",144,"study_4"
"NID1",0.17497154983128,0.0269886762896101,42.0311921940047,1.96334192357429e-09,8.91116824087595e-09,"EODSD_vs_CN",144,"study_4"
"COTL1",0.0683979152973659,0.0336125800247804,4.14077880509475,0.0437243645600582,0.0637241066720638,"EODSD_vs_CN",144,"study_4"
"TXN",0.149650586669693,0.0359803677682625,17.2991853235673,6.04210313553992e-05,0.000142953589079157,"EODSD_vs_CN",144,"study_4"
"CUTA",-0.336428991923592,0.0354779251702145,89.9229201678781,8.01614927158203e-17,1.33044149104466e-15,"EODSD_vs_CN",144,"study_4"
"NPTXR",-0.55402091400936,0.0577792476223265,91.9408583985545,1.91179553357027e-16,2.99424877933822e-15,"EODSD_vs_CN",144,"study_4"
"MDH1",0.34218899960044,0.0387889017455652,77.8246402062361,1.41787326948617e-14,1.6088521180292e-13,"EODSD_vs_CN",144,"study_4"
"C8G",0.0893533199931458,0.0824252646605288,1.17516997465432,0.280333342086247,0.335194275698825,"EODSD_vs_CN",144,"study_4"
"PRG4",0.494331797928027,0.0829393148422138,35.5235375768341,1.967804043096e-08,7.84300392803854e-08,"EODSD_vs_CN",144,"study_4"
"ARMH4",-0.320625934472687,0.0432652280661881,54.918580290476,1.74813122576044e-11,1.15709638276525e-10,"EODSD_vs_CN",144,"study_4"
"GOT2",-0.0365514117098131,0.038669842399445,0.893436119940912,0.346237286099492,0.402736257471375,"EODSD_vs_CN",144,"study_4"
"PPIB",0.0629336169974835,0.0379895571989749,2.74433372400872,0.0999125056123462,0.133661329027576,"EODSD_vs_CN",144,"study_4"
"QSOX1",-0.0372477492753749,0.0257882674130911,2.08619903687019,0.150863034698228,0.195296501262432,"EODSD_vs_CN",144,"study_4"
"APOM",-0.00870776689894726,0.11002258839338,0.00626397294971698,0.937038792496832,0.953327664461552,"EODSD_vs_CN",144,"study_4"
"FBLN2",0.121821051298962,0.0286960840861483,18.0218517854087,3.93300666845986e-05,9.50761612027688e-05,"EODSD_vs_CN",144,"study_4"
"LY6H",-0.175954272947163,0.0626018167383047,7.89997582099125,0.0057523136582017,0.00990181546117692,"EODSD_vs_CN",144,"study_4"
"WFDC2",-0.0976939455647674,0.0296080849905346,10.8871614209794,0.00122497125532359,0.00235669210366754,"EODSD_vs_CN",144,"study_4"
"GPR37L1",-0.321312911659527,0.037821994981515,72.171792181734,3.27113797899606e-14,3.41304252297841e-13,"EODSD_vs_CN",144,"study_4"
"TNXB",0.281124122046172,0.0401388370758583,49.0531219377464,1.12248234568268e-10,6.08878228487385e-10,"EODSD_vs_CN",144,"study_4"
"APOH",0.137006600724405,0.0966355673391856,2.01005981339501,0.158682620908085,0.203994305722301,"EODSD_vs_CN",144,"study_4"
"SERPINA4",0.0182452170112697,0.0785865768104791,0.0539015586251438,0.816803129224315,0.848864560464895,"EODSD_vs_CN",144,"study_4"
"NPC2",0.112449224567198,0.0192638695695945,34.0742159683013,3.54238204478354e-08,1.36302035771602e-07,"EODSD_vs_CN",144,"study_4"
"ADGRB1",-0.414942969955739,0.0594130031089722,48.7768569746323,1.75257570621097e-10,9.14959711411546e-10,"EODSD_vs_CN",144,"study_4"
"IGKV3-20",0.901681166632572,0.103620065390247,75.7213369485135,3.77750690133987e-14,3.8187160675363e-13,"EODSD_vs_CN",131,"study_4"
"ITIH4",0.350423544521625,0.0787309640626683,19.8104991161551,1.7562165991118e-05,4.46890814236228e-05,"EODSD_vs_CN",144,"study_4"
"BGLAP",0.166553318991777,0.0898656789543768,3.43493769006556,0.0686106826610306,0.0958480893455603,"EODSD_vs_CN",89,"study_4"
"RTN4RL2",-0.210451339573665,0.0584342335001153,12.970857427106,0.000450903969687624,0.000930250861396359,"EODSD_vs_CN",144,"study_4"
"C4B",0.288880111818608,0.10536130627015,7.51749234097777,0.00703531866463701,0.0119257231022505,"EODSD_vs_CN",144,"study_4"
"DAG1",-0.193929075347791,0.0214828931826285,81.489249001822,1.15361537121135e-15,1.59961246658682e-14,"EODSD_vs_CN",144,"study_4"
"CGREF1",-0.377037113752769,0.0534563013995938,49.7474003214797,1.34782469810537e-10,7.20567819371715e-10,"EODSD_vs_CN",144,"study_4"
"DIPK1C",-0.329376396736674,0.043482367159349,57.3797419418775,8.60574834055894e-12,5.98099509668846e-11,"EODSD_vs_CN",127,"study_4"
"CFHR1",0.319152714311124,0.145962388945526,4.78096053872641,0.0308234307974297,0.0468887209941748,"EODSD_vs_CN",139,"study_4"
"CLU",-0.050255316414809,0.0247399829605944,4.126342101609,0.0441888166795176,0.0643167069995072,"EODSD_vs_CN",144,"study_4"
"FSTL4",-0.35904133274753,0.056521667244361,40.3514334039583,2.9454940733806e-09,1.30105644907785e-08,"EODSD_vs_CN",144,"study_4"
"NTRK2",-0.0101832806375013,0.0441121527889509,0.0532916195742547,0.817802740318275,0.849109848024203,"EODSD_vs_CN",144,"study_4"
"NXPH4",-0.140321100906065,0.0579916243095637,5.85484524370757,0.0169713387875716,0.0270374337131514,"EODSD_vs_CN",144,"study_4"
"ADAM22",-0.330373316771423,0.0362287762764044,83.1577245580879,1.29468065176051e-15,1.73418875830497e-14,"EODSD_vs_CN",144,"study_4"
"CCN3",0.294445504192302,0.0428371295037029,47.24644462095,2.00904326272491e-10,1.04395145240659e-09,"EODSD_vs_CN",144,"study_4"
"CNTN4",-0.397719353586846,0.0391525543651123,103.188962810433,8.78431949936961e-18,1.77602968787255e-16,"EODSD_vs_CN",144,"study_4"
"SPOCK2",-0.154652154761401,0.0329731248172018,21.9984325698727,6.53030886036302e-06,1.77547761680286e-05,"EODSD_vs_CN",144,"study_4"
"KRT9",0.370094978232848,0.26293125150884,1.98126226160751,0.161590464708228,0.207253283455074,"EODSD_vs_CN",141,"study_4"
"TNR",-0.15569381156742,0.0317827443327916,23.9971636334297,2.65508886232001e-06,7.64885703341929e-06,"EODSD_vs_CN",144,"study_4"
"LRRC4B",-0.111605332663121,0.0385623722110981,8.37611069616816,0.00445271916425284,0.00779751765456561,"EODSD_vs_CN",144,"study_4"
"CTSD",0.0294584576651555,0.0464220915744253,0.402689774978044,0.526734112399753,0.581656735837662,"EODSD_vs_CN",144,"study_4"
"CTSZ",0.0584815168986985,0.0342934524545815,2.90813684565463,0.0903205847319224,0.122483524660851,"EODSD_vs_CN",144,"study_4"
"CANT1",-0.145738502420521,0.0247904495792888,34.5604826777346,2.94106198850325e-08,1.15157075042803e-07,"EODSD_vs_CN",144,"study_4"
"PCSK1N",-0.272431764950831,0.0419205306156234,42.2339737491877,2.00319611091407e-09,9.05509786722133e-09,"EODSD_vs_CN",144,"study_4"
"GM2A",-0.288076082687759,0.0335764324715315,73.6114386311631,1.89913783924937e-14,2.1118412772453e-13,"EODSD_vs_CN",144,"study_4"
"C9",0.492703281505351,0.10055564198461,24.0081128297154,2.58471202988009e-06,7.46545396682248e-06,"EODSD_vs_CN",144,"study_4"
"CALR",-0.137502810599655,0.0243138523456793,31.9827350858983,9.94504205382545e-08,3.5559121427183e-07,"EODSD_vs_CN",144,"study_4"
"COL6A1",0.212353270396973,0.0335188273419308,40.1365717698945,2.94843727668721e-09,1.30105644907785e-08,"EODSD_vs_CN",144,"study_4"
"CAMK2B",-0.206297914755468,0.0665651663942001,9.60496158937226,0.00267753378043459,0.00487302383607735,"EODSD_vs_CN",90,"study_4"
"SPINK6",-0.587436637239068,0.0916914900508049,41.0453532266624,1.18535944652057e-08,4.86878991941493e-08,"EODSD_vs_CN",97,"study_4"
"APOB",0.781701623074039,0.114054701199699,46.9737946855954,3.07790486979372e-10,1.54172532216695e-09,"EODSD_vs_CN",144,"study_4"
"AFM",0.0835011692821741,0.0849161710112551,0.966950646444906,0.327302565833099,0.384328284743695,"EODSD_vs_CN",144,"study_4"
"PTPRF",-0.172216620451728,0.0355814293231648,23.4262808226577,4.04273644222879e-06,1.12669747462617e-05,"EODSD_vs_CN",144,"study_4"
"LGALS3BP",0.247352681401388,0.033995780780796,52.9399107958771,2.14054531114416e-11,1.38388743371645e-10,"EODSD_vs_CN",144,"study_4"
"ECM1",-0.0109611100255194,0.0366979672553518,0.0892123658326341,0.765619490004764,0.803936612733992,"EODSD_vs_CN",144,"study_4"
"SLITRK4",-0.454681946054481,0.0631991061865369,51.7599142162844,4.14759195866374e-11,2.45325652023089e-10,"EODSD_vs_CN",144,"study_4"
"PCSK2",-0.499103092012057,0.0533109058307628,87.6492888979391,3.21794800414369e-16,4.77114424081038e-15,"EODSD_vs_CN",144,"study_4"
"VSIG4",0.190433322040126,0.0578764209120573,10.8263622455571,0.00129515490401896,0.00248741321808131,"EODSD_vs_CN",132,"study_4"
"SUSD5",-0.270306570606107,0.0398937367393144,45.9096276533163,3.62911206310021e-10,1.76998798866993e-09,"EODSD_vs_CN",144,"study_4"
"B4GAT1",-0.294275483819703,0.0350637501102419,70.4354736957146,7.96705465960189e-14,7.39023174619911e-13,"EODSD_vs_CN",144,"study_4"
"NEGR1",-0.304096993923036,0.0398946497154406,58.1025163639076,6.84154026604481e-12,4.81505871888723e-11,"EODSD_vs_CN",144,"study_4"
"PEBP4",-0.134053028721034,0.0505134872827967,7.04268976240498,0.00886724630065232,0.0147389803980947,"EODSD_vs_CN",144,"study_4"
"GMFB",0.215330241138008,0.0638975625475715,11.3564206296077,0.00110279403614534,0.00214389330103779,"EODSD_vs_CN",144,"study_4"
"SCRG1",0.100679717866504,0.0386887216293134,6.77197303467885,0.0102493357875547,0.0169098833764998,"EODSD_vs_CN",144,"study_4"
"NUCB1",0.0526588204375713,0.0292754672554386,3.23544917852284,0.0742087425055136,0.103150152082664,"EODSD_vs_CN",144,"study_4"
"A4GALT",0.0213527272529106,0.0552022820131559,0.149621030802184,0.699984029850698,0.746263993230133,"EODSD_vs_CN",78,"study_4"
"ABCA2",-0.227108745011107,0.046704190579868,23.6459090704665,3.35703845005675e-06,9.54738300885704e-06,"EODSD_vs_CN",140,"study_4"
"ABHD14B",0.204222076231569,0.069863006788205,8.5449756259956,0.00629317931688261,0.0107331524545605,"EODSD_vs_CN",83,"study_4"
"ABI3BP",0.328165223024666,0.0519848153502396,39.8503462365518,4.01305296844493e-09,1.74316988316827e-08,"EODSD_vs_CN",137,"study_4"
"ACE",-0.00602746623619765,0.0758872172491184,0.00630859020212069,0.936870279255125,0.953327664461552,"EODSD_vs_CN",99,"study_4"
"ACP2",-0.0421701449998109,0.0963276608319178,0.191649707226628,0.664458367489583,0.713534082589272,"EODSD_vs_CN",77,"study_4"
"ACYP1",0.0441228842735386,0.0516179995197634,0.730677021538221,0.395304756003547,0.453174112037056,"EODSD_vs_CN",82,"study_4"
"ADA2",0.464723593111475,0.0504700146201109,84.7856944294052,6.4449159019151e-16,9.07183099105011e-15,"EODSD_vs_CN",135,"study_4"
"ADAM10",0.0893282504669211,0.0333514134317096,7.1737984089366,0.00831215045837338,0.0139203483579988,"EODSD_vs_CN",144,"study_4"
"ADAM11",-0.454246711038024,0.0536599970672191,71.6609058664424,3.50662192705626e-14,3.61052183600608e-13,"EODSD_vs_CN",144,"study_4"
"ADAM15",-0.0172341698094396,0.0464027020389828,0.137941261960267,0.711122700537714,0.754279519247321,"EODSD_vs_CN",102,"study_4"
"ADAM23",-0.14832332499217,0.0580902145544811,6.51947980049051,0.0125327671005347,0.020494760317345,"EODSD_vs_CN",115,"study_4"
"ADAM28",0.0840071438501484,0.0680816819487797,1.52255113044533,0.220293085671713,0.272184345852161,"EODSD_vs_CN",103,"study_4"
"ADAM9",0.0440826736249882,0.0573533629245456,0.590769516240693,0.444524952521157,0.501839337262463,"EODSD_vs_CN",79,"study_4"
"ADAMTS8",-0.109467067842063,0.0760553665055407,2.07160639806983,0.153193595630129,0.198082881791515,"EODSD_vs_CN",110,"study_4"
"ADGRB3",-0.110162737080178,0.0670858761573799,2.69654233676949,0.102816643802857,0.136924680130271,"EODSD_vs_CN",144,"study_4"
"ADGRL1",-0.314696194377613,0.0401706734658481,61.3712199636347,3.6740207709456e-12,2.6702686910402e-11,"EODSD_vs_CN",144,"study_4"
"ADGRL3",-0.253337719834184,0.0317293228681606,63.7496943373957,4.52517985034128e-13,3.7552238758056e-12,"EODSD_vs_CN",144,"study_4"
"ADM",-0.118880689047344,0.0412107635712268,8.32149400228118,0.0045806051873332,0.00799628409468528,"EODSD_vs_CN",136,"study_4"
"AHNAK",0.282771397594751,0.0790567639129895,12.7936036059257,0.0005934364307226,0.00119982056538824,"EODSD_vs_CN",90,"study_4"
"AKR1B1",0.148151151790024,0.0411272552476025,12.9762920504563,0.000457433116809166,0.000941973381281097,"EODSD_vs_CN",125,"study_4"
"ALB",-0.000456807197453557,0.0703729751677767,4.21360724206157e-05,0.99483082676226,0.998154415407531,"EODSD_vs_CN",144,"study_4"
"ALDH1A1",-0.612777608183313,0.0649392416528243,89.0412706377861,4.65943332441708e-15,5.85029157954356e-14,"EODSD_vs_CN",114,"study_4"
"ANGPTL7",-0.148942361420914,0.104021331222367,2.05017840865073,0.15563871517206,0.200544902979526,"EODSD_vs_CN",93,"study_4"
"ANPEP",0.177694373582681,0.0560701464179445,10.0434743125607,0.00198875427728961,0.00369815176646497,"EODSD_vs_CN",129,"study_4"
"ANXA5",0.219531289512256,0.0940215833009055,5.45177264512972,0.0231713967547817,0.0360876655340577,"EODSD_vs_CN",89,"study_4"
"AP2B1",0.0945605327698322,0.0435733099597576,4.70954247212135,0.0320180428417334,0.0486394312021961,"EODSD_vs_CN",144,"study_4"
"APMAP",0.055481699698853,0.119668214034994,0.214952200605225,0.644244865493674,0.696887442051522,"EODSD_vs_CN",108,"study_4"
"APOC2",-0.205893937978821,0.100874154950246,4.16607708207547,0.0431415536533348,0.0629572279035541,"EODSD_vs_CN",144,"study_4"
"APOF",0.127633967143669,0.0956417168816756,1.78089292802467,0.184369230246311,0.231921475151469,"EODSD_vs_CN",138,"study_4"
"APOL1",-0.0517419021609538,0.103139324944495,0.251672759872107,0.616740249025284,0.673027631909829,"EODSD_vs_CN",144,"study_4"
"ARHGAP36",-0.200832069666885,0.0573947694902412,12.2439485437219,0.000688722468540707,0.00137992681985093,"EODSD_vs_CN",109,"study_4"
"ASAH1",0.0636261914926957,0.0568164813691177,1.25407406795187,0.264666659917675,0.319207511744527,"EODSD_vs_CN",144,"study_4"
"ASPH",-0.00841356601656962,0.0447968235080084,0.0352748985959598,0.851551986132482,0.878409840982671,"EODSD_vs_CN",116,"study_4"
"ATP1B1",-0.0538975682174216,0.0318730125123206,2.85951326336808,0.0930288096938877,0.126002480364925,"EODSD_vs_CN",144,"study_4"
"ATP1B2",-0.0475214292409172,0.0494808345699801,0.922369546614157,0.340467417194476,0.396439547560479,"EODSD_vs_CN",86,"study_4"
"ATRNL1",0.0786621364052298,0.0861626374265891,0.833476782089722,0.36492468088022,0.422264563099692,"EODSD_vs_CN",80,"study_4"
"B3GALNT1",-0.199808163710866,0.050214243844434,15.8333423657991,0.000138346825216645,0.00030584824978312,"EODSD_vs_CN",107,"study_4"
"B3GNT9",0.0536616137085071,0.0550453425586331,0.950355953441137,0.332621239792931,0.389305054168814,"EODSD_vs_CN",81,"study_4"
"B4GALT1",-0.211199467720989,0.0385481396948469,30.0177952058639,2.93816551765302e-07,9.72392873699451e-07,"EODSD_vs_CN",128,"study_4"
"BCAM",0.0482614457638064,0.0385089734986867,1.57064042636143,0.212285774775531,0.263168095373903,"EODSD_vs_CN",141,"study_4"
"BGN",0.0580524103228965,0.0517903197610388,1.2564445523217,0.264293673859096,0.319103762574717,"EODSD_vs_CN",144,"study_4"
"BLMH",0.0541623677872654,0.0546173328023201,0.983409293293718,0.323430802396157,0.380660816695594,"EODSD_vs_CN",118,"study_4"
"BMP1",-0.165674107352215,0.0330873563596042,25.0717784092577,1.82908317160459e-06,5.42384129819815e-06,"EODSD_vs_CN",130,"study_4"
"BMP6",0.252362336987387,0.0624581326962626,16.3256728322132,0.000110037133496555,0.000249716923363611,"EODSD_vs_CN",99,"study_4"
"BSG",-0.162540439353533,0.0416096937066004,15.259272222993,0.000168130174769046,0.00036658971439839,"EODSD_vs_CN",113,"study_4"
"BST1",0.26665869466488,0.0681549163031864,15.3079529977389,0.000162609842179782,0.000355249792738541,"EODSD_vs_CN",108,"study_4"
"C11orf87",-0.377504682954858,0.11992850707451,9.90831561679962,0.00347440860779341,0.00621148291296828,"EODSD_vs_CN",87,"study_4"
"SPRING1",-0.0798101743621435,0.0476974001414303,2.7998006133544,0.0968619414738687,0.130242417072481,"EODSD_vs_CN",128,"study_4"
"C1QL3",0.166696334975407,0.0612939585111309,7.39633822705056,0.00748325062973001,0.0126272757211833,"EODSD_vs_CN",144,"study_4"
"C1QTNF4",-0.267554887845634,0.0527285733562781,25.7474211328101,1.53523304739679e-06,4.61399769920333e-06,"EODSD_vs_CN",123,"study_4"
"C1QTNF5",-0.11639927365975,0.0532160600950225,4.78426365007226,0.0307762825997533,0.0468811318505832,"EODSD_vs_CN",117,"study_4"
"C4BPB",0.885507522132945,0.12544729154623,49.8266777606041,1.73809335291495e-10,9.116791549252e-10,"EODSD_vs_CN",122,"study_4"
"CA10",-0.0926698411013041,0.0735163071547709,1.58894721266311,0.210652627557617,0.261727063512927,"EODSD_vs_CN",95,"study_4"
"CA11",-0.113574303159736,0.0545188327041548,4.33977350894179,0.0390247195883289,0.0576301303880767,"EODSD_vs_CN",144,"study_4"
"CA2",0.390226602952485,0.155072156398022,6.33236725204575,0.0135448644594714,0.0220203059633512,"EODSD_vs_CN",103,"study_4"
"CA4",-0.626034124286627,0.0448591520880408,194.757366074103,9.28023025737898e-27,1.03196160462054e-24,"EODSD_vs_CN",144,"study_4"
"CACHD1",-0.0172706710500048,0.0455046257045699,0.144048032838388,0.704865721942865,0.749340996941172,"EODSD_vs_CN",144,"study_4"
"CACNA2D2",-0.245010692206044,0.0403569308492632,36.8581737726157,1.18654862244734e-08,4.86878991941493e-08,"EODSD_vs_CN",144,"study_4"
"CACNA2D3",-0.207069687153828,0.0576301170132565,12.9102321556229,0.000472417764107857,0.000969240873962983,"EODSD_vs_CN",139,"study_4"
"CALY",-0.264089234448898,0.0795523189359042,11.0203581209415,0.00151754441410601,0.00287970885407148,"EODSD_vs_CN",101,"study_4"
"CAMK2D",-0.13191596134781,0.0460562851571819,8.20383435286317,0.00489108409391325,0.00847178428727654,"EODSD_vs_CN",136,"study_4"
"GOLM2",-0.213601190418713,0.038969869937627,30.0434238478215,2.83665966463587e-07,9.4160165584331e-07,"EODSD_vs_CN",132,"study_4"
"CAT",-0.168867457215557,0.121021564314836,1.94700202486227,0.167463524477054,0.213065719929616,"EODSD_vs_CN",86,"study_4"
"CBR1",0.318164169421741,0.043734792620469,52.9234802240645,3.1953747574808e-11,1.94167034443642e-10,"EODSD_vs_CN",130,"study_4"
"CCER2",-0.27411445685693,0.0619059557221811,19.6064522653362,2.67213142576564e-05,6.58849256197649e-05,"EODSD_vs_CN",120,"study_4"
"CCK",-0.112239314949122,0.112321166364087,0.998543077961793,0.319412768717863,0.376656414437183,"EODSD_vs_CN",144,"study_4"
"CD109",0.143738098280018,0.0385877586957861,13.8753734622937,0.000281154314928615,0.000593251609488842,"EODSD_vs_CN",144,"study_4"
"CD200",-0.114404745399381,0.0748903280482412,2.33365478615355,0.129063202534512,0.169643358414157,"EODSD_vs_CN",144,"study_4"
"CD248",0.158595990145714,0.0395330472043115,16.0939935624302,0.000103392967171448,0.000236569916655658,"EODSD_vs_CN",140,"study_4"
"CD5L",0.476005116770102,0.136648133674018,12.1343308831392,0.000763799404626292,0.00152485626201874,"EODSD_vs_CN",102,"study_4"
"CD81",0.396011591676356,0.0862867078932046,21.063376831084,1.01163154460714e-05,2.6848073451149e-05,"EODSD_vs_CN",137,"study_4"
"CD9",0.286369169686046,0.0839843919288102,11.626670274523,0.000882392747474686,0.00175217988427116,"EODSD_vs_CN",132,"study_4"
"CDH10",-0.250222686916697,0.0618443596238879,16.3701693687324,0.000117049689069009,0.000264551329765727,"EODSD_vs_CN",104,"study_4"
"CDH11",-0.0694101541767687,0.0388602196431691,3.19032932770725,0.0770330745038677,0.106675938789914,"EODSD_vs_CN",144,"study_4"
"CDH15",-0.440852599738236,0.0534593351964556,68.0048214974143,1.07226182171134e-13,9.84215470600077e-13,"EODSD_vs_CN",144,"study_4"
"CDH18",-0.365237747533894,0.0511215759052201,51.043781996369,7.87069097377725e-11,4.37610418142015e-10,"EODSD_vs_CN",123,"study_4"
"CDH20",0.112221144602989,0.0401848689785126,7.7987369992159,0.00612198452014924,0.0104894403488536,"EODSD_vs_CN",119,"study_4"
"CDH22",-0.632303651844456,0.082047033838796,59.3916799648451,1.49679667447715e-11,9.96669402406344e-11,"EODSD_vs_CN",136,"study_4"
"CDH4",-0.124269210127911,0.0415918042207587,8.92712375888361,0.00345560208108588,0.00618780920155796,"EODSD_vs_CN",128,"study_4"
"CDH5",0.242749800159117,0.0516310855564754,22.1052407659695,6.51343257849336e-06,1.77547761680286e-05,"EODSD_vs_CN",139,"study_4"
"CDH7",-0.419656197772684,0.0414257927106833,102.623217679389,2.69023177386225e-18,5.64441081610345e-17,"EODSD_vs_CN",144,"study_4"
"CDH8",-0.163037456016067,0.0597539912853459,7.44459268797074,0.00723789573604048,0.0122504414893105,"EODSD_vs_CN",144,"study_4"
"CDH9",-0.248108038405285,0.100459349855934,6.09959421482032,0.015645932295557,0.0250334916728912,"EODSD_vs_CN",90,"study_4"
"CEL",0.263468838035435,0.139795349620487,3.55200086646583,0.062458471939721,0.0881393664936164,"EODSD_vs_CN",101,"study_4"
"CEMIP",-0.0941554916703273,0.0291256372937266,10.4505810396473,0.00152944997556135,0.00289242920548338,"EODSD_vs_CN",144,"study_4"
"CFB",0.233621080826223,0.076995389195294,9.20650133499037,0.00290164049008025,0.00523802633923578,"EODSD_vs_CN",144,"study_4"
"CFHR3",0.821016326437704,0.141644621713613,33.5972250969391,7.58016843736331e-08,2.77274582314079e-07,"EODSD_vs_CN",106,"study_4"
"CFL1",0.229701908339845,0.0468604533603664,24.0279231737755,2.8522301568208e-06,8.15341885445946e-06,"EODSD_vs_CN",133,"study_4"
"CFP",0.134242992690035,0.089578900242893,2.24580372615626,0.136710693866171,0.178639590574832,"EODSD_vs_CN",131,"study_4"
"CHAD",-0.040456534788146,0.0449441204626893,0.810273417430541,0.369732181101576,0.427382729090388,"EODSD_vs_CN",130,"study_4"
"CHI3L2",0.0780691338712005,0.0871882854299392,0.801756422885966,0.372513985023885,0.430151143662056,"EODSD_vs_CN",126,"study_4"
"CHID1",-0.155862029685315,0.0526675998554362,8.75777130805016,0.00368329966574444,0.00654439947654038,"EODSD_vs_CN",135,"study_4"
"CHIT1",1.33036749548103,0.180686758172371,54.2113969684576,8.27029482552507e-11,4.57540688854919e-10,"EODSD_vs_CN",101,"study_4"
"CHRD",-0.212059820806578,0.0264351080542081,64.3508963040583,5.56404679186814e-13,4.48349277721549e-12,"EODSD_vs_CN",144,"study_4"
"CHRDL1",0.0200545515567034,0.0373609553196265,0.2881309857018,0.592292303416448,0.647619509733619,"EODSD_vs_CN",139,"study_4"
"CHST10",-0.242027711947672,0.0334515628784282,52.3476709811635,2.81349738383846e-11,1.75332695110624e-10,"EODSD_vs_CN",144,"study_4"
"CHST15",-0.19542080753819,0.0521072975364977,14.0651545197289,0.000302973856478403,0.000633283700007489,"EODSD_vs_CN",102,"study_4"
"CKB",0.144324784125038,0.0661474173028226,4.76053814185668,0.0324848427761882,0.0490803602814147,"EODSD_vs_CN",97,"study_4"
"CKMT1A",-0.120054896558022,0.0857281573736261,1.96115887407071,0.164753881023279,0.210098985892071,"EODSD_vs_CN",94,"study_4"
"CLEC11A",0.300599831823943,0.0485856031212574,38.2791486324285,7.06530132927376e-09,2.9553825687207e-08,"EODSD_vs_CN",144,"study_4"
"CLMP",-0.463228496308282,0.0591525739711365,61.3258026695879,6.65897737654416e-11,3.77652811733272e-10,"EODSD_vs_CN",92,"study_4"
"CLN5",0.0398186339259592,0.0470904944550433,0.71500027963509,0.399211719187396,0.457181701067337,"EODSD_vs_CN",144,"study_4"
"CLUL1",-0.0547245497781725,0.0860749707489813,0.404213325887108,0.52657273410905,0.581656735837662,"EODSD_vs_CN",95,"study_4"
"CNPY3",-0.148079044592087,0.0732999714192017,4.08112217949361,0.0467400360431519,0.0678523760835313,"EODSD_vs_CN",84,"study_4"
"CNTFR",-0.250866167025833,0.0313021689054118,64.2296162843799,4.74411188312128e-13,3.90774252891175e-12,"EODSD_vs_CN",144,"study_4"
"CNTN3",-0.357877863123051,0.0403866327776001,78.5225473322936,7.22073822929127e-15,8.63382893652892e-14,"EODSD_vs_CN",144,"study_4"
"CNTN6",-0.383614961361121,0.0410099728636102,87.5008173186506,2.03883945609534e-16,3.14887427108059e-15,"EODSD_vs_CN",144,"study_4"
"CNTNAP2",-0.122995312498537,0.0585524282827303,4.41252621832223,0.0377571103487703,0.0560559502107245,"EODSD_vs_CN",144,"study_4"
"CNTNAP5",-0.272214989459414,0.0599534335287688,20.6155986846514,1.63248013357691e-05,4.17314461732763e-05,"EODSD_vs_CN",119,"study_4"
"COL12A1",-0.0845702837413622,0.0424929979072561,3.96096341908073,0.0487121391363909,0.0703479204151516,"EODSD_vs_CN",139,"study_4"
"COL14A1",-0.0356990618078239,0.0410165868433249,0.757520812294337,0.385576611903154,0.44339316694551,"EODSD_vs_CN",144,"study_4"
"COL15A1",-0.067497632200868,0.0581662238244161,1.34658984824028,0.247946585085757,0.302320836201054,"EODSD_vs_CN",144,"study_4"
"COL21A1",-0.09815070049049,0.064308226491694,2.32945186939422,0.131382118462395,0.172284098738424,"EODSD_vs_CN",91,"study_4"
"COL28A1",0.246387879508425,0.0892893816306208,7.61445894101257,0.00725999858266689,0.0122691769360571,"EODSD_vs_CN",78,"study_4"
"COL4A1",-0.0506628349734344,0.0361149630273849,1.96790725712926,0.163281887756158,0.208940689510757,"EODSD_vs_CN",129,"study_4"
"COL4A2",-0.0305719042143622,0.0398228149175264,0.58936056033733,0.444094112440256,0.501839337262463,"EODSD_vs_CN",133,"study_4"
"COL5A1",0.0636050756860067,0.0524586947954482,1.47010578211352,0.227535817899481,0.27968956037109,"EODSD_vs_CN",137,"study_4"
"COL6A2",0.442517737260689,0.0403294183631399,120.397494398873,3.24845672868078e-20,9.5060102165606e-19,"EODSD_vs_CN",144,"study_4"
"COMP",0.457352832245342,0.0789039493173414,33.5973685517837,4.42967760975855e-08,1.68691832262038e-07,"EODSD_vs_CN",144,"study_4"
"CPD",-0.111725450913813,0.0829709337967998,1.81322741379767,0.183412740320372,0.231241459451535,"EODSD_vs_CN",94,"study_4"
"CPN1",0.132937980082606,0.0946987616242777,1.97065024528166,0.162752322134057,0.208502974899852,"EODSD_vs_CN",133,"study_4"
"CPXM2",0.338825164636784,0.0586787852552688,33.341803426476,4.96841128324589e-08,1.86651126586805e-07,"EODSD_vs_CN",144,"study_4"
"CRABP1",0.0139523010979836,0.093849835523874,0.0221016475132181,0.882133864154277,0.905755177229507,"EODSD_vs_CN",97,"study_4"
"CREG1",-0.0375865595492142,0.0575921915061352,0.425929715516224,0.515364530189596,0.571941474621588,"EODSD_vs_CN",117,"study_4"
"CRELD1",-0.171014305863856,0.0459233616444974,13.8674797722275,0.000282668947872011,0.000595317935669842,"EODSD_vs_CN",144,"study_4"
"CRISP3",0.376383222040698,0.0820667150276312,21.0342199951596,1.149226570466e-05,3.02829371174927e-05,"EODSD_vs_CN",121,"study_4"
"CRYM",-0.0353809239894352,0.0680830214477143,0.270060270948317,0.604398941485537,0.660207881072611,"EODSD_vs_CN",106,"study_4"
"CSPG4",0.0180272928134508,0.0254516467009639,0.501682848577143,0.479975970346851,0.536955009080179,"EODSD_vs_CN",144,"study_4"
"CST6",0.27243772103917,0.0535693215112146,25.8643867614985,1.19854752805086e-06,3.65146534573303e-06,"EODSD_vs_CN",144,"study_4"
"CSTB",0.701394293867712,0.0404890471882647,300.088493403378,9.13432173897873e-34,3.38578859124812e-31,"EODSD_vs_CN",119,"study_4"
"CTBS",-0.081042571728025,0.0429955946655031,3.55286338387331,0.0614868360119967,0.0874339662983892,"EODSD_vs_CN",144,"study_4"
"CCN2",-0.0106161283189916,0.0414785556735654,0.0655066013597157,0.798365819091746,0.833598864629128,"EODSD_vs_CN",144,"study_4"
"CTSC",0.207220174570051,0.0642478352135083,10.4027239118797,0.00158387792805811,0.00298015610152389,"EODSD_vs_CN",136,"study_4"
"CTSO",0.0487727814148,0.0529336501430396,0.848968079047785,0.358993927111415,0.415834632237389,"EODSD_vs_CN",107,"study_4"
"CTSS",0.00178123496851601,0.0615284154809241,0.000838090586943001,0.97694962224189,0.985321633946977,"EODSD_vs_CN",139,"study_4"
"CXADR",0.455926211711266,0.041072903942037,123.219176794802,2.37747170949296e-19,5.87499675768037e-18,"EODSD_vs_CN",133,"study_4"
"CXCL12",0.0849348030955221,0.065738468046415,1.66929160873999,0.198545096056864,0.248069827882284,"EODSD_vs_CN",140,"study_4"
"CYTL1",0.032701108853268,0.0594723511682413,0.302339396796938,0.583289189675176,0.638403128857083,"EODSD_vs_CN",144,"study_4"
"DBH",-0.0985836814275256,0.13649364716254,0.521657177508899,0.47330970797087,0.530030609530319,"EODSD_vs_CN",84,"study_4"
"DCC",-0.255176675704675,0.0450015706079638,32.1533781297357,8.04722117566803e-08,2.93393768765339e-07,"EODSD_vs_CN",144,"study_4"
"DCD",-0.0368758498895634,0.152364247187468,0.0585757605800515,0.809207534340417,0.841757509996767,"EODSD_vs_CN",119,"study_4"
"DDAH1",0.210003090974159,0.0380219919111044,30.5057455760142,1.92713835415088e-07,6.59377799943315e-07,"EODSD_vs_CN",144,"study_4"
"DDB1",0.085625449621717,0.0454650172925129,3.54691686074015,0.0618976910288659,0.0875534013886514,"EODSD_vs_CN",140,"study_4"
"DIPK2B",-0.147440838624364,0.0345772148979409,18.182582495926,4.30708912168459e-05,0.000103444559466809,"EODSD_vs_CN",123,"study_4"
"DLD",0.0513793362052644,0.0387640996344993,1.75678079812999,0.187482284365696,0.235570960694524,"EODSD_vs_CN",144,"study_4"
"DMKN",-0.29681576597224,0.0714144971566188,17.2743281801414,6.28009621803254e-05,0.00014764200833937,"EODSD_vs_CN",122,"study_4"
"DNAJC3",0.0914361587051049,0.0392102485747466,5.43796933768194,0.0211480140920623,0.0330289208853557,"EODSD_vs_CN",144,"study_4"
"DNASE2",0.0965407176702779,0.0707514218352322,1.86187577806218,0.176702580698259,0.223796434779572,"EODSD_vs_CN",93,"study_4"
"DPP10",0.101742159995794,0.100968873489559,1.01537597973551,0.317488376884966,0.37487474054013,"EODSD_vs_CN",91,"study_4"
"DPP3",-0.0616087165261607,0.0708882720189965,0.755327927528525,0.387323145615031,0.444941464797432,"EODSD_vs_CN",103,"study_4"
"DPYSL2",0.350955496368158,0.0662075699201849,28.0988665042883,9.83504871614949e-07,3.02115308628681e-06,"EODSD_vs_CN",85,"study_4"
"DSC1",0.00209061251142817,0.0764602816153155,0.000747610347555233,0.978232989098438,0.985321633946977,"EODSD_vs_CN",120,"study_4"
"DSC2",-0.082320680267439,0.0453231345597101,3.29896740771739,0.0716315907248876,0.0998174547444549,"EODSD_vs_CN",132,"study_4"
"DSC3",-0.00378247609025806,0.0584137338828197,0.00419297668276374,0.948468151245129,0.963100071698033,"EODSD_vs_CN",137,"study_4"
"DSG2",-0.0485978224849939,0.0341136754397481,2.02944176731733,0.156473216582398,0.201386825045865,"EODSD_vs_CN",144,"study_4"
"EDN3",0.10127692162523,0.0444427172596168,5.1930173804729,0.024374664684973,0.0378028272380614,"EODSD_vs_CN",127,"study_4"
"EFCAB14",-0.218627373363184,0.0372371320226985,34.4712176942399,3.01037493542857e-08,1.17457436077073e-07,"EODSD_vs_CN",144,"study_4"
"EFNA1",0.0639867500009492,0.0381837167519155,2.80817200038403,0.0961803093437942,0.12963939877612,"EODSD_vs_CN",133,"study_4"
"EFNA3",0.0185871534429936,0.0738826261072334,0.0632908780670497,0.802261833771419,0.835313819432414,"EODSD_vs_CN",107,"study_4"
"EFNB1",0.164277176939813,0.0378559970398489,18.8315073477073,2.74093886858037e-05,6.74319473863135e-05,"EODSD_vs_CN",140,"study_4"
"EGFR",-0.129624086835286,0.0329445279437265,15.4812078627413,0.000135447893248992,0.000300035970702946,"EODSD_vs_CN",138,"study_4"
"EMC10",-0.180399022795229,0.0602638903027009,8.96094957735256,0.00470817249726527,0.00819325166973237,"EODSD_vs_CN",77,"study_4"
"EMILIN2",0.121252190274459,0.0682653111797373,3.15485233205635,0.0795254631111876,0.109581555117275,"EODSD_vs_CN",87,"study_4"
"ENPP4",0.288559471808955,0.0549696795376586,27.5565128331173,5.47930193731283e-07,1.76097796366817e-06,"EODSD_vs_CN",144,"study_4"
"ENPP5",0.10115754162024,0.127375107571591,0.630706642816973,0.428783354467796,0.485546934998156,"EODSD_vs_CN",116,"study_4"
"ENPP6",0.108692135703825,0.0495517032262937,4.81148427504029,0.0299862534148805,0.0458031782930592,"EODSD_vs_CN",142,"study_4"
"ENTPD6",-0.332817291286286,0.0613650762928099,29.4150239507536,4.63609901674197e-07,1.49430205988901e-06,"EODSD_vs_CN",115,"study_4"
"EPDR1",-0.0102676389194531,0.0647988635075051,0.0251076691439114,0.874324478259794,0.898566376917644,"EODSD_vs_CN",144,"study_4"
"EPHA10",-0.197004215015251,0.0617369830022382,10.1826362947389,0.00177491976119876,0.00331716096546725,"EODSD_vs_CN",140,"study_4"
"EPHA5",-0.11943909244189,0.0550786182324191,4.70247955990862,0.0323997177193204,0.0490708803398973,"EODSD_vs_CN",131,"study_4"
"EPHA7",0.0523985301336465,0.0303006823437589,2.99042828532025,0.0862643614970226,0.11755633576555,"EODSD_vs_CN",140,"study_4"
"EPHB6",-0.173253172237825,0.0650944756096152,7.08392777999088,0.00873484980592178,0.0145624482521515,"EODSD_vs_CN",140,"study_4"
"ERAP1",0.105413379013965,0.0610117268262246,2.98514090425577,0.0862292049807443,0.11755633576555,"EODSD_vs_CN",144,"study_4"
"ERBB3",0.0862108571191476,0.0773218248245591,1.24313912716036,0.267980105771035,0.322853605219275,"EODSD_vs_CN",88,"study_4"
"ERP44",-0.20784727529798,0.0286829361859987,52.5099322451887,2.53821214199474e-11,1.62212178270009e-10,"EODSD_vs_CN",144,"study_4"
"ESAM",-0.149846216155927,0.0463620923454606,10.4463724597336,0.00157110724034279,0.002961137714002,"EODSD_vs_CN",133,"study_4"
"EXTL2",-0.312679233156635,0.0318746613012818,96.2292096852772,1.35608867923963e-17,2.55588239205843e-16,"EODSD_vs_CN",144,"study_4"
"EZR",0.20777825313773,0.0562303316754154,13.6539683228822,0.000422825243513261,0.000875571081539565,"EODSD_vs_CN",77,"study_4"
"F11",0.0818298724001894,0.0799532206166439,1.04749467337027,0.308667487825535,0.367099728836359,"EODSD_vs_CN",129,"study_4"
"F13A1",0.0674440919666974,0.100217156093752,0.452901412353272,0.502773306230538,0.559643560088446,"EODSD_vs_CN",113,"study_4"
"F13B",0.435193304786615,0.0721716966265881,36.3605614745515,1.65690535218253e-08,6.67564765082239e-08,"EODSD_vs_CN",144,"study_4"
"F7",0.181807177989934,0.119109654023511,2.32985087945938,0.132238929749109,0.173203403864557,"EODSD_vs_CN",77,"study_4"
"F9",0.280684452783571,0.0728495206730603,14.845106511596,0.000182272843289253,0.000395873831518846,"EODSD_vs_CN",144,"study_4"
"FABP3",0.79943269241264,0.0589318118831338,184.019658905375,5.0150751175434e-25,3.98340252193447e-23,"EODSD_vs_CN",113,"study_4"
"FABP5",0.0126552359839645,0.0562817568019092,0.0505597834761069,0.822515036633511,0.853205896209389,"EODSD_vs_CN",127,"study_4"
"FAIM2",-0.0592971856317011,0.0533590017825044,1.23495965516794,0.26882457204967,0.323520480648521,"EODSD_vs_CN",131,"study_4"
"NALF1",-0.323343311299204,0.0652279498024114,24.5731202808576,2.82458737689637e-06,8.09520918327002e-06,"EODSD_vs_CN",111,"study_4"
"FAM171A1",0.027488908474302,0.0566568296420409,0.235402164947952,0.629468417461484,0.684435909737647,"EODSD_vs_CN",89,"study_4"
"FAM174A",-0.173788073516299,0.121209276571235,2.05574015743758,0.159889873394962,0.205308936738104,"EODSD_vs_CN",81,"study_4"
"FAM20B",-0.236541431195942,0.0323163917971918,53.5758056870141,2.1154863452653e-11,1.3756846876813e-10,"EODSD_vs_CN",144,"study_4"
"FAM20C",-0.128941792944673,0.0403544190865168,10.2095173105652,0.00187851899617083,0.00349901695769174,"EODSD_vs_CN",130,"study_4"
"FBLN7",-0.192766613011449,0.0396402620534605,23.647792158469,3.42882911885738e-06,9.72667852084032e-06,"EODSD_vs_CN",128,"study_4"
"FBN1",0.0643583538080019,0.0385512062420199,2.7869803786312,0.0973301749712567,0.13055627812791,"EODSD_vs_CN",144,"study_4"
"FCGR3A",0.322864808085589,0.0634358353261165,25.9043138854582,1.36866823536976e-06,4.13575836339992e-06,"EODSD_vs_CN",124,"study_4"
"FCN3",0.637258159353074,0.117364895086537,29.4818260800176,3.70480847182514e-07,1.20813695620808e-06,"EODSD_vs_CN",120,"study_4"
"FGFR3",-0.116214951526348,0.0525299010401964,4.89452831781314,0.0286555540948234,0.044012398001994,"EODSD_vs_CN",144,"study_4"
"FGL2",0.314430698413048,0.0466248737277549,45.4793808305584,3.73528238957771e-10,1.81381398131459e-09,"EODSD_vs_CN",144,"study_4"
"FKBP1A",0.590126234943537,0.0675078815805039,76.415398938989,6.18957939680212e-13,4.95166351744169e-12,"EODSD_vs_CN",81,"study_4"
"FLNA",0.245342769690776,0.0906322507864554,7.32792467435384,0.00913376467294202,0.0151367307247564,"EODSD_vs_CN",96,"study_4"
"FMOD",0.0720313179031944,0.0681498349818071,1.11715415336334,0.293175999505812,0.349423056217002,"EODSD_vs_CN",122,"study_4"
"FOLR1",0.307361584695373,0.0707145191890185,18.8921762120776,2.62239090410549e-05,6.49465186050179e-05,"EODSD_vs_CN",144,"study_4"
"FRMPD1",-0.000138146860214405,0.0302209676984839,2.08961031879082e-05,0.996359173653201,0.998154415407531,"EODSD_vs_CN",144,"study_4"
"FSCN1",0.132386244363993,0.0408840895309029,10.4852082982543,0.00152681827470279,0.002892371246115,"EODSD_vs_CN",144,"study_4"
"FSTL5",-0.465348522142545,0.0481570159236204,93.3764894814146,2.74549029346874e-17,4.83610943653952e-16,"EODSD_vs_CN",144,"study_4"
"FTH1",-0.0375591032218887,0.0482142270002829,0.606848121685321,0.437975026179192,0.49545089431461,"EODSD_vs_CN",98,"study_4"
"FUCA1",-0.0826146125466813,0.0544154642622411,2.30499009317608,0.131197951821612,0.172245717149507,"EODSD_vs_CN",144,"study_4"
"FXYD6",0.136800708077059,0.0654209563043699,4.37263185295529,0.0388226761180273,0.057407999791551,"EODSD_vs_CN",120,"study_4"
"FZD1",-0.310623417639925,0.0695901927436116,19.9238062025783,3.1003186113957e-05,7.56042608743863e-05,"EODSD_vs_CN",74,"study_4"
"GAA",0.0718846508617936,0.046690327099458,2.37038288385534,0.126077113893982,0.165914497810779,"EODSD_vs_CN",140,"study_4"
"GALC",0.000115324701119413,0.104134111164759,1.22647484867606e-06,0.999118135255124,0.999118135255124,"EODSD_vs_CN",128,"study_4"
"GALNS",-0.224203574233146,0.0664035963661861,11.3999215185121,0.000957071331835626,0.00189034337655633,"EODSD_vs_CN",140,"study_4"
"GALNT1",-0.220788030160496,0.0303269490692355,53.0021645086512,3.15922105456691e-11,1.9302493476255e-10,"EODSD_vs_CN",144,"study_4"
"GALNT10",-0.0047645042531661,0.0237521577330407,0.0402373435079205,0.841363263203859,0.86951296345975,"EODSD_vs_CN",139,"study_4"
"GALNT13",-0.438740261634117,0.0397171271558647,122.02795274185,7.3343216202063e-21,2.47144413383921e-19,"EODSD_vs_CN",144,"study_4"
"GALNT15",-0.208127104824277,0.0725434507750699,8.23115661409601,0.0049298291865154,0.00851237586243033,"EODSD_vs_CN",123,"study_4"
"GALNT16",-0.367144038895252,0.0393955317652117,86.8518409559544,1.1651853398699e-15,1.59961246658682e-14,"EODSD_vs_CN",134,"study_4"
"GALNT17",-0.297739731908872,0.0436813817409778,46.4601760053686,3.22969817566075e-10,1.60331445148873e-09,"EODSD_vs_CN",132,"study_4"
"GALNT18",-0.186618809111734,0.0344040552766001,29.4233117878445,2.4469826691075e-07,8.19591785556489e-07,"EODSD_vs_CN",144,"study_4"
"GALNT6",-0.393576518646869,0.0537330618975242,53.6506739656209,2.92320489867286e-11,1.80589102629123e-10,"EODSD_vs_CN",140,"study_4"
"GALNT7",-0.187413138982905,0.0283573184330675,43.6787045533788,9.0724520472992e-10,4.20356944858196e-09,"EODSD_vs_CN",144,"study_4"
"GANAB",-0.278365418208526,0.032490201003943,73.4050207944521,1.71685103940871e-14,1.92842258163888e-13,"EODSD_vs_CN",144,"study_4"
"GAS6",-0.152310782286881,0.0254831091046966,35.7237030072746,1.86088090073634e-08,7.44352360294538e-08,"EODSD_vs_CN",144,"study_4"
"GBA1",0.0128089178059803,0.0326261000693199,0.154132616123099,0.695224270066815,0.741928395695104,"EODSD_vs_CN",140,"study_4"
"GDF11",-0.0702082104075297,0.0327564735485505,4.59389986364248,0.0339243862948424,0.0510472497427127,"EODSD_vs_CN",144,"study_4"
"GDI1",0.291416843354327,0.0492339115101066,35.0348786575784,2.78506463453336e-08,1.0943434182336e-07,"EODSD_vs_CN",131,"study_4"
"GDI2",0.148029769566486,0.0534060368540802,7.68276278389791,0.00697232397092902,0.0118369835964474,"EODSD_vs_CN",94,"study_4"
"GFRA3",-0.186850040106762,0.0590858568505489,10.0004447518401,0.00202648614620481,0.00376202436490776,"EODSD_vs_CN",124,"study_4"
"GGCT",0.452516994604627,0.0531587111747868,72.4637662142035,3.61719119557759e-14,3.69019872429566e-13,"EODSD_vs_CN",144,"study_4"
"GGT7",-0.0958554302720982,0.0545174713985885,3.09144862166378,0.0818815697639026,0.112549203433201,"EODSD_vs_CN",131,"study_4"
"GLG1",-0.15983317104761,0.0286250890770745,31.1774174528541,1.34033117425932e-07,4.70172954503584e-07,"EODSD_vs_CN",144,"study_4"
"GLO1",0.213815733697293,0.0512422824134939,17.4109467848232,6.11447989207184e-05,0.00014435884585953,"EODSD_vs_CN",116,"study_4"
"GLOD4",0.331739107560719,0.0469721011457284,49.8784982526613,1.60368766545119e-10,8.49190801896061e-10,"EODSD_vs_CN",139,"study_4"
"GLRX",-0.0342849393250351,0.0448377880993197,0.58468023123421,0.445783977228588,0.502240914567569,"EODSD_vs_CN",144,"study_4"
"GNAS",0.128594718334704,0.0765046964868297,2.82533578383731,0.097517685743265,0.130650200658447,"EODSD_vs_CN",105,"study_4"
"GNS",0.0601431177424789,0.0526107902387539,1.30683941611547,0.254916729431122,0.309462230488436,"EODSD_vs_CN",144,"study_4"
"GPC1",-0.0900702228168884,0.0460801025613145,3.82063544257065,0.0525937531520456,0.0755614943648871,"EODSD_vs_CN",144,"study_4"
"GPLD1",-0.0814386195931744,0.0617708291687779,1.73817678495706,0.189806931706155,0.238222695324203,"EODSD_vs_CN",144,"study_4"
"GPNMB",0.587475034867285,0.0748687147566266,61.5712649131052,1.0012939880803e-12,7.89672989181056e-12,"EODSD_vs_CN",144,"study_4"
"GRB2",0.0185027108712319,0.0393565244154513,0.221022886985605,0.639338033102853,0.693603797863778,"EODSD_vs_CN",124,"study_4"
"GRIA2",0.0982196354424287,0.0621143834408929,2.50041605210718,0.11788247478263,0.155498590697846,"EODSD_vs_CN",86,"study_4"
"GRN",0.0639367759469662,0.0336154615966369,3.61762301016344,0.0592697075891286,0.0846057956856367,"EODSD_vs_CN",139,"study_4"
"GRP",-0.100113225481373,0.102806146950529,0.948297798730836,0.332947354774817,0.389305054168814,"EODSD_vs_CN",105,"study_4"
"GSR",0.281023945512717,0.0545332908128131,26.5560355764769,2.2557230642279e-06,6.60095801953006e-06,"EODSD_vs_CN",83,"study_4"
"GSS",0.127456327363851,0.0490898434713238,6.74123560270815,0.0104510625071794,0.0172171577896052,"EODSD_vs_CN",144,"study_4"
"GSTO1",0.373382700355759,0.0856136182598598,19.0205329136843,4.03864534536229e-05,9.74180829510382e-05,"EODSD_vs_CN",111,"study_4"
"GSTP1",-0.0148738875648462,0.0365876793350966,0.165264380567549,0.685022936582809,0.733858868477922,"EODSD_vs_CN",135,"study_4"
"GTF2IRD2",0.0561635998512688,0.076242267626739,0.542648070831243,0.462577371675888,0.519057555301299,"EODSD_vs_CN",144,"study_4"
"GYG1",-0.0391209310423157,0.114771068534435,0.116185923441682,0.734382409319361,0.773326931025691,"EODSD_vs_CN",68,"study_4"
"HAVCR2",0.0344791906078736,0.0418199871532452,0.679745489460903,0.411139977335719,0.468429974177582,"EODSD_vs_CN",136,"study_4"
"HEG1",-0.0778011158332435,0.0379421006824894,4.20464086782092,0.042224094721102,0.0617805175392967,"EODSD_vs_CN",144,"study_4"
"HGFAC",0.322820874223966,0.0843723531900473,14.6393870963047,0.000202085492780218,0.000435502069712408,"EODSD_vs_CN",144,"study_4"
"HK1",-0.0355428953454018,0.0403637361862536,0.775394806075814,0.380384979151489,0.43787587662159,"EODSD_vs_CN",134,"study_4"
"HLA-A",0.328816427587693,0.132334192548207,6.17394661165289,0.0143294666947843,0.0231604170997095,"EODSD_vs_CN",125,"study_4"
"HLA-C",0.311170443667864,0.216482249834246,2.06610359147378,0.153553502661289,0.198317648036415,"EODSD_vs_CN",108,"study_4"
"HLA-DRA",0.425357260755033,0.104443572777638,16.5860993234517,7.87217133257872e-05,0.00018237196920474,"EODSD_vs_CN",140,"study_4"
"HLA-DRB1",0.859979048376385,0.130188247826669,43.6347183856388,2.90889021272983e-09,1.2986703506836e-08,"EODSD_vs_CN",96,"study_4"
"HMCN1",-0.178989135358758,0.0736653339725329,5.90373718591711,0.0175269395681562,0.0278030767472035,"EODSD_vs_CN",83,"study_4"
"HPR",0.336261055165067,0.186909467617333,3.23661126922999,0.0744616792144991,0.103372518460079,"EODSD_vs_CN",125,"study_4"
"HPRT1",0.389098151473441,0.0652780551892599,35.5290766446339,4.57051552982786e-08,1.7346120372589e-07,"EODSD_vs_CN",130,"study_4"
"HS6ST1",-0.144185860912653,0.0381774049675885,14.263711305929,0.000246861214058292,0.00052688996167528,"EODSD_vs_CN",144,"study_4"
"HS6ST3",-0.307795342946484,0.0554659107702549,30.794403192919,1.54698773135514e-07,5.34239241387242e-07,"EODSD_vs_CN",144,"study_4"
"HSP90B1",0.0670998822741549,0.0444161574967523,2.28224123360543,0.133382836612252,0.174496134485675,"EODSD_vs_CN",144,"study_4"
"HSPA13",0.293096806993102,0.0333031587617548,77.4553318588112,4.68233768506634e-15,5.85029157954356e-14,"EODSD_vs_CN",144,"study_4"
"HSPA1A",-0.0217512006724396,0.0450882821620731,0.232722884820653,0.630317396942715,0.68448529824248,"EODSD_vs_CN",144,"study_4"
"HSPE1",0.0025523532404419,0.0406561252117573,0.00394121011631903,0.950108613896351,0.963100071698033,"EODSD_vs_CN",109,"study_4"
"HYAL1",-0.111922320169925,0.0509749877426521,4.82080038617906,0.0300294431004023,0.0458062287073351,"EODSD_vs_CN",130,"study_4"
"ICAM1",0.338987832880456,0.0624226391314571,29.4906244835379,8.79116283398701e-07,2.71549251983154e-06,"EODSD_vs_CN",102,"study_4"
"ICAM2",0.268808589152155,0.0367499770254823,53.5022614261169,1.77599720924575e-11,1.16858514596525e-10,"EODSD_vs_CN",144,"study_4"
"IDH1",0.184475630616285,0.0594870040166721,9.61687151205357,0.00300770970693515,0.00541193073480888,"EODSD_vs_CN",87,"study_4"
"IFNAR2",0.247738690016601,0.0575240976285772,18.5476137942316,4.46492973804736e-05,0.000107004350618721,"EODSD_vs_CN",104,"study_4"
"IGF2R",-0.00610714801034717,0.0483074297979663,0.0159826588001909,0.899704466922957,0.921244352871388,"EODSD_vs_CN",133,"study_4"
"IGFALS",0.240249173609371,0.0840198121472885,8.1763672982612,0.00489972634299378,0.00847355473314011,"EODSD_vs_CN",144,"study_4"
"IGFBP3",0.571492322450726,0.0424810415045969,180.97996054269,3.32099299820604e-26,3.35722201273193e-24,"EODSD_vs_CN",144,"study_4"
"IGHV1-69",0.295094747833118,0.168964722922715,3.05021799450453,0.0830841856380826,0.11392060965419,"EODSD_vs_CN",144,"study_4"
"IGHV2-26",0.563281642932423,0.110181575966315,26.1356458218863,1.24427982860684e-06,3.78043488910055e-06,"EODSD_vs_CN",122,"study_4"
"IGHV2-70",0.458637978308211,0.112621144968158,16.5844148235669,0.000107436722461819,0.00024431418277616,"EODSD_vs_CN",84,"study_4"
"IGHV2-70D",0.450021817184634,0.254477714692373,3.1272861829183,0.0794972588711069,0.109581555117275,"EODSD_vs_CN",125,"study_4"
"IGHV3-43D",0.475755423124597,0.0997256945837193,22.7590094075755,4.50737042847878e-06,1.2530489791171e-05,"EODSD_vs_CN",144,"study_4"
"IGHV3-49",0.294680415223373,0.118761905826296,6.1567033682481,0.0142662717532871,0.0230918401596147,"EODSD_vs_CN",144,"study_4"
"IGHV3-64D",0.488097874616008,0.127401968536297,14.6778199543402,0.000228515890233248,0.0004886724421911,"EODSD_vs_CN",98,"study_4"
"IGHV3-7",0.512437819686872,0.0911160112386057,31.6295454289096,9.64130750024274e-08,3.46962263439156e-07,"EODSD_vs_CN",144,"study_4"
"IGHV4-28",0.662423818416854,0.0915755892625126,52.3253853872064,2.82235183676275e-11,1.75332695110624e-10,"EODSD_vs_CN",144,"study_4"
"IGHV4-34",0.628177254614211,0.088226692445059,50.6949172000434,4.95851723511874e-11,2.90120386472135e-10,"EODSD_vs_CN",144,"study_4"
"IGHV4-4",0.747235507959882,0.168217146239047,19.7321532600635,1.81321856226434e-05,4.59293631261492e-05,"EODSD_vs_CN",144,"study_4"
"IGHV5-10-1",0.471994450734026,0.228118299768231,4.28108187053406,0.040467114795613,0.0594444275465279,"EODSD_vs_CN",136,"study_4"
"IGHV5-51",0.539189183770172,0.11803660547294,20.866466876529,1.4761310456736e-05,3.80848659579824e-05,"EODSD_vs_CN",102,"study_4"
"IGHV6-1",0.647110533019609,0.123680028618813,27.375230438054,5.8955499751702e-07,1.88386539436473e-06,"EODSD_vs_CN",144,"study_4"
"IGKJ1",0.775521313654301,0.124801040211145,38.6145577882229,7.06953024532109e-09,2.9553825687207e-08,"EODSD_vs_CN",127,"study_4"
"IGKV1-6",0.912588573368205,0.131210032885354,48.3744415648193,1.65996911260117e-10,8.74827323797394e-10,"EODSD_vs_CN",129,"study_4"
"IGKV2-29",0.628891715267843,0.178928167291149,12.3536223244074,0.000630531307571742,0.00126790382282057,"EODSD_vs_CN",119,"study_4"
"IGKV2-30",0.445278305130634,0.0964732168860816,21.3034308761039,9.64822252514802e-06,2.56670417415421e-05,"EODSD_vs_CN",127,"study_4"
"IGKV3-11",0.500898010670177,0.0904369417327005,30.6765756395188,1.43418030243943e-07,4.98733797849944e-07,"EODSD_vs_CN",144,"study_4"
"IGKV3-15",0.682122710656111,0.082231636670042,68.8093016303579,4.12135453243591e-13,3.47192896974904e-12,"EODSD_vs_CN",111,"study_4"
"IGKV3D-15",0.881917480534303,0.113309457576473,60.5792065331869,6.73799804943166e-12,4.77239097513885e-11,"EODSD_vs_CN",103,"study_4"
"IGKV3D-20",0.662122194560263,0.100356811647315,43.5293899934495,8.40833639873178e-10,3.91216321146014e-09,"EODSD_vs_CN",144,"study_4"
"IGLC7",0.591114154375591,0.15563828118048,14.4248021674583,0.000220493683725934,0.000473337792091195,"EODSD_vs_CN",143,"study_4"
"IGLV1-51",0.634188896910111,0.135251910534804,21.9862140373046,6.51729680174037e-06,1.77547761680286e-05,"EODSD_vs_CN",144,"study_4"
"IGLV2-11",0.703160169540962,0.131330043115329,28.6668748652371,3.66686443135977e-07,1.19928036696237e-06,"EODSD_vs_CN",135,"study_4"
"IGLV2-18",0.634898682509856,0.175539177644418,13.0815960041563,0.000467188993994701,0.0009602849562331,"EODSD_vs_CN",105,"study_4"
"IGLV2-23",0.926771945551651,0.156531473859467,35.0543895476075,3.19909748660109e-08,1.2395109425437e-07,"EODSD_vs_CN",125,"study_4"
"IGLV2-8",0.461165336957092,0.0954633885475152,23.3367095616253,3.48326486897808e-06,9.8559555580245e-06,"EODSD_vs_CN",144,"study_4"
"IGLV3-27",0.75397172457571,0.160835032885367,21.9760084883452,6.93268444395104e-06,1.87570440430014e-05,"EODSD_vs_CN",131,"study_4"
"IGLV4-60",0.511382383023839,0.202602150507972,6.37093865854467,0.0134497683746302,0.0218977195206278,"EODSD_vs_CN",89,"study_4"
"IGLV6-57",1.06724708660438,0.127166704531625,70.4341247305143,7.97507022971127e-14,7.39023174619911e-13,"EODSD_vs_CN",144,"study_4"
"IGLV7-46",0.407251458497399,0.109837398494253,13.7475345731055,0.000302703600124151,0.000633283700007489,"EODSD_vs_CN",144,"study_4"
"IGLV8-61",0.10839671233787,0.14530632290539,0.556497471105553,0.457135343026267,0.514508604701628,"EODSD_vs_CN",137,"study_4"
"IGLV9-49",1.04845605311256,0.188555897658025,30.9186285008076,1.34479510063564e-07,4.70255393681393e-07,"EODSD_vs_CN",144,"study_4"
"IGSF1",-0.371125496139669,0.0629467613326401,34.7612033300785,9.13417053917626e-08,3.29779144141688e-07,"EODSD_vs_CN",80,"study_4"
"IGSF21",-0.44441685979026,0.0433399505461712,105.148778006899,2.3592765424162e-18,5.04522214455157e-17,"EODSD_vs_CN",140,"study_4"
"IL18BP",0.0701831861342335,0.0510519532307638,1.88991135745141,0.171773296205519,0.218050120297417,"EODSD_vs_CN",124,"study_4"
"IL1RAP",0.02894454562467,0.0618755749729733,0.218824012604619,0.640655183350309,0.694355325424506,"EODSD_vs_CN",144,"study_4"
"IMPA1",0.170327819749311,0.0476495745108678,12.7777127525385,0.000502679820934963,0.00102753669279353,"EODSD_vs_CN",131,"study_4"
"ITGA7",-0.035212619212738,0.042755744443802,0.678277975854973,0.412127368374225,0.469074343533407,"EODSD_vs_CN",111,"study_4"
"ITGAM",0.479268840871619,0.100060759379725,22.9419749102443,1.26603105953361e-05,3.31253303106206e-05,"EODSD_vs_CN",71,"study_4"
"ITGBL1",-0.00677812859227611,0.0477462923173223,0.0201530277327611,0.887312046260096,0.910231545609988,"EODSD_vs_CN",144,"study_4"
"ITIH3",0.618400600526944,0.09704033582422,40.6102089157145,2.69476859717548e-09,1.21319136844499e-08,"EODSD_vs_CN",144,"study_4"
"ITM2A",-0.0882320005642221,0.0687548202373685,1.64681931150888,0.203192110005169,0.25330675597057,"EODSD_vs_CN",80,"study_4"
"JAG1",-0.177869859405415,0.0583979331782747,9.27704727927589,0.00348999624906949,0.00622933519898117,"EODSD_vs_CN",87,"study_4"
"JAM2",0.295279801209991,0.0270496004329024,119.164191602277,2.33277646344044e-20,7.0109389928264e-19,"EODSD_vs_CN",144,"study_4"
"JAM3",-0.317432896205931,0.0419251908097476,57.3262809042054,1.1596392046581e-11,7.81526542775639e-11,"EODSD_vs_CN",130,"study_4"
"JAML",0.172459316559856,0.103721684177545,2.7646120803941,0.101921854107674,0.136056368414542,"EODSD_vs_CN",75,"study_4"
"JCHAIN",0.816702328507859,0.134991363037394,36.6029107221893,1.27033022322553e-08,5.17049738462944e-08,"EODSD_vs_CN",144,"study_4"
"KIAA0319L",-0.183738771125817,0.04029127594023,20.7959887218165,1.53619224306143e-05,3.9451403563148e-05,"EODSD_vs_CN",127,"study_4"
"KIAA1549L",-0.245829866827744,0.0626866231056776,15.378697033537,0.000149861866053227,0.000329340701682191,"EODSD_vs_CN",141,"study_4"
"KLK10",0.329153276680805,0.0734464335944063,20.0842186705821,2.46809356418063e-05,6.15363238423512e-05,"EODSD_vs_CN",84,"study_4"
"KLK11",0.157134343902976,0.0760888719290493,4.26481249794082,0.0409871141238838,0.0601288534376765,"EODSD_vs_CN",136,"study_4"
"KRT5",-0.200422578393208,0.31137145211658,0.414319816588138,0.521078387001898,0.577130643771027,"EODSD_vs_CN",116,"study_4"
"LAMA4",-0.0500337603483363,0.0722213394198377,0.479949132318739,0.489971711173339,0.546488006845289,"EODSD_vs_CN",109,"study_4"
"LAMA5",-0.0572603152398146,0.0583234779192855,0.963874835087434,0.328979412779615,0.385484833520476,"EODSD_vs_CN",89,"study_4"
"LAMB2",-0.154190107330761,0.0248218821136489,38.587230037843,6.43915710852583e-09,2.73209227025439e-08,"EODSD_vs_CN",144,"study_4"
"LAMC3",-0.164052877627111,0.0775373730471514,4.47657164138001,0.0380335768151027,0.056391116557859,"EODSD_vs_CN",88,"study_4"
"LAMP5",0.158265581904052,0.0626818638855193,6.37513159322402,0.0137465638493466,0.022315589781713,"EODSD_vs_CN",85,"study_4"
"LBP",0.379896565560131,0.0997508946221027,14.5043120910122,0.000221396076413894,0.000474359223453276,"EODSD_vs_CN",144,"study_4"
"LCN2",0.830809542387431,0.0737495298425844,126.906667545245,3.23293298586326e-21,1.23966257940688e-19,"EODSD_vs_CN",141,"study_4"
"LCP1",0.0352043381622229,0.0503950436138512,0.48799651137189,0.486140529432884,0.542759305953179,"EODSD_vs_CN",144,"study_4"
"LDLR",-0.146249771485652,0.0490364115635433,8.89514495007016,0.0036097819336496,0.00643281652278583,"EODSD_vs_CN",122,"study_4"
"LECT2",0.282981817749293,0.116999714735706,5.84988674606984,0.017854004671151,0.028281557256866,"EODSD_vs_CN",82,"study_4"
"LFNG",-0.29678653501085,0.0320469262808919,85.7660925199182,3.92836908875243e-16,5.60044413678551e-15,"EODSD_vs_CN",144,"study_4"
"LGALS3",0.0500151971312199,0.0672841833962136,0.552558161462477,0.458575754726845,0.51508711035985,"EODSD_vs_CN",137,"study_4"
"LGI1",0.0995819818388375,0.0809233823299672,1.5143054216093,0.222042520090815,0.273737563570938,"EODSD_vs_CN",84,"study_4"
"LGMN",-0.0311145076274588,0.08212227239084,0.143550248762318,0.70586172886499,0.749683135146006,"EODSD_vs_CN",87,"study_4"
"LILRA2",0.273748018970166,0.0919678416924709,8.85992368090939,0.00428748195483763,0.00753187983219501,"EODSD_vs_CN",82,"study_4"
"LIPA",-0.0381684567238549,0.0605487530114697,0.397373401552065,0.529574629621741,0.583634279622771,"EODSD_vs_CN",136,"study_4"
"LRP11",-0.186207792471527,0.0819227269764632,5.16638661325999,0.0257692725880021,0.0397440098722029,"EODSD_vs_CN",94,"study_4"
"LRP1B",-0.155479443583912,0.0420443881764187,13.6750801790274,0.00031943925808849,0.0006651993539221,"EODSD_vs_CN",135,"study_4"
"LRP8",-0.4506473243993,0.0539726384858138,69.7150101803356,1.7515103016965e-13,1.50982903526086e-12,"EODSD_vs_CN",136,"study_4"
"LRRC4",-0.0958261211275442,0.0434125869608573,4.87232764849872,0.0291205709523815,0.0446034089518571,"EODSD_vs_CN",144,"study_4"
"LRTM2",-0.17973464754992,0.0899453270892032,3.99306516584268,0.048935771876384,0.0705792196193761,"EODSD_vs_CN",109,"study_4"
"LSR",0.00130074386094758,0.047405711309553,0.000752873888225758,0.978154144878183,0.985321633946977,"EODSD_vs_CN",127,"study_4"
"LTF",-0.391539758275727,0.217854855800701,3.23010952079367,0.0746094134517244,0.103448463539049,"EODSD_vs_CN",133,"study_4"
"MAG",-0.333729795374894,0.0378626229581425,77.6906170721735,3.97026054195543e-15,5.07463186512005e-14,"EODSD_vs_CN",144,"study_4"
"MAN1A2",-0.0466460947399989,0.0459177936742672,1.03197352443093,0.311824152572456,0.369667865309777,"EODSD_vs_CN",132,"study_4"
"MAN1C1",-0.00847928631890937,0.0321064792126061,0.0697482368118854,0.792089019057947,0.827822358263569,"EODSD_vs_CN",144,"study_4"
"MAN2A1",0.0993401230584228,0.021426572947036,21.4953222229669,7.98201136054431e-06,2.14915172710055e-05,"EODSD_vs_CN",144,"study_4"
"MAN2B1",0.203482323045733,0.0488654283951469,17.3400343377132,5.94580276609876e-05,0.00014097511036038,"EODSD_vs_CN",126,"study_4"
"MAN2B2",0.182909604505299,0.100162066319642,3.33477449050899,0.0721338681894606,0.100391566241152,"EODSD_vs_CN",79,"study_4"
"MANBA",-0.167013196143706,0.027392988791505,37.1725825748131,1.24224917002502e-08,5.07860690098465e-08,"EODSD_vs_CN",144,"study_4"
"MANSC1",-0.0312065007380387,0.0715286890378431,0.190339802717414,0.664767364714466,0.713534082589272,"EODSD_vs_CN",95,"study_4"
"MARCO",0.342614679548041,0.110269277349142,9.65390179142657,0.00274994785847807,0.00498848616415598,"EODSD_vs_CN",79,"study_4"
"MATN2",0.354449137566957,0.0455059612467624,60.6696183110707,2.31971202310471e-12,1.7429187633057e-11,"EODSD_vs_CN",137,"study_4"
"MB",0.436012128045591,0.193153134329049,5.09557994414739,0.0256103500958781,0.0395537629258561,"EODSD_vs_CN",136,"study_4"
"MDGA1",-0.40183576357448,0.0688908194514169,34.0231462286214,7.10174489606189e-08,2.61494712729166e-07,"EODSD_vs_CN",116,"study_4"
"MDH2",0.0855998863039389,0.0543042787937378,2.48472468800744,0.117759841036197,0.155498590697846,"EODSD_vs_CN",116,"study_4"
"MDK",0.174743632743001,0.0451468744043692,14.9812255485139,0.000191287650227757,0.000413836317224253,"EODSD_vs_CN",107,"study_4"
"MELTF",-0.00606301460569192,0.0535271053308363,0.0128300902966092,0.910085313741757,0.931016438712818,"EODSD_vs_CN",111,"study_4"
"METRNL",-0.0995936198805198,0.0375005451903997,7.05322717683788,0.0088439140734187,0.0147222042659305,"EODSD_vs_CN",144,"study_4"
"MFAP4",0.0560769641186907,0.0466016831556403,1.44799073210391,0.230876950559252,0.283059723287638,"EODSD_vs_CN",144,"study_4"
"MFAP5",0.642878403084994,0.0814892083004817,62.2382647354436,1.39928060684208e-12,1.08055557972805e-11,"EODSD_vs_CN",127,"study_4"
"MGAT5",-0.154738136529249,0.0364526555773929,18.0192363004212,4.24694036630305e-05,0.000102220729162965,"EODSD_vs_CN",132,"study_4"
"MIA",0.0276701641797095,0.0858388335400689,0.103909644081926,0.748100875090603,0.786283717486532,"EODSD_vs_CN",98,"study_4"
"MIA3",-0.163584964560073,0.0327527431350864,24.9454538633443,2.10845452248527e-06,6.1862834538354e-06,"EODSD_vs_CN",130,"study_4"
"MIF",0.388523659180245,0.0454556038793358,73.0567043907175,2.0695807798813e-14,2.25624885022354e-13,"EODSD_vs_CN",144,"study_4"
"MINPP1",-0.181075046825184,0.0214337964447482,71.3705442381354,3.22747754690802e-14,3.41304252297841e-13,"EODSD_vs_CN",144,"study_4"
"MLEC",-0.0430120953014113,0.0288737938049833,2.21908274921697,0.138803334987123,0.181161160217935,"EODSD_vs_CN",144,"study_4"
"MMP14",0.148556322533016,0.0338653912145919,19.242880645757,2.25834912452507e-05,5.66881315230673e-05,"EODSD_vs_CN",144,"study_4"
"MOXD1",-0.031853166482386,0.0894611190016838,0.126775861565147,0.723347590300838,0.763152296408474,"EODSD_vs_CN",88,"study_4"
"MPZ",0.258981809951834,0.100660095813873,6.61947954557717,0.0113802254548258,0.0186649125453781,"EODSD_vs_CN",119,"study_4"
"MRC2",-0.102003043948192,0.0366646690015987,7.73981761372325,0.00613795495074785,0.0105006244695871,"EODSD_vs_CN",144,"study_4"
"MSLN",0.0598967735349785,0.102613005489651,0.340723463301333,0.560580314001266,0.615365556929327,"EODSD_vs_CN",117,"study_4"
"MSN",0.177785345997268,0.0449764074228726,15.6250853318853,0.000124504086674553,0.000279694029054753,"EODSD_vs_CN",144,"study_4"
"MSTN",-0.340483483661699,0.0425079483545524,64.1581468228474,5.11373012537858e-13,4.1787153121968e-12,"EODSD_vs_CN",141,"study_4"
"MT1E",-0.0465335339057402,0.0952940532958248,0.238451726472879,0.626951598779583,0.682830732461211,"EODSD_vs_CN",68,"study_4"
"MXRA7",-0.0595489181734896,0.030944303092961,3.70327820846673,0.056318885993985,0.0808085177100792,"EODSD_vs_CN",144,"study_4"
"MYDGF",-0.246720865542779,0.0427873912424787,33.249119084136,4.87512625185814e-08,1.837674709175e-07,"EODSD_vs_CN",144,"study_4"
"MYLK",0.191338438642323,0.0363856766383388,27.653081922181,6.29695902009347e-07,1.99493402573901e-06,"EODSD_vs_CN",124,"study_4"
"MYOC",0.118708017335682,0.088004733532689,1.81948315139426,0.179537190898544,0.227127822843209,"EODSD_vs_CN",144,"study_4"
"NAGA",0.0190370110092539,0.0751207233311596,0.0642211384418082,0.800743033370801,0.834513826718211,"EODSD_vs_CN",77,"study_4"
"NAGLU",0.214629062768387,0.0475065260868407,20.4112927016052,1.4846775236354e-05,3.82166992195038e-05,"EODSD_vs_CN",133,"study_4"
"NAXE",-0.00324405391452665,0.0446193303397707,0.00528603495605674,0.942156164437121,0.95765781979349,"EODSD_vs_CN",144,"study_4"
"NCMAP",-0.173425068154978,0.0835049059859817,4.31320167178268,0.0397596787289501,0.0584824904055457,"EODSD_vs_CN",144,"study_4"
"NDRG2",-0.310372954900628,0.0329208081893522,88.8846496846246,1.69943993855923e-16,2.73880755315633e-15,"EODSD_vs_CN",144,"study_4"
"NDRG4",-0.40952526481946,0.045578784182193,80.730181214194,4.76319221541058e-15,5.88518860392951e-14,"EODSD_vs_CN",139,"study_4"
"NDST1",-0.0231990467875729,0.0638528677942259,0.132001682551451,0.716937015391896,0.75782695923554,"EODSD_vs_CN",140,"study_4"
"NECTIN2",0.274190223393023,0.0849285165233744,10.4230988001606,0.00246859741590942,0.00452983552226284,"EODSD_vs_CN",89,"study_4"
"NENF",-0.0853760695332326,0.0297785141354271,8.21989494013894,0.00478494899704625,0.00830087875930644,"EODSD_vs_CN",144,"study_4"
"NLGN1",-0.270915717544035,0.0343539869900802,62.1890768664546,1.66660906732167e-12,1.26072740330727e-11,"EODSD_vs_CN",137,"study_4"
"NLGN2",-0.246443224798278,0.0699120112106638,12.4259663775739,0.00081797650750493,0.00163008938413169,"EODSD_vs_CN",99,"study_4"
"NLGN4X",-0.352359637306509,0.0576041932311404,37.4165819354909,8.48618115725255e-08,3.08386713949831e-07,"EODSD_vs_CN",93,"study_4"
"NME2",0.399929971434376,0.0474404986326066,71.0672342237842,1.32266621666383e-13,1.15811404167731e-12,"EODSD_vs_CN",123,"study_4"
"NOTCH1",-0.172074147596975,0.0580806857774588,8.77743824454406,0.00443044786641695,0.0077707539865231,"EODSD_vs_CN",84,"study_4"
"NOTCH2",-0.0776784550116227,0.0318944748077377,5.93157802721122,0.0162216221423756,0.0258801202615806,"EODSD_vs_CN",144,"study_4"
"NOTCH3",-0.0952681852053621,0.043022239000126,4.90354050897569,0.0294389870593398,0.0450290971251526,"EODSD_vs_CN",93,"study_4"
"NPDC1",-0.261058116909032,0.0801866416595407,10.5991332517125,0.00155610411789072,0.00293784003241847,"EODSD_vs_CN",117,"study_4"
"NPEPPS",0.0089509887977286,0.0353147224777695,0.0642436832031345,0.800298737246539,0.834513826718211,"EODSD_vs_CN",144,"study_4"
"NRN1",-0.396199391440978,0.0487817872294472,65.9647913423876,1.51356931317469e-12,1.16075108706915e-11,"EODSD_vs_CN",113,"study_4"
"NRP1",0.315400267515022,0.0359602726761014,76.926887726569,4.15884543492326e-14,4.16633885012132e-13,"EODSD_vs_CN",112,"study_4"
"NRP2",0.0681389365285368,0.022227522418092,9.39741894018031,0.0026064024159207,0.00475914529803582,"EODSD_vs_CN",144,"study_4"
"NSF",0.0270826623277696,0.0701832942149911,0.148907033524577,0.700629144723254,0.746263993230133,"EODSD_vs_CN",97,"study_4"
"NSG1",-0.617092541400848,0.0531740291449566,134.679487783363,9.63710543363595e-20,2.49220028888446e-18,"EODSD_vs_CN",98,"study_4"
"NTRK3",-0.213902868716683,0.0393285617027383,29.5812887130707,2.39316567482722e-07,8.06424312244807e-07,"EODSD_vs_CN",144,"study_4"
"NUTF2",0.0966612168480419,0.0471979944649926,4.19428006377529,0.0427813746850187,0.0625136513137198,"EODSD_vs_CN",135,"study_4"
"NXPH1",-0.197309877143316,0.0499132638038168,15.62664384844,0.000128054116889393,0.000285936100363465,"EODSD_vs_CN",139,"study_4"
"NXPH3",-0.175247068988804,0.0478434838644449,13.4170158584584,0.000388515181460589,0.00080602403317943,"EODSD_vs_CN",110,"study_4"
"OLFM2",-0.0454422427383072,0.0442777029703027,1.05329336720676,0.309028869561474,0.367136862128589,"EODSD_vs_CN",85,"study_4"
"OLFML3",0.167560261408301,0.0288690440917677,33.6881568779257,4.20033824231934e-08,1.60507770634334e-07,"EODSD_vs_CN",144,"study_4"
"OSMR",0.0263934991533032,0.0425668019352974,0.384460651116619,0.536411209112286,0.589999272534977,"EODSD_vs_CN",126,"study_4"
"OXT",-0.169493091259356,0.0683113292888358,6.15628232387346,0.0153227622011318,0.0245871739793053,"EODSD_vs_CN",78,"study_4"
"P4HB",-0.0856591446831159,0.0208832886064168,16.8247913185063,6.97474419579837e-05,0.000162939402221172,"EODSD_vs_CN",144,"study_4"
"PAMR1",0.415661250974509,0.0593634412002006,49.027634975804,2.44793974381568e-10,1.2429721438918e-09,"EODSD_vs_CN",113,"study_4"
"PBXIP1",0.0412702816759491,0.0446458783875085,0.854500108421857,0.357048996654366,0.41401301801841,"EODSD_vs_CN",133,"study_4"
"PCDH1",-0.226553378723662,0.0359315837726225,39.7546895613658,5.67982105191881e-09,2.42921577297451e-08,"EODSD_vs_CN",144,"study_4"
"PCDH10",0.0392912887098067,0.0388906982561235,1.02070693488807,0.314165081747183,0.371650607343477,"EODSD_vs_CN",144,"study_4"
"PCDH17",-0.01322852976653,0.035991989870125,0.135086342110301,0.713821711289639,0.755971183765789,"EODSD_vs_CN",144,"study_4"
"PCDH7",-0.11675817503858,0.0575885089200554,4.11057833168818,0.0454322216242972,0.0660400397989784,"EODSD_vs_CN",110,"study_4"
"PCDH9",0.0409252553222759,0.0351362254546637,1.3566648870859,0.246214151359239,0.30053802010041,"EODSD_vs_CN",144,"study_4"
"PCDHAC2",-0.204343124566747,0.0405712939183478,25.3677729706355,1.53206723490113e-06,4.61399769920333e-06,"EODSD_vs_CN",138,"study_4"
"PCDHGC3",-0.0470400055880642,0.0565876118026191,0.691022197327026,0.40825872767113,0.465624312995176,"EODSD_vs_CN",103,"study_4"
"PCDHGC5",-0.165849363292983,0.0699326655040575,5.62428673393025,0.0192140716083979,0.0303017542257335,"EODSD_vs_CN",144,"study_4"
"PCMT1",-0.350592776553852,0.0447065467322306,61.4983803009042,1.02041636456328e-12,7.99086617883355e-12,"EODSD_vs_CN",144,"study_4"
"PCP4",0.434331661859032,0.0633884338310897,46.9486313467368,6.4980853838076e-10,3.10123216600603e-09,"EODSD_vs_CN",104,"study_4"
"PCSK9",-0.235567782312518,0.0617987870528379,14.5302097839422,0.000255582273803213,0.000542380703185445,"EODSD_vs_CN",115,"study_4"
"PCYOX1",-0.114646936525316,0.0662044476765598,2.99882122113218,0.0858388089892349,0.117408063463751,"EODSD_vs_CN",125,"study_4"
"PDGFRB",-0.116520255497088,0.0546057387281218,4.55330018468462,0.0364664255488826,0.054430423101151,"EODSD_vs_CN",97,"study_4"
"PDIA3",-0.0887468280554851,0.0215121472374081,17.019161361857,6.32283830445031e-05,0.000148333253049551,"EODSD_vs_CN",144,"study_4"
"PDIA4",0.0541284518643019,0.0412620453559742,1.72087651467459,0.193182333013104,0.242185743303914,"EODSD_vs_CN",90,"study_4"
"PDIA6",-0.124032743448813,0.0445424445614093,7.753978695777,0.00621012833939601,0.0106077768255121,"EODSD_vs_CN",126,"study_4"
"PDYN",-0.220142430102769,0.0498078632891452,19.5349223774098,2.02349885317926e-05,5.10233724429781e-05,"EODSD_vs_CN",140,"study_4"
"PEA15",0.646858608186063,0.0558636322187287,134.078883320102,8.53164138241627e-20,2.25885362315402e-18,"EODSD_vs_CN",101,"study_4"
"PGAM1",0.384668289139386,0.0565177504674981,46.3236782548314,3.57723211253903e-10,1.7601248270546e-09,"EODSD_vs_CN",129,"study_4"
"PGM1",-0.108194251945467,0.0583234093747924,3.4413002848499,0.0663153808332774,0.0928749414188973,"EODSD_vs_CN",110,"study_4"
"PGRMC1",-0.0393331558007048,0.0391239949482527,1.010720784026,0.31756475322734,0.37487474054013,"EODSD_vs_CN",93,"study_4"
"PIANP",-0.233007574840927,0.0580618871315692,16.1048908244796,0.000103344073661405,0.000236569916655658,"EODSD_vs_CN",144,"study_4"
"PIGR",0.988652337711396,0.0761170654410259,168.703123003036,3.33805766156635e-24,2.06217784425654e-22,"EODSD_vs_CN",120,"study_4"
"PILRA",0.0719229802243548,0.0489504571864064,2.15884690118494,0.144237756450903,0.187593432951349,"EODSD_vs_CN",131,"study_4"
"PITHD1",-0.0497425005358583,0.0613695901352562,0.656974905311338,0.41987217543174,0.476426386816423,"EODSD_vs_CN",88,"study_4"
"PLA2G15",-0.135386059142914,0.0401719553454179,11.3580022707879,0.000976404606404321,0.00191830728325372,"EODSD_vs_CN",139,"study_4"
"PLBD2",0.127526666467459,0.0649350245690842,3.85694988983443,0.0515020015908624,0.0741842302707758,"EODSD_vs_CN",144,"study_4"
"PLD4",-0.109290645418577,0.0899610709646753,1.47589937040727,0.227625046884745,0.27968956037109,"EODSD_vs_CN",106,"study_4"
"PLEKHB1",-0.305086407161729,0.0693596797107551,19.3477986461365,5.6593305447442e-05,0.000134469563370845,"EODSD_vs_CN",65,"study_4"
"PLOD1",0.114068352591195,0.0389569703437938,8.57353626649064,0.00400333244931857,0.00706619949784485,"EODSD_vs_CN",140,"study_4"
"PLXDC1",-0.460397035980264,0.0542746430393409,71.9566748785239,5.7297107940978e-14,5.54038122003196e-13,"EODSD_vs_CN",138,"study_4"
"PLXNA1",-0.127004004265623,0.0654971595119533,3.76001775807127,0.0568315583953116,0.081439037288127,"EODSD_vs_CN",105,"study_4"
"PLXNB2",-0.105194590121219,0.0252442721051904,17.3644529594252,5.42819148295045e-05,0.000129809654387976,"EODSD_vs_CN",144,"study_4"
"PON3",0.151476669633902,0.105922105035006,2.04511761835278,0.155100893332909,0.200083751028068,"EODSD_vs_CN",137,"study_4"
"PPP5C",0.199428419531039,0.0599024413870023,11.0837073219499,0.00119670873314386,0.00231031269315272,"EODSD_vs_CN",128,"study_4"
"PRAP1",0.35046526343489,0.0814564094017924,18.5114071587227,3.64188773291941e-05,8.82304827670236e-05,"EODSD_vs_CN",127,"study_4"
"PRDX2",-0.0216906959293981,0.0476771591776144,0.206978975031146,0.649842209947373,0.700896738565935,"EODSD_vs_CN",144,"study_4"
"PRDX5",0.2923755862331,0.0775355447801702,14.2193755921096,0.000310167817549445,0.000647104339802971,"EODSD_vs_CN",84,"study_4"
"PRDX6",-0.148694325806932,0.0433033533593322,11.7908668327396,0.000820004400224689,0.00163120732209276,"EODSD_vs_CN",129,"study_4"
"PRKAR1A",0.0435567485722883,0.05969009009926,0.532483846150475,0.46760350580881,0.524168446027617,"EODSD_vs_CN",105,"study_4"
"PRL",0.315325713132552,0.137531042653258,5.25674974389554,0.025298715628688,0.0391812977424806,"EODSD_vs_CN",86,"study_4"
"PRND",0.0596350998802109,0.0731326015789163,0.664939076403381,0.416756558619045,0.473858172990161,"EODSD_vs_CN",103,"study_4"
"PROC",0.0238662660522895,0.0420501468303261,0.322132039427974,0.571259597664161,0.626470091324011,"EODSD_vs_CN",144,"study_4"
"PROZ",0.0548942504095509,0.119845483141179,0.209802363849657,0.647773263547776,0.700023196370386,"EODSD_vs_CN",124,"study_4"
"PRRG1",0.183503918129088,0.0994102929078065,3.40743811008917,0.0682177711322531,0.0954190710680068,"EODSD_vs_CN",92,"study_4"
"PRSS23",0.0832415360647092,0.0570237628381135,2.13092629162692,0.14883212195379,0.193200029980672,"EODSD_vs_CN",93,"study_4"
"PSAT1",-0.0123374131366285,0.0332863187156462,0.137377839318324,0.711546057275575,0.754279519247321,"EODSD_vs_CN",139,"study_4"
"PTPRK",-0.031489191679464,0.0374370610942001,0.70748873426259,0.401754381083835,0.459147864095811,"EODSD_vs_CN",139,"study_4"
"PTPRM",0.0254169969196374,0.0331843882536212,0.586652385144623,0.445093613499885,0.501971702040438,"EODSD_vs_CN",137,"study_4"
"PTPRT",-0.0488666751626425,0.097550318885005,0.250939018709699,0.61796452731731,0.673702504291028,"EODSD_vs_CN",83,"study_4"
"PVALB",-0.161062291753284,0.0546811152348192,8.67586971632067,0.00387897159458442,0.00685757776339885,"EODSD_vs_CN",144,"study_4"
"PVR",-0.164144397910053,0.0421439422870219,15.1698684062186,0.00016033071294445,0.000351652372375204,"EODSD_vs_CN",144,"study_4"
"PXDN",0.225828200376026,0.0692749959469647,10.6268201167491,0.00162309309748348,0.00304878298040815,"EODSD_vs_CN",85,"study_4"
"PZP",0.841810332773044,0.165619490583957,25.8348304310167,1.17706058957727e-06,3.59585542749979e-06,"EODSD_vs_CN",144,"study_4"
"QPCT",-0.0780716041701828,0.0450702489273636,3.00058747921106,0.0855113722886803,0.117104243823907,"EODSD_vs_CN",144,"study_4"
"RAD23B",0.109252948671267,0.0542360898284209,4.05779022456494,0.0473743215498788,0.0686835013865257,"EODSD_vs_CN",81,"study_4"
"RCN1",-0.00753409963569762,0.0430432763304341,0.0306374119588734,0.861351544746187,0.886873071997926,"EODSD_vs_CN",122,"study_4"
"RCN2",0.0210569990292413,0.0521794093238417,0.162852577699028,0.687247803403843,0.735533741467828,"EODSD_vs_CN",128,"study_4"
"RECK",0.0461531298445257,0.0566796574052772,0.663052447442701,0.418303472409985,0.475131216874263,"EODSD_vs_CN",92,"study_4"
"RGMA",-0.146791422055239,0.0475217434205715,9.54149935460873,0.00245828286539579,0.00451836453937209,"EODSD_vs_CN",139,"study_4"
"RGMB",-0.213265439573729,0.0458347409268758,21.6496760626325,8.33731287819709e-06,2.23399805314582e-05,"EODSD_vs_CN",144,"study_4"
"RIDA",-0.179809760623646,0.0447165222564448,16.1692727229234,0.000106841120860642,0.000243457636059496,"EODSD_vs_CN",113,"study_4"
"RNF13",0.0550150813489374,0.0430239734919151,1.63509309435544,0.203178150841787,0.25330675597057,"EODSD_vs_CN",140,"study_4"
"ROBO2",-0.0634571686535255,0.0547936066884182,1.34122489354245,0.249535092734301,0.303924450296323,"EODSD_vs_CN",106,"study_4"
"ROBO4",0.217806763712487,0.0831222186203658,6.86607386459801,0.0108909698282957,0.0179153231495042,"EODSD_vs_CN",85,"study_4"
"RTBDN",0.00164285001809539,0.0777476378198151,0.00044649996379577,0.983197600592062,0.989426001681785,"EODSD_vs_CN",87,"study_4"
"RTN4RL1",-0.28752696630458,0.0651439223240562,19.4809152223857,2.90550764734116e-05,7.11657379701183e-05,"EODSD_vs_CN",92,"study_4"
"S100A6",0.328361662774667,0.0807517140749225,16.5348931616223,8.51463761148342e-05,0.000196688436953302,"EODSD_vs_CN",133,"study_4"
"SAA1",1.70273053935523,0.214477090184155,63.0274930124281,2.69158837945857e-12,1.98214985295227e-11,"EODSD_vs_CN",129,"study_4"
"SAA4",0.292307893686315,0.111770414871878,6.83954735931788,0.00992219794687067,0.0163944786284104,"EODSD_vs_CN",144,"study_4"
"SCGB1A1",1.15426576437743,0.140491007001033,67.5016794775485,9.70007404850619e-12,6.61747382941035e-11,"EODSD_vs_CN",77,"study_4"
"SCN3B",-0.155171211766973,0.0722160912255551,4.61694123854001,0.0339842706809159,0.0510682554015925,"EODSD_vs_CN",119,"study_4"
"SCN4B",-0.124653626027819,0.0376030645524764,10.9891310304946,0.00116813147312538,0.00226300034514882,"EODSD_vs_CN",144,"study_4"
"SCPEP1",-0.027569453023359,0.0773120726890692,0.12716326390176,0.722613717492855,0.763102045443547,"EODSD_vs_CN",83,"study_4"
"SCUBE1",-0.109287652494767,0.0569074413195333,3.68811178887889,0.0588544455207241,0.0841210069653538,"EODSD_vs_CN",80,"study_4"
"SELENOM",-0.284626947123289,0.0519112262279325,30.0628018103337,2.00124089738454e-07,6.82631864383927e-07,"EODSD_vs_CN",144,"study_4"
"SEMA3B",0.0960309000481212,0.05555086914305,2.98841069559708,0.0862286990121097,0.11755633576555,"EODSD_vs_CN",134,"study_4"
"SEMA3C",-0.0970026024498472,0.057972095875561,2.79981134094795,0.0972592525471456,0.13055627812791,"EODSD_vs_CN",113,"study_4"
"SEMA3F",0.0224660820506291,0.0678456955705007,0.109650365265092,0.741456439613304,0.780037427483438,"EODSD_vs_CN",103,"study_4"
"SEMA6B",-0.131222476711184,0.0699343625367524,3.52075025755925,0.0634254810317077,0.0892773859585556,"EODSD_vs_CN",110,"study_4"
"SERPINA10",0.136805228022892,0.0976646199395586,1.96214392405732,0.163902386511229,0.209253104248549,"EODSD_vs_CN",136,"study_4"
"SERPINB1",0.0766524743997614,0.0492838273109022,2.419042526309,0.12293253868777,0.161967989361138,"EODSD_vs_CN",108,"study_4"
"SERPINE2",-0.44221607892788,0.0846411278621236,27.296450381991,6.1113889579332e-07,1.94167557749192e-06,"EODSD_vs_CN",144,"study_4"
"SF3A1",-0.418968668730058,0.0592661454134132,49.9746463090557,1.56097775497879e-10,8.30529791165747e-10,"EODSD_vs_CN",122,"study_4"
"SFRP1",0.49708469131719,0.103689222912831,22.9823025377361,1.36198962752901e-05,3.54691443984136e-05,"EODSD_vs_CN",76,"study_4"
"SFRP4",0.382696780044943,0.0694453425015943,30.3685018693099,1.65235563290517e-07,5.67104772774863e-07,"EODSD_vs_CN",144,"study_4"
"SGCE",-0.19994457068313,0.0259689524751864,59.2802966560983,4.72255066625697e-12,3.3880492521792e-11,"EODSD_vs_CN",144,"study_4"
"SH3BGRL",0.275661590197682,0.0396561072836679,48.3206038159192,1.33022357307491e-10,7.14593532975509e-10,"EODSD_vs_CN",140,"study_4"
"SH3BGRL3",0.310016705052932,0.0439983041965257,49.6476065167672,1.05910792229944e-10,5.77317651763223e-10,"EODSD_vs_CN",135,"study_4"
"SHBG",0.180304543835548,0.0954628029652902,3.5673439065141,0.0610269044634409,0.0868910598762436,"EODSD_vs_CN",144,"study_4"
"SIGLEC14",0.0181585337619818,0.101135775834992,0.0322368007481842,0.857790204234957,0.884024751723144,"EODSD_vs_CN",132,"study_4"
"SIL1",0.0237899590981003,0.0420069149258343,0.320734602409281,0.572163282076783,0.626842925782643,"EODSD_vs_CN",140,"study_4"
"SLC24A2",-0.434152550786441,0.0590304575761529,54.0919221867895,6.69043200642578e-11,3.77652811733272e-10,"EODSD_vs_CN",108,"study_4"
"SLC38A10",-0.155464478555656,0.0277741453683415,31.3314821997745,1.08625325636018e-07,3.84685866583606e-07,"EODSD_vs_CN",144,"study_4"
"SLC39A12",0.363754731338611,0.103473207885187,12.3583780126742,0.000617817281794425,0.00124458843723805,"EODSD_vs_CN",127,"study_4"
"SLC3A2",-0.175152645732327,0.021330299886656,67.4278762461363,1.26845540810406e-13,1.12841793104938e-12,"EODSD_vs_CN",144,"study_4"
"SLITRK5",-0.101252230769138,0.0724829587617346,1.95135989335222,0.165022717239162,0.210200757812083,"EODSD_vs_CN",122,"study_4"
"SLPI",0.700327567486171,0.0737256322990994,90.2330074190517,1.41796747518958e-16,2.31879387119238e-15,"EODSD_vs_CN",144,"study_4"
"SMPD1",0.0327428789628508,0.0702287285937249,0.217372256223336,0.642431591527845,0.695602658012623,"EODSD_vs_CN",98,"study_4"
"SMPDL3A",-0.00291891466674876,0.0595764587440291,0.0024004542189968,0.961010571067579,0.973263893467348,"EODSD_vs_CN",115,"study_4"
"SMPDL3B",-0.734615511968569,0.086460296852537,72.1916128372592,2.74878837773159e-13,2.33332265346376e-12,"EODSD_vs_CN",121,"study_4"
"SNCG",0.727524542992439,0.0693473221382285,110.0616215131,1.7090498700462e-18,3.72639893233603e-17,"EODSD_vs_CN",130,"study_4"
"SNED1",0.133573260205909,0.0399109987516464,11.2009242602346,0.00105710533381185,0.00206228268631364,"EODSD_vs_CN",139,"study_4"
"SORCS1",-0.0994705693401343,0.0483133004932465,4.23892559279414,0.0413350911814202,0.0605594484765998,"EODSD_vs_CN",144,"study_4"
"SORL1",-0.0664309092195579,0.0352593320430323,3.54970474948502,0.0617674239432558,0.0875182657491636,"EODSD_vs_CN",144,"study_4"
"SORT1",0.268329316005794,0.0458945123297443,34.1833583879117,3.48653920834875e-08,1.34619152766799e-07,"EODSD_vs_CN",144,"study_4"
"SPINK5",0.243902053931413,0.0770592203143139,10.018015381227,0.00213922898866017,0.00396470439231685,"EODSD_vs_CN",93,"study_4"
"SPINT1",-0.232538453725679,0.0521684177821942,19.8689185840039,1.6823366436852e-05,4.29073015545398e-05,"EODSD_vs_CN",144,"study_4"
"SPON2",0.155864528064709,0.0547717874846454,8.09805550151942,0.00539557472016238,0.00930213812220243,"EODSD_vs_CN",114,"study_4"
"SRGN",0.224661254999496,0.0825604213779333,7.40478681216007,0.00807939144856041,0.0135509551897423,"EODSD_vs_CN",83,"study_4"
"SSC5D",0.279263055401985,0.036044221875896,60.0282471301893,2.84650488616235e-12,2.08244304829772e-11,"EODSD_vs_CN",144,"study_4"
"SST",-0.4118882995016,0.0756451758120814,29.6480706653283,2.80209665366819e-07,9.32913616430845e-07,"EODSD_vs_CN",137,"study_4"
"ST3GAL6",-0.08258152069397,0.0838812878552677,0.969249470482456,0.327646775123222,0.384328284743695,"EODSD_vs_CN",102,"study_4"
"ST6GALNAC1",-0.210015717955053,0.0530676844574702,15.6618594537266,0.000128711933826105,0.000286255340829257,"EODSD_vs_CN",129,"study_4"
"ST8SIA3",-0.39835230154997,0.0514719436208848,59.8954077384641,2.36883471554245e-12,1.76788201589477e-11,"EODSD_vs_CN",144,"study_4"
"ST8SIA5",-0.46814816013345,0.0636628496212987,54.074746647258,2.59848559041235e-11,1.64177044121507e-10,"EODSD_vs_CN",122,"study_4"
"STMN3",-0.0235954698312106,0.0523742150568954,0.202965491358844,0.653268297432894,0.703909250722265,"EODSD_vs_CN",113,"study_4"
"SYT1",0.121865822517135,0.0708320742438411,2.96008327031557,0.090293104326509,0.122483524660851,"EODSD_vs_CN",81,"study_4"
"TAC1",-0.439620520242499,0.0680089023164974,41.7853824212025,6.67000660056063e-09,2.80948762872099e-08,"EODSD_vs_CN",86,"study_4"
"TAC3",-0.103891649201912,0.12057320325527,0.742437129597315,0.39148831838925,0.449262136273319,"EODSD_vs_CN",89,"study_4"
"TAGLN3",0.288466447542373,0.0829973046626793,12.0798804068038,0.00112842435439122,0.00218989159176796,"EODSD_vs_CN",95,"study_4"
"TBCA",0.172958727664837,0.0596991564465463,8.39360590664758,0.00475106318302576,0.00825497228050727,"EODSD_vs_CN",110,"study_4"
"TCN2",-0.0530064622010311,0.0449985578371543,1.38758772032315,0.240905463896583,0.294381182256044,"EODSD_vs_CN",144,"study_4"
"TFRC",-0.095360940252573,0.0361721515755801,6.95012098984842,0.0093703211911452,0.0155056505424903,"EODSD_vs_CN",139,"study_4"
"THBS1",0.209445240663319,0.0887423446586619,5.57030780533035,0.02027044858105,0.0318372017261689,"EODSD_vs_CN",99,"study_4"
"THBS2",0.158452595325148,0.0344344863913835,21.1744186108369,9.44852143399277e-06,2.51960571573141e-05,"EODSD_vs_CN",144,"study_4"
"THBS4",-0.00811795271473859,0.0363914669382748,0.0497615511970748,0.823800013499228,0.853742418463319,"EODSD_vs_CN",144,"study_4"
"THSD4",0.34627378150044,0.0698617535134257,24.5674598613201,2.87285018139864e-06,8.19130615824434e-06,"EODSD_vs_CN",104,"study_4"
"TIE1",0.0955247192000188,0.0984646150208532,0.941176695384356,0.336899057623365,0.392695756894321,"EODSD_vs_CN",94,"study_4"
"TMED4",0.0560548534988881,0.0564559403581269,0.985841627597464,0.32349323001559,0.380660816695594,"EODSD_vs_CN",90,"study_4"
"TMEFF1",0.181961511938995,0.0474878354462121,14.682307815264,0.000272782929598073,0.000577780224215348,"EODSD_vs_CN",82,"study_4"
"TMEM132C",-0.133133473359143,0.028135103928934,22.3912055979574,5.58693608134522e-06,1.54160618423223e-05,"EODSD_vs_CN",144,"study_4"
"TMEM132D",-0.29644434594031,0.0650605857943348,20.7611021091944,1.22712197587472e-05,3.21861303440732e-05,"EODSD_vs_CN",144,"study_4"
"TMEM132E",-0.303255621632802,0.0574722082805444,27.842097609163,8.5123311382865e-07,2.64405369435044e-06,"EODSD_vs_CN",103,"study_4"
"TMEM25",0.281267475371734,0.0840887672903826,11.1882730855005,0.00120225970274641,0.00231700656751128,"EODSD_vs_CN",113,"study_4"
"TMSB4X",0.290650531328088,0.0407535378206894,50.8641288413023,4.66743235756751e-11,2.74612951408205e-10,"EODSD_vs_CN",144,"study_4"
"TNC",0.350931855585046,0.0639719556872657,30.0930585466876,4.02992912735027e-07,1.31031613731389e-06,"EODSD_vs_CN",94,"study_4"
"TNFRSF12A",0.174219917668322,0.0449746662776124,15.0058191974602,0.000194489066122705,0.000419945323356211,"EODSD_vs_CN",112,"study_4"
"TNFRSF19",0.295252715546804,0.0576718235567653,26.209602457346,3.76852237149592e-06,1.05823153462209e-05,"EODSD_vs_CN",76,"study_4"
"TPBG",0.0781310087683771,0.0632617865662714,1.52533051302149,0.219980298689301,0.272100213729147,"EODSD_vs_CN",108,"study_4"
"TPPP3",0.155376588860567,0.066452014227683,5.46707292115137,0.0235587089600741,0.0365883859826849,"EODSD_vs_CN",80,"study_4"
"TTR",0.00512642328626534,0.0620773214930254,0.00681966413056142,0.934307834420301,0.952291761572296,"EODSD_vs_CN",144,"study_4"
"TXNDC17",0.0620113648619434,0.0496193616841313,1.56185328094149,0.21390083430706,0.264874975222105,"EODSD_vs_CN",137,"study_4"
"TYRO3",-0.137741342259508,0.0347966075954477,15.6694881516948,0.000125044845535183,0.000280342476280491,"EODSD_vs_CN",144,"study_4"
"UCHL1",0.894726797768858,0.0526835833971164,288.423256679475,7.33596646250883e-33,2.03939867657746e-30,"EODSD_vs_CN",116,"study_4"
"UNC5A",-0.204027640822264,0.0756599393889938,7.27186884844369,0.00837287219510656,0.0140009532044489,"EODSD_vs_CN",127,"study_4"
"UNC5B",-0.298820306162628,0.0340310142195824,77.1028493526648,9.4523200915818e-15,1.10641894124621e-13,"EODSD_vs_CN",129,"study_4"
"UNC5C",-0.171337039335954,0.045402075617566,14.2413480642375,0.000295518781606177,0.000620031858766167,"EODSD_vs_CN",104,"study_4"
"VAPA",-0.00872189343522667,0.0526174466685238,0.0274765381101495,0.868682986690773,0.893594339685606,"EODSD_vs_CN",127,"study_4"
"VASN",0.18520063613797,0.0272899920807789,46.0551423399932,3.22737337580307e-10,1.60331445148873e-09,"EODSD_vs_CN",144,"study_4"
"VCAM1",0.0581244313322173,0.0337142944674256,2.97227701105311,0.0868788949590142,0.118248875390972,"EODSD_vs_CN",144,"study_4"
"VCL",0.108954611807526,0.0542906531850729,4.02755149422484,0.0481260617633049,0.0695919124587713,"EODSD_vs_CN",108,"study_4"
"VIM",0.254440290679316,0.144649663154064,3.09411828859914,0.0809785618852414,0.111445743584639,"EODSD_vs_CN",141,"study_4"
"VLDLR",0.0224425663484151,0.050595666754743,0.196751652507033,0.658371322510413,0.708721113873745,"EODSD_vs_CN",97,"study_4"
"VWA1",-0.0669553783782453,0.0399529083779164,2.80849812761611,0.0959846174452009,0.12954689122628,"EODSD_vs_CN",144,"study_4"
"VWC2",-0.2822048180463,0.0515848243040811,29.9284990425005,6.33618026428647e-07,2.00165694712686e-06,"EODSD_vs_CN",107,"study_4"
"VWF",0.118802021738863,0.0447632252664468,7.04376602660321,0.00892660074628898,0.0148154925819005,"EODSD_vs_CN",135,"study_4"
"WBP2",-0.00451804137449408,0.042822785303125,0.011131420383831,0.916135250541186,0.936344116361948,"EODSD_vs_CN",144,"study_4"
"WDR1",0.227448977189621,0.0920797059336914,6.10154936182593,0.0158825014698758,0.0253754908541693,"EODSD_vs_CN",101,"study_4"
"WSCD1",-0.35173841434192,0.0501899574228471,49.1140726534446,2.32333373891033e-10,1.1905747086029e-09,"EODSD_vs_CN",129,"study_4"
"XXYLT1",-0.546777763691095,0.0441331578717848,153.49409808175,3.03539006105071e-24,1.98550220464023e-22,"EODSD_vs_CN",144,"study_4"
"XYLT1",-0.286835240454445,0.0569013217080076,25.4109151679739,2.06900926956363e-06,6.0866092797745e-06,"EODSD_vs_CN",102,"study_4"
"YWHAB",0.606909207432505,0.0765632620379254,62.8357199181275,3.86561117377717e-11,2.31105356195711e-10,"EODSD_vs_CN",92,"study_4"
"YWHAE",0.67136578165242,0.0502760967626795,178.318046462608,9.1588897960626e-24,5.36036076485348e-22,"EODSD_vs_CN",129,"study_4"
"YWHAG",0.795859239685994,0.0474073386907115,281.826205515327,3.46898931746411e-34,1.92875806051004e-31,"EODSD_vs_CN",144,"study_4"
"YWHAH",0.450116523099929,0.0586818392427747,58.8359101986229,1.0184257983044e-11,6.90542370557618e-11,"EODSD_vs_CN",105,"study_4"
"ARF3",0.247940672592033,0.0572129984330064,18.7804559589761,3.52557206260345e-05,8.5599042218669e-05,"EODSD_vs_CN",101,"study_4"
"IGLC2",0.732585310957163,0.085809828482225,72.8857026598096,1.98957566820672e-14,2.19050311192661e-13,"EODSD_vs_CN",144,"study_4"
"SAE1",0.115527241911854,0.0970219509701585,1.41784515503252,0.236650809984083,0.289819053636895,"EODSD_vs_CN",112,"study_4"
"SUMO3",0.618182912213923,0.053003948991,136.024625087184,1.51477190492291e-20,4.95419517139493e-19,"EODSD_vs_CN",109,"study_4"
"P0DOX5",0.923842556284747,0.0885356680711025,108.882827530265,2.84578765530095e-19,6.87938233194489e-18,"EODSD_vs_CN",144,"study_4"
"P0DOX7",0.639741667004891,0.104399438492042,37.5502601061259,1.27402543470186e-08,5.17049738462944e-08,"EODSD_vs_CN",118,"study_4"
"P0DOX8",0.573377262379131,0.0846891063164966,45.8380182843508,3.62491798030768e-10,1.76998798866993e-09,"EODSD_vs_CN",144,"study_4"
"P0DOX2",0.267246630778968,0.181361716811078,2.17136703816502,0.142943351805414,0.186127643100258,"EODSD_vs_CN",144,"study_4"
"ACTG2",0.185948522468282,0.0504599844574762,13.579733243162,0.000335707546890679,0.000697769704939131,"EODSD_vs_CN",133,"study_4"
"P0DOX3",0.316178535038898,0.134586670837324,5.51900344123516,0.0230231299842011,0.0359070414339855,"EODSD_vs_CN",78,"study_4"
"IGKV1-33",0.855110172790218,0.103893917106322,67.7429187451045,1.54768878486873e-13,1.34455463185471e-12,"EODSD_vs_CN",139,"study_4"
"AMY1A",-0.116765635317255,0.112367228363523,1.07981848025144,0.30312132447254,0.36088962827994,"EODSD_vs_CN",80,"study_4"
"IGLV3-10",0.879291372929282,0.108737332891774,65.3895383780305,2.72105039839931e-13,2.32754464847695e-12,"EODSD_vs_CN",144,"study_4"
"PLS1",0.0384786865924864,0.0606686134471196,0.402265086167467,0.527448924990806,0.581868258521604,"EODSD_vs_CN",110,"study_4"
"ST13P4",0.448857454575197,0.0590717571001541,57.7373844568506,2.14415830214508e-10,1.10384445925247e-09,"EODSD_vs_CN",97,"study_4"
"BTBD16",0.214104378164757,0.287944647734489,0.552882795198611,0.458565182824413,0.51508711035985,"EODSD_vs_CN",126,"study_4"
"IGHV7-81",0.67416558786983,0.116967551612028,33.2202091733186,5.13937884010214e-08,1.92423881151299e-07,"EODSD_vs_CN",144,"study_4"
"CROT",0.199782404351756,0.107456118045323,3.45662428295333,0.0651388802133155,0.0913422885210679,"EODSD_vs_CN",142,"study_4"
"HYDIN",0.120868585780588,0.0640341117250546,3.56290385078386,0.0619645026015006,0.0875534013886514,"EODSD_vs_CN",115,"study_4"
"WDR87",0.132652376220741,0.06768980037626,3.84046314081293,0.0525940617252002,0.0755614943648871,"EODSD_vs_CN",113,"study_4"
"ZFP42",0.871761421790123,0.135897290135507,41.1503656790994,2.99410951089806e-09,1.31598805380183e-08,"EODSD_vs_CN",121,"study_4"
"ITPR2",-0.106410783665758,0.099797216647046,1.13693182981927,0.28937271281019,0.345260146614734,"EODSD_vs_CN",89,"study_4"
"TATDN1",-0.273116458746867,0.0483138774306416,31.9559666336656,2.44311226131632e-07,8.19591785556489e-07,"EODSD_vs_CN",112,"study_4"
"VAMP1",0.212821307851407,0.0677948384792607,9.8545535709075,0.00261480181747683,0.00476665511644956,"EODSD_vs_CN",86,"study_4"
"ZBTB18",-0.158210662006854,0.0433752123388832,13.3041847721906,0.000434227402225526,0.000897510913150157,"EODSD_vs_CN",109,"study_4"
"TGM4",0.682015951362505,0.153849278911614,19.6516099003362,2.61726549389504e-05,6.49465186050179e-05,"EODSD_vs_CN",92,"study_4"
"CLCNKB",-0.415225341096771,0.0584882192610216,50.4000425493096,6.42033017643196e-11,3.66123443907299e-10,"EODSD_vs_CN",144,"study_4"
"USH2A",-0.323567849768767,0.0592335006573184,29.8398012363612,4.26050821569625e-07,1.38124931074467e-06,"EODSD_vs_CN",112,"study_4"
