"Protein","Log2FC","SE","F_value","P_value","FDR","Comparison","N","Study"
"UBA52",0.105883632019943,0.0635702095312261,2.77428053206755,0.125062312138911,0.642164481092878,"EOAD_vs_LOAD",56,"study_4"
"MT3",0.090458933286782,0.104659602616844,0.747041556415995,0.412745557652954,0.791332862258767,"EOAD_vs_LOAD",56,"study_4"
"NFASC",-0.0828567792823112,0.0680998615514684,1.48034737450126,0.259769290790466,0.715311063596449,"EOAD_vs_LOAD",56,"study_4"
"ALDOA",0.364151595415827,0.162032808927356,5.05078070192151,0.0619576816745332,0.60601171904729,"EOAD_vs_LOAD",56,"study_4"
"LSAMP",-0.0392523180543805,0.0557990516201568,0.494853883920957,0.499452757749843,0.801711220831931,"EOAD_vs_LOAD",56,"study_4"
"PARK7",0.0160661364883019,0.0775756188852874,0.0428916157154799,0.841545686546377,0.95198250604229,"EOAD_vs_LOAD",56,"study_4"
"YWHAZ",0.292163761349329,0.118086653016955,6.12140434338502,0.0423472295994016,0.600667895777266,"EOAD_vs_LOAD",56,"study_4"
"CXCL16",0.0854906600264966,0.101217342243875,0.713390762000751,0.422860807170839,0.794925891834895,"EOAD_vs_LOAD",50,"study_4"
"SELENBP1",0.0396830675914748,0.103141805103001,0.148027027367388,0.710325085064835,0.896802853425711,"EOAD_vs_LOAD",56,"study_4"
"PROCR",0.163394571783023,0.162668629509113,1.00894532780645,0.356541772240392,0.763919943605619,"EOAD_vs_LOAD",49,"study_4"
"NCAN",-0.0422361183979092,0.126562928799049,0.111366600958879,0.747917893130172,0.913939227649177,"EOAD_vs_LOAD",56,"study_4"
"NICOL1",-0.0489500454320018,0.0987078814640837,0.245924918805845,0.630667297704473,0.867749294397032,"EOAD_vs_LOAD",56,"study_4"
"DPP7",-0.166438365322318,0.179725447955371,0.857605848269451,0.382669271106719,0.773765629215107,"EOAD_vs_LOAD",56,"study_4"
"ICOSLG",0.0163512767411529,0.0740952696849846,0.0486992610834917,0.83031152923546,0.945308611783466,"EOAD_vs_LOAD",52,"study_4"
"PAPLN",0.106476815729579,0.0951969211346142,1.25102014821084,0.295814820693906,0.749833119949344,"EOAD_vs_LOAD",56,"study_4"
"FOLR2",-0.0472245500428201,0.103773715912911,0.207090854908978,0.660438256061728,0.879191937076047,"EOAD_vs_LOAD",56,"study_4"
"GC",0.238874940153639,0.155050698911898,2.37352453893795,0.160859348197002,0.642164481092878,"EOAD_vs_LOAD",56,"study_4"
"HBA1",2.29202172147417,0.919006358681692,6.22014380848627,0.0373752857417225,0.593733110639934,"EOAD_vs_LOAD",56,"study_4"
"IGLV3-19",0.225768746649777,0.270192582437415,0.698201535500941,0.433858502414565,0.794925891834895,"EOAD_vs_LOAD",51,"study_4"
"FBLN5",-0.111856948027576,0.0703971374000881,2.52473576445764,0.153044403581868,0.642164481092878,"EOAD_vs_LOAD",56,"study_4"
"LAMP2",0.0013889749490259,0.0837316211211484,0.000275175539649256,0.987118139059789,0.998190012058198,"EOAD_vs_LOAD",40,"study_4"
"NUCB2",0.0510417084730399,0.112543271241649,0.2056891277689,0.661712676226661,0.879191937076047,"EOAD_vs_LOAD",56,"study_4"
"PDGFB",0.0564012178826196,0.166708450188238,0.114462106878132,0.753562585612391,0.915805022077572,"EOAD_vs_LOAD",43,"study_4"
"ITIH2",0.378811428145379,0.242694274237757,2.43627935092094,0.158121183565054,0.642164481092878,"EOAD_vs_LOAD",56,"study_4"
"CSF1R",-0.0059046211390692,0.0892137676402137,0.00438046598780116,0.948862681062989,0.989807974992536,"EOAD_vs_LOAD",56,"study_4"
"PGLYRP2",0.328608625417224,0.215945006044385,2.31564290389588,0.170102872085448,0.647311526774961,"EOAD_vs_LOAD",56,"study_4"
"IGHM",0.388314389948825,0.3989189800566,0.947540036772975,0.360780306728499,0.765625383744448,"EOAD_vs_LOAD",56,"study_4"
"LAMA2",0.0729435841627559,0.0450050307690008,2.62695160554131,0.135565649414355,0.642164481092878,"EOAD_vs_LOAD",56,"study_4"
"APLP2",-0.126370271958924,0.0991088050636326,1.625793415555,0.236542820759365,0.693778116414736,"EOAD_vs_LOAD",56,"study_4"
"AGA",0.149367783519806,0.190805675531023,0.612817693128117,0.459906781131027,0.801479164044078,"EOAD_vs_LOAD",55,"study_4"
"CFI",0.311345714695237,0.143096348622668,4.73400465900892,0.0610902245076948,0.60601171904729,"EOAD_vs_LOAD",56,"study_4"
"CD44",0.0277679325490041,0.0948111526829382,0.0857764835614882,0.777650876187786,0.93169790078502,"EOAD_vs_LOAD",56,"study_4"
"IGSF8",0.083962184590689,0.0290476842282349,8.35496105991236,0.0116088014848095,0.497122262471665,"EOAD_vs_LOAD",56,"study_4"
"CNTNAP4",-0.0260454509312922,0.132389394545831,0.0387041353460332,0.849326282254604,0.953187790151035,"EOAD_vs_LOAD",56,"study_4"
"C1QC",0.0994015144528362,0.0564225053040087,3.10371096403919,0.113158822909762,0.642164481092878,"EOAD_vs_LOAD",56,"study_4"
"C1R",-0.00384333053717967,0.0688990728830061,0.00311163549699583,0.956865995543704,0.993575305777981,"EOAD_vs_LOAD",56,"study_4"
"CPN2",0.494508848998567,0.212933206348,5.39338406273967,0.047931537832037,0.605680341695741,"EOAD_vs_LOAD",56,"study_4"
"AMBP",0.190494543879199,0.188027394079907,1.02641461714257,0.341822210339949,0.75689666770132,"EOAD_vs_LOAD",56,"study_4"
"C5",0.412442047819628,0.19132998784083,4.6468620639685,0.061731738043462,0.60601171904729,"EOAD_vs_LOAD",56,"study_4"
"HEXA",-0.0736637406308276,0.0867457741302919,0.721125549316963,0.416053983494019,0.792149342852737,"EOAD_vs_LOAD",56,"study_4"
"DBI",0.0402986380843435,0.0966622371164617,0.173806916228617,0.688368622420764,0.894874036010094,"EOAD_vs_LOAD",56,"study_4"
"C1QA",0.00864845185344176,0.0723465418533052,0.0142902948770866,0.907484605642982,0.972056076817729,"EOAD_vs_LOAD",56,"study_4"
"NRXN3",-0.131313899392355,0.0773992188762059,2.87838074297858,0.126779713120505,0.642164481092878,"EOAD_vs_LOAD",56,"study_4"
"IGHV3-30",0.140798032778955,0.232320777477421,0.367296736005679,0.563334642535276,0.839580496161935,"EOAD_vs_LOAD",56,"study_4"
"C6",0.38687008677862,0.161670895587097,5.72620133036165,0.0395286052243285,0.600667895777266,"EOAD_vs_LOAD",56,"study_4"
"CLEC3B",0.162740992661169,0.0600041587560794,7.35582212131274,0.0267062997356285,0.5823020648239,"EOAD_vs_LOAD",56,"study_4"
"SPARCL1",-0.0204392313426656,0.103717025851075,0.0388355096868369,0.849168440624302,0.953187790151035,"EOAD_vs_LOAD",56,"study_4"
"GAP43",0.0765837359894039,0.0716643394156532,1.14200207621562,0.300209177271887,0.749833119949344,"EOAD_vs_LOAD",56,"study_4"
"MCAM",-0.112128195449889,0.0710556420431824,2.49019025753658,0.140517959795568,0.642164481092878,"EOAD_vs_LOAD",56,"study_4"
"SCG2",-0.193181754981076,0.102629441949604,3.5431397267464,0.0944753758732196,0.642164481092878,"EOAD_vs_LOAD",56,"study_4"
"LMAN1",0.029645915618099,0.082290221525443,0.129787621435488,0.723702143770077,0.904843515461763,"EOAD_vs_LOAD",56,"study_4"
"ADGRB2",-0.163913282801631,0.101922712878344,2.58634434989652,0.133428781752579,0.642164481092878,"EOAD_vs_LOAD",49,"study_4"
"LTBP4",-0.0744038648828864,0.0928246195456139,0.642487429625793,0.446439646305731,0.794925891834895,"EOAD_vs_LOAD",56,"study_4"
"IGHG3",0.0732219350385108,0.372675336423513,0.0386030037718411,0.849614373818635,0.953187790151035,"EOAD_vs_LOAD",56,"study_4"
"PON1",0.281244944439194,0.219824864113433,1.63687615492343,0.228197240036888,0.685825218705459,"EOAD_vs_LOAD",56,"study_4"
"AXL",0.0814310869272701,0.074128669482664,1.20672428571448,0.302445205387814,0.749833119949344,"EOAD_vs_LOAD",40,"study_4"
"CADM1",-0.0439225009110302,0.0596667706903215,0.541887401642904,0.47964748113557,0.801479164044078,"EOAD_vs_LOAD",56,"study_4"
"APOD",0.0558386480521378,0.100366907331729,0.309519991754447,0.592711140197183,0.861561814247408,"EOAD_vs_LOAD",56,"study_4"
"SPON1",-0.0295647631041405,0.0605959604438495,0.238046313437459,0.637908731742365,0.868242973925961,"EOAD_vs_LOAD",56,"study_4"
"MGAT1",-0.0764349979642889,0.162085814164023,0.222379373836436,0.65217259702615,0.876923733848947,"EOAD_vs_LOAD",56,"study_4"
"SERPINF2",0.294731701788594,0.146056524707311,4.07203758561282,0.0742439891083305,0.623861198374474,"EOAD_vs_LOAD",56,"study_4"
"CP",0.358916324088378,0.15217282581363,5.56304036940111,0.0464545315079541,0.600667895777266,"EOAD_vs_LOAD",56,"study_4"
"PCSK1",-0.346668898676016,0.209009312138491,2.75105003732159,0.158977825955725,0.642164481092878,"EOAD_vs_LOAD",50,"study_4"
"CPB2",0.379321574242294,0.156194269692399,5.89773011316769,0.037208313378476,0.593733110639934,"EOAD_vs_LOAD",56,"study_4"
"SPARC",-0.0586889051643826,0.081539512220839,0.518054913932993,0.491358529064926,0.801479164044078,"EOAD_vs_LOAD",56,"study_4"
"LYVE1",0.0370550350373202,0.062518637091426,0.351297818470849,0.562294431081823,0.839290479681862,"EOAD_vs_LOAD",56,"study_4"
"IGKC",0.219746790396902,0.193519331719312,1.28942584190646,0.28887547933385,0.743801662156858,"EOAD_vs_LOAD",56,"study_4"
"IGHG4",0.111762808818687,0.395036041609311,0.0800425975868177,0.78310572477716,0.933347873475028,"EOAD_vs_LOAD",56,"study_4"
"CNDP1",0.101546300063552,0.10349143449157,0.962763007096933,0.350541172541529,0.75689666770132,"EOAD_vs_LOAD",56,"study_4"
"EFNB2",-0.0615320471284964,0.0555499139040204,1.22697566035406,0.294132657095167,0.749833119949344,"EOAD_vs_LOAD",56,"study_4"
"PRRT2",0.324511827375493,0.090427824783557,12.8782511905059,0.00231518081848236,0.215775598186464,"EOAD_vs_LOAD",33,"study_4"
"RNASET2",0.0280408396231167,0.117047687546741,0.0573926596617553,0.817349814827739,0.94185802496212,"EOAD_vs_LOAD",56,"study_4"
"PNOC",-0.157881313479753,0.120326046883139,1.72163928438262,0.21368159311092,0.673127284814003,"EOAD_vs_LOAD",56,"study_4"
"PLTP",-0.0667171446086368,0.138620779417581,0.231642492296583,0.646167005459176,0.875198185226071,"EOAD_vs_LOAD",56,"study_4"
"ATRN",0.0822878192762726,0.0776962452076992,1.12168533943334,0.319806812894982,0.756649310508979,"EOAD_vs_LOAD",56,"study_4"
"LGALS1",0.031608229906249,0.100872027119983,0.0981880995371127,0.763187968041506,0.924471699849842,"EOAD_vs_LOAD",56,"study_4"
"OMG",-0.0792396820318224,0.115375977019479,0.47168782317467,0.513867571360546,0.813229488358667,"EOAD_vs_LOAD",56,"study_4"
"FAT2",-0.189466515488929,0.0905356254863785,4.37951404335722,0.0563970867563927,0.60601171904729,"EOAD_vs_LOAD",56,"study_4"
"AHSG",0.186437177636883,0.179809336162302,1.0750794593322,0.332505696064864,0.756806073755495,"EOAD_vs_LOAD",56,"study_4"
"IGFBP6",0.118226290457823,0.10360351077078,1.30220446871594,0.285200037701045,0.74262021153456,"EOAD_vs_LOAD",56,"study_4"
"CFHR2",0.147340602000279,0.328783467866066,0.200828311146385,0.667141788431872,0.879191937076047,"EOAD_vs_LOAD",56,"study_4"
"IGHV3-72",0.385612588986604,0.826900518064435,0.217468259920316,0.65675387832438,0.879191937076047,"EOAD_vs_LOAD",51,"study_4"
"NPPC",-0.0719137869665287,0.0924641373332482,0.60489176786528,0.474742283017628,0.801479164044078,"EOAD_vs_LOAD",49,"study_4"
"CPE",-0.135578827704622,0.0680413352441698,3.97043502752698,0.0684141890959983,0.610909628437909,"EOAD_vs_LOAD",56,"study_4"
"HSPA8",0.0929487233317996,0.0624123059238187,2.2179226745928,0.160629016649081,0.642164481092878,"EOAD_vs_LOAD",56,"study_4"
"C4BPA",0.600864280240077,0.391994716577598,2.34959141821014,0.171531437979854,0.647311526774961,"EOAD_vs_LOAD",56,"study_4"
"VTN",0.212859118603342,0.161503044314668,1.73709309009642,0.220059090882239,0.676913449698697,"EOAD_vs_LOAD",56,"study_4"
"SEMA6A",-0.115086653051981,0.131928092299513,0.760983701281289,0.411316086995614,0.791089946949829,"EOAD_vs_LOAD",56,"study_4"
"WFDC1",-0.30934641336981,0.145110352222419,4.54457607336402,0.0613877932986221,0.60601171904729,"EOAD_vs_LOAD",56,"study_4"
"NPTX1",-0.171701199227765,0.0658701709473117,6.7946810589139,0.0212750976218948,0.555518252636764,"EOAD_vs_LOAD",56,"study_4"
"PTN",-0.0343536396201003,0.0967358266055174,0.126116182652558,0.731140985557253,0.904869297067732,"EOAD_vs_LOAD",56,"study_4"
"DCN",-0.00708185875923029,0.117547093729653,0.00362969998731266,0.953333947326994,0.991681337163346,"EOAD_vs_LOAD",56,"study_4"
"MEGF10",-0.0552338085753821,0.0843327561954006,0.428960588304489,0.532888975468556,0.819602407636285,"EOAD_vs_LOAD",56,"study_4"
"PSAP",-0.0364488237899714,0.0692607311426962,0.27694459434187,0.614629321075673,0.86192863730274,"EOAD_vs_LOAD",56,"study_4"
"GGH",-0.0424391240512243,0.0994434206330285,0.182129675388347,0.680115412794147,0.888705451265678,"EOAD_vs_LOAD",56,"study_4"
"F10",0.172503755352805,0.111955791812837,2.37412715904482,0.16544421733496,0.644309735180065,"EOAD_vs_LOAD",56,"study_4"
"KRT2",-0.293586125223976,0.448971203759439,0.427596439482227,0.529312114351039,0.816359321994945,"EOAD_vs_LOAD",53,"study_4"
"GALNT2",-0.0256674792240243,0.0324092615703777,0.62723194140989,0.446883665945311,0.794925891834895,"EOAD_vs_LOAD",56,"study_4"
"NTNG1",-0.205313426012665,0.131662535921126,2.43170153353964,0.163605092586268,0.64285817298915,"EOAD_vs_LOAD",56,"study_4"
"CD55",0.0987308959985214,0.0603259394375478,2.67853896884051,0.136896258417008,0.642164481092878,"EOAD_vs_LOAD",56,"study_4"
"CD99L2",0.0659634400082982,0.0817310574076802,0.651376905787262,0.438129756364436,0.794925891834895,"EOAD_vs_LOAD",56,"study_4"
"IGHA1",0.258794215154687,0.387527956578711,0.445967337125358,0.525820145800253,0.813229488358667,"EOAD_vs_LOAD",56,"study_4"
"ACYP2",0.212932541029915,0.116119969966208,3.36256155980748,0.114514552430904,0.642164481092878,"EOAD_vs_LOAD",49,"study_4"
"EFEMP2",-0.0840425884449134,0.122517603573334,0.470545747371649,0.51579262369789,0.813229488358667,"EOAD_vs_LOAD",56,"study_4"
"CHI3L1",0.0331345449609781,0.135770390999673,0.0595596153236613,0.814003788446025,0.941241776187107,"EOAD_vs_LOAD",56,"study_4"
"FAM3C",0.0101020480081022,0.0678062355572099,0.0221962489980098,0.884652917008816,0.961515614923147,"EOAD_vs_LOAD",56,"study_4"
"CRTAC1",-0.00768238226275386,0.0844124866489632,0.00828282409529126,0.929730481443465,0.982756934757732,"EOAD_vs_LOAD",56,"study_4"
"IL6ST",-0.0889073610311506,0.0551082029396516,2.60281284363572,0.14444600430068,0.642164481092878,"EOAD_vs_LOAD",56,"study_4"
"PRSS1",-0.0699139907463913,0.139518295623828,0.251111071380354,0.630385342684726,0.867749294397032,"EOAD_vs_LOAD",56,"study_4"
"CTSH",-0.0982697721296164,0.160818573218152,0.373394131935778,0.558562677382292,0.837582592955907,"EOAD_vs_LOAD",56,"study_4"
"SEMA6D",-0.0848526121452187,0.0699335608945228,1.47217401610738,0.259476313425613,0.715311063596449,"EOAD_vs_LOAD",56,"study_4"
"TIMP1",-0.0416454820431182,0.0714415274904005,0.339808566780026,0.571892643948068,0.846089143649072,"EOAD_vs_LOAD",56,"study_4"
"IDS",-0.128762369317217,0.140953348776454,0.834501501008993,0.392014880447738,0.77982208776008,"EOAD_vs_LOAD",56,"study_4"
"SELL",0.139837962624102,0.0850541154508847,2.70308380803996,0.127234601605586,0.642164481092878,"EOAD_vs_LOAD",50,"study_4"
"PROS1",0.0301691173774277,0.0536170499216988,0.316606174068726,0.584137174771556,0.85581098596307,"EOAD_vs_LOAD",56,"study_4"
"CYCS",0.0950698186504377,0.0492183767437377,3.73104733102336,0.0802735467900378,0.642164481092878,"EOAD_vs_LOAD",56,"study_4"
"ADAMTS4",0.113329905928496,0.0567837885525824,3.98327533355617,0.0708848359386557,0.610909628437909,"EOAD_vs_LOAD",49,"study_4"
"NELL2",-0.046504830430214,0.0946942618832292,0.241184172348333,0.63509393370402,0.867749294397032,"EOAD_vs_LOAD",56,"study_4"
"TAFA5",-0.13592790267498,0.0388936367278873,12.2140621302061,0.00232851364949422,0.215775598186464,"EOAD_vs_LOAD",50,"study_4"
"TNFRSF21",0.0493727306248397,0.0741228616861992,0.443680088022303,0.520000773815243,0.813229488358667,"EOAD_vs_LOAD",56,"study_4"
"CTSB",-0.0977047827893349,0.0848719206350697,1.32526761850964,0.282498094158296,0.739147954597707,"EOAD_vs_LOAD",56,"study_4"
"LAMP1",0.0120482876612895,0.105909998285759,0.012941265110569,0.912581926998768,0.974823345650942,"EOAD_vs_LOAD",56,"study_4"
"IGFBP7",0.097662414497826,0.13752996066774,0.504266684672087,0.497173895056658,0.801711220831931,"EOAD_vs_LOAD",56,"study_4"
"SEZ6L2",0.00556335003554942,0.0437584661369637,0.0161639906667548,0.899775934244132,0.971408581436383,"EOAD_vs_LOAD",56,"study_4"
"COL3A1",-0.0555323592428394,0.0833864416151577,0.443507906163028,0.524571153579897,0.813229488358667,"EOAD_vs_LOAD",56,"study_4"
"KIT",-0.16919847937569,0.0812958248257513,4.33168061638431,0.0655337843360999,0.610909628437909,"EOAD_vs_LOAD",56,"study_4"
"HSPG2",-0.162152244425346,0.0370798713156913,19.1235929957233,0.000248167683269284,0.0919874879318147,"EOAD_vs_LOAD",56,"study_4"
"IGFBP2",-0.0519919367191051,0.05509161098335,0.890637642359631,0.369013609653673,0.768781569795461,"EOAD_vs_LOAD",56,"study_4"
"PRELP",-0.0285763183024965,0.0681115159232802,0.176023826175808,0.683220714250529,0.891715298411488,"EOAD_vs_LOAD",56,"study_4"
"C1QB",0.0583461336153386,0.0712126490181227,0.67128954286519,0.436742879162707,0.794925891834895,"EOAD_vs_LOAD",56,"study_4"
"GDA",0.101040860510347,0.11474097314826,0.775455739210614,0.402995901771009,0.788470956096778,"EOAD_vs_LOAD",56,"study_4"
"NTM",0.004468051253399,0.0564696535384437,0.00626045713376238,0.938495382800575,0.98546446239305,"EOAD_vs_LOAD",56,"study_4"
"NECTIN1",-0.0428328976228878,0.0459291701639936,0.869716506737227,0.362532999700262,0.766149824572947,"EOAD_vs_LOAD",56,"study_4"
"ALCAM",-0.0570443660310769,0.0491194279427858,1.34871104879281,0.275895239020129,0.727003568223659,"EOAD_vs_LOAD",56,"study_4"
"APOC3",0.176506150085023,0.290300624999036,0.369678116618675,0.562281874857999,0.839290479681862,"EOAD_vs_LOAD",56,"study_4"
"WFIKKN2",0.114936984728796,0.107523610032416,1.14264658242811,0.306987321851416,0.750334340588806,"EOAD_vs_LOAD",56,"study_4"
"TGFBI",0.0288209620353133,0.0936023201067595,0.0948077236812215,0.767270871644311,0.926390020921253,"EOAD_vs_LOAD",56,"study_4"
"DNER",-0.116119342274137,0.0536461040871136,4.68524988457007,0.0588411825907991,0.60601171904729,"EOAD_vs_LOAD",56,"study_4"
"CDH2",-0.0118572354740838,0.0713860579656976,0.0275892623339838,0.872475202927015,0.957611822584177,"EOAD_vs_LOAD",56,"study_4"
"C1S",0.00169801689777849,0.0475238801985888,0.00127661584591281,0.972189677233101,0.998190012058198,"EOAD_vs_LOAD",56,"study_4"
"CHGB",-0.223097168907989,0.0597767346926005,13.9291220024893,0.00209813097271576,0.215775598186464,"EOAD_vs_LOAD",56,"study_4"
"ALDOC",0.0134054003852127,0.0497897621378128,0.0724902298068403,0.792624017626148,0.937298082595723,"EOAD_vs_LOAD",56,"study_4"
"LYNX1",0.0905136892374054,0.107753133709945,0.705616478757256,0.425852114101022,0.794925891834895,"EOAD_vs_LOAD",56,"study_4"
"ICAM5",-0.0787828977554197,0.1072340766206,0.539756981705119,0.48392106954958,0.801479164044078,"EOAD_vs_LOAD",56,"study_4"
"HPX",0.258785200495653,0.164526093664308,2.47405471152948,0.153992503160631,0.642164481092878,"EOAD_vs_LOAD",56,"study_4"
"LAMB1",0.0782093554504613,0.0549555198069866,2.02532523212965,0.194809182322066,0.660450642506517,"EOAD_vs_LOAD",56,"study_4"
"MOG",0.0327028929832203,0.0833436980637469,0.153966704021045,0.70582436771244,0.896802853425711,"EOAD_vs_LOAD",56,"study_4"
"STC2",-0.0147143928508839,0.110268220725454,0.0178067212348242,0.897662612888778,0.970923348107764,"EOAD_vs_LOAD",56,"study_4"
"CHGA",0.0183269162491797,0.151389640615929,0.0146550219885091,0.906304193184873,0.972056076817729,"EOAD_vs_LOAD",56,"study_4"
"HYOU1",-0.0503702956726215,0.0602669059812211,0.69853988505254,0.429608453751691,0.794925891834895,"EOAD_vs_LOAD",56,"study_4"
"IGHG2",0.275897329109755,0.162441157502303,2.88471452626952,0.114440290224498,0.642164481092878,"EOAD_vs_LOAD",56,"study_4"
"ITIH5",-0.10326177622348,0.0641820447608023,2.58852333354062,0.140540645782038,0.642164481092878,"EOAD_vs_LOAD",56,"study_4"
"GPI",0.178495241805305,0.193898158094613,0.847434069142652,0.390163882991972,0.778926818468713,"EOAD_vs_LOAD",56,"study_4"
"APCS",0.591406635634624,0.283822682477643,4.34188368932681,0.0734042157680442,0.623095327740955,"EOAD_vs_LOAD",56,"study_4"
"MST1",0.420928061379663,0.259763037579528,2.62579640906933,0.14648355155035,0.642164481092878,"EOAD_vs_LOAD",56,"study_4"
"GPR158",-0.0919422002439951,0.120678253205558,0.580459274394225,0.472366457335298,0.801479164044078,"EOAD_vs_LOAD",32,"study_4"
"HP",0.612322347331117,0.659581070437918,0.861834456053038,0.38483192999312,0.773765629215107,"EOAD_vs_LOAD",56,"study_4"
"COL18A1",-0.233037859273512,0.13310404940048,3.0652819509229,0.125896191046583,0.642164481092878,"EOAD_vs_LOAD",56,"study_4"
"RTN4R",-0.16987005094682,0.0984296084175812,2.9783938014172,0.118573495020704,0.642164481092878,"EOAD_vs_LOAD",56,"study_4"
"GRIA4",-0.174180255968015,0.102158822684244,2.90700708501693,0.121130158846064,0.642164481092878,"EOAD_vs_LOAD",56,"study_4"
"MEGF8",-0.166140765464839,0.0954092516222914,3.03229490019244,0.120310357518434,0.642164481092878,"EOAD_vs_LOAD",56,"study_4"
"SERPIND1",0.0627435176272666,0.152962702527903,0.168254477465407,0.693389246110345,0.894948075477557,"EOAD_vs_LOAD",56,"study_4"
"COCH",0.0363691522847533,0.147877208088615,0.0604872543912362,0.81259516279579,0.941241776187107,"EOAD_vs_LOAD",56,"study_4"
"CBLN1",-0.129249832271114,0.116702080437654,1.22659949025208,0.299249469011482,0.749833119949344,"EOAD_vs_LOAD",56,"study_4"
"CD59",-0.0750673979844905,0.059543258500212,1.5894158130983,0.243046064642982,0.701992789306483,"EOAD_vs_LOAD",56,"study_4"
"KRT10",-0.55015817550615,0.632902627139793,0.755616347822269,0.411133349175014,0.791089946949829,"EOAD_vs_LOAD",56,"study_4"
"ATP6AP1",-0.0910835396151954,0.06110666963472,2.22178775577585,0.166871586089801,0.644309735180065,"EOAD_vs_LOAD",56,"study_4"
"SERPINI1",-0.0231282458747621,0.0710896192146147,0.105845650259575,0.752083749426271,0.915805022077572,"EOAD_vs_LOAD",56,"study_4"
"TGFBR3",0.00793255174335261,0.0500148187465908,0.0251552378909688,0.8777136208192,0.959702602114996,"EOAD_vs_LOAD",56,"study_4"
"PTPRG",-0.117079412106033,0.0429578828376274,7.42805871049612,0.0223904800129395,0.56586849487247,"EOAD_vs_LOAD",56,"study_4"
"CLSTN2",-0.0885668172268019,0.0428653661256748,4.26902797665407,0.0519956404160107,0.60601171904729,"EOAD_vs_LOAD",54,"study_4"
"ART3",-0.0713051846499777,0.140196539107177,0.25868284708359,0.627459033762839,0.867749294397032,"EOAD_vs_LOAD",56,"study_4"
"KRT1",-0.346199757492119,0.488654261943267,0.501938070355725,0.498595617317238,0.801711220831931,"EOAD_vs_LOAD",56,"study_4"
"L1CAM",-0.0335961081947591,0.0350293854027115,0.919841304528781,0.348381939574588,0.75689666770132,"EOAD_vs_LOAD",56,"study_4"
"NRXN2",-0.127165966378893,0.0534493131252536,5.66053571588668,0.0334169743389503,0.593733110639934,"EOAD_vs_LOAD",56,"study_4"
"B2M",0.0757912341435976,0.0750627301304198,1.01950473092936,0.345119291384044,0.75689666770132,"EOAD_vs_LOAD",56,"study_4"
"C3",0.183546718433172,0.119592146861713,2.35552611890968,0.162273578405664,0.642164481092878,"EOAD_vs_LOAD",56,"study_4"
"APLP1",-0.0536485260081836,0.068234450291849,0.618170383449465,0.452221558969014,0.795680970844214,"EOAD_vs_LOAD",56,"study_4"
"LUM",0.129390095672909,0.0956990569882557,1.82804444890328,0.208278362848215,0.673127284814003,"EOAD_vs_LOAD",56,"study_4"
"BCAN",-0.0697363434075431,0.0976412408641392,0.510095818329895,0.497934195103855,0.801711220831931,"EOAD_vs_LOAD",56,"study_4"
"CARTPT",3.97314386617609e-05,0.117798456086648,1.1375994805637e-07,0.999738694735107,0.999738694735107,"EOAD_vs_LOAD",56,"study_4"
"B3GNT2",0.0702244345418856,0.0788740689347421,0.792698452584911,0.402901515586971,0.788470956096778,"EOAD_vs_LOAD",56,"study_4"
"NBL1",-0.0685774087548392,0.0676330708717149,1.02812028516299,0.338454347299613,0.75689666770132,"EOAD_vs_LOAD",56,"study_4"
"PKM",0.134497232723179,0.0562130432644729,5.72469696124893,0.032037057638521,0.593733110639934,"EOAD_vs_LOAD",56,"study_4"
"RBP4",0.299619995633988,0.210574932354349,2.0245487882584,0.198070821253616,0.661454260046034,"EOAD_vs_LOAD",56,"study_4"
"LRG1",0.259816428517198,0.183792181990147,1.99838494687269,0.192652292051679,0.660450642506517,"EOAD_vs_LOAD",56,"study_4"
"SOD1",0.0696619690020306,0.0600174528448391,1.34721333062481,0.270556278862005,0.720500762718984,"EOAD_vs_LOAD",56,"study_4"
"AGRN",0.00535427190764715,0.0470173845860041,0.0129683257302524,0.910923028056619,0.973986929999,"EOAD_vs_LOAD",56,"study_4"
"SPOCK3",0.0332232535559207,0.0473719973057353,0.49185934778557,0.499918793159149,0.801711220831931,"EOAD_vs_LOAD",56,"study_4"
"COL1A1",-0.00466373112768714,0.0577638542362175,0.00651860525578507,0.936819828766335,0.98546446239305,"EOAD_vs_LOAD",56,"study_4"
"COL6A3",0.0157346768483997,0.0809264876008502,0.0378036969645252,0.850930507714216,0.953187790151035,"EOAD_vs_LOAD",56,"study_4"
"DDR1",-0.0517095564777934,0.133904856066003,0.149124490036263,0.710506577219471,0.896802853425711,"EOAD_vs_LOAD",56,"study_4"
"PTPRD",-0.0592964940071461,0.0420574570820011,1.98779690836516,0.185408009409514,0.655271802663152,"EOAD_vs_LOAD",56,"study_4"
"GASK1B",-0.225515725318145,0.0819804763810343,7.56715772802807,0.0264602184705101,0.5823020648239,"EOAD_vs_LOAD",52,"study_4"
"TPP1",-0.0590858647395986,0.131679429709289,0.201340581191505,0.665723193620379,0.879191937076047,"EOAD_vs_LOAD",56,"study_4"
"VSTM2A",0.0557539487036083,0.142607570514818,0.152850231165523,0.705219883796378,0.896802853425711,"EOAD_vs_LOAD",56,"study_4"
"CLIC4",0.0599795502583049,0.125705716684988,0.22766504376312,0.649527368706414,0.8754841624261,"EOAD_vs_LOAD",51,"study_4"
"AEBP1",-0.0486305026100702,0.0615963002575117,0.623315980814047,0.446572058059331,0.794925891834895,"EOAD_vs_LOAD",56,"study_4"
"FGA",0.126541420088481,0.256009992336034,0.244315811696512,0.635204969099985,0.867749294397032,"EOAD_vs_LOAD",56,"study_4"
"HBB",2.20532017537257,0.955713395486006,5.32461185578718,0.0506686076003605,0.60601171904729,"EOAD_vs_LOAD",56,"study_4"
"SCG5",-0.0701243144086536,0.0912147488847325,0.591026729935314,0.463447943830873,0.801479164044078,"EOAD_vs_LOAD",56,"study_4"
"ZP2",-0.0805355444111324,0.154981574870135,0.270031891257086,0.613724053192158,0.86192863730274,"EOAD_vs_LOAD",56,"study_4"
"SLITRK1",-0.0434330067579332,0.110068383023308,0.155709323599481,0.701892365317784,0.896288698672843,"EOAD_vs_LOAD",56,"study_4"
"CAMK2A",-0.213828195198508,0.217140337347057,0.969725741707035,0.382565971808904,0.773765629215107,"EOAD_vs_LOAD",44,"study_4"
"CTSL",-0.124978101358862,0.102368335479329,1.49051572428147,0.258631053428669,0.715311063596449,"EOAD_vs_LOAD",56,"study_4"
"KLK6",0.0572181291251344,0.0596103110918555,0.92134976692273,0.363783369941112,0.766149824572947,"EOAD_vs_LOAD",56,"study_4"
"PCOLCE",-0.0677103271451713,0.0450842713611171,2.25558768085212,0.162225725565279,0.642164481092878,"EOAD_vs_LOAD",56,"study_4"
"C16orf89",-0.237492973792051,0.097460322980181,5.938077187924,0.044231305790892,0.600667895777266,"EOAD_vs_LOAD",56,"study_4"
"NRCAM",-0.0101396989934663,0.077187550468134,0.0172566149094417,0.898453350002598,0.970923348107764,"EOAD_vs_LOAD",56,"study_4"
"PLXDC2",0.0474011198868247,0.0925423592505348,0.262359062570552,0.622842408221103,0.867749294397032,"EOAD_vs_LOAD",56,"study_4"
"CACNA2D1",-0.0330935331244557,0.0950572010928294,0.121203797235462,0.735190371666763,0.904869297067732,"EOAD_vs_LOAD",56,"study_4"
"TAGLN",0.0442643744941078,0.109030363060087,0.164821456101355,0.691770055804654,0.894948075477557,"EOAD_vs_LOAD",56,"study_4"
"PRNP",-0.0481722767326502,0.077556339221031,0.385797795831488,0.551832483628286,0.834881254142387,"EOAD_vs_LOAD",56,"study_4"
"C1RL",0.219562636294878,0.0839416456260316,6.84166673432402,0.0266071790297932,0.5823020648239,"EOAD_vs_LOAD",56,"study_4"
"SERPINA7",0.210984898196633,0.162773295952172,1.68010500779399,0.226214384891631,0.683560858694277,"EOAD_vs_LOAD",56,"study_4"
"C1QTNF3",-0.327362247250083,0.19719988717136,2.75577567577804,0.155605457585553,0.642164481092878,"EOAD_vs_LOAD",37,"study_4"
"CNTN2",-0.0198932293454117,0.0565819206955108,0.123610455785002,0.732441320980895,0.904869297067732,"EOAD_vs_LOAD",56,"study_4"
"SERPINA1",0.171616377987496,0.206958083203165,0.687626613243338,0.432792883586481,0.794925891834895,"EOAD_vs_LOAD",56,"study_4"
"F5",-0.0871630850378011,0.119507115638132,0.531958382940846,0.481635781175038,0.801479164044078,"EOAD_vs_LOAD",56,"study_4"
"SLC5A5",0.0600926891160567,0.20686401325624,0.0843865799333728,0.778594125461664,0.93169790078502,"EOAD_vs_LOAD",50,"study_4"
"NCAM1",0.0282770491157844,0.0456318941730369,0.383999959958069,0.547902768107803,0.833471789515564,"EOAD_vs_LOAD",56,"study_4"
"AJAP1",0.354746508747245,0.226877934620238,2.44484730562924,0.348835032587926,0.75689666770132,"EOAD_vs_LOAD",36,"study_4"
"PTPRS",-0.0152473883258164,0.0635855512263459,0.0575008204264863,0.815968590147816,0.941241776187107,"EOAD_vs_LOAD",56,"study_4"
"RARRES2",-0.0539042180730291,0.0513247575781637,1.1030410819518,0.308070841884361,0.750334340588806,"EOAD_vs_LOAD",56,"study_4"
"LAMC1",0.0317163908218721,0.0376833255103387,0.708384545656762,0.416508278609903,0.792149342852737,"EOAD_vs_LOAD",56,"study_4"
"APOA2",0.289950461588456,0.209708656912254,1.91167865629947,0.20418338221814,0.670730602659732,"EOAD_vs_LOAD",56,"study_4"
"A1BG",0.369242650311834,0.172278175924472,4.59370592391069,0.0666258602000877,0.610909628437909,"EOAD_vs_LOAD",56,"study_4"
"MASP1",-0.139366375525347,0.133399211329919,1.09146417922252,0.329702967699832,0.756806073755495,"EOAD_vs_LOAD",56,"study_4"
"OAF",-0.000970680467771601,0.0755433895998413,0.000165104779842611,0.990061401982968,0.999528810042505,"EOAD_vs_LOAD",56,"study_4"
"DPP6",0.00758084761691613,0.100538587306908,0.00568551718790638,0.942003438218337,0.986353882578899,"EOAD_vs_LOAD",56,"study_4"
"NID2",0.041647464690616,0.0535238791170226,0.605455146248313,0.451077551931492,0.794925891834895,"EOAD_vs_LOAD",56,"study_4"
"CPVL",-0.059111983204712,0.0899779980256007,0.431596990979513,0.52078480923322,0.813229488358667,"EOAD_vs_LOAD",56,"study_4"
"SERPINC1",0.307100332579626,0.183122541453491,2.81239915949747,0.131813961820115,0.642164481092878,"EOAD_vs_LOAD",56,"study_4"
"CHL1",0.000467085760188723,0.071982723990838,4.21052936055936e-05,0.99493097182507,0.999738694735107,"EOAD_vs_LOAD",56,"study_4"
"CELSR2",-0.105417066547402,0.116749257041328,0.815292791966277,0.396393996543857,0.785722146447003,"EOAD_vs_LOAD",56,"study_4"
"FGB",0.106833811854806,0.246985625460724,0.187100131439506,0.677405009880234,0.886205142337436,"EOAD_vs_LOAD",56,"study_4"
"BTD",0.0310368507095156,0.0513602144875263,0.365175503691835,0.557129719927773,0.837582592955907,"EOAD_vs_LOAD",56,"study_4"
"PI16",-0.00200130491217188,0.0635922067158587,0.000990418471096892,0.975374579725011,0.998190012058198,"EOAD_vs_LOAD",56,"study_4"
"CPQ",-0.0396782284359283,0.0996675737361029,0.158488142192578,0.702039079625941,0.896288698672843,"EOAD_vs_LOAD",56,"study_4"
"GFRA2",0.0298965609867485,0.128476819475447,0.0541493084556696,0.821472524205486,0.94270118360836,"EOAD_vs_LOAD",56,"study_4"
"SHISA5",0.0317450716764114,0.0450976942809983,0.495500329502022,0.491665102953513,0.801479164044078,"EOAD_vs_LOAD",56,"study_4"
"PGK1",0.2551651379635,0.147352966455117,2.99864400693229,0.131383068029985,0.642164481092878,"EOAD_vs_LOAD",56,"study_4"
"SPP1",0.124727130383731,0.12081562316424,1.06579987389502,0.332804109771976,0.756806073755495,"EOAD_vs_LOAD",56,"study_4"
"VCAN",-0.0447907426219309,0.0633546190275596,0.499827283347295,0.499507224361084,0.801711220831931,"EOAD_vs_LOAD",56,"study_4"
"ITM2B",-0.130449627084804,0.0893820058144455,2.13002887600017,0.179839241757061,0.655271802663152,"EOAD_vs_LOAD",56,"study_4"
"PCDH8",0.0311732656778627,0.102006368213058,0.0933920763307018,0.765831114766986,0.925656738718357,"EOAD_vs_LOAD",55,"study_4"
"ENO2",-0.02089719342771,0.119817701655952,0.0304182311552799,0.866990446770083,0.954547897830032,"EOAD_vs_LOAD",39,"study_4"
"CTSA",-0.170853570162518,0.117463531270547,2.11564117619022,0.177454921984659,0.655271802663152,"EOAD_vs_LOAD",56,"study_4"
"SEZ6L",-0.0608669242869544,0.0713106960181158,0.72853993490536,0.414589132220909,0.792149342852737,"EOAD_vs_LOAD",56,"study_4"
"POMGNT1",-0.0329136171067788,0.0688420505192705,0.22858284290339,0.645682533745496,0.875198185226071,"EOAD_vs_LOAD",56,"study_4"
"CTSF",-0.124096996129044,0.0884817129764021,1.96705043193557,0.199299195161249,0.663535044967989,"EOAD_vs_LOAD",56,"study_4"
"AZGP1",0.291224361014592,0.141296996896312,4.24804921002679,0.0707558652647189,0.610909628437909,"EOAD_vs_LOAD",56,"study_4"
"ECRG4",0.0160785698065187,0.149752823914283,0.0115277563747749,0.916758492280413,0.976142751115602,"EOAD_vs_LOAD",56,"study_4"
"SELENOP",0.0482611659388033,0.0769869817799811,0.392971479626987,0.547519825752834,0.833471789515564,"EOAD_vs_LOAD",56,"study_4"
"SIAE",-0.0809020310289892,0.151188455891698,0.286339713541373,0.607707123443287,0.86192863730274,"EOAD_vs_LOAD",56,"study_4"
"GSN",0.0293816198748527,0.118336531744427,0.0616472627927099,0.811335556473871,0.941241776187107,"EOAD_vs_LOAD",56,"study_4"
"RNASE4",0.0129567967918831,0.0723448707214292,0.0320759704938792,0.861776117103457,0.953187790151035,"EOAD_vs_LOAD",56,"study_4"
"C2",0.109620183213206,0.123768534990282,0.78444147289289,0.401251259340573,0.788470956096778,"EOAD_vs_LOAD",56,"study_4"
"RNASE1",0.060218784727109,0.065180962191077,0.853537171264267,0.378876788969819,0.773765629215107,"EOAD_vs_LOAD",56,"study_4"
"CDH13",0.0254440434971581,0.0817768047893949,0.0968081639381633,0.761734502604012,0.923717303048703,"EOAD_vs_LOAD",56,"study_4"
"A2M",-0.0543809843451957,0.107666751324214,0.255112013628658,0.629783014778365,0.867749294397032,"EOAD_vs_LOAD",56,"study_4"
"PODXL2",-0.00752909847373839,0.0846629682700051,0.00790858839815543,0.931343442849928,0.983526978584159,"EOAD_vs_LOAD",54,"study_4"
"COL1A2",-0.0354369928511975,0.0479685331508675,0.545758923638101,0.470566539869707,0.801479164044078,"EOAD_vs_LOAD",56,"study_4"
"GOT1",0.0690006065742033,0.0616552624704793,1.25246476041574,0.288958919111297,0.743801662156858,"EOAD_vs_LOAD",56,"study_4"
"SCG3",0.0160267217466803,0.102547781837404,0.0244251282133884,0.87949439906765,0.960015632795855,"EOAD_vs_LOAD",56,"study_4"
"PEBP1",0.115374730370592,0.0502621327099205,5.26913800181321,0.0462841777268812,0.600667895777266,"EOAD_vs_LOAD",56,"study_4"
"MAN1B1",5.09719599390834e-05,0.0962014584222218,2.80736805745615e-07,0.999591284645385,0.999738694735107,"EOAD_vs_LOAD",53,"study_4"
"RELN",-0.248340116909832,0.0993749797716717,6.24510372464158,0.0257638683696429,0.5823020648239,"EOAD_vs_LOAD",56,"study_4"
"PPIC",-0.0225603732466055,0.0961375268095324,0.0550689340441426,0.819191684187966,0.942028079438489,"EOAD_vs_LOAD",56,"study_4"
"CDH6",-0.0246586729056464,0.0461166843763918,0.285905986158525,0.603723986343086,0.86192863730274,"EOAD_vs_LOAD",56,"study_4"
"SEZ6",-0.0979887108132562,0.0700241707852139,1.95819590698753,0.202415053902103,0.668441281931043,"EOAD_vs_LOAD",56,"study_4"
"GOLM1",-0.0353736053962113,0.0447490195715875,0.624872776593437,0.448327665329942,0.794925891834895,"EOAD_vs_LOAD",56,"study_4"
"APP",-0.0786838311853071,0.0859472212540332,0.83812214460232,0.385117259675965,0.773765629215107,"EOAD_vs_LOAD",56,"study_4"
"ACTB",0.235470192285564,0.130345219532025,3.26348530285303,0.125186803735191,0.642164481092878,"EOAD_vs_LOAD",50,"study_4"
"LDHB",0.00815431581219883,0.0558852502983078,0.0212902447513176,0.887422902098811,0.962745626472076,"EOAD_vs_LOAD",56,"study_4"
"EFEMP1",-0.043109107738811,0.0256318020760105,2.82865372878654,0.108257100050658,0.642164481092878,"EOAD_vs_LOAD",56,"study_4"
"PLD3",-0.123249524972413,0.140106240003277,0.773847799264743,0.408386972611802,0.789784893120564,"EOAD_vs_LOAD",56,"study_4"
"C8B",0.31940164185287,0.261818421095285,1.48824314047432,0.261991982743997,0.715311063596449,"EOAD_vs_LOAD",56,"study_4"
"GPX3",0.102686530116497,0.0571093311897292,3.23305289028172,0.103805447781063,0.642164481092878,"EOAD_vs_LOAD",56,"study_4"
"CBLN3",-0.261286405627047,0.139706301167834,3.49785369370949,0.0888969832025804,0.642164481092878,"EOAD_vs_LOAD",56,"study_4"
"LTBP2",-0.195309428545491,0.100583522356468,3.77044611279867,0.0860977606912454,0.642164481092878,"EOAD_vs_LOAD",56,"study_4"
"IGFBP5",-0.0586612898851637,0.0517754611549005,1.2836755374963,0.27804926290091,0.729223538551443,"EOAD_vs_LOAD",56,"study_4"
"OPCML",0.00838858139821674,0.104868400730802,0.0063986411724208,0.93807088827759,0.98546446239305,"EOAD_vs_LOAD",56,"study_4"
"FSTL1",-0.0911206201271124,0.0750570994852603,1.4738380973533,0.258991572982582,0.715311063596449,"EOAD_vs_LOAD",56,"study_4"
"EPHA4",-0.0527531577039468,0.0688424823124588,0.587197067812501,0.45750738573034,0.801178288082107,"EOAD_vs_LOAD",56,"study_4"
"IGLON5",0.00363636963972436,0.0725147729880695,0.00251468194050656,0.961177351454469,0.99492713217811,"EOAD_vs_LOAD",55,"study_4"
"ROBO1",-0.109157282951903,0.047356660293941,5.31304261721636,0.044753461322208,0.600667895777266,"EOAD_vs_LOAD",56,"study_4"
"CA1",1.68095183732722,0.787147501425902,4.56035128655798,0.062633097897267,0.60601171904729,"EOAD_vs_LOAD",48,"study_4"
"GAPDH",-0.151399225384941,0.2255093969691,0.450731612762596,0.522100455256838,0.813229488358667,"EOAD_vs_LOAD",56,"study_4"
"BASP1",0.156027953780706,0.0749529630521286,4.33338438218409,0.0531085844962117,0.60601171904729,"EOAD_vs_LOAD",56,"study_4"
"THY1",0.102247503717475,0.0857484798663302,1.42184602573232,0.264424638107534,0.715311063596449,"EOAD_vs_LOAD",56,"study_4"
"LTBP1",-0.26665409864456,0.050251705632992,28.1575531629955,2.6906847504192e-05,0.0299204144246615,"EOAD_vs_LOAD",56,"study_4"
"HSPA5",-0.0233105058814544,0.0393898368799505,0.350215233256002,0.572175392108006,0.846089143649072,"EOAD_vs_LOAD",56,"study_4"
"TGOLN2",0.00845316152273412,0.0387148097940003,0.0476742725801454,0.82912827556341,0.945308611783466,"EOAD_vs_LOAD",56,"study_4"
"PRRT3",0.0147257706863382,0.0751982773595317,0.0383477849022324,0.848000659658656,0.953187790151035,"EOAD_vs_LOAD",56,"study_4"
"ANG",0.302278303654254,0.143104721077789,4.46175819130461,0.070944339490403,0.610909628437909,"EOAD_vs_LOAD",56,"study_4"
"PLG",0.262020476194834,0.192420958987991,1.85423901010684,0.211189651176665,0.673127284814003,"EOAD_vs_LOAD",56,"study_4"
"BPNT2",-0.128225299410797,0.0732681306565197,3.06279000561936,0.115788982469854,0.642164481092878,"EOAD_vs_LOAD",56,"study_4"
"MAN1A1",-0.0766107571632464,0.0493726792456525,2.4077207681709,0.162176967043298,0.642164481092878,"EOAD_vs_LOAD",56,"study_4"
"ISLR",-0.0410564030831209,0.0570155792393297,0.518530987989043,0.487433144852305,0.801479164044078,"EOAD_vs_LOAD",56,"study_4"
"SERPINA6",0.286404224641554,0.179939209333367,2.53342017032803,0.151102930662556,0.642164481092878,"EOAD_vs_LOAD",56,"study_4"
"HRG",0.344439892384701,0.200814689802539,2.94195436860306,0.126107635455147,0.642164481092878,"EOAD_vs_LOAD",56,"study_4"
"F2",0.242069850836771,0.167884321549289,2.0790317667924,0.185646200519773,0.655271802663152,"EOAD_vs_LOAD",56,"study_4"
"APOC1",0.254035059876875,0.200942648880625,1.59824395792061,0.242739288897464,0.701992789306483,"EOAD_vs_LOAD",56,"study_4"
"PAM",-0.119864436328839,0.0819162444301548,2.14111812757181,0.179431789374209,0.655271802663152,"EOAD_vs_LOAD",56,"study_4"
"SIRPA",0.0601961176122545,0.24763759930741,0.0590886127292689,0.815238836239016,0.941241776187107,"EOAD_vs_LOAD",56,"study_4"
"PFN1",0.0192415194863305,0.0752939466886025,0.0653068302849491,0.803366362387628,0.939004124010534,"EOAD_vs_LOAD",56,"study_4"
"SEMA4B",-0.0150829269045385,0.0392930037151237,0.147346829046546,0.70803431565459,0.896802853425711,"EOAD_vs_LOAD",56,"study_4"
"PTPRN2",-0.102798470025914,0.126631510827622,0.659006540873925,0.439731481237614,0.794925891834895,"EOAD_vs_LOAD",56,"study_4"
"SHISA6",-0.0854249887111243,0.103259953703918,0.684393707966333,0.480169534569294,0.801479164044078,"EOAD_vs_LOAD",45,"study_4"
"AGT",-0.0433914399412156,0.0874138271557794,0.246404057425598,0.632956310553241,0.867749294397032,"EOAD_vs_LOAD",56,"study_4"
"CLSTN1",-0.093271585288397,0.0597445156504492,2.43726430072933,0.153302800733003,0.642164481092878,"EOAD_vs_LOAD",56,"study_4"
"QDPR",0.0172411245899973,0.0746492979293323,0.0533432811030957,0.8214091835969,0.94270118360836,"EOAD_vs_LOAD",56,"study_4"
"FRZB",-0.0429224850868071,0.0700463630160651,0.375490138602891,0.554022021016621,0.837055010014243,"EOAD_vs_LOAD",56,"study_4"
"CALM1",0.143438421612274,0.0713986334554214,4.03600035750552,0.075829958188016,0.623861198374474,"EOAD_vs_LOAD",56,"study_4"
"SEMA7A",-0.12756436170133,0.174443721596357,0.534746602333253,0.489279148038583,0.801479164044078,"EOAD_vs_LOAD",56,"study_4"
"IGF2",0.0626309055954284,0.0835243877325062,0.56227759825696,0.475207487354256,0.801479164044078,"EOAD_vs_LOAD",56,"study_4"
"MMRN2",0.163894848617129,0.0480120726378248,11.6527840451727,0.003598199643671,0.266746533584144,"EOAD_vs_LOAD",56,"study_4"
"FUCA2",-0.362819755167951,0.368051548741564,0.971772383302012,0.359190690099059,0.7646109878224,"EOAD_vs_LOAD",56,"study_4"
"HTRA1",-0.107932629987026,0.0602777707710197,3.20620401796043,0.106662045213747,0.642164481092878,"EOAD_vs_LOAD",56,"study_4"
"TMEM132A",-0.00782241835949282,0.0822788175909063,0.00903870046759358,0.926470503109484,0.98250339477264,"EOAD_vs_LOAD",56,"study_4"
"LYZ",0.226114209689,0.143352320404605,2.4879764019638,0.153074787209509,0.642164481092878,"EOAD_vs_LOAD",56,"study_4"
"KNG1",0.275421762502077,0.180229757731617,2.33530445834775,0.166464019065862,0.644309735180065,"EOAD_vs_LOAD",56,"study_4"
"MCFD2",0.0491194089673392,0.179472977931909,0.0749045375413123,0.796755073240472,0.937937446833151,"EOAD_vs_LOAD",37,"study_4"
"PPIA",0.19723292427447,0.076547514758946,6.63890780052642,0.0342112441878655,0.593733110639934,"EOAD_vs_LOAD",56,"study_4"
"CALB1",-0.178631021972771,0.107877875762185,2.74188347139691,0.125059926945427,0.642164481092878,"EOAD_vs_LOAD",56,"study_4"
"GPR37",-0.00991889073601548,0.0562406706098519,0.0311046437304511,0.862907576699743,0.953187790151035,"EOAD_vs_LOAD",56,"study_4"
"SHISA7",0.0173900574845245,0.0545681818036274,0.101560087952088,0.753306895505826,0.915805022077572,"EOAD_vs_LOAD",56,"study_4"
"MAPT",0.237095886759651,0.226326957393531,1.09742656630058,0.346105643759954,0.75689666770132,"EOAD_vs_LOAD",39,"study_4"
"ATP6AP2",-0.0798741813973791,0.225209022549065,0.125788595838393,0.733351546897355,0.904869297067732,"EOAD_vs_LOAD",53,"study_4"
"C7",-0.021035378769934,0.0821767517220453,0.0655243515842713,0.803681197251132,0.939004124010534,"EOAD_vs_LOAD",56,"study_4"
"CANX",-0.0494906850106904,0.0512575659383351,0.932246951618359,0.357683790743072,0.763941366361603,"EOAD_vs_LOAD",56,"study_4"
"VGF",-0.127121761459033,0.175907027705391,0.52224395684863,0.489271131163114,0.801479164044078,"EOAD_vs_LOAD",56,"study_4"
"ENPP2",0.0486441463899059,0.129310224374709,0.141512708403148,0.717239896117962,0.901823173620636,"EOAD_vs_LOAD",56,"study_4"
"MGP",-0.393026058487176,0.250807383407152,2.45562506306554,0.154890324411948,0.642164481092878,"EOAD_vs_LOAD",56,"study_4"
"MRC1",-0.0324225310339106,0.114902716164672,0.0796220287673021,0.785071432797873,0.93446599551284,"EOAD_vs_LOAD",56,"study_4"
"SERPINA5",0.250309644490969,0.126211538207525,3.93329977537592,0.083036612769471,0.642164481092878,"EOAD_vs_LOAD",56,"study_4"
"IGKV4-1",0.159509620414293,0.231719462862325,0.473858567130496,0.511573861475535,0.813229488358667,"EOAD_vs_LOAD",56,"study_4"
"LDHA",-0.0415178763641899,0.0771521015059736,0.289584119829481,0.606114187138727,0.86192863730274,"EOAD_vs_LOAD",56,"study_4"
"PRCP",-0.311564063745438,0.10041537210327,9.62707412148812,0.0112222376519061,0.497122262471665,"EOAD_vs_LOAD",56,"study_4"
"FRRS1L",-0.0501640386118476,0.0621219691101136,0.652070511007457,0.427883739259012,0.794925891834895,"EOAD_vs_LOAD",53,"study_4"
"F12",0.251794811820542,0.232707533256289,1.17077292222678,0.309314360909664,0.750334340588806,"EOAD_vs_LOAD",56,"study_4"
"TPI1",0.18299268685443,0.134855629790858,1.84132014502673,0.220067125730043,0.676913449698697,"EOAD_vs_LOAD",56,"study_4"
"FGG",0.0298541566211163,0.250589980858701,0.0141932616138719,0.90824304299786,0.972056076817729,"EOAD_vs_LOAD",56,"study_4"
"OGN",-0.0484813175723726,0.0592298581142427,0.66998864702283,0.427659395613153,0.794925891834895,"EOAD_vs_LOAD",56,"study_4"
"LCAT",-0.313274862593673,0.147792829659207,4.49308223941407,0.0673995609160432,0.610909628437909,"EOAD_vs_LOAD",56,"study_4"
"LINGO1",-0.106694325239995,0.101922297568375,1.0958326403065,0.324415356806398,0.756806073755495,"EOAD_vs_LOAD",56,"study_4"
"LRP1",-0.0282270659255754,0.0778139960866661,0.13158792467349,0.727857453144212,0.904869297067732,"EOAD_vs_LOAD",56,"study_4"
"MEGF9",-0.0231094768544624,0.064573951862648,0.128075333990036,0.73006894146596,0.904869297067732,"EOAD_vs_LOAD",56,"study_4"
"CSF1",0.0508699911429122,0.08327298801815,0.373177135955838,0.562024137542852,0.839290479681862,"EOAD_vs_LOAD",56,"study_4"
"SEMA3G",-0.0121341817751306,0.0992502974807399,0.0149471144134739,0.90627194717558,0.972056076817729,"EOAD_vs_LOAD",56,"study_4"
"DKK3",-0.0669669835299302,0.0687414952316863,0.949037831330595,0.35407482769524,0.760591112318583,"EOAD_vs_LOAD",56,"study_4"
"NCAM2",0.0612891526461041,0.0470722876512456,1.69526120737665,0.219349259952737,0.676913449698697,"EOAD_vs_LOAD",56,"study_4"
"NPTX2",-0.228855973020391,0.128475856346992,3.17308321162871,0.112161851240923,0.642164481092878,"EOAD_vs_LOAD",56,"study_4"
"SPOCK1",-0.0661493466411347,0.0537129854383327,1.51667502248906,0.237082449853956,0.693778116414736,"EOAD_vs_LOAD",56,"study_4"
"TF",0.170512623013032,0.11921438713408,2.04576493098546,0.19428553709455,0.660450642506517,"EOAD_vs_LOAD",56,"study_4"
"QSOX2",-0.078251844132323,0.116450067883687,0.451553975642963,0.523116055812369,0.813229488358667,"EOAD_vs_LOAD",56,"study_4"
"PIK3IP1",0.0365056458385489,0.052398003253603,0.485389745767291,0.500348549691871,0.801711220831931,"EOAD_vs_LOAD",56,"study_4"
"SMOC1",0.112895386123594,0.103552656730044,1.18858404293319,0.311064866017482,0.750334340588806,"EOAD_vs_LOAD",56,"study_4"
"LMAN2",0.00826889028979494,0.0274921915198576,0.090463989889108,0.768348250103174,0.926684657391247,"EOAD_vs_LOAD",56,"study_4"
"CLSTN3",0.0564921557735465,0.0665896225566109,0.719719367307445,0.418981847084494,0.794925891834895,"EOAD_vs_LOAD",56,"study_4"
"NEO1",-0.0282001001716239,0.0455786963060914,0.382804914218706,0.550576786235835,0.834868043538996,"EOAD_vs_LOAD",56,"study_4"
"IGFBP4",-0.0767497748517734,0.0738665267593255,1.07959002390295,0.33270641010606,0.756806073755495,"EOAD_vs_LOAD",56,"study_4"
"PRKCSH",-0.0965055266558963,0.0419232639436112,5.29900336765586,0.0452170238037244,0.600667895777266,"EOAD_vs_LOAD",56,"study_4"
"BCHE",0.0727245748646457,0.131266850286275,0.306939126648359,0.596907718042362,0.86192863730274,"EOAD_vs_LOAD",56,"study_4"
"SPINT2",0.00262929177406956,0.0664919475512034,0.00156364967213212,0.969500395328059,0.998190012058198,"EOAD_vs_LOAD",46,"study_4"
"TWSG1",0.0343026240569992,0.0698140075893976,0.241417945422573,0.637746000946529,0.868242973925961,"EOAD_vs_LOAD",56,"study_4"
"HEXB",-0.0858790799639122,0.0938643739023998,0.837091999048161,0.384991078681892,0.773765629215107,"EOAD_vs_LOAD",56,"study_4"
"SULF2",-0.108212560830133,0.0604014555979183,3.20967115974717,0.10238447736536,0.642164481092878,"EOAD_vs_LOAD",56,"study_4"
"FETUB",0.296996581946557,0.124604319812757,5.68115586781381,0.0373528563199144,0.593733110639934,"EOAD_vs_LOAD",56,"study_4"
"MMP2",-0.0722076536026712,0.0463462066483654,2.42738172567545,0.140438682680761,0.642164481092878,"EOAD_vs_LOAD",56,"study_4"
"MFGE8",-0.240450070082357,0.0849731057811651,8.00731349286631,0.0149193751365845,0.497122262471665,"EOAD_vs_LOAD",56,"study_4"
"SLC39A10",-0.0305313619710539,0.0744751584476629,0.168061983380723,0.689462242535919,0.894874036010094,"EOAD_vs_LOAD",56,"study_4"
"KLKB1",0.49126409987959,0.201384094835204,5.95085984765162,0.0424154503249899,0.600667895777266,"EOAD_vs_LOAD",56,"study_4"
"FGFR2",0.0399705185125327,0.0501850971058306,0.634351581003156,0.449677829405908,0.794925891834895,"EOAD_vs_LOAD",56,"study_4"
"PTPRZ1",-0.125040613324195,0.0766542418991339,2.66090766591843,0.147890936715298,0.642164481092878,"EOAD_vs_LOAD",56,"study_4"
"GNPTG",-0.075596140922185,0.0999880192569754,0.571614611383194,0.475048993762372,0.801479164044078,"EOAD_vs_LOAD",56,"study_4"
"DYNLL2",0.059108507500115,0.0589975937264878,1.00376347657461,0.338869439632937,0.75689666770132,"EOAD_vs_LOAD",54,"study_4"
"SDF4",0.00988710193967002,0.0473910813781635,0.0435256020056309,0.838802522959237,0.950813869042479,"EOAD_vs_LOAD",56,"study_4"
"PTPRN",-0.142258482828817,0.105361774652355,1.82301478688276,0.209008223342798,0.673127284814003,"EOAD_vs_LOAD",56,"study_4"
"VSTM2B",-0.0865026737586572,0.0817083251041337,1.12079567553698,0.31228539718929,0.750507168259072,"EOAD_vs_LOAD",56,"study_4"
"PRDX1",0.0955720453387396,0.102052458883727,0.877030737580502,0.382529965113751,0.773765629215107,"EOAD_vs_LOAD",56,"study_4"
"APOA4",0.165715411024825,0.245249237713398,0.456573251232263,0.520865205835396,0.813229488358667,"EOAD_vs_LOAD",56,"study_4"
"FBLN1",-0.0618366241982802,0.046680746776426,1.75475284309357,0.213461452782999,0.673127284814003,"EOAD_vs_LOAD",56,"study_4"
"CADM3",-0.0394991023562223,0.0493978563861277,0.639378820109577,0.438311404173096,0.794925891834895,"EOAD_vs_LOAD",56,"study_4"
"SERPING1",0.180760640004353,0.0906620607407567,3.97517788864881,0.0817418164325829,0.642164481092878,"EOAD_vs_LOAD",56,"study_4"
"APOE",-0.165392718536195,0.0751234234736248,4.84710055273086,0.0588283380789126,0.60601171904729,"EOAD_vs_LOAD",56,"study_4"
"SOD2",0.0863611081498599,0.0728722306654216,1.40446941241407,0.265025322123864,0.715311063596449,"EOAD_vs_LOAD",56,"study_4"
"PENK",-0.140135360577387,0.115047361665818,1.4836864943179,0.261642878692625,0.715311063596449,"EOAD_vs_LOAD",56,"study_4"
"CST3",-0.0528607164214012,0.0660002023398245,0.641468826367881,0.444743451717291,0.794925891834895,"EOAD_vs_LOAD",56,"study_4"
"CFD",0.183804994569221,0.100124331659382,3.37004233421385,0.0947404369234225,0.642164481092878,"EOAD_vs_LOAD",56,"study_4"
"CADM4",0.0353288174269988,0.055266143795377,0.408639058957371,0.539547512376671,0.824829194803035,"EOAD_vs_LOAD",56,"study_4"
"FN1",-0.112814891618589,0.0746993167469837,2.28086511077767,0.171063513014569,0.647311526774961,"EOAD_vs_LOAD",56,"study_4"
"COLEC12",0.0462318317218378,0.0498076643989609,0.861568569290242,0.377536983761323,0.773765629215107,"EOAD_vs_LOAD",56,"study_4"
"CFH",0.11616943394395,0.0803540505299143,2.09010545521625,0.182904858580265,0.655271802663152,"EOAD_vs_LOAD",56,"study_4"
"CNTN1",-0.0309659563818379,0.0579002197202301,0.286028014784863,0.607881838387953,0.86192863730274,"EOAD_vs_LOAD",56,"study_4"
"ORM1",0.488892283828367,0.1914942723429,6.5180064892702,0.0348524445956397,0.593733110639934,"EOAD_vs_LOAD",56,"study_4"
"NPY",-0.308122890368923,0.185517910714154,2.75852063439579,0.160792321918302,0.642164481092878,"EOAD_vs_LOAD",40,"study_4"
"ECM2",0.0332610550002741,0.0641391561479533,0.26892151992629,0.610691776979531,0.86192863730274,"EOAD_vs_LOAD",56,"study_4"
"CD14",-0.0500190632526722,0.103327341259817,0.234336856053832,0.644121697572663,0.874558397681076,"EOAD_vs_LOAD",56,"study_4"
"C4A",0.116681889802431,0.216120937761899,0.291482994312344,0.602936560100623,0.86192863730274,"EOAD_vs_LOAD",56,"study_4"
"ENDOD1",0.104701211893437,0.0653910283865527,2.56369928491925,0.144956328600663,0.642164481092878,"EOAD_vs_LOAD",56,"study_4"
"APOA1",0.328057296301933,0.195345011991839,2.82029638079618,0.132816230416817,0.642164481092878,"EOAD_vs_LOAD",56,"study_4"
"OLFM1",-0.0332524643830121,0.0512942516477675,0.420252472956539,0.532136893206817,0.819579259343464,"EOAD_vs_LOAD",56,"study_4"
"FGFR1",-0.120850558690167,0.0736818325106626,2.69014994741793,0.141202433951726,0.642164481092878,"EOAD_vs_LOAD",56,"study_4"
"HABP2",0.26199402127933,0.148697395777573,3.10438828966019,0.109978237328347,0.642164481092878,"EOAD_vs_LOAD",56,"study_4"
"PTGDS",0.00725130625928472,0.0436151007923332,0.0276413172175101,0.871589693813314,0.957611822584177,"EOAD_vs_LOAD",56,"study_4"
"GLDN",0.250758208505014,0.0630524312917916,15.816363651608,0.00081019489265047,0.180187344125464,"EOAD_vs_LOAD",56,"study_4"
"GOLIM4",-0.00816184531821484,0.0551832173496331,0.0218757365516455,0.88542445115225,0.961515614923147,"EOAD_vs_LOAD",56,"study_4"
"SOD3",0.291810879722039,0.139055990390896,4.40375910981714,0.0698044503765548,0.610909628437909,"EOAD_vs_LOAD",56,"study_4"
"SERPINF1",0.0207627123558556,0.0718670030673002,0.0834659047363155,0.779694807883256,0.93169790078502,"EOAD_vs_LOAD",56,"study_4"
"C8A",0.272361946192111,0.188266957830738,2.09288154146439,0.186487208355135,0.655271802663152,"EOAD_vs_LOAD",56,"study_4"
"RNASE2",-0.000895933208687971,0.201125123567736,1.9843515788766e-05,0.99661857731385,0.999738694735107,"EOAD_vs_LOAD",39,"study_4"
"ITIH1",0.439768352731468,0.26283535183674,2.79949946708349,0.134871969915336,0.642164481092878,"EOAD_vs_LOAD",56,"study_4"
"TIMP2",0.0361504142816411,0.0569590240945171,0.402811144740944,0.539996091561699,0.824829194803035,"EOAD_vs_LOAD",56,"study_4"
"SORCS2",-0.0737055283305015,0.0633812165499185,1.35231848818788,0.271851749062989,0.720500762718984,"EOAD_vs_LOAD",55,"study_4"
"ORM2",0.285694525740285,0.202364510667082,1.99312774776368,0.191321986352691,0.660450642506517,"EOAD_vs_LOAD",56,"study_4"
"CD163",0.0712916439981743,0.0531799081162865,1.79714075966634,0.204476325810835,0.670730602659732,"EOAD_vs_LOAD",56,"study_4"
"CADM2",0.0238723120812727,0.0816412629139761,0.0855006739887696,0.776372181185274,0.93169790078502,"EOAD_vs_LOAD",56,"study_4"
"SORCS3",-0.17114448950373,0.0639539784304927,7.16128088706771,0.0230443772967251,0.56945216786574,"EOAD_vs_LOAD",56,"study_4"
"TALDO1",0.115841263870872,0.0507611846785754,5.20790526960175,0.0366742953929647,0.593733110639934,"EOAD_vs_LOAD",56,"study_4"
"OMD",0.0560671012607354,0.0659982846436393,0.7216903700349,0.411907445399236,0.791089946949829,"EOAD_vs_LOAD",56,"study_4"
"ENO1",0.0449123222865548,0.0600869601596339,0.558689561197459,0.471892243743522,0.801479164044078,"EOAD_vs_LOAD",56,"study_4"
"NRXN1",-0.116964188304156,0.0552254695678731,4.48566656749067,0.0576990457099869,0.60601171904729,"EOAD_vs_LOAD",56,"study_4"
"SERPINA3",0.285484707314044,0.132490101100357,4.64300162142289,0.0621176985422966,0.60601171904729,"EOAD_vs_LOAD",56,"study_4"
"FCGBP",0.0426131258162474,0.132599433432019,0.103276960474743,0.753524116724245,0.915805022077572,"EOAD_vs_LOAD",56,"study_4"
"MAN2A2",-0.0271078149406794,0.0621770339525084,0.190076760839572,0.672783047931309,0.882234374174075,"EOAD_vs_LOAD",56,"study_4"
"RNASE6",0.0844351100237679,0.0670431490295525,1.58612473291573,0.245378671448551,0.705067397030463,"EOAD_vs_LOAD",56,"study_4"
"MARCKS",-0.0843864071907241,0.0411641805500021,4.20248377132387,0.0464257508257682,0.600667895777266,"EOAD_vs_LOAD",56,"study_4"
"ST6GAL2",-0.0294728372278534,0.0840332888269768,0.123010212657468,0.735688481883628,0.904869297067732,"EOAD_vs_LOAD",56,"study_4"
"NID1",-0.0145571622571534,0.033145904932075,0.192882881211446,0.66730035511887,0.879191937076047,"EOAD_vs_LOAD",56,"study_4"
"COTL1",0.0554584855186118,0.0695758413021591,0.635358841896464,0.445731168297413,0.794925891834895,"EOAD_vs_LOAD",56,"study_4"
"TXN",0.0708539194961535,0.0446771728603057,2.51510657267877,0.138194859836062,0.642164481092878,"EOAD_vs_LOAD",56,"study_4"
"CUTA",-0.126677324653242,0.0821398369119952,2.37842846068879,0.164343168156904,0.643484517572104,"EOAD_vs_LOAD",56,"study_4"
"NPTXR",-0.244668141582913,0.0982897772839674,6.19638144060285,0.0324662456442103,0.593733110639934,"EOAD_vs_LOAD",56,"study_4"
"MDH1",0.159420197588203,0.0855934869226994,3.46900757299553,0.101950922843109,0.642164481092878,"EOAD_vs_LOAD",56,"study_4"
"C8G",0.356741554651453,0.228697009064528,2.4332483159062,0.161085015301504,0.642164481092878,"EOAD_vs_LOAD",56,"study_4"
"PRG4",-0.154762201102278,0.168204595379965,0.846552862231519,0.384900705428375,0.773765629215107,"EOAD_vs_LOAD",56,"study_4"
"ARMH4",-0.0875767256174536,0.0613289432505131,2.03913718284274,0.183946568700922,0.655271802663152,"EOAD_vs_LOAD",56,"study_4"
"GOT2",0.179199955233386,0.0931403816297177,3.70168762900429,0.0920247804849739,0.642164481092878,"EOAD_vs_LOAD",56,"study_4"
"PPIB",-0.110909902144604,0.0766849302692564,2.09180207867871,0.180170221409946,0.655271802663152,"EOAD_vs_LOAD",56,"study_4"
"QSOX1",-0.0860015629800657,0.0693196121963366,1.53921908427946,0.255629348340271,0.715311063596449,"EOAD_vs_LOAD",56,"study_4"
"APOM",0.605545240394618,0.233659455076791,6.71624407988009,0.0319222083049211,0.593733110639934,"EOAD_vs_LOAD",56,"study_4"
"FBLN2",-0.128169833323049,0.0896717506365131,2.04296225188558,0.193928908506627,0.660450642506517,"EOAD_vs_LOAD",56,"study_4"
"LY6H",-0.0894783971851503,0.110334817862474,0.657674839095697,0.435036948262765,0.794925891834895,"EOAD_vs_LOAD",56,"study_4"
"WFDC2",0.0603457201931166,0.0824880834241463,0.535193121775165,0.485756380111372,0.801479164044078,"EOAD_vs_LOAD",56,"study_4"
"GPR37L1",-0.0207982644514875,0.0854738326409774,0.0592090149309548,0.813267134816675,0.941241776187107,"EOAD_vs_LOAD",56,"study_4"
"TNXB",-0.0285899768849607,0.0467229170256746,0.374427476063312,0.550153668909988,0.834868043538996,"EOAD_vs_LOAD",56,"study_4"
"APOH",-0.135172627404625,0.426480429561662,0.100456790088349,0.761370879658981,0.923717303048703,"EOAD_vs_LOAD",56,"study_4"
"SERPINA4",0.222806270844481,0.187267932664283,1.41555903922872,0.267118845853195,0.71615569367857,"EOAD_vs_LOAD",56,"study_4"
"NPC2",0.0108793716821651,0.0604904786992445,0.0323469685068982,0.862514874879126,0.953187790151035,"EOAD_vs_LOAD",56,"study_4"
"ADGRB1",-0.164731834630379,0.102022602722971,2.60712751440195,0.146337141292699,0.642164481092878,"EOAD_vs_LOAD",56,"study_4"
"IGKV3-20",0.312598301308012,0.220860273468541,2.00326321445145,0.194164077234246,0.660450642506517,"EOAD_vs_LOAD",54,"study_4"
"ITIH4",0.290085723010629,0.184387902455961,2.47507214141434,0.153711073580554,0.642164481092878,"EOAD_vs_LOAD",56,"study_4"
"BGLAP",-0.0249546793746842,0.226899545275288,0.012095859608926,0.917153352249862,0.976142751115602,"EOAD_vs_LOAD",42,"study_4"
"RTN4RL2",-0.100867510364933,0.117882931492999,0.732151149653257,0.416733242418032,0.792149342852737,"EOAD_vs_LOAD",56,"study_4"
"C4B",0.312293065386561,0.126080149765682,6.13523566233857,0.0288473811221773,0.593733110639934,"EOAD_vs_LOAD",56,"study_4"
"DAG1",-0.03918635400413,0.0601311353746818,0.424688896796544,0.535610610227415,0.820384295554939,"EOAD_vs_LOAD",56,"study_4"
"CGREF1",-0.226792167602371,0.081495844854514,7.74435354214712,0.0184756130456132,0.540654781755839,"EOAD_vs_LOAD",56,"study_4"
"DIPK1C",0.00594615171021839,0.118294378012107,0.00252664229054207,0.961822542348443,0.99492713217811,"EOAD_vs_LOAD",52,"study_4"
"CFHR1",0.692504149669168,0.279496326908026,6.13892815284222,0.0277975117541858,0.583223265484049,"EOAD_vs_LOAD",55,"study_4"
"CLU",-0.102472442916911,0.0853577357712561,1.44121378339879,0.264283364054724,0.715311063596449,"EOAD_vs_LOAD",56,"study_4"
"FSTL4",-0.19090287187117,0.155085497881802,1.51524390708064,0.256113794343951,0.715311063596449,"EOAD_vs_LOAD",56,"study_4"
"NTRK2",-0.0410975428967886,0.0555862485480482,0.54663443309406,0.472244376608112,0.801479164044078,"EOAD_vs_LOAD",56,"study_4"
"NXPH4",-0.0638856632073797,0.182945602516288,0.121944682065555,0.736567569617496,0.904869297067732,"EOAD_vs_LOAD",56,"study_4"
"ADAM22",-0.0901291250998835,0.0650278674007159,1.92101735161707,0.196329362872796,0.661454260046034,"EOAD_vs_LOAD",56,"study_4"
"CCN3",0.205782695117239,0.0735110319774891,7.83632902509212,0.0214813712800188,0.555518252636764,"EOAD_vs_LOAD",56,"study_4"
"CNTN4",0.0203319245796969,0.0536666000064816,0.143532026410571,0.712328058188808,0.898082540482942,"EOAD_vs_LOAD",56,"study_4"
"SPOCK2",-0.0791223158158232,0.0391432845450262,4.08585970588708,0.0569883994350645,0.60601171904729,"EOAD_vs_LOAD",56,"study_4"
"KRT9",-0.347789609697681,0.531877455194613,0.427572772667846,0.527617423816066,0.814875799004813,"EOAD_vs_LOAD",53,"study_4"
"TNR",-0.0210086928761113,0.0471817234305339,0.198267012814941,0.662083837918396,0.879191937076047,"EOAD_vs_LOAD",56,"study_4"
"LRRC4B",-0.089370712352709,0.086584757748693,1.06538737696127,0.334198026245326,0.75689666770132,"EOAD_vs_LOAD",56,"study_4"
"CTSD",-0.00363855837158233,0.142310492835094,0.000653709577180703,0.980214678332412,0.998190012058198,"EOAD_vs_LOAD",56,"study_4"
"CTSZ",-0.0520804782866682,0.127103111156559,0.167894923815576,0.694408522378554,0.894948075477557,"EOAD_vs_LOAD",56,"study_4"
"CANT1",-0.0637607839349723,0.0461420573506529,1.9094724063817,0.196351508257063,0.661454260046034,"EOAD_vs_LOAD",56,"study_4"
"PCSK1N",-0.232404563601644,0.0874188089217609,7.06772322018827,0.0313814553483631,0.593733110639934,"EOAD_vs_LOAD",56,"study_4"
"GM2A",-0.127572864267169,0.0743984346044085,2.94028221698347,0.122600589747581,0.642164481092878,"EOAD_vs_LOAD",56,"study_4"
"C9",0.323352715861983,0.241111661289707,1.79852548089098,0.220970847338693,0.676913449698697,"EOAD_vs_LOAD",56,"study_4"
"CALR",0.00845738643685223,0.0341872829694982,0.0611988380538719,0.809093031158011,0.941223176611893,"EOAD_vs_LOAD",56,"study_4"
"COL6A1",-0.156128335327031,0.0770109329064763,4.11015963199806,0.0747892334269936,0.623861198374474,"EOAD_vs_LOAD",56,"study_4"
"CAMK2B",-0.123306667362623,0.110550353247218,1.24409301288261,0.302129919631856,0.749833119949344,"EOAD_vs_LOAD",32,"study_4"
"SPINK6",0.110664934167095,0.151722384969864,0.532011154650367,0.476407953005467,0.801479164044078,"EOAD_vs_LOAD",37,"study_4"
"APOB",0.635567249390837,0.429376650224178,2.19101914796349,0.18457182757273,0.655271802663152,"EOAD_vs_LOAD",56,"study_4"
"AFM",0.310697799277085,0.166464476380166,3.48363957922045,0.0957351583439168,0.642164481092878,"EOAD_vs_LOAD",56,"study_4"
"PTPRF",0.0997813957528146,0.0413177280847984,5.83211773727137,0.030518954976178,0.593733110639934,"EOAD_vs_LOAD",56,"study_4"
"LGALS3BP",0.110482279653802,0.0641414067573961,2.9669367779886,0.12124399631104,0.642164481092878,"EOAD_vs_LOAD",56,"study_4"
"ECM1",0.147850359693836,0.0876459384027927,2.84564801604187,0.129343371213446,0.642164481092878,"EOAD_vs_LOAD",56,"study_4"
"SLITRK4",-0.0108493828343015,0.115009615500421,0.00889901144191694,0.926929200474847,0.98250339477264,"EOAD_vs_LOAD",56,"study_4"
"PCSK2",-0.126277537026524,0.105769626889502,1.42537868649913,0.263778652768463,0.715311063596449,"EOAD_vs_LOAD",56,"study_4"
"VSIG4",-0.054187708645367,0.091563759895485,0.350230801769953,0.565668993357668,0.840941070339207,"EOAD_vs_LOAD",55,"study_4"
"SUSD5",-0.0354016250689533,0.0768765852132315,0.212059741777648,0.65558095279889,0.879191937076047,"EOAD_vs_LOAD",56,"study_4"
"B4GAT1",-0.103957662047319,0.0571056103692822,3.31402249594142,0.0982385679142986,0.642164481092878,"EOAD_vs_LOAD",56,"study_4"
"NEGR1",-0.0127046517248468,0.0668428175547287,0.0361256801435586,0.853586180505777,0.953187790151035,"EOAD_vs_LOAD",56,"study_4"
"PEBP4",0.15282826651196,0.0990237508267236,2.38192799664279,0.151827990734999,0.642164481092878,"EOAD_vs_LOAD",56,"study_4"
"GMFB",-0.00611359149979585,0.0800665883015793,0.00583029039269736,0.94086031874979,0.986085461309865,"EOAD_vs_LOAD",56,"study_4"
"SCRG1",-0.173606781662757,0.090151615552086,3.70839805506258,0.094012862982782,0.642164481092878,"EOAD_vs_LOAD",56,"study_4"
"NUCB1",-0.0612138305761434,0.0820324342741428,0.556836783184762,0.478332206396313,0.801479164044078,"EOAD_vs_LOAD",56,"study_4"
"A4GALT",-0.0376757338365064,0.118540977098896,0.101015131815236,0.774881213159392,0.931532874630534,"EOAD_vs_LOAD",36,"study_4"
"ABCA2",0.0381841728385881,0.0843120902284563,0.205110107292807,0.660718756976677,0.879191937076047,"EOAD_vs_LOAD",55,"study_4"
"ABHD14B",0.0977937542994995,0.105581633561404,0.857917415027229,0.400481574372471,0.788470956096778,"EOAD_vs_LOAD",44,"study_4"
"ABI3BP",0.0673088013106407,0.128959629472214,0.272418225354121,0.616866157762716,0.86192863730274,"EOAD_vs_LOAD",54,"study_4"
"ACE",-0.338165539052669,0.155311352076439,4.7408072247501,0.104323729064193,0.642164481092878,"EOAD_vs_LOAD",41,"study_4"
"ACP2",-0.0625855868695391,0.152566126336566,0.168279967232643,0.738769294948709,0.904869297067732,"EOAD_vs_LOAD",36,"study_4"
"ACYP1",0.00897301223957747,0.0637509565890974,0.0198108499564134,0.89205856522692,0.965890092047065,"EOAD_vs_LOAD",32,"study_4"
"ADA2",0.117227742737148,0.113432903123721,1.06802817725622,0.331837696800871,0.756806073755495,"EOAD_vs_LOAD",55,"study_4"
"ADAM10",-0.0211624615835051,0.0789717191184324,0.0718107034607455,0.796000904560763,0.937937446833151,"EOAD_vs_LOAD",56,"study_4"
"ADAM11",0.0726673802038764,0.0877239307774194,0.686187558786975,0.423843190606583,0.794925891834895,"EOAD_vs_LOAD",56,"study_4"
"ADAM15",-0.0676776863684188,0.0867703356732256,0.608342911408606,0.471830627375972,0.801479164044078,"EOAD_vs_LOAD",40,"study_4"
"ADAM23",0.00198560336959375,0.103623756667039,0.000367169279200228,0.985363625362934,0.998190012058198,"EOAD_vs_LOAD",47,"study_4"
"ADAM28",0.0789431698411285,0.170606656907369,0.214110110612459,0.65980247280699,0.879191937076047,"EOAD_vs_LOAD",45,"study_4"
"ADAM9",-0.0931056069146674,0.145191097688156,0.411217599501443,0.567984004690829,0.843027395937679,"EOAD_vs_LOAD",25,"study_4"
"ADAMTS8",0.13157866194171,0.10995434352297,1.43201033170454,0.238224575037224,0.695290623205755,"EOAD_vs_LOAD",45,"study_4"
"ADGRB3",-0.197986837156781,0.182677216855619,1.17463750394282,0.315186014008081,0.750507168259072,"EOAD_vs_LOAD",56,"study_4"
"ADGRL1",-0.118489337314837,0.0886493779619675,1.78651701152846,0.222588257305618,0.679994895944636,"EOAD_vs_LOAD",56,"study_4"
"ADGRL3",-0.0618993812014157,0.0879193278034933,0.495682854383791,0.50488176470647,0.806650175795394,"EOAD_vs_LOAD",56,"study_4"
"ADM",0.121197322121965,0.111900089288422,1.17307338659287,0.312965964931792,0.750507168259072,"EOAD_vs_LOAD",52,"study_4"
"AHNAK",0.279642524488713,0.153518137017749,3.31808147012532,0.112838710804292,0.642164481092878,"EOAD_vs_LOAD",29,"study_4"
"AKR1B1",0.413783485619196,0.294411309399655,1.97531940328333,0.217725331667615,0.676913449698697,"EOAD_vs_LOAD",48,"study_4"
"ALB",0.268468435534773,0.151314707679386,3.14792355767208,0.112227631568392,0.642164481092878,"EOAD_vs_LOAD",56,"study_4"
"ALDH1A1",0.107332085339628,0.164372682803312,0.426382967182293,0.533680099042689,0.819685455988219,"EOAD_vs_LOAD",49,"study_4"
"ANGPTL7",0.0598128412451313,0.134710053444026,0.197146399020943,0.665910681249736,0.879191937076047,"EOAD_vs_LOAD",36,"study_4"
"ANPEP",0.213810272584035,0.12057865155638,3.14424434713385,0.1138884366532,0.642164481092878,"EOAD_vs_LOAD",54,"study_4"
"ANXA5",0.0550778520518271,0.116347188359064,0.224100179827835,0.648953085320929,0.8754841624261,"EOAD_vs_LOAD",43,"study_4"
"AP2B1",-0.0294541670677635,0.098029672445973,0.0902772640266362,0.771847381957614,0.929896304156952,"EOAD_vs_LOAD",56,"study_4"
"APMAP",0.400485630445651,0.140140095870872,8.16674613421447,0.0160220209767474,0.497122262471665,"EOAD_vs_LOAD",50,"study_4"
"APOC2",0.324312557988217,0.249461321857035,1.69013382256287,0.232937352987467,0.693778116414736,"EOAD_vs_LOAD",56,"study_4"
"APOF",0.505803779393919,0.247569714313838,4.17416016488249,0.0768605972817473,0.623861198374474,"EOAD_vs_LOAD",55,"study_4"
"APOL1",0.338416914022162,0.321671170498852,1.10682725025832,0.32728976949826,0.756806073755495,"EOAD_vs_LOAD",56,"study_4"
"ARHGAP36",-0.162535168666568,0.144227063427767,1.26999254165898,0.310139778434007,0.750334340588806,"EOAD_vs_LOAD",46,"study_4"
"ASAH1",0.0290047482033149,0.113631870292166,0.0651535208208301,0.803502339664585,0.939004124010534,"EOAD_vs_LOAD",56,"study_4"
"ASPH",-0.0195485633147063,0.0802537235597638,0.0593334097830745,0.814348333781715,0.941241776187107,"EOAD_vs_LOAD",49,"study_4"
"ATP1B1",0.00827619863612128,0.065357170464046,0.0160352349438963,0.902266397008983,0.971655311225604,"EOAD_vs_LOAD",56,"study_4"
"ATP1B2",-0.106598287341893,0.0727832733280029,2.14504934576161,0.174826163086286,0.654527340331675,"EOAD_vs_LOAD",38,"study_4"
"ATRNL1",-0.0447141431279032,0.335904432538797,0.0177197812306275,0.915241098906397,0.976142751115602,"EOAD_vs_LOAD",34,"study_4"
"B3GALNT1",-0.172833778873651,0.128557525368335,1.8074331488099,0.216763835840582,0.676913449698697,"EOAD_vs_LOAD",34,"study_4"
"B3GNT9",-0.178433998947784,0.213759381186895,0.696794718728163,0.448061058222163,0.794925891834895,"EOAD_vs_LOAD",39,"study_4"
"B4GALT1",-0.105729653103725,0.101946058168864,1.07560481687598,0.33488098228279,0.75689666770132,"EOAD_vs_LOAD",52,"study_4"
"BCAM",-0.076137030902772,0.0670123207455785,1.2908701443669,0.287867308772451,0.743801662156858,"EOAD_vs_LOAD",55,"study_4"
"BGN",-0.127110359510593,0.13368275878732,0.90408881263105,0.372030475897307,0.770434981481603,"EOAD_vs_LOAD",56,"study_4"
"BLMH",0.110325536436485,0.063004434830223,3.06626619679303,0.105884275981232,0.642164481092878,"EOAD_vs_LOAD",48,"study_4"
"BMP1",0.0618921206680429,0.0915162286972191,0.457377185101612,0.5164186112112,0.813229488358667,"EOAD_vs_LOAD",54,"study_4"
"BMP6",-0.288438479401075,0.246312150096966,1.37130709877457,0.299027753502671,0.749833119949344,"EOAD_vs_LOAD",35,"study_4"
"BSG",0.104260042045134,0.0593333372386414,3.08772233388434,0.111202170683187,0.642164481092878,"EOAD_vs_LOAD",46,"study_4"
"BST1",0.601750759264086,0.329915009279901,3.3268187915722,0.120109323728662,0.642164481092878,"EOAD_vs_LOAD",36,"study_4"
"C11orf87",0.248191222130581,0.148625380505564,2.78860419384759,0.134035618926257,0.642164481092878,"EOAD_vs_LOAD",44,"study_4"
"SPRING1",-0.0358371353402633,0.105021751391586,0.116441572190124,0.741124249420438,0.906633845275607,"EOAD_vs_LOAD",52,"study_4"
"C1QL3",-0.0390682333810242,0.0792947064866477,0.242749953284632,0.629535911934195,0.867749294397032,"EOAD_vs_LOAD",56,"study_4"
"C1QTNF4",-0.10594183058612,0.0969019588895174,1.19528049574839,0.307323786832278,0.750334340588806,"EOAD_vs_LOAD",51,"study_4"
"C1QTNF5",-0.068842728557974,0.0992821051604305,0.480810779387916,0.513475181574611,0.813229488358667,"EOAD_vs_LOAD",49,"study_4"
"C4BPB",0.294579658716209,0.319174487311926,0.851822623852741,0.389759557161612,0.778926818468713,"EOAD_vs_LOAD",51,"study_4"
"CA10",-0.271894349486394,0.165983910715473,2.6832947375936,0.162898322335923,0.642350831338817,"EOAD_vs_LOAD",31,"study_4"
"CA11",-0.159050309478186,0.113108398265855,1.97733080468863,0.194420186355716,0.660450642506517,"EOAD_vs_LOAD",56,"study_4"
"CA2",0.637372474757827,0.556408915310319,1.31219521136548,0.294082821582444,0.749833119949344,"EOAD_vs_LOAD",38,"study_4"
"CA4",0.00257537670210795,0.0990366894520219,0.000676222000304992,0.97990429394637,0.998190012058198,"EOAD_vs_LOAD",56,"study_4"
"CACHD1",-0.251088648748697,0.188068435819479,1.78247043029276,0.225455274700016,0.683123339145552,"EOAD_vs_LOAD",56,"study_4"
"CACNA2D2",-0.142064205854193,0.0769457175957133,3.40879141496713,0.100006145827636,0.642164481092878,"EOAD_vs_LOAD",56,"study_4"
"CACNA2D3",-0.0323670085056964,0.145923990480879,0.0491984849359718,0.830545426000401,0.945308611783466,"EOAD_vs_LOAD",56,"study_4"
"CALY",0.0389399340464696,0.112405345312563,0.120009740034547,0.738148238499303,0.904869297067732,"EOAD_vs_LOAD",45,"study_4"
"CAMK2D",-0.0726873020582488,0.0837277984600159,0.753663971900013,0.404871327276313,0.788470956096778,"EOAD_vs_LOAD",52,"study_4"
"GOLM2",0.015627375509264,0.0804694171870095,0.0377146762541752,0.851640123957908,0.953187790151035,"EOAD_vs_LOAD",49,"study_4"
"CAT",1.16776751833204,0.743350343913058,2.46788937842125,0.210217184901892,0.673127284814003,"EOAD_vs_LOAD",39,"study_4"
"CBR1",0.0668447804456811,0.144259576507578,0.214706749199585,0.659475203523849,0.879191937076047,"EOAD_vs_LOAD",48,"study_4"
"CCER2",-0.180140544977384,0.104428373871282,2.97567786106468,0.120881474981349,0.642164481092878,"EOAD_vs_LOAD",52,"study_4"
"CCK",-0.320254128221248,0.2352964667833,1.85250189842561,0.211077229226456,0.673127284814003,"EOAD_vs_LOAD",56,"study_4"
"CD109",0.0534253225086463,0.0989550443867545,0.291486489023795,0.602782273784757,0.86192863730274,"EOAD_vs_LOAD",56,"study_4"
"CD200",0.018800006082424,0.114751060981103,0.0268412390643359,0.872288900256083,0.957611822584177,"EOAD_vs_LOAD",56,"study_4"
"CD248",0.0296793641758004,0.0643801223266117,0.212522830011961,0.651308767187441,0.876822456552585,"EOAD_vs_LOAD",55,"study_4"
"CD5L",0.267781499680743,0.223331667387991,1.43767434251445,0.25324421065092,0.715156078495775,"EOAD_vs_LOAD",40,"study_4"
"CD81",-0.041581751174026,0.155171768423047,0.0718092070839023,0.794006109537024,0.937298082595723,"EOAD_vs_LOAD",47,"study_4"
"CD9",0.0121195715596301,0.173749292116367,0.0048655108667732,0.945961667274905,0.988353044805084,"EOAD_vs_LOAD",54,"study_4"
"CDH10",0.125392801948153,0.167545135318806,0.560120630146825,0.482578161835935,0.801479164044078,"EOAD_vs_LOAD",48,"study_4"
"CDH11",-0.0768948085039858,0.0501236801090431,2.3534671468342,0.162141575506966,0.642164481092878,"EOAD_vs_LOAD",56,"study_4"
"CDH15",-0.155672039445149,0.126161016459073,1.52254757343083,0.247392920621277,0.705988792566361,"EOAD_vs_LOAD",56,"study_4"
"CDH18",-0.0173807922843743,0.0870973837962531,0.0398225364816831,0.848397990128101,0.953187790151035,"EOAD_vs_LOAD",47,"study_4"
"CDH20",-0.0631000560828818,0.0571743655906983,1.21802662521231,0.292681932995598,0.749833119949344,"EOAD_vs_LOAD",50,"study_4"
"CDH22",-0.0797768786791027,0.0625447937584484,1.62694080209726,0.211835343777786,0.673127284814003,"EOAD_vs_LOAD",54,"study_4"
"CDH4",-0.0884817863471659,0.070678936791057,1.56721199932969,0.240229123564352,0.697913561536761,"EOAD_vs_LOAD",54,"study_4"
"CDH5",0.0284913605363695,0.107578567372591,0.0701414700767079,0.798285998246274,0.937982627178552,"EOAD_vs_LOAD",53,"study_4"
"CDH7",-0.16361819019832,0.0679222814734929,5.80281384711917,0.0356763783812763,0.593733110639934,"EOAD_vs_LOAD",56,"study_4"
"CDH8",0.00168295851072209,0.0936002265377039,0.000323290557054846,0.986010185522393,0.998190012058198,"EOAD_vs_LOAD",56,"study_4"
"CDH9",0.0113574056489156,0.0960505884807258,0.0139816432026308,0.906739085031613,0.972056076817729,"EOAD_vs_LOAD",34,"study_4"
"CEL",-0.0737966664384722,0.342267424784985,0.0464881596550281,0.835876894509905,0.94846439458675,"EOAD_vs_LOAD",40,"study_4"
"CEMIP",-0.0149980842419586,0.0632628860603245,0.056204821913729,0.818850265374909,0.942028079438489,"EOAD_vs_LOAD",56,"study_4"
"CFB",0.280064571740221,0.16628861065357,2.83655584524199,0.132000484984805,0.642164481092878,"EOAD_vs_LOAD",56,"study_4"
"CFHR3",0.558520184696891,0.158041020241939,12.4892999695953,0.0021157132940215,0.215775598186464,"EOAD_vs_LOAD",46,"study_4"
"CFL1",0.116002169285278,0.110429988918355,1.10346398808639,0.325243231048627,0.756806073755495,"EOAD_vs_LOAD",55,"study_4"
"CFP",0.191653071159346,0.180841822098145,1.1231398009328,0.319763916114946,0.756649310508979,"EOAD_vs_LOAD",54,"study_4"
"CHAD",0.0815432568032621,0.124762238595963,0.42717889567714,0.534770439608503,0.820227212199525,"EOAD_vs_LOAD",54,"study_4"
"CHI3L2",-0.156771419340122,0.1262358679974,1.54229780091666,0.247603983004389,0.705988792566361,"EOAD_vs_LOAD",53,"study_4"
"CHID1",-0.0750739676495842,0.0785195728958924,0.914161402254406,0.362408962542906,0.766149824572947,"EOAD_vs_LOAD",54,"study_4"
"CHIT1",-0.467990022944413,0.517224873488324,0.818680384449294,0.420028742271725,0.794925891834895,"EOAD_vs_LOAD",41,"study_4"
"CHRD",-0.0701777549690572,0.0386938645884703,3.28938514291633,0.0944774379104331,0.642164481092878,"EOAD_vs_LOAD",56,"study_4"
"CHRDL1",0.0634554857525691,0.0810088270000439,0.613583480545374,0.453022342791902,0.795830719090987,"EOAD_vs_LOAD",56,"study_4"
"CHST10",-0.0436937987248012,0.111776227913223,0.152806105981277,0.708187389050967,0.896802853425711,"EOAD_vs_LOAD",56,"study_4"
"CHST15",-0.0837521285988725,0.110369043019658,0.57583380022091,0.471172658161047,0.801479164044078,"EOAD_vs_LOAD",34,"study_4"
"CKB",0.247912561505658,0.115805075662337,4.58291577622573,0.0840856399331109,0.642164481092878,"EOAD_vs_LOAD",41,"study_4"
"CKMT1A",-0.103523638107893,0.172662077157826,0.359488605457275,0.575668023192998,0.846749790728326,"EOAD_vs_LOAD",39,"study_4"
"CLEC11A",-0.118383953373235,0.0870662361564668,1.84878384235704,0.207200103201698,0.673127284814003,"EOAD_vs_LOAD",56,"study_4"
"CLMP",0.0680129669545986,0.110015147432159,0.382189253339082,0.563998768554825,0.839580496161935,"EOAD_vs_LOAD",38,"study_4"
"CLN5",-0.0410252965064331,0.115096864829501,0.127050526578815,0.731169296266299,0.904869297067732,"EOAD_vs_LOAD",56,"study_4"
"CLUL1",0.163744876811236,0.179682065501851,0.830473882797971,0.402266650967684,0.788470956096778,"EOAD_vs_LOAD",37,"study_4"
"CNPY3",-0.22232194504763,0.0496255821218535,20.0702803197662,0.000608320119566609,0.169112993239517,"EOAD_vs_LOAD",39,"study_4"
"CNTFR",-0.139424681167295,0.0702504273705033,3.93895826059847,0.0828338910224309,0.642164481092878,"EOAD_vs_LOAD",56,"study_4"
"CNTN3",-0.0872646465201496,0.0623768067696232,1.95717829596601,0.188658126623878,0.655586990017977,"EOAD_vs_LOAD",56,"study_4"
"CNTN6",0.014260043881003,0.0620997702216722,0.0527304815443699,0.822360738150244,0.942747567858837,"EOAD_vs_LOAD",56,"study_4"
"CNTNAP2",-0.00369965030019515,0.108531859084056,0.00116200197542208,0.973657197772471,0.998190012058198,"EOAD_vs_LOAD",56,"study_4"
"CNTNAP5",0.0623113343419144,0.0840901014452245,0.549091031088849,0.479526696352495,0.801479164044078,"EOAD_vs_LOAD",46,"study_4"
"COL12A1",-0.0860842925391374,0.078398775521469,1.20567226336374,0.300926934482041,0.749833119949344,"EOAD_vs_LOAD",56,"study_4"
"COL14A1",-0.0988202067177175,0.0677769778339441,2.12582307316046,0.178829048064876,0.655271802663152,"EOAD_vs_LOAD",56,"study_4"
"COL15A1",-0.00970460580322285,0.104288569383844,0.00865929187872763,0.928284785739288,0.98250339477264,"EOAD_vs_LOAD",56,"study_4"
"COL21A1",-0.142126808962622,0.127160980017894,1.24923538725378,0.306948963069179,0.750334340588806,"EOAD_vs_LOAD",44,"study_4"
"COL28A1",-0.000810737149778973,0.282839351973986,8.21637931453588e-06,0.997858583975385,0.999738694735107,"EOAD_vs_LOAD",35,"study_4"
"COL4A1",-0.10345748659507,0.0697978985764329,2.19704601060218,0.175053367671112,0.654527340331675,"EOAD_vs_LOAD",54,"study_4"
"COL4A2",-0.0704484921697679,0.0521606953341927,1.82413367171917,0.202576179865793,0.668441281931043,"EOAD_vs_LOAD",54,"study_4"
"COL5A1",-0.247718838263977,0.106188052373465,5.44210301669002,0.0489359697914634,0.60601171904729,"EOAD_vs_LOAD",52,"study_4"
"COL6A2",-0.110251297907925,0.0895888972567068,1.51446429809883,0.252797657165079,0.715156078495775,"EOAD_vs_LOAD",56,"study_4"
"COMP",-0.0137742468496294,0.176289936194578,0.00610492991167877,0.939453524798125,0.985539924127845,"EOAD_vs_LOAD",56,"study_4"
"CPD",0.0869606751685703,0.161758175173779,0.289010304888645,0.616178626942092,0.86192863730274,"EOAD_vs_LOAD",39,"study_4"
"CPN1",0.321645058540565,0.295704356267752,1.18314595238367,0.317833361199043,0.755193798404565,"EOAD_vs_LOAD",53,"study_4"
"CPXM2",-0.0253028605210792,0.0961310084437081,0.069280696730513,0.797078136022777,0.937937446833151,"EOAD_vs_LOAD",56,"study_4"
"CRABP1",0.164154409843452,0.265742789890352,0.381576946202129,0.594047542957887,0.86192863730274,"EOAD_vs_LOAD",33,"study_4"
"CREG1",-0.0534130469335921,0.103227299786814,0.267735260590002,0.616992082098005,0.86192863730274,"EOAD_vs_LOAD",46,"study_4"
"CRELD1",-0.1800680386908,0.136461762616735,1.74121065205179,0.231523726012027,0.692081675605843,"EOAD_vs_LOAD",56,"study_4"
"CRISP3",0.163816438107432,0.175776715066473,0.868544889709943,0.378576063753522,0.773765629215107,"EOAD_vs_LOAD",47,"study_4"
"CRYM",0.0207918220768946,0.112184405822167,0.0343494759800259,0.859487434005144,0.953187790151035,"EOAD_vs_LOAD",43,"study_4"
"CSPG4",-0.133228429270966,0.104916834898895,1.6125138537393,0.246192842806137,0.705583611341299,"EOAD_vs_LOAD",56,"study_4"
"CST6",0.0344854638536205,0.0845166166449851,0.166489917310847,0.689487368390516,0.894874036010094,"EOAD_vs_LOAD",56,"study_4"
"CSTB",-0.0280840738969257,0.0773724948800843,0.131748904392944,0.724200295648354,0.904843515461763,"EOAD_vs_LOAD",42,"study_4"
"CTBS",-0.0306326500452823,0.171941511877312,0.0317400536565323,0.863910390426221,0.953187790151035,"EOAD_vs_LOAD",56,"study_4"
"CCN2",-0.272624313670954,0.0833416338272038,10.7005265843651,0.0077664866634404,0.411253960464082,"EOAD_vs_LOAD",56,"study_4"
"CTSC",0.0707061831171769,0.090000239516825,0.617202187840597,0.447239937861711,0.794925891834895,"EOAD_vs_LOAD",50,"study_4"
"CTSO",0.0835390751981775,0.168420720246282,0.246030124191559,0.636972668554402,0.868242973925961,"EOAD_vs_LOAD",41,"study_4"
"CTSS",-0.0192222528629138,0.180319327989102,0.0113638112492502,0.918206220923489,0.976142751115602,"EOAD_vs_LOAD",56,"study_4"
"CXADR",0.105275559155201,0.0914388991532982,1.32554090988014,0.284898926548045,0.74262021153456,"EOAD_vs_LOAD",53,"study_4"
"CXCL12",-0.194003675250158,0.162233291217915,1.43001290656032,0.264523643656143,0.715311063596449,"EOAD_vs_LOAD",53,"study_4"
"CYTL1",0.104009845094391,0.0693483104932509,2.24945406543629,0.141194183319732,0.642164481092878,"EOAD_vs_LOAD",56,"study_4"
"DBH",-0.131588100282043,0.290763605137636,0.204810936926492,0.663241958811475,0.879191937076047,"EOAD_vs_LOAD",42,"study_4"
"DCC",-0.0474690874773307,0.0717734680356496,0.437415232988763,0.524229215235946,0.813229488358667,"EOAD_vs_LOAD",56,"study_4"
"DCD",-0.113861439069574,0.230368594775676,0.244290619356837,0.630243475447548,0.867749294397032,"EOAD_vs_LOAD",40,"study_4"
"DDAH1",0.0793774233478324,0.0463976622602296,2.92685896659357,0.107771560146277,0.642164481092878,"EOAD_vs_LOAD",56,"study_4"
"DDB1",0.129919593500435,0.0758494742472286,2.93389222684434,0.120034424316584,0.642164481092878,"EOAD_vs_LOAD",55,"study_4"
"DIPK2B",-0.0216469336128338,0.0657417818516134,0.108420106270156,0.749503412746348,0.914871344647573,"EOAD_vs_LOAD",50,"study_4"
"DLD",0.0701548870418414,0.0462563191783769,2.30024299746391,0.152274633137231,0.642164481092878,"EOAD_vs_LOAD",56,"study_4"
"DMKN",0.132754031564973,0.168976112623989,0.617226847548388,0.469303450798962,0.801479164044078,"EOAD_vs_LOAD",48,"study_4"
"DNAJC3",-0.159475986363758,0.138866206276571,1.31885621967804,0.288863713855132,0.743801662156858,"EOAD_vs_LOAD",56,"study_4"
"DNASE2",0.0266726665843171,0.161767805235681,0.027186211159081,0.87401740395957,0.957611822584177,"EOAD_vs_LOAD",46,"study_4"
"DPP10",0.233011007673403,0.105712737379823,4.85845560231665,0.0632170498286742,0.60601171904729,"EOAD_vs_LOAD",36,"study_4"
"DPP3",0.164951770364003,0.0755917205732748,4.76173805295808,0.0456971084568607,0.600667895777266,"EOAD_vs_LOAD",48,"study_4"
"DPYSL2",0.270033418499159,0.0680464475232926,15.747953171882,0.00282146319080751,0.241343620629073,"EOAD_vs_LOAD",39,"study_4"
"DSC1",-0.0632273888142167,0.0817746670621362,0.59782341883039,0.448252556541108,0.794925891834895,"EOAD_vs_LOAD",46,"study_4"
"DSC2",0.233153973908132,0.119273885500974,3.82115724418647,0.0899992238510216,0.642164481092878,"EOAD_vs_LOAD",53,"study_4"
"DSC3",0.227435359912369,0.0807543759462128,7.93202075833848,0.0170243373911817,0.51165035618903,"EOAD_vs_LOAD",54,"study_4"
"DSG2",-0.039409578561032,0.0988714559485875,0.158877253019361,0.701097419493244,0.896288698672843,"EOAD_vs_LOAD",56,"study_4"
"EDN3",-0.25682068031773,0.138399305392439,3.44343717098272,0.101690569653797,0.642164481092878,"EOAD_vs_LOAD",49,"study_4"
"EFCAB14",-0.105504668730616,0.0637100407017681,2.74237973707866,0.133651974077152,0.642164481092878,"EOAD_vs_LOAD",56,"study_4"
"EFNA1",-0.12766521365672,0.165847758784987,0.592551277595067,0.46879411335086,0.801479164044078,"EOAD_vs_LOAD",52,"study_4"
"EFNA3",-0.0426363906504692,0.103122731577249,0.170943286276748,0.695359946099885,0.894948075477557,"EOAD_vs_LOAD",49,"study_4"
"EFNB1",-0.00143939697125095,0.0789951734172201,0.000332016796851043,0.985920328984367,0.998190012058198,"EOAD_vs_LOAD",53,"study_4"
"EGFR",-0.104781683491487,0.0826229163866789,1.60830977966477,0.240378501860233,0.697913561536761,"EOAD_vs_LOAD",52,"study_4"
"EMC10",0.00584067085431039,0.0930089771263652,0.00394344446316696,0.951403133254614,0.99128974765746,"EOAD_vs_LOAD",42,"study_4"
"EMILIN2",0.131237405589663,0.127850772641873,1.05367956806609,0.346151981194215,0.75689666770132,"EOAD_vs_LOAD",31,"study_4"
"ENPP4",-0.0519759227349263,0.134335520740117,0.149700306655169,0.709080381283387,0.896802853425711,"EOAD_vs_LOAD",56,"study_4"
"ENPP5",0.232629751326018,0.116620164748899,3.97908495549872,0.054803600165139,0.60601171904729,"EOAD_vs_LOAD",50,"study_4"
"ENPP6",0.188714768500352,0.156101637593677,1.46149340231653,0.266850703352738,0.71615569367857,"EOAD_vs_LOAD",55,"study_4"
"ENTPD6",-0.110845081586049,0.0931062751478576,1.41734295686908,0.264446625622137,0.715311063596449,"EOAD_vs_LOAD",52,"study_4"
"EPDR1",-0.192112879376351,0.216801668373201,0.78521343645513,0.404841401328184,0.788470956096778,"EOAD_vs_LOAD",56,"study_4"
"EPHA10",0.0336336192976434,0.155818996426087,0.0465914688525964,0.835280407909008,0.94846439458675,"EOAD_vs_LOAD",55,"study_4"
"EPHA5",0.0141071779703443,0.0995419003417594,0.0200848427294369,0.890116511838308,0.964726667801363,"EOAD_vs_LOAD",48,"study_4"
"EPHA7",0.0461183728075243,0.0489213307732235,0.888692319332774,0.372053583683112,0.770434981481603,"EOAD_vs_LOAD",55,"study_4"
"EPHB6",0.0141858577023255,0.118219561205991,0.0143990059839063,0.907149900042914,0.972056076817729,"EOAD_vs_LOAD",55,"study_4"
"ERAP1",-0.0053548336099345,0.199619470613346,0.000719591727771123,0.979355865278358,0.998190012058198,"EOAD_vs_LOAD",56,"study_4"
"ERBB3",-0.0275517343282399,0.143323324188727,0.0369542284374442,0.862096751664935,0.953187790151035,"EOAD_vs_LOAD",35,"study_4"
"ERP44",-0.0504149268388661,0.0427630899154711,1.38988902607323,0.263371035471521,0.715311063596449,"EOAD_vs_LOAD",56,"study_4"
"ESAM",-0.103628692146356,0.123165662535802,0.707914388544829,0.432607051086369,0.794925891834895,"EOAD_vs_LOAD",53,"study_4"
"EXTL2",-0.0946629277442552,0.0491831590393823,3.70447803728812,0.076808102883442,0.623861198374474,"EOAD_vs_LOAD",56,"study_4"
"EZR",-0.26091498598796,0.140217290094233,3.46254087734159,0.1178772349175,0.642164481092878,"EOAD_vs_LOAD",34,"study_4"
"F11",0.302603063052167,0.204477003153939,2.19006848977483,0.188490294027441,0.655586990017977,"EOAD_vs_LOAD",53,"study_4"
"F13A1",0.258169542018866,0.210273380731208,1.50744478671007,0.272131583041343,0.720500762718984,"EOAD_vs_LOAD",45,"study_4"
"F13B",0.371225990318313,0.203764985645689,3.3190793284713,0.110204548285314,0.642164481092878,"EOAD_vs_LOAD",56,"study_4"
"F7",0.227719067913317,0.262624990817583,0.751842193212217,0.442757183737777,0.794925891834895,"EOAD_vs_LOAD",37,"study_4"
"F9",0.315035648101397,0.132576596871152,5.64658233692784,0.0398337082345386,0.600667895777266,"EOAD_vs_LOAD",56,"study_4"
"FABP3",0.550850120051453,0.240585533510904,5.24237251250422,0.0677387641665681,0.610909628437909,"EOAD_vs_LOAD",43,"study_4"
"FABP5",0.16575902697152,0.084009063600132,3.89315853873431,0.0819236886497514,0.642164481092878,"EOAD_vs_LOAD",51,"study_4"
"FAIM2",0.0894015352080926,0.0810707393468107,1.21607871129679,0.303139862795781,0.749833119949344,"EOAD_vs_LOAD",53,"study_4"
"NALF1",0.00237247928034279,0.103034613620664,0.00053019858321618,0.982237185153448,0.998190012058198,"EOAD_vs_LOAD",45,"study_4"
"FAM171A1",-0.371463735288038,0.0599308612097302,38.4177393649106,0.00102235636257506,0.189476712530578,"EOAD_vs_LOAD",40,"study_4"
"FAM174A",-0.118611938798489,0.18963673117358,0.391211748254569,0.581852543612266,0.853588428096094,"EOAD_vs_LOAD",37,"study_4"
"FAM20B",0.0378167479353513,0.054411008941453,0.483053017571868,0.502557234974754,0.804091575959606,"EOAD_vs_LOAD",56,"study_4"
"FAM20C",0.0996385238655559,0.115535009750411,0.743750651397473,0.446018404926205,0.794925891834895,"EOAD_vs_LOAD",51,"study_4"
"FBLN7",-0.0726975339583014,0.0682825081243349,1.13349713793427,0.314588726811618,0.750507168259072,"EOAD_vs_LOAD",50,"study_4"
"FBN1",-0.0388208389834972,0.0731642735323374,0.281534553446452,0.608489430998272,0.86192863730274,"EOAD_vs_LOAD",56,"study_4"
"FCGR3A",0.0570657731331057,0.120238934804627,0.225248117798292,0.647678951344005,0.8754841624261,"EOAD_vs_LOAD",54,"study_4"
"FCN3",0.624135252962893,0.272812062695524,5.23395866504091,0.051814607100846,0.60601171904729,"EOAD_vs_LOAD",44,"study_4"
"FGFR3",0.0892882954557628,0.12365680831323,0.521378356604527,0.492050687727571,0.801479164044078,"EOAD_vs_LOAD",56,"study_4"
"FGL2",0.0175487715524856,0.106866940639083,0.026965388857547,0.874079136621349,0.957611822584177,"EOAD_vs_LOAD",56,"study_4"
"FKBP1A",0.229563303336542,0.0824725055693968,7.747945427243,0.0155723620905563,0.497122262471665,"EOAD_vs_LOAD",37,"study_4"
"FLNA",0.22085779221943,0.165009375707499,1.79146451661908,0.229293429146654,0.687262245851966,"EOAD_vs_LOAD",47,"study_4"
"FMOD",-0.102052306941379,0.125531997718912,0.660901553468324,0.450445404312894,0.794925891834895,"EOAD_vs_LOAD",51,"study_4"
"FOLR1",-0.0715601697845756,0.0911770022541955,0.61598779342223,0.448758593661964,0.794925891834895,"EOAD_vs_LOAD",56,"study_4"
"FRMPD1",-0.0685910990060563,0.0482772717764949,2.01859914019214,0.185490973846145,0.655271802663152,"EOAD_vs_LOAD",56,"study_4"
"FSCN1",0.134137199296916,0.156660867935609,0.73312395766025,0.422186184668297,0.794925891834895,"EOAD_vs_LOAD",56,"study_4"
"FSTL5",-0.304889619217638,0.114587205947326,7.07967002229888,0.0265980616475106,0.5823020648239,"EOAD_vs_LOAD",56,"study_4"
"FTH1",0.066372740022806,0.0735216698118979,0.814983411811948,0.391485122034894,0.77982208776008,"EOAD_vs_LOAD",37,"study_4"
"FUCA1",-0.102329793251675,0.194750314493055,0.276088208079963,0.615919519721727,0.86192863730274,"EOAD_vs_LOAD",56,"study_4"
"FXYD6",-0.0400393559126968,0.139162413737273,0.0827809220696654,0.780465921784415,0.93169790078502,"EOAD_vs_LOAD",47,"study_4"
"FZD1",-0.0127361225710034,0.173326141766096,0.00539941017407483,0.944397023047478,0.987929905577418,"EOAD_vs_LOAD",35,"study_4"
"GAA",-0.276410400141039,0.140449622778513,3.87317932650898,0.089482174523775,0.642164481092878,"EOAD_vs_LOAD",55,"study_4"
"GALC",-0.0481257481614916,0.179404892193227,0.0719592163089932,0.793775605550088,0.937298082595723,"EOAD_vs_LOAD",54,"study_4"
"GALNS",-0.24083297613358,0.213530946098474,1.27206779155574,0.297213636208612,0.749833119949344,"EOAD_vs_LOAD",55,"study_4"
"GALNT1",-0.0618708744960319,0.078557894018212,0.620287235564249,0.456434317238422,0.800559875030166,"EOAD_vs_LOAD",56,"study_4"
"GALNT10",-0.0544254859811719,0.0542194348301861,1.00761508052194,0.343469901831959,0.75689666770132,"EOAD_vs_LOAD",56,"study_4"
"GALNT13",-0.0549564330677228,0.0737435550344141,0.555378334613815,0.473950285821074,0.801479164044078,"EOAD_vs_LOAD",56,"study_4"
"GALNT15",0.134726623860939,0.151101362530823,0.795005425756645,0.40019156471702,0.788470956096778,"EOAD_vs_LOAD",52,"study_4"
"GALNT16",0.144107342418973,0.0896440353706092,2.58421963353307,0.155137688305476,0.642164481092878,"EOAD_vs_LOAD",52,"study_4"
"GALNT17",-0.113206266661775,0.0735037349812726,2.37204061787141,0.1506431369733,0.642164481092878,"EOAD_vs_LOAD",52,"study_4"
"GALNT18",-0.117288378071112,0.0417404936266732,7.89577564944049,0.0139474070802702,0.497122262471665,"EOAD_vs_LOAD",56,"study_4"
"GALNT6",0.14566131489598,0.102549134785942,2.01755067152635,0.186868331288977,0.655271802663152,"EOAD_vs_LOAD",55,"study_4"
"GALNT7",-0.10318218467326,0.0444962678572517,5.37727523220666,0.0474600733505925,0.605680341695741,"EOAD_vs_LOAD",56,"study_4"
"GANAB",-0.168736753400465,0.0537667466587724,9.84899370618046,0.0107608971932157,0.497122262471665,"EOAD_vs_LOAD",56,"study_4"
"GAS6",-0.0628443430362129,0.0596310084248887,1.11067775434645,0.324265617882973,0.756806073755495,"EOAD_vs_LOAD",56,"study_4"
"GBA1",-0.208531559752005,0.110329214410241,3.57242016057192,0.0993260289475788,0.642164481092878,"EOAD_vs_LOAD",55,"study_4"
"GDF11",-0.088626536571784,0.0668589298972238,1.75714949988583,0.217406886998184,0.676913449698697,"EOAD_vs_LOAD",56,"study_4"
"GDI1",0.0607977793115122,0.0908184108495102,0.448154371006881,0.522082150285566,0.813229488358667,"EOAD_vs_LOAD",52,"study_4"
"GDI2",-0.000869084509981022,0.10005324098151,7.5450426066919e-05,0.993424628423131,0.999738694735107,"EOAD_vs_LOAD",34,"study_4"
"GFRA3",-0.184866166506308,0.112966422553762,2.6780342054665,0.135692112826353,0.642164481092878,"EOAD_vs_LOAD",52,"study_4"
"GGCT",0.207175603008262,0.0839207372779255,6.0945078651033,0.0354350920902192,0.593733110639934,"EOAD_vs_LOAD",56,"study_4"
"GGT7",-0.0740088733410333,0.103871676920227,0.507660414164904,0.494797318426511,0.801711220831931,"EOAD_vs_LOAD",54,"study_4"
"GLG1",-0.0243969907848101,0.107323031813104,0.0516757345690311,0.826979824264391,0.94414945028953,"EOAD_vs_LOAD",56,"study_4"
"GLO1",0.269790930974493,0.140630540010886,3.68040324278321,0.107283616916126,0.642164481092878,"EOAD_vs_LOAD",46,"study_4"
"GLOD4",0.128342499000288,0.0988494903166677,1.68574590720623,0.235781294868256,0.693778116414736,"EOAD_vs_LOAD",56,"study_4"
"GLRX",0.0662566465513343,0.0727783143138625,0.828809876623622,0.385491149806807,0.773765629215107,"EOAD_vs_LOAD",56,"study_4"
"GNAS",-0.132392674491183,0.120410551952098,1.208923491356,0.310847303350793,0.750334340588806,"EOAD_vs_LOAD",46,"study_4"
"GNS",-0.0830007375751958,0.124785587376745,0.442420302280748,0.524987988625027,0.813229488358667,"EOAD_vs_LOAD",56,"study_4"
"GPC1",-0.184662795116676,0.0887367276866593,4.33063908414943,0.0641327231667121,0.608939541591231,"EOAD_vs_LOAD",56,"study_4"
"GPLD1",0.0312211629123853,0.167228566298083,0.0348559736007781,0.85672050709879,0.953187790151035,"EOAD_vs_LOAD",56,"study_4"
"GPNMB",0.270379670701802,0.159371354695562,2.87824355611295,0.126419077228827,0.642164481092878,"EOAD_vs_LOAD",56,"study_4"
"GRB2",0.0193389493673077,0.0375785112322608,0.264841849348649,0.614003323729791,0.86192863730274,"EOAD_vs_LOAD",53,"study_4"
"GRIA2",0.14043662395901,0.111855894877755,1.57631499916308,0.257958378048584,0.715311063596449,"EOAD_vs_LOAD",42,"study_4"
"GRN",0.0766697531671783,0.0952265593260282,0.648234206259548,0.447762417443122,0.794925891834895,"EOAD_vs_LOAD",56,"study_4"
"GRP",-0.489094839371029,0.157121486595633,9.68980420915027,0.0160938861951258,0.497122262471665,"EOAD_vs_LOAD",49,"study_4"
"GSR",0.279062870499651,0.0882568731286937,9.99785976851019,0.0211720921582952,0.555518252636764,"EOAD_vs_LOAD",38,"study_4"
"GSS",0.00201074580357297,0.0473991883919732,0.00179958569064673,0.96649734105166,0.998190012058198,"EOAD_vs_LOAD",56,"study_4"
"GSTO1",0.216726978954532,0.112737427411374,3.69564046604387,0.0646176851688537,0.608939541591231,"EOAD_vs_LOAD",47,"study_4"
"GSTP1",0.0575867775421761,0.0716053087074617,0.646777808999732,0.442204859434434,0.794925891834895,"EOAD_vs_LOAD",52,"study_4"
"GTF2IRD2",0.253641763633153,0.128059376007464,3.9230041353578,0.075593445561407,0.623861198374474,"EOAD_vs_LOAD",56,"study_4"
"GYG1",0.0433259653294265,0.141632735767362,0.0935770193195201,0.773263432142082,0.930594087166661,"EOAD_vs_LOAD",35,"study_4"
"HAVCR2",0.0137267699773949,0.0888731025269036,0.0238559122900096,0.88145320241418,0.960015632795855,"EOAD_vs_LOAD",54,"study_4"
"HEG1",0.0761075804705111,0.0865319843513048,0.773575140629064,0.404759075568442,0.788470956096778,"EOAD_vs_LOAD",56,"study_4"
"HGFAC",0.39310466729716,0.14530670381557,7.31888794456012,0.0195628801763802,0.555518252636764,"EOAD_vs_LOAD",56,"study_4"
"HK1",0.135854410292374,0.0659478855713941,4.24371033000182,0.067855784196833,0.610909628437909,"EOAD_vs_LOAD",54,"study_4"
"HLA-A",0.108109188383406,0.406683452273717,0.0706662768920645,0.798803550304036,0.937982627178552,"EOAD_vs_LOAD",48,"study_4"
"HLA-C",-0.372547554223834,0.731955566972914,0.259056203604594,0.634823980831551,0.867749294397032,"EOAD_vs_LOAD",45,"study_4"
"HLA-DRA",0.0579118168818544,0.264182082464004,0.0480537917799608,0.832630802115816,0.94671314105602,"EOAD_vs_LOAD",55,"study_4"
"HLA-DRB1",0.265322874346306,0.375715941064468,0.498689407065985,0.524466997301671,0.813229488358667,"EOAD_vs_LOAD",44,"study_4"
"HMCN1",-0.220187441969372,0.216828947821655,1.03121819550789,0.375409214221124,0.773765629215107,"EOAD_vs_LOAD",35,"study_4"
"HPR",0.518597749795184,0.423028622441132,1.50287115816725,0.255844453479048,0.715311063596449,"EOAD_vs_LOAD",48,"study_4"
"HPRT1",0.197607671460558,0.105787808916033,3.48928430570401,0.105052940987461,0.642164481092878,"EOAD_vs_LOAD",54,"study_4"
"HS6ST1",-0.0336452630431427,0.114092392301608,0.0869629939021257,0.776822951607811,0.93169790078502,"EOAD_vs_LOAD",56,"study_4"
"HS6ST3",-0.0324420109876478,0.115742895615966,0.0785645898711825,0.785724555579591,0.93446599551284,"EOAD_vs_LOAD",56,"study_4"
"HSP90B1",-0.0246836897630711,0.121341079011311,0.041381330838188,0.844333424861269,0.953187790151035,"EOAD_vs_LOAD",56,"study_4"
"HSPA13",-0.0706863578496897,0.0580755806323388,1.48144007574788,0.250415910959321,0.712180288968707,"EOAD_vs_LOAD",56,"study_4"
"HSPA1A",0.262874146996362,0.144182865173209,3.32405690500033,0.112398895148269,0.642164481092878,"EOAD_vs_LOAD",56,"study_4"
"HSPE1",-0.00228192281457673,0.0984369018791569,0.000537385603590818,0.982393104375567,0.998190012058198,"EOAD_vs_LOAD",50,"study_4"
"HYAL1",0.0205749753253519,0.0584028340674099,0.124111150510162,0.729706422306907,0.904869297067732,"EOAD_vs_LOAD",55,"study_4"
"ICAM1",0.29839512341004,0.17427804644565,2.93155520139674,0.155986604686594,0.642164481092878,"EOAD_vs_LOAD",46,"study_4"
"ICAM2",0.200286622614247,0.0518083904758999,14.9452672601558,0.00146813879294214,0.215775598186464,"EOAD_vs_LOAD",56,"study_4"
"IDH1",0.0415231863475887,0.103068787724224,0.162303172448841,0.707362469968068,0.896802853425711,"EOAD_vs_LOAD",39,"study_4"
"IFNAR2",-0.0862288972994438,0.0912018991042307,0.893918450380369,0.374570590661131,0.773765629215107,"EOAD_vs_LOAD",44,"study_4"
"IGF2R",-0.112638322799381,0.0369930873054669,9.27109850413363,0.00981190924225412,0.495947412608481,"EOAD_vs_LOAD",53,"study_4"
"IGFALS",0.416475745698898,0.215172947783399,3.74631326279264,0.0858426676213435,0.642164481092878,"EOAD_vs_LOAD",56,"study_4"
"IGFBP3",0.0883008684292461,0.105532637419132,0.700094016340079,0.426270026545174,0.794925891834895,"EOAD_vs_LOAD",56,"study_4"
"IGHV1-69",0.121002983631589,0.351680733551048,0.118384543796583,0.73886809508768,0.904869297067732,"EOAD_vs_LOAD",56,"study_4"
"IGHV2-26",0.293449740163798,0.168548314936146,3.03122817193415,0.105456508957451,0.642164481092878,"EOAD_vs_LOAD",45,"study_4"
"IGHV2-70",0.0247904514375485,0.34528983550554,0.00515467493441075,0.94657913014156,0.988353044805084,"EOAD_vs_LOAD",34,"study_4"
"IGHV2-70D",-0.137074700455784,0.595807222902653,0.0529301449593789,0.824506522416024,0.943770878881771,"EOAD_vs_LOAD",48,"study_4"
"IGHV3-43D",0.427755484969723,0.167254979237575,6.54083302674072,0.0255398493512694,0.5823020648239,"EOAD_vs_LOAD",56,"study_4"
"IGHV3-49",0.010462750181321,0.346368825250603,0.000912460594954516,0.976716158673595,0.998190012058198,"EOAD_vs_LOAD",56,"study_4"
"IGHV3-64D",0.217041954487295,0.181707404639614,1.42673111482956,0.267363874678913,0.71615569367857,"EOAD_vs_LOAD",36,"study_4"
"IGHV3-7",0.0729089943011143,0.193924650584066,0.141350119547039,0.71432543111642,0.899580837374246,"EOAD_vs_LOAD",56,"study_4"
"IGHV4-28",0.368060379410085,0.263557360942654,1.95023900675784,0.202333742227385,0.668441281931043,"EOAD_vs_LOAD",56,"study_4"
"IGHV4-34",0.210230134349235,0.221215454779852,0.903148169547544,0.369181077581633,0.768781569795461,"EOAD_vs_LOAD",56,"study_4"
"IGHV4-4",-0.485369243277989,0.498280789222677,0.948847063697978,0.363318421319144,0.766149824572947,"EOAD_vs_LOAD",56,"study_4"
"IGHV5-10-1",-1.62191537290625,0.596207063721735,7.40051845617187,0.0275912341066788,0.583223265484049,"EOAD_vs_LOAD",55,"study_4"
"IGHV5-51",0.0224419211747247,0.273787841894831,0.00671880053667227,0.937741077784865,0.98546446239305,"EOAD_vs_LOAD",35,"study_4"
"IGHV6-1",0.281790854968804,0.271315469012949,1.07870993354735,0.329206575205445,0.756806073755495,"EOAD_vs_LOAD",56,"study_4"
"IGKJ1",0.269460086806509,0.252930141138412,1.13497871757526,0.323856580038747,0.756806073755495,"EOAD_vs_LOAD",44,"study_4"
"IGKV1-6",0.177118810364422,0.353788352912341,0.250635341822752,0.631184477558341,0.867749294397032,"EOAD_vs_LOAD",51,"study_4"
"IGKV2-29",0.565677855084176,0.353968241351611,2.5539345230357,0.141031162822453,0.642164481092878,"EOAD_vs_LOAD",52,"study_4"
"IGKV2-30",0.208004041338876,0.21735126299781,0.915839160617514,0.366519331148087,0.767096720393399,"EOAD_vs_LOAD",53,"study_4"
"IGKV3-11",0.358155880678581,0.211205803696645,2.87562649808489,0.13099850338879,0.642164481092878,"EOAD_vs_LOAD",56,"study_4"
"IGKV3-15",0.0410947596004139,0.103342610872465,0.158129912092134,0.695343308819906,0.894948075477557,"EOAD_vs_LOAD",45,"study_4"
"IGKV3D-15",-0.133952283120539,0.229829135128352,0.339695719962698,0.574621516747595,0.846329969037518,"EOAD_vs_LOAD",43,"study_4"
"IGKV3D-20",0.0720171788944093,0.2819092856627,0.0652609584259176,0.804740045127733,0.939004124010534,"EOAD_vs_LOAD",56,"study_4"
"IGLC7",-0.0295481069344721,0.473878199360323,0.0038879964973897,0.952066052606265,0.99128974765746,"EOAD_vs_LOAD",56,"study_4"
"IGLV1-51",-0.0368420351688314,0.440803978524629,0.00698547936853331,0.935752835306845,0.98546446239305,"EOAD_vs_LOAD",56,"study_4"
"IGLV2-11",0.318810831157894,0.298440260116475,1.14117254703882,0.327502459307893,0.756806073755495,"EOAD_vs_LOAD",52,"study_4"
"IGLV2-18",0.238014710089555,0.453425271148604,0.275547296692844,0.616715715252216,0.86192863730274,"EOAD_vs_LOAD",44,"study_4"
"IGLV2-23",0.111306277670975,0.289776119488246,0.14754147940229,0.709813323953742,0.896802853425711,"EOAD_vs_LOAD",52,"study_4"
"IGLV2-8",-0.0271569586305436,0.170096245600464,0.0254901743292189,0.875681364175304,0.958422910396593,"EOAD_vs_LOAD",56,"study_4"
"IGLV3-27",0.631151871764634,0.265862602536128,5.63576980006798,0.0401270952691139,0.600667895777266,"EOAD_vs_LOAD",51,"study_4"
"IGLV4-60",0.754043571556283,0.466752886603579,2.60986989998105,0.155648813151031,0.642164481092878,"EOAD_vs_LOAD",32,"study_4"
"IGLV6-57",0.341122468826597,0.362236552068498,0.8868212876726,0.377288108041975,0.773765629215107,"EOAD_vs_LOAD",56,"study_4"
"IGLV7-46",0.00378811668299583,0.235073060475579,0.000259681476963661,0.9874181773957,0.998190012058198,"EOAD_vs_LOAD",56,"study_4"
"IGLV8-61",-0.622304780379228,0.381573555309071,2.65980462630605,0.148122997889954,0.642164481092878,"EOAD_vs_LOAD",55,"study_4"
"IGLV9-49",0.228849643229917,0.567816980306232,0.162436539150072,0.698040804923593,0.896288698672843,"EOAD_vs_LOAD",56,"study_4"
"IGSF1",-0.365387185075396,0.0886578117372548,16.985275976986,0.00351020214605706,0.266746533584144,"EOAD_vs_LOAD",33,"study_4"
"IGSF21",0.0432529501632049,0.0832040728385626,0.270235436692001,0.616250187772912,0.86192863730274,"EOAD_vs_LOAD",53,"study_4"
"IL18BP",0.137266409558265,0.0811815005849032,2.85900160271868,0.108498209870802,0.642164481092878,"EOAD_vs_LOAD",47,"study_4"
"IL1RAP",0.129145411104593,0.131043833022917,0.971236024942579,0.349786697951171,0.75689666770132,"EOAD_vs_LOAD",56,"study_4"
"IMPA1",0.149544699234014,0.135665154281398,1.21508153498969,0.31500324002114,0.750507168259072,"EOAD_vs_LOAD",53,"study_4"
"ITGA7",0.094533104546783,0.0699757287138016,1.82504249758339,0.20758512490361,0.673127284814003,"EOAD_vs_LOAD",38,"study_4"
"ITGAM",0.262522921646224,0.107769046864155,5.93398404277452,0.0434199798828803,0.600667895777266,"EOAD_vs_LOAD",32,"study_4"
"ITGBL1",-0.253102805069375,0.0853047427857072,8.80334173749539,0.0152892769509199,0.497122262471665,"EOAD_vs_LOAD",56,"study_4"
"ITIH3",0.233851961626574,0.258431758485144,0.818823444905594,0.394524783784474,0.78341349922917,"EOAD_vs_LOAD",56,"study_4"
"ITM2A",-0.107488158017889,0.100390616495253,1.14639688884347,0.310322814718613,0.750334340588806,"EOAD_vs_LOAD",34,"study_4"
"JAG1",0.118458591617877,0.118600574305135,0.997607133004256,0.382104770429453,0.773765629215107,"EOAD_vs_LOAD",38,"study_4"
"JAM2",-0.0628488325250194,0.0660953143987001,0.904176226287245,0.366992315871662,0.767096720393399,"EOAD_vs_LOAD",56,"study_4"
"JAM3",0.138558753498457,0.068782865165441,4.05795671650995,0.0834101717653695,0.642164481092878,"EOAD_vs_LOAD",53,"study_4"
"JAML",0.089826086483539,0.305152646259534,0.0866504209374338,0.780883492384567,0.93169790078502,"EOAD_vs_LOAD",41,"study_4"
"JCHAIN",0.685518340432658,0.404749637706279,2.86856846323384,0.134603892148532,0.642164481092878,"EOAD_vs_LOAD",56,"study_4"
"KIAA0319L",0.0408154434221997,0.0528878108496331,0.595576915628818,0.460425964984885,0.801479164044078,"EOAD_vs_LOAD",50,"study_4"
"KIAA1549L",-0.0407750764671082,0.117389970486001,0.120650070901621,0.736131466365741,0.904869297067732,"EOAD_vs_LOAD",53,"study_4"
"KLK10",0.271832926921144,0.176152217580778,2.38137556422952,0.181318720722971,0.655271802663152,"EOAD_vs_LOAD",34,"study_4"
"KLK11",0.12023710366337,0.165626998814519,0.527005014355695,0.490504611716335,0.801479164044078,"EOAD_vs_LOAD",54,"study_4"
"KRT5",-0.24359431830215,0.610458845219765,0.159228765194219,0.698824084366464,0.896288698672843,"EOAD_vs_LOAD",49,"study_4"
"LAMA4",-0.230725990011191,0.107894908402097,4.57289400496401,0.0967962361020325,0.642164481092878,"EOAD_vs_LOAD",43,"study_4"
"LAMA5",0.152060034558931,0.14167933200995,1.15190633987567,0.341152144381344,0.75689666770132,"EOAD_vs_LOAD",34,"study_4"
"LAMB2",-0.01428754858612,0.0213734878249977,0.44685296531083,0.508051113322932,0.810549265444908,"EOAD_vs_LOAD",56,"study_4"
"LAMC3",-0.102975518622774,0.115010338071499,0.801667386023192,0.389107108617505,0.778926818468713,"EOAD_vs_LOAD",38,"study_4"
"LAMP5",-0.0767905243804936,0.107860731899489,0.506860608610047,0.516291355892251,0.813229488358667,"EOAD_vs_LOAD",39,"study_4"
"LBP",0.0610593320801787,0.242875148173843,0.0632030361548633,0.808235529575431,0.941223176611893,"EOAD_vs_LOAD",56,"study_4"
"LCN2",0.260968466564261,0.148328033757023,3.09549130100386,0.115944659426182,0.642164481092878,"EOAD_vs_LOAD",53,"study_4"
"LCP1",0.100770158945473,0.0994424029738917,1.02688229642884,0.339157247143107,0.75689666770132,"EOAD_vs_LOAD",56,"study_4"
"LDLR",-0.0688877684028837,0.124266334891616,0.307310396809643,0.598285867024923,0.86192863730274,"EOAD_vs_LOAD",54,"study_4"
"LECT2",0.105513206178951,0.110287515167487,0.915294675448995,0.354304133256318,0.760591112318583,"EOAD_vs_LOAD",33,"study_4"
"LFNG",-0.243886097994568,0.126166423367606,3.7366851615963,0.0964738248212438,0.642164481092878,"EOAD_vs_LOAD",56,"study_4"
"LGALS3",-0.174346088432513,0.194131505006441,0.806552001822538,0.397961422734558,0.7874254485424,"EOAD_vs_LOAD",54,"study_4"
"LGI1",0.141604673658721,0.106203012677464,1.77779426838238,0.236636660439627,0.693778116414736,"EOAD_vs_LOAD",32,"study_4"
"LGMN",0.316657322691637,0.137003734190198,5.34212765970802,0.0600897269554583,0.60601171904729,"EOAD_vs_LOAD",31,"study_4"
"LILRA2",0.238202543384279,0.122920319485728,3.75530683642202,0.0918547623564026,0.642164481092878,"EOAD_vs_LOAD",36,"study_4"
"LIPA",-0.119318274748624,0.0785410085736702,2.30792123204418,0.153058612335139,0.642164481092878,"EOAD_vs_LOAD",54,"study_4"
"LRP11",-0.352857010242965,0.260345411431776,1.83695130831791,0.227515145243481,0.685628296777104,"EOAD_vs_LOAD",43,"study_4"
"LRP1B",-0.15493045027251,0.106508717545786,2.11593954510521,0.187388878819139,0.655271802663152,"EOAD_vs_LOAD",51,"study_4"
"LRP8",0.00622070811439634,0.162204735434651,0.0014707965083488,0.970532029710614,0.998190012058198,"EOAD_vs_LOAD",54,"study_4"
"LRRC4",-0.0676014631125534,0.0814893412638995,0.688193516697702,0.430743174097834,0.794925891834895,"EOAD_vs_LOAD",56,"study_4"
"LRTM2",-0.203693525354601,0.111225837273267,3.35384572906717,0.111721161614453,0.642164481092878,"EOAD_vs_LOAD",46,"study_4"
"LSR",0.000197292744656075,0.102042983483829,3.73814319398623e-06,0.99850578866024,0.999738694735107,"EOAD_vs_LOAD",53,"study_4"
"LTF",0.0159249047893741,0.689806188685369,0.000532966014315243,0.982398038734347,0.998190012058198,"EOAD_vs_LOAD",52,"study_4"
"MAG",-0.0363675021253211,0.0881792770856379,0.170095912602763,0.689664612284758,0.894874036010094,"EOAD_vs_LOAD",56,"study_4"
"MAN1A2",-0.026082164905386,0.0697491263276007,0.139833017256317,0.718538967471119,0.901823173620636,"EOAD_vs_LOAD",55,"study_4"
"MAN1C1",-0.0938271738288039,0.0845654645475393,1.23103724406054,0.298085297074985,0.749833119949344,"EOAD_vs_LOAD",56,"study_4"
"MAN2A1",-0.0434676239279712,0.0542948741514384,0.640935224705086,0.449404918322165,0.794925891834895,"EOAD_vs_LOAD",56,"study_4"
"MAN2B1",-0.0932786768651752,0.124016811768395,0.565722731499676,0.47262555258008,0.801479164044078,"EOAD_vs_LOAD",45,"study_4"
"MAN2B2",0.168184480516209,0.307810331556828,0.298542008870769,0.634217470316746,0.867749294397032,"EOAD_vs_LOAD",32,"study_4"
"MANBA",-0.153300106245075,0.0607641727156019,6.36487285638056,0.0360336782125217,0.593733110639934,"EOAD_vs_LOAD",56,"study_4"
"MANSC1",-0.0373533127416819,0.100115699150668,0.139204693637842,0.719543439461806,0.902065732448171,"EOAD_vs_LOAD",42,"study_4"
"MARCO",0.453223302363871,0.299808382708272,2.2852668431451,0.19807937823321,0.661454260046034,"EOAD_vs_LOAD",39,"study_4"
"MATN2",-0.00335900933288436,0.0617679291359357,0.00295730650544005,0.957536254326745,0.993575305777981,"EOAD_vs_LOAD",54,"study_4"
"MB",1.7866443310308,1.14855106214363,2.41977840082251,0.179306021680331,0.655271802663152,"EOAD_vs_LOAD",54,"study_4"
"MDGA1",0.0130461897847383,0.103223571940868,0.0159738505676607,0.901343570719824,0.971655311225604,"EOAD_vs_LOAD",52,"study_4"
"MDH2",0.117996744513572,0.134749245417708,0.766809292472318,0.407637877134086,0.789709615632585,"EOAD_vs_LOAD",45,"study_4"
"MDK",-0.130697641277493,0.120488805838196,1.1766359124794,0.327540276746792,0.756806073755495,"EOAD_vs_LOAD",49,"study_4"
"MELTF",-0.0293840935232348,0.11749673983696,0.0625421723836667,0.809181076295836,0.941223176611893,"EOAD_vs_LOAD",48,"study_4"
"METRNL",-0.0584384664173534,0.0814820395030444,0.51436787754564,0.492275421800455,0.801479164044078,"EOAD_vs_LOAD",56,"study_4"
"MFAP4",0.00664180261751923,0.123134048162224,0.00290948159872992,0.958381919774016,0.993575305777981,"EOAD_vs_LOAD",56,"study_4"
"MFAP5",0.701667100490944,0.581308865565492,1.45696236982913,0.271594650584306,0.720500762718984,"EOAD_vs_LOAD",51,"study_4"
"MGAT5",-0.033271384455384,0.144498402455242,0.0530170616210487,0.824950804202412,0.943770878881771,"EOAD_vs_LOAD",52,"study_4"
"MIA",0.0868124441221623,0.0877865851531721,0.977929745052175,0.347066636174029,0.75689666770132,"EOAD_vs_LOAD",44,"study_4"
"MIA3",-0.0812429581141458,0.086888832861042,0.874265878660323,0.370081842598886,0.76921683919619,"EOAD_vs_LOAD",54,"study_4"
"MIF",-0.0409526519025798,0.099343993356047,0.169934216254122,0.690521937975276,0.89494218534791,"EOAD_vs_LOAD",56,"study_4"
"MINPP1",-0.0215717602475722,0.0783248340986576,0.0758529022630038,0.791345045875897,0.937141310984023,"EOAD_vs_LOAD",56,"study_4"
"MLEC",0.0307833477887245,0.038740374712117,0.631399253146206,0.438260701016948,0.794925891834895,"EOAD_vs_LOAD",56,"study_4"
"MMP14",-0.0205360689099674,0.107978146443512,0.0361711977342214,0.853656605758861,0.953187790151035,"EOAD_vs_LOAD",56,"study_4"
"MOXD1",-0.0168384112365025,0.0953708839798087,0.0311724263573072,0.861639685471747,0.953187790151035,"EOAD_vs_LOAD",23,"study_4"
"MPZ",-0.211345072325651,0.221513861708793,0.910295584398438,0.382103611540389,0.773765629215107,"EOAD_vs_LOAD",43,"study_4"
"MRC2",0.0377606970190403,0.0466117249620732,0.656280732545008,0.429586308429281,0.794925891834895,"EOAD_vs_LOAD",56,"study_4"
"MSLN",-0.0806716347288319,0.201276367895074,0.160640904748286,0.696160148640366,0.894948075477557,"EOAD_vs_LOAD",52,"study_4"
"MSN",0.0787580114902235,0.0793097834634253,0.986134054026046,0.344876813896884,0.75689666770132,"EOAD_vs_LOAD",56,"study_4"
"MSTN",-0.298469395640651,0.117466688964609,6.45609864466451,0.0385420860201205,0.600667895777266,"EOAD_vs_LOAD",53,"study_4"
"MT1E",-0.475048879146432,0.192609999347246,6.08301567992833,0.101966305588926,0.642164481092878,"EOAD_vs_LOAD",34,"study_4"
"MXRA7",0.0273484326075613,0.0488756215027641,0.313098002099881,0.589590563860082,0.861530495417097,"EOAD_vs_LOAD",56,"study_4"
"MYDGF",-0.0592212653742612,0.0827624474309018,0.512022110370421,0.495612322331252,0.801711220831931,"EOAD_vs_LOAD",56,"study_4"
"MYLK",-0.147667064098963,0.0453123348764905,10.6202416370259,0.00555755789976569,0.309000219226973,"EOAD_vs_LOAD",49,"study_4"
"MYOC",0.406896652734897,0.261961120673584,2.4126512840519,0.162089689082148,0.642164481092878,"EOAD_vs_LOAD",56,"study_4"
"NAGA",0.396408357681758,0.181282105397909,4.78162740487469,0.0710036964820373,0.610909628437909,"EOAD_vs_LOAD",26,"study_4"
"NAGLU",0.0687439685804891,0.0710907074964926,0.935068717153744,0.352401410149116,0.75943869784073,"EOAD_vs_LOAD",51,"study_4"
"NAXE",0.0502319095447632,0.0506033196629024,0.985374591531215,0.339521099667525,0.75689666770132,"EOAD_vs_LOAD",56,"study_4"
"NCMAP",0.0150858023380316,0.281622004849988,0.00286948298824932,0.958728689837926,0.993575305777981,"EOAD_vs_LOAD",56,"study_4"
"NDRG2",-0.104989961577699,0.0896100415234998,1.37272074344179,0.276830267179028,0.727742924593567,"EOAD_vs_LOAD",56,"study_4"
"NDRG4",-0.062683245250323,0.113435796805546,0.305353353211764,0.60009994967306,0.86192863730274,"EOAD_vs_LOAD",55,"study_4"
"NDST1",0.358320983475981,0.159218408581873,5.06474897681883,0.0508009590664156,0.60601171904729,"EOAD_vs_LOAD",51,"study_4"
"NECTIN2",0.0373352684828729,0.0746262046042074,0.250297117679981,0.629898699921809,0.867749294397032,"EOAD_vs_LOAD",44,"study_4"
"NENF",-0.0523961375855722,0.0530071439839273,0.977079130948072,0.348091270355826,0.75689666770132,"EOAD_vs_LOAD",56,"study_4"
"NLGN1",-0.14915642344804,0.091503642327574,2.65709546947918,0.145689504236186,0.642164481092878,"EOAD_vs_LOAD",55,"study_4"
"NLGN2",-0.0572330317676659,0.0596935867522678,0.919259559371484,0.359614700207837,0.7646109878224,"EOAD_vs_LOAD",44,"study_4"
"NLGN4X",-0.247698683352475,0.0962240674415067,6.62643549310012,0.0562474658522699,0.60601171904729,"EOAD_vs_LOAD",42,"study_4"
"NME2",0.30559099823681,0.0984117554092414,9.64244470646082,0.0132222514078909,0.497122262471665,"EOAD_vs_LOAD",53,"study_4"
"NOTCH1",0.17734492014774,0.152703681486264,1.34877184376074,0.29117306633273,0.747770091829089,"EOAD_vs_LOAD",37,"study_4"
"NOTCH2",-0.0564041905585233,0.10955276662673,0.265079439154692,0.624406837687841,0.867749294397032,"EOAD_vs_LOAD",56,"study_4"
"NOTCH3",-0.156257928922864,0.0913021307211827,2.92901976263034,0.127170734898462,0.642164481092878,"EOAD_vs_LOAD",40,"study_4"
"NPDC1",0.066147391013089,0.100668260042714,0.431757921366758,0.522927841408754,0.813229488358667,"EOAD_vs_LOAD",43,"study_4"
"NPEPPS",0.057461058205412,0.0788657572026029,0.530848121200958,0.486052028503004,0.801479164044078,"EOAD_vs_LOAD",56,"study_4"
"NRN1",-0.102288020872065,0.096804402925501,1.11650154950556,0.324918709061528,0.756806073755495,"EOAD_vs_LOAD",49,"study_4"
"NRP1",0.0485984365944256,0.129154209477158,0.141588331987808,0.723217682201431,0.904843515461763,"EOAD_vs_LOAD",48,"study_4"
"NRP2",0.0212582776655177,0.0594666230507812,0.127793744909017,0.730236654391561,0.904869297067732,"EOAD_vs_LOAD",56,"study_4"
"NSF",0.211078849674519,0.0977347440132446,4.66435372255299,0.0598913210148984,0.60601171904729,"EOAD_vs_LOAD",39,"study_4"
"NSG1",0.0448686292798977,0.115628998078723,0.150574725241833,0.717908512808442,0.901823173620636,"EOAD_vs_LOAD",41,"study_4"
"NTRK3",-0.00993602920641123,0.0641336855351723,0.0240023256020975,0.880267700728009,0.960015632795855,"EOAD_vs_LOAD",56,"study_4"
"NUTF2",0.145726414698276,0.0774055710883502,3.5443134425398,0.103930120669583,0.642164481092878,"EOAD_vs_LOAD",52,"study_4"
"NXPH1",-0.2345199731128,0.0984608615346221,5.67325635602829,0.0431092771754544,0.600667895777266,"EOAD_vs_LOAD",56,"study_4"
"NXPH3",-0.187906648002071,0.112521205490765,2.78878823854646,0.132705393441178,0.642164481092878,"EOAD_vs_LOAD",43,"study_4"
"OLFM2",0.0771903202571016,0.10194967627026,0.573263094191695,0.490599153691502,0.801479164044078,"EOAD_vs_LOAD",38,"study_4"
"OLFML3",-0.172400438412579,0.0462179073797898,13.9141338216229,0.00183413624355049,0.215775598186464,"EOAD_vs_LOAD",56,"study_4"
"OSMR",0.0908832439666876,0.0859042513462658,1.11927892347091,0.323516940440055,0.756806073755495,"EOAD_vs_LOAD",53,"study_4"
"OXT",-0.23149380031259,0.0841731637679686,7.56365005073348,0.0156624769302555,0.497122262471665,"EOAD_vs_LOAD",32,"study_4"
"P4HB",0.019451642540159,0.0367907688166649,0.27953412496554,0.609530157776136,0.86192863730274,"EOAD_vs_LOAD",56,"study_4"
"PAMR1",-0.177780701482281,0.162214512684184,1.20112945882288,0.328392223047882,0.756806073755495,"EOAD_vs_LOAD",42,"study_4"
"PBXIP1",-0.165070842512961,0.120149405399827,1.88754573805752,0.213589915537101,0.673127284814003,"EOAD_vs_LOAD",52,"study_4"
"PCDH1",-0.0686240425635294,0.0273511174578127,6.29509730314336,0.0151737550832955,0.497122262471665,"EOAD_vs_LOAD",56,"study_4"
"PCDH10",-0.00113463105390199,0.0633250103019999,0.000321039738595311,0.986031911137463,0.998190012058198,"EOAD_vs_LOAD",56,"study_4"
"PCDH17",0.137081293414973,0.10534377496847,1.69331842028988,0.23500828485539,0.693778116414736,"EOAD_vs_LOAD",56,"study_4"
"PCDH7",-0.0259820438444542,0.0579727012992143,0.200862816511256,0.6609298866766,0.879191937076047,"EOAD_vs_LOAD",41,"study_4"
"PCDH9",0.0444623876795562,0.0845758800365125,0.276371026297521,0.614045892199565,0.86192863730274,"EOAD_vs_LOAD",56,"study_4"
"PCDHAC2",-0.0701862864153249,0.060335430402632,1.35319286250813,0.267914360225077,0.71615569367857,"EOAD_vs_LOAD",55,"study_4"
"PCDHGC3",-0.0821310098665622,0.0814335798782394,1.01720215481329,0.345783927841261,0.75689666770132,"EOAD_vs_LOAD",40,"study_4"
"PCDHGC5",-0.19484464778048,0.0930805322164679,4.38186754426249,0.0609136930232276,0.60601171904729,"EOAD_vs_LOAD",56,"study_4"
"PCMT1",-0.0498861180905648,0.112946517579375,0.195080441908067,0.671218062798465,0.882234374174075,"EOAD_vs_LOAD",56,"study_4"
"PCP4",-0.123800572407893,0.101067222549427,1.50046076452856,0.24462292468789,0.704716819308119,"EOAD_vs_LOAD",44,"study_4"
"PCSK9",-0.13322215308537,0.199091427757666,0.447762557386347,0.525780774257813,0.813229488358667,"EOAD_vs_LOAD",48,"study_4"
"PCYOX1",0.0296620202835092,0.196382652221977,0.0228136730375081,0.88500472269943,0.961515614923147,"EOAD_vs_LOAD",46,"study_4"
"PDGFRB",-0.0204351055035108,0.0964749645404065,0.0448667398203991,0.840884974589368,0.95198250604229,"EOAD_vs_LOAD",47,"study_4"
"PDIA3",0.0521002853375103,0.063650930797447,0.669993648685593,0.44031638611166,0.794925891834895,"EOAD_vs_LOAD",56,"study_4"
"PDIA4",0.134120986459556,0.112880885702022,1.4117333073414,0.309130081127609,0.750334340588806,"EOAD_vs_LOAD",31,"study_4"
"PDIA6",-0.181611576048591,0.0790826860893037,5.27380698010775,0.0445677175275095,0.600667895777266,"EOAD_vs_LOAD",51,"study_4"
"PDYN",-0.148612857346059,0.0987539918383417,2.26466229383573,0.1659411167523,0.644309735180065,"EOAD_vs_LOAD",55,"study_4"
"PEA15",-0.0225898720108457,0.0430754821360066,0.275021879916416,0.604510479563622,0.86192863730274,"EOAD_vs_LOAD",38,"study_4"
"PGAM1",0.240415242176541,0.163005662244351,2.17529727268518,0.186097332161214,0.655271802663152,"EOAD_vs_LOAD",54,"study_4"
"PGM1",0.170745630130284,0.239816181432827,0.50692327077234,0.499438459557592,0.801711220831931,"EOAD_vs_LOAD",47,"study_4"
"PGRMC1",0.12959368269502,0.089519126653482,2.09573318272369,0.196964684803027,0.661454260046034,"EOAD_vs_LOAD",43,"study_4"
"PIANP",-0.0603459618215902,0.105176829389593,0.329197310217183,0.580487537804237,0.852710887765272,"EOAD_vs_LOAD",56,"study_4"
"PIGR",0.198190568149413,0.15176071852266,1.70548230235876,0.223384354593679,0.680557266597729,"EOAD_vs_LOAD",49,"study_4"
"PILRA",-0.0795379741213251,0.162120442974011,0.240698556996419,0.642304407325613,0.873157091621126,"EOAD_vs_LOAD",53,"study_4"
"PITHD1",0.128475160291827,0.0694622029970395,3.42090670830159,0.100518159030361,0.642164481092878,"EOAD_vs_LOAD",32,"study_4"
"PLA2G15",-0.0907200173399856,0.0816466322867466,1.2346097355626,0.296587396485241,0.749833119949344,"EOAD_vs_LOAD",56,"study_4"
"PLBD2",-0.161671162258523,0.167925234998511,0.926900660213023,0.366784538295444,0.767096720393399,"EOAD_vs_LOAD",56,"study_4"
"PLD4",0.21369060709011,0.437263741146799,0.238827280481148,0.671768989778098,0.882234374174075,"EOAD_vs_LOAD",42,"study_4"
"PLEKHB1",0.0995972189529231,0.128231191485475,0.603263526305017,0.557583192918107,0.837582592955907,"EOAD_vs_LOAD",36,"study_4"
"PLOD1",-0.211879232978467,0.0457264172142404,21.4705136782735,6.91697590556117e-05,0.0384583860349201,"EOAD_vs_LOAD",55,"study_4"
"PLXDC1",-0.0408921728261573,0.0919124891355706,0.197938976347799,0.66625043514866,0.879191937076047,"EOAD_vs_LOAD",55,"study_4"
"PLXNA1",0.141256166070603,0.06730784710592,4.40436629140139,0.0559203976228662,0.60601171904729,"EOAD_vs_LOAD",51,"study_4"
"PLXNB2",-0.118073763938749,0.0722847486542365,2.66816980575094,0.139043118542203,0.642164481092878,"EOAD_vs_LOAD",56,"study_4"
"PON3",0.439407298176663,0.265356011871647,2.74205820370831,0.142499820685874,0.642164481092878,"EOAD_vs_LOAD",54,"study_4"
"PPP5C",0.0596487186774333,0.106059712164908,0.316301571478667,0.597400472317495,0.86192863730274,"EOAD_vs_LOAD",52,"study_4"
"PRAP1",0.179761918149076,0.157854511230427,1.29682505154585,0.285828642569057,0.74262021153456,"EOAD_vs_LOAD",53,"study_4"
"PRDX2",0.169614504656902,0.168822499799822,1.00940470189293,0.350048230824513,0.75689666770132,"EOAD_vs_LOAD",56,"study_4"
"PRDX5",-0.242814795517248,0.207632697844722,1.367599075599,0.310302584206868,0.750334340588806,"EOAD_vs_LOAD",28,"study_4"
"PRDX6",0.120397052044872,0.174171772024299,0.477833028725979,0.513511223930617,0.813229488358667,"EOAD_vs_LOAD",54,"study_4"
"PRKAR1A",0.158090360971409,0.0712951554643148,4.91689281951057,0.0529417121747644,0.60601171904729,"EOAD_vs_LOAD",44,"study_4"
"PRL",0.00385982255579531,0.202082895534446,0.000364817419723268,0.985400055146436,0.998190012058198,"EOAD_vs_LOAD",37,"study_4"
"PRND",0.102349732889082,0.27893540629375,0.13463753086451,0.727340839787893,0.904869297067732,"EOAD_vs_LOAD",44,"study_4"
"PROC",0.169583078349425,0.1019536285904,2.76668461232066,0.138677128049182,0.642164481092878,"EOAD_vs_LOAD",56,"study_4"
"PROZ",0.332155300772867,0.429876109293076,0.597029452528732,0.469748497173675,0.801479164044078,"EOAD_vs_LOAD",48,"study_4"
"PRRG1",-0.278668132298145,0.366352635381682,0.57859672845275,0.483573582826341,0.801479164044078,"EOAD_vs_LOAD",43,"study_4"
"PRSS23",0.103315707378755,0.179364203443019,0.331788371465134,0.592205275986517,0.861561814247408,"EOAD_vs_LOAD",43,"study_4"
"PSAT1",0.0548740602808708,0.0559665807951056,0.961339178390541,0.343387448126883,0.75689666770132,"EOAD_vs_LOAD",56,"study_4"
"PTPRK",-0.0686278819258677,0.0919705428569245,0.556805723671687,0.482659629447786,0.801479164044078,"EOAD_vs_LOAD",55,"study_4"
"PTPRM",-0.044984297144989,0.0737144973605112,0.37240547859282,0.556776608839221,0.837582592955907,"EOAD_vs_LOAD",54,"study_4"
"PTPRT",0.0675466831695708,0.126470547195482,0.285252369809347,0.616759349618558,0.86192863730274,"EOAD_vs_LOAD",38,"study_4"
"PVALB",-0.105412114336828,0.107068996627543,0.96928966747624,0.34311197320225,0.75689666770132,"EOAD_vs_LOAD",56,"study_4"
"PVR",0.0876215772967388,0.088309531787669,0.984480161907789,0.349320131379928,0.75689666770132,"EOAD_vs_LOAD",56,"study_4"
"PXDN",0.0442258236527016,0.123442469320809,0.128357916300564,0.728979296103301,0.904869297067732,"EOAD_vs_LOAD",39,"study_4"
"PZP",0.393755240401065,0.319630102402945,1.51760009708517,0.253391632128899,0.715156078495775,"EOAD_vs_LOAD",56,"study_4"
"QPCT",0.0607702760991673,0.103788367548639,0.342834924300051,0.573850246944714,0.846314953053742,"EOAD_vs_LOAD",56,"study_4"
"RAD23B",0.164709410330575,0.0931651040353691,3.12557754580207,0.132777210647665,0.642164481092878,"EOAD_vs_LOAD",36,"study_4"
"RCN1",0.0329996311339356,0.128034030552564,0.0664304716574564,0.804231785476647,0.939004124010534,"EOAD_vs_LOAD",50,"study_4"
"RCN2",0.0571461384117358,0.0790709801587459,0.522323460450901,0.478707742209541,0.801479164044078,"EOAD_vs_LOAD",48,"study_4"
"RECK",-0.269745800101904,0.249989240965876,1.16430495897972,0.357925766074096,0.763941366361603,"EOAD_vs_LOAD",37,"study_4"
"RGMA",-0.0856571306508362,0.103976472971468,0.678667233407693,0.434960530772095,0.794925891834895,"EOAD_vs_LOAD",55,"study_4"
"RGMB",-0.0743168482568484,0.0953774207337032,0.607132412464371,0.45902589710257,0.801479164044078,"EOAD_vs_LOAD",56,"study_4"
"RIDA",0.126323094955803,0.0961032103997992,1.72778509540029,0.2334031492539,0.693778116414736,"EOAD_vs_LOAD",41,"study_4"
"RNF13",-0.00314328055218116,0.0942971809815957,0.00111114022926528,0.974353271136282,0.998190012058198,"EOAD_vs_LOAD",55,"study_4"
"ROBO2",-0.138095614754356,0.130636032786932,1.11746469056842,0.329841924973447,0.756806073755495,"EOAD_vs_LOAD",42,"study_4"
"ROBO4",-0.248720000322337,0.163200150787163,2.3226314791599,0.190894396934355,0.660450642506517,"EOAD_vs_LOAD",34,"study_4"
"RTBDN",-0.00159863583232855,0.0907771873394572,0.000310131330005455,0.986550123833597,0.998190012058198,"EOAD_vs_LOAD",36,"study_4"
"RTN4RL1",0.111069937112934,0.127422193100353,0.759806318482577,0.436136454527456,0.794925891834895,"EOAD_vs_LOAD",38,"study_4"
"S100A6",0.34276060962982,0.224458455844974,2.3318997261723,0.171723831293717,0.647311526774961,"EOAD_vs_LOAD",54,"study_4"
"SAA1",-0.190456187519751,0.418329267859859,0.207278220765721,0.666295775492768,0.879191937076047,"EOAD_vs_LOAD",49,"study_4"
"SAA4",0.407246141936577,0.342776324787838,1.41153717799828,0.274487602860431,0.72501238570261,"EOAD_vs_LOAD",56,"study_4"
"SCGB1A1",-0.690334998256874,0.451860101077666,2.33405880132507,0.208652333609769,0.673127284814003,"EOAD_vs_LOAD",33,"study_4"
"SCN3B",0.0252378944366614,0.104694444595747,0.0581110823319822,0.81467204348677,0.941241776187107,"EOAD_vs_LOAD",52,"study_4"
"SCN4B",-0.0674408233805615,0.0540223789826035,1.55846953558767,0.234282944294294,0.693778116414736,"EOAD_vs_LOAD",56,"study_4"
"SCPEP1",-0.00372880206821069,0.0959096490592776,0.00151152055634895,0.970399582009366,0.998190012058198,"EOAD_vs_LOAD",40,"study_4"
"SCUBE1",-0.0626177048041514,0.0987910403228581,0.401753040454007,0.573306751072684,0.846314953053742,"EOAD_vs_LOAD",34,"study_4"
"SELENOM",-0.101875633453004,0.0846025901144496,1.45001777454388,0.256769871062344,0.715311063596449,"EOAD_vs_LOAD",56,"study_4"
"SEMA3B",-0.0729112208241895,0.16534746530365,0.1944436015725,0.672117972530976,0.882234374174075,"EOAD_vs_LOAD",55,"study_4"
"SEMA3C",-0.0537703842660688,0.154739313019937,0.12074939165405,0.738660384200599,0.904869297067732,"EOAD_vs_LOAD",51,"study_4"
"SEMA3F",-0.167544514160372,0.119361570230626,1.9702955575431,0.214556447083073,0.673973924170556,"EOAD_vs_LOAD",46,"study_4"
"SEMA6B",-0.0411603464910169,0.15446125318384,0.071009905704829,0.801317998723767,0.939004124010534,"EOAD_vs_LOAD",47,"study_4"
"SERPINA10",0.266377690503033,0.239369467747359,1.2383921496715,0.29825662854899,0.749833119949344,"EOAD_vs_LOAD",54,"study_4"
"SERPINB1",0.172213230597291,0.258260000883106,0.44465044510316,0.551072971184913,0.834868043538996,"EOAD_vs_LOAD",47,"study_4"
"SERPINE2",-0.48453836850785,0.156690042810635,9.56254621090595,0.0150335236014456,0.497122262471665,"EOAD_vs_LOAD",56,"study_4"
"SF3A1",-0.116519236701763,0.153605531429539,0.575415493698633,0.471882741661174,0.801479164044078,"EOAD_vs_LOAD",54,"study_4"
"SFRP1",-0.30533653386328,0.182065899917826,2.81255043010295,0.182093457363877,0.655271802663152,"EOAD_vs_LOAD",30,"study_4"
"SFRP4",0.108154971584679,0.130727892938373,0.684473206497629,0.428627054213895,0.794925891834895,"EOAD_vs_LOAD",56,"study_4"
"SGCE",-0.0507613643744032,0.0403611395696711,1.58175688593719,0.224029388792526,0.68065759654997,"EOAD_vs_LOAD",56,"study_4"
"SH3BGRL",0.143307841513147,0.0522481460897767,7.52312260069617,0.0141170417662778,0.497122262471665,"EOAD_vs_LOAD",55,"study_4"
"SH3BGRL3",0.0359870486155174,0.0717340391166827,0.251676050831711,0.623658952306905,0.867749294397032,"EOAD_vs_LOAD",54,"study_4"
"SHBG",0.227546845294894,0.205868361048516,1.22169395106942,0.301050116132497,0.749833119949344,"EOAD_vs_LOAD",56,"study_4"
"SIGLEC14",-0.095299847032853,0.230190650074731,0.17139930172596,0.688040310761029,0.894874036010094,"EOAD_vs_LOAD",53,"study_4"
"SIL1",0.00105309729261105,0.0862624358012465,0.00014903681404776,0.990540241606871,0.999528810042505,"EOAD_vs_LOAD",53,"study_4"
"SLC24A2",0.0483262648219167,0.0615321390274043,0.616825662173163,0.440830835085312,0.794925891834895,"EOAD_vs_LOAD",30,"study_4"
"SLC38A10",-0.0103215006418562,0.0558813518000282,0.0341155110227635,0.857977726450461,0.953187790151035,"EOAD_vs_LOAD",56,"study_4"
"SLC39A12",-0.0786429815832497,0.143272345199196,0.301297273258433,0.592661220468529,0.861561814247408,"EOAD_vs_LOAD",48,"study_4"
"SLC3A2",-0.109550244010821,0.100703803364739,1.18340922943695,0.314746211285901,0.750507168259072,"EOAD_vs_LOAD",56,"study_4"
"SLITRK5",-0.334412736967683,0.206620574337007,2.61950053686743,0.159684126409843,0.642164481092878,"EOAD_vs_LOAD",49,"study_4"
"SLPI",0.328646216318016,0.0960925376388256,11.6970931456501,0.00542920782702606,0.309000219226973,"EOAD_vs_LOAD",56,"study_4"
"SMPD1",-0.0779761560487922,0.11448453011105,0.463906045788789,0.522762520377751,0.813229488358667,"EOAD_vs_LOAD",44,"study_4"
"SMPDL3A",-0.0497152314327742,0.124616763595046,0.159157091770102,0.699670505782093,0.896288698672843,"EOAD_vs_LOAD",37,"study_4"
"SMPDL3B",0.288544343829387,0.167045424835168,2.98370553739263,0.118341855365953,0.642164481092878,"EOAD_vs_LOAD",51,"study_4"
"SNCG",-0.131716907252024,0.126594456672864,1.0825642254909,0.330714318890134,0.756806073755495,"EOAD_vs_LOAD",45,"study_4"
"SNED1",-0.0598842522088443,0.0825104140015408,0.526753862835086,0.484360267938753,0.801479164044078,"EOAD_vs_LOAD",56,"study_4"
"SORCS1",-0.0923167008857728,0.150138756979884,0.378072352438966,0.558890543141441,0.837582592955907,"EOAD_vs_LOAD",56,"study_4"
"SORL1",0.0357700579437443,0.091084299546922,0.154224098946437,0.705422081010337,0.896802853425711,"EOAD_vs_LOAD",56,"study_4"
"SORT1",-0.0710313197576431,0.0816856492172074,0.756150489612806,0.406484061456502,0.788848649807382,"EOAD_vs_LOAD",56,"study_4"
"SPINK5",0.000901944747896621,0.113612993054248,6.30236955626025e-05,0.993876858750425,0.999738694735107,"EOAD_vs_LOAD",39,"study_4"
"SPINT1",0.0237126471185487,0.0866165866123772,0.0749476373390283,0.7885564998524,0.935832260230383,"EOAD_vs_LOAD",56,"study_4"
"SPON2",-0.153414862317234,0.198111364791665,0.59967520130205,0.478039256245215,0.801479164044078,"EOAD_vs_LOAD",47,"study_4"
"SRGN",0.0676885142518024,0.106565752318572,0.403454582426102,0.558559391657129,0.837582592955907,"EOAD_vs_LOAD",37,"study_4"
"SSC5D",-0.0446297699269858,0.0793489179429562,0.316349591802829,0.587654485445139,0.859831299756572,"EOAD_vs_LOAD",56,"study_4"
"SST",-0.377444376886215,0.180989368503126,4.3491039687772,0.0714192910943599,0.610909628437909,"EOAD_vs_LOAD",55,"study_4"
"ST3GAL6",-0.123328787135256,0.144751475415264,0.725910240079641,0.428196321648905,0.794925891834895,"EOAD_vs_LOAD",41,"study_4"
"ST6GALNAC1",0.0337413579928851,0.069059650564665,0.238713160280273,0.632252000855176,0.867749294397032,"EOAD_vs_LOAD",54,"study_4"
"ST8SIA3",-0.193854805713677,0.103925340348396,3.47944705612659,0.100374419423751,0.642164481092878,"EOAD_vs_LOAD",56,"study_4"
"ST8SIA5",-0.273659385827608,0.0839941484685582,10.6150643855478,0.0046391216113648,0.297150974505581,"EOAD_vs_LOAD",45,"study_4"
"STMN3",-0.0467640961740274,0.0614215322980144,0.57967396680758,0.461653276046928,0.801479164044078,"EOAD_vs_LOAD",48,"study_4"
"SYT1",0.334761380010872,0.10991398804532,9.2760860219581,0.0629461651192944,0.60601171904729,"EOAD_vs_LOAD",37,"study_4"
"TAC1",-0.169835412528848,0.0539579302178107,9.90708608423271,0.0048099977887594,0.297150974505581,"EOAD_vs_LOAD",33,"study_4"
"TAC3",0.00412358130511681,0.228898480805886,0.00032453631715515,0.986980175409023,0.998190012058198,"EOAD_vs_LOAD",36,"study_4"
"TAGLN3",0.0935917260045471,0.120666616632387,0.601590045832314,0.482542053180093,0.801479164044078,"EOAD_vs_LOAD",43,"study_4"
"TBCA",0.0631053716683665,0.117427510684561,0.288797180457347,0.613862186785478,0.86192863730274,"EOAD_vs_LOAD",41,"study_4"
"TCN2",0.0320968508682071,0.177745127159694,0.0326083963984833,0.862110226359716,0.953187790151035,"EOAD_vs_LOAD",56,"study_4"
"TFRC",0.0222077653345112,0.110774297102251,0.0401912684990619,0.8464287122596,0.953187790151035,"EOAD_vs_LOAD",56,"study_4"
"THBS1",-0.586431849112574,0.206721640371001,8.04754127019532,0.0208509764821182,0.555518252636764,"EOAD_vs_LOAD",44,"study_4"
"THBS2",-0.173002363564406,0.051183305758223,11.4247685037281,0.00443295159133116,0.297150974505581,"EOAD_vs_LOAD",56,"study_4"
"THBS4",-0.13842773747274,0.0885449897290321,2.44409598436502,0.161030929391515,0.642164481092878,"EOAD_vs_LOAD",56,"study_4"
"THSD4",-0.120383474692145,0.112689233343178,1.14121875505667,0.336948539941735,0.75689666770132,"EOAD_vs_LOAD",40,"study_4"
"TIE1",-0.0720144061700063,0.148338935265485,0.23568310591062,0.648941810147469,0.8754841624261,"EOAD_vs_LOAD",44,"study_4"
"TMED4",-0.158764424672832,0.223768594874621,0.50339409674277,0.600057989465832,0.86192863730274,"EOAD_vs_LOAD",39,"study_4"
"TMEFF1",0.18121558509827,0.113571171939722,2.54597934882838,0.161432075167851,0.642164481092878,"EOAD_vs_LOAD",33,"study_4"
"TMEM132C",-0.0270176943012768,0.0871290717678195,0.0961546723411183,0.7651936303539,0.925656738718357,"EOAD_vs_LOAD",56,"study_4"
"TMEM132D",0.0295059673489346,0.106194522628675,0.0771996765949295,0.786722943564712,0.934653753465769,"EOAD_vs_LOAD",56,"study_4"
"TMEM132E",-0.0629565783913293,0.0999830506977775,0.396487468602769,0.543412972816989,0.828909774722211,"EOAD_vs_LOAD",40,"study_4"
"TMEM25",0.033205051050774,0.121470139447487,0.0747255713688164,0.791241202226493,0.937141310984023,"EOAD_vs_LOAD",48,"study_4"
"TMSB4X",-0.0172823623227805,0.111295245686638,0.0241130966343073,0.880924393139839,0.960015632795855,"EOAD_vs_LOAD",56,"study_4"
"TNC",0.0338558334299908,0.0741009271388664,0.208746755914385,0.656048863052873,0.879191937076047,"EOAD_vs_LOAD",42,"study_4"
"TNFRSF12A",-0.0881177502054529,0.0610720356586606,2.08181440046321,0.177160196671064,0.655271802663152,"EOAD_vs_LOAD",50,"study_4"
"TNFRSF19",0.0161744194927129,0.127338820597387,0.0161337661910646,0.902625842172706,0.971655311225604,"EOAD_vs_LOAD",33,"study_4"
"TPBG",0.000158899397583845,0.0981810276507915,2.61932479722068e-06,0.998752361334417,0.999738694735107,"EOAD_vs_LOAD",48,"study_4"
"TPPP3",0.0751157010691097,0.121970086504928,0.379275497105331,0.568588621360844,0.843027395937679,"EOAD_vs_LOAD",33,"study_4"
"TTR",0.0175734485984282,0.100777366669597,0.0304080085644916,0.864897913905031,0.953187790151035,"EOAD_vs_LOAD",56,"study_4"
"TXNDC17",-0.0823856217211549,0.0632370038305293,1.69730651072497,0.212749852960377,0.673127284814003,"EOAD_vs_LOAD",54,"study_4"
"TYRO3",0.000139376257136448,0.0494075150207019,7.95777347772538e-06,0.997798270485913,0.999738694735107,"EOAD_vs_LOAD",56,"study_4"
"UCHL1",0.21426650884618,0.115486011426187,3.44230876335001,0.102724005708771,0.642164481092878,"EOAD_vs_LOAD",52,"study_4"
"UNC5A",-0.0496539390143189,0.114193123299761,0.189072127019865,0.674359684182168,0.883260269505973,"EOAD_vs_LOAD",54,"study_4"
"UNC5B",-0.0444774394462621,0.054491722073771,0.666221261329233,0.440688051572082,0.794925891834895,"EOAD_vs_LOAD",50,"study_4"
"UNC5C",-0.0155952995668187,0.165967787780101,0.00882957566171826,0.928607075455076,0.98250339477264,"EOAD_vs_LOAD",50,"study_4"
"VAPA",0.014661443261045,0.0652351264088599,0.0505115192943145,0.826323479439816,0.94414945028953,"EOAD_vs_LOAD",52,"study_4"
"VASN",0.0506533966075384,0.0712860459028064,0.504903165472727,0.498252092811385,0.801711220831931,"EOAD_vs_LOAD",56,"study_4"
"VCAM1",-0.0671542871371926,0.0919378424570528,0.533530032621425,0.488035246930503,0.801479164044078,"EOAD_vs_LOAD",56,"study_4"
"VCL",-0.0252262854433063,0.122517782018399,0.0423943869193733,0.844337147734892,0.953187790151035,"EOAD_vs_LOAD",49,"study_4"
"VIM",0.561404309886087,0.413446780791318,1.8437933966716,0.219353358435045,0.676913449698697,"EOAD_vs_LOAD",55,"study_4"
"VLDLR",-0.0875953421790978,0.0866983771010905,1.02079865907578,0.328117888384708,0.756806073755495,"EOAD_vs_LOAD",34,"study_4"
"VWA1",0.101441481195296,0.0539948297684062,3.5296107319876,0.086613682448264,0.642164481092878,"EOAD_vs_LOAD",56,"study_4"
"VWC2",-0.0854887279512511,0.151403937166684,0.318818395754806,0.59811528659033,0.86192863730274,"EOAD_vs_LOAD",47,"study_4"
"VWF",-0.0738465539860664,0.0802516062096416,0.846745702425891,0.381788006066498,0.773765629215107,"EOAD_vs_LOAD",54,"study_4"
"WBP2",-0.00356480101620793,0.0979846790643081,0.00132359231511103,0.97180936821392,0.998190012058198,"EOAD_vs_LOAD",56,"study_4"
"WDR1",0.169015405767935,0.127940073916868,1.74517663631482,0.220916011975402,0.676913449698697,"EOAD_vs_LOAD",45,"study_4"
"WSCD1",-0.0928077064693431,0.106263022885174,0.762787816957954,0.4063352861541,0.788848649807382,"EOAD_vs_LOAD",54,"study_4"
"XXYLT1",-0.0609855346596895,0.14924634542686,0.166973003922665,0.695335750886349,0.894948075477557,"EOAD_vs_LOAD",56,"study_4"
"XYLT1",-0.185281489321055,0.119835949243945,2.39050592940242,0.170891353929222,0.647311526774961,"EOAD_vs_LOAD",44,"study_4"
"YWHAB",0.32362382429846,0.132141736689267,5.9979238939669,0.0314910877635136,0.593733110639934,"EOAD_vs_LOAD",33,"study_4"
"YWHAE",0.119005078901401,0.114615582462073,1.07806181029353,0.339093194871032,0.75689666770132,"EOAD_vs_LOAD",53,"study_4"
"YWHAG",0.282956131558966,0.121641066367567,5.41100308190153,0.0524508550801812,0.60601171904729,"EOAD_vs_LOAD",56,"study_4"
"YWHAH",0.153370923927763,0.0993655901737942,2.3823964594224,0.146244672242642,0.642164481092878,"EOAD_vs_LOAD",40,"study_4"
"ARF3",0.0713207853745832,0.129956042972455,0.301189117328318,0.602732844847113,0.86192863730274,"EOAD_vs_LOAD",44,"study_4"
"IGLC2",0.363859144574489,0.230761295599716,2.48622627052587,0.155428257643096,0.642164481092878,"EOAD_vs_LOAD",56,"study_4"
"SAE1",0.417237637155308,0.26997973363573,2.38838659795462,0.168390455467511,0.645690298206456,"EOAD_vs_LOAD",43,"study_4"
"SUMO3",0.156031702184515,0.0994103885867619,2.46355436062027,0.167829268170348,0.645690298206456,"EOAD_vs_LOAD",38,"study_4"
"P0DOX5",0.245683135877657,0.138676935655146,3.13864516953156,0.097651278726778,0.642164481092878,"EOAD_vs_LOAD",56,"study_4"
"P0DOX7",0.140344309345259,0.149678108409459,0.879170370477308,0.365371846313781,0.767096720393399,"EOAD_vs_LOAD",44,"study_4"
"P0DOX8",0.288342855079463,0.260338815624553,1.22670614063093,0.303439661850004,0.749833119949344,"EOAD_vs_LOAD",56,"study_4"
"P0DOX2",0.796017021943052,0.360879910569246,4.86540835468697,0.055943458439031,0.60601171904729,"EOAD_vs_LOAD",56,"study_4"
"ACTG2",0.148946429562436,0.0794149821557693,3.51767173252095,0.0849657003594361,0.642164481092878,"EOAD_vs_LOAD",51,"study_4"
"P0DOX3",0.0296730844404438,0.165705581579348,0.032066466789166,0.862063067966349,0.953187790151035,"EOAD_vs_LOAD",29,"study_4"
"IGKV1-33",0.221273317944468,0.302611746115267,0.534670881871428,0.488186153684648,0.801479164044078,"EOAD_vs_LOAD",56,"study_4"
"AMY1A",-0.0389740849635785,0.0761913036854441,0.261662234470275,0.618243543817945,0.862593250596682,"EOAD_vs_LOAD",32,"study_4"
"IGLV3-10",-0.428141154968363,0.288924184967483,2.19586764127422,0.181725788651542,0.655271802663152,"EOAD_vs_LOAD",56,"study_4"
"PLS1",0.0208373054900415,0.191725281396042,0.0118120247961561,0.917908613848401,0.976142751115602,"EOAD_vs_LOAD",46,"study_4"
"ST13P4",0.24309809845341,0.14162104111149,2.94650754851473,0.175403909549316,0.654527340331675,"EOAD_vs_LOAD",44,"study_4"
"BTBD16",0.557471995221734,0.98170234933375,0.32246787081976,0.591104063635328,0.861561814247408,"EOAD_vs_LOAD",49,"study_4"
"IGHV7-81",0.397922068360604,0.240337778869696,2.74127095295721,0.131531449864441,0.642164481092878,"EOAD_vs_LOAD",56,"study_4"
"CROT",0.213949798003909,0.255779757438701,0.699667045837045,0.415441235156096,0.792149342852737,"EOAD_vs_LOAD",55,"study_4"
"HYDIN",0.15354906023103,0.113325510527643,1.83585745366678,0.20687522949564,0.673127284814003,"EOAD_vs_LOAD",47,"study_4"
"WDR87",-0.0129467604896325,0.12697927818141,0.0103957665810706,0.923354626209759,0.980678456872256,"EOAD_vs_LOAD",48,"study_4"
"ZFP42",0.0484062103221587,0.253346382881892,0.0365067146076967,0.854605836641358,0.953187790151035,"EOAD_vs_LOAD",48,"study_4"
"ITPR2",0.0238366530788428,0.284089166811163,0.007040138537732,0.937782698123177,0.98546446239305,"EOAD_vs_LOAD",31,"study_4"
"TATDN1",-0.0440696000968215,0.0579816937439407,0.577692093670458,0.469692513358301,0.801479164044078,"EOAD_vs_LOAD",46,"study_4"
"VAMP1",0.180232926571313,0.192167779162945,0.879644369469991,0.41018993150989,0.791089946949829,"EOAD_vs_LOAD",38,"study_4"
"ZBTB18",-0.248358245194548,0.1296644425345,3.66872678781617,0.105419075882366,0.642164481092878,"EOAD_vs_LOAD",48,"study_4"
"TGM4",-0.0717936391164917,0.379978618068541,0.0356987999745958,0.864476581823741,0.953187790151035,"EOAD_vs_LOAD",35,"study_4"
"CLCNKB",0.0538795816300786,0.102310605427771,0.277336557421557,0.610444807191387,0.86192863730274,"EOAD_vs_LOAD",56,"study_4"
"USH2A",-0.0608794697469368,0.0915492647464184,0.442213504170874,0.518520432243977,0.813229488358667,"EOAD_vs_LOAD",50,"study_4"
