"Protein","Log2FC","SE","F_value","P_value","FDR","Comparison","N","Study"
"PARK7",0.203068522662083,0.195860542719886,1.07495754286896,0.312123407281186,0.756243576892679,"EOAD_vs_CN",26,"study_3_Olink"
"CXCL16",-0.015817238883046,0.176222590600611,0.00805634738711394,0.929609653375126,0.985323249997798,"EOAD_vs_CN",26,"study_3_Olink"
"NCAN",-0.0525250101850538,0.0330458906118793,2.52637240344548,0.143831782724239,0.61807199192773,"EOAD_vs_CN",26,"study_3_Olink"
"DPP7",-0.367452818459965,0.183853456894254,3.99447369574675,0.0771123209225524,0.570210321596128,"EOAD_vs_CN",26,"study_3_Olink"
"ICOSLG",0.355006140162169,0.340901671285956,1.08445982698922,0.31696564175684,0.756243576892679,"EOAD_vs_CN",26,"study_3_Olink"
"FOLR2",0.191735911499786,0.248297128848034,0.596298242696495,0.458117228019854,0.839050248280727,"EOAD_vs_CN",26,"study_3_Olink"
"NUCB2",-0.377386494541239,0.239990647434219,2.47277199465184,0.143342653952146,0.61807199192773,"EOAD_vs_CN",26,"study_3_Olink"
"PDGFB",-0.122088617390277,0.103056792695238,1.40345052197041,0.248955079385336,0.702085054234184,"EOAD_vs_CN",25,"study_3_Olink"
"AMBP",-0.205020714596801,0.152675761517856,1.80324732294622,0.19872453052349,0.657246019601467,"EOAD_vs_CN",25,"study_3_Olink"
"HEXA",-0.0349133787892772,0.117854942334215,0.0877582917952031,0.769980669985671,0.954623462011741,"EOAD_vs_CN",26,"study_3_Olink"
"C1QA",0.396328728805507,0.298693338025437,1.76059731815928,0.214314846400075,0.663523114169065,"EOAD_vs_CN",26,"study_3_Olink"
"SPARCL1",-0.110052699562457,0.174705124937536,0.396816854380241,0.540367242828005,0.87785292156174,"EOAD_vs_CN",26,"study_3_Olink"
"SCG2",-0.162068779706247,0.141517560025096,1.31152948955154,0.28362660433634,0.734627940884211,"EOAD_vs_CN",26,"study_3_Olink"
"AXL",-0.114497951137107,0.133308829029981,0.737696296912237,0.403606585601927,0.81351034185768,"EOAD_vs_CN",26,"study_3_Olink"
"SPON1",0.0528529480952135,0.19499291336192,0.0734684331335209,0.790810876700688,0.954623462011741,"EOAD_vs_CN",26,"study_3_Olink"
"SPARC",-0.0697089422970283,0.0544257143366462,1.64047157884954,0.218225379771159,0.663523114169065,"EOAD_vs_CN",26,"study_3_Olink"
"LYVE1",0.0434854408372178,0.228118492328818,0.036338480985588,0.852214265806722,0.977797583195352,"EOAD_vs_CN",26,"study_3_Olink"
"CNDP1",0.0763236324807171,0.191744892492329,0.158442050515659,0.698483534629494,0.946739730672506,"EOAD_vs_CN",26,"study_3_Olink"
"PLTP",-0.0405828298989914,0.178149557461194,0.0518937624827955,0.823561643194178,0.97022979606089,"EOAD_vs_CN",26,"study_3_Olink"
"LGALS1",-0.023971119886733,0.196278005352782,0.0149153475024951,0.904905688526975,0.985323249997798,"EOAD_vs_CN",26,"study_3_Olink"
"OMG",-0.0491078119578834,0.0318566700526021,2.37629532431203,0.14451700988999,0.61807199192773,"EOAD_vs_CN",26,"study_3_Olink"
"IGFBP6",-0.41269275880272,0.157469093554425,6.86851802562153,0.0194282455348364,0.388564910696728,"EOAD_vs_CN",26,"study_3_Olink"
"NPPC",0.0602833305715804,0.0869152568442363,0.481063538203264,0.501718824335541,0.870957533414515,"EOAD_vs_CN",26,"study_3_Olink"
"CPE",-0.0328634241771297,0.0821830816443423,0.159904534927445,0.698261643192947,0.946739730672506,"EOAD_vs_CN",26,"study_3_Olink"
"PTN",-0.305360216035943,0.142315888309707,4.60381785100583,0.0574115623081098,0.512948098480119,"EOAD_vs_CN",26,"study_3_Olink"
"DCN",-0.136474325820772,0.0387289946315136,12.4173656163209,0.00305601171078407,0.274509251168635,"EOAD_vs_CN",25,"study_3_Olink"
"GALNT2",0.0243446745619473,0.223427341039593,0.0118723123062752,0.915132093085084,0.985323249997798,"EOAD_vs_CN",26,"study_3_Olink"
"CD99L2",-0.0579878484526812,0.104391188309052,0.308564747531064,0.590927864082791,0.902405366316214,"EOAD_vs_CN",26,"study_3_Olink"
"CHI3L1",0.19007879860724,0.0701555695543853,7.34079417304879,0.0142737758213058,0.349731918968603,"EOAD_vs_CN",26,"study_3_Olink"
"FAM3C",0.000755587940532543,0.0229618972256147,0.001082815585272,0.974134451727779,0.993832009614841,"EOAD_vs_CN",26,"study_3_Olink"
"CRTAC1",-0.0286542628726969,0.318579369175945,0.00808990060143087,0.929878996778232,0.985323249997798,"EOAD_vs_CN",26,"study_3_Olink"
"CTSH",-0.398725566290175,0.219585627226024,3.29716245848449,0.0931967966580457,0.570210321596128,"EOAD_vs_CN",26,"study_3_Olink"
"TIMP1",-0.194788941978306,0.135179915442913,2.07636766210484,0.179852730640687,0.645711579260494,"EOAD_vs_CN",26,"study_3_Olink"
"SELL",-0.185154754932328,0.172622116128367,1.15047415476339,0.301160886171194,0.744004170077883,"EOAD_vs_CN",26,"study_3_Olink"
"TAFA5",-0.114901279691329,0.0977451214136445,1.38184569656005,0.269436207672802,0.723229295655548,"EOAD_vs_CN",26,"study_3_Olink"
"TNFRSF21",-0.117436351375453,0.0679597493884047,2.98608084808169,0.122709958893793,0.615334776188609,"EOAD_vs_CN",26,"study_3_Olink"
"IGFBP7",-0.279587184468824,0.0999737138799236,7.82101051194849,0.0161597491788442,0.354726201486824,"EOAD_vs_CN",26,"study_3_Olink"
"SEZ6L2",-0.140514258077965,0.104168748785298,1.81955795900111,0.20582991224202,0.663523114169065,"EOAD_vs_CN",26,"study_3_Olink"
"KIT",-0.259834877892374,0.204602844109131,1.6127667461463,0.232767751689747,0.685442629699645,"EOAD_vs_CN",26,"study_3_Olink"
"HSPG2",-0.1164194954927,0.0705278932362298,2.72476846089361,0.117325886582732,0.615334776188609,"EOAD_vs_CN",26,"study_3_Olink"
"IGFBP2",-0.0127180773902298,0.161149167165104,0.00622854771752589,0.938490025442825,0.985323249997798,"EOAD_vs_CN",26,"study_3_Olink"
"PRELP",-0.248180374763581,0.107467819463401,5.33307876536502,0.0398683046738184,0.485679603668529,"EOAD_vs_CN",25,"study_3_Olink"
"ALCAM",-0.0283465991512912,0.199655654538659,0.0201575940924108,0.889333914230551,0.97848474670843,"EOAD_vs_CN",26,"study_3_Olink"
"WFIKKN2",-0.471192016977589,0.273220473121805,2.97419452480148,0.109392895927898,0.607738310710542,"EOAD_vs_CN",26,"study_3_Olink"
"TGFBI",-0.345585643994681,0.165850217855099,4.34189476867219,0.0563158202754791,0.512740130732785,"EOAD_vs_CN",26,"study_3_Olink"
"DNER",-0.0325275273967591,0.0598354081683461,0.295519121336405,0.5973744984791,0.902405366316214,"EOAD_vs_CN",26,"study_3_Olink"
"CDH2",-0.0977217750245907,0.169757779072102,0.331377734369698,0.576036990815909,0.895119540743531,"EOAD_vs_CN",26,"study_3_Olink"
"ICAM5",-0.0190964327820158,0.132794616803609,0.0206796677510851,0.888261479656825,0.97848474670843,"EOAD_vs_CN",26,"study_3_Olink"
"MOG",-0.0190408605216534,0.026605619317046,0.512184460515698,0.482479332109721,0.853502057609696,"EOAD_vs_CN",26,"study_3_Olink"
"COL18A1",-0.191674000415734,0.14191296477803,1.82424123273367,0.194157863791414,0.657246019601467,"EOAD_vs_CN",26,"study_3_Olink"
"RTN4R",-0.21580120298631,0.14173702754283,2.31814758213876,0.155511822550683,0.62641816210107,"EOAD_vs_CN",26,"study_3_Olink"
"COCH",0.184349726691561,0.284569501904396,0.41967035159127,0.530309636829017,0.873880749263365,"EOAD_vs_CN",26,"study_3_Olink"
"CD59",0.0341879437720048,0.185037796780154,0.0341369773993497,0.856709425149744,0.977797583195352,"EOAD_vs_CN",26,"study_3_Olink"
"TGFBR3",-0.251755493350058,0.208988800407758,1.45114859320593,0.251668784523281,0.703422068543332,"EOAD_vs_CN",26,"study_3_Olink"
"CLSTN2",-0.145344947548625,0.197362109866342,0.542340853834387,0.476952973380245,0.850015200083605,"EOAD_vs_CN",26,"study_3_Olink"
"L1CAM",0.0962135217309719,0.174318512926405,0.304638787613897,0.592817222340068,0.902405366316214,"EOAD_vs_CN",26,"study_3_Olink"
"APLP1",0.0780770801990425,0.120181115437676,0.422060458896172,0.527649978119395,0.873880749263365,"EOAD_vs_CN",26,"study_3_Olink"
"BCAN",-0.0932797548091351,0.0338664972600174,7.58637366703086,0.022980135721932,0.394117499738869,"EOAD_vs_CN",26,"study_3_Olink"
"NBL1",-0.0744018143696099,0.104808375295861,0.503935641340281,0.492843778892162,0.86295603307966,"EOAD_vs_CN",26,"study_3_Olink"
"SOD1",0.132025114510138,0.0910547494466843,2.10236393742735,0.174900150038318,0.639878597701162,"EOAD_vs_CN",26,"study_3_Olink"
"COL1A1",-0.118571120251882,0.117962245004899,1.01034986466406,0.333946760615191,0.759295389072205,"EOAD_vs_CN",26,"study_3_Olink"
"DDR1",-0.133639431698826,0.146232320826125,0.835184633068498,0.376382222726439,0.798020341444576,"EOAD_vs_CN",26,"study_3_Olink"
"TPP1",-0.397837860573023,0.165623916237864,5.76987125284058,0.0398181168231483,0.485679603668529,"EOAD_vs_CN",26,"study_3_Olink"
"CTSL",-0.157390581278378,0.10004177084131,2.4751113260079,0.139693104439261,0.61807199192773,"EOAD_vs_CN",25,"study_3_Olink"
"KLK6",-0.0162367608938885,0.0500310270175565,0.105322207814028,0.75115751172612,0.954623462011741,"EOAD_vs_CN",26,"study_3_Olink"
"PCOLCE",-0.178689324629551,0.170913270900911,1.09306413167991,0.318339948931709,0.756243576892679,"EOAD_vs_CN",26,"study_3_Olink"
"NRCAM",-0.102170892920398,0.0351748801477241,8.43702090435625,0.0153636454508995,0.351737871961157,"EOAD_vs_CN",26,"study_3_Olink"
"SERPINA7",-0.352390919892677,0.200316276465043,3.09468850007371,0.101270715388388,0.595710090519932,"EOAD_vs_CN",26,"study_3_Olink"
"CNTN2",0.00512941457592309,0.0242625933704855,0.0446952286874501,0.834357178439758,0.973626829283707,"EOAD_vs_CN",26,"study_3_Olink"
"NCAM1",0.0982604551106885,0.254786161368873,0.148732497683446,0.707165941881153,0.951604493968876,"EOAD_vs_CN",26,"study_3_Olink"
"PTPRS",0.021453534904792,0.245579789707203,0.00763154511917819,0.932018052989762,0.985323249997798,"EOAD_vs_CN",26,"study_3_Olink"
"RARRES2",-0.337234916443901,0.177219049646983,3.62113120934174,0.0794724511921945,0.570210321596128,"EOAD_vs_CN",26,"study_3_Olink"
"MASP1",0.144098816218353,0.128767663426285,1.25229658343569,0.296856430470026,0.743030580130438,"EOAD_vs_CN",26,"study_3_Olink"
"DPP6",0.0203191798072604,0.144653846075086,0.0197311490158914,0.890482644168231,0.978552356228826,"EOAD_vs_CN",26,"study_3_Olink"
"NID2",-0.191554116554288,0.120872321058845,2.5114772908428,0.139532928004962,0.61807199192773,"EOAD_vs_CN",26,"study_3_Olink"
"CPVL",-0.0856921956764207,0.284517016813742,0.0907122728916269,0.770973179322776,0.954623462011741,"EOAD_vs_CN",26,"study_3_Olink"
"CHL1",-0.129731301177389,0.275583747186002,0.221606424077365,0.647140766605896,0.917324504972124,"EOAD_vs_CN",26,"study_3_Olink"
"GFRA2",-0.183683956820864,0.156985501903762,1.36906277049751,0.269240411547837,0.723229295655548,"EOAD_vs_CN",26,"study_3_Olink"
"SPP1",0.0491529186742756,0.0648521247525894,0.574447314258739,0.468145951023849,0.844351414672273,"EOAD_vs_CN",26,"study_3_Olink"
"VCAN",-0.164701614632842,0.224750587960253,0.537024427008549,0.481065559356222,0.853502057609696,"EOAD_vs_CN",26,"study_3_Olink"
"ENO2",0.124820149453899,0.134816505565762,0.857202175095646,0.375998300996416,0.798020341444576,"EOAD_vs_CN",26,"study_3_Olink"
"SEZ6L",-0.0495553961919333,0.0638604277750408,0.602168812129644,0.457828982117292,0.839050248280727,"EOAD_vs_CN",26,"study_3_Olink"
"CTSF",-0.115132774962214,0.135409916315138,0.722931261415004,0.414923122413565,0.825956692445525,"EOAD_vs_CN",26,"study_3_Olink"
"C2",-0.217750625739344,0.191812572842023,1.28873814117589,0.277590644741115,0.729571014945568,"EOAD_vs_CN",26,"study_3_Olink"
"PODXL2",-0.108481439693415,0.0873959728813935,1.54073531812767,0.245949862798879,0.702085054234184,"EOAD_vs_CN",26,"study_3_Olink"
"PEBP1",0.363833484475526,0.18991021208743,3.670360259012,0.0849328219382938,0.570210321596128,"EOAD_vs_CN",26,"study_3_Olink"
"CDH6",-0.168516361789932,0.265234597673071,0.403667515285991,0.539664474418963,0.87785292156174,"EOAD_vs_CN",26,"study_3_Olink"
"APP",-0.206295604399662,0.116130990666001,3.15561264141741,0.104738549223439,0.606185881422869,"EOAD_vs_CN",26,"study_3_Olink"
"EFEMP1",0.0150294125895027,0.205724709383442,0.00533717077004413,0.942811865760762,0.985323249997798,"EOAD_vs_CN",26,"study_3_Olink"
"LTBP2",-0.180705124964047,0.157594177271015,1.31480275326658,0.266419288188609,0.722220961957073,"EOAD_vs_CN",26,"study_3_Olink"
"ROBO1",-0.271318881730624,0.214583004517188,1.59870890166635,0.22837735352029,0.68059476214656,"EOAD_vs_CN",26,"study_3_Olink"
"CA1",1.34028336884668,1.29018692665683,1.07916532732463,0.316666043554256,0.756243576892679,"EOAD_vs_CN",26,"study_3_Olink"
"THY1",-0.0690924246194271,0.0341112472048352,4.1026613427664,0.0740282557767868,0.570210321596128,"EOAD_vs_CN",26,"study_3_Olink"
"ANG",-0.28043910647418,0.126300675518846,4.93021436383421,0.0393199840063954,0.485679603668529,"EOAD_vs_CN",26,"study_3_Olink"
"PAM",-0.34638357196072,0.277433312237226,1.55882498845998,0.236043436952231,0.690390225307198,"EOAD_vs_CN",26,"study_3_Olink"
"SIRPA",-0.164344017255003,0.208972734394965,0.618484110375119,0.443114396399067,0.8384559970548,"EOAD_vs_CN",26,"study_3_Olink"
"CLSTN1",0.00521364419900117,0.112674612632765,0.00214106884568413,0.964138580560412,0.99094775546684,"EOAD_vs_CN",26,"study_3_Olink"
"QDPR",0.116502115881448,0.151377866837997,0.592301542848741,0.459528496666676,0.839050248280727,"EOAD_vs_CN",26,"study_3_Olink"
"FRZB",-0.288475218752158,0.155732237283345,3.43131016694105,0.1007548390805,0.595710090519932,"EOAD_vs_CN",26,"study_3_Olink"
"SEMA7A",-0.229823236384779,0.155347948538349,2.18865257366704,0.164374393153012,0.637663709966004,"EOAD_vs_CN",26,"study_3_Olink"
"MCFD2",0.0275430925479117,0.0871298244947234,0.099929042086372,0.758530052812826,0.954623462011741,"EOAD_vs_CN",26,"study_3_Olink"
"MAPT",2.06881916705345,0.427039733487601,23.4697515148759,0.000833040429583745,0.124956064437562,"EOAD_vs_CN",26,"study_3_Olink"
"ATP6AP2",-0.139740033159369,0.0826337123755402,2.85974398770031,0.10710038844159,0.606185881422869,"EOAD_vs_CN",26,"study_3_Olink"
"ENPP2",-0.0283558339826646,0.0549181803459144,0.266595351232296,0.614786868295144,0.91448786060374,"EOAD_vs_CN",26,"study_3_Olink"
"SERPINA5",-0.745500713868989,0.164846670409414,20.4519992453567,0.000358373042329417,0.0708053394037095,"EOAD_vs_CN",26,"study_3_Olink"
"PRCP",-0.453591052385089,0.23204968877976,3.82091148905336,0.0863130493207128,0.570210321596128,"EOAD_vs_CN",26,"study_3_Olink"
"LRP1",0.0597976332603003,0.0512034971949393,1.36385670179853,0.261271809676251,0.71909672387959,"EOAD_vs_CN",26,"study_3_Olink"
"MEGF9",0.016469166705984,0.201443885470719,0.00668397892925239,0.936066203359157,0.985323249997798,"EOAD_vs_CN",26,"study_3_Olink"
"CSF1",-0.187445252418543,0.197365836886068,0.901996659955885,0.364848213044046,0.792671466942796,"EOAD_vs_CN",26,"study_3_Olink"
"DKK3",-0.0598782435931726,0.0401520137672635,2.22394192582208,0.171019065766329,0.637663709966004,"EOAD_vs_CN",26,"study_3_Olink"
"SPOCK1",-0.0853755574034269,0.116707973898982,0.535138312866393,0.475756684635233,0.850015200083605,"EOAD_vs_CN",26,"study_3_Olink"
"SMOC1",0.288428160022339,0.149580890431821,3.71811733159219,0.0785602676736097,0.570210321596128,"EOAD_vs_CN",26,"study_3_Olink"
"CLSTN3",-0.165359073916106,0.22348230652948,0.547481908806695,0.476780434201038,0.850015200083605,"EOAD_vs_CN",26,"study_3_Olink"
"SPINT2",-0.0390775348662049,0.234614261677372,0.0277424940619293,0.87127054927436,0.977797583195352,"EOAD_vs_CN",26,"study_3_Olink"
"FETUB",-0.410636090530844,0.132041292711376,9.67151919521808,0.00676546701210056,0.285795138956176,"EOAD_vs_CN",26,"study_3_Olink"
"MMP2",-0.231667611914133,0.140884064058784,2.70400133343943,0.130393533791987,0.61807199192773,"EOAD_vs_CN",26,"study_3_Olink"
"MFGE8",-0.473100332985854,0.220446782760911,4.6057353287993,0.0546519203261441,0.512740130732785,"EOAD_vs_CN",26,"study_3_Olink"
"FGFR2",-0.0375161445031829,0.125153887899994,0.089856129771457,0.770716147118879,0.954623462011741,"EOAD_vs_CN",26,"study_3_Olink"
"PRDX1",0.324583500227511,0.244978270533034,1.7554875341468,0.198638263293534,0.657246019601467,"EOAD_vs_CN",26,"study_3_Olink"
"CADM3",-0.130081478190373,0.0749272930894651,3.01405269403685,0.121960033387296,0.615334776188609,"EOAD_vs_CN",26,"study_3_Olink"
"SOD2",0.141105874172927,0.158412976543156,0.79343011180333,0.390762877893608,0.806620619505155,"EOAD_vs_CN",25,"study_3_Olink"
"CST3",-0.0151952790437937,0.0469633214518543,0.104688686422715,0.752371817166964,0.954623462011741,"EOAD_vs_CN",26,"study_3_Olink"
"COLEC12",0.0674799174815517,0.151425751365947,0.198586449460938,0.665839823729907,0.932726583433912,"EOAD_vs_CN",26,"study_3_Olink"
"CNTN1",-0.0660121149329571,0.147240988432728,0.200997125187057,0.662138706715348,0.929679931425605,"EOAD_vs_CN",26,"study_3_Olink"
"NPY",-0.55079877033883,0.283560561154335,3.77306485023396,0.0853277814917571,0.570210321596128,"EOAD_vs_CN",26,"study_3_Olink"
"SORCS2",-0.0222497261951657,0.107367936543549,0.0429437660795755,0.840390751204944,0.973626829283707,"EOAD_vs_CN",26,"study_3_Olink"
"CD163",0.133666357798147,0.183452712267823,0.530879499292416,0.480194991702072,0.853502057609696,"EOAD_vs_CN",26,"study_3_Olink"
"OMD",-0.274104342430308,0.165793019541027,2.73337582471747,0.131837692500852,0.61807199192773,"EOAD_vs_CN",26,"study_3_Olink"
"NID1",-0.0373339007928402,0.132118590133337,0.0798507274562392,0.781422768114884,0.954623462011741,"EOAD_vs_CN",26,"study_3_Olink"
"NPTXR",0.0390484605604335,0.0353540413274837,1.21991537103025,0.281378051781034,0.733921722710248,"EOAD_vs_CN",26,"study_3_Olink"
"PPIB",-0.173049763891926,0.207560793578509,0.695106544070092,0.42371235964609,0.830808548325667,"EOAD_vs_CN",26,"study_3_Olink"
"APOM",-0.437581365438566,0.192975716301833,5.14176608042821,0.0391242877890384,0.485679603668529,"EOAD_vs_CN",26,"study_3_Olink"
"WFDC2",-8.76361644124302e-05,0.143427896103534,3.73335653565561e-07,0.999524195244896,0.999812376285376,"EOAD_vs_CN",26,"study_3_Olink"
"TNXB",-0.0119172897913951,0.0743770676334467,0.0256730162866004,0.87492014596542,0.977797583195352,"EOAD_vs_CN",26,"study_3_Olink"
"DAG1",-0.0351788278478322,0.179313032049444,0.0384892121168905,0.847713293576772,0.976356405726213,"EOAD_vs_CN",26,"study_3_Olink"
"NTRK2",-0.00646877905388177,0.142282627819467,0.00206700192130217,0.964522481987725,0.99094775546684,"EOAD_vs_CN",26,"study_3_Olink"
"ADAM22",-0.0339154175848115,0.0958099322403579,0.125306405278442,0.729379254720929,0.952056798150856,"EOAD_vs_CN",26,"study_3_Olink"
"CCN3",0.0112736189259537,0.187308523853281,0.00362252689589424,0.95326146184032,0.986132546731366,"EOAD_vs_CN",26,"study_3_Olink"
"CNTN4",-0.0548699406609643,0.23722366270129,0.0534998995888878,0.821385096344735,0.970139877572521,"EOAD_vs_CN",26,"study_3_Olink"
"TNR",-0.113696115724571,0.120967824797066,0.883388035526725,0.36556290465462,0.792671466942796,"EOAD_vs_CN",26,"study_3_Olink"
"CTSD",-0.24768922865641,0.124433399365247,3.9622357306236,0.0799496958444356,0.570210321596128,"EOAD_vs_CN",26,"study_3_Olink"
"CTSZ",-0.245253109489999,0.0819055101987258,8.96608403274407,0.00833590131289633,0.300092447264268,"EOAD_vs_CN",26,"study_3_Olink"
"CANT1",-0.204457884184237,0.171235712604788,1.42567007418144,0.259906091808783,0.71909672387959,"EOAD_vs_CN",26,"study_3_Olink"
"CBLN4",-0.164637491859788,0.281066101072758,0.343115663309027,0.568673395786973,0.891610867458258,"EOAD_vs_CN",26,"study_3_Olink"
"CALR",0.0849728253497494,0.0705434448725693,1.45093110034418,0.24909017566709,0.702085054234184,"EOAD_vs_CN",26,"study_3_Olink"
"PTPRF",-0.0488414081102837,0.262466036495548,0.034628216692051,0.85608784757236,0.977797583195352,"EOAD_vs_CN",26,"study_3_Olink"
"VSIG4",0.337685726808112,0.323866233280363,1.08716151028347,0.326998916567966,0.757363781174191,"EOAD_vs_CN",26,"study_3_Olink"
"B4GAT1",-0.202494464641107,0.11425132129306,3.14125974727458,0.108776454052511,0.607738310710542,"EOAD_vs_CN",26,"study_3_Olink"
"ACAN",-0.0513955309916181,0.162757803873497,0.0997165104891864,0.7566168553339,0.954623462011741,"EOAD_vs_CN",26,"study_3_Olink"
"ACP6",0.0145459293811299,0.228208053546988,0.004062758579011,0.94986690255759,0.985323249997798,"EOAD_vs_CN",26,"study_3_Olink"
"ADA",-0.135422694873196,0.325290340835072,0.173316762789402,0.68435677739991,0.940068606833898,"EOAD_vs_CN",26,"study_3_Olink"
"ADAM15",0.234543400710013,0.20459044877444,1.31424316082247,0.27080929391118,0.723229295655548,"EOAD_vs_CN",26,"study_3_Olink"
"ADAM23",-0.0545429769380794,0.168317967060956,0.105006630191229,0.751841678731415,0.954623462011741,"EOAD_vs_CN",26,"study_3_Olink"
"ADAMTS13",0.0188831619729326,0.0838077525077216,0.0507669471750714,0.826169746223254,0.97022979606089,"EOAD_vs_CN",25,"study_3_Olink"
"ADGRG1",0.0128453126095012,0.224724772701515,0.00326728828951486,0.955345731658498,0.987144599783612,"EOAD_vs_CN",26,"study_3_Olink"
"ADM",-0.112912092582176,0.311229933657236,0.131618880356064,0.724295966303746,0.952056798150856,"EOAD_vs_CN",25,"study_3_Olink"
"AGRP",0.0314753175594524,0.177535246183692,0.0314319313683216,0.862037921667724,0.977797583195352,"EOAD_vs_CN",25,"study_3_Olink"
"AHCY",0.358147385818643,0.164853439876395,4.71984290312868,0.0528135506915854,0.512740130732785,"EOAD_vs_CN",26,"study_3_Olink"
"AIF1",0.0400913213843794,0.0776987240248438,0.26623979329788,0.61729352946499,0.91448786060374,"EOAD_vs_CN",26,"study_3_Olink"
"AKR1B1",0.0880625198359324,0.138813156860454,0.402458361377672,0.536214880517765,0.877238162006726,"EOAD_vs_CN",26,"study_3_Olink"
"ALDH1A1",0.156506969569318,0.111280317873985,1.97801986809125,0.183964661599137,0.645757704721919,"EOAD_vs_CN",26,"study_3_Olink"
"AMIGO2",-0.23652140608254,0.160871218330084,2.16164415305366,0.168342237310322,0.637663709966004,"EOAD_vs_CN",26,"study_3_Olink"
"ANGPT2",0.0886484262538698,0.232651001529993,0.145188496301836,0.710000103183231,0.951742659775596,"EOAD_vs_CN",26,"study_3_Olink"
"ANGPTL1",-0.071778630384089,0.152445317099316,0.221698195647011,0.647773560198479,0.917324504972124,"EOAD_vs_CN",26,"study_3_Olink"
"ANGPTL3",-0.0681215125001362,0.132226701995892,0.265417914425086,0.615738048708429,0.91448786060374,"EOAD_vs_CN",26,"study_3_Olink"
"ANGPTL4",0.0628011669818251,0.217668195222875,0.0832425690750799,0.778297594369231,0.954623462011741,"EOAD_vs_CN",26,"study_3_Olink"
"ANGPTL7",-0.723792164272695,0.227245423146342,10.1446592540253,0.00482424653342117,0.274509251168635,"EOAD_vs_CN",26,"study_3_Olink"
"ANPEP",-0.194061498178788,0.108759173662121,3.18380867176902,0.0874362559542202,0.570210321596128,"EOAD_vs_CN",26,"study_3_Olink"
"ANXA1",-0.0314537302456608,0.176057949171805,0.0319178065696894,0.861566758026861,0.977797583195352,"EOAD_vs_CN",26,"study_3_Olink"
"AOC3",-0.0105456977077862,0.0672321537614585,0.0246034827638745,0.878450250019564,0.977797583195352,"EOAD_vs_CN",26,"study_3_Olink"
"ARG1",0.371955371581927,0.422148448169281,0.776338770794237,0.388350513081855,0.804191840330371,"EOAD_vs_CN",26,"study_3_Olink"
"ARSA",-0.544953528193293,0.197827915812316,7.58828766474867,0.019175866584204,0.388564910696728,"EOAD_vs_CN",26,"study_3_Olink"
"ARSB",-0.334094327001132,0.169980083450705,3.86315493582311,0.0740495661197403,0.570210321596128,"EOAD_vs_CN",26,"study_3_Olink"
"B4GALT1",-0.0156747018057302,0.107667190931552,0.0211949214087858,0.886536475430452,0.977797583195352,"EOAD_vs_CN",26,"study_3_Olink"
"BAG6",0.0595559685749634,0.223670233006548,0.0708980358697283,0.792457650221304,0.954623462011741,"EOAD_vs_CN",26,"study_3_Olink"
"BAMBI",0.00866054612244094,0.23959479434885,0.00130657938572764,0.97180764318402,0.993832009614841,"EOAD_vs_CN",26,"study_3_Olink"
"BCAM",-0.124018254141132,0.155866764288259,0.633088153616876,0.44382404414382,0.8384559970548,"EOAD_vs_CN",26,"study_3_Olink"
"BGN",0.0969190910068907,0.0930670690746649,1.08449259372522,0.315685839740671,0.756243576892679,"EOAD_vs_CN",26,"study_3_Olink"
"BLMH",0.242030596119515,0.182459652212191,1.7595712425772,0.213596865062207,0.663523114169065,"EOAD_vs_CN",26,"study_3_Olink"
"BLVRB",0.0270825951659059,0.265262205788509,0.0104238895840357,0.919562605966014,0.985323249997798,"EOAD_vs_CN",26,"study_3_Olink"
"BMP6",-0.304397459748589,0.202369481160112,2.26251783438441,0.154843919216897,0.62641816210107,"EOAD_vs_CN",25,"study_3_Olink"
"BOC",-0.264090756126397,0.194783966624412,1.83823058915294,0.196754872977329,0.657246019601467,"EOAD_vs_CN",25,"study_3_Olink"
"BST1",0.226748937174186,0.0794328029717496,8.14874531514447,0.0133232137799734,0.349731918968603,"EOAD_vs_CN",26,"study_3_Olink"
"BST2",-0.173488478232329,0.204050426692609,0.722880085563985,0.404786162627163,0.81351034185768,"EOAD_vs_CN",26,"study_3_Olink"
"BTN3A2",0.187194533199055,0.195961294359167,0.912527002029056,0.354672466845747,0.778549317466275,"EOAD_vs_CN",26,"study_3_Olink"
"C1QTNF1",-0.224101245629411,0.13659783592122,2.69154040017996,0.119290148358608,0.615334776188609,"EOAD_vs_CN",26,"study_3_Olink"
"CA14",-0.0589070150959565,0.231547215048993,0.0647224442686851,0.803516159642602,0.959104169334671,"EOAD_vs_CN",26,"study_3_Olink"
"CA2",0.727373422036627,0.751154457878132,0.937683681592303,0.344848674815782,0.768227245876742,"EOAD_vs_CN",26,"study_3_Olink"
"CA3",0.047849839568887,0.396187998987426,0.0145867432863326,0.905010548037341,0.985323249997798,"EOAD_vs_CN",26,"study_3_Olink"
"CA4",-0.00807033296013082,0.236570316875603,0.00116375725818198,0.973376071626633,0.993832009614841,"EOAD_vs_CN",26,"study_3_Olink"
"CALCA",-0.0513458095927897,0.230504591329968,0.0496193249095449,0.826851392865225,0.97022979606089,"EOAD_vs_CN",26,"study_3_Olink"
"CAPG",0.330857670465878,0.226330017562821,2.13696840383471,0.176519130519337,0.640603630538934,"EOAD_vs_CN",26,"study_3_Olink"
"CCDC80",0.00312947787780082,0.17800998989817,0.000309068696620663,0.986285862661482,0.998570694313723,"EOAD_vs_CN",26,"study_3_Olink"
"CCL14",-0.244082948217903,0.153266558683487,2.53617997023581,0.12675878362313,0.61807199192773,"EOAD_vs_CN",26,"study_3_Olink"
"CCL15",-0.21978448247033,0.14926580047347,2.16807062069016,0.172735482566116,0.639761046541169,"EOAD_vs_CN",26,"study_3_Olink"
"CCL16",-0.30415267461859,0.175779074713441,2.99398025310811,0.0983916557486889,0.586440332276953,"EOAD_vs_CN",26,"study_3_Olink"
"CCL18",-0.605097232346265,0.27924246936969,4.6955599888216,0.0417391188590967,0.485679603668529,"EOAD_vs_CN",26,"study_3_Olink"
"CCL19",-0.791294315479515,0.450014054460976,3.09188930244775,0.111781563590245,0.613435409946466,"EOAD_vs_CN",26,"study_3_Olink"
"CCL2",-0.203839647873169,0.215149095030389,0.897631890450845,0.366390366942448,0.792671466942796,"EOAD_vs_CN",26,"study_3_Olink"
"CD109",-0.0542952063319579,0.139711953084791,0.151027435513467,0.7030360485068,0.948730382821187,"EOAD_vs_CN",26,"study_3_Olink"
"CD177",-0.973199947822169,0.746612693922598,1.6990783845158,0.227703150938933,0.68059476214656,"EOAD_vs_CN",26,"study_3_Olink"
"CD200",-0.226345183351692,0.169342267096746,1.78653601192579,0.202329710530082,0.663523114169065,"EOAD_vs_CN",26,"study_3_Olink"
"CD209",0.143059067491781,0.321212707137053,0.19835600122177,0.666653550494818,0.932726583433912,"EOAD_vs_CN",26,"study_3_Olink"
"CD302",0.209276174528175,0.318328355219754,0.432204142842851,0.528145157641803,0.873880749263365,"EOAD_vs_CN",26,"study_3_Olink"
"CD33",0.375650858900243,0.483549058884247,0.603514470383286,0.454511063680296,0.839050248280727,"EOAD_vs_CN",26,"study_3_Olink"
"CD46",0.0922251408474546,0.219387941617439,0.176714891107215,0.682420938601894,0.940068606833898,"EOAD_vs_CN",26,"study_3_Olink"
"CD58",-0.000877763064543124,0.0997215829426925,7.74776209965398e-05,0.9931202169127,0.999378568900266,"EOAD_vs_CN",26,"study_3_Olink"
"CD74",-0.19448630055715,0.144590538687531,1.80924874216767,0.197981973024894,0.657246019601467,"EOAD_vs_CN",26,"study_3_Olink"
"CD83",0.0941709831277473,0.188664247537298,0.249146616220929,0.625894766961001,0.915661489093902,"EOAD_vs_CN",26,"study_3_Olink"
"CD84",0.0906297812348393,0.0981395904507024,0.852812153308124,0.372274968618318,0.797732075610682,"EOAD_vs_CN",25,"study_3_Olink"
"CD93",-0.140123427592689,0.168493587172467,0.691599628900944,0.420108096866079,0.827346361443044,"EOAD_vs_CN",26,"study_3_Olink"
"ADGRE5",-0.175125537393186,0.194353228699892,0.811924118438854,0.384479506627139,0.799149089987124,"EOAD_vs_CN",26,"study_3_Olink"
"CDH1",-0.139665116699387,0.108217652726154,1.66563438496849,0.20932092639279,0.663523114169065,"EOAD_vs_CN",26,"study_3_Olink"
"CDH15",-0.260974770650914,0.255065676557907,1.04687061011932,0.329869715303525,0.757363781174191,"EOAD_vs_CN",26,"study_3_Olink"
"CDH3",-0.186197680728878,0.153470349501304,1.471972071405,0.255542609224562,0.710968416403074,"EOAD_vs_CN",26,"study_3_Olink"
"CDH5",-0.0578215134626623,0.112817718937659,0.262678350892144,0.615109497998306,0.91448786060374,"EOAD_vs_CN",26,"study_3_Olink"
"CFHR5",-0.417469398912676,0.193603933871901,4.64965722919005,0.0453855953811051,0.485679603668529,"EOAD_vs_CN",26,"study_3_Olink"
"CHIT1",0.283506638668122,0.875226038784616,0.104926698027172,0.75341760697896,0.954623462011741,"EOAD_vs_CN",26,"study_3_Olink"
"CLEC11A",-0.632623735536959,0.222589273264996,8.07760294233302,0.0156223583004177,0.351737871961157,"EOAD_vs_CN",26,"study_3_Olink"
"CLEC14A",0.0138558109803082,0.198112246335931,0.00489149096330893,0.945589139709212,0.985323249997798,"EOAD_vs_CN",26,"study_3_Olink"
"CLMP",0.0311285147666862,0.185667822168707,0.028108878146805,0.870588024300525,0.977797583195352,"EOAD_vs_CN",26,"study_3_Olink"
"CLUL1",-0.307784700204998,0.18774207765349,2.68763826470961,0.118735010895716,0.615334776188609,"EOAD_vs_CN",26,"study_3_Olink"
"CNTN5",0.0157780787387303,0.288038650689969,0.00300059030995426,0.957468106836722,0.987144599783612,"EOAD_vs_CN",26,"study_3_Olink"
"CNTNAP2",0.0301430977388348,0.236135333582139,0.0162949791926947,0.900054572834461,0.984263809904028,"EOAD_vs_CN",26,"study_3_Olink"
"COL4A1",0.178562140623812,0.258763075383886,0.476183298681665,0.507639872739956,0.870957533414515,"EOAD_vs_CN",26,"study_3_Olink"
"COMP",-0.539979861622006,0.130616399961172,17.0906943491102,0.000393362996687275,0.0708053394037095,"EOAD_vs_CN",26,"study_3_Olink"
"CPA2",0.00802333910677433,0.267629294464569,0.000898758473125294,0.976626921363101,0.994303426727139,"EOAD_vs_CN",26,"study_3_Olink"
"CPB1",0.272446121623191,0.278176774396713,0.959222872674412,0.343688923476562,0.768227245876742,"EOAD_vs_CN",26,"study_3_Olink"
"CPM",-0.10297846595511,0.228830659541043,0.202518364413042,0.657483300100128,0.924585890765806,"EOAD_vs_CN",26,"study_3_Olink"
"CPXM1",-0.12091203759723,0.348166565948134,0.120604899721506,0.73316140182246,0.952157664704494,"EOAD_vs_CN",26,"study_3_Olink"
"CRELD2",-0.430379876441691,0.256634199537793,2.81238550904853,0.123776510775234,0.615353097821031,"EOAD_vs_CN",26,"study_3_Olink"
"CRH",-0.029394882176681,0.350815105031796,0.00702080447710588,0.934882105311702,0.985323249997798,"EOAD_vs_CN",26,"study_3_Olink"
"CRHBP",-0.335069618332477,0.0766873781576487,19.0907206087858,0.000250295926088686,0.0708053394037095,"EOAD_vs_CN",26,"study_3_Olink"
"CRIM1",-0.102010996467883,0.141515506016448,0.51962007652664,0.48543586553209,0.856651527409571,"EOAD_vs_CN",26,"study_3_Olink"
"CRIP2",0.232424479340326,0.293179386008946,0.628487828690699,0.44363426051292,0.8384559970548,"EOAD_vs_CN",26,"study_3_Olink"
"CRKL",0.422854808497494,0.329208706707167,1.64983275561722,0.216603932922895,0.663523114169065,"EOAD_vs_CN",26,"study_3_Olink"
"CSF2RA",-0.255463206505087,0.431484683892973,0.350530610373211,0.564668006363266,0.890019624740699,"EOAD_vs_CN",26,"study_3_Olink"
"CST6",-0.00848338958818484,0.135698424184376,0.00390831189936981,0.95080104948219,0.985323249997798,"EOAD_vs_CN",26,"study_3_Olink"
"CSTB",0.384654953194429,0.221282910282679,3.02166914040105,0.111567474322903,0.613435409946466,"EOAD_vs_CN",26,"study_3_Olink"
"CTSC",-0.304922554185303,0.196047284954518,2.41912012057444,0.148661957646859,0.61807199192773,"EOAD_vs_CN",26,"study_3_Olink"
"CTSO",-0.320222722503374,0.204743768351378,2.4461489953656,0.148368306742521,0.61807199192773,"EOAD_vs_CN",26,"study_3_Olink"
"CTSS",-0.0789799493818588,0.0708916899472501,1.24120364807496,0.284826878391875,0.734627940884211,"EOAD_vs_CN",26,"study_3_Olink"
"CX3CL1",-0.14002849076388,0.229283129148608,0.372982637497571,0.555227872626779,0.882431445957289,"EOAD_vs_CN",26,"study_3_Olink"
"CXADR",0.148291941029525,0.294619028438491,0.253345686065358,0.623008343981144,0.914694142876068,"EOAD_vs_CN",26,"study_3_Olink"
"CXCL10",-0.427938441259228,0.389265264705686,1.20856857269994,0.290822826236616,0.743030580130438,"EOAD_vs_CN",26,"study_3_Olink"
"CCN1",0.225219685549119,0.218606097584722,1.06142216484087,0.322706374017819,0.757363781174191,"EOAD_vs_CN",26,"study_3_Olink"
"DCBLD2",-0.275432446359105,0.190016233083498,2.10111000293427,0.165108596762722,0.637663709966004,"EOAD_vs_CN",26,"study_3_Olink"
"DDAH1",0.5870955171023,0.277831105378599,4.46535297895701,0.0564014143806063,0.512740130732785,"EOAD_vs_CN",26,"study_3_Olink"
"DEFA1",0.104542299961965,0.0983363930605191,1.13020064797256,0.311108843792918,0.756243576892679,"EOAD_vs_CN",26,"study_3_Olink"
"DLK1",-0.374951792517338,0.145366013807811,6.65311614891815,0.0225412036804467,0.394117499738869,"EOAD_vs_CN",26,"study_3_Olink"
"DLL1",-0.0522267710753521,0.278665110065256,0.0351253903410946,0.855107852101338,0.977797583195352,"EOAD_vs_CN",26,"study_3_Olink"
"DPP10",0.103296883906268,0.190825723522973,0.293022254750001,0.594920857878794,0.902405366316214,"EOAD_vs_CN",26,"study_3_Olink"
"DRAXIN",-0.09913258798337,0.247056832977135,0.161004920390286,0.696084975049211,0.946339089946058,"EOAD_vs_CN",26,"study_3_Olink"
"DSC2",0.151644943891061,0.233755409049159,0.42085503876361,0.53043700099536,0.873880749263365,"EOAD_vs_CN",26,"study_3_Olink"
"ECE1",0.172113700542528,0.0985869539254328,3.04783876168206,0.113950836572947,0.615334776188609,"EOAD_vs_CN",26,"study_3_Olink"
"EDA2R",0.0699704415664533,0.247283283829161,0.0800644474096094,0.782960059121496,0.954623462011741,"EOAD_vs_CN",26,"study_3_Olink"
"EDIL3",-0.358593093530678,0.208750910666624,2.95084966379871,0.103001593761337,0.601957366137683,"EOAD_vs_CN",26,"study_3_Olink"
"EGFR",-0.0875457335607903,0.158567592848921,0.304818348264449,0.591282183377853,0.902405366316214,"EOAD_vs_CN",26,"study_3_Olink"
"ENG",-0.0665048372175934,0.100350868694273,0.439201886521438,0.519247370270635,0.873880749263365,"EOAD_vs_CN",26,"study_3_Olink"
"ENTPD6",-0.246520111693527,0.169570513579383,2.11350870354647,0.169451643833366,0.637663709966004,"EOAD_vs_CN",26,"study_3_Olink"
"EPHA10",-0.0176833337468485,0.432911733873554,0.00166851291526496,0.968232941464085,0.993625595573177,"EOAD_vs_CN",26,"study_3_Olink"
"EPHB4",-0.101160187135177,0.163083866048395,0.384766498973422,0.546106319648537,0.87921346183253,"EOAD_vs_CN",26,"study_3_Olink"
"EPHB6",0.106081677620605,0.374582048176525,0.0802023028680012,0.78275238566995,0.954623462011741,"EOAD_vs_CN",26,"study_3_Olink"
"ERBB3",0.0514545461688805,0.173308222484968,0.0881473312503415,0.770621562938786,0.954623462011741,"EOAD_vs_CN",26,"study_3_Olink"
"ERBB4",0.157095808934221,0.155760939699273,1.01721341876287,0.328161808129979,0.757363781174191,"EOAD_vs_CN",26,"study_3_Olink"
"ERP44",0.0415220599184369,0.0971303299422453,0.182746073168616,0.678175897451791,0.940068606833898,"EOAD_vs_CN",26,"study_3_Olink"
"ESAM",-0.035017495418677,0.23422057706903,0.0223521893461031,0.884091297400369,0.977797583195352,"EOAD_vs_CN",26,"study_3_Olink"
"ESM1",-0.514767835843104,0.184010341551652,7.8259729662889,0.0135276032140341,0.349731918968603,"EOAD_vs_CN",26,"study_3_Olink"
"EZR",0.0530840386240357,0.147777853709186,0.129035498404188,0.724680350255557,0.952056798150856,"EOAD_vs_CN",26,"study_3_Olink"
"F11",-0.623842804409029,0.218596475371004,8.14449254367761,0.0141312089485152,0.349731918968603,"EOAD_vs_CN",26,"study_3_Olink"
"F2R",0.57830113120968,0.565818475084568,1.04460917451643,0.325890279944581,0.757363781174191,"EOAD_vs_CN",25,"study_3_Olink"
"F3",0.0110469743354402,0.203795678103021,0.00293830416504744,0.957530261790104,0.987144599783612,"EOAD_vs_CN",25,"study_3_Olink"
"F7",0.0211476713700476,0.156426863171935,0.018276895677196,0.89502566506782,0.982345242147607,"EOAD_vs_CN",26,"study_3_Olink"
"FABP4",-0.517981987287897,0.210289978000754,6.06725382131868,0.0218052443524194,0.394117499738869,"EOAD_vs_CN",26,"study_3_Olink"
"FAM3B",-0.349703656270231,0.245696001796691,2.02583545438944,0.170429584173904,0.637663709966004,"EOAD_vs_CN",26,"study_3_Olink"
"FAS",0.224812998628666,0.196920143907331,1.30335447639699,0.278047620140367,0.729571014945568,"EOAD_vs_CN",26,"study_3_Olink"
"FCGR2A",-0.413129276265815,0.324252026342476,1.62332899859225,0.238902691813184,0.693588460102793,"EOAD_vs_CN",26,"study_3_Olink"
"FCGR3B",0.0570724010918844,0.146649831615288,0.151456930496641,0.703114628157479,0.948730382821187,"EOAD_vs_CN",26,"study_3_Olink"
"FCN2",-0.100062260301434,0.147931454060748,0.457529989338544,0.508066526572225,0.870957533414515,"EOAD_vs_CN",26,"study_3_Olink"
"FKBP4",0.288935721568261,0.230274305985194,1.57438705842166,0.233050494097879,0.685442629699645,"EOAD_vs_CN",26,"study_3_Olink"
"FLRT2",-0.136904586982113,0.13150956763436,1.08373050699855,0.323676548505774,0.757363781174191,"EOAD_vs_CN",26,"study_3_Olink"
"FLT3",0.0153750401780224,0.166210528287437,0.00855688034240958,0.927737914687791,0.985323249997798,"EOAD_vs_CN",26,"study_3_Olink"
"FLT4",-0.0991530583958458,0.106864666899856,0.860882652514903,0.377912544266136,0.798020341444576,"EOAD_vs_CN",26,"study_3_Olink"
"FOLR1",-0.20473745787692,0.0668032179352283,9.39290320553994,0.0080506573725766,0.300092447264268,"EOAD_vs_CN",26,"study_3_Olink"
"FST",-0.363534665827119,0.199108247273659,3.33359750425133,0.0944014865753589,0.570210321596128,"EOAD_vs_CN",25,"study_3_Olink"
"FSTL3",-0.137004108625704,0.175374267855213,0.610288857717466,0.453757698280281,0.839050248280727,"EOAD_vs_CN",26,"study_3_Olink"
"FUCA1",-0.0312590585521662,0.204862301138842,0.0232823972287918,0.881549401401783,0.977797583195352,"EOAD_vs_CN",26,"study_3_Olink"
"FURIN",-0.129994075439303,0.0676734083555224,3.68986960188406,0.0735563665877294,0.570210321596128,"EOAD_vs_CN",26,"study_3_Olink"
"FUT8",0.213479529478621,0.117224001457674,3.31649532803135,0.0942262692512645,0.570210321596128,"EOAD_vs_CN",26,"study_3_Olink"
"GALNT10",-0.0742684169050436,0.157504095506907,0.222343599043874,0.645701364238,0.917324504972124,"EOAD_vs_CN",26,"study_3_Olink"
"GALNT7",0.120773076097721,0.204935492662551,0.347300889512094,0.568894965533955,0.891610867458258,"EOAD_vs_CN",26,"study_3_Olink"
"GAS6",-0.143787127359931,0.17069688156116,0.709559534809471,0.415731535197581,0.825956692445525,"EOAD_vs_CN",26,"study_3_Olink"
"GDF15",-0.0872116933734444,0.212384421223458,0.168618073768776,0.687520291502812,0.940068606833898,"EOAD_vs_CN",26,"study_3_Olink"
"GFRA1",0.0630778232349094,0.171203650694988,0.13574609749964,0.719764449162945,0.952056798150856,"EOAD_vs_CN",26,"study_3_Olink"
"GFRA3",-0.316827748960552,0.182141406634171,3.02572219514072,0.106868846459683,0.606185881422869,"EOAD_vs_CN",26,"study_3_Olink"
"GGT5",0.415918986147413,0.177965822861418,5.46190670407277,0.0379051461960425,0.485679603668529,"EOAD_vs_CN",26,"study_3_Olink"
"GLB1",-0.0268694749759715,0.0568662104449569,0.22325941640807,0.641970220033129,0.917324504972124,"EOAD_vs_CN",26,"study_3_Olink"
"GLO1",0.203666750367133,0.278790105690191,0.533685686306627,0.474555262426619,0.850015200083605,"EOAD_vs_CN",25,"study_3_Olink"
"GLRX",0.227944573081455,0.270691137149972,0.709104825612571,0.412790698038209,0.825581396076418,"EOAD_vs_CN",26,"study_3_Olink"
"GP1BA",-0.154228189256983,0.132767869304158,1.34940261720892,0.264432912231464,0.721180669722176,"EOAD_vs_CN",26,"study_3_Olink"
"GPC1",-0.229026842586859,0.19994098614564,1.31210657605678,0.271612779923973,0.723229295655548,"EOAD_vs_CN",26,"study_3_Olink"
"GPC5",-0.109044880619745,0.24742905388061,0.194226808411225,0.668276701361181,0.932726583433912,"EOAD_vs_CN",26,"study_3_Olink"
"GPNMB",-0.147102582554426,0.221497545622232,0.441065164295993,0.518017112728195,0.873880749263365,"EOAD_vs_CN",26,"study_3_Olink"
"GRN",-0.103106102349336,0.151785514308496,0.461432400915518,0.508990210883597,0.870957533414515,"EOAD_vs_CN",26,"study_3_Olink"
"GSTP1",0.217205237236274,0.061931623947054,12.3002984552328,0.00488016446522018,0.274509251168635,"EOAD_vs_CN",26,"study_3_Olink"
"HAGH",0.188248428281298,0.219262048452188,0.737115907027269,0.399082114117816,0.81351034185768,"EOAD_vs_CN",26,"study_3_Olink"
"HAVCR2",0.0253628770987941,0.238246808837582,0.0113329467973322,0.917411118794371,0.985323249997798,"EOAD_vs_CN",26,"study_3_Olink"
"HBEGF",-0.0591279407925454,0.0948082131212547,0.388949830024658,0.542605667589203,0.878602365726258,"EOAD_vs_CN",25,"study_3_Olink"
"HLA-E",0.134150705843773,0.126282888040569,1.12848791666991,0.317172660989969,0.756243576892679,"EOAD_vs_CN",26,"study_3_Olink"
"HS6ST1",-0.293330949460455,0.259363126301033,1.27908472072895,0.282083297241203,0.733921722710248,"EOAD_vs_CN",26,"study_3_Olink"
"HSPB1",-0.525751675218356,0.363723390998549,2.08938690072052,0.164924559487916,0.637663709966004,"EOAD_vs_CN",25,"study_3_Olink"
"ICAM1",0.0497839013093309,0.161132793561251,0.0954574834864201,0.763029594886683,0.954623462011741,"EOAD_vs_CN",26,"study_3_Olink"
"ICAM2",-0.193022369830058,0.117743975373321,2.68743455633867,0.122023364706397,0.615334776188609,"EOAD_vs_CN",26,"study_3_Olink"
"IDUA",-0.649435886015612,0.234369277494522,7.67840832250047,0.0191918240311217,0.388564910696728,"EOAD_vs_CN",25,"study_3_Olink"
"IFI30",-0.116104460985791,0.0728800128200689,2.53793755638251,0.132406166378272,0.61807199192773,"EOAD_vs_CN",26,"study_3_Olink"
"IFNGR1",0.0630573455834975,0.169088428324063,0.139073247286551,0.716487582936446,0.952056798150856,"EOAD_vs_CN",26,"study_3_Olink"
"IGF1R",0.28989840925967,0.183531666656927,2.49499481621194,0.141715284393396,0.61807199192773,"EOAD_vs_CN",26,"study_3_Olink"
"IGF2R",0.127162096143056,0.188147254158795,0.456793154888694,0.513948935649193,0.873880749263365,"EOAD_vs_CN",26,"study_3_Olink"
"IGFBP1",0.177385963042152,0.173340409398132,1.04722225822643,0.328713289369429,0.757363781174191,"EOAD_vs_CN",26,"study_3_Olink"
"IGFBP3",-0.090655107395972,0.127364728236401,0.50662452193068,0.489908188827528,0.85948805057461,"EOAD_vs_CN",26,"study_3_Olink"
"IGFBPL1",-0.176933844498474,0.218674796953425,0.654672900964283,0.438775924329031,0.8384559970548,"EOAD_vs_CN",26,"study_3_Olink"
"IL13RA1",0.0811272242903303,0.0442987366474644,3.35390342283965,0.087200462262377,0.570210321596128,"EOAD_vs_CN",26,"study_3_Olink"
"IL18BP",0.0557616161726546,0.189625301919829,0.0864725238575615,0.774172326609553,0.954623462011741,"EOAD_vs_CN",26,"study_3_Olink"
"IL1R1",-0.222458292940174,0.167094214157692,1.77245156493947,0.213646497692904,0.663523114169065,"EOAD_vs_CN",26,"study_3_Olink"
"IL1R2",-0.15050261986128,0.22389128661986,0.451870235755649,0.515101190226888,0.873880749263365,"EOAD_vs_CN",26,"study_3_Olink"
"IL6R",-0.00270599230409729,0.219943664305482,0.000151366650855726,0.990404143406033,0.999286691777387,"EOAD_vs_CN",26,"study_3_Olink"
"IMPA1",0.467019887785085,0.183191558095827,6.49919903692759,0.0281772254451001,0.444903559659475,"EOAD_vs_CN",26,"study_3_Olink"
"INHBC",-0.0316755687645771,0.0841686709744821,0.141627602752173,0.710634519299112,0.951742659775596,"EOAD_vs_CN",26,"study_3_Olink"
"ISLR2",0.24382804166599,0.398942595817995,0.373548057875649,0.553879543203884,0.882431445957289,"EOAD_vs_CN",26,"study_3_Olink"
"ITGAM",0.460510933617454,0.0878907081141743,27.4532626260863,4.95119184466076e-05,0.0445607266019468,"EOAD_vs_CN",26,"study_3_Olink"
"ITGAV",0.0874470091261097,0.118642471271266,0.54326228001164,0.476242902271764,0.850015200083605,"EOAD_vs_CN",26,"study_3_Olink"
"ITGB1",-0.0706437794165407,0.169924415882051,0.172836825165955,0.686652431006458,0.940068606833898,"EOAD_vs_CN",26,"study_3_Olink"
"ITGB2",0.346976583806402,0.206056923073259,2.83547558866697,0.125184000534073,0.61565901902003,"EOAD_vs_CN",26,"study_3_Olink"
"ITM2A",-0.0966460546259018,0.197659675976653,0.239073864057558,0.632566507186785,0.917324504972124,"EOAD_vs_CN",26,"study_3_Olink"
"JAM2",-0.0857081615644724,0.155815551432815,0.302567834670277,0.594645982197468,0.902405366316214,"EOAD_vs_CN",26,"study_3_Olink"
"KDR",-0.0775207404800273,0.137033256247495,0.320024972843146,0.580736773847555,0.895816200606293,"EOAD_vs_CN",26,"study_3_Olink"
"KITLG",-0.11522310217067,0.230062387878025,0.250834853167836,0.626091300885967,0.915661489093902,"EOAD_vs_CN",25,"study_3_Olink"
"KLK10",-0.236055567268705,0.27295205974736,0.747921027186524,0.405231107966015,0.81351034185768,"EOAD_vs_CN",26,"study_3_Olink"
"KLK11",-0.113658086568657,0.152546525422447,0.555131716455889,0.46475253739125,0.839914224201054,"EOAD_vs_CN",26,"study_3_Olink"
"LAIR1",1.19788807277037,0.57360123816329,4.36126344383269,0.0718544289573986,0.570210321596128,"EOAD_vs_CN",26,"study_3_Olink"
"LAMA4",-0.187200635583985,0.140318257446666,1.77986175980691,0.209740313966618,0.663523114169065,"EOAD_vs_CN",26,"study_3_Olink"
"LAYN",0.156712077504086,0.328041357759169,0.228216864629306,0.644302742606058,0.917324504972124,"EOAD_vs_CN",26,"study_3_Olink"
"LCN2",0.0600475646143219,0.128007630484177,0.220048837831429,0.648242650180301,0.917324504972124,"EOAD_vs_CN",26,"study_3_Olink"
"LDLR",0.0737562889143373,0.136630262399923,0.291409904706511,0.597170585424677,0.902405366316214,"EOAD_vs_CN",26,"study_3_Olink"
"LEP",-0.41397645612504,0.165744643160819,6.23838656957051,0.0210978600480769,0.394117499738869,"EOAD_vs_CN",25,"study_3_Olink"
"LGALS3",-0.344666171000307,0.135294740734006,6.48986240907114,0.023209141651289,0.394117499738869,"EOAD_vs_CN",26,"study_3_Olink"
"LGMN",-0.28516812023233,0.126435301943231,5.0870410902616,0.0409719691507031,0.485679603668529,"EOAD_vs_CN",26,"study_3_Olink"
"LIFR",-0.0271475025709949,0.179290665287649,0.0229268509912566,0.882283897368789,0.977797583195352,"EOAD_vs_CN",26,"study_3_Olink"
"LILRB1",-0.0518698854408102,0.170062716680715,0.0930277147856068,0.76582908057137,0.954623462011741,"EOAD_vs_CN",26,"study_3_Olink"
"LILRB4",-0.00154116206590782,0.163540546142943,8.88067003667196e-05,0.992629715745781,0.999378568900266,"EOAD_vs_CN",26,"study_3_Olink"
"LILRB5",0.421520010282519,0.289871696429587,2.11458315372749,0.177233671115772,0.640603630538934,"EOAD_vs_CN",26,"study_3_Olink"
"LPL",-0.144864182774322,0.288132930293381,0.252776240008036,0.627094058638344,0.915661489093902,"EOAD_vs_CN",25,"study_3_Olink"
"LRIG1",-0.299173328121233,0.212463309786824,1.98279520533543,0.182593444156225,0.645757704721919,"EOAD_vs_CN",26,"study_3_Olink"
"LRP11",-0.226011627158403,0.27822240418365,0.659898841151374,0.43359698899294,0.8384559970548,"EOAD_vs_CN",26,"study_3_Olink"
"LRPAP1",-0.097441941221283,0.187052808078444,0.271370971873442,0.612622677051312,0.91448786060374,"EOAD_vs_CN",26,"study_3_Olink"
"LRRN1",-0.0714114801436008,0.258217877013365,0.0764827433519489,0.787301475703807,0.954623462011741,"EOAD_vs_CN",26,"study_3_Olink"
"LSP1",-0.157312238734013,0.120710810611718,1.69837148860857,0.206287082691807,0.663523114169065,"EOAD_vs_CN",26,"study_3_Olink"
"LY75",0.00471830369359472,0.0753572543460304,0.00392032117777608,0.951056890405398,0.985323249997798,"EOAD_vs_CN",26,"study_3_Olink"
"MANF",0.0906231406876454,0.182833273616733,0.245678837154894,0.630223506581238,0.91631850714558,"EOAD_vs_CN",26,"study_3_Olink"
"MANSC1",0.0551677865813076,0.223252302680954,0.0610631530102927,0.809877530194596,0.962866284247208,"EOAD_vs_CN",26,"study_3_Olink"
"MARCO",0.0920903461136096,0.148272625361116,0.385750285089698,0.543757241899473,0.878602365726258,"EOAD_vs_CN",25,"study_3_Olink"
"MATN2",-0.23955382274196,0.120234041503952,3.9696418004553,0.0668811645296495,0.557343037747079,"EOAD_vs_CN",26,"study_3_Olink"
"MATN3",-0.12005195050769,0.286045750384664,0.176143832281667,0.682135184153446,0.940068606833898,"EOAD_vs_CN",26,"study_3_Olink"
"MB",-0.308166586146009,0.506179735833409,0.370647935067796,0.554068253411236,0.882431445957289,"EOAD_vs_CN",26,"study_3_Olink"
"MBL2",-0.638823031341639,0.354862624146266,3.2407132965682,0.0856169453438323,0.570210321596128,"EOAD_vs_CN",26,"study_3_Olink"
"MDGA1",-0.24377703500697,0.302675312928019,0.648681602467606,0.438372221744759,0.8384559970548,"EOAD_vs_CN",26,"study_3_Olink"
"MDK",-0.101662773649648,0.222972356492622,0.207884381240525,0.656302914515498,0.924585890765806,"EOAD_vs_CN",26,"study_3_Olink"
"MEPE",-0.301230400060897,0.190667890306056,2.49598789450889,0.140756061948243,0.61807199192773,"EOAD_vs_CN",26,"study_3_Olink"
"MERTK",-0.0589588968769785,0.116217436721581,0.257368927994695,0.62087572250591,0.91448786060374,"EOAD_vs_CN",25,"study_3_Olink"
"MESD",-0.0326937984580837,0.121463821256328,0.0724497485154504,0.793064718540051,0.954623462011741,"EOAD_vs_CN",26,"study_3_Olink"
"MET",-0.00208358322887259,0.15928621430129,0.000171106033890907,0.989751046775965,0.999286691777387,"EOAD_vs_CN",26,"study_3_Olink"
"METRNL",-0.107828307156167,0.129514399744429,0.693153563053058,0.419216656389311,0.827346361443044,"EOAD_vs_CN",26,"study_3_Olink"
"MFAP5",-0.147315883561979,0.0966703110405193,2.32227110177561,0.148886243510588,0.61807199192773,"EOAD_vs_CN",26,"study_3_Olink"
"MIA",-0.0687993916000025,0.0609009079121423,1.27620858324173,0.282152128953051,0.733921722710248,"EOAD_vs_CN",26,"study_3_Olink"
"MICA",0.615545046607171,0.420827763758849,2.13949321249751,0.157480148364619,0.629920593458476,"EOAD_vs_CN",26,"study_3_Olink"
"MIF",0.192227067270491,0.235329668227076,0.667230231066148,0.427575759712406,0.836496260806269,"EOAD_vs_CN",26,"study_3_Olink"
"MILR1",0.147523587652413,0.227555403588437,0.420289582379131,0.53134439598407,0.873880749263365,"EOAD_vs_CN",26,"study_3_Olink"
"MMP3",0.0177796217246611,0.248786236159293,0.00510731135016403,0.94401712695712,0.985323249997798,"EOAD_vs_CN",26,"study_3_Olink"
"MRC2",0.00611950446088794,0.0634789247575358,0.00929337341471325,0.925165936725907,0.985323249997798,"EOAD_vs_CN",26,"study_3_Olink"
"MSLN",-0.023528451331174,0.122005507945168,0.0371901397238692,0.849430072981806,0.976356405726213,"EOAD_vs_CN",26,"study_3_Olink"
"MSTN",-0.214358807620411,0.204846121453809,1.09503291673113,0.316917352010955,0.756243576892679,"EOAD_vs_CN",26,"study_3_Olink"
"MYOC",-0.950154116563657,0.423797461079645,5.02656620945838,0.0467070746682829,0.485679603668529,"EOAD_vs_CN",26,"study_3_Olink"
"NCS1",0.0845948370191563,0.264848981947902,0.102021358048241,0.755480935037541,0.954623462011741,"EOAD_vs_CN",26,"study_3_Olink"
"NDRG1",0.323805705370262,0.157370745978935,4.2337088284131,0.0637559457460008,0.541324067654724,"EOAD_vs_CN",26,"study_3_Olink"
"NECTIN2",-0.0320681078926572,0.203120600039245,0.0249252045221295,0.877749382770826,0.977797583195352,"EOAD_vs_CN",26,"study_3_Olink"
"NELL1",0.0408926363560198,0.272830470035867,0.0224648994227385,0.883683007222124,0.977797583195352,"EOAD_vs_CN",26,"study_3_Olink"
"NOTCH1",-0.00101037343692578,0.199418043473194,2.56705360630227e-05,0.996047307003932,0.999378568900266,"EOAD_vs_CN",26,"study_3_Olink"
"NOTCH3",-0.0648192517215627,0.178258392825747,0.132223318625857,0.72202109858404,0.952056798150856,"EOAD_vs_CN",26,"study_3_Olink"
"NPDC1",-0.0229081308306345,0.0828044316847712,0.0765371255818328,0.788959481719023,0.954623462011741,"EOAD_vs_CN",26,"study_3_Olink"
"NQO2",0.173453387923309,0.211703480298189,0.671289074060865,0.437227149441756,0.8384559970548,"EOAD_vs_CN",26,"study_3_Olink"
"NRP1",-0.0443380447248931,0.0931193213219004,0.226711458108739,0.641613660014623,0.917324504972124,"EOAD_vs_CN",26,"study_3_Olink"
"NRP2",-0.118758196484089,0.194943964306521,0.371114223999656,0.557933172745176,0.882495352321016,"EOAD_vs_CN",26,"study_3_Olink"
"NT5E",-0.303135936432067,0.172158602701853,3.10039759170564,0.107276626957141,0.606185881422869,"EOAD_vs_CN",26,"study_3_Olink"
"NTRK3",-0.0136173326596225,0.197921906261447,0.0047336523993653,0.946383764558016,0.985323249997798,"EOAD_vs_CN",26,"study_3_Olink"
"NUDT5",0.121189329259606,0.196129086271213,0.381807762318018,0.54706615402913,0.87921346183253,"EOAD_vs_CN",26,"study_3_Olink"
"NXPH1",-0.00434508644628573,0.210926591777925,0.000424359737412058,0.983995140726193,0.99841671550572,"EOAD_vs_CN",26,"study_3_Olink"
"OSCAR",-0.0821440246141663,0.232173685017734,0.125177411100772,0.730291466527771,0.952056798150856,"EOAD_vs_CN",25,"study_3_Olink"
"OSMR",-0.0090784563017372,0.0996929361620636,0.00829268637410429,0.929161591349508,0.985323249997798,"EOAD_vs_CN",26,"study_3_Olink"
"P4HB",-0.0429783349263844,0.121814340355138,0.124480790158619,0.730913796840248,0.952056798150856,"EOAD_vs_CN",26,"study_3_Olink"
"PAMR1",-0.264774649399949,0.202851793153195,1.70370775828794,0.22025387512438,0.667310994700727,"EOAD_vs_CN",26,"study_3_Olink"
"PCDH1",-0.0730059778810537,0.150389486324733,0.235657840237463,0.637700559932612,0.917324504972124,"EOAD_vs_CN",26,"study_3_Olink"
"PCDH17",-0.233248893290115,0.251798454859052,0.858090437136733,0.373893001075401,0.798020341444576,"EOAD_vs_CN",26,"study_3_Olink"
"PCSK9",0.0548656504557941,0.119097023420111,0.212226323161667,0.650412259021756,0.918949816514256,"EOAD_vs_CN",26,"study_3_Olink"
"PDCD1LG2",0.0689531064371498,0.0861185223950501,0.64108340323573,0.445397658962293,0.838614839050343,"EOAD_vs_CN",25,"study_3_Olink"
"PDGFA",-0.0710899652757639,0.1034292744096,0.472421493489952,0.49854657957152,0.870957533414515,"EOAD_vs_CN",26,"study_3_Olink"
"PDGFRA",-0.172750797627164,0.156041364093608,1.22563356552672,0.293143779758393,0.743030580130438,"EOAD_vs_CN",26,"study_3_Olink"
"PDGFRB",-0.132484271693568,0.201615537561995,0.431798022502307,0.526116435388925,0.873880749263365,"EOAD_vs_CN",26,"study_3_Olink"
"PEAR1",-0.104594316343825,0.127675152080114,0.671124979240481,0.433199362772749,0.8384559970548,"EOAD_vs_CN",26,"study_3_Olink"
"PECAM1",0.0929769069026403,0.145233756971398,0.409840662072752,0.53209627844036,0.873880749263365,"EOAD_vs_CN",26,"study_3_Olink"
"PIGR",0.191687978009301,0.38963692582282,0.242030186974058,0.63432715657257,0.917324504972124,"EOAD_vs_CN",25,"study_3_Olink"
"PILRA",-0.0718596967653227,0.196508215760704,0.13372399285092,0.72236039820721,0.952056798150856,"EOAD_vs_CN",26,"study_3_Olink"
"PILRB",-0.207458277001012,0.238746510907745,0.755070436284232,0.4057079049899,0.81351034185768,"EOAD_vs_CN",26,"study_3_Olink"
"PLAT",-0.180528910577271,0.174427180462864,1.07118677299772,0.325276486738338,0.757363781174191,"EOAD_vs_CN",26,"study_3_Olink"
"PLAUR",0.12717356702651,0.218386297649669,0.339111825055853,0.571621633914905,0.891610867458258,"EOAD_vs_CN",26,"study_3_Olink"
"PLXDC1",0.119934634556914,0.0989067262180454,1.47040705625315,0.248977101957062,0.702085054234184,"EOAD_vs_CN",26,"study_3_Olink"
"PLXNA4",-0.290919916228433,0.243564491791984,1.42665498533668,0.247562903938477,0.702085054234184,"EOAD_vs_CN",26,"study_3_Olink"
"PLXNB1",0.0516971158584663,0.186541995919663,0.0768032134315458,0.787109316890969,0.954623462011741,"EOAD_vs_CN",26,"study_3_Olink"
"PLXNB2",-0.0894323288770957,0.156226291793042,0.327703312682915,0.576581542806263,0.895119540743531,"EOAD_vs_CN",26,"study_3_Olink"
"PLXNB3",-0.11510221650547,0.225808911026535,0.259827563617331,0.620039823717201,0.91448786060374,"EOAD_vs_CN",26,"study_3_Olink"
"PODXL",0.215347164274594,0.232380070956855,0.858777296745363,0.374458105132628,0.798020341444576,"EOAD_vs_CN",26,"study_3_Olink"
"PON2",0.215346713582863,0.237196781511597,0.824249918760088,0.379089765737662,0.798020341444576,"EOAD_vs_CN",26,"study_3_Olink"
"PON3",-0.228882309272481,0.172378689089849,1.76302027112057,0.197175814873629,0.657246019601467,"EOAD_vs_CN",26,"study_3_Olink"
"PPP3R1",0.678729781448287,0.216034101088046,9.87072814721036,0.0103798660883875,0.349731918968603,"EOAD_vs_CN",26,"study_3_Olink"
"PRDX5",-0.019507020823899,0.0531776560060127,0.13456233494953,0.716963191729433,0.952056798150856,"EOAD_vs_CN",26,"study_3_Olink"
"PRDX6",0.0106252180157678,0.214328116736563,0.00245763511774692,0.960874397200045,0.989458761418811,"EOAD_vs_CN",26,"study_3_Olink"
"PROC",-0.325343996846651,0.121604155181729,7.15795173202005,0.0183014743721502,0.388564910696728,"EOAD_vs_CN",26,"study_3_Olink"
"PRSS2",-0.0915144432041259,0.128708418653795,0.505551466404739,0.487617092075605,0.858816796219266,"EOAD_vs_CN",26,"study_3_Olink"
"PRSS27",-0.473418135172839,0.218288699178001,4.70356635423511,0.0487572174288099,0.498653360067374,"EOAD_vs_CN",25,"study_3_Olink"
"PRSS8",0.140722631664779,0.18690575759005,0.566868776909111,0.461285895011135,0.839050248280727,"EOAD_vs_CN",25,"study_3_Olink"
"PSMA1",0.0824669601987269,0.0729520456527021,1.27786514306436,0.277499659584912,0.729571014945568,"EOAD_vs_CN",26,"study_3_Olink"
"PSME1",-0.0196541274656994,0.1521474831419,0.0166869894557632,0.898329805472867,0.983572779714818,"EOAD_vs_CN",26,"study_3_Olink"
"PTK7",-0.0943101611232793,0.120483414892502,0.612720536714498,0.444381678439044,0.8384559970548,"EOAD_vs_CN",26,"study_3_Olink"
"PTPRM",0.0127359398518361,0.0807739472519487,0.0248610453511103,0.877262609013931,0.977797583195352,"EOAD_vs_CN",26,"study_3_Olink"
"PVALB",0.0206015537121269,0.0961998259039061,0.0458618297319087,0.834403885380897,0.973626829283707,"EOAD_vs_CN",26,"study_3_Olink"
"PVR",0.250829537287599,0.205813932738165,1.48527821552723,0.243381978441896,0.702085054234184,"EOAD_vs_CN",26,"study_3_Olink"
"QPCT",-0.136061607061256,0.249238238214946,0.298017554790705,0.590887438220778,0.902405366316214,"EOAD_vs_CN",26,"study_3_Olink"
"REG1A",-0.18704087835972,0.237827267619943,0.618514341351698,0.448199071282667,0.839050248280727,"EOAD_vs_CN",26,"study_3_Olink"
"RELT",-0.144410807638246,0.233955100614564,0.381008230827803,0.550662213167948,0.882431445957289,"EOAD_vs_CN",26,"study_3_Olink"
"RET",-0.173159242428903,0.169580264931244,1.04265525250242,0.323117718931095,0.757363781174191,"EOAD_vs_CN",26,"study_3_Olink"
"RFNG",0.0823307446428815,0.145368453003262,0.320762617931462,0.580996844870938,0.895816200606293,"EOAD_vs_CN",26,"study_3_Olink"
"RGMA",-0.163227768516858,0.122975271760613,1.76178336470897,0.212718066367196,0.663523114169065,"EOAD_vs_CN",26,"study_3_Olink"
"RGMB",-0.197845587373389,0.20931774314005,0.89338910084491,0.367531298790816,0.793233018972983,"EOAD_vs_CN",26,"study_3_Olink"
"RNASE3",-0.80426527372727,0.553808848393241,2.1090110438167,0.170254358431338,0.637663709966004,"EOAD_vs_CN",26,"study_3_Olink"
"ROBO2",-0.169233166958393,0.220839788646977,0.58724093002031,0.457264073961734,0.839050248280727,"EOAD_vs_CN",26,"study_3_Olink"
"ROR1",-0.319182075059823,0.166355337075698,3.68131949234736,0.0749066360529057,0.570210321596128,"EOAD_vs_CN",26,"study_3_Olink"
"S100A11",-0.0777697365487073,0.102864561175511,0.571596683244478,0.462409914608045,0.839050248280727,"EOAD_vs_CN",26,"study_3_Olink"
"S100A4",0.0714814753156015,0.356152788876803,0.0402823052246386,0.842816542476875,0.974980576130062,"EOAD_vs_CN",26,"study_3_Olink"
"SAA4",-0.551966443669589,0.167204376859624,10.8975800688549,0.00468527200767535,0.274509251168635,"EOAD_vs_CN",26,"study_3_Olink"
"SCARF1",-0.211121750795856,0.216915763889894,0.947291691774633,0.352332266541316,0.775303276007786,"EOAD_vs_CN",26,"study_3_Olink"
"SCARF2",-0.0482148280453982,0.174558099361359,0.0762923926636823,0.788319720096179,0.954623462011741,"EOAD_vs_CN",26,"study_3_Olink"
"SCGB1A1",0.25106863611715,0.206632162310285,1.47634917568953,0.249630241505488,0.702085054234184,"EOAD_vs_CN",26,"study_3_Olink"
"SDC1",-0.0401221811292523,0.143100267907451,0.0786118785829134,0.78499593555732,0.954623462011741,"EOAD_vs_CN",26,"study_3_Olink"
"SDC4",0.38285933056278,0.16918319123012,5.12110931120421,0.0437163623876879,0.485679603668529,"EOAD_vs_CN",26,"study_3_Olink"
"SELPLG",0.102191758775525,0.154020216678693,0.440226606779855,0.516526070776362,0.873880749263365,"EOAD_vs_CN",25,"study_3_Olink"
"SEMA3F",-0.0502622740543071,0.166439003343338,0.09119563560763,0.76802785770364,0.954623462011741,"EOAD_vs_CN",26,"study_3_Olink"
"SEMA4C",0.0550202324445874,0.164290207323415,0.112155735132315,0.744000775044128,0.954623462011741,"EOAD_vs_CN",26,"study_3_Olink"
"SERPINB6",0.121005577016231,0.0959905173728587,1.58911054287636,0.231227862070154,0.685442629699645,"EOAD_vs_CN",26,"study_3_Olink"
"SERPINE1",-0.323732744396737,0.171590387006214,3.55948650200547,0.0787439678259477,0.570210321596128,"EOAD_vs_CN",26,"study_3_Olink"
"SFRP1",0.313173624833532,0.322519381435619,0.942884989194861,0.349835976689001,0.774218983748471,"EOAD_vs_CN",26,"study_3_Olink"
"SFTPD",0.223668722560924,0.231540653350306,0.933159766738396,0.350119029317364,0.774218983748471,"EOAD_vs_CN",26,"study_3_Olink"
"SIGLEC9",0.257188022796365,0.296272212805515,0.753563122583015,0.400719650469366,0.81351034185768,"EOAD_vs_CN",26,"study_3_Olink"
"SIRPB1",-0.0760001159983821,0.200835965569175,0.143200829310303,0.711950597486145,0.952056798150856,"EOAD_vs_CN",26,"study_3_Olink"
"SLITRK2",-0.59717950769495,0.302377583330009,3.90041312685955,0.0691425249982171,0.570210321596128,"EOAD_vs_CN",26,"study_3_Olink"
"SLITRK6",-0.591398495211218,0.325939057563015,3.29221067930466,0.0913683794411692,0.570210321596128,"EOAD_vs_CN",26,"study_3_Olink"
"SMOC2",0.561146909551139,0.220250098479619,6.49113928705701,0.0303864694350489,0.44832495887777,"EOAD_vs_CN",26,"study_3_Olink"
"SMPD1",-0.281240161287651,0.175284624627167,2.57434667455968,0.141611110012602,0.61807199192773,"EOAD_vs_CN",26,"study_3_Olink"
"SNCG",0.281434708888429,0.410003929929978,0.471171784584763,0.504761769515299,0.870957533414515,"EOAD_vs_CN",26,"study_3_Olink"
"SORT1",-0.243989645899036,0.202319156893787,1.45434948133606,0.249220081855686,0.702085054234184,"EOAD_vs_CN",25,"study_3_Olink"
"SPINK1",-0.0273780188150767,0.152243822944845,0.0323388575674422,0.860475405341583,0.977797583195352,"EOAD_vs_CN",26,"study_3_Olink"
"SPINK5",0.00366317037881414,0.0360748250060039,0.0103111183419058,0.920982430537702,0.985323249997798,"EOAD_vs_CN",26,"study_3_Olink"
"SPINT1",-0.161121031579226,0.146549843364041,1.20874238314797,0.294313261120485,0.743030580130438,"EOAD_vs_CN",26,"study_3_Olink"
"SPON2",-0.403546207151114,0.136226455501959,8.77533341045536,0.0121979461534955,0.349731918968603,"EOAD_vs_CN",25,"study_3_Olink"
"ST3GAL1",0.0850931873573919,0.133776093646463,0.404606227256599,0.536838431881723,0.877238162006726,"EOAD_vs_CN",26,"study_3_Olink"
"ST6GAL1",-0.268094188746897,0.172060150968584,2.42780723467441,0.132930076529308,0.61807199192773,"EOAD_vs_CN",26,"study_3_Olink"
"STC1",-0.158376574914179,0.285525474378598,0.307674971941363,0.588655727426962,0.902405366316214,"EOAD_vs_CN",26,"study_3_Olink"
"STIP1",-0.0294734357747917,0.125749591010722,0.0549349037866587,0.816736571905222,0.966493731424887,"EOAD_vs_CN",26,"study_3_Olink"
"STX8",0.227466291531224,0.224995247651178,1.02208591701424,0.333983246346088,0.759295389072205,"EOAD_vs_CN",26,"study_3_Olink"
"SUMF2",-0.644736427035357,0.296696809196814,4.72213789160709,0.0575641754961022,0.512948098480119,"EOAD_vs_CN",26,"study_3_Olink"
"TBCB",0.0350097503268412,0.13615520946291,0.066116446200244,0.799293379026395,0.956601118515632,"EOAD_vs_CN",26,"study_3_Olink"
"TCN2",-0.626186478832651,0.155299950317583,16.2579108525778,0.00146091509933621,0.164352948675324,"EOAD_vs_CN",26,"study_3_Olink"
"TFF3",0.0131475474748957,0.182733203914284,0.0051767185961828,0.943677120756442,0.985323249997798,"EOAD_vs_CN",26,"study_3_Olink"
"TFPI",0.036449926140639,0.133537034163187,0.0745057605775304,0.787853608721418,0.954623462011741,"EOAD_vs_CN",26,"study_3_Olink"
"TFRC",-0.0785996185455806,0.161152371445703,0.237885228405966,0.633867423495007,0.917324504972124,"EOAD_vs_CN",26,"study_3_Olink"
"TGFA",0.0300546859417747,0.14411874836995,0.0434894008831561,0.83825472103413,0.973626829283707,"EOAD_vs_CN",26,"study_3_Olink"
"TGFB1",-0.149018993469457,0.160394490691296,0.863185939896065,0.369384416412949,0.793427147426383,"EOAD_vs_CN",26,"study_3_Olink"
"TGFBR2",0.145358786442676,0.159665814474745,0.828817086300323,0.383049763893396,0.798020341444576,"EOAD_vs_CN",26,"study_3_Olink"
"TGM2",-0.52760255568912,0.486786669293801,1.17472558646315,0.295703573536452,0.743030580130438,"EOAD_vs_CN",25,"study_3_Olink"
"THBS2",-0.0621349534224374,0.0564771636164978,1.21039243072331,0.298863411119132,0.743030580130438,"EOAD_vs_CN",25,"study_3_Olink"
"THBS4",-0.320958204529845,0.160406284543111,4.00363248859551,0.0626291071294396,0.53682091825234,"EOAD_vs_CN",26,"study_3_Olink"
"THOP1",0.31191959451805,0.256519612028744,1.47857774963027,0.238356556961847,0.693588460102793,"EOAD_vs_CN",26,"study_3_Olink"
"TIE1",-0.210850762960624,0.128456106119226,2.69426833754646,0.120500884448405,0.615334776188609,"EOAD_vs_CN",26,"study_3_Olink"
"TIMP4",-0.383907523985113,0.207051798315437,3.43791578226627,0.0894631183539028,0.570210321596128,"EOAD_vs_CN",26,"study_3_Olink"
"TINAGL1",-0.25323731227492,0.155957547950543,2.6365899619754,0.131623012813532,0.61807199192773,"EOAD_vs_CN",26,"study_3_Olink"
"TMPRSS5",-0.181519399705674,0.140189216906791,1.67655140408483,0.207702644075204,0.663523114169065,"EOAD_vs_CN",26,"study_3_Olink"
"TNC",-0.0775815353020928,0.119760706383805,0.419650786879394,0.529068830080653,0.873880749263365,"EOAD_vs_CN",26,"study_3_Olink"
"TNFRSF11B",0.213585164794166,0.226825428465397,0.886663209342926,0.369081922965379,0.793427147426383,"EOAD_vs_CN",26,"study_3_Olink"
"TNFRSF12A",0.0785730492714336,0.213239789792852,0.135772158911582,0.719892704170752,0.952056798150856,"EOAD_vs_CN",26,"study_3_Olink"
"TNFRSF14",-0.0167210315638417,0.184870108655575,0.00818074283064364,0.929280504107398,0.985323249997798,"EOAD_vs_CN",26,"study_3_Olink"
"TNFRSF19",-0.021910772855394,0.221181075252411,0.00981339913985197,0.922976216605122,0.985323249997798,"EOAD_vs_CN",26,"study_3_Olink"
"TNFRSF1A",0.0572837347076902,0.192214429081811,0.0888158911048472,0.770935203897264,0.954623462011741,"EOAD_vs_CN",26,"study_3_Olink"
"TNFRSF1B",0.241474135343257,0.210018760897664,1.32198051989004,0.275289831000055,0.729571014945568,"EOAD_vs_CN",26,"study_3_Olink"
"TNFSF12",0.0719754599474598,0.24566298277301,0.0858399500880865,0.77537738120436,0.954623462011741,"EOAD_vs_CN",26,"study_3_Olink"
"TNFSF13",0.379780450291611,0.23770247009852,2.55268849303678,0.140904200646394,0.61807199192773,"EOAD_vs_CN",26,"study_3_Olink"
"TNFSF13B",0.0422570972470693,0.27242547496608,0.0240604579025667,0.879996711044209,0.977797583195352,"EOAD_vs_CN",26,"study_3_Olink"
"TXNDC15",-0.0330431565617868,0.196775369132523,0.0281982128677728,0.869920791288837,0.977797583195352,"EOAD_vs_CN",26,"study_3_Olink"
"TXNDC5",0.0697726624876629,0.250625706394183,0.0775031516591055,0.786641021238582,0.954623462011741,"EOAD_vs_CN",26,"study_3_Olink"
"TYRO3",-0.0510068280164002,0.196895948813487,0.0671093561836467,0.801017952934998,0.957391975619519,"EOAD_vs_CN",26,"study_3_Olink"
"ULBP2",-0.317536573131229,0.289716780445027,1.20126882467165,0.292753188920906,0.743030580130438,"EOAD_vs_CN",26,"study_3_Olink"
"UNC5C",0.0603557666828634,0.249859216458558,0.0583507973009296,0.814546510234256,0.966493731424887,"EOAD_vs_CN",26,"study_3_Olink"
"VASN",0.0134519262690822,0.144093987337048,0.00871519759435412,0.927168002737299,0.985323249997798,"EOAD_vs_CN",26,"study_3_Olink"
"VCAM1",-0.0324117887661259,0.267683882791143,0.0146609311216171,0.90640047236565,0.985323249997798,"EOAD_vs_CN",26,"study_3_Olink"
"VEGFA",-0.217379376438551,0.247862526605202,0.769156885962823,0.398712772952237,0.81351034185768,"EOAD_vs_CN",26,"study_3_Olink"
"VEGFD",-0.533365327949439,0.263959081511584,4.08297145697172,0.0697756834253313,0.570210321596128,"EOAD_vs_CN",26,"study_3_Olink"
"VIM",0.0265424995605592,0.426956560581496,0.00386470416432937,0.951384338053429,0.985323249997798,"EOAD_vs_CN",26,"study_3_Olink"
"VMO1",0.078107191238447,0.158258511593969,0.243583511846528,0.629025078883961,0.916055940122273,"EOAD_vs_CN",26,"study_3_Olink"
"VWA1",-0.107444415266166,0.156049707937234,0.474069235672724,0.503350784105435,0.870957533414515,"EOAD_vs_CN",26,"study_3_Olink"
"VWC2",-0.09806314107598,0.236401160842647,0.172072865326958,0.68662208485402,0.940068606833898,"EOAD_vs_CN",26,"study_3_Olink"
"VWF",-0.122625999092589,0.10684034856932,1.31732982663735,0.266363084748361,0.722220961957073,"EOAD_vs_CN",26,"study_3_Olink"
"WIF1",-0.448337157550014,0.370758965104981,1.46226520393651,0.251341022275581,0.703422068543332,"EOAD_vs_CN",26,"study_3_Olink"
"CD164",-0.0283122096361543,0.0306568760959231,0.852887468734012,0.381200634894687,0.798020341444576,"EOAD_vs_CN",26,"study_3_Olink"
"CD300LF",0.535112038231831,0.491223739506564,1.18667214634923,0.297737693221063,0.743030580130438,"EOAD_vs_CN",26,"study_3_Olink"
"CD8A",-0.348498979132676,0.203454025932376,2.93406982095007,0.117621555036888,0.615334776188609,"EOAD_vs_CN",26,"study_3_Olink"
"DPP4",-0.322753911061317,0.129056274859971,6.2543873797798,0.0259290527604163,0.416716919363833,"EOAD_vs_CN",26,"study_3_Olink"
"EIF4B",0.314907231413054,0.195587060210708,2.59229862433546,0.123066955237722,0.615334776188609,"EOAD_vs_CN",26,"study_3_Olink"
"F11R",0.116323997460341,0.174945943719283,0.442110553192831,0.520326717004922,0.873880749263365,"EOAD_vs_CN",26,"study_3_Olink"
"GUSB",-0.119179493924193,0.148616966910618,0.64308190052323,0.436792928901575,0.8384559970548,"EOAD_vs_CN",26,"study_3_Olink"
"IGLC2",-0.787921879719789,0.316126347731115,6.21219290575046,0.0209270946335913,0.394117499738869,"EOAD_vs_CN",26,"study_3_Olink"
"LTBR",-0.0246240672832019,0.169031179804975,0.0212219815576088,0.886393280557278,0.977797583195352,"EOAD_vs_CN",26,"study_3_Olink"
"NPM1",-0.340300533577531,0.190584613903237,3.18822957983894,0.093084784853757,0.570210321596128,"EOAD_vs_CN",26,"study_3_Olink"
"PGF",-0.152499399049069,0.170227796654932,0.802555931329268,0.381755614932962,0.798020341444576,"EOAD_vs_CN",26,"study_3_Olink"
"TNFRSF6B",0.125110878245448,0.433534808711588,0.0832802844048561,0.779354125969688,0.954623462011741,"EOAD_vs_CN",26,"study_3_Olink"
"S100A12",-0.155705401958167,0.0663228185343042,5.51164721139239,0.0294377051227247,0.44832495887777,"EOAD_vs_CN",26,"study_3_Olink"
"APEX1",-0.415179088297359,0.203332952810318,4.16922570483581,0.0533764477417291,0.512740130732785,"EOAD_vs_CN",26,"study_3_Olink"
"CTSV",-0.256095565444578,0.177779655109048,2.07510462277534,0.183851661076685,0.645757704721919,"EOAD_vs_CN",26,"study_3_Olink"
"YES1",-0.0927055802868715,0.135800410935437,0.466025397042896,0.508947137425815,0.870957533414515,"EOAD_vs_CN",26,"study_3_Olink"
"CA12",-0.208410248307735,0.138696484728055,2.25791315616282,0.150397518035748,0.61807199192773,"EOAD_vs_CN",26,"study_3_Olink"
"CD27",-0.222479736863649,0.250395890720748,0.789453454970563,0.393931294756918,0.809447865938873,"EOAD_vs_CN",26,"study_3_Olink"
"SPRY2",0.127024505710635,0.271193892126652,0.219389187186052,0.646960753415633,0.917324504972124,"EOAD_vs_CN",26,"study_3_Olink"
"CEACAM1",-0.151735555151262,0.166240552973753,0.83310696682221,0.378095938744487,0.798020341444576,"EOAD_vs_CN",26,"study_3_Olink"
"KYAT1",0.283830087677837,0.172154590898237,2.71818896730398,0.119468840931002,0.615334776188609,"EOAD_vs_CN",26,"study_3_Olink"
"LYPD3",0.0865290729721613,0.0706247195830953,1.50110347023547,0.243733523971239,0.702085054234184,"EOAD_vs_CN",26,"study_3_Olink"
"ANXA11",-0.106523247209149,0.139201061276145,0.585603550115988,0.451692449175854,0.839050248280727,"EOAD_vs_CN",26,"study_3_Olink"
"PSMD9",0.09352164498253,0.146614202835754,0.4068854758144,0.529853771908232,0.873880749263365,"EOAD_vs_CN",26,"study_3_Olink"
"LILRB2",0.150669508638833,0.130227918415841,1.33857449682317,0.262926025666883,0.721180669722176,"EOAD_vs_CN",26,"study_3_Olink"
"ERBB2",0.00207618806504328,0.0910761057913547,0.000519666204910126,0.98212344958607,0.997642330279304,"EOAD_vs_CN",26,"study_3_Olink"
"KLK13",-0.267694666069791,0.0836771866947059,10.2344685265448,0.00650705057037867,0.285795138956176,"EOAD_vs_CN",26,"study_3_Olink"
"IL18",-0.168653768825278,0.12339272308161,1.86815541961749,0.193695480256651,0.657246019601467,"EOAD_vs_CN",26,"study_3_Olink"
"CDHR5",-0.0314860790544627,0.10739983419845,0.0859468454607918,0.77216414301736,0.954623462011741,"EOAD_vs_CN",26,"study_3_Olink"
"REG3A",0.357645794278004,0.141024383656104,6.43158219169288,0.0315709460921016,0.458287927143411,"EOAD_vs_CN",26,"study_3_Olink"
"LGALS8",0.0353237000336133,0.265580216903376,0.0176905336389367,0.896842887138813,0.98314080197921,"EOAD_vs_CN",26,"study_3_Olink"
"TNFRSF11A",0.184280345901215,0.281560415718254,0.428365851104685,0.526401259653208,0.873880749263365,"EOAD_vs_CN",25,"study_3_Olink"
"SKAP1",-0.446917272354319,0.207074964609185,4.65799574394458,0.0414386791429645,0.485679603668529,"EOAD_vs_CN",26,"study_3_Olink"
"CRISP2",-0.0837142363038152,0.220486441467689,0.144156710249034,0.71039659205429,0.951742659775596,"EOAD_vs_CN",26,"study_3_Olink"
"CDSN",0.326940617948921,0.42521390511668,0.591184231876361,0.456435644264045,0.839050248280727,"EOAD_vs_CN",26,"study_3_Olink"
"LXN",-0.192571340097953,0.167511656694089,1.32157933045748,0.267382222541477,0.722654655517507,"EOAD_vs_CN",26,"study_3_Olink"
"PI3",0.550322483121564,0.14921332514979,13.6025175532951,0.00130675176288844,0.164352948675324,"EOAD_vs_CN",26,"study_3_Olink"
"CLEC5A",0.0419884676766746,0.347281269260952,0.0146183155202689,0.905978877748119,0.985323249997798,"EOAD_vs_CN",26,"study_3_Olink"
"VAMP5",0.0518283590442869,0.0581457491871851,0.794509283607304,0.392034668946462,0.807394055038479,"EOAD_vs_CN",26,"study_3_Olink"
"RETN",0.333188507404076,0.227602078384448,2.1430266844394,0.167853960006201,0.637663709966004,"EOAD_vs_CN",26,"study_3_Olink"
"CD63",0.145971559748992,0.104451567508117,1.95301947306124,0.182066803240927,0.645757704721919,"EOAD_vs_CN",26,"study_3_Olink"
"LAIR2",-0.747279219821873,0.468852033282493,2.54035378783372,0.135824190002665,0.61807199192773,"EOAD_vs_CN",26,"study_3_Olink"
"CLEC7A",-0.108516163984795,0.25044075344509,0.187749531945052,0.671577030563859,0.935633633912498,"EOAD_vs_CN",26,"study_3_Olink"
"SERPINB8",0.197436297928945,0.237643323537,0.690244195410771,0.415596663375025,0.825956692445525,"EOAD_vs_CN",26,"study_3_Olink"
"RBKS",0.248039672786447,0.193641793571673,1.64075639784432,0.217298568178936,0.663523114169065,"EOAD_vs_CN",26,"study_3_Olink"
"TLR3",-0.200063617031371,0.182993486216155,1.19526711396019,0.300217063311745,0.744004170077883,"EOAD_vs_CN",26,"study_3_Olink"
"SCARA5",-0.18169629366214,0.210548526747964,0.744710921532116,0.403352906867488,0.81351034185768,"EOAD_vs_CN",26,"study_3_Olink"
"NPPB",-0.101808682435729,0.249375706006962,0.166671501903588,0.688339124337265,0.940068606833898,"EOAD_vs_CN",26,"study_3_Olink"
"FOLR3",0.142466636932536,0.247798029990289,0.330545041089205,0.578499424127736,0.895816200606293,"EOAD_vs_CN",26,"study_3_Olink"
"SCARB2",0.114042815494677,0.187924821115702,0.3682710417045,0.556301420945857,0.882431445957289,"EOAD_vs_CN",26,"study_3_Olink"
"ASAH2",-0.0888210713290603,0.176063077214222,0.254504483817221,0.620490992497,0.91448786060374,"EOAD_vs_CN",26,"study_3_Olink"
"PGLYRP1",-0.180741278470746,0.224559872611526,0.647814095417559,0.43377694174066,0.8384559970548,"EOAD_vs_CN",26,"study_3_Olink"
"HDGF",-0.102368194960073,0.301449330231262,0.115319153153937,0.737152855100351,0.953214898836661,"EOAD_vs_CN",26,"study_3_Olink"
"IL1RN",-0.221748860515953,0.282167117808273,0.617603842673145,0.453904012086119,0.839050248280727,"EOAD_vs_CN",25,"study_3_Olink"
"ACP5",-0.055747645902529,0.15040108189418,0.137388741396037,0.71995064619317,0.952056798150856,"EOAD_vs_CN",26,"study_3_Olink"
"PAPPA",-0.153687797662895,0.221696471777963,0.480575040709187,0.503126772426695,0.870957533414515,"EOAD_vs_CN",25,"study_3_Olink"
"PFKM",-0.107423852737977,0.133723976656695,0.645331526483021,0.431596876915589,0.8384559970548,"EOAD_vs_CN",26,"study_3_Olink"
"TNFRSF10C",-0.00040535630551819,0.160313847837855,6.39339872162895e-06,0.998021919163326,0.999812376285376,"EOAD_vs_CN",26,"study_3_Olink"
"OLR1",-0.0478034880854654,0.225803659920997,0.0448184899831762,0.836780162952414,0.973626829283707,"EOAD_vs_CN",25,"study_3_Olink"
"KLK8",-0.0633119762705299,0.289562716468809,0.0478064456751484,0.830989493468069,0.972549472199301,"EOAD_vs_CN",26,"study_3_Olink"
"MMP9",0.386803065680854,0.242506388005026,2.54409572866123,0.142386547113393,0.61807199192773,"EOAD_vs_CN",26,"study_3_Olink"
"CD48",-0.0463936289083504,0.194848212952583,0.0566922684136311,0.817149478834815,0.966493731424887,"EOAD_vs_CN",26,"study_3_Olink"
"MSR1",0.219069215946718,0.211010385767981,1.07784185665938,0.318462572935917,0.756243576892679,"EOAD_vs_CN",26,"study_3_Olink"
"CA9",-0.421575779421623,0.243317482705889,3.00195842855424,0.112667325235991,0.614549046741768,"EOAD_vs_CN",26,"study_3_Olink"
"ICAM3",-0.00926035470644981,0.10542060924721,0.00771621287932346,0.931411890543546,0.985323249997798,"EOAD_vs_CN",26,"study_3_Olink"
"PLAU",-0.0503067442173073,0.242693190074608,0.0429672186649983,0.839340261746353,0.973626829283707,"EOAD_vs_CN",26,"study_3_Olink"
"SCGB3A2",0.120507568612746,0.107518330575473,1.2562139828173,0.277367831856067,0.729571014945568,"EOAD_vs_CN",26,"study_3_Olink"
"CHRDL2",-0.0299454179931522,0.0861715524712785,0.120762730636561,0.731416297880155,0.952056798150856,"EOAD_vs_CN",26,"study_3_Olink"
"PTX3",0.0865516340953034,0.0554426892567016,2.43703613251013,0.132898065548856,0.61807199192773,"EOAD_vs_CN",25,"study_3_Olink"
"KYNU",-0.0846282380193504,0.129295361748633,0.428415037735635,0.520487347776842,0.873880749263365,"EOAD_vs_CN",26,"study_3_Olink"
"INPP1",0.338062112724672,0.148743589460299,5.16554902054128,0.0454742058287404,0.485679603668529,"EOAD_vs_CN",26,"study_3_Olink"
"NOMO1",-0.32056073435387,0.218618753203408,2.15003644832888,0.161688264202445,0.637663709966004,"EOAD_vs_CN",26,"study_3_Olink"
"TYMP",-0.491398260694324,0.227861589362643,4.65077131643422,0.044509476087167,0.485679603668529,"EOAD_vs_CN",26,"study_3_Olink"
"STK4",-0.119209204721502,0.0603157184533144,3.90623683271434,0.0608885550618335,0.532035918016021,"EOAD_vs_CN",25,"study_3_Olink"
"CD300C",0.367282094398541,0.236918343277949,2.40326763878869,0.142096676202633,0.61807199192773,"EOAD_vs_CN",26,"study_3_Olink"
"PRTG",-0.122530693958373,0.146916593281118,0.69558160394722,0.421333233618729,0.827947402307546,"EOAD_vs_CN",26,"study_3_Olink"
"CRTAM",0.0768215042297964,0.101613592604418,0.571560228018728,0.463985826390405,0.839914224201054,"EOAD_vs_CN",26,"study_3_Olink"
"CD38",-0.333660478419718,0.310574614221882,1.15419085109848,0.311738193527549,0.756243576892679,"EOAD_vs_CN",26,"study_3_Olink"
"SIGLEC1",-0.0182379595850595,0.258711368880304,0.00496960041366504,0.944957504238818,0.985323249997798,"EOAD_vs_CN",26,"study_3_Olink"
"CLEC1B",-0.0347698671230621,0.226671592914947,0.0235294550431546,0.879795333434539,0.977797583195352,"EOAD_vs_CN",26,"study_3_Olink"
"RSPO1",0.0482402687887857,0.0910898752210158,0.28046535612989,0.603746527850272,0.90713167790525,"EOAD_vs_CN",26,"study_3_Olink"
"MME",0.0671786827730498,0.111960201843992,0.360027456708244,0.555901873814611,0.882431445957289,"EOAD_vs_CN",26,"study_3_Olink"
"WFIKKN1",0.0440175240373826,0.080985522379705,0.295417653633538,0.593087452842082,0.902405366316214,"EOAD_vs_CN",26,"study_3_Olink"
"GZMA",-0.212208317328304,0.211637874184602,1.00539801228493,0.33408997119177,0.759295389072205,"EOAD_vs_CN",26,"study_3_Olink"
"ACVRL1",-0.0128911832085823,0.204316088634751,0.00398089230905608,0.951109595678453,0.985323249997798,"EOAD_vs_CN",26,"study_3_Olink"
"BMP4",-0.263973033229627,0.238509247335817,1.22492269660896,0.29470812205489,0.743030580130438,"EOAD_vs_CN",26,"study_3_Olink"
"IL12B",-0.153087120836427,0.176895662337671,0.748932958295417,0.405851270548998,0.81351034185768,"EOAD_vs_CN",26,"study_3_Olink"
"DKK4",0.113017475307454,0.194314883686087,0.338282139629842,0.571134317283544,0.891610867458258,"EOAD_vs_CN",26,"study_3_Olink"
"CD200R1",-0.092641039321367,0.103405918215091,0.802631216456232,0.388692722826346,0.804191840330371,"EOAD_vs_CN",26,"study_3_Olink"
"ANGPT1",-0.0418366201798595,0.178602160442729,0.0548706075126235,0.817224144015932,0.966493731424887,"EOAD_vs_CN",25,"study_3_Olink"
"IL6",-0.0437668070817687,0.500822142480365,0.00763699815815192,0.932432031689248,0.985323249997798,"EOAD_vs_CN",26,"study_3_Olink"
"TNFRSF10A",0.120481303026933,0.146428083146154,0.677002944177325,0.428471973590767,0.836496260806269,"EOAD_vs_CN",25,"study_3_Olink"
"TNFRSF10B",0.0691337328786892,0.262476721769205,0.0693742702881679,0.797137273883316,0.956564728659979,"EOAD_vs_CN",25,"study_3_Olink"
"TEK",-0.137883762874009,0.177895403462551,0.600754178609215,0.45386773665484,0.839050248280727,"EOAD_vs_CN",25,"study_3_Olink"
"IL1RL2",-0.344684832395074,0.189793294475666,3.29824275506631,0.0862068642014057,0.570210321596128,"EOAD_vs_CN",25,"study_3_Olink"
"IL27",-0.0467265609929992,0.188188584632271,0.0616511363138847,0.807041398064791,0.960763569124751,"EOAD_vs_CN",25,"study_3_Olink"
"IL17D",-0.254686467796512,0.175317147966139,2.11039109955285,0.164625400298354,0.637663709966004,"EOAD_vs_CN",25,"study_3_Olink"
"CXCL1",-0.540005169228609,0.238979798305089,5.10591350825385,0.0449140639071749,0.485679603668529,"EOAD_vs_CN",26,"study_3_Olink"
"LGALS9",-0.210617764662369,0.194685042277153,1.17037443508881,0.298557059934738,0.743030580130438,"EOAD_vs_CN",25,"study_3_Olink"
"CTRC",-0.379348972675171,0.202782348512587,3.49959290632062,0.0918485502337393,0.570210321596128,"EOAD_vs_CN",25,"study_3_Olink"
"GH1",0.731438194221568,0.274094687251572,7.12121394585427,0.0143778677798204,0.349731918968603,"EOAD_vs_CN",25,"study_3_Olink"
"HAVCR1",-0.217894140475433,0.160797371276427,1.83625594071863,0.188762400842294,0.656583131056826,"EOAD_vs_CN",25,"study_3_Olink"
"HMOX1",-0.437719681923157,0.20804246420063,4.42678236811795,0.0546136725233135,0.512740130732785,"EOAD_vs_CN",25,"study_3_Olink"
"XCL1",-0.4559900408902,0.295898217854069,2.3747943993999,0.149987929148044,0.61807199192773,"EOAD_vs_CN",25,"study_3_Olink"
"IL16",-0.312424875063524,0.112565130010667,7.70341784113009,0.0113104669098211,0.349731918968603,"EOAD_vs_CN",25,"study_3_Olink"
"CCL17",-0.176894438779382,0.190115036500703,0.865755830363735,0.362329550464358,0.790083893930166,"EOAD_vs_CN",25,"study_3_Olink"
"CCL3",-0.294623564280794,0.226418666421221,1.69320874230374,0.217922352671511,0.663523114169065,"EOAD_vs_CN",25,"study_3_Olink"
"MMP7",-0.599892948211201,0.385591479525072,2.42043071962876,0.149344509511834,0.61807199192773,"EOAD_vs_CN",25,"study_3_Olink"
"DKK1",0.0468366622913878,0.248548225950342,0.0355099893206898,0.853691662253013,0.977797583195352,"EOAD_vs_CN",25,"study_3_Olink"
"FABP2",-0.640335233450561,0.146982070363365,18.979557234801,0.000278561000041034,0.0708053394037095,"EOAD_vs_CN",25,"study_3_Olink"
"MMP12",0.266524809621726,0.372278401647777,0.512553970761258,0.489888659206761,0.85948805057461,"EOAD_vs_CN",25,"study_3_Olink"
"TNFRSF13B",-0.258147327682281,0.191177818877805,1.8233089436882,0.207196213547895,0.663523114169065,"EOAD_vs_CN",25,"study_3_Olink"
"CD4",-0.0547319827388719,0.115351159374059,0.225132624839141,0.642053132366337,0.917324504972124,"EOAD_vs_CN",25,"study_3_Olink"
"CXCL8",0.0241112094448184,0.232634809999494,0.0107420851490549,0.919527778061667,0.985323249997798,"EOAD_vs_CN",26,"study_3_Olink"
"CDCP1",-0.160852349996963,0.203081199136108,0.627357915730713,0.439536881662144,0.8384559970548,"EOAD_vs_CN",26,"study_3_Olink"
"CD244",-0.123152176753195,0.145505574240679,0.716349434866438,0.420105764844953,0.827346361443044,"EOAD_vs_CN",26,"study_3_Olink"
"IL7",0.0669546155388496,0.103679235993353,0.417039762640827,0.529516717969283,0.873880749263365,"EOAD_vs_CN",26,"study_3_Olink"
"CXCL11",-0.0662925454677712,0.392510310762266,0.0285251049589803,0.868296392339403,0.977797583195352,"EOAD_vs_CN",26,"study_3_Olink"
"TNFSF10",0.0161435841715107,0.501401012493257,0.00103664369747941,0.975059627211005,0.993832009614841,"EOAD_vs_CN",26,"study_3_Olink"
"CXCL9",-0.00174149741228469,0.341040884762881,2.6075507773221e-05,0.996019007655127,0.999378568900266,"EOAD_vs_CN",26,"study_3_Olink"
"CST5",0.0233493416288741,0.0705548051266689,0.109520668392276,0.747517351532554,0.954623462011741,"EOAD_vs_CN",26,"study_3_Olink"
"CCL4",-0.248193463377327,0.260430729735471,0.908230794611561,0.362560720214621,0.790083893930166,"EOAD_vs_CN",26,"study_3_Olink"
"CCL11",-0.157869056563549,0.101955469544782,2.39757923741926,0.139594588659616,0.61807199192773,"EOAD_vs_CN",26,"study_3_Olink"
"TNFSF14",-0.0633014655201158,0.131541314095069,0.231581134445944,0.637697676037169,0.917324504972124,"EOAD_vs_CN",26,"study_3_Olink"
"FGF5",0.0393666730077651,0.174547768667538,0.0508661447657796,0.825122373090466,0.97022979606089,"EOAD_vs_CN",26,"study_3_Olink"
"IL10RB",-0.0925923715846686,0.176262916913923,0.275948800199593,0.610577137914509,0.914341803865322,"EOAD_vs_CN",26,"study_3_Olink"
"IL18R1",0.0386505086473443,0.225318028568146,0.0294251402809268,0.866621937500343,0.977797583195352,"EOAD_vs_CN",26,"study_3_Olink"
"CD274",-0.0980369454102474,0.233024255883223,0.177001636960901,0.682280131623827,0.940068606833898,"EOAD_vs_CN",26,"study_3_Olink"
"CXCL5",-0.466971170656947,0.149107545226139,9.80800995451792,0.00730365355110229,0.285795138956176,"EOAD_vs_CN",26,"study_3_Olink"
"HGF",-0.0426394758260074,0.206511326011637,0.0426320251830517,0.840062439281306,0.973626829283707,"EOAD_vs_CN",26,"study_3_Olink"
"MMP10",0.632630280015173,0.212102800839053,8.89625336500466,0.0126215451680262,0.349731918968603,"EOAD_vs_CN",26,"study_3_Olink"
"CCL23",0.0178679337579819,0.209662576340682,0.00726284592769368,0.933472608501008,0.985323249997798,"EOAD_vs_CN",26,"study_3_Olink"
"CD5",-0.443989331316414,0.212823848159968,4.35215631960482,0.054192906665471,0.512740130732785,"EOAD_vs_CN",26,"study_3_Olink"
"FLT3LG",-0.0330400859316349,0.219018812713094,0.0227572350747317,0.88330994988959,0.977797583195352,"EOAD_vs_CN",26,"study_3_Olink"
"CXCL6",-0.792172992680261,0.213730812762954,13.7374393975238,0.00179698406478836,0.179698406478836,"EOAD_vs_CN",26,"study_3_Olink"
"EIF4EBP1",-0.126809129716499,0.423292205719009,0.0897471158253917,0.767101270461576,0.954623462011741,"EOAD_vs_CN",26,"study_3_Olink"
"SIRT2",0.269776907477339,0.225211169102754,1.43492662411358,0.255948629905106,0.710968416403074,"EOAD_vs_CN",26,"study_3_Olink"
"CCL28",-0.149245725995459,0.128456554089921,1.34986790192252,0.264335080477142,0.721180669722176,"EOAD_vs_CN",26,"study_3_Olink"
"CD40",-0.0970627572479863,0.190981255495647,0.258299615760702,0.621689906425337,0.91448786060374,"EOAD_vs_CN",26,"study_3_Olink"
"FGF19",-0.464179823344834,0.214867656545378,4.6669207207545,0.0498725082623323,0.504328735237068,"EOAD_vs_CN",26,"study_3_Olink"
"CCL8",-0.323637335228709,0.299940755213572,1.16425006794957,0.301962623009477,0.744004170077883,"EOAD_vs_CN",26,"study_3_Olink"
"CCL25",-0.0467484715018598,0.122692559199988,0.145177188167742,0.707359340516864,0.951604493968876,"EOAD_vs_CN",26,"study_3_Olink"
"TNFRSF9",-0.221704614712066,0.150032336736157,2.18363335238239,0.171460686457525,0.637663709966004,"EOAD_vs_CN",26,"study_3_Olink"
"LTA",-0.122205625866779,0.157864246884292,0.599259372259892,0.454257662124136,0.839050248280727,"EOAD_vs_CN",26,"study_3_Olink"
"IL17RA",-0.100460340247753,0.197993530053606,0.257446677781209,0.619007815999022,0.91448786060374,"EOAD_vs_CN",26,"study_3_Olink"
"IL2RA",0.159326368643406,0.122800786508695,1.68334455658793,0.209418252337773,0.663523114169065,"EOAD_vs_CN",26,"study_3_Olink"
"CCL24",0.0240137502770996,0.164630352399276,0.0212764988574075,0.886295601131322,0.977797583195352,"EOAD_vs_CN",26,"study_3_Olink"
"SELE",-0.205592295517382,0.338819153795792,0.368194896341533,0.556912290337489,0.882431445957289,"EOAD_vs_CN",26,"study_3_Olink"
"EPCAM",-0.309411213273028,0.221742363184698,1.94703946428406,0.197324037509926,0.657246019601467,"EOAD_vs_CN",26,"study_3_Olink"
"CPA1",-0.403217682921738,0.248486293885728,2.63314188758291,0.129505408277213,0.61807199192773,"EOAD_vs_CN",26,"study_3_Olink"
"LGALS4",-0.305487740386698,0.184343802937765,2.74618940416202,0.121444307989944,0.615334776188609,"EOAD_vs_CN",26,"study_3_Olink"
"CASP3",0.145798660415554,0.307016680431483,0.225518993296431,0.645045166728743,0.917324504972124,"EOAD_vs_CN",26,"study_3_Olink"
"IL1RL1",0.228716216129832,0.26565142915966,0.74125835510842,0.400340713150569,0.81351034185768,"EOAD_vs_CN",26,"study_3_Olink"
"FLT1",0.365344819113111,0.215563312603755,2.8724746748518,0.124438070892697,0.615353097821031,"EOAD_vs_CN",26,"study_3_Olink"
"SCAMP3",0.33253625239617,0.329723678618509,1.01713294931087,0.340798503089975,0.767462732641033,"EOAD_vs_CN",26,"study_3_Olink"
"LY9",-0.1199493173646,0.0665147017625131,3.25207284603341,0.0906891746275221,0.570210321596128,"EOAD_vs_CN",26,"study_3_Olink"
"TFPI2",-0.391435968227478,0.235330756007169,2.76671279877378,0.119502421912727,0.615334776188609,"EOAD_vs_CN",26,"study_3_Olink"
"KLK14",-0.163046103471074,0.168750757140963,0.933532384967358,0.344021591336086,0.768227245876742,"EOAD_vs_CN",26,"study_3_Olink"
"METAP2",0.124132550578025,0.228789223337168,0.294374529271765,0.59309893247945,0.902405366316214,"EOAD_vs_CN",26,"study_3_Olink"
"NECTIN4",-0.0327341833761778,0.10432683372744,0.0984489226944292,0.759992902401295,0.954623462011741,"EOAD_vs_CN",26,"study_3_Olink"
"FASLG",-0.115996076514786,0.21616351570079,0.287953133763181,0.603445436612567,0.90713167790525,"EOAD_vs_CN",26,"study_3_Olink"
"EPHA2",-0.00900455339498585,0.108679790706725,0.0068647822905745,0.935665222424013,0.985323249997798,"EOAD_vs_CN",26,"study_3_Olink"
"ITGB5",-0.0626665049784929,0.134112165395026,0.218340649820428,0.646670315369476,0.917324504972124,"EOAD_vs_CN",26,"study_3_Olink"
"XPNPEP2",-0.196325904607622,0.312188937303545,0.395476057182147,0.538039406030792,0.877238162006726,"EOAD_vs_CN",26,"study_3_Olink"
"ADAM8",-0.0432844693791203,0.123896475263041,0.122052391447564,0.73446667539742,0.95247839748945,"EOAD_vs_CN",26,"study_3_Olink"
"ABL1",0.536931124204494,0.16265282614591,10.8971751502421,0.00729356686234285,0.285795138956176,"EOAD_vs_CN",26,"study_3_Olink"
"LYN",-0.00973836519883431,0.0491352783550062,0.0392812475799503,0.84573027512899,0.975842625148835,"EOAD_vs_CN",26,"study_3_Olink"
"CD160",-0.0719058908655574,0.248465995535792,0.0837519680805934,0.777061783374861,0.954623462011741,"EOAD_vs_CN",26,"study_3_Olink"
"TNFRSF4",0.0989161572232735,0.145596791717321,0.461562866570547,0.509405161251128,0.870957533414515,"EOAD_vs_CN",26,"study_3_Olink"
"CCN4",0.240821606769354,0.184262963557876,1.7081059119816,0.215762871781744,0.663523114169065,"EOAD_vs_CN",26,"study_3_Olink"
"CXCL17",-0.0205502984850856,0.0781540537129418,0.0691406169325533,0.798365494319941,0.956601118515632,"EOAD_vs_CN",26,"study_3_Olink"
"PPY",0.288573181596455,0.290927137944583,0.983883021901456,0.34194728421006,0.767462732641033,"EOAD_vs_CN",26,"study_3_Olink"
"AREG",0.0267862290147667,0.100279982040408,0.0713501121702548,0.794458858940882,0.954623462011741,"EOAD_vs_CN",26,"study_3_Olink"
"CXCL13",-0.24924743308025,0.150034715634087,2.75980164852419,0.118429905903757,0.615334776188609,"EOAD_vs_CN",26,"study_3_Olink"
"SMAD5",-0.281334394600093,0.125543393765129,5.02178287317283,0.0411136312386037,0.485679603668529,"EOAD_vs_CN",26,"study_3_Olink"
"ADAMTS15",-0.0790493313923673,0.127114625202661,0.386727770483328,0.543515240689805,0.878602365726258,"EOAD_vs_CN",26,"study_3_Olink"
"RSPO3",0.450370373816651,0.296499490792872,2.30723443323612,0.154343341453337,0.62641816210107,"EOAD_vs_CN",26,"study_3_Olink"
"GZMB",-0.0168660025510962,0.164597458271139,0.0104997286214919,0.919236626703344,0.985323249997798,"EOAD_vs_CN",26,"study_3_Olink"
"EDAR",-0.0406221402260045,0.0644533783811798,0.397222855936469,0.53738215934592,0.877238162006726,"EOAD_vs_CN",26,"study_3_Olink"
"CKAP4",-0.388584001602557,0.252299446725239,2.37212317398721,0.149254403901363,0.61807199192773,"EOAD_vs_CN",26,"study_3_Olink"
"TREM1",0.388801102338876,0.202820222184481,3.67478950073635,0.0918738942620328,0.570210321596128,"EOAD_vs_CN",26,"study_3_Olink"
"KLRD1",-0.253654508125976,0.155502281573989,2.66079637136923,0.121406949714139,0.615334776188609,"EOAD_vs_CN",26,"study_3_Olink"
"DFFA",-0.0451701037670054,0.153542617966212,0.0865454606811281,0.771861428787773,0.954623462011741,"EOAD_vs_CN",26,"study_3_Olink"
"IFNLR1",-0.177427634663065,0.0927576394380576,3.65883773956584,0.0809032541073271,0.570210321596128,"EOAD_vs_CN",26,"study_3_Olink"
"TIGAR",0.123368375709741,0.103893210907017,1.41004624423001,0.260928569444338,0.71909672387959,"EOAD_vs_CN",26,"study_3_Olink"
"ENTPD2",-0.350218921293126,0.246437665254934,2.01959850606631,0.188950034381909,0.656583131056826,"EOAD_vs_CN",26,"study_3_Olink"
"EGFL7",-0.056069125187395,0.187810929213578,0.0891262917658019,0.769072804337397,0.954623462011741,"EOAD_vs_CN",26,"study_3_Olink"
"FCRL1",-0.278879141280711,0.130974619884105,4.53375211907553,0.0469490283546244,0.485679603668529,"EOAD_vs_CN",26,"study_3_Olink"
"DDC",0.216768655484135,0.13618199322969,2.53369068570615,0.130149268146872,0.61807199192773,"EOAD_vs_CN",26,"study_3_Olink"
"TFF2",-0.293212107326413,0.203403514554327,2.07800645874314,0.16401785808293,0.637663709966004,"EOAD_vs_CN",26,"study_3_Olink"
"CD2AP",-0.340772426589052,0.347489092206207,0.961715333929206,0.337447719126065,0.763072731692107,"EOAD_vs_CN",26,"study_3_Olink"
"CD79B",-0.0934529941089288,0.176574236472967,0.280112033491386,0.60722881234725,0.910843218520875,"EOAD_vs_CN",26,"study_3_Olink"
"SIGLEC7",-0.0316111471689045,0.205474433290234,0.0236681836643082,0.880548184759778,0.977797583195352,"EOAD_vs_CN",26,"study_3_Olink"
"ENTPD5",-0.10292039185083,0.0709614454035352,2.10357478349066,0.173792413370198,0.639878597701162,"EOAD_vs_CN",26,"study_3_Olink"
"SOST",0.00934896799428975,0.241158837822831,0.0015028684988896,0.96956364242612,0.993832009614841,"EOAD_vs_CN",26,"study_3_Olink"
"PPP1R2",0.270477307991051,0.173243799050952,2.43750925364307,0.145855398042311,0.61807199192773,"EOAD_vs_CN",26,"study_3_Olink"
"ADGRE2",-0.0721146712455281,0.229432843698799,0.0987952535162138,0.759221041108219,0.954623462011741,"EOAD_vs_CN",26,"study_3_Olink"
"REG4",-0.593393730024842,0.210615979214675,7.93785700454806,0.0156327943093847,0.351737871961157,"EOAD_vs_CN",26,"study_3_Olink"
"CD1C",-0.0025498292485393,0.14824751083904,0.000295833517204973,0.986639471990979,0.998570694313723,"EOAD_vs_CN",26,"study_3_Olink"
"PAG1",0.0277900009670078,0.163380968351339,0.0289317159276072,0.868457064024031,0.977797583195352,"EOAD_vs_CN",26,"study_3_Olink"
"CR2",-0.101976027986524,0.240722913901122,0.179457378930673,0.680412056187854,0.940068606833898,"EOAD_vs_CN",26,"study_3_Olink"
"TIMD4",-0.300736178791906,0.260571011357321,1.332045798966,0.270477390696439,0.723229295655548,"EOAD_vs_CN",26,"study_3_Olink"
"WNT9A",-0.046417882141792,0.131361752500406,0.124862715442697,0.732025893689325,0.952056798150856,"EOAD_vs_CN",26,"study_3_Olink"
"BCL2L11",-0.0760453486448487,0.0583902850038324,1.69614946836542,0.22783870779939,0.68059476214656,"EOAD_vs_CN",26,"study_3_Olink"
"IGSF3",-0.328588506180935,0.183130172147817,3.21947404876722,0.0971634538405356,0.582980723043213,"EOAD_vs_CN",26,"study_3_Olink"
"TACSTD2",-0.078170910855806,0.0990727903448498,0.622560489712149,0.437848736308914,0.8384559970548,"EOAD_vs_CN",26,"study_3_Olink"
"CFC1",0.176587204177943,0.294956145574842,0.358429348241692,0.559955007546518,0.884139485599765,"EOAD_vs_CN",26,"study_3_Olink"
"MAP2K6",0.0977150414107673,0.0631238832402329,2.39626820384938,0.143577262684571,0.61807199192773,"EOAD_vs_CN",26,"study_3_Olink"
"KAZALD1",-0.251197652654523,0.177223253474904,2.00904536477432,0.180081784882649,0.645711579260494,"EOAD_vs_CN",26,"study_3_Olink"
"SIGLEC10",0.0172597393881087,0.152632675460483,0.0127871404046265,0.911867615108356,0.985323249997798,"EOAD_vs_CN",26,"study_3_Olink"
"IL17RB",-0.28203101868493,0.193951972351236,2.11448861575847,0.168847527828485,0.637663709966004,"EOAD_vs_CN",26,"study_3_Olink"
"FGF21",-0.138400205947566,0.207932816281745,0.443024150210386,0.514941211940829,0.873880749263365,"EOAD_vs_CN",26,"study_3_Olink"
"TMSB10",0.75974798940118,0.309562134354443,6.02342426528473,0.0349668260444459,0.485679603668529,"EOAD_vs_CN",26,"study_3_Olink"
"CD300LG",-0.282328410964719,0.14444607452307,3.82030185849847,0.0767234033059508,0.570210321596128,"EOAD_vs_CN",26,"study_3_Olink"
"CCL21",0.159455701963886,0.0842894051317454,3.57877281615846,0.0811558107443142,0.570210321596128,"EOAD_vs_CN",26,"study_3_Olink"
"CDON",-0.0332185648156038,0.125147392022852,0.0704560226475534,0.794224827602974,0.954623462011741,"EOAD_vs_CN",26,"study_3_Olink"
"CD69",0.209341542306126,0.134965307936178,2.40583888004927,0.148296506519439,0.61807199192773,"EOAD_vs_CN",26,"study_3_Olink"
"XG",-0.251420838772168,0.187566141783124,1.79677481527973,0.19890091196503,0.657246019601467,"EOAD_vs_CN",26,"study_3_Olink"
"FCER2",-0.00498248373897336,0.313437631238437,0.000252690844538323,0.987475464376903,0.998570694313723,"EOAD_vs_CN",26,"study_3_Olink"
"FUT5",0.0290179932609806,0.0938781461084898,0.0955445109396135,0.761432332209219,0.954623462011741,"EOAD_vs_CN",26,"study_3_Olink"
"MMP1",-0.232228580747623,0.230650094449856,1.01373411615392,0.336751492504526,0.763072731692107,"EOAD_vs_CN",26,"study_3_Olink"
"CCL5",0.0545856338481512,0.18614068709416,0.0859951760741348,0.77185343196117,0.954623462011741,"EOAD_vs_CN",26,"study_3_Olink"
"GNLY",-0.14618013968857,0.216624182101262,0.455368382616989,0.506988776461065,0.870957533414515,"EOAD_vs_CN",26,"study_3_Olink"
"IL7R",-0.127627385293633,0.141107553796397,0.818063879917908,0.381370610153635,0.798020341444576,"EOAD_vs_CN",26,"study_3_Olink"
"CD40LG",-0.0330564048654409,0.109584293877498,0.0909943885220406,0.766955077530174,0.954623462011741,"EOAD_vs_CN",25,"study_3_Olink"
"SLAMF7",0.0265419732663092,0.0590020272232169,0.202363670253038,0.65733131897434,0.924585890765806,"EOAD_vs_CN",25,"study_3_Olink"
"IL4R",-0.0257372703993113,0.0519612551906537,0.245338498899719,0.627736820856597,0.915661489093902,"EOAD_vs_CN",25,"study_3_Olink"
"SRC",-0.00966839796420604,0.0903392376884514,0.0114539740130164,0.915700009307288,0.985323249997798,"EOAD_vs_CN",25,"study_3_Olink"
"CBLIF",-0.283801971997502,0.114063492799604,6.19066759239524,0.0219458234244043,0.394117499738869,"EOAD_vs_CN",25,"study_3_Olink"
"AGER",-0.316862709509317,0.241303220864213,1.72431269439477,0.220954084912019,0.667310994700727,"EOAD_vs_CN",25,"study_3_Olink"
"FGF23",-0.0169351628924437,0.107351443211284,0.0248864518347606,0.877764681662381,0.977797583195352,"EOAD_vs_CN",25,"study_3_Olink"
"REN",-0.187498741705292,0.122437573246493,2.34513197840666,0.140311680924881,0.61807199192773,"EOAD_vs_CN",25,"study_3_Olink"
"DECR1",-0.546106120691213,0.169203525758428,10.4168226797471,0.00390011030033182,0.274509251168635,"EOAD_vs_CN",25,"study_3_Olink"
"THBD",-0.512348487043491,0.158508803922713,10.4477828713209,0.00419943461558449,0.274509251168635,"EOAD_vs_CN",25,"study_3_Olink"
"VSIG2",-0.17238588102299,0.118120106025536,2.12988291248699,0.165573936139227,0.637663709966004,"EOAD_vs_CN",25,"study_3_Olink"
"CEACAM8",-0.0693417136196262,0.0971476743306746,0.509476695818652,0.482702830359262,0.853502057609696,"EOAD_vs_CN",25,"study_3_Olink"
"FCGR2B",-0.0654389549428993,0.184537385476962,0.125748838881184,0.729883139070133,0.952056798150856,"EOAD_vs_CN",25,"study_3_Olink"
"THPO",0.0302163368419657,0.0559717417609965,0.291437869188003,0.597592887027182,0.902405366316214,"EOAD_vs_CN",25,"study_3_Olink"
"ACE2",-0.0887746246990631,0.0677554293553506,1.7166805498493,0.203148928813652,0.663523114169065,"EOAD_vs_CN",25,"study_3_Olink"
"IKBKG",-0.437497213645143,0.146178714876951,8.95740691823147,0.00650098348742001,0.285795138956176,"EOAD_vs_CN",25,"study_3_Olink"
"SELP",0.458275398293324,0.242999991768591,3.55664541159274,0.0849213328475474,0.570210321596128,"EOAD_vs_CN",26,"study_3_Olink"
"TREML2",0.0374147416515553,0.120602827024768,0.0962433043362216,0.759087472073043,0.954623462011741,"EOAD_vs_CN",26,"study_3_Olink"
"AZU1",0.631495087033502,0.439650034717068,2.06312588846959,0.184399700126148,0.645757704721919,"EOAD_vs_CN",26,"study_3_Olink"
"MPO",0.256729788001561,0.167009593333151,2.36303245955047,0.155908520345155,0.62641816210107,"EOAD_vs_CN",26,"study_3_Olink"
"GP6",0.0282991905909094,0.105359959414252,0.0721434386698054,0.792076820447542,0.954623462011741,"EOAD_vs_CN",26,"study_3_Olink"
"PRTN3",0.382069975036361,0.413606326186619,0.853319115456474,0.382176292106356,0.798020341444576,"EOAD_vs_CN",26,"study_3_Olink"
"SLAMF8",-0.116077251751616,0.0820971272371996,1.99911746566087,0.174190573218001,0.639878597701162,"EOAD_vs_CN",26,"study_3_Olink"
"SIGLEC6",0.0290593840456594,0.172918855483983,0.0282415224101608,0.86995005360111,0.977797583195352,"EOAD_vs_CN",26,"study_3_Olink"
"METAP1D",-0.006754038818924,0.0918965473977768,0.0054016782855141,0.942256960179763,0.985323249997798,"EOAD_vs_CN",26,"study_3_Olink"
"WASF1",0.320994412989363,0.115169507864297,7.76819152890901,0.0220331517530831,0.394117499738869,"EOAD_vs_CN",26,"study_3_Olink"
"ARHGEF12",0.00624859688086321,0.0760652732698007,0.00674826541945378,0.936117076560319,0.985323249997798,"EOAD_vs_CN",26,"study_3_Olink"
"PREB",0.16523996422456,0.0684585460881821,5.82605850811907,0.0366401349173771,0.485679603668529,"EOAD_vs_CN",26,"study_3_Olink"
"NINJ1",-0.0664445472064341,0.117337819194566,0.320658434437826,0.581285179060083,0.895816200606293,"EOAD_vs_CN",26,"study_3_Olink"
"CDNF",0.0478970156556461,0.121367710714653,0.155743736044495,0.700405376114586,0.947917050380642,"EOAD_vs_CN",26,"study_3_Olink"
"IRAG2",0.112051631898169,0.0589869628436299,3.60847998483815,0.0814562773997972,0.570210321596128,"EOAD_vs_CN",26,"study_3_Olink"
"ATG4A",0.0475996465017472,0.279563215798076,0.0289899455677344,0.866247669333451,0.977797583195352,"EOAD_vs_CN",26,"study_3_Olink"
"PROK1",-0.194923427744058,0.102252219034364,3.63398053262604,0.0875211762801093,0.570210321596128,"EOAD_vs_CN",26,"study_3_Olink"
"CAMKK1",0.288795190776425,0.0843710292406696,11.7163738102647,0.00415303432897985,0.274509251168635,"EOAD_vs_CN",26,"study_3_Olink"
"OPTC",-0.327012616774976,0.14830539555065,4.86200179367944,0.0455307503613998,0.485679603668529,"EOAD_vs_CN",26,"study_3_Olink"
"DKKL1",0.024024307525492,0.0773853383588035,0.0963794370426295,0.761780925820868,0.954623462011741,"EOAD_vs_CN",26,"study_3_Olink"
"HS3ST3B1",0.0283074410338582,0.0780632590631751,0.131494583942835,0.722951997007126,0.952056798150856,"EOAD_vs_CN",26,"study_3_Olink"
"NFKBIE",0.0131073793635417,0.0638841937325072,0.0420963946760284,0.840564495948267,0.973626829283707,"EOAD_vs_CN",26,"study_3_Olink"
"GCNT1",-0.0647039271480139,0.0994965950386072,0.422906971023187,0.53019739665942,0.873880749263365,"EOAD_vs_CN",26,"study_3_Olink"
"HTRA2",0.0399309323688199,0.0508966611467493,0.615517372721088,0.451042638597163,0.839050248280727,"EOAD_vs_CN",26,"study_3_Olink"
"FCRL5",0.0821752330803989,0.0755367328034934,1.18349246305418,0.295803805879176,0.743030580130438,"EOAD_vs_CN",26,"study_3_Olink"
"SNAP29",0.340304655952626,0.181296786153791,3.52334824963458,0.0929505211324649,0.570210321596128,"EOAD_vs_CN",26,"study_3_Olink"
"PTPN6",0.0663635203238426,0.0482653040575302,1.89055248324133,0.197177788154127,0.657246019601467,"EOAD_vs_CN",26,"study_3_Olink"
"CGA",-0.505603666059522,0.270591906999676,3.49132937028886,0.0822143837907502,0.570210321596128,"EOAD_vs_CN",26,"study_3_Olink"
"ITGA5",0.20670373561113,0.0713336078754801,8.39669291856661,0.0132457204753202,0.349731918968603,"EOAD_vs_CN",26,"study_3_Olink"
"MSMB",0.175113557440152,0.174638596804857,1.00544675133489,0.329874002466981,0.757363781174191,"EOAD_vs_CN",26,"study_3_Olink"
"SCGB3A1",0.0953431242850957,0.0516384180977311,3.40904629696371,0.0818607682201468,0.570210321596128,"EOAD_vs_CN",26,"study_3_Olink"
"TPSAB1",-0.154427620120641,0.136637889497552,1.27734339481898,0.284872390409544,0.734627940884211,"EOAD_vs_CN",26,"study_3_Olink"
"HCLS1",-0.0965859524183204,0.099057535498158,0.95072058170196,0.341174169522407,0.767462732641033,"EOAD_vs_CN",26,"study_3_Olink"
"CLEC4G",0.0152974742981309,0.0788839272483474,0.0376064567619496,0.848432830173603,0.976356405726213,"EOAD_vs_CN",26,"study_3_Olink"
"CLEC4A",-0.161540787375398,0.0630368208520365,6.56713261466404,0.0258638308626853,0.416716919363833,"EOAD_vs_CN",26,"study_3_Olink"
"TRIM5",-0.0528236836196085,0.0670109638642623,0.621391970056285,0.442402281637235,0.8384559970548,"EOAD_vs_CN",26,"study_3_Olink"
"DCTN1",-0.0489970495899623,0.220239440470712,0.0494936711627683,0.826038205446071,0.97022979606089,"EOAD_vs_CN",26,"study_3_Olink"
"TRAF2",-0.138807844587084,0.131580587727754,1.11286985157341,0.302561695831672,0.744004170077883,"EOAD_vs_CN",26,"study_3_Olink"
"HNMT",-0.184336278625064,0.180188622467972,1.04656667364616,0.323430302426842,0.757363781174191,"EOAD_vs_CN",26,"study_3_Olink"
"EGLN1",0.0575457004215023,0.0844624277554644,0.464193056642736,0.509994022343833,0.870957533414515,"EOAD_vs_CN",26,"study_3_Olink"
"NFATC3",-0.0263770293138219,0.0492765774668422,0.286530390666218,0.603508607204568,0.90713167790525,"EOAD_vs_CN",26,"study_3_Olink"
"EIF4G1",-0.0877478995546062,0.0640042390483678,1.87955908132639,0.184319495917033,0.645757704721919,"EOAD_vs_CN",26,"study_3_Olink"
"CD28",0.197126086169825,0.0790632419406471,6.21640014530473,0.0254808312468759,0.416716919363833,"EOAD_vs_CN",26,"study_3_Olink"
"HEXIM1",-0.190083543723246,0.188773501139309,1.01392767804635,0.324067063109932,0.757363781174191,"EOAD_vs_CN",26,"study_3_Olink"
"MGMT",-0.0337335494912194,0.0918748983574376,0.134812554519479,0.718885845647924,0.952056798150856,"EOAD_vs_CN",26,"study_3_Olink"
"SRPK2",-0.105972463551703,0.0796016046293511,1.77232113375084,0.207608086779898,0.663523114169065,"EOAD_vs_CN",26,"study_3_Olink"
"PIK3AP1",-0.215318434263478,0.15437078627024,1.9455042944171,0.176586623481341,0.640603630538934,"EOAD_vs_CN",26,"study_3_Olink"
"SH2D1A",-0.168042674845304,0.0797289484834372,4.44229196792784,0.0515274497164776,0.512740130732785,"EOAD_vs_CN",26,"study_3_Olink"
"FCRL6",-0.196734456699111,0.0855939373299365,5.28292994548071,0.0461582081362321,0.485679603668529,"EOAD_vs_CN",26,"study_3_Olink"
"NCR1",0.00273969435032706,0.118736635207008,0.000532395962259657,0.981880085994953,0.997642330279304,"EOAD_vs_CN",26,"study_3_Olink"
"PADI2",0.0656125972748458,0.0850963000427993,0.594501704662855,0.450011081890916,0.839050248280727,"EOAD_vs_CN",26,"study_3_Olink"
"SIT1",-0.105931056171912,0.0846160481589106,1.56726028204241,0.231899711234062,0.685442629699645,"EOAD_vs_CN",26,"study_3_Olink"
"RIGI",-0.154081950696508,0.114188600365781,1.82078235727883,0.192360091612223,0.657246019601467,"EOAD_vs_CN",26,"study_3_Olink"
"IL12RB1",-0.0265429926909109,0.0916402130444089,0.0838933611630695,0.776967509265253,0.954623462011741,"EOAD_vs_CN",26,"study_3_Olink"
"TANK",-0.493484756408071,0.15625690547605,9.97399268727339,0.00625415518257203,0.285795138956176,"EOAD_vs_CN",26,"study_3_Olink"
"LAG3",-0.041173621718765,0.0699559623957719,0.346408602926542,0.56683661965238,0.891610867458258,"EOAD_vs_CN",26,"study_3_Olink"
"IL20RA",0.089120844566805,0.0617762389971419,2.08120882168274,0.171225545142297,0.637663709966004,"EOAD_vs_CN",26,"study_3_Olink"
"OSM",0.0622764282914297,0.149281259849191,0.174035085218821,0.688021126001688,0.940068606833898,"EOAD_vs_CN",26,"study_3_Olink"
"CD6",-0.130373281413596,0.0794538566621037,2.69244740269802,0.136377277500606,0.61807199192773,"EOAD_vs_CN",26,"study_3_Olink"
"CCL13",-0.274215640726977,0.27988359785285,0.959907862262297,0.348924588056529,0.774218983748471,"EOAD_vs_CN",26,"study_3_Olink"
"ARTN",0.0450295518481594,0.0771827199900212,0.340372990645139,0.570437189793329,0.891610867458258,"EOAD_vs_CN",26,"study_3_Olink"
"TNF",-0.305840550800902,0.0923429089188059,10.9694040016906,0.00539314655772769,0.285519523644407,"EOAD_vs_CN",26,"study_3_Olink"
"IFNG",-0.0831356046378566,0.50530226135212,0.0270689640808899,0.872970403103708,0.977797583195352,"EOAD_vs_CN",26,"study_3_Olink"
"LIF",-0.264646560639888,0.0958003925233583,7.63128953928522,0.0109304157333099,0.349731918968603,"EOAD_vs_CN",26,"study_3_Olink"
"STAMBP",0.0926775027088542,0.213741020564765,0.188006510209995,0.66845405146097,0.932726583433912,"EOAD_vs_CN",26,"study_3_Olink"
"NADK",-0.0621459350413618,0.249363317615158,0.0621098269024956,0.806740132419797,0.960763569124751,"EOAD_vs_CN",26,"study_3_Olink"
"GHRL",-0.155236371367989,0.0793195607159239,3.83024332597007,0.0625377371071692,0.53682091825234,"EOAD_vs_CN",26,"study_3_Olink"
"CA13",0.190177561985621,0.174814015093858,1.18349398699145,0.290575884440548,0.743030580130438,"EOAD_vs_CN",26,"study_3_Olink"
"ADGRG2",0.0408671236505831,0.101024107076134,0.163643252463554,0.693424208510474,0.944501213377206,"EOAD_vs_CN",26,"study_3_Olink"
"LILRA5",0.0863389049452712,0.142443507059146,0.367390360050515,0.553922191542482,0.882431445957289,"EOAD_vs_CN",26,"study_3_Olink"
"SNAP23",-0.092854668954419,0.0982642250448201,0.892928377240194,0.357502376302033,0.782851918909561,"EOAD_vs_CN",26,"study_3_Olink"
"COMT",-0.255925372204854,0.246838589469924,1.07498047232808,0.313119329295775,0.756243576892679,"EOAD_vs_CN",26,"study_3_Olink"
"ENPP7",-0.298449112353826,0.15034678891408,3.94050850531279,0.0590630759931927,0.52114478817523,"EOAD_vs_CN",26,"study_3_Olink"
"SSC4D",-0.238913867491066,0.183728128230366,1.69095253085377,0.205840937811079,0.663523114169065,"EOAD_vs_CN",26,"study_3_Olink"
"GAL",-0.0244487829069442,0.220077962417141,0.0123413132402867,0.913656267943827,0.985323249997798,"EOAD_vs_CN",26,"study_3_Olink"
"TSHB",-0.189837839774136,0.148639693846666,1.63115774387034,0.216222431089026,0.663523114169065,"EOAD_vs_CN",26,"study_3_Olink"
"USP8",0.0507269708836617,0.105706025887204,0.230291743768638,0.639536761928629,0.917324504972124,"EOAD_vs_CN",26,"study_3_Olink"
"DAB2",0.0210284080629797,0.0954394807674429,0.0485463582283361,0.828623822997745,0.971043542575482,"EOAD_vs_CN",26,"study_3_Olink"
"MEP1B",-0.304856906744211,0.165817846215715,3.38009991184051,0.087743504643056,0.570210321596128,"EOAD_vs_CN",26,"study_3_Olink"
"CRIPTO",-0.220610413436537,0.437418256117055,0.254365500278459,0.621851745210543,0.91448786060374,"EOAD_vs_CN",26,"study_3_Olink"
"PTPN1",0.286968724091907,0.128265859359384,5.00549443854445,0.0398916012909118,0.485679603668529,"EOAD_vs_CN",26,"study_3_Olink"
"SRP14",0.0593475109495909,0.0786465534386486,0.569436928721953,0.461316052133338,0.839050248280727,"EOAD_vs_CN",26,"study_3_Olink"
"FKBP7",0.0835984934864994,0.0818726865104646,1.04260263895003,0.323737464098685,0.757363781174191,"EOAD_vs_CN",26,"study_3_Olink"
"RPS6KB1",0.228828442165174,0.101523562511769,5.08026433586966,0.0452284697772362,0.485679603668529,"EOAD_vs_CN",26,"study_3_Olink"
"FHIT",0.265602460610986,0.116838360537706,5.16765223562292,0.0387287784243119,0.485679603668529,"EOAD_vs_CN",26,"study_3_Olink"
"LEPR",0.190522278037063,0.1012720766098,3.53925700665698,0.0763808774451817,0.570210321596128,"EOAD_vs_CN",26,"study_3_Olink"
"GBP2",0.117186875847246,0.0830289546125515,1.99204347686999,0.191069867291309,0.657246019601467,"EOAD_vs_CN",26,"study_3_Olink"
"IL15",0.399106319690198,0.18379980390371,4.71505889750642,0.0562346567514197,0.512740130732785,"EOAD_vs_CN",26,"study_3_Olink"
"DSG3",0.180043158666717,0.141332904396799,1.62280627932164,0.23626687710513,0.690390225307198,"EOAD_vs_CN",26,"study_3_Olink"
"FCAR",-2.65418309393084e-05,0.110806229420175,5.73764142888469e-08,0.999812376285376,0.999812376285376,"EOAD_vs_CN",26,"study_3_Olink"
"KIRREL2",0.0266304288582719,0.263351820799954,0.01022547920899,0.92162260906977,0.985323249997798,"EOAD_vs_CN",26,"study_3_Olink"
"MAD1L1",0.31408424142551,0.172688103113223,3.30801489232105,0.105672830034977,0.606185881422869,"EOAD_vs_CN",26,"study_3_Olink"
"AKT1S1",0.306061979954752,0.229124794148849,1.78432759209215,0.199364625945778,0.657246019601467,"EOAD_vs_CN",26,"study_3_Olink"
"PTS",0.00126246756100334,0.163559116634343,5.95786890526013e-05,0.993924042459456,0.999378568900266,"EOAD_vs_CN",26,"study_3_Olink"
"PFDN2",0.188394893886189,0.0767688267794799,6.02238406873859,0.0330736782818577,0.472481118312253,"EOAD_vs_CN",26,"study_3_Olink"
"PHOSPHO1",0.215743286597683,0.113547818787976,3.61008135316157,0.0885191136373923,0.570210321596128,"EOAD_vs_CN",26,"study_3_Olink"
"TNFRSF13C",0.327091632133974,0.179953022788625,3.3038519318251,0.0906098009816949,0.570210321596128,"EOAD_vs_CN",26,"study_3_Olink"
"HMOX2",0.533964778149733,0.20946699476936,6.49821411985726,0.0296567772817128,0.44832495887777,"EOAD_vs_CN",26,"study_3_Olink"
"IL3RA",0.141827263649856,0.10520921563448,1.81723830314496,0.212588024605585,0.663523114169065,"EOAD_vs_CN",26,"study_3_Olink"
"WWP2",-0.0667477661557507,0.161182434275249,0.171489703949096,0.685716741637781,0.940068606833898,"EOAD_vs_CN",26,"study_3_Olink"
"FKBP5",0.211406033645575,0.108526885632443,3.79454821577047,0.0668331287217005,0.557343037747079,"EOAD_vs_CN",26,"study_3_Olink"
"NMNAT1",-0.594827361516979,0.263081156791487,5.11213588554548,0.03669290366748,0.485679603668529,"EOAD_vs_CN",26,"study_3_Olink"
"EFNA4",-0.097851746808197,0.131526105201284,0.553494419021981,0.472038710978795,0.84966967976183,"EOAD_vs_CN",26,"study_3_Olink"
"IL5RA",0.0187379107331695,0.0675189807036541,0.0770177055943098,0.786049699415742,0.954623462011741,"EOAD_vs_CN",26,"study_3_Olink"
"NAAA",-0.107819369944498,0.107563432614393,1.00476447829133,0.331174347058004,0.758414535247337,"EOAD_vs_CN",26,"study_3_Olink"
"TXLNA",-0.0767319684966239,0.189672444987808,0.163660620924765,0.693683668935926,0.944501213377206,"EOAD_vs_CN",26,"study_3_Olink"
"EGF",0.120438558860245,0.114402001040385,1.10831665258469,0.311281503039687,0.756243576892679,"EOAD_vs_CN",26,"study_3_Olink"
"GZMH",-0.0540345858362405,0.17612388099359,0.0941254705707023,0.761731007006896,0.954623462011741,"EOAD_vs_CN",26,"study_3_Olink"
"FADD",0.0244283183467617,0.0658170717207644,0.137755843332926,0.715518515330337,0.952056798150856,"EOAD_vs_CN",26,"study_3_Olink"
"CDKN1A",0.108039040387587,0.127470051110457,0.718364920114572,0.417626188971656,0.827346361443044,"EOAD_vs_CN",26,"study_3_Olink"
"CD207",0.149379087030812,0.111730676067404,1.78745348252705,0.213739187182676,0.663523114169065,"EOAD_vs_CN",26,"study_3_Olink"
"CEACAM5",0.146667399474077,0.172413099794959,0.723646828773936,0.404062113067033,0.81351034185768,"EOAD_vs_CN",26,"study_3_Olink"
"FCRLB",-0.0625979370521801,0.0651681218275809,0.922676868165592,0.352075996206544,0.775303276007786,"EOAD_vs_CN",26,"study_3_Olink"
"CD22",0.216165912166435,0.125627070005298,2.96079240462358,0.107766378919621,0.606185881422869,"EOAD_vs_CN",26,"study_3_Olink"
"ALPP",0.162884194468451,0.129166263866022,1.59022908826127,0.224950801428517,0.67710943573801,"EOAD_vs_CN",26,"study_3_Olink"
"CGB3",-0.536647797174875,0.2640309816166,4.13113056704498,0.0558750688013343,0.512740130732785,"EOAD_vs_CN",26,"study_3_Olink"
"IFNGR2",-0.0856361514113857,0.248955932199982,0.118323041376172,0.737030731564778,0.953214898836661,"EOAD_vs_CN",26,"study_3_Olink"
"KLK4",-0.0193882786507462,0.230515911187314,0.007074189518442,0.933887711180139,0.985323249997798,"EOAD_vs_CN",26,"study_3_Olink"
"PSPN",0.242987390664063,0.0965364364366615,6.33555912772648,0.0302925198445014,0.44832495887777,"EOAD_vs_CN",26,"study_3_Olink"
"DCTPP1",0.0441164150475046,0.0775623575455352,0.323517982371973,0.576854815145831,0.895119540743531,"EOAD_vs_CN",26,"study_3_Olink"
"GFER",0.1378947158883,0.182017494096437,0.573943295158138,0.461820890361188,0.839050248280727,"EOAD_vs_CN",26,"study_3_Olink"
"BRK1",-0.0872940508267485,0.0813350878959218,1.15189638039176,0.307932978268194,0.75514899302827,"EOAD_vs_CN",26,"study_3_Olink"
"HSPB6",0.093680422879018,0.226560705129837,0.170973384815774,0.687707503384219,0.940068606833898,"EOAD_vs_CN",26,"study_3_Olink"
"LACTB2",0.24129468124297,0.179350286082203,1.81005324581937,0.192290091973448,0.657246019601467,"EOAD_vs_CN",26,"study_3_Olink"
"HBQ1",-0.021256281890742,0.279228277406641,0.00579503158628423,0.939950850850178,0.985323249997798,"EOAD_vs_CN",26,"study_3_Olink"
"SCLY",0.00661043103662085,0.202541404786153,0.0010652018743284,0.974540381216719,0.993832009614841,"EOAD_vs_CN",26,"study_3_Olink"
"CD300E",0.065272004691312,0.181304850973022,0.12960896850613,0.727379400100989,0.952056798150856,"EOAD_vs_CN",26,"study_3_Olink"
"CLEC1A",-0.0892106037686056,0.129770520740875,0.472586011649075,0.503665727056279,0.870957533414515,"EOAD_vs_CN",26,"study_3_Olink"
"ALDH3A1",-0.226162264845672,0.142969939810361,2.50236594234702,0.130517761723275,0.61807199192773,"EOAD_vs_CN",26,"study_3_Olink"
"TOP2B",-0.0561979783324693,0.0709132501409433,0.628038985916262,0.442351439923487,0.8384559970548,"EOAD_vs_CN",26,"study_3_Olink"
"AMN",0.0165993490251264,0.0617856297569602,0.0721783846157062,0.792142864752126,0.954623462011741,"EOAD_vs_CN",26,"study_3_Olink"
"AGR2",0.0324285354593812,0.397423651728007,0.00665805305962697,0.936159681066693,0.985323249997798,"EOAD_vs_CN",26,"study_3_Olink"
"PRKAB1",0.0534985583397412,0.0856365416036258,0.390270673230874,0.545306936972485,0.87921346183253,"EOAD_vs_CN",26,"study_3_Olink"
"PPM1B",0.119947904268612,0.0820437506989208,2.13744188824447,0.166678081296152,0.637663709966004,"EOAD_vs_CN",26,"study_3_Olink"
"RASA1",-0.194536385213383,0.0646576694015745,9.05235528771071,0.0111862512849849,0.349731918968603,"EOAD_vs_CN",26,"study_3_Olink"
"BTC",-0.223563834838508,0.184813595785708,1.46330638420162,0.245291972632207,0.702085054234184,"EOAD_vs_CN",26,"study_3_Olink"
"MAGED1",0.0139580224476352,0.0705814633732071,0.0391080775839889,0.845206232980108,0.975842625148835,"EOAD_vs_CN",26,"study_3_Olink"
"SERPINA9",-0.197863718664313,0.132487136888061,2.23041103035767,0.154156399558083,0.62641816210107,"EOAD_vs_CN",26,"study_3_Olink"
"NCF2",-0.209971917378611,0.138917241668146,2.28459975194195,0.143937386337597,0.61807199192773,"EOAD_vs_CN",26,"study_3_Olink"
"RRM2B",0.0569341805582462,0.0526036567329261,1.17142443395758,0.298274321328733,0.743030580130438,"EOAD_vs_CN",26,"study_3_Olink"
"TMPRSS15",0.0516582173487405,0.0788776865289704,0.428914276218089,0.52736589882441,0.873880749263365,"EOAD_vs_CN",26,"study_3_Olink"
